0.0985,-0.0013,-9.8335,0.0015,-0.0001,-0.0016,-0.079727,-0.014188,-0.117484,0,753
0.1087,0.0087,-9.8011,-0.0013,-0.0069,-0.0005,-0.079727,-0.014188,-0.117484,54677,753
0.1211,-0.0202,-9.8225,0.0007,-0.0012,-0.0015,-0.079484,-0.014671,-0.119097,64735,754
0.1301,-0.0088,-9.8329,0.0003,0.0015,-0.0031,-0.079484,-0.014671,-0.119097,75235,754
0.145,-0.0077,-9.8329,-0.0009,-0.0022,0.0003,-0.079484,-0.014671,-0.119097,85735,754
0.1057,-0.028,-9.8248,0.0013,0.0033,0.0019,-0.079484,-0.014671,-0.119097,96235,754
0.1413,0.0261,-9.8238,-0.0007,-0.0027,-0.0011,-0.079484,-0.014671,-0.119097,106735,754
0.1121,-0.0111,-9.8227,0.0031,0.0056,-0.0011,-0.079484,-0.014671,-0.119097,117235,754
0.1246,-0.0083,-9.8348,0.0024,0.0006,-0.001,-0.079484,-0.014671,-0.119097,127735,754
0.1137,-0.0365,-9.8255,0,0.0006,0.0005,-0.079484,-0.014671,-0.119097,138235,754
0.1188,-0.0022,-9.8331,-0.0014,0.0012,0.0024,-0.079484,-0.014671,-0.119097,148735,754
0.1211,0.002,-9.8338,0.001,-0.0012,-0.0006,-0.079484,-0.014671,-0.119097,159235,754
0.1415,0.002,-9.8177,0.0019,0.0026,0.0002,-0.079484,-0.014671,-0.119097,169735,754
0.1519,-0.0332,-9.8403,0.0014,0.0006,-0.0007,-0.079484,-0.014671,-0.119097,180235,754
0.1167,-0.0094,-9.8339,0.001,0.001,0.0032,-0.079484,-0.014671,-0.119097,190735,754
0.1195,-0.0315,-9.8107,0.0003,-0.0008,-0.0005,-0.079484,-0.014671,-0.119097,201235,754
0.1049,-0.0028,-9.8113,0.0001,0.0004,0.0011,-0.079484,-0.014671,-0.119097,211735,754
0.1434,-0.0135,-9.8201,0.0002,-0.0003,-0.0001,-0.079484,-0.014671,-0.119097,222235,754
0.1165,-0.018,-9.8155,0.0007,-0.0032,-0.0015,-0.079484,-0.014671,-0.119097,232735,754
0.1193,0.0193,-9.8183,-0.0017,-0.0026,0.0006,-0.079484,-0.014671,-0.119097,243235,754
0.12,-0.0105,-9.8364,0.001,0.0057,0.0002,-0.079484,-0.014671,-0.119097,253735,754
0.1396,-0.0004,-9.8301,0.0018,-0.0003,-0.0004,-0.079484,-0.014671,-0.119097,264235,754
0.1137,-0.0135,-9.8405,0.0004,0.0066,0.0011,-0.079484,-0.014671,-0.119097,274735,754
0.1234,-0.0057,-9.8482,0.0004,0.0016,-0.0025,-0.079484,-0.014671,-0.119097,285235,754
0.156,0.0141,-9.8373,0.0003,-0.0019,-0.0001,-0.079484,-0.014671,-0.119097,295735,754
0.1039,0.0022,-9.8298,0.0004,-0.0009,-0.0008,-0.079484,-0.014671,-0.119097,306235,754
0.1474,0.0048,-9.8099,0.0012,-0.0004,0.0015,-0.079484,-0.014671,-0.119097,316735,754
0.138,0.0063,-9.8449,-0.0013,-0.0032,-0.0006,-0.079484,-0.014671,-0.119097,327235,754
0.1137,0.0156,-9.8207,-0.0006,0.0008,0.0012,-0.079484,-0.014671,-0.119097,337735,754
0.1087,-0.0083,-9.8348,0.0032,0.0015,-0.0039,-0.079484,-0.014671,-0.119097,348235,754
0.1408,-0.0082,-9.8585,0.0031,-0.0021,-0.0006,-0.079484,-0.014671,-0.119097,358735,754
0.1096,-0.0108,-9.8107,0.0032,0.0003,-0.0008,-0.079484,-0.014671,-0.119097,369235,754
0.1153,0.004,-9.8116,0.0001,-0.0012,0.0009,-0.079484,-0.014671,-0.119097,379735,754
0.1289,-0.0144,-9.839,-0,-0.0012,0.0009,-0.079484,-0.014671,-0.119097,390235,754
0.1288,-0.0152,-9.8301,0.0024,-0.0022,0.0001,-0.079484,-0.014671,-0.119097,400735,754
0.1197,-0.0161,-9.8155,0.0018,0.0022,-0.001,-0.078133,-0.014853,-0.117884,411286,755
0.1333,0.001,-9.842,0.0007,-0.0021,-0.0013,-0.07757,-0.015612,-0.117336,421330,756
0.1345,-0.0103,-9.8174,0.004,0.0022,0.0007,-0.07757,-0.015612,-0.117336,431830,756
0.122,-0.008,-9.8271,0.0005,-0.0021,-0.0007,-0.07757,-0.015612,-0.117336,441857,756
0.1045,-0.0087,-9.8318,0.0008,-0.0005,-0.0013,-0.07757,-0.015612,-0.117336,452357,756
0.1291,-0.0205,-9.8053,-0.0003,-0.0035,-0.0001,-0.07757,-0.015612,-0.117336,462384,756
0.1178,-0.0009,-9.8292,0.0008,-0.005,0.0015,-0.07757,-0.015612,-0.117336,472884,756
0.1107,-0.0185,-9.82,0.0018,-0.0008,0.001,-0.07757,-0.015612,-0.117336,483384,756
0.1235,-0.002,-9.8103,-0.0027,-0.0025,0.0001,-0.07757,-0.015612,-0.117336,493884,756
0.1439,-0.0093,-9.8015,0.0002,0.0001,0.0012,-0.07757,-0.015612,-0.117336,504384,756
0.1126,0.0042,-9.8409,-0.0016,0.0006,0.0014,-0.07757,-0.015612,-0.117336,514884,756
0.1219,0.0117,-9.8326,-0.0006,0.0001,-0.0001,-0.07757,-0.015612,-0.117336,525384,756
0.1396,-0.0343,-9.799,-0.0002,-0.0019,-0.0012,-0.077054,-0.015952,-0.116976,535430,757
0.1234,-0.0073,-9.833,-0.0013,0.0006,0.0002,-0.077054,-0.015952,-0.116976,545930,757
0.1243,-0.0275,-9.8332,0.0031,0.0012,-0.0043,-0.077054,-0.015952,-0.116976,556430,757
0.13,-0.0076,-9.8267,0.0004,0.0003,0.0013,-0.077054,-0.015952,-0.116976,566930,757
0.1428,-0.0471,-9.8264,-0.0023,0.0001,0.0007,-0.077054,-0.015952,-0.116976,577430,757
0.1092,0.0161,-9.8178,-0.0004,-0.0011,0.0021,-0.077054,-0.015952,-0.116976,587930,757
0.1273,-0.0139,-9.824,0.0009,0.0007,0.0012,-0.077054,-0.015952,-0.116976,598430,757
0.1274,-0.0117,-9.8239,-0.0026,0.0012,0.0006,-0.077054,-0.015952,-0.116976,608930,757
0.1414,-0.0136,-9.8252,-0.0011,0.0011,0.0004,-0.077054,-0.015952,-0.116976,619430,757
0.1378,-0.0152,-9.8263,-0.001,0.0032,-0.0006,-0.077054,-0.015952,-0.116976,629930,757
0.1424,0.0179,-9.839,0.0046,-0.0002,0.0008,-0.077054,-0.015952,-0.116976,640430,757
0.1181,-0.0099,-9.8338,0.0007,0.0032,0.0002,-0.077054,-0.015952,-0.116976,650930,757
0.1412,-0.0185,-9.8149,-0.001,0.0022,-0.0004,-0.077054,-0.015952,-0.116976,661430,757
0.1123,-0.0163,-9.8305,0.0024,0.0024,-0.0008,-0.077054,-0.015952,-0.116976,671930,757
0.1394,0.0079,-9.8043,-0.0021,0.0004,0.0011,-0.077054,-0.015952,-0.116976,682430,757
0.1375,-0.0081,-9.834,0.0015,-0.0023,-0.0027,-0.077054,-0.015952,-0.116976,692930,757
0.123,0.004,-9.839,-0.0006,0.0009,-0.0005,-0.077054,-0.015952,-0.116976,703430,757
0.1461,-0.0105,-9.8331,0.0007,-0.0006,0.0008,-0.077054,-0.015952,-0.116976,713930,757
0.1206,0.0072,-9.8178,-0.0005,-0.0056,0.0001,-0.077054,-0.015952,-0.116976,724430,757
0.1176,-0.001,-9.8288,0.0005,-0.0007,-0.0011,-0.077054,-0.015952,-0.116976,734930,757
0.1403,-0.0021,-9.8249,0.0026,0.0021,0.0004,-0.077054,-0.015952,-0.116976,745430,757
0.0905,-0.0161,-9.8116,0.0006,0.0006,0.0012,-0.077054,-0.015952,-0.116976,755930,757
0.127,0.0135,-9.8501,0.0026,-0.0018,-0.0013,-0.077054,-0.015952,-0.116976,766430,757
0.1463,0.0208,-9.8415,0.0004,0.001,-0.0002,-0.077825,-0.015333,-0.117776,776476,758
0.1129,0.0065,-9.8412,0.0001,0.0007,0.003,-0.077825,-0.015333,-0.117776,786976,758
0.1284,0.0005,-9.8057,-0.0001,0.0025,-0.0036,-0.077825,-0.015333,-0.117776,797476,758
0.1241,0.001,-9.8367,0.0031,0.0009,0.0019,-0.077825,-0.015333,-0.117776,807477,758
0.1266,-0.0186,-9.8267,0.0025,-0.0005,-0,-0.077825,-0.015333,-0.117776,817977,758
0.1269,-0.0097,-9.8288,0.0012,-0.0029,0.0006,-0.077825,-0.015333,-0.117776,828477,758
0.1493,-0.0067,-9.8006,0.002,0.0011,-0.0026,-0.077825,-0.015333,-0.117776,838977,758
0.1208,-0.0164,-9.8189,0.0002,0.0012,0.001,-0.077825,-0.015333,-0.117776,849477,758
0.1384,-0.0408,-9.837,0.0008,-0.0016,0.0013,-0.077825,-0.015333,-0.117776,859977,758
0.1283,-0.0045,-9.8052,0.0013,0.0045,-0,-0.078209,-0.016026,-0.118993,870021,759
0.1452,-0.0037,-9.8381,0.0002,0.0023,0.0026,-0.078209,-0.016026,-0.118993,880521,759
0.152,-0.0074,-9.814,0.0027,-0.0005,0.0002,-0.078209,-0.016026,-0.118993,891021,759
0.109,-0.0106,-9.8239,-0.0013,-0.0053,-0.0013,-0.078209,-0.016026,-0.118993,901521,759
0.1392,-0.0213,-9.8231,0.0022,-0.0011,-0.0003,-0.078209,-0.016026,-0.118993,912021,759
0.1406,-0.0096,-9.8162,-0.0004,0.0042,0.0012,-0.078209,-0.016026,-0.118993,922521,759
0.1235,0.0034,-9.8291,0.0023,0.0011,0.0001,-0.078209,-0.016026,-0.118993,933021,759
0.1324,-0.0248,-9.8165,-0.0008,0.0002,-0.002,-0.078209,-0.016026,-0.118993,943521,759
0.135,-0.0124,-9.822,0.0002,0.006,0.0041,-0.078209,-0.016026,-0.118993,954021,759
0.1399,0.0155,-9.8368,-0.0001,-0.0042,-0.0014,-0.078209,-0.016026,-0.118993,964521,759
0.1374,-0.0112,-9.8214,-0,0.0027,0.0006,-0.078209,-0.016026,-0.118993,975021,759
0.0972,-0.0163,-9.8334,0.0002,-0.0013,-0.001,-0.078209,-0.016026,-0.118993,985521,759
0.1124,0.0011,-9.8244,-0.0035,0.0012,0.0033,-0.079096,-0.014023,-0.11681,996071,760
0.1157,0.0114,-9.8364,0.0025,-0.0009,-0.0034,-0.079096,-0.014023,-0.11681,1006571,760
0.1324,-0.0258,-9.8006,-0.002,0.0032,0.0021,-0.079096,-0.014023,-0.11681,1017071,760
0.1076,-0.0156,-9.8296,0.0009,0.0023,-0.0002,-0.079096,-0.014023,-0.11681,1027571,760
0.1281,-0.0027,-9.8169,0.0017,0.0036,0.0006,-0.079096,-0.014023,-0.11681,1038071,760
0.1216,0.0079,-9.8186,-0.0004,-0.0032,0.0029,-0.079096,-0.014023,-0.11681,1048571,760
0.1239,-0.0216,-9.8073,0.0041,-0.0015,0.0005,-0.079096,-0.014023,-0.11681,1059071,760
0.1283,-0,-9.8315,0.0012,-0.0031,-0.001,-0.079096,-0.014023,-0.11681,1069571,760
0.1223,-0.0166,-9.8325,0.0006,0.0001,0.002,-0.079096,-0.014023,-0.11681,1080071,760
0.1242,-0.0049,-9.8509,0.0001,0.0039,-0.0029,-0.079096,-0.014023,-0.11681,1090571,760
0.1363,-0.0012,-9.8001,0.0003,0.0001,0.0005,-0.078168,-0.01498,-0.117831,1101120,761
0.1365,-0.0118,-9.8233,0.0001,0.0042,0.0018,-0.078168,-0.01498,-0.117831,1111620,761
0.1426,-0.0017,-9.8457,0.002,-0.0023,0.0007,-0.078168,-0.01498,-0.117831,1122120,761
0.1321,-0.0312,-9.8226,-0.0024,-0.0063,0,-0.078168,-0.01498,-0.117831,1132620,761
0.114,0.0338,-9.8081,0,0.0006,0.0023,-0.078168,-0.01498,-0.117831,1143120,761
0.123,-0.0054,-9.8359,-0.0003,0.0014,0.0003,-0.078168,-0.01498,-0.117831,1153620,761
0.1202,0.009,-9.803,-0.001,-0.0009,-0.0006,-0.078168,-0.01498,-0.117831,1164120,761
0.138,-0.0068,-9.8097,0.0006,0.0007,0.0004,-0.078168,-0.01498,-0.117831,1174620,761
0.1394,0.0038,-9.8316,0.0006,-0.003,-0.0002,-0.078168,-0.01498,-0.117831,1185120,761
0.1248,-0.0083,-9.8163,-0.0019,-0.0005,-0.0003,-0.078168,-0.01498,-0.117831,1195620,761
0.1187,-0.0112,-9.8106,-0.0003,-0.0002,-0.0024,-0.078168,-0.01498,-0.117831,1206120,761
0.1539,-0.0122,-9.8018,-0.001,0.0038,-0.0019,-0.078168,-0.01498,-0.117831,1216620,761
0.1116,-0.012,-9.8081,0.001,-0.0003,0.0001,-0.078168,-0.01498,-0.117831,1227120,761
0.1243,-0.0212,-9.8339,0.0004,0.0025,-0.0004,-0.078168,-0.01498,-0.117831,1237620,761
0.126,-0.0091,-9.838,-0.0015,-0.005,-0.0001,-0.078168,-0.01498,-0.117831,1248120,761
0.1401,-0.0047,-9.8021,0.0015,0.006,-0.0008,-0.078168,-0.01498,-0.117831,1258620,761
0.1317,-0.0004,-9.8472,0.0047,-0.0028,0.0013,-0.078168,-0.01498,-0.117831,1269120,761
0.1479,0.0028,-9.8312,0.0006,0.0021,-0.001,-0.078168,-0.01498,-0.117831,1279620,761
0.152,-0.0423,-9.8278,0.0018,-0.0059,0.0005,-0.078168,-0.01498,-0.117831,1290120,761
0.1365,-0.0063,-9.819,0.0009,0.003,0.0021,-0.078168,-0.01498,-0.117831,1300620,761
0.142,-0.0138,-9.8254,0.0025,0.0053,-0.0006,-0.078168,-0.01498,-0.117831,1311120,761
0.1295,-0.0274,-9.839,-0.0027,-0.0019,-0.0015,-0.078168,-0.01498,-0.117831,1321620,761
0.0828,-0.0011,-9.8399,-0.0019,0.0007,-0.0011,-0.0774,-0.015498,-0.118198,1331666,762
0.1404,-0.0217,-9.8437,0.0011,-0.002,0.0032,-0.0774,-0.015498,-0.118198,1341668,762
0.1318,0.0066,-9.8335,0.0014,0.0003,-0.0027,-0.0774,-0.015498,-0.118198,1352168,762
0.1425,-0.0091,-9.8474,0.0019,0.0011,0.0012,-0.0774,-0.015498,-0.118198,1362668,762
0.1326,-0.0093,-9.8279,-0.0009,-0.0046,-0.0011,-0.0774,-0.015498,-0.118198,1373168,762
0.1181,-0.0033,-9.8126,0.002,0.0034,0.0007,-0.0774,-0.015498,-0.118198,1383668,762
0.1302,-0.0122,-9.8262,0.001,-0.0033,-0.0002,-0.0774,-0.015498,-0.118198,1394168,762
0.1351,-0.0067,-9.8263,-0.0006,-0.0009,0.0005,-0.0774,-0.015498,-0.118198,1404668,762
0.1314,-0.0064,-9.8405,0.0008,0.0042,0.0003,-0.0774,-0.015498,-0.118198,1415168,762
0.1133,-0.0284,-9.8206,0.0015,0.0011,0.0015,-0.0774,-0.015498,-0.118198,1425668,762
0.1429,-0.0264,-9.8217,0.0031,0.0054,0.0005,-0.0774,-0.015498,-0.118198,1436168,762
0.1341,0.0132,-9.8199,0.0005,0.001,0.0007,-0.078461,-0.014883,-0.117713,1446222,763
0.1257,-0.0171,-9.8002,-0.0017,0.0007,-0.0012,-0.078461,-0.014883,-0.117713,1456722,763
0.1132,-0.0042,-9.8247,0.0011,0.0054,0.002,-0.078461,-0.014883,-0.117713,1467222,763
0.0924,-0.014,-9.8167,0.0014,0.0027,0.0004,-0.078461,-0.014883,-0.117713,1477722,763
0.1231,-0.0107,-9.8418,-0.0014,0.0021,-0.0004,-0.078461,-0.014883,-0.117713,1488222,763
0.1517,-0.0095,-9.8168,0.0004,0.0021,-0.0025,-0.078461,-0.014883,-0.117713,1498722,763
0.1137,0.0146,-9.8406,-0.0006,-0.0022,-0.0009,-0.078461,-0.014883,-0.117713,1509222,763
0.1692,-0.0154,-9.8335,-0.0006,0.0039,0.0012,-0.078461,-0.014883,-0.117713,1519722,763
0.1347,-0.0017,-9.8154,0.0007,-0.0028,0.0021,-0.078461,-0.014883,-0.117713,1530222,763
0.1311,-0.0197,-9.841,0.0013,-0.0037,-0.0007,-0.078461,-0.014883,-0.117713,1540722,763
0.1207,-0.0088,-9.7989,0.0005,0.0033,0.0025,-0.078461,-0.014883,-0.117713,1551222,763
0.1095,0.0101,-9.8247,0.0006,-0.0014,0.0002,-0.078461,-0.014883,-0.117713,1561722,763
0.1604,-0.0196,-9.8246,0.0008,0.0019,-0.0006,-0.078461,-0.014883,-0.117713,1572222,763
0.1416,0.009,-9.8198,0.0013,-0.0008,0.0007,-0.078461,-0.014883,-0.117713,1582722,763
0.1159,-0.0213,-9.8247,0.0023,0.0006,-0.0004,-0.078461,-0.014883,-0.117713,1593222,763
0.1556,-0.0091,-9.8133,0.0005,0.0016,-0.0015,-0.078461,-0.014883,-0.117713,1603722,763
0.1161,-0.0079,-9.8181,0.0002,0.0014,0.0015,-0.078461,-0.014883,-0.117713,1614222,763
0.1419,-0.0208,-9.809,0.0008,0.0006,0.0014,-0.078461,-0.014883,-0.117713,1624722,763
0.1307,-0.0229,-9.8226,0.0056,0.0015,-0.0032,-0.078461,-0.014883,-0.117713,1635222,763
0.1143,-0.0282,-9.8204,0.002,-0.0025,0.0002,-0.078461,-0.014883,-0.117713,1645722,763
0.14,-0.0274,-9.8226,0.0013,0.0025,0.0004,-0.078461,-0.014883,-0.117713,1656222,763
0.1487,-0.0276,-9.8365,0.0001,0.0016,0.0006,-0.078461,-0.014883,-0.117713,1666722,763
0.1289,0.0105,-9.8438,-0.0008,-0.0004,-0.0011,-0.078461,-0.014883,-0.117713,1677222,763
0.1155,-0.0086,-9.8145,0.0046,-0.0018,0.0019,-0.078461,-0.014883,-0.117713,1687722,763
0.1493,-0.0128,-9.8107,-0.0007,-0.0007,0.0024,-0.078461,-0.014883,-0.117713,1698222,763
0.106,-0.0001,-9.8381,0.0004,-0.0016,0.0007,-0.076967,-0.015033,-0.116511,1708266,764
0.1028,-0.0137,-9.8132,-0.0011,0.0037,0.003,-0.076967,-0.015033,-0.116511,1718766,764
0.1005,-0.0064,-9.8282,0.003,0.0007,-0,-0.076967,-0.015033,-0.116511,1728767,764
0.1284,-0.0218,-9.8313,0.0015,0.0007,-0.0005,-0.076967,-0.015033,-0.116511,1739267,764
0.14,0.0125,-9.8308,0.0028,-0.0034,0.0009,-0.076967,-0.015033,-0.116511,1749294,764
0.138,0.003,-9.8237,0.0004,-0.003,0.002,-0.076967,-0.015033,-0.116511,1759794,764
0.1243,-0,-9.8348,-0.0016,-0.0001,-0.001,-0.076967,-0.015033,-0.116511,1770294,764
0.1567,-0.0137,-9.8178,-0.0002,-0.0004,0.0021,-0.076967,-0.015033,-0.116511,1780794,764
0.1238,-0.0148,-9.8193,0.0019,-0.0006,0.0007,-0.076967,-0.015033,-0.116511,1791294,764
0.1126,0.0128,-9.8319,-0.0005,0.0028,0.0009,-0.076967,-0.015033,-0.116511,1801794,764
0.1442,0.0107,-9.8104,0.0011,0.0018,-0.0007,-0.076967,-0.015033,-0.116511,1812294,764
0.1233,-0.0222,-9.8239,0.0011,0.0025,0.0006,-0.076967,-0.015033,-0.116511,1822794,764
0.1454,0.0066,-9.8299,0.0033,-0.0007,-0.0007,-0.076967,-0.015033,-0.116511,1833294,764
0.1293,-0.0064,-9.8176,0.0023,0.0015,0.0022,-0.076967,-0.015033,-0.116511,1843794,764
0.102,0.0003,-9.8265,-0.0015,-0.0019,-0.0008,-0.076967,-0.015033,-0.116511,1854294,764
0.1175,-0.0188,-9.819,0.0013,-0.0012,0.0023,-0.076967,-0.015033,-0.116511,1864794,764
0.1266,-0.0123,-9.7922,-0.0015,0.001,0.0023,-0.076967,-0.015033,-0.116511,1875294,764
0.1175,0.0046,-9.8305,0.0033,0.0005,-0.0025,-0.076967,-0.015033,-0.116511,1885794,764
0.1156,-0.0123,-9.8134,-0.0006,-0.0024,0.0001,-0.076967,-0.015033,-0.116511,1896294,764
0.1232,-0.0182,-9.8259,-0.001,-0.0029,0.0007,-0.076967,-0.015033,-0.116511,1906794,764
0.1054,-0.0176,-9.8104,0.0005,0.0024,0.0018,-0.076967,-0.015033,-0.116511,1917294,764
0.1174,0.0324,-9.8196,0.0014,0.0041,-0.0025,-0.079246,-0.014764,-0.117448,1927338,765
0.1109,-0.0294,-9.8119,0.002,-0.0014,0.0031,-0.079246,-0.014764,-0.117448,1937838,765
0.1198,0.0026,-9.8382,0.0011,0.0002,-0.0022,-0.079246,-0.014764,-0.117448,1947865,765
0.1322,0.0086,-9.8392,0.0007,-0.0003,0.0019,-0.079246,-0.014764,-0.117448,1958365,765
0.1073,0.0132,-9.8401,0.003,0.0021,0.0005,-0.079246,-0.014764,-0.117448,1968393,765
0.1106,-0.0047,-9.8349,0.0002,-0.0027,0.0006,-0.079246,-0.014764,-0.117448,1978893,765
0.1275,-0.0131,-9.8183,-0.0021,-0.0059,-0.0004,-0.079246,-0.014764,-0.117448,1989393,765
0.1247,0.0152,-9.8111,-0.0006,0.0037,-0.0022,-0.079246,-0.014764,-0.117448,1999893,765
0.1341,0.014,-9.8357,0.0024,-0.001,-0.0002,-0.079246,-0.014764,-0.117448,2010393,765
0.1232,-0.0144,-9.811,0.0009,0.0002,0.0009,-0.079246,-0.014764,-0.117448,2020893,765
0.1081,-0.0163,-9.8125,-0.0011,0.0001,-0.0039,-0.077496,-0.016673,-0.118502,2030938,766
0.1302,0.0043,-9.8246,0.0037,0.0043,-0.0005,-0.077496,-0.016673,-0.118502,2041438,766
0.1429,-0.0085,-9.8264,0.0019,-0.0006,0.0005,-0.077496,-0.016673,-0.118502,2051938,766
0.1172,-0.0171,-9.8017,0.0015,-0.0012,0,-0.077496,-0.016673,-0.118502,2062438,766
0.1428,-0.0261,-9.8435,-0.0001,0.0002,-0,-0.077496,-0.016673,-0.118502,2072938,766
0.1251,0.0135,-9.844,0.0032,0.0039,-0.0003,-0.077496,-0.016673,-0.118502,2083438,766
0.1352,-0.011,-9.8047,0.0037,0.0016,-0.0023,-0.077496,-0.016673,-0.118502,2093938,766
0.1209,-0.0205,-9.8278,-0.0036,-0.0037,0.0022,-0.077496,-0.016673,-0.118502,2104438,766
0.1359,0.0008,-9.8349,-0.0002,-0.001,0.0004,-0.077496,-0.016673,-0.118502,2114938,766
0.1102,-0.0147,-9.7934,0.0022,0.0037,0.0008,-0.077496,-0.016673,-0.118502,2125438,766
0.1248,-0.0158,-9.8197,0.0034,0.0037,-0.0013,-0.077496,-0.016673,-0.118502,2135938,766
0.1233,-0.0087,-9.8029,-0.0004,0.004,0.0027,-0.077496,-0.016673,-0.118502,2146438,766
0.1247,-0.0182,-9.8372,0.001,0.0007,-0.0014,-0.080559,-0.013749,-0.116515,2156984,767
0.1194,0.014,-9.8211,-0.0013,0.0009,-0.002,-0.080559,-0.013749,-0.116515,2167484,767
0.1046,0.0042,-9.8169,-0.0001,-0.0023,-0.0007,-0.080559,-0.013749,-0.116515,2177984,767
0.1168,-0.0067,-9.8227,0.0003,0.0009,0.0003,-0.080559,-0.013749,-0.116515,2188484,767
0.1317,-0.0263,-9.8227,-0.0015,-0.0017,-0.0014,-0.080559,-0.013749,-0.116515,2198984,767
0.1427,-0.0087,-9.7845,0.0012,0.0014,-0.0019,-0.080559,-0.013749,-0.116515,2209484,767
0.1493,-0.0439,-9.8301,0.0008,0.0017,0.0003,-0.080559,-0.013749,-0.116515,2219984,767
0.0945,-0.0119,-9.8369,0.0029,0.0047,-0.0001,-0.080559,-0.013749,-0.116515,2230484,767
0.1192,-0.0084,-9.8152,-0.0011,-0.0016,-0.0011,-0.080559,-0.013749,-0.116515,2240984,767
0.1179,-0.0101,-9.8191,-0.0013,-0.0009,-0.0004,-0.080559,-0.013749,-0.116515,2251484,767
0.1194,0.0076,-9.829,0.0034,0.0011,-0.0016,-0.079606,-0.014347,-0.116775,2261527,768
0.1321,0.0061,-9.8186,0.0013,0.0013,0.0001,-0.079606,-0.014347,-0.116775,2271554,768
0.1059,-0.002,-9.8335,-0.0003,0.0019,0.001,-0.079606,-0.014347,-0.116775,2282054,768
0.1358,-0.0153,-9.7877,-0.0005,0.0022,0.0001,-0.079606,-0.014347,-0.116775,2292554,768
0.1103,0.006,-9.8234,-0.0003,-0.0041,0.0023,-0.079606,-0.014347,-0.116775,2303054,768
0.1332,-0.0216,-9.8487,-0.0014,0.0002,0.0005,-0.079606,-0.014347,-0.116775,2313554,768
0.1066,-0.0157,-9.8435,0.0017,0.0009,0.0028,-0.079606,-0.014347,-0.116775,2324054,768
0.1535,-0.0312,-9.8415,0,-0.0021,0.0013,-0.079606,-0.014347,-0.116775,2334554,768
0.1021,-0.0012,-9.8259,-0.0003,0.0056,0.0007,-0.079606,-0.014347,-0.116775,2345054,768
0.1315,-0.0012,-9.812,-0.0004,-0.0034,0.0013,-0.079606,-0.014347,-0.116775,2355554,768
0.1287,-0.0126,-9.8377,0.0005,-0.0008,-0.0006,-0.079606,-0.014347,-0.116775,2366054,768
0.1202,0.0082,-9.8249,-0.0018,-0.0005,0.0037,-0.079606,-0.014347,-0.116775,2376554,768
0.1114,-0.0213,-9.8393,0.0034,0.0072,0.0009,-0.079606,-0.014347,-0.116775,2387054,768
0.1363,0.0092,-9.8229,-0,-0.0029,-0.0008,-0.079606,-0.014347,-0.116775,2397554,768
0.0967,-0.0122,-9.815,-0.0012,0.0034,0.0003,-0.079606,-0.014347,-0.116775,2408054,768
0.1184,-0.0307,-9.8411,0.0009,-0.0006,0.0008,-0.079606,-0.014347,-0.116775,2418554,768
0.1509,-0.0026,-9.8446,-0.0003,0.0009,0.0003,-0.079606,-0.014347,-0.116775,2429054,768
0.1403,0.0107,-9.8253,0.0013,0,0.0006,-0.079606,-0.014347,-0.116775,2439554,768
0.1218,-0.0193,-9.8368,0.0026,0.0039,0.0028,-0.079606,-0.014347,-0.116775,2450054,768
0.1207,0.0137,-9.8405,-0.0025,0.0018,-0.0006,-0.079606,-0.014347,-0.116775,2460554,768
0.1222,0,-9.8138,0.0024,0.0012,0.0005,-0.079606,-0.014347,-0.116775,2471054,768
0.1342,-0.0034,-9.8371,0.002,0.0009,-0.0006,-0.079606,-0.014347,-0.116775,2481554,768
0.1194,-0.0362,-9.8384,-0.0002,-0.0041,-0.0009,-0.07903,-0.01581,-0.117723,2491599,769
0.1088,0.0002,-9.832,0.0035,0.0023,-0.0019,-0.07903,-0.01581,-0.117723,2502099,769
0.12,-0.0072,-9.8468,0.0013,-0.0047,0.0022,-0.07903,-0.01581,-0.117723,2512599,769
0.1153,0.0017,-9.8209,0.0017,0.0028,-0.0002,-0.07903,-0.01581,-0.117723,2523099,769
0.1455,-0.009,-9.8385,0.0001,0.0021,0.0033,-0.07903,-0.01581,-0.117723,2533599,769
0.1117,0.0124,-9.8431,-0.001,-0.0016,0.0028,-0.07903,-0.01581,-0.117723,2544099,769
0.1175,-0.0171,-9.8439,-0.0003,0.0031,-0.0009,-0.07903,-0.01581,-0.117723,2554599,769
0.146,0.006,-9.8359,-0.0004,0.0011,-0.0002,-0.07903,-0.01581,-0.117723,2565099,769
0.1407,-0.0063,-9.8179,-0.0006,0.0031,0.0003,-0.07903,-0.01581,-0.117723,2575599,769
0.1123,-0.0071,-9.8328,0.0013,0.0024,-0.0023,-0.07903,-0.01581,-0.117723,2586099,769
0.0948,-0.0075,-9.847,-0.0019,-0.0005,-0.0009,-0.07903,-0.01581,-0.117723,2596599,769
0.1625,-0.0064,-9.8237,-0.002,0.0004,0.0007,-0.07903,-0.01581,-0.117723,2607099,769
0.1161,-0.0082,-9.8331,-0.004,-0.0017,0.0007,-0.076948,-0.01648,-0.117986,2617143,770
0.1223,-0.0151,-9.8074,-0.0044,-0,0.0019,-0.076948,-0.01648,-0.117986,2627643,770
0.1225,-0.0175,-9.8475,0.001,0.0009,-0.0026,-0.076948,-0.01648,-0.117986,2637672,770
0.115,0.0082,-9.8162,0.0002,0.0006,0.0002,-0.076948,-0.01648,-0.117986,2648172,770
0.1601,-0.0184,-9.8443,0.0016,-0.0031,-0.0003,-0.076948,-0.01648,-0.117986,2658672,770
0.1431,0.005,-9.806,0.0014,-0.0021,-0.0017,-0.076948,-0.01648,-0.117986,2669172,770
0.1156,0.01,-9.8255,0.002,0.0019,-0.0001,-0.076948,-0.01648,-0.117986,2679672,770
0.1266,-0.0091,-9.8195,0.0006,-0.0027,0.0015,-0.076948,-0.01648,-0.117986,2690172,770
0.1204,-0.0143,-9.8217,-0.0003,-0,-0.0022,-0.076948,-0.01648,-0.117986,2700672,770
0.1238,-0.012,-9.8038,0.0026,0.0011,0.0033,-0.076948,-0.01648,-0.117986,2711172,770
0.1095,0.0133,-9.8315,0.002,0.002,-0.0013,-0.076948,-0.01648,-0.117986,2721672,770
0.1403,-0.023,-9.8451,0.0001,-0.0006,0.0019,-0.076948,-0.01648,-0.117986,2732172,770
0.1193,-0.0166,-9.8246,-0.0005,0.0006,-0.0025,-0.076948,-0.01648,-0.117986,2742672,770
0.1256,-0.0115,-9.8285,0.0031,0.0048,-0.0026,-0.076948,-0.01648,-0.117986,2753172,770
0.1379,0.0105,-9.8146,0.0004,-0.0025,-0.0003,-0.076948,-0.01648,-0.117986,2763672,770
0.1144,-0.0159,-9.8353,0.0015,-0.0012,0.0004,-0.076948,-0.01648,-0.117986,2774172,770
0.1459,-0.0095,-9.8393,0.001,-0.006,0.0014,-0.076948,-0.01648,-0.117986,2784672,770
0.1344,-0.0053,-9.8404,0.0018,0.0005,0,-0.076948,-0.01648,-0.117986,2795172,770
0.1197,-0.015,-9.8419,0.0006,-0.0015,-0.0036,-0.076948,-0.01648,-0.117986,2805672,770
0.1415,0.0083,-9.8367,0.001,0.0004,-0.0014,-0.076948,-0.01648,-0.117986,2816172,770
0.1088,-0.0058,-9.8036,-0.0001,0.0007,-0.0004,-0.076948,-0.01648,-0.117986,2826672,770
0.1179,0.0077,-9.8139,0.0029,0.0018,-0.0024,-0.076948,-0.01648,-0.117986,2837172,770
0.1245,-0.0133,-9.8073,0,0.0046,0.0028,-0.07828,-0.014562,-0.116278,2847216,771
0.1126,-0.0203,-9.8321,0.0006,-0.0012,0.0017,-0.07828,-0.014562,-0.116278,2857716,771
0.1234,-0.0041,-9.8239,0.0013,0.0007,0.0009,-0.07828,-0.014562,-0.116278,2868216,771
0.1333,-0.0189,-9.834,-0.0005,0.0021,0.0014,-0.07828,-0.014562,-0.116278,2878716,771
0.1243,0.0091,-9.8309,0.0036,-0.0007,0.0021,-0.07828,-0.014562,-0.116278,2889216,771
0.1311,-0.0216,-9.8168,0.0018,0.0005,-0.0009,-0.07828,-0.014562,-0.116278,2899716,771
0.1249,-0.0196,-9.8103,-0.0003,-0.0037,0.0007,-0.07828,-0.014562,-0.116278,2910216,771
0.1103,-0.0106,-9.8457,0.0008,0.0003,-0.0022,-0.07828,-0.014562,-0.116278,2920716,771
0.1413,-0.0029,-9.8411,-0.0017,-0.0054,0.002,-0.07828,-0.014562,-0.116278,2931216,771
0.1215,-0.0015,-9.8414,0.0028,-0.0009,-0.0024,-0.07828,-0.014562,-0.116278,2941716,771
0.1298,-0.0174,-9.8279,0.0002,-0,0.0009,-0.079255,-0.015052,-0.118376,2951765,772
0.1159,0.007,-9.8246,-0.0004,0.0009,-0.0012,-0.079255,-0.015052,-0.118376,2961766,772
0.1151,-0.0016,-9.8139,0,-0.0004,0.0011,-0.079255,-0.015052,-0.118376,2972266,772
0.1239,-0.0029,-9.8378,-0.0001,0.0008,-0.0007,-0.079255,-0.015052,-0.118376,2982293,772
0.1322,0.0117,-9.8176,0.0026,0.0023,-0.0009,-0.079255,-0.015052,-0.118376,2992793,772
0.1306,-0.0039,-9.8326,-0.0022,-0.002,-0.0011,-0.079255,-0.015052,-0.118376,3003293,772
0.148,-0.0207,-9.8121,-0.0016,0.0006,0.001,-0.079255,-0.015052,-0.118376,3013793,772
0.1277,0.015,-9.8236,-0.0011,-0.0027,0.0011,-0.079255,-0.015052,-0.118376,3024293,772
0.1023,-0.0069,-9.8289,0.0014,0.0001,0,-0.079255,-0.015052,-0.118376,3034793,772
0.1185,0.0156,-9.8229,0.0017,0.0001,-0.0015,-0.079255,-0.015052,-0.118376,3045293,772
0.1426,0.0076,-9.8244,-0.0001,0.0019,0.0023,-0.079255,-0.015052,-0.118376,3055793,772
0.1227,0.0088,-9.8341,0,0.0032,0.0006,-0.079255,-0.015052,-0.118376,3066293,772
0.1181,0.0071,-9.8096,0.0011,0.0008,-0.0022,-0.077806,-0.017469,-0.120147,3076350,773
0.1355,-0.0061,-9.8443,-0.0004,0.0027,0.002,-0.077806,-0.017469,-0.120147,3086850,773
0.1496,-0.0171,-9.8208,0.0019,0.0001,0.0011,-0.077806,-0.017469,-0.120147,3097350,773
0.1298,-0.0189,-9.8277,0.0022,0.0066,-0.0028,-0.077806,-0.017469,-0.120147,3107850,773
0.1395,0.023,-9.7939,0.0022,0.0025,0.0035,-0.077806,-0.017469,-0.120147,3117877,773
0.0895,-0.0329,-9.8188,0.0033,0.0014,-0,-0.077806,-0.017469,-0.120147,3128377,773
0.1276,0.0188,-9.8316,-0.0003,0.0019,-0.001,-0.077806,-0.017469,-0.120147,3138405,773
0.126,0.0025,-9.8245,-0.0016,0.0004,0.0005,-0.077806,-0.017469,-0.120147,3148905,773
0.1466,-0.0034,-9.8049,-0.0005,-0.0052,-0.0004,-0.077806,-0.017469,-0.120147,3159405,773
0.1257,-0.0139,-9.8359,0.002,-0.0019,-0.0008,-0.077806,-0.017469,-0.120147,3169905,773
0.1389,-0.0151,-9.8525,-0.001,-0.0034,-0.0001,-0.076775,-0.016125,-0.117797,3179950,774
0.1211,-0.0162,-9.8425,0.0025,0.001,-0.0004,-0.076775,-0.016125,-0.117797,3190450,774
0.1481,-0.0106,-9.816,-0.0004,0.0045,-0.0003,-0.076775,-0.016125,-0.117797,3200950,774
0.086,-0.0091,-9.8326,-0.0013,-0.0005,0.0022,-0.076775,-0.016125,-0.117797,3211450,774
0.1231,-0.0014,-9.8313,0.0002,-0.0024,0.0021,-0.076775,-0.016125,-0.117797,3221950,774
0.1175,-0.0104,-9.8238,0.0001,0.0023,-0.0014,-0.076775,-0.016125,-0.117797,3232450,774
0.1405,0.0153,-9.8037,0.0008,-0.0036,0.0024,-0.076775,-0.016125,-0.117797,3242950,774
0.135,-0.0225,-9.8021,-0.0005,0.0014,-0.0022,-0.076775,-0.016125,-0.117797,3253450,774
0.1187,0.0064,-9.8478,-0.0001,-0.0018,0.0001,-0.076775,-0.016125,-0.117797,3263950,774
0.1323,0.0038,-9.8296,0.001,0.0059,-0.0007,-0.076775,-0.016125,-0.117797,3274450,774
0.1538,0.0136,-9.849,0.0017,-0.0015,0.0001,-0.076775,-0.016125,-0.117797,3284950,774
0.0832,-0.0087,-9.8261,-0.0007,0.0014,-0.0025,-0.076775,-0.016125,-0.117797,3295450,774
0.1152,-0.0134,-9.8201,0.0024,-0.0043,-0.0008,-0.075714,-0.016522,-0.117342,3305494,775
0.1415,-0.0029,-9.8467,0.001,0.0021,0.0033,-0.075714,-0.016522,-0.117342,3315527,775
0.1334,0.0063,-9.8157,0.0025,-0.0002,-0.0029,-0.075714,-0.016522,-0.117342,3326027,775
0.1109,0.0006,-9.8359,0.0003,-0.0018,0.0028,-0.075714,-0.016522,-0.117342,3336527,775
0.1127,-0.0177,-9.8364,-0.001,0.0035,-0.0007,-0.075714,-0.016522,-0.117342,3347027,775
0.1217,0.0036,-9.8202,0.0009,-0.0005,0.0019,-0.075714,-0.016522,-0.117342,3357527,775
0.1463,-0.0043,-9.8201,0.0019,-0.0021,-0.004,-0.075714,-0.016522,-0.117342,3368027,775
0.1501,-0.0048,-9.8375,-0.0007,0.0043,-0.0017,-0.075714,-0.016522,-0.117342,3378527,775
0.1226,-0.0003,-9.8148,-0.0002,-0.0026,-0.0007,-0.075714,-0.016522,-0.117342,3389027,775
0.1046,-0.0073,-9.8043,0.0021,-0.0028,0.0017,-0.075714,-0.016522,-0.117342,3399527,775
0.1269,-0.0071,-9.8325,0.002,0.0003,-0.0017,-0.077671,-0.014563,-0.116987,3409572,776
0.0994,0.007,-9.8171,0.0012,0.0002,0.001,-0.077671,-0.014563,-0.116987,3420072,776
0.1222,0.0125,-9.797,-0.0005,-0.0027,-0.0018,-0.077671,-0.014563,-0.116987,3430572,776
0.1107,-0.0406,-9.7915,-0.0023,0.0001,0.0011,-0.077671,-0.014563,-0.116987,3441072,776
0.1297,-0.0045,-9.8236,0,-0.0002,0.0015,-0.077671,-0.014563,-0.116987,3451572,776
0.079,-0.0046,-9.8252,-0.0016,-0.002,-0.0011,-0.077671,-0.014563,-0.116987,3462072,776
0.1298,0.004,-9.8273,0.0014,0.0016,0.0007,-0.077671,-0.014563,-0.116987,3472572,776
0.1334,-0.0039,-9.8272,-0.0008,-0.0012,-0.0034,-0.077671,-0.014563,-0.116987,3483072,776
0.1057,0.005,-9.8561,-0.0012,-0.0033,-0.0015,-0.077671,-0.014563,-0.116987,3493572,776
0.1379,-0.0001,-9.8533,0.0026,0.0018,-0.0018,-0.077671,-0.014563,-0.116987,3504072,776
0.1179,-0.0141,-9.8442,0.0027,0.0042,0.001,-0.077671,-0.014563,-0.116987,3514572,776
0.1088,-0.0004,-9.8218,0.0032,0.0022,0.0008,-0.077671,-0.014563,-0.116987,3525072,776
0.1249,-0.0386,-9.8216,-0.0003,0.0022,-0.0016,-0.077671,-0.014563,-0.116987,3535572,776
0.1288,-0.015,-9.8208,0.0017,0.0023,-0.0007,-0.077453,-0.016005,-0.117593,3545618,777
0.1487,-0.0021,-9.8342,0.0008,0.0061,0.0012,-0.077453,-0.016005,-0.117593,3555652,777
0.1167,0.0059,-9.8271,0.0003,0.0001,0.0014,-0.077453,-0.016005,-0.117593,3566152,777
0.1095,0.0088,-9.8412,-0.0007,0.0011,0.0017,-0.077453,-0.016005,-0.117593,3576652,777
0.1348,0.0178,-9.8158,-0.0011,-0.0005,-0.0002,-0.077453,-0.016005,-0.117593,3587152,777
0.1382,-0.005,-9.8446,-0.0027,0.0001,0.0027,-0.077453,-0.016005,-0.117593,3597652,777
0.1261,-0.0056,-9.821,-0.0021,-0.0039,-0.0007,-0.077453,-0.016005,-0.117593,3608152,777
0.106,-0.0172,-9.8307,0.0018,0.0029,-0.0012,-0.077453,-0.016005,-0.117593,3618652,777
0.1111,-0.0166,-9.8155,-0.0002,-0.0028,-0.0003,-0.077453,-0.016005,-0.117593,3629152,777
0.0897,-0.0049,-9.8503,0.0047,0.0013,0.0008,-0.076999,-0.017318,-0.118956,3639196,778
0.1095,-0.0006,-9.7967,0.0004,0.0002,0,-0.076999,-0.017318,-0.118956,3649696,778
0.1411,0.0037,-9.8178,-0.002,0.0007,-0.0023,-0.076999,-0.017318,-0.118956,3660196,778
0.12,-0.0196,-9.8152,0.0013,-0.0012,-0.0011,-0.076999,-0.017318,-0.118956,3670696,778
0.1106,-0.0117,-9.8354,0.0033,-0,0.0009,-0.076999,-0.017318,-0.118956,3681196,778
0.1245,-0.0144,-9.8519,0.0013,0.0004,0.0002,-0.076999,-0.017318,-0.118956,3691696,778
0.1215,-0.0063,-9.8209,0.0014,0.0034,0.0006,-0.076999,-0.017318,-0.118956,3702196,778
0.1266,-0.003,-9.7958,0.0008,-0.0039,-0.0017,-0.076999,-0.017318,-0.118956,3712696,778
0.1369,-0.009,-9.8589,-0.0007,-0.0003,0.0017,-0.076999,-0.017318,-0.118956,3723196,778
0.1401,0.0154,-9.8389,0.0039,-0.0035,-0.0029,-0.076999,-0.017318,-0.118956,3733696,778
0.0954,-0.0266,-9.8137,-0.0025,0.0028,-0.0004,-0.076999,-0.017318,-0.118956,3744196,778
0.14,-0.0091,-9.7977,0.0016,-0.0012,0.0014,-0.076999,-0.017318,-0.118956,3754696,778
0.1223,-0.0099,-9.8382,-0.0012,0.0029,0.0014,-0.076999,-0.017318,-0.118956,3765196,778
0.1322,-0.0049,-9.8382,0.0018,-0.0003,-0.0009,-0.077799,-0.015524,-0.118355,3775246,779
0.1085,0.0094,-9.8403,0.0013,0.0036,-0.0016,-0.077799,-0.015524,-0.118355,3785746,779
0.1443,-0.0044,-9.8183,-0.001,-0.0024,-0.0007,-0.077799,-0.015524,-0.118355,3795754,779
0.1422,0.0022,-9.821,-0.0007,-0.0013,0.0013,-0.077799,-0.015524,-0.118355,3806254,779
0.1175,-0.0173,-9.8395,-0.0003,0.0004,0.0003,-0.077799,-0.015524,-0.118355,3816284,779
0.1601,-0.0077,-9.8053,0.0008,0.0025,-0.0039,-0.077799,-0.015524,-0.118355,3826784,779
0.1503,-0.0067,-9.8452,0.0017,0.0021,-0,-0.077799,-0.015524,-0.118355,3837284,779
0.1017,-0.0002,-9.8265,0.0007,0.0017,-0.001,-0.077799,-0.015524,-0.118355,3847784,779
0.122,-0.0111,-9.8127,0.0016,-0.0004,-0.001,-0.077799,-0.015524,-0.118355,3858284,779
0.1413,-0.0081,-9.8098,0.0002,-0.0007,0.0049,-0.077799,-0.015524,-0.118355,3868784,779
0.1013,-0.0003,-9.8216,-0.0019,0.0021,-0.0009,-0.077333,-0.015071,-0.117809,3878828,780
0.1126,-0.0048,-9.8375,-0.0015,-0.0028,-0.0005,-0.077333,-0.015071,-0.117809,3888855,780
0.1036,0.0097,-9.8286,0.0014,0.0029,-0.0005,-0.077333,-0.015071,-0.117809,3899355,780
0.1121,0.015,-9.8164,0.0014,-0.001,-0.0008,-0.077333,-0.015071,-0.117809,3909855,780
0.1391,-0.0259,-9.8505,0.0016,-0.0005,-0.0025,-0.077333,-0.015071,-0.117809,3920355,780
0.1593,-0.0147,-9.8246,-0.001,-0.0012,0.0007,-0.077333,-0.015071,-0.117809,3930361,780
0.0978,0.0005,-9.8229,0.0016,0.0004,-0.0013,-0.077333,-0.015071,-0.117809,3940861,780
0.1408,0.0055,-9.8118,-0.0004,-0.0009,0.002,-0.077333,-0.015071,-0.117809,3951361,780
0.1391,0.0049,-9.8195,-0.0022,-0.0051,-0.0018,-0.077333,-0.015071,-0.117809,3961861,780
0.0913,-0.0165,-9.8582,0.0013,-0.0016,0.0017,-0.077333,-0.015071,-0.117809,3972361,780
0.1247,-0.0195,-9.8051,0.0012,0.0044,-0.0023,-0.077333,-0.015071,-0.117809,3982861,780
0.1282,-0.0228,-9.8291,-0.0012,0.0062,0.0009,-0.077333,-0.015071,-0.117809,3993361,780
0.1257,-0.0093,-9.8319,0.0007,-0.0031,-0.0003,-0.077059,-0.015868,-0.11814,4003405,781
0.1354,0.0246,-9.8081,0.0004,0.0004,-0.0006,-0.077059,-0.015868,-0.11814,4013905,781
0.1156,-0.0071,-9.8048,0.0011,-0.0024,0.0007,-0.077059,-0.015868,-0.11814,4024405,781
0.1184,-0.0196,-9.8255,-0.0001,-0.0023,-0.0001,-0.077059,-0.015868,-0.11814,4034905,781
0.1348,-0.0084,-9.8163,-0.0003,-0.0002,-0.0017,-0.077059,-0.015868,-0.11814,4045405,781
0.1423,-0.0039,-9.8272,0.0014,-0.0042,0.0015,-0.077059,-0.015868,-0.11814,4055905,781
0.1252,0.0269,-9.827,-0.0033,0,0.0008,-0.077059,-0.015868,-0.11814,4066405,781
0.1155,-0.0076,-9.8429,0.0022,-0.0014,0.0014,-0.077059,-0.015868,-0.11814,4076905,781
0.1288,-0.0087,-9.8317,-0.0019,-0.0065,-0.0002,-0.077059,-0.015868,-0.11814,4087405,781
0.1334,0.0301,-9.8357,-0.0001,0.0023,0.0025,-0.077059,-0.015868,-0.11814,4097905,781
0.1172,-0.0005,-9.8226,0.0007,0.0012,0.0011,-0.078066,-0.014764,-0.117678,4107955,782
0.1282,0.0014,-9.8444,0.0012,-0.0039,-0.001,-0.078066,-0.014764,-0.117678,4118455,782
0.1199,-0.0151,-9.815,-0.0008,-0.0057,0.0021,-0.078066,-0.014764,-0.117678,4128456,782
0.1433,0.0001,-9.832,0.0022,0.0016,0.0001,-0.078066,-0.014764,-0.117678,4138956,782
0.1095,0.0096,-9.8515,-0.0015,0.0004,-0.0014,-0.078066,-0.014764,-0.117678,4149456,782
0.1077,-0.0064,-9.8185,0.0025,0.0009,0.0006,-0.078066,-0.014764,-0.117678,4159956,782
0.136,-0.0007,-9.8292,0.0003,-0.0016,-0.0017,-0.078066,-0.014764,-0.117678,4170456,782
0.1059,-0.0001,-9.8005,0.0005,-0.0001,0.0016,-0.078066,-0.014764,-0.117678,4180956,782
0.1118,0.0018,-9.8308,-0,0.0009,-0.0009,-0.078066,-0.014764,-0.117678,4191456,782
0.0947,-0.0007,-9.8336,-0.0004,-0.0006,0.0034,-0.078066,-0.014764,-0.117678,4201956,782
0.1149,-0.019,-9.8165,0.0011,-0.0003,-0.0017,-0.078066,-0.014764,-0.117678,4212456,782
0.1182,-0.0055,-9.8242,-0.0014,-0,-0.0027,-0.078066,-0.014764,-0.117678,4222956,782
0.12,0.0073,-9.8188,-0.0006,0.0022,0.001,-0.078066,-0.014764,-0.117678,4233456,782
0.105,-0.0172,-9.8595,0.0039,0.0003,-0.0015,-0.078655,-0.014891,-0.117783,4243510,783
0.1392,-0.0036,-9.8188,0.0012,0.001,0.0006,-0.078655,-0.014891,-0.117783,4254010,783
0.1346,-0.016,-9.8105,0.001,-0.005,-0.0002,-0.078655,-0.014891,-0.117783,4264510,783
0.1071,-0.0203,-9.8107,-0.0015,0.0008,-0.0008,-0.078655,-0.014891,-0.117783,4275010,783
0.1317,0.0226,-9.8443,-0.0023,-0.0029,0.0018,-0.078655,-0.014891,-0.117783,4285510,783
0.117,-0.0167,-9.8024,-0.0005,-0.0041,0.0009,-0.078655,-0.014891,-0.117783,4296010,783
0.128,0.0155,-9.8438,-0.0016,0.0004,0.0007,-0.078655,-0.014891,-0.117783,4306510,783
0.1321,-0.0046,-9.8308,-0.0028,-0.0028,0.0009,-0.078655,-0.014891,-0.117783,4317010,783
0.1219,0.0156,-9.839,0.0004,-0.0023,0.0018,-0.078655,-0.014891,-0.117783,4327510,783
0.1163,-0.0104,-9.825,-0.0002,-0.0001,-0.0007,-0.080164,-0.014948,-0.11837,4337554,784
0.0873,0.0047,-9.8289,-0.0003,0.0022,0.0028,-0.080164,-0.014948,-0.11837,4347584,784
0.1176,0.0034,-9.8381,-0.0002,0.0045,-0.0015,-0.080164,-0.014948,-0.11837,4358084,784
0.1351,-0.0247,-9.8237,0.0017,-0.0015,-0.0022,-0.080164,-0.014948,-0.11837,4368584,784
0.1305,-0.0246,-9.8328,0.0004,-0.0025,0.0004,-0.080164,-0.014948,-0.11837,4379084,784
0.1558,0.0105,-9.8191,-0.0009,0.0026,0.0018,-0.080164,-0.014948,-0.11837,4389584,784
0.1513,-0.0277,-9.8098,-0.0017,0.0035,0.001,-0.080164,-0.014948,-0.11837,4400084,784
0.1106,-0.0152,-9.8238,0.0005,0.002,0.0011,-0.080164,-0.014948,-0.11837,4410584,784
0.1122,0.0187,-9.8104,0.0005,0.0017,-0.0007,-0.080164,-0.014948,-0.11837,4421084,784
0.0991,0.0002,-9.8137,0.002,0.0007,0.0013,-0.080164,-0.014948,-0.11837,4431584,784
0.118,0.0006,-9.7932,0.0023,-0.001,-0.0005,-0.080164,-0.014948,-0.11837,4442084,784
0.1526,-0.0086,-9.8418,0,-0.0025,0.0022,-0.080164,-0.014948,-0.11837,4452584,784
0.1398,-0.0144,-9.8126,-0.0006,-0.0012,0.0049,-0.080164,-0.014948,-0.11837,4463084,784
0.12,0.0018,-9.8419,-0.002,-0.0031,-0.0005,-0.079078,-0.014267,-0.116778,4473128,785
0.1352,-0.0207,-9.8102,-0.0027,-0,0.0014,-0.079078,-0.014267,-0.116778,4483628,785
0.1215,-0.0125,-9.8188,-0.0009,0.0007,0.0043,-0.079078,-0.014267,-0.116778,4494128,785
0.1212,0.0122,-9.8256,0.0003,-0.0009,-0.001,-0.079078,-0.014267,-0.116778,4504628,785
0.1299,-0.0026,-9.823,-0.001,-0.0015,0.0011,-0.079078,-0.014267,-0.116778,4515128,785
0.114,-0.0011,-9.8404,0.0017,0.0002,-0.0019,-0.079078,-0.014267,-0.116778,4525628,785
0.0968,-0.0077,-9.8228,0.0035,0.0043,-0.0018,-0.079078,-0.014267,-0.116778,4536128,785
0.1247,-0.0267,-9.8434,0,0.0009,0.0006,-0.079078,-0.014267,-0.116778,4546628,785
0.1067,-0.0085,-9.8067,0.002,-0.0001,-0.0019,-0.079078,-0.014267,-0.116778,4557128,785
0.1237,-0.0176,-9.7876,0.0001,0.0009,0.0018,-0.076756,-0.014438,-0.117041,4567177,786
0.1239,-0.0025,-9.853,0.0012,-0.0023,-0.0024,-0.076756,-0.014438,-0.117041,4577677,786
0.1145,-0.0021,-9.8236,0.0003,-0.0036,-0.0024,-0.076756,-0.014438,-0.117041,4587705,786
0.1503,-0.0165,-9.8246,0.0018,-0.0004,-0.0025,-0.076756,-0.014438,-0.117041,4598205,786
0.1054,-0.0011,-9.8069,0.0018,0.0043,-0.0009,-0.076756,-0.014438,-0.117041,4608705,786
0.1171,0.0003,-9.8249,-0.0005,-0.0057,-0.0012,-0.076756,-0.014438,-0.117041,4619205,786
0.1211,-0.0061,-9.8048,-0.0012,-0.0023,0.0012,-0.076756,-0.014438,-0.117041,4629705,786
0.1341,-0.0141,-9.8414,0.0033,0.0036,0.0001,-0.076756,-0.014438,-0.117041,4640205,786
0.1186,-0.0219,-9.807,0.0022,-0.0003,-0.0011,-0.076756,-0.014438,-0.117041,4650705,786
0.1128,0.0031,-9.838,-0.0002,-0.0018,0.0014,-0.076756,-0.014438,-0.117041,4661205,786
0.1431,0.0109,-9.8164,-0.0011,-0.0021,0.001,-0.076756,-0.014438,-0.117041,4671705,786
0.1142,0.0026,-9.8249,0.0026,0.0011,0.0009,-0.076756,-0.014438,-0.117041,4682205,786
0.1057,-0.0271,-9.8439,0,0.0001,0.0006,-0.077752,-0.015081,-0.117115,4692254,787
0.1261,-0.023,-9.7991,-0.0009,-0.0022,-0.0004,-0.077752,-0.015081,-0.117115,4702754,787
0.1364,-0.0082,-9.8149,0.0019,0.0012,-0.0018,-0.077752,-0.015081,-0.117115,4713254,787
0.112,0.0203,-9.8112,0.0017,-0.0024,0.0007,-0.077752,-0.015081,-0.117115,4723754,787
0.1218,0.009,-9.8442,0.0025,-0.0008,0.0018,-0.077752,-0.015081,-0.117115,4734254,787
0.1449,-0.0045,-9.8242,-0.0022,-0.0042,0.0037,-0.077752,-0.015081,-0.117115,4744754,787
0.147,-0.0162,-9.831,0.0029,0.0083,0.0004,-0.077752,-0.015081,-0.117115,4755254,787
0.1269,0.0001,-9.8231,0.0013,0.0024,-0.0003,-0.077752,-0.015081,-0.117115,4765754,787
0.1359,-0.0291,-9.8297,0.0023,-0.0004,0.0024,-0.077752,-0.015081,-0.117115,4776254,787
0.108,0.0116,-9.849,-0.0032,-0.0008,-0.002,-0.077752,-0.015081,-0.117115,4786754,787
0.1066,-0.0003,-9.8286,0.0036,-0.0024,-0.0016,-0.077752,-0.015081,-0.117115,4797254,787
0.1595,0.0764,-9.8398,0.0018,0.0045,-0.0038,-0.07824,-0.01564,-0.118245,4807303,788
0.1524,-0.1154,-9.6256,-0.0013,-0.0004,0.0378,-0.07824,-0.01564,-0.118245,4817803,788
0.0541,-0.1837,-9.8403,0.0007,-0.0029,-0.0913,-0.07824,-0.01564,-0.118245,4828303,788
0.2328,0.4541,-9.8265,0.0041,0.002,-0.0085,-0.07824,-0.01564,-0.118245,4838803,788
0.0277,-0.1427,-9.9511,-0.0022,-0.0061,0.0872,-0.07824,-0.01564,-0.118245,4848833,788
0.0186,-0.3721,-9.6822,0.0018,0.0105,-0.0224,-0.07824,-0.01564,-0.118245,4859333,788
0.2735,0.2404,-9.783,0.0016,-0.0016,-0.0658,-0.07824,-0.01564,-0.118245,4869364,788
0.1982,0.2222,-9.7231,-0.0002,-0.0004,0.0695,-0.07824,-0.01564,-0.118245,4879864,788
0.1152,-0.2757,-9.6629,-0.0032,0.0003,0.0119,-0.07824,-0.01564,-0.118245,4890364,788
0.1293,0.0457,-9.8463,-0.0004,0.0025,-0.0645,-0.07824,-0.01564,-0.118245,4900864,788
0.1085,0.2264,-9.7554,-0.0007,-0.0041,0.0349,-0.07824,-0.01564,-0.118245,4911364,788
0.0041,-0.1903,-9.8021,0.0006,0.0055,0.0249,-0.078435,-0.015278,-0.117413,4921410,789
0.1135,-0.0594,-9.8991,0.0031,-0.0012,-0.0431,-0.078435,-0.015278,-0.117413,4931910,789
0.1421,0.1521,-9.9451,0,-0.0025,0.026,-0.078435,-0.015278,-0.117413,4942410,789
0.0719,-0.1816,-9.8775,0.0023,0.0004,0.019,-0.078435,-0.015278,-0.117413,4952910,789
0.1822,-0.0668,-9.8597,-0.0004,0.0048,-0.0401,-0.078435,-0.015278,-0.117413,4963410,789
0.1984,0.1521,-9.8968,-0.0024,-0.003,0.0192,-0.078435,-0.015278,-0.117413,4973910,789
0.0259,-0.0869,-9.8141,0.0012,0.0015,0.0178,-0.078435,-0.015278,-0.117413,4984410,789
0.1333,-0.0902,-9.8473,0.0007,-0.0005,-0.0349,-0.078435,-0.015278,-0.117413,4994910,789
0.1999,0.139,-9.7998,0.0029,0.0005,0.0182,-0.078435,-0.015278,-0.117413,5005410,789
0.1574,-0.0819,-9.8066,-0.0035,0.0024,0.0268,-0.078435,-0.015278,-0.117413,5015910,789
0.1689,-0.1016,-9.8382,0.002,0.0017,-0.0338,-0.078167,-0.01456,-0.117206,5025960,790
0.1379,0.1669,-9.8391,-0.0034,-0.0061,0.0019,-0.078167,-0.01456,-0.117206,5036460,790
0.1137,-0.0412,-9.7517,0.0002,-0.0002,0.0242,-0.078167,-0.01456,-0.117206,5046489,790
0.1066,-0.0446,-9.8168,0.0015,0.001,-0.0168,-0.078167,-0.01456,-0.117206,5056989,790
0.1368,0.0677,-9.8356,0.0021,-0.0015,-0.0062,-0.078167,-0.01456,-0.117206,5067489,790
0.0617,0.027,-9.7994,0.0018,-0.0028,0.0189,-0.078167,-0.01456,-0.117206,5077989,790
0.0906,-0.0666,-9.8303,-0.0003,-0.001,-0.0101,-0.078167,-0.01456,-0.117206,5088489,790
0.1719,-0.0058,-9.843,0.0027,0.0031,-0.0047,-0.078167,-0.01456,-0.117206,5098989,790
0.0822,0.0185,-9.7958,-0.001,0.0002,0.0103,-0.078167,-0.01456,-0.117206,5109489,790
0.1008,-0.0196,-9.8295,0.0016,0.0008,-0.0055,-0.078167,-0.01456,-0.117206,5119989,790
0.131,0.0141,-9.849,0.0006,-0.005,-0.0062,-0.078167,-0.01456,-0.117206,5130489,790
0.1117,0.06,-9.8143,0.0005,-0.0005,0.0088,-0.078167,-0.01456,-0.117206,5140989,790
0.1219,-0.066,-9.8422,-0.0006,-0.0033,0.0073,-0.078167,-0.01456,-0.117206,5151489,790
0.1187,-0.0501,-9.8361,0.0007,0.0023,-0.0095,-0.077861,-0.013702,-0.116556,5161536,791
0.1425,0.0761,-9.8061,0.0001,-0.0005,-0.0025,-0.077861,-0.013702,-0.116556,5172036,791
0.1341,-0.0383,-9.8458,-0.001,-0.001,0.0149,-0.077861,-0.013702,-0.116556,5182536,791
0.1011,-0.0535,-9.8131,0.0001,-0.0004,-0.0013,-0.077861,-0.013702,-0.116556,5193036,791
0.1411,0.0893,-9.837,-0.0011,0.0054,-0.0125,-0.077861,-0.013702,-0.116556,5203536,791
0.1298,-0.0271,-9.7992,0.0027,-0.0036,0.0128,-0.077861,-0.013702,-0.116556,5214036,791
0.1315,-0.0862,-9.7873,0.0008,0.0002,0.0019,-0.077861,-0.013702,-0.116556,5224536,791
0.1327,0.0246,-9.8017,-0.0027,0.0001,-0.0097,-0.077861,-0.013702,-0.116556,5235036,791
0.1198,0.006,-9.8023,0.0009,-0.0023,0.0039,-0.077861,-0.013702,-0.116556,5245536,791
0.1105,-0.0462,-9.8226,0.0031,0.0026,0.0001,-0.077861,-0.013702,-0.116556,5256036,791
0.0934,0.0031,-9.8111,-0.0002,0.0005,-0.0056,-0.077861,-0.013702,-0.116556,5266536,791
0.1423,-0.0222,-9.8143,-0.0003,0.0004,0.0055,-0.077861,-0.013702,-0.116556,5277036,791
0.1484,-0.0313,-9.8385,0.0005,-0.002,-0.0015,-0.077861,-0.013702,-0.116556,5287536,791
0.0963,0.0543,-9.83,-0.0018,-0.0012,-0.0061,-0.077861,-0.013702,-0.116556,5298036,791
0.1348,0.0252,-9.8017,0.0015,0.0018,0.0057,-0.077861,-0.013702,-0.116556,5308536,791
0.1207,-0.0189,-9.8252,0.001,0.002,-0.0025,-0.077861,-0.013702,-0.116556,5319036,791
0.0715,-0.0128,-9.8303,0.0002,-0,-0.0017,-0.077861,-0.013702,-0.116556,5329536,791
0.1208,-0.009,-9.825,-0.001,0.0011,0.0007,-0.077861,-0.013702,-0.116556,5340036,791
0.141,-0.015,-9.879,-0.0007,0.0023,-0.0052,-0.077861,-0.013702,-0.116556,5350536,791
0.1217,-0.0115,-9.8409,-0.0006,-0.0028,0.0048,-0.077861,-0.013702,-0.116556,5361036,791
0.1264,0.0034,-9.8535,-0.001,-0.0043,0.0002,-0.077861,-0.013702,-0.116556,5371536,791
0.0461,-0.0112,-9.8504,-0.0009,0.0028,-0.0073,-0.077861,-0.013702,-0.116556,5382036,791
0.1304,-0.0204,-9.8578,-0.0001,-0,0.0076,-0.077861,-0.013702,-0.116556,5392536,791
0.1399,-0.0224,-9.8146,-0.0006,0.0036,0.0025,-0.077861,-0.013702,-0.116556,5403036,791
0.1287,-0.0079,-9.8337,0.0021,-0.0028,-0.0049,-0.077861,-0.013702,-0.116556,5413536,791
0.0825,-0.0241,-9.8308,0,0.0018,0.0052,-0.077861,-0.013702,-0.116556,5424036,791
0.0882,-0.0608,-9.8128,0.0021,0.0052,-0.0032,-0.077861,-0.013702,-0.116556,5434536,791
0.1378,-0.0028,-9.8284,-0.0001,-0.0003,-0.0017,-0.076758,-0.015169,-0.116965,5445085,792
0.1386,0.0019,-9.8289,-0,-0.0005,0.0054,-0.077873,-0.016115,-0.119406,5455136,793
0.1133,-0.0299,-9.7936,-0.0013,-0.0019,-0.0071,-0.077873,-0.016115,-0.119406,5465636,793
0.115,0.0141,-9.8252,-0.0008,0.0035,-0.0015,-0.077873,-0.016115,-0.119406,5475642,793
0.1468,-0.0283,-9.8464,0.0009,-0.0001,0.0093,-0.077873,-0.016115,-0.119406,5486142,793
0.1294,-0.0184,-9.7864,-0.0002,0.0002,-0.0063,-0.077873,-0.016115,-0.119406,5496642,793
0.0762,0.0458,-9.8132,-0.0029,0.0003,-0.002,-0.077873,-0.016115,-0.119406,5507142,793
0.0918,0.0021,-9.737,0.0019,-0.0026,0.0007,-0.077873,-0.016115,-0.119406,5517642,793
0.1292,0.0037,-9.7776,-0.0013,-0.0003,-0.0025,-0.077873,-0.016115,-0.119406,5528142,793
0.116,0.0186,-9.8307,-0,-0.0057,0.0029,-0.077873,-0.016115,-0.119406,5538642,793
0.0732,0.0017,-9.8119,-0.0003,-0.0017,0.0037,-0.077873,-0.016115,-0.119406,5549142,793
0.113,-0.0397,-9.8388,0.0016,0.0019,-0.0055,-0.077873,-0.016115,-0.119406,5559642,793
0.1152,-0.039,-9.8356,0.0016,-0.0017,0.0056,-0.077873,-0.016115,-0.119406,5570142,793
0.1329,-0.0375,-9.8089,0.0009,0.0055,-0.0002,-0.077873,-0.016115,-0.119406,5580642,793
0.1325,-0.0465,-9.7915,0.0012,-0.001,-0.0049,-0.077873,-0.016115,-0.119406,5591142,793
0.0878,0.0147,-9.8055,-0.0012,-0.001,0.0049,-0.077873,-0.016115,-0.119406,5601642,793
0.116,-0.0771,-9.8057,0.0013,0.0006,-0.0005,-0.077873,-0.016115,-0.119406,5612142,793
0.115,0.0329,-9.8154,-0.0005,0.0006,-0.0054,-0.076335,-0.013304,-0.115188,5622190,794
0.1198,0.0192,-9.7794,0.0015,-0.0021,0.0091,-0.076335,-0.013304,-0.115188,5632690,794
0.1287,-0.0441,-9.7872,0.0022,0.0011,-0.0053,-0.076335,-0.013304,-0.115188,5643190,794
0.1101,0.0159,-9.8138,0.001,0.0034,-0.0011,-0.076335,-0.013304,-0.115188,5653690,794
0.1011,-0.024,-9.8399,0.0011,0.0006,0.008,-0.076335,-0.013304,-0.115188,5664190,794
0.1082,-0.0223,-9.7635,0.0031,0.0016,-0.0043,-0.076335,-0.013304,-0.115188,5674690,794
0.1234,0.0208,-9.8367,0.0002,-0.0015,-0.0054,-0.076335,-0.013304,-0.115188,5685190,794
0.0994,0.0117,-9.8306,0.0003,-0.0044,0.0049,-0.076335,-0.013304,-0.115188,5695690,794
0.1414,-0.0588,-9.8266,0,-0.0019,-0.0018,-0.076335,-0.013304,-0.115188,5706190,794
0.1,-0.0324,-9.8181,0.002,0.0029,-0.0025,-0.077686,-0.014769,-0.116491,5716236,795
0.1274,-0.0245,-9.7789,0.0008,-0.0004,0.004,-0.077686,-0.014769,-0.116491,5726736,795
0.1115,-0.0346,-9.8324,0.0012,-0.0008,-0.0076,-0.077686,-0.014769,-0.116491,5736764,795
0.1336,0.0156,-9.8283,0.0022,0.0014,0.0022,-0.077686,-0.014769,-0.116491,5747264,795
0.1822,0.0053,-9.778,0.0011,0.001,0.0018,-0.077686,-0.014769,-0.116491,5757764,795
0.1147,-0.0412,-9.8378,0.0008,-0.0045,-0.005,-0.077686,-0.014769,-0.116491,5768264,795
0.0657,0.0025,-9.8514,0.0001,-0.0034,0.0035,-0.077686,-0.014769,-0.116491,5778294,795
0.1139,-0.029,-9.8301,0.0008,0.0013,0.0009,-0.077686,-0.014769,-0.116491,5788794,795
0.1219,0.0088,-9.8329,0.0034,-0.0001,-0.0062,-0.077686,-0.014769,-0.116491,5799294,795
0.1237,-0.0166,-9.8631,0.0021,-0.0039,0.0052,-0.077686,-0.014769,-0.116491,5809794,795
0.1132,-0.0343,-9.8132,0.002,-0.0021,-0.0046,-0.077686,-0.014769,-0.116491,5820294,795
0.1508,-0.0237,-9.8201,-0.001,0.0024,-0.0029,-0.077686,-0.014769,-0.116491,5830794,795
0.123,0.012,-9.8428,0.0002,0.0007,0.0086,-0.077686,-0.014769,-0.116491,5841294,795
0.1254,0.0324,-9.825,-0.001,-0.0024,-0.0073,-0.078586,-0.01533,-0.116378,5851343,796
0.1481,-0.0101,-9.7843,0.0016,-0.001,-0.0043,-0.078586,-0.01533,-0.116378,5861843,796
0.1291,-0.0006,-9.8285,0.0009,0.0007,0.0049,-0.078586,-0.01533,-0.116378,5871844,796
0.1522,-0.0297,-9.8092,-0.0012,-0.0006,-0.0031,-0.078586,-0.01533,-0.116378,5882344,796
0.1418,0.0003,-9.8325,-0.0016,-0.0033,-0.0057,-0.078586,-0.01533,-0.116378,5892346,796
0.067,-0.0004,-9.7825,-0.001,0.0007,0.0049,-0.078586,-0.01533,-0.116378,5902846,796
0.0987,0.0257,-9.8423,-0.001,0.0009,-0.0018,-0.078586,-0.01533,-0.116378,5913346,796
0.0959,-0.0122,-9.799,0.0002,0.0005,0.0023,-0.078586,-0.01533,-0.116378,5923846,796
0.148,-0.0014,-9.8352,0.0018,-0.0027,0.0023,-0.078586,-0.01533,-0.116378,5934346,796
0.0848,-0.0082,-9.8215,0.0008,0.0005,-0.0052,-0.078586,-0.01533,-0.116378,5944846,796
0.1123,0.024,-9.8,0.0005,-0.001,-0.0003,-0.07586,-0.016736,-0.117535,5954897,797
0.1749,-0.0355,-9.8589,-0.0001,-0.0031,0.0054,-0.07586,-0.016736,-0.117535,5965397,797
0.1327,0.0278,-9.8132,0.002,0.0019,-0.0063,-0.07586,-0.016736,-0.117535,5975897,797
0.0853,0.0116,-9.8279,0.0008,-0.0033,-0.0014,-0.07586,-0.016736,-0.117535,5986397,797
0.0802,-0.0294,-9.8346,-0.0005,-0.0007,0.0024,-0.07586,-0.016736,-0.117535,5996897,797
0.153,-0.0171,-9.8229,0.0045,0.0036,-0.0029,-0.07586,-0.016736,-0.117535,6007397,797
0.1437,0.0002,-9.8219,0.0003,-0.0041,0.001,-0.07586,-0.016736,-0.117535,6017897,797
0.1308,0.0057,-9.8284,-0.0015,-0.0005,-0.0005,-0.07586,-0.016736,-0.117535,6028397,797
0.1319,-0.0108,-9.8361,0.0014,0.0016,-0.0046,-0.07586,-0.016736,-0.117535,6038897,797
0.1341,-0.0375,-9.8388,0.0028,0.0039,0.0022,-0.07586,-0.016736,-0.117535,6049397,797
0.1427,0.0323,-9.8057,-0.0006,-0.0004,-0.0011,-0.07586,-0.016736,-0.117535,6059897,797
0.1287,0.0585,-9.7957,-0.0005,0.0018,-0.0005,-0.07586,-0.016736,-0.117535,6070397,797
0.0842,-0.0119,-9.8202,0.0027,0.0014,0.0035,-0.075935,-0.015687,-0.1163,6080446,798
0.1312,0.0258,-9.8403,0.0028,0.0018,-0.0058,-0.075935,-0.015687,-0.1163,6090453,798
0.1416,0.0164,-9.828,0.0006,-0.0005,0.002,-0.075935,-0.015687,-0.1163,6100953,798
0.1285,0.0126,-9.8201,0.0026,0,0.0039,-0.075935,-0.015687,-0.1163,6111453,798
0.1181,0.0252,-9.8028,0.001,0.0006,-0.002,-0.075935,-0.015687,-0.1163,6121953,798
0.1555,0.0368,-9.8657,0.0009,0.0039,-0.0029,-0.075935,-0.015687,-0.1163,6132453,798
0.1109,-0.0258,-9.8162,0.0012,-0.0003,0.0047,-0.075935,-0.015687,-0.1163,6142953,798
0.1414,-0.0119,-9.8137,-0.0005,0.0012,-0.0014,-0.075935,-0.015687,-0.1163,6153453,798
0.1239,0.0344,-9.8061,0.0005,-0.0018,-0.0044,-0.075935,-0.015687,-0.1163,6163953,798
0.103,-0.0253,-9.8184,0.0008,-0.0026,0.0044,-0.075935,-0.015687,-0.1163,6174453,798
0.1603,-0.0229,-9.8403,0.0005,-0.0005,-0.0016,-0.075491,-0.015832,-0.117368,6184499,799
0.1328,0.0245,-9.828,-0.0025,-0.0008,-0.0005,-0.075491,-0.015832,-0.117368,6194999,799
0.1288,-0.0232,-9.807,-0.001,-0.0016,0.003,-0.075491,-0.015832,-0.117368,6205499,799
0.1015,-0.0051,-9.8182,-0.0004,-0.0003,-0.002,-0.075491,-0.015832,-0.117368,6215999,799
0.0922,-0.0327,-9.7947,0.0002,-0.0013,-0.0062,-0.075491,-0.015832,-0.117368,6226499,799
0.1059,-0.0005,-9.8267,0.0014,0.0021,0.0043,-0.075491,-0.015832,-0.117368,6236999,799
0.1464,-0.0051,-9.8537,0.0022,-0.0009,-0.0045,-0.075491,-0.015832,-0.117368,6247499,799
0.072,-0.0139,-9.8241,-0.0002,0.0038,0.0009,-0.075491,-0.015832,-0.117368,6257999,799
0.0912,0.0161,-9.835,-0.0012,0.0003,-0.0022,-0.075491,-0.015832,-0.117368,6268499,799
0.1556,-0.0741,-9.8222,0.0016,0.0061,-0.0048,-0.075491,-0.015832,-0.117368,6278999,799
0.0976,-0.0131,-9.7978,0.0007,0.0012,0.0046,-0.075491,-0.015832,-0.117368,6289499,799
0.1046,-0.0265,-9.8447,0.0012,-0.0017,-0.0006,-0.075491,-0.015832,-0.117368,6299999,799
0.1466,0.0138,-9.816,0.0038,0.0029,-0.0055,-0.075491,-0.015832,-0.117368,6310499,799
0.0896,-0.0261,-9.8179,0.0011,0.0013,0.0017,-0.07737,-0.014362,-0.117765,6320546,800
0.119,-0.0585,-9.849,0.0031,0.0009,-0.002,-0.07858,-0.015177,-0.117865,6330701,801
0.1808,-0.0016,-9.835,0.003,0.0025,-0.0029,-0.07858,-0.015177,-0.117865,6341201,801
0.104,0.0318,-9.8058,-0.0017,0.0022,0.0027,-0.07858,-0.015177,-0.117865,6351701,801
0.1236,-0.0377,-9.8672,-0.0014,0.0044,0.002,-0.07858,-0.015177,-0.117865,6362201,801
0.1576,-0.0213,-9.8522,0.0009,0.0004,-0.0027,-0.07858,-0.015177,-0.117865,6372701,801
0.1149,-0.0378,-9.8101,0.0005,-0.0045,0.006,-0.07858,-0.015177,-0.117865,6383201,801
0.1112,-0.0138,-9.8508,0.0009,0.0022,0.0031,-0.07858,-0.015177,-0.117865,6393701,801
0.1142,-0.0058,-9.8308,0.0012,-0.0015,-0.0089,-0.07858,-0.015177,-0.117865,6404201,801
0.1066,0.0049,-9.8103,0.0002,0.0024,0,-0.078213,-0.014137,-0.117423,6414258,802
0.1514,-0.0295,-9.8222,0.0021,-0.0002,0.0061,-0.078213,-0.014137,-0.117423,6424758,802
0.1013,-0.005,-9.8032,-0.0015,-0.0022,-0.004,-0.078213,-0.014137,-0.117423,6435258,802
0.0974,0.0298,-9.8453,-0.0009,-0.0014,-0.0015,-0.078213,-0.014137,-0.117423,6445758,802
0.1251,-0.0418,-9.884,0.0001,-0.0003,0.0024,-0.078213,-0.014137,-0.117423,6456258,802
0.1208,0.0099,-9.8506,0.0023,0.0007,0.0016,-0.078213,-0.014137,-0.117423,6466758,802
0.0968,0.0084,-9.8243,-0.0005,0.0004,0.0022,-0.078213,-0.014137,-0.117423,6477258,802
0.1274,-0.002,-9.8021,0.0003,-0.001,-0.0014,-0.078213,-0.014137,-0.117423,6487758,802
0.1288,0.0194,-9.8031,-0.0003,-0.0036,-0.0015,-0.078213,-0.014137,-0.117423,6498258,802
0.1139,0.0127,-9.851,-0.0005,-0.0018,0.0037,-0.078213,-0.014137,-0.117423,6508758,802
0.1534,-0.0403,-9.8272,0.0016,-0.0033,-0.0034,-0.078213,-0.014137,-0.117423,6519258,802
0.1088,0.0264,-9.8195,0.0022,0.0021,-0.0014,-0.078213,-0.014137,-0.117423,6529758,802
0.0882,-0.0384,-9.7915,0.0011,-0.0019,0.0023,-0.078213,-0.014137,-0.117423,6540258,802
0.1278,-0.0376,-9.8442,-0.0022,-0.0027,-0.0008,-0.078213,-0.014137,-0.117423,6550758,802
0.1328,0.0064,-9.8038,0,0.0027,-0.0007,-0.078213,-0.014137,-0.117423,6561258,802
0.0864,-0.0145,-9.7859,-0.0016,-0,0.0035,-0.078213,-0.014137,-0.117423,6571758,802
0.1445,-0.0247,-9.8347,0.0022,0.0026,-0.003,-0.078213,-0.014137,-0.117423,6582258,802
0.1224,-0.0153,-9.817,0.0011,-0.0024,-0.003,-0.074237,-0.016155,-0.116785,6592304,803
0.128,0.0197,-9.8643,0.0004,0.0052,0.0003,-0.074237,-0.016155,-0.116785,6602804,803
0.0648,0.046,-9.8103,0.0012,0.0015,-0.0008,-0.074237,-0.016155,-0.116785,6612834,803
0.1107,0.023,-9.8167,0.0017,0.0024,0.0038,-0.074237,-0.016155,-0.116785,6623334,803
0.1604,-0.0276,-9.8012,-0.0002,-0.0009,-0.001,-0.074237,-0.016155,-0.116785,6633337,803
0.1615,0.0649,-9.8062,-0.0007,-0.0027,-0.0034,-0.07683,-0.01618,-0.117396,6643383,804
0.1236,0.0303,-9.8007,0.0012,0.0003,0.0059,-0.07683,-0.01618,-0.117396,6653883,804
0.141,-0.068,-9.8201,-0.0023,-0.0003,-0.003,-0.07683,-0.01618,-0.117396,6664383,804
0.143,-0.0051,-9.8206,0.0005,0.0052,-0.0003,-0.07683,-0.01618,-0.117396,6674883,804
0.1142,-0.0325,-9.8056,0.0025,0.0013,0.006,-0.07683,-0.01618,-0.117396,6685383,804
0.1269,-0.0384,-9.7676,-0.0001,0.0009,-0.0043,-0.07683,-0.01618,-0.117396,6695883,804
0.1206,0.0092,-9.7967,-0.0014,-0.0002,-0.0062,-0.07683,-0.01618,-0.117396,6706383,804
0.1437,0.0041,-9.8632,0.0024,0.0013,0.0092,-0.07683,-0.01618,-0.117396,6716883,804
0.1155,-0.016,-9.8218,0.0007,-0.0002,-0.0026,-0.07683,-0.01618,-0.117396,6727383,804
0.1085,0.0018,-9.8532,0.0018,0.0031,-0.004,-0.07683,-0.01618,-0.117396,6737883,804
0.1213,-0.001,-9.8555,-0.0013,0.0032,0.0028,-0.07683,-0.01618,-0.117396,6748383,804
0.1472,-0.0206,-9.782,0.0005,0.0005,0.0026,-0.07683,-0.01618,-0.117396,6758883,804
0.1211,-0.0266,-9.8088,0.0037,-0.0004,0.0021,-0.07683,-0.01618,-0.117396,6769383,804
0.1159,0.0107,-9.8185,0.0022,0.0015,-0.007,-0.076402,-0.016171,-0.117529,6779435,805
0.1031,0.0032,-9.8302,-0.0009,-0.0014,-0.003,-0.076402,-0.016171,-0.117529,6789463,805
0.1315,-0.009,-9.8165,0.0016,-0.0004,0.0091,-0.076402,-0.016171,-0.117529,6799963,805
0.1124,0.0447,-9.8168,0.0011,-0.0008,-0.0062,-0.076402,-0.016171,-0.117529,6810463,805
0.1353,0.0162,-9.8085,0.0029,-0.0015,-0.0014,-0.076402,-0.016171,-0.117529,6820963,805
0.1046,-0.0242,-9.8741,0.0003,-0.0006,0.0043,-0.076402,-0.016171,-0.117529,6831463,805
0.1406,-0.0096,-9.8307,-0.0001,0.0034,-0.0008,-0.076402,-0.016171,-0.117529,6841963,805
0.1323,-0.0191,-9.85,0.0008,-0.0014,-0.0008,-0.076402,-0.016171,-0.117529,6852463,805
0.0855,0.0177,-9.8124,0.0014,-0.0029,0.0014,-0.076402,-0.016171,-0.117529,6862963,805
0.1578,-0.0326,-9.8405,0.0026,-0.0027,0.0044,-0.076402,-0.016171,-0.117529,6873463,805
0.1018,-0.0169,-9.795,-0.0015,0.0002,0.0025,-0.076402,-0.016171,-0.117529,6883963,805
0.1248,0.0149,-9.759,0.0017,-0.0018,-0.0058,-0.076402,-0.016171,-0.117529,6894463,805
0.1346,-0.0252,-9.8703,-0.001,0.0019,-0.0017,-0.076402,-0.016171,-0.117529,6904963,805
0.1366,-0.0281,-9.7921,0.0061,0.0029,0.0036,-0.076402,-0.016171,-0.117529,6915463,805
0.0841,-0.0266,-9.7794,0.0034,0.0024,-0.0019,-0.076402,-0.016171,-0.117529,6925963,805
0.1111,-0.0442,-9.8513,-0.002,0.0023,0.0011,-0.076402,-0.016171,-0.117529,6936463,805
0.1325,0.0261,-9.7631,0.0056,0.0019,-0.0015,-0.076402,-0.016171,-0.117529,6946963,805
0.1339,-0.0044,-9.8306,0.0009,0.0049,0.0055,-0.076402,-0.016171,-0.117529,6957463,805
0.1019,0.0094,-9.8057,0.0019,0.0009,-0.0004,-0.076402,-0.016171,-0.117529,6967963,805
0.1456,-0.02,-9.8033,0.002,0.0024,-0.0044,-0.076402,-0.016171,-0.117529,6978463,805
0.1562,-0.0231,-9.8465,0.0014,0.0027,0.0055,-0.076402,-0.016171,-0.117529,6988963,805
0.1621,-0.0129,-9.7804,0.0019,0.0006,-0.0011,-0.076402,-0.016171,-0.117529,6999463,805
0.0879,-0.0327,-9.8264,0.0012,-0.0031,-0.001,-0.074462,-0.019071,-0.119083,7009508,806
0.1576,-0.013,-9.8116,-0.0003,-0.0038,-0.002,-0.076512,-0.016565,-0.117834,7019559,807
0.1616,0.0081,-9.8173,-0.0004,0.0042,0.0033,-0.076512,-0.016565,-0.117834,7029562,807
0.169,-0.0406,-9.8387,-0.0008,-0.0002,0.006,-0.076512,-0.016565,-0.117834,7040062,807
0.1064,0.0206,-9.8277,0.0018,0.0006,-0.0018,-0.076512,-0.016565,-0.117834,7050562,807
0.1006,-0.0007,-9.8056,-0.0007,0.0023,-0.0085,-0.076512,-0.016565,-0.117834,7061062,807
0.1065,-0.0039,-9.8451,-0.0015,-0.0008,0.0069,-0.076512,-0.016565,-0.117834,7071562,807
0.1568,-0.0427,-9.7997,-0.0013,-0.0008,0.0007,-0.076512,-0.016565,-0.117834,7082062,807
0.1381,0.0123,-9.8403,0.0003,0.0005,-0.0014,-0.076512,-0.016565,-0.117834,7092562,807
0.1219,-0.0163,-9.8401,-0.0007,-0.0006,-0.0019,-0.076512,-0.016565,-0.117834,7103062,807
0.0914,-0.0053,-9.8494,-0,0.0023,0.0045,-0.076512,-0.016565,-0.117834,7113562,807
0.1583,-0.0177,-9.8064,0.0037,0.0004,0.0025,-0.076512,-0.016565,-0.117834,7124062,807
0.0874,-0.0211,-9.812,0.0008,0.0017,-0.0089,-0.076512,-0.016565,-0.117834,7134562,807
0.1208,-0.0213,-9.8293,0.0013,0.0053,0.001,-0.076512,-0.016565,-0.117834,7145062,807
0.1186,-0.044,-9.8538,-0.0005,-0.0063,0.0097,-0.076512,-0.016565,-0.117834,7155562,807
0.0984,-0.0055,-9.7913,0.0017,0.0022,-0.0054,-0.076512,-0.016565,-0.117834,7166062,807
0.1442,0.0258,-9.8647,-0.0004,-0.0029,-0.0054,-0.076512,-0.016565,-0.117834,7176562,807
0.1726,-0.0203,-9.8051,-0.0014,-0.0076,0.0037,-0.076512,-0.016565,-0.117834,7187062,807
0.1113,-0.0357,-9.8049,0.0006,-0.0031,0.0014,-0.076512,-0.016565,-0.117834,7197562,807
0.1187,-0.0234,-9.8519,-0.0002,-0.0008,0.0003,-0.076512,-0.016565,-0.117834,7208062,807
0.1445,-0.0093,-9.8079,0.0028,0.0016,-0.0078,-0.076512,-0.016565,-0.117834,7218562,807
0.1577,0.0101,-9.8079,0.0014,0.0067,0.0073,-0.076512,-0.016565,-0.117834,7229062,807
0.1453,0.0087,-9.8403,0.0015,-0.0005,0.0023,-0.078716,-0.015469,-0.11748,7239109,808
0.0807,-0.0255,-9.7896,0.0003,-0.0002,-0.007,-0.076913,-0.017116,-0.117677,7249155,809
0.1321,-0.0485,-9.8371,-0.0015,-0.0032,-0.0012,-0.076913,-0.017116,-0.117677,7259655,809
0.1429,0.0073,-9.8067,0.0034,0.0012,0.0022,-0.076913,-0.017116,-0.117677,7269685,809
0.1337,-0.0352,-9.7947,0.002,0.0023,-0.002,-0.076913,-0.017116,-0.117677,7280185,809
0.0415,-0.038,-9.8659,-0.0018,-0.0045,-0.001,-0.076913,-0.017116,-0.117677,7290685,809
0.0855,-0.019,-9.7991,0.0009,-0.0012,-0.0036,-0.076913,-0.017116,-0.117677,7301185,809
0.1068,-0.022,-9.8487,-0.0006,-0.0008,0.0069,-0.076913,-0.017116,-0.117677,7311685,809
0.0795,-0.0388,-9.7895,0.0023,0.0025,0.0003,-0.076913,-0.017116,-0.117677,7322185,809
0.113,0.0273,-9.8313,0.0023,-0.0066,-0.0079,-0.076913,-0.017116,-0.117677,7332685,809
0.1459,0.0235,-9.8344,0.0026,0.0045,0.0059,-0.076913,-0.017116,-0.117677,7343185,809
0.1001,-0.0288,-9.7859,0.0014,-0.0023,-0.0005,-0.076913,-0.017116,-0.117677,7353685,809
0.1064,0.035,-9.7928,-0.0012,0.0013,-0.0017,-0.076913,-0.017116,-0.117677,7364185,809
0.1152,-0.0077,-9.8167,0.0002,0.0032,-0.0025,-0.076913,-0.017116,-0.117677,7374685,809
0.136,0.0103,-9.7874,-0.0026,-0.0032,0.006,-0.076913,-0.017116,-0.117677,7385185,809
0.1039,-0.0369,-9.8629,0.0015,0.001,0.0027,-0.076913,-0.017116,-0.117677,7395685,809
0.0783,0.0008,-9.8077,0.0015,-0.0045,-0.0094,-0.076913,-0.017116,-0.117677,7406185,809
0.1628,0.003,-9.8102,0.0003,-0.005,0.0036,-0.076913,-0.017116,-0.117677,7416685,809
0.127,-0.0471,-9.8163,0.0022,0.0014,0.0049,-0.076913,-0.017116,-0.117677,7427185,809
0.1054,-0.0303,-9.7685,0.0009,0.0034,-0.003,-0.076913,-0.017116,-0.117677,7437685,809
0.1094,0.0033,-9.8304,0.0002,-0.0009,-0.0001,-0.076913,-0.017116,-0.117677,7448185,809
0.1417,-0.0126,-9.7956,0.0003,0.0029,-0.0003,-0.076913,-0.017116,-0.117677,7458685,809
0.1585,-0.0288,-9.815,0.0025,-0.0022,0.0042,-0.075584,-0.017331,-0.120713,7468729,810
0.1316,0.0139,-9.8178,0.0015,0.0038,-0.0055,-0.073068,-0.01862,-0.119293,7478777,811
0.1338,0.0214,-9.8077,-0.0004,0.002,-0.0006,-0.073068,-0.01862,-0.119293,7488805,811
0.1335,-0.0058,-9.8309,-0.0014,-0.0006,0.0073,-0.073068,-0.01862,-0.119293,7499305,811
0.1164,0.0001,-9.8121,-0.0003,0.0012,-0.0007,-0.073068,-0.01862,-0.119293,7509306,811
0.116,0.018,-9.8147,-0.0018,-0.0036,-0.0046,-0.073068,-0.01862,-0.119293,7519806,811
0.1635,-0.0176,-9.8402,-0.0011,0.0021,0.0023,-0.073068,-0.01862,-0.119293,7530306,811
0.1223,-0.0057,-9.829,0.0011,-0.0049,0.0048,-0.073068,-0.01862,-0.119293,7540806,811
0.1154,-0.0387,-9.8385,-0.0026,-0.0024,-0.0017,-0.073068,-0.01862,-0.119293,7551306,811
0.1146,-0.0526,-9.836,0.0011,0.0034,-0.0063,-0.073068,-0.01862,-0.119293,7561806,811
0.1532,0.02,-9.7897,0.0001,-0.0051,0.0047,-0.073068,-0.01862,-0.119293,7572306,811
0.118,-0.0285,-9.8188,0.0019,0.0017,0.0055,-0.073068,-0.01862,-0.119293,7582806,811
0.1159,-0.0571,-9.8004,-0.0011,-0.0015,-0.0121,-0.073068,-0.01862,-0.119293,7593306,811
0.148,-0.0293,-9.8405,0.0046,0.0026,0.0005,-0.073068,-0.01862,-0.119293,7603806,811
0.149,-0.0453,-9.8247,0.0009,0.0038,0.0109,-0.073068,-0.01862,-0.119293,7614306,811
0.1084,-0.0616,-9.7725,0.002,0.0045,-0.0063,-0.073068,-0.01862,-0.119293,7624806,811
0.1656,0.0707,-9.8268,0.0017,-0.005,-0.0044,-0.073068,-0.01862,-0.119293,7635306,811
0.106,0.0256,-9.7912,0.0036,0.0034,0.0002,-0.073068,-0.01862,-0.119293,7645806,811
0.1115,-0.0252,-9.8246,0.0025,0.0024,0.0074,-0.073068,-0.01862,-0.119293,7656306,811
0.133,-0.0352,-9.8175,-0.0013,-0.0007,-0.0086,-0.073068,-0.01862,-0.119293,7666806,811
0.0661,-0.0269,-9.8326,0.0007,-0.0028,-0.0064,-0.073068,-0.01862,-0.119293,7677306,811
0.126,-0.0321,-9.8364,0.0027,0.0026,0.01,-0.073068,-0.01862,-0.119293,7687806,811
0.1214,-0.0066,-9.8064,-0.0008,0.0037,-0.0037,-0.073822,-0.018606,-0.120079,7697852,812
0.1455,0.0117,-9.8363,0.0019,0.0006,-0.0061,-0.074824,-0.016954,-0.118285,7707975,813
0.1582,-0.0371,-9.8663,0.0021,-0.0003,0.0023,-0.074824,-0.016954,-0.118285,7718475,813
0.116,-0.0541,-9.7986,-0.0016,0.0005,0.0028,-0.074824,-0.016954,-0.118285,7728504,813
0.1069,-0.048,-9.7782,0.0032,-0.0008,-0.0035,-0.074824,-0.016954,-0.118285,7739004,813
0.0935,-0.0001,-9.8579,0.0007,-0.0005,-0.0037,-0.074824,-0.016954,-0.118285,7749504,813
0.1256,-0.0349,-9.8234,0.0031,0.0011,0.0054,-0.074824,-0.016954,-0.118285,7760004,813
0.1228,-0.0744,-9.8181,0.0021,-0.001,0.0077,-0.074824,-0.016954,-0.118285,7770504,813
0.119,-0.001,-9.8002,-0.0029,0.0047,-0.0069,-0.074824,-0.016954,-0.118285,7781004,813
0.1585,-0.0189,-9.8305,0.0018,-0.0053,0.0011,-0.074824,-0.016954,-0.118285,7791504,813
0.0928,-0.0135,-9.8028,0.0012,0.0013,0.0023,-0.074824,-0.016954,-0.118285,7802004,813
0.1294,-0.0105,-9.7895,0.0034,0.0019,0.0015,-0.074824,-0.016954,-0.118285,7812504,813
0.0915,-0.0474,-9.8193,-0.0009,-0.0002,-0.0025,-0.074824,-0.016954,-0.118285,7823004,813
0.1097,-0.0082,-9.7896,0.001,-0.0001,-0.006,-0.074824,-0.016954,-0.118285,7833504,813
0.1146,0.0002,-9.8546,0.003,-0.0004,0.006,-0.074824,-0.016954,-0.118285,7844004,813
0.1176,-0.0042,-9.8374,-0.0013,-0.0011,0.0009,-0.074824,-0.016954,-0.118285,7854504,813
0.0491,-0.0078,-9.8121,-0.001,0.0018,-0.0049,-0.074824,-0.016954,-0.118285,7865004,813
0.1533,-0.004,-9.8572,0.0007,-0.0041,0.0041,-0.074824,-0.016954,-0.118285,7875504,813
0.1438,0.0131,-9.825,0.0032,-0.0019,0.0024,-0.074824,-0.016954,-0.118285,7886004,813
0.0869,-0.0455,-9.851,0.0007,0.0007,0.001,-0.074824,-0.016954,-0.118285,7896504,813
0.1341,-0.0175,-9.8176,-0.0011,-0.0007,-0.0028,-0.074824,-0.016954,-0.118285,7907004,813
0.1172,0.0233,-9.8321,-0.0013,-0.0029,0.0029,-0.074824,-0.016954,-0.118285,7917504,813
0.1246,-0.0189,-9.8547,0.0022,0,0.0066,-0.074006,-0.018994,-0.119297,7927556,814
0.1274,-0.0051,-9.7998,-0.0006,0.0009,-0.0056,-0.073977,-0.018408,-0.11956,7937604,815
0.1246,-0.0339,-9.8456,0.0004,-0.0001,-0.001,-0.073977,-0.018408,-0.11956,7947633,815
0.1224,-0.0439,-9.8301,-0.0001,-0.0016,0.0065,-0.073977,-0.018408,-0.11956,7958133,815
0.1364,-0.0155,-9.8148,0.0007,0.0005,0.0011,-0.073977,-0.018408,-0.11956,7968633,815
0.0831,-0.0066,-9.8846,-0.001,-0.0007,-0.0042,-0.073977,-0.018408,-0.11956,7979133,815
0.1007,0.0302,-9.7788,0.0033,0.0026,-0.0024,-0.073977,-0.018408,-0.11956,7989633,815
0.1341,0.0077,-9.8091,-0.0005,-0.0066,0.0013,-0.073977,-0.018408,-0.11956,8000133,815
0.1611,0.0118,-9.7856,0.0032,0.0002,-0.0014,-0.073977,-0.018408,-0.11956,8010633,815
0.1104,-0.0235,-9.7949,0.0005,-0.0014,-0.0037,-0.073977,-0.018408,-0.11956,8021133,815
0.1383,-0.0315,-9.8621,0.0013,-0.001,0.0058,-0.073977,-0.018408,-0.11956,8031633,815
0.1295,-0.0227,-9.8179,0.0018,0.0036,0.0004,-0.073977,-0.018408,-0.11956,8042133,815
0.0818,0.0124,-9.8193,0.0008,0.0022,-0.002,-0.073977,-0.018408,-0.11956,8052633,815
0.094,-0.0068,-9.8613,0.0019,0.0007,-0.0015,-0.073977,-0.018408,-0.11956,8063133,815
0.1323,0.006,-9.8097,-0.0022,-0.0041,0.0007,-0.073977,-0.018408,-0.11956,8073633,815
0.1557,-0.0113,-9.8249,-0.0004,-0.0023,0.0034,-0.073977,-0.018408,-0.11956,8084133,815
0.1212,0.0035,-9.8875,-0.0001,0.0023,-0.0016,-0.073977,-0.018408,-0.11956,8094633,815
0.0956,0.0296,-9.8286,-0.0001,0.0013,-0.0037,-0.073977,-0.018408,-0.11956,8105133,815
0.1272,-0.0131,-9.8756,0.0007,-0.0016,0.0083,-0.073977,-0.018408,-0.11956,8115633,815
0.1454,0.0412,-9.8077,0.0013,-0.0044,-0.0031,-0.073977,-0.018408,-0.11956,8126133,815
0.1033,-0.0047,-9.7877,0.0023,-0.0003,-0.0066,-0.073977,-0.018408,-0.11956,8136633,815
0.1623,0.0127,-9.8265,-0.0008,0.0009,-0.0007,-0.073977,-0.018408,-0.11956,8147133,815
0.1423,0.0132,-9.797,0.0042,0.0032,-0.0023,-0.073977,-0.018408,-0.11956,8157633,815
0.1207,0.0437,-9.8131,-0.0003,-0.001,-0.0003,-0.073222,-0.018119,-0.118442,8167686,816
0.1074,-0.0474,-9.8121,0.0001,0.0006,-0.008,-0.074471,-0.018432,-0.120291,8177733,817
0.1458,-0.0236,-9.8303,0.0006,0.0049,-0.0005,-0.074471,-0.018432,-0.120291,8187736,817
0.108,-0.042,-9.848,0.0025,-0.0008,0.0029,-0.074471,-0.018432,-0.120291,8198236,817
0.1512,-0.032,-9.8115,0.0003,-0.0025,-0.0076,-0.074471,-0.018432,-0.120291,8208736,817
0.1211,-0.0181,-9.8251,0.0018,-0.0006,0.0002,-0.074471,-0.018432,-0.120291,8219236,817
0.1111,-0.0468,-9.8247,0.0013,-0.0051,0.0034,-0.074471,-0.018432,-0.120291,8229736,817
0.0848,-0.0385,-9.8189,0.0018,0.0002,-0.004,-0.074471,-0.018432,-0.120291,8240236,817
0.1085,0.0398,-9.8281,0.0011,-0.0026,-0.002,-0.074471,-0.018432,-0.120291,8250736,817
0.14,-0.0318,-9.8284,0.0023,-0.001,-0.0017,-0.074471,-0.018432,-0.120291,8261236,817
0.1164,0.0224,-9.8019,-0.0001,-0.0009,0.0005,-0.074471,-0.018432,-0.120291,8271736,817
0.1004,0.0127,-9.8175,0.0015,0.0014,0.0042,-0.074471,-0.018432,-0.120291,8282236,817
0.1285,0.0306,-9.8213,-0.0018,0.0041,-0.002,-0.074471,-0.018432,-0.120291,8292736,817
0.079,0.021,-9.8569,-0.0018,-0.0001,0.0025,-0.074471,-0.018432,-0.120291,8303236,817
0.0853,-0.0073,-9.8236,0.0015,-0.0001,0.0036,-0.074471,-0.018432,-0.120291,8313736,817
0.1614,-0.0199,-9.8103,-0.0004,-0.0039,-0.0014,-0.074471,-0.018432,-0.120291,8324236,817
0.1232,-0.0009,-9.8673,-0.0008,0.0016,0.0017,-0.074471,-0.018432,-0.120291,8334736,817
0.1006,-0.0015,-9.8085,-0.0005,0.0057,-0.0014,-0.074471,-0.018432,-0.120291,8345236,817
0.1451,-0.0159,-9.8546,0.0007,0.0003,0.0037,-0.074471,-0.018432,-0.120291,8355736,817
0.1194,-0.0367,-9.8892,0.0008,-0.0029,0.0017,-0.074471,-0.018432,-0.120291,8366236,817
0.0987,-0.0228,-9.8153,0.0005,0.0025,-0.0067,-0.074471,-0.018432,-0.120291,8376736,817
0.123,-0.0298,-9.8488,0.0006,-0.0023,0.0023,-0.074471,-0.018432,-0.120291,8387236,817
0.1244,-0.0327,-9.7884,-0.002,-0.002,0.0026,-0.074471,-0.018432,-0.120291,8397736,817
0.1133,-0,-9.8117,0.0018,0.0027,-0.0024,-0.074471,-0.018432,-0.120291,8408236,817
0.1303,0.0004,-9.866,0.0018,0.0068,-0.0003,-0.074471,-0.018432,-0.120291,8418736,817
0.1483,0.0206,-9.8241,0.0019,-0.0004,-0.0005,-0.074471,-0.018432,-0.120291,8429236,817
0.1287,-0.0243,-9.8284,0.0009,-0.002,0.0021,-0.074471,-0.018432,-0.120291,8439736,817
0.0409,-0.0148,-9.8592,0.002,-0.0024,-0.0019,-0.073223,-0.020037,-0.120175,8449784,818
0.0561,-0.066,-9.8313,-0.0014,-0.0029,-0.0038,-0.066811,-0.019265,-0.115671,8459828,819
0.1385,-0.0194,-9.8496,0.0053,-0.0032,0.0063,-0.066811,-0.019265,-0.115671,8469829,819
0.1711,-0.0121,-9.7519,0.0012,-0.0012,0.0031,-0.066811,-0.019265,-0.115671,8480329,819
0.1596,-0.0101,-9.7889,0.0044,0.0023,-0.0062,-0.066811,-0.019265,-0.115671,8490362,819
0.1112,0.0291,-9.8318,0.0002,0.0014,0.0002,-0.066811,-0.019265,-0.115671,8500862,819
0.1288,-0.0141,-9.7739,0.0023,0.0036,-0.0025,-0.066811,-0.019265,-0.115671,8511362,819
0.1017,-0.0465,-9.8021,0.0001,0.0011,0.0032,-0.066811,-0.019265,-0.115671,8521862,819
0.1081,-0.0079,-9.7943,0.0017,-0.0021,-0.0036,-0.066811,-0.019265,-0.115671,8532362,819
0.1146,0.0259,-9.782,0.0018,0.0025,-0.0042,-0.066811,-0.019265,-0.115671,8542862,819
0.1246,-0.0833,-9.8481,0.002,-0.009,0.0067,-0.066811,-0.019265,-0.115671,8553362,819
0.1483,-0.0168,-9.7479,-0,-0.0016,-0.0027,-0.066811,-0.019265,-0.115671,8563862,819
0.0704,0.0555,-9.8198,-0.0002,0.0009,-0.0058,-0.066811,-0.019265,-0.115671,8574362,819
0.1061,-0.0238,-9.8335,-0.0015,-0.0014,0.0084,-0.066811,-0.019265,-0.115671,8584862,819
0.1003,-0.0198,-9.8203,-0.0003,0.0007,-0.0033,-0.066811,-0.019265,-0.115671,8595362,819
0.0707,0.0098,-9.8553,-0.001,-0.0038,-0.0009,-0.066811,-0.019265,-0.115671,8605862,819
0.1158,0.0183,-9.8246,0.0015,0.0001,0.0017,-0.073299,-0.02066,-0.11932,8615912,820
0.1227,-0.0363,-9.8015,-0.0015,0.0015,-0.0038,-0.073299,-0.02066,-0.11932,8626411,820
0.1115,-0.0251,-9.8615,-0.0006,-0.003,0.0051,-0.073299,-0.02066,-0.11932,8636911,820
0.0861,0.0021,-9.7777,-0.0004,-0.0022,0.0016,-0.073299,-0.02066,-0.11932,8647411,820
0.1108,-0.0182,-9.8208,-0.0015,-0.0018,-0.0071,-0.073299,-0.02066,-0.11932,8657911,820
0.1535,-0.0139,-9.7947,-0,-0.0024,0.0019,-0.073299,-0.02066,-0.11932,8668411,820
0.1804,-0.0357,-9.7901,0.003,0.0043,0.0012,-0.073299,-0.02066,-0.11932,8678911,820
0.1642,0.0292,-9.8775,-0.0021,-0.005,-0.0021,-0.073299,-0.02066,-0.11932,8689411,820
0.1333,0.0122,-9.8287,0.001,-0.0052,0.0039,-0.073299,-0.02066,-0.11932,8699911,820
0.1037,-0.0343,-9.7575,0.0011,-0.0004,-0.0032,-0.073299,-0.02066,-0.11932,8710411,820
0.073,-0.0262,-9.8546,-0.0003,-0.0022,-0.0005,-0.073707,-0.018287,-0.118878,8720457,821
0.115,-0.0138,-9.8677,0.0022,-0.0063,0.0044,-0.073707,-0.018287,-0.118878,8730465,821
0.1398,-0.0233,-9.8517,0.0001,0.0028,-0.0064,-0.073707,-0.018287,-0.118878,8740965,821
0.0843,-0.0426,-9.8536,-0.0004,-0.0028,0.0017,-0.073707,-0.018287,-0.118878,8751465,821
0.112,-0.009,-9.7862,-0.0013,0.0008,0.0033,-0.073707,-0.018287,-0.118878,8761965,821
0.0786,-0.008,-9.8132,0.0006,-0.0024,0.0012,-0.073707,-0.018287,-0.118878,8772465,821
0.0997,-0.0246,-9.7991,-0.0028,0.0002,-0.0025,-0.073707,-0.018287,-0.118878,8782965,821
0.1494,-0.0373,-9.8324,-0.0004,-0.0039,-0.0011,-0.073707,-0.018287,-0.118878,8793465,821
0.16,0.025,-9.8135,0.0008,-0.0003,0.0028,-0.073707,-0.018287,-0.118878,8803965,821
0.1395,-0.0543,-9.7926,-0.002,0.0002,0.0047,-0.073707,-0.018287,-0.118878,8814465,821
0.1546,0.0251,-9.8173,0.0024,0.0022,-0.007,-0.073707,-0.018287,-0.118878,8824965,821
0.1177,0.0491,-9.8416,0.0023,-0.0013,0.003,-0.073707,-0.018287,-0.118878,8835465,821
0.1154,-0.0369,-9.7581,-0.0004,0.0037,0.0065,-0.073707,-0.018287,-0.118878,8845965,821
0.1459,0.0117,-9.7993,0.0013,0.0049,-0.0073,-0.074828,-0.016607,-0.119377,8856009,822
0.0834,-0.0235,-9.8266,0.0003,0.0061,-0.0005,-0.074828,-0.016607,-0.119377,8866509,822
0.0939,-0.0388,-9.802,-0.0004,-0.0014,0.0023,-0.074828,-0.016607,-0.119377,8877009,822
0.1579,-0.0395,-9.7948,0.0009,-0.0016,-0.0034,-0.074828,-0.016607,-0.119377,8887509,822
0.1227,0.013,-9.7976,0.0005,-0.0018,0.0036,-0.074828,-0.016607,-0.119377,8898009,822
0.1097,-0.0108,-9.8476,-0.0008,-0.0021,-0.0015,-0.074828,-0.016607,-0.119377,8908509,822
0.1203,-0.0258,-9.8316,0.0024,0.0008,-0.0012,-0.074828,-0.016607,-0.119377,8919009,822
0.116,-0.03,-9.8248,0.002,-0.0047,0.0051,-0.074828,-0.016607,-0.119377,8929509,822
0.0806,-0.0128,-9.7975,-0.0018,0.0002,-0.0047,-0.074828,-0.016607,-0.119377,8940009,822
0.1414,0.0143,-9.783,0.0021,-0.0004,-0.0055,-0.076539,-0.016947,-0.118916,8950053,823
0.142,0.0199,-9.8251,0.0009,0.0017,0.0064,-0.076539,-0.016947,-0.118916,8960553,823
0.1631,0.0219,-9.8169,0.0002,0.001,-0.0009,-0.076539,-0.016947,-0.118916,8970587,823
0.1392,0.0134,-9.8468,-0.0017,-0.0008,-0.0021,-0.076539,-0.016947,-0.118916,8981087,823
0.1207,-0.0476,-9.8316,0.0002,-0.0014,0.0038,-0.076539,-0.016947,-0.118916,8991587,823
0.0859,-0.028,-9.8555,-0.0007,0.004,-0.0007,-0.076539,-0.016947,-0.118916,9002087,823
0.1552,0.015,-9.8664,-0.0022,0.0019,0.0015,-0.076539,-0.016947,-0.118916,9012587,823
0.0996,-0.0038,-9.8112,0.0017,-0.0012,-0.0041,-0.076539,-0.016947,-0.118916,9023087,823
0.1532,0.0045,-9.8007,-0.0017,0.0028,-0.0048,-0.076539,-0.016947,-0.118916,9033587,823
0.0959,-0.0247,-9.818,0.0001,0.0006,0.0072,-0.076539,-0.016947,-0.118916,9044087,823
0.1423,-0.0459,-9.8563,0.0012,0.0043,-0.0021,-0.076539,-0.016947,-0.118916,9054587,823
0.135,0.0088,-9.8419,0.0002,-0.0018,-0.0077,-0.076539,-0.016947,-0.118916,9065087,823
0.0991,-0.0371,-9.8683,0.0001,0.0034,0.0063,-0.076539,-0.016947,-0.118916,9075587,823
0.1401,-0.0147,-9.7969,0.0004,0.004,0.0062,-0.075539,-0.016952,-0.118719,9085633,824
0.1202,-0.0464,-9.8123,-0.0011,-0.0022,-0.0041,-0.075539,-0.016952,-0.118719,9096133,824
0.1045,0.0104,-9.753,-0.0004,0.0006,0.0004,-0.075539,-0.016952,-0.118719,9106633,824
0.1427,-0.0499,-9.8237,0.0009,0.0024,-0.0002,-0.075539,-0.016952,-0.118719,9117133,824
0.1555,0.0221,-9.8017,0.0015,-0.0036,0.0012,-0.075539,-0.016952,-0.118719,9127633,824
0.0974,-0.0371,-9.8185,0.0005,0.0003,0.0018,-0.075539,-0.016952,-0.118719,9138133,824
0.1181,-0.0367,-9.7956,0.001,0.0059,-0.0061,-0.075539,-0.016952,-0.118719,9148633,824
0.12,-0.0109,-9.8,-0.0026,0.0002,-0.001,-0.075539,-0.016952,-0.118719,9159133,824
0.1292,0.0235,-9.8323,0.0025,0.0012,0.0041,-0.075539,-0.016952,-0.118719,9169633,824
0.1231,0.0043,-9.8279,-0.0025,0.0024,-0.003,-0.075539,-0.016952,-0.118719,9180133,824
0.0688,-0.0196,-9.8715,0.0005,0.0046,-0.0008,-0.075016,-0.016663,-0.118632,9190180,825
0.1172,-0.0336,-9.8232,-0.0013,0.0019,-0.0006,-0.075016,-0.016663,-0.118632,9200680,825
0.1515,0.0023,-9.8158,0.0002,-0.0009,-0.0007,-0.075016,-0.016663,-0.118632,9210686,825
0.1356,0.0007,-9.8338,0.0003,-0.0019,0.0062,-0.075016,-0.016663,-0.118632,9221186,825
0.1242,-0.0188,-9.7809,0.001,-0.0019,-0.0045,-0.075016,-0.016663,-0.118632,9231686,825
0.1605,-0.0038,-9.8259,0.0035,0.0042,-0.0024,-0.075016,-0.016663,-0.118632,9242186,825
0.117,0.0054,-9.8399,-0.0011,-0.0066,0.0078,-0.075016,-0.016663,-0.118632,9252686,825
0.105,-0.0089,-9.7995,-0.0012,-0.001,-0.0042,-0.075016,-0.016663,-0.118632,9263186,825
0.1145,0.0137,-9.8078,-0.0011,0.0019,-0.0063,-0.075016,-0.016663,-0.118632,9273686,825
0.1172,0.0298,-9.8203,0.0007,0.0038,0.0078,-0.075016,-0.016663,-0.118632,9284186,825
0.0959,-0.0603,-9.7973,0.0035,0,-0.0013,-0.075016,-0.016663,-0.118632,9294686,825
0.1356,-0.0003,-9.8513,-0.0025,-0.0057,-0.0033,-0.075016,-0.016663,-0.118632,9305186,825
0.1081,-0.017,-9.8216,0.0034,0.0003,0.0025,-0.077276,-0.014175,-0.117814,9315234,826
0.1394,0.0162,-9.8066,0.0002,-0.0012,-0.0011,-0.079412,-0.01356,-0.116549,9325286,827
0.1172,0.0084,-9.7947,-0.0014,-0.002,0.0023,-0.079412,-0.01356,-0.116549,9335786,827
0.1241,0.0278,-9.7878,0.0029,0.0032,-0.0071,-0.079412,-0.01356,-0.116549,9345792,827
0.1503,0.0307,-9.8109,-0.0013,0.0006,-0.0034,-0.079412,-0.01356,-0.116549,9356292,827
0.1514,-0.0309,-9.8512,-0.0012,-0.0041,0.0096,-0.079412,-0.01356,-0.116549,9366322,827
0.0844,-0.0128,-9.8057,-0.0011,-0.0009,-0.0074,-0.079412,-0.01356,-0.116549,9376822,827
0.1372,0.0263,-9.806,0.0005,-0.0066,-0.0057,-0.079412,-0.01356,-0.116549,9387322,827
0.1124,-0.0482,-9.8817,-0.0021,0.0037,0.0078,-0.079412,-0.01356,-0.116549,9397822,827
0.1308,-0.0417,-9.7761,-0.0002,0.0009,0.0007,-0.079412,-0.01356,-0.116549,9408322,827
0.111,-0.0118,-9.8292,-0.0009,0.0009,-0.0015,-0.079412,-0.01356,-0.116549,9418822,827
0.1014,-0.019,-9.8144,0.001,-0.0018,-0.0022,-0.079412,-0.01356,-0.116549,9429322,827
0.1155,-0.0383,-9.8403,0,-0.001,-0.0001,-0.079412,-0.01356,-0.116549,9439822,827
0.1191,-0.0221,-9.8669,-0.0017,-0.0024,0.0048,-0.079412,-0.01356,-0.116549,9450322,827
0.1101,0.004,-9.7971,-0.0007,0.0008,-0.0034,-0.079412,-0.01356,-0.116549,9460822,827
0.0867,-0.0192,-9.8356,0.001,-0.0034,0.004,-0.079412,-0.01356,-0.116549,9471322,827
0.114,0.0063,-9.8207,0.0008,0.0023,0.004,-0.079412,-0.01356,-0.116549,9481822,827
0.107,0.0039,-9.8084,0.0002,0.0042,-0.0041,-0.079412,-0.01356,-0.116549,9492322,827
0.1098,0.0429,-9.8262,0.0013,-0.0022,-0.0014,-0.079412,-0.01356,-0.116549,9502822,827
0.1249,-0.0206,-9.7887,0.0023,0.0033,0,-0.079412,-0.01356,-0.116549,9513322,827
0.1339,-0.0044,-9.8369,-0.0012,0.0013,0.0009,-0.079412,-0.01356,-0.116549,9523822,827
0.1147,0.0162,-9.8509,-0.0004,-0.0013,-0.0015,-0.079412,-0.01356,-0.116549,9534322,827
0.0944,-0.0151,-9.7854,-0.0001,0.006,-0.0053,-0.078905,-0.016155,-0.118845,9544367,828
0.1673,-0.0027,-9.8059,0.0014,-0.0037,0.0046,-0.078905,-0.016155,-0.118845,9554867,828
0.1149,-0.0512,-9.8169,0.0006,-0.003,0.0039,-0.078905,-0.016155,-0.118845,9565367,828
0.1049,-0.033,-9.7974,-0.0005,-0.0029,-0.0076,-0.078905,-0.016155,-0.118845,9575867,828
0.1169,-0.0266,-9.8292,-0.0003,0.0012,0.0027,-0.078905,-0.016155,-0.118845,9586367,828
0.1627,-0.0154,-9.8097,0.0002,-0.0003,-0.0003,-0.078905,-0.016155,-0.118845,9596867,828
0.1457,-0.0157,-9.8232,-0.0001,-0.0014,-0.0003,-0.078905,-0.016155,-0.118845,9607367,828
0.0947,-0.0531,-9.8742,-0.0009,0.0001,-0.0025,-0.078905,-0.016155,-0.118845,9617867,828
0.1299,-0.012,-9.803,0.0008,0.0037,0.0021,-0.078905,-0.016155,-0.118845,9628367,828
0.1172,0.0136,-9.8597,-0.0019,-0.0012,0.0081,-0.078905,-0.016155,-0.118845,9638867,828
0.1338,0.0114,-9.8178,0.0019,0.0012,-0.0062,-0.078139,-0.016619,-0.117955,9648911,829
0.1086,-0.0093,-9.825,0.0007,0.0016,-0.003,-0.078139,-0.016619,-0.117955,9659411,829
0.1064,-0.0441,-9.8167,0.0009,0.0008,0.0001,-0.078139,-0.016619,-0.117955,9669439,829
0.0934,-0.0196,-9.7594,0.0016,-0.0022,-0,-0.078139,-0.016619,-0.117955,9679939,829
0.0688,-0.0218,-9.8288,-0,-0.0021,-0.0003,-0.078139,-0.016619,-0.117955,9690439,829
0.1182,0.0159,-9.8301,-0.0004,-0.0004,-0.0044,-0.078139,-0.016619,-0.117955,9700939,829
0.1062,0.0268,-9.7861,0.0021,-0.0016,0.0006,-0.078139,-0.016619,-0.117955,9711439,829
0.1562,-0.0568,-9.8518,-0.001,-0.0004,0.0055,-0.078139,-0.016619,-0.117955,9721939,829
0.0999,-0.013,-9.7612,0.0016,0.0047,-0.0054,-0.078139,-0.016619,-0.117955,9732439,829
0.1444,-0.0106,-9.8051,-0.0003,0.0008,-0.0021,-0.078139,-0.016619,-0.117955,9742939,829
0.1412,-0.0704,-9.8598,0.0025,-0.0016,0.0035,-0.078139,-0.016619,-0.117955,9753439,829
0.1675,-0.0126,-9.8249,-0.0009,-0.0032,0.0042,-0.076891,-0.015961,-0.119104,9763483,830
0.1253,-0.0191,-9.832,-0.0014,-0.0006,-0.0027,-0.076891,-0.015961,-0.119104,9773983,830
0.1274,-0.0207,-9.7965,0.0001,0.0006,-0.0056,-0.076891,-0.015961,-0.119104,9784483,830
0.1031,-0.0118,-9.7623,0.0003,-0.0005,0.0058,-0.076891,-0.015961,-0.119104,9794983,830
0.1366,-0.0175,-9.8122,0.0009,0.0031,0.0023,-0.076891,-0.015961,-0.119104,9805483,830
0.1133,-0.0032,-9.7624,0.0003,-0.0018,-0.0084,-0.076891,-0.015961,-0.119104,9815983,830
0.1681,-0.0585,-9.8312,0.0013,0.0001,0.006,-0.076891,-0.015961,-0.119104,9826483,830
0.1252,-0.072,-9.8383,0.0023,0.002,0.003,-0.076891,-0.015961,-0.119104,9836983,830
0.1205,-0.0261,-9.8047,-0.0003,-0.0003,-0.0068,-0.076891,-0.015961,-0.119104,9847483,830
0.1425,0.0321,-9.851,-0.0001,-0.0022,-0.0025,-0.076891,-0.015961,-0.119104,9857983,830
0.1483,-0.0176,-9.7859,0.0011,-0.0044,0.0043,-0.076891,-0.015961,-0.119104,9868483,830
0.1343,-0.0059,-9.8345,-0.0022,-0.0016,0.0053,-0.073537,-0.019367,-0.122448,9878529,831
0.1365,-0.0206,-9.8489,0.0011,-0.0046,-0.0085,-0.073537,-0.019367,-0.122448,9888531,831
0.1386,0.0494,-9.802,0.001,0.0041,-0.0003,-0.073537,-0.019367,-0.122448,9899031,831
0.1337,-0.0279,-9.8571,0.0027,0.0014,0.0092,-0.073537,-0.019367,-0.122448,9909531,831
0.1044,-0.0265,-9.8424,-0.0012,-0.0058,-0.0034,-0.073537,-0.019367,-0.122448,9920031,831
0.0772,0.0307,-9.8395,0.0025,0.0004,-0.0054,-0.073537,-0.019367,-0.122448,9930531,831
0.1105,-0.0485,-9.8351,0.0019,0.0024,0.0044,-0.073537,-0.019367,-0.122448,9941031,831
0.122,-0.0285,-9.8339,-0.0012,0.0002,-0.0009,-0.073537,-0.019367,-0.122448,9951531,831
0.1422,0.0014,-9.8593,-0.0013,0.0026,-0.0009,-0.073537,-0.019367,-0.122448,9962031,831
0.1443,-0.0222,-9.8274,-0.0002,-0.0001,-0.0031,-0.073537,-0.019367,-0.122448,9972531,831
0.1217,-0.0003,-9.8494,0.0007,0.0004,0.0023,-0.073537,-0.019367,-0.122448,9983031,831
0.1602,-0.0355,-9.8398,-0.0013,-0.006,0.006,-0.073537,-0.019367,-0.122448,9993531,831
0.0785,0.0224,-9.8389,-0.0031,-0.001,-0.0029,-0.073537,-0.019367,-0.122448,10004031,831
0.1015,0.0008,-9.8549,0.0011,0.0026,-0.0011,-0.076924,-0.016495,-0.119421,10014077,832
0.1461,0.0171,-9.8506,-0.0008,-0.0015,0.0045,-0.076924,-0.016495,-0.119421,10024577,832
0.1424,0.0323,-9.7712,0.0037,-0.0008,0.0021,-0.076924,-0.016495,-0.119421,10035077,832
0.103,-0.0434,-9.8545,-0.0008,-0.0037,0.001,-0.076924,-0.016495,-0.119421,10045577,832
0.1158,-0.0203,-9.7844,-0.0007,-0.0008,-0.0032,-0.076924,-0.016495,-0.119421,10056077,832
0.118,-0.0239,-9.8024,-0.0012,0.0003,0.0049,-0.076924,-0.016495,-0.119421,10066577,832
0.1315,-0.0398,-9.8627,0.0002,0.0023,0.0085,-0.076924,-0.016495,-0.119421,10077077,832
0.1382,-0.0121,-9.852,0.0002,-0.0012,-0.0076,-0.076924,-0.016495,-0.119421,10087577,832
0.1686,0.0177,-9.846,-0.0017,-0.0017,0.0011,-0.076924,-0.016495,-0.119421,10098077,832
0.0913,-0.0167,-9.8302,-0.0022,-0.0005,0.006,-0.076029,-0.017272,-0.119994,10108123,833
0.1299,-0.0242,-9.8262,-0.0001,0.0041,-0.0005,-0.076029,-0.017272,-0.119994,10118623,833
0.14,0.0063,-9.8106,0.0011,-0.0028,-0.0069,-0.076029,-0.017272,-0.119994,10128651,833
0.1353,0.0184,-9.8016,0.0006,0.0025,-0.001,-0.076029,-0.017272,-0.119994,10139151,833
0.1435,0.0087,-9.8156,0.0003,-0.0006,0.0074,-0.076029,-0.017272,-0.119994,10149651,833
0.0914,-0.0375,-9.7836,0.0005,0.0009,-0.0027,-0.076029,-0.017272,-0.119994,10160151,833
0.1453,0.0178,-9.832,0.0009,-0.0016,-0.0056,-0.076029,-0.017272,-0.119994,10170651,833
0.1589,-0.0707,-9.8565,0.0017,0.0042,0.0055,-0.076029,-0.017272,-0.119994,10181151,833
0.1239,-0.0396,-9.793,0.0001,0.0005,-0.0019,-0.076029,-0.017272,-0.119994,10191651,833
0.1323,-0.0185,-9.8336,0.0025,0.0025,-0.0006,-0.076029,-0.017272,-0.119994,10202151,833
0.1439,-0.0054,-9.8327,-0.0003,0.0032,0.0002,-0.076029,-0.017272,-0.119994,10212651,833
0.1173,-0.0281,-9.7805,0.0004,0.0045,0.0001,-0.076029,-0.017272,-0.119994,10223151,833
0.1384,-0.0574,-9.8533,-0.0008,-0.0003,0.0046,-0.076029,-0.017272,-0.119994,10233651,833
0.1267,-0.0098,-9.8076,0.0014,0.004,-0.0017,-0.06715,-0.022199,-0.119351,10243704,834
0.0848,-0.0282,-9.8455,0.0002,-0.0026,0.0072,-0.06715,-0.022199,-0.119351,10254204,834
0.0947,-0.0728,-9.8299,0.0016,-0.0041,0.0004,-0.06715,-0.022199,-0.119351,10264704,834
0.1622,0.018,-9.7653,-0.0019,-0.0018,-0.0069,-0.06715,-0.022199,-0.119351,10275204,834
0.0895,-0.0368,-9.835,0.0023,0.0013,0.0031,-0.06715,-0.022199,-0.119351,10285704,834
0.109,-0.037,-9.7795,0.002,-0.004,-0.0016,-0.06715,-0.022199,-0.119351,10296204,834
0.1593,-0.0212,-9.8304,0.0013,-0.0016,0.0017,-0.06715,-0.022199,-0.119351,10306704,834
0.1639,-0.0082,-9.8283,0.0009,0.0007,0.0027,-0.06715,-0.022199,-0.119351,10317204,834
0.1102,0.0326,-9.8083,-0.0003,0.001,-0.0045,-0.06715,-0.022199,-0.119351,10327704,834
0.1248,0.0046,-9.8338,-0.0005,-0.0032,0.0004,-0.071338,-0.018027,-0.117865,10337749,835
0.1551,-0.026,-9.8494,-0.0008,-0.0018,-0.001,-0.071338,-0.018027,-0.117865,10347779,835
0.177,0.0384,-9.7846,0.0008,0.0014,-0.0041,-0.071338,-0.018027,-0.117865,10358279,835
0.1081,0.0032,-9.8363,0.0012,-0.0005,0.0035,-0.071338,-0.018027,-0.117865,10368283,835
0.1131,-0.0506,-9.8211,-0.0023,-0.0011,-0.0064,-0.071338,-0.018027,-0.117865,10378783,835
0.1587,0.0069,-9.8556,0.0008,0.0004,0.0005,-0.071338,-0.018027,-0.117865,10389283,835
0.1212,-0.0176,-9.8337,-0.0009,-0.0017,0.0111,-0.071338,-0.018027,-0.117865,10399783,835
0.1203,-0.0292,-9.8222,-0.0016,0.0018,-0.0075,-0.071338,-0.018027,-0.117865,10410283,835
0.1141,0.0165,-9.8823,-0.0015,-0.0027,0.0001,-0.071338,-0.018027,-0.117865,10420783,835
0.1795,0.0313,-9.7842,-0.0005,-0.0002,0.003,-0.071338,-0.018027,-0.117865,10431283,835
0.1204,-0.0402,-9.7928,0.0025,0.0024,-0.003,-0.071338,-0.018027,-0.117865,10441783,835
0.0881,0.0014,-9.8566,0.0006,-0.0072,0.0035,-0.071338,-0.018027,-0.117865,10452283,835
0.1035,0.0102,-9.7676,-0,0.0002,-0.0009,-0.071338,-0.018027,-0.117865,10462783,835
0.1334,-0.0051,-9.8255,0.0002,0.0001,0.0001,-0.071338,-0.018027,-0.117865,10473283,835
0.1322,-0.0493,-9.8042,-0.0012,-0.004,0.004,-0.071338,-0.018027,-0.117865,10483783,835
0.0895,0.002,-9.8244,-0.0014,-0.0005,-0.0049,-0.075788,-0.018395,-0.121781,10493827,836
0.1362,-0.0715,-9.8681,0.0002,0.0005,-0.0077,-0.075788,-0.018395,-0.121781,10503855,836
0.1522,0.0439,-9.8075,0.0026,0.0004,0.0014,-0.075788,-0.018395,-0.121781,10514355,836
0.1656,-0.019,-9.8498,-0.001,-0.0027,0.0076,-0.075788,-0.018395,-0.121781,10524383,836
0.1273,-0.0036,-9.8417,0.0023,-0.0013,-0.002,-0.075788,-0.018395,-0.121781,10534883,836
0.1401,0.0567,-9.7953,-0.0032,0.001,-0.0018,-0.075788,-0.018395,-0.121781,10545383,836
0.1543,0.0079,-9.8241,-0.0007,0.0019,0.0123,-0.075788,-0.018395,-0.121781,10555883,836
0.147,-0.0327,-9.8968,-0.0004,0.0017,0.0013,-0.075788,-0.018395,-0.121781,10566383,836
0.1457,-0.0102,-9.819,0.0004,-0.0009,-0.0105,-0.075788,-0.018395,-0.121781,10576883,836
0.1302,0.0517,-9.8252,0.0007,-0.0018,0.0087,-0.076802,-0.01902,-0.122228,10586928,837
0.0851,-0.1773,-9.7419,-0.0062,-0.0027,-0.0081,-0.076802,-0.01902,-0.122228,10597428,837
0.2683,0.0154,-9.8065,-0.0069,-0.0087,-0.0853,-0.076802,-0.01902,-0.122228,10607928,837
0.3001,0.1733,-9.8387,-0.061,0.0121,-0.0287,-0.076802,-0.01902,-0.122228,10618428,837
0.2863,-0.3028,-10.1192,0.0602,-0.0113,-0.0356,-0.076802,-0.01902,-0.122228,10628928,837
0.4357,-0.1177,-10.1019,-0.0296,-0.0293,-0.1491,-0.076802,-0.01902,-0.122228,10639428,837
1.1468,-0.4133,-10.4822,-0.0726,-0.1384,-0.215,-0.076802,-0.01902,-0.122228,10649928,837
0.9411,-1.0923,-11.3073,-0.0862,-0.1251,-0.225,-0.076802,-0.01902,-0.122228,10660428,837
1.2692,0.6309,-12.491,-0.1125,-0.3418,-0.5146,-0.076802,-0.01902,-0.122228,10670928,837
0.8983,-0.9276,-13.4674,-0.0652,-0.5644,-0.9267,-0.076802,-0.01902,-0.122228,10681428,837
0.6668,-0.0183,-15.3409,0.1353,-0.82,-1.3427,-0.076802,-0.01902,-0.122228,10691928,837
0.4337,0.7895,-16.012,0.51,-1.0075,-1.6999,-0.074823,-0.02123,-0.124366,10701974,838
-0.2419,1.005,-16.7815,1.0744,-1.0103,-1.9476,-0.074823,-0.02123,-0.124366,10712474,838
-0.5432,1.657,-16.1207,1.6935,-0.9139,-2.1497,-0.074823,-0.02123,-0.124366,10722503,838
-0.9007,1.7678,-16.1668,2.3127,-0.7747,-2.2687,-0.074823,-0.02123,-0.124366,10733003,838
-0.6321,1.9255,-14.6239,2.8506,-0.5044,-2.2931,-0.074823,-0.02123,-0.124366,10743503,838
-0.7759,1.6657,-14.5177,3.2583,-0.2393,-2.2616,-0.074823,-0.02123,-0.124366,10754003,838
-0.7934,0.2638,-13.5609,3.3901,0.0309,-2.103,-0.074823,-0.02123,-0.124366,10764503,838
-0.906,-0.5611,-14.4749,3.3198,0.3795,-1.8335,-0.074823,-0.02123,-0.124366,10775003,838
-0.8394,0.038,-15.802,2.8416,0.8394,-1.4952,-0.074823,-0.02123,-0.124366,10785503,838
-2.0993,-3.6798,-16.9847,1.8807,1.3448,-1.2768,-0.074823,-0.02123,-0.124366,10796003,838
-2.3364,-4.55,-19.963,0.5811,2.0089,-1.1964,-0.082787,-0.018471,-0.138457,10806049,839
-2.5824,-3.4968,-21.3042,-0.8701,2.8524,-0.979,-0.082787,-0.018471,-0.138457,10816549,839
-1.9726,-3.6574,-21.8476,-2.4408,3.4977,-0.68,-0.082787,-0.018471,-0.138457,10827049,839
-2.138,-3.8356,-22.7467,-3.9399,4.0471,-0.413,-0.082787,-0.018471,-0.138457,10837549,839
-0.6302,-3.8301,-21.816,-5.0944,4.2699,-0.2112,-0.082787,-0.018471,-0.138457,10848049,839
0.6543,-1.4502,-21.4252,-5.8253,4.1023,-0.0874,-0.082787,-0.018471,-0.138457,10858549,839
1.2183,-0.0847,-22.1302,-6.0611,3.6037,-0.0136,-0.082787,-0.018471,-0.138457,10869049,839
2.2845,1.2401,-21.5286,-5.904,2.7712,0.0301,-0.082787,-0.018471,-0.138457,10879549,839
3.4727,2.7875,-20.9151,-5.2347,1.6993,0.0963,-0.082787,-0.018471,-0.138457,10890049,839
3.0415,4.015,-21.2929,-4.3509,0.4823,0.1627,-0.082787,-0.018471,-0.138457,10900549,839
2.5227,4.0641,-20.8511,-3.1645,-0.7151,0.2441,-0.082787,-0.018471,-0.138457,10911049,839
2.0909,3.2852,-20.2003,-1.9934,-1.7987,0.2913,-0.082787,-0.018471,-0.138457,10921549,839
2.667,2.1508,-19.6283,-0.8752,-2.6935,0.3287,-0.082787,-0.018471,-0.138457,10932049,839
1.3367,2.762,-18.0507,0.0958,-3.3778,0.3416,-0.082787,-0.018471,-0.138457,10942549,839
-0.1885,1.5966,-16.4016,0.895,-3.7795,0.3483,-0.082787,-0.018471,-0.138457,10953049,839
-0.0757,0.4964,-15.8247,1.423,-4.0181,0.3348,-0.082787,-0.018471,-0.138457,10963549,839
-0.1975,0.3575,-14.6031,1.802,-3.9607,0.3353,-0.082787,-0.018471,-0.138457,10974049,839
-1.4508,0.0007,-13.5568,1.9411,-3.7813,0.3044,-0.082787,-0.018471,-0.138457,10984549,839
-1.517,-1.0011,-12.1579,1.9076,-3.4817,0.275,-0.082787,-0.018471,-0.138457,10995049,839
-0.081,-1.3434,-11.3732,1.7251,-3.1625,0.252,-0.082787,-0.018471,-0.138457,11005549,839
-0.9141,-0.6464,-10.6636,1.4496,-2.7918,0.232,-0.082787,-0.018471,-0.138457,11016049,839
-1.0742,-1.3278,-9.0265,1.1437,-2.4969,0.2296,-0.087469,-0.034714,-0.259685,11026098,840
-1.0733,-0.7259,-10.1338,0.8209,-2.1833,0.2495,-0.087469,-0.034714,-0.259685,11036598,840
-1.5219,-0.6813,-9.4289,0.4895,-1.8913,0.2395,-0.087469,-0.034714,-0.259685,11046627,840
-1.0583,-0.6675,-9.8124,0.2294,-1.5157,0.2484,-0.087469,-0.034714,-0.259685,11057127,840
-1.0287,-0.5748,-10.5084,0.0537,-1.1082,0.2584,-0.087469,-0.034714,-0.259685,11067627,840
-0.3968,-0.4755,-9.1508,-0.0705,-0.7243,0.2667,-0.087469,-0.034714,-0.259685,11078127,840
-0.9457,-0.6579,-9.9797,-0.11,-0.3661,0.2671,-0.087469,-0.034714,-0.259685,11088627,840
-0.2125,0.2604,-8.7786,-0.1018,-0.0671,0.2787,-0.087469,-0.034714,-0.259685,11099127,840
-0.4861,0.3496,-9.0288,-0.0433,0.1178,0.2756,-0.087469,-0.034714,-0.259685,11109627,840
0.0468,1.1993,-8.1072,0.0767,0.2716,0.2785,-0.087469,-0.034714,-0.259685,11120127,840
0.2298,0.797,-7.9846,0.198,0.3093,0.2805,-0.087469,-0.034714,-0.259685,11130627,840
0.2853,0.6973,-7.0941,0.35,0.2971,0.2709,-0.087469,-0.034714,-0.259685,11141127,840
0.4999,-0.0134,-6.8287,0.511,0.2356,0.2654,-0.087469,-0.034714,-0.259685,11151627,840
0.9988,-0.0531,-6.7362,0.6512,0.1466,0.2613,-0.039988,-0.119153,-0.82116,11161675,841
0.4805,1.3584,-4.919,0.7577,0.027,0.4655,-0.039988,-0.119153,-0.82116,11172175,841
0.5217,0.3386,-3.601,0.8004,-0.0054,0.6659,-0.039988,-0.119153,-0.82116,11182675,841
-0.057,-0.2199,-2.8802,0.7523,0.0501,0.6359,-0.039988,-0.119153,-0.82116,11193175,841
-0.2814,-0.3907,-2.5275,0.691,0.1742,0.5597,-0.039988,-0.119153,-0.82116,11203675,841
0.4301,-0.2019,-1.9694,0.6186,0.3311,0.5368,-0.039988,-0.119153,-0.82116,11214175,841
0.7565,-0.483,-1.3163,0.5169,0.3633,0.4565,-0.039988,-0.119153,-0.82116,11224675,841
0.7949,-0.2077,-1.06,0.473,0.2527,0.4223,-0.039988,-0.119153,-0.82116,11235175,841
1.2885,-0.0924,-0.9041,0.4395,0.0259,0.4629,-0.039988,-0.119153,-0.82116,11245675,841
1.5693,0.0487,-1.055,0.3827,-0.2624,0.5583,-0.039988,-0.119153,-0.82116,11256175,841
1.5462,-0.2003,-1.4276,0.3143,-0.5618,0.5717,0.083482,-0.130605,-1.061171,11266220,842
0.8517,-0.4245,-1.2914,0.2166,-0.7885,0.6112,0.083482,-0.130605,-1.061171,11276720,842
0.3328,0.1007,-1.3742,0.1358,-0.8617,0.6254,0.083482,-0.130605,-1.061171,11286748,842
0.3922,0.2117,-1.0555,0.1023,-0.9215,0.6473,0.083482,-0.130605,-1.061171,11297248,842
0.7633,0.2306,-0.958,0.1747,-1.0334,0.646,0.083482,-0.130605,-1.061171,11307748,842
0.7698,0.324,-1.1277,0.3236,-1.2154,0.6238,0.083482,-0.130605,-1.061171,11318248,842
0.9991,0.5196,-1.4419,0.4844,-1.4025,0.64,0.083482,-0.130605,-1.061171,11328748,842
0.8038,0.2217,-1.8783,0.6608,-1.6131,0.6493,0.083482,-0.130605,-1.061171,11339248,842
0.6926,0.2263,-2.2402,0.8253,-1.7889,0.6329,0.083482,-0.130605,-1.061171,11349748,842
0.5072,0.3732,-2.886,0.9119,-1.8749,0.6077,0.083482,-0.130605,-1.061171,11360248,842
0.1934,0.1536,-3.727,1.0056,-1.9189,0.581,0.083482,-0.130605,-1.061171,11370748,842
-0.3144,-0.0158,-4.404,1.0577,-1.8318,0.5774,0.083482,-0.130605,-1.061171,11381248,842
-0.7631,-0.0339,-5.2953,1.0664,-1.6645,0.5702,0.083482,-0.130605,-1.061171,11391748,842
-0.7759,-0.1194,-5.987,1.0151,-1.4051,0.5614,0.083482,-0.130605,-1.061171,11402248,842
-0.9947,0.0202,-7.1985,0.9268,-1.0494,0.5635,0.083482,-0.130605,-1.061171,11412748,842
-1.3831,-1.5377,-8.0003,0.7892,-0.6267,0.5708,0.083482,-0.130605,-1.061171,11423248,842
-1.6251,-0.5672,-8.5018,0.619,-0.169,0.5808,0.083482,-0.130605,-1.061171,11433748,842
-1.3779,-1.785,-9.056,0.4372,0.2865,0.58,0.083482,-0.130605,-1.061171,11444248,842
-0.6304,-1.0978,-9.3338,0.2253,0.6907,0.5773,0.060619,-0.150579,-1.245502,11454294,843
-0.3402,0.0924,-8.2062,0.0272,1.0349,0.5124,0.060619,-0.150579,-1.245502,11464794,843
0.0226,-1.1125,-7.5952,-0.1923,1.2846,0.4587,0.060619,-0.150579,-1.245502,11475294,843
-0.3892,0.3655,-7.6239,-0.4539,1.4398,0.4439,0.060619,-0.150579,-1.245502,11485794,843
-0.4963,-1.9495,-6.2619,-0.6445,1.5177,0.4515,0.08308,-0.173464,-1.380155,11495839,844
0.8891,-0.5234,-4.1905,-0.8605,1.4097,0.4012,0.08308,-0.173464,-1.380155,11505875,844
1.489,-0.4056,-3.0679,-1.0473,1.1071,0.3813,0.08308,-0.173464,-1.380155,11516375,844
1.4543,-0.5284,-2.7469,-1.2555,0.7197,0.4521,0.08308,-0.173464,-1.380155,11526378,844
1.2892,-0.6787,-2.8415,-1.4447,0.3382,0.4453,0.08308,-0.173464,-1.380155,11536878,844
1.0314,-0.5539,-3.1447,-1.5911,0.0139,0.4062,0.08308,-0.173464,-1.380155,11547378,844
0.6815,-0.1371,-3.8188,-1.6765,-0.2098,0.4081,0.08308,-0.173464,-1.380155,11557878,844
0.4345,0.1809,-4.0695,-1.6929,-0.316,0.4343,0.08308,-0.173464,-1.380155,11568378,844
0.1219,0.2573,-5.0374,-1.6606,-0.3302,0.443,0.08308,-0.173464,-1.380155,11578878,844
-0.1538,0.3873,-5.6598,-1.5344,-0.2435,0.4439,0.08308,-0.173464,-1.380155,11589378,844
-0.3602,0.8925,-6.1775,-1.3725,-0.0775,0.4339,0.08308,-0.173464,-1.380155,11599878,844
-0.855,1.0999,-7.9665,-1.1441,0.1948,0.4412,0.08308,-0.173464,-1.380155,11610378,844
-1.2614,1.7649,-7.2081,-0.8838,0.5106,0.4322,0.099237,-0.181735,-1.433171,11620434,845
-0.3355,0.5062,-7.0536,-0.5936,0.7785,0.4073,0.099237,-0.181735,-1.433171,11630934,845
-0.4479,0.2216,-7.2845,-0.335,1.0711,0.4023,0.099237,-0.181735,-1.433171,11641434,845
-0.803,1.242,-7.3782,-0.0885,1.2978,0.3881,0.099237,-0.181735,-1.433171,11651934,845
-0.5916,1.0492,-6.1239,0.148,1.4857,0.3926,0.099237,-0.181735,-1.433171,11662434,845
-0.0628,-0.2556,-6.7921,0.2942,1.5483,0.3735,0.099237,-0.181735,-1.433171,11672934,845
0.0435,0.453,-5.9534,0.4426,1.5831,0.3681,0.099237,-0.181735,-1.433171,11683434,845
-0.0491,0.9225,-6.1201,0.5712,1.5613,0.3805,0.099237,-0.181735,-1.433171,11693934,845
0.1605,-0.2983,-7.6218,0.6147,1.4672,0.376,0.099237,-0.181735,-1.433171,11704434,845
0.9004,-0.0202,-6.6082,0.6429,1.328,0.3596,0.099237,-0.181735,-1.433171,11714934,845
0.5867,0.6009,-7.3317,0.6212,1.1471,0.3511,0.099237,-0.181735,-1.433171,11725434,845
0.6257,-0.2768,-7.6253,0.606,1.0258,0.3769,0.099237,-0.181735,-1.433171,11735934,845
0.351,-1.0083,-8.8792,0.517,0.8335,0.3559,0.099237,-0.181735,-1.433171,11746434,845
0.5716,-1.2878,-8.626,0.42,0.6363,0.3429,0.099237,-0.181735,-1.433171,11756934,845
1.1603,0.5118,-7.7646,0.3766,0.5453,0.3396,0.099237,-0.181735,-1.433171,11767434,845
-0.7165,-0.3904,-12.6697,0.3349,0.4908,0.3483,0.099237,-0.181735,-1.433171,11777934,845
0.0654,-0.4088,-8.1259,0.2889,0.431,0.3518,0.099237,-0.181735,-1.433171,11788434,845
0.3526,-1.733,-8.328,0.2311,0.3851,0.3436,0.099237,-0.181735,-1.433171,11798934,845
-0.3813,-1.7661,-9.4842,0.1884,0.3893,0.3442,0.099237,-0.181735,-1.433171,11809434,845
-0.4299,-1.3017,-9.1502,0.1793,0.4325,0.3468,0.099237,-0.181735,-1.433171,11819934,845
-1.2245,0.3295,-10.3189,0.1846,0.4966,0.3331,0.099237,-0.181735,-1.433171,11830434,845
-1.2763,0.1476,-11.1486,0.2024,0.5527,0.33,0.099237,-0.181735,-1.433171,11840934,845
-0.822,1.3267,-12.3241,0.2172,0.608,0.3326,0.08551,-0.207113,-1.416372,11850981,846
-0.6458,-0.0309,-12.1976,0.2624,0.6548,0.3174,0.08551,-0.207113,-1.416372,11861481,846
0.5542,-1.0381,-10.4087,0.1986,0.597,0.2843,0.08551,-0.207113,-1.416372,11871494,846
0.3776,-2.0827,-9.8738,0.2034,0.5172,0.2675,0.08551,-0.207113,-1.416372,11881994,846
0.6047,0.247,-6.7148,0.1116,0.3839,0.2601,0.08551,-0.207113,-1.416372,11892494,846
-0.3316,0.5286,-8.8157,0.0703,0.2831,0.2619,0.08551,-0.207113,-1.416372,11902994,846
1.2854,-0.75,-6.2534,0.0161,0.1647,0.2601,0.08551,-0.207113,-1.416372,11913494,846
0.2977,0.3137,-7.0259,-0.0817,0.0226,0.2514,0.08551,-0.207113,-1.416372,11923994,846
0.4183,0.1097,-8.8793,-0.191,-0.1093,0.2462,0.08551,-0.207113,-1.416372,11934494,846
0.673,-1.2929,-7.2773,-0.2408,-0.19,0.2367,0.08551,-0.207113,-1.416372,11944994,846
-0.3851,1.3466,-8.6693,-0.286,-0.2555,0.2214,0.054313,-0.198197,-1.350675,11955040,847
0.6647,-0.8,-7.7953,-0.327,-0.2479,0.2188,0.054313,-0.198197,-1.350675,11965540,847
-0.8755,0.0642,-7.3058,-0.3109,-0.2569,0.2176,0.054313,-0.198197,-1.350675,11976040,847
0.2108,-0.3742,-8.6463,-0.2911,-0.1961,0.2225,0.054313,-0.198197,-1.350675,11986540,847
-0.6168,0.7693,-10.9619,-0.2661,-0.1152,0.2106,0.054313,-0.198197,-1.350675,11997040,847
-0.1957,1.4608,-6.9513,-0.2248,0.0003,0.2168,0.054313,-0.198197,-1.350675,12007540,847
0.8802,-2.8221,-9.9753,-0.116,0.1084,0.2183,0.054313,-0.198197,-1.350675,12018040,847
-1.0578,0.4821,-9.4703,-0.0683,0.1905,0.2063,0.054313,-0.198197,-1.350675,12028540,847
-0.2243,1.0366,-9.613,-0.073,0.2189,0.1935,0.054313,-0.198197,-1.350675,12039040,847
-0.2994,2.4549,-11.5196,0.0191,0.2601,0.2006,0.054313,-0.198197,-1.350675,12049540,847
-0.6707,1.641,-9.0636,-0.0163,0.1985,0.177,0.054313,-0.198197,-1.350675,12060040,847
0.0012,-3.0039,-7.5747,0.1595,0.3038,0.2083,0.054313,-0.198197,-1.350675,12070540,847
-0.0399,-1.3628,-8.8516,0.127,0.2241,0.1892,0.054313,-0.198197,-1.350675,12081040,847
1.8487,0.0856,-8.3274,0.1586,0.1545,0.1879,0.045673,-0.197684,-1.299336,12091088,848
1.4172,-0.3216,-10.1619,0.2035,0.1082,0.1918,0.045673,-0.197684,-1.299336,12101588,848
1.5763,-0.3181,-9.7794,0.1729,0.0379,0.1713,0.045673,-0.197684,-1.299336,12111618,848
0.3411,-2.4545,-10.7901,0.2029,-0.014,0.1691,0.045673,-0.197684,-1.299336,12122118,848
-0.4065,-1.3557,-11.7397,0.1711,-0.1218,0.157,0.045673,-0.197684,-1.299336,12132618,848
0.0458,-1.8411,-12.1315,0.195,-0.1286,0.1725,0.045673,-0.197684,-1.299336,12143118,848
0.0144,-0.4471,-11.56,0.1369,-0.2128,0.1733,0.045673,-0.197684,-1.299336,12153618,848
-0.9539,0.701,-11.3567,0.0525,-0.3051,0.1536,0.045673,-0.197684,-1.299336,12164118,848
-2.2612,1.326,-11.7343,0.0443,-0.2827,0.161,0.045673,-0.197684,-1.299336,12174618,848
-1.0902,1.1961,-11.7122,0.0184,-0.2414,0.1615,0.0087,-0.188941,-1.190167,12184665,849
-0.5606,1.7456,-13.3785,-0.0314,-0.2506,0.145,0.0087,-0.188941,-1.190167,12195165,849
-1.0336,2.3238,-12.9285,-0.0628,-0.2131,0.1363,0.0087,-0.188941,-1.190167,12205665,849
0.284,0.8515,-10.8008,-0.0261,-0.1041,0.1495,0.0087,-0.188941,-1.190167,12216165,849
-0.5441,-0.1502,-11.0185,-0.0369,-0.0369,0.1377,0.0087,-0.188941,-1.190167,12226665,849
-1.9218,-0.193,-9.8529,-0.0335,0.015,0.1337,0.0087,-0.188941,-1.190167,12237165,849
-2.422,0.5833,-14.214,-0.0113,0.1293,0.13,0.0087,-0.188941,-1.190167,12247665,849
0.3509,-0.638,-11.3742,0.0213,0.1778,0.1252,0.0087,-0.188941,-1.190167,12258165,849
-0.2604,-0.3309,-10.2769,0.0417,0.2083,0.1249,0.0087,-0.188941,-1.190167,12268665,849
-0.2546,1.4804,-11.3045,0.0801,0.227,0.1263,0.0087,-0.188941,-1.190167,12279165,849
-0.9692,1.5463,-12.5633,0.0868,0.213,0.1207,0.0087,-0.188941,-1.190167,12289665,849
-0.0531,-0.3469,-11.9683,0.0956,0.1887,0.1223,0.0087,-0.188941,-1.190167,12300165,849
1.1833,-2.6775,-11.345,0.1379,0.1668,0.123,-0.02778,-0.144854,-1.139638,12310212,850
0.7916,-2.153,-10.6845,0.1261,0.1117,0.1148,-0.02778,-0.144854,-1.139638,12320712,850
0.0708,1.3359,-10.5173,0.1355,0.0797,0.1124,-0.02778,-0.144854,-1.139638,12330721,850
-0.4632,1.8851,-12.7886,0.2143,0.0881,0.1142,-0.02778,-0.144854,-1.139638,12341221,850
-0.4843,1.8609,-12.1766,0.1947,0.1051,0.1108,-0.02778,-0.144854,-1.139638,12351721,850
-0.4156,-0.8434,-11.7099,0.2547,0.1399,0.1038,-0.02778,-0.144854,-1.139638,12362221,850
0.8869,1.534,-10.9681,0.2612,0.1597,0.087,-0.02778,-0.144854,-1.139638,12372721,850
0.7784,3.5416,-11.7218,0.271,0.1916,0.0846,-0.02778,-0.144854,-1.139638,12383221,850
0.0045,2.8209,-12.7519,0.3224,0.2642,0.0955,-0.02778,-0.144854,-1.139638,12393721,850
-0.2308,-0.0014,-10.3228,0.3674,0.291,0.0936,-0.02778,-0.144854,-1.139638,12404221,850
-0.4538,-2.1608,-10.4495,0.3941,0.3436,0.1051,-0.06593,-0.096369,-1.058483,12414273,851
0.0207,-0.9582,-10.1481,0.3953,0.3508,0.0995,-0.06593,-0.096369,-1.058483,12424773,851
0.2842,-0.2885,-12.5931,0.3914,0.3301,0.0714,-0.06593,-0.096369,-1.058483,12435273,851
-0.2503,1.082,-12.0228,0.4208,0.3821,0.0865,-0.06593,-0.096369,-1.058483,12445773,851
-0.5798,-2.1418,-10.72,0.4682,0.3811,0.0702,-0.06593,-0.096369,-1.058483,12456273,851
-1.0438,-0.8249,-12.6134,0.4888,0.408,0.0698,-0.06593,-0.096369,-1.058483,12466773,851
-0.3461,0.869,-13.4232,0.5312,0.4088,0.0591,-0.06593,-0.096369,-1.058483,12477273,851
0.2517,-0.5391,-11.0903,0.5445,0.4072,0.0607,-0.06593,-0.096369,-1.058483,12487773,851
-0.3967,0.1492,-10.4959,0.5685,0.391,0.063,-0.06593,-0.096369,-1.058483,12498273,851
-0.9083,1.3322,-12.3883,0.5545,0.3627,0.0546,-0.06593,-0.096369,-1.058483,12508773,851
-0.0214,1.431,-12.5362,0.5287,0.3143,0.0582,-0.06593,-0.096369,-1.058483,12519273,851
0.4232,-0.8564,-11.516,0.4929,0.2595,0.0476,-0.06593,-0.096369,-1.058483,12529773,851
1.3085,-0.7592,-10.1891,0.494,0.2484,0.058,-0.094997,-0.043915,-1.008922,12539819,852
0.7723,-0.372,-9.5766,0.4675,0.2044,0.0553,-0.094997,-0.043915,-1.008922,12549847,852
-0.1986,0.2367,-9.9209,0.4221,0.162,0.0481,-0.094997,-0.043915,-1.008922,12560347,852
-0.1276,0.6624,-11.2502,0.4083,0.1477,0.0422,-0.094997,-0.043915,-1.008922,12570384,852
0.7504,0.7669,-12.6174,0.4153,0.1409,0.0369,-0.094997,-0.043915,-1.008922,12580884,852
0.36,0.1518,-9.7289,0.4064,0.1321,0.0359,-0.094997,-0.043915,-1.008922,12591384,852
-0.4245,0.8225,-11.9265,0.4306,0.1247,0.0187,-0.094997,-0.043915,-1.008922,12601884,852
-0.317,1.5556,-12.5513,0.4312,0.1561,0.0348,-0.094997,-0.043915,-1.008922,12612384,852
0.6182,-0.0941,-10.7661,0.4508,0.145,0.0271,-0.094997,-0.043915,-1.008922,12622884,852
0.5167,0.7356,-9.68,0.4492,0.1537,0.0327,-0.094997,-0.043915,-1.008922,12633384,852
-0.4829,0.9581,-10.8562,0.4569,0.1575,0.0313,-0.124156,-0.007919,-0.994778,12643429,853
0.7594,0.8482,-11.9956,0.4283,0.1573,0.0259,-0.124156,-0.007919,-0.994778,12653929,853
1.2351,-1.1448,-10.5147,0.4233,0.1453,0.0204,-0.124156,-0.007919,-0.994778,12664429,853
0.4543,-1.5546,-10.5139,0.4053,0.1492,0.0234,-0.124156,-0.007919,-0.994778,12674929,853
-0.3738,-0.263,-9.9198,0.3739,0.1529,0.0223,-0.124156,-0.007919,-0.994778,12685429,853
-0.4268,0.8358,-13.0352,0.3493,0.1786,0.0183,-0.124156,-0.007919,-0.994778,12695929,853
0.243,-0.1359,-10.6268,0.2918,0.1348,0.014,-0.124156,-0.007919,-0.994778,12706429,853
0.3195,-1.3247,-11.1831,0.2715,0.14,0.0186,-0.124156,-0.007919,-0.994778,12716929,853
0.5792,-1.5633,-10.3197,0.2393,0.1273,0.0302,-0.124156,-0.007919,-0.994778,12727429,853
-0.9841,0.9037,-12.3991,0.2121,0.1158,0.0226,-0.124156,-0.007919,-0.994778,12737929,853
0.2857,2.2957,-11.8007,0.1505,0.1038,0.0133,-0.124156,-0.007919,-0.994778,12748429,853
0.2421,2.3564,-11.5126,0.1089,0.0733,0.0141,-0.124156,-0.007919,-0.994778,12758929,853
-0.412,2.0806,-11.0975,0.0986,0.0353,0.0102,-0.124156,-0.007919,-0.994778,12769429,853
-0.3657,0.2481,-10.2033,0.0581,-0.0066,0.0082,-0.162572,0.038046,-1.013682,12779493,854
-0.5569,-0.1834,-11.2731,0.0442,-0.001,0.0185,-0.162572,0.038046,-1.013682,12789496,854
0.2519,-2.5988,-10.0782,0.0513,-0.0163,0.0219,-0.162572,0.038046,-1.013682,12799996,854
0.5836,-2.1715,-9.4386,0.038,-0.0059,0.0213,-0.162572,0.038046,-1.013682,12810496,854
-0.0886,-2.8233,-10.1336,0.0444,0.0749,0.027,-0.162572,0.038046,-1.013682,12820996,854
0.5207,-2.6085,-9.1051,0.014,0.1015,0.0199,-0.162572,0.038046,-1.013682,12831496,854
-0.1019,1.4982,-10.8345,-0.0055,0.1029,0.0146,-0.162572,0.038046,-1.013682,12841996,854
1.0813,2.7754,-10.1148,0.0365,0.148,0.0315,-0.162572,0.038046,-1.013682,12852496,854
0.2415,1.5006,-10.1598,0.0102,0.1552,0.0251,-0.162572,0.038046,-1.013682,12862996,854
-0.226,1.8537,-10.4204,0.0307,0.1886,0.0306,-0.158785,0.067675,-1.04108,12873041,855
-0.1151,2.7562,-10.2561,-0.0008,0.1857,0.0183,-0.158785,0.067675,-1.04108,12883541,855
0.4056,2.7599,-10.2013,-0.0431,0.1428,0.0033,-0.158785,0.067675,-1.04108,12894041,855
0.2809,1.5029,-9.7014,-0.0126,0.1378,0.0099,-0.158785,0.067675,-1.04108,12904541,855
0.0554,2.6299,-10.0285,-0.031,0.0676,0.0015,-0.158785,0.067675,-1.04108,12915041,855
0.4359,3.1176,-10.3455,-0.0185,0.0088,0.0016,-0.158785,0.067675,-1.04108,12925541,855
0.3363,0.6266,-8.8921,-0.0774,-0.011,-0.0027,-0.158785,0.067675,-1.04108,12936041,855
0.8101,-2.1358,-8.9036,0.0003,-0.0571,0.0013,-0.158785,0.067675,-1.04108,12946541,855
0.3599,0.2094,-9.7398,-0.0453,-0.1249,-0.0131,-0.158785,0.067675,-1.04108,12957041,855
0.5667,-1.5728,-8.4468,-0.0239,-0.1231,-0.001,-0.158785,0.067675,-1.04108,12967541,855
0.2833,-2.8939,-8.9673,-0.0474,-0.2093,-0.0042,-0.158785,0.067675,-1.04108,12978041,855
0.3803,-1.1554,-9.8488,-0.0667,-0.2216,-0.0053,-0.158785,0.067675,-1.04108,12988541,855
0.6909,-2.5251,-8.08,-0.0588,-0.1874,0.007,-0.158785,0.067675,-1.04108,12999041,855
-0.2544,-1.7598,-9.8495,-0.0983,-0.2808,-0.0099,-0.158785,0.067675,-1.04108,13009541,855
0.0557,-0.6689,-10.2025,-0.1459,-0.2834,-0.012,-0.141584,0.110457,-1.073337,13019589,856
-0.3695,-0.5712,-9.6647,-0.1683,-0.2378,-0.0154,-0.141584,0.110457,-1.073337,13029619,856
-0.3489,1.1669,-10.0519,-0.177,-0.2658,-0.0267,-0.141584,0.110457,-1.073337,13040119,856
0.3399,2.0985,-10.2931,-0.1075,-0.2369,-0.0227,-0.141584,0.110457,-1.073337,13050619,856
0.1223,1.4968,-9.8579,-0.1314,-0.3151,-0.0454,-0.141584,0.110457,-1.073337,13061119,856
-0.1571,1.7149,-10.7639,-0.0819,-0.3587,-0.0366,-0.141584,0.110457,-1.073337,13071619,856
-0.0409,0.9254,-9.6195,-0.0583,-0.405,-0.0342,-0.141584,0.110457,-1.073337,13082119,856
-0.5962,0.3023,-9.222,-0.0099,-0.4516,-0.0308,-0.141584,0.110457,-1.073337,13092619,856
-0.9567,0.4624,-9.9097,0.0104,-0.4794,-0.0382,-0.141584,0.110457,-1.073337,13103119,856
0.2362,1.1915,-8.5045,0.0539,-0.4817,-0.0318,-0.105262,0.091821,-1.112072,13113163,857
-0.0127,1.2501,-8.2745,0.0389,-0.4846,-0.0398,-0.105262,0.091821,-1.112072,13123663,857
-0.3001,2.5506,-9.0995,0.0371,-0.4952,-0.0536,-0.105262,0.091821,-1.112072,13134163,857
1.2716,0.5544,-8.9186,-0.0192,-0.5607,-0.0675,-0.105262,0.091821,-1.112072,13144663,857
0.2878,-2.1183,-9.0981,-0.0629,-0.6125,-0.0687,-0.105262,0.091821,-1.112072,13155163,857
0.2522,-1.442,-9.422,-0.0492,-0.6123,-0.0567,-0.105262,0.091821,-1.112072,13165663,857
-0.6731,-2.0426,-10.4119,-0.1074,-0.5733,-0.0486,-0.105262,0.091821,-1.112072,13176163,857
0.1196,0.5438,-8.9144,-0.2133,-0.6333,-0.0689,-0.105262,0.091821,-1.112072,13186663,857
-0.8409,1.3404,-8.7718,-0.22,-0.5955,-0.0543,-0.105262,0.091821,-1.112072,13197163,857
-0.265,1.4037,-8.831,-0.2435,-0.542,-0.0503,-0.105262,0.091821,-1.112072,13207663,857
0.3085,0.0661,-7.5839,-0.3085,-0.523,-0.0455,-0.105262,0.091821,-1.112072,13218163,857
0.6786,0.4456,-9.0189,-0.325,-0.4549,-0.0404,-0.105262,0.091821,-1.112072,13228663,857
0.6756,-1.036,-9.8353,-0.3396,-0.4097,-0.0374,-0.072703,0.098307,-1.144022,13239207,858
0.9617,0.3764,-8.3558,-0.3826,-0.3976,-0.0374,-0.072703,0.098307,-1.144022,13249707,858
0.279,-0.955,-9.9758,-0.3706,-0.345,-0.0458,-0.072703,0.098307,-1.144022,13260207,858
1.0896,0.3908,-10.1712,-0.4087,-0.356,-0.0664,-0.072703,0.098307,-1.144022,13270707,858
0.1076,0.2743,-10.1178,-0.4183,-0.3714,-0.0693,-0.072703,0.098307,-1.144022,13281207,858
0.0266,-1.3077,-10.083,-0.3752,-0.3911,-0.0754,-0.072703,0.098307,-1.144022,13291707,858
-0.6533,2.0487,-8.2431,-0.377,-0.3963,-0.0636,-0.072703,0.098307,-1.144022,13302207,858
0.7578,1.7319,-8.5409,-0.3002,-0.398,-0.0542,-0.072703,0.098307,-1.144022,13312707,858
0.8701,1.5683,-8.8164,-0.3367,-0.4008,-0.0641,-0.072703,0.098307,-1.144022,13323207,858
0.5759,-2.9189,-9.3289,-0.2293,-0.3231,-0.0384,-0.072703,0.098307,-1.144022,13333707,858
0.9313,-2.4954,-8.3855,-0.2043,-0.3424,-0.037,-0.032353,0.124582,-1.177012,13343754,859
-0.7844,-3.1357,-8.5915,-0.2358,-0.3931,-0.0623,-0.032353,0.124582,-1.177012,13353785,859
0.6433,0.482,-9.0339,-0.2003,-0.3875,-0.0794,-0.032353,0.124582,-1.177012,13364285,859
-0.1979,1.7007,-9.1968,-0.1675,-0.3923,-0.0827,-0.032353,0.124582,-1.177012,13374316,859
0.5262,1.0136,-10.3133,-0.1201,-0.4146,-0.0787,-0.032353,0.124582,-1.177012,13384816,859
-1.2782,-0.382,-7.8447,-0.0938,-0.4354,-0.0887,-0.032353,0.124582,-1.177012,13395316,859
-0.0069,-0.8988,-7.4711,-0.0464,-0.4063,-0.0672,-0.032353,0.124582,-1.177012,13405816,859
0.4281,1.5611,-8.0087,-0.0394,-0.4416,-0.0763,-0.032353,0.124582,-1.177012,13416316,859
0.7231,-1.5547,-9.7569,0.0304,-0.3556,-0.0739,-0.032353,0.124582,-1.177012,13426816,859
-1.1792,-0.7277,-9.795,0.0382,-0.3415,-0.0753,-0.032353,0.124582,-1.177012,13437316,859
-0.3599,-2.2928,-9.6969,0.0554,-0.2626,-0.0531,-0.032353,0.124582,-1.177012,13447816,859
-1.1308,1.928,-8.9724,-0.0313,-0.2843,-0.0724,-0.032353,0.124582,-1.177012,13458316,859
0.4012,2.4992,-9.001,0.0055,-0.205,-0.0683,-0.032353,0.124582,-1.177012,13468816,859
-1.1443,2.9424,-9.1222,-0.0597,-0.1749,-0.0922,0.033034,0.130098,-1.184946,13478868,860
0.5025,1.5743,-9.0245,-0.0089,-0.0782,-0.0794,0.033034,0.130098,-1.184946,13489368,860
0.5217,2.0383,-8.8903,-0.0533,-0.152,-0.0865,0.033034,0.130098,-1.184946,13499868,860
-0.1262,0.9411,-9.4168,0.0009,-0.0976,-0.0573,0.033034,0.130098,-1.184946,13510368,860
1.3896,-2.8609,-8.2806,-0.0526,-0.1735,-0.0735,0.033034,0.130098,-1.184946,13520868,860
-0.7261,-1.0429,-9.745,0.0235,-0.2094,-0.0655,0.033034,0.130098,-1.184946,13531368,860
0.8409,3.2283,-9.8323,-0.0059,-0.3076,-0.0804,0.033034,0.130098,-1.184946,13541868,860
0.8767,4.3368,-9.6014,0.0101,-0.3731,-0.0846,0.033034,0.130098,-1.184946,13552368,860
-0.2578,1.2277,-9.959,0.0802,-0.3619,-0.0645,0.033034,0.130098,-1.184946,13562868,860
0.9407,-2.1468,-8.8639,0.1013,-0.37,-0.0652,0.076767,0.106297,-1.189449,13572919,861
-0.0336,-0.6284,-8.0942,0.0951,-0.3928,-0.0827,0.076767,0.106297,-1.189449,13583419,861
-0.4135,-2.6658,-8.0138,0.1073,-0.3657,-0.075,0.076767,0.106297,-1.189449,13593448,861
0.9203,-0.4614,-8.7006,0.0606,-0.4029,-0.0868,0.076767,0.106297,-1.189449,13603948,861
0.3406,-1.0128,-7.899,0.0282,-0.4083,-0.0859,0.076767,0.106297,-1.189449,13614448,861
0.2069,0.6993,-10.8666,-0.0389,-0.4425,-0.0989,0.076767,0.106297,-1.189449,13624948,861
0.2037,2.2506,-11.1361,-0.0949,-0.4162,-0.0994,0.076767,0.106297,-1.189449,13635448,861
-0.3761,1.9494,-10.3421,-0.0973,-0.329,-0.0749,0.076767,0.106297,-1.189449,13645948,861
0.8889,2.6767,-11.0605,-0.1728,-0.2948,-0.0833,0.076767,0.106297,-1.189449,13656448,861
-0.3591,0.9079,-10.483,-0.1713,-0.2743,-0.0851,0.076767,0.106297,-1.189449,13666948,861
-0.1062,0.1393,-9.6863,-0.2165,-0.2247,-0.0803,0.076767,0.106297,-1.189449,13677448,861
-0.2356,-1.8512,-9.5396,-0.2647,-0.1475,-0.0922,0.076767,0.106297,-1.189449,13687948,861
-0.7434,0.7565,-10.4453,-0.2348,-0.0749,-0.0905,0.109753,0.086394,-1.18275,13697994,862
0.2797,0.0269,-10.1093,-0.1815,0.0133,-0.0771,0.109753,0.086394,-1.18275,13708494,862
-0.0673,-1.5169,-9.5518,-0.23,0.0448,-0.0941,0.109753,0.086394,-1.18275,13718994,862
-0.8004,1.3691,-10.292,-0.2096,0.0579,-0.095,0.109753,0.086394,-1.18275,13729494,862
-0.2006,-0.8647,-9.1792,-0.233,0.0608,-0.0933,0.109753,0.086394,-1.18275,13739994,862
0.4133,-3.0906,-8.3658,-0.261,0.0506,-0.079,0.109753,0.086394,-1.18275,13750494,862
-0.0036,-0.6934,-8.0453,-0.2789,0.0375,-0.0797,0.109753,0.086394,-1.18275,13760994,862
-0.4332,-1.0943,-8.5399,-0.3079,0.028,-0.0932,0.109753,0.086394,-1.18275,13771494,862
0.6137,-1.6399,-9.4503,-0.3249,0.0278,-0.0798,0.109753,0.086394,-1.18275,13781994,862
0.5749,1.4075,-9.916,-0.3453,-0.0372,-0.0895,0.109753,0.086394,-1.18275,13792494,862
-0.9184,1.4046,-10.4131,-0.3198,0.0001,-0.0813,0.13126,0.055653,-1.168664,13802539,863
-0.3307,0.7735,-10.5416,-0.3303,0.0153,-0.0846,0.13126,0.055653,-1.168664,13812542,863
1.6692,1.1946,-11.0137,-0.3135,0.0263,-0.0884,0.13126,0.055653,-1.168664,13823042,863
0.9427,1.1405,-10.2249,-0.3909,0.0527,-0.0957,0.13126,0.055653,-1.168664,13833542,863
-1.1936,1.9579,-11.1739,-0.4218,0.0619,-0.0932,0.13126,0.055653,-1.168664,13844042,863
0.6367,2.0446,-11.6494,-0.4277,0.1056,-0.0924,0.13126,0.055653,-1.168664,13854542,863
0.6562,0.7153,-11.0411,-0.5044,0.1193,-0.1022,0.13126,0.055653,-1.168664,13865042,863
0.1442,1.5551,-10.74,-0.534,0.1177,-0.1009,0.13126,0.055653,-1.168664,13875542,863
-0.3926,2.0636,-11.4408,-0.5279,0.1695,-0.1028,0.13126,0.055653,-1.168664,13886042,863
0.2843,1.1823,-11.5511,-0.5121,0.2041,-0.0973,0.13126,0.055653,-1.168664,13896542,863
-0.6032,-0.0213,-10.17,-0.5101,0.2241,-0.0992,0.13126,0.055653,-1.168664,13907042,863
-0.9031,1.7067,-11.5721,-0.4929,0.2512,-0.09,0.13126,0.055653,-1.168664,13917542,863
-0.5709,1.0564,-12.1904,-0.4401,0.2983,-0.0902,0.13126,0.055653,-1.168664,13928042,863
1.1275,-0.2598,-10.8778,-0.3925,0.3448,-0.0902,0.128784,0.014784,-1.148808,13938088,864
0.4026,-1.216,-11.0392,-0.3758,0.3417,-0.0986,0.128784,0.014784,-1.148808,13948588,864
-1.2899,-0.9629,-10.8206,-0.3712,0.3533,-0.1055,0.128784,0.014784,-1.148808,13959088,864
-0.431,-1.2014,-11.4473,-0.3812,0.3677,-0.1174,0.128784,0.014784,-1.148808,13969588,864
0.2698,-1.9307,-11.0725,-0.3558,0.4176,-0.1054,0.128784,0.014784,-1.148808,13980088,864
0.639,-2.8234,-9.5622,-0.3736,0.4301,-0.1074,0.128784,0.014784,-1.148808,13990588,864
-0.3423,-3.3291,-10.4116,-0.3815,0.444,-0.1122,0.128784,0.014784,-1.148808,14001088,864
-0.8628,-1.2544,-11.3249,-0.368,0.4631,-0.0972,0.128784,0.014784,-1.148808,14011588,864
-0.0914,-1.7202,-9.7801,-0.412,0.4045,-0.1101,0.128784,0.014784,-1.148808,14022088,864
-0.5409,-2.0703,-11.0581,-0.4098,0.4371,-0.1017,0.125808,-0.008658,-1.14161,14032134,865
0.0209,-2.3117,-10.3215,-0.4187,0.4174,-0.106,0.125808,-0.008658,-1.14161,14042634,865
0.5414,-3.778,-9.3426,-0.4089,0.4208,-0.0987,0.125808,-0.008658,-1.14161,14052663,865
-0.4066,-2.9044,-10.2869,-0.4826,0.3225,-0.1246,0.125808,-0.008658,-1.14161,14063163,865
-0.2499,-0.3058,-10.6899,-0.4709,0.303,-0.1195,0.125808,-0.008658,-1.14161,14073663,865
-0.0205,-2.0628,-9.5557,-0.4454,0.337,-0.1208,0.125808,-0.008658,-1.14161,14084163,865
-1.1562,-0.9914,-10.3391,-0.4203,0.3273,-0.1171,0.125808,-0.008658,-1.14161,14094663,865
-0.1195,0.0199,-10.0246,-0.3523,0.3479,-0.1019,0.125808,-0.008658,-1.14161,14105163,865
0.3294,-0.0389,-10.2056,-0.3578,0.3264,-0.1076,0.125808,-0.008658,-1.14161,14115663,865
0.1146,-1.158,-9.5577,-0.2761,0.3339,-0.1093,0.125808,-0.008658,-1.14161,14126163,865
0.1945,1.4619,-10.0831,-0.1949,0.3426,-0.1023,0.125808,-0.008658,-1.14161,14136663,865
0.0827,0.2038,-11.0785,-0.1399,0.3475,-0.0951,0.125808,-0.008658,-1.14161,14147163,865
0.4962,-0.909,-10.0606,-0.0947,0.3169,-0.1029,0.125808,-0.008658,-1.14161,14157663,865
0.689,-1.616,-9.8615,-0.0846,0.3085,-0.1024,0.087332,-0.03025,-1.13268,14167708,866
-0.1904,-2.0467,-10.9415,0.0109,0.3745,-0.0981,0.087332,-0.03025,-1.13268,14178208,866
-0.0229,-0.6723,-9.7662,0.0038,0.3779,-0.1139,0.087332,-0.03025,-1.13268,14188708,866
0.5896,-1.1855,-9.7574,0.0263,0.423,-0.1075,0.087332,-0.03025,-1.13268,14199208,866
0.3653,-3.3631,-9.9496,0.0709,0.4361,-0.1071,0.087332,-0.03025,-1.13268,14209708,866
-0.2644,-2.8572,-9.2413,0.0577,0.428,-0.1058,0.087332,-0.03025,-1.13268,14220208,866
-0.0173,-2.8099,-9.1001,-0.0026,0.4012,-0.1253,0.087332,-0.03025,-1.13268,14230708,866
0.0818,-1.4982,-9.7871,0.0497,0.4473,-0.119,0.087332,-0.03025,-1.13268,14241208,866
-0.0526,-2.0822,-9.2344,0.0591,0.4858,-0.0942,0.087332,-0.03025,-1.13268,14251708,866
-0.2785,-1.3673,-9.8534,0.0665,0.4916,-0.0918,0.039276,-0.034537,-1.115796,14261752,867
0.2795,-2.3816,-9.615,0.0967,0.4349,-0.1105,0.039276,-0.034537,-1.115796,14271782,867
0.3635,-2.1186,-9.5559,0.1196,0.4316,-0.1188,0.039276,-0.034537,-1.115796,14282282,867
0.5329,-2.3741,-8.5273,0.1442,0.4449,-0.1085,0.039276,-0.034537,-1.115796,14292313,867
0.0637,-0.6958,-9.1097,0.1606,0.4398,-0.1166,0.039276,-0.034537,-1.115796,14302813,867
-0.3883,-0.241,-9.1086,0.1748,0.4768,-0.1141,0.039276,-0.034537,-1.115796,14313313,867
-0.5835,-1.3819,-8.7623,0.2244,0.5148,-0.108,0.039276,-0.034537,-1.115796,14323813,867
-0.1549,-0.766,-9.2261,0.221,0.5142,-0.1074,0.039276,-0.034537,-1.115796,14334313,867
1.1538,-0.1827,-8.5875,0.2451,0.53,-0.1021,0.039276,-0.034537,-1.115796,14344813,867
0.4414,0.5896,-8.7917,0.2597,0.5294,-0.1071,0.039276,-0.034537,-1.115796,14355313,867
-0.1062,0.799,-8.8199,0.2332,0.4525,-0.1096,0.039276,-0.034537,-1.115796,14365813,867
0.4564,-0.359,-9.4026,0.3353,0.5179,-0.09,0.039276,-0.034537,-1.115796,14376313,867
1.0768,-1.2998,-10.0845,0.2934,0.473,-0.0987,0.039276,-0.034537,-1.115796,14386813,867
0.6079,0.2524,-9.175,0.2671,0.4037,-0.0991,0.039276,-0.034537,-1.115796,14397313,867
1.624,-0.7076,-9.4349,0.2711,0.36,-0.1041,0.039276,-0.034537,-1.115796,14407813,867
1.3195,-0.9118,-9.64,0.3188,0.3338,-0.0973,-0.013919,-0.021212,-1.117082,14417860,868
0.5383,-1.9897,-10.067,0.2733,0.2795,-0.1021,-0.013919,-0.021212,-1.117082,14428360,868
-0.2345,-1.9611,-10.8575,0.2555,0.2464,-0.1201,-0.013919,-0.021212,-1.117082,14438860,868
-0.5717,-0.0132,-11.1986,0.2901,0.2779,-0.1225,-0.013919,-0.021212,-1.117082,14449360,868
-0.2007,-0.5887,-10.7182,0.3045,0.3132,-0.1089,-0.013919,-0.021212,-1.117082,14459860,868
-0.5882,-0.8229,-10.8406,0.2651,0.3002,-0.1146,-0.013919,-0.021212,-1.117082,14470360,868
-1.0426,0.2733,-11.5331,0.3229,0.3451,-0.0985,-0.013919,-0.021212,-1.117082,14480860,868
-0.4275,1.36,-10.6762,0.265,0.3138,-0.1087,-0.067137,0.010987,-1.115233,14490906,869
-0.1477,-0.0498,-11.0206,0.2603,0.3119,-0.1065,-0.067137,0.010987,-1.115233,14501406,869
-1.3634,1.1358,-10.7158,0.2795,0.3349,-0.1198,-0.067137,0.010987,-1.115233,14511407,869
-1.123,1.6239,-10.7268,0.2784,0.3489,-0.1216,-0.067137,0.010987,-1.115233,14521907,869
-0.6379,-0.2692,-11.5071,0.3397,0.3865,-0.1105,-0.067137,0.010987,-1.115233,14532407,869
-0.5757,1.1247,-10.7917,0.3413,0.37,-0.1155,-0.067137,0.010987,-1.115233,14542907,869
-0.4603,1.4438,-9.9571,0.3984,0.4233,-0.1006,-0.067137,0.010987,-1.115233,14553407,869
-0.6335,2.2009,-10.7028,0.4116,0.3752,-0.104,-0.067137,0.010987,-1.115233,14563907,869
-0.9808,1.5847,-10.969,0.4666,0.4104,-0.0839,-0.067137,0.010987,-1.115233,14574407,869
0.0505,3.7966,-10.3536,0.4549,0.3109,-0.1069,-0.067137,0.010987,-1.115233,14584907,869
0.4675,3.4436,-10.183,0.4776,0.2859,-0.0922,-0.067137,0.010987,-1.115233,14595407,869
0.2194,1.2527,-9.4554,0.4806,0.3008,-0.1005,-0.067137,0.010987,-1.115233,14605907,869
-0.0121,1.6727,-9.4409,0.4992,0.2709,-0.1047,-0.067137,0.010987,-1.115233,14616407,869
0.8054,-0.1512,-9.6316,0.4563,0.1698,-0.1159,-0.067137,0.010987,-1.115233,14626907,869
0.562,-2.5864,-9.0189,0.4401,0.1512,-0.099,-0.067137,0.010987,-1.115233,14637407,869
-0.0455,-3.068,-9.3136,0.451,0.1402,-0.0925,-0.067137,0.010987,-1.115233,14647907,869
-0.1168,-2.4416,-10.949,0.3239,-0.0178,-0.1195,-0.067137,0.010987,-1.115233,14658407,869
0.1432,-0.5255,-11.2117,0.2985,-0.0454,-0.1095,-0.098123,0.042907,-1.124736,14668460,870
-0.0653,-1.0423,-10.86,0.2676,-0.0513,-0.1053,-0.098123,0.042907,-1.124736,14678960,870
-1.1725,0.7698,-10.6456,0.1979,-0.1153,-0.1105,-0.098123,0.042907,-1.124736,14689460,870
-0.3532,0.9909,-9.6006,0.1444,-0.1209,-0.1046,-0.098123,0.042907,-1.124736,14699960,870
0.4186,-0.4746,-8.2905,0.1013,-0.1449,-0.1057,-0.098123,0.042907,-1.124736,14710460,870
-0.4105,-0.7497,-8.4764,0.0655,-0.1402,-0.0988,-0.117544,0.070625,-1.106765,14721013,871
0.3344,-2.254,-8.8858,0.0445,-0.112,-0.0912,-0.117544,0.070625,-1.106765,14731513,871
0.4817,-1.1935,-9.0989,-0.0104,-0.1565,-0.115,-0.117544,0.070625,-1.106765,14742013,871
0.3133,-3.1467,-8.2509,-0.0402,-0.1867,-0.1131,-0.117544,0.070625,-1.106765,14752513,871
-0.0542,-3.2713,-9.5399,-0.0112,-0.158,-0.1066,-0.117544,0.070625,-1.106765,14763013,871
0.3581,-0.7058,-9.9327,0.0042,-0.1099,-0.0979,-0.117544,0.070625,-1.106765,14773513,871
0.8026,-2.7788,-8.7127,0.0109,-0.1307,-0.0984,-0.117544,0.070625,-1.106765,14784013,871
-0.225,-2.3531,-9.1714,-0.0293,-0.1807,-0.1065,-0.117544,0.070625,-1.106765,14794513,871
-0.097,-0.8779,-10.1865,0.0646,-0.1412,-0.0726,-0.117544,0.070625,-1.106765,14805013,871
0.6527,-0.3117,-10.2861,-0.0024,-0.2181,-0.0969,-0.117544,0.070625,-1.106765,14815513,871
0.6514,-2.385,-9.3046,0.0688,-0.2078,-0.0939,-0.117544,0.070625,-1.106765,14826013,871
-0.3221,-1.5707,-9.2899,0.0771,-0.2639,-0.108,-0.117544,0.070625,-1.106765,14836513,871
-0.2383,-0.0972,-10.7304,0.1162,-0.2704,-0.1016,-0.117544,0.070625,-1.106765,14847013,871
0.3611,-1.3044,-9.9878,0.1141,-0.2829,-0.0857,-0.123213,0.117711,-1.123665,14857059,872
0.399,-1.1937,-9.3029,0.0956,-0.3184,-0.0829,-0.123213,0.117711,-1.123665,14867559,872
0.6213,-2.5839,-8.6769,0.108,-0.3512,-0.0933,-0.123213,0.117711,-1.123665,14877589,872
-0.0247,-2.7556,-9.4095,0.0695,-0.3849,-0.1011,-0.123213,0.117711,-1.123665,14888089,872
-0.0732,-0.9143,-10.2428,0.0852,-0.3419,-0.0892,-0.123213,0.117711,-1.123665,14898589,872
-0.8536,1.273,-10.3696,0.0575,-0.363,-0.0969,-0.123213,0.117711,-1.123665,14909089,872
-0.6936,-0.929,-10.2754,0.05,-0.3111,-0.0891,-0.123213,0.117711,-1.123665,14919589,872
-0.0369,0.1364,-11.0092,0.0448,-0.3217,-0.0923,-0.123213,0.117711,-1.123665,14930089,872
-0.8957,2.0335,-10.2293,0.0077,-0.2949,-0.0904,-0.123213,0.117711,-1.123665,14940589,872
-0.6641,2.9737,-10.3079,0.0466,-0.2908,-0.0763,-0.123213,0.117711,-1.123665,14951089,872
-0.2088,1.2671,-11.1572,-0.0111,-0.3051,-0.0964,-0.116933,0.176413,-1.130895,14961133,873
-0.2962,2.3344,-10.1309,0.028,-0.2862,-0.0889,-0.116933,0.176413,-1.130895,14971633,873
-0.6451,1.5515,-9.7758,0.0565,-0.2708,-0.0866,-0.116933,0.176413,-1.130895,14982133,873
-0.4048,2.5453,-10.7737,0.06,-0.313,-0.1053,-0.116933,0.176413,-1.130895,14992633,873
0.3482,3.3372,-10.0421,0.0495,-0.3574,-0.1183,-0.116933,0.176413,-1.130895,15003133,873
-0.1268,1.713,-9.6812,0.0995,-0.3342,-0.1041,-0.116933,0.176413,-1.130895,15013633,873
0.5696,1.4955,-9.1962,0.1838,-0.291,-0.0909,-0.116933,0.176413,-1.130895,15024133,873
0.2495,2.8679,-9.6336,0.1844,-0.2975,-0.0957,-0.116933,0.176413,-1.130895,15034633,873
0.0696,-0.0929,-9.485,0.1981,-0.3349,-0.0989,-0.116933,0.176413,-1.130895,15045133,873
0.6228,-0.6148,-8.7641,0.1951,-0.3291,-0.0944,-0.116933,0.176413,-1.130895,15055633,873
-0.1297,-2.2484,-8.3527,0.1644,-0.3696,-0.0982,-0.116933,0.176413,-1.130895,15066133,873
0.4821,-1.6803,-8.9886,0.1352,-0.3476,-0.0954,-0.116933,0.176413,-1.130895,15076633,873
0.5263,-2.3662,-8.6605,0.1512,-0.3288,-0.0947,-0.101369,0.241809,-1.141403,15086677,874
-0.0732,-1.256,-8.5167,0.148,-0.3063,-0.096,-0.101369,0.241809,-1.141403,15096678,874
0.6316,-2.8424,-8.8117,0.1074,-0.3024,-0.1002,-0.101369,0.241809,-1.141403,15107178,874
0.1386,-3.402,-8.6969,0.1456,-0.2363,-0.0946,-0.101369,0.241809,-1.141403,15117678,874
-0.3548,-1.1657,-9.8817,0.1536,-0.2137,-0.1028,-0.101369,0.241809,-1.141403,15128178,874
0.9516,-2.3953,-8.7325,0.1552,-0.2547,-0.0986,-0.101369,0.241809,-1.141403,15138678,874
0.0485,-1.8226,-9.0373,0.1605,-0.2765,-0.1049,-0.101369,0.241809,-1.141403,15149178,874
0.0369,1.3859,-10.6398,0.2106,-0.2132,-0.0833,-0.101369,0.241809,-1.141403,15159678,874
-0.0065,1.4154,-10.9358,0.1988,-0.2494,-0.1028,-0.101369,0.241809,-1.141403,15170178,874
-0.0177,0.5981,-11.0524,0.2034,-0.2373,-0.0994,-0.101369,0.241809,-1.141403,15180678,874
-0.0514,2.8133,-11.2294,0.2158,-0.255,-0.0889,-0.075194,0.272415,-1.138474,15190724,875
-0.1744,1.2874,-11.2314,0.1987,-0.2147,-0.0938,-0.075194,0.272415,-1.138474,15201224,875
-0.2458,1.9057,-11.467,0.1816,-0.2107,-0.0939,-0.075194,0.272415,-1.138474,15211724,875
-0.1067,2.5315,-10.2845,0.1598,-0.2123,-0.1004,-0.075194,0.272415,-1.138474,15222224,875
-0.4243,-0.6822,-9.4286,0.1288,-0.2139,-0.091,-0.075194,0.272415,-1.138474,15232724,875
0.1605,1.6478,-10.4471,0.0863,-0.2523,-0.0893,-0.075194,0.272415,-1.138474,15243224,875
0.1359,-0.9782,-8.6103,0.0867,-0.2123,-0.0903,-0.075194,0.272415,-1.138474,15253724,875
0.1958,-2.4624,-9.1428,0.0473,-0.2334,-0.1051,-0.075194,0.272415,-1.138474,15264224,875
0.6938,-4.0392,-8.1095,-0.0381,-0.2589,-0.1027,-0.075194,0.272415,-1.138474,15274724,875
-0.0685,-4.2154,-8.4067,-0.0363,-0.2049,-0.0843,-0.075194,0.272415,-1.138474,15285224,875
0.0441,-2.9871,-9.4632,-0.0513,-0.2496,-0.0907,-0.075194,0.272415,-1.138474,15295724,875
-0.3862,-2.5269,-10.0993,-0.1062,-0.2125,-0.0763,-0.075194,0.272415,-1.138474,15306224,875
-0.1566,-3.1282,-10.2627,-0.0453,-0.1396,-0.0766,-0.045891,0.309084,-1.141364,15316269,876
0.4173,-2.7696,-9.7288,-0.0993,-0.1458,-0.0793,-0.045891,0.309084,-1.141364,15326769,876
-0.1692,-1.781,-9.4838,-0.1552,-0.2272,-0.0876,-0.045891,0.309084,-1.141364,15336798,876
-0.2035,-3.5417,-10.1026,-0.1117,-0.1791,-0.0713,-0.045891,0.309084,-1.141364,15347298,876
0.8078,-2.7109,-10.384,-0.106,-0.1617,-0.0669,-0.045891,0.309084,-1.141364,15357300,876
-0.6801,-1.7411,-10.1709,-0.2037,-0.2667,-0.0923,-0.045891,0.309084,-1.141364,15367800,876
-1.2079,-1.1371,-10.9127,-0.1818,-0.1959,-0.0728,-0.045891,0.309084,-1.141364,15378300,876
0.4605,-1.4523,-11.0975,-0.2154,-0.2052,-0.0768,-0.045891,0.309084,-1.141364,15388800,876
-0.3386,-1.3107,-10.6086,-0.2579,-0.235,-0.0856,-0.045891,0.309084,-1.141364,15399300,876
-1.6265,1.5994,-10.5754,-0.2565,-0.1551,-0.0729,-0.045891,0.309084,-1.141364,15409800,876
0.1393,0.821,-10.9202,-0.3153,-0.2222,-0.0944,-0.018891,0.347506,-1.138229,15419846,877
-0.4567,-0.8014,-11.2206,-0.2859,-0.1974,-0.0901,-0.018891,0.347506,-1.138229,15429874,877
-0.1618,-2.1145,-11.1574,-0.258,-0.0898,-0.0695,-0.018891,0.347506,-1.138229,15440374,877
-0.4969,0.5916,-11.0273,-0.2636,-0.1379,-0.0736,-0.018891,0.347506,-1.138229,15450384,877
-0.9493,-0.2474,-10.7336,-0.2984,-0.1563,-0.0867,-0.018891,0.347506,-1.138229,15460884,877
-0.244,-1.4997,-10.5341,-0.2859,-0.1446,-0.0865,-0.018891,0.347506,-1.138229,15471384,877
-0.2287,-0.1075,-10.6794,-0.3054,-0.2021,-0.0928,-0.018891,0.347506,-1.138229,15481884,877
-0.89,0.3836,-10.335,-0.2914,-0.1884,-0.0837,-0.018891,0.347506,-1.138229,15492384,877
-0.5537,1.7682,-9.7318,-0.217,-0.1366,-0.0747,-0.018891,0.347506,-1.138229,15502884,877
-0.2135,0.789,-10.5302,-0.2221,-0.0996,-0.0714,-0.018891,0.347506,-1.138229,15513384,877
-1.1528,1.6753,-10.1288,-0.2548,-0.1409,-0.0863,-0.018891,0.347506,-1.138229,15523884,877
-0.3923,1.8934,-9.7555,-0.1908,-0.1022,-0.072,-0.018891,0.347506,-1.138229,15534384,877
-0.1661,3.5066,-9.8316,-0.1869,-0.0815,-0.081,-0.018891,0.347506,-1.138229,15544884,877
-0.8746,1.6845,-10.1348,-0.149,-0.0697,-0.0785,-0.018891,0.347506,-1.138229,15555384,877
-0.6047,1.5804,-9.9638,-0.1513,-0.0333,-0.0781,-0.004557,0.38438,-1.139011,15565428,878
-0.0214,1.4439,-10.2163,-0.1294,0.0026,-0.0783,-0.004557,0.38438,-1.139011,15575928,878
-0.5517,1.8691,-10.2432,-0.2001,-0.0562,-0.0912,-0.004557,0.38438,-1.139011,15586428,878
-0.3725,2.3292,-10.4143,-0.1649,0.0177,-0.0706,-0.004557,0.38438,-1.139011,15596928,878
0.2395,3.829,-10.0491,-0.1556,0.0676,-0.0754,-0.004557,0.38438,-1.139011,15607428,878
-0.837,2.712,-9.7623,-0.2043,0.0146,-0.0839,-0.004557,0.38438,-1.139011,15617928,878
-0.582,2.6738,-10.7351,-0.1338,0.0787,-0.081,-0.004557,0.38438,-1.139011,15628428,878
0.963,3.2841,-9.7562,-0.1441,0.1029,-0.0644,-0.004557,0.38438,-1.139011,15638928,878
-0.4167,2.1666,-9.3163,-0.0653,0.1502,-0.0532,-0.004557,0.38438,-1.139011,15649428,878
-0.6689,3.3052,-10.4561,-0.1749,0.1004,-0.0747,-0.004557,0.38438,-1.139011,15659928,878
1.1788,3.4735,-9.81,-0.1159,0.1711,-0.0688,-0.004557,0.38438,-1.139011,15670428,878
0.286,1.3629,-8.7154,-0.1489,0.16,-0.0656,-0.004557,0.38438,-1.139011,15680928,878
-0.4299,1.9146,-10.088,-0.1112,0.1462,-0.0626,-0.004557,0.38438,-1.139011,15691428,878
1.1157,2.7326,-9.6492,-0.1884,0.1384,-0.071,-0.004557,0.38438,-1.139011,15701928,878
0.8375,-1.105,-8.8642,-0.1208,0.1283,-0.0714,-0.004557,0.38438,-1.139011,15712428,878
0.0322,-2.0151,-9.7594,-0.085,0.204,-0.054,-0.004557,0.38438,-1.139011,15722928,878
0.7065,0.2777,-9.6232,-0.1795,0.0632,-0.0906,-0.004557,0.38438,-1.139011,15733428,878
0.9466,-2.6336,-9.0689,-0.1101,0.1676,-0.0627,-0.004557,0.38438,-1.139011,15743928,878
-0.6066,-3.3702,-9.61,-0.0953,0.1308,-0.0671,-0.004557,0.38438,-1.139011,15754428,878
0.4462,-2.5764,-9.9201,-0.0722,0.1956,-0.059,-0.004557,0.38438,-1.139011,15764928,878
1.0359,-2.9491,-9.0841,-0.0887,0.1802,-0.068,-0.004557,0.38438,-1.139011,15775428,878
-0.0665,-3.3836,-9.0368,-0.0607,0.1977,-0.0695,0.003527,0.434238,-1.1402,15785521,880
-0.028,-2.4869,-8.7883,-0.0396,0.1394,-0.0595,0.003527,0.434238,-1.1402,15795531,880
0.4786,-3.3783,-9.582,-0.0411,0.1923,-0.0619,0.003527,0.434238,-1.1402,15806031,880
0.9392,-1.8029,-8.7384,-0.0028,0.2713,-0.0444,0.003527,0.434238,-1.1402,15816531,880
0.2027,-4.1889,-9.2603,-0.0346,0.2527,-0.0534,0.003527,0.434238,-1.1402,15827031,880
-0.209,-1.9571,-10.6488,-0.1184,0.2326,-0.0579,0.003527,0.434238,-1.1402,15837531,880
-0.1747,-1.7652,-9.7421,-0.0968,0.237,-0.0563,0.003527,0.434238,-1.1402,15848031,880
-0.0888,-3.574,-10.2469,-0.1798,0.1784,-0.0715,0.003527,0.434238,-1.1402,15858531,880
-0.4649,-0.0002,-10.8694,-0.1006,0.2856,-0.0461,0.003527,0.434238,-1.1402,15869031,880
-0.7345,1.2055,-10.2364,-0.1636,0.2437,-0.0555,-0.000581,0.464539,-1.137727,15879084,881
-1.2781,-1.1533,-11.079,-0.1735,0.2048,-0.0694,-0.000581,0.464539,-1.137727,15889584,881
-0.3708,1.4366,-10.3326,-0.2111,0.2162,-0.0719,-0.000581,0.464539,-1.137727,15900084,881
-0.0687,1.1949,-9.9474,-0.1223,0.2454,-0.0478,-0.000581,0.464539,-1.137727,15910584,881
-1.0784,1.2745,-9.9469,-0.105,0.1989,-0.0498,-0.000581,0.464539,-1.137727,15921084,881
-0.2042,1.8594,-9.2914,-0.0561,0.2403,-0.0372,-0.000581,0.464539,-1.137727,15931584,881
0.936,2.3663,-8.4956,-0.0624,0.2043,-0.0457,-0.000581,0.464539,-1.137727,15942084,881
-0.3504,3.211,-9.5258,-0.0067,0.1788,-0.0663,-0.000581,0.464539,-1.137727,15952584,881
0.413,2.3447,-9.1634,0.0312,0.1907,-0.0469,-0.000581,0.464539,-1.137727,15963084,881
0.9766,0.0171,-9.0675,0.1053,0.2113,-0.0403,-0.000581,0.464539,-1.137727,15973584,881
0.5989,0.1126,-9.3814,0.0994,0.136,-0.052,-0.000581,0.464539,-1.137727,15984084,881
0.6997,1.2646,-8.8834,0.1226,0.1458,-0.0432,-0.000581,0.464539,-1.137727,15994584,881
0.2288,-2.6902,-9.3653,0.1387,0.1815,-0.0354,-0.000581,0.464539,-1.137727,16005084,881
0.4982,-1.268,-9.5803,0.1333,0.1719,-0.0489,-0.001676,0.521767,-1.137359,16015130,882
0.6756,-0.7391,-9.1636,0.1632,0.1584,-0.0459,-0.001676,0.521767,-1.137359,16025630,882
-0.0788,-2.7142,-9.5867,0.155,0.1379,-0.0478,-0.001676,0.521767,-1.137359,16035641,882
0.1564,-2.5038,-9.6471,0.1792,0.1725,-0.0392,-0.001676,0.521767,-1.137359,16046141,882
0.3385,-3.2505,-9.6813,0.2012,0.1149,-0.0365,-0.001676,0.521767,-1.137359,16056641,882
-0.4307,-1.6918,-10.4883,0.2248,0.0772,-0.0522,-0.001676,0.521767,-1.137359,16067141,882
-0.7623,-0.0174,-10.3972,0.2456,0.0768,-0.047,-0.001676,0.521767,-1.137359,16077641,882
-0.0262,-2.8841,-9.8266,0.2635,0.0423,-0.0391,-0.001676,0.521767,-1.137359,16088141,882
-0.5804,-0.3379,-10.6403,0.3005,0.0749,-0.0344,-0.001676,0.521767,-1.137359,16098641,882
-0.3438,2.4903,-10.2898,0.3,-0.0203,-0.0558,-0.009523,0.564544,-1.138205,16108687,883
-0.3062,0.8992,-10.2102,0.3645,0.04,-0.0424,-0.009523,0.564544,-1.138205,16119187,883
-0.5858,0.9871,-10.3725,0.3336,0.0268,-0.0452,-0.009523,0.564544,-1.138205,16129687,883
-0.2037,3.4317,-9.7781,0.3554,0.0521,-0.0458,-0.009523,0.564544,-1.138205,16140187,883
-0.2734,2.8802,-10.0317,0.3845,0.0305,-0.04,-0.009523,0.564544,-1.138205,16150687,883
-0.0429,2.7197,-9.4435,0.3253,0.011,-0.0433,-0.009523,0.564544,-1.138205,16161187,883
0.8617,1.1257,-8.81,0.3715,0.0373,-0.019,-0.009523,0.564544,-1.138205,16171687,883
0.5435,1.0744,-8.9566,0.3174,0.001,-0.0375,-0.009523,0.564544,-1.138205,16182187,883
0.1344,1.8806,-8.8157,0.2831,-0.0292,-0.0598,-0.009523,0.564544,-1.138205,16192687,883
0.8861,-0.5349,-8.738,0.3717,0.0928,-0.0262,-0.009523,0.564544,-1.138205,16203187,883
0.8048,-1.3235,-10.0095,0.3207,0.0273,-0.0265,-0.009523,0.564544,-1.138205,16213687,883
0.7058,0.5179,-8.8354,0.2899,0.0193,-0.044,-0.009523,0.564544,-1.138205,16224187,883
0.5442,-1.3185,-9.9953,0.2608,0.0258,-0.0385,-0.009523,0.564544,-1.138205,16234687,883
0.7394,-0.6072,-11.5024,0.2542,-0.0014,-0.0364,-0.009523,0.564544,-1.138205,16245187,883
0.2447,1.4682,-10.7982,0.2772,0.0296,-0.0299,-0.010468,0.598329,-1.134721,16255240,884
-0.2248,0.7736,-10.7188,0.2216,0.0126,-0.0276,-0.010468,0.598329,-1.134721,16265740,884
-0.8232,-0.1074,-10.7759,0.1966,0.0094,-0.043,-0.010468,0.598329,-1.134721,16275775,884
0.1203,2.1176,-11.4439,0.1271,-0.0191,-0.0444,-0.010468,0.598329,-1.134721,16286275,884
0.2255,2.3701,-9.9127,0.0839,-0.0262,-0.0368,-0.010468,0.598329,-1.134721,16296305,884
-0.9681,1.5933,-10.2925,0.0472,0.0178,-0.0407,-0.010468,0.598329,-1.134721,16306805,884
-0.1258,2.6817,-9.7238,-0.0091,0.0215,-0.0474,-0.010468,0.598329,-1.134721,16317305,884
0.5875,0.7239,-9.0761,-0.139,-0.0768,-0.0543,-0.010468,0.598329,-1.134721,16327805,884
-0.0222,-0.8688,-8.6396,-0.1047,0.0344,-0.0245,-0.018315,0.6564,-1.132216,16338350,885
0.8592,-0.714,-8.3274,-0.1585,-0.0107,-0.0393,-0.018315,0.6564,-1.132216,16348849,885
1.113,-0.8509,-9.2352,-0.1841,-0.0243,-0.0399,-0.018315,0.6564,-1.132216,16359349,885
0.4162,-1.4549,-7.9021,-0.1854,-0.0104,-0.0326,-0.018315,0.6564,-1.132216,16369849,885
0.1221,-1.4956,-9.1244,-0.1877,-0.0431,-0.0371,-0.018315,0.6564,-1.132216,16380349,885
0.732,0.2823,-11.114,-0.1779,-0.022,-0.0272,-0.018315,0.6564,-1.132216,16390849,885
1.2602,-0.5323,-9.1588,-0.1606,-0.0371,-0.0288,-0.018315,0.6564,-1.132216,16401349,885
-0.2167,-0.3238,-10.0848,-0.1197,-0.0222,-0.021,-0.018315,0.6564,-1.132216,16411849,885
-0.2686,0.732,-11.662,-0.0869,-0.0104,-0.0213,-0.018315,0.6564,-1.132216,16422349,885
0.8067,1.8943,-11.1078,-0.016,0.0268,-0.0172,-0.018315,0.6564,-1.132216,16432849,885
0.3284,0.7535,-10.8475,-0.0341,-0.0183,-0.0275,-0.018315,0.6564,-1.132216,16443349,885
-0.9974,0.9067,-11.3455,0.0086,-0.0032,-0.023,-0.018315,0.6564,-1.132216,16453849,885
0.0472,0.8308,-11.1409,0.0392,-0.0192,-0.0262,-0.018315,0.6564,-1.132216,16464349,885
-0.1859,1.2775,-10.9918,0.0777,-0.0143,-0.0252,-0.018315,0.6564,-1.132216,16474849,885
-0.7135,1.3741,-10.7202,0.0789,-0.0231,-0.0305,-0.018315,0.6564,-1.132216,16485349,885
-0.5275,0.7172,-10.8551,0.0983,-0.002,-0.0268,-0.018315,0.6564,-1.132216,16495849,885
-0.0936,1.0235,-10.3987,0.1125,-0.0028,-0.027,-0.024627,0.708648,-1.130338,16506401,886
0.0385,1.8029,-10.2472,0.0793,-0.0147,-0.0322,-0.024627,0.708648,-1.130338,16516901,886
-1.5548,1.1937,-9.7912,0.0646,0.0047,-0.0252,-0.024627,0.708648,-1.130338,16527401,886
-0.972,1.1164,-11.0796,0.0638,0.0117,-0.0314,-0.024627,0.708648,-1.130338,16537901,886
0.6309,0.8335,-10.3065,0.0211,0.0225,-0.0356,-0.024627,0.708648,-1.130338,16548401,886
-0.3624,-0.5501,-9.2438,-0.0039,0.0416,-0.0335,-0.024627,0.708648,-1.130338,16558901,886
-0.1598,-1.364,-9.0018,-0.0769,0.0464,-0.0373,-0.024627,0.708648,-1.130338,16569401,886
0.3596,0.8484,-9.6774,-0.1033,0.0489,-0.0351,-0.024627,0.708648,-1.130338,16579901,886
0.4313,-2.2836,-8.6618,-0.0789,0.1412,-0.0167,-0.024627,0.708648,-1.130338,16590401,886
0.1586,-3.7349,-8.9343,-0.1072,0.1241,-0.0129,-0.024627,0.708648,-1.130338,16600901,886
0.4485,-1.2675,-9.8662,-0.1847,0.0453,-0.0352,-0.024627,0.708648,-1.130338,16611401,886
0.5076,-1.3576,-9.4467,-0.2037,0.0606,-0.0245,-0.024627,0.708648,-1.130338,16621901,886
0.1968,-2.9004,-9.707,-0.1751,0.0312,-0.0277,-0.024627,0.708648,-1.130338,16632401,886
-0.3176,-0.7522,-11.1299,-0.1657,0.0513,-0.021,-0.024627,0.708648,-1.130338,16642901,886
0.1842,-1.9896,-10.7772,-0.1491,0.0348,-0.0175,-0.024627,0.708648,-1.130338,16653401,886
-0.706,-0.8993,-10.917,-0.1051,0.0444,-0.0201,-0.024627,0.708648,-1.130338,16663901,886
-0.9597,-0.4907,-10.9538,-0.1319,0.0359,-0.0209,-0.024627,0.708648,-1.130338,16674401,886
-0.2384,0.3831,-10.4983,-0.0916,-0.0176,-0.0292,-0.024627,0.708648,-1.130338,16684901,886
-0.204,0.3244,-10.731,-0.0706,-0.0068,-0.0166,-0.024627,0.708648,-1.130338,16695401,886
-0.3827,0.7511,-10.4278,-0.0481,0.0019,-0.0074,-0.030689,0.748556,-1.134482,16705454,887
-0.5606,-0.4668,-10.7118,-0.0362,-0.0091,-0.0098,-0.030689,0.748556,-1.134482,16715954,887
-0.556,0.8369,-10.7363,-0.0297,0.023,-0.0076,-0.030689,0.748556,-1.134482,16726454,887
-0.6631,1.8884,-9.0544,-0.101,0.018,-0.0144,-0.030689,0.748556,-1.134482,16736954,887
-1.1598,0.2179,-9.3698,-0.1594,0.0167,-0.0116,-0.030689,0.748556,-1.134482,16747454,887
-0.228,-0.5171,-9.5862,-0.2233,0.0727,-0.0155,-0.030689,0.748556,-1.134482,16757954,887
0.6331,-2.0486,-7.8743,-0.2698,0.0748,-0.0185,-0.030689,0.748556,-1.134482,16768454,887
-0.737,-2.6937,-8.8001,-0.3575,0.0864,-0.0296,-0.030689,0.748556,-1.134482,16778954,887
0.195,-1.9534,-9.2021,-0.367,0.1232,-0.0131,-0.030689,0.748556,-1.134482,16789454,887
0.4354,-2.7284,-9.1698,-0.4367,0.0923,-0.0253,-0.029607,0.798117,-1.132885,16799999,888
0.1334,-3.916,-9.4237,-0.4409,0.0951,-0.0201,-0.029607,0.798117,-1.132885,16810499,888
-0.4237,-1.1878,-10.499,-0.4505,0.0585,-0.0268,-0.029607,0.798117,-1.132885,16820999,888
-0.2392,1.0693,-10.3415,-0.3734,0.1193,-0.0243,-0.029607,0.798117,-1.132885,16831499,888
-0.2208,0.1887,-10.0264,-0.3716,0.0681,-0.0433,-0.029607,0.798117,-1.132885,16841999,888
-0.7422,0.8126,-10.2714,-0.2816,0.0803,-0.0236,-0.029607,0.798117,-1.132885,16852499,888
0.0706,3.0553,-10.8021,-0.2021,0.0756,-0.0049,-0.029607,0.798117,-1.132885,16862999,888
0.3166,2.419,-10.139,-0.162,0.0772,-0.006,-0.029607,0.798117,-1.132885,16873499,888
0.0326,2.2484,-10.6007,-0.1048,0.0398,-0.0025,-0.029607,0.798117,-1.132885,16883999,888
-0.9431,1.869,-11.0019,-0.0646,-0.0067,-0.0201,-0.029607,0.798117,-1.132885,16894499,888
0.5136,1.0034,-10.2046,-0.0179,0.0047,-0.0225,-0.029607,0.798117,-1.132885,16904999,888
0.5527,0.8424,-9.6587,0.0444,-0.0367,-0.0199,-0.029607,0.798117,-1.132885,16915499,888
-1.248,1.1968,-9.8798,0.0701,-0.0461,-0.0234,-0.029607,0.798117,-1.132885,16925999,888
-1.0105,0.1998,-9.7309,0.1021,-0.0456,0.0006,-0.025156,0.849071,-1.131194,16936045,889
-0.1341,0.3163,-10.8807,0.1014,-0.0578,-0.0133,-0.025156,0.849071,-1.131194,16946545,889
0.3305,0.3598,-9.0638,0.1139,-0.0555,-0.0277,-0.025156,0.849071,-1.131194,16956546,889
-1.1078,-0.4992,-8.5261,0.1285,-0.0452,-0.0199,-0.025156,0.849071,-1.131194,16967046,889
-0.6749,-0.1782,-9.564,0.1485,-0.0227,-0.0178,-0.025156,0.849071,-1.131194,16977546,889
0.5085,-0.2444,-8.8752,0.1573,-0.0386,-0.0226,-0.025156,0.849071,-1.131194,16988046,889
0.1445,-1.0485,-7.8122,0.1617,-0.0451,-0.0217,-0.025156,0.849071,-1.131194,16998546,889
0.1458,-1.7322,-8.7807,0.1681,-0.0461,-0.0178,-0.025156,0.849071,-1.131194,17009046,889
0.1767,-1.3494,-8.863,0.1837,-0.0337,-0.0215,-0.025156,0.849071,-1.131194,17019546,889
1.2439,-1.4355,-7.9887,0.1735,-0.0387,-0.0141,-0.025156,0.849071,-1.131194,17030046,889
0.4036,-2.2753,-7.5871,0.1746,-0.052,-0.012,-0.025159,0.894145,-1.13421,17040097,890
-0.3548,-1.3037,-8.9337,0.1793,-0.0619,-0.014,-0.025159,0.894145,-1.13421,17050597,890
1.1363,-0.518,-9.7131,0.1979,-0.0521,-0.013,-0.025159,0.894145,-1.13421,17061097,890
1.1337,-1.7625,-8.6479,0.2113,-0.0342,-0.0226,-0.025159,0.894145,-1.13421,17071597,890
-0.5329,-0.5799,-9.223,0.2194,-0.0216,-0.0198,-0.025159,0.894145,-1.13421,17082097,890
0.2756,0.5829,-11.059,0.208,-0.0169,-0.0208,-0.025159,0.894145,-1.13421,17092597,890
0.9396,1.6036,-11.1377,0.2669,-0.0025,-0.016,-0.025159,0.894145,-1.13421,17103097,890
0.255,0.2819,-10.3119,0.2522,-0.0066,-0.0137,-0.025159,0.894145,-1.13421,17113597,890
-0.6649,1.7263,-11.6035,0.2613,0.0057,-0.0228,-0.025159,0.894145,-1.13421,17124097,890
0.5099,2.4632,-11.3261,0.2075,-0.0285,-0.0366,-0.025159,0.894145,-1.13421,17134597,890
0.7347,1.4145,-10.3995,0.2741,-0.0078,-0.0186,-0.025159,0.894145,-1.13421,17145097,890
-0.6836,1.9996,-11.0742,0.2921,-0.0091,-0.0153,-0.025159,0.894145,-1.13421,17155597,890
-0.0965,2.185,-11.2563,0.2844,-0.0097,-0.0171,-0.018089,0.940745,-1.138417,17165644,891
0.6929,3.0527,-11.1817,0.2809,-0.0163,-0.023,-0.018089,0.940745,-1.138417,17175682,891
0.1643,0.7143,-9.8849,0.2414,-0.0349,-0.03,-0.018089,0.940745,-1.138417,17186182,891
-0.7982,2.1464,-10.2431,0.25,-0.0272,-0.0116,-0.018089,0.940745,-1.138417,17196682,891
0.3525,2.1695,-9.5821,0.2088,-0.0241,-0.0174,-0.018089,0.940745,-1.138417,17207182,891
0.4336,-2.9754,-8.4314,0.1738,-0.0034,-0.0108,-0.018089,0.940745,-1.138417,17217682,891
0.2139,-3.4715,-9.4106,0.1729,0.0069,-0.0011,-0.018089,0.940745,-1.138417,17228182,891
0.3421,-2.0979,-9.107,0.1046,-0.0031,-0.0087,-0.018089,0.940745,-1.138417,17238682,891
-0.7897,-2.642,-10.807,0.1082,0.0204,-0.0039,-0.018089,0.940745,-1.138417,17249182,891
-0.0399,-0.0741,-10.3129,0.099,0.0341,-0.0025,-0.000156,0.984702,-1.132856,17259231,892
0.4992,-0.7271,-10.5958,0.06,0.0064,-0.0108,-0.000156,0.984702,-1.132856,17269731,892
-1.5131,0.5753,-10.2381,0.0268,-0.0189,-0.0163,-0.000156,0.984702,-1.132856,17280231,892
-0.7353,1.0515,-10.2421,0.0168,0.0034,-0.018,-0.000156,0.984702,-1.132856,17290731,892
0.5342,0.5367,-8.6625,0.0233,-0.0311,-0.0273,-0.000156,0.984702,-1.132856,17301231,892
-0.9166,-0.0898,-8.1078,0.0117,-0.05,-0.0252,-0.000156,0.984702,-1.132856,17311731,892
0.3038,-0.5161,-8.6021,0.0383,-0.0687,-0.0111,-0.000156,0.984702,-1.132856,17322231,892
0.9067,-0.5357,-7.9086,0.0218,-0.1152,-0.0192,-0.000156,0.984702,-1.132856,17332731,892
0.8178,-1.0067,-9.8917,0.0542,-0.1172,-0.0222,-0.000156,0.984702,-1.132856,17343231,892
-0.0963,0.2639,-11.1267,0.0719,-0.1414,-0.0155,-0.000156,0.984702,-1.132856,17353731,892
0.7438,-0.1601,-11.0763,0.074,-0.1519,-0.0183,-0.000156,0.984702,-1.132856,17364231,892
0.7673,0.6861,-11.174,0.1068,-0.1619,-0.0143,-0.000156,0.984702,-1.132856,17374731,892
-1.0811,1.1504,-10.9077,0.1133,-0.1614,-0.0174,-0.000156,0.984702,-1.132856,17385231,892
-0.2843,0.8295,-10.9573,0.1143,-0.1767,-0.0224,-0.000156,0.984702,-1.132856,17395731,892
0.2031,1.6891,-10.6771,0.0978,-0.1426,-0.0147,-0.000156,0.984702,-1.132856,17406231,892
-0.9076,0.5254,-9.4834,0.1041,-0.1394,-0.0163,0.009237,1.011805,-1.135964,17416277,893
-1.1687,1.3595,-11.4833,0.0925,-0.1389,-0.0223,0.009237,1.011805,-1.135964,17426777,893
0.1693,1.3863,-9.9496,0.0714,-0.1204,-0.0088,0.009237,1.011805,-1.135964,17436806,893
0.217,-1.9561,-7.8189,0.0134,-0.1275,-0.0159,0.009237,1.011805,-1.135964,17447306,893
-0.0076,0.3143,-9.9172,-0.0495,-0.114,-0.028,0.009237,1.011805,-1.135964,17457336,893
0.6507,-0.1381,-9.1734,-0.1383,-0.0979,-0.0301,0.009237,1.011805,-1.135964,17467836,893
-0.0599,-1.4124,-9.0917,-0.212,-0.0668,-0.0258,0.009237,1.011805,-1.135964,17478336,893
0.4792,-1.0946,-9.5423,-0.3168,-0.1132,-0.039,0.009237,1.011805,-1.135964,17488836,893
1.6352,-2.1017,-9.7817,-0.3364,-0.0341,-0.0207,0.024994,1.066171,-1.13126,17498883,894
0.9114,-1.3867,-9.4815,-0.3264,-0.0158,-0.0121,0.024994,1.066171,-1.13126,17509383,894
-0.123,-0.0345,-11.4248,-0.3641,0.005,-0.0112,0.024994,1.066171,-1.13126,17519883,894
1.1685,0.4699,-10.7797,-0.3692,-0.0029,-0.0207,0.024994,1.066171,-1.13126,17530383,894
1.002,-0.6764,-11.0662,-0.3423,-0.0272,-0.0134,0.024994,1.066171,-1.13126,17540883,894
-0.7226,0.4612,-11.8124,-0.3052,-0.0534,-0.0053,0.024994,1.066171,-1.13126,17551383,894
-0.1132,0.8702,-11.038,-0.264,-0.0749,-0.0063,0.024994,1.066171,-1.13126,17561883,894
0.4055,0.6836,-10.8587,-0.1812,-0.0782,-0.0114,0.024994,1.066171,-1.13126,17572383,894
-0.1428,0.0626,-10.7739,-0.1214,-0.0766,0.0017,0.024994,1.066171,-1.13126,17582883,894
-1.3037,0.6,-10.3808,-0.0762,-0.0822,-0.0045,0.024994,1.066171,-1.13126,17593383,894
-0.3455,1.5865,-10.1705,-0.0211,-0.085,-0.0122,0.024994,1.066171,-1.13126,17603883,894
0.4273,0.9679,-10.2555,-0.0221,-0.1315,-0.0037,0.050745,1.117832,-1.125332,17613929,895
-1.079,1.616,-9.9712,-0.0028,-0.1214,-0.0108,0.050745,1.117832,-1.125332,17624429,895
-1.4933,-0.9731,-10.9427,0.027,-0.0984,-0.0002,0.050745,1.117832,-1.125332,17634458,895
-0.6243,0.1435,-10.6911,0.0971,-0.111,0.0035,0.050745,1.117832,-1.125332,17644958,895
-0.0669,2.451,-10.1871,0.1237,-0.0917,0.0014,0.050745,1.117832,-1.125332,17655458,895
-0.9642,0.7589,-10.386,0.0789,-0.114,-0.0134,0.050745,1.117832,-1.125332,17665958,895
-0.6937,1.4734,-10.1312,0.1288,-0.1529,-0.0166,0.050745,1.117832,-1.125332,17676458,895
-0.1695,1.6654,-11.0751,0.1821,-0.1464,-0.0132,0.050745,1.117832,-1.125332,17686958,895
-0.1028,2.4942,-10.3042,0.2911,-0.0423,0.0132,0.050745,1.117832,-1.125332,17697458,895
-0.654,2.308,-9.7652,0.1795,-0.1963,-0.0228,0.050745,1.117832,-1.125332,17707958,895
-0.3642,2.8352,-11.0049,0.2313,-0.0869,0.009,0.050745,1.117832,-1.125332,17718458,895
0.9339,3.3864,-10.1203,0.2245,-0.0938,0.0053,0.050745,1.117832,-1.125332,17728958,895
-0.1576,2.5462,-9.934,0.0768,-0.1365,-0.034,0.050745,1.117832,-1.125332,17739458,895
-1.1601,3.2675,-10.2657,0.1358,-0.0765,-0.0283,0.050745,1.117832,-1.125332,17749958,895
0.5642,2.6711,-10.0458,0.1471,-0.0708,-0.0182,0.050745,1.117832,-1.125332,17760458,895
0.4222,2.1767,-9.9017,0.1433,-0.039,-0.0097,0.050745,1.117832,-1.125332,17770958,895
-0.7581,2.943,-8.8887,0.0871,-0.0439,-0.0123,0.050745,1.117832,-1.125332,17781458,895
0.33,2.9864,-9.3464,0.1126,-0.0019,0.001,0.050745,1.117832,-1.125332,17791958,895
1.3823,0.836,-9.1546,0.0654,-0.061,-0.0232,0.050745,1.117832,-1.125332,17802458,895
0.6256,1.9688,-7.8849,0.0431,-0.0354,-0.0188,0.050745,1.117832,-1.125332,17812958,895
0.2022,0.584,-9.0589,0.0724,-0.0233,-0.0112,0.050745,1.117832,-1.125332,17823458,895
1.1247,0.2536,-9.9157,0.003,-0.0226,-0.0267,0.050745,1.117832,-1.125332,17833958,895
0.9408,0.4743,-8.3265,0.0064,-0.0502,-0.029,0.050745,1.117832,-1.125332,17844458,895
0.5053,-0.302,-9.0285,0.0128,0.0044,-0.0223,0.050745,1.117832,-1.125332,17854958,895
0.9303,-0.0772,-9.6179,-0.0036,0.0336,-0.0198,0.067313,1.155828,-1.120208,17865006,896
1.22,1.9624,-8.817,0.0555,0.057,0.0014,0.076552,1.183372,-1.117233,17875051,897
0.714,-0.9113,-9.194,0.0055,-0.0267,-0.0144,0.076552,1.183372,-1.117233,17885551,897
0.0387,0.805,-8.7289,-0.008,0.0458,-0.0001,0.076552,1.183372,-1.117233,17895587,897
1.6135,-0.19,-8.3449,-0.0651,0.0449,-0.0061,0.076552,1.183372,-1.117233,17906087,897
0.3413,-0.3975,-8.5849,-0.1265,0.0598,-0.0096,0.076552,1.183372,-1.117233,17916587,897
-0.5206,-1.4138,-8.2175,-0.1813,0.0815,-0.0148,0.076552,1.183372,-1.117233,17927087,897
0.4433,-1.2837,-8.9203,-0.2468,0.091,-0.0206,0.076552,1.183372,-1.117233,17937587,897
0.6199,-1.3436,-8.8639,-0.2698,0.0947,-0.0162,0.076552,1.183372,-1.117233,17948087,897
0.5636,-3.7206,-7.9539,-0.3088,0.0926,-0.0085,0.076552,1.183372,-1.117233,17958587,897
-0.0928,-2.0832,-9.3759,-0.2564,0.1013,0.0199,0.076552,1.183372,-1.117233,17969087,897
-0.3409,0.5821,-10.3509,-0.3663,0.0189,-0.0045,0.076552,1.183372,-1.117233,17979587,897
0.0702,-1.7277,-9.0036,-0.341,0.0535,-0.0087,0.076552,1.183372,-1.117233,17990087,897
-0.0554,-3.2383,-9.5478,-0.3028,0.06,-0.0047,0.076552,1.183372,-1.117233,18000587,897
-0.0603,-0.8755,-9.8256,-0.3383,0.0059,-0.0191,0.076552,1.183372,-1.117233,18011087,897
-0.1937,1.5818,-10.3027,-0.2618,0.0568,-0.0063,0.076552,1.183372,-1.117233,18021587,897
-0.1912,-1.185,-9.1923,-0.1937,0.1047,0.0063,0.076552,1.183372,-1.117233,18032087,897
0.475,-0.6955,-9.4774,-0.2015,0.0651,0.0022,0.076552,1.183372,-1.117233,18042587,897
-0.0538,2.3557,-11.3609,-0.1544,0.0316,-0.0056,0.076552,1.183372,-1.117233,18053087,897
0.0063,1.4334,-10.4616,-0.1419,0.0465,-0.0013,0.076552,1.183372,-1.117233,18063587,897
0.1705,0.7122,-10.6816,-0.1139,0.05,0.0036,0.076552,1.183372,-1.117233,18074087,897
0.0249,0.9387,-11.9851,-0.1055,0.05,-0.0024,0.076552,1.183372,-1.117233,18084587,897
0.1539,1.4659,-11.195,-0.1159,0.0561,-0.0027,0.077876,1.214164,-1.120297,18094632,898
0.4145,1.0478,-10.6003,-0.0811,0.0511,-0.0083,0.086898,1.243079,-1.117608,18104686,899
0.2558,-0.1279,-10.1223,-0.0578,0.0779,-0.01,0.086898,1.243079,-1.117608,18114717,899
0.3692,-0.5861,-11.2863,-0.0479,0.0893,0.0016,0.086898,1.243079,-1.117608,18125217,899
1.4794,-0.8135,-9.6534,-0.0281,0.0885,0.0107,0.086898,1.243079,-1.117608,18135717,899
0.2492,0.3877,-10.8502,-0.0207,0.0804,0.0019,0.086898,1.243079,-1.117608,18146217,899
-0.5598,-0.6435,-11.3219,0.0006,0.0783,0.0058,0.086898,1.243079,-1.117608,18156717,899
0.1028,0.0235,-10.581,-0.0258,0.046,-0.009,0.086898,1.243079,-1.117608,18167217,899
0.1984,-0.2912,-11.3808,0.013,0.085,-0.0048,0.086898,1.243079,-1.117608,18177717,899
-0.8065,-0.3844,-10.9004,0.0271,0.1044,-0.0095,0.086898,1.243079,-1.117608,18188217,899
-0.5408,0.0646,-11.2862,-0.0114,0.123,-0.0164,0.086898,1.243079,-1.117608,18198717,899
0.3581,0.1026,-11.1748,0.0157,0.1228,-0.025,0.086898,1.243079,-1.117608,18209217,899
-0.4342,-0.1855,-10.3689,0.037,0.152,-0.0159,0.086898,1.243079,-1.117608,18219717,899
-1.2082,0.8255,-10.4624,0.0725,0.136,-0.0059,0.086898,1.243079,-1.117608,18230217,899
-0.0563,1.2357,-9.8112,0.0273,0.094,-0.0166,0.086898,1.243079,-1.117608,18240717,899
0.1445,1.7901,-9.0463,0.0653,0.0941,-0.0092,0.086898,1.243079,-1.117608,18251217,899
-0.6855,2.4742,-9.6271,0.0887,0.0783,-0.0028,0.086898,1.243079,-1.117608,18261717,899
0.973,1.9645,-9.0773,0.086,0.025,-0.0155,0.086898,1.243079,-1.117608,18272217,899
1.0652,3.0412,-8.4952,0.1072,0.0455,-0.014,0.086898,1.243079,-1.117608,18282717,899
0.3363,1.1723,-9.2232,0.0917,0.0605,-0.0185,0.086898,1.243079,-1.117608,18293217,899
0.5337,-0.2395,-9.5167,0.0832,0.0503,-0.0179,0.086898,1.243079,-1.117608,18303717,899
0.9793,-0.4119,-9.0624,0.0627,0.0143,-0.0187,0.102918,1.278049,-1.117741,18313764,900
0.5066,-0.6499,-9.3299,0.1319,0.0804,-0.0043,0.102918,1.278049,-1.117741,18324264,900
0.319,-2.4779,-9.5236,0.1334,0.0666,-0.0045,0.102918,1.278049,-1.117741,18334764,900
0.4967,-1.6471,-9.594,0.1425,0.0081,-0.0012,0.102918,1.278049,-1.117741,18345264,900
0.0152,-2.3858,-10.0099,0.0979,0.0329,-0.009,0.102918,1.278049,-1.117741,18355764,900
0.0393,-3.0509,-10.2418,0.0641,-0.0356,-0.0222,0.102918,1.278049,-1.117741,18366264,900
0.3533,-3.5462,-10.5029,0.1593,0.0753,0.0202,0.102918,1.278049,-1.117741,18376764,900
0.0403,-1.976,-10.3581,0.0794,-0.0515,-0.0024,0.102918,1.278049,-1.117741,18387264,900
-0.8158,-0.1265,-9.8551,0.0864,-0.0898,-0.0086,0.102918,1.278049,-1.117741,18397764,900
-0.5621,1.0004,-10.6252,0.0373,-0.1529,-0.0214,0.102918,1.278049,-1.117741,18408264,900
-0.4949,-0.2529,-10.9825,0.0275,-0.1613,-0.0125,0.107535,1.328894,-1.118954,18418308,901
-0.0936,1.233,-9.075,0.015,-0.1952,-0.0142,0.107535,1.328894,-1.118954,18428808,901
-0.5539,0.0682,-10.5246,0.097,-0.1246,0.0006,0.107535,1.328894,-1.118954,18438839,901
-0.932,1.0768,-10.7218,0.0742,-0.143,-0.0029,0.107535,1.328894,-1.118954,18449339,901
-0.8677,-0.8278,-10.385,0.0651,-0.2143,-0.0209,0.107535,1.328894,-1.118954,18459369,901
-0.4695,-0.3206,-10.2293,0.1163,-0.1505,-0.0213,0.107535,1.328894,-1.118954,18469869,901
-0.5957,1.1362,-10.1506,0.1916,-0.1074,-0.0069,0.107535,1.328894,-1.118954,18480369,901
-0.7633,-1.4999,-9.6836,0.2293,-0.1325,-0.01,0.107535,1.328894,-1.118954,18490869,901
-0.6925,0.1739,-10.6316,0.2724,-0.1239,-0.001,0.107535,1.328894,-1.118954,18501369,901
0.1358,1.9252,-9.7669,0.2697,-0.0886,0.0001,0.107535,1.328894,-1.118954,18511869,901
-0.6884,1.4332,-10.5598,0.2937,-0.0834,0.0049,0.107535,1.328894,-1.118954,18522369,901
-0.7962,1.2429,-10.8541,0.2724,-0.0841,-0.0162,0.107535,1.328894,-1.118954,18532869,901
0.021,2.1,-9.7243,0.3165,-0.0093,0.0118,0.107535,1.328894,-1.118954,18543369,901
-0.3516,2.7653,-11.1656,0.3026,-0.0061,-0.0011,0.107535,1.328894,-1.118954,18553869,901
0.0808,3.3484,-10.7622,0.2579,0.0262,-0.0047,0.107535,1.328894,-1.118954,18564369,901
-0.2834,3.3996,-9.8592,0.2376,-0.0307,-0.0182,0.107535,1.328894,-1.118954,18574869,901
-0.0865,3.3393,-10.6838,0.2176,0.0254,-0.0069,0.107535,1.328894,-1.118954,18585369,901
1.4808,2.7303,-9.0339,0.1655,-0.016,-0.0127,0.107535,1.328894,-1.118954,18595869,901
0.3452,2.6932,-8.8629,0.1992,-0.015,0.0003,0.10432,1.361798,-1.12609,18605915,902
-0.049,0.7451,-9.6326,0.1298,-0.0327,-0.0116,0.10432,1.361798,-1.12609,18616415,902
0.3236,2.6436,-8.7813,0.1098,-0.0307,-0.0176,0.10432,1.361798,-1.12609,18626915,902
0.2101,-0.2321,-8.8833,0.1329,0.0018,-0.0104,0.10432,1.361798,-1.12609,18637415,902
0.8841,-0.4573,-9.6456,0.0441,0.0419,-0.0183,0.10432,1.361798,-1.12609,18647915,902
1,0.1985,-7.9873,-0.0007,0.0861,-0.0131,0.10432,1.361798,-1.12609,18658415,902
0.2949,-1.0019,-9.9639,-0.0218,0.1169,-0.0062,0.10432,1.361798,-1.12609,18668915,902
1.3452,1.1495,-10.4774,-0.0533,0.145,-0.0028,0.10432,1.361798,-1.12609,18679415,902
0.5276,-0.1375,-10.0766,-0.0941,0.1288,-0.0094,0.10432,1.361798,-1.12609,18689915,902
-0.4487,2.0201,-11.8141,-0.0924,0.1857,-0.0111,0.10432,1.361798,-1.12609,18700415,902
0.3283,2.0543,-10.2669,-0.1373,0.1434,-0.016,0.10432,1.361798,-1.12609,18710915,902
-0.0644,1.2813,-10.2674,-0.1113,0.199,-0.0127,0.10432,1.361798,-1.12609,18721415,902
-0.1352,3.5293,-11.2546,-0.1432,0.1575,-0.0146,0.10432,1.361798,-1.12609,18731915,902
0.2088,1.8467,-9.4792,-0.1679,0.1855,-0.0107,0.10432,1.361798,-1.12609,18742415,902
0.42,-1.2623,-8.8349,-0.1131,0.1221,-0.0213,0.10432,1.361798,-1.12609,18752915,902
0.5532,0.6436,-9.3066,-0.13,0.1094,-0.02,0.10432,1.361798,-1.12609,18763415,902
0.6999,-1.9763,-8.4153,-0.0749,0.0931,-0.0005,0.113377,1.38672,-1.12087,18773961,903
-0.3162,-0.896,-9.11,-0.0615,0.0505,-0.0046,0.113377,1.38672,-1.12087,18784460,903
0.346,-1.8837,-9.5238,-0.0483,0.0243,-0.0017,0.113377,1.38672,-1.12087,18794960,903
0.8003,-3.7783,-8.9876,-0.0118,0.0175,-0.0037,0.113377,1.38672,-1.12087,18805460,903
-0.9127,-2.8158,-10.0644,-0.0722,0.0009,-0.0029,0.113377,1.38672,-1.12087,18815960,903
-0.3846,-3.0807,-9.2859,-0.0921,-0.0116,-0.0141,0.113377,1.38672,-1.12087,18826460,903
0.5095,-2.7985,-10.4635,-0.0633,-0.0111,-0.0073,0.113377,1.38672,-1.12087,18836960,903
-0.4758,-2.3,-10.5042,-0.2008,-0.0774,-0.022,0.113377,1.38672,-1.12087,18847460,903
0.1372,-4.078,-9.7807,-0.1311,-0.0014,0.0066,0.113377,1.38672,-1.12087,18857960,903
-0.1493,-1.0307,-11.1737,-0.1683,0.0344,0.007,0.113377,1.38672,-1.12087,18868460,903
-0.8687,-0.5224,-11.3842,-0.2217,0.0219,-0.0025,0.113405,1.454573,-1.129201,18878511,904
0.1435,-1.6152,-10.8736,-0.25,-0.0145,-0.021,0.113405,1.454573,-1.129201,18888514,904
0.4399,-0.5115,-10.8965,-0.2165,0.0325,-0.0129,0.113405,1.454573,-1.129201,18899014,904
0.5249,-0.3031,-10.3106,-0.1708,0.0282,-0.0103,0.113405,1.454573,-1.129201,18909514,904
-0.145,-1.8182,-10.1956,-0.1158,0.0202,-0.0195,0.113405,1.454573,-1.129201,18920014,904
-0.2702,-2.2812,-10.6654,0.019,0.038,-0.0117,0.113405,1.454573,-1.129201,18930514,904
-0.3983,0.0356,-9.2171,0.1115,0.0208,-0.005,0.113405,1.454573,-1.129201,18941014,904
-0.1677,-1.4274,-8.5844,0.2151,0.0578,0.0002,0.113405,1.454573,-1.129201,18951514,904
0.415,-1.2269,-9.5641,0.2635,0.0567,-0.0031,0.113405,1.454573,-1.129201,18962014,904
-0.1555,0.9327,-10.1566,0.3424,0.0324,-0.0054,0.113405,1.454573,-1.129201,18972514,904
0.2765,0.4362,-9.4467,0.3578,0.0248,-0.0169,0.113405,1.454573,-1.129201,18983014,904
0.7111,-0.1699,-11.0021,0.3719,0.035,-0.012,0.113405,1.454573,-1.129201,18993514,904
-0.1841,0.5005,-11.2836,0.3774,0.0085,-0.0116,0.113405,1.454573,-1.129201,19004014,904
-0.1404,0.682,-11.2059,0.3608,0.0137,-0.0107,0.118376,1.48346,-1.128695,19014059,905
-0.6347,0.8851,-11.3621,0.3435,0.0356,-0.0112,0.118376,1.48346,-1.128695,19024559,905
-0.1839,0.3724,-10.5359,0.3076,0.0431,-0.0172,0.118376,1.48346,-1.128695,19035059,905
-0.0194,1.5875,-11.2824,0.2879,0.0362,-0.0135,0.118376,1.48346,-1.128695,19045559,905
-1.083,1.079,-9.9952,0.2302,0.026,-0.023,0.118376,1.48346,-1.128695,19056059,905
0.1696,-1.1007,-8.806,0.2356,0.0531,-0.0157,0.118376,1.48346,-1.128695,19066559,905
0.7346,-0.61,-9.2448,0.1982,0.0412,-0.0191,0.118376,1.48346,-1.128695,19077059,905
-0.4198,-2.1158,-8.0892,0.1764,0.0328,-0.0204,0.118376,1.48346,-1.128695,19087559,905
0.2025,-2.8831,-8.5943,0.1461,0.0256,-0.0152,0.118376,1.48346,-1.128695,19098059,905
0.6492,-1.9327,-9.049,0.0951,0.0431,-0.0165,0.130759,1.507101,-1.128188,19108103,906
0.3248,-3.8182,-8.1551,0.093,0.0181,-0.0085,0.130759,1.507101,-1.128188,19118603,906
-0.0799,-3.4976,-8.2596,0.0998,0.0135,-0.0144,0.130759,1.507101,-1.128188,19128631,906
-0.3107,-2.096,-9.3524,0.085,0.0076,-0.0197,0.130759,1.507101,-1.128188,19139131,906
0.4631,0.2074,-9.7942,0.0547,-0.0306,-0.0229,0.130759,1.507101,-1.128188,19149631,906
0.3435,0.8683,-9.9714,0.0692,-0.0732,-0.0121,0.130759,1.507101,-1.128188,19160131,906
-0.7562,0.562,-10.4707,0.1087,-0.0775,-0.0033,0.130759,1.507101,-1.128188,19170631,906
0.1862,2.43,-10.8147,0.0896,-0.0936,-0.0085,0.130759,1.507101,-1.128188,19181131,906
0.5279,2.3799,-10.7811,0.0853,-0.1298,-0.0229,0.130759,1.507101,-1.128188,19191631,906
-0.0974,1.9326,-10.9428,0.1074,-0.1089,-0.0016,0.130759,1.507101,-1.128188,19202131,906
-0.475,2.996,-11.0276,0.0741,-0.1831,-0.0045,0.130759,1.507101,-1.128188,19212631,906
0.2647,2.4144,-10.6635,0.0609,-0.19,-0.002,0.130759,1.507101,-1.128188,19223131,906
0.4176,0.1602,-9.7134,0.0755,-0.1732,-0.0027,0.130759,1.507101,-1.128188,19233631,906
0.2612,1.0538,-10.0756,0.0849,-0.1724,-0.0021,0.130759,1.507101,-1.128188,19244131,906
-0.6163,1.294,-10.5931,0.0654,-0.1358,-0.0097,0.131905,1.521889,-1.126858,19254175,907
-0.0193,3.0959,-11.2787,0.041,-0.1551,-0.0107,0.131905,1.521889,-1.126858,19264675,907
0.4559,1.4561,-9.9597,0.0316,-0.1424,-0.0169,0.131905,1.521889,-1.126858,19275175,907
-0.0528,0.1434,-9.847,0.0274,-0.0787,0.0007,0.131905,1.521889,-1.126858,19285675,907
0.1228,2.8172,-9.981,-0.0348,-0.1066,-0.0105,0.131905,1.521889,-1.126858,19296175,907
0.0535,2.3585,-10.1942,-0.1226,-0.0941,-0.0286,0.131905,1.521889,-1.126858,19306675,907
0.6499,-0.0838,-9.7497,-0.1304,-0.0213,-0.0076,0.131905,1.521889,-1.126858,19317175,907
1.0058,0.1586,-9.0969,-0.1367,-0.0211,0.0051,0.131905,1.521889,-1.126858,19327675,907
-0.013,2.6622,-9.5649,-0.2083,-0.0584,-0.0131,0.131146,1.521592,-1.127145,19338222,908
0.3528,-0.1748,-9.8307,-0.2362,-0.0587,-0.0165,0.131146,1.521592,-1.127145,19348721,908
0.5031,2.1587,-10.0471,-0.2192,-0.0282,0.0036,0.131146,1.521592,-1.127145,19359221,908
0.8568,0.2717,-9.2878,-0.2194,-0.0203,-0.0062,0.131146,1.521592,-1.127145,19369721,908
0.1222,-1.4404,-9.3513,-0.2811,-0.0311,-0.0098,0.131146,1.521592,-1.127145,19380221,908
0.2233,0.5535,-10.223,-0.2469,0.0449,-0.0034,0.131146,1.521592,-1.127145,19390721,908
1.1869,-0.2596,-9.354,-0.3374,-0.023,-0.012,0.131146,1.521592,-1.127145,19401221,908
0.26,-2.6854,-9.0097,-0.3194,0.0008,-0.0113,0.131146,1.521592,-1.127145,19411721,908
-0.3128,-1.2955,-10.2017,-0.2851,0.0576,0.0145,0.131146,1.521592,-1.127145,19422221,908
0.6893,-1.8685,-10.0435,-0.2768,0.0558,0.0145,0.131146,1.521592,-1.127145,19432721,908
0.5208,-3.3976,-9.3209,-0.2645,0.1175,0.021,0.131146,1.521592,-1.127145,19443221,908
-1.0699,-2.1381,-9.9589,-0.312,0.0535,0.0009,0.131146,1.521592,-1.127145,19453721,908
-0.1687,-2.5203,-9.665,-0.2971,0.015,-0.0041,0.129887,1.53151,-1.12154,19463765,909
0.4821,-2.5873,-9.6909,-0.3082,-0.0127,-0.0048,0.129887,1.53151,-1.12154,19473796,909
0.6146,-2.715,-8.9965,-0.2609,0.0444,0.0026,0.129887,1.53151,-1.12154,19484296,909
-0.6026,-3.1967,-8.8501,-0.2963,0.0095,-0.0216,0.129887,1.53151,-1.12154,19494300,909
-0.572,-1.8763,-9.8129,-0.2583,0.0495,-0.0135,0.129887,1.53151,-1.12154,19504800,909
-0.2206,-2.6868,-9.6119,-0.1859,0.0604,-0.0056,0.129887,1.53151,-1.12154,19515300,909
0.7335,-2.4243,-7.8071,-0.2035,0.0743,-0.0066,0.129887,1.53151,-1.12154,19525800,909
-0.4886,-0.6961,-8.8694,-0.1643,0.0758,0.003,0.129887,1.53151,-1.12154,19536300,909
-0.8192,-1.1308,-8.9762,-0.1629,0.0603,0.0155,0.129887,1.53151,-1.12154,19546800,909
0.5153,-1.096,-8.4797,-0.1665,0.053,0.0071,0.129887,1.53151,-1.12154,19557300,909
0.8361,-0.0613,-9.1551,-0.1468,0.0501,0.0142,0.129887,1.53151,-1.12154,19567800,909
-0.0821,-0.8388,-8.4821,-0.1372,0.071,0.0107,0.132123,1.525941,-1.120688,19577844,910
0.1328,-0.5086,-8.7322,-0.1659,0.051,-0.0022,0.132123,1.525941,-1.120688,19587872,910
-0.397,-0.7444,-9.1238,-0.1646,0.0396,0.005,0.132123,1.525941,-1.120688,19598372,910
0.8101,-0.7162,-8.6014,-0.1548,0.0458,-0.0008,0.132123,1.525941,-1.120688,19608375,910
1.1922,-0.0287,-8.8669,-0.1592,0.0184,-0.0039,0.132123,1.525941,-1.120688,19618875,910
-0.1442,0.2403,-8.7639,-0.1656,-0.0128,-0.0011,0.132123,1.525941,-1.120688,19629375,910
0.5823,0.1078,-9.7784,-0.1712,-0.0108,0.002,0.132123,1.525941,-1.120688,19639875,910
1.9355,-0.6449,-9.9591,-0.1637,-0.0409,-0.0079,0.132123,1.525941,-1.120688,19650375,910
0.6719,-0.5521,-10.0373,-0.1317,0.0035,-0.0005,0.132123,1.525941,-1.120688,19660875,910
0.6677,0.6342,-8.8237,-0.1092,0.0317,0.0061,0.132123,1.525941,-1.120688,19671375,910
0.6237,-1.114,-10.2134,-0.1413,-0.0112,0.0036,0.132123,1.525941,-1.120688,19681875,910
0.9399,-2.9697,-10.1535,-0.1373,-0.0401,-0.0027,0.132123,1.525941,-1.120688,19692375,910
1.3123,-0.908,-8.9105,-0.0732,-0.0239,0.003,0.135851,1.507215,-1.124281,19702428,911
-0.2808,-2.0111,-9.7315,-0.0453,0.0112,0.0049,0.135851,1.507215,-1.124281,19712928,911
-0.283,0.5835,-10.2829,-0.057,0.0105,-0.0071,0.135851,1.507215,-1.124281,19723428,911
0.825,-1.3927,-9.3461,-0.0855,-0.0399,-0.0118,0.135851,1.507215,-1.124281,19733928,911
0.4922,-3.06,-8.845,-0.0403,0.0098,0.0004,0.135851,1.507215,-1.124281,19744428,911
-0.2487,-1.8304,-8.9307,-0.0628,-0.0083,-0.0056,0.135851,1.507215,-1.124281,19754928,911
0.0147,-2.4658,-9.4013,-0.0904,-0.0167,-0.0014,0.135851,1.507215,-1.124281,19765428,911
0.1215,-2.6302,-9.5708,-0.1257,-0.0103,-0.0013,0.135851,1.507215,-1.124281,19775928,911
-0.322,-2.0651,-9.3154,-0.1202,0.0362,0.0114,0.135851,1.507215,-1.124281,19786428,911
-0.3277,-3.6707,-9.4466,-0.1534,0.0093,-0.0066,0.135851,1.507215,-1.124281,19796928,911
-0.6575,-1.4092,-10.7226,-0.1485,0.0664,0.0085,0.13108,1.500239,-1.126724,19806973,912
0.3168,-2.2791,-9.3454,-0.2088,-0.0096,-0.0088,0.13108,1.500239,-1.126724,19817473,912
0.2188,-1.7609,-9.0951,-0.1988,0.0133,-0.0003,0.13108,1.500239,-1.126724,19827503,912
-0.5784,-1.1519,-9.9972,-0.1769,0.0235,-0.0001,0.13108,1.500239,-1.126724,19838003,912
-0.5588,-0.2197,-9.625,-0.2255,0.0396,-0.0027,0.13108,1.500239,-1.126724,19848503,912
-0.1014,1.8132,-10.0135,-0.2277,-0.0287,-0.0023,0.13108,1.500239,-1.126724,19859003,912
0.101,2.0124,-10.3473,-0.2463,-0.0573,-0.0181,0.13108,1.500239,-1.126724,19869503,912
0.0055,1.6633,-9.7249,-0.2574,-0.0654,-0.0117,0.13108,1.500239,-1.126724,19880003,912
-0.0677,2.7477,-10.7455,-0.2192,-0.0274,-0.0002,0.13108,1.500239,-1.126724,19890503,912
0.3199,1.3175,-10.3015,-0.2087,-0.0527,-0.0059,0.13108,1.500239,-1.126724,19901003,912
0.4469,1.3477,-10.5332,-0.191,-0.0202,-0.0014,0.13108,1.500239,-1.126724,19911503,912
-0.9248,2.2716,-10.8958,-0.1666,-0.0461,-0.0157,0.13108,1.500239,-1.126724,19922003,912
-0.0342,0.9992,-9.7345,-0.1099,-0.0342,-0.0079,0.132258,1.492018,-1.129799,19932047,913
0.254,0.8123,-10.0152,-0.0827,-0.0152,-0.0045,0.132258,1.492018,-1.129799,19942547,913
-0.6748,-1.1074,-9.526,-0.0663,-0.0294,-0.0055,0.132258,1.492018,-1.129799,19953047,913
-0.7811,0.6724,-9.3251,-0.0607,-0.0098,-0.0008,0.132258,1.492018,-1.129799,19963547,913
-0.135,0.7845,-9.5838,-0.0348,-0.0127,0.0056,0.132258,1.492018,-1.129799,19974047,913
0.2956,-0.6226,-8.8322,-0.0382,-0.0366,-0.0101,0.132258,1.492018,-1.129799,19984547,913
0.1058,0.9244,-8.6001,-0.0243,-0.0546,-0.0059,0.132258,1.492018,-1.129799,19995047,913
-0.2395,1.7687,-8.7026,0.0075,-0.0154,0.0127,0.132258,1.492018,-1.129799,20005547,913
1.1613,0.4332,-8.7747,-0.0252,-0.0944,-0.0099,0.132258,1.492018,-1.129799,20016047,913
0.5486,-1.6254,-9.3425,0.0338,-0.0668,-0.0039,0.132258,1.492018,-1.129799,20026547,913
-0.0162,-0.2945,-9.6246,0.0054,-0.0717,0.0004,0.131163,1.499702,-1.127541,20036600,914
1.103,-0.1572,-9.967,0.0246,-0.084,-0.0037,0.131163,1.499702,-1.127541,20046601,914
1.2431,0.1449,-9.2528,-0.0064,-0.1081,-0.0095,0.131163,1.499702,-1.127541,20057101,914
0.8978,-1.4315,-9.1834,-0.0234,-0.1488,-0.0087,0.131163,1.499702,-1.127541,20067601,914
-0.4468,-1.9499,-10.0971,0.0195,-0.1246,-0.0044,0.131163,1.499702,-1.127541,20078101,914
0.2564,-1.4823,-10.042,0.0486,-0.1114,-0.0125,0.131163,1.499702,-1.127541,20088601,914
0.7572,-3.0676,-9.3507,0.1127,-0.0714,0.0043,0.131163,1.499702,-1.127541,20099101,914
-0.6096,-3.3975,-9.3118,0.0897,-0.0413,-0.0098,0.131163,1.499702,-1.127541,20109601,914
-0.2859,-2.0814,-9.7714,0.1475,-0.0659,-0.0012,0.131163,1.499702,-1.127541,20120101,914
0.8509,-3.262,-9.547,0.1159,-0.038,-0.007,0.131163,1.499702,-1.127541,20130601,914
0.1289,-3.2167,-8.6998,0.1627,0.0002,-0.0043,0.131163,1.499702,-1.127541,20141101,914
-0.9362,-0.4623,-9.6667,0.1577,-0.0248,-0.0017,0.131163,1.499702,-1.127541,20151601,914
-0.395,-1.4873,-9.9532,0.1497,-0.0137,-0.016,0.131163,1.499702,-1.127541,20162101,914
0.2184,-1.2314,-9.4692,0.1385,-0.0114,-0.0082,0.134683,1.50919,-1.126423,20172145,915
0.0504,-1.6706,-9.0265,0.1037,-0.0206,-0.0066,0.134683,1.50919,-1.126423,20182645,915
-0.3946,-1.72,-9.2228,0.1501,-0.0208,-0.0092,0.134683,1.50919,-1.126423,20193145,915
-0.0201,1.5647,-10.7924,0.1797,0.014,0.0086,0.134683,1.50919,-1.126423,20203645,915
0.3949,1.9968,-10.7164,0.1534,-0.0455,0.001,0.134683,1.50919,-1.126423,20214145,915
0.1772,1.039,-10.1808,0.2009,-0.0634,-0.0015,0.134683,1.50919,-1.126423,20224645,915
-0.4675,2.7517,-11.3939,0.1961,-0.0612,0.0002,0.134683,1.50919,-1.126423,20235145,915
0.5877,2.1699,-11.2228,0.1992,-0.0934,-0.0044,0.134683,1.50919,-1.126423,20245645,915
0.0862,1.8189,-10.5782,0.2504,-0.0915,0.0036,0.134683,1.50919,-1.126423,20256145,915
-0.2091,0.846,-10.1289,0.1988,-0.1403,-0.003,0.132801,1.524711,-1.123522,20266189,916
-0.7306,0.709,-10.5677,0.2518,-0.134,0.0066,0.132801,1.524711,-1.123522,20276689,916
-0.5193,1.5946,-11.3142,0.2471,-0.1521,0,0.132801,1.524711,-1.123522,20286717,916
0.0543,0.3503,-9.5528,0.273,-0.1225,0.0056,0.132801,1.524711,-1.123522,20297217,916
0.1239,-0.0807,-10.1167,0.2567,-0.1631,-0.008,0.132801,1.524711,-1.123522,20307717,916
-1.0143,0.4932,-10.4533,0.2857,-0.1492,0.003,0.132801,1.524711,-1.123522,20318217,916
-0.4429,0.4361,-9.7591,0.2865,-0.1405,0.0109,0.132801,1.524711,-1.123522,20328717,916
0.398,0.3212,-9.4928,0.286,-0.1333,0.0043,0.132801,1.524711,-1.123522,20339217,916
-0.2452,-0.3641,-9.595,0.2922,-0.1141,0.0066,0.132801,1.524711,-1.123522,20349717,916
-0.8651,-0.7515,-9.176,0.2657,-0.1095,0.0056,0.132801,1.524711,-1.123522,20360217,916
-0.0544,-0.384,-8.7004,0.2652,-0.0813,0.0088,0.132801,1.524711,-1.123522,20370717,916
-0.1216,-0.0259,-9.2327,0.2422,-0.0387,0.0034,0.132801,1.524711,-1.123522,20381217,916
-0.0403,-1.4834,-8.4656,0.2089,-0.0564,-0.0134,0.132801,1.524711,-1.123522,20391717,916
0.3536,-0.4345,-8.3838,0.2132,-0.0096,-0.0016,0.132801,1.524711,-1.123522,20402217,916
-0.0955,-0.25,-8.1035,0.1837,-0.0137,-0.0051,0.135146,1.540038,-1.123182,20412264,917
0.5767,-2.1282,-7.9759,0.179,-0.0018,-0.005,0.135146,1.540038,-1.123182,20422764,917
0.3789,-1.7886,-8.4461,0.1513,0.0043,-0.0028,0.135146,1.540038,-1.123182,20433264,917
0.3411,-0.5906,-7.6728,0.1489,-0.0052,0.0007,0.135146,1.540038,-1.123182,20443764,917
0.2005,-0.7105,-8.9796,0.1531,0.0125,0.0013,0.135146,1.540038,-1.123182,20454264,917
0.8347,-0.8266,-9.6899,0.1455,0.0064,0.0094,0.135146,1.540038,-1.123182,20464764,917
0.939,-1.1566,-9.1348,0.1534,-0.0237,0.0085,0.135146,1.540038,-1.123182,20475264,917
-0.2414,1.3774,-10.9194,0.1025,-0.0574,-0.0092,0.135146,1.540038,-1.123182,20485764,917
-0.4377,1.6239,-11.7209,0.1054,-0.0742,-0.01,0.135146,1.540038,-1.123182,20496264,917
0.4973,1.0423,-11.7159,0.102,-0.0911,0.0007,0.135146,1.540038,-1.123182,20506764,917
0.0832,1.7415,-10.6429,0.1237,-0.0544,0.0052,0.135146,1.540038,-1.123182,20517264,917
-1.3435,1.091,-9.9196,0.1087,-0.0345,0.0039,0.135146,1.540038,-1.123182,20527764,917
-0.4813,1.0025,-11.1596,0.0866,-0.0811,0.0031,0.135146,1.540038,-1.123182,20538264,917
0.2932,0.6251,-10.2928,0.0961,-0.0656,0.0015,0.135146,1.540038,-1.123182,20548764,917
-0.4507,-0.9797,-8.3904,0.0805,-0.0596,0.0061,0.135146,1.540038,-1.123182,20559264,917
-0.6421,-1.3209,-9.0627,0.0775,-0.0447,0.0005,0.135146,1.540038,-1.123182,20569764,917
-0.754,-0.1345,-10.1388,0.0738,-0.0498,0.0066,0.135146,1.540038,-1.123182,20580264,917
0.391,-1.9162,-8.0182,0.0662,-0.0293,0.0125,0.135146,1.540038,-1.123182,20590764,917
-0.309,-2.7174,-8.4127,0.0487,0.0024,0.0062,0.135146,1.540038,-1.123182,20601264,917
-0.317,-1.2189,-9.3441,0.0636,0.0061,0.0011,0.135146,1.540038,-1.123182,20611764,917
0.0227,-1.8179,-9.0344,0.0058,-0.0065,-0.0114,0.123352,1.555655,-1.123189,20622308,918
0.1015,-0.7013,-8.9231,0.0181,0.0155,-0.0075,0.123352,1.555655,-1.123189,20632808,918
0.3021,-2.5707,-8.3748,-0.0115,-0.0045,-0.0079,0.123352,1.555655,-1.123189,20643308,918
0.1382,-2.7212,-8.7543,-0.0329,-0.0011,-0.017,0.123352,1.555655,-1.123189,20653808,918
0.0274,-0.5457,-9.1368,-0.0231,0.01,-0.0154,0.123352,1.555655,-1.123189,20664308,918
0.0602,-1.7275,-8.5545,-0.048,0.0188,-0.0163,0.123352,1.555655,-1.123189,20674808,918
0.5504,-2.6598,-9.1708,-0.0296,0.0176,-0.0062,0.123352,1.555655,-1.123189,20685308,918
0.2975,-0.2033,-9.7824,-0.0692,0.002,-0.0052,0.123352,1.555655,-1.123189,20695808,918
0.1786,-1.6231,-8.7161,-0.0673,0.0066,0.0026,0.123352,1.555655,-1.123189,20706308,918
-0.5083,0.6602,-10.4391,-0.0707,-0.0095,-0.001,0.123352,1.555655,-1.123189,20716808,918
-0.077,1.5356,-11.2898,-0.1437,-0.0378,-0.0131,0.112868,1.572584,-1.120508,20726854,919
0.1391,-0.2036,-10.0253,-0.08,-0.0109,0.0133,0.112868,1.572584,-1.120508,20736855,919
0.3897,2.2558,-10.8656,-0.1343,-0.0148,-0.0089,0.112868,1.572584,-1.120508,20747355,919
0.1981,0.6559,-9.9438,-0.0979,0.0102,0.0075,0.112868,1.572584,-1.120508,20757384,919
-0.4867,1.7103,-10.8824,-0.0784,0.0072,-0.0014,0.112868,1.572584,-1.120508,20767884,919
0.3118,1.4164,-11.5281,-0.0948,0.0091,-0.0078,0.112868,1.572584,-1.120508,20778384,919
1.1501,0.2903,-10.3845,-0.0583,-0.0141,-0.0091,0.112868,1.572584,-1.120508,20788884,919
0.4362,1.5719,-11.1995,-0.0484,0.0211,-0.0007,0.112868,1.572584,-1.120508,20799384,919
-0.9116,0.9954,-11.533,-0.0152,0.0024,0.0033,0.112868,1.572584,-1.120508,20809884,919
-0.3145,0.4976,-11.5712,-0.0186,0.0262,0.0054,0.112868,1.572584,-1.120508,20820384,919
0.4792,0.2606,-11.4162,-0.0046,0.0313,-0.001,0.112868,1.572584,-1.120508,20830884,919
-1.1689,1.1255,-10.5986,-0.0064,0.0417,-0.0007,0.112868,1.572584,-1.120508,20841384,919
-1.198,0.1808,-10.3713,0.0275,0.0832,0.0126,0.112868,1.572584,-1.120508,20851884,919
-0.4932,-0.5822,-11.1689,0.0105,0.0671,0.0007,0.093173,1.586449,-1.122745,20861936,920
0.1186,0.0325,-10.1999,0.0101,0.0387,-0.0054,0.093173,1.586449,-1.122745,20872436,920
-0.3083,-0.0625,-10.1512,0.0335,0.0608,0.0064,0.093173,1.586449,-1.122745,20882936,920
-1.4095,0.8293,-9.6922,0.0431,0.0587,0.0022,0.093173,1.586449,-1.122745,20893436,920
-0.4398,1.0137,-9.618,0.0558,0.0433,0.0082,0.093173,1.586449,-1.122745,20903936,920
-0.3948,0.0863,-9.8899,0.0765,0.0889,0.0096,0.093173,1.586449,-1.122745,20914436,920
-0.0908,1.7096,-8.8937,0.0507,0.0366,-0.0021,0.093173,1.586449,-1.122745,20924936,920
-0.1408,2.281,-9.3406,0.0648,0.0445,-0.0054,0.093173,1.586449,-1.122745,20935436,920
0.5318,0.9934,-9.5603,0.089,0.0235,0.0009,0.093173,1.586449,-1.122745,20945936,920
0.8192,1.0278,-9.054,0.0397,0.0163,-0.0042,0.06462,1.599012,-1.123592,20955980,921
1.0331,0.0113,-9.0172,0.0712,0.0507,0.013,0.06462,1.599012,-1.123592,20966480,921
0.7987,1.2757,-8.7424,0.1069,0.0742,0.0219,0.06462,1.599012,-1.123592,20976510,921
0.2889,-0.897,-9.8646,0.0656,0.0322,-0.0005,0.06462,1.599012,-1.123592,20987010,921
0.0109,0.5616,-9.8863,0.0703,0.1203,0.0215,0.06462,1.599012,-1.123592,20997510,921
1.5824,-0.752,-9.1137,0.0271,0.0716,0.0029,0.06462,1.599012,-1.123592,21008010,921
-0.1467,-2.297,-9.7472,0.0738,0.0874,0.0095,0.06462,1.599012,-1.123592,21018510,921
-0.3946,-2.0856,-10.3965,0.1579,0.1714,0.0307,0.06462,1.599012,-1.123592,21029010,921
0.4509,-2.58,-9.8496,0.1032,0.2025,0.0221,0.06462,1.599012,-1.123592,21039510,921
0.176,-2.9598,-9.3184,0.1132,0.1871,0.0225,0.06462,1.599012,-1.123592,21050010,921
-1.2591,-0.8935,-9.7129,0.113,0.151,0.0151,0.06462,1.599012,-1.123592,21060510,921
-0.6368,-1.8262,-9.8485,0.0621,0.1702,0.0046,0.06462,1.599012,-1.123592,21071010,921
0.0776,-0.5299,-10.2175,0.0898,0.1733,0.0116,0.06462,1.599012,-1.123592,21081510,921
-0.0789,2.0047,-9.6888,0.0907,0.1559,0.0082,0.06462,1.599012,-1.123592,21092010,921
-0.5693,0.3213,-9.4385,0.1203,0.2115,0.0219,0.035395,1.601624,-1.126575,21102056,922
-0.5605,2.8634,-10.9471,0.0473,0.1161,-0.0101,0.035395,1.601624,-1.126575,21112556,922
0.7945,1.7737,-10.2424,0.1153,0.1472,0.0155,0.035395,1.601624,-1.126575,21123056,922
0.7804,1.7106,-10.1917,0.1207,0.1348,0.0231,0.035395,1.601624,-1.126575,21133556,922
-0.8493,0.4307,-10.1758,0.0679,0.114,0.0157,0.035395,1.601624,-1.126575,21144056,922
-0.3521,-1.3302,-9.3482,0.0628,0.0851,0.0056,0.035395,1.601624,-1.126575,21154556,922
0.1545,-0.5846,-9.8585,0.0582,0.109,0.0094,0.035395,1.601624,-1.126575,21165056,922
0.2902,-2.4122,-8.0385,0.0551,0.0972,0.0119,0.035395,1.601624,-1.126575,21175556,922
-0.0197,-1.9798,-8.307,0.0251,0.0911,0.0199,0.035395,1.601624,-1.126575,21186056,922
-0.0444,-1.2253,-9.0036,0.0463,0.1042,0.0265,0.008842,1.60309,-1.127974,21196101,923
-0.1842,-0.0618,-9.5821,0.0245,0.069,0.0107,0.008842,1.60309,-1.127974,21206601,923
0.1457,-1.099,-8.2208,0.0188,0.0937,0.0089,0.008842,1.60309,-1.127974,21216629,923
0.6528,-0.7505,-9.0524,0.0043,0.0989,0.0063,0.008842,1.60309,-1.127974,21227129,923
0.0855,0.7958,-10.6825,0.0297,0.1398,0.019,0.008842,1.60309,-1.127974,21237629,923
0.1026,1.4698,-10.6796,-0.0235,0.0754,0.0112,0.008842,1.60309,-1.127974,21248129,923
-0.233,1.0025,-11.3104,-0.0401,0.0774,0.0112,0.008842,1.60309,-1.127974,21258629,923
-0.3371,-0.2237,-11.419,-0.0422,0.0854,0.0118,0.008842,1.60309,-1.127974,21269129,923
0.0218,0.1772,-9.9642,-0.058,0.0908,0.0065,0.008842,1.60309,-1.127974,21279629,923
-0.3404,0.5186,-10.9594,-0.0726,0.0989,0.0068,0.008842,1.60309,-1.127974,21290129,923
-1.258,0.6113,-9.9675,-0.0709,0.0932,0.0094,0.008842,1.60309,-1.127974,21300629,923
0.1609,-0.5561,-8.8248,-0.0782,0.0666,0.0083,0.008842,1.60309,-1.127974,21311129,923
-0.1132,-1.0633,-9.3863,-0.0919,0.0591,0.0173,-0.026786,1.598985,-1.126793,21321176,924
0.0551,0.0402,-8.6108,-0.0834,0.0713,0.0164,-0.026786,1.598985,-1.126793,21331676,924
-0.1792,1.2373,-8.5306,-0.1081,0.0477,0.0095,-0.026786,1.598985,-1.126793,21342176,924
-0.543,1.3966,-9.4949,-0.0989,0.0253,0.0058,-0.026786,1.598985,-1.126793,21352676,924
0.4844,1.5672,-9.4723,-0.1339,-0.0026,0.0041,-0.026786,1.598985,-1.126793,21363176,924
1.5423,-0.2931,-8.8341,-0.1025,0.0088,0.0193,-0.026786,1.598985,-1.126793,21373676,924
1.1251,0.7767,-9.3814,-0.111,-0.0345,0.0074,-0.026786,1.598985,-1.126793,21384176,924
0.2319,-1.5585,-9.5195,-0.1129,-0.0499,0.0074,-0.026786,1.598985,-1.126793,21394676,924
-0.133,-1.7583,-10.1928,-0.1244,-0.0271,0.0109,-0.026786,1.598985,-1.126793,21405176,924
0.2123,-1.5937,-10.7691,-0.1208,-0.0448,0.0065,-0.026786,1.598985,-1.126793,21415676,924
0.6253,-2.7421,-9.2556,-0.0838,-0.0631,0.018,-0.06395,1.584779,-1.126121,21425722,925
0.522,-2.0639,-8.8389,-0.0913,-0.0457,0.0211,-0.06395,1.584779,-1.126121,21435733,925
-0.4132,-2.4286,-9.359,-0.1411,-0.1021,0.0032,-0.06395,1.584779,-1.126121,21446233,925
-0.5508,-0.9436,-9.7567,-0.1325,-0.0363,0.018,-0.06395,1.584779,-1.126121,21456733,925
-0.0716,-1.5381,-9.7423,-0.0963,-0.0434,0.0263,-0.06395,1.584779,-1.126121,21467233,925
0.0046,-2.2445,-8.9814,-0.0942,0.015,0.0327,-0.06395,1.584779,-1.126121,21477733,925
0.1063,-0.0444,-9.245,-0.1314,-0.0082,0.0161,-0.06395,1.584779,-1.126121,21488233,925
-0.1688,2.28,-11.2975,-0.1602,-0.0342,0.0098,-0.06395,1.584779,-1.126121,21498733,925
-0.5301,1.1684,-10.2918,-0.172,0.0091,0.0149,-0.06395,1.584779,-1.126121,21509233,925
0.1085,1.8917,-10.4886,-0.1423,0.02,0.0274,-0.06395,1.584779,-1.126121,21519733,925
0.0067,1.1828,-11.3694,-0.1643,0.0221,0.0214,-0.06395,1.584779,-1.126121,21530233,925
-0.2699,2.1626,-10.9387,-0.1925,-0.0074,0.0131,-0.06395,1.584779,-1.126121,21540733,925
-0.5926,2.2062,-10.6119,-0.1805,0.0069,0.0021,-0.06395,1.584779,-1.126121,21551233,925
-0.0171,-0.5842,-10.5156,-0.1397,0.0009,0.0156,-0.06395,1.584779,-1.126121,21561733,925
0.4659,-1.4344,-9.0569,-0.1159,0.0205,0.0328,-0.06395,1.584779,-1.126121,21572233,925
-0.1519,-0.8973,-9.017,-0.1582,-0.0516,0.0144,-0.06395,1.584779,-1.126121,21582733,925
-0.6879,0.4739,-9.4029,-0.1471,-0.0463,0.0204,-0.06395,1.584779,-1.126121,21593233,925
0.6773,0.5323,-9.0846,-0.1532,-0.0312,0.0155,-0.06395,1.584779,-1.126121,21603733,925
0.0925,0.1962,-8.5465,-0.1515,-0.016,0.0194,-0.06395,1.584779,-1.126121,21614233,925
0.7094,0.6321,-8.6721,-0.1536,-0.0303,0.01,-0.06395,1.584779,-1.126121,21624733,925
0.3849,1.2044,-9.9901,-0.144,-0.0259,0.0149,-0.06395,1.584779,-1.126121,21635233,925
0.2899,1.3704,-9.8029,-0.0849,0.0248,0.0335,-0.06395,1.584779,-1.126121,21645733,925
0.4222,-1.0281,-9.8893,-0.1143,-0.0268,0.0192,-0.098901,1.573348,-1.126271,21655787,926
0.863,-0.2585,-9.5665,-0.0684,-0.0422,0.0086,-0.132521,1.557329,-1.123602,21665831,927
1.1788,-0.4493,-9.4831,-0.11,-0.1047,-0.0056,-0.132521,1.557329,-1.123602,21675868,927
0.4429,-0.6788,-9.408,-0.0586,-0.093,0.0156,-0.132521,1.557329,-1.123602,21686368,927
-0.6093,-2.1784,-9.2141,0.0001,-0.116,0.0223,-0.132521,1.557329,-1.123602,21696371,927
0.2736,-2.9722,-9.2359,-0.0543,-0.1593,0.019,-0.132521,1.557329,-1.123602,21706871,927
0.5905,-3.4095,-9.1655,-0.0565,-0.1721,0.01,-0.132521,1.557329,-1.123602,21717371,927
0.4387,-1.6167,-8.4017,-0.0442,-0.2222,0.0141,-0.132521,1.557329,-1.123602,21727871,927
-0.3115,0.8964,-10.0771,-0.0427,-0.2274,0.0133,-0.132521,1.557329,-1.123602,21738371,927
-0.1974,0.1356,-9.9931,-0.0477,-0.2528,0.0151,-0.132521,1.557329,-1.123602,21748871,927
0.0436,1.4153,-10.7676,-0.0469,-0.2267,0.0137,-0.132521,1.557329,-1.123602,21759371,927
0.8351,0.8605,-10.6887,-0.0403,-0.2031,0.0106,-0.132521,1.557329,-1.123602,21769871,927
0.7507,0.1421,-10.8121,-0.0349,-0.1895,0.0156,-0.158311,1.542651,-1.122946,21779917,928
-0.0035,0.7834,-10.9607,-0.053,-0.191,0.0143,-0.158311,1.542651,-1.122946,21790416,928
-0.3424,0.2086,-10.9493,-0.0255,-0.1608,0.0188,-0.158311,1.542651,-1.122946,21800916,928
0.6423,-0.1894,-11.1452,-0.0335,-0.1254,0.0145,-0.158311,1.542651,-1.122946,21811416,928
0.4807,-1.5085,-10.6938,-0.0553,-0.0871,0.0208,-0.158311,1.542651,-1.122946,21821916,928
-0.8041,-0.8413,-10.4727,-0.0579,-0.0529,0.0241,-0.158311,1.542651,-1.122946,21832416,928
-0.8725,-0.5073,-11.292,-0.0758,-0.0287,0.0209,-0.158311,1.542651,-1.122946,21842916,928
-0.4089,-0.8054,-11.3516,-0.0901,-0.0335,0.0203,-0.158311,1.542651,-1.122946,21853416,928
-0.4731,-0.9889,-10.0337,-0.0941,0.0068,0.0171,-0.158311,1.542651,-1.122946,21863916,928
-1.2737,-0.2011,-10.0452,-0.0595,0.022,0.0265,-0.158311,1.542651,-1.122946,21874416,928
-0.9165,0.6665,-10.2392,-0.0822,0.0257,0.0145,-0.192363,1.518386,-1.124894,21884461,929
-0.4895,-1.0037,-10.7709,-0.1003,0.0302,0.0041,-0.192363,1.518386,-1.124894,21894492,929
-0.9312,-0.7609,-10.1772,-0.1064,0.0174,0.0049,-0.192363,1.518386,-1.124894,21904992,929
-0.5146,1.0317,-9.2454,-0.1025,0.1155,0.0198,-0.192363,1.518386,-1.124894,21915492,929
-0.238,-0.0216,-9.8748,-0.1393,0.0679,-0.0006,-0.192363,1.518386,-1.124894,21925992,929
-0.719,2.549,-10.0764,-0.1617,0.0905,0.0091,-0.192363,1.518386,-1.124894,21936492,929
0.207,1.9896,-9.6666,-0.1557,0.0466,0.0079,-0.192363,1.518386,-1.124894,21946992,929
0.8568,1.5016,-9.8141,-0.2068,0.0373,0.0075,-0.192363,1.518386,-1.124894,21957492,929
0.8602,2.5765,-9.6458,-0.2437,0.0184,-0.0061,-0.192363,1.518386,-1.124894,21967992,929
0.0349,-0.0393,-9.2944,-0.1834,0.0752,0.017,-0.192363,1.518386,-1.124894,21978492,929
0.4317,-2.6912,-9.6561,-0.1741,0.0927,0.0103,-0.192363,1.518386,-1.124894,21988992,929
0.5587,-0.793,-9.8157,-0.2067,0.0253,-0.0064,-0.192363,1.518386,-1.124894,21999492,929
0.5186,-3.3831,-8.1181,-0.1642,0.0511,0.0022,-0.223058,1.507228,-1.124607,22009536,930
-0.2242,-2.3641,-8.1964,-0.1154,0.046,0.0163,-0.223058,1.507228,-1.124607,22020036,930
-0.4025,-0.9333,-9.0738,-0.1158,0.0282,0.0005,-0.223058,1.507228,-1.124607,22030536,930
0.9103,0.0777,-9.518,-0.0933,-0.0205,0.0072,-0.223058,1.507228,-1.124607,22041036,930
1.2231,0.6608,-9.8435,-0.1017,-0.0348,-0.0012,-0.223058,1.507228,-1.124607,22051536,930
0.3474,0.7751,-10.8938,-0.0527,-0.0101,0.0187,-0.223058,1.507228,-1.124607,22062036,930
-0.6221,0.9464,-11.6037,-0.0558,-0.0492,0.0127,-0.223058,1.507228,-1.124607,22072536,930
-0.0754,-0.0681,-11.1145,-0.0445,-0.051,0.0105,-0.223058,1.507228,-1.124607,22083036,930
0.3715,-0.4228,-10.9093,-0.017,-0.0613,0.0146,-0.223058,1.507228,-1.124607,22093536,930
-0.3186,-0.4747,-9.7637,-0.0454,-0.0847,0.0067,-0.223058,1.507228,-1.124607,22104036,930
-1.0511,-0.1074,-10.04,-0.0353,-0.0967,0.0084,-0.258857,1.490215,-1.125461,22114082,931
-1.4013,0.0348,-10.5731,-0.0354,-0.0916,0.0075,-0.258857,1.490215,-1.125461,22124582,931
-0.4571,0.428,-10.2741,-0.0093,-0.0448,0.018,-0.258857,1.490215,-1.125461,22134611,931
-0.3733,-0.1367,-10.9945,-0.0099,-0.0047,0.0245,-0.258857,1.490215,-1.125461,22145111,931
-0.4012,0.475,-9.7305,-0.0779,-0.1046,-0.0085,-0.258857,1.490215,-1.125461,22155611,931
-0.6504,2.916,-9.4672,-0.0652,-0.0896,-0.0042,-0.258857,1.490215,-1.125461,22166111,931
-1.0265,2.1946,-10.6051,-0.0153,0.0067,0.0189,-0.258857,1.490215,-1.125461,22176611,931
0.2429,3.6417,-10.2053,-0.0177,-0.0095,0.0195,-0.258857,1.490215,-1.125461,22187111,931
0.8707,1.9342,-9.4149,-0.0619,-0.1037,0.0007,-0.258857,1.490215,-1.125461,22197611,931
-0.1258,0.6098,-10.1302,-0.0168,-0.0557,0.0182,-0.258857,1.490215,-1.125461,22208111,931
-0.0813,2.5254,-10.0335,-0.0077,-0.077,0.009,-0.258857,1.490215,-1.125461,22218611,931
0.0954,0.034,-10.0323,0.0226,-0.0551,0.0172,-0.258857,1.490215,-1.125461,22229111,931
0.0015,-2.5637,-9.2453,0.0165,-0.0585,-0.0039,-0.258857,1.490215,-1.125461,22239611,931
0.3351,-0.7011,-9.2483,0.0881,-0.0362,0.0192,-0.28995,1.482257,-1.125096,22249655,932
-0.2882,-1.3273,-9.0532,0.0785,-0.0497,0.0167,-0.28995,1.482257,-1.125096,22260155,932
-1.004,-0.6212,-9.9195,0.1033,-0.053,0.013,-0.28995,1.482257,-1.125096,22270655,932
-0.0272,-0.8451,-8.7079,0.1021,-0.0545,0.0194,-0.28995,1.482257,-1.125096,22281155,932
0.7146,-1.6303,-8.3143,0.1181,-0.0899,0.0107,-0.28995,1.482257,-1.125096,22291655,932
0.3105,-0.8608,-8.6258,0.1306,-0.0845,0.0078,-0.28995,1.482257,-1.125096,22302155,932
0.1245,-0.0824,-8.3738,0.1368,-0.0831,0.0111,-0.28995,1.482257,-1.125096,22312655,932
0.6606,0.5225,-10.0086,0.1373,-0.1374,0.002,-0.28995,1.482257,-1.125096,22323155,932
0.5881,-0.8648,-10.6963,0.1579,-0.1177,0.0132,-0.28995,1.482257,-1.125096,22333655,932
0.8882,-1.1449,-9.6003,0.1505,-0.1625,0.021,-0.335831,1.482828,-1.128071,22343707,933
0.8492,-1.0191,-9.3191,0.1347,-0.1691,0.0171,-0.335831,1.482828,-1.128071,22353738,933
0.2539,-0.6591,-10.5139,0.1365,-0.1563,0.0147,-0.335831,1.482828,-1.128071,22364238,933
-0.3272,0.2095,-10.9625,0.1364,-0.1461,0.0128,-0.335831,1.482828,-1.128071,22374738,933
-0.4939,-0.5087,-11.0732,0.1392,-0.1077,0.0112,-0.335831,1.482828,-1.128071,22385238,933
0.1492,-1.4017,-10.8694,0.1674,-0.0386,0.0189,-0.335831,1.482828,-1.128071,22395738,933
0.0365,-1.165,-10.3095,0.1306,-0.0749,0.0076,-0.335831,1.482828,-1.128071,22406238,933
-1.5758,0.4723,-10.2082,0.1094,-0.054,0.0112,-0.335831,1.482828,-1.128071,22416738,933
-1.1894,-0.2324,-10.6076,0.0846,-0.0446,0.0144,-0.335831,1.482828,-1.128071,22427238,933
-0.3926,0.1026,-9.9305,0.0968,0.011,0.0128,-0.335831,1.482828,-1.128071,22437738,933
-0.4532,1.9525,-8.8053,0.0692,0.0084,0.0031,-0.335831,1.482828,-1.128071,22448238,933
-1.0292,1.9574,-9.0693,0.0972,0.0678,0.0178,-0.370406,1.484608,-1.128558,22458282,934
-0.305,2.6103,-9.3909,0.0857,0.0235,-0.0021,-0.370406,1.484608,-1.128558,22468782,934
0.4486,1.8593,-10.038,0.0743,0.031,-0.008,-0.370406,1.484608,-1.128558,22479282,934
0.9953,2.1378,-8.8263,0.1132,0.0325,-0.0035,-0.370406,1.484608,-1.128558,22489782,934
0.3655,-0.6667,-8.8303,0.173,0.017,0.0142,-0.370406,1.484608,-1.128558,22500282,934
-0.2022,-1.6807,-9.8079,0.1451,0.0115,0.0085,-0.370406,1.484608,-1.128558,22510782,934
0.2785,-1.4794,-9.9464,0.1102,-0.0192,0.0124,-0.370406,1.484608,-1.128558,22521282,934
0.3332,-2.1969,-9.374,0.1153,-0.0159,0.0096,-0.370406,1.484608,-1.128558,22531782,934
-0.5337,-0.9967,-10.0235,0.1104,0.0051,-0.0015,-0.370406,1.484608,-1.128558,22542282,934
-0.2795,-2.1205,-9.6305,0.1835,0.0425,0.0301,-0.370406,1.484608,-1.128558,22552782,934
-0.5995,1.7154,-10.6045,0.0577,-0.0724,0.006,-0.370406,1.484608,-1.128558,22563282,934
0.2291,3.3167,-10.1354,0.0988,-0.0499,0.0106,-0.408882,1.488344,-1.130356,22573326,935
0.0131,2.4908,-9.8705,0.0725,-0.0514,0.0022,-0.408882,1.488344,-1.130356,22583826,935
0.0189,1.6632,-9.9407,0.1212,0.0031,0.0157,-0.408882,1.488344,-1.130356,22593855,935
-0.5206,2.301,-10.2689,0.0927,-0.0304,0.0059,-0.408882,1.488344,-1.130356,22604355,935
-0.194,3.9109,-10.2685,0.0876,-0.0155,0.0087,-0.408882,1.488344,-1.130356,22614358,935
0.2883,0.2803,-9.5701,0.1214,-0.022,0.023,-0.408882,1.488344,-1.130356,22624858,935
0.2856,-1.0161,-9.2216,0.0949,-0.0623,0.0133,-0.408882,1.488344,-1.130356,22635358,935
0.0884,-2.1163,-8.8397,0.0673,-0.0874,0.005,-0.408882,1.488344,-1.130356,22645858,935
0.1593,-1.8785,-9.7037,0.0867,-0.0279,0.0157,-0.408882,1.488344,-1.130356,22656358,935
-0.5029,-1.0005,-9.7993,0.0445,-0.0518,0.0079,-0.408882,1.488344,-1.130356,22666858,935
-0.4147,-1.9331,-9.2271,0.0517,-0.0328,0.0128,-0.408882,1.488344,-1.130356,22677358,935
0.035,-0.1342,-10.1074,0.0302,-0.0123,0.0038,-0.408882,1.488344,-1.130356,22687858,935
-0.1112,3.1821,-10.6192,0.0772,-0.0034,0.0095,-0.408882,1.488344,-1.130356,22698358,935
-0.5871,2.4838,-9.9341,0.0551,0.0024,0.0099,-0.408882,1.488344,-1.130356,22708858,935
-0.5896,2.9682,-10.6906,0.0633,-0.0259,0.0129,-0.448083,1.493611,-1.128613,22718903,936
-0.1834,2.429,-11.2993,0.0023,-0.0744,0.0053,-0.448083,1.493611,-1.128613,22729403,936
0.7601,1.8228,-10.4379,0.0631,-0.0488,0.0157,-0.448083,1.493611,-1.128613,22739903,936
-0.1494,-0.93,-8.9536,0.0825,-0.007,0.0162,-0.448083,1.493611,-1.128613,22750403,936
-0.3188,-0.83,-9.1218,0.0671,-0.0315,0.0065,-0.448083,1.493611,-1.128613,22760903,936
-0.1057,-1.7306,-8.8612,0.023,-0.1255,0.0027,-0.448083,1.493611,-1.128613,22771403,936
0.4073,-1.7981,-8.9732,0.0484,-0.159,-0.0145,-0.448083,1.493611,-1.128613,22781903,936
0.8565,1.2709,-9.9875,0.0582,-0.1709,0.0033,-0.448083,1.493611,-1.128613,22792403,936
0.9416,0.6282,-9.6381,0.0556,-0.1965,0.0077,-0.508722,1.504434,-1.125999,22802949,937
-0.2379,1.2367,-10.676,0.0323,-0.2097,0.0073,-0.508722,1.504434,-1.125999,22813449,937
-0.3434,1.0182,-10.7142,0.0332,-0.2051,0.0097,-0.508722,1.504434,-1.125999,22823949,937
-0.2058,1.8197,-11.1983,0.0367,-0.1821,0.0209,-0.508722,1.504434,-1.125999,22834449,937
-0.0872,0.3036,-10.2149,0.03,-0.19,0.0129,-0.508722,1.504434,-1.125999,22844949,937
-0.4596,0.7474,-10.4285,0.0384,-0.1371,0.0166,-0.508722,1.504434,-1.125999,22855449,937
-0.4952,0.1917,-10.7048,0.0536,-0.0931,0.0184,-0.508722,1.504434,-1.125999,22865949,937
-0.829,0.5415,-10.327,0.0598,-0.0523,0.0153,-0.508722,1.504434,-1.125999,22876449,937
-0.3777,-0.3362,-9.2708,0.0542,0.0057,0.0139,-0.508722,1.504434,-1.125999,22886949,937
-0.2378,-0.4904,-9.6915,0.0762,0.0308,0.0152,-0.508722,1.504434,-1.125999,22897449,937
-0.2235,-0.9919,-9.1775,0.0825,0.0581,0.0089,-0.508722,1.504434,-1.125999,22907949,937
-0.2629,0.1437,-8.7056,0.0837,0.0775,0.0073,-0.508722,1.504434,-1.125999,22918449,937
-0.4281,-0.0113,-8.8248,0.0635,0.0999,0.0112,-0.508722,1.504434,-1.125999,22928949,937
0.3893,-0.6575,-8.9877,0.0646,0.1095,0.0061,-0.579002,1.506409,-1.126428,22938993,938
0.2951,-1.2983,-8.5206,0.049,0.117,0.0107,-0.579002,1.506409,-1.126428,22949493,938
0.5019,-1.1633,-8.4316,0.0517,0.1171,0.0148,-0.579002,1.506409,-1.126428,22959494,938
0.2179,0.7772,-10.0294,0.0333,0.1466,0.0105,-0.579002,1.506409,-1.126428,22969994,938
-0.3328,0.9968,-10.8897,0.0226,0.1507,0.0199,-0.579002,1.506409,-1.126428,22980494,938
0.1006,-0.3573,-10.02,0.0233,0.1691,0.0171,-0.579002,1.506409,-1.126428,22990994,938
-0.0658,0.3827,-10.9862,0.0062,0.1879,0.0146,-0.579002,1.506409,-1.126428,23001494,938
-0.0912,0.6839,-10.3836,0.0079,0.2042,0.0193,-0.579002,1.506409,-1.126428,23011994,938
-0.0139,0.501,-10.6252,0.0146,0.1786,0.008,-0.579002,1.506409,-1.126428,23022494,938
-1.3502,0.4826,-9.6729,0.0113,0.1874,0.0069,-0.579002,1.506409,-1.126428,23032994,938
-1.045,0.4687,-10.1949,0.0186,0.1849,0.016,-0.636309,1.518165,-1.123048,23043038,939
-0.0249,-0.7655,-8.8951,0.0262,0.1648,0.0181,-0.636309,1.518165,-1.123048,23053538,939
0.5475,0.1556,-7.9865,0.0222,0.1544,0.0173,-0.636309,1.518165,-1.123048,23064038,939
-0.2276,0.7755,-8.5718,0.0443,0.194,0.031,-0.636309,1.518165,-1.123048,23074538,939
0.1897,0.3279,-9.4526,0.0624,0.1841,0.0249,-0.636309,1.518165,-1.123048,23085038,939
0.6496,-0.923,-10.6337,0.05,0.1619,0.0147,-0.636309,1.518165,-1.123048,23095538,939
-0.327,-0.5074,-10.0082,0.0765,0.1896,0.026,-0.636309,1.518165,-1.123048,23106038,939
-0.0193,-0.8682,-10.4098,0.0679,0.167,0.0173,-0.636309,1.518165,-1.123048,23116538,939
-1.3095,0.3674,-10.3084,0.055,0.1774,0.0172,-0.636309,1.518165,-1.123048,23127038,939
-0.2403,1.1766,-9.4206,0.0543,0.1755,0.0242,-0.636309,1.518165,-1.123048,23137538,939
-0.0711,0.9533,-9.4433,0.068,0.194,0.0211,-0.636309,1.518165,-1.123048,23148038,939
0.3192,1.1419,-8.7125,0.0518,0.1647,0.0197,-0.636309,1.518165,-1.123048,23158538,939
0.0617,0.7365,-8.7426,0.0582,0.1773,0.0199,-0.72032,1.529431,-1.118614,23168588,940
0.0304,0.4638,-9.1229,0.0519,0.1486,0.0156,-0.72032,1.529431,-1.118614,23178616,940
0.5623,-0.9739,-10.6729,0.0697,0.1937,0.0257,-0.72032,1.529431,-1.118614,23189116,940
0.6939,-0.4365,-10.0999,-0.0115,0.1351,0.0171,-0.72032,1.529431,-1.118614,23199616,940
0.291,-2.4705,-9.7936,0.0324,0.2044,0.0274,-0.72032,1.529431,-1.118614,23210116,940
-0.8212,-1.0077,-10.3103,0.0102,0.2067,0.0223,-0.72032,1.529431,-1.118614,23220616,940
-0.8927,-0.8318,-10.4074,0.0198,0.234,0.0266,-0.72032,1.529431,-1.118614,23231116,940
-0.71,-0.2479,-10.4187,0.0113,0.232,0.0209,-0.72032,1.529431,-1.118614,23241616,940
-0.0188,2.1986,-9.8217,0.024,0.2042,0.0307,-0.72032,1.529431,-1.118614,23252116,940
-0.0143,2.1232,-9.4217,0.0161,0.1612,0.0223,-0.72032,1.529431,-1.118614,23262616,940
-0.1877,1.9268,-9.425,0.0332,0.2168,0.0291,-0.807593,1.52397,-1.118609,23272660,941
-0.3833,1.9951,-9.949,0.0445,0.2129,0.0321,-0.807593,1.52397,-1.118609,23283160,941
-0.0514,2.9291,-10.2408,0.0388,0.2078,0.0318,-0.807593,1.52397,-1.118609,23293660,941
0.591,0.0984,-9.4043,0.0108,0.1768,0.0237,-0.807593,1.52397,-1.118609,23304160,941
-0.0598,-2.0583,-9.703,0.0408,0.215,0.0445,-0.807593,1.52397,-1.118609,23314660,941
0.2118,-1.3295,-9.6318,0.0008,0.2419,0.0482,-0.807593,1.52397,-1.118609,23325160,941
0.097,-3.0606,-9.6905,-0.0053,0.246,0.0367,-0.807593,1.52397,-1.118609,23335660,941
-0.8083,-1.099,-10.5708,-0.0622,0.2562,0.0295,-0.807593,1.52397,-1.118609,23346160,941
-0.6108,-1.0559,-10.157,-0.0336,0.2661,0.0403,-0.807593,1.52397,-1.118609,23356660,941
-0.3988,-1.4281,-10.2427,-0.043,0.2754,0.0349,-0.807593,1.52397,-1.118609,23367160,941
-0.1531,0.8447,-9.9706,-0.0388,0.2493,0.036,-0.807593,1.52397,-1.118609,23377660,941
-0.0408,2.4101,-9.9991,-0.0158,0.2183,0.0429,-0.807593,1.52397,-1.118609,23388160,941
0.0288,2.6939,-10.2641,-0.053,0.1862,0.0303,-0.807593,1.52397,-1.118609,23398660,941
-0.238,1.7471,-9.9977,-0.0776,0.1286,0.0134,-0.807593,1.52397,-1.118609,23409160,941
0.217,-2.5112,-9.0354,-0.0443,0.1355,0.0274,-0.807593,1.52397,-1.118609,23419660,941
0.4853,-2.4618,-9.2307,-0.0551,0.1586,0.0291,-0.807593,1.52397,-1.118609,23430160,941
0.5258,-2.7466,-9.1645,-0.0477,0.1309,0.0245,-0.807593,1.52397,-1.118609,23440660,941
0.3225,-0.5748,-8.9078,-0.0491,0.0559,0.0206,-0.807593,1.52397,-1.118609,23451160,941
-0.1204,0.9827,-9.9878,-0.0314,0.0407,0.0214,-0.807593,1.52397,-1.118609,23461660,941
-0.6651,1.4964,-11.0502,-0.0431,-0.0026,0.0309,-0.89848,1.518557,-1.119318,23471708,942
-0.2952,0.8945,-10.993,-0.0524,-0.0404,0.0329,-0.89848,1.518557,-1.119318,23481710,942
-0.2109,1.1991,-10.7871,-0.0644,-0.0813,0.0219,-0.89848,1.518557,-1.119318,23492210,942
0.2818,-0.3109,-9.6113,-0.0894,-0.1555,0.0233,-0.89848,1.518557,-1.119318,23502710,942
0.6287,-1.8371,-8.016,-0.1061,-0.2168,0.021,-0.89848,1.518557,-1.119318,23513210,942
0.5192,-1.5941,-7.8322,-0.1344,-0.2818,0.0158,-0.89848,1.518557,-1.119318,23523710,942
0.2257,-0.558,-9.3691,-0.1391,-0.3332,0.0075,-0.89848,1.518557,-1.119318,23534210,942
-0.1494,1.1838,-11.1724,-0.1466,-0.3744,0.0144,-0.89848,1.518557,-1.119318,23544710,942
-0.5387,1.3334,-10.7467,-0.1612,-0.4403,0.0184,-0.89848,1.518557,-1.119318,23555210,942
-0.78,0.8784,-11.3726,-0.1501,-0.4703,0.0161,-0.89848,1.518557,-1.119318,23565710,942
-0.2391,-1.1325,-10.2125,-0.1471,-0.4785,0.0183,-0.89848,1.518557,-1.119318,23576210,942
0.206,-1.025,-8.5858,-0.1568,-0.4383,0.0272,-0.89848,1.518557,-1.119318,23586710,942
-0.6806,-0.5056,-9.8426,-0.1765,-0.4542,0.0141,-0.89848,1.518557,-1.119318,23597210,942
-0.7058,1.7616,-9.5446,-0.1777,-0.4391,0.0118,-0.89848,1.518557,-1.119318,23607710,942
-0.2441,2.3379,-9.7146,-0.1544,-0.3593,0.0138,-0.89848,1.518557,-1.119318,23618210,942
-0.8737,2.0441,-10.4148,-0.1542,-0.2849,0.0142,-0.955227,1.517689,-1.114368,23628255,943
-0.5361,1.1417,-10.3059,-0.1472,-0.2757,0.0153,-1.046905,1.509353,-1.114614,23638309,944
0.4757,2.0067,-10.1593,-0.1026,-0.206,0.0328,-1.046905,1.509353,-1.114614,23648809,944
-0.2625,3.175,-10.6359,-0.0956,-0.1895,0.02,-1.046905,1.509353,-1.114614,23658813,944
-0.7032,3.394,-10.1753,-0.137,-0.2132,0.0118,-1.046905,1.509353,-1.114614,23669313,944
-0.2786,2.636,-11.4374,-0.0829,-0.1463,0.0246,-1.046905,1.509353,-1.114614,23679316,944
0.2177,-0.2487,-11.2525,-0.0734,-0.1766,0.0099,-1.046905,1.509353,-1.114614,23689816,944
0.2251,-0.589,-9.5233,-0.0823,-0.1509,0.022,-1.046905,1.509353,-1.114614,23700316,944
0.0879,-0.2608,-10.0501,-0.056,-0.1425,0.0184,-1.046905,1.509353,-1.114614,23710816,944
-0.8689,-0.0008,-10.1101,-0.041,-0.1488,0.0133,-1.046905,1.509353,-1.114614,23721316,944
-0.6193,0.429,-8.8005,-0.0377,-0.1523,0.0149,-1.046905,1.509353,-1.114614,23731816,944
-0.4964,0.8612,-9.5168,-0.0184,-0.1554,0.0227,-1.046905,1.509353,-1.114614,23742316,944
1.1268,0.9219,-9.0806,-0.0694,-0.1972,0.0088,-1.046905,1.509353,-1.114614,23752816,944
0.6186,-0.4173,-8.9613,-0.0591,-0.1902,0.0208,-1.046905,1.509353,-1.114614,23763316,944
0.2215,0.1947,-9.2761,-0.0451,-0.1478,0.0115,-1.046905,1.509353,-1.114614,23773816,944
-0.031,-0.524,-10.4362,-0.0015,-0.1176,0.0139,-1.046905,1.509353,-1.114614,23784316,944
0.2906,-1.9069,-9.4467,-0.043,-0.1635,-0.0029,-1.046905,1.509353,-1.114614,23794816,944
0.2539,-2.0465,-8.955,-0.0119,-0.1329,-0.0031,-1.046905,1.509353,-1.114614,23805316,944
0.2106,-2.1438,-9.1491,-0.0075,-0.1373,-0.0017,-1.046905,1.509353,-1.114614,23815816,944
-0.3847,1.2026,-10.1883,0.0607,-0.1109,0.0294,-1.046905,1.509353,-1.114614,23826316,944
-0.4358,1.6564,-10.9136,0.0347,-0.1739,0.0093,-1.046905,1.509353,-1.114614,23836816,944
-0.1953,1.36,-11.1985,0.0497,-0.1148,0.0122,-1.046905,1.509353,-1.114614,23847316,944
-0.2024,-0.3181,-10.6403,0.0715,-0.1171,0.0236,-1.046905,1.509353,-1.114614,23857816,944
-0.0251,-1.3115,-10.5847,0.0678,-0.0991,0.0163,-1.191043,1.493017,-1.109252,23867907,946
-1.0697,0.1321,-10.4817,0.0979,-0.0596,0.0108,-1.191043,1.493017,-1.109252,23878407,946
-0.9497,-0.0354,-11.2239,0.0692,-0.03,0.0107,-1.191043,1.493017,-1.109252,23888907,946
-0.8449,-0.2963,-10.4947,0.0508,0.0408,0.0189,-1.191043,1.493017,-1.109252,23899407,946
-0.7749,0.3329,-9.5709,0.0233,0.0593,0.0097,-1.191043,1.493017,-1.109252,23909907,946
-0.4713,0.0309,-10.1176,-0.0176,0.1304,0.0225,-1.191043,1.493017,-1.109252,23920407,946
-0.1988,1.3166,-9.5786,-0.0038,0.1276,0.0155,-1.191043,1.493017,-1.109252,23930907,946
-1.0416,2.1232,-9.4177,-0.0882,0.1112,0.0012,-1.191043,1.493017,-1.109252,23941407,946
-0.1526,1.7614,-9.6334,-0.1147,0.1725,0.009,-1.191043,1.493017,-1.109252,23951907,946
0.1188,1.6242,-9.8172,-0.1246,0.2159,0.0071,-1.191043,1.493017,-1.109252,23962407,946
0.5825,0.5109,-9.1931,-0.1514,0.1647,0.0038,-1.191043,1.493017,-1.109252,23972907,946
0.1885,-1.1869,-9.4031,-0.1307,0.214,0.0119,-1.191043,1.493017,-1.109252,23983407,946
0.2173,0.0167,-9.5975,-0.1336,0.1908,-0.0009,-1.191043,1.493017,-1.109252,23993907,946
-0.0876,-1.8822,-10.0709,-0.0838,0.2358,0.0205,-1.191043,1.493017,-1.109252,24004407,946
0.4265,-2.0253,-9.3304,-0.108,0.1848,0.0039,-1.191043,1.493017,-1.109252,24014907,946
0.53,-1.9176,-9.2122,-0.1022,0.1419,0.0012,-1.191043,1.493017,-1.109252,24025407,946
0.2088,-0.7101,-9.3797,-0.1275,0.0999,0.0029,-1.191043,1.493017,-1.109252,24035907,946
-0.3997,1.3954,-10.4225,-0.0579,0.141,0.0125,-1.191043,1.493017,-1.109252,24046407,946
-0.5659,2.0129,-11.0263,-0.0647,0.1061,-0.0008,-1.191043,1.493017,-1.109252,24056907,946
-0.499,1.4652,-11.3177,-0.0493,0.1156,0.0022,-1.191043,1.493017,-1.109252,24067407,946
0.0127,-0.9229,-8.9953,-0.042,0.1079,0.0077,-1.191043,1.493017,-1.109252,24077907,946
0.1456,-0.9227,-8.6251,-0.0085,0.1063,0.0119,-1.191043,1.493017,-1.109252,24088407,946
-0.2555,-0.0932,-9.0592,0.0103,0.0994,0.0151,-1.332002,1.479719,-1.112762,24098506,948
-0.2234,0.5531,-8.9978,0.0292,0.0635,0.0226,-1.332002,1.479719,-1.112762,24108537,948
0.2735,1.6022,-9.2949,0.0077,0.0406,0.0223,-1.332002,1.479719,-1.112762,24119037,948
-0.2285,2.1475,-10.1424,0.0035,0.0649,0.0273,-1.332002,1.479719,-1.112762,24129537,948
0.4096,-0.0298,-10.0918,-0.0037,0.0629,0.0166,-1.332002,1.479719,-1.112762,24140037,948
0.385,-2.4375,-9.8037,-0.0348,0.0177,0.0067,-1.332002,1.479719,-1.112762,24150537,948
0.0386,-1.6121,-9.9153,-0.0278,0.0687,0.0161,-1.332002,1.479719,-1.112762,24161037,948
-0.0637,-1.5728,-9.8829,-0.0511,0.0556,0.0133,-1.332002,1.479719,-1.112762,24171537,948
-0.4571,0.3951,-10.1992,-0.0654,0.0229,0.015,-1.332002,1.479719,-1.112762,24182037,948
-1.0674,0.5645,-10.3396,-0.081,0.0217,0.0081,-1.332002,1.479719,-1.112762,24192537,948
-0.4781,2.0495,-9.9663,-0.0977,0.008,-0.0015,-1.332002,1.479719,-1.112762,24203037,948
0.5348,1.7576,-9.9278,-0.0927,-0.0229,-0.0074,-1.332002,1.479719,-1.112762,24213537,948
0.2069,1.5221,-10.1131,-0.0967,-0.0068,-0.0004,-1.332002,1.479719,-1.112762,24224037,948
0.6887,1.1106,-9.0307,-0.0521,0.0046,0.0092,-1.332002,1.479719,-1.112762,24234537,948
-0.0979,-1.3791,-9.4364,-0.0692,-0.019,0.009,-1.332002,1.479719,-1.112762,24245037,948
-0.2551,-2.1304,-9.7475,-0.0173,0.0262,0.0093,-1.332002,1.479719,-1.112762,24255537,948
0.2807,-1.6954,-9.0727,-0.0206,-0.0228,0.0013,-1.332002,1.479719,-1.112762,24266037,948
0.6322,0.2378,-9.4108,0.0286,-0.0104,0.0082,-1.332002,1.479719,-1.112762,24276537,948
-0.3674,1.8176,-10.9286,-0.002,-0.011,0.0031,-1.332002,1.479719,-1.112762,24287037,948
-0.3367,2.1443,-10.4597,0.0103,-0.0439,-0.0001,-1.332002,1.479719,-1.112762,24297537,948
-0.6806,1.6187,-10.8281,0.0581,-0.0078,0.0094,-1.332002,1.479719,-1.112762,24308037,948
-0.0233,-0.7728,-9.4906,0.0411,-0.0153,-0.0022,-1.332002,1.479719,-1.112762,24318537,948
0.2902,-0.6789,-8.2413,0.0541,0.0015,0.0015,-1.332002,1.479719,-1.112762,24329037,948
0.2838,-1.787,-8.1432,0.0339,0.0336,0.0093,-1.332002,1.479719,-1.112762,24339537,948
-0.1381,-0.2926,-10.0208,0.0466,0.0268,0.0181,-1.332002,1.479719,-1.112762,24350037,948
-0.0735,1.0447,-10.0521,0.0472,0.0191,0.017,-1.332002,1.479719,-1.112762,24360537,948
0.2393,0.8681,-10.0947,0.0279,0.0029,-0.0009,-1.332002,1.479719,-1.112762,24371037,948
-0.0033,0.5789,-10.9763,0.0372,0.0005,-0.0026,-1.436818,1.47428,-1.116931,24381087,949
0.159,0.639,-10.6627,0.0394,0.0134,0.0004,-1.511948,1.46626,-1.116147,24391131,950
-0.2229,0.7886,-10.2496,0.029,-0.0372,0.008,-1.511948,1.46626,-1.116147,24401631,950
-0.3331,0.6497,-10.5755,0.0283,-0.0822,0.0137,-1.511948,1.46626,-1.116147,24411660,950
-0.1723,0.3322,-10.008,0.0313,-0.161,0.011,-1.589796,1.474344,-1.117263,24421707,951
0.0098,-0.1251,-8.3726,0.005,-0.2648,0.0084,-1.589796,1.474344,-1.117263,24432207,951
-0.3865,-0.7768,-8.6176,-0.0292,-0.3003,-0.0072,-1.589796,1.474344,-1.117263,24442707,951
-0.376,-0.8949,-9.7437,-0.0261,-0.287,-0.0123,-1.589796,1.474344,-1.117263,24453207,951
-0.1443,-1.0703,-8.9635,-0.0563,-0.2566,-0.0087,-1.589796,1.474344,-1.117263,24463707,951
0.0612,-0.2712,-9.8313,-0.0718,-0.1584,-0.0054,-1.589796,1.474344,-1.117263,24474207,951
0.1798,0.6744,-10.4062,-0.0879,-0.0939,-0.0065,-1.589796,1.474344,-1.117263,24484707,951
-0.2705,-1.0766,-9.1478,-0.0975,-0.0084,0.0016,-1.589796,1.474344,-1.117263,24495207,951
-0.5089,0.4215,-10.3962,-0.0625,0.071,0.0059,-1.589796,1.474344,-1.117263,24505707,951
0.4565,1.4022,-10.3525,-0.0852,0.1447,0.0085,-1.589796,1.474344,-1.117263,24516207,951
0.7153,-0.5755,-9.4233,-0.0683,0.1965,0.0067,-1.589796,1.474344,-1.117263,24526707,951
-0.2917,0.5524,-10.5701,-0.0598,0.2631,0.0043,-1.589796,1.474344,-1.117263,24537207,951
-0.637,1.5382,-10.605,-0.044,0.2839,0.0017,-1.696568,1.477898,-1.1157,24547262,952
-0.2542,1.1766,-11.123,-0.0288,0.3252,0.0021,-1.696568,1.477898,-1.1157,24557762,952
-0.4059,0.0269,-11.0469,-0.0383,0.3524,-0.0057,-1.696568,1.477898,-1.1157,24567766,952
-0.0783,-0.1205,-10.2977,-0.0016,0.3993,-0.013,-1.696568,1.477898,-1.1157,24578266,952
-0.67,-0.7349,-10.1677,0.033,0.4824,-0.0097,-1.696568,1.477898,-1.1157,24588296,952
-1.0483,-0.3209,-10.716,0.064,0.5496,-0.0076,-1.696568,1.477898,-1.1157,24598796,952
-0.6302,-0.2246,-10.0155,0.0654,0.5773,-0.0089,-1.696568,1.477898,-1.1157,24609296,952
-0.5431,0.7805,-9.1467,0.0751,0.6064,-0.0099,-1.696568,1.477898,-1.1157,24619796,952
-0.1464,1.9758,-9.7727,0.1091,0.6154,-0.0142,-1.696568,1.477898,-1.1157,24630296,952
0.2086,2.2981,-9.6793,0.1012,0.6248,-0.0018,-1.696568,1.477898,-1.1157,24640796,952
0.0763,0.1293,-9.4937,0.1076,0.5886,-0.0089,-1.696568,1.477898,-1.1157,24651296,952
0.1064,-2.3857,-9.484,0.0616,0.5517,-0.0226,-1.696568,1.477898,-1.1157,24661796,952
0.2876,-2.1024,-9.6976,0.0942,0.5463,-0.008,-1.696568,1.477898,-1.1157,24672296,952
0.0213,-0.1188,-9.3959,0.0745,0.5123,-0.0137,-1.696568,1.477898,-1.1157,24682796,952
-0.4377,2.6653,-10.0349,0.0712,0.4683,-0.0207,-1.696568,1.477898,-1.1157,24693296,952
-0.1767,1.886,-10.2819,0.0691,0.4453,-0.012,-1.696568,1.477898,-1.1157,24703796,952
0.1567,-0.2863,-9.6701,0.0906,0.3893,-0.011,-1.696568,1.477898,-1.1157,24714296,952
0.5749,-2.7563,-8.7613,0.0971,0.3174,-0.0108,-1.696568,1.477898,-1.1157,24724796,952
0.248,-0.4716,-9.1419,0.0652,0.2498,-0.0212,-1.696568,1.477898,-1.1157,24735296,952
0.2376,0.2075,-9.5061,0.1217,0.2369,-0.0103,-1.696568,1.477898,-1.1157,24745796,952
-0.4628,1.0426,-10.4413,0.1107,0.1707,-0.0128,-1.696568,1.477898,-1.1157,24756296,952
-0.0601,0.1614,-9.3699,0.1177,0.1198,-0.0155,-1.696568,1.477898,-1.1157,24766796,952
0.1689,-0.0269,-9.1881,0.1348,0.0901,-0.0031,-1.696568,1.477898,-1.1157,24777296,952
0.6106,-1.8008,-8.2235,0.1445,0.0694,-0.0033,-1.817175,1.483212,-1.128702,24787349,953
0.2892,-1.2603,-8.3387,0.1666,0.0748,-0.0008,-1.882365,1.492808,-1.122754,24797396,954
0.6327,-0.5619,-8.6145,0.1449,0.0188,0.0042,-1.882365,1.492808,-1.122754,24807425,954
0.7895,-0.5571,-9.1667,0.1635,-0.0544,0.0106,-1.882365,1.492808,-1.122754,24817925,954
-0.3658,0.8738,-10.889,0.1513,-0.1368,0.0041,-1.882365,1.492808,-1.122754,24828425,954
-0.53,1.1152,-10.0659,0.1649,-0.2251,0.0121,-1.882365,1.492808,-1.122754,24838925,954
-0.2394,0.7661,-8.9748,0.1304,-0.3232,0.0085,-1.882365,1.492808,-1.122754,24849425,954
0.8088,-0.4183,-8.211,0.1316,-0.3882,0.01,-1.882365,1.492808,-1.122754,24859925,954
0.2716,-1.0513,-10.5566,0.132,-0.4276,0.012,-1.882365,1.492808,-1.122754,24870425,954
0.2823,-1.1997,-10.7146,0.0717,-0.4877,0.0007,-1.95732,1.4996,-1.120701,24880472,955
-0.3588,-0.5349,-11.0346,0.0569,-0.511,0.0017,-1.95732,1.4996,-1.120701,24890972,955
-0.4492,-0.5162,-11.0975,0.0678,-0.4149,0.014,-1.95732,1.4996,-1.120701,24901472,955
-1.0327,0.7305,-10.5978,0.0619,-0.3894,0.0095,-1.95732,1.4996,-1.120701,24911972,955
-0.9864,0.7727,-10.1763,0.0619,-0.3272,0.0137,-1.95732,1.4996,-1.120701,24922472,955
-1.0732,0.5344,-10.9623,0.0378,-0.2733,0.0169,-1.95732,1.4996,-1.120701,24932972,955
-0.6537,1.0137,-10.0097,0.0953,-0.173,0.0226,-1.95732,1.4996,-1.120701,24943472,955
-0.7094,1.8809,-9.7166,0.0798,-0.0843,0.0289,-1.95732,1.4996,-1.120701,24953972,955
-1.0976,1.8733,-10.5521,0.0624,-0.0344,0.0273,-1.95732,1.4996,-1.120701,24964472,955
-0.3646,2.5244,-10.2169,0.0641,0.0292,0.0278,-1.95732,1.4996,-1.120701,24974972,955
0.1122,1.5699,-9.9025,0.0125,0.0177,0.0045,-1.95732,1.4996,-1.120701,24985472,955
-0.0118,-0.4359,-9.8614,0.0286,0.0576,0.0243,-1.95732,1.4996,-1.120701,24995972,955
-0.0288,0.1276,-9.3515,0.0065,0.0496,0.0233,-1.95732,1.4996,-1.120701,25006472,955
0.3987,-0.8563,-8.5784,0.0113,0.0215,0.0168,-2.047291,1.516928,-1.117743,25016522,956
0.1122,-1.1626,-8.8285,0.0089,0.0108,0.0195,-2.047291,1.516928,-1.117743,25026525,956
0.3034,-1.6283,-9.2252,0.0398,0.0071,0.0279,-2.047291,1.516928,-1.117743,25037025,956
0.5337,0.4043,-10.4394,0.0406,-0.0203,0.0266,-2.047291,1.516928,-1.117743,25047525,956
0.5786,-0.3929,-10.8571,0.0653,-0.0783,0.0258,-2.047291,1.516928,-1.117743,25058025,956
-0.2396,-0.4216,-11.1117,0.0568,-0.0893,0.0188,-2.047291,1.516928,-1.117743,25068525,956
-0.786,0.6813,-9.1948,0.057,-0.1217,0.0315,-2.047291,1.516928,-1.117743,25079025,956
-0.9499,0.3427,-9.979,0.0995,-0.0975,0.0314,-2.047291,1.516928,-1.117743,25089525,956
-0.3093,2.2356,-10.5201,0.048,-0.1486,0.0122,-2.047291,1.516928,-1.117743,25100025,956
0.2339,1.4982,-9.9532,0.0504,-0.1117,0.0259,-2.111969,1.525012,-1.117712,25110072,957
-0.218,1.1373,-10.3091,0.0624,-0.1017,0.025,-2.111969,1.525012,-1.117712,25120571,957
0.1011,-0.4978,-9.7878,0.0237,-0.0932,0.0255,-2.111969,1.525012,-1.117712,25131071,957
0.4267,-0.2996,-9.5119,0.0186,-0.1197,0.0268,-2.111969,1.525012,-1.117712,25141571,957
-0.4103,-1.1594,-8.4533,0.0289,-0.1214,0.0329,-2.111969,1.525012,-1.117712,25152071,957
-0.5049,-0.2305,-8.8649,0.0124,-0.1271,0.0296,-2.111969,1.525012,-1.117712,25162571,957
0.5255,0.1811,-9.3132,0.0138,-0.1487,0.0291,-2.111969,1.525012,-1.117712,25173071,957
0.7535,0.0523,-9.3526,0.0073,-0.1564,0.0232,-2.111969,1.525012,-1.117712,25183571,957
0.2062,-1.8513,-10.225,-0.0421,-0.1286,0.0158,-2.111969,1.525012,-1.117712,25194071,957
-0.2396,-2.216,-9.8034,0.0055,-0.1129,0.0305,-2.111969,1.525012,-1.117712,25204571,957
0.2953,-3.2755,-9.1477,-0.0091,-0.1433,0.0172,-2.111969,1.525012,-1.117712,25215071,957
-0.568,-0.9632,-9.6784,-0.0075,-0.1108,0.0309,-2.111969,1.525012,-1.117712,25225571,957
-0.5702,1.9286,-11.0781,-0.0457,-0.1142,0.0239,-2.111969,1.525012,-1.117712,25236071,957
-0.0471,1.2276,-11.0764,-0.0094,-0.1145,0.0319,-2.194116,1.52883,-1.116941,25246115,958
0.1108,1.0343,-11.4586,-0.043,-0.1217,0.0138,-2.194116,1.52883,-1.116941,25256615,958
-0.3967,-0.1055,-11.2521,-0.0355,-0.1204,0.0196,-2.194116,1.52883,-1.116941,25266617,958
-0.6536,-0.7549,-10.6226,-0.0403,-0.1146,0.0145,-2.194116,1.52883,-1.116941,25277117,958
-0.1698,1.3757,-9.6868,-0.0372,-0.1507,0.0121,-2.194116,1.52883,-1.116941,25287617,958
-0.2116,1.7998,-9.6601,-0.0572,-0.1511,0.0264,-2.194116,1.52883,-1.116941,25298117,958
-0.2754,2.453,-9.7267,-0.0209,-0.1839,0.0273,-2.194116,1.52883,-1.116941,25308617,958
0.2521,1.1167,-9.8836,-0.0451,-0.2298,0.0194,-2.194116,1.52883,-1.116941,25319117,958
0.3371,-2.0302,-9.1053,0.0097,-0.2052,0.0388,-2.194116,1.52883,-1.116941,25329617,958
-0.0058,-1.5181,-8.6746,-0.0515,-0.264,0.0158,-2.194116,1.52883,-1.116941,25340117,958
0.2456,-1.9864,-8.0025,-0.0096,-0.2429,0.0296,-2.251991,1.531925,-1.115351,25350170,959
-0.0044,-0.8423,-8.7143,-0.033,-0.2724,0.0243,-2.251991,1.531925,-1.115351,25360670,959
1.1199,-0.2992,-8.1154,-0.0557,-0.2926,0.0129,-2.251991,1.531925,-1.115351,25371170,959
0.3816,-1.575,-9.9596,-0.0347,-0.3148,0.0164,-2.251991,1.531925,-1.115351,25381670,959
0.0015,-0.7951,-9.8152,-0.0077,-0.3051,0.0221,-2.251991,1.531925,-1.115351,25392170,959
0.4047,-1.9955,-9.3884,-0.0526,-0.2666,0.0282,-2.251991,1.531925,-1.115351,25402670,959
-0.2349,-2.6618,-9.7156,-0.012,-0.2383,0.0443,-2.251991,1.531925,-1.115351,25413170,959
-0.14,-2.6837,-9.5035,-0.0772,-0.2772,0.0228,-2.251991,1.531925,-1.115351,25423670,959
0.3989,-0.9597,-9.1636,-0.002,-0.2325,0.0424,-2.251991,1.531925,-1.115351,25434170,959
0.1165,0.854,-10.9379,-0.0768,-0.274,0.0198,-2.251991,1.531925,-1.115351,25444670,959
-0.4527,1.0891,-11.6174,-0.0739,-0.2447,0.0207,-2.251991,1.531925,-1.115351,25455170,959
-0.054,0.5698,-10.8839,-0.059,-0.2222,0.0258,-2.251991,1.531925,-1.115351,25465670,959
-0.7388,-0.055,-10.8182,-0.043,-0.197,0.0239,-2.251991,1.531925,-1.115351,25476170,959
-0.9595,0.8524,-10.8198,-0.0074,-0.1446,0.0249,-2.251991,1.531925,-1.115351,25486670,959
-0.3951,0.5998,-10.2297,-0.0201,-0.1265,0.0363,-2.251991,1.531925,-1.115351,25497170,959
-0.649,2.1952,-9.8476,-0.0683,-0.1161,0.0212,-2.251991,1.531925,-1.115351,25507670,959
0.1879,3.1093,-10.7231,-0.0608,-0.1031,0.0088,-2.251991,1.531925,-1.115351,25518170,959
0.0718,3.0944,-10.7009,-0.0583,-0.0587,0.0214,-2.251991,1.531925,-1.115351,25528670,959
-0.3468,0.6568,-10.2149,-0.0595,0.0082,0.0246,-2.251991,1.531925,-1.115351,25539170,959
0.058,-0.4943,-8.9762,-0.0879,0.0013,0.0145,-2.251991,1.531925,-1.115351,25549670,959
-0.9611,-0.1958,-8.8052,-0.0968,0.0328,0.0257,-2.251991,1.531925,-1.115351,25560170,959
0.1379,-0.1559,-8.4645,-0.0757,0.0475,0.0157,-2.251991,1.531925,-1.115351,25570670,959
1.0661,-0.4625,-9.3467,-0.0598,0.0491,0.0237,-2.340221,1.531096,-1.117014,25580715,960
0.3382,-0.2416,-9.104,-0.074,0.0704,0.0275,-2.407735,1.531435,-1.118609,25590771,961
0.3077,-1.0136,-9.3171,-0.0847,-0.0054,0.0013,-2.407735,1.531435,-1.118609,25601271,961
0.8328,-2.4616,-9.7304,-0.0726,-0.0563,-0.0045,-2.407735,1.531435,-1.118609,25611301,961
0.4237,-0.0542,-9.5042,-0.0944,-0.2002,-0.0166,-2.407735,1.531435,-1.118609,25621801,961
-0.0047,0.9439,-10.2115,-0.0578,-0.2809,0.0003,-2.407735,1.531435,-1.118609,25632301,961
0.2159,1.3431,-10.1954,-0.1069,-0.4169,-0.0092,-2.407735,1.531435,-1.118609,25642801,961
0.975,-1.3178,-7.972,-0.1202,-0.5325,-0.0089,-2.407735,1.531435,-1.118609,25653301,961
0.2088,-0.9177,-8.2165,-0.1257,-0.5894,-0.0028,-2.407735,1.531435,-1.118609,25663801,961
0.6191,-1.3221,-8.7244,-0.1213,-0.6393,-0.0074,-2.407735,1.531435,-1.118609,25674301,961
0.5007,-0.8564,-10.6395,-0.1073,-0.6169,-0.0072,-2.407735,1.531435,-1.118609,25684801,961
0.8275,-1.0635,-10.0288,-0.1255,-0.5718,-0.0046,-2.407735,1.531435,-1.118609,25695301,961
-0.2799,-2.3816,-9.9956,-0.1419,-0.5626,-0.0206,-2.474351,1.536889,-1.117789,25705355,962
-0.1129,-2.0111,-9.591,-0.0879,-0.4704,-0.0058,-2.474351,1.536889,-1.117789,25715855,962
0.0003,-2.4448,-10.2617,-0.081,-0.373,-0.0103,-2.474351,1.536889,-1.117789,25725891,962
-1.0275,-2.6273,-9.7195,-0.0615,-0.2902,-0.013,-2.474351,1.536889,-1.117789,25736391,962
-0.4366,-1.8528,-9.5788,-0.0348,-0.1578,-0.0066,-2.474351,1.536889,-1.117789,25746422,962
-0.4539,-3.5523,-8.6467,0.021,-0.0173,-0.0015,-2.474351,1.536889,-1.117789,25756922,962
-0.4074,-1.2708,-8.7969,0.043,0.1105,-0.0012,-2.474351,1.536889,-1.117789,25767422,962
0.6195,-1.0019,-8.3466,0.0149,0.1381,-0.0246,-2.474351,1.536889,-1.117789,25777922,962
-0.5906,-1.9344,-8.4982,0.035,0.2082,-0.0196,-2.474351,1.536889,-1.117789,25788422,962
0.1612,-0.3341,-9.1708,0.016,0.2672,-0.009,-2.474351,1.536889,-1.117789,25798922,962
1.093,-0.2801,-9.2165,0.0431,0.284,-0.0082,-2.578135,1.535087,-1.114712,25808967,963
-0.0655,-2.0135,-10.0835,0.0252,0.2652,-0.0325,-2.578135,1.535087,-1.114712,25819467,963
-0.1179,-1.4066,-10.8565,0.0078,0.2835,-0.0207,-2.578135,1.535087,-1.114712,25829967,963
-0.5733,0.1393,-9.8808,0.0189,0.3095,-0.0154,-2.578135,1.535087,-1.114712,25840467,963
-1.1688,2.1175,-9.7433,0.0612,0.3541,-0.0186,-2.578135,1.535087,-1.114712,25850967,963
-0.431,2.9546,-9.9681,0.0987,0.4302,-0,-2.578135,1.535087,-1.114712,25861467,963
0.1185,1.7555,-8.6941,0.1266,0.4495,0.0092,-2.578135,1.535087,-1.114712,25871967,963
0.1508,-1.9516,-9.5088,0.055,0.4483,-0.0208,-2.578135,1.535087,-1.114712,25882467,963
0.7737,-0.0035,-9.303,0.0579,0.4573,-0.025,-2.578135,1.535087,-1.114712,25892967,963
-0.2863,-2.9989,-9.3924,0.0965,0.5346,-0.0078,-2.578135,1.535087,-1.114712,25903467,963
-0.4942,-0.0427,-10.3475,0.0545,0.483,-0.027,-2.578135,1.535087,-1.114712,25913967,963
-0.1818,1.4034,-10.0606,0.0909,0.5504,-0.0065,-2.578135,1.535087,-1.114712,25924467,963
-0.4038,2.2576,-9.8939,0.0436,0.4673,-0.0195,-2.578135,1.535087,-1.114712,25934967,963
0.28,0.1471,-9.4209,0.0431,0.4754,-0.0202,-2.65973,1.543743,-1.111326,25945017,964
0.6405,0.1828,-8.6756,0.039,0.4483,-0.0175,-2.65973,1.543743,-1.111326,25955517,964
0.0548,-2.4193,-8.7657,0.0514,0.4332,-0.0059,-2.65973,1.543743,-1.111326,25965553,964
-0.2918,-3.019,-9.2895,0.0908,0.3797,-0.0074,-2.65973,1.543743,-1.111326,25976053,964
-0.3144,0.1851,-10.8666,0.1158,0.3455,-0.0018,-2.65973,1.543743,-1.111326,25986553,964
0.1962,4.1525,-9.8491,0.0639,0.2028,-0.0183,-2.65973,1.543743,-1.111326,25997053,964
0.0648,3.5703,-9.6914,0.1082,0.2031,-0.0135,-2.65973,1.543743,-1.111326,26007553,964
-0.0671,-0.5533,-9.458,0.1164,0.0938,-0.0251,-2.65973,1.543743,-1.111326,26018053,964
0.2645,-2.0701,-9.4905,0.1373,0.0623,-0.0025,-2.65973,1.543743,-1.111326,26028553,964
0.415,-1.6935,-9.4124,0.1213,-0.006,-0.0043,-2.753827,1.545392,-1.109577,26038599,965
0.2026,-0.3139,-10.0018,0.1288,-0.0456,-0.0162,-2.753827,1.545392,-1.109577,26049099,965
-0.2555,0.5522,-10.2253,0.1319,-0.0271,-0.0123,-2.753827,1.545392,-1.109577,26059599,965
-0.4744,0.5743,-10.2718,0.1142,-0.0152,-0.0106,-2.753827,1.545392,-1.109577,26070099,965
-0.447,2.5862,-10.9198,0.1144,0.0606,-0.0145,-2.753827,1.545392,-1.109577,26080599,965
-0.3464,2.0916,-10.1356,0.1117,0.058,-0.0072,-2.753827,1.545392,-1.109577,26091099,965
-1.0927,1.6148,-10.3145,0.0631,0.0964,-0.0124,-2.753827,1.545392,-1.109577,26101599,965
-0.3517,0.3932,-9.8171,0.0558,0.1598,-0.0143,-2.753827,1.545392,-1.109577,26112099,965
0.3583,-1.2106,-9.5045,0.0554,0.2167,-0.0045,-2.753827,1.545392,-1.109577,26122599,965
-0.1196,-1.3581,-9.5307,0.0245,0.2244,-0.0168,-2.753827,1.545392,-1.109577,26133099,965
0.1288,-2.3015,-9.1795,-0.0057,0.2961,-0.0029,-2.753827,1.545392,-1.109577,26143599,965
-0.2467,-0.6672,-9.6688,0.0179,0.2905,0.0107,-2.753827,1.545392,-1.109577,26154099,965
-0.4423,-0.0786,-10.1799,0.0184,0.2784,0.0061,-2.753827,1.545392,-1.109577,26164599,965
-0.5106,1.4079,-10.5571,0.02,0.25,0.0004,-2.890887,1.546481,-1.112302,26174645,966
-0.5377,1.6433,-10.6983,0.0032,0.1994,-0.0059,-2.890887,1.546481,-1.112302,26184674,966
-0.1092,1.7556,-10.4191,0.0136,0.2185,-0.007,-2.890887,1.546481,-1.112302,26195174,966
-0.1341,-0.5711,-9.3958,0.003,0.2112,-0.0203,-2.890887,1.546481,-1.112302,26205674,966
-0.1024,-0.3522,-9.4135,0.0324,0.2305,-0.0074,-2.890887,1.546481,-1.112302,26216174,966
0.0805,-1.1903,-8.621,0.038,0.2189,-0.0211,-2.890887,1.546481,-1.112302,26226674,966
-0.2136,0.0122,-9.7231,0.0407,0.1979,-0.0211,-2.890887,1.546481,-1.112302,26237174,966
-0.1759,1.3739,-10.4981,0.0485,0.2156,-0.0048,-2.890887,1.546481,-1.112302,26247674,966
-0.2946,1.3986,-10.7802,0.0374,0.18,0.0014,-2.890887,1.546481,-1.112302,26258174,966
-0.4381,0.1018,-9.9953,0.0058,0.158,-0.0095,-2.988856,1.551178,-1.117148,26268218,967
-0.0237,0.4363,-9.7152,-0.0118,0.1756,-0.0085,-2.988856,1.551178,-1.117148,26278718,967
0.2055,-1.6039,-8.3265,-0.0123,0.1609,-0.012,-2.988856,1.551178,-1.117148,26289218,967
-0.0686,-0.7725,-9.257,0.0042,0.1846,-0.0074,-2.988856,1.551178,-1.117148,26299718,967
0.1198,-0.1018,-9.3104,-0.0311,0.1893,-0.0171,-2.988856,1.551178,-1.117148,26310218,967
0.1885,0.5358,-10.5938,-0.0154,0.1973,-0.0144,-2.988856,1.551178,-1.117148,26320718,967
-0.4581,0.0361,-10.3901,-0.0223,0.2099,-0.0167,-2.988856,1.551178,-1.117148,26331218,967
-0.5186,0.7867,-10.4948,-0.0318,0.2263,-0.0228,-2.988856,1.551178,-1.117148,26341718,967
-0.7147,0.5587,-9.5587,-0.0322,0.2723,-0.015,-2.988856,1.551178,-1.117148,26352218,967
-0.0318,-0.394,-8.8352,-0.0539,0.294,-0.0104,-2.988856,1.551178,-1.117148,26362718,967
0.5257,-0.5589,-9.2497,-0.0818,0.2959,-0.0197,-2.988856,1.551178,-1.117148,26373218,967
0.5302,-0.4889,-9.476,-0.0953,0.3244,-0.0087,-2.988856,1.551178,-1.117148,26383718,967
0.0093,-0.2773,-11.1104,-0.0913,0.312,-0.0097,-2.988856,1.551178,-1.117148,26394218,967
-0.5193,0.5859,-9.5141,-0.0905,0.2729,-0.021,-2.988856,1.551178,-1.117148,26404718,967
-0.7113,1.2271,-8.9676,-0.0873,0.2475,-0.0094,-2.988856,1.551178,-1.117148,26415218,967
0.3657,1.0389,-9.0317,-0.0847,0.2106,-0.0094,-2.988856,1.551178,-1.117148,26425718,967
0.4604,-1.631,-10.3872,-0.0654,0.1581,-0.019,-2.988856,1.551178,-1.117148,26436218,967
-0.1218,-2.0152,-10.4137,-0.0859,0.1267,-0.0186,-2.988856,1.551178,-1.117148,26446718,967
-0.2042,-0.4988,-9.7388,-0.0227,0.1256,-0.0006,-3.111362,1.562203,-1.106583,26456762,968
0.0426,1.586,-9.7294,-0.0149,0.1274,-0.0023,-3.111362,1.562203,-1.106583,26466766,968
0.0584,2.7484,-10.2915,0.014,0.0637,-0.0018,-3.111362,1.562203,-1.106583,26477266,968
-0.4139,-0.3439,-9.4648,-0.0255,-0.0922,-0.0199,-3.111362,1.562203,-1.106583,26487296,968
-0.0465,-1.052,-8.8484,-0.0045,-0.1511,-0.0113,-3.198247,1.571047,-1.10102,26497348,969
0.5937,-1.9155,-9.5351,-0.0713,-0.3398,-0.023,-3.198247,1.571047,-1.10102,26507848,969
-0.0581,-1.4119,-10.0225,-0.0564,-0.3884,-0.0193,-3.198247,1.571047,-1.10102,26517877,969
-0.1692,1.5367,-11.9008,-0.0325,-0.3923,-0.0232,-3.198247,1.571047,-1.10102,26528377,969
0.4297,0.1686,-10.7017,-0.0297,-0.4245,-0.0279,-3.198247,1.571047,-1.10102,26538408,969
-0.2146,1.587,-11.9724,-0.0091,-0.421,-0.0241,-3.198247,1.571047,-1.10102,26548908,969
-0.6183,1.0796,-11.909,0.0247,-0.4039,-0.0223,-3.198247,1.571047,-1.10102,26559408,969
0.2076,-0.0463,-11.2675,0.0633,-0.39,-0.0228,-3.198247,1.571047,-1.10102,26569908,969
-1.1927,-1.9213,-11.6225,0.0813,-0.3734,-0.0235,-3.198247,1.571047,-1.10102,26580408,969
-0.7323,-0.763,-10.1164,0.1216,-0.3144,-0.0155,-3.198247,1.571047,-1.10102,26590908,969
0.0382,-1.6634,-9.7448,0.1344,-0.362,-0.0291,-3.198247,1.571047,-1.10102,26601408,969
-0.966,-0.1211,-10.3017,0.1128,-0.273,-0.0182,-3.198247,1.571047,-1.10102,26611908,969
-0.8737,2.3009,-10.7061,0.1618,-0.2346,-0.0274,-3.198247,1.571047,-1.10102,26622408,969
-0.6394,0.8286,-10.6536,0.2038,-0.1599,-0.0126,-3.284513,1.565119,-1.105382,26632452,970
0.2033,2.2747,-11.0723,0.2229,-0.1462,-0.0154,-3.284513,1.565119,-1.105382,26642952,970
-0.6476,2.252,-10.4061,0.2064,-0.1753,-0.0065,-3.284513,1.565119,-1.105382,26653452,970
-0.8318,2.059,-10.9123,0.2051,-0.1575,-0.0091,-3.284513,1.565119,-1.105382,26663952,970
-0.3087,0.7576,-10.8906,0.1803,-0.1659,-0.017,-3.284513,1.565119,-1.105382,26674452,970
0.1372,-1.2426,-8.7102,0.1533,-0.1669,-0.017,-3.284513,1.565119,-1.105382,26684952,970
-0.3177,-1.9397,-8.4688,0.1011,-0.1823,-0.0216,-3.284513,1.565119,-1.105382,26695452,970
-0.2165,-1.1304,-9.2638,0.1131,-0.1083,-0.0088,-3.284513,1.565119,-1.105382,26705952,970
0.1837,-0.2399,-9.3958,0.0671,-0.1146,-0.0105,-3.284513,1.565119,-1.105382,26716452,970
0.1212,-1.5579,-9.5571,0.0341,-0.1204,-0.0244,-3.390381,1.560901,-1.108807,26726998,971
0.3351,-0.0226,-10.078,-0.001,-0.0877,-0.027,-3.390381,1.560901,-1.108807,26737498,971
0.514,0.8435,-9.8796,0.0465,-0.0671,-0.01,-3.390381,1.560901,-1.108807,26747998,971
-0.5698,0.7987,-11.031,0.0052,-0.041,-0.0104,-3.390381,1.560901,-1.108807,26758498,971
-0.3324,0.4275,-10.6013,-0.0287,0.0029,-0.0108,-3.390381,1.560901,-1.108807,26768998,971
-0.3908,-1.1248,-8.4901,-0.0796,0.0438,-0.0023,-3.390381,1.560901,-1.108807,26779498,971
-0.9498,-0.6817,-9.6639,-0.1289,0.0965,-0.0132,-3.390381,1.560901,-1.108807,26789998,971
0.2032,-1.5232,-9.1061,-0.1768,0.1259,-0.017,-3.390381,1.560901,-1.108807,26800498,971
-0.0247,-2.5558,-8.2102,-0.1921,0.2073,-0.02,-3.390381,1.560901,-1.108807,26810998,971
0.0968,-1.7552,-8.6671,-0.196,0.2561,-0.0107,-3.390381,1.560901,-1.108807,26821498,971
-0.4548,0.3917,-9.8558,-0.2401,0.2724,-0.0205,-3.390381,1.560901,-1.108807,26831998,971
0.2508,1.481,-10.442,-0.2128,0.2816,-0.0098,-3.390381,1.560901,-1.108807,26842498,971
0.2839,1.5561,-10.2643,-0.2326,0.2807,-0.0056,-3.390381,1.560901,-1.108807,26852998,971
-1.1982,0.6941,-9.6764,-0.2034,0.2889,-0.001,-3.507418,1.564447,-1.107897,26863042,972
0.0594,-0.5619,-9.2399,-0.2048,0.2611,-0.0113,-3.507418,1.564447,-1.107897,26873542,972
0.55,-0.993,-8.7407,-0.2071,0.2293,-0.0048,-3.507418,1.564447,-1.107897,26883543,972
-0.4139,-0.1578,-9.2351,-0.1597,0.2722,-0.0087,-3.507418,1.564447,-1.107897,26894043,972
-0.0937,0.9245,-10.5468,-0.162,0.287,-0.0126,-3.507418,1.564447,-1.107897,26904543,972
1.0768,0.2812,-9.9735,-0.1361,0.3348,-0.0082,-3.507418,1.564447,-1.107897,26915043,972
-0.0381,0.476,-11.1033,-0.119,0.3553,-0.0146,-3.507418,1.564447,-1.107897,26925543,972
-0.8836,0.4384,-10.503,-0.1097,0.3673,-0.0054,-3.507418,1.564447,-1.107897,26936043,972
-0.3686,0.2381,-10.8517,-0.084,0.3634,-0.0015,-3.507418,1.564447,-1.107897,26946543,972
-0.1925,0.6827,-9.6967,-0.0771,0.3451,-0.0053,-3.507418,1.564447,-1.107897,26957043,972
-0.5182,0.9433,-9.1695,-0.0699,0.3218,-0.0034,-3.584377,1.562847,-1.110973,26967087,973
-0.1823,0.9249,-8.8606,-0.0143,0.3132,0.0104,-3.584377,1.562847,-1.110973,26977587,973
0.7456,-0.0815,-9.8326,-0.0369,0.241,-0.0136,-3.584377,1.562847,-1.110973,26988087,973
0.7347,-1.3194,-9.9839,-0.0432,0.2079,-0.0105,-3.584377,1.562847,-1.110973,26998587,973
-0.0946,-2.6421,-9.7723,0.0114,0.2372,0.0014,-3.584377,1.562847,-1.110973,27009087,973
-0.8691,-0.792,-10.7493,-0.0458,0.1893,-0.0067,-3.584377,1.562847,-1.110973,27019587,973
-0.5082,1.1486,-10.0567,-0.0251,0.2282,-0.0054,-3.584377,1.562847,-1.110973,27030087,973
-0.6757,0.6786,-9.9533,-0.0364,0.2066,-0.0067,-3.584377,1.562847,-1.110973,27040587,973
-0.067,0.8224,-9.5566,-0.0299,0.2098,-0.0044,-3.584377,1.562847,-1.110973,27051087,973
0.6925,1.0854,-8.939,-0.0701,0.1785,-0.0068,-3.584377,1.562847,-1.110973,27061587,973
0.6182,0.751,-8.8722,-0.0591,0.1759,-0.0013,-3.584377,1.562847,-1.110973,27072087,973
0.1618,-1.7609,-10.1772,-0.0609,0.1377,0.0004,-3.584377,1.562847,-1.110973,27082587,973
-0.2761,-1.8125,-10.3202,-0.0729,0.0981,-0.0158,-3.661628,1.554536,-1.119562,27092633,974
-0.1646,-1.374,-10.0153,-0.0887,0.0955,-0.0059,-3.661628,1.554536,-1.119562,27102662,974
-0.0157,-0.4074,-9.9561,-0.0912,0.0627,0.0017,-3.661628,1.554536,-1.119562,27113162,974
-0.2105,1.5234,-9.6379,-0.0812,-0.0445,0.0046,-3.661628,1.554536,-1.119562,27123662,974
0.4903,1.6029,-8.9067,-0.1596,-0.1335,-0.003,-3.661628,1.554536,-1.119562,27134162,974
0.3377,-1.5455,-9.5452,-0.1319,-0.1847,0.0044,-3.661628,1.554536,-1.119562,27144662,974
-0.1113,-2.0945,-10.0197,-0.1184,-0.2344,0.0052,-3.661628,1.554536,-1.119562,27155162,974
-0.3056,0.5516,-9.9643,-0.1178,-0.282,-0.0011,-3.661628,1.554536,-1.119562,27165662,974
-0.1141,2.0792,-9.8453,-0.085,-0.3023,-0.003,-3.661628,1.554536,-1.119562,27176162,974
-0.0863,1.7149,-10.3105,-0.1082,-0.2773,0.0014,-3.661628,1.554536,-1.119562,27186662,974
-0.1691,2.657,-10.2407,-0.0685,-0.2743,0.0083,-3.717476,1.551397,-1.109893,27196707,975
-0.2696,3.575,-10.2799,-0.1015,-0.2745,0.0027,-3.717476,1.551397,-1.109893,27207207,975
0.1635,0.2217,-10.0161,-0.0453,-0.2109,0.0056,-3.717476,1.551397,-1.109893,27217707,975
0.3269,-2.2976,-8.9561,-0.0608,-0.2519,-0.0039,-3.717476,1.551397,-1.109893,27228207,975
0.3284,-1.6701,-8.6619,-0.0349,-0.2939,-0.0062,-3.717476,1.551397,-1.109893,27238707,975
0.335,-0.742,-8.6392,-0.004,-0.3097,-0.0075,-3.717476,1.551397,-1.109893,27249207,975
0.2164,0.603,-10.4777,0.0017,-0.3562,0.0001,-3.717476,1.551397,-1.109893,27259707,975
0.1069,0.376,-10.1794,0.0084,-0.3977,0.0019,-3.717476,1.551397,-1.109893,27270207,975
0.0333,1.0231,-11.1291,0.0214,-0.4236,-0.0058,-3.717476,1.551397,-1.109893,27280707,975
-0.3631,1.1963,-10.6574,0.0307,-0.4337,-0.0033,-3.717476,1.551397,-1.109893,27291207,975
-0.8339,0.1908,-9.9394,0.0268,-0.4373,0.0018,-3.717476,1.551397,-1.109893,27301707,975
-1.5443,0.4045,-9.9862,0.0421,-0.3618,0.0007,-3.717476,1.551397,-1.109893,27312207,975
-0.3141,-0.9038,-9.4038,0.0364,-0.338,-0.0062,-3.816616,1.543341,-1.120957,27322262,976
0.2265,-0.2313,-9.5651,0.0114,-0.3213,-0.0086,-3.816616,1.543341,-1.120957,27332762,976
-0.2384,-1.7136,-8.7839,0.0243,-0.2718,-0.01,-3.816616,1.543341,-1.120957,27342792,976
-0.2094,-1.294,-9.1626,0.0169,-0.2181,-0.0028,-3.816616,1.543341,-1.120957,27353292,976
0.1178,-0.8686,-8.7799,0.0295,-0.1966,-0.0007,-3.816616,1.543341,-1.120957,27363321,976
0.3251,-0.7738,-8.5884,0.0201,-0.1658,-0.0092,-3.816616,1.543341,-1.120957,27373821,976
-0.1974,-1.045,-9.1413,0.0183,-0.1476,0.0006,-3.816616,1.543341,-1.120957,27384321,976
0.3455,1.1755,-10.3712,0.0432,-0.1112,0.0159,-3.816616,1.543341,-1.120957,27394821,976
-0.2411,1.6003,-10.1629,0.0275,-0.1424,-0.0064,-3.816616,1.543341,-1.120957,27405321,976
-0.8228,0.8749,-9.7942,0.0186,-0.1071,-0.0034,-3.816616,1.543341,-1.120957,27415821,976
-0.3276,-0.5906,-9.1729,0.0174,-0.1211,-0.0105,-3.881346,1.552647,-1.112078,27425868,977
0.3777,-1.8141,-8.6466,0.0324,-0.0555,0.0013,-3.881346,1.552647,-1.112078,27436368,977
-0.3403,-1.8435,-9.505,-0.0309,-0.0744,-0.0207,-3.881346,1.552647,-1.112078,27446868,977
-0.0741,0.7507,-10.2156,0.0149,-0.0387,-0.0085,-3.881346,1.552647,-1.112078,27457368,977
-0.3843,1.0767,-10.3132,0.0262,-0.0228,-0.0078,-3.881346,1.552647,-1.112078,27467868,977
-0.6072,2.1623,-10.4104,0.0512,0.0208,0.0069,-3.881346,1.552647,-1.112078,27478368,977
0.3505,0.1285,-9.4881,0.0821,0.0297,0.0037,-3.881346,1.552647,-1.112078,27488868,977
0.606,0.0738,-9.7303,0.1243,0.0411,-0.005,-3.881346,1.552647,-1.112078,27499368,977
-0.5078,-1.8149,-9.5615,0.091,0.0764,-0.0074,-3.881346,1.552647,-1.112078,27509868,977
-0.1168,-2.0991,-10.2562,0.1192,0.0824,0.0005,-3.881346,1.552647,-1.112078,27520368,977
0.4694,-2.5228,-10.4575,0.0904,0.1045,-0.019,-3.881346,1.552647,-1.112078,27530868,977
-0.5523,-0.216,-10.2139,0.1217,0.1241,-0.0061,-3.881346,1.552647,-1.112078,27541368,977
-0.6261,2.3518,-9.4358,0.0801,0.0817,-0.0138,-3.881346,1.552647,-1.112078,27551868,977
0.0347,1.7002,-9.5663,0.0987,0.0762,-0.0041,-3.881346,1.552647,-1.112078,27562368,977
0.6494,0.3709,-8.9142,0.0461,0.0025,-0.0135,-3.881346,1.552647,-1.112078,27572868,977
0.0676,-1.9733,-10.6206,0.0431,0.0297,-0.0059,-3.881346,1.552647,-1.112078,27583368,977
-0.2338,-0.8501,-11.7341,0.0086,0.0048,-0.0224,-3.881346,1.552647,-1.112078,27593868,977
-0.3047,0.8229,-11.1496,-0.0277,-0.0268,-0.0338,-3.945578,1.553449,-1.111448,27603918,978
-0.6995,0.993,-9.5807,-0.0381,-0.0128,-0.0147,-4.012132,1.554339,-1.113201,27613964,979
-1.1129,0.3473,-9.3058,-0.036,-0.0042,-0.0104,-4.012132,1.554339,-1.113201,27624464,979
-0.5871,0.2941,-9.5041,-0.0516,-0.0273,-0.0169,-4.012132,1.554339,-1.113201,27634964,979
0.7902,-0.6788,-8.238,-0.0323,-0.0381,-0.0159,-4.012132,1.554339,-1.113201,27645464,979
0.1606,-3.0124,-8.5605,0.0187,-0.0022,0.0043,-4.012132,1.554339,-1.113201,27655964,979
-0.17,-1.0876,-10.089,0.0187,-0.0246,-0.0005,-4.012132,1.554339,-1.113201,27666464,979
0.3255,-0.3222,-10.3817,-0.016,-0.1,-0.0281,-4.012132,1.554339,-1.113201,27676964,979
-0.2663,2.445,-11.0711,0.0342,-0.1033,-0.0203,-4.012132,1.554339,-1.113201,27687464,979
-0.8999,1.9137,-10.2864,0.0273,-0.0647,-0.0074,-4.012132,1.554339,-1.113201,27697964,979
-0.3696,2.5526,-10.5521,0.0682,-0.0137,0.0009,-4.012132,1.554339,-1.113201,27708464,979
0.7169,0.3903,-9.201,0.0692,-0.0162,-0.0157,-4.012132,1.554339,-1.113201,27718964,979
-0.6283,-3.214,-8.5663,0.0807,0.009,-0.0129,-4.012132,1.554339,-1.113201,27729464,979
0.1495,-2.2693,-8.7914,0.0891,0.0811,-0.01,-4.012132,1.554339,-1.113201,27739964,979
0.4238,-2.3091,-10.3501,0.0648,0.1026,-0.0083,-4.012132,1.554339,-1.113201,27750464,979
-0.6134,0.0222,-10.3506,0.0777,0.0993,-0.0141,-4.012132,1.554339,-1.113201,27760964,979
-1.0806,0.7013,-10.1211,0.0702,0.0662,-0.0229,-4.012132,1.554339,-1.113201,27771464,979
-0.2669,2.9311,-9.6367,0.0698,0.0972,-0.0109,-4.093052,1.564371,-1.109537,27781510,980
0.1827,2.7454,-8.6643,0.0548,0.1486,0.0014,-4.093052,1.564371,-1.109537,27792010,980
0.3349,-0.508,-8.4832,-0.0061,0.0626,-0.021,-4.093052,1.564371,-1.109537,27802510,980
0.279,-2.0853,-11.4352,0.0019,0.1152,-0.013,-4.093052,1.564371,-1.109537,27813010,980
0.4095,-0.4543,-10.7203,-0.0029,0.1335,-0.0113,-4.093052,1.564371,-1.109537,27823510,980
0.0689,-0.0568,-11.1049,0.0389,0.1553,-0.0121,-4.093052,1.564371,-1.109537,27834010,980
-1.3526,0.5977,-10.9656,0.0361,0.1636,-0.0069,-4.093052,1.564371,-1.109537,27844510,980
-0.1604,0.719,-8.8325,0.0415,0.1731,0.0005,-4.093052,1.564371,-1.109537,27855010,980
0.5332,1.0394,-8.3746,0.0765,0.1973,-0.0039,-4.093052,1.564371,-1.109537,27865510,980
0.1975,-0.9693,-8.2768,0.0777,0.1515,-0.0023,-4.093052,1.564371,-1.109537,27876010,980
0.0453,-0.881,-9.5446,0.0966,0.125,0.0061,-4.163369,1.575272,-1.103905,27886054,981
0.4167,-0.2914,-10.1406,0.1123,0.0916,0.002,-4.163369,1.575272,-1.103905,27896554,981
0.6534,0.1224,-11.1553,0.1226,0.0511,0.0027,-4.163369,1.575272,-1.103905,27906585,981
-0.0995,0.6128,-11.5186,0.1218,0.0604,0.004,-4.163369,1.575272,-1.103905,27917085,981
-1.1125,0.5321,-9.7223,0.131,0.0757,0.0057,-4.163369,1.575272,-1.103905,27927585,981
-0.7793,0.5134,-9.7577,0.1388,0.0906,0.0037,-4.163369,1.575272,-1.103905,27938085,981
-0.7638,1.1696,-10.1527,0.1496,0.1295,0.0052,-4.163369,1.575272,-1.103905,27948585,981
-0.0731,-0.9439,-8.0845,0.1329,0.1305,0.0014,-4.163369,1.575272,-1.103905,27959085,981
0.1253,-1.6223,-9.051,0.1322,0.1492,0,-4.163369,1.575272,-1.103905,27969585,981
0.3545,-1.611,-8.863,0.1485,0.1888,-0.0027,-4.163369,1.575272,-1.103905,27980085,981
0.8404,-0.4587,-9.1127,0.1525,0.1956,0.0044,-4.163369,1.575272,-1.103905,27990585,981
-1.0627,1.4245,-11.4744,0.1537,0.1985,0.0059,-4.163369,1.575272,-1.103905,28001085,981
-0.6389,1.4319,-11.7947,0.1409,0.177,0.0058,-4.163369,1.575272,-1.103905,28011585,981
0.3687,2.0451,-11.0858,0.1423,0.1519,0.0089,-4.238003,1.58893,-1.100813,28021631,982
0.3583,1.5418,-9.7242,0.1346,0.1197,0.0105,-4.238003,1.58893,-1.100813,28032131,982
-0.5118,-0.3504,-9.1076,0.0665,0.0749,-0.0192,-4.238003,1.58893,-1.100813,28042631,982
0.3338,-2.6264,-9.1411,0.1277,0.1156,0.0099,-4.238003,1.58893,-1.100813,28053131,982
0.2693,-1.4575,-9.4849,0.1356,0.0495,-0.01,-4.238003,1.58893,-1.100813,28063631,982
0.0337,-1.1487,-8.8555,0.1412,0.0581,-0.0061,-4.238003,1.58893,-1.100813,28074131,982
0.009,0.0995,-10.2782,0.1731,0.0761,0.0051,-4.238003,1.58893,-1.100813,28084631,982
-0.0076,2.4307,-11.6882,0.1855,0.0193,0.0081,-4.238003,1.58893,-1.100813,28095131,982
-0.0872,2.1423,-11.124,0.1841,0.005,0.0122,-4.238003,1.58893,-1.100813,28105631,982
0.0158,3.1429,-10.2519,0.1173,-0.0726,-0.0125,-4.238003,1.58893,-1.100813,28116131,982
-0.3746,0.3414,-9.7965,0.1705,-0.0606,-0.0125,-4.238003,1.58893,-1.100813,28126631,982
-0.5249,1.0273,-9.9668,0.1862,-0.0505,-0.008,-4.238003,1.58893,-1.100813,28137131,982
0.7054,-1.8244,-8.9567,0.1894,-0.0372,-0.0037,-4.238003,1.58893,-1.100813,28147631,982
-0.441,-4.0628,-9.5372,0.1628,-0.0231,-0.0082,-4.238003,1.58893,-1.100813,28158131,982
-0.1433,-3.9551,-9.5043,0.1495,-0.0511,-0.0072,-4.238003,1.58893,-1.100813,28168631,982
-0.1318,-1.6859,-10.5183,0.185,0.0277,0.0086,-4.238003,1.58893,-1.100813,28179131,982
-0.9923,2.0524,-10.2719,0.1267,-0.018,-0.009,-4.238003,1.58893,-1.100813,28189631,982
-0.0082,1.7806,-9.5918,0.0975,-0.0177,0.0016,-4.238003,1.58893,-1.100813,28200131,982
0.1777,1.2766,-8.9918,0.0493,-0.0481,-0.0026,-4.238003,1.58893,-1.100813,28210631,982
0.224,-0.383,-8.7666,0.0176,-0.0575,0.0087,-4.238003,1.58893,-1.100813,28221131,982
-0.035,-0.7247,-10.6807,-0.0061,-0.0747,-0.0002,-4.238003,1.58893,-1.100813,28231631,982
0.4421,0.2322,-10.9795,-0.0191,-0.086,-0.0084,-4.238003,1.58893,-1.100813,28242131,982
-0.4478,1.2838,-11.3106,-0.0271,-0.0726,-0.0018,-4.315383,1.588408,-1.101992,28252178,983
-0.5035,0.8558,-10.7474,-0.0517,-0.0702,-0.007,-4.358668,1.596577,-1.097568,28262224,984
0.0982,0.9596,-10.6497,-0.0758,-0.1453,-0.0243,-4.358668,1.596577,-1.097568,28272724,984
0.7442,1.7462,-10.7287,-0.0868,-0.1652,-0.0116,-4.358668,1.596577,-1.097568,28283224,984
0.1446,-1.4312,-8.1262,-0.1091,-0.2636,-0.0099,-4.358668,1.596577,-1.097568,28293724,984
-0.1855,-3.1092,-9.1986,-0.1146,-0.2903,-0.0084,-4.358668,1.596577,-1.097568,28304224,984
0.1654,-2.9001,-9.8828,-0.0977,-0.3791,-0.0115,-4.358668,1.596577,-1.097568,28314724,984
0.193,-1.9964,-9.9792,-0.1203,-0.4345,-0.0078,-4.358668,1.596577,-1.097568,28325224,984
-0.7827,0.164,-10.4377,-0.127,-0.4528,-0.0128,-4.358668,1.596577,-1.097568,28335724,984
-0.5749,-0.3993,-10.5386,-0.134,-0.4674,-0.0058,-4.411395,1.583434,-1.106516,28345769,985
-0.6415,-0.8618,-10.8805,-0.1024,-0.4657,-0.0064,-4.411395,1.583434,-1.106516,28356269,985
-0.8431,-1.2741,-11.3942,-0.1409,-0.4586,-0.0065,-4.411395,1.583434,-1.106516,28366769,985
-0.1328,0.0343,-10.7119,-0.1624,-0.4569,-0.0077,-4.411395,1.583434,-1.106516,28377269,985
-1.3672,1.0466,-10.7266,-0.0505,-0.283,0.0075,-4.411395,1.583434,-1.106516,28387769,985
-1.7177,1.3112,-11.0165,-0.095,-0.2454,-0.0045,-4.411395,1.583434,-1.106516,28398269,985
-0.5952,0.1883,-11.5646,-0.1242,-0.1612,0.0033,-4.411395,1.583434,-1.106516,28408769,985
-1.197,-0.0974,-10.7809,-0.0985,-0.0551,0.007,-4.411395,1.583434,-1.106516,28419269,985
-0.8216,0.7224,-10.4037,-0.0999,0.0556,0.0152,-4.411395,1.583434,-1.106516,28429769,985
-0.7416,1.3919,-10.5973,-0.1304,0.0746,-0.0078,-4.411395,1.583434,-1.106516,28440269,985
-0.855,-0.254,-9.2384,-0.1248,0.1368,-0.004,-4.411395,1.583434,-1.106516,28450769,985
0.4513,-1.1445,-7.488,-0.133,0.175,0.0035,-4.411395,1.583434,-1.106516,28461269,985
0.5211,-1.4687,-7.6811,-0.1271,0.181,-0.0054,-4.411395,1.583434,-1.106516,28471769,985
-0.4985,-1.6861,-9.4371,-0.141,0.2026,-0.0134,-4.411395,1.583434,-1.106516,28482269,985
0.55,1.5607,-10.5261,-0.1405,0.1732,-0.0064,-4.411395,1.583434,-1.106516,28492769,985
0.5881,0.9868,-10.4928,-0.116,0.1889,0.0111,-4.411395,1.583434,-1.106516,28503269,985
-0.6231,1.7293,-10.5112,-0.1318,0.1679,0.0052,-4.411395,1.583434,-1.106516,28513769,985
0.0541,-0.2203,-8.5897,-0.0981,0.148,0.0179,-4.411395,1.583434,-1.106516,28524269,985
0.46,-1.2189,-8.486,-0.112,0.0511,-0.0027,-4.411395,1.583434,-1.106516,28534769,985
0.281,-3.4456,-8.7618,-0.1058,0.0308,-0.0016,-4.411395,1.583434,-1.106516,28545269,985
-0.0888,0.8879,-10.5318,-0.0716,0.0296,0.0119,-4.411395,1.583434,-1.106516,28555769,985
-0.3338,2.9837,-10.5589,-0.075,-0.0505,0.0096,-4.411395,1.583434,-1.106516,28566269,985
-0.3762,3.9148,-10.0383,-0.0294,0.0226,0.0063,-4.471744,1.577914,-1.106924,28576313,986
0.2384,0.7124,-9.1271,-0.0886,0.0131,-0.0048,-4.471744,1.577914,-1.106924,28586813,986
0.7642,0.4022,-9.0148,-0.0589,-0.0229,-0.0182,-4.471744,1.577914,-1.106924,28596842,986
0.3043,-1.8155,-9.2019,-0.0479,0.0148,-0.0025,-4.471744,1.577914,-1.106924,28607342,986
0.4058,-1.0435,-8.9886,-0.0291,-0.0098,-0.0001,-4.471744,1.577914,-1.106924,28617345,986
-0.2194,-2.2412,-10.3979,-0.043,-0.0883,-0.0124,-4.471744,1.577914,-1.106924,28627845,986
-0.236,0.1031,-10.127,-0.0081,-0.1078,-0.0071,-4.471744,1.577914,-1.106924,28638345,986
0.1426,1.1342,-8.9635,-0.0245,-0.1598,-0.0128,-4.471744,1.577914,-1.106924,28648845,986
-0.0777,1.8823,-8.6385,-0.0104,-0.1749,-0.0058,-4.471744,1.577914,-1.106924,28659345,986
-0.2238,1.6416,-9.8431,-0.0485,-0.234,-0.022,-4.471744,1.577914,-1.106924,28669845,986
0.3536,1.6974,-9.3879,-0.0394,-0.2105,-0.0215,-4.471744,1.577914,-1.106924,28680345,986
1.1505,1.1103,-8.9707,-0.0031,-0.1768,-0.0107,-4.471744,1.577914,-1.106924,28690845,986
0.3006,-1.9921,-10.2498,-0.0377,-0.2303,-0.0249,-4.471744,1.577914,-1.106924,28701345,986
0.1493,-1.7577,-9.4522,-0.0269,-0.2362,-0.0203,-4.564571,1.561706,-1.109592,28711389,987
0.0115,-1.043,-10.6655,-0.0086,-0.185,-0.022,-4.564571,1.561706,-1.109592,28721889,987
-0.3437,0.5009,-11.2568,-0.0199,-0.1227,-0.0123,-4.564571,1.561706,-1.109592,28732389,987
-0.2324,-0.0094,-10.6766,-0.0324,-0.0454,-0.0137,-4.564571,1.561706,-1.109592,28742889,987
-0.038,0.7723,-11.3603,-0.0596,0.0505,-0.0189,-4.564571,1.561706,-1.109592,28753389,987
-0.6252,2.318,-11.0718,-0.0773,0.1364,-0.0166,-4.564571,1.561706,-1.109592,28763889,987
-0.7333,2.1387,-11.0449,-0.0798,0.1998,-0.021,-4.564571,1.561706,-1.109592,28774389,987
0.3864,2.4345,-10.952,-0.1093,0.2707,-0.017,-4.564571,1.561706,-1.109592,28784889,987
-0.0895,-0.3077,-9.1774,-0.1038,0.3406,-0.0038,-4.564571,1.561706,-1.109592,28795389,987
-0.4975,1.2872,-9.7843,-0.099,0.3819,-0.0019,-4.635912,1.535956,-1.113994,28805942,988
0.2375,-0.0863,-10.0798,-0.0991,0.3672,-0.0117,-4.635912,1.535956,-1.113994,28816442,988
0.6726,0.0708,-9.1932,-0.1131,0.3562,-0.0106,-4.635912,1.535956,-1.113994,28826942,988
-0.1507,-3.2994,-9.4771,-0.1047,0.4251,0.0038,-4.635912,1.535956,-1.113994,28837442,988
-0.783,-0.3321,-11.0933,-0.1531,0.437,-0.005,-4.635912,1.535956,-1.113994,28847942,988
-0.3249,-0.5661,-10.8596,-0.1731,0.3941,-0.0106,-4.635912,1.535956,-1.113994,28858442,988
-1.1902,-0.6689,-9.6336,-0.1629,0.4486,-0.0032,-4.635912,1.535956,-1.113994,28868942,988
-0.1113,0.2972,-8.3433,-0.2016,0.467,0.0034,-4.635912,1.535956,-1.113994,28879442,988
0.1916,0.093,-7.9922,-0.1984,0.4672,-0.0043,-4.635912,1.535956,-1.113994,28889942,988
-0.0347,-1.4762,-9.1791,-0.196,0.4564,-0.0106,-4.635912,1.535956,-1.113994,28900442,988
0.5178,1.2291,-10.9384,-0.2092,0.4132,-0.0071,-4.635912,1.535956,-1.113994,28910942,988
0.4412,2.1607,-10.4889,-0.1849,0.3652,-0.0141,-4.635912,1.535956,-1.113994,28921442,988
-0.5692,2.4182,-10.2248,-0.1317,0.3602,-0.0069,-4.635912,1.535956,-1.113994,28931942,988
-0.7632,1.3984,-9.7328,-0.1239,0.3083,-0.0201,-4.681825,1.524975,-1.112653,28941986,989
0.0263,-0.6438,-8.8952,-0.0875,0.3191,0.0033,-4.681825,1.524975,-1.112653,28952486,989
0.795,-2.6728,-8.0498,-0.0365,0.3103,0.0041,-4.681825,1.524975,-1.112653,28962515,989
0.7266,-2.7663,-8.2502,-0.0414,0.2524,0.0016,-4.681825,1.524975,-1.112653,28973015,989
-0.4534,-1.2527,-10.324,-0.022,0.1772,0.0038,-4.681825,1.524975,-1.112653,28983515,989
-0.4629,3.174,-10.7827,-0.0223,0.1732,0.0081,-4.681825,1.524975,-1.112653,28994015,989
-0.2267,3.2375,-10.5272,-0.0203,0.1222,-0.0058,-4.681825,1.524975,-1.112653,29004515,989
0.6968,1.6999,-8.732,-0.0124,0.0677,-0.0078,-4.681825,1.524975,-1.112653,29015015,989
0.2314,-2.7494,-9.7035,-0.0318,0.0195,-0.0176,-4.681825,1.524975,-1.112653,29025515,989
0.4157,-1.6423,-9.5679,-0.0072,0.0361,-0.0079,-4.681825,1.524975,-1.112653,29036015,989
0.25,-1.0413,-11.1212,-0.0199,-0.0019,-0.0104,-4.749395,1.51243,-1.115892,29046059,990
0.0917,-0.2961,-11.4267,-0.0294,-0.0294,-0.0142,-4.749395,1.51243,-1.115892,29056559,990
-0.9383,0.3277,-11.6891,-0.0062,0.0159,-0.007,-4.749395,1.51243,-1.115892,29067059,990
-0.5322,0.715,-11.1101,-0.0283,0.022,-0.0181,-4.749395,1.51243,-1.115892,29077559,990
0.123,1.3001,-11.2172,-0.0229,0.0462,-0.0235,-4.749395,1.51243,-1.115892,29088059,990
-1.0432,1.2268,-9.3369,-0.0597,0.0855,-0.0261,-4.749395,1.51243,-1.115892,29098559,990
-0.3658,-1.1157,-9.0047,-0.0286,0.1278,-0.0136,-4.749395,1.51243,-1.115892,29109059,990
0.4097,-1.8819,-9.3291,-0.0212,0.1362,-0.0208,-4.749395,1.51243,-1.115892,29119559,990
0.553,-3.4779,-7.9393,-0.0395,0.1404,-0.0233,-4.749395,1.51243,-1.115892,29130059,990
-1.1317,-2.6939,-9.872,-0.0076,0.1553,-0.028,-4.749395,1.51243,-1.115892,29140559,990
-0.5226,0.627,-11.4943,0.0588,0.1143,-0.0181,-4.749395,1.51243,-1.115892,29151059,990
0.16,0.8196,-10.1759,-0.0182,0.0598,-0.0236,-4.749395,1.51243,-1.115892,29161559,990
-0.3088,1.3434,-8.6978,-0.0203,0.0427,-0.0177,-4.749395,1.51243,-1.115892,29172059,990
-0.2262,0.4672,-9.0125,-0.0261,0.0506,-0.0193,-4.790983,1.498908,-1.114477,29182103,991
0.7393,0.6842,-8.6765,-0.0191,0.0872,-0.0064,-4.790983,1.498908,-1.114477,29192603,991
0.9364,0.3454,-8.0328,-0.0263,0.0156,-0.0078,-4.790983,1.498908,-1.114477,29202634,991
-0.0706,0.1191,-9.8189,-0.0486,-0.076,-0.0031,-4.790983,1.498908,-1.114477,29213134,991
0.0024,1.4827,-10.9384,-0.0655,-0.0807,0,-4.790983,1.498908,-1.114477,29223634,991
0.5955,1.9681,-10.2064,-0.0653,-0.1645,-0.0178,-4.790983,1.498908,-1.114477,29234134,991
0.5195,1.4414,-9.2227,-0.0732,-0.1755,-0.0155,-4.790983,1.498908,-1.114477,29244634,991
-0.1697,-2.2844,-9.1833,-0.0594,-0.1803,-0.0095,-4.790983,1.498908,-1.114477,29255134,991
0.2526,-2.5321,-10.6227,-0.0179,-0.2508,-0.0163,-4.790983,1.498908,-1.114477,29265634,991
0.3921,-1.7964,-10.714,-0.0642,-0.2406,-0.0211,-4.790983,1.498908,-1.114477,29276134,991
-0.2681,-0.5236,-9.8625,-0.0102,-0.1999,-0.0042,-4.790983,1.498908,-1.114477,29286634,991
-1.2789,0.5226,-10.1938,-0.0027,-0.1801,-0.0062,-4.790983,1.498908,-1.114477,29297134,991
-1.0846,0.5409,-10.7006,0.0033,-0.1819,-0.0027,-4.790983,1.498908,-1.114477,29307634,991
0.0546,0.5207,-8.782,0.0329,-0.1704,-0.0123,-4.790983,1.498908,-1.114477,29318134,991
-0.3447,-0.447,-8.1994,0.0542,-0.1635,-0.0106,-4.790983,1.498908,-1.114477,29328634,991
-1.0831,-0.594,-8.6718,0.0691,-0.165,-0.0134,-4.790983,1.498908,-1.114477,29339134,991
0.2986,-1.1584,-8.5789,0.0951,-0.1521,-0.0135,-4.790983,1.498908,-1.114477,29349634,991
0.465,-0.5339,-9.151,0.0754,-0.1334,-0.0229,-4.790983,1.498908,-1.114477,29360134,991
-0.1801,-2.5757,-8.6286,0.0833,-0.1316,-0.0214,-4.790983,1.498908,-1.114477,29370634,991
-0.2171,1.2131,-10.7799,0.0717,-0.112,-0.0145,-4.790983,1.498908,-1.114477,29381134,991
0.0777,4.1357,-10.5932,0.0961,-0.1006,-0.0055,-4.790983,1.498908,-1.114477,29391634,991
-0.3668,2.3114,-9.8329,0.0466,-0.0898,-0.0112,-4.790983,1.498908,-1.114477,29402134,991
0.1511,3.8062,-10.2826,0.0695,-0.113,-0.0034,-4.790983,1.498908,-1.114477,29412634,991
0.8562,2.5513,-9.3896,0.1792,-0.0141,0.0335,-4.790983,1.498908,-1.114477,29423134,991
0.7038,0.8592,-8.8044,0.014,-0.1746,-0.0075,-4.790983,1.498908,-1.114477,29433634,991
0.63,-1.4987,-9.8763,0.0943,-0.1298,0.0009,-4.790983,1.498908,-1.114477,29444134,991
-0.0126,-0.9164,-11.2982,0.0764,-0.1468,-0.0033,-4.790983,1.498908,-1.114477,29454634,991
-0.2339,0.0066,-11.3173,0.0585,-0.1703,-0.0147,-4.880894,1.492069,-1.11625,29464729,993
0.4102,0.4954,-10.6729,0.0769,-0.1625,-0.0132,-4.880894,1.492069,-1.11625,29475229,993
0.3791,-0.0538,-11.0174,0.067,-0.1637,-0.0116,-4.880894,1.492069,-1.11625,29485729,993
-0.5148,0.8902,-11.3199,0.0878,-0.2107,-0.0149,-4.880894,1.492069,-1.11625,29496229,993
-0.8128,2.3232,-10.5096,0.1039,-0.2419,-0.0149,-4.880894,1.492069,-1.11625,29506729,993
-0.4236,1.9048,-9.7452,0.1528,-0.3087,-0.0135,-4.880894,1.492069,-1.11625,29517229,993
0.1116,-2.1791,-7.9585,0.1809,-0.3398,-0.0065,-4.880894,1.492069,-1.11625,29527729,993
0.1373,-2.1771,-8.1516,0.2199,-0.3538,-0.0012,-4.880894,1.492069,-1.11625,29538229,993
0.1512,-1.408,-7.816,0.2434,-0.3691,0.0021,-4.880894,1.492069,-1.11625,29548729,993
0.2138,-0.9313,-9.2183,0.2684,-0.3772,-0.0062,-4.880894,1.492069,-1.11625,29559229,993
0.7573,-0.9526,-9.9653,0.267,-0.3752,-0.0168,-4.880894,1.492069,-1.11625,29569729,993
0.3729,-2.5812,-8.9012,0.2743,-0.3649,-0.0095,-4.880894,1.492069,-1.11625,29580229,993
-0.7383,1.3805,-11.0617,0.2981,-0.283,0.0081,-4.880894,1.492069,-1.11625,29590729,993
-0.1502,2.8049,-10.6868,0.2342,-0.2893,-0.0095,-4.880894,1.492069,-1.11625,29601229,993
-0.3256,-0.1789,-10.3739,0.2134,-0.3153,-0.0246,-4.880894,1.492069,-1.11625,29611729,993
-0.313,3.977,-10.5696,0.2399,-0.2334,-0.0151,-4.880894,1.492069,-1.11625,29622229,993
-0.7254,3.2009,-9.8364,0.1722,-0.2428,-0.0274,-4.905863,1.484762,-1.111537,29632273,994
-0.9054,2.9861,-10.3818,0.0863,-0.2439,-0.0419,-4.905863,1.484762,-1.111537,29642773,994
0.2173,2.4503,-9.6843,0.0786,-0.1467,-0.0303,-4.905863,1.484762,-1.111537,29652778,994
-0.2868,1.589,-9.1133,0.1013,-0.0636,-0.016,-4.905863,1.484762,-1.111537,29663278,994
-1.3262,2.1163,-9.1731,0.1177,-0.0041,-0.0075,-4.905863,1.484762,-1.111537,29673308,994
-0.9866,1.9355,-10.1152,0.0289,-0.0167,-0.0251,-4.905863,1.484762,-1.111537,29683808,994
0.4285,0.8829,-8.4042,0.0555,0.0208,-0.0051,-4.905863,1.484762,-1.111537,29694308,994
0.0288,-0.2023,-7.9806,0.0246,0.0161,-0.0059,-4.905863,1.484762,-1.111537,29704808,994
0.3522,0.1128,-9.3003,0.0212,0.0447,-0.0037,-4.905863,1.484762,-1.111537,29715308,994
0.8616,-0.3579,-8.2899,0.0156,0.0454,-0.0049,-4.905863,1.484762,-1.111537,29725808,994
0.8096,-1.7809,-9.2758,0.014,0.0753,0.0011,-4.928358,1.493483,-1.111457,29735852,995
0.1798,-1.6503,-8.0479,0.0152,0.0813,-0.0004,-4.928358,1.493483,-1.111457,29745860,995
0.3689,0.1693,-9.4138,0.0279,0.1005,-0.0059,-4.928358,1.493483,-1.111457,29756360,995
0.5364,0.6541,-11.1899,0.0222,0.0921,-0.0149,-4.928358,1.493483,-1.111457,29766361,995
0.8989,-1.0447,-9.4581,0.0528,0.1015,0.0043,-4.928358,1.493483,-1.111457,29776861,995
0.0226,0.7817,-10.9164,0.0503,0.0806,0.0043,-4.928358,1.493483,-1.111457,29787361,995
-0.5658,2.5106,-11.7306,0.0736,0.0738,-0.0016,-4.928358,1.493483,-1.111457,29797861,995
-0.0723,1.3549,-11.2533,0.0594,0.0921,-0.0004,-4.928358,1.493483,-1.111457,29808361,995
-0.1258,0.8004,-10.7283,0.0692,0.0882,-0.0017,-4.928358,1.493483,-1.111457,29818861,995
-0.9955,1.0663,-10.3337,0.0625,0.1007,-0.0068,-4.928358,1.493483,-1.111457,29829361,995
-0.1249,1.2421,-9.8659,0.0514,0.1041,-0.0084,-4.928358,1.493483,-1.111457,29839861,995
-0.26,0.0023,-9.718,0.0175,0.0788,-0.0178,-4.928358,1.493483,-1.111457,29850361,995
0.087,-1.6609,-8.6288,0.0573,0.1016,-0.0036,-4.928358,1.493483,-1.111457,29860861,995
0.2786,-0.5772,-8.4962,0.0588,0.1124,-0.0003,-4.947665,1.507192,-1.108784,29870905,996
-0.0374,-1.6317,-8.625,0.0725,0.1167,0.0052,-4.947665,1.507192,-1.108784,29881405,996
0.0748,-2.6387,-9.0914,0.0335,0.0991,0.006,-4.947665,1.507192,-1.108784,29891905,996
0.3667,-2.6879,-8.3025,0.111,0.1297,0.0168,-4.947665,1.507192,-1.108784,29902405,996
0.1891,-1.5065,-9.3079,0.0805,0.0862,-0.0106,-4.947665,1.507192,-1.108784,29912905,996
-0.6588,0.3614,-10.3389,0.1017,0.094,0.0072,-4.947665,1.507192,-1.108784,29923405,996
0.1817,-1.5166,-8.9702,0.115,0.0701,-0.0043,-4.947665,1.507192,-1.108784,29933905,996
0.5282,-0.7024,-10.2171,0.1701,0.0959,0.0062,-4.947665,1.507192,-1.108784,29944405,996
0.4037,1.5166,-11.1179,0.1351,0.0429,0.0037,-4.947665,1.507192,-1.108784,29954905,996
-0.5748,1.9899,-10.5778,0.154,0.0044,-0.003,-4.947665,1.507192,-1.108784,29965405,996
-0.8018,1.5345,-11.3502,0.1685,0.0055,-0.0042,-4.947665,1.507192,-1.108784,29975905,996
-0.0174,0.9352,-11.1605,0.1733,0.0164,-0.0022,-4.947665,1.507192,-1.108784,29986405,996
-0.0144,1.2706,-10.5851,0.1905,0.0318,0.0061,-4.947665,1.507192,-1.108784,29996905,996
-0.6069,2.532,-11.0676,0.2058,0.0754,0.0177,-4.947665,1.507192,-1.108784,30007405,996
-0.5956,1.9545,-10.7121,0.1554,0.0779,0.0059,-4.947665,1.507192,-1.108784,30017905,996
0.1528,0.4964,-10.1512,0.149,0.0874,-0.002,-4.947665,1.507192,-1.108784,30028405,996
0.317,1.8446,-10.181,0.0928,0.0776,-0.0071,-4.947665,1.507192,-1.108784,30038905,996
-0.5276,-0.2967,-8.9245,0.1297,0.148,0.0178,-4.947665,1.507192,-1.108784,30049405,996
0.0895,-2.0237,-9.5786,0.0581,0.0812,-0.0195,-4.947665,1.507192,-1.108784,30059905,996
0.5484,-1.4824,-8.9928,0.0516,0.1156,-0.0046,-4.947665,1.507192,-1.108784,30070405,996
-0.0144,-3.5182,-8.0957,0.0237,0.1361,-0.0021,-4.947665,1.507192,-1.108784,30080905,996
-0.65,-1.7808,-9.9716,0.0097,0.1189,-0.0065,-4.98216,1.502497,-1.109702,30090949,997
-0.0149,-2.4062,-9.8276,-0.0204,0.1182,-0.0055,-4.98216,1.502497,-1.109702,30101449,997
0.077,-1.0049,-9.6781,-0.0234,0.1251,-0.002,-4.98216,1.502497,-1.109702,30111480,997
-0.2185,-1.7418,-9.7403,-0.0413,0.1016,-0.0031,-4.98216,1.502497,-1.109702,30121980,997
-0.1377,0.7084,-10.043,-0.0512,0.0418,0.0009,-4.98216,1.502497,-1.109702,30132480,997
0.335,2.5212,-10.042,-0.0575,-0.0422,-0.0088,-4.98216,1.502497,-1.109702,30142980,997
-0.3311,2.7884,-10.0734,-0.1107,-0.1145,-0.0215,-4.98216,1.502497,-1.109702,30153480,997
-0.0103,3.5463,-9.526,-0.0889,-0.0717,0.0078,-4.98216,1.502497,-1.109702,30163980,997
0.5939,-0.6477,-9.3932,-0.1129,-0.1682,-0.0117,-4.98216,1.502497,-1.109702,30174480,997
0.1535,0.931,-9.5503,-0.1286,-0.2105,-0.0097,-4.98216,1.502497,-1.109702,30184980,997
0.807,-1.1403,-9.0928,-0.139,-0.222,-0.0143,-5.014182,1.497838,-1.108348,30195030,998
1.3328,0.8742,-9.1975,-0.1233,-0.2267,-0.0145,-5.031646,1.493695,-1.106925,30205083,999
0.1711,-1.3234,-9.725,-0.1173,-0.196,-0.0077,-5.031646,1.493695,-1.106925,30215583,999
0.1656,1.0145,-9.2543,-0.0737,-0.1708,0.0043,-5.031646,1.493695,-1.106925,30225619,999
0.1539,0.5072,-10.2026,-0.114,-0.1342,0.0079,-5.031646,1.493695,-1.106925,30236119,999
-0.0449,2.8871,-11.0663,-0.1027,-0.0288,0.0052,-5.031646,1.493695,-1.106925,30246619,999
0.6782,2.6951,-9.5873,-0.099,0.0103,0.0083,-5.031646,1.493695,-1.106925,30257119,999
-0.1453,1.717,-9.8578,-0.129,0.0612,-0.0069,-5.031646,1.493695,-1.106925,30267619,999
-0.8242,3.4804,-10.8232,-0.1367,0.0561,-0.0162,-5.031646,1.493695,-1.106925,30278119,999
0.5406,3.5279,-10.4439,-0.1302,0.1419,-0.008,-5.031646,1.493695,-1.106925,30288619,999
0.1789,2.4066,-10.1469,-0.1163,0.1825,-0.0079,-5.031646,1.493695,-1.106925,30299119,999
-0.0082,2.0972,-9.8372,-0.0802,0.2308,0.0011,-5.031646,1.493695,-1.106925,30309619,999
0.0284,3.0214,-10.4624,-0.0651,0.2934,0.0041,-5.031646,1.493695,-1.106925,30320119,999
-0.2133,2.9931,-10.6349,-0.1111,0.2512,-0.0027,-5.053811,1.481017,-1.111388,30330171,1000
0.0963,2.5767,-10.0495,-0.0955,0.2663,0.0177,-5.053811,1.481017,-1.111388,30340671,1000
0.5482,0.1819,-9.5797,-0.1312,0.1926,-0.0023,-5.053811,1.481017,-1.111388,30351171,1000
0.4491,0.4851,-10.0795,-0.119,0.1924,0.0108,-5.053811,1.481017,-1.111388,30361671,1000
0.5981,-0.8936,-8.5976,-0.1358,0.1564,0.0141,-5.053811,1.481017,-1.111388,30372171,1000
-0.2453,-2.8285,-8.9576,-0.11,0.1952,0.02,-5.053811,1.481017,-1.111388,30382671,1000
0.0332,-3.0753,-9.7325,-0.16,0.11,0.0025,-5.053811,1.481017,-1.111388,30393171,1000
0.6919,-3.5338,-9.0371,-0.1419,0.1217,0.0138,-5.053811,1.481017,-1.111388,30403671,1000
-0.3391,-0.0456,-9.6704,-0.1303,0.127,0.0166,-5.053811,1.481017,-1.111388,30414171,1000
-0.8906,1.072,-10.0844,-0.1101,0.1643,0.0326,-5.065559,1.478896,-1.116858,30424215,1001
-0.2815,0.0761,-10.1846,-0.129,0.152,0.0241,-5.065559,1.478896,-1.116858,30434715,1001
0.5318,0.8861,-10.3174,-0.0977,0.1266,0.0155,-5.065559,1.478896,-1.116858,30444718,1001
0.5557,1.4266,-9.9807,-0.09,0.1002,0.0129,-5.065559,1.478896,-1.116858,30455218,1001
-0.6046,2.3367,-10.4577,-0.0951,0.062,0.0051,-5.065559,1.478896,-1.116858,30465718,1001
-0.465,-0.0785,-10.53,-0.0874,0.0604,0.0114,-5.065559,1.478896,-1.116858,30476218,1001
-0.1635,0.0541,-10.9963,-0.053,0.0992,0.0279,-5.065559,1.478896,-1.116858,30486718,1001
0.1395,-0.7878,-7.7838,-0.0531,0.0652,0.0228,-5.065559,1.478896,-1.116858,30497218,1001
-1.0217,-0.331,-8.7381,-0.0412,0.0649,0.0164,-5.065559,1.478896,-1.116858,30507718,1001
-1.203,0.1506,-9.3533,-0.0276,0.069,0.0202,-5.065559,1.478896,-1.116858,30518218,1001
0.7286,0.3219,-8.1432,-0.0198,0.0558,0.0219,-5.065559,1.478896,-1.116858,30528718,1001
0.8683,-0.2509,-9.4319,0.0006,0.0087,0.0128,-5.065559,1.478896,-1.116858,30539218,1001
0.2566,-0.1559,-9.4574,0.0317,0.0194,0.0239,-5.090387,1.427635,-1.134324,30549264,1002
0.1983,-1.2852,-10.5719,0.0303,0.0406,0.0344,-5.090387,1.427635,-1.134324,30559764,1002
0.8405,-0.8994,-10.311,-0.0447,0.0134,0.0099,-5.090387,1.427635,-1.134324,30570264,1002
-0.0393,-3.089,-10.0858,-0.0547,0.0028,0.003,-5.090387,1.427635,-1.134324,30580764,1002
-0.3427,-0.694,-9.8301,-0.1009,0.0518,0.0176,-5.090387,1.427635,-1.134324,30591264,1002
-0.3266,-0.4064,-10.1704,-0.1748,-0.0054,0.0008,-5.090387,1.427635,-1.134324,30601764,1002
-1.0768,1.054,-9.1432,-0.204,0.0019,0.012,-5.090387,1.427635,-1.134324,30612264,1002
0.8266,0.7664,-8.7519,-0.2489,-0.0178,0.0145,-5.090387,1.427635,-1.134324,30622764,1002
0.8662,0.3944,-8.2221,-0.3104,-0.0462,0.0132,-5.090387,1.427635,-1.134324,30633264,1002
-0.0629,-0.3297,-9.1114,-0.3488,-0.02,0.0151,-5.090387,1.427635,-1.134324,30643764,1002
0.221,0.203,-10.7649,-0.3649,-0.0136,0.0155,-5.121845,1.404824,-1.134318,30653822,1003
1.1071,0.1538,-10.4652,-0.3393,-0.0135,0.012,-5.121845,1.404824,-1.134318,30663851,1003
0.4542,-1.1732,-10.1591,-0.383,-0.027,0.0035,-5.121845,1.404824,-1.134318,30674351,1003
0.1098,-2.2087,-9.4852,-0.3587,0.0645,0.0342,-5.121845,1.404824,-1.134318,30684380,1003
-0.4858,-0.907,-10.0552,-0.3253,0.0839,0.0445,-5.121845,1.404824,-1.134318,30694880,1003
-0.5904,-1.7548,-10.3911,-0.3118,0.0857,0.0297,-5.121845,1.404824,-1.134318,30705380,1003
-0.1949,-1.7346,-9.6301,-0.3207,0.0754,0.0292,-5.121845,1.404824,-1.134318,30715880,1003
-0.503,2.3589,-9.488,-0.2347,0.1577,0.0464,-5.121845,1.404824,-1.134318,30726380,1003
-0.835,1.0053,-10.0008,-0.2423,0.1669,0.0294,-5.121845,1.404824,-1.134318,30736880,1003
0.3657,1.9506,-10.2347,-0.2192,0.1538,0.028,-5.121845,1.404824,-1.134318,30747380,1003
0.1273,1.135,-10.3587,-0.2093,0.1276,0.0219,-5.121845,1.404824,-1.134318,30757880,1003
-0.2595,2.1748,-10.9577,-0.1864,0.1236,0.0254,-5.121845,1.404824,-1.134318,30768380,1003
-0.5725,0.5886,-9.9015,-0.1512,0.1148,0.0273,-5.121845,1.404824,-1.134318,30778880,1003
0.3611,-1.142,-8.6284,-0.1204,0.0867,0.0324,-5.134604,1.412629,-1.112081,30788924,1004
0.0393,-0.6817,-9.0984,-0.1017,0.0778,0.0321,-5.134604,1.412629,-1.112081,30799424,1004
-0.2872,2.4831,-8.3957,-0.1034,0.0569,0.0239,-5.134604,1.412629,-1.112081,30809924,1004
-0.8063,2.4781,-9.9073,-0.045,0.0238,0.0164,-5.134604,1.412629,-1.112081,30820424,1004
-0.1452,2.957,-10.8057,-0.0312,0.0024,0.0095,-5.134604,1.412629,-1.112081,30830924,1004
0.6993,1.6446,-10.4489,0.0472,0.0299,0.0283,-5.134604,1.412629,-1.112081,30841424,1004
0.7827,1.1853,-11.0291,0.1047,-0.0026,0.0151,-5.134604,1.412629,-1.112081,30851924,1004
0.3534,1.9698,-11.0836,0.1485,-0.0018,0.0151,-5.134604,1.412629,-1.112081,30862424,1004
-1.0746,1.4257,-11.024,0.1975,-0.0074,0.0168,-5.134604,1.412629,-1.112081,30872924,1004
-0.5934,-0.0532,-11.4436,0.2424,-0.0345,0.0063,-5.134604,1.412629,-1.112081,30883424,1004
-0.4421,-1.3593,-11.6982,0.2551,-0.0453,0.0143,-5.13947,1.401906,-1.111321,30893470,1005
0.2989,-1.837,-10.4525,0.2722,-0.0849,0.006,-5.13947,1.401906,-1.111321,30903473,1005
0.8932,-3.0589,-9.7039,0.3018,-0.0379,0.0239,-5.13947,1.401906,-1.111321,30913973,1005
-0.2519,-3.6568,-9.7659,0.3144,-0.0056,0.0209,-5.13947,1.401906,-1.111321,30924473,1005
-0.3505,-3.6099,-8.8119,0.3257,-0.0434,0.0189,-5.13947,1.401906,-1.111321,30934973,1005
-0.4333,-2.7316,-9.3952,0.3336,-0.0663,0.011,-5.13947,1.401906,-1.111321,30945473,1005
-0.1278,-1.4137,-9.6299,0.3317,-0.0852,0.0054,-5.13947,1.401906,-1.111321,30955973,1005
0.2298,-1.4526,-8.8402,0.3113,-0.1109,0.0134,-5.13947,1.401906,-1.111321,30966473,1005
-0.2018,-2.0153,-9.1167,0.2846,-0.1274,0.0163,-5.13947,1.401906,-1.111321,30976973,1005
0.4522,-2.1496,-8.3719,0.2562,-0.1497,0.0075,-5.13947,1.401906,-1.111321,30987473,1005
0.9653,-0.6838,-8.4778,0.2722,-0.1247,0.0162,-5.13947,1.401906,-1.111321,30997973,1005
0.2218,-0.5028,-8.389,0.2129,-0.1243,0.0028,-5.13947,1.401906,-1.111321,31008473,1005
-0.7605,-0.0813,-8.3371,0.1982,-0.1319,-0.0031,-5.142398,1.385056,-1.107968,31018517,1006
-1.1131,0.3194,-8.7255,0.1791,-0.115,0.0029,-5.142398,1.385056,-1.107968,31029017,1006
0.326,0.1178,-9.1026,0.1679,-0.0948,0.0108,-5.142398,1.385056,-1.107968,31039517,1006
1.0095,-0.7739,-8.1256,0.1422,-0.0852,0.0174,-5.142398,1.385056,-1.107968,31050017,1006
0.2171,0.1057,-8.4436,0.1326,-0.1123,0.0128,-5.142398,1.385056,-1.107968,31060517,1006
0.24,1.3171,-9.8034,0.1419,-0.1207,0.0099,-5.142398,1.385056,-1.107968,31071017,1006
1.0869,0.4773,-9.2777,0.1593,-0.118,0.0164,-5.142398,1.385056,-1.107968,31081517,1006
-0.1209,2.4836,-9.6425,0.1176,-0.122,-0.0039,-5.142398,1.385056,-1.107968,31092017,1006
0.5541,1.2286,-9.9897,0.1292,-0.0957,0.0072,-5.142398,1.385056,-1.107968,31102517,1006
1.502,-0.0208,-9.315,0.1431,-0.1206,0.0101,-5.142398,1.385056,-1.107968,31113017,1006
0.6027,2.6209,-10.0758,0.1311,-0.1521,-0.0001,-5.142398,1.385056,-1.107968,31123517,1006
-0.6334,1.2703,-9.956,0.1487,-0.1076,0.0241,-5.142398,1.385056,-1.107968,31134017,1006
0.2067,-0.9739,-10.0618,0.0784,-0.1276,0.0023,-5.142398,1.385056,-1.107968,31144517,1006
0.6462,0.9399,-11.1324,0.1206,-0.0936,0.0069,-5.142398,1.385056,-1.107968,31155017,1006
-0.0254,-0.4171,-8.9007,0.1255,-0.0682,0.0197,-5.142398,1.385056,-1.107968,31165517,1006
-0.956,-0.8187,-9.5336,0.1082,-0.0906,0.0196,-5.142398,1.385056,-1.107968,31176017,1006
-0.8067,0.5968,-10.5883,0.1027,-0.0657,0.013,-5.142398,1.385056,-1.107968,31186517,1006
0.1408,-0.3292,-8.4259,0.0761,-0.0853,0.0148,-5.142398,1.385056,-1.107968,31197017,1006
-0.1084,-1.496,-8.2844,0.086,-0.0655,0.0133,-5.142398,1.385056,-1.107968,31207517,1006
0.1513,0.0694,-9.1943,0.0575,-0.0573,0.0208,-5.142398,1.385056,-1.107968,31218017,1006
-0.1938,1.2838,-8.2159,0.0371,-0.0573,0.0197,-5.142398,1.385056,-1.107968,31228517,1006
0.2481,0.0366,-8.7653,0.0312,-0.0535,0.0156,-5.142398,1.385056,-1.107968,31239017,1006
0.6757,1.408,-8.6977,-0.0216,-0.0923,0.0019,-5.142398,1.385056,-1.107968,31249517,1006
1.4572,1.0152,-8.3359,-0.014,-0.0329,0.0316,-5.134192,1.380815,-1.102183,31259569,1007
0.036,-0.0926,-10.0705,-0.0039,-0.0643,0.0226,-5.125761,1.362404,-1.102604,31269720,1008
-0.7296,2.1115,-9.6778,0.0101,-0.0303,0.0365,-5.125761,1.362404,-1.102604,31280220,1008
-0.7847,1.9217,-10.4214,0.0332,-0.0267,0.0472,-5.125761,1.362404,-1.102604,31290720,1008
-0.9192,1.1495,-11.0653,0.0333,-0.1032,0.0223,-5.125761,1.362404,-1.102604,31301220,1008
0.0441,1.837,-10.5696,0.0297,-0.0964,0.0377,-5.125761,1.362404,-1.102604,31311720,1008
0.6052,1.2382,-10.3176,0.0617,-0.1302,0.0269,-5.125761,1.362404,-1.102604,31322220,1008
0.6422,-1.2473,-9.2755,-0.0049,-0.1802,0.0034,-5.125761,1.362404,-1.102604,31332720,1008
0.0562,-1.1479,-9.2785,0.0235,-0.1694,0.0138,-5.125761,1.362404,-1.102604,31343220,1008
-0.2479,-0.6863,-9.642,0.0387,-0.188,0.0138,-5.125761,1.362404,-1.102604,31353720,1008
-0.259,-0.3887,-9.0166,0.0354,-0.1857,0.0144,-5.125761,1.362404,-1.102604,31364220,1008
0.1073,0.4424,-8.6713,0.0185,-0.2179,0.0114,-5.125761,1.362404,-1.102604,31374720,1008
0.1608,1.1147,-8.8674,0.0171,-0.194,0.0147,-5.125761,1.362404,-1.102604,31385220,1008
-0.3514,1.3002,-9.7337,0.0122,-0.2069,0.0134,-5.125761,1.362404,-1.102604,31395720,1008
-0.0239,0.5309,-9.4111,0.0195,-0.2215,0.0122,-5.125761,1.362404,-1.102604,31406220,1008
-0.2367,1.7841,-10.1483,0.0093,-0.2194,0.0083,-5.125761,1.362404,-1.102604,31416720,1008
-0.4439,0.7549,-9.9103,-0.0293,-0.1915,-0.0009,-5.125761,1.362404,-1.102604,31427220,1008
-0.5518,1.3082,-10.3768,-0.0075,-0.1908,-0.0011,-5.125761,1.362404,-1.102604,31437720,1008
0.0398,1.9599,-10.818,-0.0031,-0.114,0.0182,-5.125761,1.362404,-1.102604,31448220,1008
0.426,-0.3467,-9.2383,0.0034,-0.1583,0.0138,-5.125761,1.362404,-1.102604,31458720,1008
-0.5096,1.4708,-10.3218,0.0187,-0.0868,0.0245,-5.125761,1.362404,-1.102604,31469220,1008
-0.6376,1.7611,-11.0578,-0.042,-0.0971,0.0134,-5.125761,1.362404,-1.102604,31479720,1008
0.2673,0.2109,-9.7963,-0.0216,-0.0338,0.0215,-5.125761,1.362404,-1.102604,31490220,1008
0.7411,0.5245,-10.2333,-0.0387,-0.0025,0.0205,-5.125761,1.362404,-1.102604,31500720,1008
-0.1738,0.8298,-10.6033,-0.0694,0.0115,0.0102,-5.125761,1.362404,-1.102604,31511220,1008
0.0197,0.4235,-10.233,-0.0548,0.036,0.018,-5.125761,1.362404,-1.102604,31521720,1008
0.2856,-0.6813,-10.6372,-0.073,0.0298,0.0207,-5.125761,1.362404,-1.102604,31532220,1008
0.0296,-1.5914,-10.0008,-0.0705,0.0555,0.0181,-5.125761,1.362404,-1.102604,31542720,1008
-0.2595,-1.9869,-10.2662,-0.0681,0.0612,0.0102,-5.125761,1.362404,-1.102604,31553220,1008
-0.7738,-1.0123,-10.4583,-0.0612,0.0802,0.0042,-5.125761,1.362404,-1.102604,31563720,1008
-0.032,0.469,-9.0779,-0.0921,0.0604,0.0036,-5.125761,1.362404,-1.102604,31574220,1008
0.3111,-1.5099,-9.1917,-0.0284,0.085,0.0193,-5.118507,1.352873,-1.114685,31584272,1009
0.0978,-1.9884,-9.2184,-0.068,0.0549,0.011,-5.112836,1.341282,-1.120417,31594318,1010
-0.339,0.2388,-9.0506,-0.0434,0.0729,0.0137,-5.112836,1.341282,-1.120417,31604818,1010
0.0186,-0.673,-9.4765,-0.0262,0.0738,0.0171,-5.112836,1.341282,-1.120417,31614822,1010
0.9924,-1.3691,-9.8369,-0.0059,0.0744,0.0061,-5.112836,1.341282,-1.120417,31625322,1010
1.1638,-0.4343,-9.2298,0.0186,0.0783,0.0115,-5.112836,1.341282,-1.120417,31635358,1010
0.253,0.6798,-9.2244,0.0337,0.0868,0.0096,-5.112836,1.341282,-1.120417,31645858,1010
0.2168,-1.4465,-10.3125,0.0288,0.0996,0.0052,-5.112836,1.341282,-1.120417,31656358,1010
0.7929,-1.4822,-9.6645,0.0658,0.109,0.0178,-5.112836,1.341282,-1.120417,31666858,1010
0.364,-1.6742,-9.1398,0.0604,0.1179,0.0124,-5.112836,1.341282,-1.120417,31677358,1010
-0.6753,-1.9663,-9.0746,0.0502,0.1189,0.0124,-5.112836,1.341282,-1.120417,31687858,1010
0.2273,-2.1058,-9.1451,0.0023,0.0777,0.0146,-5.112836,1.341282,-1.120417,31698358,1010
1.0109,-2.6069,-8.3216,0.0616,0.121,0.024,-5.112836,1.341282,-1.120417,31708858,1010
0.5941,-0.8847,-8.2105,0.0406,0.1003,0.0141,-5.108177,1.314652,-1.138233,31718954,1012
-0.6324,0.3057,-8.1797,0.0278,0.1094,0.0107,-5.108177,1.314652,-1.138233,31729454,1012
-0.4765,0.5671,-8.8413,0.0345,0.0857,-0.0042,-5.108177,1.314652,-1.138233,31739954,1012
0.9903,-0.1379,-9.4846,0.0004,0.064,0.0019,-5.108177,1.314652,-1.138233,31750454,1012
0.7568,-1.2898,-9.2506,-0.0191,0.0374,0.004,-5.108177,1.314652,-1.138233,31760954,1012
0.4054,-1.5061,-9.3798,-0.05,0.0208,-0.0019,-5.108177,1.314652,-1.138233,31771454,1012
-0.5143,-1.2711,-10.5522,-0.0494,0.0377,-0.0002,-5.108177,1.314652,-1.138233,31781954,1012
0.075,-0.1508,-9.3494,-0.061,0.0379,0.003,-5.108177,1.314652,-1.138233,31792454,1012
0.067,-1.3861,-8.6177,-0.0476,0.0582,-0.0044,-5.108177,1.314652,-1.138233,31802954,1012
-0.4913,2.8374,-10.4446,-0.093,0.003,-0.0254,-5.108177,1.314652,-1.138233,31813454,1012
0.0746,1.8325,-10.6683,-0.115,0.0178,0.0089,-5.108177,1.314652,-1.138233,31823954,1012
0.2908,0.3489,-10.1122,-0.1081,0.0331,0.0088,-5.108177,1.314652,-1.138233,31834454,1012
-0.4835,-0.1579,-9.3005,-0.1057,0.0194,0.0042,-5.108177,1.314652,-1.138233,31844954,1012
-0.5141,-0.5726,-9.0174,-0.1056,0.0395,0.0079,-5.108177,1.314652,-1.138233,31855454,1012
-0.009,-1.0544,-9.0582,-0.0979,0.0257,0.0091,-5.108177,1.314652,-1.138233,31865954,1012
0.5122,0.0519,-8.215,-0.0946,0.0435,0.0091,-5.108177,1.314652,-1.138233,31876454,1012
-0.0928,1.494,-9.3558,-0.0802,0.034,0.0014,-5.108177,1.314652,-1.138233,31886954,1012
0.3474,1.8092,-9.7727,-0.1014,0.0064,-0.0182,-5.108177,1.314652,-1.138233,31897454,1012
0.7904,-0.766,-10.0051,-0.0621,0.0273,-0.0043,-5.108177,1.314652,-1.138233,31907954,1012
-0.4666,-1.3192,-8.696,-0.0691,0.0339,0.0076,-5.108177,1.314652,-1.138233,31918454,1012
-0.3435,-0.3504,-9.213,-0.0477,0.0081,0.0086,-5.108177,1.314652,-1.138233,31928954,1012
-0.0062,-1.9066,-9.7642,-0.0162,0.0309,0.0068,-5.105905,1.29508,-1.146202,31939004,1013
0.1654,-1.3164,-9.2286,0.007,0.0654,0.003,-5.105905,1.29508,-1.146202,31949504,1013
0.2133,-0.39,-8.0301,0.0099,0.0368,0.003,-5.105905,1.29508,-1.146202,31959505,1013
-0.2577,0.6563,-9.2941,0.0277,0.0364,-0.0029,-5.105905,1.29508,-1.146202,31970005,1013
0.1861,1.8922,-9.2924,0.0587,0.028,0.0047,-5.105905,1.29508,-1.146202,31980505,1013
1.4751,0.3362,-8.6333,0.0673,-0.0039,-0.0047,-5.105905,1.29508,-1.146202,31991005,1013
-0.3369,-1.5854,-9.7391,0.0582,-0.0538,-0.0006,-5.105905,1.29508,-1.146202,32001505,1013
-0.3087,0.5301,-10.1178,0.1235,0.0259,0.0176,-5.105905,1.29508,-1.146202,32012005,1013
0.6662,-2.7225,-9.0291,0.0915,-0.0208,0.0027,-5.105905,1.29508,-1.146202,32022505,1013
0.3788,-2.5275,-8.3609,0.1057,-0.0294,-0.0064,-5.105905,1.29508,-1.146202,32033005,1013
-0.4643,-1.406,-8.2854,0.0715,-0.0182,0.0056,-5.102141,1.276024,-1.140941,32043051,1014
-0.4208,-0.1445,-9.2244,0.0885,-0.0205,0.0041,-5.102141,1.276024,-1.140941,32053551,1014
-0.1683,-0.8301,-8.8896,0.0683,-0.0264,-0.0077,-5.102141,1.276024,-1.140941,32064051,1014
0.6114,-0.0142,-8.7406,0.052,-0.0088,0.0024,-5.102141,1.276024,-1.140941,32074551,1014
0.5444,0.8564,-9.0502,0.0159,-0.0121,0.006,-5.102141,1.276024,-1.140941,32085051,1014
0.3625,1.5765,-9.5264,0.0154,-0.0354,0.0045,-5.102141,1.276024,-1.140941,32095551,1014
0.6692,-0.2426,-10.3537,-0.0265,-0.0534,0.0074,-5.102141,1.276024,-1.140941,32106051,1014
0.757,-1.8162,-10.082,-0.0082,-0.046,0.0114,-5.102141,1.276024,-1.140941,32116551,1014
0.6866,-1.0348,-10.0171,-0.0407,-0.0197,0.0066,-5.102141,1.276024,-1.140941,32127051,1014
-0.6127,-1.7428,-10.166,-0.085,-0.0044,0.0048,-5.102141,1.276024,-1.140941,32137551,1014
0.0377,-1.9187,-9.9203,-0.008,0.0445,0.0155,-5.102141,1.276024,-1.140941,32148051,1014
0.3824,-2.7164,-9.4312,-0.0924,-0.0018,-0.009,-5.102141,1.276024,-1.140941,32158551,1014
0.0856,-2.3759,-8.4658,-0.0459,-0.0054,0.0064,-5.09787,1.259092,-1.13672,32169097,1015
-0.3295,-2.1147,-8.5118,-0.062,0.0414,0.0081,-5.09787,1.259092,-1.13672,32179597,1015
-0.839,-0.9478,-9.1807,-0.0489,0.0229,0.0051,-5.09787,1.259092,-1.13672,32190097,1015
0.1658,-1.0514,-8.6766,-0.0513,0.0544,-0.0019,-5.09787,1.259092,-1.13672,32200597,1015
0.9492,-0.5227,-7.9714,-0.0288,0.0464,-0.0034,-5.09787,1.259092,-1.13672,32211097,1015
-0.2297,1.0353,-8.9928,-0.0114,0.0532,0.001,-5.09787,1.259092,-1.13672,32221597,1015
-0.2295,2.0041,-9.2814,-0.0019,0.0788,0.0116,-5.09787,1.259092,-1.13672,32232097,1015
0.7439,1.8323,-10.192,0.0454,0.0312,0.004,-5.09787,1.259092,-1.13672,32242597,1015
0.618,-0.943,-10.0513,0.017,-0.0263,0.007,-5.09787,1.259092,-1.13672,32253097,1015
0.2641,-0.2181,-9.2184,-0.0145,0.0169,0.0124,-5.09787,1.259092,-1.13672,32263597,1015
-0.4064,0.3074,-10.0645,-0.0076,-0.021,0.0011,-5.098683,1.241398,-1.136425,32273642,1016
-0.6361,0.978,-11.264,0.0029,-0.0121,-0.0036,-5.098683,1.241398,-1.136425,32283644,1016
0.2161,-0.2578,-10.063,0.0334,-0.0052,0.0093,-5.098683,1.241398,-1.136425,32294144,1016
0.2152,-1.9075,-8.48,0.0046,-0.0407,0.0043,-5.098683,1.241398,-1.136425,32304644,1016
-0.5995,-0.5686,-9.2866,0.0094,-0.0155,-0.0038,-5.098683,1.241398,-1.136425,32315144,1016
-1.0397,0.8262,-9.66,0.0201,0.0171,0.015,-5.098683,1.241398,-1.136425,32325644,1016
-0.3617,1.5951,-9.5486,-0.0144,-0.0061,0.0046,-5.098683,1.241398,-1.136425,32336144,1016
-0.1363,0.8743,-9.5473,-0.0103,0.0708,0.008,-5.098683,1.241398,-1.136425,32346644,1016
0.0399,1.4443,-9.5463,-0.0345,0.0228,0.0146,-5.098683,1.241398,-1.136425,32357144,1016
-0.0644,2.8745,-10.3176,-0.0234,0.0321,0.0159,-5.098683,1.241398,-1.136425,32367644,1016
-0.1224,2.5286,-10.3303,-0.0863,0.0035,0.0008,-5.098683,1.241398,-1.136425,32378144,1016
0.6856,1.771,-10.484,-0.0757,0.033,0.0009,-5.098683,1.241398,-1.136425,32388644,1016
0.4056,-0.0431,-10.0325,-0.051,0.058,0.001,-5.098683,1.241398,-1.136425,32399144,1016
-1.0039,1.1445,-9.9156,-0.054,0.0496,0.0096,-5.098683,1.241398,-1.136425,32409644,1016
-0.7417,-0.2442,-9.777,-0.0347,0.0434,0.0171,-5.098683,1.241398,-1.136425,32420144,1016
0.5691,-0.5487,-8.566,-0.0478,0.017,0.0015,-5.098683,1.241398,-1.136425,32430644,1016
0.4331,0.636,-8.4499,-0.0023,0.0149,0.0076,-5.098683,1.241398,-1.136425,32441144,1016
-0.4691,2.4564,-8.9595,-0.0631,-0.0213,0.0018,-5.098683,1.241398,-1.136425,32451644,1016
0.4917,1.1261,-10.3209,-0.0616,-0.0173,0.0022,-5.096443,1.217581,-1.135734,32461691,1017
0.263,2.3299,-10.8891,-0.0266,-0.0262,0.0112,-5.093252,1.176871,-1.147152,32471753,1018
0.7714,1.9484,-10.7304,-0.0259,-0.0271,0.0079,-5.093252,1.176871,-1.147152,32481783,1018
0.0658,0.4465,-9.7476,-0.0302,-0.022,0.0068,-5.093252,1.176871,-1.147152,32492283,1018
-0.8052,1.5003,-10.8557,-0.0297,0.0044,0.0091,-5.093252,1.176871,-1.147152,32502311,1018
-0.4668,0.214,-10.7925,-0.0378,0.0074,0.0005,-5.093252,1.176871,-1.147152,32512811,1018
0.0712,-0.6002,-10.1672,-0.0924,0.0028,-0.0055,-5.093252,1.176871,-1.147152,32523311,1018
-0.6813,-0.6782,-9.7,-0.1151,0.0443,0.0047,-5.093252,1.176871,-1.147152,32533811,1018
-0.8562,1.5764,-8.9051,-0.1288,0.0798,0.0093,-5.093252,1.176871,-1.147152,32544311,1018
-0.5583,1.2043,-9.5619,-0.145,0.0715,0.0023,-5.093252,1.176871,-1.147152,32554811,1018
0.051,1.1567,-9.6009,-0.1812,0.1105,-0.0017,-5.093252,1.176871,-1.147152,32565311,1018
0.705,1.8292,-9.0114,-0.1693,0.1251,0.006,-5.093252,1.176871,-1.147152,32575811,1018
-0.0396,2.6166,-10.0795,-0.1738,0.1051,-0.0054,-5.093252,1.176871,-1.147152,32586311,1018
-0.1648,0.5854,-10.7544,-0.2031,0.0908,-0.0127,-5.093252,1.176871,-1.147152,32596811,1018
0.853,-1.6954,-8.1926,-0.1678,0.098,-0.0005,-5.093252,1.176871,-1.147152,32607311,1018
0.446,-0.8043,-8.7347,-0.1522,0.0987,0.0105,-5.093252,1.176871,-1.147152,32617811,1018
-0.5553,1.1481,-8.9432,-0.1397,0.0491,0.0021,-5.087034,1.179316,-1.125268,32628355,1019
-0.3181,1.7278,-9.1109,-0.0786,0.04,0.0175,-5.087034,1.179316,-1.125268,32638855,1019
0.9496,0.6102,-9.3517,-0.0789,-0.0032,0.0101,-5.087034,1.179316,-1.125268,32649355,1019
0.5789,-0.4929,-9.5857,-0.0495,0.0051,0,-5.087034,1.179316,-1.125268,32659855,1019
0.146,1.8342,-10.0026,0.0019,0.0026,0.0117,-5.087034,1.179316,-1.125268,32670355,1019
-0.5861,-0.6387,-9.8404,0.0079,-0.0069,0.0026,-5.087034,1.179316,-1.125268,32680855,1019
0.2703,-1.1762,-9.1381,0.0416,-0.0398,0.0085,-5.087034,1.179316,-1.125268,32691355,1019
0.0722,-0.0734,-10.0253,0.0578,-0.0461,0.0089,-5.087034,1.179316,-1.125268,32701855,1019
-0.5713,1.5368,-9.1214,0.0696,-0.0254,0.0115,-5.087034,1.179316,-1.125268,32712355,1019
-0.7971,2.3385,-10.4332,0.0836,-0.0439,0.0059,-5.087034,1.179316,-1.125268,32722855,1019
-0.7312,1.5486,-10.8979,0.0997,-0.0532,-0.0049,-5.078438,1.165769,-1.118362,32732901,1020
0.0864,0.2671,-10.1368,0.1161,-0.0373,0.0002,-5.078438,1.165769,-1.118362,32743401,1020
0.556,-0.1007,-9.8116,0.1552,-0.0307,0.0031,-5.078438,1.165769,-1.118362,32753901,1020
0.8435,1.054,-10.5739,0.1271,-0.0354,0.0004,-5.078438,1.165769,-1.118362,32764401,1020
0.6048,0.4116,-9.6903,0.1368,-0.0398,0.0064,-5.078438,1.165769,-1.118362,32774901,1020
-0.0917,0.1381,-10.6185,0.1267,-0.0018,0.0035,-5.078438,1.165769,-1.118362,32785401,1020
0.8703,-1.8877,-9.9872,0.1112,-0.021,-0.0021,-5.078438,1.165769,-1.118362,32795901,1020
0.9418,-0.7861,-9.9197,0.0824,-0.0359,-0.0092,-5.078438,1.165769,-1.118362,32806401,1020
0.0983,-2.1745,-9.3207,0.0888,-0.0337,-0.012,-5.078438,1.165769,-1.118362,32816901,1020
-0.1819,-1.9213,-8.6607,0.1036,-0.0052,0.0054,-5.078438,1.165769,-1.118362,32827401,1020
-0.776,-0.4157,-10.1511,0.1225,-0.0097,0.015,-5.078438,1.165769,-1.118362,32837901,1020
-0.2303,-0.5786,-8.8764,0.1261,-0.01,0.0093,-5.078438,1.165769,-1.118362,32848401,1020
0.7668,-0.4452,-8.385,0.1165,-0.0453,0.0156,-5.078438,1.165769,-1.118362,32858901,1020
0.6497,0.4157,-8.7139,0.1228,-0.0588,0.0126,-5.078438,1.165769,-1.118362,32869401,1020
0.5155,1.9053,-9.5336,0.1158,-0.108,-0.0031,-5.078438,1.165769,-1.118362,32879901,1020
0.1427,-1.8736,-9.7192,0.1175,-0.0964,0.0062,-5.078438,1.165769,-1.118362,32890401,1020
0.0024,-1.2576,-9.9822,0.1187,-0.0663,0.01,-5.078438,1.165769,-1.118362,32900901,1020
0.7428,-2.5966,-8.2952,0.1158,-0.086,0.0091,-5.078438,1.165769,-1.118362,32911401,1020
-0.3769,-0.9212,-8.4843,0.0892,-0.1019,0.0013,-5.078438,1.165769,-1.118362,32921901,1020
-0.7153,-0.4312,-8.6795,0.0993,-0.0845,0.0009,-5.078438,1.165769,-1.118362,32932401,1020
0.4692,0.0705,-9.0035,0.0812,-0.0909,-0.0039,-5.078438,1.165769,-1.118362,32942901,1020
0.8905,-0.9123,-9.9844,0.0565,-0.099,-0.0076,-5.078438,1.165769,-1.118362,32953401,1020
0.628,-0.7389,-9.7872,0.0913,-0.059,0.0146,-5.070732,1.144168,-1.120498,32963452,1021
0.2128,0.9438,-10.012,0.0809,-0.0947,0.0041,-5.070732,1.144168,-1.120498,32973483,1021
0.1485,-0.9196,-9.8593,0.0522,-0.0835,0.0034,-5.070732,1.144168,-1.120498,32983983,1021
0.4717,-3.1837,-8.622,0.0667,-0.0573,-0.0081,-5.070732,1.144168,-1.120498,32994483,1021
0.2432,-1.2455,-9.807,0.1002,-0.0067,-0.011,-5.070732,1.144168,-1.120498,33004983,1021
-0.6925,-0.2289,-8.6372,0.1564,0.0295,0.002,-5.070732,1.144168,-1.120498,33015483,1021
-0.0846,-0.0277,-8.7425,0.1778,0.0362,0.0007,-5.070732,1.144168,-1.120498,33025983,1021
-0.3387,0.2639,-10.1388,0.1878,0.049,-0.0033,-5.070732,1.144168,-1.120498,33036483,1021
0.6883,2.3572,-9.2487,0.21,0.0212,-0.0106,-5.070732,1.144168,-1.120498,33046983,1021
-0.3401,2.0575,-10.422,0.2633,0.0489,0.0052,-5.070732,1.144168,-1.120498,33057483,1021
-0.4138,2.4243,-11.3894,0.294,0.0894,0.0096,-5.070732,1.144168,-1.120498,33067983,1021
0.888,0.4465,-10.5959,0.2706,0.0081,0.0049,-5.070732,1.144168,-1.120498,33078483,1021
-0.2654,-0.7148,-9.7968,0.2686,-0.0124,-0.0023,-5.070732,1.144168,-1.120498,33088983,1021
-0.9194,-0.1025,-10.3008,0.2476,-0.0221,-0.0038,-5.06226,1.125614,-1.116549,33099027,1022
-1.0258,0.4841,-10.4322,0.2129,-0.0274,0.0037,-5.06226,1.125614,-1.116549,33109527,1022
-0.6527,-0.3568,-11.7301,0.1926,-0.0306,-0.0006,-5.06226,1.125614,-1.116549,33120027,1022
-0.6059,-0.5048,-10.1383,0.1679,-0.0215,-0.0009,-5.06226,1.125614,-1.116549,33130527,1022
-0.1073,-0.5072,-9.7784,0.1401,-0.0025,0.0007,-5.06226,1.125614,-1.116549,33141027,1022
-0.1321,-1.2358,-10.2648,0.0413,-0.095,-0.0338,-5.06226,1.125614,-1.116549,33151527,1022
-0.5566,1.455,-9.8845,0.0492,-0.0408,-0.016,-5.06226,1.125614,-1.116549,33162027,1022
-0.6854,0.214,-9.8904,0.0773,-0.0402,-0.0041,-5.06226,1.125614,-1.116549,33172527,1022
-0.0499,1.0576,-10.8064,0.0725,-0.0447,-0.0076,-5.06226,1.125614,-1.116549,33183027,1022
0.9871,1.8503,-10.2837,0.0135,-0.0615,-0.0069,-5.06226,1.125614,-1.116549,33193527,1022
0.3579,1.0525,-10.3398,0.0512,-0.0522,0.0068,-5.054771,1.109364,-1.119755,33203573,1023
-0.3323,1.5189,-10.8778,0.041,-0.0341,0.0033,-5.054771,1.109364,-1.119755,33213574,1023
-0.1386,1.725,-10.4794,0.0282,-0.0311,0.0138,-5.054771,1.109364,-1.119755,33224074,1023
1.1367,0.008,-10.622,0.0164,-0.0188,0.0057,-5.054771,1.109364,-1.119755,33234574,1023
0.5361,-1.7468,-10.4605,0.0004,-0.0145,-0.0028,-5.054771,1.109364,-1.119755,33245074,1023
0.4831,-0.4519,-9.999,-0.0327,0.022,0.0008,-5.054771,1.109364,-1.119755,33255574,1023
0.0094,-0.6886,-9.8078,0.0063,0.063,-0.003,-5.054771,1.109364,-1.119755,33266074,1023
0.3311,-2.5506,-9.7384,-0.0565,0.0745,-0.0126,-5.054771,1.109364,-1.119755,33276574,1023
0.5672,-2.1237,-9.5861,-0.0258,0.1059,0.011,-5.054771,1.109364,-1.119755,33287074,1023
-0.1175,-2.3052,-8.0455,-0.048,0.0453,-0.0059,-5.054771,1.109364,-1.119755,33297574,1023
-0.7632,-0.6501,-9.2867,-0.0131,0.044,-0.003,-5.054771,1.109364,-1.119755,33308074,1023
-0.062,-1.3764,-8.7705,-0.0172,0.0415,-0.0034,-5.054771,1.109364,-1.119755,33318574,1023
1.2437,-0.6405,-8.0281,-0.0598,0.0135,-0.0039,-5.045236,1.090209,-1.114532,33328626,1024
0.4196,-0.2302,-7.9704,-0.0669,0.0219,-0.0084,-5.045236,1.090209,-1.114532,33339126,1024
0.5696,1.0729,-9.0084,-0.0846,0.0049,-0.0134,-5.045236,1.090209,-1.114532,33349626,1024
0.5455,1.1639,-10.3352,-0.0802,-0.0129,-0.0158,-5.045236,1.090209,-1.114532,33360126,1024
0.0578,1.9258,-10.3029,-0.0655,0.0796,0.0007,-5.045236,1.090209,-1.114532,33370626,1024
0.7017,-0.2258,-9.5715,-0.0954,-0.0257,-0.0153,-5.045236,1.090209,-1.114532,33381126,1024
0.6143,-1.0076,-10.1407,-0.0416,0.02,0.0019,-5.045236,1.090209,-1.114532,33391626,1024
-0.2008,0.5335,-10.1813,-0.0801,-0.0209,-0.0176,-5.045236,1.090209,-1.114532,33402126,1024
-0.872,-0.8537,-8.935,-0.0755,-0.0263,-0.0154,-5.045236,1.090209,-1.114532,33412626,1024
-0.0983,-1.4001,-10.1942,-0.0676,-0.0363,-0.0094,-5.045236,1.090209,-1.114532,33423126,1024
0.5498,-1.2455,-9.1145,-0.067,-0.0666,-0.0042,-5.045236,1.090209,-1.114532,33433626,1024
-0.1469,1.0716,-7.899,-0.0739,-0.0865,-0.005,-5.045236,1.090209,-1.114532,33444126,1024
-0.9839,1.4675,-9.6377,-0.0662,-0.073,-0.0126,-5.045236,1.090209,-1.114532,33454626,1024
0.3109,2.0886,-10.1516,-0.0882,-0.0755,-0.0107,-5.045236,1.090209,-1.114532,33465126,1024
1.1775,1.2527,-9.5007,-0.0904,-0.074,-0.0149,-5.045236,1.090209,-1.114532,33475626,1024
0.1741,1.8482,-9.7561,-0.1019,-0.0505,-0.0201,-5.045236,1.090209,-1.114532,33486126,1024
-0.4367,3.4793,-10.9119,-0.1692,-0.0533,-0.0283,-5.045236,1.090209,-1.114532,33496626,1024
0.6494,0.1089,-10.6462,-0.1102,-0.0046,-0.0002,-5.045236,1.090209,-1.114532,33507126,1024
0.5558,0.329,-10.4411,-0.1136,-0.0451,-0.0044,-5.045236,1.090209,-1.114532,33517626,1024
-0.1575,-0.52,-9.7425,-0.1272,-0.0228,-0.0038,-5.045236,1.090209,-1.114532,33528126,1024
-0.5914,-0.3284,-9.771,-0.1273,-0.0474,-0.0065,-5.045236,1.090209,-1.114532,33538626,1024
-0.7041,-0.3957,-10.2835,-0.1345,-0.0623,-0.0118,-5.045236,1.090209,-1.114532,33549126,1024
-0.365,-1.1238,-9.2647,-0.1331,-0.0648,-0.0077,-5.031592,1.058319,-1.114187,33559170,1025
0.0044,-1.4659,-9.7776,-0.1233,-0.0736,-0.0201,-5.031592,1.058319,-1.114187,33569670,1025
-0.6485,1.0726,-9.8295,-0.0711,-0.0139,-0.0195,-5.031592,1.058319,-1.114187,33579699,1025
-0.5753,-0.6484,-9.6075,-0.0646,-0.0312,-0.0103,-5.031592,1.058319,-1.114187,33590199,1025
0.6048,-0.1516,-8.8882,0.0262,-0.0261,-0.0056,-5.031592,1.058319,-1.114187,33600699,1025
0.5361,1.359,-10.597,0.1133,-0.0108,-0.0001,-5.031592,1.058319,-1.114187,33611199,1025
0.2939,1.5798,-9.4241,0.1141,-0.0515,-0.0151,-5.031592,1.058319,-1.114187,33621699,1025
0.6369,0.2336,-9.8584,0.1935,0.0467,0.0058,-5.031592,1.058319,-1.114187,33632199,1025
0.316,-2.1672,-10.5895,0.1834,-0.0329,-0.0139,-5.031592,1.058319,-1.114187,33642699,1025
0.7648,0.0811,-10.2798,0.1638,-0.06,-0.0225,-5.031592,1.058319,-1.114187,33653199,1025
-0.2098,0.6908,-10.0042,0.1846,-0.047,-0.0205,-5.013401,0.996538,-1.115947,33663243,1026
-0.9472,1.4704,-11.0325,0.2066,-0.0198,-0.0177,-5.013401,0.996538,-1.115947,33673743,1026
0.2798,-0.8193,-9.9414,0.1858,-0.0155,-0.0132,-5.013401,0.996538,-1.115947,33684243,1026
0.6113,-2.0328,-9.533,0.1524,-0.0499,-0.0189,-5.013401,0.996538,-1.115947,33694743,1026
-0.1651,-1.3947,-9.4154,0.0663,-0.0548,-0.0225,-5.013401,0.996538,-1.115947,33705243,1026
-1.27,0.1995,-8.6238,0.002,-0.0728,-0.0186,-5.013401,0.996538,-1.115947,33715743,1026
-1.3637,-0.3268,-9.8035,-0.0823,-0.0933,-0.0289,-5.013401,0.996538,-1.115947,33726243,1026
-0.9029,-0.5781,-9.5542,-0.1544,-0.0771,-0.0282,-5.013401,0.996538,-1.115947,33736743,1026
0.7173,-1.2123,-7.4056,-0.2176,-0.067,-0.0201,-5.013401,0.996538,-1.115947,33747243,1026
0.014,-1.9614,-8.836,-0.2726,-0.0674,-0.0243,-5.013401,0.996538,-1.115947,33757743,1026
0.2275,0.5553,-8.5289,-0.3328,-0.0585,-0.0294,-5.013401,0.996538,-1.115947,33768243,1026
0.2972,1.0576,-9.548,-0.3489,-0.0584,-0.0189,-5.013401,0.996538,-1.115947,33778743,1026
-0.2087,1.2557,-9.8217,-0.375,-0.1011,-0.0231,-5.01295,0.996078,-1.112853,33788789,1027
0.2472,1.8641,-9.7271,-0.3878,-0.0968,-0.0238,-5.01295,0.996078,-1.112853,33798818,1027
1.1325,1.8456,-9.4361,-0.3442,-0.0472,-0.0152,-5.01295,0.996078,-1.112853,33809318,1027
-0.0898,1.7845,-10.1382,-0.2659,-0.0245,-0.0144,-5.01295,0.996078,-1.112853,33819349,1027
-0.5038,2.1156,-10.7879,-0.2559,-0.0443,-0.0228,-5.01295,0.996078,-1.112853,33829849,1027
0.4386,0.0669,-10.8127,-0.2034,-0.007,-0.02,-5.01295,0.996078,-1.112853,33840349,1027
0.434,-0.5247,-10.5399,-0.099,0.0334,-0.0178,-5.01295,0.996078,-1.112853,33850849,1027
-1.1532,-0.7225,-10.1833,-0.0118,0.0499,-0.0127,-5.01295,0.996078,-1.112853,33861349,1027
0.2821,-1.4519,-9.1241,0.022,0.0608,-0.0194,-5.01295,0.996078,-1.112853,33871849,1027
0.7726,-1.5777,-8.5217,0.0379,-0.013,-0.0348,-5.01295,0.996078,-1.112853,33882349,1027
-0.6492,1.5695,-9.8735,0.1048,0.0665,-0.0135,-5.014481,0.929589,-1.11663,33892393,1028
0.161,0.9253,-9.3549,0.1191,0.0498,-0.0211,-5.014481,0.929589,-1.11663,33902893,1028
1.3999,-0.3949,-9.6928,0.0974,0.025,-0.0331,-5.014481,0.929589,-1.11663,33913393,1028
-0.064,-0.5365,-10.6298,0.0574,0.0228,-0.036,-5.014481,0.929589,-1.11663,33923893,1028
0.1025,0.0693,-10.0274,0.0071,0.0456,-0.0279,-5.014481,0.929589,-1.11663,33934393,1028
-0.3127,-1.5783,-11.0701,-0.0307,0.1001,-0.0093,-5.014481,0.929589,-1.11663,33944893,1028
0.2692,-2.2751,-10.3642,-0.157,0.0371,-0.0335,-5.014481,0.929589,-1.11663,33955393,1028
0.9284,-2.5909,-9.8408,-0.2016,0.0929,-0.0247,-5.014481,0.929589,-1.11663,33965893,1028
-1.2222,-1.2693,-10.3716,-0.281,0.0942,-0.031,-5.014481,0.929589,-1.11663,33976393,1028
-1.2629,-0.2512,-10.3527,-0.3343,0.1175,-0.0269,-5.014481,0.929589,-1.11663,33986893,1028
-0.1355,-1.427,-9.9067,-0.3281,0.1466,-0.0155,-5.014481,0.929589,-1.11663,33997393,1028
-0.1876,-0.1649,-9.2728,-0.3888,0.1068,-0.0276,-5.014481,0.929589,-1.11663,34007893,1028
-0.7214,2.3326,-9.6983,-0.371,0.1681,-0.0135,-5.014481,0.929589,-1.11663,34018393,1028
-0.063,2.8521,-9.7158,-0.3593,0.1415,-0.0239,-5.005521,0.91279,-1.111228,34028437,1029
0.2462,1.9295,-10.3319,-0.3337,0.1067,-0.0401,-5.005521,0.91279,-1.111228,34038439,1029
0.6644,0.9974,-10.5777,-0.2975,0.117,-0.0239,-5.005521,0.91279,-1.111228,34048939,1029
-0.8877,1.049,-10.2855,-0.2289,0.0781,-0.0144,-5.005521,0.91279,-1.111228,34059439,1029
-0.8865,-0.2229,-10.6823,-0.1606,0.0536,-0.0138,-5.005521,0.91279,-1.111228,34069939,1029
0.3622,-1.0642,-9.7891,-0.1134,0.0101,-0.0228,-5.005521,0.91279,-1.111228,34080439,1029
-0.623,2.6579,-9.1365,-0.0212,0.0607,-0.0064,-5.005521,0.91279,-1.111228,34090939,1029
-0.775,1.3329,-9.6205,0.0446,-0.0408,-0.0284,-5.005521,0.91279,-1.111228,34101439,1029
0.5173,1.5363,-11.2434,0.0935,-0.0243,-0.0208,-5.005521,0.91279,-1.111228,34111939,1029
1.419,-0.1955,-10.2318,0.1499,-0.0319,-0.0201,-4.997196,0.866188,-1.101924,34121992,1030
0.3585,0.4832,-10.7113,0.1927,-0.0417,-0.0135,-4.997196,0.866188,-1.101924,34132492,1030
-0.5448,0.1483,-10.7762,0.1962,-0.0662,-0.0168,-4.997196,0.866188,-1.101924,34142992,1030
-0.0092,-1.5716,-10.9751,0.1778,-0.0852,-0.0193,-4.997196,0.866188,-1.101924,34153492,1030
0.5747,-2.8215,-9.768,0.1418,-0.0993,-0.0185,-4.997196,0.866188,-1.101924,34163992,1030
-0.2594,-2.2318,-9.8474,0.0764,-0.1552,-0.0295,-4.997196,0.866188,-1.101924,34174492,1030
-0.377,-2.4143,-10.0716,0.0389,-0.124,-0.0284,-4.997196,0.866188,-1.101924,34184992,1030
-1.0946,-1.2382,-10.6247,-0.0188,-0.1148,-0.0301,-4.997196,0.866188,-1.101924,34195492,1030
-0.8904,-1.5439,-10.653,-0.0075,-0.0701,-0.0212,-4.997196,0.866188,-1.101924,34205992,1030
0.6531,-3.1998,-9.4625,-0.0304,-0.005,-0.0155,-4.997196,0.866188,-1.101924,34216492,1030
-0.3462,-1.8329,-9.5271,-0.0315,-0.0529,-0.0193,-4.997196,0.866188,-1.101924,34226992,1030
-1.025,-2.0145,-9.0976,-0.0731,-0.0534,-0.0167,-4.997196,0.866188,-1.101924,34237492,1030
-0.4056,-1.1728,-9.365,-0.0899,-0.0467,-0.0238,-4.997196,0.866188,-1.101924,34247992,1030
0.6064,-0.2308,-9.2256,-0.0889,-0.0234,-0.0166,-4.997196,0.866188,-1.101924,34258492,1030
0.6688,-1.4296,-8.1367,-0.087,-0.0299,-0.0171,-4.997196,0.866188,-1.101924,34268992,1030
-0.4524,1.3425,-9.1612,-0.0714,0.0026,-0.0079,-4.997196,0.866188,-1.101924,34279492,1030
0.4255,1.0418,-11.026,-0.0736,0.0082,-0.0132,-4.997196,0.866188,-1.101924,34289992,1030
1.3442,0.3936,-9.2327,-0.0839,-0.0077,-0.0215,-4.997196,0.866188,-1.101924,34300492,1030
0.4743,0.0389,-10.1115,-0.068,-0.0133,-0.0258,-4.997196,0.866188,-1.101924,34310992,1030
-0.7137,-0.706,-11.0922,-0.0146,0.0202,-0.0175,-4.997196,0.866188,-1.101924,34321492,1030
0.7875,-1.7533,-10.1261,0.0135,0.003,-0.0182,-4.997196,0.866188,-1.101924,34331992,1030
-0.1755,-2.5917,-9.1078,-0.0032,-0.0911,-0.0292,-4.997196,0.866188,-1.101924,34342492,1030
-1.3089,-0.8964,-9.282,0.0232,-0.0755,-0.0198,-4.988582,0.820658,-1.095861,34352537,1031
-0.4515,-0.6514,-9.5006,0.0622,-0.0102,-0.0113,-4.988582,0.820658,-1.095861,34362566,1031
0.4624,-2.3654,-8.8424,0.049,-0.0161,-0.0099,-4.988582,0.820658,-1.095861,34373066,1031
-0.2972,0.3695,-9.5387,0.1007,0.0058,-0.0102,-4.988582,0.820658,-1.095861,34383566,1031
-0.4771,1.641,-9.8097,0.1357,0.0413,0.0015,-4.988582,0.820658,-1.095861,34394066,1031
0.4965,0.3928,-9.5437,0.1159,0.0229,-0.0131,-4.988582,0.820658,-1.095861,34404566,1031
1.2593,0.0837,-10.2489,0.1349,0.0186,-0.0192,-4.988582,0.820658,-1.095861,34415066,1031
0.5356,0.4997,-9.9996,0.1124,0.002,-0.0038,-4.988582,0.820658,-1.095861,34425566,1031
0.1785,0.6804,-10.4141,0.0835,-0.0391,-0.014,-4.988582,0.820658,-1.095861,34436066,1031
0.5222,-1.6359,-11.015,0.1257,-0.0432,-0.0042,-4.988582,0.820658,-1.095861,34446566,1031
0.7554,-2.1896,-9.9071,0.0747,-0.0503,0.0033,-4.988582,0.820658,-1.095861,34457066,1031
-0.1159,-2.5872,-10.2007,0.0887,-0.0523,-0.0027,-4.99669,0.771522,-1.095304,34467110,1032
-0.6312,-1.2717,-10.2499,0.1106,-0.0094,0.0081,-4.99669,0.771522,-1.095304,34477610,1032
-0.1014,-2.7624,-10.3962,0.1064,-0.036,-0.0124,-4.99669,0.771522,-1.095304,34488110,1032
0.2369,-3.2287,-10.0262,0.0239,-0.0707,-0.0272,-4.99669,0.771522,-1.095304,34498610,1032
0.3621,-2.8315,-8.8917,0.0397,-0.0068,-0.0276,-4.99669,0.771522,-1.095304,34509110,1032
-0.6646,-2.6946,-9.5049,0.0014,-0.048,-0.0149,-4.99669,0.771522,-1.095304,34519610,1032
-0.3788,-0.6711,-10.423,-0.0322,-0.0362,-0.0203,-4.99669,0.771522,-1.095304,34530110,1032
-0.0725,-1.6563,-9.6567,-0.084,-0.0281,-0.0187,-4.99669,0.771522,-1.095304,34540610,1032
-0.3022,-1.4746,-9.3697,-0.0517,0.0859,-0.003,-4.99669,0.771522,-1.095304,34551110,1032
-0.5897,1.199,-10.2742,-0.0672,0.1152,-0.0073,-4.99669,0.771522,-1.095304,34561610,1032
-0.5079,-1.4424,-9.128,-0.0649,0.1149,-0.0031,-4.99669,0.771522,-1.095304,34572110,1032
0.0707,-1.0892,-8.9563,-0.1158,0.1308,-0.0122,-5.006393,0.737019,-1.100481,34582154,1033
0.6134,-2.1422,-8.5548,-0.0717,0.1732,-0.0076,-5.006393,0.737019,-1.100481,34592654,1033
-0.0761,-0.159,-9.2214,-0.1062,0.1428,-0.007,-5.006393,0.737019,-1.100481,34602658,1033
0.0769,0.5399,-9.729,-0.1119,0.1462,-0.0037,-5.006393,0.737019,-1.100481,34613158,1033
0.6088,-0.1899,-9.2842,-0.1428,0.1237,-0.0128,-5.006393,0.737019,-1.100481,34623658,1033
0.7399,0.1328,-10.6557,-0.1488,0.1259,-0.0158,-5.006393,0.737019,-1.100481,34634158,1033
0.1618,0.4488,-10.3916,-0.1229,0.1184,-0.0162,-5.006393,0.737019,-1.100481,34644658,1033
-0.1527,-0.0952,-10.445,-0.1019,0.1325,-0.0156,-5.006393,0.737019,-1.100481,34655158,1033
-0.2074,-1.5236,-10.0914,-0.1142,0.1104,-0.0175,-5.006393,0.737019,-1.100481,34665658,1033
-0.3037,-1.0705,-9.4584,-0.0853,0.1182,-0.0175,-5.006393,0.737019,-1.100481,34676158,1033
-0.7393,0.2109,-9.8742,-0.046,0.0909,-0.018,-5.006393,0.737019,-1.100481,34686658,1033
0.0098,2.2275,-10.2513,-0.0212,0.0952,-0.0148,-5.006393,0.737019,-1.100481,34697158,1033
0.4994,1.1691,-10.1007,0.0063,0.1194,-0.007,-5.006393,0.737019,-1.100481,34707658,1033
-0.4157,2.6401,-11.1693,0.0121,0.0892,-0.0047,-5.006393,0.737019,-1.100481,34718158,1033
-0.3243,0.4774,-10.0834,-0.0177,0.0967,-0.0122,-5.006393,0.737019,-1.100481,34728658,1033
0.0326,0.1984,-10.1452,0.0081,0.0647,-0.0175,-5.006393,0.737019,-1.100481,34739158,1033
-0.6442,0.1333,-9.4724,0.0224,0.0638,-0.0189,-5.006393,0.737019,-1.100481,34749658,1033
0.2468,0.0746,-8.1122,0.0172,0.0524,-0.0146,-5.006393,0.737019,-1.100481,34760158,1033
0.0377,0.1026,-8.0855,0.0243,0.0411,-0.0126,-5.006393,0.737019,-1.100481,34770658,1033
0.7155,0.7314,-9.058,-0.0088,0.032,-0.0246,-5.006393,0.737019,-1.100481,34781158,1033
0.4663,-0.2357,-9.935,0.0038,0.0722,-0.0081,-5.006393,0.737019,-1.100481,34791658,1033
0.5055,0.2455,-9.5562,-0.0176,0.0359,-0.0079,-5.006393,0.737019,-1.100481,34802158,1033
0.3005,-1.4433,-10.1273,-0.0213,0.0902,-0.0092,-5.015738,0.71414,-1.105329,34812204,1034
1.0551,0.1801,-9.3528,-0.0228,0.1259,-0.0143,-5.015738,0.71414,-1.105329,34822704,1034
0.1666,-2.4691,-9.5082,-0.0079,0.133,-0.0026,-5.015738,0.71414,-1.105329,34833204,1034
-0.0954,-2.9631,-9.4953,-0.0217,0.0376,-0.0408,-5.015738,0.71414,-1.105329,34843704,1034
0.2986,-2.4237,-7.9938,0.1119,0.0661,-0.0219,-5.015738,0.71414,-1.105329,34854204,1034
0.0612,0.8106,-9.7158,0.1751,0.081,-0.0091,-5.015738,0.71414,-1.105329,34864704,1034
0.455,0.2348,-10.3341,0.2026,0.0151,-0.0174,-5.015738,0.71414,-1.105329,34875204,1034
0.7308,-0.5096,-10.4391,0.2597,-0.0078,-0.0111,-5.015738,0.71414,-1.105329,34885704,1034
-0.6129,-0.2835,-10.5357,0.3289,-0.032,-0.0045,-5.015738,0.71414,-1.105329,34896204,1034
-0.3882,-1.3803,-10.3899,0.3528,-0.1036,-0.0192,-5.015738,0.71414,-1.105329,34906704,1034
-0.3717,-0.0888,-9.649,0.4482,-0.0254,0.0035,-5.015738,0.71414,-1.105329,34917204,1034
-0.3125,3.527,-10.462,0.3765,-0.0934,-0.0253,-5.015738,0.71414,-1.105329,34927704,1034
0.0126,2.4626,-10.8668,0.4033,-0.0843,-0.0256,-5.021602,0.703372,-1.099074,34938248,1035
-0.0016,3.0864,-10.6989,0.4173,-0.0084,-0.0046,-5.021602,0.703372,-1.099074,34948748,1035
-0.0755,1.8709,-10.4008,0.3934,-0.0579,-0.0225,-5.021602,0.703372,-1.099074,34959248,1035
-0.501,3.4594,-11.3811,0.3994,-0.0032,-0.0137,-5.021602,0.703372,-1.099074,34969748,1035
0.0247,1.1486,-10.3614,0.3696,-0.0425,-0.0153,-5.021602,0.703372,-1.099074,34980248,1035
-0.2796,1.3638,-10.6342,0.3772,-0.0491,-0.0061,-5.021602,0.703372,-1.099074,34990748,1035
-0.3531,0.0893,-9.8172,0.3622,-0.0383,-0.0073,-5.021602,0.703372,-1.099074,35001248,1035
0.0748,-1.1625,-8.5785,0.3376,-0.0653,-0.0181,-5.021602,0.703372,-1.099074,35011748,1035
-0.5085,-1.1388,-9.3606,0.3072,-0.0817,-0.0197,-5.021602,0.703372,-1.099074,35022248,1035
-0.0047,-2.2583,-8.1431,0.2957,-0.0718,-0.0135,-5.021602,0.703372,-1.099074,35032748,1035
0.396,-1.5485,-8.1246,0.2687,-0.0652,-0.013,-5.021863,0.699592,-1.091503,35042792,1036
-0.0075,-1.3689,-8.5738,0.2559,-0.0576,-0.0197,-5.021863,0.699592,-1.091503,35052796,1036
-0.4035,-2.0943,-8.6974,0.2257,-0.0458,-0.0172,-5.021863,0.699592,-1.091503,35063296,1036
-0.3741,-1.6139,-8.5226,0.2279,-0.0373,-0.0118,-5.021863,0.699592,-1.091503,35073298,1036
0.8466,-1.8006,-7.6931,0.1836,-0.0428,-0.0188,-5.021863,0.699592,-1.091503,35083798,1036
-0.0613,-0.6164,-8.6627,0.1909,-0.0403,-0.0129,-5.021863,0.699592,-1.091503,35094298,1036
0.0802,-1.6052,-8.2999,0.1778,-0.0465,-0.01,-5.021863,0.699592,-1.091503,35104798,1036
0.8359,-0.5412,-9.0946,0.17,-0.0481,-0.017,-5.021863,0.699592,-1.091503,35115298,1036
0.9704,-0.4611,-9.0056,0.146,-0.04,-0.0204,-5.021863,0.699592,-1.091503,35125798,1036
0.3269,0.5003,-10.1808,0.1201,-0.0566,-0.0204,-5.021863,0.699592,-1.091503,35136298,1036
-0.128,0.7263,-11.5117,0.1047,-0.0724,-0.0236,-5.021863,0.699592,-1.091503,35146798,1036
0.4092,0.9266,-11.0029,0.0857,-0.0419,-0.0239,-5.021863,0.699592,-1.091503,35157298,1036
0.0137,-0,-11.2687,0.0798,-0.0238,-0.0186,-5.021863,0.699592,-1.091503,35167798,1036
-0.8502,0.2994,-10.8845,0.0618,-0.0023,-0.0204,-5.021863,0.699592,-1.091503,35178298,1036
-0.4162,0.4464,-11.0312,0.0531,0.0125,-0.0223,-5.021863,0.699592,-1.091503,35188798,1036
-0.4568,0.2131,-9.9281,0.0403,0.0059,-0.0243,-5.021863,0.699592,-1.091503,35199298,1036
-0.6779,0.6236,-9.2828,0.0216,0.0102,-0.023,-5.021863,0.699592,-1.091503,35209798,1036
-0.7308,1.0116,-9.5864,0.0274,0.002,-0.0175,-5.021863,0.699592,-1.091503,35220298,1036
0.4334,0.1485,-7.7811,0.003,-0.0099,-0.0284,-5.021863,0.699592,-1.091503,35230798,1036
0.6927,0.0159,-8.7614,-0.0146,-0.0236,-0.0283,-5.021863,0.699592,-1.091503,35241298,1036
0.0643,1.0306,-9.053,-0.0366,-0.0287,-0.0299,-5.021863,0.699592,-1.091503,35251798,1036
1.2397,-0.2644,-8.8757,-0.0575,-0.0188,-0.0268,-5.021863,0.699592,-1.091503,35262298,1036
0.5413,-1.4176,-9.5184,-0.034,-0.0066,-0.0228,-5.02449,0.692669,-1.08564,35272349,1037
0.4831,-0.9629,-9.5584,-0.0439,0.0288,-0.0209,-5.02449,0.692669,-1.08564,35282849,1037
0.721,-0.2496,-9.2195,-0.0197,-0.0068,-0.0256,-5.02449,0.692669,-1.08564,35292878,1037
0.8763,-1.7588,-9.648,-0.0524,-0.1067,-0.0386,-5.02449,0.692669,-1.08564,35303378,1037
0.1241,-2.5635,-9.8587,0.0595,-0.0471,-0.0193,-5.02449,0.692669,-1.08564,35313381,1037
0.5283,-3.1813,-9.3412,0.0652,-0.0668,-0.027,-5.02449,0.692669,-1.08564,35323881,1037
-0.4011,-2.659,-9.6425,0.0883,-0.0776,-0.0263,-5.02449,0.692669,-1.08564,35334381,1037
-0.0662,-1.407,-9.3577,0.1218,-0.0765,-0.0307,-5.02449,0.692669,-1.08564,35344881,1037
0.9959,-2.3044,-8.4462,0.1899,-0.079,-0.0229,-5.02449,0.692669,-1.08564,35355381,1037
0.0759,-0.356,-9.6144,0.2016,-0.1156,-0.0203,-5.02449,0.692669,-1.08564,35365881,1037
-0.0912,-0.088,-9.4854,0.2028,-0.1358,-0.0171,-5.02449,0.692669,-1.08564,35376381,1037
1.2638,-0.8237,-9.1994,0.222,-0.1252,-0.0219,-5.02449,0.692669,-1.08564,35386881,1037
0.7722,-0.4329,-11.1415,0.2287,-0.1377,-0.023,-5.02449,0.692669,-1.08564,35397381,1037
0.1032,0.4743,-9.6069,0.2335,-0.0989,-0.026,-5.02449,0.692669,-1.08564,35407881,1037
0.3552,-0.0998,-10.1584,0.2045,-0.1104,-0.0342,-5.02449,0.692669,-1.08564,35418381,1037
0.6407,-0.7218,-9.9127,0.1945,-0.1049,-0.038,-5.035627,0.671962,-1.082852,35428434,1038
0.7844,-1.229,-10.3057,0.1763,-0.0849,-0.0248,-5.035627,0.671962,-1.082852,35438934,1038
-0.3616,0.1758,-10.7638,0.1497,-0.0746,-0.0226,-5.035627,0.671962,-1.082852,35449434,1038
-0.3492,0.2153,-11.4264,0.1144,-0.0298,-0.025,-5.035627,0.671962,-1.082852,35459934,1038
0.3088,-1.0326,-11.2212,0.1083,-0.0071,-0.024,-5.035627,0.671962,-1.082852,35470434,1038
-0.5964,0.09,-10.8309,0.0735,0.008,-0.0246,-5.035627,0.671962,-1.082852,35480934,1038
-0.6526,0.2422,-11.2814,0.0436,0.0169,-0.0294,-5.035627,0.671962,-1.082852,35491434,1038
-0.2341,-0.4961,-11.0418,0.0137,0.0161,-0.0336,-5.043563,0.638898,-1.06826,35501980,1039
0.1373,-0.9476,-11.6133,-0.0119,-0.0001,-0.0375,-5.043563,0.638898,-1.06826,35512480,1039
-0.4036,-0.097,-10.6493,-0.0396,0.0333,-0.0293,-5.043563,0.638898,-1.06826,35522980,1039
-0.8983,-0.1553,-10.0684,-0.0394,0.0388,-0.0261,-5.043563,0.638898,-1.06826,35533480,1039
-0.7045,0.1544,-12.2271,-0.0889,0.0536,-0.0375,-5.043563,0.638898,-1.06826,35543980,1039
0.1482,-0.6066,-10.7712,-0.1207,0.0905,-0.0345,-5.043563,0.638898,-1.06826,35554480,1039
-0.2486,0.0981,-10.4313,-0.1475,0.1189,-0.0341,-5.043563,0.638898,-1.06826,35564980,1039
0.033,1.4352,-11.6721,-0.2053,0.1287,-0.0309,-5.043563,0.638898,-1.06826,35575480,1039
-0.1457,1.0331,-10.7676,-0.2438,0.0978,-0.032,-5.043563,0.638898,-1.06826,35585980,1039
0.2434,0.0093,-10.6563,-0.2324,0.1321,-0.02,-5.043563,0.638898,-1.06826,35596480,1039
0.8902,1.3781,-11.0825,-0.2477,0.0933,-0.0213,-5.043563,0.638898,-1.06826,35606980,1039
0.185,1.0993,-10.4534,-0.3113,0.0604,-0.0242,-5.043563,0.638898,-1.06826,35617480,1039
-1.0091,1.8537,-10.5757,-0.2703,0.079,-0.0228,-5.043563,0.638898,-1.06826,35627980,1039
0.1784,2.0857,-11.0012,-0.306,0.0433,-0.0357,-5.043563,0.638898,-1.06826,35638480,1039
1.0305,-0.1985,-10.1949,-0.2743,0.0473,-0.0299,-5.043563,0.638898,-1.06826,35648980,1039
-0.1289,0.1829,-9.3197,-0.2531,0.0467,-0.0241,-5.043563,0.638898,-1.06826,35659480,1039
-0.3982,1.2067,-9.8164,-0.2445,0.0581,-0.0263,-5.051657,0.603952,-1.057198,35670028,1040
0.0012,0.4842,-10.8374,-0.2484,0.0055,-0.034,-5.051657,0.603952,-1.057198,35680528,1040
0.5824,-0.5007,-10.4413,-0.2484,-0.0034,-0.0327,-5.051657,0.603952,-1.057198,35691028,1040
-0.195,-0.2472,-9.6147,-0.2333,0.0471,-0.0345,-5.051657,0.603952,-1.057198,35701528,1040
-0.7399,1.2661,-11.3458,-0.1825,0.092,-0.023,-5.051657,0.603952,-1.057198,35712028,1040
0.629,0.5762,-11.1071,-0.2005,0.0508,-0.0301,-5.051657,0.603952,-1.057198,35722528,1040
0.6085,0.2687,-10.7671,-0.2029,0.0601,-0.0387,-5.069893,0.556727,-1.056282,35733072,1041
0.5494,1.7954,-11.1676,-0.187,0.0809,-0.04,-5.069893,0.556727,-1.056282,35743572,1041
-0.3529,1.6914,-11.079,-0.1651,0.0824,-0.0274,-5.069893,0.556727,-1.056282,35754072,1041
-0.6819,1.3537,-10.6429,-0.1821,0.0739,-0.0205,-5.069893,0.556727,-1.056282,35764572,1041
0.7661,0.651,-10.4284,-0.1966,0.0601,-0.0247,-5.069893,0.556727,-1.056282,35775072,1041
0.7503,1.1225,-10.5329,-0.2191,0.0822,-0.0246,-5.069893,0.556727,-1.056282,35785572,1041
-0.424,0.3456,-9.8019,-0.2216,0.0824,-0.0152,-5.069893,0.556727,-1.056282,35796072,1041
-0.7818,1.0292,-9.9004,-0.2304,0.1087,-0.011,-5.069893,0.556727,-1.056282,35806572,1041
-0.3831,0.5593,-10.4074,-0.3182,0.0289,-0.0356,-5.069893,0.556727,-1.056282,35817072,1041
0.1135,-3.4482,-9.8005,-0.3252,0.0811,-0.027,-5.069893,0.556727,-1.056282,35827572,1041
-0.3822,-2.2288,-10.2944,-0.3481,0.15,-0.0274,-5.069893,0.556727,-1.056282,35838072,1041
-1.0392,-0.8129,-10.814,-0.3556,0.1478,-0.028,-5.069893,0.556727,-1.056282,35848572,1041
-0.1513,-2.4523,-10.5521,-0.3676,0.1567,-0.0239,-5.069893,0.556727,-1.056282,35859072,1041
0.5117,-2.4796,-10.0656,-0.3074,0.2253,-0.0076,-5.075385,0.520778,-1.048721,35869118,1042
0.7632,-1.9954,-9.9133,-0.3751,0.1829,-0.0158,-5.075385,0.520778,-1.048721,35879618,1042
-0.4698,-1.9208,-10.0346,-0.4027,0.1256,-0.0328,-5.075385,0.520778,-1.048721,35889649,1042
0.0349,-1.4686,-10.7036,-0.3319,0.1864,-0.0275,-5.075385,0.520778,-1.048721,35900149,1042
0.6382,-2.4771,-10.367,-0.3447,0.1567,-0.0203,-5.075385,0.520778,-1.048721,35910649,1042
-0.7945,-0.6359,-9.8795,-0.2499,0.0875,-0.0171,-5.075385,0.520778,-1.048721,35921149,1042
-0.9109,-0.8104,-10.6255,-0.237,0.0681,-0.0203,-5.075385,0.520778,-1.048721,35931649,1042
0.4576,-1.5746,-9.5122,-0.2185,0.0387,-0.0189,-5.075385,0.520778,-1.048721,35942149,1042
-0.4843,1.724,-9.0062,-0.1588,-0.0083,-0.0176,-5.075385,0.520778,-1.048721,35952649,1042
-1.359,1.7163,-9.6238,-0.1572,0.0041,-0.0087,-5.075385,0.520778,-1.048721,35963149,1042
0.2469,1.5121,-10.0061,-0.1136,-0.025,-0.0081,-5.094478,0.466262,-1.050207,35973193,1043
0.4626,-0.6849,-9.6418,-0.0733,-0.026,-0.0122,-5.094478,0.466262,-1.050207,35983693,1043
-1.006,2.4401,-10.0029,-0.0621,0.0148,-0.0065,-5.094478,0.466262,-1.050207,35994193,1043
0.3599,2.0314,-10.2327,-0.0965,-0.0032,-0.0273,-5.094478,0.466262,-1.050207,36004693,1043
0.101,0.7357,-10.0199,-0.1169,-0.0439,-0.029,-5.094478,0.466262,-1.050207,36015193,1043
-0.2991,2.084,-9.1956,-0.0863,-0.0063,-0.0165,-5.094478,0.466262,-1.050207,36025693,1043
-0.3407,2.0616,-9.7601,-0.0986,0.0331,-0.0114,-5.094478,0.466262,-1.050207,36036193,1043
-0.6465,0.3385,-10.3514,-0.1318,0.0448,-0.0145,-5.094478,0.466262,-1.050207,36046693,1043
0.422,0.7186,-8.7628,-0.1632,0.0828,-0.0096,-5.094478,0.466262,-1.050207,36057193,1043
-0.6298,1.5525,-8.9692,-0.2254,0.0278,-0.0334,-5.094478,0.466262,-1.050207,36067693,1043
-0.8169,0.7978,-9.4673,-0.2111,0.064,-0.0226,-5.094478,0.466262,-1.050207,36078193,1043
0.4912,-0.2037,-8.9659,-0.2003,0.0735,-0.0103,-5.094478,0.466262,-1.050207,36088693,1043
0.3273,1.2886,-9.2924,-0.2251,0.0468,-0.0189,-5.099014,0.423375,-1.047248,36098747,1044
-0.4743,1.2083,-9.3259,-0.1845,0.0962,0.0023,-5.099014,0.423375,-1.047248,36108749,1044
-0.2057,0.2886,-9.2321,-0.1988,0.0602,-0.008,-5.099014,0.423375,-1.047248,36119249,1044
0.6509,-0.432,-8.7419,-0.1528,0.0741,-0.0073,-5.099014,0.423375,-1.047248,36129749,1044
-0.2319,1.8487,-10.0949,-0.1586,0.0564,-0.007,-5.099014,0.423375,-1.047248,36140249,1044
-0.2495,0.8102,-10.0667,-0.0983,0.0414,-0.0126,-5.099014,0.423375,-1.047248,36150749,1044
0.9097,0.6878,-10.391,-0.103,-0.0001,-0.0174,-5.099014,0.423375,-1.047248,36161249,1044
0.8789,1.8741,-10.6231,-0.0924,-0.0171,-0.0189,-5.099014,0.423375,-1.047248,36171749,1044
0.2993,1.8151,-10.6329,-0.0782,-0.045,-0.0214,-5.099014,0.423375,-1.047248,36182249,1044
-0.3793,1.4573,-11.1045,-0.0918,-0.0841,-0.0302,-5.099014,0.423375,-1.047248,36192749,1044
0.5082,0.3282,-10.3969,-0.0722,-0.0723,-0.0258,-5.117948,0.380844,-1.059097,36202793,1045
0.9455,0.2778,-10.7987,-0.0521,-0.0779,-0.0249,-5.117948,0.380844,-1.059097,36213293,1045
-0.5333,0.8167,-10.8574,-0.0571,-0.09,-0.0308,-5.117948,0.380844,-1.059097,36223793,1045
-0.3062,1.3761,-11.3164,-0.0118,-0.0408,-0.0212,-5.117948,0.380844,-1.059097,36234293,1045
0.8837,0.0766,-10.6864,-0.0171,-0.0483,-0.0287,-5.117948,0.380844,-1.059097,36244793,1045
-0.9012,0.0959,-9.9978,-0.0011,-0.0616,-0.032,-5.117948,0.380844,-1.059097,36255293,1045
-0.5901,1.2523,-10.2996,0.0226,-0.0341,-0.0244,-5.117948,0.380844,-1.059097,36265793,1045
0.8045,-1.3094,-9.7384,0.02,-0.0439,-0.037,-5.117948,0.380844,-1.059097,36276293,1045
-0.5655,-0.9537,-9.2034,0.0388,-0.0583,-0.0279,-5.117948,0.380844,-1.059097,36286793,1045
-0.5253,-0.5054,-9.6517,0.0732,-0.0499,-0.0276,-5.117948,0.380844,-1.059097,36297293,1045
0.4962,-2.132,-8.782,0.0499,-0.0419,-0.0365,-5.117948,0.380844,-1.059097,36307793,1045
-0.8483,-1.4281,-9.282,0.1,-0.0084,-0.03,-5.117948,0.380844,-1.059097,36318293,1045
-0.3653,-2.7623,-9.5006,0.0905,-0.0354,-0.0378,-5.124763,0.346404,-1.06903,36328337,1046
0.2375,-1.5872,-9.5468,0.0613,0.0216,-0.0425,-5.124763,0.346404,-1.06903,36338837,1046
-0.2988,-1.5765,-9.3318,0.0999,0.0364,-0.0357,-5.124763,0.346404,-1.06903,36348840,1046
-0.5253,-1.0952,-10.0585,0.111,0.0778,-0.0254,-5.124763,0.346404,-1.06903,36359340,1046
0.0748,-2.7822,-9.7387,0.0321,0.0347,-0.0588,-5.124763,0.346404,-1.06903,36369369,1046
-0.958,0.773,-10.0733,0.0603,0.0556,-0.0528,-5.124763,0.346404,-1.06903,36379869,1046
0.2543,1.2947,-9.4158,0.0617,0.0749,-0.0477,-5.124763,0.346404,-1.06903,36390369,1046
-0.3466,0.4122,-9.2363,0.0562,0.073,-0.0465,-5.124763,0.346404,-1.06903,36400869,1046
-0.4955,2.0388,-8.6509,0.0565,0.1038,-0.0391,-5.124763,0.346404,-1.06903,36411369,1046
1.2089,-0.2509,-8.8413,0.0757,0.0846,-0.0371,-5.124763,0.346404,-1.06903,36421869,1046
0.5654,0.1468,-8.5273,0.078,0.0828,-0.0477,-5.123214,0.329075,-1.061761,36431920,1047
0.4999,0.561,-9.5308,0.0519,0.039,-0.0511,-5.123214,0.329075,-1.061761,36442420,1047
1.5206,0.0374,-9.8451,0.0857,0.0276,-0.0445,-5.123214,0.329075,-1.061761,36452920,1047
-0.1299,1.0764,-11.263,0.0754,-0.0455,-0.0451,-5.123214,0.329075,-1.061761,36463420,1047
-0.0036,0.6743,-10.1029,0.0922,-0.0841,-0.0417,-5.123214,0.329075,-1.061761,36473920,1047
0.4768,-0.5041,-9.5933,0.1117,-0.116,-0.0379,-5.123214,0.329075,-1.061761,36484420,1047
-0.1417,-2.2631,-9.2355,0.1345,-0.1414,-0.039,-5.123214,0.329075,-1.061761,36494920,1047
0.7593,-2.8594,-8.9265,0.1132,-0.1565,-0.0406,-5.123214,0.329075,-1.061761,36505420,1047
0.3395,-3.4062,-9.1154,0.1662,-0.1417,-0.0366,-5.123214,0.329075,-1.061761,36515920,1047
-1.0334,-1.2365,-10.3553,0.1593,-0.1317,-0.0377,-5.123214,0.329075,-1.061761,36526420,1047
-0.1504,-2.608,-9.9751,0.1516,-0.1236,-0.0364,-5.123214,0.329075,-1.061761,36536920,1047
-1.0254,-0.798,-10.8326,0.1232,-0.1233,-0.0538,-5.123214,0.329075,-1.061761,36547420,1047
-0.4197,1.426,-10.1983,0.1709,-0.0453,-0.0432,-5.120937,0.291488,-1.078321,36557965,1048
-0.1579,-0.6472,-10.2982,0.1439,-0.0548,-0.0527,-5.120937,0.291488,-1.078321,36568465,1048
-1.5945,1.5677,-9.7823,0.1827,0.006,-0.0348,-5.120937,0.291488,-1.078321,36578965,1048
-0.2054,0.0831,-10.0022,0.1844,0.0241,-0.0253,-5.120937,0.291488,-1.078321,36589465,1048
0.1047,-1.6433,-8.0314,0.1782,-0.0043,-0.0234,-5.120937,0.291488,-1.078321,36599965,1048
-0.2865,-1.6047,-8.8808,0.1789,-0.0127,-0.0208,-5.120937,0.291488,-1.078321,36610465,1048
0.8227,-3.3791,-8.5552,0.1738,-0.0454,-0.0248,-5.120937,0.291488,-1.078321,36620965,1048
-0.346,1.477,-9.9054,0.1744,-0.0526,-0.0176,-5.120937,0.291488,-1.078321,36631465,1048
-0.0976,2.4683,-9.2216,0.1368,-0.1315,-0.0204,-5.120937,0.291488,-1.078321,36641965,1048
0.7227,1.3134,-7.8471,0.1585,-0.1534,-0.0154,-5.120937,0.291488,-1.078321,36652465,1048
0.6617,0.224,-10.2698,0.1347,-0.1896,-0.0169,-5.120937,0.291488,-1.078321,36662965,1048
1.3908,-0.4046,-10.1671,0.1121,-0.2257,-0.0171,-5.120937,0.291488,-1.078321,36673465,1048
0.3409,2.5904,-10.8887,0.0808,-0.239,-0.0327,-5.120937,0.291488,-1.078321,36683965,1048
0.1653,1.2928,-10.1548,0.0809,-0.2272,-0.0283,-5.120937,0.291488,-1.078321,36694465,1048
0.5495,1.0002,-8.927,0.0947,-0.2104,-0.0208,-5.120937,0.291488,-1.078321,36704965,1048
-0.024,0.257,-9.6327,0.1074,-0.158,-0.0141,-5.120937,0.291488,-1.078321,36715465,1048
0.8957,-1.8705,-10.1501,0.0805,-0.1779,-0.0273,-5.120937,0.291488,-1.078321,36725965,1048
0.687,-0.104,-9.6934,0.0787,-0.1202,-0.0153,-5.120937,0.291488,-1.078321,36736465,1048
-0.2101,-0.4735,-11.3664,0.0776,-0.0601,-0.014,-5.120937,0.291488,-1.078321,36746965,1048
-0.0055,1.8084,-11.0103,0.0534,-0.0506,-0.022,-5.120937,0.291488,-1.078321,36757465,1048
-0.2963,3.1784,-11.1505,0.0736,-0.0203,-0.0182,-5.120937,0.291488,-1.078321,36767965,1048
0.3029,1.3452,-9.8897,0.0462,0.0423,-0.0153,-5.120937,0.291488,-1.078321,36778465,1048
-0.3135,1.8973,-9.1578,0.0257,0.0561,-0.0191,-5.125424,0.270782,-1.078354,36788517,1049
0.2717,1.6148,-9.5614,0.0014,0.0536,-0.0269,-5.125424,0.270782,-1.078354,36798548,1049
0.1493,0.7679,-9.7005,0.0352,0.0801,-0.0248,-5.125424,0.270782,-1.078354,36809048,1049
0.0493,0.6064,-8.5512,0.0556,0.1073,-0.0175,-5.125424,0.270782,-1.078354,36819548,1049
0.4435,-0.5491,-9.5049,0.0722,0.1236,-0.0271,-5.125424,0.270782,-1.078354,36830048,1049
0.7914,-1.1556,-8.8592,0.0641,0.098,-0.035,-5.125424,0.270782,-1.078354,36840548,1049
-0.1546,1.2017,-10.1288,0.089,0.0822,-0.028,-5.125424,0.270782,-1.078354,36851048,1049
0.1898,0.6876,-10.9284,0.1107,0.0828,-0.0297,-5.125424,0.270782,-1.078354,36861548,1049
0.3363,1.2646,-10.2366,0.1175,0.0168,-0.0456,-5.125424,0.270782,-1.078354,36872048,1049
-0.5022,2.9323,-10.507,0.1227,0.0359,-0.0385,-5.125424,0.270782,-1.078354,36882548,1049
0.5636,2.1261,-10.1763,0.1408,-0.0098,-0.0186,-5.122199,0.264004,-1.076399,36892594,1050
1.1821,1.2138,-8.6273,0.1212,-0.0211,-0.0211,-5.122199,0.264004,-1.076399,36903094,1050
0.2043,0.5621,-8.1277,0.0902,-0.0617,-0.0351,-5.122199,0.264004,-1.076399,36913594,1050
0.5087,-0.065,-9.6291,0.1097,-0.0508,-0.0267,-5.122199,0.264004,-1.076399,36924094,1050
0.6437,0.1473,-10.522,0.0952,-0.0578,-0.0242,-5.122199,0.264004,-1.076399,36934594,1050
-0.5713,0.2465,-10.2329,0.0988,-0.0457,-0.0277,-5.122199,0.264004,-1.076399,36945094,1050
-0.5613,2.4657,-10.9488,0.0993,-0.016,-0.0243,-5.122199,0.264004,-1.076399,36955594,1050
0.2495,2.218,-10.1438,0.0522,-0.0294,-0.0442,-5.122199,0.264004,-1.076399,36966094,1050
-1.2887,1.7788,-10.4627,0.1019,0.0872,-0.0298,-5.122199,0.264004,-1.076399,36976594,1050
0.0481,1.312,-8.5183,0.1036,0.0684,-0.0344,-5.122199,0.264004,-1.076399,36987094,1050
0.0773,-0.0217,-8.818,0.1021,0.0718,-0.0369,-5.122199,0.264004,-1.076399,36997594,1050
-0.9832,-0.7944,-8.8781,0.0715,0.0491,-0.0395,-5.122199,0.264004,-1.076399,37008094,1050
0.5106,-1.8591,-8.8476,0.09,0.0589,-0.0281,-5.118062,0.24492,-1.07859,37018139,1051
0.2702,-2.7312,-9.639,0.0643,0.0256,-0.0355,-5.118062,0.24492,-1.07859,37028639,1051
-0.668,-1.0976,-10.3902,0.0617,-0.0291,-0.0415,-5.118062,0.24492,-1.07859,37038668,1051
0.0228,-0.9341,-10.076,0.0601,-0.033,-0.0255,-5.118062,0.24492,-1.07859,37049168,1051
-0.4468,0.5224,-9.1148,0.037,-0.0692,-0.0313,-5.118062,0.24492,-1.07859,37059668,1051
-0.8556,-0.2924,-8.9548,0.0474,-0.0689,-0.0321,-5.118062,0.24492,-1.07859,37070168,1051
0.1956,-3.1269,-7.9443,-0.0067,-0.0883,-0.0436,-5.118062,0.24492,-1.07859,37080668,1051
-0.8145,-1.1152,-9.9448,0.0142,-0.0524,-0.0364,-5.118062,0.24492,-1.07859,37091168,1051
-0.2585,-2.4371,-10.3471,0.0005,-0.0831,-0.0396,-5.118062,0.24492,-1.07859,37101668,1051
0.1316,-1.5341,-9.7042,0.0187,-0.0691,-0.034,-5.118062,0.24492,-1.07859,37112168,1051
-1.073,0.4548,-10.524,0.0115,-0.0985,-0.0407,-5.119758,0.238507,-1.078678,37122223,1052
-0.3633,-0.9947,-10.3167,0.0324,-0.0558,-0.0321,-5.119758,0.238507,-1.078678,37132723,1052
-0.329,-0.574,-9.7059,0.0156,-0.0537,-0.0314,-5.119758,0.238507,-1.078678,37143223,1052
-1.0642,0.6081,-9.7827,0.0253,-0.0193,-0.0248,-5.119758,0.238507,-1.078678,37153723,1052
0.7515,-2.3701,-9.1866,0.0156,0.0023,-0.0308,-5.119758,0.238507,-1.078678,37164223,1052
-0.1654,-1.6369,-9.7716,-0.0033,-0.0051,-0.0406,-5.119758,0.238507,-1.078678,37174723,1052
0.3736,-1.325,-9.802,0.0035,0.0034,-0.0314,-5.119758,0.238507,-1.078678,37185223,1052
-0.2468,-0.9278,-11.1132,-0.0273,0.0098,-0.0422,-5.119758,0.238507,-1.078678,37195723,1052
-1.1242,0.5441,-10.8303,-0.0109,0.0398,-0.0379,-5.119758,0.238507,-1.078678,37206223,1052
0.3368,-0.1218,-10.3633,-0.0026,0.0461,-0.031,-5.119758,0.238507,-1.078678,37216723,1052
-0.2398,0.557,-10.1167,0.0468,0.0437,-0.0237,-5.119758,0.238507,-1.078678,37227223,1052
0.432,1.6852,-9.8615,0.0572,0.065,-0.0159,-5.119758,0.238507,-1.078678,37237723,1052
0.6802,-1.0737,-9.1573,-0.0067,0.0073,-0.0314,-5.119758,0.238507,-1.078678,37248223,1052
-0.6775,-1.3832,-10.86,0.0188,-0.0235,-0.0302,-5.119758,0.238507,-1.078678,37258723,1052
0.6364,-0.9239,-10.5582,-0.0018,-0.0396,-0.0358,-5.113977,0.232327,-1.075369,37268770,1053
0.8279,-0.0318,-9.82,0.0238,-0.0146,-0.0234,-5.113977,0.232327,-1.075369,37278799,1053
-0.8436,2.0634,-10.9918,-0.0122,-0.028,-0.0345,-5.113977,0.232327,-1.075369,37289299,1053
0.0301,0.6548,-10.3808,0.0036,-0.0144,-0.0382,-5.113977,0.232327,-1.075369,37299328,1053
-0.0732,1.5488,-10.0143,-0.015,-0.0241,-0.0467,-5.113977,0.232327,-1.075369,37309828,1053
0.3647,2.3005,-9.4631,0.0635,-0.0122,-0.0405,-5.113977,0.232327,-1.075369,37320328,1053
0.5847,0.565,-8.831,0.0459,-0.0125,-0.0367,-5.113977,0.232327,-1.075369,37330828,1053
-0.3107,1.0401,-8.5878,0.0778,-0.0191,-0.0363,-5.113977,0.232327,-1.075369,37341328,1053
-0.1374,-0.7245,-9.1336,0.0583,-0.0534,-0.0478,-5.116795,0.216616,-1.07818,37351376,1054
0.39,-2.3345,-9.5916,0.0463,-0.0742,-0.0563,-5.116795,0.216616,-1.07818,37361876,1054
-1.0726,-0.2942,-10.4045,0.1256,-0.0184,-0.0322,-5.116795,0.216616,-1.07818,37372376,1054
-0.3598,-1.8688,-10.2892,0.1035,-0.0944,-0.0373,-5.116795,0.216616,-1.07818,37382876,1054
-0.4292,-0.2677,-11.0311,0.1439,-0.0229,-0.0385,-5.116795,0.216616,-1.07818,37393376,1054
-0.313,0.5669,-10.312,0.0913,-0.0304,-0.0434,-5.116795,0.216616,-1.07818,37403876,1054
0.4539,0.3662,-10.0825,0.0885,-0.0039,-0.0412,-5.116795,0.216616,-1.07818,37414376,1054
-0.1729,0.6291,-9.8597,0.0887,0.0076,-0.0567,-5.116795,0.216616,-1.07818,37424876,1054
0.7905,-0.1731,-9.3651,0.0889,0.048,-0.0419,-5.116795,0.216616,-1.07818,37435376,1054
0.3878,0.1707,-9.0772,0.0583,0.0701,-0.0445,-5.116795,0.216616,-1.07818,37445876,1054
0.1946,1.0449,-9.5723,0.0427,0.0778,-0.0459,-5.116795,0.216616,-1.07818,37456376,1054
0.4484,-1.421,-9.3758,0.0112,0.0484,-0.0528,-5.116795,0.216616,-1.07818,37466876,1054
-0.8104,0.6172,-9.8392,0.0081,0.0232,-0.044,-5.116795,0.216616,-1.07818,37477376,1054
-0.7982,-0.1508,-10.1132,0.022,0.0229,-0.0369,-5.136265,0.207549,-1.091877,37487423,1055
0.2169,-0.0921,-10.8114,-0.0049,0.0131,-0.0399,-5.144259,0.188265,-1.088796,37497573,1056
0.5153,1.3002,-9.8517,-0.0131,0.0118,-0.0282,-5.144259,0.188265,-1.088796,37508073,1056
-0.2914,1.6116,-9.4568,-0.0061,0.039,-0.0261,-5.144259,0.188265,-1.088796,37518573,1056
0.6843,-0.0966,-9.7079,-0.0076,0.1109,-0.0229,-5.144259,0.188265,-1.088796,37529073,1056
0.2366,0.3211,-8.6237,-0.0232,0.1335,-0.0292,-5.144259,0.188265,-1.088796,37539573,1056
-0.0156,-0.0782,-9.5578,-0.0344,0.2014,-0.0223,-5.144259,0.188265,-1.088796,37550073,1056
-1.1736,1.7168,-10.1819,-0.0302,0.2532,-0.0212,-5.144259,0.188265,-1.088796,37560573,1056
-0.8433,-1.2255,-10.3449,-0.0472,0.3024,-0.0257,-5.144259,0.188265,-1.088796,37571073,1056
-1.3212,0.0526,-10.0711,-0.0322,0.3901,-0.0139,-5.144259,0.188265,-1.088796,37581573,1056
0.4255,-1.8947,-8.9298,-0.0423,0.4283,-0.0213,-5.144259,0.188265,-1.088796,37592073,1056
0.5859,-1.2596,-9.531,-0.0448,0.4386,-0.0279,-5.144259,0.188265,-1.088796,37602573,1056
0.0331,-1.4198,-10.2179,-0.0404,0.4657,-0.0092,-5.144259,0.188265,-1.088796,37613073,1056
0.7432,-0.0512,-10.0357,-0.0563,0.4136,-0.0174,-5.144259,0.188265,-1.088796,37623573,1056
-0.0099,1.4404,-10.1101,-0.0521,0.3944,-0.0095,-5.144259,0.188265,-1.088796,37634073,1056
0.9383,-2.0141,-9.0398,-0.0812,0.3153,-0.004,-5.144259,0.188265,-1.088796,37644573,1056
0.4397,-0.3349,-10.1043,-0.1118,0.2388,-0.0232,-5.144259,0.188265,-1.088796,37655073,1056
0.0036,0.6681,-11.0239,-0.1254,0.2135,-0.0181,-5.144259,0.188265,-1.088796,37665573,1056
1.0375,-1.3817,-9.1864,-0.1502,0.1848,-0.0113,-5.144259,0.188265,-1.088796,37676073,1056
0.4096,0.5458,-9.4341,-0.1579,0.1274,-0.0136,-5.144259,0.188265,-1.088796,37686573,1056
0.8908,-0.3307,-10.0739,-0.1691,0.1168,-0.017,-5.144259,0.188265,-1.088796,37697073,1056
0.6936,0.4476,-10.1505,-0.1766,0.0716,-0.0218,-5.144259,0.188265,-1.088796,37707573,1056
-0.2242,2.4468,-10.3222,-0.1203,0.0912,-0.0025,-5.143424,0.167082,-1.08391,37717621,1057
0.454,1.3144,-9.7097,-0.1358,0.0537,-0.0099,-5.143424,0.167082,-1.08391,37728121,1057
0.4828,0.7509,-9.2245,-0.1561,0.0427,-0.0208,-5.143424,0.167082,-1.08391,37738621,1057
-0.4123,1.3357,-9.1801,-0.1271,0.0488,-0.0211,-5.143424,0.167082,-1.08391,37749121,1057
-0.2245,-1.3047,-9.8996,-0.1199,0.0538,-0.0183,-5.143424,0.167082,-1.08391,37759621,1057
-0.0279,-1.0198,-9.5459,-0.0757,0.0416,-0.0222,-5.143424,0.167082,-1.08391,37770121,1057
-0.8983,0.1815,-9.7304,-0.0811,0.0094,-0.0281,-5.143424,0.167082,-1.08391,37780621,1057
-0.0026,-1.7636,-11.0186,-0.0663,0.0217,-0.0194,-5.143424,0.167082,-1.08391,37791121,1057
0.0053,-0.6661,-10.0124,-0.0416,0.0041,-0.0108,-5.143424,0.167082,-1.08391,37801621,1057
-0.3977,0.2782,-9.9643,-0.0162,0.0036,-0.0085,-5.143877,0.134244,-1.078605,37811667,1058
0.4187,0.3252,-10.5561,-0.0071,-0.0346,-0.0165,-5.143877,0.134244,-1.078605,37821695,1058
1.356,1.1746,-9.3479,-0.0217,-0.0518,-0.0186,-5.143877,0.134244,-1.078605,37832195,1058
0.1809,1.3909,-9.4214,0.0097,-0.0434,-0.0048,-5.143877,0.134244,-1.078605,37842695,1058
0.3539,0.8515,-9.7295,-0.0609,-0.0692,-0.0223,-5.143877,0.134244,-1.078605,37853195,1058
0.5949,-1.7322,-9.3343,-0.0429,-0.0598,-0.0283,-5.143877,0.134244,-1.078605,37863695,1058
-1.0875,-0.9813,-10.1782,-0.1035,-0.1232,-0.0382,-5.143877,0.134244,-1.078605,37874195,1058
-0.4948,-0.9552,-10.4627,-0.0262,-0.0778,-0.0088,-5.143877,0.134244,-1.078605,37884695,1058
0.8132,-1.0042,-10.6785,-0.0892,-0.141,-0.0238,-5.143877,0.134244,-1.078605,37895195,1058
-0.1508,0.9217,-10.0229,-0.0995,-0.162,-0.0186,-5.143877,0.134244,-1.078605,37905695,1058
-0.1615,1.6806,-10.4051,-0.0849,-0.1927,-0.0155,-5.143877,0.134244,-1.078605,37916195,1058
1.0227,0.7969,-9.8845,-0.1172,-0.2316,-0.0245,-5.143877,0.134244,-1.078605,37926695,1058
0.5897,0.5009,-8.8552,-0.106,-0.2299,-0.0097,-5.143877,0.134244,-1.078605,37937195,1058
-0.7346,0.09,-9.9369,-0.1175,-0.2274,-0.0185,-5.148944,0.116084,-1.080063,37947240,1059
0.2691,-1.8193,-9.9953,-0.115,-0.2174,-0.0219,-5.158113,0.095685,-1.080238,37957286,1060
0.5218,-2.1655,-10.1361,-0.1424,-0.1959,-0.0243,-5.158113,0.095685,-1.080238,37967786,1060
-0.356,0.4147,-10.5174,-0.1029,-0.1389,-0.0149,-5.158113,0.095685,-1.080238,37977817,1060
1.2233,-0.3562,-9.8538,-0.1095,-0.0927,-0.0164,-5.158113,0.095685,-1.080238,37988317,1060
0.4075,-1.0703,-9.4211,-0.0944,-0.035,-0.0098,-5.158113,0.095685,-1.080238,37998346,1060
-1.3703,-0.6812,-10.5662,-0.119,0.0317,-0.0033,-5.158113,0.095685,-1.080238,38008846,1060
-0.3074,-1.0322,-10.4205,-0.1134,0.0546,-0.0134,-5.158113,0.095685,-1.080238,38019346,1060
-0.0937,0.1347,-11.1428,-0.1378,0.0346,-0.0172,-5.158113,0.095685,-1.080238,38029846,1060
0.6071,0.0214,-10.0028,-0.1069,0.0717,-0.0075,-5.149873,0.065806,-1.074133,38040392,1061
0.6891,1.6749,-10.1698,-0.1317,0.0481,-0.0181,-5.149873,0.065806,-1.074133,38050892,1061
0.0804,2.5319,-9.6061,-0.1216,0.0843,-0.0004,-5.149873,0.065806,-1.074133,38061392,1061
0.8252,-0.421,-8.898,-0.1368,0.0563,-0.001,-5.149873,0.065806,-1.074133,38071892,1061
-0.4573,-1.5328,-9.2822,-0.161,0.0712,0.0019,-5.149873,0.065806,-1.074133,38082392,1061
-0.1007,-1.8027,-10.4872,-0.2008,0.0568,-0.0025,-5.149873,0.065806,-1.074133,38092892,1061
0.6658,-1.4395,-10.6318,-0.1992,0.0418,0.0079,-5.149873,0.065806,-1.074133,38103392,1061
0.4837,0.4143,-10.3392,-0.2329,0.0067,-0.0037,-5.149873,0.065806,-1.074133,38113892,1061
0.3802,1.2968,-10.6693,-0.2325,-0.0153,-0.016,-5.149873,0.065806,-1.074133,38124392,1061
0.8332,1.8941,-9.4148,-0.1984,0.0043,0.0061,-5.149873,0.065806,-1.074133,38134892,1061
0.1152,1.9037,-8.6117,-0.2032,-0.0704,0.0067,-5.149873,0.065806,-1.074133,38145392,1061
1.2949,-0.3676,-9.308,-0.1979,-0.1027,-0.0028,-5.149873,0.065806,-1.074133,38155892,1061
0.3689,-1.3594,-8.5159,-0.1931,-0.1281,0.0017,-5.149873,0.065806,-1.074133,38166392,1061
-0.5189,0.6949,-10.7149,-0.1675,-0.1347,-0.0055,-5.149873,0.065806,-1.074133,38176892,1061
0.0774,-1.7185,-10.6064,-0.1365,-0.1323,-0.0001,-5.151148,0.04811,-1.079462,38186936,1062
0.1496,-1.5263,-10.4258,-0.1375,-0.1385,-0.0004,-5.151148,0.04811,-1.079462,38220285,1062
0.2714,0.2274,-4.5423,-0.0244,-0.0635,-0.0263,-5.151148,0.04811,-1.079462,38230785,1062
0.228,0.5868,-5.3097,-0.0134,-0.0937,-0.0198,-5.151148,0.04811,-1.079462,38241285,1062
0.2003,-0.0173,-6.2254,0.0348,-0.1035,-0.0086,-5.151148,0.04811,-1.079462,38251785,1062
0.6899,0.1417,-7.0582,0.0376,-0.1285,0.0015,-5.151148,0.04811,-1.079462,38262285,1062
-0.0285,0.3117,-8.7251,0.0495,-0.1377,0.0084,-5.151148,0.04811,-1.079462,38272785,1062
-0.2711,-0.4918,-8.1933,0.0976,-0.125,0.0166,-5.151148,0.04811,-1.079462,38283285,1062
0.4652,1.7561,-9.4647,0.0742,-0.1025,0.0055,-5.151148,0.04811,-1.079462,38293785,1062
-0.8499,2.237,-10.9013,0.0786,-0.0685,-0.0104,-5.151148,0.04811,-1.079462,38304285,1062
-0.0109,-1.0008,-10.2524,0.1016,-0.0082,-0.0003,-5.151148,0.04811,-1.079462,38314785,1062
-0.3954,-0.0117,-10.9132,0.0909,0.0362,-0.0043,-5.151148,0.04811,-1.079462,38325285,1062
-0.9274,2.7909,-12.1543,0.1122,0.1158,0.013,-5.151148,0.04811,-1.079462,38335785,1062
-1.008,0.0206,-13.4429,0.0755,0.1572,0.0092,-5.151148,0.04811,-1.079462,38346285,1062
1.1815,0.0473,-11.2838,0.0812,0.1842,0.0017,-5.151148,0.04811,-1.079462,38356785,1062
-0.2409,-2.9499,-11.396,0.0991,0.1795,-0.0013,-5.151148,0.04811,-1.079462,38367285,1062
1.3892,-0.9482,-10.0841,0.0845,0.1871,-0.0006,-5.151148,0.04811,-1.079462,38377785,1062
-0.2202,0.5095,-11.5376,0.1254,0.1469,0.0008,-5.151148,0.04811,-1.079462,38388285,1062
-1.1955,0.049,-11.3763,0.1012,0.1125,0.0035,-5.151148,0.04811,-1.079462,38398785,1062
-0.247,1.3588,-12.2637,0.0824,0.0473,0.0014,-5.151148,0.04811,-1.079462,38409285,1062
-0.6945,1.709,-11.2353,0.0916,0.0504,0.0161,-5.151148,0.04811,-1.079462,38419785,1062
-0.4928,-0.1663,-11.4024,0.0948,0.0332,0.0192,-5.150221,0.023054,-1.07826,38429830,1063
0.7822,0.0318,-10.9723,0.0796,-0.0088,0.0035,-5.12902,0.01409,-1.047705,38439989,1064
0.5983,-1.4027,-9.7428,0.1076,0.0303,0.0096,-5.12902,0.01409,-1.047705,38450489,1064
0.4209,-1.1307,-10.5548,0.0805,0.048,-0.0013,-5.12902,0.01409,-1.047705,38460518,1064
0.9521,0.2769,-10.2332,0.1142,0.0834,0.0055,-5.12902,0.01409,-1.047705,38471018,1064
-1.3516,0.5032,-10.8602,0.1262,0.1001,-0.0009,-5.12902,0.01409,-1.047705,38481518,1064
0.4752,-1.2049,-9.8627,0.1423,0.1594,0.0034,-5.12902,0.01409,-1.047705,38492018,1064
-0.2716,0.8682,-10.8763,0.152,0.1884,0.0008,-5.12902,0.01409,-1.047705,38502518,1064
0.2593,2.8618,-10.0451,0.2056,0.2395,0.0109,-5.12902,0.01409,-1.047705,38513018,1064
1.141,1.2249,-8.9577,0.2302,0.2146,0.0041,-5.12902,0.01409,-1.047705,38523518,1064
-0.4858,0.734,-9.3552,0.2411,0.1888,0.0071,-5.12902,0.01409,-1.047705,38534018,1064
0.3163,-1.3958,-8.7845,0.251,0.1583,0.0164,-5.12902,0.01409,-1.047705,38544518,1064
0.0424,-2.2,-10.1268,0.2551,0.1527,0.0173,-5.12902,0.01409,-1.047705,38555018,1064
-0.253,-1.6575,-10.3297,0.2377,0.1362,0.0252,-5.12902,0.01409,-1.047705,38565518,1064
0.2004,-1.0862,-10.5081,0.2451,0.0805,0.0206,-5.12902,0.01409,-1.047705,38576018,1064
-0.456,0.4807,-9.3165,0.2407,0.0553,0.0226,-5.12902,0.01409,-1.047705,38586518,1064
1.1696,-0.3544,-9.2147,0.2039,0.0268,0.0208,-5.12902,0.01409,-1.047705,38597018,1064
0.1719,-1.1142,-10.0252,0.1952,0.0409,0.0227,-5.12902,0.01409,-1.047705,38607518,1064
0.2769,0.1119,-10.2967,0.1537,0.0384,0.0129,-5.12902,0.01409,-1.047705,38618018,1064
0.8651,1.3434,-10.1164,0.1286,0.0594,0.0157,-5.121258,-0.007907,-1.059515,38628072,1065
-0.6176,2.7085,-9.9664,0.1222,0.0998,0.0213,-5.121258,-0.007907,-1.059515,38638572,1065
0.7285,-0.0143,-7.7062,0.0602,0.0973,0.0132,-5.121258,-0.007907,-1.059515,38649072,1065
-1.0975,0.5544,-10.1426,0.0297,0.1093,0.0101,-5.121258,-0.007907,-1.059515,38659572,1065
-0.2213,-2.7273,-10.6122,0.0087,0.1266,0.0211,-5.121258,-0.007907,-1.059515,38670072,1065
0.1319,-1.014,-10.9446,-0.0782,0.0607,0.0001,-5.121258,-0.007907,-1.059515,38680572,1065
-0.3818,1.5434,-11.2605,-0.0736,0.0939,0.0077,-5.121258,-0.007907,-1.059515,38691072,1065
1.1738,0.9874,-10.4811,-0.0957,0.0638,0.0093,-5.121258,-0.007907,-1.059515,38701572,1065
0.7313,1.1098,-9.4773,-0.09,0.0278,0.011,-5.121258,-0.007907,-1.059515,38712072,1065
-0.0741,1.7116,-8.6152,-0.0975,-0.0509,0.0092,-5.121258,-0.007907,-1.059515,38722572,1065
0.6977,-0.3837,-9.4709,-0.0783,-0.0689,0.0073,-5.109718,-0.019885,-1.063549,38733118,1066
0.3076,-1.6823,-8.7318,-0.069,-0.093,0.0177,-5.109718,-0.019885,-1.063549,38743618,1066
-0.5619,-0.5654,-10.2145,-0.0652,-0.1353,0.0208,-5.109718,-0.019885,-1.063549,38754118,1066
0.0065,-0.5082,-10.9133,-0.0494,-0.1756,0.009,-5.109718,-0.019885,-1.063549,38764618,1066
0.5148,-1.181,-10.7321,-0.0532,-0.2215,0.0162,-5.109718,-0.019885,-1.063549,38775118,1066
-0.3931,0.8342,-11.5498,-0.0535,-0.2286,0.0113,-5.109718,-0.019885,-1.063549,38785618,1066
1.0989,0.6975,-10.2786,-0.0682,-0.2133,0.0209,-5.109718,-0.019885,-1.063549,38796118,1066
0.1371,0.1029,-9.4502,-0.043,-0.2152,0.02,-5.109718,-0.019885,-1.063549,38806557,1066
-0.5713,1.5212,-9.9488,-0.066,-0.163,0.0268,-5.109718,-0.019885,-1.063549,38817057,1066
-0.0152,-0.2872,-9.2178,-0.0836,-0.1139,0.0285,-5.109718,-0.019885,-1.063549,38827557,1066
-0.8072,0.3644,-10.0004,-0.0911,-0.0819,0.0226,-5.109718,-0.019885,-1.063549,38838057,1066
0.8096,-1.5965,-9.309,-0.1225,-0.0596,0.0142,-5.109718,-0.019885,-1.063549,38848557,1066
0.072,-1.458,-10.1626,-0.0765,0.0009,0.0245,-5.109718,-0.019885,-1.063549,38859057,1066
0.6182,-0.6914,-9.8094,-0.0929,0.0008,0.0219,-5.087939,-0.028696,-1.066453,38869107,1067
1.1046,0.1518,-9.9219,-0.0994,0.0167,0.0217,-5.087939,-0.028696,-1.066453,38879607,1067
-0.5908,0.4557,-9.9583,-0.1085,0.0349,0.023,-5.087939,-0.028696,-1.066453,38889616,1067
0.5377,-0.4607,-9.4632,-0.0748,0.0356,0.0294,-5.087939,-0.028696,-1.066453,38900116,1067
-0.8341,-0.0215,-10.1481,-0.079,0.0206,0.0263,-5.087939,-0.028696,-1.066453,38910616,1067
-0.8205,-0.95,-10.7569,-0.0267,0.01,0.0231,-5.087939,-0.028696,-1.066453,38921116,1067
0.2586,-1.1266,-10.21,-0.0135,-0.0003,0.0322,-5.087939,-0.028696,-1.066453,38931616,1067
-0.6821,0.5581,-11.1217,0.0031,-0.0219,0.0256,-5.087939,-0.028696,-1.066453,38942116,1067
1.1004,0.5903,-9.7625,0.0512,-0.0246,0.0308,-5.087939,-0.028696,-1.066453,38952616,1067
0.7865,-0.1244,-9.4263,0.0096,-0.0887,0.0155,-5.087939,-0.028696,-1.066453,38963116,1067
0.1346,1.9588,-9.3971,0.026,-0.1093,0.0329,-5.061042,-0.035377,-1.074728,38973160,1068
0.972,-0.64,-9.1096,0.0468,-0.0985,0.0394,-5.061042,-0.035377,-1.074728,38983660,1068
-0.1376,0.2275,-9.268,0.0219,-0.123,0.0318,-5.061042,-0.035377,-1.074728,38994160,1068
0.1674,-0.1004,-9.8471,0.0155,-0.1311,0.0383,-5.061042,-0.035377,-1.074728,39004660,1068
0.6658,-1.1357,-9.1216,0.0515,-0.0934,0.0342,-5.061042,-0.035377,-1.074728,39015160,1068
-0.2243,-1.2042,-9.857,0.0189,-0.1141,0.0253,-5.061042,-0.035377,-1.074728,39025660,1068
0.2705,-2.2971,-10.9166,0.0234,-0.1171,0.0191,-5.061042,-0.035377,-1.074728,39036160,1068
0.3764,-0.6056,-10.7152,0.0185,-0.0791,0.0328,-5.061042,-0.035377,-1.074728,39046660,1068
0.1737,1.5668,-10.9496,0.0117,-0.1036,0.0312,-5.061042,-0.035377,-1.074728,39057160,1068
0.9859,1.5583,-10.5635,0.0233,-0.1136,0.0268,-5.061042,-0.035377,-1.074728,39067660,1068
-0.6562,2.6569,-9.6609,0.0076,-0.1106,0.0284,-5.061042,-0.035377,-1.074728,39078160,1068
0.1895,1.4484,-9.5585,0.0129,-0.078,0.0296,-5.061042,-0.035377,-1.074728,39088660,1068
-0.2955,1.8267,-9.917,0.0336,-0.029,0.0341,-5.032374,-0.055313,-1.092529,39098706,1069
0.0201,0.7324,-8.81,0.0148,-0.0574,0.0268,-5.032374,-0.055313,-1.092529,39108735,1069
0.6998,-1.0422,-9.3952,0.007,-0.0323,0.0222,-5.032374,-0.055313,-1.092529,39119235,1069
-1.1024,-0.8828,-9.5447,-0.0251,-0.0202,0.0115,-5.032374,-0.055313,-1.092529,39129735,1069
1.1964,-2.7905,-9.532,-0.013,0.0184,0.0164,-5.032374,-0.055313,-1.092529,39140235,1069
1.1862,0.1892,-9.3387,-0.0381,0.0294,0.0122,-5.032374,-0.055313,-1.092529,39150735,1069
0.5263,-0.7949,-9.4519,-0.0682,-0.0067,0.0159,-5.032374,-0.055313,-1.092529,39161235,1069
0.4005,-0.305,-10.4061,-0.06,-0.0021,0.0192,-5.032374,-0.055313,-1.092529,39171735,1069
0.0219,2.5006,-10.7259,-0.083,-0.0186,0.024,-5.032374,-0.055313,-1.092529,39182235,1069
0.9843,2.025,-9.0545,-0.0752,-0.0237,0.0261,-5.032374,-0.055313,-1.092529,39192735,1069
-1.0442,1.9319,-8.9594,-0.0435,-0.0202,0.027,-5.012161,-0.051892,-1.096529,39202781,1070
0.3553,0.2012,-8.6556,-0.0668,-0.003,0.0206,-5.012161,-0.051892,-1.096529,39213281,1070
-0.1206,-1.3533,-9.4764,-0.043,0.006,0.023,-5.012161,-0.051892,-1.096529,39223781,1070
0.0527,-0.8053,-9.1883,-0.0439,0.024,0.0165,-5.012161,-0.051892,-1.096529,39234281,1070
0.7002,-2.1789,-8.3462,-0.0347,0.0222,0.0176,-5.012161,-0.051892,-1.096529,39244781,1070
-0.1784,-1.4499,-9.773,-0.0033,0.0201,0.0192,-5.012161,-0.051892,-1.096529,39255281,1070
0.6743,-1.7873,-9.9705,0.0548,0.0397,0.0271,-5.012161,-0.051892,-1.096529,39265781,1070
-0.2152,0.36,-10.7465,0.0226,-0.0055,0.0084,-5.012161,-0.051892,-1.096529,39276281,1070
0.724,0.3754,-10.7641,0.0373,-0.0019,0.0127,-5.012161,-0.051892,-1.096529,39286781,1070
-0.1631,1.376,-10.2861,0.0626,0.0083,0.013,-5.012161,-0.051892,-1.096529,39297281,1070
-0.7898,2.3745,-10.6336,0.0521,0.0003,0.0071,-5.012161,-0.051892,-1.096529,39307781,1070
-0.8328,1.6402,-10.8609,0.0564,-0.0088,0.0087,-5.012161,-0.051892,-1.096529,39318271,1070
0.6182,1.3552,-8.8178,0.0574,-0.0117,0.0093,-5.012161,-0.051892,-1.096529,39328771,1070
0.0847,0.6053,-10.6748,0.0792,0.0551,0.0191,-4.984442,-0.065732,-1.107117,39338924,1071
-0.41,-0.05,-9.1083,0.0891,0.0656,0.0108,-4.984442,-0.065732,-1.107117,39349424,1071
-0.7264,1.7366,-10.1593,0.0777,0.059,-0.0027,-4.984442,-0.065732,-1.107117,39359426,1071
0.9462,-0.1445,-9.2377,0.0712,0.0883,0.0096,-4.984442,-0.065732,-1.107117,39369926,1071
0.7887,-0.1601,-9.0508,0.0663,0.0597,0.0013,-4.984442,-0.065732,-1.107117,39380426,1071
0.9521,0.7612,-9.0397,0.0799,0.0808,0.0104,-4.984442,-0.065732,-1.107117,39390926,1071
0.4364,-0.1441,-9.6883,0.0926,0.0871,0.0118,-4.984442,-0.065732,-1.107117,39401426,1071
-0.53,0.7774,-11.2847,0.0745,0.0843,0.0135,-4.984442,-0.065732,-1.107117,39411926,1071
0.079,1.1819,-10.3161,0.047,0.0503,0.0052,-4.984442,-0.065732,-1.107117,39422426,1071
-0.293,1.6349,-9.8932,0.0242,0.0691,0.0047,-4.954483,-0.074243,-1.122292,39432474,1072
-0.8834,-0.4428,-10.2474,-0.0035,0.0682,0.001,-4.954483,-0.074243,-1.122292,39442974,1072
0.1231,-0.7701,-8.9956,-0.0021,0.0808,0.0057,-4.954483,-0.074243,-1.122292,39453474,1072
-0.3086,2.0148,-10.3391,-0.0453,0.0416,-0.0041,-4.954483,-0.074243,-1.122292,39463974,1072
1.17,-0.8678,-8.5015,-0.0704,-0.0267,-0.0164,-4.954483,-0.074243,-1.122292,39474474,1072
0.3579,-2.0054,-8.8649,-0.0223,0.0539,0.0133,-4.954483,-0.074243,-1.122292,39484974,1072
0.1494,-0.6879,-10.1617,-0.0832,0.0051,0.0124,-4.954483,-0.074243,-1.122292,39495474,1072
0.9683,1.1425,-10.7645,-0.0709,-0.0392,0.0058,-4.954483,-0.074243,-1.122292,39505974,1072
-0.3794,2.3002,-10.6592,-0.0462,-0.0031,0.012,-4.954483,-0.074243,-1.122292,39516474,1072
-0.0427,2.1222,-8.9447,-0.0699,-0.0058,0.013,-4.954483,-0.074243,-1.122292,39526974,1072
-0.2298,1.6762,-8.8948,-0.0568,0.0172,0.0132,-4.954483,-0.074243,-1.122292,39537474,1072
-0.5258,0.6337,-9.5933,-0.0604,0.0046,0.004,-4.924811,-0.084742,-1.136245,39547522,1073
0.7104,-0.7204,-7.5388,-0.0487,0.0241,0.0173,-4.924811,-0.084742,-1.136245,39557524,1073
-0.0638,-1.5375,-8.0716,-0.0687,0.0312,0.0128,-4.924811,-0.084742,-1.136245,39568024,1073
0.2236,-2.9652,-10.0617,-0.0424,0.0121,0.0127,-4.924811,-0.084742,-1.136245,39578524,1073
0.0229,-0.6835,-10.8118,-0.0486,0.0236,0.0193,-4.924811,-0.084742,-1.136245,39589024,1073
0.3248,0.1449,-10.8219,-0.0469,0.0337,0.023,-4.924811,-0.084742,-1.136245,39599524,1073
-1.322,1.2408,-9.482,-0.0699,0.06,0.0231,-4.924811,-0.084742,-1.136245,39610024,1073
0.0728,1.5492,-9.5712,-0.07,0.0433,0.0096,-4.924811,-0.084742,-1.136245,39620524,1073
0.7337,-0.2415,-8.8587,-0.0391,0.0808,0.0149,-4.924811,-0.084742,-1.136245,39631024,1073
0.5201,-2.9186,-9.5549,-0.0924,0.0511,0.004,-4.924811,-0.084742,-1.136245,39641524,1073
0.7256,-1.8042,-9.6713,-0.067,0.0713,0.0031,-4.924811,-0.084742,-1.136245,39652024,1073
-0.0942,1.554,-11.5776,-0.074,0.0747,-0.004,-4.879929,-0.097801,-1.143652,39662071,1074
0.6733,1.2446,-10.3561,-0.0387,0.0538,0.0106,-4.879929,-0.097801,-1.143652,39672571,1074
-0.7624,3.6584,-9.7774,-0.0364,0.0709,0.0168,-4.879929,-0.097801,-1.143652,39683071,1074
0.4075,2.4342,-8.9376,-0.0543,0.0083,0.0104,-4.879929,-0.097801,-1.143652,39693571,1074
0.9184,0.7904,-7.9948,-0.0799,-0.0168,0.0058,-4.879929,-0.097801,-1.143652,39704071,1074
0.603,-0.1474,-9.1138,-0.08,-0.0445,-0.0057,-4.879929,-0.097801,-1.143652,39714571,1074
0.7869,-2.3009,-8.0321,-0.0719,-0.0298,0.0025,-4.879929,-0.097801,-1.143652,39725071,1074
-0.503,0.5855,-11.2485,-0.1035,-0.1132,-0.0181,-4.879929,-0.097801,-1.143652,39735571,1074
0.4885,2.8451,-9.9524,-0.0678,-0.0968,0.0047,-4.879929,-0.097801,-1.143652,39746071,1074
-0.4125,1.8792,-9.0562,-0.0597,-0.139,-0.0049,-4.879929,-0.097801,-1.143652,39756571,1074
-0.7148,0.6742,-8.6084,-0.0436,-0.0996,0.0098,-4.879929,-0.097801,-1.143652,39767071,1074
0.5184,-1.4561,-7.9958,-0.0559,-0.1177,0.004,-4.879929,-0.097801,-1.143652,39777571,1074
0.3252,-1.454,-8.3691,-0.0259,-0.114,0.0034,-4.879929,-0.097801,-1.143652,39788071,1074
0.7494,-3.1872,-8.3767,-0.0382,-0.0462,0.0074,-4.839834,-0.106253,-1.148444,39798115,1075
-0.2262,-3.3471,-9.5678,-0.0112,-0.0412,0.0039,-4.839834,-0.106253,-1.148444,39808615,1075
0.7782,-2.5206,-10.7961,-0.0183,-0.0564,-0.009,-4.839834,-0.106253,-1.148444,39818644,1075
1.0144,-0.2321,-11.061,0.0013,-0.0301,0.0033,-4.839834,-0.106253,-1.148444,39829144,1075
0.9996,-0.1526,-10.4831,0.0102,-0.0203,0.0038,-4.839834,-0.106253,-1.148444,39839362,1075
0.5536,-1.2627,-9.2965,0.0562,0.0277,0.0025,-4.839834,-0.106253,-1.148444,39849862,1075
-0.2699,-3.8457,-8.8771,0.0654,0.0421,0.0128,-4.839834,-0.106253,-1.148444,39860362,1075
-0.8896,-0.6775,-11.4592,0.0287,0.0018,-0.0137,-4.839834,-0.106253,-1.148444,39870862,1075
0.0303,1.5822,-10.1117,0.0557,0.0515,-0.0047,-4.839834,-0.106253,-1.148444,39881362,1075
-0.3653,1.0296,-9.6677,0.0563,0.0741,0.0063,-4.839834,-0.106253,-1.148444,39891862,1075
0.2364,-1.6561,-8.8458,0.0583,0.045,0.0002,-4.839834,-0.106253,-1.148444,39902362,1075
0.6066,-0.8714,-8.7175,0.0029,0.0028,-0.0074,-4.839834,-0.106253,-1.148444,39912862,1075
1.3239,-2.147,-9.9902,-0.032,-0.0452,-0.0149,-4.839834,-0.106253,-1.148444,39923362,1075
-0.9242,0.1672,-11.2889,-0.0067,-0.0225,0.0082,-4.839834,-0.106253,-1.148444,39933862,1075
-0.1517,1.6757,-10.8636,-0.0337,-0.0629,-0.0048,-4.839834,-0.106253,-1.148444,39944362,1075
1.1724,2.569,-9.0023,-0.0429,-0.0395,-0.0044,-4.839834,-0.106253,-1.148444,39954862,1075
0.3776,-1.8337,-8.6822,0.0056,-0.0467,0.002,-4.839834,-0.106253,-1.148444,39965362,1075
0.8153,-1.2814,-8.2889,-0.0564,-0.0638,-0.0142,-4.839834,-0.106253,-1.148444,39975862,1075
0.2942,0.7918,-10.4662,-0.0215,-0.0444,-0.0046,-4.839834,-0.106253,-1.148444,39986362,1075
0.7917,0.6739,-10.0615,0.0059,-0.026,0.001,-4.839834,-0.106253,-1.148444,39996862,1075
-0.9181,1.5742,-10.55,0.0345,0.0323,0.0059,-4.839834,-0.106253,-1.148444,40007362,1075
-0.1358,2.6723,-8.9489,-0.0003,-0.0308,-0.0013,-4.800545,-0.116782,-1.150537,40017914,1076
-0.6006,1.4619,-9.886,0.0417,-0.0001,-0,-4.800545,-0.116782,-1.150537,40028414,1076
0.0341,-0.1278,-8.8384,0.0444,0.0573,-0.0121,-4.800545,-0.116782,-1.150537,40038914,1076
0.1388,0.0167,-8.5774,0.0447,0.1512,-0.0101,-4.800545,-0.116782,-1.150537,40049414,1076
0.0378,0.0614,-9.8481,0.0166,0.2165,-0.0212,-4.800545,-0.116782,-1.150537,40059914,1076
0.7245,1.463,-8.3805,0.0444,0.3506,-0.0037,-4.800545,-0.116782,-1.150537,40070414,1076
-0.9772,-0.1258,-9.0396,0.0722,0.4231,-0.0044,-4.800545,-0.116782,-1.150537,40080914,1076
-0.0818,-2.7558,-8.5467,0.0265,0.4888,-0.004,-4.800545,-0.116782,-1.150537,40091414,1076
0.8617,-0.5473,-9.3031,0.033,0.5566,-0.0088,-4.800545,-0.116782,-1.150537,40101914,1076
1.4899,-2.2036,-9.4728,-0.0552,0.5198,-0.0232,-4.800545,-0.116782,-1.150537,40112414,1076
0.1389,-1.8032,-10.4094,0.0188,0.5712,-0.0155,-4.746758,-0.127468,-1.147966,40122460,1077
0.0538,-0.4461,-9.9591,-0.0036,0.5686,-0.0168,-4.746758,-0.127468,-1.147966,40132496,1077
0.4459,-2.0567,-9.9335,-0.0228,0.5032,-0.0143,-4.746758,-0.127468,-1.147966,40142996,1077
0.2622,0.5238,-10.6951,-0.0271,0.4383,-0.0044,-4.746758,-0.127468,-1.147966,40153496,1077
-0.489,1.7198,-10.0126,-0.0281,0.3434,-0.0029,-4.746758,-0.127468,-1.147966,40163996,1077
0.2227,0.2216,-8.4436,-0.0499,0.2594,0.0012,-4.746758,-0.127468,-1.147966,40174496,1077
0.6628,-3.3841,-9.399,-0.0752,0.1626,-0.007,-4.746758,-0.127468,-1.147966,40184996,1077
0.6908,-1.8585,-8.915,-0.0545,0.0438,-0.005,-4.746758,-0.127468,-1.147966,40195496,1077
0.4177,-0.6574,-11.093,-0.0835,-0.0119,-0.0002,-4.746758,-0.127468,-1.147966,40205996,1077
0.6184,1.8263,-11.4328,-0.0759,-0.0535,-0.0035,-4.746758,-0.127468,-1.147966,40216496,1077
0.684,2.2377,-10.2139,-0.0492,-0.0864,0.0066,-4.746758,-0.127468,-1.147966,40226996,1077
-0.8126,3.4783,-10.0534,-0.0094,-0.1196,0.0098,-4.746758,-0.127468,-1.147966,40237496,1077
-0.5254,1.3004,-9.5811,-0.0394,-0.1344,0.0089,-4.746758,-0.127468,-1.147966,40247996,1077
-0.6364,-0.1103,-9.7373,-0.0348,-0.1376,0.0039,-4.695283,-0.127374,-1.143882,40258048,1078
-0.7513,2.4216,-11.1566,-0.0217,-0.1003,0.008,-4.695283,-0.127374,-1.143882,40268548,1078
1.0039,2.0553,-9.997,0.0268,-0.0868,-0.0027,-4.695283,-0.127374,-1.143882,40279048,1078
0.5537,0.9014,-9.2561,0.0564,-0.0403,0.003,-4.695283,-0.127374,-1.143882,40289548,1078
-0.9199,2.0895,-9.2025,0.0805,0.0125,0.0098,-4.695283,-0.127374,-1.143882,40300048,1078
-0.7838,0.5176,-10.1261,0.1191,0.0558,0.007,-4.695283,-0.127374,-1.143882,40310548,1078
0.1836,0.3389,-10.1419,0.1308,0.0472,0.0098,-4.695283,-0.127374,-1.143882,40321048,1078
0.26,1.8045,-10.2273,0.1501,0.025,0.0154,-4.695283,-0.127374,-1.143882,40331548,1078
1.2879,0.5724,-8.3559,0.1889,-0.0101,0.0214,-4.695283,-0.127374,-1.143882,40342048,1078
1.2017,1.1266,-7.7529,0.1711,0.008,0.0199,-4.650375,-0.13135,-1.14236,40352092,1079
0.1686,-0.7165,-8.0603,0.1263,-0.0637,-0.0011,-4.650375,-0.13135,-1.14236,40362551,1079
-0.3565,-2.2766,-8.6801,0.14,-0.0967,0.0034,-4.650375,-0.13135,-1.14236,40372590,1079
1.1018,-3.5421,-10.1061,0.1276,-0.1486,-0.0046,-4.650375,-0.13135,-1.14236,40383090,1079
1.0677,-2.3511,-10.9439,0.116,-0.1111,0.0102,-4.650375,-0.13135,-1.14236,40393590,1079
1.5467,-0.6139,-9.3917,0.1036,-0.1652,0.0146,-4.650375,-0.13135,-1.14236,40404090,1079
0.0619,0.5738,-11.009,0.0833,-0.192,0.0128,-4.650375,-0.13135,-1.14236,40414590,1079
0.0491,-0.2951,-10.8126,0.0453,-0.2,0.0118,-4.650375,-0.13135,-1.14236,40425090,1079
-0.4606,-0.428,-11.8162,0.0964,-0.215,0.0251,-4.650375,-0.13135,-1.14236,40435590,1079
-0.0749,2.1015,-10.1117,0.0104,-0.2872,0.0059,-4.650375,-0.13135,-1.14236,40446090,1079
-0.0518,1.7882,-10.661,0.035,-0.2462,0.0176,-4.650375,-0.13135,-1.14236,40456590,1079
-0.1618,1.7359,-9.8198,-0.0102,-0.2656,0.0098,-4.650375,-0.13135,-1.14236,40467090,1079
0.9991,1.2899,-8.8121,-0.0057,-0.2488,0.013,-4.650375,-0.13135,-1.14236,40477590,1079
-0.2279,1.7399,-9.1519,-0.0403,-0.1805,0.0012,-4.572274,-0.133194,-1.137466,40487642,1080
0.0493,-1.3501,-7.9835,0.0072,-0.1585,0.0043,-4.572274,-0.133194,-1.137466,40498142,1080
-0.2194,-0.7453,-9.2906,-0.0158,-0.1776,0.0064,-4.572274,-0.133194,-1.137466,40508642,1080
0.9775,-1.8195,-9.2388,-0.009,-0.1515,0.0281,-4.572274,-0.133194,-1.137466,40519142,1080
1.5948,0.3156,-8.8713,-0.0279,-0.1861,0.0217,-4.572274,-0.133194,-1.137466,40529642,1080
0.5103,-0.469,-9.5814,-0.0215,-0.2143,0.0279,-4.572274,-0.133194,-1.137466,40540142,1080
0.0828,0.2534,-11.1136,-0.0171,-0.2212,0.0357,-4.572274,-0.133194,-1.137466,40550642,1080
-0.0448,-1.4415,-11.4487,-0.039,-0.2657,0.0122,-4.572274,-0.133194,-1.137466,40561142,1080
0.0312,0.8904,-11.2845,-0.0216,-0.3137,0.0097,-4.572274,-0.133194,-1.137466,40571642,1080
-0.6313,0.3831,-10.8546,0.0218,-0.2553,0.0265,-4.507771,-0.132278,-1.140574,40582186,1081
-0.4317,1.2995,-10.7106,0.0102,-0.2727,0.027,-4.507771,-0.132278,-1.140574,40592686,1081
0.009,2.5348,-10.905,0.0387,-0.2842,0.0222,-4.507771,-0.132278,-1.140574,40603186,1081
-0.0453,3.6691,-10.7761,0.0307,-0.2993,0.0175,-4.507771,-0.132278,-1.140574,40613686,1081
0.2751,1.3328,-7.6207,-0.0141,-0.3331,0.0104,-4.507771,-0.132278,-1.140574,40624186,1081
-0.8769,-0.1006,-9.4041,0.0032,-0.2825,0.0191,-4.507771,-0.132278,-1.140574,40634686,1081
0.2764,-1.1348,-9.4251,0.0028,-0.2582,0.0205,-4.507771,-0.132278,-1.140574,40645186,1081
1.1586,-3.1417,-8.4399,-0.0161,-0.2814,0.0196,-4.507771,-0.132278,-1.140574,40655686,1081
0.5845,0.3534,-8.4383,-0.0611,-0.2212,0.017,-4.507771,-0.132278,-1.140574,40666186,1081
1.0173,-1.0414,-9.2655,-0.0317,-0.1997,0.0225,-4.507771,-0.132278,-1.140574,40676686,1081
1.3677,-0.3048,-10.1357,-0.0218,-0.2037,0.0239,-4.507771,-0.132278,-1.140574,40687186,1081
0.3134,-2.2426,-8.4395,-0.0354,-0.2067,0.0241,-4.507771,-0.132278,-1.140574,40697686,1081
-0.6795,-0.8264,-10.7976,-0.0488,-0.2174,0.0114,-4.507771,-0.132278,-1.140574,40708186,1081
0.2753,0.6881,-10.7388,-0.0719,-0.1859,0.0087,-4.435388,-0.144942,-1.146246,40718232,1082
-0.196,-0.5629,-11.0059,-0.0682,-0.1586,0.0264,-4.435388,-0.144942,-1.146246,40728732,1082
-0.7999,-0.5304,-11.5605,-0.075,-0.1209,0.0376,-4.435388,-0.144942,-1.146246,40738734,1082
0.6177,2.6082,-10.7824,-0.1056,-0.0544,0.0448,-4.435388,-0.144942,-1.146246,40749234,1082
-0.4403,2.5939,-10.7257,-0.1321,-0.0396,0.03,-4.435388,-0.144942,-1.146246,40759734,1082
-1.0621,1.3751,-10.3206,-0.1396,0.0096,0.0323,-4.435388,-0.144942,-1.146246,40770234,1082
-0.1896,2.2401,-9.4304,-0.1547,0.0668,0.0347,-4.435388,-0.144942,-1.146246,40780734,1082
-1.5108,0.2144,-9.4031,-0.1599,0.08,0.0249,-4.435388,-0.144942,-1.146246,40791234,1082
0.1477,0.5238,-9.9319,-0.1385,0.1262,0.0324,-4.435388,-0.144942,-1.146246,40801734,1082
0.8337,0.2547,-8.7492,-0.1093,0.137,0.0377,-4.435388,-0.144942,-1.146246,40812234,1082
0.2568,2.0992,-8.809,-0.1236,0.1046,0.032,-4.388218,-0.150763,-1.16124,40822287,1083
0.777,-1.3365,-8.7343,-0.0864,0.1233,0.0427,-4.388218,-0.150763,-1.16124,40832787,1083
1.0313,1.3276,-9.0328,-0.1253,0.0772,0.0353,-4.388218,-0.150763,-1.16124,40843287,1083
0.8883,-1.3782,-9.2372,-0.1619,0.0098,0.0264,-4.388218,-0.150763,-1.16124,40853787,1083
0.1182,-1.372,-10.1949,-0.0671,0.0925,0.0464,-4.388218,-0.150763,-1.16124,40864287,1083
0.3436,1.0734,-10.461,-0.0963,0.0767,0.0446,-4.388218,-0.150763,-1.16124,40874787,1083
-0.2725,1.6239,-11.0328,-0.0689,0.0968,0.0478,-4.388218,-0.150763,-1.16124,40885287,1083
-0.9431,0.6816,-10.9849,-0.1031,0.154,0.0412,-4.388218,-0.150763,-1.16124,40895787,1083
-0.2109,2.7153,-9.9805,-0.0946,0.1587,0.0462,-4.388218,-0.150763,-1.16124,40906287,1083
-0.9315,1.4261,-9.5011,-0.0908,0.2034,0.0413,-4.388218,-0.150763,-1.16124,40916787,1083
-0.6388,1.3824,-10.6483,-0.1516,0.1694,0.0227,-4.388218,-0.150763,-1.16124,40927287,1083
0.0996,0.0985,-8.6923,-0.0815,0.2081,0.0315,-4.388218,-0.150763,-1.16124,40937787,1083
-0.409,-0.572,-9.2956,-0.0966,0.2327,0.0374,-4.321947,-0.159791,-1.168385,40947831,1084
0.0118,1.3115,-9.4379,-0.1152,0.2229,0.0439,-4.321947,-0.159791,-1.168385,40957870,1084
1.0618,1.2938,-8.625,-0.1322,0.1688,0.037,-4.321947,-0.159791,-1.168385,40968370,1084
0.2281,-1.1695,-8.9769,-0.1084,0.2303,0.045,-4.321947,-0.159791,-1.168385,40978399,1084
0.9523,-0.6147,-8.6865,-0.0887,0.2297,0.0559,-4.321947,-0.159791,-1.168385,40988899,1084
0.7446,-1.9163,-9.7626,-0.0819,0.1886,0.052,-4.321947,-0.159791,-1.168385,40999399,1084
-0.0682,-1.3549,-10.569,-0.1029,0.1793,0.0473,-4.321947,-0.159791,-1.168385,41009899,1084
0.8023,1.5501,-11.0504,-0.0955,0.1953,0.0562,-4.321947,-0.159791,-1.168385,41020399,1084
-0.4134,1.1903,-10.7272,-0.1088,0.1906,0.0451,-4.321947,-0.159791,-1.168385,41030899,1084
-0.7425,2.7323,-10.9521,-0.1053,0.2034,0.0584,-4.321947,-0.159791,-1.168385,41041399,1084
0.7041,4.0865,-10.0831,-0.087,0.2224,0.0502,-4.235358,-0.166156,-1.175052,41051443,1085
-0.6244,1.8943,-10.35,-0.1379,0.1685,0.0325,-4.235358,-0.166156,-1.175052,41061943,1085
-0.4454,2.789,-9.6798,-0.048,0.2481,0.062,-4.235358,-0.166156,-1.175052,41072443,1085
0.2238,2.4644,-9.9738,-0.0575,0.1794,0.0516,-4.235358,-0.166156,-1.175052,41082943,1085
0.0651,1.5509,-9.1789,-0.0358,0.1215,0.0425,-4.235358,-0.166156,-1.175052,41093443,1085
0.3813,0.025,-8.5138,-0.011,0.0534,0.0354,-4.235358,-0.166156,-1.175052,41103943,1085
-0.3931,0.1214,-8.8146,0.0252,-0.0188,0.0375,-4.235358,-0.166156,-1.175052,41114443,1085
0.6809,-0.4445,-7.7471,0.0397,-0.0905,0.0432,-4.235358,-0.166156,-1.175052,41124943,1085
0.7162,-2.5772,-8.166,0.0182,-0.1952,0.039,-4.235358,-0.166156,-1.175052,41135443,1085
0.3433,-3.1833,-8.4569,0.0724,-0.2498,0.0404,-4.235358,-0.166156,-1.175052,41145943,1085
0.2892,-2.1677,-9.6592,0.0859,-0.2707,0.0447,-4.235358,-0.166156,-1.175052,41156443,1085
0.5959,-1.7949,-10.0436,0.0424,-0.2677,0.0454,-4.235358,-0.166156,-1.175052,41166943,1085
0.3146,-2.7355,-9.9119,0.0109,-0.2845,0.0269,-4.235358,-0.166156,-1.175052,41177443,1085
0.1293,-0.3832,-10.8818,0.0064,-0.2527,0.0359,-4.140159,-0.16626,-1.173838,41188002,1086
0.7316,-0.0453,-9.8192,-0.0075,-0.216,0.0307,-4.140159,-0.16626,-1.173838,41198501,1086
0.0407,-1.5527,-8.1623,-0.0335,-0.2079,0.0375,-4.078936,-0.165679,-1.175941,41208550,1087
0.3344,-1.3867,-9.0758,-0.0278,-0.1765,0.0486,-4.078936,-0.165679,-1.175941,41218581,1087
1.1027,-1.2799,-8.3474,0.0155,-0.1916,0.0566,-4.078936,-0.165679,-1.175941,41229081,1087
0.0978,-2.2045,-8.751,0.0271,-0.2661,0.0594,-4.078936,-0.165679,-1.175941,41239581,1087
0.0728,-2.6063,-9.8521,0.0691,-0.3157,0.0569,-4.078936,-0.165679,-1.175941,41250081,1087
0.9196,-1.724,-10.1295,0.07,-0.4282,0.0468,-4.078936,-0.165679,-1.175941,41260581,1087
-0.1818,-0.3589,-10.0731,0.1061,-0.4692,0.0496,-4.078936,-0.165679,-1.175941,41271081,1087
-0.5312,-2.0567,-10.4302,0.1006,-0.5407,0.0422,-4.078936,-0.165679,-1.175941,41281581,1087
-0.076,-0.7998,-10.9813,0.1521,-0.5496,0.0528,-4.078936,-0.165679,-1.175941,41292081,1087
0.3438,0.4384,-10.9822,0.1691,-0.5978,0.0526,-4.078936,-0.165679,-1.175941,41302581,1087
-0.0886,-0.5552,-10.9178,0.1648,-0.5878,0.0567,-4.078936,-0.165679,-1.175941,41313081,1087
-0.322,0.4829,-11.2736,0.1287,-0.5781,0.0498,-4.078936,-0.165679,-1.175941,41323581,1087
0.5649,1.6655,-11.2488,0.1198,-0.5208,0.0415,-4.078936,-0.165679,-1.175941,41334081,1087
0.0828,-0.0935,-10.5436,0.1035,-0.4298,0.0543,-4.078936,-0.165679,-1.175941,41344581,1087
-0.2011,1.7792,-11.057,0.0874,-0.3215,0.0497,-4.078936,-0.165679,-1.175941,41355081,1087
0.1962,-2.3664,-8.9332,0.0785,-0.2524,0.0532,-4.078936,-0.165679,-1.175941,41365581,1087
-0.0366,-2.1251,-9.7544,0.0469,-0.2149,0.0418,-4.078936,-0.165679,-1.175941,41376081,1087
-0.3309,-1.8383,-10.0513,0.0768,-0.1138,0.0596,-4.078936,-0.165679,-1.175941,41386581,1087
0.2791,-3.4017,-9.0457,0.0863,-0.0465,0.0731,-4.078936,-0.165679,-1.175941,41397081,1087
0.7012,-0.8494,-9.6073,0.0308,-0.0555,0.0562,-4.078936,-0.165679,-1.175941,41407581,1087
-0.2598,-1.9495,-9.7638,0.0636,-0.0253,0.0636,-4.078936,-0.165679,-1.175941,41418081,1087
1.1676,-1.0472,-10.1652,0.0639,-0.0271,0.0511,-3.996289,-0.165019,-1.181749,41428127,1088
1.4926,0.0883,-9.606,0.0542,-0.0079,0.0573,-3.996289,-0.165019,-1.181749,41438627,1088
-0.2186,-1.2479,-10.7998,0.0009,-0.0438,0.0401,-3.996289,-0.165019,-1.181749,41449127,1088
0.0537,0.6001,-11.0162,0.0455,0.0393,0.0504,-3.996289,-0.165019,-1.181749,41459627,1088
-0.1718,-1.2202,-10.3765,0.0195,0.1397,0.061,-3.996289,-0.165019,-1.181749,41470127,1088
0.5178,0.847,-10.4655,-0.0001,0.2125,0.0467,-3.996289,-0.165019,-1.181749,41480627,1088
-0.1891,-1.0942,-10.3556,0.0307,0.3328,0.0444,-3.996289,-0.165019,-1.181749,41491127,1088
0.5772,-0.4529,-8.2034,-0.0183,0.431,0.0393,-3.996289,-0.165019,-1.181749,41501627,1088
-1.0829,-2.1448,-8.5727,-0.0157,0.5434,0.0339,-3.906534,-0.153952,-1.180085,41511682,1089
0.5087,-0.8125,-8.2178,0.0282,0.6229,0.0507,-3.906534,-0.153952,-1.180085,41521710,1089
-0.1399,-1.572,-8.5932,-0.0414,0.5722,0.0351,-3.906534,-0.153952,-1.180085,41532210,1089
0.2591,-0.9679,-8.8765,0.0526,0.631,0.0566,-3.906534,-0.153952,-1.180085,41542710,1089
0.3389,-2.0402,-7.9282,0.0158,0.5204,0.0404,-3.906534,-0.153952,-1.180085,41553210,1089
0.2849,-2.9602,-7.9113,0.0568,0.4655,0.0496,-3.906534,-0.153952,-1.180085,41563710,1089
0.8518,-0.0518,-9.9907,0.0763,0.3486,0.0388,-3.906534,-0.153952,-1.180085,41574210,1089
-0.1524,1.289,-10.3852,0.0884,0.2428,0.0372,-3.906534,-0.153952,-1.180085,41584710,1089
-0.0288,0.8599,-10.7215,0.0899,0.13,0.0425,-3.906534,-0.153952,-1.180085,41595210,1089
0.6961,3.65,-10.514,0.1013,0.0684,0.0398,-3.906534,-0.153952,-1.180085,41605710,1089
-0.1273,2.802,-9.6398,0.0817,0.0043,0.0484,-3.906534,-0.153952,-1.180085,41616210,1089
-0.5189,2.0516,-9.9517,0.1085,-0.009,0.0529,-3.906534,-0.153952,-1.180085,41626710,1089
0.5279,2.6147,-9.953,0.0853,-0.0247,0.0456,-3.84672,-0.142734,-1.181513,41636760,1090
0.4021,2.6838,-9.4271,0.0915,0,0.0517,-3.84672,-0.142734,-1.181513,41647260,1090
-0.1412,1.7269,-9.8776,0.0708,0.0139,0.0361,-3.84672,-0.142734,-1.181513,41657760,1090
0.1027,3.6356,-10.2409,0.1122,0.0221,0.0365,-3.84672,-0.142734,-1.181513,41668260,1090
-0.2595,1.5371,-9.4635,0.0649,0.0711,0.0423,-3.84672,-0.142734,-1.181513,41678760,1090
0.0632,3.0754,-10.1626,0.0601,0.1327,0.0533,-3.84672,-0.142734,-1.181513,41689260,1090
-0.9408,2.3286,-9.7368,0.0633,0.2154,0.0463,-3.84672,-0.142734,-1.181513,41699760,1090
-0.279,1.5784,-10.2808,0.0697,0.1972,0.033,-3.84672,-0.142734,-1.181513,41710260,1090
0.14,1.8371,-10.1769,0.022,0.2518,0.027,-3.84672,-0.142734,-1.181513,41720760,1090
-1.5384,0.7165,-10.0068,0.069,0.2969,0.0457,-3.84672,-0.142734,-1.181513,41731260,1090
-0.2752,0.8189,-11.5266,0.0773,0.3332,0.039,-3.759496,-0.12651,-1.172204,41741306,1091
-0.1761,0.3369,-10.3394,0.0649,0.323,0.0382,-3.759496,-0.12651,-1.172204,41751806,1091
-0.3959,-1.3,-10.3053,0.0673,0.2804,0.0547,-3.759496,-0.12651,-1.172204,41761807,1091
-0.2068,1.2857,-10.914,0.0544,0.1647,0.0407,-3.759496,-0.12651,-1.172204,41772307,1091
-0.2117,1.7537,-9.4592,0.1174,0.1431,0.0482,-3.759496,-0.12651,-1.172204,41782316,1091
-0.4842,0.9027,-10.2385,0.1212,0.0386,0.0471,-3.759496,-0.12651,-1.172204,41792816,1091
-0.1426,0.4945,-9.9112,0.1185,-0.0536,0.0453,-3.759496,-0.12651,-1.172204,41803316,1091
0.8153,0.8541,-7.844,0.1483,-0.0865,0.0547,-3.759496,-0.12651,-1.172204,41813816,1091
-0.5237,0.7112,-9.4319,0.1481,-0.1348,0.0411,-3.759496,-0.12651,-1.172204,41824316,1091
-0.8634,0.2471,-9.6122,0.1352,-0.1885,0.0453,-3.759496,-0.12651,-1.172204,41834816,1091
0.1583,1.2278,-9.4801,0.1548,-0.1898,0.0524,-3.759496,-0.12651,-1.172204,41845316,1091
0.0043,0.178,-9.7261,0.1223,-0.2341,0.0384,-3.759496,-0.12651,-1.172204,41855816,1091
-0.2455,-0.4051,-9.5939,0.1164,-0.2009,0.0436,-3.683105,-0.120189,-1.1722,41866366,1092
-0.0131,1.9929,-10.871,0.1092,-0.2043,0.0447,-3.683105,-0.120189,-1.1722,41876866,1092
-0.8677,0.7404,-10.3866,0.0958,-0.1378,0.0529,-3.683105,-0.120189,-1.1722,41887366,1092
-0.3962,2.1604,-11.0856,0.0735,-0.1179,0.0466,-3.683105,-0.120189,-1.1722,41897866,1092
0.7535,3.4706,-11.2242,0.0389,-0.1046,0.0316,-3.683105,-0.120189,-1.1722,41908366,1092
-0.7698,1.5343,-10.4662,0.0276,-0.0377,0.0391,-3.683105,-0.120189,-1.1722,41918866,1092
-0.3248,2.1115,-10.8398,0.0284,0.0068,0.0439,-3.683105,-0.120189,-1.1722,41929366,1092
-0.2691,2.2803,-10.7804,0.0239,0.0139,0.0463,-3.683105,-0.120189,-1.1722,41939866,1092
-0.5175,0.3694,-10.0696,0.0318,0.0383,0.055,-3.683105,-0.120189,-1.1722,41950366,1092
-0.0076,1.7743,-10.6412,-0.019,0.0869,0.0501,-3.683105,-0.120189,-1.1722,41960866,1092
-0.6851,-1.3869,-9.8701,-0.027,0.0698,0.0471,-3.592653,-0.095678,-1.159297,41970916,1093
-0.1643,-1.065,-9.9799,0.0042,0.0854,0.0623,-3.592653,-0.095678,-1.159297,41981416,1093
-0.196,1.0123,-10.2168,-0.0241,0.0321,0.0398,-3.592653,-0.095678,-1.159297,41991916,1093
-0.3346,-1.8087,-9.9034,0.0044,-0.0129,0.0313,-3.592653,-0.095678,-1.159297,42002416,1093
-0.1269,0.6594,-10.6057,0.0215,-0.0773,0.0408,-3.592653,-0.095678,-1.159297,42012916,1093
0.4083,0.3272,-10.3335,0.0921,-0.1149,0.0386,-3.592653,-0.095678,-1.159297,42023416,1093
0.5444,-1.4288,-9.0759,0.0752,-0.1539,0.0389,-3.592653,-0.095678,-1.159297,42033916,1093
-0.3717,-0.1022,-10.3275,0.1172,-0.2543,0.0364,-3.592653,-0.095678,-1.159297,42044416,1093
-0.3213,-1.4113,-9.5614,0.1092,-0.2681,0.0322,-3.592653,-0.095678,-1.159297,42054916,1093
0.6772,-1.1979,-8.6888,0.1084,-0.3026,0.0325,-3.592653,-0.095678,-1.159297,42065416,1093
0.0336,-1.1733,-10.1404,0.1286,-0.3092,0.0332,-3.592653,-0.095678,-1.159297,42075916,1093
0.5264,-2.1598,-8.7963,0.0988,-0.2931,0.0308,-3.592653,-0.095678,-1.159297,42086416,1093
-0.4748,-2.7601,-8.6651,0.1087,-0.2783,0.033,-3.592653,-0.095678,-1.159297,42096916,1093
-0.697,-2.3489,-9.9269,0.1136,-0.2173,0.0305,-3.508403,-0.082468,-1.1542,42106967,1094
1.0959,-1.3514,-8.906,0.0415,-0.1676,0.0363,-3.508403,-0.082468,-1.1542,42117467,1094
0.7714,1.0861,-10.0111,0.0716,-0.1204,0.0379,-3.508403,-0.082468,-1.1542,42127506,1094
-0.4098,1.8001,-10.7346,0.0527,-0.0729,0.0464,-3.508403,-0.082468,-1.1542,42138006,1094
0.716,3.1909,-10.2097,0.0166,-0.0464,0.0433,-3.508403,-0.082468,-1.1542,42148506,1094
-0.6909,2.2985,-11.5015,0.0114,0.0203,0.0358,-3.508403,-0.082468,-1.1542,42159006,1094
0.5391,4.1901,-10.6144,0.0358,0.0755,0.0403,-3.508403,-0.082468,-1.1542,42169506,1094
-0.7387,-0.1349,-9.8314,0.0346,0.1207,0.0441,-3.508403,-0.082468,-1.1542,42180006,1094
-0.1915,1.5397,-10.4637,0.0613,0.1144,0.0363,-3.508403,-0.082468,-1.1542,42190506,1094
0.0293,1.4005,-9.6235,0.025,0.1193,0.046,-3.508403,-0.082468,-1.1542,42201006,1094
-0.616,0.5597,-10.5796,0.0072,0.0567,0.0424,-3.508403,-0.082468,-1.1542,42211506,1094
0.4672,2.6321,-10.1615,-0.0207,0.0998,0.0451,-3.508403,-0.082468,-1.1542,42222006,1094
-0.3431,0.3352,-9.7842,-0.0512,0.0548,0.0424,-3.508403,-0.082468,-1.1542,42232506,1094
-0.1531,3.5541,-11.116,-0.1098,0.0481,0.0306,-3.508403,-0.082468,-1.1542,42243006,1094
0.1433,2.5606,-9.8716,-0.1076,0.0315,0.0297,-3.508403,-0.082468,-1.1542,42253506,1094
-0.1852,1.7892,-10.661,-0.0953,0.0301,0.0462,-3.508403,-0.082468,-1.1542,42264006,1094
-0.1557,3.3197,-10.5437,-0.0614,0.0508,0.0455,-3.508403,-0.082468,-1.1542,42274506,1094
0.3644,2.1323,-10.0097,-0.1123,0.0232,0.0404,-3.508403,-0.082468,-1.1542,42285006,1094
0.7916,3.2798,-10.6456,-0.1332,0.0319,0.0392,-3.508403,-0.082468,-1.1542,42295506,1094
-0.4861,1.7067,-10.5508,-0.0881,0.0491,0.0475,-3.508403,-0.082468,-1.1542,42306006,1094
0.9107,2.1309,-10.2117,-0.0833,0.0218,0.0524,-3.508403,-0.082468,-1.1542,42316506,1094
0.2431,1.6943,-10.0525,-0.135,-0.0305,0.027,-3.508403,-0.082468,-1.1542,42327006,1094
-0.8583,1.7492,-10.5188,-0.1056,0.0181,0.0348,-3.421535,-0.083079,-1.149298,42337051,1095
0.8477,2.7296,-10.57,-0.1361,0.0314,0.0459,-3.421535,-0.083079,-1.149298,42347551,1095
-0.8437,0.5301,-10.9709,-0.1298,0.1204,0.0632,-3.421535,-0.083079,-1.149298,42358051,1095
-0.3248,3.5062,-11.0181,-0.142,0.2802,0.0743,-3.421535,-0.083079,-1.149298,42368551,1095
-0.7037,1.1847,-10.5227,-0.1348,0.478,0.0864,-3.421535,-0.083079,-1.149298,42379051,1095
-0.5921,1.4539,-10.3626,-0.1777,0.5977,0.0707,-3.421535,-0.083079,-1.149298,42389551,1095
-0.2699,-3.8307,-9.1104,-0.2002,0.7794,0.0694,-3.421535,-0.083079,-1.149298,42400051,1095
-0.4857,-2.0383,-10.1054,-0.2262,0.8986,0.0672,-3.421535,-0.083079,-1.149298,42410551,1095
0.1497,-2.011,-8.3072,-0.3069,0.9956,0.0618,-3.421535,-0.083079,-1.149298,42421051,1095
0.5154,-1.5421,-8.9794,-0.2167,1.0958,0.0808,-3.345237,-0.065611,-1.144837,42431097,1096
0.8583,2.6116,-9.4047,-0.2826,1.0482,0.0571,-3.345237,-0.065611,-1.144837,42441597,1096
0.7138,-1.2653,-8.9422,-0.2322,1.068,0.0722,-3.345237,-0.065611,-1.144837,42451601,1096
1.3926,-1.3973,-8.7244,-0.1936,0.9424,0.061,-3.345237,-0.065611,-1.144837,42462101,1096
1.0455,-0.0196,-8.2244,-0.1648,0.8492,0.0533,-3.345237,-0.065611,-1.144837,42472601,1096
0.6503,-3.2775,-8.1525,-0.1165,0.6756,0.051,-3.345237,-0.065611,-1.144837,42483101,1096
0.5813,-3.4197,-8.532,-0.1003,0.5368,0.0469,-3.345237,-0.065611,-1.144837,42493601,1096
0.6671,-2.1461,-8.7349,-0.0474,0.4055,0.053,-3.345237,-0.065611,-1.144837,42504101,1096
0.741,1.142,-10.1269,0.0297,0.3183,0.0613,-3.345237,-0.065611,-1.144837,42514601,1096
0.6283,0.1677,-9.9366,0.0924,0.174,0.0519,-3.345237,-0.065611,-1.144837,42525101,1096
0.4714,1.0256,-10.4418,0.0835,0.0578,0.0378,-3.345237,-0.065611,-1.144837,42535601,1096
0.2635,0.3576,-10.921,0.1401,0.0085,0.0508,-3.345237,-0.065611,-1.144837,42546101,1096
0.2438,-0.641,-11.084,0.1584,-0.0662,0.0517,-3.345237,-0.065611,-1.144837,42556601,1096
0.3314,1.6508,-10.6881,0.1464,-0.0992,0.0523,-3.345237,-0.065611,-1.144837,42567101,1096
0.3349,-0.4024,-9.6952,0.1345,-0.0899,0.057,-3.345237,-0.065611,-1.144837,42577601,1096
0.0112,-1.0416,-10.2004,0.1354,-0.0741,0.045,-3.345237,-0.065611,-1.144837,42588101,1096
0.2807,0.2429,-9.7023,0.1105,-0.0394,0.0464,-3.345237,-0.065611,-1.144837,42598601,1096
0.1773,-2.0582,-9.1172,0.0652,-0.0234,0.0418,-3.268579,-0.070705,-1.129732,42608648,1097
-0.2715,-2.803,-9.0476,0.0597,0.0181,0.0429,-3.182949,-0.087515,-1.130612,42618692,1098
0.8102,-2.2665,-9.1205,0.0367,0.0443,0.0428,-3.182949,-0.087515,-1.130612,42628694,1098
0.961,0.0158,-9.8599,0.003,0.0947,0.0473,-3.182949,-0.087515,-1.130612,42639194,1098
0.574,1.254,-8.7076,0.0193,0.1339,0.0654,-3.182949,-0.087515,-1.130612,42649694,1098
0.8112,0.2081,-9.2213,-0.045,0.0466,0.0457,-3.182949,-0.087515,-1.130612,42660194,1098
0.6597,0.8687,-9.4695,-0.0684,-0.0231,0.0353,-3.182949,-0.087515,-1.130612,42670694,1098
0.8325,0.197,-8.0271,-0.0947,-0.0964,0.0409,-3.182949,-0.087515,-1.130612,42681194,1098
0.1881,-1.61,-8.384,-0.1461,-0.1984,0.0284,-3.182949,-0.087515,-1.130612,42691694,1098
0.2795,-1.4299,-8.803,-0.1724,-0.3098,0.0237,-3.182949,-0.087515,-1.130612,42702194,1098
0.8625,-2.5804,-8.9455,-0.1427,-0.3574,0.031,-3.182949,-0.087515,-1.130612,42712694,1098
0.723,-1.656,-8.8381,-0.1737,-0.4299,0.0213,-3.182949,-0.087515,-1.130612,42723194,1098
0.7806,-0.4366,-8.8358,-0.1655,-0.4695,0.0217,-3.182949,-0.087515,-1.130612,42733694,1098
0.4368,-1.9026,-9.8561,-0.1325,-0.4828,0.0244,-3.182949,-0.087515,-1.130612,42744194,1098
0.6195,0.243,-9.7364,-0.0817,-0.4595,0.0343,-3.182949,-0.087515,-1.130612,42754694,1098
0.9235,2.3217,-9.5184,-0.0976,-0.4926,0.022,-3.182949,-0.087515,-1.130612,42765194,1098
0.3046,1.3347,-9.82,-0.0604,-0.4573,0.021,-3.182949,-0.087515,-1.130612,42775694,1098
-0.1781,2.3338,-10.2305,-0.0131,-0.4057,0.026,-3.182949,-0.087515,-1.130612,42786194,1098
-0.212,3.684,-10.4474,-0.0367,-0.3676,0.0188,-3.182949,-0.087515,-1.130612,42796694,1098
-0.0424,1.2828,-10.0172,-0.0082,-0.3176,0.0187,-3.080427,-0.078919,-1.119979,42806738,1099
-1.407,0.5547,-10.9482,0.0078,-0.242,0.0224,-3.080427,-0.078919,-1.119979,42817238,1099
-0.1059,-0.3554,-11.5084,0.0231,-0.2092,0.0182,-3.080427,-0.078919,-1.119979,42827738,1099
0.2442,-1.1039,-10.5905,-0.0135,-0.1989,0.0087,-3.080427,-0.078919,-1.119979,42838238,1099
-0.5912,0.7958,-11.2247,-0.0113,-0.1734,0.0095,-3.080427,-0.078919,-1.119979,42848738,1099
1.0769,0.3979,-10.6584,-0.0008,-0.1407,0.0178,-3.080427,-0.078919,-1.119979,42859238,1099
-0.0655,0.3793,-11.2448,-0.009,-0.115,0.0179,-3.080427,-0.078919,-1.119979,42869738,1099
-0.0365,1.1638,-10.9778,-0.0178,-0.112,0.0167,-3.080427,-0.078919,-1.119979,42880238,1099
0.7989,2.0166,-10.3588,-0.0185,-0.0947,0.0211,-2.98321,-0.077377,-1.124246,42890282,1100
-0.0279,0.7948,-10.2917,0.0093,-0.1044,0.0201,-2.98321,-0.077377,-1.124246,42900782,1100
0.2917,2.4674,-10.9315,-0.0131,-0.1889,0.0124,-2.98321,-0.077377,-1.124246,42910813,1100
0.4952,1.7831,-10.3765,0.001,-0.1984,0.026,-2.98321,-0.077377,-1.124246,42921313,1100
-0.6387,2.9096,-10.1181,0.0568,-0.2501,0.0278,-2.98321,-0.077377,-1.124246,42931342,1100
-0.3222,1.5631,-9.9749,0.0634,-0.3234,0.0195,-2.98321,-0.077377,-1.124246,42941842,1100
0.1776,2.3633,-10.153,0.0877,-0.4094,0.0176,-2.98321,-0.077377,-1.124246,42952342,1100
-0.0869,0.5853,-10.6033,0.147,-0.4018,0.0355,-2.98321,-0.077377,-1.124246,42962407,1100
-0.1149,1.6423,-8.9376,0.1403,-0.4915,0.0287,-2.98321,-0.077377,-1.124246,42972907,1100
-0.7186,0.1604,-10.5027,0.1246,-0.5589,0.016,-2.98321,-0.077377,-1.124246,42983407,1100
-0.3676,1.8321,-10.3669,0.1537,-0.5413,0.0128,-2.98321,-0.077377,-1.124246,42993907,1100
0.0328,-0.5975,-8.8748,0.1787,-0.5109,0.0195,-2.98321,-0.077377,-1.124246,43004407,1100
-1.2195,1.0427,-11.2395,0.1697,-0.4661,0.0149,-2.98321,-0.077377,-1.124246,43014907,1100
-0.0187,2.4431,-11.133,0.1335,-0.4066,0.014,-2.845253,-0.07486,-1.113038,43024956,1101
0.4421,1.8517,-10.8511,0.1457,-0.3712,0.0216,-2.845253,-0.07486,-1.113038,43035456,1101
-1.1825,0.0346,-10.5827,0.1617,-0.3061,0.0276,-2.845253,-0.07486,-1.113038,43045487,1101
0.3065,0.5559,-10.0886,0.1454,-0.319,0.0294,-2.845253,-0.07486,-1.113038,43055987,1101
-0.961,0.6658,-10.3943,0.1012,-0.3763,0.024,-2.845253,-0.07486,-1.113038,43066487,1101
-0.5938,0.0453,-11.0647,0.0776,-0.3942,0.0334,-2.845253,-0.07486,-1.113038,43076987,1101
0.618,0.8452,-10.3805,0.0896,-0.4293,0.0345,-2.845253,-0.07486,-1.113038,43087487,1101
-1.3355,0.748,-10.4334,0.0588,-0.4535,0.0298,-2.845253,-0.07486,-1.113038,43097987,1101
-0.0147,2.3658,-11.1847,0.0624,-0.4594,0.0319,-2.845253,-0.07486,-1.113038,43108487,1101
1.2167,2.7671,-10.3782,0.0519,-0.4373,0.0254,-2.845253,-0.07486,-1.113038,43118987,1101
-0.592,2.285,-10.0969,0.0463,-0.4509,0.0361,-2.715424,-0.073768,-1.110157,43129039,1102
0.018,2.6271,-10.1263,0.0527,-0.4625,0.0393,-2.715424,-0.073768,-1.110157,43139539,1102
0.097,1.1143,-11.0838,0.0615,-0.4805,0.0531,-2.715424,-0.073768,-1.110157,43150039,1102
-0.9112,0.9959,-9.8152,0.0711,-0.5137,0.0572,-2.715424,-0.073768,-1.110157,43160539,1102
-0.2578,0.0564,-10.1919,0.0619,-0.5296,0.0516,-2.715424,-0.073768,-1.110157,43171039,1102
0.2555,1.5728,-10.4449,0.0674,-0.5605,0.0622,-2.715424,-0.073768,-1.110157,43181539,1102
-0.2183,0.1888,-9.8046,0.0941,-0.4975,0.0781,-2.715424,-0.073768,-1.110157,43192039,1102
0.432,1.6464,-10.4811,0.0434,-0.5107,0.0622,-2.715424,-0.073768,-1.110157,43202539,1102
0.593,3.9803,-10.0187,0.0647,-0.4429,0.0681,-2.715424,-0.073768,-1.110157,43213039,1102
-0.4205,1.3798,-9.6576,-0.0332,-0.4499,0.0457,-2.715424,-0.073768,-1.110157,43223539,1102
-0.4393,0.84,-10.9095,-0.0157,-0.3983,0.0587,-2.715424,-0.073768,-1.110157,43234039,1102
-0.7295,1.0215,-10.7262,-0.0038,-0.3273,0.0642,-2.715424,-0.073768,-1.110157,43244539,1102
0.175,0.4229,-10.2094,-0.0573,-0.2983,0.0542,-2.605715,-0.068231,-1.096927,43254588,1103
0.1767,3.3811,-10.1153,-0.0794,-0.2141,0.0792,-2.605715,-0.068231,-1.096927,43264597,1103
-0.9792,1.7325,-10.9366,-0.087,-0.2053,0.059,-2.605715,-0.068231,-1.096927,43275097,1103
0.1909,3.5266,-10.2521,-0.1191,-0.2093,0.0458,-2.605715,-0.068231,-1.096927,43285597,1103
-0.5643,1.3552,-10.2453,-0.0854,-0.0516,0.0629,-2.605715,-0.068231,-1.096927,43296097,1103
-0.6898,-0.4083,-11.1909,-0.0744,-0.0075,0.06,-2.605715,-0.068231,-1.096927,43306597,1103
-0.5049,0.8377,-10.9867,-0.0998,0.0381,0.0491,-2.605715,-0.068231,-1.096927,43317097,1103
-0.2689,-0.6628,-11.5229,-0.0719,0.1674,0.0625,-2.605715,-0.068231,-1.096927,43327597,1103
0.9468,2.0642,-10.9509,-0.0737,0.1348,0.0524,-2.605715,-0.068231,-1.096927,43338097,1103
-0.202,0.0574,-11.5087,-0.0607,0.1911,0.0606,-2.605715,-0.068231,-1.096927,43348597,1103
0.3873,1.0691,-10.2897,-0.0562,0.198,0.0604,-2.522011,-0.071218,-1.095313,43358643,1104
-0.116,2.0356,-10.4892,-0.0442,0.1875,0.0615,-2.522011,-0.071218,-1.095313,43369143,1104
-0.721,-1.4977,-10.7616,-0.0336,0.157,0.063,-2.522011,-0.071218,-1.095313,43379643,1104
0.1752,1.5655,-10.1292,-0.0329,0.1642,0.0677,-2.522011,-0.071218,-1.095313,43390143,1104
-0.8069,0.7417,-10.0879,-0.0589,0.1614,0.0582,-2.522011,-0.071218,-1.095313,43400643,1104
-0.3497,-1.0741,-11.0891,-0.0961,0.126,0.0427,-2.522011,-0.071218,-1.095313,43411143,1104
-0.6066,0.8059,-10.9878,-0.1063,0.1771,0.0483,-2.522011,-0.071218,-1.095313,43421643,1104
-0.6038,-0.5229,-11.3915,-0.0748,0.2344,0.0493,-2.522011,-0.071218,-1.095313,43432143,1104
0.7798,1.0479,-10.8936,-0.0799,0.2467,0.0565,-2.522011,-0.071218,-1.095313,43442643,1104
-0.9309,0.5761,-11.3193,-0.0929,0.2534,0.0534,-2.522011,-0.071218,-1.095313,43453143,1104
0.6126,1.6542,-11.7372,-0.1086,0.2455,0.0613,-2.522011,-0.071218,-1.095313,43463643,1104
0.6786,2.2243,-10.9024,-0.1199,0.2373,0.0598,-2.43707,-0.065984,-1.08618,43473687,1105
-0.6186,1.3364,-10.9515,-0.1155,0.2571,0.0561,-2.43707,-0.065984,-1.08618,43483716,1105
0.6755,3.4506,-10.4399,-0.1701,0.2574,0.0507,-2.43707,-0.065984,-1.08618,43494216,1105
-0.6332,-0.4739,-10.3391,-0.1089,0.3615,0.059,-2.43707,-0.065984,-1.08618,43504716,1105
-0.7663,1.4844,-11.1551,-0.0852,0.3905,0.0572,-2.43707,-0.065984,-1.08618,43515216,1105
-0.6793,0.1626,-10.2092,-0.13,0.4089,0.0474,-2.43707,-0.065984,-1.08618,43525716,1105
-0.7326,-3.1376,-10.4404,-0.0556,0.5084,0.0656,-2.43707,-0.065984,-1.08618,43536216,1105
0.2854,-1.3083,-10.0465,-0.0264,0.5281,0.0794,-2.43707,-0.065984,-1.08618,43546716,1105
-0.3416,-3.1507,-10.3255,-0.0286,0.5447,0.075,-2.43707,-0.065984,-1.08618,43557216,1105
0.2288,-1.8074,-10.4396,-0.0191,0.4996,0.0577,-2.43707,-0.065984,-1.08618,43567716,1105
0.143,-2.2814,-10.4857,-0.0215,0.5051,0.0648,-2.43707,-0.065984,-1.08618,43578216,1105
-0.0882,-3.2495,-10.4715,-0.1019,0.3827,0.0305,-2.338379,-0.060479,-1.074215,43588261,1106
0.6136,0.1401,-10.7838,0.0017,0.4659,0.0625,-2.338379,-0.060479,-1.074215,43598761,1106
1.3229,-0.472,-9.6849,0.0318,0.4379,0.0701,-2.338379,-0.060479,-1.074215,43609261,1106
0.1768,-1.7513,-11.3809,0.0232,0.384,0.0617,-2.338379,-0.060479,-1.074215,43619761,1106
0.8635,0.327,-10.2282,0.016,0.2812,0.0561,-2.338379,-0.060479,-1.074215,43630261,1106
0.7323,0.2695,-10.9722,0.0828,0.2317,0.0654,-2.338379,-0.060479,-1.074215,43640761,1106
-0.3645,0.6564,-11.8591,0.0519,0.172,0.0656,-2.338379,-0.060479,-1.074215,43651261,1106
0.671,0.9695,-11.2184,0.0388,0.1184,0.0676,-2.338379,-0.060479,-1.074215,43661761,1106
0.746,2.0838,-11.3526,0.0537,0.0987,0.056,-2.338379,-0.060479,-1.074215,43672261,1106
-0.5996,2.339,-11.466,0.0569,0.0945,0.0521,-2.338379,-0.060479,-1.074215,43682761,1106
0.0351,1.5268,-11.1843,0.054,0.1157,0.0611,-2.338379,-0.060479,-1.074215,43693261,1106
0.4152,1.8648,-10.8787,0.0588,0.0802,0.0537,-2.338379,-0.060479,-1.074215,43703761,1106
-0.3928,0.6918,-9.722,0.0109,0.0513,0.0537,-2.338379,-0.060479,-1.074215,43714261,1106
-0.445,0.4672,-10.482,0.0271,0.0328,0.039,-2.283651,-0.051606,-1.070604,43724318,1107
0.3334,-2.3431,-9.6512,0.0388,0.1267,0.0668,-2.283651,-0.051606,-1.070604,43734818,1107
-0.3234,-3.3486,-9.6669,0.0314,0.1204,0.0727,-2.283651,-0.051606,-1.070604,43744854,1107
0.3323,-2.198,-9.7024,-0.0063,0.2155,0.0724,-2.283651,-0.051606,-1.070604,43755354,1107
0.196,-1.1756,-9.1757,0.0164,0.3104,0.0753,-2.283651,-0.051606,-1.070604,43765385,1107
-0.2326,1.5229,-10.0216,-0.0305,0.3244,0.0563,-2.283651,-0.051606,-1.070604,43775885,1107
0.8852,2.6426,-9.5988,0.0265,0.3867,0.0609,-2.283651,-0.051606,-1.070604,43786385,1107
-0.2069,1.4429,-8.7409,-0.0104,0.4181,0.0577,-2.283651,-0.051606,-1.070604,43796885,1107
-0.7827,2.7618,-10.1235,0.0444,0.4706,0.073,-2.283651,-0.051606,-1.070604,43807385,1107
0.1779,2.0888,-9.0116,0.0117,0.456,0.0606,-2.208756,-0.052976,-1.054109,43817429,1108
-1.2097,1.5255,-9.4274,0.055,0.4816,0.0717,-2.208756,-0.052976,-1.054109,43827929,1108
-0.0654,2.9987,-8.7923,0.0085,0.409,0.0592,-2.208756,-0.052976,-1.054109,43838429,1108
0.1881,1.5943,-8.4767,0.0441,0.4008,0.07,-2.208756,-0.052976,-1.054109,43848929,1108
-0.7089,1.0736,-9.2209,0.0548,0.3179,0.0623,-2.208756,-0.052976,-1.054109,43859429,1108
-0.0244,1.6169,-9.5192,0.0325,0.2382,0.0551,-2.208756,-0.052976,-1.054109,43869929,1108
0.1845,1.3123,-8.4219,0.0433,0.1761,0.0547,-2.208756,-0.052976,-1.054109,43880429,1108
0.1367,0.0974,-8.5299,0.054,0.1208,0.0525,-2.208756,-0.052976,-1.054109,43890929,1108
0.2356,0.3198,-9.281,0.0518,0.0539,0.0565,-2.208756,-0.052976,-1.054109,43901429,1108
0.5295,0.3456,-7.5355,0.062,0.0037,0.0597,-2.208756,-0.052976,-1.054109,43911929,1108
-0.1217,-1.1778,-8.1609,0.0184,-0.0733,0.0406,-2.208756,-0.052976,-1.054109,43922429,1108
-0.3445,-0.4245,-8.8283,0.05,-0.0646,0.0505,-2.208756,-0.052976,-1.054109,43932929,1108
0.7893,-0.8277,-7.913,0.0249,-0.0943,0.053,-2.156899,-0.044751,-1.045814,43942973,1109
-0.6657,-0.0932,-10.0213,0.0179,-0.0891,0.055,-2.156899,-0.044751,-1.045814,43953473,1109
-0.8086,-0.4049,-9.8571,0.0126,-0.0247,0.0628,-2.156899,-0.044751,-1.045814,43963477,1109
0.5037,2.3363,-11.9655,-0.0124,-0.004,0.0466,-2.156899,-0.044751,-1.045814,43973977,1109
-0.0174,1.8176,-11.3649,0.0161,0.0642,0.0556,-2.156899,-0.044751,-1.045814,43984477,1109
0.1562,2.8735,-11.1468,0.0022,0.1295,0.0565,-2.156899,-0.044751,-1.045814,43994977,1109
-0.0702,1.2233,-10.5191,-0.0166,0.1829,0.0536,-2.156899,-0.044751,-1.045814,44005477,1109
-0.2117,0.4401,-9.9895,-0.0064,0.2607,0.0495,-2.156899,-0.044751,-1.045814,44015977,1109
-0.1261,0.9573,-10.2213,-0.0114,0.2748,0.0447,-2.156899,-0.044751,-1.045814,44026477,1109
-0.4215,-2.7437,-9.1489,-0.0182,0.3077,0.0524,-2.156899,-0.044751,-1.045814,44036977,1109
0.6079,-1.7448,-9.2618,-0.0209,0.3222,0.0485,-2.060988,-0.056332,-1.017484,44047023,1110
0.6561,-1.9395,-8.7437,-0.0202,0.2515,0.0503,-2.060988,-0.056332,-1.017484,44057523,1110
-0.2228,-3.3241,-8.8832,-0.0177,0.2362,0.0574,-2.060988,-0.056332,-1.017484,44068023,1110
0.6464,-4.0044,-9.2063,-0.0437,0.1206,0.0494,-2.060988,-0.056332,-1.017484,44078523,1110
0.885,-2.9415,-9.9852,-0.0488,0.0324,0.0552,-2.060988,-0.056332,-1.017484,44089023,1110
1.174,-2.7159,-8.9739,-0.0417,-0.066,0.0555,-2.060988,-0.056332,-1.017484,44099523,1110
0.5313,-3.7605,-9.8276,-0.1234,-0.1617,0.0317,-2.060988,-0.056332,-1.017484,44110023,1110
0.1448,-2.0972,-10.586,-0.1067,-0.2176,0.0361,-2.060988,-0.056332,-1.017484,44120523,1110
0.9691,-0.8966,-9.4079,-0.1262,-0.2725,0.039,-2.060988,-0.056332,-1.017484,44131023,1110
1.4504,-0.6659,-9.4374,-0.1358,-0.3079,0.0374,-2.060988,-0.056332,-1.017484,44141523,1110
0.8637,-0.308,-8.8126,-0.13,-0.3201,0.0461,-2.060988,-0.056332,-1.017484,44152023,1110
0.0924,1.6862,-9.2798,-0.1264,-0.3475,0.0352,-2.060988,-0.056332,-1.017484,44162523,1110
0.5987,2.4866,-9.047,-0.1231,-0.3744,0.0272,-2.060988,-0.056332,-1.017484,44173023,1110
-0.3368,1.6361,-10.2366,-0.0864,-0.3208,0.0427,-1.976241,-0.027378,-1.015547,44183068,1111
-1.3223,0.5479,-11.0487,-0.083,-0.2826,0.0536,-1.976241,-0.027378,-1.015547,44193568,1111
0.0661,-1.8102,-10.9393,-0.0732,-0.2057,0.0555,-1.976241,-0.027378,-1.015547,44203597,1111
0.2819,-1.0894,-10.5139,-0.0381,-0.23,0.0377,-1.976241,-0.027378,-1.015547,44214097,1111
0.4208,-0.4004,-9.3532,-0.0034,-0.1612,0.0294,-1.976241,-0.027378,-1.015547,44224597,1111
0.8097,-0.4001,-9.6419,0.0556,-0.1552,0.0336,-1.976241,-0.027378,-1.015547,44235097,1111
0.6141,2.334,-9.9976,0.0674,-0.1492,0.0277,-1.976241,-0.027378,-1.015547,44245597,1111
0.0055,2.7181,-10.258,0.1052,-0.1295,0.0327,-1.976241,-0.027378,-1.015547,44256097,1111
0.7376,3.1346,-11.2798,0.1038,-0.1444,0.0206,-1.976241,-0.027378,-1.015547,44266597,1111
0.0167,1.8279,-10.6843,0.1441,-0.1246,0.0349,-1.883599,-0.017138,-1.006819,44276648,1112
-0.4834,1.5141,-9.7345,0.1414,-0.1277,0.0216,-1.883599,-0.017138,-1.006819,44287148,1112
-1.0954,-1.9408,-10.0841,0.1171,-0.1643,-0.0028,-1.883599,-0.017138,-1.006819,44297648,1112
0.5558,-1.017,-9.7956,0.1677,-0.109,0.0117,-1.883599,-0.017138,-1.006819,44308148,1112
0.8936,-3.2941,-8.1219,0.1915,-0.1406,0.0249,-1.883599,-0.017138,-1.006819,44318648,1112
-0.651,-3.0475,-8.875,0.1801,-0.2021,0.0123,-1.883599,-0.017138,-1.006819,44329148,1112
0.7165,-1.4735,-9.5381,0.1677,-0.2654,0.0085,-1.883599,-0.017138,-1.006819,44339648,1112
1.1236,-2.8525,-8.8119,0.1799,-0.2759,0.0112,-1.883599,-0.017138,-1.006819,44350148,1112
-0.1704,-3.0237,-8.9988,0.1439,-0.3255,0.0061,-1.883599,-0.017138,-1.006819,44360648,1112
0.4778,-1.5805,-9.5311,0.1829,-0.3365,0.009,-1.883599,-0.017138,-1.006819,44371148,1112
0.456,-2.7912,-9.3588,0.1688,-0.2704,0.0146,-1.883599,-0.017138,-1.006819,44381648,1112
0.5694,-3.2673,-9.1671,0.1737,-0.2568,0.0161,-1.883599,-0.017138,-1.006819,44392148,1112
1.0113,0.8057,-9.1488,0.1656,-0.297,0.009,-1.883599,-0.017138,-1.006819,44402648,1112
-0.1105,-0.5501,-9.3961,0.1262,-0.2897,-0.0031,-1.883599,-0.017138,-1.006819,44413148,1112
1.2859,-0.9485,-9.0719,0.1577,-0.2432,0.0041,-1.883599,-0.017138,-1.006819,44423648,1112
0.7892,2.9428,-9.7374,0.1693,-0.1923,0.0134,-1.883599,-0.017138,-1.006819,44434148,1112
0.503,0.2668,-9.1548,0.1009,-0.1881,0.0096,-1.883599,-0.017138,-1.006819,44444648,1112
1.2205,1.4958,-8.7196,0.0938,-0.1986,-0,-1.883599,-0.017138,-1.006819,44455148,1112
-0.3624,1.9878,-9.0048,0.0827,-0.1121,0.0153,-1.883599,-0.017138,-1.006819,44465648,1112
1.6827,1.1456,-8.379,0.0649,-0.11,0.0088,-1.883599,-0.017138,-1.006819,44476148,1112
0.1783,1.0922,-8.5902,-0.0022,-0.136,-0.0034,-1.722729,-0.002254,-1.008289,44486261,1114
-1.7733,0.4462,-9.9311,0.0207,-0.0683,0.0076,-1.722729,-0.002254,-1.008289,44496761,1114
-0.1787,0.7315,-9.6868,0.0133,-0.0108,0.0002,-1.722729,-0.002254,-1.008289,44506762,1114
-0.4739,0.2982,-11.0973,-0.0078,0.0446,-0.0048,-1.722729,-0.002254,-1.008289,44517262,1114
-0.0228,0.7385,-11.5652,0.0097,0.1383,0.0044,-1.722729,-0.002254,-1.008289,44527284,1114
1.174,0.2502,-10.514,-0.0129,0.1991,0.0004,-1.722729,-0.002254,-1.008289,44537285,1114
-0.1962,0.2686,-11.3732,-0.0145,0.2914,0.0027,-1.722729,-0.002254,-1.008289,44547785,1114
0.556,0.7892,-11.0803,-0.0354,0.3491,0.0053,-1.722729,-0.002254,-1.008289,44558285,1114
0.3669,-1.3223,-9.5444,-0.0213,0.3862,0.0011,-1.722729,-0.002254,-1.008289,44568785,1114
0.5568,1.6349,-10.089,-0.0194,0.4341,0.0045,-1.722729,-0.002254,-1.008289,44579285,1114
0.4575,-2.3141,-8.8822,-0.0222,0.4365,-0.0039,-1.722729,-0.002254,-1.008289,44589785,1114
0.3097,-0.0733,-9.1684,-0.02,0.4663,-0.0002,-1.722729,-0.002254,-1.008289,44600285,1114
0.1049,0.1398,-9.7564,-0.0282,0.4311,-0.0024,-1.722729,-0.002254,-1.008289,44610785,1114
0.5823,-2.0971,-9.1272,0.0027,0.364,-0.0096,-1.722729,-0.002254,-1.008289,44621285,1114
0.3189,1.6704,-10.3287,-0.0141,0.344,0.0052,-1.722729,-0.002254,-1.008289,44631785,1114
-0.2405,0.6405,-9.9226,-0.0363,0.2657,-0.0075,-1.644237,0.015727,-1.004036,44641831,1115
0.0249,0.9192,-10.4358,-0.0568,0.1749,-0.0235,-1.644237,0.015727,-1.004036,44651832,1115
0.4511,2.525,-10.5217,-0.0351,0.1333,-0.0121,-1.644237,0.015727,-1.004036,44662332,1115
0.1039,1.9878,-10.2514,-0.0176,0.0801,-0.011,-1.644237,0.015727,-1.004036,44672360,1115
-0.3931,1.2929,-10.5152,-0.01,0.0826,-0.0194,-1.644237,0.015727,-1.004036,44682860,1115
-0.1606,1.2206,-10.1946,0.0102,0.0198,-0.0177,-1.644237,0.015727,-1.004036,44693360,1115
-0.0133,2.9358,-10.3975,0.0484,0.0177,-0.017,-1.644237,0.015727,-1.004036,44703860,1115
-0.7104,-0.8145,-9.8366,0.0892,0.0531,-0.0066,-1.644237,0.015727,-1.004036,44714360,1115
-0.2419,0.6803,-10.0466,0.0824,0.0107,-0.0042,-1.644237,0.015727,-1.004036,44724860,1115
-0.3262,2.2122,-10.4256,0.081,-0.0195,-0.0146,-1.644237,0.015727,-1.004036,44735360,1115
-0.5166,-2.0678,-9.7002,0.0878,0.0028,-0.0169,-1.523258,0.021837,-0.988945,44745407,1116
0.0034,-2.0471,-9.7413,0.1148,-0.0573,-0.0241,-1.523258,0.021837,-0.988945,44755907,1116
0.2822,-2.7232,-9.9544,0.0787,-0.0875,-0.0446,-1.523258,0.021837,-0.988945,44766407,1116
-0.1,-1.812,-9.8948,0.1001,-0.0923,-0.0211,-1.523258,0.021837,-0.988945,44776907,1116
0.3211,-3.7604,-9.7226,0.0107,-0.2545,-0.0408,-1.523258,0.021837,-0.988945,44787407,1116
0.3828,-2.8036,-10.538,0.0556,-0.2677,-0.0312,-1.523258,0.021837,-0.988945,44797907,1116
0.4356,-1.476,-10.3997,0.0231,-0.3646,-0.0287,-1.523258,0.021837,-0.988945,44808407,1116
0.4625,-1.6697,-10.4288,0.0412,-0.4298,-0.0396,-1.523258,0.021837,-0.988945,44818907,1116
0.3749,-1.961,-10.8779,0.013,-0.483,-0.027,-1.523258,0.021837,-0.988945,44829407,1116
0.8947,-1.0012,-10.7345,0.0219,-0.5505,-0.0211,-1.523258,0.021837,-0.988945,44839907,1116
0.7631,0.3834,-11.1422,-0.0071,-0.5626,-0.0301,-1.523258,0.021837,-0.988945,44850407,1116
0.2772,0.176,-10.4974,-0.0106,-0.5423,-0.0267,-1.523258,0.021837,-0.988945,44860907,1116
-0.0565,-2.3482,-9.092,0.0008,-0.4882,-0.0233,-1.430942,0.032957,-0.98754,44870959,1117
0.342,-0.6805,-9.236,-0.0261,-0.4143,-0.0262,-1.430942,0.032957,-0.98754,44881459,1117
0.2826,0.3426,-10.0883,0.0336,-0.3204,-0.0108,-1.430942,0.032957,-0.98754,44891491,1117
-0.0825,-0.0268,-10.668,-0.0455,-0.3627,-0.0455,-1.430942,0.032957,-0.98754,44901991,1117
0.5258,2.9438,-10.9479,-0.0326,-0.2907,-0.035,-1.430942,0.032957,-0.98754,44912491,1117
0.3117,3.4926,-11.0433,0.0483,-0.2402,-0.0237,-1.430942,0.032957,-0.98754,44922991,1117
-0.5186,1.5662,-10.1167,0.011,-0.2498,-0.0279,-1.430942,0.032957,-0.98754,44933491,1117
-0.1395,3.5511,-10.5236,-0.0404,-0.2279,-0.0299,-1.430942,0.032957,-0.98754,44943991,1117
-0.2821,2.4864,-10.1223,0.0652,-0.2001,-0.0176,-1.430942,0.032957,-0.98754,44954491,1117
-0.9631,-0.8568,-10.0387,-0.025,-0.2303,-0.0281,-1.430942,0.032957,-0.98754,44964991,1117
-0.5176,1.1528,-10.8373,0.0085,-0.2371,-0.0338,-1.321688,0.04179,-0.987624,44975035,1118
0.1785,-1.8109,-10.792,0.0371,-0.1909,-0.0337,-1.321688,0.04179,-0.987624,44985535,1118
-0.5823,-0.9009,-10.1693,0.0284,-0.2243,-0.0417,-1.321688,0.04179,-0.987624,44996035,1118
-0.3035,-0.7896,-11.254,0.0363,-0.2119,-0.0395,-1.321688,0.04179,-0.987624,45006535,1118
0.2907,0.0221,-10.5018,0.0317,-0.2833,-0.0425,-1.321688,0.04179,-0.987624,45017035,1118
-0.6647,0.0415,-9.7923,0.069,-0.3186,-0.032,-1.321688,0.04179,-0.987624,45027535,1118
-0.6784,0.6023,-11.2311,0.0792,-0.3347,-0.0286,-1.321688,0.04179,-0.987624,45038035,1118
0.0076,0.2337,-9.2018,0.053,-0.4162,-0.0327,-1.321688,0.04179,-0.987624,45048535,1118
-0.7561,0.1459,-9.8802,0.0738,-0.4325,-0.0264,-1.321688,0.04179,-0.987624,45059035,1118
-0.5209,0.7215,-10.7915,0.0538,-0.439,-0.0391,-1.321688,0.04179,-0.987624,45069535,1118
0.3142,-1.4172,-8.6578,0.0643,-0.4401,-0.0338,-1.321688,0.04179,-0.987624,45080035,1118
-0.7484,1.6223,-10.8852,0.0715,-0.3645,-0.0307,-1.321688,0.04179,-0.987624,45090535,1118
0.3678,2.4633,-11.0703,0.0786,-0.3295,-0.0336,-1.209949,0.037494,-0.973251,45100583,1119
1.0971,3.0415,-10.3311,0.0316,-0.3176,-0.0488,-1.209949,0.037494,-0.973251,45110585,1119
-0.9121,3.0069,-11.1763,0.1116,-0.205,-0.0185,-1.209949,0.037494,-0.973251,45121085,1119
0.0697,0.9214,-10.1473,0.0213,-0.1937,-0.0325,-1.209949,0.037494,-0.973251,45131585,1119
-0.7394,0.7305,-10.2979,0.014,-0.1526,-0.0374,-1.209949,0.037494,-0.973251,45142085,1119
-1.0328,2.4235,-10.7704,-0.0709,-0.2182,-0.0512,-1.209949,0.037494,-0.973251,45152585,1119
0.1607,-1.54,-10.9636,-0.0304,-0.1345,-0.0387,-1.209949,0.037494,-0.973251,45163085,1119
-1.1289,-0.7841,-11.187,-0.0882,-0.1281,-0.038,-1.209949,0.037494,-0.973251,45173585,1119
-0.5111,-0.1626,-11.4313,-0.0999,-0.1112,-0.0363,-1.209949,0.037494,-0.973251,45184085,1119
0.9312,0.4288,-11.3017,-0.126,-0.1215,-0.0525,-1.209949,0.037494,-0.973251,45194585,1119
0.0323,0.0382,-11.0209,-0.1293,-0.091,-0.0355,-1.121881,0.046437,-0.964454,45204633,1120
0.0477,-0.0881,-10.3222,-0.1364,-0.1,-0.0347,-1.121881,0.046437,-0.964454,45215133,1120
0.5023,1.2325,-10.2374,-0.1323,-0.0694,-0.0365,-1.121881,0.046437,-0.964454,45225633,1120
0.9661,-1.9789,-8.2624,-0.1326,-0.0779,-0.0313,-1.121881,0.046437,-0.964454,45236133,1120
-0.4691,-0.9628,-9.7325,-0.1424,-0.1048,-0.0378,-1.121881,0.046437,-0.964454,45246633,1120
-0.4189,-1.4001,-9.4781,-0.1134,-0.1004,-0.026,-1.121881,0.046437,-0.964454,45257133,1120
0.6336,-3.5314,-9.1089,-0.1231,-0.0524,-0.0316,-1.121881,0.046437,-0.964454,45267633,1120
-0.9156,-3.3568,-9.2656,-0.1255,-0.0725,-0.0361,-1.121881,0.046437,-0.964454,45278133,1120
-0.1337,-1.3217,-9.4113,-0.0584,-0.0465,-0.0336,-1.121881,0.046437,-0.964454,45288633,1120
1.1134,-1.5567,-9.5841,-0.0492,-0.0074,-0.0523,-1.121881,0.046437,-0.964454,45299133,1120
1.1941,1.281,-9.0344,-0.0663,0.0038,-0.0471,-1.121881,0.046437,-0.964454,45309633,1120
-0.0363,1.5536,-9.678,-0.0352,-0.0269,-0.0435,-1.121881,0.046437,-0.964454,45320133,1120
0.8485,1.203,-9.4601,0.0029,0.0507,-0.0344,-1.121881,0.046437,-0.964454,45330633,1120
1.0698,3.0245,-9.2341,-0.0511,-0.0074,-0.0369,-1.04824,0.031495,-0.949038,45340679,1121
-0.2637,2.0041,-9.2704,-0.0347,0.0035,-0.0289,-1.04824,0.031495,-0.949038,45350683,1121
-1.4681,0.9812,-9.9906,-0.0295,0.0783,-0.0209,-1.04824,0.031495,-0.949038,45361183,1121
-0.3808,0.408,-10.1837,-0.0629,0.1048,-0.0349,-1.04824,0.031495,-0.949038,45371683,1121
-0.074,0.8875,-11.8767,-0.0913,0.236,-0.029,-1.04824,0.031495,-0.949038,45382183,1121
0.0201,0.9075,-11.1585,-0.1136,0.2997,-0.0245,-1.04824,0.031495,-0.949038,45392683,1121
0.5767,1.9533,-11.2798,-0.1271,0.3813,-0.0247,-1.04824,0.031495,-0.949038,45403183,1121
0.373,-1.3695,-8.6664,-0.1623,0.4365,-0.0317,-1.04824,0.031495,-0.949038,45413683,1121
-1.1626,-2.872,-9.8373,-0.2024,0.4502,-0.0355,-1.04824,0.031495,-0.949038,45424183,1121
0.0522,-2.3696,-9.8181,-0.1368,0.4761,-0.0235,-1.04824,0.031495,-0.949038,45434683,1121
1.1417,-2.0649,-9.2454,-0.2361,0.4201,-0.0314,-1.04824,0.031495,-0.949038,45445183,1121
0.1083,-1.8094,-9.7756,-0.2015,0.4208,-0.0264,-1.04824,0.031495,-0.949038,45455683,1121
0.5944,0.5719,-9.1722,-0.1585,0.4241,-0.02,-1.04824,0.031495,-0.949038,45466183,1121
0.7895,-1.1213,-9.6942,-0.1133,0.3778,-0.0201,-1.04824,0.031495,-0.949038,45476683,1121
1.0884,-0.8759,-9.8353,-0.1625,0.3435,-0.0204,-1.04824,0.031495,-0.949038,45487183,1121
1.469,1.5785,-8.9194,-0.1615,0.275,-0.0226,-1.04824,0.031495,-0.949038,45497683,1121
0.5933,0.0752,-9.3524,-0.0561,0.3231,-0.0113,-1.04824,0.031495,-0.949038,45508183,1121
0.7969,0.6877,-8.8722,-0.1245,0.2092,-0.0289,-1.04824,0.031495,-0.949038,45518683,1121
1.0976,0.0546,-9.2493,-0.0793,0.1997,-0.0285,-1.04824,0.031495,-0.949038,45529183,1121
0.9885,-0.1207,-9.7334,-0.0326,0.1726,-0.0253,-1.04824,0.031495,-0.949038,45539683,1121
1.0676,0.9029,-8.2386,-0.0738,0.1325,-0.0341,-1.04824,0.031495,-0.949038,45550183,1121
0.8088,-0.4507,-9.3288,-0.017,0.1639,-0.0227,-1.04824,0.031495,-0.949038,45560683,1121
0.472,0.089,-10.8239,-0.0392,0.1454,-0.0269,-0.962123,0.023742,-0.946402,45571049,1123
1.4346,-0.3818,-9.7141,-0.0321,0.2224,-0.0214,-0.962123,0.023742,-0.946402,45581549,1123
-0.4764,0.1793,-10.9651,0.004,0.3409,-0.0198,-0.962123,0.023742,-0.946402,45592049,1123
-0.2581,-0.4484,-9.4293,-0.0198,0.4409,-0.0229,-0.962123,0.023742,-0.946402,45602549,1123
-0.5555,-1.3903,-9.8725,0.0003,0.5637,-0.0197,-0.962123,0.023742,-0.946402,45613049,1123
-1.6778,-0.8403,-10.3303,0.002,0.7053,-0.0128,-0.962123,0.023742,-0.946402,45623549,1123
-0.3091,1.9507,-11.6785,0.0246,0.8496,-0.0102,-0.962123,0.023742,-0.946402,45634049,1123
0.4645,1.8017,-10.822,-0.0006,0.9536,-0.0095,-0.962123,0.023742,-0.946402,45644549,1123
-1.0662,0.3425,-9.9958,0.0258,1.0539,-0.0036,-0.962123,0.023742,-0.946402,45655049,1123
-1.0646,-2.6066,-9.8069,0.0077,1.0925,-0.0051,-0.923758,0.017373,-0.936055,45665093,1124
0.8417,-0.9778,-9.3508,-0.0226,1.058,-0.0226,-0.923758,0.017373,-0.936055,45675593,1124
1.3725,-1.0927,-9.6439,-0.0179,0.9975,-0.0231,-0.923758,0.017373,-0.936055,45686093,1124
0.9141,-1.2304,-8.7959,0.0102,0.9692,0.0006,-0.923758,0.017373,-0.936055,45696593,1124
1.6104,0.4912,-8.6722,-0.0346,0.8056,-0.0163,-0.923758,0.017373,-0.936055,45707093,1124
0.9772,-1.0232,-9.9412,-0.0247,0.6615,-0.0097,-0.923758,0.017373,-0.936055,45717593,1124
0.6515,-1.4261,-9.9891,-0.0209,0.5105,-0.0146,-0.923758,0.017373,-0.936055,45728093,1124
0.9528,-1.1976,-10.7437,-0.0119,0.3992,-0.0141,-0.923758,0.017373,-0.936055,45738593,1124
0.1682,-0.5718,-11.6487,-0.0153,0.2767,-0.0055,-0.923758,0.017373,-0.936055,45749093,1124
0.5546,-0.2878,-10.61,0.0079,0.1929,-0.008,-0.923758,0.017373,-0.936055,45759593,1124
0.0652,1.3264,-11.7227,0.0004,0.0883,-0.0223,-0.923758,0.017373,-0.936055,45770093,1124
0.2546,1.8169,-11.0581,0.0049,0.0429,-0.0162,-0.923758,0.017373,-0.936055,45780593,1124
0.237,1.6369,-11.108,0.0315,-0.0156,-0.0187,-0.923758,0.017373,-0.936055,45791093,1124
0.136,0.8296,-10.2367,0.0136,-0.0427,-0.022,-0.878347,0.014148,-0.939617,45801137,1125
0.0689,0.3793,-9.974,0.0222,-0.0845,-0.0118,-0.878347,0.014148,-0.939617,45811637,1125
-0.2029,-2.1066,-9.8056,0.0182,-0.0425,-0.0086,-0.878347,0.014148,-0.939617,45821665,1125
-0.7091,-1.8967,-9.8588,-0.006,-0.0372,-0.0074,-0.878347,0.014148,-0.939617,45832165,1125
0.1023,-2.2416,-10.6022,0.0313,-0.0009,-0.008,-0.878347,0.014148,-0.939617,45842665,1125
0.8919,-1.2597,-9.8443,-0.0044,0.0133,-0.0199,-0.878347,0.014148,-0.939617,45853165,1125
0.9503,-1.0595,-8.7947,-0.0513,-0.0341,-0.0313,-0.878347,0.014148,-0.939617,45863665,1125
0.3084,-1.0867,-9.5012,-0.0226,0.0265,-0.0235,-0.878347,0.014148,-0.939617,45874165,1125
0.4405,1.0804,-8.5677,-0.0033,0.0594,-0.0095,-0.878347,0.014148,-0.939617,45884665,1125
1.0582,0.4298,-8.6057,-0.0267,-0.0021,-0.0148,-0.878347,0.014148,-0.939617,45895165,1125
0.4046,0.8158,-8.6073,-0.0103,-0.0068,-0.0183,-0.878347,0.014148,-0.939617,45905665,1125
0.1191,-0.3774,-8.0215,-0.0019,-0.0569,-0.0163,-0.878347,0.014148,-0.939617,45916165,1125
0.2973,-1.57,-9.0819,-0.0076,-0.0785,-0.0217,-0.878347,0.014148,-0.939617,45926665,1125
0.2025,-0.872,-8.7411,0.02,-0.1091,-0.0234,-0.878347,0.014148,-0.939617,45937165,1125
0.8024,-1.5156,-8.2351,0.0254,-0.1454,-0.0199,-0.878347,0.014148,-0.939617,45947665,1125
0.1914,-1.5407,-8.75,0.0402,-0.1526,-0.0179,-0.878347,0.014148,-0.939617,45958165,1125
0.549,-2.4583,-8.1927,0.031,-0.1571,-0.0182,-0.878347,0.014148,-0.939617,45968665,1125
0.3772,-2.5393,-9.1841,0.0502,-0.216,-0.0224,-0.878347,0.014148,-0.939617,45979165,1125
0.6825,-1.884,-9.1314,0.07,-0.2323,-0.0189,-0.878347,0.014148,-0.939617,45989665,1125
0.6919,-2.4617,-8.86,0.051,-0.2674,-0.0139,-0.878347,0.014148,-0.939617,46000165,1125
-0.2255,-1.863,-9.8127,0.0881,-0.2671,-0.0114,-0.878347,0.014148,-0.939617,46010665,1125
0.2441,-2.1566,-9.5921,0.062,-0.2749,-0.0245,-0.878347,0.014148,-0.939617,46021165,1125
0.7823,-0.3892,-9.2593,0.0903,-0.1953,-0.004,-0.827136,0.007658,-0.942384,46031210,1126
0.8797,-0.7279,-9.5191,0.0515,-0.2026,-0.0241,-0.827136,0.007658,-0.942384,46041710,1126
0.0957,-0.7301,-9.7507,0.0495,-0.1303,-0.0301,-0.827136,0.007658,-0.942384,46052210,1126
-0.4365,-0.5386,-9.2106,0.0321,-0.0579,-0.0309,-0.827136,0.007658,-0.942384,46062710,1126
0.0042,-1.6747,-8.1917,0.0362,0.0733,-0.0254,-0.827136,0.007658,-0.942384,46073210,1126
-1.1061,-0.1775,-10.1979,0.0051,0.1349,-0.032,-0.827136,0.007658,-0.942384,46083710,1126
0.2039,1.3464,-10.9377,0.0267,0.2287,-0.0253,-0.827136,0.007658,-0.942384,46094210,1126
0.717,0.7938,-9.5484,-0.0412,0.2685,-0.0367,-0.827136,0.007658,-0.942384,46104710,1126
-1.207,2.1007,-10.5688,0.0089,0.341,-0.0225,-0.827136,0.007658,-0.942384,46115210,1126
-0.2139,1.5131,-10.4605,-0.0092,0.3613,-0.0326,-0.767739,0.005351,-0.947687,46125257,1127
0.0947,-0.4932,-11.0503,-0.0365,0.3442,-0.0391,-0.719764,0.002292,-0.951264,46135310,1128
0.9069,-1.1775,-10.0715,-0.0139,0.3514,-0.0321,-0.719764,0.002292,-0.951264,46145338,1128
0.376,-1.5184,-9.8145,-0.0267,0.3112,-0.0274,-0.719764,0.002292,-0.951264,46155838,1128
0.906,-0.3116,-9.4976,-0.0062,0.2017,-0.0329,-0.719764,0.002292,-0.951264,46166338,1128
0.9448,-0.4798,-10.5511,-0.0056,0.0954,-0.0231,-0.719764,0.002292,-0.951264,46176838,1128
0.5477,0.8947,-10.9384,0.0258,-0.0334,-0.0182,-0.719764,0.002292,-0.951264,46187338,1128
0.4697,1.8705,-11.0875,-0.0178,-0.1927,-0.0257,-0.719764,0.002292,-0.951264,46197838,1128
0.7501,2.9605,-10.645,0.0042,-0.3426,-0.0278,-0.719764,0.002292,-0.951264,46208338,1128
0.2209,3.1988,-10.2946,-0.0155,-0.438,-0.0282,-0.719764,0.002292,-0.951264,46218838,1128
0.2014,3.7563,-9.6862,0.0086,-0.5533,-0.0274,-0.719764,0.002292,-0.951264,46229338,1128
0.0386,1.8154,-9.8431,0.0286,-0.5236,-0.0141,-0.719764,0.002292,-0.951264,46239838,1128
-1.15,0.566,-10.7936,-0.0044,-0.5608,-0.022,-0.719764,0.002292,-0.951264,46250338,1128
-0.8146,0.5667,-11.1318,0.0099,-0.5526,-0.0241,-0.719764,0.002292,-0.951264,46260838,1128
0.192,1.0058,-11.6896,0.0172,-0.511,-0.0336,-0.719764,0.002292,-0.951264,46271338,1128
0.9327,0.9833,-10.3889,0.0297,-0.4841,-0.0213,-0.719764,0.002292,-0.951264,46281838,1128
-0.6597,1.3462,-11.379,0.0395,-0.428,-0.0212,-0.719764,0.002292,-0.951264,46292338,1128
-0.1929,-1.1923,-9.5823,0.0492,-0.3399,-0.0066,-0.719764,0.002292,-0.951264,46302838,1128
0.1976,-2.7829,-9.8732,0.0204,-0.3495,-0.0197,-0.719764,0.002292,-0.951264,46313338,1128
-0.8459,-2.6452,-10.2199,0.018,-0.2976,-0.0161,-0.719764,0.002292,-0.951264,46323838,1128
0.7744,-0.8584,-8.6036,0.0266,-0.2249,-0.018,-0.719764,0.002292,-0.951264,46334338,1128
0.9586,-0.147,-9.4055,0.0146,-0.2067,-0.0216,-0.719764,0.002292,-0.951264,46344838,1128
0.2149,0.3264,-8.2084,0.0274,-0.097,-0.0078,-0.625216,-0.001314,-0.957058,46355391,1129
-0.1858,-0.8432,-8.8216,-0.0035,-0.1378,-0.0188,-0.625216,-0.001314,-0.957058,46365891,1129
-0.1271,0.2748,-9.5016,-0.0053,-0.1136,-0.0133,-0.625216,-0.001314,-0.957058,46376391,1129
0.4406,-1.2876,-8.8162,-0.0168,-0.1506,-0.0292,-0.625216,-0.001314,-0.957058,46386891,1129
0.5589,-2.0484,-9.0933,0.018,-0.1155,-0.0087,-0.625216,-0.001314,-0.957058,46397391,1129
0.6474,0.2539,-8.8187,0.016,-0.0908,0.0093,-0.625216,-0.001314,-0.957058,46407891,1129
1.4472,-0.208,-8.9821,0.0139,-0.1668,-0.0114,-0.625216,-0.001314,-0.957058,46418391,1129
0.9957,1.1083,-8.6154,-0.0451,-0.2138,-0.0243,-0.625216,-0.001314,-0.957058,46428891,1129
0.5351,-0.2959,-8.5543,-0.0312,-0.2139,-0.0265,-0.625216,-0.001314,-0.957058,46439391,1129
0.5776,0.4798,-9.0287,-0.0076,-0.184,-0.0152,-0.625216,-0.001314,-0.957058,46449891,1129
0.1901,-0.2096,-9.0996,-0.0004,-0.1593,-0.0187,-0.625216,-0.001314,-0.957058,46460391,1129
-0.3468,-2.011,-8.6794,-0.013,-0.1614,-0.027,-0.625216,-0.001314,-0.957058,46470891,1129
-0.5077,0.0581,-9.3907,0.0183,-0.1328,-0.0103,-0.535684,0.003788,-0.963413,46480946,1130
0.8199,-0.1839,-9.274,0.0251,-0.1553,-0.0194,-0.535684,0.003788,-0.963413,46491446,1130
1.1874,2.9698,-9.7462,0.0206,-0.1528,-0.021,-0.535684,0.003788,-0.963413,46501946,1130
0.0334,1.4748,-9.1903,-0.0054,-0.1922,-0.0285,-0.535684,0.003788,-0.963413,46512446,1130
-0.2532,1.8143,-9.8234,-0.0071,-0.1954,-0.0193,-0.535684,0.003788,-0.963413,46522946,1130
0.636,2.7779,-8.8839,0.0156,-0.1983,-0.0198,-0.535684,0.003788,-0.963413,46533446,1130
0.0189,0.6962,-8.5598,-0.002,-0.2427,-0.029,-0.535684,0.003788,-0.963413,46543946,1130
-1.1044,0.6445,-9.4534,0.0118,-0.243,-0.0089,-0.535684,0.003788,-0.963413,46554446,1130
0.1255,-0.655,-8.8835,0.0156,-0.2804,-0.0139,-0.535684,0.003788,-0.963413,46564946,1130
0.4934,-0.2128,-9.359,0.0268,-0.2855,-0.0209,-0.535684,0.003788,-0.963413,46575446,1130
0.1649,-0.1207,-8.8882,0.0199,-0.2851,-0.0197,-0.474384,0.003672,-0.976011,46585990,1131
0.0014,0.8411,-10.2054,0.0502,-0.2551,-0.011,-0.474384,0.003672,-0.976011,46596490,1131
0.4943,2.5737,-9.9637,0.0367,-0.2518,-0.0181,-0.474384,0.003672,-0.976011,46606990,1131
1.0953,1.7509,-9.0687,0.0631,-0.1807,-0.0155,-0.474384,0.003672,-0.976011,46617490,1131
-0.6664,1.5039,-10.0015,0.0325,-0.1866,-0.0338,-0.474384,0.003672,-0.976011,46627990,1131
-0.5544,1.8129,-9.2019,0.0893,-0.1438,-0.0198,-0.474384,0.003672,-0.976011,46638490,1131
0.059,1.5434,-10.1549,0.0624,-0.1052,-0.0199,-0.474384,0.003672,-0.976011,46648990,1131
-0.4337,0.0189,-10.0951,0.0566,-0.0965,-0.0172,-0.474384,0.003672,-0.976011,46659490,1131
-0.522,0.569,-9.7566,0.0687,-0.0688,-0.0107,-0.474384,0.003672,-0.976011,46669990,1131
0.0776,2.7327,-11.1129,0.0779,-0.0269,-0.0163,-0.474384,0.003672,-0.976011,46680490,1131
0.4631,1.2741,-9.4882,0.0931,-0.0222,-0.0158,-0.474384,0.003672,-0.976011,46690990,1131
-0.3398,1.5523,-9.6453,0.0813,-0.0112,-0.0137,-0.474384,0.003672,-0.976011,46701490,1131
0.5824,3.1479,-9.2239,0.032,-0.0298,-0.017,-0.474384,0.003672,-0.976011,46711990,1131
0.457,0.6521,-8.2004,0.0441,-0.0236,-0.0166,-0.395893,0.003691,-0.984838,46722038,1132
-0.9708,1.2794,-8.9159,0.0438,-0.0089,-0.0183,-0.327869,0.002847,-0.993874,46732083,1133
-0.59,0.6463,-9.5181,0.0427,-0.0175,-0.0228,-0.327869,0.002847,-0.993874,46742583,1133
0.8093,-0.7726,-7.7323,0.0539,-0.0509,-0.0175,-0.327869,0.002847,-0.993874,46753083,1133
-0.2929,-1.8329,-8.0121,0.0389,-0.1185,-0.0062,-0.327869,0.002847,-0.993874,46763583,1133
0.5787,-2.4608,-8.7156,0.0198,-0.2469,-0.0225,-0.327869,0.002847,-0.993874,46774083,1133
0.5236,-1.5502,-9.9558,0.075,-0.3226,-0.0234,-0.327869,0.002847,-0.993874,46784583,1133
0.4573,-1.3184,-9.6725,0.132,-0.2911,0.0112,-0.327869,0.002847,-0.993874,46795083,1133
-0.7314,-0.5919,-10.6563,0.0535,-0.4136,-0.011,-0.327869,0.002847,-0.993874,46805583,1133
-0.5134,1.3766,-10.7812,0.0877,-0.4399,-0.0084,-0.327869,0.002847,-0.993874,46816083,1133
0.0182,0.3036,-10.7798,0.0801,-0.4554,-0.0028,-0.255102,0.000307,-0.995835,46826130,1134
-0.6255,1.0111,-10.2809,0.0798,-0.4607,-0.0064,-0.255102,0.000307,-0.995835,46836630,1134
-0.3882,1.0272,-11.2296,0.0628,-0.4915,-0.0182,-0.255102,0.000307,-0.995835,46847130,1134
0.3739,0.6224,-10.1598,0.0433,-0.5297,-0.0193,-0.255102,0.000307,-0.995835,46857630,1134
0.2375,2.2958,-10.6876,0.0291,-0.5111,-0.0188,-0.255102,0.000307,-0.995835,46868130,1134
0.1752,2.8321,-9.5122,0.0447,-0.5004,-0.0155,-0.255102,0.000307,-0.995835,46878630,1134
0.6556,0.3918,-9.4512,0.0116,-0.5296,-0.0273,-0.255102,0.000307,-0.995835,46889130,1134
0.3409,2.6474,-9.4111,0.0127,-0.5042,-0.0139,-0.255102,0.000307,-0.995835,46899630,1134
0.3802,0.9155,-7.7022,-0.0321,-0.508,-0.0173,-0.255102,0.000307,-0.995835,46910130,1134
-0.6192,-0.7413,-9.4182,-0.0447,-0.4487,-0.0144,-0.255102,0.000307,-0.995835,46920630,1134
0.1444,-0.5063,-8.8751,-0.0497,-0.389,-0.0136,-0.255102,0.000307,-0.995835,46931130,1134
-0.4239,-2.0823,-8.5672,-0.0463,-0.3436,-0.0206,-0.255102,0.000307,-0.995835,46941630,1134
-0.5541,-0.686,-9.8344,-0.0881,-0.2774,-0.0205,-0.255102,0.000307,-0.995835,46952130,1134
0.7874,1.1146,-10.0053,-0.0762,-0.2507,-0.0229,-0.168491,0.002979,-1.009679,46962181,1135
0.589,4.0366,-11.0095,-0.1485,-0.2475,-0.0351,-0.168491,0.002979,-1.009679,46972681,1135
-0.1148,1.8697,-9.5791,-0.0739,-0.1977,-0.0086,-0.168491,0.002979,-1.009679,46982710,1135
-0.3498,2.0551,-9.5814,-0.0904,-0.1941,-0.0245,-0.168491,0.002979,-1.009679,46993210,1135
0.197,3.3397,-9.8227,-0.0216,-0.1662,-0.014,-0.168491,0.002979,-1.009679,47003710,1135
0.107,1.8575,-9.5709,0.0185,-0.1805,-0.0119,-0.168491,0.002979,-1.009679,47014210,1135
-0.2939,0.5779,-8.9102,-0.0312,-0.2183,-0.0234,-0.168491,0.002979,-1.009679,47024710,1135
-0.0516,0.6823,-8.8814,-0.0155,-0.2414,-0.0152,-0.168491,0.002979,-1.009679,47035210,1135
-0.3027,0.3354,-9.7668,-0.0099,-0.2754,-0.0194,-0.13804,0.001216,-1.021284,47045265,1136
0.1105,1.1453,-10.0991,0.0063,-0.2748,-0.0143,-0.13804,0.001216,-1.021284,47055765,1136
0.1212,-0.4899,-8.8062,-0.0354,-0.2605,-0.0096,-0.13804,0.001216,-1.021284,47066265,1136
-0.1111,-1.4565,-9.9288,-0.0197,-0.2534,-0.0206,-0.13804,0.001216,-1.021284,47076765,1136
0.0762,2.8581,-10.8436,0.0524,-0.1447,-0.0068,-0.13804,0.001216,-1.021284,47087265,1136
0.9798,1.8444,-9.215,0.0258,-0.0841,0.0015,-0.13804,0.001216,-1.021284,47097765,1136
-0.7916,1.3662,-9.627,0.0065,-0.0322,-0.0064,-0.13804,0.001216,-1.021284,47108265,1136
-0.8397,1.797,-9.9215,0.004,0.0185,-0.0133,-0.13804,0.001216,-1.021284,47118765,1136
-0.1496,0.9928,-9.3575,0.025,0.1006,-0.0083,-0.13804,0.001216,-1.021284,47129265,1136
-1.108,0.7394,-9.5828,-0.0152,0.1517,-0.0106,-0.13804,0.001216,-1.021284,47139765,1136
-0.672,0.5124,-10.4577,0.0036,0.2192,-0.0096,-0.13804,0.001216,-1.021284,47150265,1136
0.4245,0.2693,-9.6041,-0.0057,0.2508,-0.0136,-0.13804,0.001216,-1.021284,47160765,1136
-0.0185,2.2942,-9.8164,-0.0287,0.2829,-0.0154,-0.13804,0.001216,-1.021284,47171265,1136
-0.2305,0.2965,-9.8351,0.0056,0.3053,-0.0197,-0.092839,-0.008706,-1.012751,47181317,1137
0.6626,2.9389,-10.3405,0.0189,0.2682,-0.0215,-0.092839,-0.008706,-1.012751,47191817,1137
1.3612,2.1157,-8.9856,-0.0006,0.2738,-0.0214,-0.092839,-0.008706,-1.012751,47201820,1137
-1.0996,2.6334,-10.1781,-0.0517,0.345,-0.0205,-0.092839,-0.008706,-1.012751,47212320,1137
-0.7015,1.3887,-9.3989,-0.0234,0.3926,-0.0226,-0.092839,-0.008706,-1.012751,47222353,1137
-0.5946,-0.0687,-11.7685,-0.0707,0.399,-0.0318,-0.092839,-0.008706,-1.012751,47232853,1137
-0.0758,1.3728,-12.0954,-0.0346,0.4603,-0.0186,-0.092839,-0.008706,-1.012751,47243353,1137
-0.1658,1.7085,-10.7557,-0.075,0.4448,-0.0256,-0.092839,-0.008706,-1.012751,47253853,1137
-0.5788,2.1987,-11.9351,-0.0837,0.4946,-0.0273,-0.092839,-0.008706,-1.012751,47264353,1137
0.2298,1.5677,-11.0567,-0.0703,0.5045,-0.0179,-0.092839,-0.008706,-1.012751,47274853,1137
-0.6357,-1.0208,-10.978,-0.1283,0.5021,-0.0171,-0.082501,-0.013511,-1.029734,47284901,1138
-0.6554,0.1586,-11.0682,-0.1095,0.5202,-0.0184,-0.082501,-0.013511,-1.029734,47295401,1138
0.3792,-1.5992,-11.0592,-0.0935,0.5205,-0.0176,-0.082501,-0.013511,-1.029734,47305901,1138
-0.062,-0.5523,-11.4104,-0.136,0.5135,-0.0143,-0.082501,-0.013511,-1.029734,47316401,1138
0.4544,-0.8215,-10.0824,-0.1406,0.5622,-0.0079,-0.082501,-0.013511,-1.029734,47326901,1138
0.0534,-0.5081,-10.5941,-0.1387,0.5544,-0.0241,-0.082501,-0.013511,-1.029734,47337401,1138
0.1382,0.5157,-11.0222,-0.1414,0.5432,-0.0242,-0.082501,-0.013511,-1.029734,47347901,1138
0.2208,-2.0841,-9.9051,-0.109,0.543,-0.0274,-0.082501,-0.013511,-1.029734,47358401,1138
0.1658,-1.4268,-9.4334,-0.1073,0.573,-0.0183,-0.082501,-0.013511,-1.029734,47368901,1138
0.1343,-2.6406,-9.7916,-0.0982,0.6028,-0.0013,-0.082501,-0.013511,-1.029734,47379401,1138
-0.6072,-2.9301,-10.2103,-0.1643,0.4841,-0.0276,-0.082501,-0.013511,-1.029734,47389901,1138
-0.2224,-0.6877,-11.1431,-0.0827,0.5665,-0.0102,-0.082501,-0.013511,-1.029734,47400401,1138
0.8019,-1.662,-11.1795,-0.0932,0.4937,-0.0218,-0.082501,-0.013511,-1.029734,47410901,1138
0.1956,-0.0391,-10.9632,-0.0672,0.4875,-0.0266,-0.082501,-0.013511,-1.029734,47421401,1138
-0.849,0.4893,-10.3416,-0.0603,0.4534,-0.0277,-0.082501,-0.013511,-1.029734,47431901,1138
-0.5588,0.1922,-11.7537,-0.0389,0.4157,-0.0211,-0.082501,-0.013511,-1.029734,47442401,1138
0.0352,0.4844,-10.3271,-0.0322,0.3818,-0.0183,-0.082501,-0.013511,-1.029734,47452901,1138
0.1561,1.5773,-10.3015,-0.0064,0.3407,-0.0189,-0.082501,-0.013511,-1.029734,47463401,1138
-0.1782,1.4103,-9.7849,-0.0075,0.3008,-0.0244,-0.082501,-0.013511,-1.029734,47473901,1138
0.6432,-2.3949,-8.2008,-0.0194,0.2637,-0.0245,-0.082501,-0.013511,-1.029734,47484401,1138
0.3343,-1.1785,-8.8404,0.0245,0.2546,-0.0201,-0.082501,-0.013511,-1.029734,47494901,1138
0.2821,-2.2619,-9.8148,0.0396,0.2546,-0.0153,-0.082501,-0.013511,-1.029734,47505401,1138
1.4573,-1.7385,-9.1904,0.0699,0.2314,-0.0103,-0.08228,-0.009789,-1.054129,47515449,1139
0.4555,-2.1133,-9.8864,0.0799,0.2255,0.0012,-0.08228,-0.009789,-1.054129,47525450,1139
-0.093,-1.541,-10.551,0.0009,0.2304,-0.0192,-0.08228,-0.009789,-1.054129,47535950,1139
0.2108,-0.7645,-11.0287,0.0357,0.2899,-0.004,-0.08228,-0.009789,-1.054129,47546450,1139
0.6774,0.6257,-11.5615,0.0381,0.3857,-0.0023,-0.08228,-0.009789,-1.054129,47556950,1139
0.2796,-1.4169,-8.4533,-0.0025,0.4469,-0.0128,-0.08228,-0.009789,-1.054129,47567450,1139
-0.7592,-2.0002,-9.5561,0.0454,0.5545,-0.0019,-0.08228,-0.009789,-1.054129,47577950,1139
-0.0161,-2.119,-9.9537,-0.0303,0.5647,-0.0108,-0.08228,-0.009789,-1.054129,47588450,1139
0.7733,-1.9602,-9.319,-0.0248,0.5976,-0.0061,-0.08228,-0.009789,-1.054129,47598950,1139
0.4537,-1.3251,-9.658,-0.0085,0.6658,0.0046,-0.08228,-0.009789,-1.054129,47609450,1139
1.2486,0.298,-9.0898,-0.0487,0.6009,-0.0209,-0.08228,-0.009789,-1.054129,47619950,1139
0.9899,-1.1644,-8.775,-0.0124,0.5874,-0.0172,-0.08228,-0.009789,-1.054129,47630450,1139
0.1197,-1.2911,-9.3039,-0.004,0.5557,-0.0096,-0.086613,-0.010923,-1.086506,47640494,1140
0.4357,-1.4316,-9.1374,0.0214,0.4936,0.0013,-0.086613,-0.010923,-1.086506,47650994,1140
0.3906,-1.0668,-9.7414,0.0035,0.4042,-0.0045,-0.086613,-0.010923,-1.086506,47661494,1140
0.449,-1.4139,-9.2731,0.0071,0.333,-0.0023,-0.086613,-0.010923,-1.086506,47671994,1140
0.391,0.7669,-10.4372,0.0265,0.3017,-0.0171,-0.086613,-0.010923,-1.086506,47682494,1140
0.2654,-1.0349,-9.9802,0.0499,0.2762,-0.004,-0.086613,-0.010923,-1.086506,47692994,1140
-0.4956,0.9024,-10.0546,0.0452,0.2265,0.0012,-0.086613,-0.010923,-1.086506,47703494,1140
-0.4829,1.6926,-10.5198,0.0514,0.216,-0.0105,-0.086613,-0.010923,-1.086506,47713994,1140
-0.6378,0.4774,-10.5588,0.0802,0.1846,-0.0004,-0.086613,-0.010923,-1.086506,47724494,1140
-0.7306,1.955,-9.8957,0.0853,0.1535,0.0037,-0.086613,-0.010923,-1.086506,47734994,1140
-0.4131,1.625,-10.4452,0.059,0.1421,-0.0028,-0.082973,-0.010009,-1.111049,47745042,1141
0.3285,0.4925,-8.7882,0.0712,0.1226,0.0006,-0.082973,-0.010009,-1.111049,47755542,1141
-0.0551,0.5082,-9.9724,0.0722,0.1046,-0.0006,-0.082973,-0.010009,-1.111049,47765570,1141
-1.0579,-0.1686,-9.6634,0.0586,0.0749,-0.0083,-0.082973,-0.010009,-1.111049,47776070,1141
-0.1836,1.7504,-9.9185,0.0589,0.0879,-0.0074,-0.082973,-0.010009,-1.111049,47786570,1141
0.8431,0.2583,-9.8835,0.0792,0.0868,0.0004,-0.082973,-0.010009,-1.111049,47797070,1141
0.9559,0.8063,-8.4799,0.0497,0.089,-0.0049,-0.082973,-0.010009,-1.111049,47807570,1141
0.7308,1.292,-8.6025,0.0499,0.0381,-0.0078,-0.082973,-0.010009,-1.111049,47818070,1141
0.394,-1.4087,-9.6533,0.0654,-0.0104,-0.0121,-0.082973,-0.010009,-1.111049,47828570,1141
0.8334,-0.9875,-8.9271,0.0898,0.0078,-0.0019,-0.082973,-0.010009,-1.111049,47839070,1141
1.0459,-0.2364,-9.9211,0.085,-0.0379,-0.0096,-0.082973,-0.010009,-1.111049,47849570,1141
0.6144,0.4089,-11.0698,0.0858,-0.0547,-0.0148,-0.082973,-0.010009,-1.111049,47860070,1141
1.1491,-0.5993,-9.0672,0.0869,-0.0878,-0.0102,-0.082973,-0.010009,-1.111049,47870570,1141
-0.2599,0.8137,-10.8426,0.0791,-0.1047,-0.0066,-0.073527,-0.010323,-1.127057,47880614,1142
-0.5336,0.6243,-10.7777,0.0899,-0.1348,-0.0033,-0.073527,-0.010323,-1.127057,47891114,1142
0.3939,2.1684,-10.8854,0.0456,-0.1482,-0.0119,-0.073527,-0.010323,-1.127057,47901614,1142
-0.2954,-0.0016,-10.605,0.0526,-0.1415,-0.0103,-0.073527,-0.010323,-1.127057,47912114,1142
-0.6698,-0.1516,-10.5156,0.0514,-0.0736,-0.0063,-0.073527,-0.010323,-1.127057,47922614,1142
-0.8509,0.2225,-11.165,0.0107,-0.0957,-0.0145,-0.073527,-0.010323,-1.127057,47933114,1142
-0.4471,-0.577,-11.1989,-0.0012,-0.0957,-0.0042,-0.073527,-0.010323,-1.127057,47943614,1142
0.0666,1.1225,-11.2228,0.0318,-0.1153,-0.0033,-0.073527,-0.010323,-1.127057,47954114,1142
0.0933,2.2068,-11.0968,0.0159,-0.1533,-0.0017,-0.073527,-0.010323,-1.127057,47964614,1142
0.1684,2.2793,-10.7272,0.0301,-0.1933,0.0008,-0.050868,-0.010465,-1.143648,47974663,1143
-0.1779,1.426,-10.2674,0.0493,-0.2389,-0.0132,-0.050868,-0.010465,-1.143648,47984700,1143
-0.3347,2.6351,-10.7982,0.0566,-0.2461,-0.0099,-0.050868,-0.010465,-1.143648,47995200,1143
-0.6915,-0.8835,-10.6566,0.0582,-0.2597,-0.0015,-0.050868,-0.010465,-1.143648,48005700,1143
-1.1902,0.5649,-11.3589,0.0445,-0.2987,0.0013,-0.050868,-0.010465,-1.143648,48016200,1143
-0.1629,0.6421,-11.1151,0.0268,-0.2862,-0.0078,-0.050868,-0.010465,-1.143648,48026700,1143
0.1147,-0.7318,-12.0432,0.0539,-0.3092,-0.0089,-0.050868,-0.010465,-1.143648,48037200,1143
-0.0726,1.3156,-10.6794,0.0452,-0.338,-0.0075,-0.050868,-0.010465,-1.143648,48047700,1143
0.3966,0.7056,-10.9659,0.0501,-0.3186,-0.0201,-0.050868,-0.010465,-1.143648,48058200,1143
-0.0763,0.8866,-11.2452,0.04,-0.3141,-0.0204,-0.050868,-0.010465,-1.143648,48068700,1143
0.2971,2.4474,-11.1404,0.0222,-0.2998,-0.0089,-0.050868,-0.010465,-1.143648,48079200,1143
-0.5308,0.5059,-11.0634,0.025,-0.3265,-0.0213,-0.050868,-0.010465,-1.143648,48089700,1143
-0.3136,1.1309,-10.3177,0.0417,-0.2982,-0.0156,-0.024205,-0.011462,-1.167186,48099747,1144
-0.2432,-1.4677,-10.7794,0.0148,-0.3267,-0.0084,-0.024205,-0.011462,-1.167186,48110247,1144
-1.1734,0.2102,-11.7373,0.0527,-0.3127,-0.0019,-0.024205,-0.011462,-1.167186,48120747,1144
0.1923,0.0713,-11.3308,0.0398,-0.2927,-0.0031,-0.024205,-0.011462,-1.167186,48131247,1144
0.0354,1.7524,-11.783,0.0313,-0.2976,-0.0091,-0.024205,-0.011462,-1.167186,48141747,1144
-0.2633,1.3775,-10.685,0.0017,-0.282,-0.012,-0.024205,-0.011462,-1.167186,48152247,1144
-0.4931,0.7688,-10.5841,0.0126,-0.2359,-0.0106,-0.024205,-0.011462,-1.167186,48162747,1144
-0.575,1.746,-11.126,-0.0189,-0.2269,-0.0167,-0.024205,-0.011462,-1.167186,48173247,1144
0.193,-0.1171,-10.4825,0.0099,-0.203,-0.014,-0.024205,-0.011462,-1.167186,48183747,1144
-0.5399,-0.3532,-11.0426,0.0301,-0.2057,-0.0023,-0.024205,-0.011462,-1.167186,48194247,1144
-0.7089,0.3566,-11.0811,0.0257,-0.1931,0.0081,-0.024205,-0.011462,-1.167186,48204747,1144
-0.1454,0.4204,-11.4532,0.0299,-0.1884,-0.0006,0.029016,-0.009159,-1.193136,48214791,1145
0.0982,1.0253,-11.329,0.0344,-0.2166,0.0029,0.029016,-0.009159,-1.193136,48224799,1145
0.3377,2.5616,-10.7459,0.0438,-0.2281,-0.003,0.029016,-0.009159,-1.193136,48235299,1145
-0.6561,1.6517,-10.6999,0.0329,-0.2126,-0.0075,0.029016,-0.009159,-1.193136,48245327,1145
-0.6516,0.6744,-10.3695,0.0312,-0.2506,-0.013,0.029016,-0.009159,-1.193136,48255827,1145
-0.4541,1.6873,-10.3857,0.0037,-0.2663,-0.0152,0.029016,-0.009159,-1.193136,48266327,1145
-0.0852,1.0289,-11.386,0.0735,-0.2641,-0.0087,0.029016,-0.009159,-1.193136,48276827,1145
0.0333,0.8967,-9.8083,0.0433,-0.339,-0.009,0.029016,-0.009159,-1.193136,48287327,1145
-0.3852,-0.3618,-9.8468,0.0373,-0.371,-0.0126,0.029016,-0.009159,-1.193136,48297827,1145
-0.1113,1.3311,-10.126,0.0251,-0.3953,-0.0084,0.029016,-0.009159,-1.193136,48308327,1145
0.8505,0.644,-9.7602,0.0048,-0.4427,-0.007,0.029016,-0.009159,-1.193136,48318827,1145
0.6836,2.4312,-9.9158,0.0236,-0.354,-0.0026,0.029016,-0.009159,-1.193136,48329327,1145
-0.0663,1.4209,-8.8263,0.0343,-0.3542,0.0025,0.062798,-0.020239,-1.222823,48339429,1146
-1.2964,0.7785,-10.1487,0.0341,-0.3117,0,0.062798,-0.020239,-1.222823,48349929,1146
-0.2646,1.0624,-11.2906,0.005,-0.3219,0.0023,0.062798,-0.020239,-1.222823,48360429,1146
0.5556,1.1467,-10.2319,-0.0069,-0.2957,0.0116,0.062798,-0.020239,-1.222823,48370929,1146
-1.1022,1.0633,-9.9901,-0.0624,-0.289,-0.0004,0.062798,-0.020239,-1.222823,48381429,1146
-0.212,2.3066,-10.7654,-0.0323,-0.1883,0.0152,0.062798,-0.020239,-1.222823,48391929,1146
0.41,2.7055,-10.5176,-0.0689,-0.165,0.0017,0.062798,-0.020239,-1.222823,48402429,1146
-0.5781,0.2204,-10.1029,-0.05,-0.1663,0.0016,0.062798,-0.020239,-1.222823,48412929,1146
-1.135,-0.173,-10.8167,-0.031,-0.1182,0.0014,0.062798,-0.020239,-1.222823,48423429,1146
-0.1263,0.5119,-10.8552,-0.0463,-0.1016,0.015,0.133056,-0.028033,-1.270077,48433476,1147
0.4049,1.7479,-11.0909,-0.041,-0.0888,0.0142,0.133056,-0.028033,-1.270077,48443505,1147
-0.1359,1.6278,-10.6156,-0.0687,-0.1026,0.0036,0.133056,-0.028033,-1.270077,48454005,1147
0.1275,1.6571,-10.2212,-0.0549,-0.1034,0.0107,0.133056,-0.028033,-1.270077,48464505,1147
0.256,2.2551,-10.0126,-0.0391,-0.1746,0.0098,0.133056,-0.028033,-1.270077,48475005,1147
0.626,2.9725,-9.3306,-0.0604,-0.2041,0.0113,0.133056,-0.028033,-1.270077,48485505,1147
0.7798,-0.3659,-8.0176,-0.0657,-0.3005,0.0117,0.133056,-0.028033,-1.270077,48496005,1147
0.6822,0.2648,-8.582,-0.0819,-0.356,0.0099,0.133056,-0.028033,-1.270077,48506505,1147
1.4762,0.3112,-9.5059,-0.0847,-0.3756,0.008,0.133056,-0.028033,-1.270077,48517005,1147
0.7037,-0.8415,-9.9664,-0.1151,-0.4291,0.0068,0.133056,-0.028033,-1.270077,48527505,1147
-0.4405,0.3665,-10.4722,-0.116,-0.4383,0.0141,0.133056,-0.028033,-1.270077,48538005,1147
0.6311,2.7933,-10.3697,-0.1176,-0.4088,0.0206,0.133056,-0.028033,-1.270077,48548505,1147
-0.3318,1.03,-10.3248,-0.1354,-0.4243,0.0112,0.133056,-0.028033,-1.270077,48559005,1147
-0.7607,1.9899,-10.6067,-0.1724,-0.3704,0.0043,0.161261,-0.036222,-1.291767,48569054,1148
-0.1016,0.3213,-10.3013,-0.1364,-0.2916,0.0183,0.161261,-0.036222,-1.291767,48579554,1148
-1.3121,0.286,-10.5411,-0.1683,-0.2561,0.0005,0.161261,-0.036222,-1.291767,48590054,1148
-0.5593,0.3613,-10.673,-0.1412,-0.1613,0.012,0.161261,-0.036222,-1.291767,48600554,1148
0.3303,-0.5866,-10.6106,-0.1365,-0.1505,0.0182,0.161261,-0.036222,-1.291767,48611054,1148
-1.4333,0.1773,-11.2047,-0.1314,-0.0797,0.0139,0.161261,-0.036222,-1.291767,48621554,1148
0.6373,0.3862,-10.6508,-0.1291,-0.0334,0.0169,0.161261,-0.036222,-1.291767,48632054,1148
0.0956,1.5732,-10.9899,-0.1008,-0.0007,0.0211,0.161261,-0.036222,-1.291767,48642554,1148
-0.1634,0.5027,-10.7295,-0.1092,0.0366,0.0276,0.161261,-0.036222,-1.291767,48653054,1148
0.8671,1.7833,-10.8072,-0.1319,0.0376,0.0153,0.188562,-0.045574,-1.310149,48663101,1149
-0.31,1.9854,-10.5647,-0.0935,0.0511,0.0104,0.188562,-0.045574,-1.310149,48673601,1149
-0.5539,0.864,-9.9858,-0.1039,0.0877,0.0122,0.188562,-0.045574,-1.310149,48683630,1149
-0.0204,-1.817,-9.9782,-0.128,0.0568,0.0029,0.188562,-0.045574,-1.310149,48694130,1149
-0.4424,-0.0842,-10.5494,-0.0638,0.1236,0.0266,0.188562,-0.045574,-1.310149,48704630,1149
-0.2614,0.3817,-10.0389,-0.0937,0.0784,0.0194,0.188562,-0.045574,-1.310149,48715130,1149
-0.4287,-2.4538,-10.6801,-0.1374,0.0328,0.0034,0.188562,-0.045574,-1.310149,48725630,1149
-0.3044,-0.9476,-10.8225,-0.1011,0.0351,0.0119,0.188562,-0.045574,-1.310149,48736130,1149
-0.2657,-0.3337,-10.968,-0.1224,0.0391,0.0081,0.188562,-0.045574,-1.310149,48746630,1149
0.8731,-1.2942,-10.3448,-0.1305,0.0194,0.0009,0.188562,-0.045574,-1.310149,48757130,1149
0.4824,-1.5903,-10.1662,-0.1103,0.0231,0.0109,0.188562,-0.045574,-1.310149,48767630,1149
0.2953,0.296,-9.641,-0.11,0.0538,0.0146,0.188562,-0.045574,-1.310149,48778130,1149
1.3371,-0.0286,-9.7868,-0.103,0.0354,0.0135,0.188562,-0.045574,-1.310149,48788630,1149
1.1183,-0.8156,-8.2421,-0.0908,0.0398,0.0147,0.222658,-0.05705,-1.337982,48798674,1150
-0.1244,-1.0655,-8.5488,-0.0871,0.0388,0.0136,0.222658,-0.05705,-1.337982,48809174,1150
-0.1312,-0.8621,-9.4001,-0.0798,0.0427,0.0181,0.222658,-0.05705,-1.337982,48819674,1150
0.4032,-1.4449,-9.3134,-0.0848,0.0281,0.0057,0.222658,-0.05705,-1.337982,48830174,1150
-0.2915,-1.4423,-8.4003,-0.0725,0.043,0.0208,0.222658,-0.05705,-1.337982,48840674,1150
-1.0146,-0.3725,-9.7579,-0.0083,0.0983,0.0225,0.222658,-0.05705,-1.337982,48851174,1150
0.3297,-0.8852,-10.3128,-0.0519,0.0676,0.0112,0.222658,-0.05705,-1.337982,48861674,1150
0.8743,-0.1282,-9.7385,-0.0346,0.0701,0.0122,0.222658,-0.05705,-1.337982,48872174,1150
-0.1142,2.4449,-10.6594,0.0178,0.0851,0.0234,0.222658,-0.05705,-1.337982,48882674,1150
0.0618,1.0297,-10.4696,-0.0126,0.0858,0.0266,0.254335,-0.071156,-1.367489,48893219,1151
0.5746,1.2896,-10.9753,-0.0154,0.0551,0.0094,0.254335,-0.071156,-1.367489,48903719,1151
0.1283,2.4191,-10.7683,-0.0003,0.105,0.0231,0.254335,-0.071156,-1.367489,48914219,1151
-0.4284,1.6093,-10.232,-0.0239,0.0252,0.0102,0.254335,-0.071156,-1.367489,48924719,1151
-0.1451,1.2889,-10.592,0.0098,0.051,0.0141,0.254335,-0.071156,-1.367489,48935219,1151
-0.095,-0.4105,-9.745,-0.0115,0.0494,0.0238,0.254335,-0.071156,-1.367489,48945719,1151
-0.7343,-1.2095,-10.0945,0.0397,0.0409,0.0286,0.254335,-0.071156,-1.367489,48956219,1151
-0.3086,0.8882,-10.5765,0.029,-0.0071,0.0295,0.254335,-0.071156,-1.367489,48966719,1151
0.5899,-2.0882,-9.7453,-0.0034,-0.0103,0.0365,0.254335,-0.071156,-1.367489,48977219,1151
-0.6078,-1.8235,-10.3141,0.001,-0.0591,0.029,0.254335,-0.071156,-1.367489,48987719,1151
-0.7721,-0.7508,-10.3234,-0.0235,-0.0633,0.0273,0.254335,-0.071156,-1.367489,48998219,1151
0.3152,-1.7266,-10.6744,-0.0097,-0.0351,0.0307,0.254335,-0.071156,-1.367489,49008719,1151
-0.3722,-1.4242,-10.6005,-0.0027,-0.0373,0.0242,0.254335,-0.071156,-1.367489,49019219,1151
0.0964,-1.3049,-9.276,0.0318,-0.0231,0.0293,0.269872,-0.060443,-1.381554,49029271,1152
0.1674,-0.2772,-10.1133,0.0211,-0.0148,0.0141,0.269872,-0.060443,-1.381554,49039771,1152
1.0997,0.2824,-9.7267,0.0435,0.0035,0.0173,0.269872,-0.060443,-1.381554,49049782,1152
1.0576,-0.4144,-9.1335,0.1257,0.0043,0.0368,0.269872,-0.060443,-1.381554,49060282,1152
-0.0201,1.9056,-9.747,0.1475,0.0209,0.0294,0.269872,-0.060443,-1.381554,49070283,1152
0.1045,2.2614,-10.0567,0.2007,-0.0158,0.0235,0.269872,-0.060443,-1.381554,49080783,1152
0.378,1.6738,-10.9319,0.2431,0.0018,0.04,0.269872,-0.060443,-1.381554,49091283,1152
-0.2405,2.2177,-10.67,0.2581,-0.0081,0.0341,0.269872,-0.060443,-1.381554,49101783,1152
-0.8244,1.6836,-10.0265,0.2761,0.0186,0.0402,0.269872,-0.060443,-1.381554,49112283,1152
-0.4501,-2.1319,-10.8969,0.269,0.0008,0.0236,0.269872,-0.060443,-1.381554,49122783,1152
-0.0158,-1.6737,-10.4183,0.2946,0.029,0.0384,0.249066,-0.080696,-1.418782,49132827,1153
0.7596,-1.6874,-9.1553,0.2542,0.0174,0.0352,0.249066,-0.080696,-1.418782,49142855,1153
0.847,-0.459,-9.5308,0.243,0.0464,0.0287,0.249066,-0.080696,-1.418782,49153355,1153
0.4381,1.0516,-9.2365,0.2131,0.0998,0.0413,0.249066,-0.080696,-1.418782,49163356,1153
-0.6085,-0.0999,-9.7266,0.1428,0.0912,0.0258,0.249066,-0.080696,-1.418782,49173856,1153
-1.0101,1.368,-11.0821,0.0957,0.1532,0.0287,0.249066,-0.080696,-1.418782,49184356,1153
-0.1854,0.7302,-10.4526,0.0448,0.2167,0.0281,0.249066,-0.080696,-1.418782,49194856,1153
-0.5218,0.1111,-11.1849,0.001,0.2632,0.0215,0.249066,-0.080696,-1.418782,49205356,1153
0.0028,1.0153,-10.4293,-0.0233,0.2856,0.0285,0.249066,-0.080696,-1.418782,49215856,1153
-0.8811,0.7074,-10.8714,-0.0613,0.3164,0.0332,0.249066,-0.080696,-1.418782,49226356,1153
-0.3048,0.8515,-10.888,-0.0885,0.3295,0.028,0.249066,-0.080696,-1.418782,49236856,1153
0.8835,1.4569,-10.2997,-0.091,0.3421,0.0306,0.249066,-0.080696,-1.418782,49247356,1153
-0.8401,1.1944,-10.8588,-0.0984,0.3615,0.0339,0.249066,-0.080696,-1.418782,49257856,1153
-0.6002,0.9155,-10.3782,-0.0981,0.3285,0.0313,0.243925,-0.084422,-1.454016,49267900,1154
0.2785,0.556,-10.6894,-0.0984,0.3024,0.0354,0.243925,-0.084422,-1.454016,49278400,1154
0.6473,1.125,-10.6938,-0.0921,0.2834,0.0244,0.243925,-0.084422,-1.454016,49288900,1154
-0.4123,0.9722,-10.527,-0.0759,0.2571,0.0313,0.243925,-0.084422,-1.454016,49299400,1154
-0.357,-0.3393,-10.3487,-0.0736,0.2502,0.03,0.243925,-0.084422,-1.454016,49309900,1154
0.5336,0.9791,-10.6589,-0.0645,0.2708,0.0246,0.243925,-0.084422,-1.454016,49320400,1154
0.6294,-0.0937,-9.6041,-0.0424,0.2789,0.0309,0.243925,-0.084422,-1.454016,49330900,1154
-0.0564,-1.1654,-9.8627,-0.0479,0.2433,0.0207,0.243925,-0.084422,-1.454016,49341400,1154
0.5492,0.8301,-10.2277,-0.0278,0.2707,0.0287,0.243925,-0.084422,-1.454016,49351900,1154
1.1688,-0.3558,-8.8286,-0.0054,0.257,0.0222,0.221104,-0.085495,-1.486922,49361955,1155
0.2855,-1.2596,-9.1512,-0.0134,0.2467,0.0179,0.221104,-0.085495,-1.486922,49372455,1155
0.2939,-0.6039,-8.6792,-0.0071,0.2937,0.0179,0.221104,-0.085495,-1.486922,49382487,1155
0.3149,0.4308,-9.2657,0.0166,0.3328,0.0246,0.221104,-0.085495,-1.486922,49392987,1155
-0.3155,1.1499,-9.479,-0.0047,0.3313,0.0083,0.221104,-0.085495,-1.486922,49403487,1155
0.0804,-0.1016,-8.6972,0.0104,0.3676,0.0225,0.221104,-0.085495,-1.486922,49413987,1155
-0.3839,0.5475,-10.0599,0.012,0.3479,0.0254,0.221104,-0.085495,-1.486922,49424487,1155
-0.0477,1.1155,-8.7584,-0.0349,0.3527,0.0255,0.221104,-0.085495,-1.486922,49434987,1155
-0.2374,-0.2729,-9.2192,-0.0272,0.3286,0.0207,0.221104,-0.085495,-1.486922,49445487,1155
-0.644,0.5343,-9.8432,-0.0577,0.288,0.0102,0.221104,-0.085495,-1.486922,49455987,1155
0.5371,0.6311,-8.1438,-0.0567,0.2597,0.018,0.221104,-0.085495,-1.486922,49466487,1155
0.1086,-0.0195,-8.7506,-0.0448,0.2358,0.0298,0.221104,-0.085495,-1.486922,49476987,1155
0.1151,-0.4434,-9.1508,-0.0603,0.1742,0.0185,0.181991,-0.078545,-1.527084,49487032,1156
0.0769,0.6846,-9.2624,-0.0658,0.1409,0.0275,0.181991,-0.078545,-1.527084,49497532,1156
0.0732,0.404,-8.7459,-0.0444,0.1494,0.0193,0.181991,-0.078545,-1.527084,49508032,1156
-0.476,0.2443,-9.8035,-0.0484,0.1668,0.0067,0.181991,-0.078545,-1.527084,49518532,1156
-0.1496,0.8177,-9.6428,-0.0468,0.184,0.0121,0.181991,-0.078545,-1.527084,49529032,1156
-0.1756,0.7847,-9.4809,-0.0284,0.2034,0.0136,0.181991,-0.078545,-1.527084,49539532,1156
-1,1.4117,-10.0618,-0.0128,0.2591,0.0197,0.181991,-0.078545,-1.527084,49550032,1156
-0.3042,0.9802,-10.1885,0.0136,0.2869,0.0178,0.181991,-0.078545,-1.527084,49560532,1156
-0.0109,1.4239,-10.3335,-0.0326,0.3077,0.0038,0.181991,-0.078545,-1.527084,49571032,1156
-1.0719,0.7222,-9.8787,0.0277,0.3676,0.0131,0.181991,-0.078545,-1.527084,49581532,1156
-0.5902,0.5426,-10.4258,-0.0237,0.3779,0.0134,0.156275,-0.064925,-1.558786,49591577,1157
0.1011,0.2452,-10.5531,0.0614,0.4021,0.0133,0.156275,-0.064925,-1.558786,49601578,1157
-0.4868,0.9191,-10.0489,0.0712,0.3637,0.0127,0.156275,-0.064925,-1.558786,49612078,1157
-0.67,-1.0652,-9.9763,0.108,0.3653,0.0196,0.156275,-0.064925,-1.558786,49622578,1157
-0.1,1.2632,-10.5699,0.1291,0.3786,0.017,0.156275,-0.064925,-1.558786,49633078,1157
0.5819,-0.3496,-9.4851,0.132,0.3405,0.0138,0.156275,-0.064925,-1.558786,49643578,1157
-0.1235,-0.852,-9.4812,0.1774,0.3248,0.0163,0.156275,-0.064925,-1.558786,49654078,1157
-0.0706,0.5472,-9.9845,0.2042,0.2804,0.0108,0.156275,-0.064925,-1.558786,49664578,1157
0.7032,-0.2838,-9.5852,0.233,0.2621,0.0094,0.156275,-0.064925,-1.558786,49675078,1157
0.2853,0.166,-10.2918,0.2329,0.191,0.0119,0.156275,-0.064925,-1.558786,49685578,1157
0.1448,-0.2507,-9.8772,0.2372,0.1423,0.0168,0.156275,-0.064925,-1.558786,49696078,1157
0.08,0.6849,-10.9039,0.2282,0.0627,0.013,0.156275,-0.064925,-1.558786,49706578,1157
0.1557,1.6771,-10.8332,0.2125,0.038,0.004,0.138924,-0.05134,-1.600138,49716632,1158
-0.2017,1.2165,-10.6781,0.1888,0.026,0.0077,0.138924,-0.05134,-1.600138,49727132,1158
-0.246,0.1242,-10.077,0.1988,0.0093,0.0028,0.138924,-0.05134,-1.600138,49737632,1158
0.3155,0.8436,-11.2168,0.1789,-0.0581,-0.0027,0.138924,-0.05134,-1.600138,49748132,1158
0.1021,1.8425,-10.8204,0.194,-0.0913,-0.0071,0.138924,-0.05134,-1.600138,49758632,1158
0.1358,-0.2511,-10.3654,0.1805,-0.0889,0.0049,0.138924,-0.05134,-1.600138,49769132,1158
-0.6682,0.7934,-11.2491,0.1789,-0.1015,0.013,0.138924,-0.05134,-1.600138,49779632,1158
0.7405,0.4085,-10.5659,0.1524,-0.114,0.0069,0.138924,-0.05134,-1.600138,49790132,1158
0.495,-0.1154,-10.537,0.1456,-0.0944,0.0028,0.138924,-0.05134,-1.600138,49800632,1158
-0.6195,0.4144,-11.2179,0.1288,-0.081,0,0.138924,-0.05134,-1.600138,49811132,1158
0.3456,-0.2475,-10.0758,0.1392,-0.0631,0.0015,0.146575,-0.068356,-1.617258,49821176,1159
1.0149,0.1397,-9.4813,0.1283,-0.0624,-0.0082,0.146575,-0.068356,-1.617258,49831676,1159
0.6908,-1.0252,-8.9167,0.1033,-0.0732,0.01,0.146575,-0.068356,-1.617258,49841706,1159
0.5864,-1.2614,-9.1104,0.1063,-0.0799,0.0224,0.146575,-0.068356,-1.617258,49852206,1159
0.8556,-0.5125,-8.9916,0.0454,-0.1289,0.0151,0.146575,-0.068356,-1.617258,49862706,1159
0.6544,-0.3641,-9.3997,0.0082,-0.1745,0.0122,0.146575,-0.068356,-1.617258,49873206,1159
0.4358,-1.5244,-8.9405,-0.0275,-0.2164,0.0164,0.146575,-0.068356,-1.617258,49883706,1159
0.3975,-0.8523,-9.2588,-0.0647,-0.2472,0.0132,0.146575,-0.068356,-1.617258,49894206,1159
0.9631,-0.8281,-9.0816,-0.0993,-0.262,0.0144,0.146575,-0.068356,-1.617258,49904706,1159
0.998,-1.2837,-8.9978,-0.122,-0.3078,0.0045,0.146575,-0.068356,-1.617258,49915206,1159
0.1546,-1.6109,-8.7413,-0.1633,-0.3464,0.0053,0.146575,-0.068356,-1.617258,49925706,1159
0.0525,-1.2858,-8.985,-0.1551,-0.347,0.0026,0.146575,-0.068356,-1.617258,49936206,1159
0.63,-0.6632,-9.2021,-0.1683,-0.3506,0.0063,0.146575,-0.068356,-1.617258,49946706,1159
0.3081,0.5403,-9.5856,-0.1353,-0.3707,0.0064,0.125237,-0.049735,-1.658076,49956752,1160
-0.2205,-0.2827,-9.6033,-0.1408,-0.3563,0.0003,0.125237,-0.049735,-1.658076,49967252,1160
-0.8368,0.6815,-10.5679,-0.1245,-0.3169,0.0026,0.125237,-0.049735,-1.658076,49977752,1160
-0.4218,1.0127,-11.2946,-0.1155,-0.2929,0.0046,0.125237,-0.049735,-1.658076,49988252,1160
-0.3686,0.4691,-10.6329,-0.087,-0.2579,0.0077,0.125237,-0.049735,-1.658076,49998752,1160
0.0042,-1.4458,-9.8646,-0.0342,-0.2,0.0153,0.125237,-0.049735,-1.658076,50009252,1160
0.1727,-1.5261,-10.139,-0.0105,-0.1774,0.0054,0.125237,-0.049735,-1.658076,50019752,1160
0.1427,-0.7426,-10.2259,-0.012,-0.186,-0.0023,0.125237,-0.049735,-1.658076,50030252,1160
0.2459,-1.5297,-9.049,-0.0101,-0.1633,-0.0002,0.125237,-0.049735,-1.658076,50040752,1160
0.438,-1.8673,-9.0479,0.0583,-0.1179,0.0018,0.122823,-0.055899,-1.69468,50050798,1161
0.6137,0.859,-10.1482,0.0692,-0.099,0.0042,0.122823,-0.055899,-1.69468,50060799,1161
0.0765,0.0204,-9.2316,0.0292,-0.1482,-0.0074,0.122823,-0.055899,-1.69468,50071299,1161
-0.1626,1.2306,-9.451,0.0359,-0.1535,-0.0011,0.122823,-0.055899,-1.69468,50081327,1161
0.3488,0.4531,-9.4775,0.0638,-0.131,0.0034,0.122823,-0.055899,-1.69468,50091827,1161
0.8454,1.8691,-9.8948,0.0573,-0.1143,0.0097,0.122823,-0.055899,-1.69468,50102327,1161
-0.4247,-0.3238,-9.4444,-0.003,-0.1865,-0.0042,0.122823,-0.055899,-1.69468,50112827,1161
0.1772,0.5256,-10.0076,0.0228,-0.0805,0.0096,0.122823,-0.055899,-1.69468,50123327,1161
0.7826,0.6699,-8.604,0.012,-0.0778,0.0044,0.122823,-0.055899,-1.69468,50133827,1161
0.0948,-0.4106,-9.5473,0.0089,-0.0636,-0.0052,0.122823,-0.055899,-1.69468,50144327,1161
0.4717,2.437,-9.7845,0.0088,-0.0302,0.0046,0.122823,-0.055899,-1.69468,50154827,1161
0.3452,-1.1072,-8.3624,-0.0099,-0.0976,0.0038,0.122823,-0.055899,-1.69468,50165327,1161
0.3227,-0.6416,-9.2666,-0.0427,-0.0498,0.0139,0.122823,-0.055899,-1.69468,50175827,1161
0.6749,0.0878,-8.9998,-0.0562,-0.0375,0.0168,0.129085,-0.047891,-1.73684,50186372,1162
0.0557,0.1727,-8.8008,-0.1189,-0.0558,0.0027,0.129085,-0.047891,-1.73684,50196872,1162
0.7079,-1.0042,-9.3767,-0.0997,-0.074,0.0056,0.129085,-0.047891,-1.73684,50207372,1162
0.7003,-1.7476,-8.7436,-0.1452,-0.0782,-0.0019,0.129085,-0.047891,-1.73684,50217872,1162
0.1685,-0.7356,-9.3385,-0.1102,-0.0955,-0.0046,0.129085,-0.047891,-1.73684,50228372,1162
0.9275,-1.5581,-9.311,-0.0876,-0.0984,-0.0069,0.129085,-0.047891,-1.73684,50238872,1162
1.3561,0.0677,-8.6793,-0.034,-0.0466,0.001,0.129085,-0.047891,-1.73684,50249372,1162
-0.3953,-0.6435,-9.3355,-0.0558,-0.0971,-0.0044,0.129085,-0.047891,-1.73684,50259872,1162
0.4581,-0.5522,-9.7775,-0.0219,-0.087,0.0002,0.129085,-0.047891,-1.73684,50270372,1162
1.2756,-0.1143,-8.9674,-0.0154,-0.1173,-0.0101,0.133352,-0.051448,-1.764142,50280416,1163
0.0999,0.6315,-9.6927,0.0042,-0.1035,-0.0066,0.133352,-0.051448,-1.764142,50290916,1163
-0.4472,0.9217,-9.7965,0.0053,-0.0864,-0.0019,0.133352,-0.051448,-1.764142,50301416,1163
0.9994,0.0306,-9.2832,0.036,-0.0641,0.0007,0.133352,-0.051448,-1.764142,50311916,1163
0.4265,1.2901,-10.0987,0.0164,-0.113,-0.0016,0.133352,-0.051448,-1.764142,50322416,1163
0.2608,0.3739,-9.3858,0.0368,-0.0798,0.0111,0.133352,-0.051448,-1.764142,50332916,1163
0.3366,2.3723,-10.1653,0.0233,-0.0912,0.0096,0.133352,-0.051448,-1.764142,50343416,1163
0.0444,1.653,-9.6881,0.0001,-0.1267,-0.0071,0.133352,-0.051448,-1.764142,50353916,1163
0.8225,-0.78,-9.0653,0.0108,-0.08,0.0066,0.133352,-0.051448,-1.764142,50364416,1163
0.4586,2.2537,-10.0654,-0.037,-0.0768,0.0014,0.133352,-0.051448,-1.764142,50374916,1163
-0.4187,0.6133,-9.3395,-0.0208,-0.0704,-0.0015,0.133352,-0.051448,-1.764142,50385416,1163
0.05,1.4537,-10.2343,-0.0167,-0.0695,0.0016,0.133352,-0.051448,-1.764142,50395916,1163
0.9192,1.7107,-9.51,-0.0213,-0.0879,0.005,0.133352,-0.051448,-1.764142,50406416,1163
0.1154,-0.7146,-8.878,-0.0185,-0.0414,0.0176,0.133352,-0.051448,-1.764142,50416916,1163
-0.273,2.4718,-9.866,-0.0601,-0.1037,0.0041,0.133352,-0.051448,-1.764142,50427416,1163
0.9105,0.0094,-9.1829,-0.0292,-0.0819,0.0111,0.133352,-0.051448,-1.764142,50437916,1163
0.263,-0.7109,-8.9228,-0.0303,-0.0541,0.0199,0.133352,-0.051448,-1.764142,50448416,1163
0.2363,0.9395,-9.4059,-0.0413,-0.0369,0.0106,0.133352,-0.051448,-1.764142,50458916,1163
0.1047,-1.1238,-8.9624,-0.0075,-0.065,0.012,0.133352,-0.051448,-1.764142,50469416,1163
0.3281,-0.3007,-9.5408,0.0073,-0.0585,0.0173,0.145615,-0.065732,-1.839226,50479509,1165
0.5134,1.637,-10.3052,-0.0123,-0.0474,0.0094,0.145615,-0.065732,-1.839226,50489547,1165
0.5882,2.2124,-9.365,-0.0471,-0.0463,0.0108,0.145615,-0.065732,-1.839226,50500047,1165
-0.88,1.7669,-10.0244,-0.0093,-0.0117,0.0123,0.145615,-0.065732,-1.839226,50510547,1165
0.6017,1.937,-10.7435,-0.0531,-0.0507,-0.0012,0.145615,-0.065732,-1.839226,50521047,1165
0.803,1.6947,-9.9884,-0.0454,-0.0502,0.0054,0.145615,-0.065732,-1.839226,50531547,1165
-0.3769,1.568,-10.0318,-0.0704,-0.0843,0.0086,0.145615,-0.065732,-1.839226,50542047,1165
-0.3463,2.3903,-10.7459,-0.076,-0.0911,0.0052,0.145615,-0.065732,-1.839226,50552547,1165
0.1132,2.7441,-10.2297,-0.109,-0.133,0,0.145615,-0.065732,-1.839226,50563047,1165
-0.2823,2.2319,-10.7781,-0.0797,-0.1173,0.012,0.145615,-0.065732,-1.839226,50573547,1165
-0.2104,1.5015,-10.6844,-0.0918,-0.1444,0.017,0.145615,-0.065732,-1.839226,50584047,1165
0.3388,2.254,-10.0399,-0.1164,-0.1588,0.0062,0.145615,-0.065732,-1.839226,50594547,1165
-0.9408,0.5385,-10.4028,-0.0786,-0.1595,0.0096,0.145615,-0.065732,-1.839226,50605047,1165
0.0594,1.6544,-10.4253,-0.0927,-0.1562,0.0149,0.145615,-0.065732,-1.839226,50615547,1165
-0.2836,1.4254,-10.2145,-0.0771,-0.1518,0.0142,0.145615,-0.065732,-1.839226,50626047,1165
-0.6081,-0.1647,-10.0143,-0.1333,-0.1584,-0.0013,0.145615,-0.065732,-1.839226,50636547,1165
0.2658,-0.0364,-9.7738,-0.0935,-0.113,0.0056,0.142227,-0.068039,-1.874397,50646592,1166
-0.4032,-1.6486,-9.7302,-0.0983,-0.0824,-0.0022,0.142227,-0.068039,-1.874397,50657092,1166
0.1033,-1.0335,-9.6732,-0.0608,-0.0523,0.0093,0.142227,-0.068039,-1.874397,50667592,1166
0.8947,-1.2925,-8.3418,-0.0592,-0.0438,0.0064,0.142227,-0.068039,-1.874397,50678092,1166
-0.653,-1.8798,-8.8873,-0.0574,-0.0158,0.0087,0.142227,-0.068039,-1.874397,50688592,1166
0.7517,-1.4718,-8.9692,-0.0607,-0.0056,0.0084,0.142227,-0.068039,-1.874397,50699092,1166
0.5131,-2.0968,-8.3833,-0.044,0.0031,0.0105,0.142227,-0.068039,-1.874397,50709592,1166
-0.106,-0.7146,-9.4353,-0.0926,-0.0167,-0.0052,0.142227,-0.068039,-1.874397,50720092,1166
0.9685,-1.1707,-8.5812,-0.0877,0.0353,0.005,0.142227,-0.068039,-1.874397,50730592,1166
0.1036,-2.1283,-9.5858,-0.1012,0.0321,-0.0009,0.138847,-0.069699,-1.915325,50741138,1167
0.792,-1.5646,-8.8019,-0.1388,0.0188,-0.0008,0.138847,-0.069699,-1.915325,50751638,1167
0.0334,-2.5106,-8.2314,-0.1173,0.039,-0.0016,0.138847,-0.069699,-1.915325,50762138,1167
0.1114,-2.1722,-9.0865,-0.046,0.0843,0.0058,0.138847,-0.069699,-1.915325,50772638,1167
1.4059,-1.8044,-8.6297,-0.0904,0.0336,-0.0021,0.138847,-0.069699,-1.915325,50783138,1167
-0.2297,-1.9439,-9.5181,-0.0939,0.049,0.0047,0.138847,-0.069699,-1.915325,50793638,1167
0.1246,-0.5001,-9.6022,-0.0236,0.0753,0.026,0.138847,-0.069699,-1.915325,50804138,1167
-0.2812,0.2577,-10.1849,-0.0511,0.0321,0.0081,0.138847,-0.069699,-1.915325,50814638,1167
-0.18,0.5455,-10.7544,-0.0718,0.0384,0.0027,0.138847,-0.069699,-1.915325,50825138,1167
-0.5606,1.7583,-10.6216,-0.0324,0.0764,0.0101,0.138847,-0.069699,-1.915325,50835638,1167
-0.4628,1.8108,-10.2607,-0.0482,0.057,-0.0099,0.138847,-0.069699,-1.915325,50846138,1167
-0.0419,2.7087,-10.7122,-0.0536,0.1361,-0.0014,0.138847,-0.069699,-1.915325,50856638,1167
-0.8642,1.6673,-10.4351,-0.0292,0.1529,0.0006,0.138847,-0.069699,-1.915325,50867138,1167
0.4286,2.2664,-10.3176,-0.0421,0.2106,0.0025,0.138847,-0.069699,-1.915325,50877638,1167
-0.3892,1.2355,-9.9447,-0.0115,0.2243,0.007,0.131664,-0.068456,-1.941567,50888182,1168
-0.8908,1.695,-10.3357,-0.0422,0.1864,-0.0051,0.131664,-0.068456,-1.941567,50898682,1168
0.8031,1.4335,-9.08,-0.0219,0.2011,0.0039,0.131664,-0.068456,-1.941567,50909182,1168
0.1433,-1.8005,-8.8719,0.0082,0.1783,0.0069,0.131664,-0.068456,-1.941567,50919682,1168
0.3312,-0.5478,-9.0946,-0.0093,0.1513,-0.0003,0.131664,-0.068456,-1.941567,50930182,1168
0.8511,-1.3789,-8.1993,0.0113,0.136,-0.0009,0.131664,-0.068456,-1.941567,50940682,1168
-0.0523,-1.1852,-8.6116,-0.0221,0.0748,-0.0134,0.131664,-0.068456,-1.941567,50951182,1168
0.6194,-2.6738,-8.5313,0.0475,0.091,0.0012,0.131664,-0.068456,-1.941567,50961682,1168
0.7143,-1.3911,-9.1991,0.044,0.0517,-0.0024,0.133989,-0.064285,-1.966665,50972227,1169
0.4913,-1.6207,-8.4575,0.0792,0.0315,0.0017,0.133989,-0.064285,-1.966665,50982727,1169
0.2405,-1.687,-8.7966,0.0649,-0.0052,0.0012,0.133989,-0.064285,-1.966665,50993227,1169
0.1857,-1.9417,-9.571,0.1087,-0.0455,-0.0052,0.133989,-0.064285,-1.966665,51003727,1169
0.5404,0.337,-10.084,0.0838,-0.0528,-0.0036,0.133989,-0.064285,-1.966665,51014227,1169
0.8127,-1.6274,-8.7317,0.1381,-0.0983,-0.0079,0.133989,-0.064285,-1.966665,51024727,1169
-0.5127,0.4619,-11.0232,0.1497,-0.067,0.0016,0.133989,-0.064285,-1.966665,51035227,1169
-0.1026,0.9267,-10.6407,0.1667,-0.1192,-0.008,0.133989,-0.064285,-1.966665,51045727,1169
0.2947,1.9021,-10.4839,0.1865,-0.0993,0.0023,0.133989,-0.064285,-1.966665,51056227,1169
-0.5525,2.1437,-10.9075,0.1827,-0.1082,-0.0047,0.133989,-0.064285,-1.966665,51066727,1169
-0.4379,1.6452,-10.8214,0.1916,-0.1252,-0.0146,0.133989,-0.064285,-1.966665,51077227,1169
0.1428,2.6414,-10.1664,0.1904,-0.0725,-0.0153,0.133989,-0.064285,-1.966665,51087727,1169
-0.5636,1.7117,-9.9501,0.1327,-0.0417,-0.0194,0.133989,-0.064285,-1.966665,51098227,1169
0.4364,2.1768,-9.9703,0.192,0.0117,-0.0035,0.100361,-0.087862,-1.953475,51108273,1170
0.7138,2.8586,-10.0845,0.1284,-0.0334,-0.0179,0.100361,-0.087862,-1.953475,51118773,1170
-0.7044,1.3315,-9.4182,0.1264,0.0301,-0.0136,0.100361,-0.087862,-1.953475,51128803,1170
-0.8232,1.7549,-9.9176,0.0687,0.0948,-0.0097,0.100361,-0.087862,-1.953475,51139303,1170
-0.0473,2.3012,-10.3003,0.0203,0.0923,-0.0206,0.100361,-0.087862,-1.953475,51149312,1170
-0.6999,-0.2045,-10.1421,-0.0541,0.1365,-0.0184,0.100361,-0.087862,-1.953475,51159812,1170
-0.7697,-0.1886,-11.6576,-0.0868,0.1945,-0.0152,0.100361,-0.087862,-1.953475,51170312,1170
0.4667,2.2082,-11.6583,-0.1703,0.2131,-0.0194,0.100361,-0.087862,-1.953475,51180812,1170
0.5096,1.3697,-10.9119,-0.1879,0.2229,-0.0251,0.100361,-0.087862,-1.953475,51191312,1170
-0.8253,1.6304,-10.7639,-0.1794,0.242,-0.0222,0.100361,-0.087862,-1.953475,51201812,1170
-0.8881,0.0991,-10.5057,-0.2434,0.2246,-0.0175,0.113897,-0.062762,-2.00321,51211857,1171
-0.4163,-1.0086,-11.3086,-0.2496,0.1547,-0.0266,0.113897,-0.062762,-2.00321,51221885,1171
0.2934,-2.2091,-10.6106,-0.2338,0.1546,-0.0225,0.113897,-0.062762,-2.00321,51232385,1171
0.6866,-1.5931,-9.9669,-0.2045,0.1132,-0.0209,0.113897,-0.062762,-2.00321,51242414,1171
0.6611,-2.2888,-9.9432,-0.1597,0.0547,-0.0247,0.113897,-0.062762,-2.00321,51252914,1171
-0.1757,-2.2836,-10.3646,-0.1435,-0.0092,-0.0305,0.113897,-0.062762,-2.00321,51263414,1171
0.1835,-2.9075,-9.7655,-0.0697,-0.0303,-0.0229,0.113897,-0.062762,-2.00321,51273914,1171
-0.2259,-1.7401,-11.0415,0.0115,-0.0567,-0.0148,0.113897,-0.062762,-2.00321,51284414,1171
0.0832,-0.1547,-10.3392,-0.0069,-0.154,-0.032,0.113897,-0.062762,-2.00321,51294914,1171
-0.177,-0.882,-10.5549,0.0883,-0.1693,-0.018,0.113897,-0.062762,-2.00321,51305414,1171
-1.1686,0.4901,-10.1735,0.0867,-0.2244,-0.0361,0.113897,-0.062762,-2.00321,51315914,1171
-0.7414,0.711,-10.3579,0.117,-0.2325,-0.0242,0.113897,-0.062762,-2.00321,51326414,1171
-0.2009,1.5602,-10.3179,0.1494,-0.2233,-0.0258,0.108757,-0.074181,-2.026431,51336459,1172
-0.5186,0.8323,-10.856,0.16,-0.1845,-0.0242,0.108757,-0.074181,-2.026431,51346959,1172
-0.6623,0.0428,-9.3617,0.1497,-0.1515,-0.0271,0.108757,-0.074181,-2.026431,51357459,1172
-0.5967,1.0303,-11.0688,0.1238,-0.1301,-0.0388,0.108757,-0.074181,-2.026431,51367959,1172
0.0586,1.3474,-9.3268,0.112,-0.0836,-0.0333,0.108757,-0.074181,-2.026431,51378459,1172
0.3097,-2.1556,-8.8195,0.0499,-0.0791,-0.0323,0.108757,-0.074181,-2.026431,51388959,1172
0.3158,0.302,-9.5562,0.0336,-0.0835,-0.0309,0.108757,-0.074181,-2.026431,51399459,1172
0.874,-1.1691,-8.9704,-0.0167,-0.0659,-0.0318,0.108757,-0.074181,-2.026431,51409959,1172
0.2938,-1.7897,-9.4467,0.0152,-0.0643,-0.0338,0.108757,-0.074181,-2.026431,51420459,1172
0.3517,-0.448,-11.0156,-0.0613,-0.1036,-0.0425,0.108757,-0.074181,-2.026431,51430959,1172
1.0443,0.1939,-9.53,-0.0886,-0.0997,-0.0385,0.092586,-0.065464,-2.062972,51441006,1173
-0.0074,1.1858,-10.6995,-0.0674,-0.0862,-0.0485,0.092586,-0.065464,-2.062972,51451506,1173
-0.5878,-0.1443,-10.5362,-0.0716,-0.0939,-0.0333,0.092586,-0.065464,-2.062972,51461538,1173
-0.0131,2.5922,-10.5326,-0.0697,-0.1266,-0.0438,0.092586,-0.065464,-2.062972,51472038,1173
-0.0975,2.5594,-10.193,0.0193,-0.0869,-0.0338,0.092586,-0.065464,-2.062972,51482538,1173
-0.5329,2.4173,-9.3131,0.0265,-0.0668,-0.027,0.092586,-0.065464,-2.062972,51493038,1173
0.3424,1.1343,-8.9655,-0.0084,-0.1224,-0.04,0.092586,-0.065464,-2.062972,51503538,1173
-0.0682,2.2687,-9.3146,0.0247,-0.0692,-0.0361,0.092586,-0.065464,-2.062972,51514038,1173
0.2327,-0.2354,-7.725,0.0528,-0.0513,-0.0374,0.092586,-0.065464,-2.062972,51524538,1173
-0.2999,-0.8492,-8.8484,0.0616,-0.0465,-0.0611,0.092586,-0.065464,-2.062972,51535038,1173
0.4536,-1.306,-8.9978,0.0978,-0.0042,-0.0476,0.092586,-0.065464,-2.062972,51545538,1173
0.2154,-2.1104,-8.9881,0.0726,-0.0103,-0.0549,0.092586,-0.065464,-2.062972,51556038,1173
-0.4449,-2.9279,-9.331,0.088,-0.0169,-0.0597,0.092586,-0.065464,-2.062972,51566538,1173
-0.0213,-0.6937,-10.9409,0.0723,0.0064,-0.0495,0.092586,-0.065464,-2.062972,51577038,1173
0.2206,-0.0589,-11.099,0.071,0.0036,-0.0557,0.092586,-0.065464,-2.062972,51587538,1173
-0.7737,0.6856,-10.6512,0.0941,0.0311,-0.0569,0.092586,-0.065464,-2.062972,51598038,1173
-0.438,1.0532,-10.288,0.0891,0.0545,-0.0504,0.092586,-0.065464,-2.062972,51608538,1173
0.2949,2.6285,-11.0494,0.0584,0.056,-0.0569,0.078392,-0.072963,-2.094002,51618585,1174
0.871,3.2859,-9.3879,0.0379,0.0213,-0.0618,0.05371,-0.048229,-2.11902,51628641,1175
-0.1191,2.1072,-8.9316,0.0633,0.0536,-0.0503,0.05371,-0.048229,-2.11902,51638671,1175
-1.1342,0.4568,-8.945,-0,0.0549,-0.0569,0.05371,-0.048229,-2.11902,51649171,1175
0.3429,-1.5333,-8.9675,0.0043,0.0963,-0.0532,0.05371,-0.048229,-2.11902,51659671,1175
0.7301,-1.5365,-8.7204,-0.0319,0.0857,-0.06,0.05371,-0.048229,-2.11902,51670171,1175
-0.2743,-2.6693,-9.342,-0.0693,0.1224,-0.0584,0.05371,-0.048229,-2.11902,51680671,1175
0.3864,-1.9918,-9.301,-0.0272,0.1641,-0.0537,0.05371,-0.048229,-2.11902,51691171,1175
0.543,-0.3706,-11.1205,-0.0369,0.1926,-0.0618,0.05371,-0.048229,-2.11902,51701671,1175
-0.2767,1.358,-10.5485,-0.0013,0.2136,-0.0485,0.05371,-0.048229,-2.11902,51712171,1175
-0.6519,1.1897,-10.6212,-0.0304,0.1821,-0.0633,0.05371,-0.048229,-2.11902,51722671,1175
0.0568,2.787,-10.2355,-0.0173,0.2152,-0.0482,0.05371,-0.048229,-2.11902,51733171,1175
0.1729,2.1877,-9.6668,0.0056,0.234,-0.0458,0.05371,-0.048229,-2.11902,51743671,1175
-0.2509,0.8356,-7.9489,-0.0164,0.2183,-0.0594,0.05371,-0.048229,-2.11902,51754171,1175
0.09,-1.5398,-8.2736,0.0093,0.2258,-0.0539,0.05371,-0.048229,-2.11902,51764671,1175
0.1843,-2.4081,-9.4904,0.0205,0.1795,-0.0622,0.05371,-0.048229,-2.11902,51775171,1175
-0.0649,0.2318,-9.863,0.0018,0.1838,-0.0639,0.05371,-0.048229,-2.11902,51785671,1175
-0.1593,-0.6043,-9.8935,0.0239,0.1728,-0.0628,0.05371,-0.048229,-2.11902,51796171,1175
-0.7444,-0.7471,-11.034,0.0471,0.133,-0.0637,0.05371,-0.048229,-2.11902,51806253,1175
-0.4229,-0.0226,-10.0765,0.0437,0.1082,-0.0489,0.036101,-0.043361,-2.152963,51816299,1176
0.2539,-0.404,-7.9042,0.0558,0.0853,-0.0411,0.036101,-0.043361,-2.152963,51826799,1176
0.2863,-1.8137,-8.3234,0.0461,0.0714,-0.0581,0.036101,-0.043361,-2.152963,51836829,1176
-0.017,-2.5372,-9.8146,0.0793,0.1427,-0.0435,0.036101,-0.043361,-2.152963,51847329,1176
-0.302,-1.8735,-10.3465,0.089,0.0662,-0.0597,0.036101,-0.043361,-2.152963,51857361,1176
-0.4805,0.9637,-11.3314,0.093,0.047,-0.0612,0.036101,-0.043361,-2.152963,51867861,1176
0.1888,0.8316,-9.2161,0.1355,0.0759,-0.0503,0.036101,-0.043361,-2.152963,51878361,1176
-0.0244,0.6636,-9.1292,0.1118,0.0184,-0.0746,0.036101,-0.043361,-2.152963,51888861,1176
0.2385,-1.1626,-9.1028,0.0738,0.0137,-0.0795,0.014228,-0.033232,-2.177046,51898905,1177
0.608,-0.2347,-8.8704,0.1481,0.0407,-0.0504,0.014228,-0.033232,-2.177046,51909405,1177
0.6201,0.0705,-11.026,0.1095,0.0005,-0.0562,0.014228,-0.033232,-2.177046,51919905,1177
0.0819,0.9775,-10.149,0.111,0.0221,-0.047,0.014228,-0.033232,-2.177046,51930405,1177
-0.5154,1.8279,-9.7541,0.0988,0.0355,-0.0557,0.014228,-0.033232,-2.177046,51940905,1177
-0.5486,1.4722,-9.8719,0.0344,0.0447,-0.0676,0.014228,-0.033232,-2.177046,51951405,1177
-0.2465,0.2708,-8.7542,0.0605,0.0875,-0.0584,0.014228,-0.033232,-2.177046,51961905,1177
0.1061,-1.9263,-8.3277,0.0408,0.1015,-0.0513,0.014228,-0.033232,-2.177046,51972405,1177
-0.1383,-2.3497,-9.1166,0.0232,0.1223,-0.0466,0.014228,-0.033232,-2.177046,51982905,1177
-0.1122,-1.5476,-10.972,0.0331,0.1545,-0.0424,0.014228,-0.033232,-2.177046,51993405,1177
-0.2142,0.9417,-10.266,0.0056,0.1201,-0.0504,0.014228,-0.033232,-2.177046,52003905,1177
-0.1818,1.5475,-9.5522,0.0115,0.1473,-0.0374,0.014228,-0.033232,-2.177046,52014405,1177
0.167,-1.3136,-9.0565,-0.0076,0.1709,-0.0467,0.014228,-0.033232,-2.177046,52024905,1177
0.6594,-0.5135,-9.291,0.0265,0.1337,-0.0476,-0.000214,-0.023441,-2.192709,52034952,1178
1.0339,-0.1595,-9.9144,-0.0053,0.1231,-0.0519,-0.000214,-0.023441,-2.192709,52045452,1178
0.1165,0.589,-10.1361,-0.006,0.1182,-0.0566,-0.000214,-0.023441,-2.192709,52055456,1178
-0.2332,2.2644,-10.066,0.0456,0.1137,-0.0499,-0.000214,-0.023441,-2.192709,52065956,1178
-0.0079,1.3386,-9.1395,0.027,0.0484,-0.0539,-0.000214,-0.023441,-2.192709,52076456,1178
-0.375,0.3681,-8.7296,0.0413,0.0524,-0.0449,-0.000214,-0.023441,-2.192709,52086956,1178
0.6196,0.0348,-8.9965,0.0715,0.039,-0.0446,-0.000214,-0.023441,-2.192709,52097456,1178
0.4962,-1.0894,-9.7217,0.0578,0.0417,-0.0485,-0.000214,-0.023441,-2.192709,52107956,1178
-0.7271,0.4383,-9.8819,0.0798,0.0194,-0.0485,-0.000214,-0.023441,-2.192709,52118456,1178
-1.149,0.0779,-9.9815,0.0743,0.0322,-0.049,-0.036381,-0.027209,-2.220211,52128504,1179
-0.2884,-0.6279,-9.9027,0.0661,0.0251,-0.0466,-0.036381,-0.027209,-2.220211,52139004,1179
0.7875,-0.4488,-8.9401,0.0734,0.0332,-0.0396,-0.036381,-0.027209,-2.220211,52149504,1179
-0.1314,-1.7405,-9.4698,0.041,0.0214,-0.049,-0.036381,-0.027209,-2.220211,52160004,1179
0.1952,-1.0519,-10.2666,0.0266,0.0337,-0.0473,-0.036381,-0.027209,-2.220211,52170504,1179
0.505,0.799,-10.4531,-0.0153,0.0638,-0.0443,-0.036381,-0.027209,-2.220211,52181004,1179
-0.2914,1.4783,-9.7217,-0.0572,0.0743,-0.0395,-0.036381,-0.027209,-2.220211,52191504,1179
0.299,0.9383,-8.438,-0.1031,0.1128,-0.0494,-0.036381,-0.027209,-2.220211,52202004,1179
0.4422,-0.2478,-9.3933,-0.1215,0.1534,-0.046,-0.036381,-0.027209,-2.220211,52212504,1179
-0.288,1.2107,-10.495,-0.1619,0.1823,-0.0363,-0.036381,-0.027209,-2.220211,52223004,1179
-0.2276,0.616,-9.6877,-0.1732,0.1963,-0.0308,-0.036381,-0.027209,-2.220211,52233504,1179
-0.1099,0.4406,-8.5172,-0.1879,0.1858,-0.0343,-0.036381,-0.027209,-2.220211,52244004,1179
0.2655,-1.0186,-8.537,-0.2014,0.1546,-0.0276,-0.036381,-0.027209,-2.220211,52254504,1179
0.3653,-1.1648,-9.4762,-0.1569,0.1561,-0.0166,-0.031623,0.002775,-2.225341,52264548,1180
-0.4475,-1.3606,-10.372,-0.1779,0.1524,-0.0249,-0.031623,0.002775,-2.225341,52274585,1180
-0.6758,0.4074,-9.9735,-0.1818,0.0598,-0.0371,-0.031623,0.002775,-2.225341,52285085,1180
-0.7039,0.251,-9.9132,-0.118,0.0542,-0.0295,-0.031623,0.002775,-2.225341,52295585,1180
0.3006,-1.1839,-8.2933,-0.0534,0.011,-0.0313,-0.031623,0.002775,-2.225341,52306085,1180
1.163,-1.5883,-7.9037,-0.0268,-0.081,-0.0326,-0.031623,0.002775,-2.225341,52316585,1180
0.2155,-1.9094,-9.2835,0.0316,-0.1471,-0.0257,-0.031623,0.002775,-2.225341,52327085,1180
-0.7184,-0.6358,-10.265,0.0989,-0.117,0.0011,-0.031623,0.002775,-2.225341,52337585,1180
-0.5718,-0.8668,-10.4714,0.0386,-0.2154,-0.0309,-0.031623,0.002775,-2.225341,52348085,1180
-0.4085,0.0403,-10.6534,0.1228,-0.235,-0.0242,-0.045913,-0.031499,-2.257324,52358131,1181
-0.5495,-0.0024,-10.7705,0.1462,-0.2455,-0.024,-0.045913,-0.031499,-2.257324,52368630,1181
-0.3165,0.5632,-9.5845,0.1513,-0.2401,-0.0143,-0.045913,-0.031499,-2.257324,52379130,1181
0.0051,1.6882,-10.1561,0.1201,-0.2518,0.0031,-0.045913,-0.031499,-2.257324,52389630,1181
0.7516,-2.2111,-9.018,0.0662,-0.2216,-0.0018,-0.045913,-0.031499,-2.257324,52400130,1181
0.6592,-1.0111,-9.2464,-0.0238,-0.2484,-0.0089,-0.045913,-0.031499,-2.257324,52410630,1181
-0.0348,1.9837,-10.6614,-0.0915,-0.2046,-0.0027,-0.045913,-0.031499,-2.257324,52421130,1181
-0.3223,2.0808,-10.6827,-0.178,-0.1862,-0.0031,-0.045913,-0.031499,-2.257324,52431630,1181
-0.6562,1.028,-10.1244,-0.2384,-0.162,0.0027,-0.045913,-0.031499,-2.257324,52442130,1181
0.0521,-0.2355,-7.4159,-0.2813,-0.1508,0.0119,-0.045913,-0.031499,-2.257324,52452630,1181
-1.1864,-1.5459,-8.9078,-0.3264,-0.163,0.0002,-0.045913,-0.031499,-2.257324,52463130,1181
0.2582,-1.7328,-9.6016,-0.3484,-0.1362,0.0015,-0.045913,-0.031499,-2.257324,52473630,1181
1.2301,-1.9657,-9.1972,-0.3703,-0.1464,0.0047,-0.054004,-0.025415,-2.275869,52483676,1182
-0.5363,-2.3219,-10.5417,-0.3749,-0.1441,0.0017,-0.054004,-0.025415,-2.275869,52493679,1182
-0.8782,0.5839,-10.8513,-0.2861,-0.0706,0.0261,-0.054004,-0.025415,-2.275869,52504179,1182
0.3943,0.534,-10.1054,-0.3269,-0.1003,0.0041,-0.054004,-0.025415,-2.275869,52514679,1182
-0.6106,-1.4582,-8.2031,-0.306,-0.0835,0.0139,-0.054004,-0.025415,-2.275869,52525179,1182
-0.9226,-0.7622,-8.8309,-0.2643,-0.0714,0.0219,-0.054004,-0.025415,-2.275869,52535679,1182
0.8906,-2.9885,-8.7007,-0.3102,-0.1351,0.0079,-0.054004,-0.025415,-2.275869,52546179,1182
-0.6498,-1.3779,-9.9571,-0.2208,-0.0566,0.027,-0.054004,-0.025415,-2.275869,52556679,1182
-1.1319,-0.5772,-10.4769,-0.197,-0.0551,0.0388,-0.054004,-0.025415,-2.275869,52567179,1182
0.4215,1.6415,-8.5961,-0.2283,-0.1439,0.0178,-0.054004,-0.025415,-2.275869,52577679,1182
-0.4569,1.13,-8.4331,-0.2256,-0.1108,0.012,-0.054004,-0.025415,-2.275869,52588179,1182
-0.3247,0.6652,-8.8253,-0.2275,-0.1464,0.0062,-0.068866,-0.007066,-2.285127,52598223,1183
0.0925,-0.2635,-8.3102,-0.174,-0.116,0.0113,-0.068866,-0.007066,-2.285127,52608723,1183
0.2248,-0.1355,-9.3553,-0.157,-0.0687,0.0202,-0.068866,-0.007066,-2.285127,52619223,1183
-0.9957,0.6994,-10.2506,-0.1168,-0.0417,0.0291,-0.068866,-0.007066,-2.285127,52629723,1183
0.968,1.4588,-10.6731,-0.1065,-0.0428,0.0103,-0.068866,-0.007066,-2.285127,52640223,1183
-0.6866,2.9337,-10.4944,-0.0291,-0.0049,0.0238,-0.068866,-0.007066,-2.285127,52650723,1183
-0.2688,2.927,-11.2609,-0.0108,0.0181,0.0211,-0.068866,-0.007066,-2.285127,52661223,1183
0.9925,2.2498,-9.9423,-0.0088,0.0971,0.0269,-0.068866,-0.007066,-2.285127,52671723,1183
-0.7637,2.0262,-9.5901,0.0289,0.119,0.0291,-0.068866,-0.007066,-2.285127,52682223,1183
0.597,0.3895,-9.7243,0.0494,0.1428,0.0341,-0.068866,-0.007066,-2.285127,52692723,1183
0.0914,-2.7624,-8.9784,0.1027,0.106,0.0306,-0.068866,-0.007066,-2.285127,52703223,1183
-0.2438,-2.1953,-9.0788,0.0532,0.0803,0.0291,-0.068866,-0.007066,-2.285127,52713723,1183
0.0669,-1.5176,-10.6387,0.0576,0.0442,0.0124,-0.056015,-0.026101,-2.299348,52723769,1184
0.3329,-2.1011,-10.5744,0.109,0.0947,0.0255,-0.056015,-0.026101,-2.299348,52733771,1184
-0.7041,-0.1245,-9.2173,0.1032,0.0127,0.0165,-0.056015,-0.026101,-2.299348,52744271,1184
-0.4058,0.5328,-9.8985,0.0623,-0.005,0.0293,-0.056015,-0.026101,-2.299348,52754771,1184
-0.1089,0.779,-8.2863,0.0687,-0.0238,0.0326,-0.056015,-0.026101,-2.299348,52765271,1184
-0.0161,-0.7724,-7.9938,0.0489,-0.0449,0.0364,-0.056015,-0.026101,-2.299348,52775303,1184
1.0408,-1.6866,-8.4926,0.0336,-0.0796,0.0456,-0.056015,-0.026101,-2.299348,52785803,1184
0.0488,-0.0043,-10.0348,-0.008,-0.121,0.0399,-0.056015,-0.026101,-2.299348,52796303,1184
-0.8761,1.9356,-10.1084,-0.0416,-0.1693,0.0352,-0.056015,-0.026101,-2.299348,52806803,1184
1.0251,3.9639,-10.0729,-0.1008,-0.2734,0.0067,-0.056015,-0.026101,-2.299348,52817303,1184
0.417,2.8672,-9.4709,-0.054,-0.1631,0.0381,-0.045628,-0.028761,-2.306533,52827356,1185
-0.0229,1.6835,-8.5667,-0.0572,-0.1452,0.0422,-0.045628,-0.028761,-2.306533,52837856,1185
0.6642,2.259,-8.8346,-0.059,-0.1821,0.0368,-0.045628,-0.028761,-2.306533,52847859,1185
0.7546,-0.021,-9.6015,-0.053,-0.1959,0.039,-0.045628,-0.028761,-2.306533,52858359,1185
0.1681,-0.3443,-9.0358,-0.0272,-0.1648,0.054,-0.045628,-0.028761,-2.306533,52868388,1185
1.3687,-1.0933,-9.8473,-0.0594,-0.1934,0.0436,-0.045628,-0.028761,-2.306533,52878888,1185
1.4225,-0.0551,-9.3695,-0.0677,-0.2266,0.0319,-0.045628,-0.028761,-2.306533,52889388,1185
0.3452,-0.513,-10.7893,-0.0323,-0.2107,0.0409,-0.045628,-0.028761,-2.306533,52899888,1185
-0.2537,0.6601,-11.4706,-0.0281,-0.2174,0.0395,-0.045628,-0.028761,-2.306533,52910388,1185
0.3071,1.2161,-11.2615,-0.0289,-0.2234,0.0423,-0.045628,-0.028761,-2.306533,52920888,1185
-0.7369,0.139,-10.0676,-0.0131,-0.2181,0.0401,-0.045628,-0.028761,-2.306533,52931388,1185
-0.5121,1.6026,-11.2647,-0.0167,-0.2101,0.0456,-0.045628,-0.028761,-2.306533,52941888,1185
-0.3596,1.2005,-9.9221,-0.0303,-0.214,0.0387,-0.045422,-0.023461,-2.304307,52951932,1186
-0.621,0.689,-9.8444,0.0215,-0.1655,0.0555,-0.045422,-0.023461,-2.304307,52962432,1186
0.4599,-0.1239,-8.7809,0.0318,-0.1323,0.0531,-0.045422,-0.023461,-2.304307,52972932,1186
-0.0899,1.2926,-9.093,-0.0054,-0.1337,0.0389,-0.045422,-0.023461,-2.304307,52983432,1186
-0.8413,-3.4182,-8.4876,-0.0593,-0.1349,0.0277,-0.045422,-0.023461,-2.304307,52993932,1186
0.6546,-2.3911,-8.81,-0.0218,-0.0878,0.0301,-0.045422,-0.023461,-2.304307,53004432,1186
0.512,-3.5703,-8.2856,-0.0062,-0.0463,0.0416,-0.045422,-0.023461,-2.304307,53014932,1186
-0.3009,-2.1796,-9.6078,-0.0818,-0.0598,0.0275,-0.045422,-0.023461,-2.304307,53025432,1186
0.343,-1.2133,-10.0751,-0.0758,-0.0599,0.0397,-0.045422,-0.023461,-2.304307,53035932,1186
-1.1358,-1.9989,-10.3326,-0.0913,-0.0416,0.0494,-0.045422,-0.023461,-2.304307,53046432,1186
-0.1694,-0.429,-10.6584,-0.1292,-0.1368,0.0316,-0.047236,0.005974,-2.310467,53056477,1187
0.3839,0.293,-10.2569,-0.1102,-0.0934,0.0383,-0.047236,0.005974,-2.310467,53066505,1187
0.4376,-2.4079,-10.2443,-0.0745,-0.038,0.0478,-0.047236,0.005974,-2.310467,53077005,1187
-0.9563,1.3165,-10.8587,-0.1551,-0.0851,0.0349,-0.047236,0.005974,-2.310467,53087505,1187
-0.3853,1.0659,-11.0215,-0.0798,-0.0805,0.0373,-0.047236,0.005974,-2.310467,53098005,1187
-0.2153,1.1937,-10.4147,-0.0471,-0.0723,0.0442,-0.047236,0.005974,-2.310467,53108505,1187
-0.32,2.534,-11.2094,-0.0164,-0.0962,0.044,-0.047236,0.005974,-2.310467,53119005,1187
-0.5443,1.6734,-11.3735,0.0412,-0.0704,0.0475,-0.047236,0.005974,-2.310467,53129505,1187
-0.3134,2.7722,-10.8735,0.0519,-0.0677,0.0321,-0.047236,0.005974,-2.310467,53140005,1187
-0.1474,-0.0603,-10.5842,0.1424,-0.0116,0.0405,-0.047236,0.005974,-2.310467,53150505,1187
0.1096,0.934,-11.3587,0.1427,-0.0388,0.0312,-0.047236,0.005974,-2.310467,53161005,1187
-0.2651,2.3356,-10.9477,0.1982,-0.0137,0.0389,-0.047236,0.005974,-2.310467,53171505,1187
-0.6732,0.5532,-11.4319,0.1965,0.003,0.041,-0.047236,0.005974,-2.310467,53182005,1187
0.0787,1.8262,-12.2693,0.2192,0.0426,0.048,-0.047236,0.005974,-2.310467,53192505,1187
0.7374,0.8081,-9.997,0.2084,0.0543,0.0475,-0.047236,0.005974,-2.310467,53203005,1187
-1.4605,0.9366,-11.2443,0.2191,0.1098,0.0496,-0.047236,0.005974,-2.310467,53213505,1187
-0.1842,3.0259,-10.3009,0.2687,0.1134,0.044,-0.047236,0.005974,-2.310467,53224005,1187
-0.026,1.1752,-9.887,0.1966,0.0899,0.0476,-0.047236,0.005974,-2.310467,53234505,1187
-0.0615,0.505,-8.8537,0.2258,0.0891,0.0518,-0.047236,0.005974,-2.310467,53245005,1187
0.2306,0.7456,-7.7188,0.205,0.0549,0.0515,-0.047236,0.005974,-2.310467,53255505,1187
-0.5604,-1.1907,-8.0281,0.1736,0.0837,0.057,-0.047236,0.005974,-2.310467,53266005,1187
1.3316,-1.4779,-9.2769,0.165,0.0923,0.0508,-0.047236,0.005974,-2.310467,53276505,1187
0.5448,-2.963,-8.4379,0.2001,0.1239,0.047,-0.033074,0.050057,-2.313411,53286549,1188
0.646,-1.9214,-10.0577,0.1526,0.1527,0.062,-0.033074,0.050057,-2.313411,53297049,1188
1.1616,-0.942,-9.878,0.117,0.0798,0.0498,-0.033074,0.050057,-2.313411,53307549,1188
-1.0746,-0.2208,-11.7643,0.127,0.0705,0.0538,-0.033074,0.050057,-2.313411,53318049,1188
-0.0782,-0.4666,-11.5943,0.1716,0.0546,0.0629,-0.033074,0.050057,-2.313411,53328549,1188
0.2394,0.987,-11.4852,0.1452,0.0001,0.0539,-0.033074,0.050057,-2.313411,53339049,1188
-0.62,0.5033,-10.5183,0.1445,-0.0513,0.0443,-0.033074,0.050057,-2.313411,53349549,1188
-0.0409,2.5823,-11.568,0.177,-0.0639,0.0439,-0.033074,0.050057,-2.313411,53359963,1188
-0.0571,2.4297,-10.9048,0.193,-0.0626,0.0487,-0.033074,0.050057,-2.313411,53370463,1188
-0.8855,1.7193,-10.651,0.1911,-0.0862,0.0414,-0.033074,0.050057,-2.313411,53380963,1188
-0.7411,2.1902,-11.5695,0.1945,-0.1209,0.0396,-0.033074,0.050057,-2.313411,53391463,1188
-0.1244,1.3262,-12.1399,0.1914,-0.1549,0.0347,-0.033074,0.050057,-2.313411,53401963,1188
-0.304,1.3957,-9.3951,0.2218,-0.1134,0.0583,-0.033074,0.050057,-2.313411,53412463,1188
-0.9471,0.968,-10.7186,0.2169,-0.1188,0.0537,-0.033074,0.050057,-2.313411,53422963,1188
0.0719,2.6533,-10.6486,0.2044,-0.1087,0.0567,-0.033074,0.050057,-2.313411,53433463,1188
-0.7273,1.843,-8.923,0.1993,-0.116,0.0573,-0.033074,0.050057,-2.313411,53443963,1188
-1.5481,2.1675,-10.4302,0.1115,-0.106,0.0499,-0.033074,0.050057,-2.313411,53454463,1188
0.3346,2.3486,-8.5317,0.0847,-0.0753,0.0511,-0.033074,0.050057,-2.313411,53464963,1188
-0.3172,-0.3136,-8.607,0.0929,-0.0442,0.0456,-0.056196,0.097964,-2.310844,53475014,1189
0.4219,1.7293,-9.4035,0.0383,-0.0121,0.0307,-0.056196,0.097964,-2.310844,53485514,1189
-0.0665,1.7659,-9.5435,0.0842,0.0403,0.0475,-0.056196,0.097964,-2.310844,53495525,1189
-0.8665,1.0403,-9.4598,0.0718,0.0976,0.056,-0.056196,0.097964,-2.310844,53506025,1189
0.191,1.86,-8.8326,0.0724,0.1602,0.0611,-0.070149,0.124468,-2.310417,53516071,1190
-0.8593,0.8713,-9.5569,0.0796,0.2035,0.0546,-0.070149,0.124468,-2.310417,53526571,1190
-0.9893,0.7046,-11.271,0.0722,0.1958,0.0464,-0.070149,0.124468,-2.310417,53537071,1190
-0.3221,2.0908,-10.686,0.1081,0.2787,0.0522,-0.070149,0.124468,-2.310417,53547571,1190
-1.263,1.1787,-10.023,0.1058,0.3033,0.0501,-0.070149,0.124468,-2.310417,53558071,1190
-1.1088,-1.0193,-11.7111,0.1062,0.3182,0.0387,-0.070149,0.124468,-2.310417,53568571,1190
-0.0365,0.1321,-10.2741,0.1412,0.3794,0.0419,-0.070149,0.124468,-2.310417,53579071,1190
-0.0255,-2.2826,-9.1263,0.1843,0.3737,0.0371,-0.070149,0.124468,-2.310417,53589571,1190
-0.4101,-2.346,-10.381,0.2138,0.4036,0.0508,-0.070149,0.124468,-2.310417,53600071,1190
0.6619,-0.0423,-9.6032,0.2129,0.3879,0.045,-0.070149,0.124468,-2.310417,53610571,1190
0.3019,-2.5299,-8.5284,0.2251,0.3322,0.0433,-0.070149,0.124468,-2.310417,53621071,1190
-0.8051,-0.4001,-10.9703,0.2058,0.317,0.0448,-0.070149,0.124468,-2.310417,53631571,1190
0.5215,0.5096,-10.0828,0.1964,0.278,0.0469,-0.056796,0.188691,-2.299972,53642115,1191
-0.2352,1.21,-10.4028,0.1444,0.2302,0.04,-0.056796,0.188691,-2.299972,53652615,1191
-0.9241,0.0408,-10.7689,0.1243,0.1791,0.0408,-0.056796,0.188691,-2.299972,53663115,1191
0.395,2.8259,-10.6001,0.0983,0.1599,0.0436,-0.056796,0.188691,-2.299972,53673615,1191
0.0752,2.5407,-10.4266,0.1376,0.1676,0.0542,-0.056796,0.188691,-2.299972,53684115,1191
-0.3154,2.2377,-10.7325,0.1305,0.0886,0.0422,-0.056796,0.188691,-2.299972,53694615,1191
0.77,1.9194,-9.6754,0.1806,0.0493,0.0515,-0.056796,0.188691,-2.299972,53705115,1191
0.653,2.5918,-10.5883,0.1973,0.0231,0.0493,-0.056796,0.188691,-2.299972,53715615,1191
0.0439,0.9259,-9.1956,0.2445,-0.0406,0.0473,-0.056796,0.188691,-2.299972,53726115,1191
0.1283,-1.5061,-8.391,0.2328,-0.0994,0.0511,-0.056796,0.188691,-2.299972,53736615,1191
-0.3637,0.1542,-9.5045,0.2615,-0.1277,0.0549,-0.056796,0.188691,-2.299972,53747115,1191
0.4906,-1.476,-8.4592,0.2357,-0.1668,0.0497,-0.056796,0.188691,-2.299972,53757615,1191
0.1845,-2.3455,-8.5125,0.2566,-0.1933,0.0478,-0.056796,0.188691,-2.299972,53768115,1191
0.605,-2.3247,-8.737,0.264,-0.1442,0.0507,-0.056796,0.188691,-2.299972,53778615,1191
-0.2834,-1.9768,-9.3061,0.272,-0.0782,0.0606,-0.056796,0.188691,-2.299972,53789115,1191
-0.086,-2.3987,-9.061,0.1832,-0.1083,0.0336,-0.056796,0.188691,-2.299972,53799615,1191
0.2347,-1.1923,-9.8079,0.1997,-0.0052,0.0416,-0.056796,0.188691,-2.299972,53810115,1191
-0.1501,-2.5414,-9.3723,0.2059,0.0134,0.0425,-0.056796,0.188691,-2.299972,53820615,1191
0.5637,-0.8282,-9.717,0.0952,0.0163,0.0264,-0.056796,0.188691,-2.299972,53831115,1191
-0.9781,1.325,-10.6426,0.0933,0.0672,0.0292,-0.056796,0.188691,-2.299972,53841615,1191
0.3616,2.1629,-10.5475,0.049,0.0879,0.033,-0.056796,0.188691,-2.299972,53852115,1191
-0.5803,2.1577,-9.9995,0.0378,0.0645,0.0391,-0.056796,0.188691,-2.299972,53862615,1191
0.3186,2.1738,-9.4283,-0.0177,0.0661,0.0452,-0.056796,0.188691,-2.299972,53873115,1191
0.5063,0.0773,-7.5837,-0.0325,0.0604,0.0541,-0.116302,0.221458,-2.315219,53883213,1193
0.3212,-0.7728,-8.8547,-0.1031,0.002,0.0426,-0.116302,0.221458,-2.315219,53893713,1193
0.9312,0.0379,-9.3392,-0.1578,0.0351,0.0492,-0.116302,0.221458,-2.315219,53903742,1193
0.494,-2.3077,-8.4882,-0.2279,0.0703,0.0529,-0.116302,0.221458,-2.315219,53914242,1193
0.3126,-1.3627,-10.2102,-0.3196,0.0912,0.0464,-0.116302,0.221458,-2.315219,53924742,1193
0.7201,0.1645,-8.8662,-0.383,0.1775,0.0392,-0.116302,0.221458,-2.315219,53935242,1193
0.2275,-1.8498,-9.5403,-0.4488,0.1785,0.0389,-0.116302,0.221458,-2.315219,53945742,1193
0.8158,-0.0056,-9.8332,-0.4855,0.2616,0.0432,-0.116302,0.221458,-2.315219,53956242,1193
0.2639,-1.7744,-8.3343,-0.4679,0.2784,0.0602,-0.116302,0.221458,-2.315219,53966742,1193
0.8548,-1.0468,-9.2892,-0.5375,0.2661,0.0495,-0.116302,0.221458,-2.315219,53977242,1193
0.9624,0.2084,-8.7731,-0.5108,0.2796,0.0538,-0.116302,0.221458,-2.315219,53987742,1193
0.5697,-1.5342,-8.8608,-0.5451,0.2276,0.0544,-0.116302,0.221458,-2.315219,53998242,1193
0.4003,-0.7282,-9.9624,-0.5028,0.1959,0.0553,-0.116302,0.221458,-2.315219,54008742,1193
0.9778,-0.9792,-9.2923,-0.4856,0.1616,0.0538,-0.116302,0.221458,-2.315219,54019242,1193
0.5321,-2.7777,-9.6503,-0.4613,0.0962,0.057,-0.116302,0.221458,-2.315219,54029742,1193
0.105,-3.6976,-9.5179,-0.4086,0.0253,0.0533,-0.116302,0.221458,-2.315219,54040242,1193
0.5632,-1.9613,-9.5332,-0.3663,0.0813,0.0714,-0.116302,0.221458,-2.315219,54050742,1193
0.3261,-0.9096,-9.4448,-0.3556,0.0073,0.0631,-0.116302,0.221458,-2.315219,54061242,1193
-0.6167,-1.3361,-10.1667,-0.3507,-0.0177,0.0467,-0.116302,0.221458,-2.315219,54071742,1193
0.2022,1.1753,-10.4262,-0.323,0.0134,0.0538,-0.116302,0.221458,-2.315219,54082242,1193
0.5311,-0.3896,-9.2248,-0.2747,-0.0022,0.0632,-0.116302,0.221458,-2.315219,54092742,1193
0.2568,-0.6375,-10.7889,-0.2485,0.0075,0.0616,-0.116302,0.221458,-2.315219,54103242,1193
0.683,0.887,-10.4273,-0.235,-0.0169,0.0621,-0.116302,0.221458,-2.315219,54113742,1193
-0.1147,-0.3506,-10.5066,-0.218,-0.0282,0.0651,-0.137707,0.256372,-2.294444,54123786,1194
-1.161,-0.2721,-11.4023,-0.2167,-0.0253,0.0578,-0.137707,0.256372,-2.294444,54134286,1194
0.1771,0.1944,-10.6235,-0.2091,0.0177,0.0539,-0.137707,0.256372,-2.294444,54144786,1194
-0.0709,-2.4879,-10.3238,-0.1327,0.1001,0.0592,-0.137707,0.256372,-2.294444,54155286,1194
0.3929,-2.2498,-10.2367,-0.1152,0.0945,0.0453,-0.137707,0.256372,-2.294444,54165786,1194
0.1797,-0.644,-9.0107,-0.0736,0.122,0.0491,-0.137707,0.256372,-2.294444,54176286,1194
-1.0235,-1.0059,-9.9231,0.018,0.1709,0.0509,-0.137707,0.256372,-2.294444,54186786,1194
-1.0051,1.6431,-11.745,0.0555,0.1693,0.0533,-0.137707,0.256372,-2.294444,54197286,1194
-0.1145,1.0137,-11.0254,0.0932,0.1659,0.0554,-0.132173,0.258856,-2.322538,54207340,1195
0.3237,-0.5455,-10.3373,0.1495,0.1444,0.0547,-0.132173,0.258856,-2.322538,54217840,1195
0.5935,-0.7438,-9.9199,0.1731,0.1116,0.0582,-0.132173,0.258856,-2.322538,54227868,1195
0.4742,-2.9042,-9.0335,0.2369,0.1201,0.0689,-0.132173,0.258856,-2.322538,54238368,1195
0.4799,-2.0436,-8.9722,0.2325,0.0484,0.0564,-0.132173,0.258856,-2.322538,54248397,1195
0.8393,-2.2543,-8.6446,0.1743,-0.0235,0.0457,-0.132173,0.258856,-2.322538,54258897,1195
0.255,-3.3246,-8.366,0.1726,-0.0248,0.0591,-0.132173,0.258856,-2.322538,54269397,1195
0.6264,-2.6728,-8.4236,0.1756,-0.1004,0.0562,-0.132173,0.258856,-2.322538,54279897,1195
0.7847,-0.6837,-8.3869,0.1175,-0.1346,0.0506,-0.132173,0.258856,-2.322538,54290397,1195
-0.5072,-0.3295,-8.6872,0.1005,-0.1667,0.0506,-0.132173,0.258856,-2.322538,54300897,1195
0.4826,0.0853,-9.3763,0.0695,-0.197,0.051,-0.132173,0.258856,-2.322538,54311397,1195
0.3255,-1.1325,-10.2699,0.0612,-0.2006,0.0538,-0.132173,0.258856,-2.322538,54321897,1195
0.3726,-1.7845,-9.4749,0.0457,-0.2139,0.0458,-0.132173,0.258856,-2.322538,54332397,1195
1.0881,-0.6126,-9.0992,0.019,-0.1494,0.0514,-0.150853,0.240852,-2.333892,54342500,1196
0.6136,0.9688,-9.1991,-0.0152,-0.1518,0.0497,-0.157524,0.266976,-2.340541,54352545,1197
0.2352,-0.1716,-8.9683,-0.0409,-0.1327,0.0555,-0.157524,0.266976,-2.340541,54362547,1197
0.5087,-0.6629,-8.6377,-0.0988,-0.1404,0.0507,-0.157524,0.266976,-2.340541,54373047,1197
-0.4965,-1.3292,-9.3366,-0.129,-0.0358,0.0665,-0.157524,0.266976,-2.340541,54383547,1197
0.63,-2.1837,-8.5546,-0.1557,0.0278,0.0706,-0.157524,0.266976,-2.340541,54394047,1197
-0.1815,-0.7918,-9.7418,-0.2164,0.0368,0.0504,-0.157524,0.266976,-2.340541,54404547,1197
-0.9201,-1.6556,-9.7161,-0.2211,0.1107,0.0511,-0.157524,0.266976,-2.340541,54415047,1197
0.6836,1.039,-9.6053,-0.2302,0.1915,0.0617,-0.157524,0.266976,-2.340541,54425547,1197
-0.1864,0.5859,-9.8141,-0.2691,0.1765,0.0523,-0.157524,0.266976,-2.340541,54436047,1197
-0.2517,3.5256,-10.8579,-0.2724,0.167,0.044,-0.157524,0.266976,-2.340541,54446547,1197
0.1615,-0.3174,-8.6883,-0.2661,0.1702,0.0565,-0.157524,0.266976,-2.340541,54457047,1197
0.9688,0.7675,-8.4915,-0.2729,0.1583,0.0516,-0.157524,0.266976,-2.340541,54467547,1197
-0.1073,-0.4409,-8.5598,-0.2385,0.1346,0.0497,-0.157524,0.266976,-2.340541,54478047,1197
1.2332,0.3593,-8.8847,-0.2127,0.1,0.0468,-0.157524,0.266976,-2.340541,54488547,1197
0.2401,-2.6926,-8.2964,-0.1568,0.0854,0.0563,-0.157524,0.266976,-2.340541,54499047,1197
0.7439,-1.3999,-9.4601,-0.1206,0.0253,0.0521,-0.157524,0.266976,-2.340541,54509547,1197
0.1929,-1.1552,-9.2329,-0.101,-0.0394,0.056,-0.157524,0.266976,-2.340541,54520047,1197
-0.3351,0.9475,-11.2178,-0.0295,-0.0367,0.0721,-0.157524,0.266976,-2.340541,54530547,1197
0.3957,1.0335,-9.7118,-0.0595,-0.1096,0.0554,-0.157524,0.266976,-2.340541,54541047,1197
-0.3866,-0.4281,-10.4921,-0.0423,-0.1142,0.0552,-0.157524,0.266976,-2.340541,54551547,1197
-0.3772,2.7974,-10.1302,0.0108,-0.0634,0.0603,-0.157524,0.266976,-2.340541,54562047,1197
-0.8507,0.5818,-10.0567,-0.0314,-0.1065,0.0457,-0.161749,0.297327,-2.338347,54572091,1198
0.3023,1.1524,-10.4912,-0.0217,-0.1032,0.0405,-0.161749,0.297327,-2.338347,54582591,1198
0.5374,0.4451,-9.6345,0.0031,-0.0761,0.0446,-0.161749,0.297327,-2.338347,54593091,1198
-0.5544,1.6742,-10.6881,-0.0106,-0.0532,0.0294,-0.161749,0.297327,-2.338347,54603591,1198
-0.0516,1.8068,-10.9241,0.0195,-0.0285,0.0283,-0.161749,0.297327,-2.338347,54614091,1198
-0.5167,-1.4212,-11.3038,0.0036,-0.0033,0.0308,-0.161749,0.297327,-2.338347,54624591,1198
0.7071,0.9972,-9.7004,0.0297,0.0057,0.0392,-0.161749,0.297327,-2.338347,54635091,1198
-1.4768,-0.9059,-9.9389,0.0407,0.0495,0.0528,-0.161749,0.297327,-2.338347,54645591,1198
-0.2279,1.4641,-11.378,0.0615,0.066,0.0516,-0.161749,0.297327,-2.338347,54656091,1198
-0.0127,0.1967,-9.9984,0.0606,0.0672,0.0495,-0.14822,0.318219,-2.331486,54666139,1199
0.1966,-1.3764,-10.4283,0.0926,0.0679,0.0588,-0.14822,0.318219,-2.331486,54676639,1199
1.0421,-1.5122,-9.22,0.0775,0.0228,0.0466,-0.14822,0.318219,-2.331486,54686667,1199
-0.3144,-0.1029,-9.9862,0.0771,-0.0304,0.0388,-0.14822,0.318219,-2.331486,54697167,1199
-0.1005,0.2517,-10.9545,0.0958,-0.1007,0.0263,-0.14822,0.318219,-2.331486,54707667,1199
0.4576,-0.6572,-10.5079,0.0937,-0.1676,0.0284,-0.14822,0.318219,-2.331486,54718167,1199
-0.1847,-0.7213,-10.2547,0.0975,-0.2217,0.0401,-0.14822,0.318219,-2.331486,54728667,1199
0.6983,-1.3584,-9.8146,0.1291,-0.2597,0.0412,-0.14822,0.318219,-2.331486,54739167,1199
-0.0681,0.2218,-10.2252,0.1582,-0.2656,0.0398,-0.14822,0.318219,-2.331486,54749667,1199
-0.3397,0.5576,-11.8935,0.1725,-0.2777,0.0485,-0.14822,0.318219,-2.331486,54760167,1199
1.4583,-1.4512,-9.8308,0.181,-0.27,0.0454,-0.14822,0.318219,-2.331486,54770667,1199
0.4456,-3.1388,-9.584,0.1923,-0.2756,0.0396,-0.14822,0.318219,-2.331486,54781167,1199
-0.2172,-1.1383,-9.6528,0.1829,-0.2553,0.0306,-0.14822,0.318219,-2.331486,54791667,1199
0.4608,-0.445,-9.0014,0.2161,-0.202,0.035,-0.14822,0.318219,-2.331486,54802167,1199
0.0122,-3.2175,-8.8935,0.2078,-0.1984,0.0332,-0.14822,0.318219,-2.331486,54812667,1199
0.6042,-0.0061,-8.2621,0.1889,-0.1442,0.0322,-0.14822,0.318219,-2.331486,54823167,1199
-0.6294,-0.7485,-8.2647,0.1694,-0.1658,0.0245,-0.14822,0.318219,-2.331486,54833667,1199
0.2209,1.989,-9.3593,0.1318,-0.1058,0.0161,-0.14822,0.318219,-2.331486,54844167,1199
-0.5149,1.2229,-8.9467,0.1764,-0.0843,0.0262,-0.14822,0.318219,-2.331486,54854667,1199
1.1067,1.2376,-8.4707,0.1021,-0.0554,0.0298,-0.14822,0.318219,-2.331486,54865167,1199
-0.1534,1.9754,-9.9235,0.0989,-0.099,0.0153,-0.14822,0.318219,-2.331486,54875667,1199
0.0075,3.5757,-10.4412,0.0989,-0.0604,0.0179,-0.14822,0.318219,-2.331486,54886167,1199
0.2901,0.498,-9.9955,0.0516,-0.0754,0.0196,-0.136504,0.35625,-2.313935,54896220,1200
0.4322,0.8927,-11.3533,0.0702,-0.036,0.0174,-0.136504,0.35625,-2.313935,54906720,1200
1.3872,1.2146,-10.0187,0.0727,0.0052,0.0338,-0.136504,0.35625,-2.313935,54917220,1200
1.0713,-1.6975,-9.6747,0.0606,-0.0149,0.0301,-0.136504,0.35625,-2.313935,54927376,1200
0.0073,-1.4424,-9.336,0.029,-0.0171,0.027,-0.136504,0.35625,-2.313935,54937876,1200
0.7621,-0.6059,-9.2318,-0.0303,-0.0525,0.0326,-0.136504,0.35625,-2.313935,54948376,1200
0.0725,-4.0206,-10.1853,-0.1261,-0.1565,0.0136,-0.136504,0.35625,-2.313935,54958876,1200
0.6853,-2.5436,-8.7384,-0.0702,-0.1111,0.0405,-0.136504,0.35625,-2.313935,54969376,1200
0.3423,-5.7505,-8.1439,-0.0714,-0.1587,0.0442,-0.136504,0.35625,-2.313935,54979876,1200
0.3245,-2.2745,-8.8887,-0.1222,-0.1869,0.0293,-0.136504,0.35625,-2.313935,54990376,1200
-0.5328,-0.556,-8.3502,-0.1517,-0.1988,0.0211,-0.136504,0.35625,-2.313935,55000876,1200
-0.4404,-1.5083,-8.8468,-0.1802,-0.2067,0.0147,-0.136504,0.35625,-2.313935,55011376,1200
0.2201,1.4769,-9.5842,-0.1424,-0.1521,0.0378,-0.136504,0.35625,-2.313935,55021876,1200
-0.4789,1.4133,-9.2107,-0.1216,-0.1276,0.0398,-0.136504,0.35625,-2.313935,55032376,1200
-0.4054,3.8092,-9.9631,-0.1529,-0.1294,0.0381,-0.123747,0.370096,-2.297304,55042420,1201
0.0008,2.434,-10.6982,-0.0899,-0.127,0.0312,-0.123747,0.370096,-2.297304,55052424,1201
-0.5223,0.2126,-11.3538,-0.1096,-0.0998,0.0296,-0.123747,0.370096,-2.297304,55062924,1201
1.7966,1.2421,-10.5587,-0.126,-0.0967,0.0172,-0.123747,0.370096,-2.297304,55073424,1201
-0.5003,-0.2875,-10.7444,-0.1014,-0.0668,0.0379,-0.123747,0.370096,-2.297304,55083924,1201
0.6719,0.4257,-10.4443,-0.1035,-0.0515,0.0318,-0.123747,0.370096,-2.297304,55094424,1201
0.7945,-3.4045,-9.1746,-0.2144,-0.0647,0.0267,-0.123747,0.370096,-2.297304,55104924,1201
0.8063,-0.0711,-9.9841,-0.1271,0.0043,0.0331,-0.123747,0.370096,-2.297304,55115424,1201
0.5452,0.2953,-9.1664,-0.1547,0.0107,0.0302,-0.123747,0.370096,-2.297304,55125924,1201
-0.8559,2.3254,-10.5023,-0.1908,-0.0184,0.0382,-0.123254,0.447779,-2.28633,55135969,1202
0.1706,2.2501,-11.2056,-0.2308,-0.0782,0.026,-0.123254,0.447779,-2.28633,55146469,1202
0.2866,-0.3279,-11.0452,-0.1577,0.0244,0.0286,-0.123254,0.447779,-2.28633,55156969,1202
0.2044,-0.255,-11.5186,-0.1108,0.0073,0.0244,-0.123254,0.447779,-2.28633,55167469,1202
-0.7635,-0.8426,-10.2267,-0.0298,0.0152,0.0195,-0.123254,0.447779,-2.28633,55177969,1202
-1.2915,-3.3344,-8.7087,0.0365,0.0794,0.0351,-0.123254,0.447779,-2.28633,55188469,1202
0.3193,-1.2674,-7.8047,0.1742,0.0956,0.0356,-0.123254,0.447779,-2.28633,55198969,1202
-0.2607,3.0716,-8.8889,0.177,0.0546,0.0249,-0.123254,0.447779,-2.28633,55209469,1202
-0.7783,3.884,-10.7014,0.3268,0.1514,0.0532,-0.123254,0.447779,-2.28633,55219969,1202
1.9512,3.0735,-11.0633,0.3592,0.0576,0.0363,-0.123254,0.447779,-2.28633,55230469,1202
1.8927,0.7221,-10.7404,0.3697,0.0368,0.0249,-0.123254,0.447779,-2.28633,55240969,1202
-0.5668,0.6667,-11.5228,0.3906,0.0597,0.0197,-0.123254,0.447779,-2.28633,55251469,1202
1.142,0.2955,-10.2466,0.4375,0.0799,0.0242,-0.106177,0.496966,-2.283463,55261524,1203
0.5837,0.1316,-9.5273,0.3826,0.0388,0.0072,-0.078429,0.526073,-2.261172,55271598,1204
0.3905,-0.4809,-9.7018,0.4011,0.045,0.0323,-0.078429,0.526073,-2.261172,55282098,1204
1.4145,3.4217,-10.5128,0.4057,0.02,0.0224,-0.078429,0.526073,-2.261172,55292598,1204
-1.0607,0.9703,-10.5187,0.4625,-0.004,0.0344,-0.078429,0.526073,-2.261172,55303098,1204
-0.8345,0.0979,-11.1371,0.5124,-0.0452,0.0291,-0.078429,0.526073,-2.261172,55313598,1204
0.0835,-0.4342,-10.826,0.5493,-0.1095,0.0335,-0.078429,0.526073,-2.261172,55324098,1204
-0.4033,1.6333,-9.8049,0.4787,-0.2345,-0.0015,-0.078429,0.526073,-2.261172,55334598,1204
-0.8843,-1.1771,-9.2181,0.6211,-0.2013,0.0306,-0.078429,0.526073,-2.261172,55345098,1204
-0.4153,-0.1771,-9.9128,0.5826,-0.2597,0.0165,-0.078429,0.526073,-2.261172,55355598,1204
0.8436,-0.2681,-8.7848,0.6329,-0.2209,0.026,-0.078429,0.526073,-2.261172,55366098,1204
0.7503,-1.3697,-7.7905,0.6207,-0.2295,0.0252,-0.078429,0.526073,-2.261172,55376598,1204
1.4808,1.0468,-8.7212,0.6199,-0.2325,0.0289,-0.078429,0.526073,-2.261172,55387098,1204
-0.6193,2.8012,-8.8966,0.5601,-0.2056,0.0323,-0.078429,0.526073,-2.261172,55397598,1204
0.1732,2.329,-9.9605,0.5487,-0.223,0.025,-0.078429,0.526073,-2.261172,55408098,1204
1.6244,0.8478,-9.4074,0.4557,-0.2067,0.0199,-0.078429,0.526073,-2.261172,55418598,1204
-0.2537,3.5193,-10.7318,0.422,-0.1119,0.0258,-0.078429,0.526073,-2.261172,55429098,1204
0.406,4.4696,-10.687,0.3925,0.0027,0.039,-0.078429,0.526073,-2.261172,55439598,1204
-0.0524,2.1817,-11.6006,0.3293,0.0287,0.0337,-0.078429,0.526073,-2.261172,55450098,1204
1.863,4.0123,-10.9967,0.2409,0.0498,0.0275,-0.078429,0.526073,-2.261172,55460598,1204
-0.6352,2.5024,-11.0951,0.1982,0.0676,0.0264,-0.078429,0.526073,-2.261172,55471098,1204
0.5216,4.0098,-12.0293,0.1785,0.051,0.0203,-0.083508,0.556134,-2.23403,55481142,1205
0.4836,-0.876,-11.0798,0.1247,0.0389,0.016,-0.083508,0.556134,-2.23403,55491642,1205
1.1245,0.2702,-11.1505,0.0563,0.0674,0.0118,-0.083508,0.556134,-2.23403,55502142,1205
-1.3828,-0.2073,-11.3769,0.0183,0.1061,0.0159,-0.083508,0.556134,-2.23403,55512642,1205
-0.1047,0.3245,-11.987,-0.0716,0.0989,0.0165,-0.083508,0.556134,-2.23403,55523142,1205
0.7797,-1.507,-11.821,-0.1065,0.1028,0.0232,-0.083508,0.556134,-2.23403,55533642,1205
0.8444,-1.7648,-11.3071,-0.2431,0.1263,0.0178,-0.083508,0.556134,-2.23403,55544142,1205
1.9343,0.9453,-8.3136,-0.3784,0.1097,0.0002,-0.083508,0.556134,-2.23403,55554642,1205
0.5132,-0.5483,-9.6661,-0.3679,0.1011,0.0035,-0.083508,0.556134,-2.23403,55565142,1205
0.6003,1.6354,-9.4449,-0.4056,0.098,0.0098,-0.083508,0.556134,-2.23403,55575642,1205
0.3335,3.7284,-9.7818,-0.4654,0.046,0.004,-0.083508,0.556134,-2.23403,55586142,1205
-0.6179,1.0291,-10.2906,-0.4481,0.0661,0.0072,-0.079189,0.595821,-2.250125,55596187,1206
-0.5989,2.3364,-10.3862,-0.4499,0.0748,0.02,-0.079189,0.595821,-2.250125,55606687,1206
-0.9113,-1.7435,-9.1077,-0.4323,0.0173,0.0111,-0.079189,0.595821,-2.250125,55616717,1206
0.0758,-0.8954,-8.1685,-0.4568,0.0331,0.009,-0.079189,0.595821,-2.250125,55627217,1206
-0.0051,-0.9083,-8.5485,-0.4269,0.0381,0.013,-0.079189,0.595821,-2.250125,55637717,1206
0.1295,2.3979,-9.6354,-0.406,0.072,0.0095,-0.079189,0.595821,-2.250125,55648217,1206
-0.0223,3.5012,-10.3335,-0.3571,0.0807,0.0167,-0.079189,0.595821,-2.250125,55658717,1206
0.0441,2.3589,-10.8192,-0.3424,0.07,0.0056,-0.079189,0.595821,-2.250125,55669217,1206
1.9245,3.0951,-11.2504,-0.299,0.1038,0.0093,-0.079189,0.595821,-2.250125,55679717,1206
0.4186,1.2914,-10.9637,-0.3104,0.0927,0.0054,-0.079189,0.595821,-2.250125,55690217,1206
0.1351,-0.5088,-11.6406,-0.2905,0.0961,0.0029,-0.079189,0.595821,-2.250125,55700717,1206
0.2506,-3.4416,-9.7485,-0.3077,0.1607,0.0037,-0.079189,0.595821,-2.250125,55711217,1206
-0.747,-3.6578,-9.2523,-0.3165,0.095,-0.0124,-0.079189,0.595821,-2.250125,55721717,1206
-0.1222,-1.1683,-8.2308,-0.2559,0.1134,-0.0021,-0.079189,0.595821,-2.250125,55732217,1206
0.0507,-2.1913,-7.9097,-0.1992,0.1494,0.0086,-0.091841,0.628608,-2.255935,55742276,1207
0.4793,0.6424,-9.0121,-0.2303,0.1299,0.0083,-0.091841,0.628608,-2.255935,55752776,1207
0.6239,2.4442,-7.8168,-0.1846,0.1629,0.0164,-0.091841,0.628608,-2.255935,55763276,1207
0.494,-0.4623,-10.663,-0.2132,0.1209,-0.007,-0.091841,0.628608,-2.255935,55773776,1207
1.6314,0.1932,-10.0684,-0.1835,0.167,0.0061,-0.091841,0.628608,-2.255935,55784276,1207
-0.4422,-1.4972,-9.6372,-0.1579,0.2259,0.0202,-0.091841,0.628608,-2.255935,55794776,1207
0.0664,-3.9032,-8.0757,-0.1325,0.1962,0.0059,-0.091841,0.628608,-2.255935,55805276,1207
-0.2142,-1.9659,-7.6868,-0.0887,0.1945,-0.0085,-0.091841,0.628608,-2.255935,55815776,1207
-1.2682,0.6154,-8.1724,-0.0495,0.2048,0.0049,-0.094166,0.642045,-2.259558,55825820,1208
-0.6465,0.772,-9.1465,-0.0517,0.1908,-0.0005,-0.094166,0.642045,-2.259558,55835857,1208
0.5591,0.8429,-8.0881,-0.054,0.2248,0.0092,-0.094166,0.642045,-2.259558,55846357,1208
-0.5522,3.3446,-9.0151,-0.0569,0.2509,0.026,-0.094166,0.642045,-2.259558,55856358,1208
0.9401,4.2664,-10.3685,-0.0493,0.1958,0.0134,-0.094166,0.642045,-2.259558,55866858,1208
0.8548,1.539,-11.0444,-0.0622,0.1899,0.01,-0.094166,0.642045,-2.259558,55877358,1208
0.7137,1.1671,-10.1834,-0.1139,0.1611,0.0104,-0.094166,0.642045,-2.259558,55887858,1208
-1.1909,-2.7484,-9.1444,-0.1124,0.1907,0.0157,-0.094166,0.642045,-2.259558,55898358,1208
-0.3884,-1.4753,-10.3141,-0.1525,0.151,0.0045,-0.094166,0.642045,-2.259558,55908858,1208
-0.2288,-1.3064,-7.2684,-0.1176,0.1666,0.0126,-0.094166,0.642045,-2.259558,55919358,1208
-1.7835,-0.7322,-8.0512,-0.1169,0.1503,-0.0008,-0.094166,0.642045,-2.259558,55929858,1208
0.3269,1.5034,-7.9757,-0.0878,0.1841,0.0241,-0.094166,0.642045,-2.259558,55940358,1208
0.7886,0.7214,-9.1699,-0.1196,0.1444,0.0256,-0.093362,0.667916,-2.256699,55950403,1209
0.5556,2.9066,-10.0326,-0.1221,0.139,0.0124,-0.093362,0.667916,-2.256699,55960903,1209
1.333,2.3836,-10.4149,-0.1437,0.1204,0.0064,-0.093362,0.667916,-2.256699,55971403,1209
0.1256,-1.4101,-10.1261,-0.107,0.0221,-0.0078,-0.093362,0.667916,-2.256699,55981903,1209
-0.2511,-1.7058,-7.9113,-0.0567,0.0869,0.0065,-0.093362,0.667916,-2.256699,55992403,1209
-1.0464,-0.4642,-8.5973,-0.0245,0.074,-0.0048,-0.093362,0.667916,-2.256699,56002903,1209
0.4008,0.4314,-8.5125,-0.0263,0.0346,0.005,-0.093362,0.667916,-2.256699,56013403,1209
1.1966,2.6992,-8.6429,-0.0154,0.081,0.0244,-0.093362,0.667916,-2.256699,56023903,1209
-0.1004,2.1604,-10.3015,-0.0173,0.0055,0.0048,-0.093362,0.667916,-2.256699,56034403,1209
1.0849,-1.4266,-9.9186,-0.0083,0.035,0.0145,-0.093362,0.667916,-2.256699,56044903,1209
1.2097,0.3027,-9.3177,0.0089,0.0971,0.0281,-0.08329,0.692671,-2.250945,56054957,1210
-1.1127,-0.5795,-10.395,0.0143,0.0328,0.0066,-0.08329,0.692671,-2.250945,56065457,1210
-0.373,-0.8858,-9.9465,0.0024,0.0448,0.007,-0.08329,0.692671,-2.250945,56075493,1210
0.2815,-1.9691,-7.5378,-0.0022,0.0097,0.0045,-0.08329,0.692671,-2.250945,56085993,1210
-0.826,0.6317,-8.1576,0.0411,-0.0016,0.0095,-0.08329,0.692671,-2.250945,56096493,1210
0.9777,3.6788,-9.5595,0.0475,-0.0401,0.0277,-0.08329,0.692671,-2.250945,56106993,1210
0.6137,3.4331,-9.7327,-0.0417,-0.1544,0.0049,-0.08329,0.692671,-2.250945,56117493,1210
0.502,1.0314,-10.3963,-0.0072,-0.0972,0.0121,-0.08329,0.692671,-2.250945,56127993,1210
-0.1444,1.165,-9.9861,-0.051,-0.1228,-0.0106,-0.08329,0.692671,-2.250945,56138493,1210
-0.4804,-0.5688,-10.5579,-0.0188,-0.1355,-0.0066,-0.08329,0.692671,-2.250945,56148993,1210
0.3512,-1.5289,-7.8903,0.0051,-0.1264,-0.0032,-0.08329,0.692671,-2.250945,56159493,1210
-1.3295,0.2918,-8.5216,-0.0068,-0.1501,-0.0088,-0.08329,0.692671,-2.250945,56169993,1210
-0.8211,2.2056,-9.5702,0.0434,-0.116,0.0007,-0.08329,0.692671,-2.250945,56180493,1210
1.7369,3.4455,-9.4132,-0.0012,-0.1298,-0.0104,-0.082435,0.690831,-2.243408,56190537,1211
-0.3214,3.4936,-10.1775,0.0074,-0.1337,-0.0207,-0.082435,0.690831,-2.243408,56201037,1211
-0.4308,3.6066,-10.8999,0.0574,-0.0793,-0.0002,-0.082435,0.690831,-2.243408,56211537,1211
1.7634,2.2101,-10.3993,-0.0181,-0.0564,-0.0052,-0.082435,0.690831,-2.243408,56222037,1211
0.2122,1.3579,-12.0471,-0.0589,-0.0613,-0.0055,-0.082435,0.690831,-2.243408,56232537,1211
0.251,2.5292,-10.934,-0.0866,-0.0405,-0.0025,-0.082435,0.690831,-2.243408,56243037,1211
0.2508,-0.6746,-10.8342,-0.1301,-0.0795,0.0045,-0.082435,0.690831,-2.243408,56253537,1211
0.4621,-0.8499,-11.72,-0.2075,-0.0886,-0.0006,-0.082435,0.690831,-2.243408,56264037,1211
0.1657,0.1285,-11.1115,-0.2461,-0.0682,0.0046,-0.082435,0.690831,-2.243408,56274537,1211
-0.8901,-1.7314,-11.0182,-0.2809,-0.0339,0.0062,-0.077105,0.730264,-2.234259,56284582,1212
0.1346,-1.6843,-11.6913,-0.2971,-0.0361,-0.0065,-0.077105,0.730264,-2.234259,56294585,1212
-0.814,-1.353,-9.5174,-0.3159,0.0181,-0.0043,-0.077105,0.730264,-2.234259,56305085,1212
-1.1636,-2.9985,-10.0264,-0.2365,0.023,0.013,-0.077105,0.730264,-2.234259,56315585,1212
0.2575,-1.5713,-9.2182,-0.3337,-0.0841,-0.013,-0.077105,0.730264,-2.234259,56326085,1212
0.4698,-2.0743,-7.0467,-0.2025,-0.0339,-0.0023,-0.077105,0.730264,-2.234259,56336585,1212
-0.4696,0.4348,-9.271,-0.1653,-0.0027,0.0086,-0.077105,0.730264,-2.234259,56347085,1212
1.3324,0.1104,-10.1746,-0.1053,-0.0045,0.0079,-0.077105,0.730264,-2.234259,56357585,1212
1.6101,2.1655,-9.1028,-0.0704,-0.0234,-0.0027,-0.077105,0.730264,-2.234259,56368085,1212
-0.0211,-1.2322,-10.1961,-0.0068,-0.0547,-0.0089,-0.077105,0.730264,-2.234259,56378585,1212
0.5906,-0.993,-10.4736,0.0251,0.0161,0.0019,-0.077105,0.730264,-2.234259,56389085,1212
-0.7194,-0.8659,-8.8602,0.0984,-0.0369,-0.0021,-0.077105,0.730264,-2.234259,56399585,1212
-0.4099,-1.9787,-7.5903,0.1122,-0.0469,-0.0003,-0.077105,0.730264,-2.234259,56410085,1212
-0.3648,-0.3372,-8.2834,0.1268,-0.0752,-0.0036,-0.077105,0.730264,-2.234259,56420585,1212
-0.139,3.6351,-8.3556,0.0816,-0.0576,-0.0023,-0.077105,0.730264,-2.234259,56431085,1212
0.4223,2.5245,-9.7311,0.1333,-0.0911,-0.0245,-0.068672,0.752003,-2.214171,56441130,1213
1.3996,3.8082,-10.4106,0.15,-0.0341,-0.0099,-0.068672,0.752003,-2.214171,56451630,1213
0.9895,5.2549,-10.3901,0.114,-0.0286,-0.0158,-0.068672,0.752003,-2.214171,56462130,1213
0.06,2.9681,-11.8739,0.0697,0.0103,-0.0191,-0.068672,0.752003,-2.214171,56472630,1213
1.4657,2.2153,-11.3399,0.0697,0.0871,0.0029,-0.068672,0.752003,-2.214171,56483130,1213
1.3523,3.6025,-11.3223,0.0572,0.0822,-0.0001,-0.068672,0.752003,-2.214171,56493630,1213
-0.0438,1.56,-12.2931,0.0107,0.0477,-0.0088,-0.068672,0.752003,-2.214171,56503651,1213
1.1453,0.7422,-11.9089,0.0191,0.071,-0.0011,-0.05393,0.764882,-2.202732,56513735,1214
2.5034,0.7953,-9.5924,-0.0066,0.0431,-0.0097,-0.05393,0.764882,-2.202732,56524235,1214
0.5206,-0.5283,-11.0259,-0.0321,0.0624,0.0016,-0.05393,0.764882,-2.202732,56534735,1214
0.2871,-0.9863,-11.253,-0.0385,0.0549,-0.0018,-0.05393,0.764882,-2.202732,56545235,1214
1.9708,-2.9118,-9.5686,-0.1637,-0.0798,-0.0428,-0.05393,0.764882,-2.202732,56555735,1214
-0.9075,-4.6705,-10.1552,-0.0475,-0.0264,-0.0165,-0.05393,0.764882,-2.202732,56566235,1214
-0.3165,-2.4009,-10.2853,-0.0496,0.0372,-0.0037,-0.05393,0.764882,-2.202732,56576735,1214
0.8939,-4.0613,-8.0898,-0.0717,-0.0755,-0.0245,-0.05393,0.764882,-2.202732,56587235,1214
-0.3036,-2.0433,-9.053,-0.0476,-0.044,-0.0054,-0.05393,0.764882,-2.202732,56597735,1214
-1.4638,-1.3971,-9.1617,-0.0407,-0.0626,-0.0153,-0.05393,0.764882,-2.202732,56608235,1214
0.1026,-0.4528,-7.7705,-0.0305,-0.0877,-0.0216,-0.05393,0.764882,-2.202732,56618735,1214
-0.2423,1.1725,-8.4737,-0.0146,-0.114,-0.017,-0.05393,0.764882,-2.202732,56629235,1214
-0.098,3.6744,-9.2626,-0.0566,-0.1497,-0.0261,-0.05393,0.764882,-2.202732,56639735,1214
1.4432,2.8628,-9.9227,0.0417,-0.0773,-0.0088,-0.05393,0.764882,-2.202732,56650235,1214
0.3825,5.5938,-10.5124,0.0104,-0.1137,-0.0219,-0.05393,0.764882,-2.202732,56660735,1214
0.4652,3.7947,-11.0136,-0.0232,-0.1136,-0.028,-0.05393,0.764882,-2.202732,56671235,1214
0.8923,2.3764,-11.8008,0.049,-0.0182,-0.0187,-0.05393,0.764882,-2.202732,56681735,1214
0.154,4.8042,-12.6187,0.1288,0.0645,-0.0068,-0.03771,0.79746,-2.178392,56691779,1215
1.0513,2.7009,-11.3913,0.0871,0.0373,-0.0189,-0.03771,0.79746,-2.178392,56702279,1215
0.2852,0.6005,-11.9206,0.0857,0.0609,-0.0332,-0.03771,0.79746,-2.178392,56712779,1215
-0.3757,1.0327,-11.9965,0.0816,0.0502,-0.0337,-0.03771,0.79746,-2.178392,56723279,1215
1.3266,-1.1049,-10.8394,0.0573,0.0096,-0.0353,-0.03771,0.79746,-2.178392,56733779,1215
-0.3455,-2.0949,-11.118,0.0127,0.0105,-0.0445,-0.022489,0.849123,-2.183563,56744325,1216
-0.1828,-1.0874,-11.6897,0.0267,0.0172,-0.0351,-0.022489,0.849123,-2.183563,56754825,1216
1.0716,-1.5971,-11.5999,0.0559,0.0571,-0.0169,-0.022489,0.849123,-2.183563,56765325,1216
2.1238,-1.587,-9.9921,0.0373,0.006,-0.0304,-0.022489,0.849123,-2.183563,56775825,1216
0.668,-2.3395,-10.3101,0.0867,0.0248,-0.0267,-0.022489,0.849123,-2.183563,56786325,1216
0.6343,1.0264,-9.8678,0.0774,0.044,-0.0149,-0.022489,0.849123,-2.183563,56796825,1216
0.4438,-1.3921,-10.2421,-0.0019,-0.0945,-0.0574,-0.022489,0.849123,-2.183563,56807325,1216
0.4163,-0.0397,-10.2552,0.168,-0.0162,-0.0314,-0.022489,0.849123,-2.183563,56817825,1216
0.2599,2.2733,-11.2696,0.1599,-0.0613,-0.0525,-0.022489,0.849123,-2.183563,56828325,1216
0.509,-0.3508,-10.1602,0.2484,-0.0562,-0.0408,-0.022489,0.849123,-2.183563,56838825,1216
0.2425,1.7352,-10.7328,0.2764,-0.0558,-0.0475,-0.022489,0.849123,-2.183563,56849325,1216
-0.5073,-0.0862,-11.2823,0.311,-0.0654,-0.0568,-0.022489,0.849123,-2.183563,56859825,1216
-0.0986,-0.3918,-10.6946,0.3448,-0.0233,-0.04,-0.022489,0.849123,-2.183563,56870325,1216
-0.4699,0.5449,-10.534,0.3662,-0.0234,-0.0348,-0.004784,0.917189,-2.170654,56880369,1217
-0.027,-0.8705,-10.7205,0.3692,-0.0366,-0.0417,-0.004784,0.917189,-2.170654,56890869,1217
-0.9035,-0.5727,-10.7038,0.3883,-0.0687,-0.0583,-0.004784,0.917189,-2.170654,56901369,1217
-0.7262,1.428,-9.4465,0.4313,-0.0097,-0.039,-0.004784,0.917189,-2.170654,56911869,1217
-0.5029,-0.1721,-9.88,0.4703,-0.1277,-0.0556,-0.004784,0.917189,-2.170654,56922369,1217
-0.4817,3.5764,-9.7155,0.42,-0.1452,-0.0629,-0.004784,0.917189,-2.170654,56932869,1217
0.4794,2.1327,-9.332,0.5262,-0.1077,-0.033,-0.004784,0.917189,-2.170654,56943369,1217
-0.7522,3.1709,-10.0747,0.4895,-0.1225,-0.0467,-0.004784,0.917189,-2.170654,56953869,1217
0.872,3.7449,-9.2549,0.5649,-0.0876,-0.04,-0.004784,0.917189,-2.170654,56964369,1217
1.3296,3.1893,-8.766,0.5261,-0.1384,-0.0392,0.003865,0.963628,-2.181267,56974914,1218
-0.7127,3.4248,-9.4432,0.4493,-0.1395,-0.0586,0.003865,0.963628,-2.181267,56985413,1218
-0.8515,3.3366,-9.2508,0.5433,-0.0476,-0.0418,0.003865,0.963628,-2.181267,56995913,1218
0.9464,3.2393,-9.0841,0.5104,0.0145,-0.0398,0.003865,0.963628,-2.181267,57006413,1218
-0.4282,3.6315,-9.7952,0.4635,0.0455,-0.0329,0.003865,0.963628,-2.181267,57016913,1218
-0.196,2.8342,-8.222,0.4567,0.022,-0.0439,0.003865,0.963628,-2.181267,57027341,1218
0.8293,0.0844,-8.3119,0.4849,0.0048,-0.0345,0.003865,0.963628,-2.181267,57037342,1218
-0.9714,1.0451,-8.2671,0.5976,0.0632,-0.0099,0.003865,0.963628,-2.181267,57047842,1218
1.0039,2.3674,-6.915,0.6031,0.0507,-0.0107,0.003865,0.963628,-2.181267,57058342,1218
0.39,-2.5094,-10.6276,0.5499,-0.0383,-0.0265,0.003865,0.963628,-2.181267,57068842,1218
-0.2574,0.8994,-9.6178,0.4862,-0.1306,-0.0461,0.003865,0.963628,-2.181267,57079342,1218
-0.7279,0.4441,-9.402,0.5553,-0.0485,-0.031,0.003865,0.963628,-2.181267,57089842,1218
-0.1314,-0.4664,-7.8457,0.4815,-0.0862,-0.0377,0.003865,0.963628,-2.181267,57100342,1218
-1.6142,0.4326,-9.8212,0.4642,-0.0708,-0.0308,0.021303,0.998049,-2.17593,57110389,1219
0.0583,-2.8749,-8.2297,0.4477,-0.0446,-0.0227,0.021303,0.998049,-2.17593,57120889,1219
1.3699,-1.4049,-9.078,0.3418,-0.0521,-0.0382,0.021303,0.998049,-2.17593,57131389,1219
-0.5133,-2.1244,-10.3742,0.2817,-0.0731,-0.0363,0.021303,0.998049,-2.17593,57141889,1219
0.7895,-2.3928,-10.3223,0.2236,-0.0255,-0.0231,0.021303,0.998049,-2.17593,57152389,1219
2.311,-0.2158,-9.4915,0.1025,-0.0142,-0.0272,0.021303,0.998049,-2.17593,57162889,1219
0.8308,0.1106,-10.8173,0.0114,-0.0608,-0.0357,0.021303,0.998049,-2.17593,57173389,1219
-0.9546,-1.8725,-8.7341,-0.0704,-0.0566,-0.045,0.021303,0.998049,-2.17593,57183889,1219
-0.6148,-2.0076,-10.3698,-0.1234,-0.0049,-0.0297,0.021303,0.998049,-2.17593,57194389,1219
0.4734,-1.2954,-9.8982,-0.1571,0.0036,-0.0326,0.021303,0.998049,-2.17593,57204889,1219
-0.2613,-3.5486,-10.3526,-0.2604,-0.0092,-0.0465,0.040309,1.046591,-2.166636,57214946,1220
0.1227,-1.5063,-9.0595,-0.2033,0.0292,-0.0353,0.040309,1.046591,-2.166636,57225446,1220
0.6858,-4.3192,-9.7034,-0.2343,0.0362,-0.0406,0.040309,1.046591,-2.166636,57235474,1220
0.7829,-1.627,-10.3361,-0.1702,0.0646,-0.0298,0.040309,1.046591,-2.166636,57245974,1220
0.6937,-1.6245,-10.647,-0.146,0.0364,-0.0179,0.040309,1.046591,-2.166636,57256474,1220
1.139,-1.4722,-9.9475,-0.1381,-0.0421,-0.0237,0.040309,1.046591,-2.166636,57266974,1220
1.2382,-0.5466,-10.7489,-0.1172,0.0023,-0.0285,0.040309,1.046591,-2.166636,57277474,1220
0.3303,-3.1821,-11.4661,-0.0968,-0.0517,-0.0288,0.040309,1.046591,-2.166636,57287974,1220
0.7287,-2.3981,-11.2503,-0.1081,-0.054,-0.0395,0.040309,1.046591,-2.166636,57298474,1220
-0.0147,0.0345,-12.1892,-0.0658,-0.0096,-0.0265,0.040309,1.046591,-2.166636,57308974,1220
2.1478,-0.9399,-10.831,-0.0721,-0.0119,-0.0406,0.040309,1.046591,-2.166636,57319474,1220
0.4282,1.4886,-11.8508,-0.0741,0.0174,-0.0373,0.040309,1.046591,-2.166636,57329974,1220
0.3165,0.0863,-11.5169,-0.0794,0.0401,-0.033,0.040309,1.046591,-2.166636,57340474,1220
1.6743,1.9191,-11.2815,-0.1113,0.024,-0.0353,0.048559,1.079267,-2.159297,57350518,1221
-0.4176,2.5165,-10.655,-0.1239,0.0343,-0.0328,0.048559,1.079267,-2.159297,57361018,1221
0.7395,2.8187,-10.3758,-0.1081,0.0857,-0.0134,0.048559,1.079267,-2.159297,57371518,1221
0.1106,1.3064,-10.1567,-0.1719,0.0633,-0.0275,0.048559,1.079267,-2.159297,57382018,1221
0.9009,1.429,-10.0146,-0.1876,0.077,-0.0347,0.048559,1.079267,-2.159297,57392518,1221
1.9717,1.5356,-8.394,-0.2522,0.1339,-0.034,0.048559,1.079267,-2.159297,57403018,1221
0.3482,0.6553,-10.1548,-0.2758,0.1097,-0.0411,0.048559,1.079267,-2.159297,57413518,1221
0.2651,0.3516,-8.5143,-0.32,0.1262,-0.0463,0.048559,1.079267,-2.159297,57424018,1221
1.8548,1.5727,-8.8863,-0.3379,0.1311,-0.0373,0.048559,1.079267,-2.159297,57434518,1221
-0.4287,0.591,-10.6695,-0.3399,0.1193,-0.0298,0.048559,1.079267,-2.159297,57445018,1221
1.0292,-0.4905,-9.2692,-0.3026,0.16,-0.016,0.048559,1.079267,-2.159297,57455518,1221
0.4718,4.1424,-11.0908,-0.4084,0.0216,-0.0594,0.048559,1.079267,-2.159297,57466018,1221
0.2203,2.6412,-10.3789,-0.3435,0.072,-0.0349,0.048559,1.079267,-2.159297,57476518,1221
0.6473,4.3141,-9.7291,-0.3658,0.0375,-0.0385,0.048559,1.079267,-2.159297,57487018,1221
0.0663,4.056,-10.9948,-0.3565,0.0991,-0.0296,0.048559,1.079267,-2.159297,57497518,1221
0.8552,3.4141,-9.7692,-0.3101,0.1099,-0.0229,0.048559,1.079267,-2.159297,57508018,1221
0.5962,4.8518,-9.2115,-0.3129,0.1082,-0.0289,0.048559,1.079267,-2.159297,57518518,1221
0.3898,3.472,-8.9696,-0.3072,0.0421,-0.0522,0.048559,1.079267,-2.159297,57529018,1221
0.5436,3.1269,-9.3305,-0.2197,0.12,-0.0209,0.048559,1.079267,-2.159297,57539518,1221
1.8747,-1.0492,-9.8195,-0.1873,0.1188,-0.0208,0.048559,1.079267,-2.159297,57549940,1221
0.0538,-1.9674,-10.5622,-0.1862,0.0742,-0.0258,0.048559,1.079267,-2.159297,57560440,1221
0.6902,-0.1752,-10.1832,-0.1812,0.0321,-0.0374,0.053022,1.072727,-2.161014,57570523,1222
1.7073,-0.554,-9.6826,-0.071,0.0258,-0.0269,0.053022,1.072727,-2.161014,57581023,1222
-0.2861,-0.6392,-11.6313,-0.1607,0.0075,-0.0228,0.053022,1.072727,-2.161014,57591523,1222
1.4924,-0.9052,-11.4468,-0.1858,0.0302,-0.0198,0.053022,1.072727,-2.161014,57602023,1222
2.2573,2.4845,-11.4657,-0.2608,0.0229,-0.0225,0.053022,1.072727,-2.161014,57612523,1222
-0.0882,3.3199,-10.8282,-0.3233,0.0016,-0.0227,0.053022,1.072727,-2.161014,57623023,1222
-0.2821,2.5656,-10.2498,-0.4665,-0.0064,-0.0379,0.053022,1.072727,-2.161014,57633523,1222
0.5842,3.4535,-8.2401,-0.479,0.1468,-0.0122,0.053022,1.072727,-2.161014,57644023,1222
-0.1531,0.9222,-8.7861,-0.6085,0.0592,-0.0384,0.053022,1.072727,-2.161014,57654523,1222
-1.8563,-2.943,-9.1826,-0.5823,0.1642,-0.018,0.053022,1.072727,-2.161014,57665023,1222
0.2455,-1.6651,-9.1498,-0.665,0.206,-0.019,0.06192,1.084945,-2.154712,57675069,1223
-0.428,-1.2294,-9.9988,-0.7215,0.1756,-0.0419,0.06192,1.084945,-2.154712,57685569,1223
-0.1722,-5.3154,-9.4478,-0.6711,0.2096,-0.0324,0.06192,1.084945,-2.154712,57696069,1223
0.022,-1.0622,-9.5891,-0.6314,0.2044,-0.0218,0.06192,1.084945,-2.154712,57706569,1223
0.3335,-4.0957,-10.4125,-0.5739,0.2014,-0.0192,0.06192,1.084945,-2.154712,57717069,1223
1.1312,-2.7539,-9.6284,-0.5068,0.2029,-0.0087,0.06192,1.084945,-2.154712,57727569,1223
0.0221,-1.8143,-8.9624,-0.4288,0.0817,-0.0274,0.06192,1.084945,-2.154712,57738069,1223
0.6601,-4.3724,-8.811,-0.4529,-0.0377,-0.0552,0.06192,1.084945,-2.154712,57748569,1223
0.3051,-3.6069,-8.7448,-0.3047,-0.0057,-0.0155,0.06192,1.084945,-2.154712,57759069,1223
-0.4954,-2.8087,-8.6783,-0.2646,-0.0845,-0.0194,0.06192,1.084945,-2.154712,57769569,1223
-0.4893,-1.5487,-9.4128,-0.1889,-0.1048,-0.0158,0.06192,1.084945,-2.154712,57780069,1223
-1.0039,-0.1797,-9.6565,-0.0686,-0.0879,0.0019,0.06192,1.084945,-2.154712,57790569,1223
0.7148,3.6529,-9.3772,-0.0355,-0.1394,-0.0116,0.06192,1.084945,-2.154712,57801069,1223
-0.8632,1.5424,-10.004,-0.0253,-0.1475,-0.0154,0.079681,1.084608,-2.149471,57811160,1225
-0.8086,-2.0295,-10.0936,-0.0039,-0.1198,-0.0076,0.079681,1.084608,-2.149471,57821660,1225
-0.8029,-2.2694,-9.9828,-0.0468,-0.0924,-0.018,0.079681,1.084608,-2.149471,57831691,1225
-1.3141,-2.6665,-11.5798,-0.0412,-0.0808,-0.0305,0.079681,1.084608,-2.149471,57842191,1225
0.2341,-2.4063,-11.4837,-0.0735,-0.033,-0.0426,0.079681,1.084608,-2.149471,57852691,1225
2.2289,-0.3142,-11.7423,-0.0419,-0.0086,-0.031,0.079681,1.084608,-2.149471,57863191,1225
0.3881,1.5999,-11.81,-0.056,0.0255,-0.0176,0.079681,1.084608,-2.149471,57873691,1225
0.9158,0.3807,-11.1009,-0.0568,0.0106,-0.0199,0.079681,1.084608,-2.149471,57884191,1225
0.6438,3.1049,-11.1358,-0.0076,0.0789,-0.006,0.079681,1.084608,-2.149471,57894691,1225
0.9591,3.8939,-10.5886,-0.0782,-0.0147,-0.0303,0.079681,1.084608,-2.149471,57905191,1225
0.3135,2.4565,-9.7361,-0.0488,0.0283,-0.0207,0.079681,1.084608,-2.149471,57915691,1225
-0.3804,4.5741,-9.4737,-0.1011,-0.0949,-0.0351,0.079681,1.084608,-2.149471,57926191,1225
0.7124,2.8587,-9.7613,-0.0429,-0.1232,-0.0222,0.079681,1.084608,-2.149471,57936691,1225
0.1308,3.0522,-8.7524,0.0052,-0.0476,0.0086,0.079681,1.084608,-2.149471,57947191,1225
0.6993,4.8385,-8.4781,0.0376,-0.1111,-0.01,0.079681,1.084608,-2.149471,57957691,1225
0.2901,1.8289,-8.1166,0.0457,-0.0824,-0.0175,0.079681,1.084608,-2.149471,57968191,1225
0.174,1.1962,-8.2097,0.0501,-0.1258,-0.0263,0.079681,1.084608,-2.149471,57978691,1225
-0.1027,0.4492,-9.0016,0.0607,-0.0966,-0.0196,0.079681,1.084608,-2.149471,57989191,1225
0.4259,-0.8681,-7.9126,0.11,-0.0276,-0.0174,0.079681,1.084608,-2.149471,57999691,1225
-0.3704,0.5517,-8.9181,0.0927,-0.0543,-0.0259,0.079681,1.084608,-2.149471,58010191,1225
0.0372,-3.0655,-8.6814,0.1326,-0.0373,-0.0212,0.079681,1.084608,-2.149471,58020691,1225
-0.4419,0.0041,-9.5166,0.1115,-0.0885,-0.0323,0.097898,1.081283,-2.149082,58030737,1226
-0.2826,-1.745,-8.98,0.1543,-0.0565,-0.0254,0.097898,1.081283,-2.149082,58041237,1226
-0.5926,-0.1426,-9.8159,0.1071,-0.0787,-0.0292,0.097898,1.081283,-2.149082,58051737,1226
-2.1538,-0.866,-10.376,0.1791,-0.0473,-0.0199,0.097898,1.081283,-2.149082,58062237,1226
-0.6339,-0.1149,-10.1951,0.1845,0.0266,0.011,0.097898,1.081283,-2.149082,58072737,1226
-1.2076,0.5495,-9.016,0.0454,-0.0867,-0.0298,0.097898,1.081283,-2.149082,58083237,1226
-1.5042,-0.1133,-9.7343,0.0184,-0.0412,-0.0181,0.097898,1.081283,-2.149082,58093737,1226
-0.0738,-2.2288,-9.1002,-0.0136,-0.0335,-0.0082,0.097898,1.081283,-2.149082,58104237,1226
0.9424,-0.7837,-9.6704,-0.0317,-0.0436,-0.0114,0.097898,1.081283,-2.149082,58114737,1226
0.3478,-2.7312,-8.8801,-0.0459,-0.0807,-0.0105,0.097898,1.081283,-2.149082,58125237,1226
0.6532,-1.4583,-9.4368,-0.0559,-0.1393,-0.0135,0.113903,1.094233,-2.149365,58135287,1227
0.5918,-2.7017,-10.6143,-0.0064,-0.1349,-0.006,0.113903,1.094233,-2.149365,58145787,1227
1.3311,0.3767,-9.9703,0.0446,-0.0737,0.0187,0.113903,1.094233,-2.149365,58155825,1227
1.935,-0.2956,-11.0354,-0.0257,-0.2127,-0.0107,0.113903,1.094233,-2.149365,58166325,1227
1.371,0.4623,-8.911,0.0114,-0.1514,0.0009,0.113903,1.094233,-2.149365,58176354,1227
0.306,1.7161,-10.2302,0.0193,-0.1624,-0.0024,0.113903,1.094233,-2.149365,58186854,1227
0.1104,0.1163,-11.0822,0.033,-0.1518,-0.0051,0.113903,1.094233,-2.149365,58197354,1227
0.5055,0.4786,-9.5263,0.0351,-0.2128,-0.016,0.113903,1.094233,-2.149365,58207854,1227
-0.4385,3.322,-10.121,0.049,-0.156,-0.0083,0.113903,1.094233,-2.149365,58218354,1227
-0.8865,-0.8503,-10.3448,0.0327,-0.1943,-0.0176,0.113903,1.094233,-2.149365,58228854,1227
-0.5845,1.7546,-9.991,0.0625,-0.1382,-0.0046,0.113903,1.094233,-2.149365,58239354,1227
-0.6615,1.0084,-10.7503,0.0976,-0.1105,-0.0066,0.113903,1.094233,-2.149365,58249854,1227
-0.519,-0.0911,-9.7437,0.0963,-0.1018,0.0018,0.113903,1.094233,-2.149365,58260354,1227
-1.8643,0.7825,-9.446,0.1072,-0.0719,0.0057,0.113903,1.094233,-2.149365,58270854,1227
-0.5572,0.597,-11.1985,0.0832,-0.0532,-0.0102,0.135341,1.115252,-2.14406,58280904,1228
1.1888,1.1662,-9.97,0.097,-0.0381,-0.0103,0.135341,1.115252,-2.14406,58291404,1228
-0.2015,1.95,-10.3106,0.0838,-0.0633,-0.0173,0.135341,1.115252,-2.14406,58301904,1228
0.7116,-0.1889,-9.8128,0.093,-0.083,-0.0146,0.135341,1.115252,-2.14406,58312404,1228
1.6963,2.3842,-8.988,0.1364,-0.0476,0.008,0.135341,1.115252,-2.14406,58322904,1228
0.916,0.9163,-9.3363,0.098,-0.0979,-0.0046,0.135341,1.115252,-2.14406,58333404,1228
1.1732,0.2717,-8.4987,0.0981,-0.1008,0.0022,0.135341,1.115252,-2.14406,58343904,1228
0.9662,-0.1955,-8.9383,0.1362,-0.1232,-0.0061,0.135341,1.115252,-2.14406,58354404,1228
-0.0466,1.0564,-9.8331,0.1421,-0.1036,-0.0046,0.147067,1.136917,-2.147527,58364450,1229
0.5096,-1.2034,-8.2376,0.1759,-0.0909,0.003,0.147067,1.136917,-2.147527,58374479,1229
0.7865,-4.4082,-8.8526,0.1233,-0.1,-0.0073,0.147067,1.136917,-2.147527,58384979,1229
-1.2079,-3.441,-9.5674,0.1497,-0.0133,0.0124,0.147067,1.136917,-2.147527,58395479,1229
-0.1078,-2.9163,-10.3593,0.1915,-0.0473,0.013,0.147067,1.136917,-2.147527,58405979,1229
0.8224,-2.0564,-11.4041,0.0899,-0.2074,-0.0292,0.147067,1.136917,-2.147527,58416479,1229
-0.4568,-0.6159,-11.0336,0.1466,-0.126,-0.0001,0.147067,1.136917,-2.147527,58426979,1229
-0.0209,0.5091,-11.4074,0.1443,-0.128,-0.0044,0.147067,1.136917,-2.147527,58437479,1229
0.3151,2.2598,-11.7457,0.1345,-0.0755,0.0024,0.147067,1.136917,-2.147527,58447979,1229
0.4086,4.261,-10.924,0.1427,-0.0103,0.008,0.147067,1.136917,-2.147527,58458479,1229
0.0002,3.8802,-10.3721,0.1159,-0.0904,-0.0118,0.147067,1.136917,-2.147527,58468979,1229
0.1411,3.6216,-9.285,0.1659,-0.0072,0.01,0.157944,1.168593,-2.139229,58479025,1230
-1.5794,2.8606,-10.3063,0.1733,0.0621,0.0055,0.157944,1.168593,-2.139229,58489525,1230
-0.1233,0.8149,-9.7361,0.1402,0.0723,-0.0067,0.157944,1.168593,-2.139229,58500025,1230
-0.4953,-1.0664,-10.1667,0.1532,0.0867,-0.0104,0.157944,1.168593,-2.139229,58510525,1230
-1.0504,0.0567,-10.6622,0.1887,0.1117,-0.0012,0.157944,1.168593,-2.139229,58521025,1230
0.3347,0.7068,-11.3548,0.1726,0.0877,-0.0083,0.157944,1.168593,-2.139229,58531525,1230
1.0884,1.4411,-10.1706,0.183,0.0841,-0.0137,0.157944,1.168593,-2.139229,58542025,1230
0.1721,3.1386,-9.5613,0.1672,0.1377,-0.0024,0.157944,1.168593,-2.139229,58552525,1230
0.7779,2.9884,-9.3129,0.2389,0.098,0.0062,0.157944,1.168593,-2.139229,58563025,1230
0.8182,0.5261,-9.4775,0.1955,0.0365,-0.0107,0.157944,1.168593,-2.139229,58573525,1230
0.1718,2.0642,-8.2397,0.1777,0.0069,-0.0095,0.157944,1.168593,-2.139229,58584025,1230
0.3969,1.1117,-8.2042,0.1568,-0.0581,-0.0233,0.171189,1.2112,-2.139546,58594072,1231
0.0825,-1.6731,-7.5999,0.1477,-0.0278,-0.0108,0.171189,1.2112,-2.139546,58604572,1231
-0.3522,-2.8564,-7.9438,0.1525,-0.0321,-0.0078,0.171189,1.2112,-2.139546,58614602,1231
-1.2254,-3.5197,-9.6897,0.1947,0.0228,0.0028,0.171189,1.2112,-2.139546,58625102,1231
0.6351,-3.5952,-10.0361,0.1469,0.0114,-0.0206,0.171189,1.2112,-2.139546,58635602,1231
1.4454,-1.4159,-9.1271,0.2366,0.0682,0.0003,0.171189,1.2112,-2.139546,58646102,1231
-0.0033,-2.0399,-10.0546,0.2308,0.014,-0.0185,0.171189,1.2112,-2.139546,58656602,1231
1.0617,-1.6528,-9.7334,0.2626,0.1066,-0.0046,0.171189,1.2112,-2.139546,58667102,1231
0.8638,0.2418,-10.2306,0.2913,0.1117,-0.0022,0.171189,1.2112,-2.139546,58677602,1231
1.4272,0.7417,-10.1535,0.3051,0.1322,-0.0044,0.171189,1.2112,-2.139546,58688102,1231
0.9725,-0.8636,-8.1744,0.3319,0.1556,-0.0028,0.171189,1.2112,-2.139546,58698602,1231
-1.1386,0.3848,-10.3936,0.3248,0.122,-0.0013,0.171189,1.2112,-2.139546,58709102,1231
-0.1499,0.2524,-10.7408,0.2964,0.0867,-0.0072,0.171189,1.2112,-2.139546,58719602,1231
-0.2197,-0.4136,-9.8551,0.2796,0.1202,-0.0073,0.168534,1.245123,-2.139322,58729646,1232
-0.3166,-0.4239,-10.7038,0.2975,0.1219,0.0055,0.168534,1.245123,-2.139322,58740146,1232
-1.0648,-0.6277,-10.2803,0.2516,0.018,-0.0191,0.168534,1.245123,-2.139322,58750646,1232
-0.0611,-1.4845,-9.1925,0.2132,0.0136,-0.0124,0.168534,1.245123,-2.139322,58761146,1232
0.6762,0.2939,-9.3985,0.1736,0.0288,-0.0001,0.168534,1.245123,-2.139322,58771646,1232
0.1136,-2.3348,-9.6737,0.1167,0.0114,-0.0172,0.168534,1.245123,-2.139322,58782146,1232
0.7178,-0.5551,-9.1475,0.0576,0.1293,0.017,0.168534,1.245123,-2.139322,58792646,1232
0.8824,0.3784,-8.9674,0.0304,0.1087,0.0077,0.168534,1.245123,-2.139322,58803146,1232
-0.096,-0.0193,-9.76,-0.0074,0.1452,-0.0075,0.168534,1.245123,-2.139322,58813646,1232
-0.0227,-4.0105,-8.7429,-0.0273,0.1614,-0.0142,0.166278,1.280746,-2.139324,58823702,1233
0.3291,-4.1083,-9.4502,-0.0394,0.1784,-0.0106,0.166278,1.280746,-2.139324,58833730,1233
-0.1709,-2.3158,-11.29,-0.008,0.2585,0.0015,0.166278,1.280746,-2.139324,58844230,1233
1.7965,-0.4087,-9.6511,0.0058,0.269,0.0039,0.166278,1.280746,-2.139324,58854730,1233
1.5264,-1.065,-10.9543,-0.0207,0.241,-0.0032,0.166278,1.280746,-2.139324,58865230,1233
-0.3739,0.3704,-10.9347,-0.0033,0.2178,-0.0053,0.166278,1.280746,-2.139324,58875730,1233
0.5224,0.8905,-11.0108,0.0241,0.1959,-0.0039,0.166278,1.280746,-2.139324,58886230,1233
0.6445,3.449,-11.105,0.0845,0.1922,0.0097,0.166278,1.280746,-2.139324,58896730,1233
-0.1791,3.4279,-9.9991,0.0916,0.2247,0.0129,0.166278,1.280746,-2.139324,58907230,1233
0.4649,3.2573,-9.601,0.0652,0.132,-0.0065,0.166278,1.280746,-2.139324,58917730,1233
0.0502,2.8414,-9.4272,0.0762,0.1412,0.0037,0.166278,1.280746,-2.139324,58928230,1233
-0.5546,2.0604,-8.9748,0.1095,0.1559,0.0154,0.166278,1.280746,-2.139324,58938730,1233
0.897,0.519,-7.5361,0.0753,0.0734,-0.0014,0.166278,1.280746,-2.139324,58949230,1233
0.6154,-1.337,-7.263,0.0703,0.055,-0.0079,0.166278,1.280746,-2.139324,58959730,1233
-0.9665,-2.3563,-9.1102,0.0421,0.0245,-0.0196,0.161335,1.306274,-2.140093,58969776,1234
-0.243,-4.4739,-9.9843,0.05,0.067,-0.0085,0.161335,1.306274,-2.140093,58980276,1234
-0.1127,-1.8866,-10.4017,0.0298,0.1403,0.0083,0.161335,1.306274,-2.140093,58990776,1234
0.4479,-0.7589,-11.5045,-0.0429,0.1149,-0.0083,0.161335,1.306274,-2.140093,59001276,1234
0.4313,-0.3726,-11.0776,-0.0731,0.1018,-0.0106,0.161335,1.306274,-2.140093,59011776,1234
0.3029,1.9225,-11.2569,-0.1281,0.1197,-0.0114,0.161335,1.306274,-2.140093,59022276,1234
-0.3118,4.1102,-10.853,-0.168,0.1032,-0.028,0.161335,1.306274,-2.140093,59032776,1234
0.3521,3.1575,-9.6668,-0.1725,0.1495,-0.0183,0.161335,1.306274,-2.140093,59043276,1234
-0.8782,0.4866,-10.2145,-0.1829,0.1672,-0.0094,0.166803,1.328925,-2.142199,59053320,1235
-1.8187,0.8334,-9.6013,-0.1478,0.2182,-0.004,0.166803,1.328925,-2.142199,59063820,1235
-0.8616,0.6391,-11.1134,-0.183,0.1521,-0.0144,0.166803,1.328925,-2.142199,59073850,1235
0.548,-0.2062,-10.1453,-0.1664,0.1369,-0.0149,0.166803,1.328925,-2.142199,59084350,1235
1.1618,0.8453,-9.3393,-0.1303,0.0893,-0.0091,0.166803,1.328925,-2.142199,59094378,1235
-0.0342,0.5322,-9.0195,-0.116,0.0215,-0.0121,0.166803,1.328925,-2.142199,59104878,1235
0.8046,1.7316,-9.5488,-0.1225,-0.0195,-0.0041,0.166803,1.328925,-2.142199,59115378,1235
0.9862,-3.1201,-8.9967,-0.1656,-0.1358,-0.0267,0.166803,1.328925,-2.142199,59125878,1235
0.0237,-0.826,-9.7421,-0.0659,-0.1469,-0.0145,0.166803,1.328925,-2.142199,59136378,1235
0.9368,-0.7289,-10.8558,-0.0635,-0.1859,-0.0109,0.166803,1.328925,-2.142199,59146878,1235
1.1637,0.5361,-11.1011,-0.0292,-0.1757,-0.0048,0.166803,1.328925,-2.142199,59157378,1235
0.4312,2.9576,-11.0278,-0.0441,-0.1807,-0.0046,0.166803,1.328925,-2.142199,59167878,1235
0.3007,2.5441,-10.8249,-0.0573,-0.2002,-0.013,0.166803,1.328925,-2.142199,59178378,1235
-0.1125,2.1189,-10.3911,-0.0778,-0.1798,-0.0139,0.166803,1.328925,-2.142199,59188878,1235
-0.5675,3.7342,-9.0952,-0.0206,-0.1074,0.0051,0.169941,1.356928,-2.146333,59198924,1236
-0.585,0.7188,-10.0382,-0.0706,-0.1297,-0.0031,0.169941,1.356928,-2.146333,59209424,1236
-0.7157,-1.0815,-8.8033,-0.1293,-0.113,-0.0202,0.169941,1.356928,-2.146333,59219924,1236
-1.6298,-0.0916,-9.2578,-0.1466,-0.1052,-0.0186,0.169941,1.356928,-2.146333,59230424,1236
0.1145,-1.2817,-10.3847,-0.1182,-0.0039,-0.0061,0.169941,1.356928,-2.146333,59240924,1236
0.365,-1.4494,-9.1529,-0.14,-0.0169,-0.0206,0.169941,1.356928,-2.146333,59251424,1236
0.566,1.7107,-9.2813,-0.1652,-0.044,-0.0357,0.169941,1.356928,-2.146333,59261924,1236
0.4241,-1.6036,-9.5009,-0.0178,0.0514,-0.0051,0.169941,1.356928,-2.146333,59272424,1236
0.3622,0.2236,-9.1029,-0.1014,-0.0416,-0.0315,0.168846,1.361815,-2.155202,59282970,1237
1.9145,0.0719,-9.917,-0.029,-0.0529,-0.029,0.168846,1.361815,-2.155202,59293470,1237
1.4253,0.3022,-8.3287,-0.0075,-0.0496,-0.0125,0.168846,1.361815,-2.155202,59303970,1237
0.3528,1.4671,-10.3314,0.0281,-0.0589,-0.0078,0.168846,1.361815,-2.155202,59314470,1237
0.3009,0.5223,-11.224,0.0134,-0.0801,-0.0102,0.168846,1.361815,-2.155202,59324970,1237
0.3369,2.6384,-10.9406,0.0558,-0.0607,0.0009,0.168846,1.361815,-2.155202,59335470,1237
0.6631,4.0855,-9.936,0.0283,-0.1317,-0.0058,0.168846,1.361815,-2.155202,59345970,1237
0.1407,3.5352,-8.8825,0.0182,-0.1149,-0.0048,0.168846,1.361815,-2.155202,59356470,1237
0.2042,1.4952,-8.0225,0.0124,-0.119,-0.0086,0.168846,1.361815,-2.155202,59366970,1237
-0.8972,-0.3973,-8.773,-0.0275,-0.1304,-0.0145,0.168846,1.361815,-2.155202,59377470,1237
0.0594,-1.3574,-8.0682,-0.0157,-0.1023,0.0038,0.168846,1.361815,-2.155202,59387970,1237
-0.9617,-0.6367,-9.4056,-0.0668,-0.1407,-0.0203,0.168846,1.361815,-2.155202,59398470,1237
-0.6436,-4.6801,-9.7288,-0.0529,-0.0649,-0.0043,0.168846,1.361815,-2.155202,59408970,1237
-0.692,-1.5253,-10.7077,-0.1023,-0.1018,-0.0154,0.168846,1.361815,-2.155202,59419470,1237
-0.5458,0.0579,-11.8815,-0.0675,-0.037,-0.011,0.168846,1.361815,-2.155202,59429970,1237
0.1049,-0.1904,-10.4737,-0.1089,-0.0766,-0.0193,0.178524,1.380594,-2.164927,59440021,1238
0.6507,1.1054,-10.41,-0.0904,-0.082,-0.0165,0.178524,1.380594,-2.164927,59450521,1238
-1.0259,1.1607,-10.4774,-0.0856,-0.1241,-0.0213,0.178524,1.380594,-2.164927,59460560,1238
0.7508,1.3552,-10.262,-0.0733,-0.1078,-0.0133,0.178524,1.380594,-2.164927,59471060,1238
0.6704,-0.9177,-8.7351,-0.0204,-0.139,-0.012,0.178524,1.380594,-2.164927,59481560,1238
0.4666,0.698,-9.2621,-0.0632,-0.1656,-0.0108,0.178524,1.380594,-2.164927,59492060,1238
0.8228,-2.5538,-9.8749,-0.0576,-0.179,-0.0263,0.178524,1.380594,-2.164927,59502560,1238
-0.1571,-1.4408,-11.52,-0.0262,-0.1984,-0.0143,0.178524,1.380594,-2.164927,59513060,1238
0.8894,-0.5001,-11.674,-0.0267,-0.1449,-0.0079,0.178524,1.380594,-2.164927,59523560,1238
-0.1638,2.4874,-10.6709,-0.051,-0.1238,-0.0207,0.178524,1.380594,-2.164927,59534060,1238
0.0187,2.3175,-11.3568,-0.0138,-0.073,-0.0113,0.178524,1.380594,-2.164927,59544560,1238
0.3432,3.5628,-10.7478,-0.0576,-0.137,-0.0249,0.178524,1.380594,-2.164927,59555060,1238
0.7722,2.7344,-9.5158,0.0422,-0.0048,0.0053,0.178524,1.380594,-2.164927,59565560,1238
1.0169,3.0052,-8.4731,0.0279,-0.0175,0.0028,0.178524,1.380594,-2.164927,59576060,1238
0.7259,-0.1225,-9.7176,0.0062,-0.0085,0.0005,0.178524,1.380594,-2.164927,59586560,1238
0.8929,-0.5885,-9.0813,-0.017,-0.0118,-0.0185,0.178524,1.380594,-2.164927,59597060,1238
0.5147,2.0224,-10.5136,-0.008,-0.0069,-0.0127,0.178524,1.380594,-2.164927,59607560,1238
-0.2363,0.3446,-10.5953,-0.0133,0.0166,-0.0131,0.178524,1.380594,-2.164927,59618060,1238
-0.3825,0.7458,-10.5019,-0.0001,0.0382,-0.0091,0.178524,1.380594,-2.164927,59628560,1238
-0.8562,3.7148,-10.4241,-0.0122,0.0553,-0.0008,0.182802,1.395694,-2.167433,59638606,1239
-0.3402,0.7621,-10.5951,-0.0457,0.064,-0.008,0.183364,1.392152,-2.170477,59648651,1240
0.0355,0.0337,-10.9531,-0.0317,0.0372,-0.0147,0.183364,1.392152,-2.170477,59658655,1240
-1.2668,-0.1028,-8.3965,-0.0347,0.0367,-0.0073,0.183364,1.392152,-2.170477,59669155,1240
-0.4855,-0.8321,-9.4689,-0.0773,0.0018,-0.009,0.183364,1.392152,-2.170477,59679655,1240
0.6214,-2.6542,-9.3788,-0.0952,-0.0154,-0.0182,0.183364,1.392152,-2.170477,59690155,1240
0.6434,-2.2869,-9.2718,-0.0962,-0.0138,-0.0063,0.183364,1.392152,-2.170477,59700655,1240
1.0635,-0.7119,-9.4556,-0.0796,-0.0176,-0.0004,0.183364,1.392152,-2.170477,59711155,1240
1.0297,-1.7464,-10.293,-0.1238,-0.0788,-0.0125,0.183364,1.392152,-2.170477,59721655,1240
0.8472,-0.4276,-9.3557,-0.1167,-0.0318,-0.0082,0.183364,1.392152,-2.170477,59732155,1240
0.1199,1.066,-11.5057,-0.1227,-0.0206,-0.0025,0.183364,1.392152,-2.170477,59742655,1240
0.6642,1.5155,-9.9331,-0.0913,0.0087,0.0015,0.183364,1.392152,-2.170477,59753155,1240
-0.4162,2.5356,-10.3996,-0.0572,0.045,0.0167,0.183364,1.392152,-2.170477,59763655,1240
0.058,3.1135,-9.7243,-0.0785,-0.058,-0.0032,0.183364,1.392152,-2.170477,59774155,1240
-0.3351,1.1931,-9.3203,-0.0374,-0.044,0.0011,0.183364,1.392152,-2.170477,59784655,1240
-0.8434,2.8153,-9.3417,-0.0712,-0.0535,-0.0019,0.183364,1.392152,-2.170477,59795155,1240
0.7145,-0.0371,-7.8039,-0.0368,-0.038,0.0098,0.183364,1.392152,-2.170477,59805655,1240
-0.2053,-1.7115,-7.7425,-0.0486,-0.0391,-0.0017,0.183364,1.392152,-2.170477,59816155,1240
-0.0707,-1.5788,-9.3367,-0.0495,-0.0412,-0.0113,0.183364,1.392152,-2.170477,59826655,1240
0.4319,-3.6964,-9.281,-0.037,-0.0304,-0.0168,0.183364,1.392152,-2.170477,59837155,1240
-0.6642,-0.1823,-10.1512,-0.0099,-0.0105,-0.01,0.183364,1.392152,-2.170477,59847655,1240
-0.4288,-0.3281,-9.8628,0.0261,-0.0558,-0.0036,0.183364,1.392152,-2.170477,59858155,1240
-1.2056,0.2391,-10.1094,0.0416,-0.0061,-0.0034,0.183364,1.392152,-2.170477,59868655,1240
-0.4029,2.2578,-8.9502,0.0495,-0.0591,-0.0082,0.183364,1.392152,-2.170477,59879155,1240
0.1082,0.3292,-7.9048,0.0511,-0.026,0.0091,0.182279,1.399448,-2.171072,59889200,1241
-0.7447,-1.0537,-8.0219,0.0337,-0.0076,-0.0016,0.182894,1.401189,-2.173693,59899244,1242
-0.6995,-3.3062,-9.2186,0.0132,0.0095,-0.0137,0.182894,1.401189,-2.173693,59909744,1242
0.8366,-2.6277,-9.0945,-0.0062,-0.001,-0.0145,0.182894,1.401189,-2.173693,59919748,1242
0.469,-2.4542,-9.9094,-0.0129,0.0683,-0.0022,0.182894,1.401189,-2.173693,59930248,1242
0.0135,-2.0025,-10.8691,-0.0612,0.0669,-0.007,0.182894,1.401189,-2.173693,59940748,1242
1.4269,-1.0584,-10.8717,-0.088,0.0449,-0.0115,0.182894,1.401189,-2.173693,59951248,1242
-0.0224,1.5547,-11.9384,-0.1113,0.058,-0.0003,0.182894,1.401189,-2.173693,59961748,1242
-0.1761,2.7906,-10.728,-0.108,0.0605,0.0089,0.182894,1.401189,-2.173693,59972248,1242
0.3279,3.1203,-10.4389,-0.1242,0.0393,0.0046,0.179098,1.40916,-2.174039,59982299,1243
0.0821,2.0474,-9.3952,-0.1439,-0.0013,0.0053,0.179098,1.40916,-2.174039,59992799,1243
-0.4142,1.1291,-8.326,-0.1626,-0.064,0.0048,0.179098,1.40916,-2.174039,60003299,1243
-1.6619,-0.2579,-9.1556,-0.1637,-0.0736,0.0035,0.179098,1.40916,-2.174039,60013799,1243
0.286,-2.6388,-8.8724,-0.1732,-0.0937,-0.0029,0.179098,1.40916,-2.174039,60024299,1243
0.5385,-2.5494,-8.8546,-0.1364,-0.1023,-0.007,0.179098,1.40916,-2.174039,60034799,1243
-0.5941,-2.6798,-9.4584,-0.1316,-0.0919,-0.012,0.179098,1.40916,-2.174039,60045299,1243
0.2274,-3.8105,-10.15,-0.038,0.0298,0.0243,0.179098,1.40916,-2.174039,60055799,1243
0.3208,-2.823,-10.4205,-0.0933,-0.0488,-0.0129,0.179098,1.40916,-2.174039,60066299,1243
-0.0178,-1.1716,-11.0461,-0.0345,0.0352,0.0078,0.179098,1.40916,-2.174039,60076799,1243
0.9694,-0.3422,-10.8273,-0.0127,-0.0051,-0.0073,0.179098,1.40916,-2.174039,60087299,1243
0.5811,0.9062,-11.5352,0.024,0.0197,-0.006,0.179098,1.40916,-2.174039,60097799,1243
-0.2829,0.6012,-10.7394,0.0104,-0.0049,-0.0033,0.173428,1.409529,-2.17688,60107843,1244
0.1284,1.0424,-10.7838,0.0598,-0.0014,0.0042,0.173428,1.409529,-2.17688,60117874,1244
0.1616,2.3875,-10.8841,0.0624,-0.0251,-0.004,0.173428,1.409529,-2.17688,60128374,1244
0.6005,3.1704,-9.5497,0.0761,-0.0395,0.0074,0.173428,1.409529,-2.17688,60138403,1244
0.536,3.0063,-8.9708,0.0659,-0.056,0.0008,0.173428,1.409529,-2.17688,60148903,1244
0.5362,0.6199,-9.3359,0.0902,-0.0604,-0.0012,0.173428,1.409529,-2.17688,60159403,1244
0.4754,-0.4125,-9.5647,0.049,-0.1055,-0.0043,0.173428,1.409529,-2.17688,60169903,1244
0.6559,-0.1191,-9.9084,0.0706,-0.0757,0.0056,0.173428,1.409529,-2.17688,60180403,1244
-0.2037,3.0601,-10.6921,0.0182,-0.0736,0.0037,0.173428,1.409529,-2.17688,60190903,1244
-0.9057,0.797,-10.437,0.0226,-0.0835,0.0007,0.173428,1.409529,-2.17688,60201403,1244
-0.8289,1.4892,-10.0234,-0.0003,-0.0471,0.004,0.173428,1.409529,-2.17688,60211903,1244
-0.7378,0.1588,-9.8092,-0.0055,0.0159,0.0042,0.156839,1.410646,-2.177021,60221947,1245
-0.7435,0.3296,-9.2448,0.0011,-0.0014,-0.0064,0.156839,1.410646,-2.177021,60232447,1245
0.0172,-0.6385,-9.6559,0.0022,-0.0152,-0.0136,0.156839,1.410646,-2.177021,60242947,1245
-0.0035,-2.7211,-8.6963,-0.0327,-0.0122,-0.0125,0.156839,1.410646,-2.177021,60253447,1245
0.0628,-1.4502,-9.839,-0.0238,0.061,-0.0055,0.156839,1.410646,-2.177021,60263947,1245
1.4228,-1.851,-9.2801,-0.0227,0.0598,-0.001,0.156839,1.410646,-2.177021,60274447,1245
-0.2949,-1.8527,-11.3753,-0.0265,0.1095,0.0005,0.156839,1.410646,-2.177021,60284947,1245
0.0058,0.1804,-10.632,-0.0499,0.1102,-0.0016,0.156839,1.410646,-2.177021,60295447,1245
1.1031,2.1671,-10.8328,-0.0297,0.1449,0.0032,0.156839,1.410646,-2.177021,60305947,1245
-0.3199,2.4395,-11.0905,-0.0707,0.1056,-0.0124,0.156839,1.410646,-2.177021,60316447,1245
-0.2954,2.4994,-9.3834,-0.0462,0.1478,-0.0059,0.156839,1.410646,-2.177021,60326947,1245
0.3773,2.1742,-9.1392,-0.0023,0.1439,-0.005,0.156839,1.410646,-2.177021,60337447,1245
-0.9069,1.9678,-9.4817,-0.0101,0.1345,-0.0056,0.134561,1.41586,-2.180828,60347491,1246
-0.0074,1.5396,-8.6301,0.045,0.1302,-0.0043,0.134561,1.41586,-2.180828,60357493,1246
0.4557,-0.7953,-7.5234,0.0197,0.0719,-0.0128,0.134561,1.41586,-2.180828,60367993,1246
-0.4757,-0.3573,-9.0348,0.0031,0.033,-0.0137,0.134561,1.41586,-2.180828,60378493,1246
-0.5857,-2.5623,-9.3908,0.0335,0.0495,-0.0091,0.134561,1.41586,-2.180828,60388993,1246
-0.249,-0.75,-10.7013,-0.0072,0.0675,-0.0039,0.134561,1.41586,-2.180828,60399493,1246
-0.0911,-0.6517,-10.7225,0.0405,0.102,0.0019,0.134561,1.41586,-2.180828,60409993,1246
-0.7588,-0.4228,-11.1138,-0.0118,0.0853,-0.0187,0.134561,1.41586,-2.180828,60420493,1246
-0.3722,-0.0638,-10.9995,-0.0108,0.1124,-0.0159,0.134561,1.41586,-2.180828,60430993,1246
-0.0104,1.9952,-10.8481,-0.0241,0.119,-0.0134,0.135867,1.41638,-2.193939,60441037,1247
-0.0312,3.3657,-10.6833,0.0253,0.175,-0.004,0.135867,1.41638,-2.193939,60451537,1247
0.8557,3.2406,-8.8583,-0.0123,0.1274,-0.0166,0.135867,1.41638,-2.193939,60462037,1247
0.6947,-0.2404,-8.4392,-0.0191,0.0967,-0.0146,0.135867,1.41638,-2.193939,60472537,1247
-0.055,-0.3289,-8.5229,-0.0421,0.0604,-0.0156,0.135867,1.41638,-2.193939,60483037,1247
1.2303,0.9153,-9.9463,-0.0224,0.0521,-0.0037,0.135867,1.41638,-2.193939,60493537,1247
0.4424,0.4545,-10.2516,-0.0569,-0.0229,-0.0121,0.135867,1.41638,-2.193939,60504037,1247
-0.783,2.1696,-9.5755,-0.0747,-0.0545,-0.0194,0.135867,1.41638,-2.193939,60514537,1247
0.625,1.4175,-8.4753,-0.0557,-0.0367,-0.0132,0.135867,1.41638,-2.193939,60525037,1247
0.3116,-0.0414,-8.5508,-0.0544,-0.0737,-0.02,0.135867,1.41638,-2.193939,60535537,1247
0.355,0.5174,-8.7671,-0.0738,-0.0948,-0.0235,0.135867,1.41638,-2.193939,60546037,1247
0.229,-1.3753,-8.8293,-0.0612,-0.1113,-0.0276,0.135867,1.41638,-2.193939,60556537,1247
-0.5932,0.5387,-10.5734,-0.1072,-0.1254,-0.0381,0.135867,1.41638,-2.193939,60567037,1247
-0.5665,2.5303,-10.1274,-0.0707,-0.1374,-0.0192,0.135867,1.41638,-2.193939,60577537,1247
-0.2844,1.3565,-9.12,-0.034,-0.0921,-0.0139,0.135867,1.41638,-2.193939,60588037,1247
-0.3443,0.0331,-7.9041,-0.0456,-0.0776,-0.0136,0.135867,1.41638,-2.193939,60598537,1247
-0.2864,-2.3769,-8.3589,-0.0309,-0.066,-0.009,0.135867,1.41638,-2.193939,60609037,1247
0.1075,-1.2013,-10.2114,-0.0727,-0.0456,-0.0128,0.135867,1.41638,-2.193939,60619537,1247
-0.7792,0.6325,-10.1412,-0.0379,-0.0177,-0.0022,0.135867,1.41638,-2.193939,60630037,1247
-1.0656,-0.6482,-10.3647,-0.0191,-0.0099,-0.0027,0.135867,1.41638,-2.193939,60640537,1247
-0.8564,0.4246,-9.264,-0.0721,-0.0361,-0.0129,0.135867,1.41638,-2.193939,60651037,1247
-0.2833,0.5288,-9.2176,-0.0525,0.0036,0.0032,0.135867,1.41638,-2.193939,60661537,1247
0.1573,-3.2775,-8.3883,-0.0489,0.0319,-0.0029,0.135867,1.41638,-2.193939,60672037,1247
-0.2657,-2.7612,-9.0594,-0.0427,0.0335,-0.0037,0.085294,1.451938,-2.19499,60682132,1249
0.9593,-0.124,-7.7493,-0.0519,0.0098,-0.0012,0.085294,1.451938,-2.19499,60692277,1249
0.4904,-0.438,-9.7944,0.0102,-0.0059,-0.0095,0.085294,1.451938,-2.19499,60702777,1249
0.63,-0.3705,-8.9558,0.0356,-0.0308,-0.0091,0.085294,1.451938,-2.19499,60712788,1249
0.8395,0.9466,-10.6735,0.1051,-0.0598,-0.0007,0.085294,1.451938,-2.19499,60723288,1249
-0.1107,1.7435,-11.2032,0.1176,-0.1451,-0.007,0.085294,1.451938,-2.19499,60733289,1249
0.4155,2.9142,-10.8949,0.1445,-0.183,-0.003,0.085294,1.451938,-2.19499,60743789,1249
0.4845,3.028,-10.0227,0.1983,-0.1991,0.0039,0.085294,1.451938,-2.19499,60754289,1249
-0.9315,2.762,-10.0433,0.1678,-0.2743,0.0012,0.085294,1.451938,-2.19499,60764789,1249
-0.4675,1.732,-9.4917,0.1823,-0.2679,-0.0031,0.085294,1.451938,-2.19499,60775289,1249
-0.5289,0.2333,-10.8568,0.2626,-0.1966,0.0068,0.085294,1.451938,-2.19499,60785789,1249
-1.1321,0.2467,-10.3432,0.2278,-0.1643,0.0114,0.085294,1.451938,-2.19499,60796289,1249
-0.1971,0.4928,-10.3118,0.2626,-0.1068,0.0022,0.076091,1.482504,-2.18498,60806335,1250
0.7118,1.8294,-10.3815,0.258,-0.0606,-0.0051,0.076091,1.482504,-2.18498,60816835,1250
0.7272,2.1936,-9.4454,0.2528,-0.0529,-0.0066,0.076091,1.482504,-2.18498,60826836,1250
-0.7388,2.1097,-9.4811,0.2964,-0.0033,0.0039,0.076091,1.482504,-2.18498,60837336,1250
-1.2044,1.1191,-9.777,0.2168,-0.0149,-0.0094,0.076091,1.482504,-2.18498,60847375,1250
-0.122,-0.4912,-9.3029,0.243,0.0127,-0.0024,0.076091,1.482504,-2.18498,60857875,1250
-0.3624,0.0763,-9.6318,0.2348,0.0526,-0.0023,0.076091,1.482504,-2.18498,60868375,1250
0.2184,-1.2528,-8.4593,0.2206,0.1149,-0.0049,0.076091,1.482504,-2.18498,60878875,1250
-0.0741,-3.1578,-9.2632,0.2462,0.1018,-0.0095,0.076091,1.482504,-2.18498,60889375,1250
0.0956,-1.7169,-9.4711,0.2351,0.1181,-0.0155,0.076091,1.482504,-2.18498,60899875,1250
1.0903,-1.7753,-9.9656,0.2065,0.0923,-0.0169,0.066273,1.507217,-2.187254,60909921,1251
1.3237,-0.1115,-9.9659,0.2129,0.0884,-0.0193,0.066273,1.507217,-2.187254,60920421,1251
0.0067,1.6108,-11.0856,0.2229,0.0747,-0.0185,0.066273,1.507217,-2.187254,60930921,1251
-0.1557,1.177,-10.4642,0.2594,0.0642,-0.0161,0.066273,1.507217,-2.187254,60941421,1251
-0.322,2.5552,-10.4777,0.23,0.0236,-0.0199,0.066273,1.507217,-2.187254,60951921,1251
0.0321,2.0446,-9.8888,0.2312,0.0061,-0.0125,0.066273,1.507217,-2.187254,60962421,1251
0.5764,2.0975,-8.9758,0.3354,0.0322,0.0012,0.066273,1.507217,-2.187254,60972921,1251
1.0148,0.2286,-8.7139,0.2515,-0.0164,-0.0088,0.066273,1.507217,-2.187254,60983421,1251
0.4,-0.4375,-8.3665,0.2569,0.0115,-0.0003,0.066273,1.507217,-2.187254,60993921,1251
0.0591,-0.7882,-10.4225,0.2512,-0.007,-0.0097,0.066273,1.507217,-2.187254,61004421,1251
-0.1107,1.8514,-10.462,0.1888,-0.0186,-0.0035,0.066273,1.507217,-2.187254,61014921,1251
-0.3095,1.9368,-10.512,0.1527,-0.0463,-0.0238,0.066273,1.507217,-2.187254,61025421,1251
0.3482,0.6544,-8.2619,0.1134,-0.0341,-0.0159,0.066273,1.507217,-2.187254,61035921,1251
0.2063,-1.4327,-7.7868,0.0939,-0.037,-0.0176,0.066273,1.507217,-2.187254,61046421,1251
-0.3335,-1.3001,-9.9038,0.0843,0.0094,-0.0085,0.066273,1.507217,-2.187254,61056921,1251
0.4346,-1.1507,-10.3082,0.0506,0.0117,-0.0116,0.066273,1.507217,-2.187254,61067421,1251
-0.0133,-0.7812,-10.2604,-0.0203,0.017,-0.0222,0.066273,1.507217,-2.187254,61077921,1251
-1.3481,0.3043,-9.121,-0.023,-0.0159,-0.0209,0.066273,1.507217,-2.187254,61088421,1251
-0.0144,-0.6432,-9.0093,-0.0397,-0.0251,-0.0312,0.066273,1.507217,-2.187254,61098921,1251
0.689,-1.7982,-8.6087,-0.0691,-0.0235,-0.0395,0.066273,1.507217,-2.187254,61109421,1251
0.4678,-2.3078,-9.0126,-0.0356,-0.0195,-0.0353,0.066273,1.507217,-2.187254,61119921,1251
0.1008,-3.2244,-9.7086,-0.0977,-0.0031,-0.0371,0.066273,1.507217,-2.187254,61130421,1251
-0.6546,-1.3813,-10.7238,-0.0782,-0.0019,-0.0393,0.017235,1.575052,-2.16713,61140468,1252
0.0661,-0.7929,-10.8703,-0.0613,0.0192,-0.0263,0.000656,1.541292,-2.185272,61150619,1253
0.5871,-1.3527,-10.0679,-0.0155,0.0576,-0.0101,0.000656,1.541292,-2.185272,61161119,1253
-0.6442,1.6805,-12.0701,0.019,0.0663,-0.0138,0.000656,1.541292,-2.185272,61171619,1253
-0.7843,-0.3968,-10.9846,0.0858,0.0751,-0.0145,0.000656,1.541292,-2.185272,61182119,1253
-0.6158,-1.7302,-10.8968,0.1283,0.177,-0.0163,0.000656,1.541292,-2.185272,61192619,1253
-0.6859,-0.5135,-11.3876,0.1118,0.123,-0.0247,0.000656,1.541292,-2.185272,61203119,1253
-0.2511,-2.1498,-10.5493,0.1513,0.1563,-0.0212,0.000656,1.541292,-2.185272,61213619,1253
0.8364,-1.8101,-10.9669,0.2223,0.1868,-0.001,0.000656,1.541292,-2.185272,61224119,1253
0.889,-0.912,-10.347,0.2244,0.1492,-0.0044,0.000656,1.541292,-2.185272,61234619,1253
-0.239,-0.241,-10.3345,0.2207,0.145,-0.0128,0.000656,1.541292,-2.185272,61245119,1253
0.1502,0.4776,-10.218,0.2219,0.1541,-0.0142,0.000656,1.541292,-2.185272,61255619,1253
0.0441,-3.2948,-10.5152,0.187,0.1119,-0.0264,-0.026567,1.566531,-2.185512,61265663,1254
0.1247,-2.8549,-10.3939,0.2623,0.1719,-0.0007,-0.026567,1.566531,-2.185512,61276163,1254
0.2028,-1.9446,-10.8177,0.216,0.1624,-0.0005,-0.026567,1.566531,-2.185512,61286663,1254
-0.17,-0.1541,-11.8546,0.1184,0.0685,-0.0117,-0.026567,1.566531,-2.185512,61297163,1254
1.0103,1.2768,-10.8649,0.0743,0.0424,-0.0057,-0.026567,1.566531,-2.185512,61307663,1254
0.3808,2.0149,-10.2551,0.0171,0.0256,-0.0159,-0.026567,1.566531,-2.185512,61318163,1254
-0.6982,2.3852,-9.7569,0.0089,0.0636,-0.0119,-0.026567,1.566531,-2.185512,61328663,1254
0.2179,0.7267,-8.2871,-0.0366,0.0891,-0.0157,-0.026567,1.566531,-2.185512,61339163,1254
0.0827,0.0765,-9.1749,-0.097,0.0827,-0.0179,-0.026567,1.566531,-2.185512,61349663,1254
-0.4835,-1.4265,-9.2217,-0.1458,0.0615,-0.0124,-0.026567,1.566531,-2.185512,61360163,1254
0.0952,-0.6104,-9.6402,-0.1751,0.0416,-0.0123,-0.026567,1.566531,-2.185512,61370663,1254
-0.3867,0.6721,-10.1749,-0.1645,0.0916,0.0005,-0.026567,1.566531,-2.185512,61381163,1254
-0.4114,1.5249,-9.4536,-0.144,0.0736,0.0073,-0.026567,1.566531,-2.185512,61391663,1254
0.2905,0.6245,-8.5742,-0.168,0.0733,-0.0001,-0.026567,1.566531,-2.185512,61402163,1254
-0.7494,0.8956,-8.1901,-0.1744,0.0598,-0.0142,-0.026567,1.566531,-2.185512,61412663,1254
0.9474,-0.3596,-8.8987,-0.1473,0.0752,-0.0041,-0.026567,1.566531,-2.185512,61423163,1254
-0.2111,-0.1961,-9.4279,-0.1244,0.0832,-0.0041,-0.026567,1.566531,-2.185512,61433663,1254
0.4995,1.9091,-10.4417,-0.1533,0.0299,-0.0141,-0.026567,1.566531,-2.185512,61444163,1254
0.4837,3.5041,-10.0846,-0.1139,0.0365,-0.0074,-0.026567,1.566531,-2.185512,61454663,1254
-0.2511,3.1849,-9.9537,-0.1115,0.029,-0.0138,-0.026567,1.566531,-2.185512,61465163,1254
0.4404,-0.3985,-8.9171,-0.0638,0.0584,0.0004,-0.026567,1.566531,-2.185512,61475663,1254
0.3698,0.5034,-9.6881,-0.0531,0.0761,0.0008,-0.026567,1.566531,-2.185512,61486163,1254
0.2149,-2.7733,-10.5098,-0.0609,0.0581,-0.0061,-0.026567,1.566531,-2.185512,61496663,1254
-0.9396,-0.1302,-9.4813,-0.0871,0.0378,-0.0107,-0.026567,1.566531,-2.185512,61507163,1254
0.3101,-1.1196,-9.4519,-0.059,0.0023,-0.0148,-0.026567,1.566531,-2.185512,61517663,1254
-1.0951,-0.4497,-8.1221,-0.0612,0.0044,-0.0078,-0.026567,1.566531,-2.185512,61528163,1254
0.0222,-2.5528,-7.8293,-0.0805,-0.022,-0.0004,-0.026567,1.566531,-2.185512,61538663,1254
0.1824,-1.7509,-8.6709,-0.0767,-0.0616,-0.0064,-0.075148,1.56131,-2.197494,61548709,1255
-0.1767,-2.6348,-9.0617,-0.1352,-0.1258,-0.0247,-0.107455,1.56917,-2.19563,61558862,1256
-0.563,-2.6017,-10.2775,-0.111,-0.0685,-0.0127,-0.107455,1.56917,-2.19563,61569362,1256
0.7047,-3.2087,-10.6258,-0.1683,-0.0906,-0.0254,-0.107455,1.56917,-2.19563,61579363,1256
-0.704,0.1062,-10.5994,-0.1886,-0.1349,-0.0155,-0.107455,1.56917,-2.19563,61589863,1256
-0.9374,0.8111,-10.2759,-0.2626,-0.1979,-0.0198,-0.107455,1.56917,-2.19563,61600363,1256
0.3172,-0.9971,-9.7748,-0.344,-0.2319,-0.0301,-0.107455,1.56917,-2.19563,61610863,1256
0.6644,-2.333,-9.0357,-0.3417,-0.2648,-0.0211,-0.107455,1.56917,-2.19563,61621363,1256
0.2797,-1.1754,-9.1636,-0.3732,-0.2933,-0.0185,-0.107455,1.56917,-2.19563,61631863,1256
-0.1004,-2.1094,-10.2832,-0.4381,-0.34,-0.0264,-0.107455,1.56917,-2.19563,61642363,1256
1.241,-0.1565,-9.8645,-0.4457,-0.3207,-0.0155,-0.107455,1.56917,-2.19563,61652863,1256
0.3503,-0.6567,-10.6428,-0.4117,-0.2978,-0.0086,-0.107455,1.56917,-2.19563,61663363,1256
0.0928,0.1489,-11.4911,-0.3771,-0.2633,0.0011,-0.107455,1.56917,-2.19563,61673863,1256
1.7062,-0.0845,-10.2447,-0.3454,-0.2665,0.0021,-0.107455,1.56917,-2.19563,61684363,1256
-0.2856,1.9913,-11.5593,-0.3088,-0.2351,0.0057,-0.107455,1.56917,-2.19563,61694863,1256
0.3098,1.4531,-10.6261,-0.2744,-0.2312,0.0045,-0.107455,1.56917,-2.19563,61705363,1256
1.1532,1.2479,-11.0788,-0.2309,-0.2151,0.0119,-0.107455,1.56917,-2.19563,61715863,1256
-0.9439,1.7536,-11.2703,-0.1743,-0.19,0.0037,-0.107455,1.56917,-2.19563,61726363,1256
0.6202,0.666,-10.6686,-0.1827,-0.1616,-0.0018,-0.172772,1.541221,-2.204129,61736454,1258
0.4165,1.4564,-10.673,-0.1221,-0.1047,0.0041,-0.172772,1.541221,-2.204129,61746954,1258
-0.0325,1.425,-11.6791,-0.1108,-0.0754,0.0063,-0.172772,1.541221,-2.204129,61757454,1258
0.9816,1.2418,-9.9769,-0.0973,-0.0333,0.0068,-0.172772,1.541221,-2.204129,61767954,1258
-0.1991,2.2121,-10.7576,-0.0788,0.0098,0.0035,-0.172772,1.541221,-2.204129,61778454,1258
0.6132,1.4723,-10.3496,-0.0718,0.0396,0.0061,-0.172772,1.541221,-2.204129,61788954,1258
-0.1588,2.6124,-9.9794,-0.0425,0.0878,0.0191,-0.172772,1.541221,-2.204129,61799454,1258
0.4913,-0.0602,-10.1264,-0.0802,0.0927,-0.0025,-0.172772,1.541221,-2.204129,61809954,1258
0.9618,1.4961,-9.4052,-0.1179,0.1326,0.007,-0.172772,1.541221,-2.204129,61820454,1258
0.5778,-0.6321,-9.5316,-0.076,0.1419,0.0202,-0.172772,1.541221,-2.204129,61830954,1258
0.9326,-0.8897,-9.7241,-0.0946,0.1409,0.0159,-0.172772,1.541221,-2.204129,61841454,1258
-0.2425,-1.2122,-10.5646,-0.1315,0.1221,0.0153,-0.172772,1.541221,-2.204129,61851954,1258
-0.3076,-1.0406,-9.852,-0.1169,0.1217,0.0123,-0.172772,1.541221,-2.204129,61862454,1258
-0.0123,-0.4569,-10.0767,-0.0952,0.0934,0.0084,-0.172772,1.541221,-2.204129,61872954,1258
-0.3679,0.4698,-8.6268,-0.1078,0.0707,0.0206,-0.172772,1.541221,-2.204129,61883454,1258
0.6747,-1.4235,-7.9917,-0.0814,0.0699,0.024,-0.172772,1.541221,-2.204129,61893954,1258
-0.401,-0.0646,-8.5905,-0.078,0.0772,0.0166,-0.172772,1.541221,-2.204129,61904454,1258
0.5508,0.3102,-10.2348,-0.062,0.0746,0.0084,-0.172772,1.541221,-2.204129,61914954,1258
1.45,0.4969,-10.2222,-0.0177,0.0537,0.0098,-0.172772,1.541221,-2.204129,61925454,1258
-0.496,1.7465,-10.9672,-0.0281,0.0566,0.0137,-0.172772,1.541221,-2.204129,61935954,1258
0.2342,0.7591,-10.4679,0.0057,0.0611,0.0108,-0.172772,1.541221,-2.204129,61946454,1258
-0.3049,0.1824,-10.0858,0.0244,0.048,0.0127,-0.210369,1.550357,-2.199786,61956500,1259
-0.916,-0.1603,-10.4588,0.045,0.0486,0.016,-0.210369,1.550357,-2.199786,61966501,1259
0.2273,-1.4603,-8.5646,0.0717,0.0735,0.0298,-0.210369,1.550357,-2.199786,61977001,1259
-0.3766,-0.0344,-8.6081,0.0702,0.0669,0.0212,-0.210369,1.550357,-2.199786,61987501,1259
0.1785,-1.6929,-8.8254,0.0817,0.0271,0.0211,-0.210369,1.550357,-2.199786,61998001,1259
0.0836,-0.5448,-9.4827,0.064,0.0078,0.0204,-0.210369,1.550357,-2.199786,62008501,1259
-0.1207,-0.7722,-9.1653,0.0915,-0.0263,0.024,-0.210369,1.550357,-2.199786,62019001,1259
0.1227,1.7839,-11.6854,0.1384,-0.0679,0.0236,-0.210369,1.550357,-2.199786,62029501,1259
0.5312,1.334,-10.4429,0.1238,-0.0872,0.0381,-0.210369,1.550357,-2.199786,62040001,1259
0.3967,2.7339,-11.1522,0.0937,-0.1492,0.0272,-0.210369,1.550357,-2.199786,62050501,1259
-0.3199,3.0025,-11.7934,0.1297,-0.195,0.0252,-0.268518,1.529622,-2.213944,62060545,1260
0.0814,2.6091,-11.4864,0.1647,-0.175,0.0364,-0.268518,1.529622,-2.213944,62071045,1260
0.8673,2.0419,-10.8314,0.1057,-0.1841,0.0277,-0.268518,1.529622,-2.213944,62081545,1260
-0.0119,1.9278,-11.2794,0.1085,-0.1361,0.031,-0.268518,1.529622,-2.213944,62092045,1260
-0.0209,0.8966,-10.829,0.109,-0.0966,0.0456,-0.268518,1.529622,-2.213944,62102545,1260
0.3991,2.3079,-11.1,0.0466,-0.0602,0.0382,-0.268518,1.529622,-2.213944,62113045,1260
0.6506,1.713,-10.6967,0.0464,0.0218,0.0487,-0.268518,1.529622,-2.213944,62123545,1260
-0.1421,2.677,-10.0289,-0.0121,0.0531,0.0428,-0.268518,1.529622,-2.213944,62134045,1260
-0.0131,1.415,-10.3197,-0.0098,0.1001,0.0427,-0.268518,1.529622,-2.213944,62144545,1260
0.4244,-0.5788,-9.7431,-0.0601,0.0998,0.0364,-0.268518,1.529622,-2.213944,62155045,1260
0.5755,1.3739,-9.5517,-0.049,0.2007,0.0467,-0.268518,1.529622,-2.213944,62165545,1260
0.0757,-2.2021,-9.2104,-0.0553,0.2445,0.048,-0.318954,1.529964,-2.211261,62176090,1261
0.1376,-1.5955,-8.9081,-0.0814,0.2235,0.0383,-0.318954,1.529964,-2.211261,62186590,1261
-0.0356,-1.8778,-9.1852,-0.1007,0.1355,0.0264,-0.318954,1.529964,-2.211261,62197090,1261
-0.3107,-1.898,-9.5044,-0.0743,0.1688,0.0374,-0.318954,1.529964,-2.211261,62207590,1261
0.3888,0.1538,-9.4095,-0.0925,0.1618,0.038,-0.318954,1.529964,-2.211261,62218090,1261
0.3693,-0.049,-9.2564,-0.1188,0.1572,0.0268,-0.318954,1.529964,-2.211261,62228590,1261
-0.6246,2.2847,-11.4523,-0.0879,0.1829,0.0314,-0.318954,1.529964,-2.211261,62239090,1261
0.4424,1.8087,-11.3124,-0.0944,0.1843,0.041,-0.318954,1.529964,-2.211261,62249590,1261
0.7824,1.5993,-10.2063,-0.102,0.1558,0.0385,-0.318954,1.529964,-2.211261,62260090,1261
-1.0739,-0.2688,-8.9606,-0.0302,0.1682,0.0508,-0.318954,1.529964,-2.211261,62270590,1261
-0.874,-0.7658,-8.9703,-0.0609,0.1263,0.0332,-0.318954,1.529964,-2.211261,62281090,1261
0.5614,-0.6751,-8.0034,-0.0422,0.1202,0.0467,-0.358658,1.530877,-2.21115,62291136,1262
0.8377,0.7077,-8.2141,-0.0393,0.103,0.043,-0.358658,1.530877,-2.21115,62301636,1262
0.1332,0.3376,-9.9083,0.0199,0.1233,0.0475,-0.358658,1.530877,-2.21115,62311637,1262
0.3854,-0.6939,-9.4457,0.01,0.1301,0.0511,-0.358658,1.530877,-2.21115,62322137,1262
0.3143,-2.6619,-9.5753,0.0231,0.0589,0.0426,-0.358658,1.530877,-2.21115,62332637,1262
-0.4567,-0.3495,-10.3133,-0.0355,0.0113,0.0344,-0.358658,1.530877,-2.21115,62343137,1262
-0.224,-0.0551,-9.83,0.0093,-0.0043,0.0377,-0.358658,1.530877,-2.21115,62353637,1262
0.4665,1.9838,-10.3963,0.0385,-0.019,0.0555,-0.358658,1.530877,-2.21115,62364137,1262
0.4416,1.1055,-10.9699,-0.0063,-0.0775,0.0452,-0.358658,1.530877,-2.21115,62374637,1262
-0.7113,2.7389,-11.1806,0.033,-0.0555,0.0605,-0.358658,1.530877,-2.21115,62385137,1262
-0.1232,0.0437,-9.4098,0.0072,-0.0655,0.0582,-0.358658,1.530877,-2.21115,62395637,1262
-0.1408,0.5186,-10.51,0.0118,-0.0645,0.0503,-0.358658,1.530877,-2.21115,62406137,1262
0.0426,-0.6401,-8.3129,-0.002,-0.0581,0.0524,-0.358658,1.530877,-2.21115,62416637,1262
-0.8399,0.1926,-8.5565,0.0027,-0.0631,0.0514,-0.358658,1.530877,-2.21115,62427137,1262
0.0644,1.8823,-9.0763,0.0168,-0.0296,0.0558,-0.358658,1.530877,-2.21115,62437637,1262
1.3611,-0.0242,-8.9605,-0.0046,-0.098,0.0423,-0.358658,1.530877,-2.21115,62448137,1262
0.6231,-0.4487,-8.9278,0.0352,-0.1061,0.0631,-0.358658,1.530877,-2.21115,62458637,1262
-0.2363,-2.4954,-9.7687,0.0565,-0.1009,0.0608,-0.358658,1.530877,-2.21115,62469137,1262
0.4958,-2.3776,-9.1083,-0.0007,-0.1394,0.0526,-0.412167,1.554662,-2.21224,62479186,1263
0.5571,-2.0779,-8.5484,0.0796,-0.0572,0.0807,-0.457063,1.561099,-2.209424,62489230,1264
0.2617,-3.9872,-7.6446,0.1395,-0.0854,0.0723,-0.457063,1.561099,-2.209424,62499730,1264
-0.3535,-1.4184,-7.9291,0.1109,-0.1257,0.0559,-0.457063,1.561099,-2.209424,62509759,1264
0.3029,1.1263,-9.472,0.1621,-0.1221,0.0656,-0.457063,1.561099,-2.209424,62520259,1264
0.6839,1.8765,-9.4993,0.2555,-0.0895,0.0849,-0.457063,1.561099,-2.209424,62530290,1264
1.3245,-0.7132,-9.1589,0.2442,-0.1607,0.0677,-0.457063,1.561099,-2.209424,62540790,1264
0.2701,-0.1168,-9.8161,0.2404,-0.1792,0.0715,-0.457063,1.561099,-2.209424,62551290,1264
-0.3316,-0.1588,-9.7951,0.261,-0.1858,0.065,-0.457063,1.561099,-2.209424,62561790,1264
0.0171,-1.8687,-9.6354,0.3403,-0.1779,0.0777,-0.457063,1.561099,-2.209424,62572290,1264
-0.2033,0.1558,-10.2187,0.3343,-0.1638,0.0855,-0.457063,1.561099,-2.209424,62582790,1264
0.495,-1.1136,-8.2408,0.3366,-0.1637,0.0847,-0.457063,1.561099,-2.209424,62593290,1264
-0.262,-0.7807,-9.0049,0.3164,-0.1775,0.0806,-0.457063,1.561099,-2.209424,62603790,1264
-0.6983,1.732,-8.9942,0.3113,-0.1539,0.0797,-0.457063,1.561099,-2.209424,62614290,1264
0.4121,1.9558,-8.9005,0.2941,-0.1303,0.085,-0.457063,1.561099,-2.209424,62624790,1264
-0.3091,2.0819,-9.5903,0.279,-0.1481,0.0704,-0.457063,1.561099,-2.209424,62635290,1264
1.1284,-0.2462,-8.8954,0.2308,-0.1247,0.0708,-0.523062,1.575388,-2.22367,62645337,1265
1.3785,1.9815,-8.5893,0.2235,-0.1267,0.0723,-0.523062,1.575388,-2.22367,62655837,1265
-0.7467,1.0352,-9.8223,0.2448,-0.0931,0.076,-0.523062,1.575388,-2.22367,62665840,1265
-0.9472,2.5106,-10.4656,0.2244,-0.0444,0.0793,-0.523062,1.575388,-2.22367,62676340,1265
0.7944,-1.4691,-8.4475,0.1412,-0.0827,0.0611,-0.523062,1.575388,-2.22367,62686341,1265
-0.2072,-3.0723,-8.7878,0.1781,0.0007,0.0726,-0.523062,1.575388,-2.22367,62696841,1265
-0.0196,-1.1365,-8.2499,0.1535,0.0577,0.0729,-0.523062,1.575388,-2.22367,62707341,1265
-0.1415,-0.9192,-8.3073,0.1439,0.0768,0.0753,-0.523062,1.575388,-2.22367,62717841,1265
-0.3214,-1.5289,-9.256,0.1735,0.1093,0.0721,-0.523062,1.575388,-2.22367,62728341,1265
1.2744,-0.7279,-8.9392,0.1401,0.102,0.0675,-0.523062,1.575388,-2.22367,62738841,1265
0.583,-1.2792,-8.5416,0.1045,0.0851,0.0652,-0.560277,1.633789,-2.200574,62748887,1266
-0.5443,-0.693,-10.2459,0.1342,0.1177,0.0628,-0.560277,1.633789,-2.200574,62759387,1266
0.5361,-0.4893,-10.1168,0.089,0.1004,0.0323,-0.560277,1.633789,-2.200574,62769887,1266
0.4176,-3.7105,-8.687,0.177,0.1427,0.0626,-0.560277,1.633789,-2.200574,62780387,1266
0.2975,-2.6823,-8.1523,0.2309,0.1489,0.0539,-0.560277,1.633789,-2.200574,62790887,1266
0.6385,-0.4387,-8.3813,0.2964,0.1081,0.0475,-0.560277,1.633789,-2.200574,62801387,1266
0.2314,1.2077,-9.4034,0.2918,0.0684,0.0491,-0.560277,1.633789,-2.200574,62811887,1266
-0.0687,1.0525,-9.3331,0.3742,-0.0013,0.0337,-0.560277,1.633789,-2.200574,62822387,1266
0.1809,-1.9349,-9.939,0.4424,0.0438,0.043,-0.560277,1.633789,-2.200574,62832887,1266
0.3208,0.3101,-10.5889,0.4624,0.0484,0.0433,-0.560277,1.633789,-2.200574,62843387,1266
0.5031,-0.9889,-8.5338,0.4749,0.0323,0.0432,-0.560277,1.633789,-2.200574,62853887,1266
-1.084,-0.579,-8.9209,0.466,0.0321,0.0388,-0.560277,1.633789,-2.200574,62864387,1266
-1.1347,1.1286,-9.5879,0.4728,0.0466,0.0433,-0.560277,1.633789,-2.200574,62874887,1266
-0.2237,1.2661,-9.2794,0.4591,0.0323,0.0423,-0.63671,1.609263,-2.223896,62884933,1267
-0.5871,1.4953,-9.4969,0.3993,0.0114,0.0435,-0.63671,1.609263,-2.223896,62895433,1267
-1.1503,0.8042,-9.4919,0.3521,-0.0021,0.0454,-0.63671,1.609263,-2.223896,62905462,1267
0.0637,0.5035,-8.6224,0.2713,-0.0234,0.0273,-0.63671,1.609263,-2.223896,62915962,1267
0.8273,-0.761,-7.9542,0.2012,0.0379,0.0339,-0.63671,1.609263,-2.223896,62926462,1267
0.3716,-1.614,-7.6841,0.1154,0.0257,0.0348,-0.63671,1.609263,-2.223896,62936962,1267
0.9396,0.1931,-8.3876,0.0277,0.0658,0.0332,-0.63671,1.609263,-2.223896,62947462,1267
0.0869,-0.1778,-8.6946,-0.047,0.0611,0.0329,-0.63671,1.609263,-2.223896,62957962,1267
-0.2487,0.1491,-10.1119,-0.1328,0.0745,0.0361,-0.63671,1.609263,-2.223896,62968462,1267
0.4943,1.1237,-10.4627,-0.2112,0.0732,0.0322,-0.681282,1.623165,-2.217293,62978510,1268
-0.6752,0.1946,-10.7456,-0.2677,0.0675,0.0345,-0.681282,1.623165,-2.217293,62989010,1268
-0.1438,-0.4117,-10.4622,-0.2914,0.1049,0.046,-0.681282,1.623165,-2.217293,62999510,1268
0.9355,1.378,-10.3684,-0.3534,0.0752,0.0267,-0.681282,1.623165,-2.217293,63010010,1268
-0.8222,0.8999,-10.319,-0.3405,0.0868,0.0242,-0.681282,1.623165,-2.217293,63020510,1268
-0.7205,1.6436,-10.3367,-0.3715,0.0857,0.032,-0.681282,1.623165,-2.217293,63031010,1268
-0.1548,2.0739,-9.7201,-0.3068,0.0747,0.0388,-0.681282,1.623165,-2.217293,63041510,1268
-0.4255,1.2511,-9.7973,-0.271,0.0735,0.035,-0.681282,1.623165,-2.217293,63052010,1268
0.648,-0.2398,-8.0963,-0.2727,0.026,0.0385,-0.681282,1.623165,-2.217293,63062510,1268
0.8356,0.6853,-8.7031,-0.2267,0.0006,0.0446,-0.681282,1.623165,-2.217293,63073010,1268
-0.0041,2.0534,-9.383,-0.2573,-0.0614,0.0166,-0.681282,1.623165,-2.217293,63083510,1268
-0.1114,-0.5526,-9.7127,-0.1858,-0.042,0.0218,-0.681282,1.623165,-2.217293,63094010,1268
-0.2813,-0.0825,-10.0161,-0.178,-0.0179,0.032,-0.681282,1.623165,-2.217293,63104510,1268
0.4568,-1.7724,-9.2014,-0.1352,0.0781,0.0471,-0.7374,1.615365,-2.220502,63115056,1269
1.0089,-0.8624,-8.3389,-0.162,0.0685,0.0326,-0.7374,1.615365,-2.220502,63125556,1269
-0.1924,-2.6007,-8.708,-0.1436,0.0705,0.0303,-0.7374,1.615365,-2.220502,63136056,1269
-0.3578,-1.1723,-8.9143,-0.1588,0.0233,0.0124,-0.7374,1.615365,-2.220502,63146556,1269
0.3598,-0.2217,-8.7227,-0.1863,-0.0021,0.0074,-0.7374,1.615365,-2.220502,63157056,1269
0.1578,-0.1707,-9.1989,-0.2037,-0.0437,0.0069,-0.7374,1.615365,-2.220502,63167556,1269
0.1315,-0.9014,-9.7051,-0.2278,-0.0847,0.0056,-0.7374,1.615365,-2.220502,63178056,1269
0.6153,-0.0354,-10.1226,-0.2507,-0.1381,0.0113,-0.7374,1.615365,-2.220502,63188556,1269
0.7999,-0.2548,-10.6813,-0.2814,-0.1637,0.0076,-0.7374,1.615365,-2.220502,63199056,1269
-0.5196,-0.0667,-10.4283,-0.313,-0.1891,0.0004,-0.7374,1.615365,-2.220502,63209556,1269
-0.1707,-0.4355,-9.8308,-0.3376,-0.1915,0.0054,-0.807518,1.630626,-2.216441,63219601,1270
-0.5833,-0.0055,-10.5257,-0.3413,-0.1927,0.006,-0.807518,1.630626,-2.216441,63229629,1270
-0.4631,0.7004,-11.1327,-0.3372,-0.1605,0.0005,-0.807518,1.630626,-2.216441,63240129,1270
-1.0165,1.1231,-9.8586,-0.3079,-0.1415,0.0024,-0.807518,1.630626,-2.216441,63250629,1270
-1.3004,-0.4923,-10.5031,-0.2435,-0.0983,0.0049,-0.807518,1.630626,-2.216441,63261129,1270
-0.1244,0.9276,-10.4035,-0.2359,-0.0904,-0.002,-0.807518,1.630626,-2.216441,63271629,1270
0.2989,1.1699,-9.3106,-0.1178,-0.0499,0.0135,-0.807518,1.630626,-2.216441,63282129,1270
-0.6968,1.2335,-9.7961,-0.108,-0.0538,0.0123,-0.807518,1.630626,-2.216441,63292629,1270
-0.9082,2.2505,-10.9688,-0.0658,-0.0226,0.0087,-0.807518,1.630626,-2.216441,63303129,1270
-0.3425,1.7797,-11.0992,-0.0231,-0.0018,0.0052,-0.807518,1.630626,-2.216441,63313629,1270
0.4796,0.6635,-10.3149,0.002,0.0457,-0.0003,-0.807518,1.630626,-2.216441,63324129,1270
0.011,0.5944,-10.378,-0.0023,0.0536,-0.0009,-0.807518,1.630626,-2.216441,63334629,1270
-0.6991,0.8647,-10.4321,0.0181,0.0867,0.0016,-0.889382,1.623287,-2.20922,63344678,1271
-0.2204,-0.0558,-10.7862,0.0277,0.0742,0.0001,-0.889382,1.623287,-2.20922,63355178,1271
-0.8605,0.9543,-10.6558,0.0327,0.0854,0.0046,-0.889382,1.623287,-2.20922,63365678,1271
-0.6086,0.8043,-10.3714,0.0294,0.0837,0.0063,-0.889382,1.623287,-2.20922,63376178,1271
-0.269,-0.3045,-9.7242,0.0442,0.0858,0.0024,-0.889382,1.623287,-2.20922,63386678,1271
-0.2148,-0.4023,-9.1578,0.0507,0.0991,0.0089,-0.889382,1.623287,-2.20922,63397178,1271
-0.3816,0.1117,-9.6074,0.0421,0.0981,0.0078,-0.889382,1.623287,-2.20922,63407678,1271
-0.0652,1.8571,-8.9764,0.0434,0.0893,-0.0051,-0.889382,1.623287,-2.20922,63418178,1271
-0.6681,1.8334,-9.61,0.0283,0.1445,0.0035,-0.889382,1.623287,-2.20922,63428678,1271
-0.1642,0.7602,-9.2123,0.0203,0.1621,0.0002,-0.969042,1.611585,-2.201216,63439224,1272
-0.8757,1.1848,-9.5452,0.0333,0.176,-0.0042,-0.969042,1.611585,-2.201216,63449724,1272
0.737,0.9284,-9.1493,0.0421,0.1998,0.0013,-0.969042,1.611585,-2.201216,63460224,1272
0.6538,0.8307,-8.9211,0.0515,0.2221,0.006,-0.969042,1.611585,-2.201216,63470724,1272
0.5228,0.6998,-8.658,0.0513,0.255,0.0072,-0.969042,1.611585,-2.201216,63481224,1272
-0.0617,0.9112,-9.1806,0.0461,0.2753,0.0077,-0.969042,1.611585,-2.201216,63491724,1272
-0.0737,1.741,-9.9367,0.0635,0.2753,0.0083,-0.969042,1.611585,-2.201216,63502224,1272
0.3591,1.1982,-10.2279,0.0813,0.3454,0.0155,-0.969042,1.611585,-2.201216,63512724,1272
0.2398,2.4406,-9.6379,0.0347,0.3315,0.0049,-0.969042,1.611585,-2.201216,63523224,1272
0.6297,-0.2668,-9.696,0.0918,0.3784,0.016,-0.969042,1.611585,-2.201216,63533724,1272
0.1255,-0.076,-9.3364,0.0425,0.3052,0.0029,-0.969042,1.611585,-2.201216,63544224,1272
0.6064,-1.5724,-9.777,0.0445,0.3272,0.0117,-0.969042,1.611585,-2.201216,63554724,1272
0.5691,-1.4771,-10.5575,0.0173,0.2743,0.0062,-0.969042,1.611585,-2.201216,63565224,1272
0.5373,-0.9883,-10.1922,0.0088,0.2476,0.0069,-0.969042,1.611585,-2.201216,63575724,1272
-1.2056,-0.7505,-10.1652,-0.0121,0.2164,0.0046,-0.969042,1.611585,-2.201216,63586224,1272
-1.1941,-0.499,-10.6568,-0.0035,0.1961,0.0041,-0.969042,1.611585,-2.201216,63596724,1272
-1.3033,0.1801,-10.3525,-0.0797,0.1369,-0.006,-0.969042,1.611585,-2.201216,63607224,1272
0.2218,0.8134,-8.6343,-0.0246,0.1583,-0.0012,-0.969042,1.611585,-2.201216,63617724,1272
0.4556,0.722,-9.0138,-0.0283,0.1331,-0.0052,-1.030832,1.601966,-2.193706,63627772,1273
-0.6598,-0.3343,-11.226,-0.0433,0.0717,-0.0055,-1.079085,1.611515,-2.174989,63637933,1274
-0.0176,1.0486,-9.4303,-0.0144,0.0183,0.0006,-1.079085,1.611515,-2.174989,63648433,1274
-0.0933,1.1155,-10.0087,-0.0334,-0.0879,-0.0146,-1.079085,1.611515,-2.174989,63658462,1274
0.7441,2.0041,-10.0281,0.0075,-0.1207,0.0069,-1.079085,1.611515,-2.174989,63668962,1274
0.0051,1.612,-9.8804,0.0611,-0.1577,0.0116,-1.079085,1.611515,-2.174989,63679462,1274
0.6909,1.6148,-10.2954,0.0462,-0.2312,0.0013,-1.079085,1.611515,-2.174989,63689962,1274
0.3391,1.252,-10.688,0.0721,-0.3038,0.0004,-1.079085,1.611515,-2.174989,63700462,1274
0.1703,1.3931,-10.0142,0.094,-0.3157,0.0026,-1.079085,1.611515,-2.174989,63710962,1274
0.5386,0.9178,-10.8477,0.0986,-0.3636,0.0014,-1.079085,1.611515,-2.174989,63721462,1274
-0.0235,-0.0653,-10.674,0.0976,-0.3714,0.0088,-1.079085,1.611515,-2.174989,63731962,1274
-0.0494,0.2307,-10.0111,0.0906,-0.3695,0.0027,-1.079085,1.611515,-2.174989,63742462,1274
-0.3072,-0.3431,-11.2191,0.1167,-0.357,0.0031,-1.079085,1.611515,-2.174989,63752962,1274
-0.0259,-1.1858,-10.0048,0.0659,-0.3356,0.0012,-1.079085,1.611515,-2.174989,63763462,1274
-0.4086,1.1291,-10.0567,0.042,-0.285,0.0026,-1.079085,1.611515,-2.174989,63773962,1274
-0.1735,-0.9328,-10.1846,0.001,-0.2921,-0.0081,-1.079085,1.611515,-2.174989,63784462,1274
-0.5476,0.3036,-9.6004,0.0082,-0.2804,-0.0039,-1.079085,1.611515,-2.174989,63794962,1274
-1.2564,0.6437,-10.3221,0.0169,-0.2273,0.0071,-1.079085,1.611515,-2.174989,63805462,1274
-1.0611,0.5837,-10.9602,0.0325,-0.2264,0.0093,-1.079085,1.611515,-2.174989,63815962,1274
-0.5735,-0.8471,-10.5607,-0.002,-0.2219,0.0075,-1.16066,1.594597,-2.168744,63826008,1275
0.1958,1.1308,-9.9255,0.0208,-0.177,0.0181,-1.16066,1.594597,-2.168744,63836508,1275
0.0305,1.1685,-9.5602,-0.0139,-0.1949,0.0128,-1.16066,1.594597,-2.168744,63847008,1275
-0.0678,0.7453,-9.6747,-0.0231,-0.2015,-0.0033,-1.16066,1.594597,-2.168744,63857508,1275
-0.9856,2.7347,-11.0715,-0.0262,-0.21,0.0018,-1.16066,1.594597,-2.168744,63868008,1275
-0.9602,1.3145,-10.4682,0.0161,-0.1522,0.0199,-1.16066,1.594597,-2.168744,63878508,1275
0.0296,2.8069,-10.8904,-0.0526,-0.2293,0.0064,-1.16066,1.594597,-2.168744,63889008,1275
-0.0195,2.1911,-10.6537,-0.0174,-0.2009,0.0103,-1.16066,1.594597,-2.168744,63899508,1275
0.0222,1.9672,-10.238,-0.0162,-0.2425,0.0176,-1.206028,1.576817,-2.190447,63909552,1276
-0.0259,1.5259,-9.9973,-0.0071,-0.2332,0.0224,-1.206028,1.576817,-2.190447,63919554,1276
0.3359,1.0837,-10.4958,-0.0641,-0.2851,0.0139,-1.206028,1.576817,-2.190447,63930054,1276
0.196,0.3203,-9.9636,-0.0748,-0.2991,0.019,-1.206028,1.576817,-2.190447,63940554,1276
0.5107,1.0619,-10.1832,-0.0935,-0.3187,0.0146,-1.206028,1.576817,-2.190447,63951054,1276
-0.1819,1.5773,-10.1636,-0.1241,-0.312,0.0096,-1.206028,1.576817,-2.190447,63961554,1276
0.0302,1.8202,-10.1573,-0.0989,-0.2428,0.0273,-1.206028,1.576817,-2.190447,63972054,1276
-0.8148,1.5696,-10.2299,-0.1473,-0.2567,0.0221,-1.206028,1.576817,-2.190447,63982554,1276
0.1384,0.583,-10.7801,-0.1365,-0.2019,0.0277,-1.206028,1.576817,-2.190447,63993054,1276
1.0749,0.9547,-10.2403,-0.158,-0.2005,0.012,-1.206028,1.576817,-2.190447,64003554,1276
0.3859,-1.3328,-9.2623,-0.168,-0.222,0.0151,-1.206028,1.576817,-2.190447,64014054,1276
-0.1734,0.1699,-9.3634,-0.1314,-0.1718,0.0264,-1.206028,1.576817,-2.190447,64024554,1276
-0.5579,0.1075,-9.6589,-0.1356,-0.1566,0.0261,-1.31144,1.533699,-2.194009,64034598,1277
-0.4472,-0.4442,-10.0921,-0.1561,-0.1483,0.013,-1.31144,1.533699,-2.194009,64045098,1277
-0.0162,-1.6819,-8.7187,-0.1497,-0.0768,0.0214,-1.31144,1.533699,-2.194009,64055598,1277
-0.002,-2.2769,-8.2019,-0.1592,0.004,0.0149,-1.31144,1.533699,-2.194009,64066098,1277
-0.3959,-1.0931,-9.6623,-0.2046,0.0458,0.0053,-1.31144,1.533699,-2.194009,64076598,1277
-0.5268,-1.3037,-9.4781,-0.2531,0.1242,0.0123,-1.31144,1.533699,-2.194009,64087098,1277
-0.2186,-2.9109,-9.0426,-0.2811,0.2158,0.0252,-1.31144,1.533699,-2.194009,64097598,1277
0.265,-0.3171,-9.11,-0.3482,0.2472,0.012,-1.31144,1.533699,-2.194009,64108098,1277
-0.1161,-1.1092,-9.2394,-0.3776,0.2679,0.0016,-1.31144,1.533699,-2.194009,64118598,1277
-0.8141,1.5465,-10.4732,-0.38,0.2887,0.0115,-1.31144,1.533699,-2.194009,64129098,1277
0.0327,1.904,-10.0743,-0.3756,0.3348,0.0205,-1.376245,1.518925,-2.196394,64139142,1278
0.4253,1.3683,-9.4279,-0.3862,0.3656,0.0168,-1.376245,1.518925,-2.196394,64149642,1278
0.5221,0.9093,-9.6069,-0.3769,0.3742,0.0093,-1.376245,1.518925,-2.196394,64159673,1278
-0.2942,1.3608,-10.4326,-0.3911,0.3418,0.0057,-1.376245,1.518925,-2.196394,64170173,1278
-0.3951,1.6141,-10.1465,-0.3906,0.3079,0.0065,-1.376245,1.518925,-2.196394,64180673,1278
0.0717,-0.3014,-8.9722,-0.372,0.3017,0.0061,-1.376245,1.518925,-2.196394,64191173,1278
0.5154,-2.0629,-8.704,-0.3119,0.3051,0.013,-1.376245,1.518925,-2.196394,64201673,1278
0.3965,-1.3829,-8.4386,-0.3212,0.2445,0.0056,-1.376245,1.518925,-2.196394,64212173,1278
0.8493,1.2111,-9.4214,-0.2726,0.2547,0.0165,-1.376245,1.518925,-2.196394,64222673,1278
0.3537,1.0232,-10.2248,-0.2596,0.2193,0.0061,-1.376245,1.518925,-2.196394,64233173,1278
-0.7254,-0.2876,-10.433,-0.229,0.1887,0.0018,-1.376245,1.518925,-2.196394,64243673,1278
-0.2328,-0.8216,-10.7799,-0.2269,0.1775,-0.0037,-1.376245,1.518925,-2.196394,64254173,1278
0.1668,-1.2778,-11.1384,-0.2041,0.1902,-0.0002,-1.480643,1.494272,-2.202842,64264217,1279
0.581,-1.344,-9.7415,-0.1533,0.1855,0.0099,-1.480643,1.494272,-2.202842,64274717,1279
-0.154,-0.6071,-8.7304,-0.1244,0.175,0.0103,-1.480643,1.494272,-2.202842,64285217,1279
-0.896,2.0381,-9.93,-0.1089,0.1977,0.0233,-1.480643,1.494272,-2.202842,64295717,1279
-0.6605,2.7518,-10.6179,-0.0825,0.1916,0.0141,-1.480643,1.494272,-2.202842,64306217,1279
1.0414,1.7897,-9.0258,-0.1023,0.1453,0.0046,-1.480643,1.494272,-2.202842,64316717,1279
0.429,0.3197,-9.2278,-0.0798,0.1416,0.0061,-1.480643,1.494272,-2.202842,64327217,1279
-0.0217,-1.1533,-9.1874,-0.0859,0.2057,0.0104,-1.480643,1.494272,-2.202842,64337717,1279
0.393,-2.0588,-9.3489,-0.0307,0.2017,0.0169,-1.480643,1.494272,-2.202842,64348217,1279
0.4551,-1.0698,-9.6425,-0.0456,0.2268,0.0101,-1.480643,1.494272,-2.202842,64358717,1279
-0.0178,-0.5449,-8.8471,-0.0487,0.2134,-0.0024,-1.547231,1.475492,-2.200942,64368769,1280
-0.1228,-2.4921,-8.6642,-0.0258,0.2509,0.0095,-1.547231,1.475492,-2.200942,64378798,1280
-0.072,-3.1842,-9.4227,-0.0661,0.1659,-0.0075,-1.547231,1.475492,-2.200942,64389298,1280
0.2863,-1.9878,-9.7657,-0.0143,0.2194,0.0129,-1.547231,1.475492,-2.200942,64399327,1280
0.9167,0.0443,-8.8506,-0.0246,0.1559,0.0109,-1.547231,1.475492,-2.200942,64409827,1280
0.7951,1.4314,-10.1603,-0.0263,0.098,0.0093,-1.547231,1.475492,-2.200942,64420327,1280
-1.1731,1.5714,-10.5595,-0.0343,0.0604,0.0023,-1.547231,1.475492,-2.200942,64430827,1280
-0.914,2.0323,-9.954,-0.0255,0.0396,0.0055,-1.547231,1.475492,-2.200942,64441327,1280
0.5694,-0.8185,-8.8501,-0.0148,0.0169,-0.0012,-1.547231,1.475492,-2.200942,64451827,1280
0.4515,-1.5444,-8.7511,0.0256,-0.0047,-0.0066,-1.547231,1.475492,-2.200942,64462327,1280
0.1609,-2.1151,-8.4324,0.0216,-0.0127,0.0103,-1.547231,1.475492,-2.200942,64472827,1280
-0.0038,0.3198,-10.3253,0.0492,-0.0123,0.021,-1.645121,1.476214,-2.196409,64482875,1281
0.0714,0.6429,-11.048,0.0057,-0.0787,0.013,-1.645121,1.476214,-2.196409,64493375,1281
-0.1238,1.5745,-10.346,-0.0222,-0.072,-0.0012,-1.645121,1.476214,-2.196409,64503875,1281
-0.9412,1.6173,-10.4554,0.0215,-0.0254,0.0037,-1.645121,1.476214,-2.196409,64514375,1281
-0.1238,0.8843,-11.6682,0.0432,0.0015,-0.0052,-1.645121,1.476214,-2.196409,64524875,1281
0.3262,1.668,-11.3244,0.0509,0.035,0.0014,-1.645121,1.476214,-2.196409,64535375,1281
-0.3222,0.8833,-9.691,0.0815,0.0517,0.0007,-1.645121,1.476214,-2.196409,64545875,1281
-0.6056,0.9015,-10.8879,0.108,0.0851,-0.0009,-1.645121,1.476214,-2.196409,64556375,1281
-0.9317,0.6203,-10.2616,0.1191,0.0829,0.0005,-1.645121,1.476214,-2.196409,64566875,1281
-0.0083,-0.0024,-9.0881,0.1446,0.0811,0.0032,-1.645121,1.476214,-2.196409,64577375,1281
-0.1979,1.1509,-9.4804,0.16,0.0904,-0.0091,-1.645121,1.476214,-2.196409,64587875,1281
0.2765,0.8467,-8.6443,0.1678,0.0927,-0.0096,-1.733137,1.485043,-2.181543,64597919,1282
-0.1541,-0.211,-8.6225,0.2133,0.1013,-0.0052,-1.733137,1.485043,-2.181543,64608419,1282
0.0956,0.0312,-9.4704,0.2427,0.0871,-0.0036,-1.733137,1.485043,-2.181543,64618423,1282
0.1114,1.7089,-9.7576,0.2691,0.0864,-0.0076,-1.733137,1.485043,-2.181543,64628923,1282
0.9311,1.3513,-9.6891,0.3211,0.03,-0.0068,-1.733137,1.485043,-2.181543,64639423,1282
0.2406,1.2697,-9.7268,0.3771,0.0206,-0.0063,-1.733137,1.485043,-2.181543,64649923,1282
0.2591,0.6776,-9.5625,0.4033,0.009,0.0013,-1.733137,1.485043,-2.181543,64660423,1282
0.3554,-2.8631,-9.6807,0.421,-0.0011,-0.0023,-1.733137,1.485043,-2.181543,64670923,1282
0.0872,-1.1827,-9.5257,0.4171,-0.0171,-0.0079,-1.733137,1.485043,-2.181543,64681423,1282
0.3566,-1.8819,-9.3057,0.4537,0.0276,0.0089,-1.733137,1.485043,-2.181543,64691923,1282
0.6925,-1.7287,-9.7449,0.4537,0.0006,0.0032,-1.733137,1.485043,-2.181543,64702423,1282
0.3646,-2.0766,-9.0624,0.4456,0.0111,0.0067,-1.733137,1.485043,-2.181543,64712923,1282
-0.674,-0.8414,-9.831,0.3751,-0.0504,0.003,-1.733137,1.485043,-2.181543,64723423,1282
-0.4247,-1.8607,-10.0682,0.3627,-0.0434,0.0037,-1.83887,1.484018,-2.189007,64733472,1283
-0.9691,-1.249,-10.5089,0.3319,-0.0441,-0.0022,-1.83887,1.484018,-2.189007,64743972,1283
-0.5804,-0.8844,-10.5756,0.3126,-0.0061,0.0117,-1.83887,1.484018,-2.189007,64754472,1283
-0.5241,0.7904,-10.4196,0.2459,-0.0207,-0.0015,-1.83887,1.484018,-2.189007,64764972,1283
-0.4824,-0.7167,-10.3232,0.1919,-0.0019,-0.0102,-1.83887,1.484018,-2.189007,64775472,1283
-0.492,0.9296,-10.342,0.1942,0.0246,0.0023,-1.83887,1.484018,-2.189007,64785972,1283
-0.2746,0.9362,-10.4801,0.1532,0.0315,-0.0019,-1.83887,1.484018,-2.189007,64796472,1283
-0.3631,2.6155,-9.6027,0.1301,-0.0169,-0.0143,-1.83887,1.484018,-2.189007,64806972,1283
0.0452,1.0764,-9.2945,0.1376,0.0247,0.0024,-1.83887,1.484018,-2.189007,64817472,1283
-0.3672,1.7525,-9.7168,0.0941,0.0093,0.0008,-1.83887,1.484018,-2.189007,64827972,1283
0.9212,0.1043,-8.8534,0.0525,-0.0268,-0.0167,-1.83887,1.484018,-2.189007,64838472,1283
0.6815,-1.4566,-8.6648,0.0643,-0.0327,-0.0227,-1.83887,1.484018,-2.189007,64848972,1283
-0.0555,-3.583,-9.3783,0.1584,0.0367,0.0014,-1.83887,1.484018,-2.189007,64859472,1283
-0.2301,-1.2644,-10.1744,0.0929,-0.0004,-0.0071,-1.83887,1.484018,-2.189007,64869972,1283
0.2319,-1.2985,-9.5894,0.0885,-0.0102,0.003,-1.83887,1.484018,-2.189007,64880472,1283
-0.4021,0.2746,-10.5304,0.1152,-0.0108,-0.0026,-1.83887,1.484018,-2.189007,64890972,1283
-0.6485,1.1703,-10.3263,0.1146,-0.031,0.0031,-1.83887,1.484018,-2.189007,64901472,1283
0.4733,2.3206,-9.5878,0.1368,-0.0385,0.0092,-1.83887,1.484018,-2.189007,64911972,1283
0.0722,-0.0053,-8.9571,0.1678,-0.0609,0.0038,-1.83887,1.484018,-2.189007,64922472,1283
-0.2571,-0.5948,-8.9853,0.1606,-0.0546,0.0175,-1.83887,1.484018,-2.189007,64932972,1283
0.1722,-2.5751,-8.9701,0.1187,-0.1075,0.0013,-1.83887,1.484018,-2.189007,64943472,1283
0.7383,-2.4515,-9.1406,0.0913,-0.0866,-0.0117,-1.83887,1.484018,-2.189007,64953972,1283
-0.114,-1.5784,-9.8634,0.0864,-0.064,-0.0068,-1.927103,1.499165,-2.186716,64964016,1284
0.0678,-2.0669,-9.4781,0.0483,-0.0907,0.0015,-2.016811,1.513908,-2.183941,64974060,1285
-0.0263,0.7332,-10.4486,0.0404,-0.1055,0.0126,-2.016811,1.513908,-2.183941,64984560,1285
0.0991,2.2632,-10.7365,0.0662,-0.15,0.0099,-2.016811,1.513908,-2.183941,64995060,1285
0.1025,3.2009,-10.1186,0.0151,-0.2452,0.0132,-2.016811,1.513908,-2.183941,65005560,1285
-0.1085,2.4108,-10.0853,0.0244,-0.3337,0.0047,-2.016811,1.513908,-2.183941,65016060,1285
-0.0686,-0.2323,-9.9113,-0.002,-0.468,-0.0049,-2.016811,1.513908,-2.183941,65026560,1285
0.1916,-1.3707,-9.5801,-0.0095,-0.4633,0.007,-2.016811,1.513908,-2.183941,65037060,1285
0.0317,-1.7637,-9.7705,0.033,-0.5104,0.0069,-2.016811,1.513908,-2.183941,65047560,1285
0.5395,-1.9114,-9.6341,0.0304,-0.5079,0.007,-2.016811,1.513908,-2.183941,65058060,1285
0.4113,-1.5036,-8.9963,0.0219,-0.5535,-0.0092,-2.016811,1.513908,-2.183941,65068560,1285
0.3099,-2.7017,-9.1867,0.0017,-0.5077,-0.0044,-2.016811,1.513908,-2.183941,65079060,1285
0.1911,-1.842,-9.322,0.0109,-0.5065,0.0095,-2.016811,1.513908,-2.183941,65089560,1285
0.2739,-2.3095,-8.9771,-0.0251,-0.4867,0.0154,-2.016811,1.513908,-2.183941,65100060,1285
0.087,-1.6295,-9.3471,-0.0126,-0.4374,0.0145,-2.016811,1.513908,-2.183941,65110560,1285
-0.1818,-1.6058,-8.6585,-0.0176,-0.3929,0.0108,-2.016811,1.513908,-2.183941,65121060,1285
-0.3868,-2.0717,-9.2693,-0.0472,-0.2937,0.0049,-2.016811,1.513908,-2.183941,65131560,1285
0.3555,-1.5413,-9.6106,-0.0327,-0.2671,0.002,-2.016811,1.513908,-2.183941,65142060,1285
0.3654,-2.1566,-8.3953,-0.068,-0.1996,0.008,-2.016811,1.513908,-2.183941,65152560,1285
-0.0487,-2.5885,-8.4195,-0.0389,-0.1346,0.0079,-2.016811,1.513908,-2.183941,65163060,1285
0.0222,-1.4224,-8.9121,-0.0265,-0.0755,0.0143,-2.016811,1.513908,-2.183941,65173560,1285
0.6455,-0.6648,-8.8965,-0.034,-0.0748,0.0114,-2.016811,1.513908,-2.183941,65184060,1285
0.1216,-1.293,-8.7277,-0.0353,-0.0695,0.0079,-2.071795,1.530076,-2.181936,65194112,1286
0.1351,-0.9973,-9.5369,-0.0271,-0.0325,-0.0002,-2.071795,1.530076,-2.181936,65204612,1286
0.9206,-1.1311,-9.211,-0.0261,-0.1073,-0.0067,-2.071795,1.530076,-2.181936,65215112,1286
0.6695,0.1051,-10.4386,-0.0006,-0.164,-0.0035,-2.071795,1.530076,-2.181936,65225612,1286
-0.1907,0.6978,-10.6761,0.0047,-0.2616,-0.0061,-2.071795,1.530076,-2.181936,65236112,1286
-0.4897,0.6608,-10.0242,0.0203,-0.3611,-0.007,-2.071795,1.530076,-2.181936,65246612,1286
0.0556,0.9716,-8.7361,0.0534,-0.4639,-0.0028,-2.071795,1.530076,-2.181936,65257112,1286
-0.5695,1.8361,-9.0351,0.0378,-0.5298,-0.0057,-2.071795,1.530076,-2.181936,65267612,1286
0.5106,1.1298,-9.4996,0.0681,-0.5832,0.0055,-2.071795,1.530076,-2.181936,65278112,1286
0.9775,-0.4726,-9.4632,0.0835,-0.6047,-0.004,-2.165099,1.5513,-2.184092,65288156,1287
0.3717,-0.16,-9.3979,0.0804,-0.6,-0.006,-2.165099,1.5513,-2.184092,65298656,1287
0.0245,1.0244,-9.4235,0.1053,-0.5518,-0.0006,-2.165099,1.5513,-2.184092,65308685,1287
0.4433,-1.1076,-9.5306,0.0916,-0.5082,-0.0127,-2.165099,1.5513,-2.184092,65319185,1287
-0.2745,1.2146,-10.8065,0.141,-0.4261,-0.0025,-2.165099,1.5513,-2.184092,65329685,1287
-0.3097,2.1614,-10.246,0.1914,-0.2566,0.0053,-2.165099,1.5513,-2.184092,65340185,1287
-0.6511,1.2078,-10.8525,0.2184,-0.1447,0.0007,-2.165099,1.5513,-2.184092,65350685,1287
-0.6724,1.8333,-11.5149,0.2308,-0.0075,0.002,-2.165099,1.5513,-2.184092,65361185,1287
-0.2795,2.5284,-10.4267,0.256,0.1231,0.0048,-2.165099,1.5513,-2.184092,65371685,1287
-0.9728,1.2955,-10.5304,0.2315,0.1877,0.005,-2.165099,1.5513,-2.184092,65382185,1287
-0.6463,1.8033,-11.397,0.2103,0.2487,0.0037,-2.165099,1.5513,-2.184092,65392685,1287
0.1061,1.1497,-10.6558,0.2017,0.2934,0.008,-2.165099,1.5513,-2.184092,65403185,1287
-0.2709,1.5681,-10.6078,0.1922,0.3363,0.0153,-2.165099,1.5513,-2.184092,65413685,1287
-0.7224,0.9758,-9.8743,0.1713,0.3508,0.0133,-2.165099,1.5513,-2.184092,65424185,1287
-0.3124,1.1511,-10.0302,0.1371,0.3296,0.0057,-2.165099,1.5513,-2.184092,65434685,1287
0.2393,-0.8596,-8.8765,0.1021,0.3125,0.0038,-2.165099,1.5513,-2.184092,65445185,1287
0.1263,-1.9156,-8.3452,0.0536,0.2491,0.0027,-2.165099,1.5513,-2.184092,65455685,1287
0.3055,-1.7167,-8.9645,0.0396,0.2008,0.0087,-2.165099,1.5513,-2.184092,65466185,1287
0.1336,1.6743,-10.6747,0.0024,0.1543,0.0003,-2.165099,1.5513,-2.184092,65476685,1287
-0.1701,1.8802,-10.1112,-0.0325,0.1457,0.0032,-2.165099,1.5513,-2.184092,65487185,1287
-0.3928,1.6671,-9.6328,-0.0368,0.1382,0.0007,-2.329248,1.570673,-2.185873,65497280,1289
-0.1785,0.6292,-9.7109,-0.0416,0.1004,-0.012,-2.329248,1.570673,-2.185873,65507780,1289
-0.2285,0.7237,-9.928,-0.0423,0.0868,-0.0064,-2.329248,1.570673,-2.185873,65518280,1289
0.1413,-1.2243,-8.9979,-0.0467,0.0613,0.0044,-2.329248,1.570673,-2.185873,65528780,1289
0.2748,-1.4524,-8.9443,-0.0456,0.0384,0.0039,-2.329248,1.570673,-2.185873,65539280,1289
0.1032,-1.7267,-9.4823,-0.03,0.0026,0.0043,-2.329248,1.570673,-2.185873,65549780,1289
0.11,-0.4865,-9.484,0.0044,0.0218,0.0007,-2.329248,1.570673,-2.185873,65560280,1289
0.1355,-1.1915,-9.6371,0.0161,0.041,-0.007,-2.329248,1.570673,-2.185873,65570780,1289
0.1676,-0.0299,-10.6978,-0.007,0.0531,-0.0172,-2.329248,1.570673,-2.185873,65581280,1289
0.4243,-0.1529,-9.649,0.0335,0.1115,-0.007,-2.329248,1.570673,-2.185873,65591780,1289
0.098,0.0784,-10.078,0.0411,0.1185,0.0004,-2.329248,1.570673,-2.185873,65602280,1289
-0.0798,0.1503,-11.0764,0.0427,0.1373,-0.0043,-2.329248,1.570673,-2.185873,65612780,1289
0.2553,-0.4323,-10.0471,0.0369,0.1291,0.0008,-2.329248,1.570673,-2.185873,65623280,1289
-0.6684,0.1894,-11.1441,0.0353,0.1449,-0.0042,-2.329248,1.570673,-2.185873,65633780,1289
-0.366,0.707,-10.6055,0.0211,0.1515,0.0033,-2.329248,1.570673,-2.185873,65644280,1289
-0.264,0.2162,-10.2349,0.0124,0.1541,-0.0001,-2.421929,1.569273,-2.188455,65654324,1290
-0.892,-0.0166,-10.8492,-0.005,0.1883,0.0011,-2.421929,1.569273,-2.188455,65664824,1290
-0.8892,0.0457,-10.7165,-0.0167,0.2054,-0.0015,-2.421929,1.569273,-2.188455,65674825,1290
0.1467,0.8097,-9.5156,-0.028,0.2307,0.0017,-2.421929,1.569273,-2.188455,65685325,1290
-0.3342,0.8775,-10.186,-0.0598,0.2499,-0.0026,-2.421929,1.569273,-2.188455,65695354,1290
-0.791,0.3047,-9.3814,-0.0719,0.2834,-0.0078,-2.421929,1.569273,-2.188455,65705854,1290
-0.3538,-0.1665,-9.1247,-0.0848,0.2908,-0.0038,-2.421929,1.569273,-2.188455,65716354,1290
0.2061,0.1511,-9.2921,-0.1024,0.2852,-0.0061,-2.421929,1.569273,-2.188455,65726854,1290
0.0928,0.4167,-9.1864,-0.1106,0.2955,-0.004,-2.421929,1.569273,-2.188455,65737354,1290
0.6008,0.333,-9.2571,-0.0936,0.2964,-0.0032,-2.421929,1.569273,-2.188455,65747854,1290
0.0535,-0.6829,-10.4387,-0.1044,0.282,-0.0003,-2.421929,1.569273,-2.188455,65758354,1290
0.0607,-1.2238,-10.1664,-0.0975,0.2854,0.0077,-2.421929,1.569273,-2.188455,65768854,1290
-0.0718,0.0116,-9.7549,-0.1087,0.2654,0.004,-2.421929,1.569273,-2.188455,65779354,1290
-0.3317,0.4229,-10.1126,-0.0969,0.2594,0.0025,-2.421929,1.569273,-2.188455,65789854,1290
-0.1541,0.3061,-9.0324,-0.1253,0.2156,-0.0013,-2.421929,1.569273,-2.188455,65800354,1290
0.313,-0.3975,-8.6459,-0.1358,0.1853,0.0083,-2.421929,1.569273,-2.188455,65810854,1290
0.1092,-0.1081,-9.6357,-0.1349,0.1629,0.0018,-2.421929,1.569273,-2.188455,65821354,1290
-0.1419,-0.4153,-10.693,-0.1522,0.1701,-0.0043,-2.421929,1.569273,-2.188455,65831854,1290
0.26,-0.764,-10.3656,-0.1519,0.1795,-0.0019,-2.421929,1.569273,-2.188455,65842354,1290
-0.7439,-0.193,-9.7577,-0.1485,0.178,-0.0058,-2.421929,1.569273,-2.188455,65852854,1290
-0.6289,0.6732,-9.334,-0.1375,0.185,-0.0007,-2.421929,1.569273,-2.188455,65863354,1290
0.0139,0.9746,-8.8336,-0.1426,0.1653,0.0052,-2.421929,1.569273,-2.188455,65873854,1290
0.1424,1.0239,-9.2376,-0.1414,0.1473,-0.0018,-2.646535,1.554114,-2.191338,65883898,1291
-0.1051,0.3748,-10.0672,-0.1634,0.1704,-0.0083,-2.646535,1.554114,-2.191338,65894398,1291
0.3353,-0.8145,-10.0758,-0.1557,0.2001,0.0035,-2.646535,1.554114,-2.191338,65904898,1291
0.2077,-1.6327,-10.1532,-0.1761,0.2217,-0.0095,-2.646535,1.554114,-2.191338,65915398,1291
-0.9636,-0.8386,-10.3973,-0.1865,0.2835,-0.0013,-2.646535,1.554114,-2.191338,65925898,1291
0.0794,-1.0793,-9.9118,-0.1864,0.3515,0.0056,-2.646535,1.554114,-2.191338,65936398,1291
-1.0214,-0.8928,-10.4508,-0.1878,0.3885,0.0103,-2.646535,1.554114,-2.191338,65946898,1291
-1.3536,-0.0841,-10.8536,-0.1891,0.4158,0.0088,-2.646535,1.554114,-2.191338,65957398,1291
-0.5216,-0.2855,-10.5225,-0.1747,0.4741,0.0143,-2.646535,1.554114,-2.191338,65967898,1291
0.1108,0.9621,-9.6257,-0.189,0.5002,0.0239,-2.646535,1.554114,-2.191338,65978398,1291
-0.3638,1.0934,-9.4902,-0.1798,0.4908,0.0138,-2.646535,1.554114,-2.191338,65988898,1291
-0.0434,2.0037,-9.4404,-0.2058,0.455,0.0081,-2.646535,1.554114,-2.191338,65999398,1291
-0.1357,0.6105,-10.1665,-0.2067,0.3616,0.0031,-2.646535,1.554114,-2.191338,66009898,1291
-0.5398,-0.4572,-9.8903,-0.1976,0.3207,-0.0024,-2.646535,1.554114,-2.191338,66020398,1291
0.2706,-1.5726,-9.3295,-0.1937,0.3056,0.0124,-2.646535,1.554114,-2.191338,66030898,1291
0.2083,-1.5307,-9.8141,-0.1922,0.2596,0.0221,-2.646535,1.554114,-2.191338,66041398,1291
0.1693,0.4997,-9.9396,-0.1779,0.2076,0.0209,-2.646535,1.554114,-2.191338,66051898,1291
0.3655,1.3714,-9.8184,-0.2004,0.1696,0.0024,-2.646535,1.554114,-2.191338,66062398,1291
0.3541,0.8294,-10.0421,-0.1992,0.1149,0.0037,-2.646535,1.554114,-2.191338,66072898,1291
-0.291,-1.1727,-9.205,-0.2145,0.0664,-0.0021,-2.646535,1.554114,-2.191338,66083398,1291
-0.0052,-0.5512,-8.8479,-0.1926,0.0611,0.0053,-2.646535,1.554114,-2.191338,66093898,1291
0.3965,0.2176,-9.4064,-0.1859,0.0273,0.0113,-2.646535,1.554114,-2.191338,66104398,1291
0.0925,0.1888,-10.4046,-0.169,0.0257,0.011,-2.824756,1.53263,-2.194263,66114442,1292
0.0674,-0.0073,-10.0394,-0.1642,0.0234,0.0088,-2.824756,1.53263,-2.194263,66124471,1292
0.2247,0.0119,-10.1853,-0.1536,0.0096,0.0059,-2.824756,1.53263,-2.194263,66134971,1292
0.1295,-0.8788,-10.5197,-0.1519,-0.0371,-0.0105,-2.824756,1.53263,-2.194263,66145471,1292
-0.0572,-1.5143,-10.1733,-0.1238,-0.0882,-0.0037,-2.824756,1.53263,-2.194263,66155971,1292
0.009,1.4751,-9.0759,-0.131,-0.1286,-0.0026,-2.824756,1.53263,-2.194263,66166471,1292
-0.0523,1.5719,-9.3595,-0.1126,-0.1557,-0.0007,-2.824756,1.53263,-2.194263,66176971,1292
-0.1922,1.8967,-10.0934,-0.11,-0.1836,-0.0037,-2.824756,1.53263,-2.194263,66187471,1292
-0.4563,0.4426,-9.9441,-0.0705,-0.1997,0.0049,-2.824756,1.53263,-2.194263,66197971,1292
-0.4509,0.4871,-10.1993,-0.0245,-0.166,0.007,-2.824756,1.53263,-2.194263,66208471,1292
-0.5243,-0.7462,-9.8128,-0.0339,-0.2277,-0.0041,-2.929424,1.51012,-2.193192,66218516,1293
-0.5615,-0.4031,-9.3686,-0.0112,-0.254,-0.0023,-2.929424,1.51012,-2.193192,66229016,1293
0.3909,-0.2134,-9.3365,-0.0106,-0.2609,0.0112,-2.929424,1.51012,-2.193192,66239516,1293
0.3086,-0.1669,-9.6826,-0.002,-0.2367,0.0124,-2.929424,1.51012,-2.193192,66250016,1293
0.6195,-0.3177,-9.9633,-0.023,-0.2241,0.0155,-2.929424,1.51012,-2.193192,66260516,1293
0.4766,-0.7451,-10.5897,-0.0314,-0.1796,0.0139,-2.929424,1.51012,-2.193192,66271016,1293
0.6591,-0.8194,-10.59,-0.0405,-0.1309,0.0121,-2.929424,1.51012,-2.193192,66281516,1293
-0.8891,0.2197,-11.1624,-0.0735,-0.1051,0.0092,-2.929424,1.51012,-2.193192,66292016,1293
-0.7336,-0.2421,-10.444,-0.0929,-0.0772,0.003,-2.929424,1.51012,-2.193192,66302516,1293
-0.9243,-0.5577,-10.665,-0.1069,-0.0707,0.0003,-2.929424,1.51012,-2.193192,66313016,1293
-0.3809,0.0623,-9.9706,-0.123,-0.0346,0.0153,-2.929424,1.51012,-2.193192,66323516,1293
-0.5109,0.1693,-9.652,-0.0924,0.0026,0.0197,-2.929424,1.51012,-2.193192,66334016,1293
0.2571,1.7151,-9.5802,-0.1067,-0.0027,0.011,-2.929424,1.51012,-2.193192,66344516,1293
-0.0243,1.5875,-9.9264,-0.1139,-0.0201,0.0101,-3.052133,1.495967,-2.194479,66354562,1294
-0.1144,1.4078,-9.7509,-0.1206,-0.0293,0.0162,-3.052133,1.495967,-2.194479,66364594,1294
-0.2317,1.3841,-9.9087,-0.1048,0.0062,0.0153,-3.052133,1.495967,-2.194479,66375094,1294
-0.2013,-0.8192,-10.2246,-0.0986,0.0209,0.0162,-3.052133,1.495967,-2.194479,66385594,1294
-0.3358,-0.0977,-9.819,-0.1186,0.0216,0.0036,-3.052133,1.495967,-2.194479,66396094,1294
0.1365,-2.0207,-8.604,-0.0518,0.0702,0.005,-3.052133,1.495967,-2.194479,66406594,1294
0.2488,-1.6603,-8.9038,-0.0818,0.0582,-0.0006,-3.052133,1.495967,-2.194479,66417094,1294
0.6118,-0.8334,-8.3805,-0.0363,0.085,0.0054,-3.052133,1.495967,-2.194479,66427594,1294
-0.0499,0.9447,-9.807,-0.0266,0.0831,0.0055,-3.052133,1.495967,-2.194479,66438094,1294
0.0253,0.7253,-10.2356,-0.0388,0.1214,0.0022,-3.052133,1.495967,-2.194479,66448594,1294
-0.1448,-1.3267,-10.4084,-0.0328,0.1218,0.0047,-3.052133,1.495967,-2.194479,66459094,1294
-0.2425,-0.904,-9.8843,-0.0119,0.1001,0.0096,-3.052133,1.495967,-2.194479,66469594,1294
-0.3875,0.4633,-9.8639,-0.0094,0.0834,-0.0026,-3.052133,1.495967,-2.194479,66480094,1294
-0.2197,2.7324,-10.018,0.0148,0.0849,-0.0049,-3.052133,1.495967,-2.194479,66490594,1294
-0.2581,2.2365,-10.0286,0.043,0.0468,0.0165,-3.052133,1.495967,-2.194479,66501094,1294
-0.5198,-0.7179,-8.9074,0.0498,0.0033,0.0137,-3.052133,1.495967,-2.194479,66511594,1294
0.1117,-1.4557,-8.839,0.0537,-0.0019,0.02,-3.052133,1.495967,-2.194479,66522094,1294
1.0452,-0.9427,-8.2893,0.0678,-0.0075,0.027,-3.052133,1.495967,-2.194479,66532594,1294
0.0397,0.0008,-10.3405,0.0813,-0.0183,0.0199,-3.052133,1.495967,-2.194479,66543094,1294
-0.1156,0.0505,-10.8757,0.0943,-0.0293,0.0179,-3.052133,1.495967,-2.194479,66553594,1294
-0.7093,0.7752,-10.221,0.1242,-0.02,0.0252,-3.052133,1.495967,-2.194479,66564094,1294
-0.6395,0.9208,-9.2267,0.1082,-0.0699,0.0204,-3.250116,1.466513,-2.196967,66574140,1295
-0.3728,1.8904,-9.4526,0.1038,-0.0977,0.0068,-3.250116,1.466513,-2.196967,66584640,1295
-0.2017,2.4009,-9.937,0.1149,-0.035,0.0207,-3.250116,1.466513,-2.196967,66595140,1295
0.5198,1.9396,-10.0193,0.0717,0.0503,0.0272,-3.250116,1.466513,-2.196967,66605640,1295
0.0067,0.7295,-9.5973,0.0341,0.0997,0.0147,-3.250116,1.466513,-2.196967,66616140,1295
-0.5535,2.2885,-9.7354,0.0013,0.1921,0.0294,-3.250116,1.466513,-2.196967,66626640,1295
0.419,0.7587,-9.775,-0.0507,0.2538,0.034,-3.250116,1.466513,-2.196967,66637140,1295
0.1256,2.627,-9.9,-0.1258,0.3225,0.0197,-3.250116,1.466513,-2.196967,66647640,1295
0.0029,-0.9733,-9.4758,-0.134,0.3761,0.0361,-3.250116,1.466513,-2.196967,66658140,1295
0.493,-2.9857,-9.1421,-0.1565,0.4359,0.0311,-3.250116,1.466513,-2.196967,66668640,1295
0.3496,-2.1266,-8.6648,-0.1623,0.4612,0.0227,-3.409747,1.462215,-2.201687,66678691,1296
0.1011,-1.4007,-8.5507,-0.1602,0.4434,0.018,-3.409747,1.462215,-2.201687,66688722,1296
0.1041,-2.0736,-8.8879,-0.1148,0.5609,0.0494,-3.409747,1.462215,-2.201687,66699222,1296
0.16,-1.1182,-8.8191,-0.1573,0.5489,0.0231,-3.409747,1.462215,-2.201687,66709722,1296
0.4632,-0.4412,-8.611,-0.1131,0.6523,0.0208,-3.409747,1.462215,-2.201687,66720222,1296
0.2755,-1.628,-9.6548,-0.0529,0.7353,0.0281,-3.409747,1.462215,-2.201687,66730722,1296
0.3333,-0.5019,-9.3718,-0.0463,0.7774,0.0224,-3.409747,1.462215,-2.201687,66741222,1296
0.2418,-2.7578,-8.9971,-0.0277,0.7824,0.0158,-3.409747,1.462215,-2.201687,66751722,1296
0.2744,-3.1848,-8.4488,0.0359,0.8288,0.0371,-3.409747,1.462215,-2.201687,66762222,1296
0.3696,-2.1818,-8.869,0.0206,0.7403,0.0158,-3.409747,1.462215,-2.201687,66772722,1296
-0.4017,0.7912,-10.765,0.0496,0.752,0.0234,-3.409747,1.462215,-2.201687,66783222,1296
0.0146,-0.0173,-10.9473,0.0817,0.6988,0.024,-3.409747,1.462215,-2.201687,66793722,1296
-0.5342,0.8492,-10.0736,0.0916,0.6383,0.0249,-3.409747,1.462215,-2.201687,66804222,1296
-0.4907,1.2025,-9.7737,0.1347,0.553,0.0259,-3.534651,1.47051,-2.201501,66814268,1297
0.4448,2.5375,-8.8232,0.0733,0.449,0.0066,-3.534651,1.47051,-2.201501,66824768,1297
0.2458,1.7354,-9.0747,0.0874,0.3727,0.0096,-3.534651,1.47051,-2.201501,66835268,1297
0.3707,-3.1425,-8.8972,0.1071,0.3005,0.011,-3.534651,1.47051,-2.201501,66845768,1297
0.6326,-2.1781,-8.3627,0.1118,0.2881,0.014,-3.534651,1.47051,-2.201501,66856268,1297
0.5784,-1.7781,-7.9863,0.1468,0.317,0.0218,-3.534651,1.47051,-2.201501,66866768,1297
0.0904,-1.1215,-11.1563,0.1414,0.2895,0.0073,-3.534651,1.47051,-2.201501,66877268,1297
0.8837,-1.0844,-9.9148,0.147,0.3101,0.0058,-3.534651,1.47051,-2.201501,66887768,1297
-0.4216,-1.3918,-9.9269,0.1779,0.3393,0.0166,-3.534651,1.47051,-2.201501,66898268,1297
-0.8366,-2.2165,-10.5618,0.1944,0.3335,0.0034,-3.534651,1.47051,-2.201501,66908768,1297
0.1074,-1.6525,-10.0275,0.2026,0.3482,0.0037,-3.534651,1.47051,-2.201501,66919268,1297
-0.6563,1.1195,-10.6807,0.2001,0.3345,0.0094,-3.534651,1.47051,-2.201501,66929768,1297
-0.1608,0.6325,-11.3131,0.1815,0.3257,0.0174,-3.534651,1.47051,-2.201501,66940268,1297
0.3224,2.6231,-11.0967,0.1785,0.2611,0.0154,-3.534651,1.47051,-2.201501,66950768,1297
-0.7953,0.9335,-10.3104,0.1775,0.1776,0.0003,-3.534651,1.47051,-2.201501,66961268,1297
-0.2563,0.426,-9.0343,0.1933,0.125,-0.0019,-3.534651,1.47051,-2.201501,66971768,1297
0.8983,0.4064,-8.0629,0.1785,0.0648,-0.0091,-3.534651,1.47051,-2.201501,66982268,1297
0.1232,0.4308,-8.2893,0.1915,0.0381,-0.0043,-3.534651,1.47051,-2.201501,66992768,1297
0.6681,-2.068,-9.9476,0.1629,-0.0333,-0.0101,-3.534651,1.47051,-2.201501,67003268,1297
0.7621,-2.0108,-9.2959,0.1976,-0.0467,0.0025,-3.534651,1.47051,-2.201501,67013768,1297
-1.2475,-2.0515,-9.9441,0.1843,-0.1023,-0.0024,-3.534651,1.47051,-2.201501,67024268,1297
0.1613,3.0256,-10.6967,0.1341,-0.2015,-0.0113,-3.534651,1.47051,-2.201501,67034768,1297
0.3694,2.9555,-10.5567,0.1029,-0.2599,-0.017,-3.615909,1.482588,-2.209258,67045314,1298
-0.6153,1.9176,-10.9624,0.1308,-0.2336,-0.0019,-3.615909,1.482588,-2.209258,67055814,1298
0.145,2.4288,-11.0062,0.14,-0.3009,0.0195,-3.615909,1.482588,-2.209258,67066314,1298
1.13,-1.1138,-7.6546,0.0936,-0.4984,0.0108,-3.615909,1.482588,-2.209258,67076814,1298
0.8736,-1.8398,-7.5942,0.1456,-0.6512,0.0292,-3.615909,1.482588,-2.209258,67087314,1298
0.5337,-1.5331,-10.156,0.1206,-0.8873,0.0259,-3.615909,1.482588,-2.209258,67097814,1298
0.2705,0.8273,-11.9873,0.1189,-1.1057,0.0356,-3.615909,1.482588,-2.209258,67108314,1298
-0.6228,0.8294,-12.0144,0.1042,-1.341,0.0298,-3.615909,1.482588,-2.209258,67118814,1298
-0.782,1.3123,-9.4312,0.1068,-1.4723,0.0356,-3.615909,1.482588,-2.209258,67129314,1298
-0.2701,1.0559,-9.3288,0.1015,-1.5834,0.034,-3.67333,1.513631,-2.211684,67139359,1299
0.1513,1.3693,-9.0146,0.1063,-1.6668,0.0244,-3.67333,1.513631,-2.211684,67149859,1299
-0.7336,1.7721,-10.5447,0.1502,-1.6594,0.0235,-3.67333,1.513631,-2.211684,67160359,1299
-1.3175,1.2562,-9.9329,0.1208,-1.634,0.0136,-3.67333,1.513631,-2.211684,67170859,1299
-1.1442,0.502,-12.2861,0.1625,-1.6118,0.009,-3.67333,1.513631,-2.211684,67181359,1299
-0.6847,0.3007,-10.9076,0.2145,-1.4564,0.0203,-3.67333,1.513631,-2.211684,67191859,1299
-1.6802,-2.4981,-10.5606,0.2383,-1.279,0.0361,-3.67333,1.513631,-2.211684,67202359,1299
0.0553,-2.5231,-10.0561,0.1938,-1.1958,0.0204,-3.67333,1.513631,-2.211684,67212859,1299
-0.5443,-2.9626,-8.7719,0.2465,-0.9933,0.0252,-3.67333,1.513631,-2.211684,67223359,1299
-0.785,1.3544,-11.5731,0.2371,-0.8705,0.0121,-3.67333,1.513631,-2.211684,67233859,1299
-0.3213,1.925,-10.8388,0.2042,-0.7583,0.009,-3.67333,1.513631,-2.211684,67244359,1299
0.3799,1.1837,-10.6152,0.2019,-0.629,0.0202,-3.67333,1.513631,-2.211684,67254859,1299
-0.0741,1.9982,-11.1727,0.2244,-0.5153,0.0236,-3.67333,1.513631,-2.211684,67265359,1299
-0.3492,1.7892,-10.3802,0.1771,-0.4862,0.0125,-3.67333,1.513631,-2.211684,67275859,1299
-0.4047,1.426,-10.1601,0.1134,-0.4729,0.0055,-3.67333,1.513631,-2.211684,67286359,1299
-0.7799,0.0196,-9.1901,0.1133,-0.4455,0.0073,-3.67333,1.513631,-2.211684,67296859,1299
0.2139,-1.927,-6.5839,0.0682,-0.4378,0.0103,-3.67333,1.513631,-2.211684,67307359,1299
0.5325,-1.1159,-7.452,0.0336,-0.4163,0.0091,-3.67333,1.513631,-2.211684,67317859,1299
0.1461,-0.676,-9.7086,0.005,-0.434,0.0027,-3.67333,1.513631,-2.211684,67328359,1299
0.242,-0.6237,-10.6478,0.0035,-0.4042,0.0142,-3.67333,1.513631,-2.211684,67338859,1299
0.3699,-1.5623,-10.4118,-0.0235,-0.4208,0.0137,-3.67333,1.513631,-2.211684,67349359,1299
-0.5153,1.0321,-9.9775,-0.0659,-0.4158,0.0042,-3.67333,1.513631,-2.211684,67359859,1299
-0.4366,1.0103,-9.5404,-0.0081,-0.3119,0.0277,-3.72064,1.548158,-2.203009,67369903,1300
-1.1541,1.913,-10.0547,-0.0289,-0.3398,0.0162,-3.72064,1.548158,-2.203009,67380403,1300
0.2029,2.6343,-10.2498,-0.086,-0.3723,-0.02,-3.72064,1.548158,-2.203009,67390436,1300
-0.3364,2.1775,-10.2863,-0.0042,-0.2373,0.0033,-3.72064,1.548158,-2.203009,67400936,1300
0.1573,2.6837,-10.7362,0.056,-0.2363,0.0163,-3.72064,1.548158,-2.203009,67411436,1300
-0.4284,2.0268,-11.0675,0.053,-0.2427,0.011,-3.72064,1.548158,-2.203009,67421936,1300
-0.6403,2.1491,-12.3388,0.0783,-0.2645,0.0073,-3.72064,1.548158,-2.203009,67432436,1300
-0.4789,2.1203,-11.4158,0.1326,-0.2239,0.0077,-3.72064,1.548158,-2.203009,67442936,1300
-0.9664,-0.1152,-11.0087,0.1288,-0.2228,-0.0025,-3.72064,1.548158,-2.203009,67453436,1300
-1.0754,-0.951,-11.8419,0.162,-0.1665,0.0017,-3.72064,1.548158,-2.203009,67463936,1300
0.2105,0.5519,-10.2257,0.187,-0.1399,-0.0009,-3.72064,1.548158,-2.203009,67474436,1300
-0.0975,-2.5669,-9.8574,0.1607,-0.1158,-0.0067,-3.72064,1.548158,-2.203009,67484936,1300
-0.8693,-0.3006,-10.7372,0.1601,-0.113,0.0026,-3.746776,1.586654,-2.210413,67494980,1301
0.4385,-2.0644,-9.6313,0.14,-0.0964,0.0064,-3.746776,1.586654,-2.210413,67505480,1301
-0.5263,0.1194,-10.4936,0.1394,-0.069,-0.0012,-3.746776,1.586654,-2.210413,67515980,1301
-0.7725,-0.5131,-10.4894,0.1344,-0.1149,0.0031,-3.746776,1.586654,-2.210413,67526480,1301
0.2805,0.5015,-9.8517,0.2047,-0.0692,0.0071,-3.746776,1.586654,-2.210413,67536980,1301
-0.1642,0.9381,-11.6969,0.1807,-0.1022,-0.0044,-3.746776,1.586654,-2.210413,67547480,1301
0.5678,-0.7559,-11.0139,0.1906,-0.1123,-0.0008,-3.746776,1.586654,-2.210413,67557980,1301
0.4217,0.8773,-10.9652,0.1927,-0.1195,-0.0028,-3.746776,1.586654,-2.210413,67568480,1301
-0.9949,-0.378,-11.3252,0.1838,-0.0985,0.0003,-3.746776,1.586654,-2.210413,67578980,1301
-0.6134,0.6999,-11.6481,0.198,-0.1048,-0.0017,-3.746776,1.586654,-2.210413,67589480,1301
-0.0604,0.7262,-10.2129,0.1783,-0.0829,-0.0114,-3.753338,1.589993,-2.209821,67599526,1302
-1.3413,-0.6795,-10.931,0.1573,-0.0555,-0.0149,-3.753338,1.589993,-2.209821,67609528,1302
-0.3052,1.2224,-10.4936,0.1425,-0.0457,-0.022,-3.753338,1.589993,-2.209821,67620028,1302
-0.3298,0.7897,-9.519,0.1093,-0.0343,-0.022,-3.753338,1.589993,-2.209821,67630528,1302
-0.0633,1.8647,-10.0032,0.1077,-0.0489,-0.0171,-3.753338,1.589993,-2.209821,67641028,1302
0.7153,2.7274,-9.5843,0.1052,-0.0938,-0.0238,-3.753338,1.589993,-2.209821,67651528,1302
-0.1161,1.2154,-9.0274,0.0579,-0.1263,-0.0246,-3.753338,1.589993,-2.209821,67662028,1302
0.3939,-0.681,-9.1984,0.0673,-0.1736,-0.0268,-3.753338,1.589993,-2.209821,67672528,1302
0.2329,-1.1809,-8.7862,0.0343,-0.2142,-0.0264,-3.753338,1.589993,-2.209821,67683028,1302
0.2901,-2.7146,-8.7623,-0.0243,-0.2662,-0.035,-3.753338,1.589993,-2.209821,67693528,1302
0.3177,-1.9324,-9.0589,-0.0113,-0.227,-0.0258,-3.753338,1.589993,-2.209821,67704028,1302
-0.3683,-1.5339,-10.0719,-0.0489,-0.1855,-0.033,-3.753338,1.589993,-2.209821,67714528,1302
0.2793,1.8469,-10.7507,-0.0924,-0.2045,-0.0364,-3.753338,1.589993,-2.209821,67725028,1302
-0.1885,-0.0753,-10.6519,-0.0898,-0.0927,-0.0233,-3.831077,1.618596,-2.213131,67735072,1303
-0.451,0.453,-10.9042,-0.1103,0.0451,-0.0095,-3.831077,1.618596,-2.213131,67745572,1303
-0.0969,1.4427,-10.5542,-0.1032,0.0702,-0.0123,-3.831077,1.618596,-2.213131,67756072,1303
-0.9944,1.7379,-12.0927,-0.0869,0.13,-0.0112,-3.831077,1.618596,-2.213131,67766572,1303
0.1305,0.6263,-11.0443,-0.0647,0.1809,-0.0197,-3.831077,1.618596,-2.213131,67777072,1303
-0.1567,0.4386,-11.2339,0.0148,0.2201,-0.0081,-3.831077,1.618596,-2.213131,67787572,1303
-1.0262,-0.7648,-11.3746,0.0652,0.2555,-0.0094,-3.831077,1.618596,-2.213131,67798072,1303
-0.6343,0.1837,-11.0581,0.1124,0.276,-0.0156,-3.831077,1.618596,-2.213131,67808572,1303
-0.4954,1.1039,-10.3887,0.114,0.2617,-0.0269,-3.831077,1.618596,-2.213131,67819072,1303
-1.0152,-0.3584,-10.605,0.1766,0.2603,-0.0343,-3.831077,1.618596,-2.213131,67829572,1303
-0.2748,3.1908,-10.2041,0.2043,0.3146,-0.0186,-3.831077,1.618596,-2.213131,67840072,1303
-0.4052,2.533,-9.9985,0.2407,0.3736,-0.0071,-3.831077,1.618596,-2.213131,67850572,1303
-0.5159,2.1904,-10.1419,0.2328,0.3404,-0.0158,-3.831077,1.618596,-2.213131,67861072,1303
0.4097,-0.5215,-8.518,0.1596,0.3947,-0.0208,-3.831077,1.618596,-2.213131,67871572,1303
-0.2025,-0.9878,-8.5203,0.1769,0.4098,-0.0221,-3.831077,1.618596,-2.213131,67882072,1303
0.3162,-2.9879,-10.0291,0.1665,0.3979,-0.0267,-3.831077,1.618596,-2.213131,67892572,1303
0.2393,-1.1863,-9.8829,0.0842,0.3774,-0.0218,-3.831077,1.618596,-2.213131,67903072,1303
-0.8941,-0.9007,-9.8839,-0.0071,0.3634,-0.0242,-3.831077,1.618596,-2.213131,67913572,1303
0.0919,2.1647,-9.5243,-0.0109,0.3597,-0.0285,-3.831077,1.618596,-2.213131,67924072,1303
0.0596,2.6257,-8.5126,-0.0391,0.4172,-0.0146,-3.831077,1.618596,-2.213131,67934572,1303
0.5735,-0.7695,-9.5159,-0.0677,0.3841,-0.0209,-3.831077,1.618596,-2.213131,67945072,1303
0.2888,-1.7729,-10.8596,-0.1597,0.3375,-0.0316,-3.831077,1.618596,-2.213131,67955572,1303
-0.8667,-1.9689,-10.7486,-0.2214,0.3124,-0.0402,-3.831077,1.618596,-2.213131,67966072,1303
-0.2735,-1.1648,-10.6624,-0.157,0.4483,-0.0204,-4.001918,1.605461,-2.211846,67976163,1305
-0.0232,0.8588,-9.8404,-0.2085,0.3746,-0.0454,-4.001918,1.605461,-2.211846,67986663,1305
-0.6836,0.4842,-9.8704,-0.2084,0.3697,-0.0502,-4.001918,1.605461,-2.211846,67996692,1305
-0.6805,2.1714,-9.005,-0.2527,0.325,-0.0511,-4.001918,1.605461,-2.211846,68007192,1305
-0.1695,1.9653,-10.1053,-0.2379,0.3249,-0.0394,-4.001918,1.605461,-2.211846,68017692,1305
0.6683,1.6251,-9.4469,-0.2739,0.2524,-0.042,-4.001918,1.605461,-2.211846,68028192,1305
0.4158,1.3094,-8.9473,-0.2442,0.2212,-0.0242,-4.001918,1.605461,-2.211846,68038692,1305
0.2241,-0.8702,-9.8884,-0.2886,0.1775,-0.0338,-4.001918,1.605461,-2.211846,68049192,1305
-0.4159,-1.6088,-11.0718,-0.2643,0.1543,-0.0387,-4.051109,1.597359,-2.20977,68059236,1306
0.0135,-1.3954,-10.201,-0.3161,0.0805,-0.0511,-4.051109,1.597359,-2.20977,68069736,1306
-0.2705,-1.0605,-10.6354,-0.2883,0.0925,-0.0385,-4.051109,1.597359,-2.20977,68080236,1306
-0.2312,-0.9702,-10.5844,-0.3003,0.1416,-0.0364,-4.051109,1.597359,-2.20977,68090736,1306
-0.8535,-1.95,-10.5555,-0.2606,0.1745,-0.0272,-4.051109,1.597359,-2.20977,68101236,1306
-0.4705,-2.2327,-10.4791,-0.2848,0.2251,-0.0307,-4.051109,1.597359,-2.20977,68111736,1306
-0.0833,-2.1194,-10.3321,-0.2755,0.2606,-0.0426,-4.051109,1.597359,-2.20977,68122236,1306
0.4947,-2.372,-9.5841,-0.3044,0.2599,-0.0402,-4.051109,1.597359,-2.20977,68132736,1306
0.1901,-3.0801,-9.1416,-0.2902,0.2538,-0.0472,-4.051109,1.597359,-2.20977,68143236,1306
-0.298,-0.6835,-9.5134,-0.3053,0.2988,-0.0494,-4.051109,1.597359,-2.20977,68153736,1306
0.3693,-1.4691,-9.3833,-0.2942,0.2909,-0.0494,-4.051109,1.597359,-2.20977,68164236,1306
-0.1908,0.642,-10.3834,-0.2571,0.3197,-0.0385,-4.051109,1.597359,-2.20977,68174736,1306
-0.8662,1.966,-10.8411,-0.2268,0.3295,-0.0395,-4.051109,1.597359,-2.20977,68185236,1306
-0.9573,1.1762,-10.8913,-0.2205,0.3095,-0.0281,-4.206719,1.561957,-2.204206,68195285,1307
-0.639,0.2947,-11.5289,-0.2363,0.2791,-0.0287,-4.206719,1.561957,-2.204206,68205785,1307
-0.5525,-0.6711,-9.9815,-0.2336,0.3301,-0.0234,-4.206719,1.561957,-2.204206,68215814,1307
-1.0435,-0.5397,-10.0555,-0.2517,0.4095,-0.0178,-4.206719,1.561957,-2.204206,68226314,1307
-0.8863,0.164,-9.9051,-0.2874,0.5126,-0.0208,-4.206719,1.561957,-2.204206,68236345,1307
-1.1575,0.4287,-10.8987,-0.305,0.6598,-0.0236,-4.206719,1.561957,-2.204206,68246845,1307
-1.8649,-0.0696,-10.0322,-0.3328,0.7918,-0.0224,-4.206719,1.561957,-2.204206,68257345,1307
-0.8237,-0.4354,-9.973,-0.3528,0.8878,-0.0248,-4.206719,1.561957,-2.204206,68267845,1307
-0.477,0.3502,-10.0952,-0.3767,0.9683,-0.0327,-4.206719,1.561957,-2.204206,68278345,1307
-0.5734,0.4084,-8.8582,-0.3836,1.0279,-0.0318,-4.206719,1.561957,-2.204206,68288845,1307
-0.2345,0.9563,-8.7692,-0.3806,0.9912,-0.0342,-4.206719,1.561957,-2.204206,68299345,1307
-0.5622,1.525,-9.7923,-0.3911,0.9853,-0.0308,-4.206719,1.561957,-2.204206,68309845,1307
-0.4536,0.6814,-9.9817,-0.3622,0.9008,-0.0348,-4.206719,1.561957,-2.204206,68320345,1307
0.4437,-1.7972,-9.3388,-0.3675,0.8206,-0.0267,-4.206719,1.561957,-2.204206,68330845,1307
0.6642,1.1918,-8.972,-0.3636,0.6894,-0.028,-4.206719,1.561957,-2.204206,68341345,1307
0.3847,1.5599,-9.608,-0.3064,0.6225,-0.0186,-4.206719,1.561957,-2.204206,68351845,1307
0.0995,-1.4916,-8.2232,-0.2738,0.4566,-0.0233,-4.206719,1.561957,-2.204206,68362345,1307
0.7685,-0.2809,-8.4312,-0.2488,0.3301,-0.0254,-4.206719,1.561957,-2.204206,68372845,1307
-0.5166,1.3503,-11.4331,-0.1908,0.2272,-0.0271,-4.206719,1.561957,-2.204206,68383345,1307
-0.3693,0.9647,-9.6122,-0.1529,0.1688,-0.0262,-4.206719,1.561957,-2.204206,68393845,1307
-0.0125,1.4432,-8.5839,-0.1141,0.1083,-0.0218,-4.206719,1.561957,-2.204206,68404345,1307
0.4018,-0.292,-9.1179,-0.0816,0.0546,-0.0152,-4.206719,1.561957,-2.204206,68414845,1307
-0.0228,-1.2714,-9.7938,-0.0721,0.0546,-0.0277,-4.206719,1.561957,-2.204206,68425345,1307
-0.2801,-1.872,-9.2342,-0.0561,0.0721,-0.0122,-4.206719,1.561957,-2.204206,68435845,1307
-0.1483,0.0283,-9.7883,-0.0146,0.0767,-0.0122,-4.206719,1.561957,-2.204206,68446345,1307
-0.1685,-0.1609,-9.7651,0.005,0.1084,-0.021,-4.206719,1.561957,-2.204206,68456845,1307
-0.0091,1.0735,-10.9089,0.021,0.1188,-0.0216,-4.206719,1.561957,-2.204206,68467345,1307
0.0522,1.0236,-10.7676,0.0122,0.1232,-0.0232,-4.206719,1.561957,-2.204206,68477845,1307
-1.081,0.9206,-10.6939,0.0332,0.1298,-0.0214,-4.401602,1.507789,-2.204461,68487944,1309
-0.8373,0.8771,-10.4905,0.0196,0.1144,-0.0208,-4.401602,1.507789,-2.204461,68498444,1309
-0.7105,0.1709,-10.1166,0.0168,0.027,-0.012,-4.401602,1.507789,-2.204461,68508944,1309
-0.5696,1.1794,-9.6222,0.0363,-0.0404,-0.0049,-4.401602,1.507789,-2.204461,68519444,1309
0.5821,1.0071,-9.8576,-0.0107,-0.1827,-0.0144,-4.401602,1.507789,-2.204461,68529944,1309
0.7396,1.1813,-9.6754,-0.0378,-0.3327,-0.0196,-4.401602,1.507789,-2.204461,68540444,1309
0.3564,-0.4011,-10.636,-0.0557,-0.4292,-0.0131,-4.401602,1.507789,-2.204461,68550944,1309
0.4254,-0.8206,-10.726,-0.0626,-0.564,-0.0173,-4.401602,1.507789,-2.204461,68561444,1309
0.2586,-1.6512,-9.955,-0.073,-0.682,-0.0204,-4.401602,1.507789,-2.204461,68571944,1309
-0.2808,-1.6176,-10.3866,-0.0302,-0.7161,-0.0103,-4.401602,1.507789,-2.204461,68582444,1309
0.4132,-1.8617,-9.872,-0.0741,-0.8276,-0.0239,-4.401602,1.507789,-2.204461,68592944,1309
-0.0955,-1.4785,-9.4355,-0.0618,-0.8331,-0.0179,-4.401602,1.507789,-2.204461,68603444,1309
-0.0896,-1.7071,-9.7229,-0.0228,-0.8196,-0.0164,-4.401602,1.507789,-2.204461,68613944,1309
-0.0759,-1.3488,-9.4509,-0.0291,-0.8314,-0.018,-4.401602,1.507789,-2.204461,68624444,1309
-0.6763,0.5637,-10.2001,-0.0172,-0.804,-0.0135,-4.401602,1.507789,-2.204461,68634944,1309
-0.1583,-0.212,-9.3351,0.0084,-0.7421,-0.0183,-4.401602,1.507789,-2.204461,68645444,1309
0.9204,0.2214,-10.0262,0.0272,-0.6798,-0.0088,-4.401602,1.507789,-2.204461,68655944,1309
0.7544,-0.0908,-9.1726,0.0486,-0.6035,-0.0087,-4.50573,1.482148,-2.200396,68665988,1310
0.121,0.4524,-9.1727,0.0821,-0.514,-0.0114,-4.578996,1.469467,-2.200176,68676032,1311
-0.6878,1.6345,-10.1043,0.0711,-0.4122,-0.0171,-4.578996,1.469467,-2.200176,68686532,1311
-0.5148,2.2446,-10.3732,0.0826,-0.1992,-0.0176,-4.578996,1.469467,-2.200176,68697032,1311
-1.4804,1.0506,-11.1419,0.0451,0.0305,-0.0208,-4.578996,1.469467,-2.200176,68707532,1311
-1.3976,0.7146,-10.7388,0.0228,0.2646,-0.0241,-4.578996,1.469467,-2.200176,68718032,1311
-0.8704,-0.8478,-10.344,0.0176,0.4848,-0.0305,-4.578996,1.469467,-2.200176,68728532,1311
-1.0725,-2.378,-10.3677,-0.0152,0.6715,-0.0319,-4.578996,1.469467,-2.200176,68739032,1311
0.1625,-1.3596,-9.0105,-0.0264,0.8213,-0.034,-4.578996,1.469467,-2.200176,68749532,1311
-1.0298,-2.4285,-8.8645,-0.0202,0.8869,-0.0378,-4.578996,1.469467,-2.200176,68760032,1311
-0.1766,0.8365,-9.9613,-0.0374,0.894,-0.0325,-4.578996,1.469467,-2.200176,68770532,1311
0.8957,0.5853,-9.4435,-0.0526,0.8719,-0.0345,-4.578996,1.469467,-2.200176,68781032,1311
-0.1736,0.1783,-10.1031,-0.0615,0.7922,-0.0358,-4.578996,1.469467,-2.200176,68791532,1311
-0.2986,0.4224,-8.2298,-0.0665,0.7164,-0.0287,-4.578996,1.469467,-2.200176,68802032,1311
0.7889,0.9081,-7.6336,-0.0857,0.586,-0.0368,-4.578996,1.469467,-2.200176,68812532,1311
0.3826,-0.7513,-10.2431,-0.1046,0.4759,-0.0389,-4.578996,1.469467,-2.200176,68823032,1311
-0.4119,-0.9992,-9.9707,-0.0841,0.3528,-0.0289,-4.578996,1.469467,-2.200176,68833532,1311
0.3878,1.5878,-8.547,-0.0582,0.209,-0.0318,-4.578996,1.469467,-2.200176,68844032,1311
0.5963,-0.8264,-9.0051,-0.0358,0.1673,-0.0266,-4.578996,1.469467,-2.200176,68854532,1311
-0.105,-2.2743,-9.0647,-0.0635,0.0616,-0.0404,-4.578996,1.469467,-2.200176,68865032,1311
-0.4263,0.7469,-10.4404,0.0059,0.05,-0.0311,-4.578996,1.469467,-2.200176,68875532,1311
0.3057,2.1125,-10.8835,0.0108,-0.0018,-0.0397,-4.652796,1.460199,-2.205931,68885578,1312
0.3767,1.0788,-10.5589,0.0763,-0.0278,-0.0313,-4.652796,1.460199,-2.205931,68896078,1312
-0.5965,-0.4325,-10.6233,0.1036,-0.0236,-0.0339,-4.652796,1.460199,-2.205931,68906578,1312
-1.4805,1.0472,-9.2257,0.1256,-0.0064,-0.0234,-4.652796,1.460199,-2.205931,68917078,1312
-0.2761,1.7286,-9.3394,0.1573,0.0043,-0.0194,-4.652796,1.460199,-2.205931,68927578,1312
0.6952,1.6965,-9.0652,0.1196,-0.0155,-0.0215,-4.652796,1.460199,-2.205931,68938078,1312
0.1545,0.1592,-9.5866,0.1051,0.0128,-0.0142,-4.652796,1.460199,-2.205931,68948578,1312
-0.1191,1.2394,-9.3933,0.0747,0.0162,-0.0186,-4.652796,1.460199,-2.205931,68959078,1312
0.5701,-1.4779,-10.122,0.058,0.0747,-0.0123,-4.652796,1.460199,-2.205931,68969578,1312
0.2373,-0.9669,-9.7072,0.0325,0.0996,-0.0108,-4.652796,1.460199,-2.205931,68980078,1312
-0.0329,-3.3128,-9.0294,-0.0038,0.0467,-0.0168,-4.70911,1.461721,-2.208238,68990131,1313
-0.0241,-2.908,-9.6919,-0.115,0.0746,-0.0393,-4.70911,1.461721,-2.208238,69000631,1313
0.4627,-2.965,-9.4661,-0.0593,0.1252,-0.0145,-4.70911,1.461721,-2.208238,69010662,1313
0.3376,-2.1384,-8.637,-0.0665,0.1517,-0.0095,-4.70911,1.461721,-2.208238,69021162,1313
-1.0866,-1.9924,-8.3635,-0.0592,0.1601,-0.0185,-4.70911,1.461721,-2.208238,69031662,1313
-0.7698,-1.2306,-8.7924,-0.0571,0.1416,-0.0215,-4.70911,1.461721,-2.208238,69042162,1313
0.4145,-0.9225,-9.3416,-0.0406,0.1222,-0.0163,-4.70911,1.461721,-2.208238,69052662,1313
1.3525,-0.0862,-9.6362,-0.0114,0.1032,-0.0174,-4.70911,1.461721,-2.208238,69063162,1313
1.4673,0.0325,-9.6034,0.0211,0.085,-0.0148,-4.70911,1.461721,-2.208238,69073662,1313
-0.1707,-1.8182,-10.0621,0.0421,-0.0014,-0.0258,-4.70911,1.461721,-2.208238,69084162,1313
-0.6011,-2.3122,-9.0267,0.0835,-0.0336,-0.0239,-4.70911,1.461721,-2.208238,69094662,1313
-0.381,0.3247,-10.152,0.0703,-0.1109,-0.032,-4.70911,1.461721,-2.208238,69105162,1313
0.5722,2.3156,-11.0182,0.1353,-0.1302,-0.0152,-4.768194,1.466722,-2.207175,69115206,1314
0.8567,1.3361,-10.5293,0.1299,-0.2012,-0.0166,-4.768194,1.466722,-2.207175,69125706,1314
-0.2408,-0.0177,-11.0554,0.1483,-0.2206,-0.0124,-4.768194,1.466722,-2.207175,69136206,1314
-1.0756,-0.032,-11.7081,0.1653,-0.1956,-0.0108,-4.768194,1.466722,-2.207175,69146706,1314
-0.4175,1.6987,-10.3333,0.1715,-0.2008,-0.0161,-4.768194,1.466722,-2.207175,69157206,1314
-0.6657,-0.0159,-10.5762,0.1789,-0.1387,-0.0085,-4.768194,1.466722,-2.207175,69167706,1314
-0.833,0.7039,-10.2241,0.1827,-0.1185,-0.0194,-4.768194,1.466722,-2.207175,69178206,1314
-0.3504,1.1494,-10.0692,0.2377,-0.08,-0.0074,-4.768194,1.466722,-2.207175,69188706,1314
-0.1399,2.6561,-10.4548,0.1548,-0.1296,-0.0348,-4.768194,1.466722,-2.207175,69199206,1314
-0.397,3.3961,-10.6741,0.1879,-0.0102,-0.0147,-4.768194,1.466722,-2.207175,69209706,1314
-0.2854,2.4356,-10.8647,0.1814,-0.0849,-0.018,-4.807174,1.49281,-2.216022,69219752,1315
0.3523,0.3326,-10.01,0.1717,-0.1157,-0.0159,-4.807174,1.49281,-2.216022,69229753,1315
0.1644,0.7169,-10.4452,0.1756,-0.1407,-0.0282,-4.807174,1.49281,-2.216022,69240253,1315
-0.8818,1.0037,-8.9095,0.2044,-0.1093,-0.0184,-4.807174,1.49281,-2.216022,69250282,1315
-1.0483,1.5404,-9.3995,0.1821,-0.1276,-0.0276,-4.807174,1.49281,-2.216022,69260782,1315
0.3449,1.8686,-9.4305,0.2163,-0.1319,-0.0266,-4.807174,1.49281,-2.216022,69271282,1315
0.8833,2.8398,-8.9323,0.2387,-0.1558,-0.0271,-4.807174,1.49281,-2.216022,69281782,1315
0.2498,1.3704,-9.0238,0.2309,-0.1228,-0.0227,-4.807174,1.49281,-2.216022,69292282,1315
-0.278,-0.9083,-9.4844,0.2583,-0.1193,-0.0289,-4.807174,1.49281,-2.216022,69302782,1315
-0.0425,-0.2468,-9.1838,0.2629,-0.1558,-0.0229,-4.807174,1.49281,-2.216022,69313282,1315
0.628,-2.3657,-7.2039,0.252,-0.1856,-0.029,-4.807174,1.49281,-2.216022,69323782,1315
0.3477,-1.2867,-7.4866,0.2702,-0.1813,-0.0253,-4.807174,1.49281,-2.216022,69334282,1315
0.5584,-0.0762,-9.8561,0.2723,-0.1755,-0.0284,-4.813321,1.512327,-2.214979,69344336,1316
1.1159,0.4205,-9.3387,0.2391,-0.2063,-0.0345,-4.813321,1.512327,-2.214979,69354836,1316
0.5698,-2.0003,-9.2565,0.2752,-0.1982,-0.0217,-4.813321,1.512327,-2.214979,69364865,1316
0.091,-3.3567,-9.4022,0.1804,-0.2852,-0.0413,-4.813321,1.512327,-2.214979,69375365,1316
-0.0072,-2.8214,-9.4921,0.2329,-0.2957,-0.0278,-4.813321,1.512327,-2.214979,69385394,1316
0.3858,-2.3963,-8.7278,0.2097,-0.3045,-0.0309,-4.813321,1.512327,-2.214979,69395894,1316
-0.3816,0.9124,-10.6045,0.2102,-0.3763,-0.0328,-4.813321,1.512327,-2.214979,69406394,1316
-0.27,0.2372,-10.5509,0.2224,-0.356,-0.0152,-4.813321,1.512327,-2.214979,69416894,1316
1.1183,1.2953,-11.1464,0.1985,-0.3833,-0.0187,-4.813321,1.512327,-2.214979,69427394,1316
0.5068,1.0665,-11.0535,0.2299,-0.3717,-0.0033,-4.813321,1.512327,-2.214979,69437894,1316
-1.0183,0.3857,-11.4405,0.1809,-0.4049,-0.0119,-4.820392,1.533239,-2.213925,69447938,1317
-0.8715,-0.4239,-10.8218,0.1435,-0.4218,-0.0139,-4.820392,1.533239,-2.213925,69458438,1317
0.0126,-0.7025,-10.8908,0.1812,-0.4737,-0.019,-4.820392,1.533239,-2.213925,69468938,1317
-0.0481,1.2663,-9.2387,0.1366,-0.4762,-0.0175,-4.820392,1.533239,-2.213925,69479438,1317
-0.5345,1.4703,-9.5147,0.1186,-0.5165,-0.0143,-4.820392,1.533239,-2.213925,69489938,1317
-0.2351,3.4132,-11.1684,0.1111,-0.5559,-0.0226,-4.820392,1.533239,-2.213925,69500438,1317
0.1831,2.2761,-11.5936,0.1198,-0.5608,-0.0198,-4.820392,1.533239,-2.213925,69510938,1317
0.1406,1.9839,-10.4289,0.1236,-0.5035,-0.0149,-4.820392,1.533239,-2.213925,69521438,1317
-0.9483,0.2463,-10.6201,0.1324,-0.4968,-0.019,-4.820392,1.533239,-2.213925,69531938,1317
-0.7133,0.6249,-11.7561,0.1263,-0.4499,-0.0166,-4.820392,1.533239,-2.213925,69542438,1317
-0.4865,0.1744,-10.6204,0.1242,-0.4194,-0.0095,-4.820392,1.533239,-2.213925,69552938,1317
-0.7464,-2.6444,-10.375,0.1359,-0.4109,-0.0138,-4.820392,1.533239,-2.213925,69563438,1317
-0.514,-0.7641,-10.0155,0.0788,-0.4202,-0.0315,-4.820392,1.533239,-2.213925,69573938,1317
-0.2638,-1.8285,-9.2952,0.1059,-0.2771,0.0017,-4.819403,1.557454,-2.212355,69583984,1318
-0.6073,-1.6945,-9.5881,0.0973,-0.2862,-0.0131,-4.819403,1.557454,-2.212355,69594484,1318
-0.1892,-2.7454,-8.6309,0.0994,-0.2076,-0.0064,-4.819403,1.557454,-2.212355,69604515,1318
1.0628,-0.9341,-8.2398,0.0707,-0.2573,-0.0165,-4.819403,1.557454,-2.212355,69615015,1318
0.8691,0.3624,-9.431,0.0714,-0.2552,-0.0169,-4.819403,1.557454,-2.212355,69625515,1318
0.0298,0.2766,-9.4638,0.0792,-0.2496,-0.0085,-4.819403,1.557454,-2.212355,69636015,1318
0.697,-1.7524,-10.0664,0.0846,-0.2495,-0.0004,-4.819403,1.557454,-2.212355,69646515,1318
1.2578,-2.6714,-9.0236,0.0702,-0.323,0.0023,-4.819403,1.557454,-2.212355,69657015,1318
-0.3196,-3.427,-8.9719,0.0677,-0.3867,-0.0044,-4.819403,1.557454,-2.212355,69667515,1318
-0.7727,-1.181,-9.2145,0.073,-0.4026,0.0019,-4.811777,1.588645,-2.205188,69677571,1319
0.1261,-0.7301,-8.9263,0.1111,-0.3716,0.0033,-4.811777,1.588645,-2.205188,69688071,1319
0.3608,-0.6796,-8.7513,0.0984,-0.3714,-0.0097,-4.811777,1.588645,-2.205188,69698571,1319
0.738,-1.1325,-8.4283,0.1103,-0.3625,-0.0113,-4.811777,1.588645,-2.205188,69709071,1319
0.4628,-0.3374,-8.9751,0.1339,-0.3482,-0.0009,-4.811777,1.588645,-2.205188,69719571,1319
0.498,1.9853,-10.064,0.1469,-0.3365,-0.0093,-4.811777,1.588645,-2.205188,69730071,1319
0.0925,-0.6073,-9.4548,0.197,-0.3038,0.0059,-4.811777,1.588645,-2.205188,69740571,1319
-0.2276,0.6185,-10.3322,0.173,-0.3545,0.0034,-4.811777,1.588645,-2.205188,69751071,1319
-0.2537,-0.7805,-9.8763,0.188,-0.3379,-0.0012,-4.811777,1.588645,-2.205188,69761571,1319
-0.4669,0.9677,-8.6058,0.1852,-0.2767,0.0026,-4.811777,1.588645,-2.205188,69772071,1319
-1.4979,0.6209,-10.3357,0.1963,-0.2351,-0.0005,-4.811777,1.588645,-2.205188,69782571,1319
-0.5316,1.8062,-10.5129,0.1721,-0.1761,-0.0075,-4.811777,1.588645,-2.205188,69793071,1319
0.2429,-0.1549,-9.3396,0.2401,-0.0381,0.0156,-4.811777,1.588645,-2.205188,69803571,1319
-0.5492,0.5788,-9.7273,0.1877,-0.0175,0.0045,-4.809012,1.613617,-2.202002,69813615,1320
-0.5485,-0.8598,-9.1659,0.0998,-0.0313,-0.0099,-4.809012,1.613617,-2.202002,69823644,1320
0.0676,0.9031,-10.1154,0.1427,-0.0025,-0.0005,-4.809012,1.613617,-2.202002,69834144,1320
0.7904,0.0396,-9.0035,0.1192,-0.0233,-0.0083,-4.809012,1.613617,-2.202002,69844644,1320
0.6485,-1.2296,-10.0728,0.1413,-0.0039,0.004,-4.809012,1.613617,-2.202002,69855144,1320
0.7503,-1.5549,-9.6865,0.0546,-0.1046,-0.0284,-4.809012,1.613617,-2.202002,69865644,1320
0.4663,-2.4663,-8.7239,0.0997,-0.0846,-0.0135,-4.809012,1.613617,-2.202002,69876144,1320
-0.5437,-1.8914,-9.4242,0.1093,-0.0299,-0.0022,-4.809012,1.613617,-2.202002,69886644,1320
0.0774,-1.812,-8.9723,0.1215,-0.0414,-0.0059,-4.809012,1.613617,-2.202002,69897144,1320
0.7012,-0.808,-8.2456,0.1153,-0.0727,-0.0042,-4.814319,1.625508,-2.19647,69907191,1321
0.0862,-0.1983,-8.6698,0.1341,-0.0605,-0.0094,-4.814319,1.625508,-2.19647,69917691,1321
0.477,0.0613,-8.8761,0.1227,-0.0664,-0.002,-4.814319,1.625508,-2.19647,69928191,1321
1.1354,1.9162,-9.2149,0.0986,-0.0889,-0.0061,-4.814319,1.625508,-2.19647,69938691,1321
-0.4323,1.8652,-10.0764,0.0899,-0.0543,0.0008,-4.814319,1.625508,-2.19647,69949191,1321
-0.5436,0.6143,-10.3478,0.0788,-0.0801,-0.0173,-4.814319,1.625508,-2.19647,69959691,1321
-0.0436,1.71,-11.4752,0.1088,0.0111,0.0075,-4.814319,1.625508,-2.19647,69970191,1321
0.1267,-0.4766,-10.6514,0.0969,0.0139,-0.0039,-4.814319,1.625508,-2.19647,69980691,1321
-0.314,-0.1243,-10.5585,0.0787,0.0551,0.0045,-4.814319,1.625508,-2.19647,69991191,1321
-0.8628,-0.0205,-10.536,0.0908,0.1577,0.0165,-4.814319,1.625508,-2.19647,70001691,1321
-0.6336,1.6251,-10.4535,0.0596,0.1349,0.0032,-4.814319,1.625508,-2.19647,70012191,1321
-0.7888,-0.1551,-9.9957,0.0209,0.0951,0.0104,-4.814319,1.625508,-2.19647,70022691,1321
-0.1723,1.0554,-10.3519,-0.0169,0.1016,0.01,-4.814319,1.625508,-2.19647,70033191,1321
0.3113,0.54,-10.0941,-0.0242,0.1449,0.0086,-4.834656,1.636572,-2.185455,70043241,1322
0.491,0.8185,-10.1689,-0.0494,0.1502,0.0074,-4.834656,1.636572,-2.185455,70053741,1322
0.6632,-0.6337,-9.3484,-0.038,0.1763,0.0137,-4.834656,1.636572,-2.185455,70063772,1322
0.3194,0.0526,-10.2092,-0.0405,0.187,0.0134,-4.834656,1.636572,-2.185455,70074272,1322
0.4103,0.3681,-9.6558,-0.0664,0.1957,0.0094,-4.834656,1.636572,-2.185455,70084301,1322
-0.1337,-0.4585,-9.6874,-0.065,0.2567,0.0209,-4.834656,1.636572,-2.185455,70094801,1322
-0.2789,0.2372,-10.297,-0.0186,0.2534,0.0325,-4.834656,1.636572,-2.185455,70105301,1322
-0.1896,-2.1076,-9.536,-0.092,0.2011,0.0106,-4.834656,1.636572,-2.185455,70115801,1322
0.3143,-1.1559,-8.6354,-0.0651,0.2677,0.0217,-4.834656,1.636572,-2.185455,70126301,1322
0.2406,-0.4663,-8.7594,-0.0602,0.2613,0.0182,-4.869235,1.631472,-2.17232,70136347,1323
-0.755,0.648,-10.2769,-0.0724,0.282,0.0179,-4.869235,1.631472,-2.17232,70146847,1323
-0.0464,2.87,-9.7223,-0.0361,0.3153,0.0206,-4.869235,1.631472,-2.17232,70156876,1323
0.1798,0.9323,-10.4262,-0.0756,0.2777,0.0071,-4.869235,1.631472,-2.17232,70167376,1323
-0.299,2.1281,-11.7889,-0.0551,0.2824,0.0162,-4.869235,1.631472,-2.17232,70177412,1323
0.6624,0.2437,-9.6849,-0.091,0.3071,0.025,-4.869235,1.631472,-2.17232,70187912,1323
-0.2268,-0.2151,-11.1311,-0.1058,0.3281,0.0245,-4.869235,1.631472,-2.17232,70198412,1323
0.117,-0.0103,-10.4351,-0.1343,0.3573,0.0218,-4.869235,1.631472,-2.17232,70208912,1323
-0.1821,-1.2868,-9.6775,-0.1852,0.3353,0.0184,-4.869235,1.631472,-2.17232,70219412,1323
-0.0824,-2.598,-9.1385,-0.1731,0.3651,0.0268,-4.869235,1.631472,-2.17232,70229912,1323
-0.4807,-0.966,-9.7589,-0.2077,0.3333,0.0185,-4.869235,1.631472,-2.17232,70240412,1323
0.2935,-0.3463,-8.6301,-0.1919,0.3429,0.0233,-4.869235,1.631472,-2.17232,70250912,1323
0.5924,0.607,-9.0622,-0.1887,0.316,0.0274,-4.907557,1.619155,-2.16567,70260956,1324
0.618,1.586,-10.0363,-0.1904,0.322,0.0309,-4.907557,1.619155,-2.16567,70271456,1324
0.2809,1.9728,-10.8645,-0.1824,0.3199,0.0233,-4.907557,1.619155,-2.16567,70281956,1324
0.1981,0.213,-10.7272,-0.1699,0.3425,0.0301,-4.907557,1.619155,-2.16567,70292456,1324
-0.7302,-0.0714,-11.1139,-0.1566,0.3675,0.0384,-4.907557,1.619155,-2.16567,70302956,1324
-0.5514,-0.843,-9.8786,-0.1816,0.3737,0.0273,-4.907557,1.619155,-2.16567,70313456,1324
-0.2686,-0.4238,-9.8924,-0.1314,0.4059,0.0343,-4.907557,1.619155,-2.16567,70323956,1324
-0.445,-1.0911,-9.6174,-0.195,0.3441,0.0161,-4.907557,1.619155,-2.16567,70334456,1324
-0.1648,0.9517,-9.4595,-0.1441,0.3815,0.0383,-4.907557,1.619155,-2.16567,70344956,1324
0.1903,0.4206,-10.1089,-0.1618,0.3502,0.0345,-4.907557,1.619155,-2.16567,70355456,1324
0.2548,-1.4977,-10.3343,-0.1323,0.3691,0.0401,-4.96416,1.592461,-2.158516,70366004,1325
-0.2719,-0.5028,-9.9237,-0.1253,0.3646,0.039,-4.96416,1.592461,-2.158516,70376504,1325
0.2926,-1.73,-8.5403,-0.1329,0.314,0.0404,-4.96416,1.592461,-2.158516,70387004,1325
0.334,-0.9925,-8.3845,-0.1538,0.2859,0.031,-4.96416,1.592461,-2.158516,70397504,1325
0.2031,0.1826,-9.0408,-0.1684,0.2735,0.0314,-4.96416,1.592461,-2.158516,70408004,1325
0.6167,-0.1849,-9.2879,-0.1696,0.3125,0.0404,-4.96416,1.592461,-2.158516,70418504,1325
-0.062,1.4055,-10.1897,-0.1872,0.3502,0.0382,-4.96416,1.592461,-2.158516,70429004,1325
-0.07,1.0329,-10.481,-0.21,0.3876,0.0301,-4.96416,1.592461,-2.158516,70439504,1325
-0.8195,-0.4031,-9.8129,-0.2125,0.4378,0.0398,-4.96416,1.592461,-2.158516,70450004,1325
-1.4019,1.2098,-10.693,-0.2062,0.4395,0.0396,-4.96416,1.592461,-2.158516,70460504,1325
-0.8377,3.2729,-9.9964,-0.2147,0.3992,0.0227,-4.96416,1.592461,-2.158516,70471004,1325
0.0592,3.066,-10.2618,-0.2435,0.3529,0.0123,-4.96416,1.592461,-2.158516,70481504,1325
-0.4759,2.5669,-11.1321,-0.1827,0.3892,0.024,-4.96416,1.592461,-2.158516,70492004,1325
-0.723,1.1911,-11.1012,-0.1651,0.3686,0.0212,-5.012068,1.558949,-2.152751,70502060,1326
-0.792,0.973,-10.3299,-0.1414,0.3357,0.0311,-5.012068,1.558949,-2.152751,70512560,1326
-0.8153,-0.062,-10.595,-0.1488,0.2947,0.0304,-5.012068,1.558949,-2.152751,70522599,1326
-0.0855,2.0446,-10.4946,-0.1754,0.2577,0.025,-5.012068,1.558949,-2.152751,70533099,1326
-0.3534,1.826,-10.8552,-0.1689,0.2324,0.0301,-5.012068,1.558949,-2.152751,70543599,1326
-0.223,1.728,-11.4241,-0.168,0.2351,0.0343,-5.012068,1.558949,-2.152751,70554099,1326
-0.4846,-0.1153,-11.9796,-0.1705,0.1904,0.0225,-5.012068,1.558949,-2.152751,70564599,1326
-0.5185,-0.721,-11.6839,-0.1758,0.1883,0.0215,-5.012068,1.558949,-2.152751,70575099,1326
-0.333,-0.1539,-9.6745,-0.1663,0.1771,0.0366,-5.012068,1.558949,-2.152751,70585599,1326
0.0365,-1.3979,-10.1052,-0.1906,0.1407,0.0283,-5.012068,1.558949,-2.152751,70596099,1326
0.3445,0.0575,-10.5629,-0.1452,0.1448,0.0374,-5.053459,1.524065,-2.15547,70606143,1327
0.6287,-0.232,-10.6059,-0.1849,0.1264,0.0316,-5.053459,1.524065,-2.15547,70616643,1327
-0.0879,-1.22,-11.2138,-0.1947,0.12,0.0344,-5.053459,1.524065,-2.15547,70627143,1327
-0.0352,-2.5311,-10.9548,-0.2115,0.0953,0.0256,-5.053459,1.524065,-2.15547,70637643,1327
-0.2854,-2.3228,-10.4303,-0.2579,0.0743,0.0184,-5.053459,1.524065,-2.15547,70648143,1327
0.0152,-3.6375,-9.2852,-0.1797,0.1575,0.035,-5.053459,1.524065,-2.15547,70658643,1327
0.0801,-2.1144,-9.4366,-0.2376,0.1502,0.0325,-5.053459,1.524065,-2.15547,70669143,1327
0.0228,0.9116,-10.2334,-0.2758,0.1443,0.0196,-5.053459,1.524065,-2.15547,70679643,1327
0.916,-0.616,-9.797,-0.2673,0.1582,0.0367,-5.053459,1.524065,-2.15547,70690143,1327
-0.2081,-0.2696,-11.5752,-0.2609,0.1126,0.0233,-5.053459,1.524065,-2.15547,70700643,1327
-0.7251,-1.9078,-10.2213,-0.2712,0.088,0.0157,-5.053459,1.524065,-2.15547,70711143,1327
-0.4759,-1.8422,-9.9005,-0.2161,0.0817,0.0253,-5.053459,1.524065,-2.15547,70721643,1327
0.2117,-0.8882,-8.9495,-0.2008,0.0646,0.0214,-5.100303,1.483555,-2.155663,70731687,1328
0.1988,0.0024,-10.0989,-0.1858,0.0445,0.0223,-5.100303,1.483555,-2.155663,70741716,1328
0.2838,-0.5833,-10.0064,-0.1644,0.0249,0.0212,-5.100303,1.483555,-2.155663,70752216,1328
0.5371,-2.9595,-10.439,-0.1914,-0.0114,0.015,-5.100303,1.483555,-2.155663,70762716,1328
-0.0749,-3.5231,-9.4262,-0.0978,0.086,0.0442,-5.100303,1.483555,-2.155663,70773216,1328
0.2833,-3.3518,-9.0118,-0.0974,0.0528,0.0362,-5.100303,1.483555,-2.155663,70783716,1328
0.4934,-0.1715,-9.8671,-0.1203,0.0231,0.0299,-5.100303,1.483555,-2.155663,70794216,1328
0.5384,-0.9846,-9.6663,-0.0856,0.0532,0.0322,-5.100303,1.483555,-2.155663,70804716,1328
-0.3169,-0.235,-11.853,-0.0989,0.029,0.025,-5.100303,1.483555,-2.155663,70815216,1328
-0.6593,-1.6664,-10.1814,-0.1044,0.0047,0.0227,-5.100303,1.483555,-2.155663,70825716,1328
-0.5082,-1.4497,-9.8072,-0.1153,0.0224,0.0312,-5.12272,1.441674,-2.154392,70835762,1329
-0.4628,-1.3166,-9.5662,-0.108,0.0282,0.0309,-5.12272,1.441674,-2.154392,70846262,1329
-0.2544,0.5792,-10.2409,-0.149,0.0193,0.0301,-5.12272,1.441674,-2.154392,70856762,1329
0.3538,1.335,-11.6237,-0.1569,0.0091,0.0264,-5.12272,1.441674,-2.154392,70867262,1329
0.2154,-0.9516,-11.2307,-0.1758,0.0141,0.0224,-5.12272,1.441674,-2.154392,70877762,1329
-0.163,-0.2768,-11.1755,-0.2005,0.044,0.0417,-5.12272,1.441674,-2.154392,70888262,1329
-0.0601,-1.8212,-10.1884,-0.2209,0.0183,0.035,-5.12272,1.441674,-2.154392,70898762,1329
-0.3252,-0.628,-10.543,-0.1699,0.0065,0.0342,-5.12272,1.441674,-2.154392,70909262,1329
-0.0952,3.3832,-10.7636,-0.1731,-0.0324,0.0359,-5.12272,1.441674,-2.154392,70919762,1329
-0.2949,0.9881,-10.7444,-0.1757,-0.0168,0.0325,-5.12272,1.441674,-2.154392,70930262,1329
-0.5679,2.5235,-12.2893,-0.1648,-0.0705,0.0167,-5.12272,1.441674,-2.154392,70940762,1329
-0.483,0.5282,-11.579,-0.1366,-0.0658,0.0254,-5.12272,1.441674,-2.154392,70951262,1329
-0.8981,-1.5254,-10.2465,-0.1232,-0.063,0.0229,-5.12272,1.441674,-2.154392,70961762,1329
0.1149,1.3081,-10.4211,-0.0732,-0.0943,0.0189,-5.12272,1.441674,-2.154392,70972262,1329
0.3365,-0.2498,-9.9526,-0.0212,-0.1162,0.0235,-5.12272,1.441674,-2.154392,70982762,1329
0.5348,-0.1062,-10.8591,0.0104,-0.1271,0.0242,-5.12272,1.441674,-2.154392,70993262,1329
0.239,-1.8522,-10.8771,0.0363,-0.1365,0.0285,-5.12272,1.441674,-2.154392,71003762,1329
-0.4556,-3.7941,-9.7316,0.1205,-0.1032,0.043,-5.12272,1.441674,-2.154392,71014262,1329
-0.1454,0.4296,-9.4887,0.1052,-0.1648,0.035,-5.12272,1.441674,-2.154392,71024762,1329
0.7587,-0.6958,-8.7929,0.0885,-0.1901,0.0369,-5.12272,1.441674,-2.154392,71035262,1329
-0.2512,0.2201,-11.6239,0.0957,-0.2228,0.0278,-5.12272,1.441674,-2.154392,71045762,1329
-0.3663,-0.553,-11.3375,0.0685,-0.2674,0.0151,-5.12272,1.441674,-2.154392,71056262,1329
-0.2994,-3.0388,-10.4352,0.0539,-0.2745,0.0123,-5.137525,1.413773,-2.153778,71066306,1330
0.1419,-3.9708,-9.4203,0.1074,-0.3258,-0.0022,-5.137525,1.413773,-2.153778,71076806,1330
0.6488,-2.2501,-8.4772,0.149,-0.2139,0.0239,-5.137525,1.413773,-2.153778,71086835,1330
0.7203,-2.436,-7.4791,0.1761,-0.2602,0.0235,-5.137525,1.413773,-2.153778,71097335,1330
0.9714,-1.759,-8.8339,0.1521,-0.2883,0.0109,-5.137525,1.413773,-2.153778,71107373,1330
0.8877,0.7169,-8.5344,0.2074,-0.2784,0.0143,-5.137525,1.413773,-2.153778,71117873,1330
0.1026,-1.2743,-9.4475,0.2347,-0.2317,0.0127,-5.137525,1.413773,-2.153778,71128373,1330
0.1247,-0.9576,-9.0553,0.2382,-0.2769,-0.0056,-5.137525,1.413773,-2.153778,71138873,1330
-1.0461,0.3344,-9.1807,0.2816,-0.2698,0.001,-5.137525,1.413773,-2.153778,71149373,1330
0.0254,0.8917,-8.3389,0.3176,-0.2439,0.0123,-5.137525,1.413773,-2.153778,71159873,1330
0.5073,3.0162,-9.7142,0.313,-0.2358,0.0134,-5.137525,1.413773,-2.153778,71170373,1330
0.5142,2.6331,-10.4693,0.2976,-0.2314,0.005,-5.137525,1.413773,-2.153778,71180873,1330
0.3405,1.8729,-10.2892,0.3197,-0.1949,0.0046,-5.137525,1.413773,-2.153778,71191373,1330
-0.3006,2.0508,-11.1257,0.3364,-0.1745,0.0135,-5.134165,1.39182,-2.149523,71201420,1331
-0.1374,0.467,-11.4486,0.2923,-0.1667,-0.0009,-5.134165,1.39182,-2.149523,71211920,1331
-0.6175,0.7504,-11.1623,0.2821,-0.1471,-0.0093,-5.134165,1.39182,-2.149523,71222420,1331
-0.9057,0.4929,-10.5438,0.2453,-0.1757,0.0042,-5.134165,1.39182,-2.149523,71232920,1331
-1.0038,-0.5655,-10.6079,0.2124,-0.2177,-0.0046,-5.134165,1.39182,-2.149523,71243420,1331
-0.4475,0.9003,-10.3585,0.1909,-0.1903,0.0048,-5.134165,1.39182,-2.149523,71253920,1331
0.0413,-0.5968,-10.4892,0.1553,-0.1817,0.0079,-5.134165,1.39182,-2.149523,71264420,1331
0.3332,-0.0646,-10.452,0.1272,-0.1905,-0.0048,-5.134165,1.39182,-2.149523,71274920,1331
-0.2112,1.2093,-11.1922,0.0953,-0.196,-0.008,-5.134165,1.39182,-2.149523,71285420,1331
1.0268,-0.8512,-9.672,0.0725,-0.1787,-0.007,-5.115785,1.373379,-2.145773,71295464,1332
0.6961,-1.2869,-9.5881,0.0827,-0.1827,-0.0077,-5.115785,1.373379,-2.145773,71305468,1332
0.4397,-2.2979,-9.6016,0.0736,-0.1763,0.0102,-5.115785,1.373379,-2.145773,71315968,1332
-0.3464,-3.2214,-8.9581,0.0674,-0.2052,0.0197,-5.115785,1.373379,-2.145773,71326468,1332
-0.3738,-2.2198,-8.4302,0.0632,-0.2071,0.0292,-5.115785,1.373379,-2.145773,71336968,1332
-0.1418,-1.4674,-8.7381,0.0359,-0.2535,0.021,-5.115785,1.373379,-2.145773,71347468,1332
0.5222,-2.106,-8.3603,0.0265,-0.2427,0.0207,-5.115785,1.373379,-2.145773,71357968,1332
-0.479,0.116,-8.9953,0.0287,-0.2532,0.0254,-5.115785,1.373379,-2.145773,71368468,1332
-0.0221,0.4848,-8.8786,-0.0008,-0.2503,0.0174,-5.115785,1.373379,-2.145773,71378968,1332
0.4314,1.4712,-9.6073,-0.0052,-0.2208,0.0215,-5.115785,1.373379,-2.145773,71389468,1332
0.5975,2.4003,-10.6172,-0.041,-0.269,0.0064,-5.115785,1.373379,-2.145773,71399968,1332
-0.3714,0.4712,-10.0035,0.0045,-0.2246,0.0166,-5.115785,1.373379,-2.145773,71410468,1332
-0.3808,1.4738,-10.9443,0.0059,-0.2354,0.019,-5.115785,1.373379,-2.145773,71420968,1332
-1.0668,1.3918,-10.4263,0.0183,-0.2256,0.0143,-5.115785,1.373379,-2.145773,71431468,1332
-0.8072,0.9405,-10.5465,0.0407,-0.2173,0.0153,-5.115785,1.373379,-2.145773,71441968,1332
-0.2295,1.5181,-10.6356,-0.004,-0.1917,0.0157,-5.115785,1.373379,-2.145773,71452468,1332
-0.0582,1.7081,-10.7831,0.0376,-0.2132,0.0131,-5.115785,1.373379,-2.145773,71462968,1332
0.2561,0.0575,-9.8967,0.0232,-0.1409,0.0323,-5.115785,1.373379,-2.145773,71473468,1332
0.3975,-0.9021,-10.4221,0.027,-0.1004,0.0252,-5.093715,1.36741,-2.139798,71483512,1333
0.8782,-2.4296,-9.0488,-0.0001,-0.0963,0.0229,-5.093715,1.36741,-2.139798,71494012,1333
-0.3912,-2.7362,-9.1415,0.0349,-0.0525,0.0336,-5.093715,1.36741,-2.139798,71504512,1333
0.0687,-1.4042,-8.871,0.0416,-0.0701,0.0478,-5.093715,1.36741,-2.139798,71515012,1333
0.1944,-0.7973,-8.1202,0.0339,-0.1,0.0409,-5.066936,1.360773,-2.135451,71525058,1334
-1.3761,1.5188,-9.5223,0.0332,-0.1137,0.0311,-5.066936,1.360773,-2.135451,71535558,1334
0.099,3.0643,-9.7282,0.0617,-0.085,0.0473,-5.066936,1.360773,-2.135451,71545587,1334
0.14,3.7694,-10.8097,0.0075,-0.162,0.0378,-5.066936,1.360773,-2.135451,71556087,1334
-0.5883,2.8517,-12.3172,0.044,-0.1693,0.0417,-5.066936,1.360773,-2.135451,71566587,1334
-0.1381,0.8965,-11.379,0.0719,-0.1711,0.0344,-5.066936,1.360773,-2.135451,71577087,1334
-0.2134,-1.2825,-10.7761,0.0666,-0.2081,0.0315,-5.066936,1.360773,-2.135451,71587587,1334
0.1696,-2.5236,-9.8417,0.0577,-0.2642,0.022,-5.066936,1.360773,-2.135451,71598087,1334
0.0146,-2.1567,-8.8525,0.062,-0.2191,0.0457,-5.066936,1.360773,-2.135451,71608587,1334
0.4179,-1.9457,-8.2647,0.0449,-0.2152,0.0443,-5.066936,1.360773,-2.135451,71619087,1334
0.3257,-0.1579,-9.0381,0.0824,-0.1638,0.0415,-5.066936,1.360773,-2.135451,71629587,1334
0.2978,2.0948,-10.3933,0.0786,-0.1705,0.0451,-5.066936,1.360773,-2.135451,71640087,1334
0.4636,1.6885,-10.3585,0.0665,-0.1453,0.0347,-5.039163,1.354698,-2.129794,71650131,1335
0.0951,0.9042,-10.9146,0.0959,-0.0912,0.0346,-5.039163,1.354698,-2.129794,71660631,1335
-0.2089,-0.3219,-11.5327,0.0886,-0.0883,0.0376,-5.039163,1.354698,-2.129794,71671131,1335
0.8895,-2.6759,-9.2544,0.0849,-0.1158,0.0381,-5.039163,1.354698,-2.129794,71681631,1335
-0.0574,-2.7723,-9.2066,0.0887,-0.0813,0.051,-5.039163,1.354698,-2.129794,71692131,1335
0.2421,-1.6944,-8.7611,0.0912,-0.1085,0.0408,-5.039163,1.354698,-2.129794,71702631,1335
0.9574,-0.7474,-7.9838,0.0656,-0.1394,0.0369,-5.039163,1.354698,-2.129794,71713131,1335
0.5131,-0.9034,-9.5588,0.0624,-0.149,0.0298,-5.039163,1.354698,-2.129794,71723631,1335
0.3828,1.4359,-9.7741,0.064,-0.1446,0.0398,-5.039163,1.354698,-2.129794,71734131,1335
-0.1217,0.1697,-9.298,0.0323,-0.1892,0.0325,-5.039163,1.354698,-2.129794,71744631,1335
-0.5837,0.3806,-10.1679,0.0493,-0.1596,0.0354,-5.039163,1.354698,-2.129794,71755131,1335
-0.4175,2.2908,-10.2264,0.0257,-0.1747,0.0274,-5.039163,1.354698,-2.129794,71765631,1335
-0.3609,3.1703,-10.1339,0.0175,-0.1877,0.0358,-5.039163,1.354698,-2.129794,71776131,1335
-0.3526,1.6628,-10.5381,0.0156,-0.1936,0.0438,-5.039163,1.354698,-2.129794,71786631,1335
-0.9977,1.7653,-11.5166,-0.0129,-0.1596,0.0258,-5.039163,1.354698,-2.129794,71797131,1335
-0.564,0.492,-10.9219,-0.0197,-0.1367,0.0277,-5.039163,1.354698,-2.129794,71807631,1335
-0.0732,-1.2971,-10.1894,0.0052,-0.0782,0.0308,-5.039163,1.354698,-2.129794,71818131,1335
-0.6751,-1.4543,-10.0208,0.0139,-0.0115,0.038,-5.039163,1.354698,-2.129794,71828631,1335
0.1815,-1.0867,-8.2322,-0.0299,0.0057,0.0283,-5.039163,1.354698,-2.129794,71839131,1335
0.8825,-1.2028,-8.8433,-0.0341,0.0122,0.0294,-5.039163,1.354698,-2.129794,71849631,1335
0.862,-1.1084,-9.4502,-0.0175,0.0505,0.0236,-5.039163,1.354698,-2.129794,71860131,1335
0.179,-1.1788,-9.1542,-0.0218,0.0818,0.0356,-5.039163,1.354698,-2.129794,71870631,1335
0.4004,-1.9087,-8.1431,-0.046,0.0711,0.0325,-5.039163,1.354698,-2.129794,71881131,1335
-0.2621,-0.5039,-8.2067,-0.025,0.1072,0.0319,-5.039163,1.354698,-2.129794,71891631,1335
0.3819,0.9671,-8.6239,-0.0283,0.1019,0.0251,-5.019272,1.3461,-2.125908,71901675,1336
0.0057,2.8144,-9.4299,-0.0373,0.0999,0.0318,-5.009919,1.336815,-2.123238,71911749,1337
-0.2484,2.6671,-10.6204,-0.0099,0.0902,0.0222,-5.009919,1.336815,-2.123238,71922249,1337
-0.7964,1.7532,-10.9985,0.0561,0.1067,0.0353,-5.009919,1.336815,-2.123238,71932749,1337
-0.7883,0.2854,-10.9657,0.0876,0.1335,0.0337,-5.009919,1.336815,-2.123238,71943249,1337
-0.327,0.5526,-10.1036,0.1038,0.1508,0.0368,-5.009919,1.336815,-2.123238,71953749,1337
-0.3073,1.6022,-10.9903,0.1657,0.1083,0.0186,-5.009919,1.336815,-2.123238,71964249,1337
0.2956,-0.2254,-8.9839,0.207,0.1181,0.0204,-5.009919,1.336815,-2.123238,71974749,1337
0.2165,-1.5712,-9.7349,0.2517,0.1207,0.0393,-5.009919,1.336815,-2.123238,71985249,1337
0.4419,-1.8291,-9.5001,0.2548,0.0536,0.0301,-5.009919,1.336815,-2.123238,71995749,1337
-0.4544,-0.6995,-8.9842,0.2468,0.0563,0.0338,-5.009919,1.336815,-2.123238,72006249,1337
-0.2934,-0.7664,-8.7861,0.2496,0.0714,0.0427,-5.009919,1.336815,-2.123238,72016749,1337
-0.2219,1.5018,-10.4742,0.2387,0.0734,0.028,-5.009919,1.336815,-2.123238,72027249,1337
-0.5364,2.4473,-10.2114,0.2722,0.1608,0.045,-5.009919,1.336815,-2.123238,72037749,1337
0.2587,3.4305,-11.0965,0.2211,0.1817,0.0464,-5.009919,1.336815,-2.123238,72048249,1337
-0.037,2.7121,-11.193,0.1931,0.1447,0.0283,-5.009919,1.336815,-2.123238,72058749,1337
-1.1225,1.682,-11.9356,0.154,0.125,0.0197,-5.009919,1.336815,-2.123238,72069249,1337
0.0632,-0.4707,-11.1838,0.1317,0.1128,0.0196,-5.009919,1.336815,-2.123238,72079749,1337
-0.7773,-1.1454,-10.4008,0.1273,0.1557,0.0347,-5.009919,1.336815,-2.123238,72090249,1337
-1.0128,1.4355,-10.556,0.0751,0.1516,0.028,-5.009919,1.336815,-2.123238,72100749,1337
0.4631,-0.0346,-9.4553,0.0478,0.1296,0.0252,-5.009919,1.336815,-2.123238,72111249,1337
-0.2157,0.8658,-10.8577,0.0044,0.0933,0.0186,-5.007912,1.319772,-2.118846,72121294,1338
-0.1706,-0.3819,-10.8343,-0.0275,0.0818,0.0135,-5.010889,1.306173,-2.115931,72131340,1339
1.3003,-0.3821,-9.3302,-0.0393,0.1009,0.0239,-5.010889,1.306173,-2.115931,72141840,1339
-0.3158,-2.4453,-10.0236,-0.0611,0.1369,0.0265,-5.010889,1.306173,-2.115931,72151843,1339
-0.1371,-1.7673,-10.5587,-0.0886,0.1222,0.0087,-5.010889,1.306173,-2.115931,72162343,1339
0.5043,-1.7755,-9.0811,-0.0997,0.186,0.0163,-5.010889,1.306173,-2.115931,72172352,1339
-0.3571,-2.2774,-8.4125,-0.0894,0.1941,0.0174,-5.010889,1.306173,-2.115931,72182852,1339
-0.5392,0.0196,-9.8164,-0.0848,0.2408,0.0175,-5.010889,1.306173,-2.115931,72193352,1339
0.0808,2.1536,-9.5301,-0.1088,0.2491,0.0162,-5.010889,1.306173,-2.115931,72203852,1339
-0.2261,1.3613,-9.9995,-0.0951,0.2445,0.0116,-5.010889,1.306173,-2.115931,72214352,1339
-0.2564,3.1662,-11.7077,-0.0663,0.23,0.0135,-5.010889,1.306173,-2.115931,72224852,1339
-0.8891,2.2557,-11.1706,-0.0948,0.2443,0.0081,-5.010889,1.306173,-2.115931,72235352,1339
-0.5886,0.4167,-10.8445,-0.0748,0.2282,0.0153,-5.010889,1.306173,-2.115931,72245852,1339
-0.5206,0.7684,-10.9235,-0.0706,0.1929,0.0081,-5.010889,1.306173,-2.115931,72256352,1339
-0.1962,2.6596,-10.1437,-0.0661,0.1688,0.0012,-5.010889,1.306173,-2.115931,72266852,1339
-0.4721,2.1103,-10.3284,-0.0826,0.1145,0.0044,-5.010889,1.306173,-2.115931,72277352,1339
-0.301,1.5339,-11.4786,-0.0497,0.1082,0.0133,-5.010889,1.306173,-2.115931,72287852,1339
-0.4112,0.7044,-10.8121,-0.0712,0.0675,0.0032,-5.010889,1.306173,-2.115931,72298352,1339
-0.9653,0.6668,-9.8651,-0.0638,0.0551,0.0154,-5.010889,1.306173,-2.115931,72308852,1339
0.4771,3.0879,-9.9134,-0.0361,0.0688,0.0284,-5.010889,1.306173,-2.115931,72319352,1339
-0.2166,3.3659,-10.6482,-0.056,0.0439,0.016,-5.010889,1.306173,-2.115931,72329852,1339
-0.6153,1.344,-11.2326,-0.0646,-0.0219,0.0091,-5.010889,1.306173,-2.115931,72340352,1339
-0.316,0.891,-11.0442,-0.0578,0.0089,0.008,-5.017061,1.283232,-2.114133,72350404,1340
-0.8274,0.1889,-9.3315,-0.0482,0.0213,0.0027,-5.017061,1.283232,-2.114133,72360904,1340
-1.1228,0.7727,-10.6904,-0.0688,0.0275,-0.0078,-5.017061,1.283232,-2.114133,72371404,1340
0.2014,2.6384,-10.3622,-0.0301,0.0965,0.0138,-5.017061,1.283232,-2.114133,72381904,1340
-0.5527,1.5195,-10.8046,0.0148,0.1177,0.0189,-5.017061,1.283232,-2.114133,72392404,1340
-0.1243,1.3705,-11.737,0.0243,0.1126,0.0058,-5.017061,1.283232,-2.114133,72402904,1340
-0.75,0.8144,-11.0972,0.0289,0.1423,-0.002,-5.017061,1.283232,-2.114133,72413404,1340
-0.7219,-1.6964,-10.7491,0.097,0.1638,0.007,-5.017061,1.283232,-2.114133,72423904,1340
-0.803,-0.4228,-10.4954,0.0798,0.1619,0.0005,-5.017061,1.283232,-2.114133,72434404,1340
-0.6736,0.7597,-9.7501,0.1043,0.1606,0.0099,-5.026171,1.252787,-2.11614,72444948,1341
-0.2525,0.8675,-10.5746,0.0934,0.1294,0.0062,-5.026171,1.252787,-2.11614,72455448,1341
-0.1137,0.9454,-10.903,0.1303,0.1444,0.004,-5.026171,1.252787,-2.11614,72465948,1341
-0.2763,0.7006,-11.235,0.1156,0.1271,0.0015,-5.026171,1.252787,-2.11614,72476448,1341
-0.3466,-0.0877,-11.0051,0.0986,0.1097,-0.0022,-5.026171,1.252787,-2.11614,72486948,1341
-0.3667,-0.8183,-11.5637,0.0791,0.1445,-0.0066,-5.026171,1.252787,-2.11614,72497448,1341
-0.3326,-0.4408,-10.2046,0.0365,0.1299,-0.007,-5.026171,1.252787,-2.11614,72507948,1341
-0.2931,-0.7818,-10.4409,-0.0045,0.1184,-0.0036,-5.026171,1.252787,-2.11614,72518448,1341
-0.4803,0.313,-10.6178,-0.0416,0.1112,-0.0144,-5.026171,1.252787,-2.11614,72528948,1341
0.3476,2.8316,-9.3111,-0.0936,0.0837,-0.0225,-5.026171,1.252787,-2.11614,72539448,1341
0.1077,1.7307,-10.0584,-0.0821,0.1277,-0.0162,-5.026171,1.252787,-2.11614,72549948,1341
0.2326,2.3163,-9.9604,-0.1531,0.0979,-0.0229,-5.026171,1.252787,-2.11614,72560448,1341
-0.1773,0.726,-9.2997,-0.1624,0.0621,-0.0167,-5.026171,1.252787,-2.11614,72570948,1341
-0.061,-0.2904,-9.4372,-0.1298,0.092,-0.0124,-5.026171,1.252787,-2.11614,72581448,1341
0.3007,-1.5311,-8.5769,-0.1378,0.0675,-0.019,-5.026171,1.252787,-2.11614,72591948,1341
-0.3671,-1.2607,-8.2602,-0.1321,0.0674,-0.0161,-5.026171,1.252787,-2.11614,72602448,1341
0.2312,-0.5967,-8.4662,-0.1258,0.0398,-0.0224,-5.026171,1.252787,-2.11614,72612948,1341
0.2439,0.0115,-10.4191,-0.1223,-0.0047,-0.0403,-5.026171,1.252787,-2.11614,72623448,1341
0.1082,-0.6365,-10.0845,-0.1088,-0.0526,-0.0389,-5.033198,1.218213,-2.11978,72633496,1342
0.172,0.9209,-9.4553,-0.1292,-0.0384,-0.0351,-5.038299,1.178298,-2.121338,72643619,1343
0.2427,1.2795,-9.8187,-0.1095,-0.0061,-0.0254,-5.038299,1.178298,-2.121338,72654119,1343
-0.1726,-2.3878,-9.9747,-0.1585,-0.023,-0.0563,-5.038299,1.178298,-2.121338,72664619,1343
0.3923,-1.4243,-9.8348,-0.129,0.0684,-0.0358,-5.038299,1.178298,-2.121338,72675119,1343
0.7284,-3.8273,-9.1297,-0.0903,0.1448,-0.0189,-5.038299,1.178298,-2.121338,72685619,1343
-0.1272,-4.1346,-8.8654,-0.2011,0.0692,-0.0461,-5.038299,1.178298,-2.121338,72696119,1343
0.1692,-4.1169,-8.7446,-0.1885,0.1566,-0.0293,-5.038299,1.178298,-2.121338,72706619,1343
-0.4685,-1.5078,-9.9419,-0.1654,0.2126,-0.0254,-5.038299,1.178298,-2.121338,72717119,1343
-0.9588,-2.3505,-9.3069,-0.1791,0.1876,-0.0439,-5.038299,1.178298,-2.121338,72727619,1343
-0.4461,0.0644,-9.7745,-0.2234,0.19,-0.0509,-5.038299,1.178298,-2.121338,72738119,1343
-0.6747,2.3332,-11.3025,-0.199,0.2165,-0.0376,-5.038299,1.178298,-2.121338,72748619,1343
-0.6099,1.9126,-11.3805,-0.2343,0.1558,-0.0552,-5.038299,1.178298,-2.121338,72759119,1343
0.8779,1.0259,-11.1052,-0.2147,0.1319,-0.0533,-5.038299,1.178298,-2.121338,72769619,1343
0.3123,0.2314,-10.5968,-0.2284,0.098,-0.0614,-5.038299,1.178298,-2.121338,72780119,1343
-0.3736,-1.1718,-9.2539,-0.1753,0.0643,-0.059,-5.038299,1.178298,-2.121338,72790619,1343
0.5218,-0.2055,-8.275,-0.2281,0.0386,-0.0526,-5.038299,1.178298,-2.121338,72801119,1343
0.3932,0.6625,-8.1045,-0.2625,-0.0089,-0.0674,-5.038299,1.178298,-2.121338,72811619,1343
-0.0511,1.5043,-8.7344,-0.2581,-0.0483,-0.0692,-5.034456,1.146637,-2.126748,72821665,1344
0.0902,1.2772,-9.6366,-0.1244,-0.0202,-0.0404,-5.034456,1.146637,-2.126748,72832165,1344
0.4812,-2.3026,-11.2927,-0.1968,-0.1172,-0.0541,-5.034456,1.146637,-2.126748,72842665,1344
0.4209,-2.6555,-10.6248,-0.2173,-0.1354,-0.0558,-5.034456,1.146637,-2.126748,72853165,1344
-0.0285,-2.4967,-9.2571,-0.183,-0.1026,-0.0508,-5.034456,1.146637,-2.126748,72863665,1344
-0.7005,0.0822,-9.8555,-0.1211,-0.0833,-0.0442,-5.034456,1.146637,-2.126748,72874165,1344
-0.6344,0.8043,-10.797,-0.0948,-0.1003,-0.0402,-5.034456,1.146637,-2.126748,72884665,1344
0.136,4.9163,-10.0195,-0.0812,-0.0444,-0.0334,-5.034456,1.146637,-2.126748,72895165,1344
-0.054,3.3756,-10.8342,-0.0909,-0.1086,-0.0501,-5.034456,1.146637,-2.126748,72905665,1344
0.2227,1.73,-11.3789,-0.0497,-0.0858,-0.0481,-5.032185,1.103474,-2.128755,72915711,1345
0.7562,2.4394,-10.9026,-0.0579,-0.0722,-0.0494,-5.032185,1.103474,-2.128755,72925742,1345
0.455,0.1253,-9.0887,-0.0449,-0.0578,-0.0395,-5.032185,1.103474,-2.128755,72936242,1345
-0.2355,1.2739,-10.5872,-0.073,-0.0209,-0.0367,-5.032185,1.103474,-2.128755,72946742,1345
-0.1601,-2.3507,-9.6791,-0.1153,-0.0561,-0.054,-5.032185,1.103474,-2.128755,72957242,1345
0.243,-3.0545,-9.2616,-0.1114,-0.0522,-0.0527,-5.032185,1.103474,-2.128755,72967742,1345
-0.1599,-4.6899,-8.8956,-0.1831,-0.0756,-0.0556,-5.032185,1.103474,-2.128755,72978242,1345
-0.2483,0.5705,-9.9222,-0.2337,-0.1123,-0.0686,-5.032185,1.103474,-2.128755,72988742,1345
0.002,0.8568,-9.9902,-0.1547,-0.0682,-0.0414,-5.032185,1.103474,-2.128755,72999242,1345
-0.258,4.3843,-10.8026,-0.2787,-0.1562,-0.0608,-5.032185,1.103474,-2.128755,73009742,1345
-0.0371,3.103,-10.5593,-0.2008,-0.0637,-0.0361,-5.032185,1.103474,-2.128755,73020242,1345
0.8039,-1.1011,-8.9796,-0.2584,-0.1435,-0.0613,-5.032185,1.103474,-2.128755,73030742,1345
-0.3837,-3.4765,-9.2164,-0.2637,-0.1508,-0.066,-5.022585,1.076334,-2.131682,73040786,1346
-1.378,-3.9817,-8.9442,-0.2362,-0.0819,-0.0414,-5.022585,1.076334,-2.131682,73051286,1346
-0.1189,0.9386,-10.163,-0.1743,-0.091,-0.0463,-5.022585,1.076334,-2.131682,73061786,1346
0.352,0.6434,-10.0617,-0.1091,-0.0717,-0.0455,-5.022585,1.076334,-2.131682,73072286,1346
-0.1324,3.4794,-11.7016,-0.1212,-0.1107,-0.0584,-5.022585,1.076334,-2.131682,73082786,1346
-1.0845,2.8828,-11.88,-0.1208,-0.1216,-0.0554,-5.022585,1.076334,-2.131682,73093286,1346
-0.0684,0.4743,-10.5368,-0.0654,-0.1087,-0.0573,-5.022585,1.076334,-2.131682,73103786,1346
-0.0541,-1.0092,-7.414,-0.0267,-0.1161,-0.0646,-5.022585,1.076334,-2.131682,73114286,1346
-1.556,0.1404,-8.2541,0.0096,-0.0997,-0.0531,-5.022585,1.076334,-2.131682,73124786,1346
-0.5626,1.4436,-9.388,0.0393,-0.1219,-0.0685,-5.022585,1.076334,-2.131682,73135286,1346
0.6491,2.3249,-8.8794,0.0652,-0.1056,-0.0677,-5.011192,1.04824,-2.136456,73145333,1347
1.4796,1.3134,-9.0124,0.142,-0.0753,-0.0507,-5.011192,1.04824,-2.136456,73155833,1347
0.2144,2.4247,-9.3209,0.1754,-0.027,-0.0481,-5.011192,1.04824,-2.136456,73165862,1347
0.1091,-1.9832,-10.6143,0.1413,-0.1276,-0.0784,-5.011192,1.04824,-2.136456,73176362,1347
0.712,-0.4479,-9.9538,0.1739,-0.1363,-0.0869,-5.011192,1.04824,-2.136456,73186393,1347
0.4349,-4.2718,-8.8791,0.2812,-0.0126,-0.0513,-5.011192,1.04824,-2.136456,73196893,1347
-0.4098,-2.8436,-9.1597,0.1741,-0.1296,-0.1,-5.011192,1.04824,-2.136456,73207393,1347
-0.548,-2.6372,-9.855,0.1905,-0.1175,-0.1011,-5.011192,1.04824,-2.136456,73217893,1347
0.3294,-2.2841,-9.1913,0.2714,-0.0818,-0.0708,-5.011192,1.04824,-2.136456,73228393,1347
-0.0323,-0.6296,-9.5239,0.298,-0.0104,-0.0565,-5.011192,1.04824,-2.136456,73238893,1347
-0.5559,4.2246,-11.2778,0.1847,-0.1482,-0.0808,-5.011192,1.04824,-2.136456,73249393,1347
-0.0275,3.1244,-11.4753,0.1887,-0.1277,-0.0752,-5.011192,1.04824,-2.136456,73259893,1347
1.2002,3.5672,-10.4171,0.262,-0.0264,-0.066,-4.991985,1.017409,-2.14378,73269939,1348
0.4129,4.2009,-9.8273,0.1887,-0.0798,-0.0748,-4.991985,1.017409,-2.14378,73280439,1348
-0.2072,1.3226,-10.2274,0.2524,-0.0392,-0.0499,-4.991985,1.017409,-2.14378,73290939,1348
0.7579,0.8942,-10.2852,0.2153,-0.0706,-0.0644,-4.991985,1.017409,-2.14378,73301439,1348
1.4352,-1.5077,-9.1088,0.2128,-0.0949,-0.065,-4.991985,1.017409,-2.14378,73311939,1348
-0.8942,-2.8768,-9.9762,0.1362,-0.0934,-0.0656,-4.991985,1.017409,-2.14378,73322439,1348
-0.6277,-2.9549,-11.0638,0.1126,-0.105,-0.0768,-4.991985,1.017409,-2.14378,73332939,1348
0.1433,-0.6171,-10.1743,0.1291,-0.1139,-0.076,-4.991985,1.017409,-2.14378,73343439,1348
-1.053,0.1189,-9.8033,0.1692,-0.0549,-0.0611,-4.991985,1.017409,-2.14378,73353939,1348
-2.0525,0.8289,-9.7599,0.1127,-0.085,-0.0838,-4.991985,1.017409,-2.14378,73364439,1348
-0.6311,1.0199,-9.1476,0.1254,-0.0652,-0.0704,-4.970901,0.993159,-2.150483,73374484,1349
0.2276,0.8106,-7.9063,0.1437,-0.087,-0.0753,-4.970901,0.993159,-2.150483,73384487,1349
-0.1664,0.6393,-8.3996,0.1483,-0.0955,-0.0736,-4.970901,0.993159,-2.150483,73394987,1349
0.4783,-0.1193,-8.508,0.1514,-0.1029,-0.0657,-4.970901,0.993159,-2.150483,73405487,1349
1.1584,-0.2145,-11.0088,0.1412,-0.1441,-0.0777,-4.970901,0.993159,-2.150483,73415987,1349
-0.1888,1.857,-11.9537,0.1618,-0.1571,-0.0813,-4.970901,0.993159,-2.150483,73426487,1349
-0.1414,2.3243,-11.0855,0.1309,-0.1315,-0.064,-4.970901,0.993159,-2.150483,73436987,1349
0.1827,-0.3515,-9.8267,0.0818,-0.1673,-0.0834,-4.970901,0.993159,-2.150483,73447487,1349
-0.3799,1.4488,-10.6923,0.1163,-0.1322,-0.078,-4.970901,0.993159,-2.150483,73457987,1349
0.5835,-2.6375,-8.1771,0.1168,-0.1048,-0.0663,-4.970901,0.993159,-2.150483,73468487,1349
0.4963,-4.4818,-8.6955,0.085,-0.1218,-0.0772,-4.970901,0.993159,-2.150483,73478987,1349
-1.1262,-4.0466,-10.699,0.0332,-0.1496,-0.082,-4.970901,0.993159,-2.150483,73489487,1349
-0.1708,0.2318,-9.9646,0.0644,-0.1376,-0.0733,-4.970901,0.993159,-2.150483,73499987,1349
-0.2669,0.0769,-9.432,0.1403,-0.0584,-0.0564,-4.970901,0.993159,-2.150483,73510487,1349
-1.5273,1.5051,-8.5509,0.0584,-0.0455,-0.0594,-4.970901,0.993159,-2.150483,73520987,1349
0.2416,-0.6672,-8.2634,0.0471,-0.0617,-0.074,-4.970901,0.993159,-2.150483,73531487,1349
0.544,-0.2613,-8.3991,0.0444,-0.041,-0.0724,-4.970901,0.993159,-2.150483,73541987,1349
-0.585,0.9139,-11.6384,0.0438,-0.0162,-0.0635,-4.970901,0.993159,-2.150483,73552487,1349
0.7941,1.0643,-10.9925,0.0273,-0.0302,-0.0774,-4.970901,0.993159,-2.150483,73562987,1349
0.0578,4.2248,-11.2762,0.0341,-0.009,-0.0701,-4.953496,0.980005,-2.155662,73573032,1350
0.0197,4.3217,-10.8445,0.0193,0.0481,-0.0598,-4.938455,0.965257,-2.160815,73583077,1351
0.7561,0.8571,-8.3939,0.045,0.0838,-0.0528,-4.938455,0.965257,-2.160815,73593577,1351
0.1882,1.5788,-9.2084,0.0007,0.0088,-0.0819,-4.938455,0.965257,-2.160815,73603605,1351
0.8312,-2.4429,-10.5195,0.0053,-0.0642,-0.0882,-4.938455,0.965257,-2.160815,73614105,1351
1.3472,-2.5103,-9.2731,0.1015,-0.017,-0.0708,-4.938455,0.965257,-2.160815,73624605,1351
-0.2561,-2.3436,-11.0286,0.1404,0.0187,-0.0593,-4.938455,0.965257,-2.160815,73635105,1351
-0.6364,-1.2771,-11.9616,0.1021,-0.0905,-0.0794,-4.938455,0.965257,-2.160815,73645605,1351
-0.4208,-2.3087,-10.9805,0.1443,-0.0843,-0.0701,-4.938455,0.965257,-2.160815,73656105,1351
-1.4973,1.063,-9.608,0.1388,-0.049,-0.0666,-4.938455,0.965257,-2.160815,73666605,1351
-1.4384,1.0365,-11.1999,0.1964,-0.0589,-0.0644,-4.938455,0.965257,-2.160815,73677105,1351
0.2499,-0.6925,-8.9174,0.1869,-0.0619,-0.0733,-4.938455,0.965257,-2.160815,73687605,1351
-0.2305,-0.51,-8.8476,0.1902,-0.0395,-0.0713,-4.938455,0.965257,-2.160815,73698105,1351
-1.3761,-2.1324,-8.5978,0.2147,-0.0206,-0.0588,-4.938455,0.965257,-2.160815,73708605,1351
0.4609,-3.8464,-8.7953,0.2261,-0.0472,-0.0666,-4.938455,0.965257,-2.160815,73719105,1351
0.0562,-3.5856,-9.005,0.1668,0.0172,-0.053,-4.924084,0.953756,-2.16387,73729149,1352
-0.8797,-0.1961,-10.1722,0.1577,0.0111,-0.05,-4.924084,0.953756,-2.16387,73739649,1352
-0.6437,-2.54,-10.5259,0.138,0.0014,-0.0525,-4.924084,0.953756,-2.16387,73750149,1352
-1.5974,1.2395,-9.458,0.0985,-0.0261,-0.0734,-4.924084,0.953756,-2.16387,73760649,1352
-1.6671,1.2655,-9.7032,0.075,-0.0402,-0.0752,-4.924084,0.953756,-2.16387,73771149,1352
-0.057,-0.4493,-8.3847,0.0501,-0.0132,-0.0768,-4.924084,0.953756,-2.16387,73781649,1352
-0.2622,-0.2277,-8.4889,0.0529,-0.0036,-0.0631,-4.924084,0.953756,-2.16387,73792149,1352
-1.0867,-1.909,-8.401,0.0577,0.0017,-0.0555,-4.924084,0.953756,-2.16387,73802649,1352
0.2027,-1.0613,-10.2095,0.0205,0.0409,-0.0513,-4.924084,0.953756,-2.16387,73813149,1352
-0.0874,1.0695,-9.8609,0.0168,-0.0281,-0.0794,-4.924084,0.953756,-2.16387,73823649,1352
-0.2218,1.8177,-9.9497,0.0355,-0.0411,-0.0731,-4.910767,0.934281,-2.169904,73833693,1353
-0.4709,0.1408,-10.0603,0.0498,-0.0248,-0.0684,-4.910767,0.934281,-2.169904,73843724,1353
-0.7255,3.3431,-9.5288,0.0965,-0.0357,-0.0666,-4.910767,0.934281,-2.169904,73854224,1353
-1.2475,2.9607,-9.2985,0.0925,-0.0369,-0.0485,-4.910767,0.934281,-2.169904,73864724,1353
-0.2228,2.1288,-8.8043,0.0061,-0.093,-0.0648,-4.910767,0.934281,-2.169904,73875224,1353
1.3235,2.0115,-9.0401,0.0373,-0.0642,-0.0527,-4.910767,0.934281,-2.169904,73885724,1353
0.282,1.388,-8.7433,0.0389,-0.1032,-0.0552,-4.910767,0.934281,-2.169904,73896224,1353
0.7646,-0.4134,-10.1729,0.0259,-0.1152,-0.0636,-4.910767,0.934281,-2.169904,73906724,1353
0.2053,0.1932,-9.1365,0.0552,-0.0636,-0.0583,-4.910767,0.934281,-2.169904,73917224,1353
-0.1485,1.5787,-11.1137,0.0595,-0.044,-0.0579,-4.910767,0.934281,-2.169904,73927724,1353
1.1484,3.1711,-10.3701,0.0808,-0.012,-0.0467,-4.910767,0.934281,-2.169904,73938224,1353
0.0733,4.0086,-9.4848,-0.0565,-0.1262,-0.0773,-4.910767,0.934281,-2.169904,73948724,1353
0.2823,1.6336,-9.988,-0.0692,-0.0924,-0.065,-4.910767,0.934281,-2.169904,73959224,1353
0.6303,1.4688,-9.0315,-0.0345,-0.0346,-0.0421,-4.902166,0.917056,-2.175012,73969269,1354
0.8816,1.4686,-9.3315,-0.0572,-0.0752,-0.0503,-4.902166,0.917056,-2.175012,73979769,1354
1.0223,1.0211,-9.4646,-0.0892,-0.0484,-0.0593,-4.902166,0.917056,-2.175012,73990269,1354
1.4439,0.3365,-10.4805,-0.097,-0.0341,-0.0557,-4.902166,0.917056,-2.175012,74000769,1354
-0.6555,1.4525,-11.6036,-0.0825,-0.008,-0.0568,-4.902166,0.917056,-2.175012,74011269,1354
0.3226,1.2482,-11.1942,-0.0823,0.026,-0.0534,-4.902166,0.917056,-2.175012,74021769,1354
0.3519,3.135,-10.7859,-0.0956,0.0104,-0.0547,-4.902166,0.917056,-2.175012,74032269,1354
0.2798,1.4372,-10.4668,-0.0937,-0.0125,-0.0656,-4.902166,0.917056,-2.175012,74042769,1354
0.7433,1.3721,-9.7119,-0.0656,0.0273,-0.053,-4.902166,0.917056,-2.175012,74053269,1354
-0.3649,-0.5364,-9.7513,-0.0169,0.0212,-0.0455,-4.896564,0.889678,-2.181655,74063313,1355
0.6049,-1.1505,-10.0756,-0.0109,0.0436,-0.0334,-4.896564,0.889678,-2.181655,74073813,1355
0.9005,-1.09,-9.4573,-0.0337,0.0136,-0.0494,-4.896564,0.889678,-2.181655,74083842,1355
-0.1133,-1.1507,-9.9773,-0.0835,-0.0295,-0.0566,-4.896564,0.889678,-2.181655,74094342,1355
0.8954,-1.4098,-10.6018,0.0083,0.0453,-0.0367,-4.896564,0.889678,-2.181655,74104373,1355
0.471,-1.6998,-10.8477,-0.0634,0.0447,-0.0432,-4.896564,0.889678,-2.181655,74114873,1355
-1.0538,-0.4088,-10.8751,-0.102,0.037,-0.0448,-4.896564,0.889678,-2.181655,74125373,1355
0.4122,-0.6371,-11.4048,-0.0915,0.0525,-0.0407,-4.896564,0.889678,-2.181655,74135873,1355
-0.6526,0.2153,-9.3705,-0.1412,0.0348,-0.0442,-4.896564,0.889678,-2.181655,74146373,1355
-0.4379,-0.2583,-9.4832,-0.1617,0.0618,-0.0333,-4.896564,0.889678,-2.181655,74156873,1355
0.5327,-2.6783,-9.4296,-0.2097,0.0163,-0.0587,-4.896564,0.889678,-2.181655,74167373,1355
-0.805,-1.9786,-9.7713,-0.2054,0.0658,-0.0436,-4.896564,0.889678,-2.181655,74177873,1355
-0.3346,-2.7709,-10.04,-0.2211,0.0417,-0.0499,-4.896564,0.889678,-2.181655,74188373,1355
0.2005,-2.9567,-10.1232,-0.2356,0.0428,-0.0577,-4.895341,0.862369,-2.187333,74198418,1356
0.236,-2.0063,-10.0752,-0.246,0.0058,-0.0561,-4.895341,0.862369,-2.187333,74208918,1356
-0.4667,-2.0815,-10.5518,-0.1804,0.0657,-0.04,-4.895341,0.862369,-2.187333,74219418,1356
0.5937,-2.2142,-10.4528,-0.2332,0.0671,-0.0524,-4.895341,0.862369,-2.187333,74229918,1356
-0.8844,-0.4803,-10.8179,-0.1891,0.0608,-0.05,-4.895341,0.862369,-2.187333,74240418,1356
-0.6616,-1.975,-11.021,-0.1741,0.0594,-0.055,-4.895341,0.862369,-2.187333,74250918,1356
0.4293,-1.7417,-10.437,-0.126,0.1144,-0.0275,-4.895341,0.862369,-2.187333,74261418,1356
-1.233,-0.2762,-9.9914,-0.1284,0.0437,-0.0444,-4.895341,0.862369,-2.187333,74271918,1356
-0.439,-1.6166,-10.9335,-0.1072,0.0543,-0.0388,-4.895341,0.862369,-2.187333,74282418,1356
-0.1733,-0.5048,-9.8618,-0.1216,0.0466,-0.0386,-4.901445,0.824035,-2.193899,74292972,1357
-0.7842,0.0783,-10.8454,-0.0833,0.0516,-0.0479,-4.901445,0.824035,-2.193899,74303471,1357
-0.2096,-1.8633,-10.3672,-0.068,0.0827,-0.0362,-4.901445,0.824035,-2.193899,74313971,1357
0.7276,-0.9798,-9.8334,-0.0604,0.1204,-0.0332,-4.901445,0.824035,-2.193899,74324471,1357
-0.775,-0.0519,-10.7396,-0.0768,0.0735,-0.0404,-4.901445,0.824035,-2.193899,74334971,1357
0.4097,-2.539,-9.2762,-0.0444,0.128,-0.022,-4.901445,0.824035,-2.193899,74345471,1357
0.598,-0.4693,-9.587,-0.0843,0.1189,-0.038,-4.901445,0.824035,-2.193899,74355971,1357
-0.7454,-1.3096,-10.656,-0.1623,0.105,-0.0463,-4.901445,0.824035,-2.193899,74366471,1357
0.4185,-1.0104,-9.6877,-0.1945,0.1095,-0.0463,-4.901445,0.824035,-2.193899,74376971,1357
0.3594,-1.5158,-9.4056,-0.1438,0.1417,-0.0269,-4.901445,0.824035,-2.193899,74387471,1357
-0.2769,-2.3602,-10.4988,-0.1857,0.1434,-0.0367,-4.901445,0.824035,-2.193899,74397971,1357
1.1276,-2.7595,-9.647,-0.1074,0.1912,-0.0105,-4.901445,0.824035,-2.193899,74408471,1357
-0.76,-1.7456,-10.1864,-0.1638,0.1335,-0.031,-4.901445,0.824035,-2.193899,74418971,1357
-0.4969,-2.2535,-10.5444,-0.1598,0.1317,-0.0342,-4.901445,0.824035,-2.193899,74429471,1357
0.3419,-2.8069,-9.4473,-0.1618,0.1107,-0.0344,-4.901445,0.824035,-2.193899,74439971,1357
-1.3765,0.7214,-9.4822,-0.1542,0.0869,-0.0408,-4.901445,0.824035,-2.193899,74450471,1357
-0.4041,-0.897,-10.0018,-0.0943,0.1279,-0.0219,-4.901445,0.824035,-2.193899,74460971,1357
-0.6822,1.2535,-8.5033,-0.0491,0.125,-0.0089,-4.901445,0.824035,-2.193899,74471471,1357
0.4617,1.3544,-9.1912,-0.0826,0.0815,-0.0352,-4.911232,0.789104,-2.197347,74482032,1358
0.9042,0.9557,-8.7716,-0.0135,0.1281,-0.0179,-4.911232,0.789104,-2.197347,74492532,1358
-0.5717,2.0884,-8.8643,-0.0269,0.0877,-0.0292,-4.911232,0.789104,-2.197347,74503032,1358
0.784,1.2545,-9.4767,-0.0517,0.066,-0.0345,-4.911232,0.789104,-2.197347,74513532,1358
1.1458,1.3898,-10.0663,0.0039,0.1032,-0.0282,-4.922788,0.751544,-2.203557,74524076,1359
-0.2605,2.2147,-9.6266,-0.0008,0.0888,-0.025,-4.922788,0.751544,-2.203557,74534576,1359
0.9172,0.6907,-9.7557,0.0517,0.0902,-0.0232,-4.922788,0.751544,-2.203557,74545076,1359
0.9171,1.1208,-9.4483,0.0493,0.0982,-0.0156,-4.922788,0.751544,-2.203557,74555576,1359
0.1866,0.5512,-10.6253,0.0231,0.081,-0.0342,-4.922788,0.751544,-2.203557,74566076,1359
0.8521,0.3082,-9.876,0.0144,0.1107,-0.0242,-4.922788,0.751544,-2.203557,74576576,1359
0.6157,1.3379,-10.12,-0.0009,0.1338,-0.0229,-4.922788,0.751544,-2.203557,74587076,1359
-0.8044,1.9947,-10.6089,-0.0634,0.1407,-0.0297,-4.922788,0.751544,-2.203557,74597576,1359
0.7833,0.8072,-9.8278,-0.0726,0.1224,-0.0264,-4.922788,0.751544,-2.203557,74608076,1359
0.4799,2.6836,-10.8756,-0.0401,0.1086,-0.0159,-4.922788,0.751544,-2.203557,74618576,1359
-1.1151,2.7691,-10.4526,-0.1121,0.0957,-0.0282,-4.922788,0.751544,-2.203557,74629076,1359
1.236,2.1882,-10.0154,-0.0825,0.0934,-0.03,-4.922788,0.751544,-2.203557,74639576,1359
0.2302,2.1808,-10.4419,-0.1307,0.0663,-0.0454,-4.922788,0.751544,-2.203557,74650076,1359
-0.5869,3.7923,-10.515,-0.1208,0.0497,-0.0311,-4.938908,0.717387,-2.209794,74660120,1360
0.9055,1.6758,-9.9995,-0.08,0.0411,-0.0147,-4.938908,0.717387,-2.209794,74670620,1360
1.0442,1.98,-10.2141,-0.1147,-0.0112,-0.0286,-4.938908,0.717387,-2.209794,74680623,1360
0.0048,0.4437,-10.0746,-0.1107,-0.0177,-0.0324,-4.938908,0.717387,-2.209794,74691123,1360
1.1401,0.7719,-9.6767,-0.1151,0.0603,-0.0208,-4.938908,0.717387,-2.209794,74701623,1360
-0.2888,-0.5833,-10.5106,-0.1054,0.0098,-0.0382,-4.938908,0.717387,-2.209794,74712123,1360
0.7328,-3.0024,-9.7478,-0.1007,0.0694,-0.0202,-4.938908,0.717387,-2.209794,74722623,1360
0.9021,-1.9237,-9.6476,-0.111,0.0366,-0.0277,-4.938908,0.717387,-2.209794,74733123,1360
-0.5026,-2.8072,-10.8396,-0.1317,0.0413,-0.0333,-4.938908,0.717387,-2.209794,74743623,1360
1.0722,-2.7806,-9.9305,-0.0937,0.0374,-0.0293,-4.938908,0.717387,-2.209794,74754123,1360
-0.3791,-1.279,-10.1358,-0.0902,0.0372,-0.02,-4.938908,0.717387,-2.209794,74764623,1360
-0.116,-2.2786,-10.0056,-0.1111,0.028,-0.0249,-4.938908,0.717387,-2.209794,74775123,1360
-0.019,-2.3954,-9.4745,-0.1072,0.0549,-0.017,-4.938908,0.717387,-2.209794,74785623,1360
-0.9594,-0.2301,-9.5853,-0.0957,0.0483,-0.0277,-4.938908,0.717387,-2.209794,74796123,1360
-0.042,-1.7224,-9.584,-0.0716,0.0993,-0.0222,-4.938908,0.717387,-2.209794,74806623,1360
-1.0605,2.1965,-8.8353,-0.0566,0.0766,-0.0281,-4.938908,0.717387,-2.209794,74817123,1360
1.1058,2.1153,-8.8278,-0.0307,0.0747,-0.0212,-4.938908,0.717387,-2.209794,74827623,1360
-0.5205,3.5389,-9.5018,-0.024,0.049,-0.0257,-4.938908,0.717387,-2.209794,74838123,1360
1.1239,0.5495,-9.3386,0.0385,0.1275,-0.0045,-4.938908,0.717387,-2.209794,74848623,1360
-0.2406,0.5316,-10.1085,0.0097,0.0791,-0.0297,-4.938908,0.717387,-2.209794,74859123,1360
0.5252,-1.4243,-10.1808,-0.0116,0.0928,-0.0357,-4.938908,0.717387,-2.209794,74869623,1360
-0.8098,-2.1484,-9.4265,0.0198,0.0743,-0.0344,-4.938908,0.717387,-2.209794,74880123,1360
-0.852,-1.7099,-10.1613,0.0393,0.0526,-0.0135,-4.954097,0.686704,-2.221539,74890170,1361
0.4572,-4.0294,-10.2127,0.0482,0.0124,-0.0168,-4.961483,0.6674,-2.229709,74900222,1362
-1.0711,0.7044,-9.4857,0.0289,0.0046,-0.0264,-4.961483,0.6674,-2.229709,74910722,1362
-0.998,0.0978,-9.8539,0.0659,0.0804,-0.0155,-4.961483,0.6674,-2.229709,74920723,1362
0.0446,0.3574,-9.7389,0.0677,0.0055,-0.0333,-4.961483,0.6674,-2.229709,74931223,1362
-0.2095,3.4907,-9.7373,0.0524,0.0013,-0.022,-4.961483,0.6674,-2.229709,74941723,1362
0.0382,1.1196,-9.5985,0.1044,0.0345,-0.0119,-4.961483,0.6674,-2.229709,74952223,1362
-0.2876,3.3215,-9.6194,0.1259,0.0238,-0.018,-4.961483,0.6674,-2.229709,74962723,1362
-0.774,3.0823,-9.7383,0.1281,0.0518,-0.0168,-4.961483,0.6674,-2.229709,74973223,1362
0.6589,1.652,-9.7549,0.1257,-0.0077,-0.0224,-4.961483,0.6674,-2.229709,74983723,1362
-0.3312,3.1664,-9.9289,0.107,-0.03,-0.0307,-4.961483,0.6674,-2.229709,74994223,1362
-0.5498,2.5767,-9.4119,0.0931,-0.073,-0.027,-4.961483,0.6674,-2.229709,75004723,1362
0.8147,1.1343,-9.8626,0.1581,-0.0125,-0.0133,-4.961483,0.6674,-2.229709,75015223,1362
-0.0279,1.1267,-10.5488,0.1345,-0.0425,-0.0181,-4.961483,0.6674,-2.229709,75025723,1362
0.439,1.5236,-9.9727,0.2295,0.0253,0.0053,-4.961483,0.6674,-2.229709,75036223,1362
0.6131,-0.698,-9.8794,0.1687,-0.0457,-0.0264,-4.961483,0.6674,-2.229709,75046723,1362
-0.2313,1.8702,-10.2924,0.1939,-0.0422,-0.0146,-4.961483,0.6674,-2.229709,75057223,1362
1.2868,-1.8988,-9.6259,0.2597,-0.0323,-0.0006,-4.961483,0.6674,-2.229709,75067723,1362
-0.594,-1.6109,-10.4246,0.175,-0.0497,-0.012,-4.961483,0.6674,-2.229709,75078223,1362
0.0766,-1.3875,-10.2417,0.1823,-0.0532,-0.0088,-4.961483,0.6674,-2.229709,75088723,1362
-0.1553,-1.824,-9.7057,0.1641,-0.0766,-0.0198,-4.961483,0.6674,-2.229709,75099223,1362
-1.6205,-0.0842,-10.1098,0.1809,-0.0432,-0.0138,-4.961483,0.6674,-2.229709,75109723,1362
-0.0472,-1.2318,-9.1933,0.165,-0.0685,-0.0215,-4.961483,0.6674,-2.229709,75120223,1362
-0.6221,1.9441,-8.3205,0.1117,-0.062,-0.0318,-4.969531,0.649203,-2.2371,75130270,1363
-0.725,0.4338,-8.667,0.1751,-0.0586,-0.0323,-4.971461,0.632413,-2.248113,75140317,1364
0.3396,-0.79,-8.3888,0.1892,-0.0629,-0.0351,-4.971461,0.632413,-2.248113,75150817,1364
-0.0565,1.3696,-8.5671,0.1451,-0.065,-0.0328,-4.971461,0.632413,-2.248113,75160845,1364
-0.6085,-0.2642,-8.9874,0.1598,-0.0426,-0.0228,-4.971461,0.632413,-2.248113,75171345,1364
0.7325,-0.2325,-8.9386,0.1518,-0.0381,-0.0247,-4.971461,0.632413,-2.248113,75181346,1364
-0.8261,0.9158,-9.8075,0.1258,-0.0471,-0.0295,-4.971461,0.632413,-2.248113,75191846,1364
-0.2817,-0.9062,-10.156,0.1244,-0.0346,-0.0321,-4.971461,0.632413,-2.248113,75202346,1364
0.4691,1.9286,-10.1465,0.1242,-0.0041,-0.0164,-4.971461,0.632413,-2.248113,75212846,1364
-0.8135,1.2414,-10.1812,0.1119,-0.0628,-0.0279,-4.971461,0.632413,-2.248113,75223346,1364
-0.0664,2.006,-10.9125,0.0936,-0.0884,-0.0316,-4.971461,0.632413,-2.248113,75233846,1364
0.9281,2.7387,-9.8403,0.0974,-0.0855,-0.0304,-4.971461,0.632413,-2.248113,75244346,1364
-0.4099,3.1484,-9.9323,0.0642,-0.1285,-0.0404,-4.971461,0.632413,-2.248113,75254846,1364
0.5944,2.0256,-9.2551,0.0761,-0.0978,-0.0358,-4.971461,0.632413,-2.248113,75265346,1364
1.0804,1.7339,-8.5454,0.1247,-0.0879,-0.0244,-4.971461,0.632413,-2.248113,75275846,1364
0.1858,0.8307,-9.9145,0.0629,-0.1316,-0.0348,-4.971461,0.632413,-2.248113,75286346,1364
0.7558,-0.7718,-9.9149,0.069,-0.0907,-0.029,-4.971461,0.632413,-2.248113,75296846,1364
0.2342,0.9975,-9.6474,0.0926,-0.0889,-0.0263,-4.971461,0.632413,-2.248113,75307346,1364
1.2069,-0.126,-11.2995,0.0913,-0.0717,-0.0267,-4.971461,0.632413,-2.248113,75317846,1364
0.8528,1.6013,-10.4131,0.0958,-0.0497,-0.0172,-4.971461,0.632413,-2.248113,75328346,1364
0.1547,2.0608,-10.5877,0.0305,-0.0918,-0.0317,-4.971461,0.632413,-2.248113,75338846,1364
0.5447,0.5493,-9.8695,0.0529,-0.0443,-0.0249,-4.971442,0.618986,-2.258727,75348893,1365
-0.6323,1.1695,-9.8893,0.0413,-0.0452,-0.0225,-4.971442,0.618986,-2.258727,75359393,1365
0.6295,-1.3154,-9.5929,0.0841,-0.0283,-0.0229,-4.971442,0.618986,-2.258727,75369893,1365
0.3702,-0.8072,-10.2418,0.0395,-0.0199,-0.0269,-4.971442,0.618986,-2.258727,75380393,1365
0.5508,-2.7404,-9.9621,0.0852,-0.0042,-0.0261,-4.971442,0.618986,-2.258727,75390893,1365
0.9285,-1.732,-9.8931,-0.0075,-0.0415,-0.0445,-4.971442,0.618986,-2.258727,75401393,1365
-0.6549,-1.0119,-11.0709,0.0475,-0.0438,-0.0264,-4.971442,0.618986,-2.258727,75411893,1365
0.079,-1.9993,-9.7014,0.0609,-0.0337,-0.0182,-4.971442,0.618986,-2.258727,75422393,1365
-1.3089,-0.3752,-10.1452,0.033,-0.0381,-0.0308,-4.971442,0.618986,-2.258727,75432893,1365
-0.2502,-1.5156,-9.31,0.0535,-0.052,-0.0293,-4.971442,0.618986,-2.258727,75443393,1365
0.266,-1.5749,-8.8772,0.0348,-0.0448,-0.0262,-4.969474,0.605339,-2.268246,75453444,1366
-1.3177,-0.0513,-9.8021,0.0343,-0.0496,-0.0301,-4.969474,0.605339,-2.268246,75463474,1366
0.3745,-2.3781,-9.0742,0.0224,-0.0457,-0.0275,-4.969474,0.605339,-2.268246,75473974,1366
0.0219,-1.8254,-9.1212,0.0599,-0.0588,-0.0191,-4.969474,0.605339,-2.268246,75484474,1366
-0.7372,-2.2409,-9.8313,0.08,-0.1092,-0.0401,-4.969474,0.605339,-2.268246,75494974,1366
0.3519,-2.1081,-9.8524,0.1434,-0.0892,-0.0181,-4.969474,0.605339,-2.268246,75505474,1366
-1.2622,-0.904,-10.1593,0.0926,-0.1281,-0.0403,-4.969474,0.605339,-2.268246,75515974,1366
-0.8917,-1.6496,-10.3743,0.1142,-0.1062,-0.0323,-4.969474,0.605339,-2.268246,75526474,1366
-0.7367,0.6138,-9.3067,0.1016,-0.1053,-0.0253,-4.969474,0.605339,-2.268246,75536974,1366
-1.3308,-0.3468,-10.8085,0.0731,-0.1193,-0.0247,-4.969474,0.605339,-2.268246,75547474,1366
0.064,-1.0724,-8.6246,0.0827,-0.0522,-0.0178,-4.969474,0.605339,-2.268246,75557974,1366
-0.9744,0.2394,-8.3077,0.048,-0.0475,-0.0232,-4.969984,0.591043,-2.278839,75568018,1367
-0.1443,-2.7053,-9.1453,0.0364,-0.0606,-0.0334,-4.969984,0.591043,-2.278839,75578518,1367
0.4587,-2.7436,-8.6745,0.065,-0.0047,-0.0234,-4.969984,0.591043,-2.278839,75589018,1367
-0.8107,-2.3476,-9.3959,0.0181,-0.0279,-0.0289,-4.969984,0.591043,-2.278839,75599518,1367
-0.1585,-1.3956,-10.1905,0.0511,0.032,-0.0191,-4.969984,0.591043,-2.278839,75610018,1367
-0.6182,-1.4833,-10.15,0.0605,0.0112,-0.0374,-4.969984,0.591043,-2.278839,75620518,1367
-0.2334,-0.5344,-9.2183,0.0404,-0.02,-0.0363,-4.969984,0.591043,-2.278839,75631018,1367
0.0414,-0.7502,-9.9388,0.0423,0.0041,-0.029,-4.969984,0.591043,-2.278839,75641518,1367
-0.9341,-1.0064,-9.1273,0.0377,-0.0312,-0.017,-4.969984,0.591043,-2.278839,75652018,1367
0.2585,-1.9474,-8.3799,0.0139,-0.0738,-0.0286,-4.969984,0.591043,-2.278839,75662518,1367
-0.8817,-1.464,-9.3348,0.0058,-0.0447,-0.0237,-4.969984,0.591043,-2.278839,75673018,1367
-0.1461,-2.1276,-9.6182,0.0043,-0.0688,-0.0209,-4.969347,0.569548,-2.290507,75683064,1368
0.5433,-2.8707,-9.4943,0.0566,0.0136,0.0033,-4.969347,0.569548,-2.290507,75693564,1368
-0.9074,0.2589,-9.9136,0.0038,-0.0428,-0.0197,-4.969347,0.569548,-2.290507,75703576,1368
0.4068,-1.8353,-9.9022,-0.0027,-0.04,-0.0136,-4.969347,0.569548,-2.290507,75714076,1368
-1.3628,-0.4686,-9.3171,0.0029,-0.0453,-0.019,-4.969347,0.569548,-2.290507,75724576,1368
-0.9501,-1.0706,-9.7411,-0.0396,-0.0906,-0.0362,-4.969347,0.569548,-2.290507,75735076,1368
0.2563,-1.5726,-9.1308,-0.0313,-0.0699,-0.0335,-4.969347,0.569548,-2.290507,75745576,1368
-0.2775,-0.7157,-9.0656,-0.0097,-0.0737,-0.0344,-4.969347,0.569548,-2.290507,75756076,1368
0.487,-1.9049,-8.5566,-0.0723,-0.1549,-0.0455,-4.969347,0.569548,-2.290507,75766576,1368
-0.9979,-0.3127,-9.8778,-0.0026,-0.0928,-0.0239,-4.969347,0.569548,-2.290507,75777076,1368
-0.3414,-1.7136,-9.8093,-0.0295,-0.1302,-0.0275,-4.969347,0.569548,-2.290507,75787576,1368
-0.9115,-0.431,-9.2905,0.014,-0.0848,-0.0206,-4.969347,0.569548,-2.290507,75798076,1368
-0.4655,-0.6435,-9.5638,-0.0153,-0.074,-0.0279,-4.969347,0.569548,-2.290507,75808576,1368
0.3848,-1.4224,-9.6953,-0.0115,-0.0536,-0.0358,-4.96897,0.543586,-2.300083,75818620,1369
-0.7138,-1.3247,-8.9616,-0.0607,-0.0366,-0.0311,-4.96897,0.543586,-2.300083,75829120,1369
0.2613,-1.936,-9.7013,-0.0239,0.0181,-0.0186,-4.96897,0.543586,-2.300083,75839620,1369
-0.6295,-1.2631,-9.9659,-0.0502,0.0407,-0.0245,-4.96897,0.543586,-2.300083,75850120,1369
0.6193,-2.3661,-10.1797,-0.0026,0.1162,-0.0077,-4.96897,0.543586,-2.300083,75860620,1369
-0.3494,-0.1792,-11.008,-0.0618,0.0506,-0.0246,-4.96897,0.543586,-2.300083,75871120,1369
0.7204,-0.7581,-9.9866,-0.1072,0.0047,-0.0379,-4.96897,0.543586,-2.300083,75881620,1369
1.2407,0.7335,-10.0317,-0.0962,-0.0192,-0.0425,-4.96897,0.543586,-2.300083,75892120,1369
-0.4536,0.5413,-9.7172,-0.1142,-0.036,-0.0419,-4.96897,0.543586,-2.300083,75902620,1369
1.3863,-0.7334,-9.2772,-0.0628,-0.0207,-0.0278,-4.96812,0.520859,-2.304677,75912664,1370
0.8036,1.1839,-9.3391,-0.0567,-0.0213,-0.0307,-4.96812,0.520859,-2.304677,75922702,1370
-0.0885,1.6503,-9.4491,-0.1397,-0.0155,-0.0415,-4.96812,0.520859,-2.304677,75933202,1370
1.3481,0.4244,-9.6844,-0.0943,-0.0102,-0.0299,-4.96812,0.520859,-2.304677,75943702,1370
-0.5893,1.0171,-9.5848,-0.0985,-0.0093,-0.0393,-4.96812,0.520859,-2.304677,75954202,1370
0.6243,0.3221,-9.3122,-0.0907,-0.0325,-0.0297,-4.96812,0.520859,-2.304677,75964702,1370
-0.6201,1.2736,-10.1784,-0.092,-0.0544,-0.0423,-4.96812,0.520859,-2.304677,75975202,1370
-0.3386,-0.2369,-10.1704,-0.071,-0.0143,-0.0324,-4.96812,0.520859,-2.304677,75985702,1370
-0.6734,0.4036,-9.0939,-0.0828,-0.0155,-0.0288,-4.96812,0.520859,-2.304677,75996202,1370
-1.6791,-0.3319,-10.3297,-0.1013,-0.001,-0.043,-4.96812,0.520859,-2.304677,76006702,1370
0.3689,-2.2487,-8.6334,-0.1099,-0.0256,-0.0418,-4.96812,0.520859,-2.304677,76017202,1370
-1.1692,-0.4554,-9.3615,-0.071,0.0043,-0.0245,-4.96812,0.520859,-2.304677,76027702,1370
0.1979,-2.6042,-9.5817,-0.0234,0.0339,-0.0174,-4.96812,0.520859,-2.304677,76038202,1370
0.8448,-1.4489,-9.2275,-0.0447,-0.0023,-0.0254,-4.977067,0.485637,-2.312205,76048246,1371
-0.4797,-1.9276,-10.5438,-0.0679,-0.0127,-0.0299,-4.977067,0.485637,-2.312205,76058746,1371
-0.3008,-1.5186,-9.9142,-0.0714,0.0158,-0.0208,-4.977067,0.485637,-2.312205,76069246,1371
-0.5081,0.1879,-10.7185,-0.0558,0.0089,-0.0206,-4.977067,0.485637,-2.312205,76079746,1371
0.5042,-1.3992,-9.8377,-0.0893,-0.0147,-0.0298,-4.977067,0.485637,-2.312205,76090246,1371
-0.4816,0.1394,-9.6892,-0.0854,-0.0095,-0.0239,-4.977067,0.485637,-2.312205,76100746,1371
0.9838,-0.9385,-9.8992,-0.1327,-0.0219,-0.0418,-4.977067,0.485637,-2.312205,76111246,1371
-0.4419,-0.3833,-10.8047,-0.1161,0.0054,-0.0274,-4.977067,0.485637,-2.312205,76121746,1371
0.6607,-0.4411,-10.5857,-0.0941,-0.0131,-0.0136,-4.977067,0.485637,-2.312205,76132246,1371
0.2778,1.1378,-10.6166,-0.0651,0.0276,-0.0183,-4.980945,0.457464,-2.314944,76142291,1372
-0.073,3.1701,-10.703,-0.0519,0.0595,-0.0079,-4.980945,0.457464,-2.314944,76152791,1372
1.4328,1.0189,-9.253,-0.0942,-0.0133,-0.0299,-4.980945,0.457464,-2.314944,76162827,1372
-0.4954,2.7244,-9.1863,-0.1043,-0.0031,-0.0339,-4.980945,0.457464,-2.314944,76173327,1372
0.9254,1.1465,-9.221,-0.1074,-0.0036,-0.0259,-4.980945,0.457464,-2.314944,76183331,1372
0.5674,0.3768,-8.7175,-0.1381,-0.0179,-0.0258,-4.980945,0.457464,-2.314944,76193831,1372
-0.1323,0.886,-10.0446,-0.1293,0.0119,-0.0219,-4.980945,0.457464,-2.314944,76204331,1372
0.8739,2.038,-9.4535,-0.1449,0.0281,-0.0164,-4.980945,0.457464,-2.314944,76214831,1372
-0.7358,1.2822,-9.8815,-0.164,-0.0381,-0.0407,-4.980945,0.457464,-2.314944,76225331,1372
0.269,1.1078,-9.1186,-0.1195,0.0309,-0.0259,-4.980945,0.457464,-2.314944,76235831,1372
-0.6914,2.3562,-9.339,-0.1324,0.0203,-0.0199,-4.980945,0.457464,-2.314944,76246331,1372
0.2316,0.5441,-9.3286,-0.0993,0.0164,-0.0105,-4.980945,0.457464,-2.314944,76256831,1372
-0.0149,2.0724,-9.2092,-0.09,0.0336,-0.0132,-4.980945,0.457464,-2.314944,76267331,1372
0.3048,0.0663,-8.5914,-0.079,0.0374,-0.0159,-4.993638,0.415118,-2.319731,76277386,1373
0.4762,-0.6997,-8.6474,-0.1078,0.0075,-0.0266,-4.993638,0.415118,-2.319731,76287886,1373
-1.0343,-0.1585,-9.7214,-0.0754,0.0207,-0.0063,-4.993638,0.415118,-2.319731,76298386,1373
0.3172,0.1583,-9.4546,-0.1093,0.0046,-0.0167,-4.993638,0.415118,-2.319731,76308886,1373
-1.5265,0.9676,-10.1593,-0.0381,0.0666,-0.0007,-4.993638,0.415118,-2.319731,76319386,1373
0.261,-0.0643,-9.1118,-0.1047,0.0304,-0.0112,-4.993638,0.415118,-2.319731,76329886,1373
-0.6734,1.3789,-8.9025,-0.0856,0.0101,-0.0173,-4.993638,0.415118,-2.319731,76340386,1373
-0.6809,-0.0555,-8.9673,-0.1179,0.0336,-0.0034,-4.993638,0.415118,-2.319731,76350886,1373
0.1956,-0.2999,-9.095,-0.1124,-0.0086,-0.0092,-4.993638,0.415118,-2.319731,76361386,1373
-1.2049,-0.4402,-9.6091,-0.1232,0.011,-0.002,-5.01153,0.364263,-2.321132,76371932,1374
0.3152,-1.3034,-8.7588,-0.1548,0.0343,-0.0072,-5.01153,0.364263,-2.321132,76382432,1374
-0.5469,-1.3399,-9.9492,-0.1066,0.0722,-0.0061,-5.01153,0.364263,-2.321132,76392932,1374
-0.0259,-2.1289,-9.695,-0.1589,0.0343,-0.0147,-5.01153,0.364263,-2.321132,76403432,1374
-0.7526,-0.2332,-9.6441,-0.2305,0.0403,-0.0206,-5.01153,0.364263,-2.321132,76413932,1374
-1.1863,-1.1219,-10.9085,-0.2092,0.0589,-0.012,-5.01153,0.364263,-2.321132,76424432,1374
0.3423,-1.4375,-9.1235,-0.2588,0.1103,-0.0021,-5.01153,0.364263,-2.321132,76434932,1374
-0.7636,0.0691,-9.6941,-0.2875,0.1228,-0.0035,-5.01153,0.364263,-2.321132,76445432,1374
0.2012,-2.3459,-10.1776,-0.273,0.208,0.0027,-5.01153,0.364263,-2.321132,76455932,1374
-0.5651,-0.7067,-10.1893,-0.3476,0.1424,-0.0188,-5.01153,0.364263,-2.321132,76466432,1374
-0.1969,-1.1476,-10.5652,-0.2859,0.1623,0.0022,-5.01153,0.364263,-2.321132,76476932,1374
0.13,-0.5057,-10.1721,-0.325,0.1426,-0.0032,-5.01153,0.364263,-2.321132,76487432,1374
-0.5791,0.5824,-10.1202,-0.3182,0.1348,-0.004,-5.01153,0.364263,-2.321132,76497932,1374
0.5686,-1.5991,-9.4689,-0.3004,0.1394,0.0002,-5.01153,0.364263,-2.321132,76508432,1374
-1.084,-0.6777,-9.4386,-0.2825,0.1362,-0.0106,-5.01153,0.364263,-2.321132,76518932,1374
0.5388,-2.139,-9.5069,-0.1951,0.1453,0.0006,-5.028305,0.336179,-2.323118,76528976,1375
-0.615,-0.534,-9.8042,-0.1804,0.133,-0.0047,-5.028305,0.336179,-2.323118,76539476,1375
-0.8722,-1.1347,-10.0436,-0.1327,0.147,0.0035,-5.028305,0.336179,-2.323118,76549505,1375
0.3674,-0.5167,-8.9398,-0.1215,0.1169,0.0019,-5.028305,0.336179,-2.323118,76560005,1375
-0.8922,-0.3125,-9.9515,-0.0861,0.1261,0.0026,-5.028305,0.336179,-2.323118,76570505,1375
0.2716,-1.3141,-8.8423,-0.0184,0.1993,0.0256,-5.028305,0.336179,-2.323118,76581005,1375
-0.7336,0.2125,-9.3544,0.0142,0.1331,0.0039,-5.028305,0.336179,-2.323118,76591505,1375
-0.0145,-1.3743,-9.8674,-0.0111,0.1067,0.0037,-5.046213,0.31105,-2.322749,76601553,1376
0.2699,-2.2732,-8.7355,0.0539,0.1468,0.013,-5.046213,0.31105,-2.322749,76612053,1376
-1.0421,0.4931,-10.0252,0.108,0.099,0.0024,-5.046213,0.31105,-2.322749,76622553,1376
0.2287,-1.2584,-10.2109,0.0859,0.0354,-0.0007,-5.046213,0.31105,-2.322749,76633053,1376
-0.6868,0.2507,-9.2846,0.0583,0.0584,0.0065,-5.046213,0.31105,-2.322749,76643553,1376
-0.3269,0.4822,-9.4161,0.0755,0.0868,0.0097,-5.046213,0.31105,-2.322749,76654053,1376
0.3213,-1.7116,-9.6156,0.0751,0.0793,0.004,-5.046213,0.31105,-2.322749,76664553,1376
-1,-0.0071,-9.2548,0.0932,0.1352,0.0195,-5.046213,0.31105,-2.322749,76675053,1376
0.2346,-0.2785,-9.1934,0.0501,0.1146,0.0107,-5.046213,0.31105,-2.322749,76685553,1376
-0.2482,-0.4269,-8.9154,0.0553,0.1551,0.0212,-5.046213,0.31105,-2.322749,76696053,1376
-0.0468,-0.336,-9.231,0.0572,0.1298,0.0196,-5.046213,0.31105,-2.322749,76706553,1376
0.5205,-1.9804,-8.6642,0.0611,0.1503,0.0231,-5.046213,0.31105,-2.322749,76717053,1376
-1.0001,0.5915,-9.2099,0.0711,0.1383,0.0212,-5.062325,0.283695,-2.324201,76727106,1377
-0.5771,-1.7972,-9.3905,0.0711,0.0946,0.0087,-5.062325,0.283695,-2.324201,76737606,1377
0.6034,-0.6765,-9.2229,0.0889,0.0557,0.011,-5.062325,0.283695,-2.324201,76747642,1377
-0.8047,0.3998,-9.3847,0.0147,0.0005,0.0049,-5.062325,0.283695,-2.324201,76758142,1377
0.4689,1.1299,-10.2838,0.1069,0.0412,0.0207,-5.062325,0.283695,-2.324201,76768642,1377
0.6206,0.8067,-9.1983,0.0803,0.067,0.0172,-5.062325,0.283695,-2.324201,76779142,1377
-0.9824,2.5542,-9.4856,0.1166,0.0499,0.0279,-5.062325,0.283695,-2.324201,76789642,1377
0.8183,0.8499,-9.8394,0.1184,0.04,0.0128,-5.062325,0.283695,-2.324201,76800142,1377
0.1995,1.8292,-9.3016,0.0854,0.0173,0.0084,-5.062325,0.283695,-2.324201,76810642,1377
0.4837,1.4891,-9.6238,0.1134,0.0652,0.0253,-5.062325,0.283695,-2.324201,76821142,1377
1.0044,-0.0494,-9.3537,0.1072,0.0374,0.0182,-5.076516,0.264314,-2.325581,76831191,1378
0.1191,1.2564,-10.0173,0.128,0.0475,0.014,-5.076516,0.264314,-2.325581,76841691,1378
0.5309,0.5014,-9.3994,0.1485,0.0938,0.0242,-5.076516,0.264314,-2.325581,76852191,1378
0.7062,0.0217,-10.2496,0.1093,0.0437,0.0081,-5.076516,0.264314,-2.325581,76862691,1378
0.0409,0.2158,-10.7797,0.1663,0.082,0.0182,-5.076516,0.264314,-2.325581,76873191,1378
1.1696,-0.8463,-10.323,0.1456,0.0696,0.0198,-5.076516,0.264314,-2.325581,76883691,1378
-0.9925,0.1543,-10.8688,0.1248,0.0339,0.0147,-5.076516,0.264314,-2.325581,76894191,1378
-0.071,0.6184,-10.7427,0.111,0.0097,0.0041,-5.076516,0.264314,-2.325581,76904691,1378
0.41,-0.9772,-9.7729,0.1281,0.0298,0.0139,-5.076516,0.264314,-2.325581,76915191,1378
-1.1176,-1.1032,-9.4562,0.1241,0.0153,0.007,-5.076516,0.264314,-2.325581,76925691,1378
0.5154,-1.2253,-9.2751,0.1125,0.0344,0.0163,-5.076516,0.264314,-2.325581,76936191,1378
-0.2981,-1.6263,-9.0192,0.1186,0.0336,0.0056,-5.076516,0.264314,-2.325581,76946691,1378
-0.6061,-1.9084,-9.2232,0.0987,0.0186,0.0096,-5.076516,0.264314,-2.325581,76957191,1378
0.4272,-2.2174,-8.3217,0.1005,0.0281,0.0238,-5.077379,0.255438,-2.325497,76967238,1379
-0.5,-1.769,-9.4032,0.0626,0.0071,0.0145,-5.077379,0.255438,-2.325497,76977738,1379
-0.4342,-0.6267,-10.4351,0.0892,-0.0174,0.0159,-5.077379,0.255438,-2.325497,76987773,1379
0.2965,-1.6299,-9.2554,0.1362,-0.0225,0.0203,-5.077379,0.255438,-2.325497,76998273,1379
-0.7894,1.7497,-9.1392,0.1747,-0.0047,0.0302,-5.077379,0.255438,-2.325497,77008302,1379
-0.4675,1.0792,-10.1319,0.1729,-0.08,0.0155,-5.077379,0.255438,-2.325497,77018802,1379
0.7689,1.4889,-8.8353,0.1792,-0.1059,0.0226,-5.077379,0.255438,-2.325497,77029302,1379
-0.418,2.2499,-9.0842,0.1862,-0.1629,0.0194,-5.077379,0.255438,-2.325497,77039802,1379
-0.0096,1.744,-9.6605,0.1719,-0.154,0.0103,-5.077379,0.255438,-2.325497,77050302,1379
1.2177,0.5052,-9.0969,0.2014,-0.1343,0.0165,-5.077379,0.255438,-2.325497,77060802,1379
0.0287,1.414,-8.9664,0.1865,-0.1622,0.0098,-5.077335,0.249122,-2.324038,77070846,1380
0.3134,0.1678,-9.6678,0.1984,-0.1216,0.0218,-5.077335,0.249122,-2.324038,77080847,1380
1.345,0.3397,-8.4135,0.2233,-0.1507,0.0135,-5.077335,0.249122,-2.324038,77091347,1380
0.2339,1.241,-9.9616,0.225,-0.1793,0.0062,-5.077335,0.249122,-2.324038,77101378,1380
-0.0202,0.5129,-10.062,0.2159,-0.1944,0.0138,-5.077335,0.249122,-2.324038,77111878,1380
1.1056,0.6763,-9.6653,0.2032,-0.1995,0.0144,-5.077335,0.249122,-2.324038,77122378,1380
-0.294,1.9617,-10.8751,0.205,-0.1737,0.0199,-5.077335,0.249122,-2.324038,77132878,1380
0.087,1.3824,-10.7511,0.1791,-0.1989,0.0046,-5.077335,0.249122,-2.324038,77143378,1380
0.4891,1.4696,-10.0439,0.1892,-0.1979,-0.0001,-5.077335,0.249122,-2.324038,77153878,1380
-0.8433,2.5135,-10.6157,0.1942,-0.1691,0.0057,-5.077335,0.249122,-2.324038,77164378,1380
0.6656,1.874,-9.96,0.1971,-0.1552,0.0109,-5.077335,0.249122,-2.324038,77174878,1380
0.5072,0.6044,-9.4798,0.1983,-0.1341,0.0155,-5.077335,0.249122,-2.324038,77185378,1380
-0.5845,2.3441,-9.8904,0.232,-0.108,0.0232,-5.077335,0.249122,-2.324038,77195878,1380
0.2854,1.0838,-9.5365,0.2094,-0.1295,0.0209,-5.07495,0.24299,-2.319727,77205927,1381
1.2335,0.8317,-8.8287,0.1801,-0.1507,0.0104,-5.07495,0.24299,-2.319727,77216427,1381
0.1801,-0.0106,-10.0567,0.2186,-0.1167,0.0254,-5.07495,0.24299,-2.319727,77226927,1381
0.7371,-0.2751,-9.4378,0.1741,-0.1574,0.0143,-5.07495,0.24299,-2.319727,77237427,1381
0.4599,0.7903,-10.4346,0.1281,-0.1661,-0.0034,-5.07495,0.24299,-2.319727,77247927,1381
-0.6427,1.1971,-9.7281,0.1365,-0.1457,0.0046,-5.07495,0.24299,-2.319727,77258427,1381
0.045,-0.3023,-9.3511,0.147,-0.0881,0.0084,-5.07495,0.24299,-2.319727,77268927,1381
-0.4721,2.1273,-10.2741,0.1544,-0.0518,0.0151,-5.07495,0.24299,-2.319727,77279427,1381
-0.5987,0.75,-10.1896,0.1181,-0.0913,0.0209,-5.07495,0.24299,-2.319727,77289927,1381
-0.3994,-0.0149,-10.1406,0.1061,-0.08,0.0175,-5.075542,0.232499,-2.314756,77299975,1382
-0.3602,-1.2606,-10.2471,0.0911,-0.0761,0.0116,-5.075542,0.232499,-2.314756,77310475,1382
-1.0669,0.388,-10.0285,0.0705,-0.0957,0.0061,-5.075542,0.232499,-2.314756,77320476,1382
-0.1528,0.5208,-11.2891,0.0706,-0.0577,0.0046,-5.075542,0.232499,-2.314756,77330976,1382
0.4244,-0.1891,-9.7251,0.0582,-0.0608,0.0078,-5.075542,0.232499,-2.314756,77341476,1382
-0.2224,-0.3046,-9.7155,0.0497,-0.0632,0.0109,-5.075542,0.232499,-2.314756,77351976,1382
-0.1928,1.6329,-10.58,0.0315,-0.0396,0.0094,-5.075542,0.232499,-2.314756,77362476,1382
1.3218,-0.7401,-8.8986,0.0362,-0.0405,0.0188,-5.075542,0.232499,-2.314756,77372976,1382
0.2787,-0.2257,-9.1732,-0.002,-0.0531,0.0005,-5.075542,0.232499,-2.314756,77383476,1382
0.2405,0.9463,-9.3694,0.0246,-0.009,0.0132,-5.075542,0.232499,-2.314756,77393976,1382
1.6722,-0.3614,-9.6963,-0.0075,-0.0218,0.0036,-5.075542,0.232499,-2.314756,77404476,1382
0.6699,-0.4877,-8.5495,-0.0136,-0.0235,0.0084,-5.075542,0.232499,-2.314756,77414976,1382
-0.5059,0.9695,-9.3908,-0.031,-0.0378,0.003,-5.075542,0.232499,-2.314756,77425476,1382
-0.0839,0.7941,-10.7671,-0.0148,-0.0301,0.0103,-5.075542,0.232499,-2.314756,77435976,1382
0.124,0.6578,-10.2058,-0.0041,0.0388,0.0258,-5.073019,0.218991,-2.309396,77446020,1383
-0.5204,0.1157,-9.143,-0.0897,-0.0459,-0.0013,-5.073019,0.218991,-2.309396,77456520,1383
-0.9994,0.8661,-9.7791,0.0414,0.0319,0.0255,-5.073019,0.218991,-2.309396,77467020,1383
0.5121,1.723,-8.6814,0.0432,0.0361,0.0344,-5.073019,0.218991,-2.309396,77477520,1383
-0.3344,-0.1622,-8.4372,0.0802,0.0681,0.0384,-5.073019,0.218991,-2.309396,77488020,1383
-1.2273,-0.6138,-8.6322,0.0287,0.0205,0.0205,-5.073019,0.218991,-2.309396,77498520,1383
0.2948,-2.151,-9.1808,0.0526,0.0338,0.0226,-5.073019,0.218991,-2.309396,77509020,1383
0.6323,-2.7388,-9.2094,0.0199,0.0523,0.0225,-5.073019,0.218991,-2.309396,77519520,1383
-1.2652,-1.3439,-9.5816,0.0102,0.066,0.0209,-5.073019,0.218991,-2.309396,77530020,1383
-0.3375,-2.006,-10.1795,0.0382,0.0882,0.0288,-5.073019,0.218991,-2.309396,77540520,1383
0.3359,-1.2079,-10.873,0.0255,0.0534,0.0176,-5.073019,0.218991,-2.309396,77551020,1383
-0.0596,-0.6254,-10.0019,-0.0064,0.0113,0.0084,-5.073019,0.218991,-2.309396,77561520,1383
-0.7457,-0.1479,-10.5657,-0.0018,-0.0058,0.0167,-5.073019,0.218991,-2.309396,77572020,1383
0.3069,-1.1296,-10.3335,0.0253,0.04,0.0264,-5.073019,0.218991,-2.309396,77582520,1383
1.6664,0.312,-9.5709,-0.0499,0.0173,0.0103,-5.073019,0.218991,-2.309396,77593020,1383
0.1818,-0.6285,-10.1009,-0.1076,-0.05,-0.0061,-5.073019,0.218991,-2.309396,77603520,1383
0.1781,-0.9781,-10.1127,-0.0487,0.0303,0.0046,-5.073019,0.218991,-2.309396,77614020,1383
1.3926,0.547,-9.9953,-0.0573,0.0426,0.0167,-5.073019,0.218991,-2.309396,77624520,1383
0.4417,-0.2515,-10.7584,-0.0622,0.0019,0.0148,-5.073019,0.218991,-2.309396,77635020,1383
-0.2422,1.1545,-9.9737,-0.0403,0.0129,0.0281,-5.073019,0.218991,-2.309396,77645520,1383
0.7162,2.0003,-10.6449,-0.0497,0.0123,0.0239,-5.079482,0.198802,-2.307114,77656068,1384
0.6759,2.6032,-10.0666,-0.056,-0.0049,0.0107,-5.083574,0.180225,-2.303451,77666112,1385
0.1764,1.4643,-9.2027,-0.0952,-0.0316,0.0075,-5.083574,0.180225,-2.303451,77676612,1385
-0.5464,2.3032,-9.2226,-0.1026,-0.0161,0.0083,-5.083574,0.180225,-2.303451,77686643,1385
0.106,1.1354,-8.8754,-0.0551,0.0638,0.0221,-5.083574,0.180225,-2.303451,77697143,1385
-0.0849,-0.944,-8.0022,-0.0647,0.0736,0.019,-5.083574,0.180225,-2.303451,77707643,1385
-0.4804,-0.3065,-9.3962,-0.0343,0.1251,0.0186,-5.083574,0.180225,-2.303451,77718143,1385
-0.0381,-2.7423,-8.9275,-0.0018,0.1288,0.0254,-5.083574,0.180225,-2.303451,77728643,1385
-0.6426,-2.6982,-9.6287,-0.014,0.1832,0.0251,-5.083574,0.180225,-2.303451,77739143,1385
-1.1257,-0.9667,-10.6251,-0.0484,0.1937,0.0082,-5.083574,0.180225,-2.303451,77749643,1385
0.0064,-1.5831,-10.9731,-0.0361,0.1822,-0.0021,-5.083574,0.180225,-2.303451,77760143,1385
-0.4497,-0.5993,-10.234,-0.0467,0.2356,0.004,-5.083574,0.180225,-2.303451,77770643,1385
-0.6257,1.3889,-9.8287,-0.0333,0.2607,0.0158,-5.083574,0.180225,-2.303451,77781143,1385
0.1839,-0.3614,-9.4447,-0.0328,0.2357,0.0189,-5.083574,0.180225,-2.303451,77791643,1385
0.6167,-3.4774,-9.1804,-0.028,0.2243,0.0178,-5.083574,0.180225,-2.303451,77802143,1385
0.6937,-2.1966,-9.1572,-0.0786,0.2018,0.0109,-5.083574,0.180225,-2.303451,77812643,1385
-0.4914,-0.7281,-11.4262,-0.0767,0.1387,-0.0008,-5.083574,0.180225,-2.303451,77823143,1385
0.012,-0.0647,-11.0365,-0.1045,0.112,0.0076,-5.083574,0.180225,-2.303451,77833643,1385
0.6773,0.4755,-9.628,-0.102,0.0713,0.005,-5.083574,0.180225,-2.303451,77844143,1385
-0.1511,-1.0282,-8.9695,-0.1211,0.028,0.0062,-5.083574,0.180225,-2.303451,77854643,1385
0.4703,-0.603,-9.0269,-0.1151,0.0807,0.0199,-5.083574,0.180225,-2.303451,77865143,1385
0.988,-1.8914,-10.8229,-0.1172,0.0116,0.0008,-5.083574,0.180225,-2.303451,77875643,1385
-0.2374,0.9642,-11.1876,-0.0865,0.039,0.0027,-5.086402,0.149558,-2.29419,77885691,1386
-0.0635,1.4171,-10.8388,-0.0862,0.0347,-0.0044,-5.086402,0.149558,-2.29419,77896191,1386
0.0165,2.2888,-10.7259,-0.0992,0.0482,-0.006,-5.086402,0.149558,-2.29419,77906691,1386
0.453,4.0047,-9.5279,-0.0657,0.0567,-0.002,-5.086402,0.149558,-2.29419,77917191,1386
0.3423,1.1564,-8.6833,-0.0321,0.0664,0.0038,-5.086402,0.149558,-2.29419,77927691,1386
-0.0525,0.9108,-8.2541,-0.0571,0.0667,-0.001,-5.086402,0.149558,-2.29419,77938191,1386
0.7826,0.9694,-8.6366,-0.0624,0.0818,-0.011,-5.086402,0.149558,-2.29419,77948691,1386
-0.6601,-1.8984,-9.2823,-0.0695,0.0844,-0.0159,-5.086402,0.149558,-2.29419,77959191,1386
-0.4071,-1.1494,-9.9191,-0.0562,0.0731,-0.016,-5.086402,0.149558,-2.29419,77969691,1386
-0.5807,1.731,-9.6191,-0.0672,0.0935,-0.0181,-5.086402,0.149558,-2.29419,77980191,1386
-0.9596,0.012,-10.4845,-0.0541,0.0578,-0.0198,-5.08848,0.112742,-2.281424,77990235,1387
-0.203,-0.5379,-9.4204,-0.0359,0.0333,-0.0072,-5.08848,0.112742,-2.281424,78000735,1387
0.6935,-1.3175,-8.7834,-0.0468,-0.0166,-0.0183,-5.08848,0.112742,-2.281424,78010738,1387
-0.3615,-2.1992,-9.6517,-0.0717,-0.0234,-0.0189,-5.08848,0.112742,-2.281424,78021238,1387
0.6888,-1.1315,-9.5692,-0.0913,-0.0451,-0.0221,-5.08848,0.112742,-2.281424,78031738,1387
0.8811,-1.2779,-10.7284,-0.0818,-0.0424,-0.0214,-5.08848,0.112742,-2.281424,78042238,1387
0.578,0.6718,-10.4897,-0.092,-0.0532,-0.0246,-5.08848,0.112742,-2.281424,78052738,1387
-0.415,3.0145,-10.9061,-0.0827,-0.059,-0.018,-5.08848,0.112742,-2.281424,78063238,1387
0.326,2.7728,-9.7248,-0.0804,-0.0217,-0.0181,-5.08848,0.112742,-2.281424,78073738,1387
-0.3137,1.0293,-8.6301,-0.1071,-0.0416,-0.0144,-5.08848,0.112742,-2.281424,78084238,1387
-0.627,-1.0613,-8.5895,-0.1137,-0.0203,-0.0195,-5.08848,0.112742,-2.281424,78094738,1387
0.1708,-3.0958,-9.0681,-0.0655,0.0228,-0.0132,-5.08848,0.112742,-2.281424,78105238,1387
0.7197,-2.8853,-10.0925,-0.1691,-0.004,-0.0393,-5.090618,0.08372,-2.269099,78115282,1388
0.3069,-0.8277,-10.7457,-0.1837,-0.0036,-0.0357,-5.090618,0.08372,-2.269099,78125782,1388
0.3847,0.9094,-10.9005,-0.181,0.0381,-0.0307,-5.090618,0.08372,-2.269099,78136282,1388
0.2275,2.3321,-10.8203,-0.186,0.0245,-0.0289,-5.090618,0.08372,-2.269099,78146782,1388
-0.5103,3.231,-10.0144,-0.2131,-0.0148,-0.0377,-5.090618,0.08372,-2.269099,78157282,1388
0.1489,2.2252,-8.1705,-0.2132,0.0155,-0.0245,-5.090618,0.08372,-2.269099,78167782,1388
0.0915,-0.3538,-8.0331,-0.1844,-0.009,-0.033,-5.090618,0.08372,-2.269099,78178282,1388
0.1223,-3.1733,-8.5618,-0.1932,-0.0253,-0.0359,-5.090618,0.08372,-2.269099,78188782,1388
-0.7755,-1.7007,-11.2438,-0.151,0.0214,-0.0216,-5.090618,0.08372,-2.269099,78199282,1388
0.7985,-1.6782,-10.3432,-0.1608,0.0085,-0.0213,-5.090618,0.08372,-2.269099,78209782,1388
0.3325,0.3218,-11.54,-0.1349,0.0098,-0.0309,-5.090618,0.08372,-2.269099,78220282,1388
-0.4681,2.1756,-11.2055,-0.1294,0.0187,-0.035,-5.09273,0.043179,-2.25247,78230334,1389
0.3557,2.1296,-10.1361,-0.1042,-0.0152,-0.0424,-5.09273,0.043179,-2.25247,78240834,1389
-1.1283,0.4974,-10.8331,-0.0992,0.0385,-0.0383,-5.09273,0.043179,-2.25247,78250862,1389
-0.7273,1.0671,-9.841,-0.0844,0.0002,-0.0338,-5.09273,0.043179,-2.25247,78261362,1389
0.1373,0.8731,-10.397,-0.0744,-0.0027,-0.0311,-5.09273,0.043179,-2.25247,78271365,1389
0.2677,-1.5646,-9.0743,-0.1484,-0.0264,-0.0366,-5.09273,0.043179,-2.25247,78281865,1389
0.3276,-1.8363,-9.5552,-0.184,-0.0521,-0.0436,-5.09273,0.043179,-2.25247,78292365,1389
0.9903,0.3028,-10.3207,-0.1876,-0.0152,-0.033,-5.09273,0.043179,-2.25247,78302865,1389
0.7901,1.3567,-10.1658,-0.1937,-0.0175,-0.0252,-5.09273,0.043179,-2.25247,78313365,1389
-0.9847,-0.9701,-10.985,-0.2496,0.0236,-0.0386,-5.09273,0.043179,-2.25247,78323865,1389
-1.2732,0.7866,-10.667,-0.2132,0.0225,-0.0344,-5.09273,0.043179,-2.25247,78334365,1389
0.5217,0.0494,-9.3574,-0.2582,-0.0111,-0.0365,-5.089315,0.01181,-2.239658,78344409,1390
0.6798,0.2035,-8.868,-0.2454,0.009,-0.0355,-5.089315,0.01181,-2.239658,78354909,1390
0.5749,-0.9898,-8.8331,-0.2323,0.0296,-0.0316,-5.089315,0.01181,-2.239658,78365409,1390
0.8531,-0.7907,-9.6987,-0.1832,0.0106,-0.0328,-5.089315,0.01181,-2.239658,78375909,1390
0.1046,1.9086,-12.358,-0.1952,-0.032,-0.0351,-5.089315,0.01181,-2.239658,78386409,1390
0.1883,2.5059,-10.6018,-0.177,-0.0617,-0.0442,-5.089315,0.01181,-2.239658,78396909,1390
-0.5319,3.7243,-9.2195,-0.198,-0.0697,-0.0524,-5.089315,0.01181,-2.239658,78407409,1390
-0.2355,1.479,-8.5039,-0.1055,-0.0422,-0.038,-5.089315,0.01181,-2.239658,78417909,1390
-0.4875,-1.3244,-7.9846,-0.0837,0.0015,-0.0482,-5.089315,0.01181,-2.239658,78428409,1390
-0.5645,-1.1548,-8.8969,-0.0662,-0.0068,-0.0404,-5.089315,0.01181,-2.239658,78438909,1390
0.4077,-4.2377,-9.284,-0.0422,-0.0562,-0.0444,-5.083352,-0.025119,-2.224164,78448960,1391
-0.0563,-2.8935,-11.3496,-0.0646,-0.0409,-0.0519,-5.083352,-0.025119,-2.224164,78459460,1391
-0.2844,0.9586,-11.5871,-0.0359,0.0535,-0.0313,-5.083352,-0.025119,-2.224164,78469491,1391
0.4861,2.2127,-11.1438,-0.0289,0.0612,-0.0341,-5.083352,-0.025119,-2.224164,78479991,1391
-0.9176,1.8086,-10.2729,0.0101,0.1252,-0.0245,-5.083352,-0.025119,-2.224164,78490491,1391
-0.6007,-0.2264,-8.3637,-0.031,0.1318,-0.0267,-5.083352,-0.025119,-2.224164,78500991,1391
-0.1716,-1.1568,-8.8014,-0.0578,0.1151,-0.0397,-5.083352,-0.025119,-2.224164,78511491,1391
0.3419,-2.6563,-9.3488,-0.0561,0.1501,-0.0301,-5.083352,-0.025119,-2.224164,78521991,1391
0.0531,-2.5766,-11.4895,-0.0704,0.0688,-0.0347,-5.083352,-0.025119,-2.224164,78532491,1391
-0.1884,1.1894,-11.3258,-0.056,0.069,-0.0145,-5.083352,-0.025119,-2.224164,78542991,1391
0.5885,2.0524,-9.2413,-0.1538,-0.0442,-0.0469,-5.083352,-0.025119,-2.224164,78553491,1391
1.4218,0.0721,-8.0319,-0.0573,0.0015,-0.021,-5.083352,-0.025119,-2.224164,78563991,1391
1.0669,-0.5257,-9.5534,-0.0769,-0.0407,-0.0194,-5.083352,-0.025119,-2.224164,78574491,1391
0.004,2.1805,-11.7506,-0.0545,-0.042,-0.0162,-5.083352,-0.025119,-2.224164,78584991,1391
-0.3148,2.5162,-10.5735,-0.0649,-0.0348,-0.0172,-5.083352,-0.025119,-2.224164,78595491,1391
0.0553,1.843,-7.5246,-0.0391,-0.07,-0.0208,-5.083352,-0.025119,-2.224164,78605991,1391
0.0148,-2.3614,-7.7142,-0.02,-0.0677,-0.0202,-5.083352,-0.025119,-2.224164,78616491,1391
-0.5647,-2.4347,-9.9515,0.0202,-0.0593,-0.0178,-5.083352,-0.025119,-2.224164,78626991,1391
0.1603,0.4024,-10.4331,0.0013,-0.1057,-0.0296,-5.083352,-0.025119,-2.224164,78637491,1391
-0.4964,0.7019,-10.0425,0.0328,-0.1085,-0.0267,-5.083352,-0.025119,-2.224164,78647991,1391
-0.7262,-1.9124,-8.3841,0.0703,-0.0663,-0.0128,-5.083352,-0.025119,-2.224164,78658491,1391
0.2832,-2.3791,-9.3871,0.0859,-0.0624,-0.0177,-5.083352,-0.025119,-2.224164,78668991,1391
0.1859,-1.4942,-10.2505,0.0582,-0.078,-0.0291,-5.083352,-0.025119,-2.224164,78679491,1391
0.0422,-1.845,-10.9952,0.0834,0.0021,-0.0151,-5.071965,-0.051816,-2.210418,78689538,1392
-0.9477,2.6636,-11.1913,0.1075,0.016,-0.0211,-5.055313,-0.076272,-2.195602,78699582,1393
0.4278,4.0147,-10.9016,0.165,0.0735,-0.0149,-5.055313,-0.076272,-2.195602,78709584,1393
1.2211,2.4866,-8.3394,0.1632,0.1386,-0.0023,-5.055313,-0.076272,-2.195602,78720084,1393
-0.8428,0.1682,-8.4125,0.1688,0.0672,-0.0152,-5.055313,-0.076272,-2.195602,78730584,1393
0.1978,-1.3715,-8.7331,0.1283,0.0648,-0.0335,-5.055313,-0.076272,-2.195602,78741084,1393
-0.3221,2.6535,-10.7504,0.1846,0.0492,-0.0256,-5.055313,-0.076272,-2.195602,78751584,1393
-0.5759,-0.771,-10.1045,0.2066,0.0848,0.0008,-5.055313,-0.076272,-2.195602,78762084,1393
-2.2625,-0.6326,-8.7346,0.1584,0.0206,-0.0179,-5.055313,-0.076272,-2.195602,78772584,1393
0.0854,-1.5775,-9.6409,0.16,0.0212,-0.0179,-5.055313,-0.076272,-2.195602,78783084,1393
1.6351,-3.1845,-9.3332,0.0991,-0.013,-0.0238,-5.055313,-0.076272,-2.195602,78793584,1393
-0.8658,-1.6067,-11.8948,0.1575,0.0333,-0.0112,-5.055313,-0.076272,-2.195602,78804084,1393
0.1414,1.0076,-11.8122,0.1328,0.0383,-0.0123,-5.044001,-0.097844,-2.181202,78814130,1394
1.0461,3.3487,-10.3991,0.125,0.0325,-0.0156,-5.044001,-0.097844,-2.181202,78824630,1394
-0.441,3.7967,-9.2085,0.1181,-0.0194,-0.021,-5.044001,-0.097844,-2.181202,78835130,1394
0.4592,-1.0861,-7.9255,0.0655,0.0244,-0.0152,-5.044001,-0.097844,-2.181202,78845630,1394
-0.1215,-2.8614,-9.4587,0.044,-0.0008,-0.0164,-5.044001,-0.097844,-2.181202,78856130,1394
-0.4179,0.6969,-10.8995,0.041,0.0095,-0.0043,-5.044001,-0.097844,-2.181202,78866630,1394
0.0904,-0.5509,-9.5389,0.0233,-0.0455,-0.0083,-5.044001,-0.097844,-2.181202,78877130,1394
-0.0662,-2.3871,-8.9557,-0.022,-0.0855,-0.0056,-5.044001,-0.097844,-2.181202,78887630,1394
0.2421,-2.256,-10.9574,-0.021,-0.0745,-0.0017,-5.044001,-0.097844,-2.181202,78898130,1394
1.8132,-0.3237,-11.1012,-0.0383,-0.069,-0.008,-5.044001,-0.097844,-2.181202,78908630,1394
1.2618,0.4566,-10.3474,-0.0505,-0.0431,-0.0044,-5.020624,-0.108378,-2.162799,78918676,1395
-0.9082,2.9631,-10.1249,-0.0353,-0.0259,-0.0129,-5.020624,-0.108378,-2.162799,78928707,1395
-0.0791,3.0955,-10.7281,-0.0973,-0.0455,-0.0161,-5.020624,-0.108378,-2.162799,78939207,1395
0.2427,0.763,-8.2892,-0.0273,-0.035,0.0084,-5.020624,-0.108378,-2.162799,78949707,1395
-1.571,-1.647,-8.4258,-0.02,-0.052,0.0047,-5.020624,-0.108378,-2.162799,78960207,1395
-0.1423,-3.1226,-9.6178,-0.0366,-0.0715,-0.0028,-5.020624,-0.108378,-2.162799,78970707,1395
0.3808,-3.0561,-11.0532,-0.0497,-0.0935,-0.0151,-5.020624,-0.108378,-2.162799,78981207,1395
-0.651,0.1585,-10.5505,-0.0102,-0.1134,-0.0032,-5.020624,-0.108378,-2.162799,78991707,1395
0.2579,0.1052,-9.7485,-0.0307,-0.1359,-0.003,-5.020624,-0.108378,-2.162799,79002207,1395
0.2024,-0.8804,-9.9207,-0.0279,-0.1247,0.006,-5.020624,-0.108378,-2.162799,79012707,1395
0.6307,2.4287,-10.2014,-0.0851,-0.1606,-0.0025,-5.020624,-0.108378,-2.162799,79023207,1395
1.5603,0.6141,-8.9172,-0.0208,-0.0702,0.0134,-5.020624,-0.108378,-2.162799,79033707,1395
-0.4308,-0.9007,-9.4606,-0.0729,-0.056,0.0026,-4.993852,-0.111058,-2.140816,79043751,1396
-0.9614,1.0788,-10.2972,-0.0898,-0.0229,-0.0033,-4.993852,-0.111058,-2.140816,79054251,1396
-0.2235,-0.5725,-11.0834,-0.0485,0.0135,0.0093,-4.993852,-0.111058,-2.140816,79064751,1396
-0.873,0.0152,-9.3934,-0.0625,-0.0025,0.0026,-4.993852,-0.111058,-2.140816,79075251,1396
-0.8816,-1.6631,-8.794,-0.0323,-0.0176,-0.0045,-4.993852,-0.111058,-2.140816,79085751,1396
0.0784,-2.2982,-10.4537,0.0241,-0.01,0.0043,-4.993852,-0.111058,-2.140816,79096251,1396
0.1643,-2.1014,-9.7766,0.0376,-0.0602,0.0137,-4.993852,-0.111058,-2.140816,79106751,1396
0.1315,-1.0513,-10.3509,0.0427,-0.0955,0.0102,-4.993852,-0.111058,-2.140816,79117251,1396
0.5628,-1.4926,-10.9287,0.0941,-0.1344,0.0138,-4.993852,-0.111058,-2.140816,79127751,1396
-0.9743,-0.2169,-10.9007,0.1019,-0.1317,0.0155,-4.993852,-0.111058,-2.140816,79138251,1396
-0.3258,2.7341,-11.5421,0.1221,-0.1105,0.0164,-4.993852,-0.111058,-2.140816,79148751,1396
1.9383,1.6773,-9.054,0.1231,-0.0879,0.0168,-4.993852,-0.111058,-2.140816,79159251,1396
0.5621,1.5003,-8.9686,0.1135,-0.0935,0.0096,-4.993852,-0.111058,-2.140816,79169751,1396
-0.0297,0.2698,-9.1444,0.1186,-0.0359,0.0164,-4.993852,-0.111058,-2.140816,79180251,1396
0.8856,0.6099,-9.8019,0.0993,-0.0337,0.0123,-4.993852,-0.111058,-2.140816,79190751,1396
-0.542,-1.0026,-10.2813,0.1105,-0.033,0.0094,-4.993852,-0.111058,-2.140816,79201251,1396
-1.1273,-0.4995,-9.4654,0.113,-0.0254,0.0169,-4.993852,-0.111058,-2.140816,79211751,1396
-0.877,-1.2698,-10.1045,0.0293,-0.0342,0.008,-4.993852,-0.111058,-2.140816,79222251,1396
-0.8393,0.7427,-10.3974,0.107,0.0024,0.0245,-4.993852,-0.111058,-2.140816,79232751,1396
0.4388,-3.1375,-7.933,0.07,-0.0352,0.0266,-4.993852,-0.111058,-2.140816,79243251,1396
0.2278,-3.0898,-8.7886,0.0602,-0.0396,0.0272,-4.993852,-0.111058,-2.140816,79253751,1396
-0.4168,-1.1287,-11.2201,0.0487,-0.0666,0.0179,-4.993852,-0.111058,-2.140816,79264251,1396
1.0442,-0.2446,-11.1483,0.0851,-0.0661,0.0136,-4.993852,-0.111058,-2.140816,79274751,1396
0.1952,0.6694,-10.0364,0.0805,-0.0406,0.0206,-4.966043,-0.111993,-2.125295,79284796,1397
-0.7608,2.5805,-9.59,0.0822,-0.0496,0.0217,-4.941313,-0.108063,-2.112125,79294880,1398
-1.0482,2.5339,-10.0021,0.0958,0.023,0.0212,-4.941313,-0.108063,-2.112125,79305380,1398
0.2278,2.2379,-8.5589,0.0565,0.0497,0.012,-4.941313,-0.108063,-2.112125,79315411,1398
-1.0604,-0.142,-8.5639,0.0832,0.1359,0.0175,-4.941313,-0.108063,-2.112125,79325911,1398
-1.0657,-2.6933,-9.6488,0.0685,0.2183,0.0182,-4.941313,-0.108063,-2.112125,79336411,1398
0.885,-0.5387,-9.1554,0.1133,0.2826,0.023,-4.941313,-0.108063,-2.112125,79346911,1398
0.5794,-1.2102,-9.7418,0.1577,0.332,0.0258,-4.941313,-0.108063,-2.112125,79357411,1398
0.4109,-2.6177,-9.7561,0.1625,0.323,0.0253,-4.941313,-0.108063,-2.112125,79367911,1398
0.9767,0.7183,-9.4315,0.1543,0.3254,0.0171,-4.941313,-0.108063,-2.112125,79378411,1398
1.3875,1.5385,-11.0574,0.1657,0.2956,0.0249,-4.941313,-0.108063,-2.112125,79388911,1398
1.0963,0.0799,-9.135,0.1727,0.2623,0.02,-4.941313,-0.108063,-2.112125,79399411,1398
-0.2265,2.0627,-9.8466,0.1541,0.2126,0.0229,-4.941313,-0.108063,-2.112125,79409911,1398
0.3679,3.3397,-9.8025,0.1545,0.2693,0.0396,-4.941313,-0.108063,-2.112125,79420411,1398
0.6412,2.0514,-8.3656,0.1859,0.1911,0.0334,-4.941313,-0.108063,-2.112125,79430911,1398
0.493,-0.1801,-8.4985,0.145,0.0794,0.0207,-4.941313,-0.108063,-2.112125,79441411,1398
-0.8365,-0.2531,-9.1476,0.1022,0.032,0.0256,-4.941313,-0.108063,-2.112125,79451911,1398
-0.0492,1.631,-10.8,0.1092,-0.0192,0.0219,-4.941313,-0.108063,-2.112125,79462411,1398
0.2029,3.0194,-9.2908,0.0899,-0.019,0.0266,-4.941313,-0.108063,-2.112125,79472911,1398
-1.524,0.7951,-8.4937,0.1384,-0.015,0.037,-4.941313,-0.108063,-2.112125,79483411,1398
-1.4406,-1.3026,-8.8375,0.1004,-0.0023,0.0295,-4.941313,-0.108063,-2.112125,79493911,1398
0.4497,-1.3702,-9.4041,0.0933,0.0215,0.0251,-4.941313,-0.108063,-2.112125,79504411,1398
-0.3339,-2.928,-9.2896,0.067,0.0949,0.0341,-4.941313,-0.108063,-2.112125,79514911,1398
-0.105,-2.1145,-9.7874,-0.0193,0.0481,0.0097,-4.88605,-0.09423,-2.083594,79524999,1400
0.8875,-0.251,-8.9407,0.0492,0.1387,0.0207,-4.88605,-0.09423,-2.083594,79535499,1400
1.164,1.2613,-10.0886,0.0384,0.1667,0.0129,-4.88605,-0.09423,-2.083594,79545999,1400
-0.0283,1.361,-11.7407,0.0229,0.1875,0.0141,-4.88605,-0.09423,-2.083594,79556499,1400
0.0632,0.7664,-9.9233,0.0091,0.1443,0.0104,-4.88605,-0.09423,-2.083594,79566999,1400
-0.0945,5.4757,-10.2451,0.0924,0.2068,0.0249,-4.88605,-0.09423,-2.083594,79577499,1400
0.1142,3.6965,-9.2933,0.133,0.2126,0.0265,-4.88605,-0.09423,-2.083594,79587999,1400
0.5022,1.3849,-7.7939,0.1209,0.1654,0.0264,-4.88605,-0.09423,-2.083594,79598499,1400
0.6754,1.3614,-9.154,0.0932,0.0795,0.0151,-4.88605,-0.09423,-2.083594,79608999,1400
0.2203,0.5058,-8.9075,0.0766,0.023,0.0191,-4.88605,-0.09423,-2.083594,79619499,1400
0.7372,0.9918,-10.2172,0.061,-0.0385,0.0108,-4.88605,-0.09423,-2.083594,79629999,1400
-0.3864,1.3202,-10.1122,0.073,-0.0374,0.0171,-4.88605,-0.09423,-2.083594,79640499,1400
-1.2268,3.9629,-9.6926,0.0124,-0.0673,0.0132,-4.88605,-0.09423,-2.083594,79650999,1400
0.4279,1.781,-7.7228,0.0249,-0.0829,0.0066,-4.88605,-0.09423,-2.083594,79661499,1400
0.1049,-1.2162,-6.8994,0.0203,-0.0439,0.0163,-4.88605,-0.09423,-2.083594,79671999,1400
-1.3459,-2.212,-8.825,0.0089,-0.0312,0.0189,-4.88605,-0.09423,-2.083594,79682499,1400
0.2465,-3.1174,-9.7848,0.0596,-0.0053,0.0163,-4.88605,-0.09423,-2.083594,79692999,1400
0.6332,-2.6652,-9.793,0.0285,-0.0175,0.004,-4.88605,-0.09423,-2.083594,79703499,1400
-1.343,0.0106,-10.2745,0.0401,-0.0404,0.0039,-4.88605,-0.09423,-2.083594,79713999,1400
-0.7966,-1.1213,-10.461,-0.0286,-0.1055,-0.016,-4.88605,-0.09423,-2.083594,79724499,1400
-0.4657,0.6059,-8.3028,0.0349,-0.0246,0.0178,-4.88605,-0.09423,-2.083594,79734999,1400
-0.4756,-0.5062,-8.8218,0.0373,-0.0198,0.0199,-4.859296,-0.086654,-2.0701,79745045,1401
0.1775,0.182,-8.8553,0.0602,-0.0532,0.012,-4.826259,-0.081195,-2.057945,79755091,1402
0.0492,-2.6047,-9.6303,0.0195,-0.0216,0.0092,-4.826259,-0.081195,-2.057945,79765591,1402
0.5612,-1.8025,-11.24,0.005,0.0195,0.0059,-4.826259,-0.081195,-2.057945,79776091,1402
1.3664,-1.5938,-11.0071,-0.0015,-0.0013,0.0005,-4.826259,-0.081195,-2.057945,79786591,1402
-0.7563,1,-11.8602,0.0275,0.0679,0.0043,-4.826259,-0.081195,-2.057945,79797091,1402
0.8051,3.3053,-11.9077,-0.0061,0.0589,-0.0064,-4.826259,-0.081195,-2.057945,79807591,1402
0.7941,3.7587,-10.0124,0.1128,0.1787,0.0215,-4.826259,-0.081195,-2.057945,79818091,1402
-0.3737,2.8333,-9.3273,0.0074,0.107,-0.009,-4.826259,-0.081195,-2.057945,79828591,1402
0.9514,1.9229,-8.2062,0.0377,0.1809,0.0069,-4.826259,-0.081195,-2.057945,79839091,1402
1.0329,0.8784,-9.8362,0.0684,0.0978,-0.0043,-4.826259,-0.081195,-2.057945,79849591,1402
0.5778,-0.1724,-9.1685,0.0639,0.1197,0.0038,-4.826259,-0.081195,-2.057945,79860091,1402
0.2327,1.9809,-10.3453,0.0641,0.0856,0.0048,-4.826259,-0.081195,-2.057945,79870591,1402
0.0024,4.3115,-10.7503,0.1429,0.1092,0.0192,-4.826259,-0.081195,-2.057945,79881091,1402
1.4076,3.458,-8.4573,0.0976,0.0529,0.0191,-4.826259,-0.081195,-2.057945,79891591,1402
0.7252,-0.5757,-9.2692,0.0212,-0.0366,0.0038,-4.826259,-0.081195,-2.057945,79902091,1402
0.2621,0.1586,-10.117,0.0521,-0.0321,0.0139,-4.826259,-0.081195,-2.057945,79912591,1402
1.4908,2.7866,-10.7396,-0.002,-0.0554,0.0017,-4.826259,-0.081195,-2.057945,79923091,1402
-0.3079,2.9268,-10.0014,-0.0915,-0.1599,-0.0288,-4.826259,-0.081195,-2.057945,79933591,1402
-0.1767,1.9333,-9.3055,-0.0073,-0.0482,-0.0031,-4.826259,-0.081195,-2.057945,79944091,1402
1.0093,1.0927,-7.9553,-0.0476,-0.0631,-0.0116,-4.826259,-0.081195,-2.057945,79954591,1402
-0.1039,-0.4569,-8.2693,-0.0517,-0.0334,-0.0168,-4.826259,-0.081195,-2.057945,79965091,1402
0.1876,-2.2092,-9.1069,-0.0817,-0.0448,-0.0129,-4.826259,-0.081195,-2.057945,79975591,1402
-0.5871,-2.5453,-10.0136,-0.0718,0.0077,-0.0055,-4.743018,-0.076462,-2.029198,79985695,1404
-0.2961,-2.4023,-10.5103,-0.121,-0.0268,-0.0228,-4.743018,-0.076462,-2.029198,79996195,1404
0.3471,-1.1951,-10.3896,-0.0356,0.0357,0.0045,-4.743018,-0.076462,-2.029198,80006695,1404
-0.3246,-0.0882,-11.163,-0.0595,-0.0018,-0.0121,-4.743018,-0.076462,-2.029198,80017195,1404
-0.2507,0.4758,-10.3289,-0.0541,0.0071,-0.0084,-4.743018,-0.076462,-2.029198,80027695,1404
1.4083,-0.3314,-8.3701,-0.094,-0.0047,-0.0125,-4.743018,-0.076462,-2.029198,80038195,1404
0.4932,0.2501,-9.1705,-0.0157,0.0326,-0.0032,-4.743018,-0.076462,-2.029198,80048695,1404
0.5671,-2.5559,-10.2546,-0.0849,-0.0263,-0.0123,-4.743018,-0.076462,-2.029198,80059195,1404
0.1795,0.0857,-11.2815,-0.0734,-0.0207,-0.0077,-4.743018,-0.076462,-2.029198,80069695,1404
0.7134,2.2898,-11.6756,-0.0663,-0.0089,-0.0156,-4.743018,-0.076462,-2.029198,80080195,1404
0.0789,2.4093,-10.0933,-0.0461,-0.0164,-0.013,-4.743018,-0.076462,-2.029198,80090695,1404
-1.2786,3.6194,-10.0473,-0.0757,0.0239,-0.0087,-4.743018,-0.076462,-2.029198,80101195,1404
0.4763,2.2951,-8.7353,-0.0421,-0.0034,-0.0102,-4.743018,-0.076462,-2.029198,80111695,1404
-0.0599,0.8614,-8.7485,-0.032,0.0043,-0.0112,-4.743018,-0.076462,-2.029198,80122195,1404
-0.0643,-0.8922,-7.7871,-0.0561,-0.0038,-0.0028,-4.743018,-0.076462,-2.029198,80132695,1404
0.2674,-2.8411,-8.6799,-0.0181,-0.0199,-0.0139,-4.743018,-0.076462,-2.029198,80143195,1404
-0.5063,-2.8361,-10.2455,0.0419,-0.0038,-0.0034,-4.743018,-0.076462,-2.029198,80153695,1404
0.303,-0.4926,-10.529,0.0143,-0.0963,-0.0097,-4.743018,-0.076462,-2.029198,80164195,1404
0.1747,-0.6692,-11.1969,0.0708,-0.1063,0.0123,-4.743018,-0.076462,-2.029198,80174695,1404
-0.6044,0.5456,-10.8096,0.0472,-0.1318,-0.0079,-4.743018,-0.076462,-2.029198,80185195,1404
0.6292,-0.4879,-9.3386,0.0449,-0.1325,-0.0041,-4.743018,-0.076462,-2.029198,80195695,1404
-0.4183,1.9195,-10.3716,0.0258,-0.1501,-0.0049,-4.684463,-0.080619,-2.008101,80205750,1405
-0.2058,3.4351,-9.8565,0.0155,-0.1142,-0.0149,-4.635056,-0.089738,-1.993568,80215827,1406
-0.0348,0.8566,-10.1213,-0.0143,-0.1302,-0.0284,-4.635056,-0.089738,-1.993568,80226327,1406
-1.2583,-0.0784,-9.3437,0.024,-0.0577,-0.0112,-4.635056,-0.089738,-1.993568,80236355,1406
-0.4507,1.4402,-9.352,-0.0292,-0.0776,-0.0305,-4.635056,-0.089738,-1.993568,80246855,1406
0.8005,-0.1651,-9.4224,-0.0444,-0.0471,-0.0331,-4.635056,-0.089738,-1.993568,80257355,1406
0.307,0.7507,-9.002,-0.0901,-0.0403,-0.0267,-4.635056,-0.089738,-1.993568,80267855,1406
-0.356,0.033,-8.7268,-0.1031,-0.0383,-0.0258,-4.635056,-0.089738,-1.993568,80278355,1406
0.6454,-2.8812,-8.6272,-0.1265,-0.0763,-0.0268,-4.635056,-0.089738,-1.993568,80288855,1406
1.3116,-3.2935,-8.7352,-0.121,-0.1069,-0.0275,-4.59266,-0.090536,-1.982207,80298902,1407
0.3116,-1.6058,-9.4332,-0.1447,-0.1382,-0.0244,-4.59266,-0.090536,-1.982207,80309402,1407
0.6919,-1.0905,-10.314,-0.1605,-0.2061,-0.0293,-4.59266,-0.090536,-1.982207,80319902,1407
0.9512,0.3946,-12.0471,-0.1191,-0.273,-0.0289,-4.59266,-0.090536,-1.982207,80330402,1407
-0.0086,1.0885,-11.1124,-0.1208,-0.3409,-0.0341,-4.59266,-0.090536,-1.982207,80340902,1407
0.4973,3.6924,-10.0833,-0.1105,-0.3361,-0.0203,-4.59266,-0.090536,-1.982207,80351402,1407
0.0434,2.3706,-10.4354,-0.0779,-0.388,-0.0159,-4.59266,-0.090536,-1.982207,80361902,1407
-1.3697,1.2044,-9.6388,-0.0697,-0.4113,-0.0135,-4.59266,-0.090536,-1.982207,80372402,1407
-0.7638,-0.7295,-8.9639,-0.0512,-0.4137,-0.0255,-4.59266,-0.090536,-1.982207,80382902,1407
-0.159,0.8583,-10.5146,-0.029,-0.3765,-0.0134,-4.59266,-0.090536,-1.982207,80393402,1407
1.0342,-0.9673,-9.06,0.0404,-0.37,-0.0085,-4.59266,-0.090536,-1.982207,80403902,1407
0.9493,1.3691,-9.1152,0.0016,-0.2904,-0.0065,-4.59266,-0.090536,-1.982207,80414402,1407
0.5746,0.0205,-9.0162,0.0016,-0.2703,-0.02,-4.59266,-0.090536,-1.982207,80424902,1407
0.8249,-1.5418,-10.9294,0.0649,-0.2409,-0.0234,-4.59266,-0.090536,-1.982207,80435402,1407
-0.1486,-0.8842,-9.368,0.0574,-0.1867,-0.0273,-4.53378,-0.098004,-1.96865,80445950,1408
0.4928,-3.0307,-9.3653,-0.0141,-0.2014,-0.0604,-4.53378,-0.098004,-1.96865,80456450,1408
-0.6505,-2.9634,-10.7714,0.0592,-0.0464,-0.0243,-4.53378,-0.098004,-1.96865,80466950,1408
-0.1741,-1.4412,-11.7163,0.0678,-0.0323,-0.0277,-4.53378,-0.098004,-1.96865,80477450,1408
-0.4318,0.6626,-12.282,0.0571,0.0052,-0.0354,-4.53378,-0.098004,-1.96865,80487950,1408
0.4617,1.9817,-9.9347,0.0414,0.0535,-0.0339,-4.53378,-0.098004,-1.96865,80498450,1408
-0.6727,2.0136,-9.4418,0.0663,0.0949,-0.0254,-4.53378,-0.098004,-1.96865,80508950,1408
-0.047,1.3892,-9.0834,0.0014,0.0763,-0.035,-4.53378,-0.098004,-1.96865,80519450,1408
1.1923,0.315,-8.2149,-0.0635,0.0709,-0.043,-4.475676,-0.102326,-1.954045,80529996,1409
-0.1761,-1.7307,-9.004,-0.0417,0.1023,-0.0329,-4.475676,-0.102326,-1.954045,80540496,1409
0.2453,-3.7789,-10.3053,-0.0531,0.1253,-0.0176,-4.475676,-0.102326,-1.954045,80550996,1409
-0.6544,-0.4309,-12.2112,-0.0096,0.1416,-0.0058,-4.475676,-0.102326,-1.954045,80561496,1409
0.5444,1.6716,-9.7879,-0.1513,0.0303,-0.0468,-4.475676,-0.102326,-1.954045,80571996,1409
0.8175,1.9065,-9.3022,-0.1562,0.0395,-0.0337,-4.475676,-0.102326,-1.954045,80582496,1409
0.1466,-0.8253,-8.8131,-0.1302,0.0824,-0.0086,-4.475676,-0.102326,-1.954045,80592996,1409
0.8225,-0.258,-8.582,-0.1821,-0.0634,-0.0281,-4.475676,-0.102326,-1.954045,80603496,1409
0.8602,-0.7567,-10.5595,-0.1524,-0.0627,-0.0316,-4.475676,-0.102326,-1.954045,80613996,1409
0.3874,2.1168,-11.512,-0.1593,-0.0621,-0.0236,-4.475676,-0.102326,-1.954045,80624496,1409
0.3905,1.3182,-9.9748,-0.1205,-0.0875,-0.0191,-4.475676,-0.102326,-1.954045,80634996,1409
-1.0978,3.667,-10.3733,-0.1611,-0.1434,-0.0401,-4.475676,-0.102326,-1.954045,80645496,1409
-0.2049,0.2777,-9.1541,-0.1045,-0.0674,-0.0265,-4.475676,-0.102326,-1.954045,80655996,1409
-1.6651,0.6526,-9.4705,-0.0931,-0.0762,-0.0314,-4.475676,-0.102326,-1.954045,80666496,1409
0.4409,-2.6539,-8.1371,-0.0663,-0.0381,-0.0291,-4.475676,-0.102326,-1.954045,80676996,1409
0.9814,-1.5705,-8.6055,-0.034,-0.0216,-0.0254,-4.475676,-0.102326,-1.954045,80687496,1409
0.5709,-2.2619,-9.5171,-0.022,0.0242,-0.0132,-4.431598,-0.109383,-1.954322,80697540,1410
0.4257,-1.7306,-10.2854,0.0266,0.0902,0.0043,-4.431598,-0.109383,-1.954322,80707576,1410
-0.3152,0.4595,-10.7181,-0.0089,0.07,-0.0184,-4.431598,-0.109383,-1.954322,80718076,1410
0.6745,1.9546,-10.9762,-0.0528,0.1173,-0.0284,-4.431598,-0.109383,-1.954322,80728576,1410
-1.3598,1.4277,-10.0857,-0.0233,0.1675,-0.0244,-4.431598,-0.109383,-1.954322,80739076,1410
-1.1858,-0.1104,-10.843,-0.052,0.3375,-0.0248,-4.431598,-0.109383,-1.954322,80749576,1410
-0.38,0.0539,-8.3549,-0.0488,0.4141,-0.0096,-4.431598,-0.109383,-1.954322,80760076,1410
0.2166,-1.9362,-8.2691,-0.0866,0.4876,-0.0117,-4.431598,-0.109383,-1.954322,80770576,1410
0.8409,-1.3891,-9.7724,-0.1089,0.5412,-0.014,-4.431598,-0.109383,-1.954322,80781076,1410
1.8273,-2.1637,-10.4749,-0.1035,0.585,-0.0051,-4.431598,-0.109383,-1.954322,80791576,1410
-0.4351,0.9663,-12.1233,-0.1569,0.5782,-0.0198,-4.431598,-0.109383,-1.954322,80802076,1410
1.1636,1.8732,-10.1076,-0.173,0.5664,-0.0198,-4.431598,-0.109383,-1.954322,80812576,1410
0.4368,4.1722,-8.9073,-0.1622,0.5576,-0.015,-4.431598,-0.109383,-1.954322,80823076,1410
0.5248,-0.9761,-8.821,-0.1266,0.5075,-0.0108,-4.431598,-0.109383,-1.954322,80833576,1410
0.2273,-1.1404,-11.5546,-0.1321,0.431,-0.0087,-4.431598,-0.109383,-1.954322,80844076,1410
0.4813,1.7448,-11.3248,-0.0957,0.3993,-0.0088,-4.431598,-0.109383,-1.954322,80854576,1410
0.3093,-0.3864,-7.5641,-0.1234,0.3037,-0.0224,-4.431598,-0.109383,-1.954322,80865076,1410
0.5949,-0.644,-8.4403,-0.1202,0.252,-0.0197,-4.431598,-0.109383,-1.954322,80875576,1410
0.3979,-3.6828,-11.4144,0.0125,0.2369,-0.0122,-4.431598,-0.109383,-1.954322,80886076,1410
0.0027,-0.3712,-11.873,-0.0494,0.1541,-0.0175,-4.431598,-0.109383,-1.954322,80896576,1410
0.1885,1.6618,-10.6687,-0.0367,0.1391,-0.0139,-4.371976,-0.11528,-1.947452,80906621,1411
0.6897,2.1102,-10.3619,-0.0556,0.1082,-0.0136,-4.314651,-0.12219,-1.939978,80916675,1412
0.5839,3.804,-10.4673,-0.0289,0.1097,-0.0136,-4.314651,-0.12219,-1.939978,80926706,1412
-0.046,2.2891,-8.7786,-0.0661,0.1069,-0.0167,-4.314651,-0.12219,-1.939978,80937206,1412
-0.5259,0.0512,-9.7896,-0.0242,0.1866,-0.0093,-4.314651,-0.12219,-1.939978,80947706,1412
-0.3764,-0.3929,-8.6039,-0.0352,0.2113,-0.0115,-4.314651,-0.12219,-1.939978,80958206,1412
0.0721,-2.9239,-8.9118,-0.0202,0.2498,-0.0111,-4.314651,-0.12219,-1.939978,80968706,1412
1.154,-1.9064,-9.0824,-0.0855,0.2391,-0.0209,-4.314651,-0.12219,-1.939978,80979206,1412
0.4576,-2.1025,-10.2378,-0.0488,0.3199,-0.0006,-4.314651,-0.12219,-1.939978,80989706,1412
0.1909,-0.3966,-10.9034,-0.0878,0.2723,-0.013,-4.314651,-0.12219,-1.939978,81000206,1412
1.2324,0.8165,-11.0374,-0.0757,0.2991,-0.0061,-4.314651,-0.12219,-1.939978,81010706,1412
0.2405,3.0401,-11.2774,-0.1227,0.2138,-0.029,-4.314651,-0.12219,-1.939978,81021206,1412
-0.6959,1.4149,-10.446,-0.0892,0.1965,-0.021,-4.314651,-0.12219,-1.939978,81031706,1412
-0.7716,1.1809,-9.7122,-0.0205,0.224,-0.006,-4.314651,-0.12219,-1.939978,81042206,1412
-0.6489,0.5179,-10.5223,-0.0738,0.1441,-0.0253,-4.314651,-0.12219,-1.939978,81052706,1412
-0.1706,-0.5763,-9.0678,-0.0493,0.1146,-0.0192,-4.314651,-0.12219,-1.939978,81063206,1412
0.6405,-1.1635,-8.741,-0.0438,0.0812,-0.029,-4.314651,-0.12219,-1.939978,81073706,1412
1.2208,-1.6752,-8.7373,0.0148,0.1017,-0.0093,-4.314651,-0.12219,-1.939978,81084206,1412
0.12,-2.941,-11.166,0.0432,0.0977,-0.0013,-4.314651,-0.12219,-1.939978,81094706,1412
0.2225,-1.6356,-11.2565,0.0501,0.0549,-0.0034,-4.314651,-0.12219,-1.939978,81105206,1412
-0.1715,1.9753,-11.3876,0.0743,-0.0092,-0.0178,-4.314651,-0.12219,-1.939978,81115706,1412
0.2502,3.1284,-11.8118,0.0744,-0.0276,-0.0268,-4.248687,-0.116666,-1.926381,81125758,1413
0.6353,2.6572,-10.4799,0.0724,0.002,-0.0186,-4.179469,-0.120294,-1.938343,81135802,1414
-0.2367,2.01,-9.4644,0.1124,-0.0167,-0.0191,-4.179469,-0.120294,-1.938343,81145831,1414
-0.7788,1.8008,-10.2147,0.0623,-0.0829,-0.0359,-4.179469,-0.120294,-1.938343,81156331,1414
0.2796,0.0149,-9.697,0.1126,-0.0954,-0.0149,-4.179469,-0.120294,-1.938343,81166333,1414
0.6338,-2.3489,-9.4018,0.0967,-0.1656,-0.0209,-4.179469,-0.120294,-1.938343,81176833,1414
0.6135,0.0635,-9.4717,0.1087,-0.2329,-0.0122,-4.179469,-0.120294,-1.938343,81187333,1414
1.7137,-1.3142,-9.6662,0.0872,-0.3186,-0.0239,-4.179469,-0.120294,-1.938343,81197833,1414
0.4436,-1.5068,-9.414,0.0903,-0.3344,-0.0216,-4.179469,-0.120294,-1.938343,81208333,1414
1.3256,-1.0403,-9.3923,0.1,-0.3601,-0.0105,-4.179469,-0.120294,-1.938343,81218833,1414
-0.229,-0.0784,-11.1207,0.0883,-0.4351,-0.0156,-4.179469,-0.120294,-1.938343,81229333,1414
-0.1772,-0.3684,-11.2811,0.1031,-0.4541,-0.0056,-4.179469,-0.120294,-1.938343,81239833,1414
-0.0111,0.345,-11.048,0.1051,-0.4808,-0.0115,-4.179469,-0.120294,-1.938343,81250333,1414
-0.2482,1.8809,-12.0791,0.1108,-0.4819,-0.0113,-4.179469,-0.120294,-1.938343,81260833,1414
0.4652,3.2637,-10.3706,0.1457,-0.4569,-0.0038,-4.179469,-0.120294,-1.938343,81271333,1414
0.5107,1.6891,-8.3063,0.0693,-0.4668,-0.011,-4.179469,-0.120294,-1.938343,81281833,1414
-0.8158,0.2211,-8.94,0.1119,-0.4041,0.0117,-4.179469,-0.120294,-1.938343,81292333,1414
0.278,-2.031,-9.6874,0.1203,-0.4039,-0.0009,-4.179469,-0.120294,-1.938343,81302833,1414
0.647,0.5378,-8.4486,0.1487,-0.3098,0.0045,-4.179469,-0.120294,-1.938343,81313333,1414
0.9288,-0.7777,-8.4206,0.1324,-0.2999,-0.0108,-4.179469,-0.120294,-1.938343,81323833,1414
0.0896,-1.1474,-10.4682,0.1707,-0.2603,0.0004,-4.179469,-0.120294,-1.938343,81334333,1414
0.1679,-0.8619,-9.6948,0.1621,-0.2959,0.0045,-4.179469,-0.120294,-1.938343,81344833,1414
-0.3243,1.4601,-10.4955,0.1729,-0.2224,0.0094,-4.104746,-0.108362,-1.92745,81355381,1415
-0.516,0.0379,-10.7052,0.2126,-0.2176,0.0098,-4.037934,-0.104096,-1.927824,81365428,1416
-0.2662,-0.5711,-10.9787,0.1986,-0.1638,-0.0012,-4.037934,-0.104096,-1.927824,81375928,1416
0.3714,2.6254,-10.7194,0.2063,-0.1403,0.0047,-4.037934,-0.104096,-1.927824,81386428,1416
-0.1583,2.6338,-10.1416,0.2175,-0.076,0.015,-4.037934,-0.104096,-1.927824,81396928,1416
-0.7543,1.7603,-10.1277,0.2147,-0.0233,0.0138,-4.037934,-0.104096,-1.927824,81407428,1416
0.4347,1.5375,-8.302,0.1773,-0.0387,0.011,-4.037934,-0.104096,-1.927824,81417928,1416
-0.1573,1.1728,-9.867,0.1883,0.0257,0.0111,-4.037934,-0.104096,-1.927824,81428428,1416
0.4342,-0.9567,-8.9374,0.1726,0.0572,0.0185,-4.037934,-0.104096,-1.927824,81438928,1416
0.6941,0.8296,-9.5334,0.152,0.0499,0.0043,-4.037934,-0.104096,-1.927824,81449428,1416
0.7574,0.5259,-8.6294,0.1044,0.0439,0.0043,-3.961978,-0.095215,-1.929456,81459483,1417
-0.0136,-1.1663,-7.9397,0.147,-0.0013,0.0186,-3.961978,-0.095215,-1.929456,81469511,1417
0.2388,-3.124,-9.4894,0.134,-0.0137,0.0254,-3.961978,-0.095215,-1.929456,81480011,1417
1.1973,-1.3528,-9.1007,0.1187,-0.0968,0.0193,-3.961978,-0.095215,-1.929456,81490511,1417
1.2427,-0.6533,-10.058,0.1681,-0.1636,0.0207,-3.961978,-0.095215,-1.929456,81501011,1417
0.8342,0.1051,-9.6657,0.1735,-0.2375,0.0239,-3.961978,-0.095215,-1.929456,81511511,1417
0.997,-1.0758,-9.5705,0.1991,-0.2998,0.0268,-3.961978,-0.095215,-1.929456,81522011,1417
-0.7138,1.5132,-11.7887,0.2505,-0.2928,0.051,-3.961978,-0.095215,-1.929456,81532511,1417
-0.272,-1.0532,-11.7091,0.2006,-0.3927,0.0382,-3.961978,-0.095215,-1.929456,81543011,1417
0.1047,1.1201,-11.6932,0.1804,-0.465,0.021,-3.961978,-0.095215,-1.929456,81553511,1417
0.3323,0.8541,-10.9288,0.1799,-0.4277,0.0301,-3.961978,-0.095215,-1.929456,81564011,1417
-0.4146,1.4233,-11.3181,0.2049,-0.401,0.0373,-3.875289,-0.080935,-1.941169,81574063,1418
-1.1309,-0.031,-11.2069,0.1335,-0.4184,0.0225,-3.875289,-0.080935,-1.941169,81584563,1418
-0.3652,-0.001,-10.7967,0.1347,-0.3038,0.0412,-3.875289,-0.080935,-1.941169,81595063,1418
0.1343,-1.2796,-11.2836,0.1435,-0.2811,0.0417,-3.875289,-0.080935,-1.941169,81605563,1418
0.3823,2.0562,-10.8957,0.1331,-0.2503,0.0447,-3.875289,-0.080935,-1.941169,81616063,1418
-0.1308,2.0245,-10.5578,0.0968,-0.226,0.042,-3.875289,-0.080935,-1.941169,81626563,1418
-1.3679,1.0161,-10.2115,0.0718,-0.1551,0.0409,-3.875289,-0.080935,-1.941169,81637063,1418
-0.0709,2.4651,-9.7099,0.0232,-0.1733,0.0283,-3.875289,-0.080935,-1.941169,81647563,1418
-0.8456,-0.2637,-9.7604,0.0319,-0.1302,0.0422,-3.875289,-0.080935,-1.941169,81658063,1418
0.3304,0.2974,-9.4619,0.0026,-0.1265,0.0464,-3.875289,-0.080935,-1.941169,81668563,1418
0.3683,-0.8509,-8.7728,-0.0545,-0.1304,0.0389,-3.875289,-0.080935,-1.941169,81679063,1418
0.2821,0.1501,-8.8231,0.0096,-0.0382,0.0628,-3.796568,-0.073681,-1.943585,81689109,1419
1.0118,0.2915,-8.9415,-0.011,-0.0922,0.0409,-3.796568,-0.073681,-1.943585,81699609,1419
0.2475,1.5404,-8.3378,0.0014,-0.0569,0.0515,-3.796568,-0.073681,-1.943585,81709639,1419
-0.1067,-2.1606,-8.4479,-0.0294,-0.0983,0.0433,-3.796568,-0.073681,-1.943585,81720139,1419
0.4739,-1.5928,-9.2231,-0.0158,-0.0463,0.0555,-3.796568,-0.073681,-1.943585,81730639,1419
0.2942,-2.3008,-9.5345,0.001,-0.0345,0.0635,-3.796568,-0.073681,-1.943585,81741139,1419
-0.0485,-2.4644,-9.3554,-0.0359,-0.0459,0.053,-3.796568,-0.073681,-1.943585,81751639,1419
1.4571,-0.1438,-9.8278,-0.0339,-0.0047,0.0573,-3.796568,-0.073681,-1.943585,81762139,1419
1.0814,-0.1292,-9.003,-0.0484,-0.0055,0.0604,-3.796568,-0.073681,-1.943585,81772639,1419
-0.3575,-2.3678,-9.3461,-0.0422,0.0171,0.0613,-3.796568,-0.073681,-1.943585,81783139,1419
0.7959,-0.6864,-9.3036,-0.0072,0.0594,0.0753,-3.796568,-0.073681,-1.943585,81793639,1419
0.429,-2.4983,-10.0222,-0.0653,0.0252,0.0522,-3.796568,-0.073681,-1.943585,81804139,1419
-0.4596,-2.325,-11.2523,-0.1097,0.0108,0.0319,-3.732884,-0.06757,-1.951337,81814183,1420
1.6436,-1.0522,-9.8133,-0.1137,0.0558,0.0303,-3.732884,-0.06757,-1.951337,81824683,1420
0.6542,-0.344,-11.0276,-0.135,0.0937,0.0461,-3.732884,-0.06757,-1.951337,81835183,1420
-0.1381,-1.1962,-9.0454,-0.1311,0.1345,0.0561,-3.732884,-0.06757,-1.951337,81845683,1420
-0.2358,-0.5981,-9.906,-0.1475,0.1793,0.0545,-3.732884,-0.06757,-1.951337,81856183,1420
-0.7503,-2.6162,-10.5567,-0.1018,0.3376,0.091,-3.732884,-0.06757,-1.951337,81866683,1420
0.626,-1.7007,-9.8067,-0.171,0.336,0.0695,-3.732884,-0.06757,-1.951337,81877183,1420
0.6173,-1.2322,-9.2995,-0.1517,0.4372,0.0792,-3.732884,-0.06757,-1.951337,81887683,1420
-0.0519,-1.5878,-8.9398,-0.1583,0.4771,0.0684,-3.732884,-0.06757,-1.951337,81898183,1420
0.6551,0.0195,-8.6446,-0.1599,0.4892,0.0655,-3.732884,-0.06757,-1.951337,81908683,1420
-0.236,-0.4398,-8.4199,-0.1682,0.4949,0.0662,-3.651238,-0.065605,-1.964825,81918734,1421
-0.5236,-2.0437,-8.9832,-0.1887,0.4769,0.0584,-3.651238,-0.065605,-1.964825,81928735,1421
0.59,1.2764,-10.0048,-0.1945,0.4497,0.0514,-3.651238,-0.065605,-1.964825,81939235,1421
1.6146,0.0568,-8.3697,-0.2201,0.4188,0.0484,-3.651238,-0.065605,-1.964825,81949735,1421
0.0021,-1.2222,-8.866,-0.1931,0.4149,0.0472,-3.651238,-0.065605,-1.964825,81960235,1421
0.2412,1.7347,-8.8673,-0.2161,0.3949,0.0608,-3.651238,-0.065605,-1.964825,81970735,1421
1.3513,0.097,-9.1731,-0.1882,0.3048,0.057,-3.651238,-0.065605,-1.964825,81981235,1421
0.8123,-0.3618,-8.263,-0.1891,0.3177,0.0737,-3.651238,-0.065605,-1.964825,81991735,1421
0.6905,-0.5101,-8.352,-0.197,0.2764,0.0709,-3.651238,-0.065605,-1.964825,82002235,1421
0.8503,0.1315,-9.5047,-0.2033,0.2297,0.0581,-3.651238,-0.065605,-1.964825,82012735,1421
0.6619,-2.0664,-8.114,-0.2001,0.2186,0.059,-3.651238,-0.065605,-1.964825,82023235,1421
0.4695,-2.0459,-9.1019,-0.2101,0.1855,0.0447,-3.651238,-0.065605,-1.964825,82033735,1421
0.3378,-1.6549,-8.9598,-0.1812,0.193,0.0468,-3.592443,-0.066116,-1.97728,82043782,1422
0.0055,-2.3417,-8.4764,-0.1704,0.1489,0.054,-3.592443,-0.066116,-1.97728,82054282,1422
0.0216,-2.6207,-9.5067,-0.132,0.1482,0.0622,-3.592443,-0.066116,-1.97728,82064782,1422
1.0478,-2.0974,-9.4304,-0.1482,0.1507,0.0767,-3.592443,-0.066116,-1.97728,82075282,1422
0.6831,-0.3689,-9.1855,-0.1634,0.1913,0.0744,-3.592443,-0.066116,-1.97728,82085782,1422
-0.0378,-1.0453,-10.2954,-0.1365,0.2334,0.0631,-3.592443,-0.066116,-1.97728,82096282,1422
1.5004,-0.4067,-9.0942,-0.0851,0.3176,0.0683,-3.592443,-0.066116,-1.97728,82106782,1422
0.226,1.9513,-9.3099,-0.0997,0.2915,0.0509,-3.592443,-0.066116,-1.97728,82117282,1422
0.7256,0.7412,-9.392,-0.0813,0.3713,0.0712,-3.592443,-0.066116,-1.97728,82127782,1422
1.3662,1.781,-8.6233,-0.1028,0.3652,0.0695,-3.592443,-0.066116,-1.97728,82138282,1422
-0.7083,1.7225,-8.9434,-0.0438,0.3583,0.0674,-3.516101,-0.069467,-1.998204,82148330,1423
-1.3427,1.2025,-9.3831,-0.086,0.3385,0.0661,-3.516101,-0.069467,-1.998204,82158830,1423
0.6209,1.2397,-8.1546,-0.1302,0.2663,0.0539,-3.516101,-0.069467,-1.998204,82168862,1423
0.0416,0.5377,-8.8388,-0.0985,0.2453,0.0534,-3.516101,-0.069467,-1.998204,82179362,1423
-0.645,0.4277,-8.3323,-0.0895,0.2036,0.0592,-3.516101,-0.069467,-1.998204,82189363,1423
-0.1343,0.4174,-8.9945,-0.0729,0.1311,0.0584,-3.516101,-0.069467,-1.998204,82199863,1423
0.274,-0.0123,-8.4633,-0.0691,0.0997,0.055,-3.516101,-0.069467,-1.998204,82210363,1423
0.3735,-0.338,-8.1155,-0.0563,0.0915,0.0528,-3.516101,-0.069467,-1.998204,82220863,1423
-0.1526,-0.224,-8.6623,-0.0304,0.0742,0.0486,-3.516101,-0.069467,-1.998204,82231363,1423
0.6493,-0.2834,-8.7723,-0.0387,0.0316,0.0466,-3.516101,-0.069467,-1.998204,82241863,1423
0.6481,-1.2397,-8.7224,-0.0347,0.0079,0.0531,-3.516101,-0.069467,-1.998204,82252363,1423
0.1667,0.5701,-9.6417,0.0053,0.0095,0.0517,-3.516101,-0.069467,-1.998204,82262863,1423
-0.0068,1.0249,-10.5302,-0.0179,-0.0271,0.0397,-3.516101,-0.069467,-1.998204,82273363,1423
0.2832,-1.2989,-9.5474,-0.0087,-0.0482,0.0347,-3.434252,-0.067566,-2.017586,82283409,1424
-0.0415,-0.3172,-10.1826,0.0188,-0.0047,0.0392,-3.434252,-0.067566,-2.017586,82293909,1424
-0.1835,0.0212,-9.1249,0.0081,-0.0365,0.0278,-3.434252,-0.067566,-2.017586,82304409,1424
-0.4358,0.6502,-10.0543,0.0593,-0.0525,0.0331,-3.434252,-0.067566,-2.017586,82314909,1424
0.1144,-0.5807,-10.342,0.0628,-0.0371,0.0379,-3.434252,-0.067566,-2.017586,82325409,1424
-0.5013,0.4202,-9.8355,0.0505,-0.0271,0.0337,-3.434252,-0.067566,-2.017586,82335909,1424
-0.9554,0.0633,-10.3467,0.0265,-0.0562,0.0207,-3.434252,-0.067566,-2.017586,82346409,1424
-0.139,0.3065,-10.4789,0.123,0.0097,0.0403,-3.434252,-0.067566,-2.017586,82356909,1424
-0.8685,0.0634,-9.1867,0.0722,-0.0015,0.0301,-3.434252,-0.067566,-2.017586,82367409,1424
-1.0758,-0.9471,-10.4441,0.067,0.006,0.0284,-3.369432,-0.066574,-2.03512,82377455,1425
-0.0705,0.1311,-10.4729,0.0789,-0.0414,0.0298,-3.369432,-0.066574,-2.03512,82387464,1425
0.4594,0.2841,-9.8517,0.0648,-0.0402,0.0164,-3.369432,-0.066574,-2.03512,82397964,1425
-0.7914,-0.8779,-9.7515,0.0856,-0.0391,0.0232,-3.369432,-0.066574,-2.03512,82408464,1425
0.4919,0.1913,-10.1022,0.0969,-0.0464,0.0249,-3.369432,-0.066574,-2.03512,82418964,1425
0.6588,-0.949,-8.8138,0.0896,-0.0573,0.0201,-3.369432,-0.066574,-2.03512,82429464,1425
-0.2421,-0.2299,-9.2346,0.071,-0.0474,0.0217,-3.369432,-0.066574,-2.03512,82439964,1425
1.5868,-0.2783,-9.1749,0.0753,-0.0409,0.0179,-3.369432,-0.066574,-2.03512,82450464,1425
0.3886,-1.6946,-9.8858,0.1058,-0.0219,0.0261,-3.369432,-0.066574,-2.03512,82460964,1425
0.2629,-0.3212,-9.156,0.1037,-0.0112,0.0284,-3.369432,-0.066574,-2.03512,82471464,1425
1.3813,0.8173,-10.0359,0.0911,-0.0485,0.0146,-3.369432,-0.066574,-2.03512,82481964,1425
0.3888,-0.021,-10.2422,0.0855,-0.0512,0.0161,-3.369432,-0.066574,-2.03512,82492464,1425
0.1283,1.5519,-10.242,0.099,-0.0543,0.0169,-3.369432,-0.066574,-2.03512,82502964,1425
-0.2581,0.7297,-10.1588,0.0712,-0.091,0.0057,-3.290431,-0.058272,-2.044067,82513008,1426
-0.484,0.6468,-9.5469,0.0619,-0.0695,0.0027,-3.290431,-0.058272,-2.044067,82523508,1426
-0.4185,1.6978,-10.1849,0.0426,-0.0923,0.0005,-3.290431,-0.058272,-2.044067,82534008,1426
-0.0683,0.0054,-10.9001,0.0474,-0.0391,0.0136,-3.290431,-0.058272,-2.044067,82544508,1426
-1.1617,-1.0626,-9.6416,0.0493,-0.0064,0.017,-3.290431,-0.058272,-2.044067,82555008,1426
-0.5591,1.0532,-11.5915,0.0679,0.0366,0.0234,-3.290431,-0.058272,-2.044067,82565508,1426
1.2934,1.7346,-10.6049,0.0789,0.0757,0.0189,-3.290431,-0.058272,-2.044067,82576008,1426
0.0322,0.3588,-10.2383,0.0796,0.1018,0.0114,-3.290431,-0.058272,-2.044067,82586508,1426
-0.9452,1.5952,-10.2762,0.0539,0.0826,-0.0009,-3.290431,-0.058272,-2.044067,82597008,1426
0.2495,1.6362,-9.7865,0.1004,0.0955,0.0019,-3.18725,-0.053543,-2.060011,82607052,1427
-0.1992,-1.245,-10.9503,0.117,0.0931,0.0136,-3.18725,-0.053543,-2.060011,82617552,1427
0.4105,-1.96,-10.1201,0.1264,0.0936,0.0233,-3.18725,-0.053543,-2.060011,82627590,1427
0.4254,-0.432,-10.8018,0.1198,0.0508,0.0137,-3.18725,-0.053543,-2.060011,82638090,1427
0.7326,1.3934,-10.9807,0.1127,-0.0079,0.0159,-3.18725,-0.053543,-2.060011,82648590,1427
0.5279,1.3108,-10.3274,0.0922,-0.0722,0.0185,-3.18725,-0.053543,-2.060011,82659090,1427
-0.1381,2.2664,-10.8121,0.0635,-0.1069,0.0164,-3.18725,-0.053543,-2.060011,82669590,1427
-0.5376,0.2708,-11.0142,0.0738,-0.1139,0.0215,-3.18725,-0.053543,-2.060011,82680090,1427
-0.3468,0.9569,-11.3781,0.0518,-0.1713,0.005,-3.18725,-0.053543,-2.060011,82690590,1427
-0.3896,0.8596,-10.7615,0.0428,-0.1818,0.0047,-3.18725,-0.053543,-2.060011,82701090,1427
-0.3745,0.3814,-10.9369,0.0588,-0.1752,0.0043,-3.18725,-0.053543,-2.060011,82711590,1427
0.7922,1.7401,-11.3414,0.0666,-0.1724,0.0158,-3.18725,-0.053543,-2.060011,82722090,1427
0.893,2.5492,-10.1676,0.0614,-0.2062,0.0235,-3.18725,-0.053543,-2.060011,82732590,1427
-0.8263,0.8907,-10.3557,0.0496,-0.2254,0.0176,-3.065748,-0.035277,-2.078025,82742636,1428
-0.9463,-0.0912,-10.766,0.0325,-0.2461,0.0062,-3.065748,-0.035277,-2.078025,82753136,1428
0.299,0.5195,-10.8545,0.067,-0.2644,-0.0002,-3.065748,-0.035277,-2.078025,82763636,1428
0.5603,1.286,-11.2811,0.0675,-0.2798,0.0005,-3.065748,-0.035277,-2.078025,82774136,1428
-0.3128,1.3232,-10.3929,0.0783,-0.2828,-0.0009,-3.065748,-0.035277,-2.078025,82784636,1428
-0.4294,2.7029,-11.6759,0.1042,-0.292,-0.0037,-3.065748,-0.035277,-2.078025,82795136,1428
0.5492,2.6125,-10.3835,0.112,-0.3037,0.002,-3.065748,-0.035277,-2.078025,82805636,1428
-0.4442,1.6608,-9.3374,0.1476,-0.2883,0.0073,-3.065748,-0.035277,-2.078025,82816136,1428
-1.2831,-0.1945,-10.918,0.1901,-0.2737,0.0206,-3.065748,-0.035277,-2.078025,82826636,1428
0.3537,0.75,-10.8731,0.1798,-0.3138,0.0113,-3.065748,-0.035277,-2.078025,82837136,1428
0.2417,0.4317,-10.0273,0.1832,-0.3256,0.006,-3.065748,-0.035277,-2.078025,82847636,1428
-0.5121,1.1433,-10.0451,0.1869,-0.336,0.0114,-3.065748,-0.035277,-2.078025,82858136,1428
0.733,2.1092,-9.8382,0.1832,-0.36,-0.0001,-3.065748,-0.035277,-2.078025,82868636,1428
0.2583,2.7885,-9.6489,0.1865,-0.3116,0.0198,-3.065748,-0.035277,-2.078025,82879136,1428
-0.1235,1.1786,-8.9578,0.1541,-0.3128,0.0109,-3.065748,-0.035277,-2.078025,82889636,1428
0.3532,2.0348,-9.2083,0.1309,-0.2955,0.0046,-3.065748,-0.035277,-2.078025,82900136,1428
-0.4154,-1.1192,-8.8347,0.1399,-0.2651,0.0291,-3.065748,-0.035277,-2.078025,82910636,1428
0.6626,-1.0431,-9.2967,0.1189,-0.2485,0.0279,-3.065748,-0.035277,-2.078025,82921136,1428
0.7378,-0.9368,-8.1325,0.0792,-0.1682,0.0363,-3.065748,-0.035277,-2.078025,82931636,1428
1.0107,-2.1106,-9.1639,0.0667,-0.1781,0.0218,-3.065748,-0.035277,-2.078025,82942136,1428
0.7741,-1.4212,-9.0164,0.0384,-0.1368,0.0228,-3.065748,-0.035277,-2.078025,82952636,1428
0.5587,-0.4981,-9.227,-0.0076,-0.1209,0.0268,-3.065748,-0.035277,-2.078025,82963136,1428
0.7188,-0.4479,-9.4497,-0.0272,-0.1338,0.0199,-2.932747,-0.032037,-2.102553,82973183,1429
-0.057,-2.7665,-10.0365,-0.0464,-0.12,0.0334,-2.932747,-0.032037,-2.102553,82983683,1429
0.7421,-0.7701,-10.6329,-0.0855,-0.0741,0.031,-2.932747,-0.032037,-2.102553,82993685,1429
-0.503,-2.94,-10.8269,-0.1433,-0.014,0.0256,-2.932747,-0.032037,-2.102553,83004185,1429
1.6949,-0.8736,-9.5945,-0.1813,0.1733,0.0245,-2.932747,-0.032037,-2.102553,83014685,1429
-0.8257,-0.124,-10.3192,-0.194,0.3212,0.0261,-2.932747,-0.032037,-2.102553,83025185,1429
-0.6308,1.3278,-12.5084,-0.189,0.4851,0.0347,-2.932747,-0.032037,-2.102553,83035685,1429
0.0377,1.241,-10.8199,-0.2331,0.6144,0.0362,-2.932747,-0.032037,-2.102553,83046185,1429
-0.501,-3.2871,-9.4108,-0.1692,0.7237,0.045,-2.932747,-0.032037,-2.102553,83056685,1429
0.0422,-1.4976,-9.9089,-0.179,0.8088,0.0426,-2.932747,-0.032037,-2.102553,83067185,1429
0.595,1.7479,-9.77,-0.1966,0.8068,0.0455,-2.818279,-0.017038,-2.130668,83077238,1430
-0.8235,1.4733,-10.8004,-0.2345,0.7969,0.0283,-2.818279,-0.017038,-2.130668,83087738,1430
-0.0292,2.1392,-10.44,-0.2135,0.7661,0.0339,-2.818279,-0.017038,-2.130668,83098238,1430
0.4736,0.596,-9.9419,-0.2075,0.6311,0.0362,-2.818279,-0.017038,-2.130668,83108738,1430
0.1351,-2.9357,-9.5872,-0.1452,0.5262,0.0442,-2.818279,-0.017038,-2.130668,83119238,1430
-0.4238,-1.5762,-9.8544,-0.1605,0.3631,0.0371,-2.818279,-0.017038,-2.130668,83129738,1430
0.3272,-3.9223,-10.2402,-0.0934,0.289,0.0458,-2.818279,-0.017038,-2.130668,83140238,1430
-0.0444,-2.3395,-10.3805,-0.0537,0.2246,0.0497,-2.818279,-0.017038,-2.130668,83150738,1430
0.3404,-1.7116,-9.7754,-0.078,0.0664,0.0283,-2.818279,-0.017038,-2.130668,83161238,1430
0.7249,-3.0902,-9.5945,-0.0436,0.0174,0.0321,-2.818279,-0.017038,-2.130668,83171738,1430
0.4326,-4.8209,-9.553,-0.0557,-0.1125,0.034,-2.818279,-0.017038,-2.130668,83182238,1430
0.5998,-2.4155,-9.3366,-0.0756,-0.1804,0.0127,-2.681993,-0.017692,-2.160392,83192290,1431
0.9285,0.4014,-9.523,-0.0119,-0.1558,0.0371,-2.681993,-0.017692,-2.160392,83202790,1431
0.9886,3.1524,-9.7312,-0.0077,-0.124,0.0337,-2.681993,-0.017692,-2.160392,83212829,1431
-0.3814,2.1854,-10.3277,-0.0306,-0.153,0.0268,-2.681993,-0.017692,-2.160392,83223329,1431
0.1047,3.0615,-10.3824,-0.0558,-0.2351,0.0152,-2.681993,-0.017692,-2.160392,83233331,1431
0.8719,3.1071,-9.8871,-0.0389,-0.2714,0.0259,-2.681993,-0.017692,-2.160392,83243831,1431
-0.3584,0.0429,-10.4541,-0.0239,-0.261,0.0217,-2.681993,-0.017692,-2.160392,83254331,1431
-0.5769,1.6039,-10.3509,-0.0161,-0.3345,0.0237,-2.681993,-0.017692,-2.160392,83264831,1431
0.0656,-0.9362,-10.2966,0.0108,-0.2734,0.0373,-2.681993,-0.017692,-2.160392,83275331,1431
0.2357,-2.0124,-9.6398,-0.0694,-0.422,0.008,-2.681993,-0.017692,-2.160392,83285831,1431
-0.4197,-1.6989,-9.654,-0.0839,-0.423,0.0089,-2.554699,-0.019665,-2.201816,83296378,1432
0.0867,-2.7811,-9.4138,-0.0629,-0.4098,0.0097,-2.554699,-0.019665,-2.201816,83306878,1432
0.7123,0.0849,-9.1759,-0.0361,-0.384,0.0102,-2.554699,-0.019665,-2.201816,83317378,1432
0.5594,-1.1834,-8.9763,-0.0299,-0.4363,0.0059,-2.554699,-0.019665,-2.201816,83327878,1432
0.6371,-2.1131,-8.9008,-0.0611,-0.4965,-0.0137,-2.554699,-0.019665,-2.201816,83338378,1432
0.7804,0.3196,-9.1457,-0.0731,-0.5894,-0.0106,-2.554699,-0.019665,-2.201816,83348878,1432
0.4307,-2.2439,-8.8069,-0.0354,-0.61,-0.0085,-2.554699,-0.019665,-2.201816,83359378,1432
1.0309,-0.5142,-9.3106,-0.0235,-0.6568,-0.0128,-2.554699,-0.019665,-2.201816,83369878,1432
0.8173,-0.0792,-9.3567,-0.0196,-0.7128,-0.0174,-2.554699,-0.019665,-2.201816,83380378,1432
0.2308,-1.3901,-9.217,-0.0028,-0.6864,-0.0148,-2.554699,-0.019665,-2.201816,83390878,1432
0.395,0.9879,-10.112,0.0211,-0.7018,-0.0017,-2.554699,-0.019665,-2.201816,83401378,1432
0.2456,1.1628,-10.1733,0.0745,-0.6623,-0.0044,-2.554699,-0.019665,-2.201816,83411878,1432
-0.0304,1.7662,-10.6114,0.0286,-0.6929,-0.0223,-2.554699,-0.019665,-2.201816,83422378,1432
0.523,1.9585,-10.8384,0.0634,-0.6259,0.001,-2.554699,-0.019665,-2.201816,83432878,1432
-0.1822,3.2196,-10.9035,0.071,-0.5754,-0.0072,-2.554699,-0.019665,-2.201816,83443378,1432
-0.4699,-0.213,-9.5742,0.049,-0.4683,-0.0025,-2.554699,-0.019665,-2.201816,83453878,1432
-0.3315,1.7408,-10.105,0.056,-0.4409,-0.011,-2.554699,-0.019665,-2.201816,83464378,1432
-0.0238,-2.9532,-8.8254,0.069,-0.4072,-0.0123,-2.554699,-0.019665,-2.201816,83474878,1432
-0.0752,-2.4469,-9.0657,0.119,-0.2719,0.0135,-2.554699,-0.019665,-2.201816,83485378,1432
0.0005,-1.6789,-9.2673,0.0781,-0.2944,-0.0202,-2.429256,-0.015687,-2.245081,83495424,1433
0.1465,-3.1181,-9.1538,0.089,-0.1929,-0.0012,-2.429256,-0.015687,-2.245081,83505924,1433
0.4115,1.6548,-10.3004,0.0907,-0.1262,-0.0105,-2.429256,-0.015687,-2.245081,83516424,1433
0.1688,1.2837,-10.4457,0.0934,-0.0401,-0.0067,-2.429256,-0.015687,-2.245081,83526924,1433
0.2134,2.5952,-10.3486,0.1181,0.2228,0.0311,-2.303416,-0.01622,-2.283816,83536975,1434
-1.2847,-1.3078,-10.7069,0.0737,0.283,-0.0013,-2.303416,-0.01622,-2.283816,83547475,1434
0.4899,-3.2476,-9.43,0.1077,0.3696,0.0105,-2.303416,-0.01622,-2.283816,83557484,1434
0.4449,-1.9328,-9.6077,0.0179,0.3276,-0.0103,-2.303416,-0.01622,-2.283816,83567984,1434
0.2964,-2.7431,-9.9708,-0.0012,0.312,-0.0053,-2.303416,-0.01622,-2.283816,83578484,1434
1.6645,-1.3298,-9.2317,-0.0178,0.2554,-0.0022,-2.303416,-0.01622,-2.283816,83588984,1434
0.0446,-2.2613,-10.4774,-0.0161,0.1648,-0.0119,-2.303416,-0.01622,-2.283816,83599484,1434
0.754,-1.4546,-10.0113,-0.03,0.0748,-0.0087,-2.303416,-0.01622,-2.283816,83609984,1434
1.32,-1.4006,-10.3049,-0.046,-0.0232,0.0028,-2.303416,-0.01622,-2.283816,83620484,1434
0.4591,-0.982,-10.5,-0.0601,-0.0768,0.0049,-2.303416,-0.01622,-2.283816,83630984,1434
-0.2973,0.0313,-10.8723,-0.0763,-0.179,0.0047,-2.303416,-0.01622,-2.283816,83641484,1434
0.5027,-0.2085,-9.9367,-0.0848,-0.26,0.0012,-2.303416,-0.01622,-2.283816,83651984,1434
0.1573,-0.5116,-10.8615,-0.043,-0.2494,0.0041,-2.214716,-0.01316,-2.316212,83662028,1435
-0.4236,0.5515,-10.368,-0.0427,-0.274,0.0034,-2.214716,-0.01316,-2.316212,83672528,1435
0.7095,-0.3101,-10.5352,-0.0147,-0.2604,0.0021,-2.214716,-0.01316,-2.316212,83683028,1435
-0.5114,0.1168,-11.3265,-0.0097,-0.2274,0.0103,-2.214716,-0.01316,-2.316212,83693528,1435
0.6624,-0.3233,-10.3463,-0.0033,-0.1998,0.005,-2.214716,-0.01316,-2.316212,83704028,1435
0.5473,-0.1105,-10.7979,0.0034,-0.1479,0.0058,-2.214716,-0.01316,-2.316212,83714528,1435
-0.0478,0.6309,-9.8523,-0.0086,-0.0628,0.0004,-2.214716,-0.01316,-2.316212,83725028,1435
1.5156,-0.7111,-8.5072,-0.0076,0.0137,0.0015,-2.214716,-0.01316,-2.316212,83735528,1435
0.1168,0.1256,-10.4741,0.0064,0.0857,0.0045,-2.214716,-0.01316,-2.316212,83746028,1435
0.6917,-0.092,-7.7444,-0.0054,0.1207,0.0099,-2.214716,-0.01316,-2.316212,83756528,1435
-0.2313,-0.2914,-8.8148,-0.0147,0.1726,0.0059,-2.214716,-0.01316,-2.316212,83767028,1435
0.5491,0.9984,-8.6216,-0.0197,0.1858,0.0053,-2.214716,-0.01316,-2.316212,83777528,1435
0.195,-1.3299,-8.0689,-0.0345,0.1964,0.0089,-2.214716,-0.01316,-2.316212,83788028,1435
0.4324,0.7515,-8.6886,-0.0248,0.2317,0.0215,-2.214716,-0.01316,-2.316212,83798528,1435
0.2806,-0.2707,-7.2984,-0.0519,0.1998,0.012,-2.214716,-0.01316,-2.316212,83809028,1435
0.427,-0.0873,-7.963,-0.0406,0.1835,0.0095,-2.214716,-0.01316,-2.316212,83819528,1435
0.3232,1.0859,-8.4198,-0.0343,0.169,0.0067,-2.214716,-0.01316,-2.316212,83830028,1435
1.0713,-0.9474,-7.5047,-0.0145,0.1328,0.0157,-2.214716,-0.01316,-2.316212,83840528,1435
0.5643,1.0584,-9.0472,-0.0319,0.1488,0.0112,-2.214716,-0.01316,-2.316212,83851028,1435
0.2253,1.164,-8.4206,-0.0441,0.1106,0.0023,-2.214716,-0.01316,-2.316212,83861528,1435
1.4038,0.1696,-9.057,0.0223,0.1434,0.0171,-2.214716,-0.01316,-2.316212,83872028,1435
0.3675,2.5266,-9.1419,-0.0203,0.1207,0.0054,-2.214716,-0.01316,-2.316212,83882528,1435
0.4496,0.8329,-8.6561,0.0177,0.1735,0.0215,-2.09361,-0.010641,-2.348835,83893081,1436
0.5458,2.1684,-9.402,-0.0027,0.1419,0.0111,-1.996095,-0.002956,-2.386136,83903124,1437
-0.3469,1.7564,-10.8125,-0.0413,0.1455,0.0002,-1.996095,-0.002956,-2.386136,83913624,1437
-1.218,0.5791,-10.6432,-0.0181,0.2079,0.0189,-1.996095,-0.002956,-2.386136,83923655,1437
-0.0632,-3.8146,-10.7779,-0.0502,0.3114,0.0182,-1.996095,-0.002956,-2.386136,83934155,1437
-0.1606,-2.8599,-10.0059,-0.0624,0.3572,0.0108,-1.996095,-0.002956,-2.386136,83944655,1437
-0.4133,1.2276,-10.839,-0.1111,0.4167,0.011,-1.996095,-0.002956,-2.386136,83955155,1437
1.3956,3.1222,-11.8025,-0.0878,0.5505,0.0245,-1.996095,-0.002956,-2.386136,83965655,1437
0.2027,2.0592,-10.8229,-0.0963,0.6078,0.0302,-1.996095,-0.002956,-2.386136,83976155,1437
-1.2561,-1.4378,-9.9906,-0.109,0.5962,0.019,-1.996095,-0.002956,-2.386136,83986655,1437
0.2898,-1.1429,-9.2365,-0.121,0.5639,0.0154,-1.996095,-0.002956,-2.386136,83997155,1437
0.5382,-2.7006,-8.46,-0.1126,0.5461,0.0163,-1.996095,-0.002956,-2.386136,84007655,1437
0.0145,-1.383,-8.1954,-0.0927,0.513,0.0239,-1.996095,-0.002956,-2.386136,84018155,1437
0.0045,0.6914,-8.3834,-0.1012,0.4721,0.0222,-1.996095,-0.002956,-2.386136,84028655,1437
0.045,1.1586,-9.291,-0.0912,0.4003,0.0245,-1.996095,-0.002956,-2.386136,84039155,1437
0.2123,0.9522,-9.0196,-0.1138,0.3323,0.0227,-1.996095,-0.002956,-2.386136,84049655,1437
-0.3216,0.7944,-9.5934,-0.0917,0.309,0.0281,-1.996095,-0.002956,-2.386136,84060155,1437
0.1565,3.1892,-9.882,-0.0953,0.2251,0.0041,-1.996095,-0.002956,-2.386136,84070655,1437
0.1941,1.7529,-10.5391,-0.0781,0.2305,0.0165,-1.996095,-0.002956,-2.386136,84081155,1437
0.4563,1.0312,-9.804,-0.0649,0.1925,0.0255,-1.996095,-0.002956,-2.386136,84091655,1437
-0.0091,3.3686,-11.0838,-0.056,0.1485,0.0093,-1.996095,-0.002956,-2.386136,84102155,1437
-0.3285,0.728,-10.2987,-0.0477,0.1524,0.0119,-1.996095,-0.002956,-2.386136,84112655,1437
1.9068,-0.5676,-10.3835,-0.0261,0.1525,0.0147,-1.996095,-0.002956,-2.386136,84123155,1437
1.3081,0.2755,-9.1924,-0.0361,0.1456,0.0136,-1.838292,0.011387,-2.445825,84133247,1439
-0.1533,2.4337,-9.3246,0.0046,0.1011,0.003,-1.838292,0.011387,-2.445825,84143747,1439
1.1453,0.2845,-9.5417,0.0114,0.1909,0.0111,-1.838292,0.011387,-2.445825,84154247,1439
0.5852,0.2593,-9.8901,0.0203,0.1629,0.0126,-1.838292,0.011387,-2.445825,84164747,1439
-0.4354,1.9672,-10.5131,0.0476,0.1836,0.0212,-1.838292,0.011387,-2.445825,84175247,1439
0.7271,-1.043,-9.7859,0.0067,0.1468,0.0164,-1.838292,0.011387,-2.445825,84185747,1439
0.5724,0.8278,-11.4335,0.0024,0.0975,0.0019,-1.838292,0.011387,-2.445825,84196247,1439
-0.8041,0.2996,-10.1396,-0.0081,0.077,0.0034,-1.838292,0.011387,-2.445825,84206747,1439
-0.3108,-1.2795,-10.3007,0.0242,0.0739,0.0278,-1.838292,0.011387,-2.445825,84217247,1439
0.0601,-0.9281,-10.1055,-0.0677,-0.0198,0.0044,-1.838292,0.011387,-2.445825,84227747,1439
-0.6981,1.7733,-10.0436,-0.0418,-0.043,0.014,-1.838292,0.011387,-2.445825,84238247,1439
-0.3164,-2.6176,-9.4115,-0.0451,-0.056,0.0079,-1.838292,0.011387,-2.445825,84248747,1439
0.613,-0.3559,-8.9751,-0.0143,-0.0411,0.0052,-1.838292,0.011387,-2.445825,84259247,1439
-0.5108,0.7611,-9.2513,0.0085,-0.0335,0.0136,-1.838292,0.011387,-2.445825,84269747,1439
0.5411,-0.4519,-8.9025,0.0145,-0.0254,0.0032,-1.838292,0.011387,-2.445825,84280247,1439
0.6098,1.31,-9.1837,0.0311,-0.0147,0.0075,-1.838292,0.011387,-2.445825,84290747,1439
0.1287,3.1458,-9.7128,-0.0113,0.0413,0.0118,-1.838292,0.011387,-2.445825,84301247,1439
0.7742,1.4495,-10.3829,0.0295,-0.0217,-0.004,-1.838292,0.011387,-2.445825,84311747,1439
-0.4515,2.7482,-11.2971,0.0366,0.0061,-0.0018,-1.838292,0.011387,-2.445825,84322247,1439
0.4876,0.4713,-10.5383,0.0829,0.0261,-0.002,-1.838292,0.011387,-2.445825,84332747,1439
-1.2698,0.2564,-9.6683,0.0621,-0.047,-0.0136,-1.838292,0.011387,-2.445825,84343247,1439
-0.9807,-0.0685,-10.365,0.0585,-0.0611,-0.0051,-1.838292,0.011387,-2.445825,84353747,1439
1.0306,-0.4483,-8.5249,0.0967,-0.0595,0.0022,-1.73945,0.019614,-2.477366,84363794,1440
-0.2557,0.1653,-9.2516,0.0084,-0.1364,-0.0197,-1.73945,0.019614,-2.477366,84373826,1440
-0.6244,0.0604,-10.1386,0.0896,-0.0706,-0.007,-1.73945,0.019614,-2.477366,84384326,1440
0.9495,-0.1096,-8.7944,0.0894,-0.0243,-0.007,-1.73945,0.019614,-2.477366,84394328,1440
-0.2561,0.4703,-10.3055,0.0809,0.0045,-0.0203,-1.73945,0.019614,-2.477366,84404828,1440
0.3223,-1.9543,-8.7385,0.0735,0.0653,-0.0192,-1.73945,0.019614,-2.477366,84415328,1440
0.2387,1.6219,-8.2487,0.0964,0.1856,0.002,-1.73945,0.019614,-2.477366,84425828,1440
-0.315,0.4554,-9.5876,0.0714,0.1607,-0.027,-1.73945,0.019614,-2.477366,84436328,1440
0.2293,1.9784,-9.5986,0.073,0.2103,-0.0306,-1.73945,0.019614,-2.477366,84446828,1440
-0.06,2.428,-9.8813,0.063,0.2618,-0.0198,-1.658632,0.025214,-2.504015,84456873,1441
0.5803,0.9338,-9.31,0.0643,0.1901,-0.0358,-1.658632,0.025214,-2.504015,84467373,1441
-0.3045,2.3203,-10.126,0.0114,0.1194,-0.0409,-1.658632,0.025214,-2.504015,84477873,1441
0.7355,2.3249,-10.8387,0.0415,0.0902,-0.033,-1.658632,0.025214,-2.504015,84488373,1441
0.9691,0.4648,-10.0907,0.0372,0.0528,-0.0302,-1.658632,0.025214,-2.504015,84498873,1441
-0.0969,2.5176,-10.5092,0.0181,0.0369,-0.0327,-1.658632,0.025214,-2.504015,84509373,1441
0.3822,-0.072,-10.5723,-0.0075,-0.0233,-0.0491,-1.658632,0.025214,-2.504015,84519873,1441
0.5524,0.6482,-10.9361,-0.0132,-0.0474,-0.0566,-1.658632,0.025214,-2.504015,84530373,1441
-0.2489,1.8553,-10.5733,-0.0318,-0.0663,-0.0481,-1.658632,0.025214,-2.504015,84540873,1441
-0.1258,-0.2559,-10.2022,-0.0183,-0.0723,-0.0587,-1.658632,0.025214,-2.504015,84551373,1441
-0.3041,0.5369,-11.2526,-0.0009,-0.0979,-0.0572,-1.658632,0.025214,-2.504015,84561873,1441
0.0221,0.1708,-10.223,0.0217,-0.1133,-0.0488,-1.554736,0.044907,-2.537342,84571919,1442
0.8355,-0.6289,-10.0768,0.0128,-0.1585,-0.0579,-1.554736,0.044907,-2.537342,84582419,1442
-0.7946,0.2612,-10.4031,0.0435,-0.1927,-0.0564,-1.554736,0.044907,-2.537342,84592428,1442
0.2756,-1.9014,-10.2477,0.0735,-0.2238,-0.0564,-1.554736,0.044907,-2.537342,84602928,1442
-0.1969,0.0107,-10.465,0.1087,-0.2343,-0.0618,-1.554736,0.044907,-2.537342,84613428,1442
0.0428,-0.6155,-10.6262,0.1088,-0.2348,-0.0594,-1.554736,0.044907,-2.537342,84623928,1442
0.1472,-0.9689,-10.6878,0.1258,-0.2486,-0.0555,-1.554736,0.044907,-2.537342,84634428,1442
-0.4523,-0.8418,-11.1326,0.15,-0.2575,-0.0547,-1.554736,0.044907,-2.537342,84644928,1442
0.3107,-1.3247,-10.8425,0.1014,-0.3404,-0.0717,-1.554736,0.044907,-2.537342,84655428,1442
-0.3031,0.673,-10.4522,0.1758,-0.2555,-0.0626,-1.554736,0.044907,-2.537342,84665928,1442
0.0593,-1.2666,-10.5032,0.1636,-0.2562,-0.0621,-1.554736,0.044907,-2.537342,84676428,1442
-0.4711,1.5497,-11.0453,0.1785,-0.2367,-0.0553,-1.471655,0.082158,-2.53436,84686475,1443
0.727,0.1322,-11.2639,0.1551,-0.2534,-0.0665,-1.471655,0.082158,-2.53436,84696975,1443
-0.5086,2.0599,-10.8978,0.1818,-0.1917,-0.0701,-1.471655,0.082158,-2.53436,84707475,1443
0.08,-0.3175,-10.856,0.2144,-0.174,-0.0778,-1.471655,0.082158,-2.53436,84717975,1443
-0.1295,1.1852,-11.7787,0.2505,-0.1095,-0.071,-1.471655,0.082158,-2.53436,84728475,1443
0.8903,0.472,-10.8494,0.242,-0.1337,-0.0828,-1.471655,0.082158,-2.53436,84738975,1443
1.4573,-1.4063,-9.0833,0.2929,-0.1154,-0.0827,-1.471655,0.082158,-2.53436,84749475,1443
-0.1075,-0.7698,-9.876,0.3275,-0.1277,-0.0816,-1.471655,0.082158,-2.53436,84759975,1443
0.5869,-2.8459,-8.4895,0.3297,-0.1541,-0.0832,-1.471655,0.082158,-2.53436,84770475,1443
0.2534,-1.4875,-9.6515,0.3477,-0.1929,-0.083,-1.471655,0.082158,-2.53436,84780975,1443
1.036,-1.7883,-9.1898,0.3907,-0.2049,-0.0774,-1.471655,0.082158,-2.53436,84791475,1443
0.3493,-3.1313,-8.6227,0.3587,-0.2012,-0.0683,-1.471655,0.082158,-2.53436,84801975,1443
-0.5141,-0.4367,-9.3072,0.3787,-0.1687,-0.065,-1.407073,0.06033,-2.584348,84812021,1444
1.2771,-2.2767,-8.962,0.3534,-0.1378,-0.0519,-1.407073,0.06033,-2.584348,84822521,1444
1.054,0.2886,-8.9753,0.2977,-0.126,-0.051,-1.407073,0.06033,-2.584348,84832559,1444
0.1593,-1.3739,-8.7139,0.2458,-0.037,-0.0484,-1.407073,0.06033,-2.584348,84843059,1444
0.5065,-1.7039,-8.6318,0.1788,-0.0163,-0.0561,-1.407073,0.06033,-2.584348,84853559,1444
0.1823,-2.1888,-9.6624,0.1203,0.0758,-0.0616,-1.407073,0.06033,-2.584348,84864059,1444
0.6131,-2.8973,-9.8916,0.0735,0.146,-0.0451,-1.407073,0.06033,-2.584348,84874559,1444
0.9177,-0.2448,-9.5947,-0.0144,0.1874,-0.044,-1.407073,0.06033,-2.584348,84885059,1444
0.0984,-0.7188,-10.6673,-0.0421,0.2758,-0.02,-1.407073,0.06033,-2.584348,84895559,1444
0.0253,2.0392,-10.704,-0.1262,0.2896,-0.0384,-1.407073,0.06033,-2.584348,84906059,1444
-0.1645,2.1985,-9.8035,-0.2111,0.2807,-0.0423,-1.289368,0.111524,-2.587188,84916115,1445
-0.9032,3.2064,-9.3399,-0.3232,0.3067,-0.0486,-1.289368,0.111524,-2.587188,84926615,1445
1.1305,1.1961,-7.5758,-0.2582,0.2794,-0.0442,-1.289368,0.111524,-2.587188,84937115,1445
-0.2464,1.3003,-7.9165,-0.2339,0.2587,-0.0506,-1.289368,0.111524,-2.587188,84947615,1445
1.2837,-0.5379,-9.1521,-0.1722,0.2167,-0.0512,-1.289368,0.111524,-2.587188,84958115,1445
0.9536,-0.0699,-10.2158,-0.0766,0.1704,-0.0451,-1.289368,0.111524,-2.587188,84968615,1445
0.5166,-1.4146,-10.5296,-0.0306,0.0806,-0.0482,-1.289368,0.111524,-2.587188,84979115,1445
-0.7453,-0.26,-10.8397,0.051,0.0053,-0.0375,-1.289368,0.111524,-2.587188,84989615,1445
0.1055,-1.7799,-11.0521,0.1427,-0.0159,-0.014,-1.289368,0.111524,-2.587188,85000115,1445
-0.5812,1.9909,-8.9081,0.1433,-0.1489,-0.0255,-1.289368,0.111524,-2.587188,85010615,1445
-0.4205,1.1962,-8.7219,0.2108,-0.2148,-0.0373,-1.289368,0.111524,-2.587188,85021115,1445
0.4413,0.9535,-8.5249,0.2684,-0.2879,-0.0361,-1.289368,0.111524,-2.587188,85031615,1445
1.0526,1.4775,-8.6842,0.2693,-0.3863,-0.0414,-1.200151,0.124077,-2.610745,85042163,1446
0.6379,0.3382,-7.2939,0.2643,-0.3559,-0.0176,-1.200151,0.124077,-2.610745,85052663,1446
-0.4155,-0.1256,-8.0972,0.2317,-0.3805,-0.0311,-1.200151,0.124077,-2.610745,85063163,1446
0.589,-0.7432,-8.6422,0.2245,-0.3568,-0.0169,-1.200151,0.124077,-2.610745,85073663,1446
-0.355,-0.1069,-9.7359,0.1995,-0.3098,-0.0094,-1.200151,0.124077,-2.610745,85084163,1446
-1.0596,-3.2327,-9.274,0.1367,-0.2288,-0.0064,-1.200151,0.124077,-2.610745,85094663,1446
-0.4179,-2.3019,-9.3269,0.1113,-0.1373,-0.0013,-1.200151,0.124077,-2.610745,85105163,1446
-0.8477,-3.2205,-10.7603,0.0709,-0.0565,-0.0025,-1.200151,0.124077,-2.610745,85115663,1446
1.3252,-2.6837,-9.9542,0.0175,-0.0448,-0.0168,-1.200151,0.124077,-2.610745,85126163,1446
-0.286,-2.8836,-10.7796,0.0047,0.0556,-0.0021,-1.200151,0.124077,-2.610745,85136663,1446
1.0431,-1.7313,-10.1986,-0.1026,0.0001,-0.0382,-1.096919,0.125944,-2.636014,85147210,1447
1.0643,1.343,-9.324,-0.0121,0.086,-0.0029,-1.096919,0.125944,-2.636014,85157710,1447
1.2061,-2.0709,-10.5329,-0.0489,0.1155,-0.0084,-1.096919,0.125944,-2.636014,85168210,1447
0.4547,0.5641,-10.648,-0.0605,0.0581,-0.0213,-1.096919,0.125944,-2.636014,85178710,1447
0.9365,-1.5351,-9.8013,-0.0232,-0.01,-0.0142,-1.096919,0.125944,-2.636014,85189210,1447
-0.0688,-1.1287,-11.0036,-0.0404,-0.0108,-0.0115,-1.096919,0.125944,-2.636014,85199710,1447
0.1175,0.2463,-10.9382,-0.0782,-0.1297,-0.0212,-1.096919,0.125944,-2.636014,85210210,1447
0.0443,-1.3695,-9.3309,-0.0787,-0.1913,-0.0057,-1.096919,0.125944,-2.636014,85220710,1447
-0.416,1.9614,-8.8682,-0.1016,-0.2516,-0.0252,-1.096919,0.125944,-2.636014,85231210,1447
0.4859,1.7053,-7.9517,-0.0726,-0.3005,-0.0229,-1.096919,0.125944,-2.636014,85241710,1447
0.341,1.824,-8.3181,-0.0805,-0.33,-0.0133,-1.096919,0.125944,-2.636014,85252210,1447
0.6738,0.7862,-9.0351,-0.0482,-0.3039,0.0015,-1.096919,0.125944,-2.636014,85262710,1447
1.1027,-0.5901,-8.927,-0.0937,-0.4244,-0.0163,-0.943174,0.109283,-2.6177,85273267,1448
0.3246,0.4417,-9.1393,-0.1251,-0.4158,-0.0123,-0.943174,0.109283,-2.6177,85283767,1448
1.9937,-2.9942,-10.2113,-0.104,-0.3983,-0.0223,-0.943174,0.109283,-2.6177,85294267,1448
1.4281,-0.4711,-9.0412,-0.1716,-0.4032,-0.0269,-0.943174,0.109283,-2.6177,85304767,1448
0.2747,-1.9677,-10.8597,-0.21,-0.4237,-0.0348,-0.943174,0.109283,-2.6177,85315267,1448
1.2325,-0.5978,-10.1118,-0.2241,-0.4048,-0.0306,-0.943174,0.109283,-2.6177,85325767,1448
1.4699,-2.0235,-9.6887,-0.3225,-0.4731,-0.0219,-0.943174,0.109283,-2.6177,85336267,1448
-0.3064,-1.1684,-10.0631,-0.3734,-0.5184,-0.0325,-0.943174,0.109283,-2.6177,85346767,1448
1.0376,0.2498,-9.7264,-0.4634,-0.6447,-0.0717,-0.943174,0.109283,-2.6177,85357267,1448
1.9102,-2.5157,-9.2368,-0.4927,-0.5935,-0.0412,-0.943174,0.109283,-2.6177,85367767,1448
1.2412,0.7554,-9.6431,-0.4104,-0.5593,-0.0303,-0.897946,0.128574,-2.662859,85377811,1449
-0.002,3.2472,-10.1982,-0.4225,-0.61,-0.0391,-0.897946,0.128574,-2.662859,85387847,1449
0.4037,3.9312,-11.3548,-0.4393,-0.6438,-0.0366,-0.897946,0.128574,-2.662859,85398347,1449
1.5374,1.8343,-10.6298,-0.3515,-0.5522,-0.0153,-0.897946,0.128574,-2.662859,85408352,1449
-0.1259,3.1434,-11.5678,-0.2927,-0.4445,-0.004,-0.897946,0.128574,-2.662859,85418852,1449
0.8018,-0.1655,-11.2356,-0.2368,-0.3876,-0.0013,-0.897946,0.128574,-2.662859,85429352,1449
0.2298,1.72,-10.3203,-0.1578,-0.2947,-0.0124,-0.897946,0.128574,-2.662859,85439852,1449
0.6781,-2.1842,-9.9255,-0.1625,-0.2254,-0.0186,-0.897946,0.128574,-2.662859,85450352,1449
-0.4642,1.4823,-10.2882,-0.0307,-0.1021,-0.006,-0.897946,0.128574,-2.662859,85460852,1449
0.6696,-1.1287,-8.9847,0.0009,-0.0422,-0.024,-0.897946,0.128574,-2.662859,85471352,1449
-0.653,-1.3528,-9.0834,0.0286,-0.0154,-0.0228,-0.897946,0.128574,-2.662859,85481852,1449
0.6328,-1.5574,-8.311,0.0716,0.022,-0.0166,-0.897946,0.128574,-2.662859,85492352,1449
-0.3553,-0.2982,-7.9727,0.0905,0.0322,-0.0171,-0.897946,0.128574,-2.662859,85502852,1449
0.4177,-0.2671,-7.4985,0.1023,0.0727,-0.0089,-0.897946,0.128574,-2.662859,85513352,1449
0.6044,1.1798,-9.0304,0.065,0.0581,-0.0164,-0.897946,0.128574,-2.662859,85523852,1449
0.8624,-1.7503,-10.291,0.1011,0.0778,-0.0182,-0.897946,0.128574,-2.662859,85534352,1449
0.02,-0.6534,-10.1697,0.1049,0.1042,-0.0058,-0.897946,0.128574,-2.662859,85544852,1449
0.2085,-3.4545,-8.9746,0.0216,0.0652,-0.0212,-0.897946,0.128574,-2.662859,85555352,1449
-0.929,-1.6938,-9.9753,0.0193,0.0934,-0.0251,-0.897946,0.128574,-2.662859,85565852,1449
-0.1318,-1.4726,-9.2379,0.0305,0.0808,-0.0296,-0.746257,0.092258,-2.686247,85575944,1451
-0.3056,-0.566,-9.422,0.0284,0.196,-0.0021,-0.746257,0.092258,-2.686247,85586444,1451
-0.7485,-1.0825,-9.9702,-0.0663,0.1166,-0.0318,-0.746257,0.092258,-2.686247,85596944,1451
-0.6704,0.7473,-9.7856,-0.0245,0.2723,-0.0067,-0.746257,0.092258,-2.686247,85607444,1451
-0.1156,2.1709,-9.8586,-0.1147,0.2804,-0.0248,-0.746257,0.092258,-2.686247,85617944,1451
-0.4038,1.0994,-10.1231,-0.2143,0.2838,-0.0328,-0.746257,0.092258,-2.686247,85628444,1451
0.1958,3.3054,-10.3305,-0.2227,0.3841,-0.0232,-0.746257,0.092258,-2.686247,85638944,1451
0.1819,0.6714,-9.2051,-0.1553,0.5202,-0.0056,-0.746257,0.092258,-2.686247,85649444,1451
-1.1537,2.2698,-10.176,-0.23,0.5407,-0.0252,-0.746257,0.092258,-2.686247,85659944,1451
0.9783,1.5177,-9.34,-0.2151,0.5796,-0.0172,-0.746257,0.092258,-2.686247,85670444,1451
-0.4125,2.0263,-10.0635,-0.1913,0.5233,-0.0367,-0.746257,0.092258,-2.686247,85680944,1451
0.3965,1.4868,-10.1932,-0.1845,0.55,-0.0394,-0.746257,0.092258,-2.686247,85691444,1451
-0.0337,3.2575,-10.2935,-0.1907,0.5415,-0.0369,-0.746257,0.092258,-2.686247,85701944,1451
0.5513,-0.1433,-9.22,-0.1203,0.5119,-0.0268,-0.746257,0.092258,-2.686247,85712444,1451
-1.0503,-0.6433,-8.7534,-0.0949,0.4313,-0.0306,-0.746257,0.092258,-2.686247,85722944,1451
0.3666,-2.1255,-7.5091,-0.0946,0.3607,-0.0342,-0.746257,0.092258,-2.686247,85733444,1451
0.219,0.7329,-8.0991,-0.0522,0.3602,-0.0282,-0.671336,0.091628,-2.68126,85743490,1452
0.2894,-0.0824,-9.1201,-0.0323,0.3085,-0.0378,-0.671336,0.091628,-2.68126,85753518,1452
1.2702,-0.4335,-8.6937,0.0031,0.2794,-0.0375,-0.671336,0.091628,-2.68126,85764018,1452
0.2817,0.9979,-10.6203,0.054,0.2702,-0.0241,-0.671336,0.091628,-2.68126,85774518,1452
0.6713,-0.9835,-10.1143,0.0366,0.241,-0.0324,-0.671336,0.091628,-2.68126,85785018,1452
-0.8263,0.6971,-10.4855,0.0533,0.213,-0.0415,-0.671336,0.091628,-2.68126,85795518,1452
0.7372,-0.956,-7.9481,0.0376,0.1657,-0.0478,-0.671336,0.091628,-2.68126,85806018,1452
-1.5627,0.1024,-9.0691,0.0278,0.1791,-0.0493,-0.671336,0.091628,-2.68126,85816518,1452
-0.1506,-0.5514,-7.8906,-0.009,0.1804,-0.062,-0.671336,0.091628,-2.68126,85827018,1452
0.1697,0.8207,-7.7327,0.0278,0.237,-0.0487,-0.614908,0.082078,-2.697004,85837062,1453
0.6509,-1.5521,-8.7863,0.003,0.2339,-0.0503,-0.614908,0.082078,-2.697004,85847562,1453
0.36,-0.4606,-8.2892,0.0079,0.2504,-0.0433,-0.614908,0.082078,-2.697004,85858062,1453
0.6465,0.4273,-9.5539,-0.0074,0.2217,-0.0431,-0.614908,0.082078,-2.697004,85868562,1453
0.1456,1.474,-11.1476,-0.038,0.1825,-0.0508,-0.614908,0.082078,-2.697004,85879062,1453
0.7618,1.5265,-9.769,-0.0062,0.1544,-0.0416,-0.614908,0.082078,-2.697004,85889562,1453
-0.1217,-2.4364,-7.1293,-0.0479,0.074,-0.0455,-0.614908,0.082078,-2.697004,85900062,1453
-0.1784,-3.2341,-8.4807,-0.0302,0.0772,-0.0416,-0.614908,0.082078,-2.697004,85910562,1453
0.0107,1.0953,-10.015,-0.0488,0.0674,-0.0526,-0.614908,0.082078,-2.697004,85921062,1453
-0.1424,1.0514,-9.5051,-0.0546,-0.0049,-0.0525,-0.614908,0.082078,-2.697004,85931562,1453
0.4824,2.5021,-9.326,-0.045,0.0288,-0.0343,-0.614908,0.082078,-2.697004,85942062,1453
0.3875,-1.8898,-8.5351,0.0365,0.0247,-0.0332,-0.614908,0.082078,-2.697004,85952562,1453
0.0961,-1.7364,-8.8615,-0.0441,-0.1321,-0.0584,-0.614908,0.082078,-2.697004,85963062,1453
1.1619,-2.8371,-9.8709,-0.0142,-0.065,-0.0463,-0.548329,0.050433,-2.668325,85973109,1454
-0.213,-1.7701,-10.275,0.0311,-0.0565,-0.0336,-0.548329,0.050433,-2.668325,85983609,1454
-0.5799,-0.1451,-9.844,-0.0305,-0.089,-0.0542,-0.548329,0.050433,-2.668325,85993612,1454
-0.0856,0.1371,-10.3692,-0.0396,-0.0769,-0.0592,-0.548329,0.050433,-2.668325,86004112,1454
-0.3545,0.5949,-9.1998,-0.0257,-0.052,-0.0524,-0.548329,0.050433,-2.668325,86014612,1454
0.0034,-0.8512,-8.4447,-0.0605,-0.0462,-0.0499,-0.548329,0.050433,-2.668325,86025112,1454
-0.5721,-0.0994,-8.5536,-0.0834,-0.0502,-0.0492,-0.548329,0.050433,-2.668325,86035612,1454
0.5321,-3.023,-8.182,-0.1202,-0.0464,-0.0506,-0.548329,0.050433,-2.668325,86046112,1454
-0.2167,-2.9146,-8.2392,-0.1272,-0.0384,-0.0446,-0.548329,0.050433,-2.668325,86056612,1454
0.2671,-2.1563,-9.7505,-0.1842,-0.0781,-0.0619,-0.548329,0.050433,-2.668325,86067112,1454
0.7885,-2.8757,-9.7039,-0.1757,-0.0402,-0.0429,-0.513668,0.037423,-2.662245,86077164,1455
-0.727,-1.3991,-10.6557,-0.1949,-0.033,-0.041,-0.513668,0.037423,-2.662245,86087664,1455
0.0929,-2.9229,-11.4494,-0.1867,-0.0802,-0.0514,-0.513668,0.037423,-2.662245,86098164,1455
-0.4833,0.6003,-11.2195,-0.1912,-0.0496,-0.0483,-0.513668,0.037423,-2.662245,86108664,1455
-0.3374,-0.3129,-11.2669,-0.261,-0.0834,-0.0604,-0.513668,0.037423,-2.662245,86119164,1455
-0.761,0.6544,-11.0246,-0.2624,-0.0872,-0.0619,-0.513668,0.037423,-2.662245,86129664,1455
0.0332,0.7939,-9.8153,-0.2634,-0.0777,-0.0573,-0.513668,0.037423,-2.662245,86140164,1455
0.6763,1.0496,-9.9997,-0.2461,-0.0651,-0.0518,-0.513668,0.037423,-2.662245,86150664,1455
-1.1298,0.8958,-9.0934,-0.2714,-0.0481,-0.0577,-0.513668,0.037423,-2.662245,86161164,1455
0.6283,0.3472,-10.2311,-0.2027,-0.0066,-0.0553,-0.513668,0.037423,-2.662245,86171664,1455
0.0448,0.9933,-9.7077,-0.1948,-0.0134,-0.0593,-0.513668,0.037423,-2.662245,86182164,1455
0.2321,-2.7957,-8.1014,-0.1421,0.0354,-0.0466,-0.513668,0.037423,-2.662245,86192664,1455
-0.003,-0.5902,-8.7156,-0.1425,-0.0133,-0.07,-0.495232,0.072065,-2.638843,86202711,1456
-0.3395,1.6985,-9.7468,-0.068,0.0304,-0.0565,-0.495232,0.072065,-2.638843,86212748,1456
0.3669,-1.1494,-8.5896,-0.0903,0.0568,-0.0553,-0.495232,0.072065,-2.638843,86223248,1456
-0.3105,1.3165,-9.4442,-0.051,0.0116,-0.0851,-0.495232,0.072065,-2.638843,86233748,1456
-0.1571,-0.5849,-9.2159,0.079,0.1721,-0.0575,-0.495232,0.072065,-2.638843,86244248,1456
0.1301,0.31,-10.0578,0.0946,0.2349,-0.0673,-0.495232,0.072065,-2.638843,86254748,1456
0.0245,1.7402,-10.0685,0.2183,0.3423,-0.0664,-0.495232,0.072065,-2.638843,86265248,1456
-0.3602,-0.0551,-9.3387,0.2549,0.4366,-0.0651,-0.495232,0.072065,-2.638843,86275748,1456
-0.583,2.5417,-11.3708,0.3672,0.4992,-0.0634,-0.495232,0.072065,-2.638843,86286248,1456
0.8828,1.3769,-10.195,0.3867,0.5321,-0.0649,-0.495232,0.072065,-2.638843,86296748,1456
-0.1508,3.5222,-10.8425,0.4234,0.5306,-0.0628,-0.406427,0.011572,-2.621763,86306806,1457
0.4065,0.3777,-9.0958,0.4736,0.4964,-0.0572,-0.406427,0.011572,-2.621763,86317306,1457
0.5658,1.2652,-9.2584,0.4436,0.418,-0.0609,-0.406427,0.011572,-2.621763,86327806,1457
1.0219,-1.9866,-8.8539,0.3464,0.3214,-0.0532,-0.406427,0.011572,-2.621763,86338306,1457
1.1225,-2.4187,-9.5749,0.2467,0.1712,-0.0674,-0.406427,0.011572,-2.621763,86348806,1457
0.1526,-0.1525,-10.961,0.2082,0.0928,-0.0651,-0.406427,0.011572,-2.621763,86359306,1457
0.1331,0.3233,-8.578,0.0747,-0.0766,-0.0676,-0.406427,0.011572,-2.621763,86369806,1457
0.7376,-1.4911,-8.9475,-0.0251,-0.1846,-0.064,-0.406427,0.011572,-2.621763,86380306,1457
0.8424,-3.0868,-10.6441,-0.0917,-0.3204,-0.0677,-0.406427,0.011572,-2.621763,86390806,1457
1.5116,-0.9441,-11.4423,-0.1609,-0.3132,-0.0467,-0.406427,0.011572,-2.621763,86401306,1457
-0.8088,2.4031,-10.963,-0.2258,-0.3669,-0.0494,-0.406427,0.011572,-2.621763,86411806,1457
0.5717,2.0637,-9.9924,-0.2333,-0.34,-0.0447,-0.406427,0.011572,-2.621763,86422306,1457
1.1929,3.0658,-9.1179,-0.3124,-0.392,-0.0645,-0.406427,0.011572,-2.621763,86432806,1457
0.2113,0.6651,-8.786,-0.2777,-0.3452,-0.0586,-0.406427,0.011572,-2.621763,86443306,1457
-0.096,0.5274,-8.6637,-0.2536,-0.2871,-0.0513,-0.406427,0.011572,-2.621763,86453806,1457
-0.0005,1.4293,-8.5856,-0.2036,-0.1862,-0.0315,-0.406427,0.011572,-2.621763,86464306,1457
0.4827,-0.3561,-8.3633,-0.1961,-0.169,-0.0378,-0.406427,0.011572,-2.621763,86474806,1457
-0.6962,-1.0927,-8.0415,-0.1613,-0.1148,-0.0375,-0.406427,0.011572,-2.621763,86485306,1457
0.1113,-1.2524,-8.2654,-0.0971,-0.0072,-0.0315,-0.406427,0.011572,-2.621763,86495806,1457
0.2441,-0.6429,-7.9024,-0.071,-0.0018,-0.0342,-0.374667,0.06424,-2.580496,86505856,1458
0.4083,-1.6033,-8.2434,-0.0795,-0.0066,-0.0686,-0.374667,0.06424,-2.580496,86515860,1458
-0.1115,-1.7405,-8.1009,0.0393,0.0359,-0.0688,-0.374667,0.06424,-2.580496,86526360,1458
-0.8861,-0.3341,-9.032,0.1051,0.0608,-0.0706,-0.323667,0.048876,-2.560365,86536433,1459
0.4679,-0.3938,-8.2895,0.2466,0.1361,-0.0608,-0.323667,0.048876,-2.560365,86546933,1459
-0.3178,1.5788,-9.813,0.3414,0.171,-0.0596,-0.323667,0.048876,-2.560365,86557433,1459
0.1602,-0.3864,-8.4649,0.4395,0.1768,-0.0564,-0.323667,0.048876,-2.560365,86567933,1459
-1.2868,1.2449,-9.9399,0.4664,0.1667,-0.0568,-0.323667,0.048876,-2.560365,86578433,1459
0.0746,0.2023,-9.2884,0.5287,0.1399,-0.0488,-0.323667,0.048876,-2.560365,86588933,1459
0.2299,-0.1666,-7.8816,0.5687,0.1336,-0.0438,-0.323667,0.048876,-2.560365,86599433,1459
0.3885,-0.7574,-8.299,0.4992,0.0908,-0.0524,-0.323667,0.048876,-2.560365,86609933,1459
0.078,-2.3935,-8.6558,0.4663,0.0224,-0.0574,-0.323667,0.048876,-2.560365,86620433,1459
0.5085,-3.0722,-9.5968,0.5173,0.027,-0.0509,-0.323667,0.048876,-2.560365,86630933,1459
0.6018,-2.2488,-9.7293,0.3603,-0.1091,-0.0804,-0.323667,0.048876,-2.560365,86641433,1459
0.1135,-1.5017,-10.2686,0.3837,-0.1044,-0.0557,-0.323667,0.048876,-2.560365,86651933,1459
-0.6693,-0.4088,-11.0148,0.3599,-0.1388,-0.0475,-0.323667,0.048876,-2.560365,86662433,1459
0.3733,-0.2123,-8.9094,0.2941,-0.1812,-0.0422,-0.323667,0.048876,-2.560365,86672933,1459
0.137,0.1128,-9.0601,0.25,-0.1854,-0.0444,-0.323667,0.048876,-2.560365,86683433,1459
0.267,-2.799,-9.3221,0.2101,-0.1434,-0.0509,-0.323667,0.048876,-2.560365,86693933,1459
1.1798,-1.5211,-9.099,0.2087,-0.1232,-0.0491,-0.323667,0.048876,-2.560365,86704433,1459
0.4034,-1.7831,-10.3427,0.1375,-0.1427,-0.0596,-0.323667,0.048876,-2.560365,86714933,1459
-0.4635,-0.7218,-11.2654,0.1432,-0.0813,-0.0479,-0.323667,0.048876,-2.560365,86725433,1459
0.1853,1.552,-11.4811,0.1306,-0.0849,-0.0409,-0.323667,0.048876,-2.560365,86735933,1459
-0.2735,0.2135,-9.784,0.1183,-0.026,-0.0351,-0.323667,0.048876,-2.560365,86746433,1459
-0.5657,1.9998,-9.9793,0.0847,-0.0413,-0.0466,-0.323667,0.048876,-2.560365,86756933,1459
1.1097,1.0602,-8.6485,0.1209,0.0486,-0.0316,-0.283172,0.083451,-2.521016,86766977,1460
0.4734,0.9453,-8.4677,0.1431,0.0548,-0.0301,-0.228488,0.073959,-2.490643,86777021,1461
0.4314,0.4485,-9.027,0.1051,-0.0343,-0.057,-0.228488,0.073959,-2.490643,86787521,1461
1.8782,-0.8604,-9.0484,0.0387,-0.0331,-0.0638,-0.228488,0.073959,-2.490643,86797557,1461
1.0376,0.2448,-8.7088,0.1085,-0.0007,-0.0328,-0.228488,0.073959,-2.490643,86808057,1461
0.635,-0.9824,-9.7928,0.1214,-0.0067,-0.0251,-0.228488,0.073959,-2.490643,86818557,1461
0.8869,0.346,-10.5006,0.1249,-0.0007,-0.028,-0.228488,0.073959,-2.490643,86829057,1461
0.1162,0.7075,-10.1773,0.1306,-0.0087,-0.0256,-0.228488,0.073959,-2.490643,86839557,1461
-0.2651,1.8155,-10.3253,0.1291,-0.0217,-0.0194,-0.228488,0.073959,-2.490643,86850057,1461
-0.4678,0.2972,-10.2682,0.1198,-0.0749,-0.0334,-0.228488,0.073959,-2.490643,86860557,1461
0.1536,2.6058,-10.4767,0.0809,-0.0444,-0.013,-0.228488,0.073959,-2.490643,86871057,1461
-0.1926,1.0457,-10.1411,0.1235,-0.1145,-0.0149,-0.228488,0.073959,-2.490643,86881557,1461
-1.4397,1.0408,-10.3741,0.0714,-0.142,-0.0264,-0.228488,0.073959,-2.490643,86892057,1461
-0.4203,1.4968,-9.7638,0.091,-0.1205,-0.0141,-0.228488,0.073959,-2.490643,86902557,1461
-0.1286,-0.5701,-11.1991,0.0483,-0.1362,-0.0206,-0.228488,0.073959,-2.490643,86913057,1461
-0.9787,0.5561,-9.2749,0.012,-0.1472,-0.0142,-0.228488,0.073959,-2.490643,86923557,1461
-0.8115,0.2133,-9.9502,0.027,-0.1277,-0.0099,-0.228488,0.073959,-2.490643,86934057,1461
0.3401,-0.4369,-9.5583,0.0065,-0.1237,-0.013,-0.228488,0.073959,-2.490643,86944557,1461
-0.4714,-1.7435,-8.4878,-0.0066,-0.1177,-0.0083,-0.228488,0.073959,-2.490643,86955057,1461
-0.1153,-0.4843,-10.0906,-0.011,-0.0791,-0.0024,-0.228488,0.073959,-2.490643,86965557,1461
0.5206,-1.133,-8.9169,-0.0422,-0.065,-0.0042,-0.228488,0.073959,-2.490643,86976057,1461
0.3201,0.4067,-8.946,-0.0674,-0.0533,-0.0133,-0.228488,0.073959,-2.490643,86986557,1461
0.8288,-1.2674,-9.4832,-0.0601,-0.0323,-0.0127,-0.184895,0.095057,-2.447128,86996603,1462
1.0383,0.7834,-9.2527,-0.0704,-0.0035,-0.0026,-0.147429,0.103239,-2.407723,87006658,1463
0.6856,2.3822,-9.0382,-0.0524,-0.0317,0.0019,-0.147429,0.103239,-2.407723,87016686,1463
0.9967,0.0845,-9.7803,-0.0559,-0.0041,-0.0063,-0.147429,0.103239,-2.407723,87027186,1463
1.1974,2.927,-9.1241,-0.0441,-0.1002,-0.0245,-0.147429,0.103239,-2.407723,87037686,1463
0.876,2.3816,-8.8955,-0.0221,-0.0925,-0.0125,-0.147429,0.103239,-2.407723,87048186,1463
0.3163,2.118,-9.5091,-0.0235,-0.1525,-0.0074,-0.147429,0.103239,-2.407723,87058686,1463
1.2247,2.0786,-8.5704,0.0388,-0.1464,0.0196,-0.147429,0.103239,-2.407723,87069186,1463
0.701,1.8873,-9.4661,-0.0469,-0.2387,-0.0152,-0.147429,0.103239,-2.407723,87079686,1463
-0.7841,1.944,-9.3038,0.0001,-0.2229,-0.0063,-0.147429,0.103239,-2.407723,87090186,1463
0.1963,1.0042,-8.5292,-0.022,-0.2428,-0.0096,-0.147429,0.103239,-2.407723,87100686,1463
-1.0336,-0.4017,-10.5638,0.0034,-0.1781,0.0051,-0.147429,0.103239,-2.407723,87111186,1463
-0.8539,-0.2716,-10.127,-0.019,-0.1838,0.0021,-0.147429,0.103239,-2.407723,87121686,1463
-0.6428,-1.0956,-10.3973,-0.0402,-0.1898,0.0033,-0.147429,0.103239,-2.407723,87132186,1463
-0.161,-0.3544,-11.2004,-0.0693,-0.1767,-0.0052,-0.147429,0.103239,-2.407723,87142686,1463
-0.1596,0.3064,-10.4949,-0.0668,-0.1246,-0.0011,-0.147429,0.103239,-2.407723,87153186,1463
0.3313,0.5088,-10.9783,-0.0642,-0.0939,-0.0062,-0.147429,0.103239,-2.407723,87163686,1463
0.3478,1.3572,-10.801,-0.0697,-0.0304,-0.0022,-0.147429,0.103239,-2.407723,87174186,1463
0.3399,2.0173,-10.8793,-0.0671,-0.0299,-0.0093,-0.147429,0.103239,-2.407723,87184686,1463
0.2139,0.7687,-10.8752,-0.1005,-0.0329,-0.0132,-0.147429,0.103239,-2.407723,87195186,1463
0.32,3.0336,-10.8424,-0.0875,-0.0173,-0.0025,-0.147429,0.103239,-2.407723,87205686,1463
-0.1725,2.6877,-10.7592,-0.0905,-0.0012,0.0055,-0.147429,0.103239,-2.407723,87216186,1463
0.0205,2.3419,-10.9493,-0.1375,-0.0228,-0.0061,-0.115034,0.100162,-2.370486,87226234,1464
0.2336,3.0002,-10.2352,-0.0977,0.0307,0.0075,-0.115034,0.100162,-2.370486,87236734,1464
0.2107,1.9983,-10.371,-0.0991,-0.0033,-0.0051,-0.115034,0.100162,-2.370486,87247234,1464
-0.1448,1.1744,-9.465,-0.1601,0.01,-0.0104,-0.115034,0.100162,-2.370486,87257734,1464
0.6191,3.4095,-10.1781,-0.109,0.0493,0.0004,-0.115034,0.100162,-2.370486,87268234,1464
0.0262,0.9931,-9.6458,-0.0845,0.0782,0.0002,-0.115034,0.100162,-2.370486,87278734,1464
0.1919,2.68,-9.9719,-0.102,0.101,-0.014,-0.115034,0.100162,-2.370486,87289234,1464
0.3357,1.606,-9.3579,-0.0596,0.1605,-0.0045,-0.115034,0.100162,-2.370486,87299734,1464
-0.5363,3.9967,-10.1032,-0.0227,0.2367,0.0034,-0.115034,0.100162,-2.370486,87310234,1464
1.3993,2.1519,-9.207,-0.0161,0.2835,0.0099,-0.115034,0.100162,-2.370486,87320734,1464
-0.3831,3.4846,-10.1543,-0.0237,0.2968,0.0055,-0.115034,0.100162,-2.370486,87331234,1464
1.1898,1.5367,-9.1639,0.026,0.3309,0.0208,-0.115034,0.100162,-2.370486,87341734,1464
-0.456,-0.5997,-9.5266,-0.0113,0.3159,0.014,-0.115034,0.100162,-2.370486,87352234,1464
1.2627,0.6177,-9.8414,-0.0159,0.2708,0.002,-0.073909,0.097096,-2.323714,87362286,1465
1.635,0.6527,-8.9402,-0.0483,0.2507,-0.01,-0.073909,0.097096,-2.323714,87372786,1465
0.0186,-1.5838,-10.1456,-0.0217,0.2417,-0.0041,-0.073909,0.097096,-2.323714,87382795,1465
1.0835,-2.8072,-9.0303,-0.0008,0.1832,-0.0098,-0.073909,0.097096,-2.323714,87393295,1465
-0.8159,-1.6311,-9.6826,-0.0101,0.1846,-0.0015,-0.073909,0.097096,-2.323714,87403323,1465
-0.5955,-2.1467,-9.865,-0.038,0.0854,-0.0192,-0.073909,0.097096,-2.323714,87413823,1465
0.6315,-1.9868,-9.572,0.0213,0.0771,-0.0124,-0.073909,0.097096,-2.323714,87424323,1465
-1.3401,0.5813,-8.8075,0.0301,0.0522,-0.0043,-0.073909,0.097096,-2.323714,87434823,1465
-0.8222,-0.9101,-9.2344,0.0355,-0.0024,-0.0112,-0.073909,0.097096,-2.323714,87445323,1465
0.2562,2.7257,-8.3963,0.0933,0.0393,0.0095,-0.049912,0.076403,-2.270321,87455367,1466
-0.9215,1.1404,-8.774,-0.0526,-0.1207,-0.0274,-0.049912,0.076403,-2.270321,87465867,1466
0.375,1.2709,-8.3405,0.0424,-0.0761,-0.0074,-0.049912,0.076403,-2.270321,87476367,1466
-0.6254,0.4402,-9.4855,0.0571,-0.0867,-0.014,-0.049912,0.076403,-2.270321,87486867,1466
-0.9866,0.7199,-8.9742,-0.0293,-0.1442,-0.0253,-0.049912,0.076403,-2.270321,87497367,1466
-0.4453,-2.3866,-9.596,-0.0493,-0.1182,-0.0289,-0.049912,0.076403,-2.270321,87507867,1466
-0.7132,-1.5417,-9.7655,-0.1291,-0.1498,-0.0355,-0.049912,0.076403,-2.270321,87518367,1466
-0.92,-0.3565,-9.8084,-0.13,-0.145,-0.0319,-0.049912,0.076403,-2.270321,87528867,1466
-0.1437,-0.8834,-11.1615,-0.1944,-0.1506,-0.0268,-0.049912,0.076403,-2.270321,87539367,1466
-0.1446,-0.676,-10.3234,-0.2459,-0.1583,-0.0235,-0.049912,0.076403,-2.270321,87549867,1466
0.0508,2.4277,-11.2067,-0.2542,-0.1179,-0.0265,-0.049912,0.076403,-2.270321,87560367,1466
1.081,0.5147,-11.3083,-0.2548,-0.0797,-0.0234,-0.049912,0.076403,-2.270321,87570867,1466
-0.0165,1.8527,-11.539,-0.2466,-0.0632,-0.0374,-0.049912,0.076403,-2.270321,87581367,1466
0.5706,2.4507,-10.6947,-0.2596,-0.0908,-0.0465,-0.049912,0.076403,-2.270321,87591867,1466
1.664,1.5325,-10.7224,-0.2028,-0.0048,-0.0278,-0.049912,0.076403,-2.270321,87602367,1466
-0.4687,2.324,-10.3959,-0.1681,0.0255,-0.0227,-0.049912,0.076403,-2.270321,87612867,1466
1.54,0.3591,-10.0155,-0.1561,0.0122,-0.0198,-0.049912,0.076403,-2.270321,87623367,1466
0.2899,1.2646,-8.0149,-0.1327,0.0183,-0.0183,-0.013435,0.040144,-2.20641,87633411,1467
0.7144,0.0078,-8.8416,-0.1246,0.0202,-0.0229,-0.013435,0.040144,-2.20641,87643412,1467
1.054,-0.3106,-8.4798,-0.1293,0.0302,-0.0328,-0.013435,0.040144,-2.20641,87653912,1467
0.2589,1.0651,-9.1448,-0.1361,0.0344,-0.0266,-0.013435,0.040144,-2.20641,87664412,1467
1.3354,0.0141,-9.7552,-0.1936,0.0145,-0.0444,-0.013435,0.040144,-2.20641,87674912,1467
-0.2868,0.738,-8.9445,-0.2175,-0.0302,-0.0362,-0.013435,0.040144,-2.20641,87685412,1467
0.7555,2.4275,-10.7088,-0.3361,-0.1015,-0.0456,-0.013435,0.040144,-2.20641,87695912,1467
0.6874,0.8692,-9.2805,-0.3741,-0.1303,-0.0333,-0.013435,0.040144,-2.20641,87706412,1467
-0.9574,4.3832,-9.8191,-0.415,-0.1414,-0.024,-0.013435,0.040144,-2.20641,87716912,1467
0.4862,2.5876,-10.2497,-0.3984,-0.1356,-0.0268,-0.013435,0.040144,-2.20641,87727412,1467
-0.7271,2.532,-9.4112,-0.5029,-0.2235,-0.0489,-0.013435,0.040144,-2.20641,87737912,1467
-0.4176,2.2629,-9.0291,-0.4636,-0.123,-0.0363,-0.013435,0.040144,-2.20641,87748412,1467
-0.7217,-1.2451,-10.0686,-0.4269,0.0012,-0.022,-0.013435,0.040144,-2.20641,87758912,1467
-0.5672,3.3261,-9.7816,-0.3771,0.0584,-0.0253,-0.013435,0.040144,-2.20641,87769412,1467
0.0408,0.338,-8.8962,-0.4174,-0.001,-0.0335,-0.013435,0.040144,-2.20641,87779912,1467
-1.5153,2.6369,-10.1647,-0.3379,0.0692,-0.0253,-0.013435,0.040144,-2.20641,87790412,1467
1.0427,4.8768,-9.096,-0.3212,0.0641,-0.0066,-0.013435,0.040144,-2.20641,87800912,1467
-0.2824,4.3378,-9.9233,-0.2824,-0.0107,-0.0218,-0.013435,0.040144,-2.20641,87811412,1467
0.1311,0.6922,-9.6781,-0.2481,-0.0364,-0.0263,-0.000647,0.019224,-2.150853,87821467,1468
-0.8111,4.0654,-10.0861,-0.2087,0.016,-0.0077,-0.000647,0.019224,-2.150853,87831967,1468
1.0663,2.9232,-10.7062,-0.193,0.0341,-0.0176,-0.000647,0.019224,-2.150853,87842467,1468
0.7323,4.4402,-10.6531,-0.1828,-0.0109,-0.0305,-0.000647,0.019224,-2.150853,87852967,1468
0.5746,1.2978,-10.1474,-0.1287,0.0309,-0.0088,-0.000647,0.019224,-2.150853,87863467,1468
0.0149,2.7177,-10.5946,-0.1242,0.0426,-0.0135,-0.000647,0.019224,-2.150853,87873967,1468
0.2206,-0.4085,-9.2527,-0.074,0.0909,-0.0167,-0.000647,0.019224,-2.150853,87884467,1468
-1.2372,-0.4533,-9.0371,-0.1017,0.1222,-0.0277,-0.000647,0.019224,-2.150853,87894967,1468
0.2074,-2.6287,-7.8956,-0.0963,0.1322,-0.0306,-0.000647,0.019224,-2.150853,87905467,1468
-0.1586,-1.758,-8.0171,-0.0813,0.1477,-0.0233,0.027197,-0.040806,-2.077872,87916011,1469
0.0227,-1.5859,-7.343,-0.1019,0.122,-0.0435,0.027197,-0.040806,-2.077872,87926511,1469
-0.1779,-0.0894,-8.2955,-0.076,0.1579,-0.0298,0.027197,-0.040806,-2.077872,87937011,1469
0.8316,-0.6258,-9.0632,-0.107,0.1284,-0.0278,0.027197,-0.040806,-2.077872,87947511,1469
0.3734,3.2965,-10.9005,-0.123,0.1658,-0.0007,0.027197,-0.040806,-2.077872,87958011,1469
0.8406,1.4567,-9.9845,-0.2683,0.125,-0.0213,0.027197,-0.040806,-2.077872,87968511,1469
-0.4707,3.7358,-10.4236,-0.2558,0.2288,-0.0114,0.027197,-0.040806,-2.077872,87979011,1469
0.8168,3.252,-9.568,-0.4092,0.017,-0.0463,0.027197,-0.040806,-2.077872,87989511,1469
0.7734,1.8931,-9.0201,-0.4096,0.136,-0.0169,0.027197,-0.040806,-2.077872,88000011,1469
-0.0771,2.5136,-9.3088,-0.4105,0.073,-0.0082,0.027197,-0.040806,-2.077872,88010511,1469
1.6628,1.1925,-9.3453,-0.4399,0.0632,-0.0068,0.027197,-0.040806,-2.077872,88021011,1469
0.692,0.6888,-9.9384,-0.4465,-0.0138,-0.018,0.027197,-0.040806,-2.077872,88031511,1469
0.2398,2.865,-9.3326,-0.4909,-0.1057,-0.0389,0.040588,-0.043996,-2.000792,88041561,1470
0.6491,1.9523,-9.6595,-0.3941,-0.0398,-0.0163,0.040588,-0.043996,-2.000792,88051590,1470
0.305,2.4704,-9.9716,-0.3508,-0.0624,-0.029,0.040588,-0.043996,-2.000792,88062090,1470
-0.524,3.8677,-10.5697,-0.2797,-0.0319,-0.0142,0.040588,-0.043996,-2.000792,88072590,1470
0.937,2.674,-11.3023,-0.2553,-0.1262,-0.0275,0.040588,-0.043996,-2.000792,88083090,1470
0.436,4.8612,-11.87,-0.1426,-0.1311,-0.0197,0.040588,-0.043996,-2.000792,88093590,1470
-0.628,1.3416,-10.17,-0.0444,-0.1286,-0.0039,0.040588,-0.043996,-2.000792,88104090,1470
1.0063,0.0036,-9.5626,-0.0067,-0.1047,-0.0156,0.040588,-0.043996,-2.000792,88114590,1470
-0.3837,-1.1199,-8.803,0.0586,-0.0616,-0.0119,0.040588,-0.043996,-2.000792,88125090,1470
-1.7747,-1.227,-9.2774,0.1105,-0.0139,-0.0116,0.040588,-0.043996,-2.000792,88135590,1470
0.0225,-0.735,-10.7818,0.1308,-0.0188,-0.0144,0.040588,-0.043996,-2.000792,88146090,1470
-0.2047,0.9142,-11.8976,0.1696,0.0239,-0.0138,0.050652,-0.015536,-1.915544,88156135,1471
-0.5028,0.6646,-11.6663,0.2075,0.0431,-0.0031,0.050652,-0.015536,-1.915544,88166635,1471
1.4411,-0.3591,-11.0295,0.2175,0.0677,-0.0007,0.050652,-0.015536,-1.915544,88177135,1471
2.2479,-0.308,-9.4297,0.2666,0.0769,-0.0034,0.050652,-0.015536,-1.915544,88187635,1471
0.5284,2.5668,-9.1677,0.33,0.0788,0.0065,0.050652,-0.015536,-1.915544,88198135,1471
0.285,1.891,-9.7905,0.3369,0.0326,0.0003,0.050652,-0.015536,-1.915544,88208635,1471
-0.3289,1.2168,-11.5531,0.3795,-0.0135,0.0028,0.050652,-0.015536,-1.915544,88219135,1471
-0.9909,-0.0774,-10.6477,0.4147,-0.0167,0.0086,0.050652,-0.015536,-1.915544,88229635,1471
0.1461,-2.6478,-10.6578,0.399,-0.0496,-0.0191,0.050652,-0.015536,-1.915544,88240135,1471
-0.4664,-2.171,-11.041,0.4548,-0.0241,-0.0057,0.050652,-0.015536,-1.915544,88250635,1471
0.8019,-2.4201,-10.2802,0.5513,-0.0155,0.0032,0.050652,-0.015536,-1.915544,88261135,1471
1.291,1.538,-10.8682,0.5227,-0.0288,-0.0143,0.050652,-0.015536,-1.915544,88271635,1471
1.1573,2.3969,-10.4382,0.5147,-0.0078,-0.0007,0.061557,-0.000562,-1.838368,88281679,1472
-0.0414,3.3955,-10.1236,0.5181,-0.0133,-0.0057,0.061557,-0.000562,-1.838368,88291680,1472
-0.3223,3.2081,-11.3629,0.5388,0.0166,-0.0039,0.061557,-0.000562,-1.838368,88302180,1472
-0.1951,-1.6305,-10.625,0.5095,-0.0143,-0.0118,0.061557,-0.000562,-1.838368,88312680,1472
-0.091,-2.2457,-10.1964,0.5166,-0.0461,-0.009,0.061557,-0.000562,-1.838368,88323180,1472
-0.5325,-1.4297,-9.9942,0.5062,-0.0574,-0.0012,0.061557,-0.000562,-1.838368,88333680,1472
-0.3315,-1.1853,-10.1794,0.5332,-0.0526,-0.0012,0.061557,-0.000562,-1.838368,88344180,1472
0.4833,-0.3748,-11.0052,0.5215,-0.0252,0.0057,0.061557,-0.000562,-1.838368,88354680,1472
1.0217,2.8861,-11.0549,0.5375,-0.0111,0.0077,0.061557,-0.000562,-1.838368,88365180,1472
0.5758,2.3648,-11.1135,0.4715,-0.0088,-0.0057,0.061557,-0.000562,-1.838368,88375680,1472
-0.7663,0.4941,-10.8235,0.4596,-0.016,-0.0103,0.063325,-0.004968,-1.767638,88385735,1473
-1.2092,-1.486,-9.9909,0.439,0.0556,-0.0036,0.063325,-0.004968,-1.767638,88396235,1473
-0.4766,-1.533,-10.6948,0.4358,0.0826,-0.0035,0.063325,-0.004968,-1.767638,88406735,1473
1.289,-1.6014,-10.0185,0.381,0.0863,0.0033,0.063325,-0.004968,-1.767638,88417235,1473
0.7222,2.6717,-11.872,0.3303,0.0444,-0.0132,0.063325,-0.004968,-1.767638,88427735,1473
0.4904,2.316,-10.3699,0.3363,0.0968,-0.0001,0.063325,-0.004968,-1.767638,88438235,1473
0.057,-0.4382,-10.7056,0.2528,0.0676,-0.0124,0.063325,-0.004968,-1.767638,88448735,1473
-0.8448,-2.1243,-10.8157,0.163,0.0365,-0.0144,0.063325,-0.004968,-1.767638,88459235,1473
-0.5911,-1.6804,-10.724,0.1461,0.0617,-0.011,0.063325,-0.004968,-1.767638,88469735,1473
0.1866,-0.3862,-10.2708,0.1042,0.055,-0.008,0.063325,-0.004968,-1.767638,88480235,1473
1.476,-0.1446,-9.8032,0.0885,0.0563,0.0022,0.063325,-0.004968,-1.767638,88490735,1473
0.4964,1.694,-9.497,0.084,0.0708,0.01,0.063325,-0.004968,-1.767638,88501235,1473
-0.0714,1.5421,-8.9289,0.0667,0.0604,0.0157,0.063325,-0.004968,-1.767638,88511735,1473
-0.7365,1.3014,-9.6055,0.0651,0.0492,0.0124,0.063325,-0.004968,-1.767638,88522235,1473
-1.3101,1.1513,-10.505,0.0415,0.0311,0.0127,0.063325,-0.004968,-1.767638,88532735,1473
0.4773,1.4542,-9.3992,0.0364,0.016,0.0118,0.063325,-0.004968,-1.767638,88543235,1473
-0.0793,0.5951,-10.0048,0.0402,-0.0652,-0.0057,0.063325,-0.004968,-1.767638,88553735,1473
-0.5647,2.114,-9.7986,0.0878,-0.0103,0.0235,0.063325,-0.004968,-1.767638,88564235,1473
-0.1774,0.8939,-9.8459,0.0911,-0.0212,0.0108,0.062343,0.044819,-1.750053,88574282,1474
-0.1561,2.0878,-10.0688,0.1207,-0.0374,0.0124,0.062343,0.044819,-1.750053,88584782,1474
-0.2523,2.4715,-10.112,0.0967,-0.0587,-0.0025,0.062343,0.044819,-1.750053,88594814,1474
0.0999,1.307,-9.5062,0.1277,-0.0467,0.0045,0.062343,0.044819,-1.750053,88605314,1474
-0.5494,1.7852,-9.9606,0.1441,-0.0339,0.0032,0.067132,0.059396,-1.721545,88615387,1475
-0.4791,2.3022,-10.8339,0.165,-0.0032,0.0045,0.067132,0.059396,-1.721545,88625887,1475
0.0025,0.9643,-9.8656,0.2108,0.0399,0.007,0.067132,0.059396,-1.721545,88636387,1475
-1.092,0.9419,-10.0737,0.2342,0.0798,0.0045,0.067132,0.059396,-1.721545,88646887,1475
-0.3432,0.3981,-9.3136,0.2436,0.1269,0.0023,0.067132,0.059396,-1.721545,88657387,1475
-0.6157,-0.9459,-7.6109,0.2447,0.1709,0.0004,0.067132,0.059396,-1.721545,88667887,1475
0.4738,0.1794,-7.3735,0.268,0.2011,0.0083,0.067132,0.059396,-1.721545,88678387,1475
-0.0103,0.4565,-8.6008,0.2658,0.1929,0.0075,0.067132,0.059396,-1.721545,88688887,1475
1.0673,-0.7052,-9.1596,0.214,0.1823,0.0014,0.067132,0.059396,-1.721545,88699387,1475
0.6755,-0.0911,-10.1688,0.1691,0.1151,0.0069,0.067132,0.059396,-1.721545,88709887,1475
-0.4651,-2.1263,-10.1311,0.1613,0.2223,0.0237,0.067132,0.059396,-1.721545,88720387,1475
-0.1649,-1.3903,-9.654,0.1569,0.2033,0.0309,0.067132,0.059396,-1.721545,88730887,1475
-0.3661,0.6983,-8.6408,0.0729,0.1178,0.0075,0.059845,0.108097,-1.682499,88740941,1476
-0.5448,0.5715,-8.9787,0.0433,0.1281,0.0246,0.059845,0.108097,-1.682499,88751441,1476
0.5464,2.8783,-8.7766,-0.0576,0.0174,0.0019,0.059845,0.108097,-1.682499,88761941,1476
0.64,2.7983,-8.372,-0.0242,0.0737,0.0068,0.059845,0.108097,-1.682499,88772441,1476
0.2502,-0.8335,-9.7179,-0.008,0.0699,-0.0042,0.059845,0.108097,-1.682499,88782941,1476
-0.1716,1.8041,-10.2305,0.0176,0.1299,0.003,0.059845,0.108097,-1.682499,88793441,1476
0.8453,-3.1413,-8.1704,0.1061,0.165,0.0194,0.059845,0.108097,-1.682499,88803941,1476
-1.0023,-2.9091,-8.0089,0.0843,0.0953,0.0109,0.059845,0.108097,-1.682499,88814441,1476
-0.4869,-1.4344,-7.9242,0.1096,0.0809,0.0041,0.059845,0.108097,-1.682499,88824941,1476
1.4941,-0.2313,-9.0942,0.1243,0.0609,0.012,0.059845,0.108097,-1.682499,88835441,1476
0.5293,0.2755,-9.1241,0.1751,0.0855,0.0196,0.049207,0.127149,-1.647846,88845485,1477
-0.7818,0.832,-8.7223,0.1108,0.0227,-0.0044,0.049207,0.127149,-1.647846,88855515,1477
1.341,-0.5468,-8.8953,0.1253,0.0391,0.006,0.049207,0.127149,-1.647846,88866015,1477
0.6445,0.0623,-9.5478,0.1123,0.0409,0.002,0.049207,0.127149,-1.647846,88876515,1477
0.2417,-1.546,-9.7075,0.0894,0.0157,-0.007,0.049207,0.127149,-1.647846,88887015,1477
-0.0234,-2.9712,-9.3544,0.1139,0.0431,0.0067,0.049207,0.127149,-1.647846,88897515,1477
-0.1821,-1.9929,-8.8087,0.1075,0.0294,-0.0034,0.049207,0.127149,-1.647846,88908015,1477
0.3365,-2.9585,-8.5014,0.1152,0.0323,-0.0171,0.049207,0.127149,-1.647846,88918515,1477
-0.8412,-0.8806,-8.857,0.0861,0.0937,-0.0105,0.049207,0.127149,-1.647846,88929015,1477
0.0888,-0.8491,-8.4211,0.1118,0.1198,-0.0024,0.049207,0.127149,-1.647846,88939515,1477
0.4971,0.5318,-9.572,0.1327,0.1658,-0.0014,0.049207,0.127149,-1.647846,88950015,1477
-0.2141,0.7267,-9.0078,0.0984,0.1616,-0.0162,0.049207,0.127149,-1.647846,88960515,1477
1.5467,-1.271,-9.6935,0.1049,0.1704,-0.0098,0.049207,0.127149,-1.647846,88971015,1477
1.0102,0.6374,-9.6449,0.0818,0.1706,-0.0064,0.059688,0.132431,-1.606801,88981059,1478
0.1173,-0.6261,-10.0791,0.0758,0.1882,-0.0095,0.059688,0.132431,-1.606801,88991559,1478
0.9473,-1.6677,-9.5947,0.0268,0.1279,-0.0317,0.059688,0.132431,-1.606801,89002059,1478
0.3928,-2.5028,-10.1362,0.0031,0.0645,-0.0276,0.059688,0.132431,-1.606801,89012559,1478
-0.3408,-1.2677,-10.0082,-0.024,0.016,-0.0203,0.059688,0.132431,-1.606801,89023059,1478
0.1776,-2.7529,-10.314,-0.041,-0.0634,-0.0223,0.059688,0.132431,-1.606801,89033559,1478
-0.4951,0.0552,-9.8102,-0.0871,-0.1522,-0.0371,0.059688,0.132431,-1.606801,89044059,1478
-0.9407,0.0799,-10.2872,-0.1208,-0.1824,-0.0293,0.059688,0.132431,-1.606801,89054559,1478
0.3862,3.066,-10.0105,-0.1228,-0.1766,-0.0238,0.059688,0.132431,-1.606801,89065059,1478
0.4861,1.7035,-9.6988,-0.1597,-0.1761,-0.0162,0.054579,0.13637,-1.547985,89075105,1479
-1.2372,3.4528,-9.8677,-0.2477,-0.2561,-0.044,0.054579,0.13637,-1.547985,89085605,1479
-1.3889,2.5572,-10.6603,-0.2382,-0.1977,-0.0264,0.054579,0.13637,-1.547985,89095606,1479
1.0599,3.1352,-10.3236,-0.2086,-0.1543,-0.021,0.054579,0.13637,-1.547985,89106106,1479
-0.3989,3.7333,-10.097,-0.1956,-0.1026,-0.0084,0.054579,0.13637,-1.547985,89116606,1479
0.1144,1.7462,-10.3854,-0.266,-0.1495,-0.0337,0.054579,0.13637,-1.547985,89127106,1479
-0.6263,5.0427,-11.5814,-0.305,-0.0861,-0.0384,0.054579,0.13637,-1.547985,89137606,1479
-0.398,3.16,-11.3757,-0.2921,-0.0598,-0.0467,0.054579,0.13637,-1.547985,89148106,1479
1.3662,2.3451,-10.503,-0.303,-0.0174,-0.035,0.054579,0.13637,-1.547985,89158606,1479
-0.2607,3.6981,-10.185,-0.2787,0.0057,-0.0278,0.054579,0.13637,-1.547985,89169106,1479
0.3365,0.485,-10.8254,-0.2513,-0.0231,-0.0428,0.054579,0.13637,-1.547985,89179606,1479
0.4604,1.0448,-11.7109,-0.2278,-0.0302,-0.0329,0.054579,0.13637,-1.547985,89190106,1479
-0.8822,1.1874,-9.9583,-0.2202,-0.0373,-0.0379,0.054579,0.13637,-1.547985,89200606,1479
0.4164,-0.5671,-10.4242,-0.2075,-0.0709,-0.0464,0.044142,0.1456,-1.505685,89210652,1480
0.9661,-1.5854,-9.5621,-0.1651,-0.0517,-0.036,0.044142,0.1456,-1.505685,89221152,1480
-0.1358,1.2404,-10.2858,-0.1371,-0.0745,-0.049,0.044142,0.1456,-1.505685,89231652,1480
0.9131,0.3097,-9.553,-0.1453,-0.0616,-0.044,0.044142,0.1456,-1.505685,89242152,1480
0.7679,-0.4716,-10.3717,-0.1057,-0.0392,-0.0296,0.044142,0.1456,-1.505685,89252652,1480
-0.2383,0.7628,-9.475,-0.0713,0.0077,-0.0215,0.044142,0.1456,-1.505685,89263152,1480
1.1821,-2.3427,-10.5828,-0.0393,0,-0.0319,0.044142,0.1456,-1.505685,89273652,1480
-0.4703,0.3141,-11.6416,-0.0738,0.0094,-0.0386,0.044142,0.1456,-1.505685,89284152,1480
1.867,-2.4082,-9.2768,-0.0909,0.0212,-0.0521,0.044142,0.1456,-1.505685,89294652,1480
-0.3027,1.0811,-10.8858,-0.0222,0.0826,-0.0389,0.039432,0.133634,-1.441518,89304696,1481
0.6072,-2.2575,-10.6869,-0.0414,0.1068,-0.0417,0.039432,0.133634,-1.441518,89314728,1481
2.1173,-2.8088,-9.7048,0.0137,0.1115,-0.0196,0.039432,0.133634,-1.441518,89325228,1481
-0.9158,-1.1269,-12.0381,-0.0446,0.0682,-0.0525,0.039432,0.133634,-1.441518,89335728,1481
1.6601,-2.697,-10.8454,-0.0582,0.0848,-0.0575,0.039432,0.133634,-1.441518,89346228,1481
0.4572,0.6328,-11.3424,-0.0343,0.1302,-0.0431,0.039432,0.133634,-1.441518,89356728,1481
0.718,-0.3596,-11.1577,-0.0722,0.1784,-0.0391,0.039432,0.133634,-1.441518,89367228,1481
2.5319,-0.1013,-10.3839,-0.1064,0.1451,-0.0481,0.039432,0.133634,-1.441518,89377728,1481
-0.5821,2.0878,-12.0294,-0.1035,0.153,-0.0448,0.039432,0.133634,-1.441518,89388228,1481
0.7701,0.0473,-11.1677,-0.1303,0.1149,-0.0397,0.039432,0.133634,-1.441518,89398728,1481
0.6718,2.7675,-11.0229,-0.1787,0.0686,-0.0459,0.039432,0.133634,-1.441518,89409228,1481
-0.1573,3.6943,-12.1559,-0.1856,0.0759,-0.0383,0.039432,0.133634,-1.441518,89419728,1481
0.581,2.3596,-10.1958,-0.1534,0.0927,-0.0288,0.039432,0.133634,-1.441518,89430228,1481
0.1084,5.4182,-10.042,-0.2153,0.0462,-0.0523,0.039432,0.133634,-1.441518,89440728,1481
-0.4012,3.6151,-10.7363,-0.1302,0.0907,-0.0321,0.039432,0.133634,-1.441518,89451228,1481
1.0766,1.9283,-8.851,-0.1332,0.0754,-0.0401,0.039432,0.133634,-1.441518,89461728,1481
-0.6018,2.5353,-9.7898,-0.0907,0.0216,-0.0504,0.039432,0.133634,-1.441518,89472228,1481
0.3056,1.5376,-9.1012,-0.0727,-0.0009,-0.0365,0.039432,0.133634,-1.441518,89482728,1481
0.7625,0.7304,-8.557,-0.0863,0.0126,-0.0323,0.035562,0.117227,-1.388312,89492780,1482
-0.2531,2.2887,-9.8603,-0.072,-0.0281,-0.0414,0.035562,0.117227,-1.388312,89503280,1482
2.1632,-1.3592,-9.5187,-0.0618,-0.0133,-0.0319,0.035562,0.117227,-1.388312,89513780,1482
0.7048,1.2584,-9.0337,-0.0394,-0.0048,-0.0237,0.035562,0.117227,-1.388312,89524280,1482
0.6727,-0.8384,-10.9658,-0.1369,-0.087,-0.0418,0.03406,0.113336,-1.357224,89534331,1483
1.4746,-1.8746,-9.2879,-0.1544,-0.0109,-0.0287,0.03406,0.113336,-1.357224,89544831,1483
-1.1234,1.887,-11.2688,-0.117,0.0172,-0.0264,0.03406,0.113336,-1.357224,89554833,1483
-1.1911,-1.5336,-10.6879,-0.1508,0.0529,-0.0219,0.03406,0.113336,-1.357224,89565333,1483
0.7506,-2.7029,-9.7391,-0.2223,-0.0194,-0.0349,0.03406,0.113336,-1.357224,89575364,1483
-0.7387,-0.9024,-11.023,-0.2784,-0.0921,-0.052,0.03406,0.113336,-1.357224,89585864,1483
-0.2873,0.9536,-10.5383,-0.1767,-0.0106,-0.0196,0.03406,0.113336,-1.357224,89596364,1483
1.0292,-1.8586,-9.6681,-0.2088,-0.0268,-0.0184,0.03406,0.113336,-1.357224,89606864,1483
-2.1209,0.9725,-11.0386,-0.2456,-0.0362,-0.0366,0.03406,0.113336,-1.357224,89617364,1483
-0.7601,-1.2771,-9.8355,-0.2431,0.0061,-0.0242,0.03406,0.113336,-1.357224,89627864,1483
-0.2026,-0.0111,-10.2294,-0.2436,-0.0764,-0.0339,0.03406,0.113336,-1.357224,89638364,1483
-0.8613,0.4197,-9.2258,-0.1913,-0.0345,-0.0239,0.03406,0.113336,-1.357224,89648864,1483
0.5827,-1.0181,-8.1477,-0.1666,-0.012,-0.0067,0.03406,0.113336,-1.357224,89659364,1483
-1.4206,-0.7902,-7.8798,-0.1494,-0.0567,-0.0207,0.03406,0.113336,-1.357224,89669864,1483
-0.2544,-3.2031,-8.8657,-0.1133,-0.0447,-0.0032,0.03406,0.113336,-1.357224,89680364,1483
0.2015,-3.5762,-7.5419,-0.1347,0.0002,0.0032,0.03406,0.113336,-1.357224,89690864,1483
-0.5572,-0.3984,-10.2126,-0.0974,-0.0211,-0.0039,0.03406,0.113336,-1.357224,89701364,1483
0.7273,-2.9844,-8.6998,-0.0349,-0.0089,0.004,0.03406,0.113336,-1.357224,89711864,1483
0.0219,2.1546,-10.3388,-0.0508,-0.0596,0.0093,0.03406,0.113336,-1.357224,89722364,1483
0.0691,0.2066,-11.179,-0.0554,-0.0367,0.0112,0.03406,0.113336,-1.357224,89732864,1483
0.0376,3.9398,-11.1851,-0.0407,-0.0056,0.0138,0.03406,0.113336,-1.357224,89743364,1483
0.7471,4.3161,-11.257,-0.0269,0.0244,0.0179,0.03406,0.113336,-1.357224,89753864,1483
1.7021,3.3015,-10.8227,-0.0218,0.0077,0.0117,0.03406,0.113336,-1.357224,89764364,1483
0.2205,5.5866,-10.4907,-0.0488,0.0325,0.0139,0.038425,0.079514,-1.275351,89774462,1485
-0.1314,3.8756,-11.0808,0.052,0.0359,0,0.038425,0.079514,-1.275351,89784962,1485
0.9591,2.3535,-11.1708,0.0246,-0.0134,-0.0038,0.038425,0.079514,-1.275351,89795462,1485
0.1563,5.1597,-10.6662,0.0836,-0.0109,0.001,0.038425,0.079514,-1.275351,89805962,1485
0.0944,5.1319,-11.1765,0.0382,-0.0169,0.0114,0.038425,0.079514,-1.275351,89816462,1485
0.9688,3.4182,-10.9876,0.0118,-0.1648,-0.0162,0.038425,0.079514,-1.275351,89826962,1485
0.9725,0.0711,-8.9757,-0.0139,-0.1491,-0.0063,0.038425,0.079514,-1.275351,89837462,1485
0.2837,3.6169,-10.3778,-0.0143,-0.111,0.0052,0.038425,0.079514,-1.275351,89847962,1485
-0.0303,1.4478,-10.9741,-0.045,-0.1807,-0.0109,0.038425,0.079514,-1.275351,89858462,1485
0.7976,2.6925,-9.8082,0.031,-0.1381,0.0162,0.038425,0.079514,-1.275351,89868962,1485
1.7156,2.8989,-9.6993,-0.0039,-0.1401,0.0158,0.038425,0.079514,-1.275351,89879462,1485
0.1488,3.4363,-9.6501,-0.0893,-0.1848,-0.0002,0.038425,0.079514,-1.275351,89889962,1485
0.0247,4.1002,-9.454,-0.025,-0.1503,0.0201,0.053329,0.05578,-1.238883,89900013,1486
-0.3517,1.7742,-10.5771,-0.0331,-0.1247,0.027,0.053329,0.05578,-1.238883,89910513,1486
0.0892,2.6732,-9.3713,-0.0966,-0.2319,-0.0052,0.053329,0.05578,-1.238883,89920542,1486
-1.4765,0.1871,-10.8113,-0.1191,-0.1798,0.014,0.053329,0.05578,-1.238883,89931042,1486
-2.4128,2.4093,-11.6274,-0.1199,-0.2121,0.0117,0.053329,0.05578,-1.238883,89941542,1486
-0.4158,0.419,-11.8338,-0.097,-0.1854,0.0211,0.053329,0.05578,-1.238883,89952042,1486
0.3752,-0.5287,-11.4388,-0.1209,-0.1975,0.0164,0.053329,0.05578,-1.238883,89962542,1486
-1.1044,0.2874,-10.4366,-0.1645,-0.2257,0.0101,0.053329,0.05578,-1.238883,89973042,1486
-0.2041,0.2908,-11.5997,-0.1236,-0.195,0.0273,0.053329,0.05578,-1.238883,89983542,1486
-0.894,-0.536,-13.2576,-0.1555,-0.2297,0.0214,0.053329,0.05578,-1.238883,89994042,1486
0.9736,-1.8498,-11.5839,-0.1369,-0.2101,0.0292,0.053329,0.05578,-1.238883,90004542,1486
0.541,0.6594,-11.9612,-0.1468,-0.2313,0.0137,0.053329,0.05578,-1.238883,90015042,1486
-0.587,1.1617,-12.0505,-0.1229,-0.175,0.0108,0.053329,0.05578,-1.238883,90025542,1486
1.2635,-1.5904,-10.57,-0.1209,-0.1639,0.0106,0.053329,0.05578,-1.238883,90036042,1486
0.0908,-1.8911,-11.5571,-0.0758,-0.1269,0.0033,0.053329,0.05578,-1.238883,90046542,1486
-0.2716,-0.7502,-10.4083,-0.0105,-0.0971,0.0138,0.053329,0.05578,-1.238883,90057042,1486
1.3916,-2.4427,-10.4457,0.0089,-0.0225,0.0164,0.053329,0.05578,-1.238883,90067542,1486
1.8837,-1.2919,-9.8738,0.0439,-0.0177,0.0099,0.053329,0.05578,-1.238883,90078042,1486
-0.0521,-0.995,-9.8149,0.1089,0.064,0.0219,0.053329,0.05578,-1.238883,90088542,1486
0.9647,-4.9076,-10.6054,0.0678,-0.0077,-0.0066,0.053329,0.05578,-1.238883,90099042,1486
0.8899,-3.2029,-10.289,0.1296,0.0391,0.0104,0.053329,0.05578,-1.238883,90109542,1486
-0.5829,-1.3134,-10.8849,0.1352,0.0539,0.0092,0.053329,0.05578,-1.238883,90120042,1486
0.9953,-3.5987,-10.603,0.2478,0.1004,0.0187,0.060949,0.055931,-1.209317,90130087,1487
1.2845,-4.2699,-10.0343,0.1498,-0.0042,-0.0139,0.06519,0.057388,-1.185232,90140132,1488
-0.5441,-2.2097,-10.8641,0.1651,0.0326,0.0123,0.06519,0.057388,-1.185232,90150632,1488
-0.5377,-1.2494,-11.7715,0.1235,0.0105,0.0052,0.06519,0.057388,-1.185232,90160664,1488
1.5051,-2.4375,-11.6054,0.1508,0.0732,0.0201,0.06519,0.057388,-1.185232,90171164,1488
2.653,-2.1168,-10.2207,0.124,0.0033,-0.0016,0.06519,0.057388,-1.185232,90181664,1488
-1.3527,-0.0579,-12.2934,0.146,0.0005,0.0017,0.06519,0.057388,-1.185232,90192164,1488
0.1207,-1.7748,-12.5822,0.1326,0.0314,-0.0004,0.06519,0.057388,-1.185232,90202664,1488
1.5411,-1.9935,-11.1785,0.1319,-0.0139,0.0006,0.06519,0.057388,-1.185232,90213164,1488
-0.8647,1.1974,-11.4573,0.1432,-0.025,-0.0054,0.06519,0.057388,-1.185232,90223664,1488
-0.1777,1.8049,-11.7611,0.1577,-0.0224,-0.0011,0.06519,0.057388,-1.185232,90234164,1488
0.9738,-0.6651,-11.6383,0.1659,-0.0297,0.0098,0.06519,0.057388,-1.185232,90244664,1488
0.3999,0.6331,-11.2793,0.1577,-0.0352,0.0096,0.06519,0.057388,-1.185232,90255164,1488
-0.5074,3.0629,-12.2998,0.1756,-0.0537,0.0064,0.06519,0.057388,-1.185232,90265664,1488
1.4585,1.5067,-11.3448,0.1873,-0.0296,0.0123,0.06519,0.057388,-1.185232,90276164,1488
2.035,3.0749,-10.61,0.1525,-0.0972,-0.0032,0.06519,0.057388,-1.185232,90286664,1488
-0.6823,3.4248,-10.3206,0.2219,-0.0084,0.0069,0.06519,0.057388,-1.185232,90297164,1488
0.0925,1.9608,-11.6092,0.1661,-0.0722,-0.0115,0.06519,0.057388,-1.185232,90307664,1488
1.3211,2.7281,-10.1919,0.1642,-0.0426,0.0058,0.06519,0.057388,-1.185232,90318164,1488
-0.142,1.7342,-9.246,0.2502,-0.0168,0.0186,0.06519,0.057388,-1.185232,90328664,1488
0.4906,2.4528,-9.7392,0.2107,0.0393,0.0303,0.06519,0.057388,-1.185232,90339164,1488
0.1063,0.1104,-9.4556,0.2146,0.0593,0.0285,0.06519,0.057388,-1.185232,90349664,1488
0.3293,2.1595,-9.8874,0.0726,-0.0641,-0.0188,0.065159,0.057747,-1.16144,90359720,1489
0.8911,0.8929,-8.5317,0.1412,0.0663,0.0099,0.052428,0.067294,-1.153579,90369764,1490
1.2342,0.4409,-8.411,0.1399,0.0908,0.0122,0.052428,0.067294,-1.153579,90379792,1490
-0.6332,1.93,-8.7425,0.1669,0.1109,0.0153,0.052428,0.067294,-1.153579,90390292,1490
0.3946,-0.4617,-9.9739,0.1208,0.1049,0.0116,0.052428,0.067294,-1.153579,90400294,1490
0.4716,-0.6772,-7.8784,0.0622,0.125,0.0029,0.052428,0.067294,-1.153579,90410794,1490
-0.376,0.4218,-8.4657,0.0927,0.181,0.0078,0.052428,0.067294,-1.153579,90421294,1490
-0.8507,-1.2569,-9.2474,0.0645,0.198,0.0174,0.052428,0.067294,-1.153579,90431794,1490
0.2625,-3.0322,-8.0291,0.0889,0.2237,0.0216,0.052428,0.067294,-1.153579,90442294,1490
0.0048,-0.0063,-8.5628,0.0534,0.2261,0.0084,0.052428,0.067294,-1.153579,90452794,1490
-0.8585,-0.8821,-8.0602,0.0392,0.1866,0.0007,0.052428,0.067294,-1.153579,90463294,1490
0.763,-4.0732,-8.6207,0.0736,0.2434,0.0198,0.052428,0.067294,-1.153579,90473794,1490
0.562,-3.0997,-8.4016,0.0363,0.2373,0.0193,0.052428,0.067294,-1.153579,90484294,1490
-0.242,-1.288,-9.2826,0.0171,0.1212,-0.0016,0.052428,0.067294,-1.153579,90494794,1490
0.8459,-1.1015,-10.3179,0.0775,0.1431,0.013,0.052428,0.067294,-1.153579,90505294,1490
1.1643,-3.0962,-8.5832,0.0742,0.1289,0.0192,0.052428,0.067294,-1.153579,90515794,1490
-0.6047,0.4495,-11.2241,0.1043,0.1251,0.0231,0.052428,0.067294,-1.153579,90526294,1490
-1.2815,-0.9357,-11.2439,0.06,0.0821,0.0089,0.052428,0.067294,-1.153579,90536794,1490
0.9387,0.1291,-10.5742,0.1239,0.0964,0.0312,0.052428,0.067294,-1.153579,90547294,1490
0.3109,2.5015,-10.7819,0.0707,0.1265,0.0283,0.052428,0.067294,-1.153579,90557794,1490
-0.7474,0.7282,-11.0354,0.0977,0.1144,0.025,0.052428,0.067294,-1.153579,90568294,1490
0.2718,0.7616,-10.7463,0.1124,0.115,0.0358,0.052428,0.067294,-1.153579,90578794,1490
0.0204,-0.5172,-10.9369,-0.002,0.0111,0.0098,0.063548,0.062351,-1.121624,90589339,1491
-0.5829,1.7088,-11.0515,0.0932,0.1481,0.0359,0.048432,0.075051,-1.111816,90599383,1492
-0.0401,-0.9176,-11.0256,0.0673,0.1063,0.0157,0.048432,0.075051,-1.111816,90609883,1492
0.2362,-3.3024,-10.6522,-0.0117,0.0644,-0.0017,0.048432,0.075051,-1.111816,90620383,1492
-0.352,-1.7195,-11.027,-0.0991,0.0745,-0.0038,0.048432,0.075051,-1.111816,90630883,1492
-0.5752,-0.8916,-12.0364,-0.0742,0.0677,-0.0049,0.048432,0.075051,-1.111816,90641383,1492
0.1038,-1.2966,-11.2575,-0.0351,0.1034,0.0081,0.048432,0.075051,-1.111816,90651883,1492
1.2513,-1.2967,-10.9463,-0.0761,0.0474,-0.0014,0.048432,0.075051,-1.111816,90662383,1492
1.6693,-1.8118,-9.7631,-0.0773,0.0291,-0.0107,0.048432,0.075051,-1.111816,90672883,1492
0.8373,-1.8008,-8.7033,-0.0668,0.0454,0.0003,0.048432,0.075051,-1.111816,90683383,1492
-0.2534,0.6105,-9.384,-0.0558,-0.0031,-0.0012,0.048432,0.075051,-1.111816,90693883,1492
-0.1469,0.5612,-9.4735,-0.0303,-0.0403,0.0062,0.048432,0.075051,-1.111816,90704383,1492
0.3482,-0.5467,-8.9887,-0.0229,-0.0815,0.0033,0.048432,0.075051,-1.111816,90714883,1492
-0.7669,0.5439,-10.7688,-0.0075,-0.0807,0.0037,0.048432,0.075051,-1.111816,90725383,1492
0.3785,0.0899,-9.3835,0.0086,-0.1058,0.0045,0.048432,0.075051,-1.111816,90735883,1492
-0.6688,0.8664,-11.3078,0.0093,-0.1095,-0.0052,0.048432,0.075051,-1.111816,90746383,1492
-0.4152,2.5412,-11.0078,0.027,-0.089,-0.0032,0.048432,0.075051,-1.111816,90756883,1492
0.1231,0.7546,-10.9244,0.036,-0.0946,0.0055,0.048432,0.075051,-1.111816,90767383,1492
-0.5653,1.1837,-11.6328,0.0362,-0.0885,0.003,0.048432,0.075051,-1.111816,90777883,1492
-0.6845,1.7686,-10.465,0.0295,-0.0415,-0.0042,0.048432,0.075051,-1.111816,90788383,1492
-0.4404,1.5077,-11.7053,0.0456,0.0201,-0.0005,0.048432,0.075051,-1.111816,90798883,1492
0.2614,1.9866,-11.2833,0.037,0.0384,-0.003,0.048432,0.075051,-1.111816,90809383,1492
-0.198,1.563,-10.2143,0.0655,0.1109,0.0098,0.041507,0.077325,-1.101584,90819429,1493
-0.9706,1.7281,-10.6142,-0.0174,0.0763,-0.0139,0.041507,0.077325,-1.101584,90829430,1493
-0.8584,0.1676,-10.9105,-0.0262,0.1159,-0.007,0.041507,0.077325,-1.101584,90839930,1493
-0.064,1.4968,-10.3667,-0.0217,0.1084,-0.0079,0.041507,0.077325,-1.101584,90850430,1493
-0.685,2.042,-10.6597,-0.0413,0.1262,-0.0048,0.041507,0.077325,-1.101584,90860930,1493
-0.2807,1.5048,-9.9664,-0.0227,0.1622,0.0009,0.041507,0.077325,-1.101584,90871430,1493
-0.46,1.5852,-9.8549,-0.0315,0.0754,-0.0121,0.041507,0.077325,-1.101584,90881930,1493
-1.0547,1.6744,-10.7549,-0.0297,0.0667,-0.0046,0.041507,0.077325,-1.101584,90892430,1493
0.5594,1.6155,-9.3134,-0.0323,0.0609,-0.0128,0.041507,0.077325,-1.101584,90902930,1493
0.0383,1.2884,-9.7226,-0.0325,0.0209,-0.0194,0.041507,0.077325,-1.101584,90913430,1493
-0.0562,0.9953,-9.2334,-0.0041,0.008,-0.0049,0.035088,0.081175,-1.094096,90923474,1494
0.0202,1.3705,-9.1163,0,0.0096,-0.0021,0.035088,0.081175,-1.094096,90933974,1494
-0.1342,-0.7623,-9.2899,-0.0222,-0.0094,-0.0087,0.035088,0.081175,-1.094096,90944474,1494
-0.3417,-0.7039,-9.2924,-0.0329,0.0184,-0.0114,0.035088,0.081175,-1.094096,90954974,1494
0.4756,-1.0048,-9.0473,-0.0138,0.0367,-0.0114,0.035088,0.081175,-1.094096,90965474,1494
0.1874,-0.8128,-9.0606,-0.0241,0.0464,-0.0211,0.035088,0.081175,-1.094096,90975974,1494
-0.0681,-1.1817,-8.7363,-0.0359,0.0969,-0.012,0.035088,0.081175,-1.094096,90986474,1494
0.1098,-2.0542,-8.9858,-0.0348,0.0964,-0.0156,0.035088,0.081175,-1.094096,90996974,1494
-0.0187,-0.7002,-9.8224,-0.0316,0.1167,-0.0048,0.035088,0.081175,-1.094096,91007474,1494
1.0138,-1.6787,-9.0615,-0.0252,0.0997,-0.016,0.035088,0.081175,-1.094096,91017974,1494
0.7532,-1.1097,-9.0576,0.0017,0.0935,-0.0167,0.035088,0.081175,-1.094096,91028474,1494
0.8591,-1.1732,-9.1805,-0.0461,0.0366,-0.0207,0.035088,0.081175,-1.094096,91038974,1494
0.4522,-2.8434,-10.0246,0.0019,0.0269,-0.0109,0.035088,0.081175,-1.094096,91049474,1494
0.265,-1.5291,-9.5034,0.0174,-0.0037,-0.0096,0.02786,0.08164,-1.090825,91059521,1495
0.4245,-0.5847,-8.9549,0.0264,-0.0116,-0.0154,0.02786,0.08164,-1.090825,91069551,1495
0.3914,-1.1134,-10.0647,0.0803,-0.0222,-0.0116,0.02786,0.08164,-1.090825,91080051,1495
0.5067,-0.7829,-9.9943,0.0858,-0.0468,-0.0087,0.02786,0.08164,-1.090825,91090551,1495
1.1352,-0.7617,-9.3138,0.0889,-0.0387,-0.0044,0.02786,0.08164,-1.090825,91101051,1495
0.1643,-0.729,-10.4933,0.0956,-0.0234,-0.0053,0.02786,0.08164,-1.090825,91111551,1495
0.2045,-1.1444,-9.3585,0.1129,-0.0028,0.0028,0.02786,0.08164,-1.090825,91122051,1495
0.1989,0.341,-10.7171,0.1102,0.006,-0.0011,0.02786,0.08164,-1.090825,91132551,1495
0.249,-0.1208,-10.245,0.1393,0.0218,0.0076,0.02786,0.08164,-1.090825,91143051,1495
0.1285,0.1978,-9.9308,0.1087,-0.0243,0.0019,0.032666,0.065629,-1.092216,91153098,1496
-0.1485,-1.4692,-10.0075,0.0894,-0.0207,-0.0026,0.022373,0.075307,-1.088748,91163142,1497
-0.3505,-1.2954,-10.0944,0.0683,-0.0518,-0.0067,0.022373,0.075307,-1.088748,91173642,1497
-0.1862,-1.796,-10.6621,0.023,-0.0617,-0.007,0.022373,0.075307,-1.088748,91183670,1497
-0.1356,-1.5522,-11.1528,0.0232,0.004,0.011,0.022373,0.075307,-1.088748,91194170,1497
0.1167,0.3507,-11.2819,-0.0244,-0.0185,0.0139,0.022373,0.075307,-1.088748,91204670,1497
0.1743,1.571,-10.6823,-0.0588,-0.0266,0.0113,0.022373,0.075307,-1.088748,91215170,1497
-0.2029,1.7128,-11.1076,-0.0924,-0.0373,0.0105,0.022373,0.075307,-1.088748,91225670,1497
0.1085,2.204,-10.3257,-0.1322,-0.0806,0.0091,0.022373,0.075307,-1.088748,91236170,1497
-0.2852,2.4139,-10.9254,-0.1761,-0.06,0.0155,0.022373,0.075307,-1.088748,91246670,1497
0.6222,2.9264,-9.6612,-0.2006,-0.0612,0.0144,0.022373,0.075307,-1.088748,91257170,1497
0.0243,1.7791,-8.974,-0.2112,-0.0604,0.0199,0.022373,0.075307,-1.088748,91267670,1497
-0.8903,2.2278,-9.3725,-0.201,-0.0374,0.0333,0.022373,0.075307,-1.088748,91278170,1497
1.0478,0.7574,-8.4054,-0.214,-0.0325,0.0231,0.022373,0.075307,-1.088748,91288670,1497
0.3453,0.8837,-8.6747,-0.2016,-0.0481,0.0214,0.022373,0.075307,-1.088748,91299170,1497
0.4505,0.0703,-6.3874,-0.167,-0.0718,0.0951,0.022373,0.075307,-1.088748,91309670,1497
-0.0664,0.1205,-5.2937,-0.0501,-0.0939,0.1357,0.022373,0.075307,-1.088748,91320170,1497
0.3606,0.1189,-3.8212,0.0965,-0.1402,0.0636,0.022373,0.075307,-1.088748,91330670,1497
0.5037,0.2229,-3.1225,0.2038,-0.1983,0.0424,0.022373,0.075307,-1.088748,91341170,1497
0.5283,0.4374,-2.5226,0.2872,-0.2351,0.0918,0.022373,0.075307,-1.088748,91351670,1497
0.213,0.0181,-2.2843,0.3387,-0.2633,0.0774,0.022373,0.075307,-1.088748,91362170,1497
0.1925,-0.2993,-1.9937,0.3538,-0.2467,0.0401,0.022373,0.075307,-1.088748,91372670,1497
0.3045,-0.0565,-1.9023,0.3455,-0.2115,0.0241,0.019556,0.064315,-1.090797,91382724,1498
0.004,-0.1324,-1.6303,0.3157,-0.1669,0.0534,0.019556,0.064315,-1.090797,91393224,1498
0.1788,-0.1225,-1.6111,0.277,-0.1138,0.0519,0.019556,0.064315,-1.090797,91403724,1498
0.1133,-0.1422,-1.4758,0.2255,-0.055,0.0491,0.019556,0.064315,-1.090797,91414224,1498
0.1542,-0.2168,-1.4741,0.1669,0.0055,0.0423,0.019556,0.064315,-1.090797,91424724,1498
0.2702,-0.2114,-1.331,0.1096,0.0657,0.0519,0.019556,0.064315,-1.090797,91435224,1498
0.1529,-0.1034,-1.2442,0.0538,0.1143,0.0511,0.019556,0.064315,-1.090797,91445724,1498
0.2159,-0.2664,-1.2639,0.0021,0.1615,0.0491,0.019556,0.064315,-1.090797,91456224,1498
0.308,-0.1753,-1.1992,-0.0495,0.1905,0.0512,0.019556,0.064315,-1.090797,91466724,1498
0.1516,-0.2082,-1.1413,-0.0989,0.2412,0.0604,0.019556,0.064315,-1.090797,91477224,1498
0.2399,-0.2393,-1.4724,-0.1748,0.3028,0.0415,0.019556,0.064315,-1.090797,91487724,1498
0.0364,-0.5201,-1.9114,-0.2711,0.3628,0.0243,0.019556,0.064315,-1.090797,91498224,1498
0.1306,-0.2596,-2.2461,-0.3328,0.444,0.01,0.019556,0.064315,-1.090797,91508724,1498
-0.0385,-0.2535,-2.8953,-0.4075,0.5344,0.0077,0.019556,0.064315,-1.090797,91519224,1498
0.0747,-0.1461,-3.7113,-0.5176,0.6243,-0.0013,0.019556,0.064315,-1.090797,91529724,1498
-0.2366,-0.1483,-4.4564,-0.6272,0.7056,0.0057,0.019556,0.064315,-1.090797,91540224,1498
-0.0252,-0.0399,-5.635,-0.6849,0.7679,0.019,0.019556,0.064315,-1.090797,91550724,1498
0.0216,-0.1222,-6.6701,-0.7217,0.7746,0.0424,0.019556,0.064315,-1.090797,91561224,1498
0.1356,-0.624,-7.5278,-0.7397,0.7754,0.0616,0.010151,0.057102,-1.060639,91571272,1499
0.6842,1.6441,-8.2555,-0.7652,0.665,0.0523,0.015009,0.047245,-0.949795,91581316,1500
0.7281,-0.6792,-7.5853,-0.6722,0.4621,0.0339,0.015009,0.047245,-0.949795,91591346,1500
0.5747,1.6084,-8.4706,-0.5726,0.3506,0.0522,0.015009,0.047245,-0.949795,91601846,1500
1.0638,-1.1333,-6.6995,-0.463,0.0258,0.035,0.015009,0.047245,-0.949795,91612346,1500
0.421,1.1683,-10.1755,-0.3235,-0.2437,0.0353,0.015009,0.047245,-0.949795,91622846,1500
1.8343,2.2367,-7.8077,-0.1735,-0.4376,0.0348,0.015009,0.047245,-0.949795,91633346,1500
0.8722,0.1375,-8.7486,0.0525,-0.5749,0.0447,0.015009,0.047245,-0.949795,91643846,1500
1.2995,-3.6274,-8.6455,0.2473,-0.7142,0.0435,0.015009,0.047245,-0.949795,91654346,1500
0.956,-0.7063,-8.4266,0.2224,-0.8318,0.0145,0.015009,0.047245,-0.949795,91664846,1500
-0.9011,2.2019,-9.6415,0.2951,-0.8618,0.0227,0.015009,0.047245,-0.949795,91675346,1500
-0.3511,0.1482,-12.7458,0.3088,-0.8909,0.0034,0.015009,0.047245,-0.949795,91685846,1500
1.0767,-2.2627,-12.3831,0.3084,-0.8317,0.0148,0.015009,0.047245,-0.949795,91696346,1500
1.6433,0.5593,-12.2679,0.2876,-0.7796,-0.0021,0.015009,0.047245,-0.949795,91706846,1500
0.3066,-1.1764,-13.2858,0.2253,-0.655,0.0012,0.015009,0.047245,-0.949795,91717346,1500
0.7833,2.2444,-13.2204,0.182,-0.5502,-0.0145,0.015009,0.047245,-0.949795,91727846,1500
0.1258,-0.7849,-13.2291,0.1034,-0.382,-0.0053,0.021711,0.039196,-0.764255,91738401,1501
-0.7089,-0.0183,-13.573,0.0878,-0.2037,0.0064,0.021711,0.039196,-0.764255,91748901,1501
-0.0123,-0.5322,-12.3428,-0.0036,-0.1204,0.0127,0.021711,0.039196,-0.764255,91759401,1501
-1.4423,-0.0502,-12.6601,-0.0435,-0.0312,0.0103,0.021711,0.039196,-0.764255,91769901,1501
1.4866,1.0911,-11.943,-0.0758,0.0054,0.0016,0.021711,0.039196,-0.764255,91780401,1501
-0.597,1.2381,-12.9223,-0.0714,0.0511,0.0114,0.021711,0.039196,-0.764255,91790901,1501
-0.3715,0.6826,-12.9226,-0.0545,0.0684,-0.0053,0.021711,0.039196,-0.764255,91801401,1501
-0.1713,1.8339,-11.7676,-0.0569,0.0993,0.0053,0.021711,0.039196,-0.764255,91811901,1501
-1.6115,0.7038,-12.8383,-0.0347,0.0557,-0.0138,0.021711,0.039196,-0.764255,91822401,1501
-0.8488,-1.3041,-12.9312,-0.0588,-0.0024,-0.0178,0.021711,0.039196,-0.764255,91832901,1501
0.3822,-1.2185,-11.8169,0.0333,0.0436,0.0074,0.033428,0.039521,-0.518929,91842949,1502
0.5049,3.2868,-13.0361,0.0121,0.024,-0.0068,0.033428,0.039521,-0.518929,91853449,1502
0.0499,1.0969,-13.5852,0.0281,-0.0244,-0.0028,0.033428,0.039521,-0.518929,91863949,1502
-0.4733,-1.0212,-13.506,0.048,0.0448,0.0025,0.033428,0.039521,-0.518929,91874449,1502
0.0288,1.2298,-13.4952,0.0274,-0.0088,-0.0013,0.033428,0.039521,-0.518929,91884949,1502
-0.2488,0.158,-13.7739,0.0028,-0.0388,-0.0134,0.033428,0.039521,-0.518929,91895449,1502
0.5154,1.0654,-13.2149,-0.0353,-0.1046,-0.0194,0.033428,0.039521,-0.518929,91905949,1502
-0.5133,1.5068,-13.4969,0.042,-0.0685,-0.0128,0.033428,0.039521,-0.518929,91916449,1502
1.03,-0.5837,-12.5969,0.0367,-0.159,-0.0069,0.033428,0.039521,-0.518929,91926949,1502
0.3316,-0.0809,-13.272,0.0545,-0.2055,-0.0144,0.033428,0.039521,-0.518929,91937449,1502
0.9492,-1.1957,-13.7469,0.1202,-0.2218,-0.0065,0.033428,0.039521,-0.518929,91947949,1502
0.5793,-2.465,-12.1513,0.1344,-0.2926,-0.0232,0.033428,0.039521,-0.518929,91958449,1502
0.8543,-0.0801,-13.4609,0.2286,-0.2382,-0.0063,0.033428,0.039521,-0.518929,91968949,1502
0.6409,-0.4279,-14.7788,0.2513,-0.2148,-0.0147,0.056474,0.04558,-0.353604,91978993,1503
0.7999,-1.2624,-12.4174,0.2231,-0.1701,-0.0201,0.056474,0.04558,-0.353604,91989493,1503
0.0131,0.6225,-14.7439,0.2297,-0.1018,-0.0151,0.056474,0.04558,-0.353604,91999521,1503
0.4607,0.5939,-14.7422,0.1661,-0.0644,-0.0094,0.056474,0.04558,-0.353604,92010021,1503
1.4702,-1.263,-13.6668,0.1363,0.0257,-0.0167,0.056474,0.04558,-0.353604,92020521,1503
0.0709,-0.3446,-14.255,0.1131,0.0589,-0.024,0.056474,0.04558,-0.353604,92031021,1503
0.7979,1.8475,-14.3327,0.0488,0.0097,-0.0418,0.056474,0.04558,-0.353604,92041521,1503
-0.1691,1.4557,-14.5477,0.0046,-0.0318,-0.0399,0.056474,0.04558,-0.353604,92052021,1503
-0.4743,-0.5763,-13.5912,-0.0155,-0.0872,-0.0367,0.056474,0.04558,-0.353604,92062521,1503
0.3643,0.2205,-15.0065,0.0018,-0.1486,-0.0431,0.049567,0.042052,-0.200901,92072569,1504
-1.492,1.9455,-23.2621,0.2692,-0.0489,-0.0216,0.049567,0.042052,-0.200901,92083069,1504
-17.4095,0.1671,-34.2555,0.908,2.8473,-0.0118,0.049567,0.042052,-0.200901,92093569,1504
15.8956,-6.7689,-23.0541,-0.375,0.6603,0.4918,0.049567,0.042052,-0.200901,92104069,1504
1.995,-1.5417,-13.9803,-0.0423,-0.4417,0.1708,0.049567,0.042052,-0.200901,92114569,1504
-0.5471,-1.6506,-12.6788,-0.2003,-1.1631,0.0245,0.049567,0.042052,-0.200901,92125069,1504
0.0795,0.2846,-8.6292,-0.2894,-1.1616,0.039,0.049567,0.042052,-0.200901,92135569,1504
1.5331,-2.8185,-10.4817,-0.2627,-1.4802,0.1259,0.049567,0.042052,-0.200901,92146069,1504
-0.3886,1.6815,-8.7485,-0.1915,-1.4942,0.1419,0.049567,0.042052,-0.200901,92156569,1504
0.849,-1.9764,-9.4942,-0.2308,-1.5683,0.1155,0.049567,0.042052,-0.200901,92167069,1504
-0.658,0.4664,-10.2403,-0.1704,-1.4495,0.0822,0.049567,0.042052,-0.200901,92177569,1504
-0.3652,-0.7989,-8.0974,-0.074,-1.2824,0.0623,0.049567,0.042052,-0.200901,92188069,1504
0.1449,-1.2831,-8.3038,-0.0274,-1.0849,0.0541,0.049567,0.042052,-0.200901,92198569,1504
-1.3848,1.0556,-11.0803,0.0485,-0.8404,0.0578,0.05265,0.049573,-0.132365,92208623,1505
-1.8369,1.2244,-10.0632,0.1231,-0.4911,0.0763,0.05265,0.049573,-0.132365,92218652,1505
-0.8819,1.5583,-9.4328,0.1381,-0.1638,0.0677,0.05265,0.049573,-0.132365,92229152,1505
-0.5403,2.2027,-10.5234,0.1952,0.2048,0.0753,0.05265,0.049573,-0.132365,92239652,1505
-0.5528,-0.8699,-10.9664,0.1608,0.4636,0.0596,0.05265,0.049573,-0.132365,92250152,1505
-1.2997,1.7576,-11.491,0.1447,0.7284,0.0501,0.05265,0.049573,-0.132365,92260652,1505
0.1382,1.7884,-10.7427,0.0664,0.9596,0.0628,0.05265,0.049573,-0.132365,92271152,1505
-0.9611,1.6746,-12.0314,-0.0495,1.0679,0.0396,0.05265,0.049573,-0.132365,92281652,1505
0.7593,0.3901,-11.7302,-0.1078,1.1176,0.0425,0.05265,0.049573,-0.132365,92292152,1505
-0.0291,0.0206,-11.0722,-0.1714,1.1122,0.0381,0.039189,0.056373,-0.14881,92302202,1506
0.0562,0.0513,-10.3713,-0.2117,0.9829,0.0273,0.039189,0.056373,-0.14881,92312701,1506
0.5643,0.0879,-10.1298,-0.242,0.8287,0.029,0.039189,0.056373,-0.14881,92323201,1506
1.6014,-2.5909,-9.7399,-0.3054,0.6093,0.0149,0.039189,0.056373,-0.14881,92333701,1506
0.7622,-1.6557,-10.8439,-0.2355,0.4819,0.0283,0.039189,0.056373,-0.14881,92344201,1506
0.3411,-1.3666,-11.3351,-0.191,0.3348,0.0209,0.039189,0.056373,-0.14881,92354701,1506
-0.3331,1.5651,-12.6859,-0.1431,0.2217,0.026,0.039189,0.056373,-0.14881,92365201,1506
-0.1905,2.5177,-12.434,-0.0528,0.1356,0.0142,0.039189,0.056373,-0.14881,92375701,1506
0.1618,-0.184,-12.8928,0.0174,0.1174,0.0061,0.039189,0.056373,-0.14881,92386201,1506
-0.7451,0.1459,-11.9465,0.0532,0.0904,-0.0028,0.039189,0.056373,-0.14881,92396701,1506
-0.6645,1.875,-11.5407,0.122,0.11,-0.0098,0.039189,0.056373,-0.14881,92407201,1506
0.7518,1.8255,-10.5577,0.1862,0.1213,-0.0117,0.039189,0.056373,-0.14881,92417701,1506
-0.7332,1.9153,-10.7203,0.2251,0.1586,-0.0119,0.039189,0.056373,-0.14881,92428201,1506
0.4214,-0.0536,-9.8922,0.2708,0.2509,-0.0128,0.039189,0.056373,-0.14881,92438701,1506
-0.9816,2.2577,-10.8551,0.2908,0.3637,-0.008,0.039189,0.056373,-0.14881,92449201,1506
1.058,0.2844,-10.0924,0.2698,0.3848,-0.008,0.049794,0.066028,-0.152581,92459249,1507
0.2496,0.7863,-10.8742,0.2828,0.4303,-0.0174,0.023245,0.065704,-0.202468,92469294,1508
-0.318,1.1026,-10.5902,0.2884,0.4588,-0.0088,0.023245,0.065704,-0.202468,92479323,1508
0.1213,0.4178,-9.4588,0.269,0.4835,-0.0157,0.023245,0.065704,-0.202468,92489823,1508
0.4365,-1.1445,-9.3231,0.2327,0.5155,-0.0181,0.023245,0.065704,-0.202468,92500323,1508
0.3757,-1.3082,-9.8266,0.2283,0.5153,-0.0158,0.023245,0.065704,-0.202468,92510823,1508
0.3151,0.2222,-10.0905,0.1906,0.4857,-0.0139,0.023245,0.065704,-0.202468,92521323,1508
0.3079,-0.1244,-9.4075,0.1435,0.48,-0.015,0.023245,0.065704,-0.202468,92531823,1508
0.0657,0.0948,-8.6336,0.0974,0.4354,-0.0176,0.023245,0.065704,-0.202468,92542323,1508
0.097,0.455,-10.0495,0.0799,0.3874,-0.0212,0.023245,0.065704,-0.202468,92552823,1508
0.2171,0.562,-9.5904,0.0386,0.3577,-0.0207,0.023245,0.065704,-0.202468,92563323,1508
0.146,-1.6238,-8.988,0.0586,0.3632,0.0029,0.023245,0.065704,-0.202468,92573823,1508
0.7794,-1.6583,-8.6787,-0.0075,0.3004,-0.0147,0.023245,0.065704,-0.202468,92584323,1508
-0.1829,1.5858,-9.6466,-0.0272,0.2221,-0.0265,0.023245,0.065704,-0.202468,92594823,1508
1.126,-0.321,-9.3729,0.008,0.1837,-0.0131,0.023245,0.065704,-0.202468,92605323,1508
0.2219,-0.5313,-9.1261,-0.0081,0.094,-0.018,0.023245,0.065704,-0.202468,92615823,1508
0.9001,-1.5576,-8.602,-0.0243,0.0483,-0.0166,0.023245,0.065704,-0.202468,92626323,1508
-0.343,0.8773,-9.3706,0.0006,0.0408,-0.0115,0.023245,0.065704,-0.202468,92636823,1508
0.3717,0.1568,-9.4089,0.0032,0.0031,-0.0222,0.023245,0.065704,-0.202468,92647323,1508
-0.0633,0.8884,-9.682,0.0057,-0.0282,-0.0219,-0.001301,0.082899,-0.233937,92657368,1509
0.2754,-0.1396,-8.8486,0.0076,-0.0434,-0.0147,-0.022317,0.093709,-0.274657,92667425,1510
0.7622,-1.0391,-8.0096,0.0401,-0.0632,-0.0046,-0.022317,0.093709,-0.274657,92677461,1510
0.6946,-0.9413,-9.1053,0.0597,-0.0458,-0.0005,-0.022317,0.093709,-0.274657,92687961,1510
-0.5112,0.9786,-9.3296,0.0832,-0.0184,0.0048,-0.022317,0.093709,-0.274657,92698461,1510
-0.4074,1.5111,-8.8412,0.1346,0.0469,0.0107,-0.022317,0.093709,-0.274657,92708961,1510
0.1767,0.1684,-7.7901,0.1978,0.1088,0.0158,-0.022317,0.093709,-0.274657,92719461,1510
0.2465,-1.4844,-8.2513,0.2188,0.1182,0.0169,-0.022317,0.093709,-0.274657,92729961,1510
-0.1024,0.2783,-8.9682,0.2671,0.2008,0.0211,-0.022317,0.093709,-0.274657,92740461,1510
0.0887,0.9304,-8.4535,0.2793,0.1986,0.0023,-0.022317,0.093709,-0.274657,92750961,1510
0.1496,-1.1537,-7.5479,0.292,0.2552,0.0082,-0.022317,0.093709,-0.274657,92761461,1510
0.0413,0.1183,-9.3612,0.2997,0.2724,0.0046,-0.022317,0.093709,-0.274657,92771961,1510
-0.2416,1.6247,-9.3157,0.2687,0.3057,0.011,-0.022317,0.093709,-0.274657,92782461,1510
0.3893,-1.797,-7.9412,0.2801,0.3554,0.0223,-0.022317,0.093709,-0.274657,92792961,1510
-0.5653,-0.8791,-8.7208,0.1795,0.3109,0.0065,-0.022317,0.093709,-0.274657,92803461,1510
-0.0227,1.5151,-9.1772,0.14,0.3098,0.0028,-0.022317,0.093709,-0.274657,92813961,1510
0.2551,0.4065,-8.6499,0.0665,0.3481,0.0254,-0.022317,0.093709,-0.274657,92824461,1510
0.5362,-1.4502,-9.5263,0.0173,0.2626,0.0105,-0.022317,0.093709,-0.274657,92834961,1510
-0.6027,-0.1385,-9.7299,-0.0408,0.2188,0.0056,-0.022317,0.093709,-0.274657,92845461,1510
-0.1332,-0.2495,-7.8254,-0.0953,0.1773,0.0128,-0.022317,0.093709,-0.274657,92855961,1510
0.8125,-0.4047,-8.0103,-0.1435,0.1351,0.0107,-0.022317,0.093709,-0.274657,92866461,1510
0.7011,0.8921,-11.1681,-0.1973,0.101,0.015,-0.022317,0.093709,-0.274657,92876961,1510
1.164,0.6457,-10.1233,-0.2341,0.0234,0.0118,-0.022317,0.093709,-0.274657,92887461,1510
-0.0331,0.5677,-10.4274,-0.2444,-0.0431,0.0138,-0.022317,0.093709,-0.274657,92897961,1510
-0.6063,-0.3278,-10.5351,-0.2454,-0.0883,0.0173,-0.022317,0.093709,-0.274657,92908461,1510
0.1245,-0.5255,-9.5066,-0.2264,-0.1549,0.0201,-0.064558,0.102554,-0.328467,92918555,1512
-0.0789,0.1365,-9.1831,-0.1883,-0.2273,0.0197,-0.064558,0.102554,-0.328467,92929055,1512
-0.9212,0.1689,-9.0869,-0.1367,-0.2642,0.0232,-0.064558,0.102554,-0.328467,92939555,1512
0.7035,0.4451,-7.8496,-0.0878,-0.2822,0.0294,-0.064558,0.102554,-0.328467,92950055,1512
0.0516,-1.7322,-8.2065,0.0082,-0.2473,0.0438,-0.064558,0.102554,-0.328467,92960555,1512
-0.1592,-0.5229,-8.6166,0.0497,-0.2568,0.0219,-0.064558,0.102554,-0.328467,92971055,1512
-0.2704,1.4836,-8.5732,0.1124,-0.239,0.0121,-0.064558,0.102554,-0.328467,92981555,1512
-0.0229,0.5781,-7.7095,0.1489,-0.2036,0.0181,-0.064558,0.102554,-0.328467,92992055,1512
0.2987,-1.3797,-7.468,0.2208,-0.1374,0.0267,-0.064558,0.102554,-0.328467,93002555,1512
-0.1961,0.5574,-9.1751,0.2199,-0.1083,0.0204,-0.064558,0.102554,-0.328467,93013055,1512
-0.4951,0.7282,-8.7537,0.2719,0.0145,0.0293,-0.064558,0.102554,-0.328467,93023555,1512
0.3163,-2.0633,-7.5839,0.2097,-0.001,0.0085,-0.064558,0.102554,-0.328467,93034055,1512
-0.0035,-1.1467,-8.7727,0.2324,0.0681,0.0084,-0.064558,0.102554,-0.328467,93044555,1512
-0.2197,2.2821,-9.4473,0.1643,0.0776,0.0026,-0.064558,0.102554,-0.328467,93055055,1512
0.1708,0.0918,-8.4216,0.1341,0.1335,0.0155,-0.064558,0.102554,-0.328467,93065555,1512
-0.2657,-1.7642,-8.8887,0.1086,0.1514,0.0179,-0.064558,0.102554,-0.328467,93076055,1512
-0.4731,0.06,-9.9541,0.0273,0.1411,-0.0016,-0.064558,0.102554,-0.328467,93086555,1512
0.0746,1.5206,-8.6125,-0.0384,0.1381,-0.0047,-0.064558,0.102554,-0.328467,93097055,1512
0.9441,-0.9282,-8.2136,-0.0452,0.1288,0.0193,-0.064558,0.102554,-0.328467,93107555,1512
0.4722,-0.2493,-9.4513,-0.0991,0.074,0.0177,-0.064558,0.102554,-0.328467,93118055,1512
0.0246,1.5022,-11.5004,-0.1285,0.0251,0.0168,-0.070657,0.112334,-0.338466,93128102,1513
0.5799,1.5204,-10.5251,-0.1708,-0.0477,0.0113,-0.070657,0.112334,-0.338466,93138602,1513
-0.0117,0.2011,-8.5337,-0.1819,-0.0877,0.0214,-0.070657,0.112334,-0.338466,93148605,1513
-0.0097,-0.373,-8.4555,-0.1818,-0.133,0.024,-0.070657,0.112334,-0.338466,93159105,1513
0.6233,-1.181,-9.0053,-0.1793,-0.187,0.0117,-0.070657,0.112334,-0.338466,93169605,1513
-0.3265,0.5976,-10.0996,-0.1799,-0.2443,0.0054,-0.070657,0.112334,-0.338466,93180105,1513
0.3126,2.4764,-9.7135,-0.1353,-0.2716,0.009,-0.070657,0.112334,-0.338466,93190605,1513
-0.507,-0.9671,-8.1364,-0.0717,-0.1914,0.022,-0.070657,0.112334,-0.338466,93201105,1513
0.4196,-2.4082,-8.0529,-0.0388,-0.2464,0.0111,-0.070657,0.112334,-0.338466,93211605,1513
0.112,-0.0893,-9.4464,-0.0349,-0.201,0.0012,-0.070657,0.112334,-0.338466,93222105,1513
-0.2504,-0.512,-9.5499,-0.0139,-0.1553,-0.0024,-0.077455,0.119026,-0.317481,93232149,1514
0.0402,2.3397,-10.0176,-0.0238,-0.0981,-0.0103,-0.077455,0.119026,-0.317481,93242649,1514
0.421,1.7225,-9.5317,0.0096,-0.056,-0.0074,-0.077455,0.119026,-0.317481,93253149,1514
0.3274,-1.0569,-9.3235,-0.0119,-0.0343,-0.0126,-0.077455,0.119026,-0.317481,93263649,1514
0.2506,-0.8317,-8.5811,0.0161,0.0084,-0.0015,-0.077455,0.119026,-0.317481,93274149,1514
0.2726,-1.5994,-9.0199,0.0088,0.0287,-0.0084,-0.077455,0.119026,-0.317481,93284649,1514
-0.5328,1.2812,-10.5381,0.044,0.0764,-0.0127,-0.077455,0.119026,-0.317481,93295149,1514
0.0882,1.5458,-9.2821,0.0605,0.0903,-0.0064,-0.077455,0.119026,-0.317481,93305649,1514
0.9781,0.4004,-9.7883,0.0344,0.0597,-0.0162,-0.077455,0.119026,-0.317481,93316149,1514
0.4819,1.0009,-9.8756,0.033,0.0541,-0.0086,-0.077455,0.119026,-0.317481,93326649,1514
-0.0299,-2.5316,-9.2955,0.0438,0.093,0.0107,-0.077455,0.119026,-0.317481,93337149,1514
0.1507,-2.0264,-10.2241,0.0047,0.0444,-0.0075,-0.077455,0.119026,-0.317481,93347649,1514
-0.4538,-0.2944,-11.0475,-0.0262,0.0437,-0.0101,-0.067478,0.111732,-0.297153,93357696,1515
0.2284,-0.714,-9.7869,-0.031,0.0535,-0.0124,-0.067478,0.111732,-0.297153,93367731,1515
-1.2019,1.2708,-9.3463,-0.0364,0.0822,-0.0085,-0.067478,0.111732,-0.297153,93378231,1515
0.499,0.9542,-9.4538,-0.054,0.0705,-0.0127,-0.067478,0.111732,-0.297153,93388731,1515
0.5098,1.2971,-10.1108,-0.0471,0.0611,0.0033,-0.067478,0.111732,-0.297153,93399231,1515
1.2538,0.486,-10.0049,-0.0538,0.0049,-0.0008,-0.067478,0.111732,-0.297153,93409731,1515
-0.2497,-1.6568,-10.5869,-0.013,-0.013,-0.0079,-0.067478,0.111732,-0.297153,93420231,1515
-1.0788,-1.7686,-11.1466,-0.0567,-0.0843,-0.0147,-0.067478,0.111732,-0.297153,93430731,1515
-0.6267,1.8077,-8.9328,0.0159,-0.0615,-0.0024,-0.067478,0.111732,-0.297153,93441231,1515
0.1871,3.1784,-9.1507,-0.0444,-0.0084,-0.0094,-0.067478,0.111732,-0.297153,93451731,1515
1.8396,2.0798,-9.8367,-0.0905,-0.0902,-0.0205,-0.037953,0.0886,-0.259993,93461775,1516
0.862,2.2495,-9.74,-0.1034,-0.1205,-0.0211,-0.037953,0.0886,-0.259993,93472275,1516
0.9865,-1.5601,-10.5861,-0.0736,-0.1395,0.0005,-0.037953,0.0886,-0.259993,93482775,1516
0.5037,-1.7684,-10.4451,-0.1602,-0.2557,-0.0193,-0.037953,0.0886,-0.259993,93493275,1516
-0.8241,-0.3999,-10.6615,-0.163,-0.3818,-0.0186,-0.037953,0.0886,-0.259993,93503775,1516
1.3173,-0.3558,-8.6079,-0.1961,-0.4916,-0.0274,-0.037953,0.0886,-0.259993,93514275,1516
0.1819,0.6025,-9.4652,-0.1676,-0.566,-0.028,-0.037953,0.0886,-0.259993,93524775,1516
-0.109,0.3801,-10.1911,-0.1708,-0.5722,-0.0325,-0.037953,0.0886,-0.259993,93535275,1516
0.7233,-0.5853,-9.846,-0.1627,-0.5526,-0.0237,-0.037953,0.0886,-0.259993,93545775,1516
-1.033,1.6593,-10.759,-0.2054,-0.5502,-0.0391,-0.037953,0.0886,-0.259993,93556275,1516
1.8353,0.4622,-9.8356,-0.1629,-0.4919,-0.0137,-0.037953,0.0886,-0.259993,93566775,1516
0.2702,1.4438,-9.4728,-0.1423,-0.4152,-0.0101,-0.037953,0.0886,-0.259993,93577275,1516
-0.5496,-0.2607,-10.6563,-0.1363,-0.3916,-0.0075,-0.02612,0.082997,-0.236147,93587322,1517
0.2869,0.0229,-11.2437,-0.0676,-0.3347,-0.0086,-0.02612,0.082997,-0.236147,93597822,1517
-0.3433,1.3506,-11.2137,-0.0486,-0.2714,-0.0084,-0.02612,0.082997,-0.236147,93607861,1517
0.7434,0.1213,-9.7842,-0.0402,-0.2167,-0.0059,-0.02612,0.082997,-0.236147,93618361,1517
-0.8578,1.0737,-9.6256,-0.075,-0.2386,-0.0153,-0.02612,0.082997,-0.236147,93628389,1517
1.2219,-1.1898,-10.277,-0.0906,-0.2036,-0.0119,-0.02612,0.082997,-0.236147,93638889,1517
-1.2915,1.1137,-11.3597,-0.0926,-0.2169,0.0067,-0.02612,0.082997,-0.236147,93649389,1517
0.6346,0.8075,-10.8407,-0.1236,-0.2198,0.0023,-0.02612,0.082997,-0.236147,93659889,1517
-0.4182,1.8927,-10.4747,-0.1152,-0.2137,0.0063,-0.02612,0.082997,-0.236147,93670389,1517
-0.237,1.1873,-10.5545,-0.0671,-0.1703,0.0246,-0.02612,0.082997,-0.236147,93680889,1517
0.4738,0.525,-9.4613,-0.0614,-0.1544,0.0231,-0.008677,0.063464,-0.222797,93690942,1518
0.3677,-0.7989,-9.9078,-0.0548,-0.092,0.0355,-0.008677,0.063464,-0.222797,93701442,1518
-0.9682,-0.608,-10.7109,0.0044,-0.088,0.0124,-0.008677,0.063464,-0.222797,93711942,1518
-0.6289,-1.8151,-10.3306,-0.0312,-0.1328,0.0142,-0.008677,0.063464,-0.222797,93722442,1518
-0.3386,0.1839,-8.7595,-0.0856,-0.1839,-0.0101,-0.008677,0.063464,-0.222797,93732942,1518
-0.7017,1.1336,-10.0607,-0.073,-0.1021,0.0016,-0.008677,0.063464,-0.222797,93743442,1518
0.8094,1.1097,-10.4579,-0.1169,-0.1159,-0.0051,-0.008677,0.063464,-0.222797,93753942,1518
-0.7036,2.3524,-11.1455,-0.1391,-0.1289,-0.0024,-0.008677,0.063464,-0.222797,93764442,1518
0.9799,-0.967,-9.894,-0.1485,-0.1712,-0.0154,-0.008677,0.063464,-0.222797,93774942,1518
-0.4376,0.0815,-10.3277,-0.1711,-0.1613,-0.0103,-0.008677,0.063464,-0.222797,93785442,1518
0.7909,-1.0695,-10.1649,-0.153,-0.1443,-0.0064,-0.008677,0.063464,-0.222797,93795942,1518
-0.7079,-0.4616,-10.2373,-0.1601,-0.1073,-0.0091,-0.008677,0.063464,-0.222797,93806442,1518
0.2873,-0.1368,-9.7938,-0.1346,-0.0482,-0.0022,0.013888,0.050731,-0.203785,93816986,1519
-0.3972,1.569,-9.6989,-0.1599,-0.0359,-0.0117,0.013888,0.050731,-0.203785,93827486,1519
0.1073,-0.1134,-10.0632,-0.096,-0.0094,-0.0097,0.013888,0.050731,-0.203785,93837986,1519
0.9065,0.2057,-10.7524,-0.0696,-0.0056,0.0021,0.013888,0.050731,-0.203785,93848486,1519
-0.0386,-1.6726,-10.4978,-0.0894,-0.0122,-0.0005,0.013888,0.050731,-0.203785,93858986,1519
-0.6863,-0.1568,-9.9019,-0.054,-0.0213,0.0014,0.013888,0.050731,-0.203785,93869486,1519
0.5161,1.1043,-9.9902,-0.0465,0.0105,-0.0028,0.013888,0.050731,-0.203785,93879986,1519
0.0174,0.4072,-9.7096,-0.0384,0.0264,-0.0022,0.013888,0.050731,-0.203785,93890486,1519
-0.0191,0.194,-11.0892,-0.0576,-0.0125,-0.0191,0.013888,0.050731,-0.203785,93900986,1519
0.1718,2.2811,-11.0998,-0.0527,-0.0004,-0.0091,0.013888,0.050731,-0.203785,93911486,1519
0.2031,0.3973,-9.3371,-0.0749,-0.0232,0.0014,0.013888,0.050731,-0.203785,93921986,1519
0.6013,-1.5873,-10.2962,-0.0658,-0.0514,0.0014,0.013888,0.050731,-0.203785,93932486,1519
0.0728,-1.4845,-9.9272,-0.077,-0.0139,-0.0062,0.013888,0.050731,-0.203785,93942986,1519
0.0722,1.8317,-9.6184,-0.0811,-0.0513,-0.0123,0.013888,0.050731,-0.203785,93953486,1519
0.6486,1.4078,-9.1506,-0.0128,0.0049,0.0035,0.013888,0.050731,-0.203785,93963986,1519
0.5492,-1.6384,-10.6235,-0.0863,-0.0596,-0.026,0.013888,0.050731,-0.203785,93974486,1519
-1.1662,-0.6863,-9.6824,-0.0274,0.013,-0.0095,0.013888,0.050731,-0.203785,93984986,1519
0.4995,-0.3679,-8.7225,-0.0296,0.0331,0.0034,0.013888,0.050731,-0.203785,93995486,1519
-0.0556,0.4731,-10.3715,-0.0124,0.0247,-0.0017,0.013888,0.050731,-0.203785,94005986,1519
0.0062,-0.3072,-10.6491,-0.0382,0.0049,-0.0325,0.013888,0.050731,-0.203785,94016486,1519
0.4806,-0.215,-9.6516,-0.0074,0.0438,-0.029,0.013888,0.050731,-0.203785,94026986,1519
-1.392,-0.2521,-10.0812,0.0185,0.0698,-0.0291,0.013888,0.050731,-0.203785,94037486,1519
0.4448,0.6751,-9.0673,0.0286,0.1067,-0.043,0.013888,0.050731,-0.203785,94047986,1519
-0.0843,0.0696,-10.1646,0.04,0.1552,-0.0402,0.04114,0.033713,-0.197062,94058033,1520
1.0032,-0.292,-10.1771,0.0117,0.1519,-0.0337,0.028566,0.035339,-0.197601,94068084,1521
-0.1122,0.8488,-9.531,-0.018,0.1444,-0.0336,0.028566,0.035339,-0.197601,94078584,1521
-0.2923,-2.0704,-9.8935,0.003,0.1946,-0.0294,0.028566,0.035339,-0.197601,94089084,1521
0.4055,-0.4408,-10.2622,0.0165,0.2218,-0.027,0.028566,0.035339,-0.197601,94099584,1521
-0.1112,1.1313,-10.5597,-0.0059,0.2107,-0.0247,0.028566,0.035339,-0.197601,94110084,1521
0.0544,1.2943,-10.2105,-0.025,0.1946,-0.024,0.028566,0.035339,-0.197601,94120584,1521
0.6387,0.4247,-10.3325,0.0115,0.2003,-0.0161,0.028566,0.035339,-0.197601,94131084,1521
0.8221,0.0594,-11.415,0.0276,0.1434,-0.0216,0.028566,0.035339,-0.197601,94141584,1521
0.0257,1.3492,-11.1264,0.0504,0.1085,-0.0185,0.028566,0.035339,-0.197601,94152084,1521
0.9643,-0.4649,-9.8611,0.0669,0.1283,-0.0128,0.028566,0.035339,-0.197601,94162584,1521
0.7692,0.1173,-10.2015,0.1034,0.1432,-0.0159,0.028566,0.035339,-0.197601,94173084,1521
-0.2352,-1.9085,-10.4559,0.0799,0.1129,-0.0218,0.028566,0.035339,-0.197601,94183584,1521
-0.0218,-1.9111,-10.3659,0.1076,0.1248,-0.0198,0.028566,0.035339,-0.197601,94194084,1521
0.3019,0.1384,-9.8818,0.1005,0.0994,-0.0191,0.028566,0.035339,-0.197601,94204584,1521
1.1342,0.7587,-9.2523,0.0837,0.0331,-0.0224,0.028566,0.035339,-0.197601,94215084,1521
0.8276,-0.2227,-9.7962,0.1249,-0.0038,-0.0188,0.028566,0.035339,-0.197601,94225584,1521
-0.4705,-0.6528,-10.8687,0.1617,-0.0065,-0.0201,0.028566,0.035339,-0.197601,94236084,1521
0.2912,-1.5265,-9.7644,0.2045,0.0101,-0.0151,0.028566,0.035339,-0.197601,94246584,1521
0.0545,0.2282,-8.739,0.2125,-0.0297,-0.0213,0.028566,0.035339,-0.197601,94257084,1521
-0.1489,0.4205,-8.4439,0.2153,0.0007,-0.0045,0.028566,0.035339,-0.197601,94267584,1521
0.7166,1.9988,-10.5106,0.2088,-0.006,-0.015,0.028566,0.035339,-0.197601,94278084,1521
-0.3864,0.2195,-9.9073,0.2415,0.0671,-0.0053,0.034921,0.044236,-0.192089,94288129,1522
0.8578,-1.2811,-9.6016,0.2059,0.106,-0.0141,0.038711,0.041623,-0.19347,94298176,1523
0.6458,0.091,-9.9374,0.1468,0.1596,-0.0034,0.038711,0.041623,-0.19347,94308676,1523
-1.4198,-0.2304,-10.6436,0.1604,0.2443,0.0072,0.038711,0.041623,-0.19347,94318708,1523
0.5184,-0.5797,-9.7243,0.1473,0.2591,0.0045,0.038711,0.041623,-0.19347,94329208,1523
0.2556,-0.7072,-9.6893,0.154,0.241,-0.0062,0.038711,0.041623,-0.19347,94339708,1523
-0.7936,-0.331,-9.6613,0.15,0.251,-0.0016,0.038711,0.041623,-0.19347,94350208,1523
0.3876,0.4843,-10.2568,0.1135,0.2242,0.004,0.038711,0.041623,-0.19347,94360708,1523
0.8288,1.107,-10.3843,0.0907,0.1796,-0.0028,0.038711,0.041623,-0.19347,94371208,1523
-0.0191,0.1762,-10.6219,0.1087,0.1712,-0.0023,0.038711,0.041623,-0.19347,94381708,1523
0.0751,-0.1562,-10.088,0.1386,0.1337,0.0045,0.038711,0.041623,-0.19347,94392208,1523
0.7556,-1.0314,-9.7363,0.1351,0.0759,-0.0026,0.038711,0.041623,-0.19347,94402708,1523
-0.1601,0.5303,-10.3997,0.1264,0.0104,-0.0037,0.038711,0.041623,-0.19347,94413208,1523
0.5357,0.7693,-8.7803,0.1193,-0.0211,0.0011,0.038711,0.041623,-0.19347,94423708,1523
0.0947,0.353,-9.245,0.1168,-0.0675,-0.001,0.038711,0.041623,-0.19347,94434208,1523
-0.1826,1.0818,-10.643,0.1107,-0.0929,-0.0036,0.038711,0.041623,-0.19347,94444708,1523
0.7571,-0.0724,-9.1452,0.0466,-0.1288,-0.0118,0.038711,0.041623,-0.19347,94455208,1523
-0.5161,-1.3491,-9.4461,0.0725,-0.1045,-0.0016,0.038711,0.041623,-0.19347,94465708,1523
-0.2702,0.0923,-10.3136,0.0503,-0.0903,0.0147,0.038711,0.041623,-0.19347,94476208,1523
0.0333,0.7012,-9.112,0.0194,-0.089,0.0102,0.038711,0.041623,-0.19347,94486708,1523
0.2922,-1.2185,-9.9336,-0.0105,-0.0939,0.0025,0.038711,0.041623,-0.19347,94497208,1523
-0.0094,1.0818,-9.687,-0.061,-0.0799,-0.0055,0.038711,0.041623,-0.19347,94507708,1523
-0.6666,-0.9792,-9.9184,-0.0836,-0.0491,-0.0062,0.038711,0.041623,-0.19347,94518208,1523
-0.1384,0.465,-10.0699,-0.0677,0.037,-0.0014,0.038711,0.041623,-0.19347,94528708,1523
0.2648,-1.804,-9.3565,-0.0904,0.0913,-0.0009,0.038711,0.041623,-0.19347,94539208,1523
-1.0166,-1.3534,-10.0331,-0.0464,0.1091,0.0025,0.02055,0.062258,-0.215156,94549297,1525
-0.2715,-0.2307,-10.1454,-0.0343,0.1099,-0.0005,0.02055,0.062258,-0.215156,94559797,1525
-0.0409,1.879,-9.4967,-0.0127,0.1602,0.0041,0.02055,0.062258,-0.215156,94570297,1525
-0.0703,0.1745,-9.7371,0.02,0.1602,0.0008,0.02055,0.062258,-0.215156,94580797,1525
0.4327,-0.5678,-10.0394,0.1157,0.2027,0.0205,0.02055,0.062258,-0.215156,94591297,1525
0.5937,-0.8265,-9.2733,0.1511,0.207,0.0082,0.02055,0.062258,-0.215156,94601797,1525
-0.7531,-0.0622,-10.2009,0.196,0.2107,0.0123,0.02055,0.062258,-0.215156,94612297,1525
0.582,0.1947,-9.2019,0.2018,0.1888,0.0166,0.02055,0.062258,-0.215156,94622797,1525
0.5559,0.1145,-9.5806,0.235,0.1481,0.0195,0.02055,0.062258,-0.215156,94633297,1525
-0.1202,1.0395,-9.7879,0.2281,0.1095,0.0213,0.02055,0.062258,-0.215156,94643797,1525
0.591,-0.774,-10.0935,0.216,0.0956,0.0309,0.02055,0.062258,-0.215156,94654297,1525
0.1246,-0.7487,-9.4799,0.2042,0.0867,0.0267,0.02055,0.062258,-0.215156,94664797,1525
0.1437,-0.213,-9.8219,0.171,0.0803,0.0106,0.02055,0.062258,-0.215156,94675297,1525
-0.6205,1.4113,-9.877,0.1713,0.1093,0.011,0.02055,0.062258,-0.215156,94685797,1525
1.2925,0.4048,-9.3946,0.1349,0.0792,0.0157,0.02055,0.062258,-0.215156,94696297,1525
0.0207,0.5426,-9.6255,0.1026,0.067,0.0129,0.02055,0.062258,-0.215156,94706797,1525
-0.0886,-0.8057,-7.1606,0.1079,0.1073,0.0208,0.02055,0.062258,-0.215156,94717297,1525
0.2685,-0.0625,-4.2668,0.0976,0.0878,0.0195,0.02055,0.062258,-0.215156,94727797,1525
0.3885,-0.1435,-2.7106,0.1168,0.0683,0.0157,0.02055,0.062258,-0.215156,94738297,1525
0.5151,-0.0883,-1.5975,0.1341,0.0479,0.0146,0.00076,0.086192,-0.217005,94748341,1526
0.2793,-0.0338,-1.162,0.1377,0.0068,0.0103,0.00076,0.086192,-0.217005,94758841,1526
0.469,-0.004,-0.7017,0.1459,-0.03,0.0077,0.00076,0.086192,-0.217005,94768844,1526
0.3007,-0.0759,-0.5675,0.1534,-0.0654,0.0034,0.00076,0.086192,-0.217005,94779344,1526
0.4836,-0.023,-0.4227,0.1605,-0.0935,-0.0025,0.00076,0.086192,-0.217005,94789844,1526
0.4937,0.0292,-0.3033,0.1718,-0.1279,-0.0029,0.00076,0.086192,-0.217005,94800344,1526
0.4146,0.0606,-0.2655,0.1796,-0.1464,-0.0017,0.00076,0.086192,-0.217005,94810371,1526
0.3881,-0.0403,-0.2497,0.1898,-0.1692,-0.0083,0.00076,0.086192,-0.217005,94820871,1526
0.4128,-0.061,-0.2124,0.2035,-0.1807,-0.0134,0.00076,0.086192,-0.217005,94831371,1526
0.3799,0.0253,-0.2186,0.2059,-0.1912,-0.0152,0.00076,0.086192,-0.217005,94841871,1526
0.3852,0.0708,-0.1872,0.2163,-0.1987,-0.0232,-0.01125,0.098035,-0.207985,94851919,1527
0.3939,-0.0229,-0.2208,0.2156,-0.2031,-0.0284,-0.01125,0.098035,-0.207985,94862419,1527
-2.4136,-32.1329,-20.9513,-4.4739,0.1708,0.0656,-0.01125,0.098035,-0.207985,94872919,1527
-1.5981,29.3974,-7.6986,-0.8602,-0.8947,0.2781,-0.01125,0.098035,-0.207985,94883419,1527
-6.2943,1.7485,-3.2959,-0.195,0.7715,-0.1338,-0.01125,0.098035,-0.207985,94893919,1527
2.0422,-6.6511,-0.0733,-0.1225,0.8633,-0.2627,-0.01125,0.098035,-0.207985,94904419,1527
-1.2168,1.7159,7.3123,-0.0716,0.9775,-0.2076,-0.01125,0.098035,-0.207985,94914919,1527
1.6798,-1.4084,0.095,-0.0755,0.9893,-0.0353,-0.01125,0.098035,-0.207985,94925419,1527
1.4305,0.3639,-0.6763,-0.0476,0.8117,0.0405,-0.01125,0.098035,-0.207985,94935919,1527
1.2557,-0.2351,-1.7558,-0.0805,0.7312,0.014,-0.01125,0.098035,-0.207985,94946419,1527
0.2414,1.211,-0.3812,-0.0806,0.6714,-0.0495,-0.01125,0.098035,-0.207985,94956919,1527
0.0029,-0.098,-0.2974,-0.0698,0.6709,-0.107,-0.01125,0.098035,-0.207985,94967419,1527
4.8776,4.4939,-5.9011,0.2898,0.2034,-0.1635,-0.020536,0.11253,-0.126982,94977463,1528
13.5174,3.5007,-7.941,1.4764,-2.7032,-0.225,-0.020536,0.11253,-0.126982,94987468,1528
-2.0869,-11.1348,-9.8672,0.0363,-4.3325,-0.7081,-0.020536,0.11253,-0.126982,94997968,1528
-20.4784,3.2676,-36.2245,-1.492,0.0697,-0.5989,-0.020536,0.11253,-0.126982,95008468,1528
-3.1328,11.0533,-18.9086,0.8184,1.6156,0.0466,-0.020536,0.11253,-0.126982,95018968,1528
6.8451,-4.9169,-0.4985,0.1095,0.6794,0.2891,-0.020536,0.11253,-0.126982,95029468,1528
0.4001,0.7046,0.8441,0.1744,-0.3095,0.1772,-0.020536,0.11253,-0.126982,95039968,1528
2.2194,-1.2145,-0.9099,-0.1371,-0.4451,0.0845,-0.020536,0.11253,-0.126982,95050468,1528
1.978,-2.3566,-13.1215,-0.676,-0.7066,-0.0265,-0.020536,0.11253,-0.126982,95060968,1528
-2.6766,3.5837,-19.0832,0.1198,0.1255,-0.0353,-0.020536,0.11253,-0.126982,95071468,1528
1.2639,-0.6636,-8.2592,0.0297,0.2113,-0.0122,-0.02475,0.117201,-0.115557,95081514,1529
0.5091,0.627,-1.0254,0.1807,0.0967,-0.0037,-0.02475,0.117201,-0.115557,95092014,1529
1.0851,-1.7112,-7.0762,-0.2234,-0.2061,0.0241,-0.02475,0.117201,-0.115557,95102514,1529
-1.9952,1.9974,-17.2505,-0.0142,-0.1138,0.0323,-0.02475,0.117201,-0.115557,95113014,1529
-0.5264,-0.4906,-10.5026,0.0328,0.119,-0.0241,-0.02475,0.117201,-0.115557,95123514,1529
0.7147,0.2709,-5.114,0.0471,0.0074,-0.0218,-0.02475,0.117201,-0.115557,95134014,1529
-0.1003,0.1819,-11.2106,-0.0597,-0.0808,0.0067,-0.02475,0.117201,-0.115557,95144514,1529
-0.1517,-0.1134,-12.508,0.0319,0.0438,0.0147,-0.02475,0.117201,-0.115557,95155014,1529
0.6388,-0.1998,-8.0218,0.0049,0.0091,-0.0018,-0.02475,0.117201,-0.115557,95165514,1529
0.0742,-0.2114,-9.2048,-0.0178,-0.0335,-0.0019,-0.02475,0.117201,-0.115557,95176014,1529
-0.0958,0.1388,-11.3876,0.0023,0.0071,-0.0025,-0.02475,0.117201,-0.115557,95186514,1529
0.0598,0.1966,-9.2452,-0.0028,0.0036,-0.0002,-0.02475,0.117201,-0.115557,95197014,1529
-0.0695,0.2384,-9.3187,-0.0004,-0.0064,0.0028,-0.02475,0.117201,-0.115557,95207514,1529
-0.0335,0.1721,-10.6407,0.0024,0.0065,-0.0073,-0.018474,0.125956,-0.118638,95217561,1530
0.1222,0.0854,-9.7019,-0.0007,0.002,0.0008,-0.018474,0.125956,-0.118638,95227597,1530
0.1333,-0.0965,-9.6029,0.0007,-0.0041,0.0035,-0.018474,0.125956,-0.118638,95238097,1530
0.0575,-0.0275,-10.3255,0.001,-0.0026,-0.0088,-0.018474,0.125956,-0.118638,95248597,1530
0.0303,0.0801,-9.7156,0.0009,0.0009,-0.0019,-0.018474,0.125956,-0.118638,95259097,1530
0.0377,0.0837,-9.6641,0.0033,0.0002,0.0138,-0.018474,0.125956,-0.118638,95269597,1530
-0.0158,0.0612,-10.0514,-0.0019,0.0033,-0.0094,-0.018474,0.125956,-0.118638,95280097,1530
0.1324,0.0676,-9.5488,-0.0017,0.007,-0.0102,-0.018474,0.125956,-0.118638,95290597,1530
0.1444,0.0238,-9.7487,0.0005,-0.0055,0.0066,-0.018474,0.125956,-0.118638,95301097,1530
0.1254,-0.0188,-9.8349,-0.0048,0.0034,0.003,-0.025737,0.126545,-0.1199,95311141,1531
0.1217,0.046,-9.6575,0.001,0.0012,-0.0018,-0.025737,0.126545,-0.1199,95321641,1531
0.0468,0.0743,-9.9051,-0.0004,-0.0053,-0.0016,-0.025737,0.126545,-0.1199,95332141,1531
0.0397,0.0688,-9.8595,0.0006,-0.0009,-0.0085,-0.025737,0.126545,-0.1199,95342641,1531
0.071,0.0299,-9.7834,0.0003,-0.0013,0.0018,-0.025737,0.126545,-0.1199,95353141,1531
0.0979,-0.0237,-9.8762,0,-0.0039,0.0071,-0.025737,0.126545,-0.1199,95363641,1531
0.1014,0.0141,-9.757,-0.0014,0.0008,-0.0037,-0.025737,0.126545,-0.1199,95374141,1531
0.1105,0.054,-9.82,-0.002,0.0013,-0.0023,-0.025737,0.126545,-0.1199,95384641,1531
0.0582,0.0729,-9.8611,0.0018,0.0008,-0.0016,-0.025737,0.126545,-0.1199,95395141,1531
0.0496,0.0403,-9.7649,-0.0016,-0.0031,0.0038,-0.025737,0.126545,-0.1199,95405641,1531
0.065,0.0425,-9.8674,0.0017,0.0004,0.0019,-0.025737,0.126545,-0.1199,95416141,1531
0.1138,0.0351,-9.8282,0.0004,-0.0003,-0.0042,-0.025737,0.126545,-0.1199,95426641,1531
0.12,0.0591,-9.7635,-0,0.0003,-0.0043,-0.025737,0.126545,-0.1199,95437141,1531
0.0569,0.0327,-9.8397,-0.0009,0.001,0.0008,-0.025737,0.126545,-0.1199,95447641,1531
0.0677,0.053,-9.7902,-0.0031,-0.0011,0.0009,-0.025737,0.126545,-0.1199,95458141,1531
0.0804,0.043,-9.7817,0.0004,0.0024,0.0007,-0.025737,0.126545,-0.1199,95468641,1531
0.082,0.0308,-9.8387,-0.0017,-0.0057,-0.0028,-0.025737,0.126545,-0.1199,95479141,1531
0.0695,0.0595,-9.8372,-0.0011,-0.0033,-0.0014,-0.025737,0.126545,-0.1199,95489641,1531
0.0962,0.0543,-9.833,0.0005,0.0027,0.001,-0.021996,0.123548,-0.126196,95500186,1532
0.0686,0.0243,-9.8537,-0.0016,-0.0012,-0.002,-0.019582,0.123374,-0.120144,95510233,1533
0.1012,0.0369,-9.8454,0.0006,-0.0007,0.001,-0.019582,0.123374,-0.120144,95520733,1533
0.0625,0.0716,-9.8122,-0.0034,-0.0001,0.0019,-0.019582,0.123374,-0.120144,95530760,1533
0.0655,0.046,-9.8252,-0.0001,0.0018,0.0056,-0.019582,0.123374,-0.120144,95541260,1533
0.088,0.0333,-9.8186,0.0006,0.0041,0.0013,-0.019582,0.123374,-0.120144,95551760,1533
0.0718,0.0205,-9.8239,0.0023,0.0023,-0.0078,-0.019582,0.123374,-0.120144,95562260,1533
0.0867,0.0595,-9.8127,-0.0013,-0.0018,-0.0029,-0.019582,0.123374,-0.120144,95572760,1533
0.0829,0.0691,-9.819,-0.0001,-0.0012,0.0062,-0.019582,0.123374,-0.120144,95583260,1533
0.0616,0.0269,-9.8137,-0.003,0.0024,0.0053,-0.019582,0.123374,-0.120144,95593287,1533
0.1015,0.0473,-9.8071,0.0009,0.0007,-0.001,-0.019582,0.123374,-0.120144,95603787,1533
0.071,0.0249,-9.828,0.0005,0.0005,-0.006,-0.019582,0.123374,-0.120144,95614287,1533
0.0917,0.0629,-9.794,-0.0002,-0.003,0.0049,-0.019582,0.123374,-0.120144,95624787,1533
0.0951,0.0511,-9.8139,0.0036,0.0033,0.0052,-0.019582,0.123374,-0.120144,95635287,1533
0.0497,0.0041,-9.8063,-0.0019,-0.0016,-0.0063,-0.019582,0.123374,-0.120144,95645787,1533
0.1092,0.0671,-9.841,-0.0015,0.0001,-0.0121,-0.019582,0.123374,-0.120144,95656287,1533
0.0946,0.0808,-9.795,-0.0021,-0.0018,0.0068,-0.019582,0.123374,-0.120144,95666787,1533
0.0947,0.0157,-9.8305,-0.0011,-0.0002,0.009,-0.023899,0.116533,-0.123345,95676838,1534
0.0513,-0.0126,-9.863,0.0022,0.003,-0.0082,-0.023899,0.116533,-0.123345,95686841,1534
0.0746,0.0826,-9.821,0,0.0023,-0.008,-0.023899,0.116533,-0.123345,95697341,1534
0.0969,0.0623,-9.8153,-0.0008,0.0004,0.0064,-0.023899,0.116533,-0.123345,95707373,1534
0.0893,0.028,-9.8252,0.0005,-0.0047,0.0112,-0.023899,0.116533,-0.123345,95717873,1534
0.0647,0.0291,-9.8005,-0.0019,-0.0001,-0.0062,-0.023899,0.116533,-0.123345,95728373,1534
0.0771,0.0691,-9.8209,-0.0006,-0.0013,-0.0065,-0.023899,0.116533,-0.123345,95738873,1534
0.097,0.047,-9.8419,0.0002,-0.0006,0.005,-0.023899,0.116533,-0.123345,95749373,1534
0.088,0.018,-9.8278,-0.0022,0.0009,0.0039,-0.023899,0.116533,-0.123345,95759873,1534
0.0813,0.0169,-9.8087,0.003,-0.0005,-0.0054,-0.023923,0.114616,-0.124556,95769918,1535
0.1046,0.0732,-9.8305,0.0004,-0.0004,-0.0034,-0.023923,0.114616,-0.124556,95780418,1535
0.0898,0.05,-9.8239,0.0014,-0.0031,0.0063,-0.023923,0.114616,-0.124556,95790918,1535
0.0696,0.0399,-9.8409,0.0016,0.0065,0.0029,-0.023923,0.114616,-0.124556,95801418,1535
0.1129,0.0098,-9.8235,-0.001,-0.0061,-0.0038,-0.023923,0.114616,-0.124556,95811918,1535
0.0661,0.0548,-9.8194,0.0011,-0.0032,-0.0019,-0.023923,0.114616,-0.124556,95822418,1535
0.0939,0.0577,-9.8249,-0.0029,-0.0007,0.0043,-0.023923,0.114616,-0.124556,95832918,1535
0.0697,0.0305,-9.8242,0.0034,0.0015,0.001,-0.023923,0.114616,-0.124556,95843418,1535
0.0852,0.039,-9.8131,-0.0031,-0.0014,-0.0062,-0.023923,0.114616,-0.124556,95853918,1535
0.0782,0.0897,-9.8332,-0.0018,-0.002,0.0008,-0.023923,0.114616,-0.124556,95864418,1535
0.0834,0.0252,-9.8408,0.0004,0.0063,0.0034,-0.023923,0.114616,-0.124556,95874918,1535
0.1002,0.0401,-9.826,0.0003,-0.0036,-0.0031,-0.023923,0.114616,-0.124556,95885418,1535
0.0743,0.0457,-9.8216,-0.0029,-0.003,-0.0022,-0.023786,0.112405,-0.12429,95895962,1536
0.0968,0.0466,-9.8263,-0.0005,-0.0011,0.0032,-0.023786,0.112405,-0.12429,95906462,1536
0.0672,0.0142,-9.8321,0,-0.0018,0.0006,-0.023786,0.112405,-0.12429,95916962,1536
0.0764,0.0294,-9.8444,0.0001,0.0006,-0.002,-0.023786,0.112405,-0.12429,95927462,1536
0.0763,0.0459,-9.7935,-0.0013,-0.0033,-0.0024,-0.023786,0.112405,-0.12429,95937962,1536
0.0627,0.0312,-9.8118,-0.0022,0.0006,0.0017,-0.023786,0.112405,-0.12429,95948462,1536
0.0858,0.0493,-9.8022,-0.0014,0.0011,-0.0002,-0.023786,0.112405,-0.12429,95958962,1536
0.0748,0.0576,-9.8116,-0.002,-0.005,-0.0011,-0.023786,0.112405,-0.12429,95969462,1536
0.0686,0.0329,-9.7961,-0.0012,0.0035,-0.0019,-0.023786,0.112405,-0.12429,95979962,1536
0.0789,0.038,-9.8101,0.0008,-0.0007,0.0011,-0.023786,0.112405,-0.12429,95990462,1536
0.0944,0.05,-9.815,-0.0016,-0.0019,-0.0029,-0.021444,0.112583,-0.124081,96000511,1537
0.0829,0.0499,-9.7879,-0.0004,-0.0059,-0.001,-0.021444,0.112583,-0.124081,96010541,1537
0.0678,0.0424,-9.808,-0.0012,0.0025,0.0016,-0.021444,0.112583,-0.124081,96021041,1537
0.0571,0.0475,-9.8519,-0.0007,-0.001,0.0002,-0.021444,0.112583,-0.124081,96031541,1537
0.1151,0.0407,-9.8077,-0.0029,-0.0001,-0.0016,-0.021444,0.112583,-0.124081,96042041,1537
0.0924,0.0658,-9.8322,0.0001,-0.0018,-0.0003,-0.021444,0.112583,-0.124081,96052541,1537
0.0951,0.025,-9.8368,-0.0006,0.0028,0.002,-0.021444,0.112583,-0.124081,96063041,1537
0.075,0.0341,-9.8161,0.0016,0.0027,0.0022,-0.021444,0.112583,-0.124081,96073541,1537
0.0636,0.0357,-9.8319,-0.0011,0.0001,-0.0009,-0.021444,0.112583,-0.124081,96084041,1537
0.1029,0.0488,-9.8321,0.0002,0.0013,-0.0017,-0.021444,0.112583,-0.124081,96094541,1537
0.0931,0.0266,-9.8348,-0.0001,-0.0005,0.0015,-0.021444,0.112583,-0.124081,96105041,1537
0.0976,0.0397,-9.8086,-0.0006,0.0028,-0.0003,-0.021444,0.112583,-0.124081,96115541,1537
0.1005,0.0551,-9.8243,-0.0005,0.0041,-0.0001,-0.021444,0.112583,-0.124081,96126041,1537
0.0675,0.0467,-9.8445,0.0009,0.0016,-0.0025,-0.018406,0.112342,-0.123465,96136090,1538
0.0719,0.0499,-9.8159,0.0004,0.0008,0.0018,-0.018406,0.112342,-0.123465,96146590,1538
0.0887,0.0409,-9.8743,0,-0.0023,-0.0002,-0.018406,0.112342,-0.123465,96157090,1538
0.0804,0.0472,-9.817,0.0018,-0.0042,0.0014,-0.018406,0.112342,-0.123465,96167590,1538
0.0867,0.0448,-9.7942,0.0015,0.0021,0.0003,-0.018406,0.112342,-0.123465,96178090,1538
0.0928,0.0336,-9.8149,0.001,-0.0036,0.0007,-0.018406,0.112342,-0.123465,96188590,1538
0.0685,0.0492,-9.8364,-0.0005,0.0039,-0.001,-0.018406,0.112342,-0.123465,96199090,1538
0.0966,0.0738,-9.8269,0.001,-0.0003,-0.001,-0.018406,0.112342,-0.123465,96209590,1538
0.0543,0.0499,-9.8086,-0.0008,0.0036,-0.0024,-0.018406,0.112342,-0.123465,96220090,1538
