time_us,x,y,z,qw,qx,qy,qz,msgTransmitted
14795080,-0.0206405,0.0932481,-0.107051,-0.0187174,0.0418267,-0.0101435,0.9988981
14828146,-0.0183507,0.0943923,-0.104854,0.00848373,-0.00689793,0.0337146,-0.9993720
14862014,-0.0183965,0.0945219,-0.104801,0.00934294,-0.00677958,0.0311384,-0.9994480
14895029,-0.0183501,0.0945421,-0.104909,0.00993965,-0.00731863,0.0295654,-0.9994870
14929006,-0.0177192,0.0939383,-0.103724,0.0118938,0.0034038,0.0217315,-0.9996871
14961331,-0.0177777,0.0948857,-0.1047,-0.00286933,0.00974866,-0.0284858,0.9995430
14995546,-0.0173069,0.0951188,-0.103758,-0.00270732,0.00185445,0.0170567,-0.9998490
15027508,-0.0173857,0.0953651,-0.103786,-0.00606082,0.00603044,0.00805985,-0.9999310
15061262,-0.0170037,0.0948148,-0.103608,0.000608834,0.00515663,0.0121885,-0.9999121
15094431,-0.0169982,0.0948472,-0.103881,0.0022148,0.00342455,0.0152099,-0.9998760
15127883,-0.017042,0.094689,-0.103811,0.00195893,0.00175316,0.0134479,-0.9999060
15161015,-0.0170139,0.0946633,-0.103851,0.00167753,0.000704872,0.0140825,-0.9998990
15194124,-0.0169507,0.0945646,-0.10384,0.00368837,0.00358203,0.0128351,-0.9999041
15228631,-0.0169401,0.094597,-0.104023,0.00220376,-0.00171319,0.0148728,-0.9998850
15261109,-0.0167784,0.0942969,-0.102786,0.00585459,0.00973686,0.00824969,-0.9999010
15294739,-0.0169984,0.0942919,-0.102896,0.00954104,0.0147429,0.00960535,-0.99981
15328697,-0.0165778,0.093938,-0.102419,0.00636502,0.0124741,0.00568744,-0.9998860
15362431,-0.0171987,0.0939983,-0.102706,0.0104487,0.013176,0.00799389,-0.9998270
15395705,-0.016697,0.0937391,-0.102747,0.00901276,0.0126178,0.00751321,-0.9998521
15428087,-0.0172456,0.0937838,-0.102702,0.0127808,0.016826,0.00743909,-0.9997490
15461228,-0.0167737,0.0937455,-0.102841,0.0102924,0.0140479,0.00732927,-0.9998210
15493861,-0.0167882,0.0936268,-0.102798,0.0102424,0.0139664,0.00680695,-0.9998270
15527544,-0.0168484,0.0936445,-0.103005,0.0104272,0.0114079,0.0080225,-0.9998481
15560780,-0.0168824,0.0933546,-0.102724,0.0110332,0.0117782,0.00831311,-0.9998350
15594376,-0.0168348,0.093644,-0.102877,0.0112654,0.0116044,0.0107237,-0.9998120
15628251,-0.0168452,0.0935543,-0.102861,0.0115684,0.0122788,0.0105349,-0.9998021
15661105,-0.0170857,0.0936557,-0.103113,0.0112586,0.0110183,0.0113772,-0.9998110
15695318,-0.0169452,0.0933874,-0.102626,0.011131,0.0131065,0.00750585,-0.9998240
15727698,-0.0170115,0.0933116,-0.102766,0.0111038,0.0117726,0.00708918,-0.9998440
15760304,-0.0174264,0.0937319,-0.103622,0.0102675,0.00415399,0.0114706,-0.9998731
15793812,-0.0169969,0.0933267,-0.10254,0.00998967,0.0114118,0.00689203,-0.9998610
15828335,-0.0169896,0.0933676,-0.102469,0.00977122,0.0117177,0.00687341,-0.999860
15861841,-0.0169194,0.0932857,-0.102422,0.0103996,0.0124396,0.00703538,-0.9998441
15894760,-0.0168943,0.0933571,-0.102219,0.0104181,0.014979,0.00545748,-0.9998190
15928299,-0.0171484,0.0934537,-0.102473,0.0093747,0.0139075,0.00581416,-0.9998420
15961111,-0.0170391,0.0935539,-0.102538,0.00932743,0.0137152,0.00552594,-0.9998470
15994495,-0.0171492,0.0936483,-0.102592,0.00950925,0.0143016,0.0061208,-0.9998341
16028251,-0.0170111,0.0938217,-0.102401,0.00837773,0.0147253,0.00450189,-0.9998460
16061986,-0.0171473,0.0937761,-0.102462,0.00881627,0.015377,0.00327248,-0.9998380
16094851,-0.0173282,0.0937417,-0.102915,0.00997092,0.0116384,0.00635067,-0.9998621
16128272,-0.0172914,0.0937852,-0.1026,0.00994938,0.0144576,0.00489541,-0.9998340
16161283,-0.01723,0.0937485,-0.102825,0.0116103,0.0113998,0.00628966,-0.9998480
16194907,-0.0172664,0.093717,-0.102666,0.0119161,0.0126479,0.00710977,-0.9998241
16227880,-0.0174951,0.0941428,-0.102896,0.0112854,0.010935,0.00950086,-0.9998310
16260995,-0.0171499,0.093939,-0.10278,0.0104217,0.0126328,0.00915676,-0.9998240
16295301,-0.0170846,0.0939275,-0.102779,0.010048,0.0128143,0.00919941,-0.9998251
16327674,-0.0171206,0.0940366,-0.102705,0.00982622,0.0131133,0.00928602,-0.9998230
16361492,-0.0169241,0.0940333,-0.102801,0.00969327,0.013083,0.00925037,-0.9998250
16393994,-0.0168105,0.0941767,-0.102712,0.00900696,0.0139798,0.00983358,-0.9998130
16427773,-0.016791,0.093869,-0.102722,0.00912948,0.0132149,0.00928485,-0.9998281
16460613,-0.0166808,0.0938092,-0.102668,0.0094096,0.0148126,0.0077136,-0.9998160
16494506,-0.0167281,0.0938207,-0.102774,0.00887856,0.0149547,0.00894639,-0.9998090
16527261,-0.0167126,0.0938063,-0.102812,0.0084307,0.0160389,0.00880399,-0.9997970
16561029,-0.0165643,0.0936765,-0.102615,0.00804208,0.0170264,0.00757627,-0.9997941
16594592,-0.0164762,0.0934374,-0.102751,0.00720556,0.0161312,0.00808822,-0.9998110
16628418,-0.0165759,0.0935297,-0.102524,0.00716569,0.018499,0.00645176,-0.9997820
16661830,-0.0164017,0.0935208,-0.10268,0.00695164,0.0152144,0.00895494,-0.999821
16694480,-0.0161948,0.0933,-0.102295,0.00634931,0.018173,0.00568962,-0.9997990
16727862,-0.0161,0.0933845,-0.102302,0.00739093,0.0162331,0.00736723,-0.9998140
16761660,-0.0155824,0.0937731,-0.101742,0.00912613,0.0201715,0.00798114,-0.9997230
16794797,-0.0153901,0.0940317,-0.101774,0.00957965,0.0175634,0.00900578,-0.9997591
16827967,-0.0149917,0.093821,-0.101492,0.0117156,0.0180977,0.00881287,-0.9997290
16861912,-0.0149276,0.0938212,-0.101478,0.0129892,0.0176297,0.0103634,-0.9997070
16893997,-0.0151057,0.0938902,-0.101583,0.0135099,0.0187441,0.00852733,-0.9996970
16927238,-0.0153264,0.0939476,-0.101692,0.012483,0.0174788,0.00784145,-0.9997391
16961113,-0.0150233,0.0940933,-0.101516,0.0136513,0.0179503,0.0099113,-0.9996970
16994224,-0.0160952,0.0934454,-0.10236,0.00914267,0.0163042,0.00603348,-0.9998070
17027723,-0.0161703,0.093352,-0.102536,0.00900845,0.0174411,0.0023196,-0.9998051
17061397,-0.0166777,0.0937141,-0.102812,0.00861279,0.0144006,0.00539687,-0.9998450
17094348,-0.0166885,0.0937994,-0.102864,0.00816461,0.0136586,0.00563636,-0.9998580
17128329,-0.0164124,0.0936965,-0.10263,0.00947884,0.0146497,0.00675148,-0.9998251
17160693,-0.016359,0.0938658,-0.102598,0.00954957,0.016756,0.00513737,-0.9998010
17195434,-0.0166382,0.0939304,-0.103146,0.00736488,0.0101678,0.00816368,-0.9998880
17226914,-0.0163203,0.0937016,-0.102688,0.00899536,0.0151909,0.00529312,-0.999830
17261779,-0.0157648,0.094072,-0.102342,0.0104995,0.0152652,0.00859701,-0.9997911
17293936,-0.0154678,0.0942402,-0.102416,0.0111172,0.0152231,0.0103795,-0.9997680
17328151,-0.0162349,0.0938549,-0.102895,0.0111948,0.0140108,0.00998274,-0.9997890
17360354,-0.0158936,0.0946605,-0.102939,0.0117587,0.0123495,0.0115137,-0.9997880
17394449,-0.0159072,0.0945962,-0.102671,0.0134051,0.0138891,0.0117828,-0.9997441
17427673,-0.0160227,0.0949683,-0.102888,0.0136052,0.0102002,0.0155754,-0.9997340
17460832,-0.0158828,0.0953364,-0.103395,0.0124973,0.0069801,0.0183195,-0.999730
17494300,-0.0168137,0.0942463,-0.103527,0.010415,0.0103266,0.0109135,-0.9998330
17528605,-0.0166868,0.0943245,-0.10313,0.010096,0.0112534,0.00771104,-0.9998561
17561566,-0.0167531,0.0944398,-0.103778,0.00951163,0.00357431,0.011425,-0.9998830
17594279,-0.0163185,0.0939293,-0.102909,0.0113708,0.0145406,0.00525819,-0.9998160
17628099,-0.0163596,0.0942476,-0.10323,0.00975718,0.0108875,0.00677908,-0.999870
17660943,-0.0164165,0.0942672,-0.103253,0.0100219,0.0104979,0.00791313,-0.9998631
17693834,-0.0163876,0.0942118,-0.103203,0.0103739,0.00983573,0.00643099,-0.9998770
17727851,-0.0165178,0.0941299,-0.103342,0.00979348,0.00959477,0.00635967,-0.9998860
17760401,-0.0163823,0.0940217,-0.103125,0.00969147,0.0116881,0.00595319,-0.9998670
17794506,-0.0164502,0.0941645,-0.10322,0.00890468,0.00981722,0.00676987,-0.9998891
17827813,-0.016252,0.0938143,-0.102995,0.00711907,0.0114041,0.00552484,-0.9998940
17860817,-0.0162412,0.0939265,-0.103301,0.00767665,0.00855517,0.00754772,-0.9999050
17894235,-0.0163022,0.0939097,-0.103234,0.0085737,0.0097546,0.00718463,-0.999890
17928301,-0.0163755,0.0941455,-0.103449,0.00844361,0.00964885,0.00970728,-0.9998711
17960902,-0.0161893,0.0936706,-0.103171,0.00784953,0.00982228,0.00827404,-0.9998870
17995330,-0.0160989,0.0937066,-0.102951,0.00760887,0.0124927,0.00568518,-0.9998770
18027490,-0.0159883,0.0937511,-0.103066,0.00820225,0.0138216,0.00635016,-0.9998510
18062265,-0.0161011,0.0936921,-0.103034,0.00854933,0.0149884,0.00751523,-0.9998231
18093855,-0.0158842,0.0937112,-0.102802,0.00833983,0.0132744,0.00537904,-0.9998630
18128563,-0.0157892,0.0937419,-0.102855,0.00813234,0.0140912,0.00573426,-0.9998510
18161432,-0.0158569,0.093906,-0.102943,0.00852933,0.0143473,0.00632364,-0.9998410
18195402,-0.0160511,0.0940125,-0.102988,0.00825061,0.0139802,0.00751637,-0.999841
18227764,-0.0157739,0.0937704,-0.102946,0.00723926,0.0137472,0.0073324,-0.9998520
18260652,-0.0158088,0.0934196,-0.102537,0.00878587,0.0155838,0.00484283,-0.9998280
18294503,-0.0159208,0.0937067,-0.102493,0.00893064,0.017734,0.00263241,-0.9997990
18326941,-0.0160378,0.093785,-0.102566,0.00904332,0.0177026,0.00156383,-0.9998011
18360610,-0.0159689,0.0935023,-0.102257,0.00969069,0.017941,0.00170614,-0.9997910
18394034,-0.0167552,0.0941818,-0.104208,-0.00548441,0.00600427,-0.0139826,0.9998690
18427497,-0.0168795,0.0945774,-0.10417,-0.00556763,0.00801218,-0.0146221,0.9998461
18460313,-0.01691,0.094817,-0.104151,-0.0016108,0.00827921,-0.0152762,0.9998480
18494990,-0.0156737,0.0941668,-0.103123,-0.00516737,-0.00224597,0.0104355,-0.999930
18527766,-0.0159185,0.0944778,-0.103338,-0.00410036,-0.00178491,0.0106599,-0.9999331
18561571,-0.0166511,0.0948849,-0.103755,0.00104557,0.0072628,-0.0186943,0.9997980
18594578,-0.0166965,0.0949988,-0.103713,0.00311678,0.00619001,-0.0176964,0.9998190
18627089,-0.0167229,0.0948533,-0.103698,0.00336577,0.00714959,-0.0201578,0.9997660
18661187,-0.0164545,0.0947404,-0.103838,0.00199272,0.00830721,-0.0206993,0.9997491
18694079,-0.0165903,0.0946945,-0.10357,0.00138083,0.00785139,-0.0197105,0.9997740
18728233,-0.0167227,0.0948291,-0.103525,0.000625333,-0.00320641,0.0165675,-0.9998570
18760368,-0.0167145,0.0950909,-0.103808,0.00499322,0.0114046,-0.0231634,0.9996540
18794645,-0.0167705,0.0950084,-0.103859,0.000438402,-0.00542217,0.018662,-0.9998111
18827217,-0.0161257,0.0948543,-0.10388,0.00271005,0.00740691,-0.0216211,0.9997350
18860237,-0.0161104,0.0949393,-0.103899,0.00391613,0.00756785,-0.0210369,0.9997420
18894475,-0.0159841,0.095004,-0.103635,-0.00176664,-0.00470266,0.020103,-0.9997850
18928294,-0.0160916,0.095135,-0.103763,-0.00101611,-0.00513952,0.0216916,-0.9997511
18961288,-0.0163147,0.0948797,-0.104011,-0.000426369,0.0115364,-0.0264842,0.9995830
18994715,-0.0164551,0.0947686,-0.10432,-0.00485738,0.0156401,-0.0283746,0.9994630
19027695,-0.0161165,0.0953245,-0.104104,0.00272699,-0.0078428,0.0246612,-0.9996610
19060806,-0.0163856,0.0959027,-0.105203,-0.00403374,0.0127815,-0.0322805,0.9993891
19094920,-0.0165667,0.095472,-0.10511,-0.0029495,0.0185358,-0.0305133,0.9993580
19127716,-0.0164628,0.0951478,-0.104538,-0.00313966,0.0136365,-0.0297703,0.9994590
19161483,-0.0172563,0.0966964,-0.105164,-0.00507824,0.013121,-0.0295057,0.9994661
19194723,-0.0162155,0.0954103,-0.104233,-0.00169092,0.0114462,-0.0271607,0.9995640
19227528,-0.0162976,0.09578,-0.104425,0.00123039,0.0107066,-0.0238954,0.9996560
19260660,-0.0161318,0.0957205,-0.104326,-0.00186491,0.0100308,-0.0239962,0.999660
19294532,-0.0162568,0.095621,-0.104096,0.00378451,-0.00534613,0.0194824,-0.9997891
19327287,-0.0159929,0.0954001,-0.104196,-0.00194577,0.00867627,-0.0225262,0.9997070
19361222,-0.0160594,0.0957122,-0.103588,0.0038859,0.00107905,0.0169771,-0.9998480
19395490,-0.0156814,0.0954346,-0.102991,0.0039402,0.00485846,0.0151523,-0.9998661
19427737,-0.0174167,0.0965512,-0.10537,-0.00730721,0.0136769,-0.028748,0.9994660
19462172,-0.0157987,0.0948394,-0.103811,0.00988645,-0.00391198,0.0228134,-0.9996830
19495297,-0.015751,0.0954113,-0.103616,0.00276213,0.000786314,0.0161706,-0.9998650
19528503,-0.0159025,0.0953533,-0.103652,0.00315296,0.00082282,0.016194,-0.9998641
19561933,-0.0156296,0.0949832,-0.103374,0.00480658,0.00337454,0.0144273,-0.9998790
19594688,-0.0154822,0.0951079,-0.103021,0.00338173,0.00663211,0.0141094,-0.9998730
19627935,-0.0153933,0.0952831,-0.103177,0.00451953,0.0083009,0.0142577,-0.9998540
19662154,-0.015651,0.0960681,-0.104258,-0.00263923,-0.0062543,0.0190398,-0.9997961
19694127,-0.0160002,0.0956336,-0.10425,0.00166795,0.010389,-0.020184,0.9997410
19727336,-0.015896,0.0954526,-0.103849,-0.00125147,-0.00611694,0.0190283,-0.9997990
19761280,-0.0160555,0.0958406,-0.10432,0.00243288,0.0124359,-0.0224721,0.9996670
19794607,-0.0157747,0.0943804,-0.103628,-0.00336077,0.00967143,-0.0209018,0.9997291
19828055,-0.0151719,0.0948713,-0.102888,0.0070867,0.00407843,-0.0105543,0.9999110
19861194,-0.0153711,0.0937299,-0.102089,0.00293258,0.0081374,0.0100209,-0.9999120
19894569,-0.0159727,0.0932389,-0.102873,0.0094746,-0.00485734,0.0243493,-0.9996470
19927508,-0.0160028,0.0932081,-0.10308,0.00806696,-0.00538144,0.0196837,-0.9997591
19961492,-0.0160563,0.0936718,-0.103524,-0.00553152,0.0077363,-0.0202085,0.9997510
19995784,-0.0160101,0.0939728,-0.103534,-0.00501944,0.00689356,-0.0209577,0.9997440
20027864,-0.016196,0.0938559,-0.103594,-0.00334676,0.00769401,-0.0202006,0.9997611
20061079,-0.016144,0.0945605,-0.103985,0.00130849,0.0123949,-0.0213421,0.9996950
20094393,-0.0151587,0.0945541,-0.10343,0.00831831,0.00783943,-0.0157749,0.999810
20127435,-0.0152062,0.0943998,-0.103778,0.00715825,0.00784969,-0.0152928,0.9998270
20162230,-0.0155164,0.0943587,-0.103739,0.00475986,0.00652903,-0.0178319,0.9998081
20193918,-0.0155875,0.0949483,-0.104039,0.00797694,0.00779041,-0.0187472,0.9997620
20227002,-0.0156556,0.0949743,-0.103858,0.00689506,0.00650567,-0.0192991,0.9997690
20260508,-0.0155354,0.0950759,-0.103963,0.00765497,0.00839524,-0.0211881,0.9997110
20295236,-0.0156007,0.095066,-0.103876,-0.00746656,-0.00510785,0.0152169,-0.9998431
20327732,-0.0148561,0.094505,-0.103475,-0.00981583,-0.00338891,0.0161519,-0.9998160
20361761,-0.0154225,0.0947731,-0.103905,0.00712118,0.00884831,-0.0164507,0.99980
20394836,-0.015739,0.0949952,-0.103981,0.00633675,0.00956624,-0.0185695,0.9997620
20427767,-0.0159231,0.0951739,-0.10393,0.00390065,0.0058881,-0.0156806,0.9998521
20460794,-0.0158066,0.0955378,-0.104142,0.00830091,0.0082496,-0.0178094,0.9997730
20494522,-0.0162474,0.0962778,-0.104477,0.00547406,0.0115557,-0.0238168,0.9996350
20526809,-0.0161301,0.0962136,-0.104456,0.00496837,0.0105312,-0.0223769,0.9996820
20560709,-0.0157212,0.0958587,-0.103184,-0.00150126,0.00711403,0.00964785,-0.9999271
20594557,-0.014942,0.0954937,-0.101992,-0.00209146,0.0202355,0.00132404,-0.9997920
20627760,-0.0151587,0.095816,-0.102406,-0.00166563,0.0174808,0.00316644,-0.9998410
20659904,-0.0159547,0.0961701,-0.103206,0.00137801,0.0116253,0.0081126,-0.9998990
20693574,-0.0173682,0.0973336,-0.104001,0.00128836,0.00520011,0.0112713,-0.9999221
20727491,-0.0158667,0.0964965,-0.102761,0.00275106,0.0146055,0.00728075,-0.9998630
20760882,-0.0154817,0.0961099,-0.102818,0.00142444,0.0150731,0.00442023,-0.9998760
20793176,-0.0165854,0.0970649,-0.103305,0.0028703,0.0112122,0.010292,-0.999880
20827014,-0.0163276,0.0969227,-0.103292,0.00187777,0.0125961,0.0113049,-0.9998551
20861164,-0.0152249,0.0967299,-0.102706,-0.00629302,0.014432,0.00662864,-0.9998540
20895257,-0.0157626,0.0959533,-0.103188,-0.00044731,0.0113918,0.00860982,-0.9998980
20927293,-0.0153176,0.0960514,-0.102545,-0.00160188,0.0174651,0.00674019,-0.9998241
20961158,-0.0153912,0.0961619,-0.102621,0.000136797,0.0171746,0.00801744,-0.999820
20994326,-0.0151849,0.0964634,-0.102501,-0.00274699,0.0175235,0.00543892,-0.9998280
21028606,-0.0153032,0.0956232,-0.102334,-0.00113402,0.0177025,0.00422976,-0.9998341
21061577,-0.0153058,0.0953399,-0.102375,0.00199923,0.0152041,0.00553849,-0.9998670
21094729,-0.0149355,0.0962177,-0.102466,-0.0038921,0.0139257,0.00503301,-0.9998830
21127167,-0.0143247,0.0950626,-0.101838,0.00147824,0.0212448,0.00160389,-0.9997720
21160998,-0.0143567,0.0949161,-0.101863,0.00244711,0.0223111,0.000537103,-0.9997481
21195550,-0.0148998,0.0952322,-0.102139,0.00320004,0.0214407,0.0022805,-0.9997620
21227864,-0.0152623,0.0950922,-0.103664,0.000733979,0.00380887,0.010721,-0.9999350
21261158,-0.0152968,0.0947982,-0.102863,0.00374786,0.00804426,0.010299,-0.9999081
21293997,-0.0155305,0.0948785,-0.10323,0.00119273,0.00617795,0.0122338,-0.9999050
21327070,-0.0152147,0.0950859,-0.103759,-0.00200911,0.00145677,0.0171085,-0.9998510
21360477,-0.0154934,0.0953531,-0.104147,0.00328365,0.00628515,-0.0188695,0.9997970
21394462,-0.0149253,0.0938276,-0.102585,0.0015374,0.0029248,0.0137053,-0.9999011
21428401,-0.0156954,0.095112,-0.103794,-0.000391397,-0.00191147,0.0134669,-0.9999070
21460832,-0.0154437,0.0948016,-0.102742,0.00255549,0.00721834,0.0144831,-0.9998660
21494506,-0.015075,0.0949186,-0.102066,0.00198581,0.0146241,0.00662154,-0.9998691
21528054,-0.0151274,0.0945384,-0.102067,0.00140237,0.013948,0.00620678,-0.9998830
21561039,-0.0148301,0.0942299,-0.101638,0.00343327,0.0198585,0.00419254,-0.9997880
21593763,-0.0154646,0.0945604,-0.102863,0.00230477,0.00443214,0.0149343,-0.9998760
21627502,-0.0149764,0.0943797,-0.101906,0.00154367,0.0149727,0.00471918,-0.9998761
21660382,-0.016541,0.0959585,-0.104922,0.00227269,0.0158798,-0.0254577,0.9995470
21694266,-0.0160876,0.0955524,-0.104355,-0.000514934,0.0128991,-0.0275185,0.9995380
21727218,-0.0158815,0.0956533,-0.104145,0.00279179,0.0104354,-0.022996,0.9996770
21760439,-0.0155826,0.0949497,-0.102732,-0.000332198,0.00331271,0.0136518,-0.9999011
21793666,-0.0148566,0.0947409,-0.102896,-0.00504757,0.000134206,0.0140304,-0.9998890
21827012,-0.0149127,0.0952708,-0.102989,-0.00560376,-0.000140913,0.0145664,-0.9998780
21860623,-0.0152914,0.0948425,-0.102222,-0.000141457,0.0102962,0.00852977,-0.9999111
21894688,-0.0153003,0.0946407,-0.102803,0.00182632,0.0062298,0.0110517,-0.9999180
21928156,-0.0152938,0.0949369,-0.102405,0.000823084,0.0105861,0.00841343,-0.9999080
21960934,-0.0158817,0.0955774,-0.104047,-0.00209174,0.00710437,-0.0217923,0.9997351
21995035,-0.01527,0.0952297,-0.102677,-0.000341162,0.0078332,0.00879505,-0.9999310
22027965,-0.014818,0.0946922,-0.10191,0.00165755,0.0151079,0.00714962,-0.9998590
22060413,-0.0147764,0.0949929,-0.10195,0.000205541,0.0150117,0.00692562,-0.9998630
22094420,-0.0145763,0.0949957,-0.101915,0.00262631,0.013608,0.00768448,-0.9998741
22126870,-0.01585,0.0959696,-0.103596,0.00152254,-0.00219641,0.0156042,-0.9998750
22161068,-0.0152373,0.0958284,-0.102713,0.000861903,0.00930127,0.00929508,-0.9999130
22194442,-0.0151609,0.0962637,-0.103268,0.00158534,0.00811256,0.0122848,-0.999891
22227929,-0.0148613,0.0962034,-0.103193,-0.00469641,0.00431387,0.00895336,-0.999940
22260960,-0.0153989,0.0959866,-0.103355,-0.000117197,0.00452891,0.00878495,-0.9999510
22295218,-0.0156633,0.0963236,-0.103712,0.00277808,0.00233448,0.0130366,-0.9999081
22327044,-0.0156051,0.0965824,-0.103805,-0.0010552,0.000128362,0.0115925,-0.9999320
22360968,-0.0156145,0.0966862,-0.103759,-0.000609099,0.00107298,0.0116802,-0.9999310
22393952,-0.0146036,0.0957251,-0.103154,-0.000949457,0.00549592,0.00820785,-0.9999510
22426923,-0.0144563,0.0960596,-0.103038,0.000153018,0.0106967,0.00548893,-0.9999281
22460500,-0.0148597,0.0964541,-0.103469,-0.00218789,0.00738616,0.00268566,-0.9999670
22494655,-0.0152472,0.0965871,-0.103452,0.000341528,0.00889158,0.00263515,-0.9999570
22527238,-0.0161487,0.0968493,-0.104731,-0.00191975,0.00470317,-0.012436,0.999911
22560594,-0.015575,0.0963066,-0.104109,0.00291011,0.000951657,0.00931215,-0.9999520
22594362,-0.0155966,0.0961226,-0.103804,0.00467507,0.0053871,0.00870814,-0.9999370
22627756,-0.0155715,0.0963616,-0.103708,0.00652399,0.00785596,0.00743793,-0.999921
22660612,-0.0155294,0.0964044,-0.103933,0.00611265,0.0051151,0.00978497,-0.999920
22694300,-0.0156537,0.0963855,-0.104091,0.00897865,0.00451614,0.0101014,-0.9998980
22727398,-0.0156647,0.0962426,-0.104302,0.00697887,-0.00188181,0.0101892,-0.9999220
22760770,-0.0156198,0.0964335,-0.104325,0.00659349,-0.00180026,0.0116644,-0.9999091
22793616,-0.0154675,0.0964135,-0.104168,0.00621982,0.000876007,0.0115096,-0.9999140
22827576,-0.0150277,0.0969257,-0.103645,-0.000551105,0.00514585,0.00746237,-0.9999590
22860568,-0.0146239,0.0969628,-0.10336,-0.00536485,0.00754352,0.00348941,-0.9999510
22894876,-0.0145599,0.097102,-0.102947,-0.00924018,0.00781589,0.00086669,-0.9999261
22927550,-0.0151306,0.0969158,-0.103538,-0.00797557,0.00547429,0.00360281,-0.9999470
22960646,-0.0151304,0.0968096,-0.103699,-0.00715931,0.00409956,0.00363464,-0.9999590
22994220,-0.0154355,0.0965259,-0.10401,-0.00315295,0.00209864,0.00523298,-0.9999790
23029126,-0.0149678,0.0965648,-0.103252,-0.00874314,0.00631831,0.00189154,-0.999941
23060989,-0.0149855,0.0964567,-0.10325,-0.0076242,0.00559329,0.00281712,-0.9999510
23094825,-0.0153087,0.0959001,-0.103002,-0.00207892,0.00861563,0.00368697,-0.9999540
23127981,-0.0144613,0.0950485,-0.102194,-0.000168111,0.0185473,-0.0021825,-0.9998260
23161689,-0.0142942,0.095299,-0.101791,-0.00767352,0.0186914,-0.00226592,-0.9997931
23194237,-0.0142151,0.0952529,-0.1021,-0.00929949,0.012947,-0.00205611,-0.9998710
23228043,-0.0149199,0.0958504,-0.10282,-0.0100349,0.010345,0.00178002,-0.9998950
23260155,-0.0142424,0.0957869,-0.10239,-0.00668731,0.0162992,0.00166933,-0.9998430
23294093,-0.0144807,0.0958283,-0.102257,-0.00793931,0.0142623,0.00135682,-0.9998661
23327431,-0.0138918,0.0955652,-0.101756,-0.00793531,0.0198404,-0.00297126,-0.9997670
23360247,-0.0141494,0.095575,-0.101967,-0.00710954,0.0197595,-0.00275108,-0.9997760
23394416,-0.0147456,0.096261,-0.102589,-0.00746679,0.0140509,0.000828423,-0.9998731
23428153,-0.0145536,0.0958001,-0.101969,-0.00489312,0.020594,-0.00302595,-0.9997710
23461631,-0.0146385,0.0965324,-0.102524,-0.0106587,0.0155851,-0.00192438,-0.999820
23494219,-0.0160435,0.0975349,-0.103561,-0.0113936,0.00588458,-0.000215085,-0.9999180
23527744,-0.0150948,0.0967448,-0.102692,-0.00886739,0.0130143,-0.00659594,-0.9998541
23561380,-0.0145966,0.0961302,-0.101885,-0.00766367,0.0189865,-0.00734762,-0.9997630
23594468,-0.0145227,0.0960334,-0.101922,-0.00669294,0.0203865,-0.00803562,-0.9997380
23627479,-0.0156646,0.0970923,-0.103602,-0.00428011,0.00709312,0.00324509,-0.999960
23661128,-0.0156361,0.0974225,-0.103527,-0.00493923,0.00492129,0.00565505,-0.999961
23694244,-0.0146216,0.0957404,-0.102855,0.00145874,0.00857291,0.0052337,-0.9999490
23727832,-0.0151958,0.0978699,-0.102987,-0.00953542,0.0114321,-0.0013458,-0.9998880
23760326,-0.0152308,0.0973111,-0.103286,-0.00676611,0.00761009,0.0013956,-0.9999470
23871087,-0.0150729,0.0974243,-0.103146,-0.00730067,0.00977234,0.00164877,-0.9999241
23871644,-0.0149828,0.0973187,-0.103,-0.00522879,0.0103476,0.00135957,-0.9999320
23871677,-0.014918,0.0973387,-0.102933,-0.00636748,0.00942438,0.00195624,-0.9999330
23893807,-0.0146592,0.0979848,-0.102614,-0.0100832,0.0156584,-0.00357968,-0.999820
23927434,-0.0145461,0.0974088,-0.102382,-0.00782494,0.0174382,-0.00429673,-0.9998080
23961282,-0.0143287,0.0977207,-0.102309,-0.00818117,0.0188607,-0.00519889,-0.9997750
23994276,-0.0144687,0.0978937,-0.10235,-0.0103163,0.0198587,-0.00497561,-0.9997371
24027689,-0.0141362,0.0984561,-0.101959,-0.0191007,0.0224458,-0.0125681,-0.9994870
24060146,-0.0143947,0.0979844,-0.102155,-0.0192152,0.0215011,-0.0121899,-0.999510
24093742,-0.013616,0.0979413,-0.101519,-0.0194421,0.0255546,-0.0149906,-0.9993720
24126584,-0.0138647,0.0976797,-0.101429,-0.0169572,0.0279162,-0.014843,-0.9993561
24160538,-0.0140167,0.0985001,-0.101788,-0.0208147,0.026282,-0.0158109,-0.9993130
24194418,-0.0139738,0.0983347,-0.10145,-0.0223892,0.0246638,-0.0169082,-0.9993020
24227843,-0.0140088,0.0975759,-0.101245,-0.0194122,0.0253989,-0.0187967,-0.9993121
24260605,-0.0144504,0.0976123,-0.101824,-0.0151054,0.0238189,-0.0182621,-0.9994350
24293621,-0.0132153,0.0974204,-0.100521,-0.0218053,0.0275673,-0.0216489,-0.9991480
24327850,-0.0136432,0.0974583,-0.101329,-0.019561,0.0248314,-0.0182019,-0.9993351
24360614,-0.0141627,0.0976274,-0.102107,-0.0176406,0.0188316,-0.0089713,-0.9996270
24393811,-0.0155367,0.0975383,-0.103073,-0.00909272,0.0108091,0.00127201,-0.9998990
24427601,-0.0151748,0.097956,-0.102766,-0.0115194,0.0135469,-0.00381569,-0.9998350
24460401,-0.0146135,0.0977831,-0.102303,-0.0116187,0.0188752,-0.0073084,-0.9997281
24494768,-0.0147629,0.0973954,-0.102507,-0.00925414,0.0165507,-0.00408728,-0.9998120
24527046,-0.0149696,0.0973292,-0.102815,-0.00836571,0.0135284,-0.00324732,-0.9998680
24560556,-0.0151487,0.097194,-0.102996,-0.00697065,0.0112969,-0.000360641,-0.9999121
24593658,-0.0151681,0.0967275,-0.102996,-0.00329675,0.00969248,0.00242221,-0.9999450
24627693,-0.0156753,0.0969178,-0.10333,-0.000515655,0.00895794,0.00591615,-0.9999420
24660136,-0.0156625,0.0970996,-0.103614,-0.000857429,0.00467456,0.0077786,-0.9999580
24694250,-0.0161456,0.0964356,-0.104394,0.00519535,-0.00274678,0.0194207,-0.9997941
24727372,-0.0156667,0.0961489,-0.103926,0.00627261,-0.00407132,0.02394,-0.9996850
24760626,-0.015311,0.0959047,-0.10373,0.00620711,-0.00500201,0.0248216,-0.999660
24794134,-0.0154425,0.096132,-0.10379,0.00524383,-0.0046671,0.0238945,-0.999690
24827083,-0.0155872,0.0961804,-0.104046,0.00536847,-0.0076891,0.0246673,-0.9996521
24860336,-0.0157114,0.0960861,-0.103958,0.00625088,-0.006211,0.0266211,-0.9996070
24893372,-0.0144149,0.0968734,-0.101983,-0.00513312,0.012356,0.00340626,-0.9999050
24927730,-0.0141243,0.0962013,-0.101836,-0.0079442,0.0153992,-0.00682104,-0.9998271
24960394,-0.0139623,0.0960829,-0.101826,-0.00954069,0.0150354,-0.00931749,-0.9997980
24993874,-0.0144415,0.0964794,-0.102382,-0.00901083,0.0154656,-0.00692756,-0.9998160
25026647,-0.0147311,0.0963056,-0.102273,-0.00259671,0.0179961,-0.00691349,-0.9998110
25060224,-0.0148518,0.0964957,-0.102382,-0.00307825,0.0166732,-0.00386024,-0.9998491
25094792,-0.0148594,0.0965471,-0.102462,-5.42482e-05,0.019275,-0.00478195,-0.9998030
25126717,-0.0149324,0.0965247,-0.102644,-0.000229621,0.0195833,-0.00438048,-0.9997990
25160572,-0.0153387,0.0966675,-0.104217,0.000727507,0.0027076,0.00804372,-0.9999641
25193909,-0.0155573,0.0970039,-0.103816,0.000524239,0.00666977,0.00326759,-0.9999720
25226643,-0.0156052,0.0967394,-0.104329,0.00278344,0.0017945,0.00686274,-0.9999710
25260567,-0.0151012,0.0967169,-0.103585,0.00201735,0.0066874,0.00589269,-0.9999580
25294325,-0.015316,0.096095,-0.103316,0.00664719,0.0100142,0.00694237,-0.9999041
25327249,-0.0148475,0.0963146,-0.103178,0.00570275,0.0132546,0.00484826,-0.9998840
25360882,-0.0147668,0.0964565,-0.102745,0.00252943,0.0151176,0.0023629,-0.999880
25394222,-0.0147621,0.0965621,-0.103067,0.0028844,0.0149623,-0.000535642,-0.9998840
25427597,-0.0149382,0.0966666,-0.103448,0.00156645,0.012025,-0.000423972,-0.9999261
25461378,-0.0149242,0.0966428,-0.103176,0.00228106,0.0126452,0.00042129,-0.9999170
25494402,-0.0148362,0.0965092,-0.10327,0.00237953,0.013414,0.00104598,-0.9999070
25527021,-0.0147366,0.0966775,-0.103193,0.00180802,0.0155854,0.000412945,-0.9998770
25559910,-0.0148252,0.0967451,-0.103463,0.000928929,0.0139173,0.00035325,-0.9999031
25594368,-0.0148434,0.0969725,-0.103716,-0.000299772,0.011311,0.000410412,-0.9999360
25626693,-0.0148463,0.0968794,-0.103619,-0.000560642,0.0110322,0.00110288,-0.9999380
25660701,-0.01484,0.0968272,-0.103738,-5.26132e-05,0.011564,0.000351373,-0.9999331
25694074,-0.0148938,0.0967798,-0.103663,0.000394191,0.0118556,0.000236633,-0.999930
25727681,-0.0148757,0.0968472,-0.10366,0.00106882,0.0124047,0.00301874,-0.9999180
25760791,-0.0148518,0.0968544,-0.10355,-0.000358064,0.01116,0.00488203,-0.9999261
25794905,-0.0150701,0.0970527,-0.104038,-0.000828555,0.00794272,0.00381047,-0.9999610
25827331,-0.015192,0.0971382,-0.10372,-0.00146775,0.00839469,0.0052598,-0.999950
25860745,-0.0150457,0.0967767,-0.103548,0.000519743,0.0109338,0.00492116,-0.9999280
25894314,-0.0150005,0.0967007,-0.103507,0.000782552,0.010742,0.0042888,-0.9999331
25927694,-0.0149996,0.096846,-0.103714,0.000572139,0.00957562,0.00500538,-0.9999410
25961219,-0.014929,0.0969095,-0.103635,0.00106752,0.0105937,0.00542717,-0.9999290
25993829,-0.0148192,0.0969855,-0.103595,0.000984185,0.012378,0.00588348,-0.9999060
26026815,-0.0148767,0.0968436,-0.103508,0.0012016,0.0123485,0.00428171,-0.9999141
26061164,-0.0149275,0.0967054,-0.103385,0.000579751,0.0127365,0.00481163,-0.9999070
26094242,-0.0149642,0.0969443,-0.103527,-0.00022595,0.0121364,0.00602126,-0.9999080
26127231,-0.015085,0.0969244,-0.103697,0.000105953,0.00983538,0.00472911,-0.999941
26160768,-0.0152281,0.0969355,-0.103797,0.000296115,0.00828402,0.00392077,-0.9999580
26193973,-0.015151,0.0966799,-0.10354,0.00115323,0.0104216,0.00404916,-0.9999370
26227939,-0.0149794,0.0968462,-0.103549,0.000266068,0.0107024,0.00316107,-0.9999381
26261279,-0.015183,0.0967281,-0.103494,0.000837868,0.0106584,0.00357208,-0.9999360
26294349,-0.0150544,0.0967581,-0.103348,0.00156604,0.0118874,0.00289702,-0.9999240
26327190,-0.0151207,0.0968152,-0.103356,0.00117913,0.0115771,0.00243544,-0.9999290
26360276,-0.015142,0.0971142,-0.103548,0.00030644,0.00981533,0.00194367,-0.999951
26394164,-0.0151834,0.096765,-0.103627,0.00189568,0.00798539,0.00495829,-0.9999540
26428461,-0.0151664,0.0972366,-0.103408,-0.000608075,0.0108801,0.00332317,-0.9999350
26460342,-0.0149933,0.0972908,-0.103349,-0.000474144,0.0114268,0.00241729,-0.9999321
26493313,-0.0151086,0.0974374,-0.103641,-0.00048804,0.0101816,0.00128822,-0.9999470
26527189,-0.0150847,0.0973486,-0.103467,-0.000961275,0.00972198,0.00120492,-0.9999520
26560396,-0.0151118,0.0972579,-0.103411,-0.000870025,0.0109394,0.0022934,-0.9999371
26594413,-0.0151129,0.0974047,-0.103386,-0.00117249,0.010508,0.00154109,-0.9999430
26627125,-0.0152875,0.097181,-0.10335,-0.00102609,0.00976808,0.00278797,-0.9999480
26661140,-0.0152416,0.0974142,-0.103332,-0.00170067,0.00949448,0.0031606,-0.9999491
26693710,-0.0153705,0.0973383,-0.103477,-0.00159711,0.00900086,0.00317296,-0.9999530
26728441,-0.0152018,0.0976046,-0.103433,-0.00191194,0.00909785,0.00249987,-0.9999540
26760249,-0.0149244,0.097448,-0.10318,-0.000400359,0.0117265,0.00491189,-0.9999190
26794532,-0.0150317,0.0974596,-0.103294,0.000812035,0.0102654,0.00517132,-0.9999341
26827407,-0.0150557,0.0974236,-0.103307,0.00135704,0.011936,0.00438909,-0.9999180
26861097,-0.0149261,0.0975007,-0.103245,0.00145925,0.0124084,0.00470285,-0.9999110
26894660,-0.0148538,0.0970842,-0.103088,0.00210392,0.0146416,0.00265455,-0.9998871
26927299,-0.0151154,0.0975522,-0.103527,0.000755485,0.00925894,0.00457616,-0.9999460
26961354,-0.0151001,0.0975658,-0.103823,0.000442169,0.00625419,0.0058985,-0.9999630
26994795,-0.0150336,0.0973821,-0.10322,-1.35001e-05,0.0118258,0.00438653,-0.999921
27028217,-0.0147505,0.0974409,-0.103177,-0.000929882,0.0128792,0.00394223,-0.9999090
27061329,-0.0148073,0.0975283,-0.103259,-0.00148828,0.0121734,0.00527265,-0.9999110
27094266,-0.0147323,0.0975256,-0.103308,-0.00158441,0.0119757,0.00486116,-0.9999150
27127211,-0.0147142,0.0976581,-0.103381,-0.00215873,0.0123754,0.00591588,-0.9999041
27160933,-0.0145988,0.0976353,-0.103357,-0.00269954,0.0124627,0.00566089,-0.9999030
27195143,-0.0147416,0.0972262,-0.103263,-0.00261205,0.010853,0.00514354,-0.9999240
27226465,-0.014725,0.0972587,-0.10328,-0.0016146,0.0106303,0.00318077,-0.9999370
27260241,-0.0147043,0.0973281,-0.103247,-0.00151833,0.0115214,0.00377027,-0.9999251
27294266,-0.0146161,0.0973336,-0.103309,-0.000912168,0.0117977,0.0033679,-0.9999240
27326823,-0.0147955,0.0971032,-0.10351,-0.000623282,0.0102641,0.00359148,-0.9999410
27360489,-0.0146327,0.0970662,-0.10345,-0.00107433,0.00964569,0.00306398,-0.9999481
27393949,-0.0147311,0.0970366,-0.103446,-0.00181885,0.0100444,0.00307119,-0.9999430
27427490,-0.0146328,0.0971064,-0.103438,-0.00232361,0.00991336,0.00377265,-0.9999410
27461263,-0.014655,0.0969011,-0.103508,-0.0018931,0.00986829,0.00347218,-0.9999431
27493916,-0.01458,0.0972983,-0.103632,-0.0036084,0.00854884,0.00146307,-0.9999560
27526790,-0.0146725,0.097264,-0.103352,-0.0037973,0.0109707,0.00280022,-0.9999290
27560504,-0.0145985,0.0972772,-0.103441,-0.00416744,0.0108514,0.00240823,-0.999930
27593318,-0.0146232,0.09715,-0.103281,-0.00266624,0.0107326,0.00296482,-0.9999341
27627133,-0.0145803,0.0973613,-0.103298,-0.00290056,0.0109022,0.0032005,-0.9999310
27661012,-0.0146202,0.0972165,-0.10337,-0.00201164,0.0108321,0.00319943,-0.9999340
27693414,-0.0145074,0.0973124,-0.103177,-0.00224766,0.0136819,0.00303882,-0.9998991
27727547,-0.0145621,0.097158,-0.103207,-0.00108239,0.0126878,0.00292578,-0.9999150
27759898,-0.0145347,0.0972142,-0.103299,-0.000798061,0.012412,0.00412298,-0.9999140
27793886,-0.0146299,0.0973301,-0.10336,-0.000814311,0.0112416,0.00296086,-0.9999321
27827211,-0.0147241,0.0973044,-0.103423,-0.000635185,0.010074,0.00268545,-0.9999450
27860626,-0.0146318,0.0973853,-0.103533,-0.00136731,0.00922586,0.00228938,-0.9999540
27893372,-0.0147476,0.0971819,-0.103524,-0.000998578,0.00859443,0.00377444,-0.9999550
27927303,-0.0147874,0.0972965,-0.103588,-0.00111622,0.00750624,0.00407545,-0.9999631
27959642,-0.0150223,0.0972997,-0.10368,-0.00138976,0.00531193,0.00364555,-0.9999780
27993984,-0.0149816,0.0974159,-0.103867,-0.00120245,0.00516232,0.00193133,-0.9999840
28027548,-0.0147915,0.0973325,-0.10381,-0.00263237,0.00497852,-0.000185789,-0.9999841
28059898,-0.0144934,0.0971935,-0.103572,-0.0023092,0.00770054,9.3461e-05,-0.9999680
28093733,-0.0145354,0.096973,-0.103311,-0.00169981,0.00900207,0.000286641,-0.9999580
28126427,-0.0145542,0.0971337,-0.103438,-0.00220415,0.00931608,-0.0013415,-0.9999530
28160119,-0.0145148,0.0971323,-0.103396,-0.00341294,0.00986381,-0.00149171,-0.9999441
28193717,-0.0146196,0.096994,-0.103345,-0.00380522,0.00933151,-8.19274e-05,-0.9999490
28227230,-0.0146879,0.0968809,-0.103443,-0.00279008,0.00776,0.00061307,-0.9999660
28261182,-0.0147716,0.0969401,-0.103389,-0.00388178,0.00728577,0.000215503,-0.9999661
28294557,-0.0148162,0.0970918,-0.103339,-0.00418019,0.00723079,0.000931272,-0.9999650
28327403,-0.0147397,0.0971738,-0.103587,-0.00356555,0.00677167,0.00059641,-0.9999710
28360847,-0.0144946,0.0968218,-0.103061,-0.00186188,0.0109824,0.000408713,-0.9999380
28395007,-0.0146089,0.0969932,-0.10344,-0.00173676,0.00843313,-0.00102283,-0.9999621
28427617,-0.0145314,0.0971229,-0.103577,-0.00253619,0.0076654,-0.00187822,-0.9999660
28460371,-0.0144397,0.09693,-0.103458,-0.000905004,0.0107425,-0.0012788,-0.9999410
28493983,-0.0144109,0.0971337,-0.103559,-0.000999756,0.0104429,-3.86242e-05,-0.9999450
28528563,-0.0144143,0.0969384,-0.103524,0.000125363,0.00903457,-0.00011325,-0.9999591
28560682,-0.0144116,0.0970147,-0.103526,-5.38319e-05,0.00884017,-0.000763394,-0.9999610
28594245,-0.0144116,0.0969523,-0.103621,-0.000383201,0.00832358,-0.000126303,-0.9999650
28627765,-0.0143311,0.0969134,-0.103627,-0.00114911,0.00717316,0.000474517,-0.9999740
28660705,-0.014448,0.0969338,-0.103535,-0.00140778,0.00882478,0.0010031,-0.999961
28694365,-0.0143926,0.0968951,-0.103378,-0.000961243,0.0108092,0.00136609,-0.999940
28726447,-0.0144574,0.0967272,-0.103405,-0.000343335,0.0111118,-0.000235828,-0.9999380
28760713,-0.0142845,0.0966837,-0.103261,-0.000170407,0.0113107,0.00188084,-0.9999341
28794481,-0.0141753,0.0964746,-0.103939,0.00209294,0.00533833,0.00926784,-0.9999410
28827697,-0.0143881,0.0968311,-0.103314,-0.000512736,0.0122527,0.00309905,-0.999920
28860617,-0.0142336,0.0967827,-0.103257,-0.000363644,0.0125215,0.000883528,-0.9999210
28894029,-0.0143779,0.0965656,-0.103767,0.00127759,0.00680638,0.00542521,-0.9999611
28927425,-0.0143103,0.096855,-0.103263,0.000838704,0.0126526,0.000719554,-0.9999190
28959686,-0.0144392,0.0971492,-0.103278,-7.73704e-06,0.0108826,0.0032911,-0.9999350
28993948,-0.0142826,0.0972615,-0.103374,-4.73247e-05,0.0130175,0.00152849,-0.9999140
29027548,-0.0142484,0.0972385,-0.103321,0.00162739,0.0154219,0.0027146,-0.9998761
29061118,-0.0143273,0.09727,-0.103453,0.0015322,0.0139536,0.00467528,-0.9998910
29094148,-0.0144482,0.0972835,-0.103498,0.00229797,0.014283,0.00527864,-0.9998810
29127845,-0.014278,0.0971943,-0.103265,0.00278491,0.016171,0.00398151,-0.9998571
29160493,-0.0142787,0.0972545,-0.103363,0.00175505,0.0149995,0.00351629,-0.999880
29194808,-0.0141936,0.097233,-0.1036,0.00103963,0.0121777,0.00336561,-0.999920
29227106,-0.0142207,0.0972133,-0.10338,0.000813716,0.0127295,0.00408805,-0.999910
29259802,-0.0142351,0.0969808,-0.103273,0.000366896,0.0124448,0.00360045,-0.9999161
29293452,-0.0141255,0.0968548,-0.103195,0.000634381,0.0128913,0.00248292,-0.9999140
29328349,-0.014119,0.0967574,-0.103266,0.000631379,0.0124204,0.0033893,-0.9999170
29359986,-0.0142621,0.0970399,-0.10335,0.0009208,0.0115568,0.00293225,-0.9999291
29394585,-0.0144841,0.0968116,-0.103399,0.00164484,0.012,0.00321156,-0.9999220
29426927,-0.0140845,0.0965527,-0.103532,0.00343928,0.00831297,0.00695182,-0.9999350
29460319,-0.0141772,0.0970332,-0.103193,0.000676279,0.0135417,0.00268337,-0.9999051
29494599,-0.0142144,0.0969446,-0.103335,0.00149869,0.0114947,0.00288197,-0.9999290
29526586,-0.0145985,0.0968632,-0.10382,0.00317163,0.00772398,0.00647393,-0.9999440
29560288,-0.0146379,0.096885,-0.103819,0.00356592,0.00630633,0.00813751,-0.9999410
29593387,-0.014444,0.0970728,-0.103655,0.00213373,0.010248,0.0056729,-0.9999291
29626919,-0.0146382,0.0968107,-0.103813,0.00262516,0.00844722,0.00693507,-0.9999370
29660947,-0.0149359,0.0968649,-0.104054,0.00270166,0.00797471,0.00589445,-0.9999470
29694364,-0.0149586,0.0968683,-0.104029,0.00261951,0.00696506,0.00435959,-0.9999631
29728323,-0.0147076,0.0967881,-0.10364,0.00186361,0.01019,0.00282779,-0.9999420
29760422,-0.0149502,0.0967872,-0.10408,0.00213573,0.00618065,0.00333691,-0.9999730
29793518,-0.0150267,0.096777,-0.103966,0.00207422,0.0058517,0.00312582,-0.9999760
29827260,-0.0150511,0.0968198,-0.103939,0.00222028,0.00566141,0.00275883,-0.9999781
29860638,-0.0150841,0.0968569,-0.104117,0.0025671,0.00577907,0.00269112,-0.9999760
29893502,-0.0157185,0.0968532,-0.104425,0.0041502,0.00223666,0.0073065,-0.9999620
29926362,-0.0156281,0.0968797,-0.104363,0.00475792,0.00208168,0.0074311,-0.9999590
29961725,-0.0156965,0.0969008,-0.104444,0.00438716,0.00130268,0.00688482,-0.9999661
29993750,-0.0156146,0.0967264,-0.104209,0.00394798,0.00146954,0.00540619,-0.9999770
30027187,-0.0157073,0.0964731,-0.104256,0.00513601,0.00112405,0.00671283,-0.9999640
30060382,-0.0156571,0.0966163,-0.104295,0.00571672,0.00200663,0.00705604,-0.9999570
30093673,-0.0156273,0.0966586,-0.104054,0.00437105,0.00370079,0.0057483,-0.9999671
30127611,-0.015427,0.0966006,-0.10414,0.00441233,0.0029926,0.00523844,-0.9999720
30160509,-0.0156394,0.0964974,-0.104207,0.00535543,0.0035846,0.00717098,-0.9999540
30194432,-0.015521,0.0967006,-0.104187,0.00523963,0.00346194,0.00832828,-0.9999461
30227742,-0.0155342,0.0966497,-0.104209,0.00607589,0.00376587,0.00798916,-0.9999430
30260329,-0.0155779,0.0967577,-0.104403,0.0065856,0.00249787,0.00685958,-0.9999520
30294298,-0.0154021,0.0966025,-0.104125,0.0065465,0.00579249,0.00673801,-0.9999390
30326860,-0.015833,0.0967968,-0.104637,0.00777195,-0.000386487,0.00922829,-0.9999271
30360856,-0.0158107,0.0967765,-0.10456,0.00760316,-0.000414278,0.0102415,-0.9999190
30393782,-0.0155582,0.0966714,-0.104368,0.00771961,0.00200871,0.00986589,-0.999920
30427268,-0.0156508,0.0966686,-0.104567,0.0075875,0.000249464,0.0103175,-0.9999181
30460520,-0.015575,0.0966362,-0.104512,0.00671488,0.000802065,0.0108955,-0.9999180
30494600,-0.0157501,0.0967814,-0.104673,0.00814996,-0.000530863,0.0115765,-0.99990
30526704,-0.0156455,0.096779,-0.104667,0.00872935,0.00112237,0.0121557,-0.9998870
30560227,-0.0151388,0.0964474,-0.104219,0.00817548,0.00431654,0.0090991,-0.9999161
30593494,-0.0153235,0.0964075,-0.104377,0.00783735,0.00246006,0.00930363,-0.9999230
30627045,-0.0153265,0.0965272,-0.104487,0.00786132,3.0529e-06,0.00849383,-0.9999330
30660063,-0.0151854,0.0965496,-0.104349,0.00792204,0.00115664,0.00809031,-0.9999350
30693291,-0.0148588,0.096536,-0.104196,0.0071915,0.00308626,0.00634548,-0.9999491
30727374,-0.0149199,0.0967076,-0.104236,0.00826519,0.00596125,0.00726364,-0.9999220
30760276,-0.0149539,0.0966669,-0.104274,0.0075722,0.00419665,0.00875836,-0.9999240
30793840,-0.0153695,0.0968738,-0.104482,0.00822007,0.00289251,0.0088472,-0.9999231
30827058,-0.0154894,0.0969628,-0.104608,0.00754085,0.00142047,0.00891494,-0.9999310
30859890,-0.0154341,0.0967566,-0.104256,0.00811107,0.00382441,0.0101758,-0.9999080
30894262,-0.0152031,0.0965682,-0.104321,0.00881358,0.00272854,0.0102164,-0.9999051
30927672,-0.0152201,0.0965734,-0.104111,0.00887413,0.00528444,0.0103307,-0.9998930
30960388,-0.0153234,0.0966933,-0.104203,0.00985733,0.00581364,0.0119427,-0.9998630
30994171,-0.0151948,0.0964912,-0.104135,0.00966794,0.00642727,0.0110653,-0.9998710
31026952,-0.0152098,0.096503,-0.104174,0.00889377,0.00607505,0.0111451,-0.999881
31060551,-0.0152594,0.0964684,-0.10421,0.0089855,0.00507627,0.0107289,-0.9998890
31092950,-0.0152815,0.0965024,-0.104159,0.00749084,0.00449331,0.0121395,-0.9998880
31126697,-0.01513,0.0965624,-0.104172,0.0063013,0.00371644,0.0108439,-0.9999140
31160251,-0.0151769,0.0965178,-0.104313,0.00748222,0.00291656,0.0111197,-0.9999061
31194223,-0.015202,0.0967147,-0.104531,0.00696144,0.00125554,0.0105197,-0.999920
31227404,-0.0149365,0.0965989,-0.103952,0.00492635,0.00458669,0.00767811,-0.9999480
31260608,-0.0147474,0.0966912,-0.104069,0.00494251,0.00602923,0.00666026,-0.9999471
31294489,-0.0147649,0.0966022,-0.104017,0.004442,0.00677963,0.00555166,-0.9999520
31326763,-0.0147261,0.0965772,-0.104141,0.00521244,0.00590397,0.00624096,-0.999950
31360395,-0.0145701,0.096623,-0.103919,0.00534883,0.00856128,0.00522687,-0.9999350
31394560,-0.0146478,0.0969473,-0.104241,0.00443659,0.00782467,0.00353077,-0.9999531
31427315,-0.0146442,0.0968406,-0.104073,0.00458768,0.00910044,0.00302923,-0.9999430
31460096,-0.0147216,0.0968967,-0.104418,0.00494984,0.00541401,0.00418903,-0.9999640
31494016,-0.014587,0.096736,-0.104014,0.00604715,0.00915633,0.0052185,-0.9999260
31527229,-0.0146249,0.0968507,-0.103973,0.00565981,0.00929023,0.00465359,-0.999931
31561195,-0.0145997,0.0967725,-0.103962,0.00627015,0.0105472,0.00428672,-0.9999160
31593987,-0.0145585,0.0967807,-0.103804,0.00562222,0.0105318,0.00513472,-0.9999160
31627024,-0.0146652,0.0967944,-0.103958,0.00594909,0.00990716,0.00455756,-0.9999230
31659962,-0.0146617,0.0967687,-0.103865,0.00500092,0.0105358,0.00494613,-0.999921
31694385,-0.0146257,0.0967636,-0.10395,0.00511299,0.00970113,0.0036034,-0.9999330
31726695,-0.0146775,0.0966033,-0.103829,0.00544752,0.0108262,0.00354299,-0.999920
31760456,-0.014662,0.0966458,-0.103953,0.00671349,0.0107906,0.00324723,-0.9999141
31794555,-0.0146962,0.096708,-0.103814,0.00621418,0.0108957,0.0055285,-0.9999060
31827016,-0.0145635,0.0967203,-0.103797,0.00553122,0.0106927,0.0052176,-0.9999140
31861164,-0.0145687,0.0966042,-0.104255,0.00359161,0.00691805,0.00652904,-0.9999481
31894630,-0.014658,0.0966768,-0.103934,0.00521446,0.0101054,0.0043803,-0.9999260
31927307,-0.0146633,0.0966779,-0.103901,0.00524776,0.0101078,0.00537317,-0.9999210
31960280,-0.0145931,0.0967544,-0.103729,0.00445771,0.0112409,0.00485544,-0.9999150
31994174,-0.014433,0.0969385,-0.10362,0.00308804,0.0120163,0.00513237,-0.999911
32027661,-0.0145511,0.0968366,-0.10377,0.00401077,0.00970484,0.00596851,-0.9999270
32061652,-0.0146456,0.0969301,-0.103759,0.00331564,0.0098997,0.00690231,-0.9999220
32093705,-0.0145491,0.0969493,-0.103539,0.00346246,0.0112896,0.00747852,-0.9999020
32126674,-0.0147162,0.0968212,-0.103775,0.00375484,0.00944439,0.00602096,-0.999931
32160476,-0.0145052,0.0969843,-0.103481,0.00318154,0.0128521,0.00501298,-0.99990
32194435,-0.0144651,0.0968237,-0.103654,0.00382171,0.0107267,0.00602156,-0.9999170
32228235,-0.0147874,0.0970252,-0.103861,0.00364314,0.0092788,0.00657532,-0.9999291
32260746,-0.0149724,0.0970892,-0.103997,0.00399818,0.00649643,0.0071911,-0.9999450
32294323,-0.0149104,0.0970474,-0.103996,0.00485985,0.00719592,0.00817638,-0.9999290
32327156,-0.0149185,0.09706,-0.104036,0.00427195,0.00601202,0.00808968,-0.999940
32361359,-0.0150225,0.0969272,-0.103876,0.00420724,0.0060667,0.00932845,-0.9999291
32394179,-0.0150424,0.0971256,-0.104153,0.00427841,0.00388144,0.0072302,-0.9999570
32426761,-0.0152521,0.0971222,-0.104314,0.00446128,0.00308904,0.007343,-0.9999580
32459957,-0.0150746,0.0969749,-0.104197,0.00557731,0.00345634,0.00899249,-0.9999380
32494414,-0.0151016,0.0970546,-0.104227,0.00541447,0.00398277,0.00763316,-0.9999481
32528229,-0.015042,0.097037,-0.104162,0.00562736,0.00483203,0.00717891,-0.9999470
32560058,-0.0150033,0.096997,-0.104101,0.00517762,0.00511114,0.00590867,-0.9999560
32594021,-0.0150463,0.0970762,-0.104434,0.00636446,0.00319377,0.00655145,-0.9999530
32627366,-0.0150729,0.0970648,-0.104277,0.00633982,0.00455796,0.00699488,-0.9999451
32660871,-0.0150719,0.0969346,-0.104138,0.00620694,0.00471735,0.00719212,-0.9999440
32694716,-0.015033,0.0968535,-0.104097,0.00565869,0.00458999,0.00644458,-0.9999530
32726782,-0.0149539,0.0968359,-0.104137,0.00652353,0.00587552,0.00630251,-0.9999420
32760104,-0.0149789,0.0969572,-0.104292,0.00654095,0.00489905,0.00511603,-0.9999541
32792979,-0.0149017,0.0968455,-0.104098,0.00711935,0.00754953,0.00724364,-0.999920
32827195,-0.0148777,0.0968867,-0.104142,0.00684396,0.00698175,0.00658122,-0.9999310
32859738,-0.0150278,0.0969304,-0.104353,0.00762708,0.00592658,0.0078979,-0.9999220
32894137,-0.0150143,0.0970777,-0.104418,0.00804347,0.00553969,0.00826328,-0.9999181
32927138,-0.0150441,0.0971849,-0.104405,0.00717054,0.00528224,0.00827151,-0.9999260
32960225,-0.0148411,0.0970349,-0.104219,0.00610594,0.00557668,0.0071731,-0.999940
32993485,-0.0149434,0.0971797,-0.104375,0.00519725,0.00480094,0.00735385,-0.9999480
33026846,-0.0149489,0.0971617,-0.104434,0.00681425,0.00409874,0.0073166,-0.9999421
33059895,-0.0150516,0.0970881,-0.104373,0.00616568,0.00421471,0.00675041,-0.9999490
33093095,-0.015077,0.0970699,-0.104419,0.00673886,0.00330395,0.00696266,-0.9999480
33126816,-0.0149353,0.0971244,-0.10433,0.00634201,0.00457345,0.00511532,-0.9999560
33160013,-0.0149741,0.097114,-0.104598,0.00664858,0.00162753,0.00607651,-0.9999581
33193287,-0.0149678,0.0971792,-0.104472,0.00639084,0.0033767,0.00646207,-0.9999530
33227014,-0.0150074,0.0970903,-0.104488,0.00647843,0.00274769,0.0067392,-0.9999530
33260315,-0.0149913,0.0970928,-0.104617,0.00690681,0.00319449,0.00593286,-0.9999531
33294278,-0.0150854,0.0970908,-0.104628,0.0069546,0.00256239,0.00683806,-0.9999490
33327030,-0.0148745,0.0970594,-0.104481,0.0071527,0.00388836,0.00641805,-0.9999460
33360816,-0.0149706,0.0970201,-0.104479,0.00697102,0.00391329,0.00735788,-0.9999411
33393933,-0.0149885,0.0969845,-0.104513,0.00647428,0.00337482,0.00752564,-0.9999450
33426688,-0.0150759,0.0968204,-0.104522,0.00693837,0.00300352,0.00961262,-0.9999250
33461102,-0.0149575,0.0968043,-0.104467,0.00693267,0.00317238,0.00914603,-0.9999291
33493438,-0.0151434,0.0968029,-0.104453,0.00710764,0.00308515,0.00873771,-0.9999320
33527141,-0.0148035,0.0968118,-0.104426,0.00722975,0.00341249,0.00796847,-0.9999360
33559906,-0.0149294,0.0967869,-0.104485,0.00712791,0.00345523,0.00803887,-0.9999360
33593666,-0.0148248,0.096763,-0.104445,0.0073065,0.00350937,0.00903859,-0.9999261
33626927,-0.0148633,0.0966932,-0.104476,0.00771208,0.00331839,0.0078762,-0.9999340
33660125,-0.0148379,0.0966738,-0.10448,0.00834849,0.00345336,0.00847625,-0.9999230
33693406,-0.0147839,0.0967409,-0.104334,0.007577,0.00431501,0.00783719,-0.9999310
33726699,-0.0147825,0.0968585,-0.104535,0.0078656,0.00328655,0.00887599,-0.9999241
33760446,-0.0149012,0.0967703,-0.10449,0.00791729,0.00270944,0.00760125,-0.9999360
33793436,-0.0148536,0.096656,-0.104239,0.00869759,0.00415984,0.00918254,-0.9999110
33827643,-0.0146412,0.0966374,-0.104123,0.00820721,0.00481174,0.00715084,-0.9999291
33860676,-0.0146416,0.0966487,-0.104124,0.00832395,0.00621659,0.00824582,-0.9999120
33894193,-0.0144221,0.0966497,-0.103969,0.00839961,0.00744258,0.00622034,-0.9999180
33926982,-0.014563,0.0967296,-0.104037,0.00787751,0.00684166,0.0064179,-0.9999250
33961160,-0.0145151,0.0966995,-0.104005,0.00806074,0.00694972,0.00582602,-0.9999261
33993606,-0.0145396,0.0967346,-0.104024,0.00850725,0.00895317,0.00603533,-0.9999060
34026671,-0.0143595,0.0967468,-0.103798,0.00850297,0.0100104,0.00543853,-0.9998990
34059401,-0.014536,0.0969104,-0.103891,0.00783002,0.0090888,0.00580835,-0.9999110
34093858,-0.0144808,0.0969065,-0.103946,0.00836732,0.00853586,0.00518366,-0.9999151
34127066,-0.0143687,0.096889,-0.103765,0.00803664,0.0109539,0.00521203,-0.9998940
34160386,-0.0144265,0.0969435,-0.103849,0.00785054,0.0095577,0.00606772,-0.9999050
34193374,-0.0144971,0.0969063,-0.10373,0.00792035,0.0107741,0.00610161,-0.9998920
34226503,-0.0144617,0.0969904,-0.103822,0.00776413,0.0101998,0.00575381,-0.9999011
34260512,-0.0143976,0.0968513,-0.103555,0.00736358,0.0119076,0.00642979,-0.9998810
34294283,-0.0145217,0.0968024,-0.103856,0.00807072,0.00915917,0.00747282,-0.9998980
34327158,-0.0145334,0.0967576,-0.103704,0.00764854,0.0104372,0.00662244,-0.9998941
34360437,-0.0144907,0.0966978,-0.103612,0.00753074,0.0105578,0.00665769,-0.9998940
34394693,-0.0144962,0.0966662,-0.103653,0.00763075,0.0103684,0.00604433,-0.9998990
34427061,-0.0145505,0.0966965,-0.103638,0.00732917,0.0103186,0.00716431,-0.9998940
34460242,-0.0146541,0.0967048,-0.103659,0.00714494,0.00885781,0.00676939,-0.9999121
34493464,-0.0146869,0.0967928,-0.103697,0.00619639,0.00878582,0.00735525,-0.9999150
34526430,-0.0147377,0.0969033,-0.103787,0.00594782,0.00795925,0.00658828,-0.9999290
34559642,-0.0148992,0.0968848,-0.10392,0.00677912,0.00715718,0.00784372,-0.9999210
34593722,-0.0150768,0.0969713,-0.103998,0.00672508,0.00515999,0.00874939,-0.9999261
34626539,-0.0151772,0.0970731,-0.104026,0.00611998,0.00447698,0.0100133,-0.9999210
34660061,-0.0149528,0.097171,-0.103971,0.00638082,0.00537278,0.00911721,-0.9999240
34693520,-0.0152104,0.0973247,-0.104203,0.00692597,0.00521035,0.0105124,-0.9999070
34726145,-0.0150901,0.0971837,-0.104129,0.00715689,0.00500273,0.0111593,-0.99991
34761492,-0.0149929,0.0973167,-0.104066,0.00717191,0.00559866,0.0101732,-0.9999070
34793194,-0.014989,0.0973821,-0.104134,0.006818,0.00474801,0.00935456,-0.9999220
34826845,-0.0149985,0.0973079,-0.103902,0.00685415,0.00637176,0.00906581,-0.9999151
34859887,-0.0151095,0.0972513,-0.104124,0.00719309,0.00352395,0.00956193,-0.9999220
34894272,-0.0151061,0.0973396,-0.104064,0.00714513,0.00507611,0.0092625,-0.9999190
34926709,-0.0151024,0.0974128,-0.104071,0.00689807,0.00485084,0.0096626,-0.9999180
34959429,-0.0150503,0.0974573,-0.104094,0.00650657,0.00512997,0.00924891,-0.9999231
34993543,-0.0150228,0.0975433,-0.104153,0.00612758,0.00482116,0.00933009,-0.9999260
35026855,-0.0149452,0.0975738,-0.104164,0.00589372,0.00477937,0.00840705,-0.9999360
35060611,-0.0149775,0.0975613,-0.104218,0.00560164,0.00473766,0.00928226,-0.999931
35094264,-0.0148871,0.0974799,-0.104198,0.00559448,0.00503546,0.00804864,-0.9999390
35126650,-0.0150488,0.0973848,-0.104327,0.00605092,0.00402661,0.00862154,-0.9999360
35159876,-0.0149319,0.0973887,-0.104289,0.00578517,0.00382939,0.00760101,-0.9999470
35193283,-0.0149216,0.097346,-0.104279,0.00538131,0.0045111,0.00683401,-0.9999521
35227170,-0.0145728,0.0972097,-0.103979,0.00576881,0.00674698,0.00588727,-0.9999430
35260137,-0.0145968,0.097147,-0.104008,0.00670927,0.00860032,0.00607443,-0.9999220
35293664,-0.0145634,0.0970668,-0.104148,0.00686641,0.0066071,0.00662914,-0.9999331
35327093,-0.0145583,0.0969543,-0.104133,0.0069742,0.00776169,0.00612259,-0.9999270
35360821,-0.0144727,0.0970449,-0.104153,0.00683724,0.00780449,0.00537314,-0.9999320
35394450,-0.0143986,0.0969955,-0.103859,0.00685288,0.0104685,0.00573217,-0.9999051
35426339,-0.0143926,0.0968899,-0.10413,0.0073909,0.00778602,0.0060071,-0.9999240
35459631,-0.0144657,0.0969443,-0.104101,0.00748457,0.00837693,0.00573611,-0.999920
35493365,-0.014423,0.0969665,-0.104048,0.00772637,0.00840128,0.00614437,-0.9999160
35527079,-0.0145067,0.0970038,-0.104099,0.0077804,0.00815844,0.00619417,-0.9999171
35559962,-0.0144026,0.0969448,-0.104064,0.00754038,0.00816375,0.00643963,-0.9999180
35593515,-0.0144106,0.0969248,-0.104102,0.00766215,0.00770509,0.00534251,-0.9999270
35626436,-0.0144597,0.0969481,-0.104084,0.00756384,0.00764181,0.00632611,-0.9999220
35660504,-0.0144868,0.096934,-0.104185,0.00746812,0.0065482,0.00616649,-0.9999321
35693494,-0.014493,0.096883,-0.10424,0.00753833,0.00595888,0.00684673,-0.999930
35727025,-0.0143599,0.0968579,-0.104182,0.00729398,0.00583262,0.00632927,-0.9999360
35761374,-0.0146189,0.097003,-0.1043,0.00754602,0.00528991,0.00597802,-0.999941
35793858,-0.0143317,0.096873,-0.104178,0.00702733,0.00547415,0.00556072,-0.9999450
35826916,-0.014418,0.0970108,-0.104153,0.0060626,0.00654712,0.00503119,-0.9999480
35859799,-0.0145599,0.0970812,-0.10433,0.00580346,0.00455379,0.00589409,-0.9999550
35892827,-0.0147812,0.097123,-0.104435,0.00620204,0.00303821,0.00638262,-0.9999561
35926133,-0.0148075,0.0971568,-0.104471,0.00634584,0.00164191,0.00568354,-0.9999620
35960250,-0.0145773,0.0971971,-0.104142,0.00565364,0.00476568,0.00537696,-0.9999580
35993506,-0.0146799,0.0972233,-0.104358,0.00567349,0.00277658,0.00584891,-0.9999631
36028074,-0.0147886,0.0971944,-0.104317,0.00562614,0.00255901,0.00618544,-0.9999620
36060060,-0.0147191,0.0971767,-0.104239,0.00584667,0.0029921,0.00637067,-0.9999580
36158879,-0.0147523,0.0971982,-0.104327,0.00607538,0.0026414,0.00641826,-0.9999581
36159594,-0.0147705,0.0972178,-0.104317,0.00604497,0.00281569,0.0067964,-0.9999550
36161277,-0.014785,0.0971589,-0.104324,0.00610772,0.0020868,0.0060187,-0.9999610
36193540,-0.0148429,0.097196,-0.104324,0.00618796,0.00200039,0.00669921,-0.9999560
36227743,-0.0147181,0.0971044,-0.104273,0.00619807,0.00277049,0.00592076,-0.9999590
36260290,-0.0147709,0.0971701,-0.104324,0.00669527,0.00335871,0.00653154,-0.9999511
36294051,-0.0147585,0.0971824,-0.104258,0.00614799,0.00261741,0.00660369,-0.9999560
36327088,-0.0148441,0.0971168,-0.104258,0.00648278,0.00182381,0.00653759,-0.9999560
36359709,-0.0146277,0.0971039,-0.104069,0.00636435,0.00410239,0.00614592,-0.9999520
36392749,-0.0147921,0.0972381,-0.104197,0.00630039,0.00467009,0.00655675,-0.9999481
36426933,-0.0148307,0.0972434,-0.104313,0.00611953,0.00236804,0.00726629,-0.9999520
36460212,-0.0148573,0.097188,-0.104148,0.00649745,0.00417393,0.0079753,-0.9999380
36493373,-0.0147222,0.0971665,-0.104137,0.00686303,0.0044103,0.00685627,-0.9999431
36526773,-0.0147979,0.0972966,-0.104072,0.00631473,0.0052623,0.0065223,-0.9999450
36560020,-0.0147146,0.0971774,-0.104311,0.00745715,0.00359028,0.00687129,-0.9999420
36594168,-0.0147426,0.0970292,-0.104066,0.00772237,0.00581603,0.00727538,-0.9999271
36627437,-0.0146465,0.0970021,-0.103949,0.00812581,0.00686371,0.00715045,-0.9999180
36660244,-0.0146765,0.0971966,-0.104028,0.00825447,0.00694022,0.007506,-0.9999140
36693161,-0.0145986,0.0971649,-0.103982,0.00829536,0.00801651,0.0080977,-0.9999010
36727089,-0.014627,0.0971974,-0.103996,0.0083886,0.00763198,0.00743501,-0.9999081
36761085,-0.0146517,0.0971272,-0.103987,0.00845003,0.00794985,0.00801851,-0.9999010
36793721,-0.0147021,0.0972537,-0.104105,0.00785099,0.00671145,0.00697462,-0.9999220
36826148,-0.0147189,0.0971399,-0.103974,0.00826485,0.00781204,0.00810187,-0.9999030
36859540,-0.0147522,0.0972607,-0.103991,0.00848628,0.00723422,0.00812324,-0.9999051
36894627,-0.014771,0.0972017,-0.103935,0.00805143,0.00713279,0.00853329,-0.9999060
36926620,-0.0147664,0.0973209,-0.104019,0.00792163,0.00664108,0.00710667,-0.9999210
36959407,-0.0148403,0.0973717,-0.103952,0.00816353,0.00794077,0.00813635,-0.9999020
36994197,-0.0148145,0.0974055,-0.104,0.00775737,0.00650572,0.00953371,-0.9999031
37027610,-0.0149618,0.0973372,-0.104019,0.00730468,0.00597558,0.00875479,-0.9999170
37060030,-0.0149036,0.0974218,-0.10393,0.0076785,0.00576228,0.00900942,-0.9999130
37092940,-0.0147913,0.0975031,-0.103905,0.00625079,0.00649203,0.00724796,-0.9999330
37126839,-0.0149761,0.097403,-0.104118,0.00725964,0.0038423,0.00899002,-0.9999261
37160310,-0.0150203,0.0974836,-0.104084,0.00680944,0.00450328,0.00827124,-0.9999320
37193068,-0.0149622,0.0975459,-0.103968,0.00724334,0.00476258,0.00907698,-0.9999210
37226159,-0.0148859,0.0975997,-0.10401,0.00713974,0.00537078,0.00899937,-0.999920
37260005,-0.0147568,0.0975335,-0.104035,0.00697697,0.00594396,0.00897619,-0.9999181
37293705,-0.0147369,0.0974562,-0.104015,0.00746201,0.00594928,0.00804182,-0.9999220
37326783,-0.014774,0.0973734,-0.103951,0.00720957,0.00675966,0.00702778,-0.9999260
37360348,-0.0147136,0.0973107,-0.103995,0.00752239,0.00628205,0.00713218,-0.9999271
37392968,-0.0147864,0.097265,-0.10415,0.00828924,0.00543477,0.00756137,-0.9999220
37426478,-0.0146146,0.0972092,-0.103955,0.00796691,0.00624534,0.00692321,-0.9999250
37459557,-0.0147396,0.097216,-0.103995,0.00815691,0.00628967,0.00767751,-0.9999180
37493078,-0.0145052,0.0972189,-0.103917,0.00838837,0.0071688,0.00767468,-0.999911
37527310,-0.0146837,0.0972609,-0.104002,0.0086476,0.00744693,0.00821086,-0.9999010
37560755,-0.0145487,0.0972625,-0.104071,0.00803275,0.00671553,0.00797318,-0.9999130
37592862,-0.0145298,0.0971759,-0.104006,0.00778891,0.00746086,0.00707887,-0.9999170
37626794,-0.014531,0.0972562,-0.104073,0.00772902,0.00687287,0.00625467,-0.9999271
37660868,-0.0145183,0.0972455,-0.103847,0.00740859,0.00835054,0.00612169,-0.9999190
37694642,-0.0145393,0.097147,-0.104087,0.00802865,0.00584919,0.00663525,-0.9999290
37726180,-0.0145868,0.0971063,-0.103994,0.00781693,0.00678383,0.00654486,-0.9999250
37760139,-0.014576,0.0970564,-0.103896,0.0082074,0.00697395,0.00637591,-0.9999221
37793268,-0.0145856,0.0970612,-0.103884,0.00834554,0.00749869,0.00714336,-0.9999120
37826605,-0.0145054,0.0970728,-0.103807,0.00821304,0.00816584,0.0076855,-0.9999030
37860054,-0.014557,0.0970389,-0.103779,0.00817618,0.00778908,0.00682423,-0.9999130
37892546,-0.0145106,0.0970095,-0.103726,0.00808468,0.00844057,0.00718225,-0.9999061
37926953,-0.0145499,0.0969756,-0.103686,0.00781886,0.0081277,0.00684727,-0.9999130
37959952,-0.0145408,0.0969405,-0.103696,0.00814665,0.00869836,0.00746201,-0.9999010
37992901,-0.0144821,0.096858,-0.103647,0.00814035,0.00811723,0.00629681,-0.9999141
38027296,-0.0145844,0.0969182,-0.103654,0.00803568,0.00780767,0.00678176,-0.9999140
38060492,-0.0145325,0.0969379,-0.103713,0.00803638,0.00733618,0.00614649,-0.9999220
38093500,-0.0146057,0.0969948,-0.103668,0.00734534,0.00819044,0.00672657,-0.9999171
38126639,-0.0146434,0.09697,-0.103779,0.00739438,0.00617764,0.00716723,-0.9999280
38160076,-0.0146693,0.0969998,-0.103694,0.00753235,0.00670749,0.00668836,-0.9999270
38193601,-0.0146112,0.0970186,-0.103668,0.00732464,0.00649949,0.00607014,-0.9999341
38227220,-0.0144462,0.096996,-0.103431,0.00679121,0.00899707,0.00571918,-0.999920
38260694,-0.0145317,0.0969205,-0.103708,0.007288,0.00651949,0.00562065,-0.9999360
38293906,-0.014673,0.0969514,-0.103702,0.00649024,0.00634212,0.00481047,-0.9999471
38326569,-0.014678,0.0969918,-0.103695,0.00686755,0.00641018,0.00525354,-0.9999420
38360432,-0.0146674,0.0970781,-0.103811,0.00724592,0.00598547,0.00571993,-0.999940
38393010,-0.0147058,0.0971028,-0.103834,0.00718526,0.00589285,0.00650558,-0.9999360
38426683,-0.0147297,0.0971268,-0.103844,0.00715617,0.00516593,0.00587547,-0.9999441
38460845,-0.014803,0.0970981,-0.10384,0.00681039,0.00511468,0.00695396,-0.999940
38494544,-0.0147274,0.0970984,-0.103876,0.00701526,0.00520101,0.00617793,-0.9999430
38526823,-0.0147668,0.0971723,-0.103946,0.00720929,0.00564888,0.00679884,-0.9999351
38560784,-0.0147336,0.0971143,-0.103948,0.00741838,0.00480521,0.00591937,-0.9999430
38592747,-0.0149082,0.0971227,-0.103927,0.00756519,0.00426047,0.00736291,-0.9999350
38626034,-0.0147335,0.0971191,-0.103844,0.0077918,0.00493222,0.00708915,-0.9999320
38660675,-0.0147786,0.0972053,-0.103859,0.00782546,0.00618017,0.00739847,-0.9999231
38693773,-0.0147448,0.0971499,-0.103868,0.00799968,0.004878,0.00801541,-0.9999240
38726913,-0.0147745,0.0971762,-0.103889,0.00804972,0.00549184,0.00746827,-0.9999250
38761165,-0.0147318,0.0971955,-0.103953,0.00813016,0.00512011,0.00661913,-0.9999321
38793141,-0.0146449,0.0972587,-0.103817,0.00773252,0.00694606,0.00629965,-0.9999260
38826777,-0.0147787,0.097152,-0.104061,0.0080196,0.00351772,0.00653935,-0.999940
38860442,-0.0148334,0.097165,-0.103974,0.00764407,0.00423423,0.00698475,-0.9999370
38893297,-0.0147953,0.0971788,-0.103932,0.00802078,0.00443421,0.00734852,-0.9999311
38927200,-0.0147576,0.0971725,-0.104,0.0079733,0.00446356,0.00667221,-0.9999360
38959783,-0.0146895,0.0971229,-0.103968,0.00743772,0.0048139,0.00687296,-0.9999370
38993020,-0.0146947,0.097163,-0.104072,0.00776401,0.00432428,0.00586572,-0.9999430
39027262,-0.0147109,0.0971666,-0.104103,0.00789942,0.00437552,0.00662983,-0.9999371
39060172,-0.0147047,0.0971694,-0.10409,0.00776521,0.00427777,0.00568872,-0.9999450
39093185,-0.0146857,0.0971318,-0.104115,0.00821624,0.00487577,0.00588619,-0.9999370
39126121,-0.0146714,0.0971367,-0.104156,0.00838812,0.00400186,0.00518992,-0.9999430
39159772,-0.0147244,0.09708,-0.104114,0.00821812,0.0037246,0.00605789,-0.9999411
39192725,-0.014588,0.0970551,-0.104023,0.00826014,0.00424435,0.00523349,-0.9999430
39226391,-0.0146725,0.0970975,-0.103977,0.00823739,0.00481514,0.00583309,-0.9999370
39260405,-0.0146071,0.0970087,-0.104064,0.00855753,0.00371275,0.00664425,-0.9999341
39293267,-0.0146116,0.0969846,-0.104006,0.00872756,0.00458871,0.00617242,-0.9999320
39326815,-0.0146185,0.0970021,-0.10405,0.0087971,0.00402219,0.0061321,-0.9999340
39360151,-0.0146089,0.0970829,-0.103811,0.00808331,0.00572616,0.00575977,-0.9999340
39392804,-0.0146461,0.0970231,-0.104067,0.00860669,0.003313,0.00626102,-0.9999381
39426376,-0.0146698,0.0969786,-0.103942,0.00811287,0.00466807,0.00630796,-0.9999360
39460162,-0.014646,0.0969911,-0.103865,0.00820137,0.00474326,0.00675726,-0.9999320
39494121,-0.0145917,0.0969635,-0.10386,0.0087171,0.00526806,0.00719563,-0.9999221
39526259,-0.0145957,0.0968829,-0.103827,0.00881545,0.00545519,0.00737162,-0.9999190
39560140,-0.0145371,0.0969647,-0.103866,0.00914314,0.00536296,0.00669319,-0.9999210
39593579,-0.0146112,0.0969562,-0.103969,0.00883876,0.00463418,0.00688706,-0.9999270
39626487,-0.0145454,0.0969623,-0.103938,0.00873685,0.00484646,0.00696478,-0.9999261
39660895,-0.0146062,0.096911,-0.103949,0.00936341,0.00487298,0.00769637,-0.9999150
39693318,-0.0145615,0.0969454,-0.103933,0.00919183,0.00442527,0.0073957,-0.9999210
39725874,-0.0146948,0.0969158,-0.10396,0.00880501,0.00388462,0.00745378,-0.9999260
39760265,-0.0144662,0.0969754,-0.103912,0.0088967,0.0048307,0.00696666,-0.9999251
39793034,-0.0146345,0.0969459,-0.103913,0.00899908,0.00518276,0.00717,-0.999920
39826150,-0.0144733,0.0968851,-0.103939,0.00885977,0.00448805,0.00750936,-0.9999230
39861031,-0.0145457,0.0968858,-0.103943,0.0085381,0.00504189,0.00692964,-0.9999271
39893437,-0.0145333,0.096922,-0.104008,0.00841716,0.00463148,0.00627434,-0.9999340
39927227,-0.0144851,0.0969265,-0.103775,0.00819873,0.00607537,0.00617006,-0.9999290
39959329,-0.014452,0.0968271,-0.104008,0.00902303,0.00380108,0.00755749,-0.9999240
39993256,-0.0145081,0.0969601,-0.103847,0.00837497,0.00586958,0.00664822,-0.9999261
40027804,-0.0144456,0.0968838,-0.103788,0.00881656,0.00654137,0.00669495,-0.9999170
40060160,-0.0145166,0.0969965,-0.103852,0.00869568,0.005667,0.00690598,-0.9999220
40092697,-0.0144482,0.0969638,-0.103814,0.00873542,0.00629313,0.00746666,-0.9999140
40126634,-0.0143492,0.0968704,-0.103721,0.00882272,0.00686563,0.00611895,-0.9999191
40159752,-0.0143831,0.0969279,-0.103793,0.00887184,0.00717287,0.00652406,-0.9999140
40192640,-0.0144305,0.0969741,-0.103797,0.00885105,0.00662169,0.00682253,-0.9999160
40226796,-0.0142556,0.096881,-0.103667,0.00884418,0.0082114,0.00683404,-0.9999041
40260274,-0.0142704,0.0969041,-0.103648,0.00940214,0.00810034,0.00651056,-0.9999020
40293406,-0.0144528,0.0970046,-0.103814,0.00872667,0.00663577,0.00696371,-0.9999160
40326475,-0.0143257,0.0969777,-0.103804,0.00917393,0.00679697,0.00667704,-0.9999130
40360517,-0.014301,0.0969779,-0.103671,0.0089396,0.00820739,0.00703169,-0.9999021
40392921,-0.0142295,0.0970203,-0.103774,0.00897488,0.00757774,0.0077119,-0.9999010
40427031,-0.0143254,0.097006,-0.103739,0.00871016,0.00735752,0.00750617,-0.9999070
40460324,-0.014324,0.0971424,-0.103815,0.0087098,0.00695301,0.00704146,-0.9999130
40493349,-0.0143015,0.0971105,-0.103583,0.00837792,0.00788742,0.00658632,-0.9999121
40526660,-0.0143065,0.0970897,-0.103875,0.00917385,0.00550992,0.00688658,-0.9999190
40560368,-0.0143428,0.0969866,-0.103717,0.00867743,0.00719344,0.00736822,-0.9999090
40593112,-0.0143875,0.0970913,-0.103739,0.00915034,0.00665924,0.00698341,-0.9999120
40626161,-0.0143453,0.0971017,-0.103853,0.00836639,0.00598,0.00600627,-0.9999291
40660122,-0.0143917,0.0970791,-0.103844,0.00838806,0.00603916,0.00607675,-0.9999280
40692996,-0.0144216,0.0970637,-0.10383,0.00837191,0.00564185,0.00567746,-0.9999330
40726522,-0.0144757,0.0970857,-0.103877,0.00809366,0.00548193,0.00572377,-0.9999361
40760284,-0.0144214,0.0970721,-0.10385,0.00775823,0.00522627,0.00522395,-0.9999430
40793078,-0.0144529,0.0970948,-0.103891,0.00785758,0.00534239,0.00516807,-0.9999420
40826431,-0.0144628,0.0971019,-0.103915,0.00784465,0.0043301,0.00489254,-0.9999480
40860632,-0.0145759,0.0971251,-0.103961,0.00762539,0.00419957,0.00506662,-0.9999491
40892841,-0.0144111,0.0970471,-0.103928,0.00794814,0.0045588,0.00434412,-0.9999490
40926311,-0.0144314,0.0971382,-0.10386,0.00735355,0.00568389,0.00376663,-0.999950
40960908,-0.0143689,0.0971035,-0.103956,0.00760906,0.00444251,0.00452609,-0.9999511
40993400,-0.0144336,0.0970833,-0.103932,0.00757384,0.00466189,0.0044115,-0.9999510
41026564,-0.0143718,0.0971175,-0.103984,0.00746913,0.00438628,0.00484903,-0.9999510
41059792,-0.0142709,0.0971982,-0.103791,0.00724497,0.00656328,0.00297651,-0.9999480
41093039,-0.0143383,0.0971016,-0.104092,0.00808369,0.0041369,0.00345612,-0.9999531
41126374,-0.0142593,0.0971504,-0.104006,0.00763277,0.00544928,0.00387359,-0.9999490
41159644,-0.0142379,0.0971931,-0.104019,0.00790694,0.00550326,0.00415413,-0.9999450
41193466,-0.0142488,0.0971539,-0.104021,0.00816444,0.00521096,0.00358609,-0.9999471
41226379,-0.0142277,0.0971052,-0.104028,0.00810985,0.00556848,0.00372711,-0.9999450
41260043,-0.0142668,0.0970608,-0.104016,0.00853337,0.00516932,0.00272423,-0.9999470
41294662,-0.0143088,0.0971956,-0.104117,0.00822188,0.00466924,0.00458123,-0.9999451
41326884,-0.014385,0.0971896,-0.104169,0.0087367,0.00407448,0.00386123,-0.9999460
41360397,-0.0144846,0.0971064,-0.104085,0.00835609,0.00375264,0.00494735,-0.9999460
41393355,-0.0144329,0.0971688,-0.104148,0.00870044,0.00311754,0.00430907,-0.9999480
41426665,-0.0145907,0.0971752,-0.104161,0.00830384,0.00226093,0.00538018,-0.9999491
41459462,-0.0144161,0.0972213,-0.104152,0.00858558,0.00277755,0.005248,-0.9999460
41493421,-0.0144462,0.0972655,-0.104059,0.00837858,0.00402942,0.00511127,-0.9999440
41526797,-0.0143733,0.0970869,-0.104039,0.00933362,0.00362464,0.00560396,-0.9999341
41560286,-0.0143651,0.0970609,-0.104049,0.0100488,0.00440186,0.00572314,-0.9999230
41592382,-0.0143063,0.0970888,-0.104105,0.0104006,0.00484915,0.0051591,-0.9999210
41626526,-0.0142849,0.097091,-0.103836,0.00966335,0.0064335,0.00458835,-0.9999220
41659980,-0.0143763,0.0969786,-0.10406,0.0106061,0.00362335,0.0055634,-0.9999221
41693326,-0.0143503,0.0969866,-0.104076,0.0105419,0.00455743,0.00507759,-0.9999210
41726340,-0.0142306,0.0969774,-0.103979,0.0109452,0.00579799,0.00571927,-0.9999070
41760087,-0.0143003,0.097061,-0.104039,0.0103962,0.00498821,0.00536828,-0.9999191
41793814,-0.0142744,0.0969725,-0.103986,0.0103705,0.00541522,0.00563088,-0.9999160
41826328,-0.0142418,0.0970278,-0.104066,0.010798,0.00460969,0.00465162,-0.999920
41859453,-0.0143629,0.0969969,-0.104091,0.0103879,0.00439447,0.0051239,-0.9999230
41893291,-0.014348,0.0971141,-0.104148,0.00982573,0.0036518,0.00494208,-0.9999331
41926639,-0.0143723,0.0970133,-0.10412,0.00964827,0.00381103,0.00544705,-0.9999310
41959843,-0.0143843,0.0970513,-0.104109,0.0100439,0.00330072,0.00526478,-0.999930
41993495,-0.0145374,0.0970637,-0.104167,0.00955693,0.00253619,0.00577244,-0.9999341
42026619,-0.0143499,0.0970788,-0.104102,0.00958771,0.00353746,0.00568291,-0.9999320
42060424,-0.0144561,0.0970923,-0.104096,0.00917116,0.00375295,0.00531294,-0.9999370
42092880,-0.0143987,0.0970635,-0.104159,0.00954673,0.00233832,0.00605583,-0.9999330
42126676,-0.0143972,0.0970464,-0.104129,0.00959673,0.00360085,0.00553369,-0.9999321
42159826,-0.0142954,0.0971002,-0.10406,0.00945982,0.00432381,0.00569012,-0.999930
42193275,-0.0143634,0.09718,-0.103915,0.00845676,0.00511425,0.00480764,-0.999940
42226520,-0.0143566,0.0970408,-0.104134,0.00947763,0.00290874,0.00541791,-0.9999360
42259921,-0.0144436,0.0971002,-0.104083,0.00894177,0.00412701,0.00506472,-0.9999391
42292732,-0.0143751,0.0970147,-0.103974,0.00907349,0.00494753,0.00482471,-0.9999350
42326460,-0.014443,0.09709,-0.104069,0.00899307,0.00385715,0.00493025,-0.999940
42359557,-0.0144187,0.0970369,-0.104032,0.00899109,0.00463749,0.00485985,-0.9999370
42394014,-0.0144553,0.0969252,-0.103967,0.00913254,0.00428072,0.0039596,-0.9999411
42426505,-0.0144412,0.0969161,-0.104006,0.00900845,0.00472439,0.00438972,-0.9999390
42459598,-0.0143527,0.0969376,-0.103874,0.00915022,0.0052275,0.00499191,-0.9999320
42492640,-0.0142063,0.0968099,-0.10382,0.00945695,0.00699291,0.00519826,-0.9999170
42526609,-0.01429,0.0968361,-0.103794,0.00955699,0.00567331,0.00494005,-0.9999261
42559568,-0.0144515,0.0968942,-0.103872,0.00909542,0.00488025,0.00583478,-0.999930
42592280,-0.0143312,0.0969194,-0.103849,0.00924099,0.004716,0.00585901,-0.9999290
42627126,-0.0143448,0.0969938,-0.103754,0.00862931,0.0058422,0.00569409,-0.9999291
42660754,-0.0144094,0.0969886,-0.103915,0.00913149,0.00437568,0.0067924,-0.9999260
42693219,-0.0145258,0.0970128,-0.10395,0.00910362,0.00381572,0.0061723,-0.9999320
42726701,-0.0144592,0.0971993,-0.104021,0.00869452,0.00404156,0.00667444,-0.9999320
42759947,-0.0144343,0.0972768,-0.103824,0.00820496,0.0049432,0.00618893,-0.9999351
42792559,-0.0144015,0.097152,-0.104052,0.00881672,0.00300326,0.00762574,-0.9999280
42826639,-0.0144612,0.0970477,-0.103902,0.00921352,0.00500043,0.00718627,-0.9999190
42859893,-0.0143208,0.0971929,-0.103917,0.00912733,0.00602021,0.00802859,-0.9999080
42893218,-0.0143779,0.0972336,-0.103906,0.00898819,0.0050547,0.00793339,-0.9999151
42926774,-0.0142913,0.0971066,-0.103789,0.010076,0.00696672,0.00745602,-0.9998970
42959644,-0.0143831,0.0972468,-0.103912,0.0101646,0.00596322,0.00732515,-0.9999040
42992789,-0.014415,0.0972511,-0.103982,0.00985044,0.00575287,0.0076877,-0.9999050
43026543,-0.0143479,0.0973189,-0.10402,0.00979206,0.00583088,0.00650251,-0.9999141
43059817,-0.0142474,0.0971095,-0.103953,0.0103409,0.00704973,0.005952,-0.9999040
43093248,-0.0143156,0.0971313,-0.103975,0.0110813,0.00661947,0.00555136,-0.9999010
43126139,-0.0143781,0.0970803,-0.103956,0.0106184,0.00609706,0.00559481,-0.9999090
43159894,-0.0143102,0.0971067,-0.104058,0.0106748,0.00558543,0.00531631,-0.9999131
43193265,-0.0142867,0.0970335,-0.10386,0.0101991,0.00715462,0.00472008,-0.9999110
43225946,-0.0141461,0.0970418,-0.103895,0.0103038,0.0069232,0.00485938,-0.9999110
43259367,-0.0143455,0.0971226,-0.104003,0.00954033,0.00634784,0.00454591,-0.9999240
43292971,-0.0143359,0.0970896,-0.104087,0.00998403,0.00546161,0.00411517,-0.9999271
43325584,-0.0142504,0.0971014,-0.103823,0.00929305,0.00716334,0.00323632,-0.9999260
43359550,-0.014147,0.0968938,-0.104002,0.0100733,0.0057175,0.00345704,-0.9999270
43392993,-0.0142131,0.0969523,-0.103896,0.00975714,0.0069108,0.00350923,-0.9999221
43426714,-0.0143365,0.0970582,-0.104112,0.0100766,0.0053503,0.00410656,-0.9999270
43460253,-0.0142611,0.0969959,-0.104022,0.0101015,0.00515008,0.00422878,-0.9999270
43494072,-0.0142754,0.0970236,-0.104064,0.00973472,0.00512921,0.00477724,-0.9999281
43527625,-0.0142438,0.0972017,-0.104145,0.00947627,0.00479904,0.0041026,-0.9999350
43560745,-0.0143352,0.0972656,-0.104248,0.00899671,0.00417663,0.0046965,-0.999940
43593407,-0.0143036,0.0972252,-0.104235,0.00929679,0.00380142,0.00431059,-0.999940
43626419,-0.0143734,0.0971121,-0.104182,0.00912365,0.00398995,0.00399781,-0.9999421
43660106,-0.0143202,0.0970645,-0.104186,0.00976873,0.00416319,0.00309214,-0.9999390
43693423,-0.0144918,0.0971697,-0.104252,0.00939123,0.00321357,0.00396723,-0.9999430
43726483,-0.0143232,0.0971158,-0.104243,0.00954344,0.00343513,0.00368339,-0.9999421
43760498,-0.0142799,0.0971787,-0.104119,0.00913249,0.00497561,0.00329429,-0.9999410
43792441,-0.0144572,0.0972622,-0.104404,0.00923608,0.0020212,0.00448413,-0.9999450
43826485,-0.014441,0.0971529,-0.104332,0.00927413,0.00252242,0.00409652,-0.9999451
43859662,-0.0144644,0.097161,-0.104375,0.0092651,0.00179463,0.00387854,-0.9999480
43892795,-0.0144495,0.0972194,-0.104171,0.0088992,0.00288052,0.00334928,-0.9999510
43926014,-0.0143948,0.0969755,-0.104288,0.00933725,0.0014549,0.00308248,-0.9999510
43960286,-0.0144182,0.0970848,-0.10418,0.00950428,0.00352646,0.00381858,-0.9999411
43992931,-0.0143729,0.0970437,-0.104185,0.0099159,0.00274938,0.00472324,-0.9999360
44026463,-0.0142997,0.097068,-0.104098,0.00984672,0.00310755,0.00504564,-0.9999340
44060317,-0.0143855,0.0971292,-0.104139,0.0096031,0.00262996,0.00618887,-0.9999311
44093432,-0.0144235,0.09715,-0.104216,0.00977503,0.00152014,0.00546616,-0.9999360
44126822,-0.01445,0.0971447,-0.10423,0.00961327,0.00156412,0.00623971,-0.9999330
44159801,-0.0144459,0.0972173,-0.104261,0.00946787,0.00112948,0.00555613,-0.9999390
44192486,-0.0144745,0.0971111,-0.104158,0.00962317,0.0019627,0.0065853,-0.999931
44226526,-0.0143252,0.0971361,-0.104156,0.0100697,0.00307712,0.0047734,-0.9999330
44259716,-0.0144463,0.0972277,-0.104198,0.00947816,0.00250425,0.00577831,-0.9999350
44292956,-0.0142744,0.0972623,-0.104184,0.00960001,0.00311924,0.0043634,-0.999941
44326290,-0.0142521,0.0972081,-0.104012,0.00960928,0.0044757,0.00530552,-0.999930
44359671,-0.0141604,0.0971871,-0.104028,0.0100589,0.00403062,0.00583249,-0.9999240
44392774,-0.0141808,0.097218,-0.104014,0.0103315,0.00523353,0.00584229,-0.9999160
44427195,-0.0142366,0.0973094,-0.104128,0.0102336,0.00446415,0.0063043,-0.9999181
44458890,-0.0141842,0.0973979,-0.103922,0.0096821,0.00571726,0.00510686,-0.9999240
44493959,-0.0142787,0.0972072,-0.104262,0.010863,0.00282806,0.00533243,-0.9999230
44525954,-0.0143683,0.0973224,-0.104234,0.0104436,0.0038074,0.00514956,-0.9999250
44559844,-0.0142714,0.0972975,-0.104201,0.0108159,0.00426287,0.00537207,-0.9999181
44593157,-0.0142849,0.0974196,-0.104202,0.0104011,0.00394949,0.00589663,-0.9999210
44627080,-0.0142482,0.0972941,-0.104106,0.0103609,0.00505485,0.00660161,-0.9999120
44659265,-0.014099,0.0973063,-0.104007,0.0107131,0.00595944,0.00578999,-0.9999080
44692562,-0.0142427,0.0973727,-0.104155,0.0104917,0.00543979,0.00676325,-0.9999071
44726530,-0.0142839,0.097412,-0.104191,0.0101851,0.0046023,0.00665495,-0.9999150
44760244,-0.0142606,0.0971995,-0.104089,0.0104219,0.00510335,0.00633237,-0.9999130
44794359,-0.0141766,0.0972665,-0.103984,0.0110097,0.00570074,0.00571748,-0.9999071
44825810,-0.0143562,0.0973317,-0.10412,0.0106146,0.00465994,0.00692398,-0.9999090
44860267,-0.0143645,0.0973737,-0.104159,0.0111014,0.00397379,0.00698788,-0.9999060
44893653,-0.0143665,0.0973762,-0.104049,0.0103358,0.005164,0.00679094,-0.999910
44927131,-0.0142419,0.0972994,-0.104047,0.0103028,0.00469579,0.00717063,-0.999911
44960285,-0.0143005,0.0972917,-0.104,0.0100401,0.00554224,0.00663603,-0.9999120
44992948,-0.0143821,0.097413,-0.104136,0.00992883,0.00482613,0.00663865,-0.9999170
45026058,-0.0142202,0.0973348,-0.10378,0.00948859,0.00690287,0.00572481,-0.9999150
45059781,-0.0143165,0.0972707,-0.104076,0.0104414,0.00436487,0.00671626,-0.9999131
45092112,-0.0143752,0.0972574,-0.104005,0.0100119,0.00556201,0.00638724,-0.9999140
45125804,-0.0143761,0.0972233,-0.10396,0.0100185,0.00556999,0.00699086,-0.999910
45160588,-0.0142365,0.0972076,-0.103899,0.00983695,0.00613034,0.00681374,-0.999911
45193270,-0.0142997,0.0972319,-0.103983,0.00994579,0.00620476,0.00651247,-0.999910
45226675,-0.0142844,0.0972393,-0.103938,0.0100626,0.00692768,0.00600821,-0.9999070
45259305,-0.0143877,0.0972343,-0.103934,0.00977702,0.00640362,0.00768344,-0.9999020
45293169,-0.0142526,0.0971948,-0.103858,0.00954703,0.00676845,0.00677503,-0.9999091
45326372,-0.0143269,0.0971475,-0.104011,0.00972004,0.00682418,0.00666774,-0.9999070
45359563,-0.0143298,0.097186,-0.103934,0.0102796,0.00663737,0.00584766,-0.9999080
45393609,-0.0145232,0.097275,-0.104105,0.00995295,0.00506585,0.00669227,-0.9999151
45426771,-0.0143634,0.0972456,-0.104018,0.0103958,0.0052891,0.006497,-0.9999110
45459504,-0.0142939,0.0972524,-0.103876,0.00985353,0.00703759,0.00581935,-0.999910
45492881,-0.0142969,0.0972238,-0.104019,0.010288,0.00572315,0.00627411,-0.9999110
45526190,-0.0143656,0.0972032,-0.104059,0.0104201,0.00568997,0.00604647,-0.9999111
45558383,-0.0144279,0.0972809,-0.104106,0.010144,0.00444724,0.00625646,-0.9999190
45593621,-0.0143395,0.0972642,-0.103848,0.00971233,0.00588869,0.00547766,-0.999920
45626542,-0.0144071,0.09714,-0.104232,0.0102618,0.00297081,0.00570958,-0.9999271
45659897,-0.014504,0.0971595,-0.104174,0.00988808,0.00366593,0.00507339,-0.9999320
45693126,-0.0145811,0.0971486,-0.1042,0.0100507,0.00266955,0.00539549,-0.9999310
45726024,-0.0144684,0.0971014,-0.10424,0.00937146,0.00211639,0.00452803,-0.9999440
45760226,-0.0144349,0.0970158,-0.104114,0.00945612,0.00230468,0.00554031,-0.9999371
45793722,-0.0144265,0.0970247,-0.104115,0.00885845,0.00163349,0.00474657,-0.9999480
45826427,-0.0145868,0.0970599,-0.10429,0.00819468,-9.68245e-05,0.0047441,-0.9999550
45860293,-0.014484,0.0969885,-0.104201,0.00879617,0.000575287,0.00532176,-0.9999471
45892499,-0.0144916,0.0970183,-0.104296,0.00856028,0.001292,0.00536516,-0.9999480
45925710,-0.0144545,0.0969785,-0.104247,0.00839056,0.00049992,0.0039554,-0.9999570
45959608,-0.0145995,0.0970311,-0.104343,0.00809171,-7.83506e-05,0.00498931,-0.9999550
45993061,-0.0143928,0.09703,-0.104255,0.00826349,0.000753799,0.00452645,-0.9999551
46025706,-0.014308,0.0971143,-0.104076,0.00740422,0.0024228,0.00365499,-0.9999630
46060278,-0.014291,0.0971487,-0.104199,0.00804704,0.00142228,0.00487255,-0.9999550
46094261,-0.0143091,0.0971323,-0.104188,0.0084213,0.002307,0.00522407,-0.9999481
46126426,-0.0142971,0.0972887,-0.10428,0.00866372,0.00227275,0.00544041,-0.9999450
46159774,-0.0142021,0.0974405,-0.10407,0.00882604,0.00467499,0.00554066,-0.9999350
46192286,-0.0142505,0.0973057,-0.104274,0.00890503,0.00231699,0.0056104,-0.9999420
46225821,-0.0143735,0.0973077,-0.104298,0.00892667,0.00230111,0.00608894,-0.9999391
46259260,-0.014303,0.0973248,-0.10425,0.00940502,0.00262472,0.00712408,-0.9999270
46292988,-0.014125,0.0973141,-0.10414,0.0095176,0.00329787,0.0073552,-0.9999220
46325457,-0.0141746,0.0972444,-0.104153,0.00939431,0.00374989,0.00684152,-0.9999250
46359336,-0.0142317,0.0972687,-0.104118,0.0100099,0.0037424,0.00560373,-0.9999271
46392336,-0.0144243,0.0974175,-0.104307,0.00970823,0.00282233,0.00621241,-0.999930
46425797,-0.014384,0.097418,-0.104294,0.010017,0.0023565,0.00614482,-0.9999280
46459503,-0.0143837,0.0972593,-0.104255,0.0103584,0.00290021,0.00640392,-0.9999221
46493357,-0.0144099,0.0972962,-0.104264,0.0111848,0.00282595,0.00604406,-0.9999150
46525957,-0.0144911,0.0972402,-0.104309,0.0103272,0.0020913,0.00688092,-0.9999210
46559703,-0.0143508,0.0972629,-0.104187,0.0107421,0.0026559,0.00772171,-0.9999091
46594257,-0.0144919,0.0972208,-0.104229,0.0109318,0.00323516,0.00720409,-0.9999090
46626574,-0.0144785,0.0972363,-0.104352,0.0110818,0.00130916,0.00725264,-0.9999110
46659409,-0.0145243,0.0972533,-0.104344,0.0109396,0.00181673,0.00683877,-0.9999150
46693092,-0.0145081,0.0972451,-0.104363,0.0112235,0.00200847,0.00648949,-0.9999141
46726364,-0.0144978,0.0975097,-0.104229,0.00958368,0.00271294,0.00558555,-0.9999350
46760680,-0.0146302,0.0973111,-0.10441,0.0104202,-9.27816e-05,0.00601661,-0.9999280
46793449,-0.0146465,0.0973542,-0.104331,0.00973808,0.000986847,0.00570455,-0.9999361
46826522,-0.0146461,0.0972994,-0.104257,0.00965309,0.000732188,0.00641823,-0.9999330
46859997,-0.0145217,0.0972623,-0.10426,0.00990335,0.00070516,0.00681297,-0.9999280
46892821,-0.0147625,0.0973965,-0.104368,0.00993291,-0.000292299,0.00774001,-0.9999210
46925990,-0.0146018,0.097486,-0.104225,0.00991383,0.000678661,0.00805925,-0.9999181
46960515,-0.0146929,0.0974922,-0.10425,0.0101104,0.000968526,0.009953,-0.9998990
46992707,-0.0147371,0.0973906,-0.104298,0.0099859,0.00141408,0.00986517,-0.99990
47026042,-0.0148131,0.0973964,-0.104362,0.0101781,0.00130612,0.00963995,-0.9999011
47060186,-0.0149484,0.0976736,-0.104423,0.0106238,0.000246225,0.00963798,-0.9998970
47093290,-0.0147386,0.0973438,-0.104366,0.0114781,0.0010422,0.0122004,-0.9998590
47126300,-0.0146719,0.0974866,-0.10429,0.012851,0.00164092,0.0133092,-0.9998281
47159385,-0.0146853,0.0974099,-0.104179,0.011849,0.00334003,0.0111162,-0.9998620
47193308,-0.014486,0.0976171,-0.103918,0.0136112,0.00238679,0.0128509,-0.9998220
47226254,-0.0146536,0.0975967,-0.104088,0.0135724,0.00233505,0.0123664,-0.9998290
47259599,-0.0149821,0.0978421,-0.104409,0.0132318,0.000111277,0.0127304,-0.9998311
47292318,-0.0148989,0.0978004,-0.1042,0.0130123,0.00229877,0.0117849,-0.9998430
47326395,-0.0148219,0.097587,-0.104238,0.0145381,0.000190089,0.0127558,-0.9998130
47360238,-0.0148799,0.0976149,-0.104249,0.0138381,0.00200816,0.0116829,-0.9998341
47393381,-0.0151606,0.097881,-0.104401,0.0143387,0.00107623,0.0134532,-0.9998060
47427282,-0.0151362,0.0978726,-0.104359,0.0146219,0.00017337,0.0144294,-0.9997890
47460276,-0.0152151,0.097761,-0.104333,0.0132088,0.000693819,0.0127623,-0.9998311
47493522,-0.015283,0.0976575,-0.104329,0.0125423,0.000122058,0.0116388,-0.9998540
47526045,-0.0151902,0.0977667,-0.104374,0.0116024,-0.000277427,0.0117508,-0.9998640
47559129,-0.0147849,0.0978218,-0.104179,0.0120748,0.00117241,0.0107087,-0.9998690
47592784,-0.014792,0.0975251,-0.104058,0.0127023,0.00393265,0.0102494,-0.9998591
47626056,-0.0148177,0.0978876,-0.104141,0.0124431,0.0030897,0.00863477,-0.9998810
47659156,-0.0149285,0.0979464,-0.104278,0.0121295,0.000511293,0.0122138,-0.9998520
47693526,-0.0149849,0.0978959,-0.104291,0.0138078,-0.00054699,0.0133857,-0.9998151
47725915,-0.0147711,0.0977769,-0.104507,0.0108154,-0.0030629,0.0126303,-0.9998570
47759888,-0.0150293,0.0979921,-0.104773,-0.0116544,0.00453834,-0.0114894,0.9998560
47792957,-0.0149481,0.0980875,-0.104483,0.0120741,-0.00395705,0.0135952,-0.9998270
47826569,-0.0149832,0.0977874,-0.104476,0.0129589,-0.00296461,0.01273,-0.9998311
47860498,-0.0148899,0.0975446,-0.104147,0.0124381,-0.00187516,0.0112848,-0.9998570
47893023,-0.0150281,0.0977185,-0.104375,0.0120538,-0.00377463,0.0109423,-0.999860
47926815,-0.0146992,0.0979128,-0.104446,0.0115124,-0.00206551,0.0108476,-0.9998731
47959887,-0.0146193,0.097843,-0.10416,0.011751,0.00276644,0.00869411,-0.9998890
47993402,-0.0145476,0.0977109,-0.104062,0.0117139,0.00365736,0.00705818,-0.99990
48025681,-0.0143497,0.097886,-0.103853,0.0116241,0.00433024,0.00879439,-0.9998840
48059794,-0.014521,0.0976416,-0.104346,0.0120203,0.00039341,0.00934273,-0.9998841
48093214,-0.0147579,0.0976999,-0.104296,0.0112664,0.0012793,0.0095245,-0.999890
48127434,-0.0148693,0.0975815,-0.104622,0.0124513,-0.000368467,0.0105222,-0.9998670
48159609,-0.0148108,0.0976077,-0.104555,0.0128532,0.000748252,0.0101886,-0.9998650
48193676,-0.014827,0.0975103,-0.104537,0.0135107,-2.09359e-05,0.010173,-0.9998571
48226333,-0.0150546,0.0974328,-0.104553,0.0131303,-0.00065136,0.0120697,-0.9998410
48260329,-0.0152242,0.0977839,-0.104687,0.0138024,-0.00153227,0.0124242,-0.9998260
48292979,-0.0152633,0.0977975,-0.104458,0.012452,0.00058356,0.0127384,-0.9998410
48326281,-0.0155673,0.0977873,-0.104579,0.0130306,-0.00146398,0.0131382,-0.9998281
48359541,-0.0150022,0.0975529,-0.104354,0.0117576,-0.00029247,0.0139339,-0.9998340
48394230,-0.0150105,0.0976932,-0.104071,0.0130951,0.00330515,0.0131272,-0.9998230
48425649,-0.0148333,0.0976047,-0.103842,0.0125655,0.00751202,0.00985474,-0.9998440
48459581,-0.0146765,0.0974226,-0.103509,0.0139835,0.00958916,0.00896346,-0.9998161
48492943,-0.0150043,0.0973538,-0.103901,0.012605,0.00748053,0.00765403,-0.9998630
48525828,-0.014937,0.0971577,-0.103631,0.0133753,0.00877645,0.00785078,-0.9998410
48559881,-0.014983,0.0974053,-0.103868,0.0119478,0.00739846,0.00821911,-0.9998671
48593061,-0.0144768,0.0985867,-0.103973,-0.0004494,0.00328331,0.00656554,-0.9999730
48626707,-0.0153164,0.0979236,-0.105033,-0.00346663,0.00706677,-0.0104912,0.9999140
48660009,-0.0144037,0.0982783,-0.103441,-0.00523764,0.00348665,-0.0042207,-0.9999711
48694329,-0.0144259,0.0979998,-0.103772,-0.0045608,0.00390947,-0.00580376,-0.9999650
48726702,-0.0143828,0.097611,-0.103741,-0.00336147,0.00380757,-0.00502055,-0.9999750
48760491,-0.0148551,0.0972283,-0.103865,0.00274261,0.00436932,-0.00298464,-0.9999821
48793583,-0.0147026,0.097697,-0.103976,-0.000931473,0.000952255,-0.00042433,-0.9999990
48826614,-0.0147468,0.0982417,-0.104023,-0.00174938,0.00318573,-0.00140978,-0.9999920
48860261,-0.014637,0.0981859,-0.104126,-0.00338746,0.00399514,-0.000167282,-0.9999860
48892317,-0.0147056,0.0985505,-0.104273,-0.00410062,0.0014055,0.000151695,-0.9999911
48926538,-0.0140225,0.0973773,-0.103104,-0.00422801,0.00997063,-0.00710116,-0.9999160
48959947,-0.0148567,0.0975078,-0.104172,0.00562579,0.00140865,0.00496976,-0.9999710
48993041,-0.0149135,0.0983056,-0.10434,0.00189866,0.00194873,0.00312665,-0.9999911
49025727,-0.0146364,0.0980642,-0.104282,1.01746e-05,0.00502268,-0.00232332,-0.9999850
49059506,-0.014936,0.098442,-0.104264,-0.000102894,0.00160683,0.000538623,-0.9999990
49093027,-0.0148425,0.0980701,-0.10385,0.0012139,0.00297307,0.000764109,-0.9999950
49127015,-0.01467,0.0983859,-0.103999,0.000887114,0.00254757,0.00190772,-0.9999951
49159486,-0.014517,0.0981958,-0.103976,0.00394087,0.00279896,0.00488837,-0.9999760
49192829,-0.0148422,0.0978886,-0.104229,0.00887242,0.00118194,0.00773285,-0.999930
49225863,-0.0148313,0.0981923,-0.104154,0.00764341,0.00193852,0.00585994,-0.9999520
49258950,-0.0143125,0.0980301,-0.103306,0.00898349,0.0104891,0.00300956,-0.99991
49292799,-0.0142639,0.0979951,-0.103392,0.00844423,0.0116523,0.00105415,-0.9998960
49325807,-0.0149513,0.0984937,-0.104491,0.00770392,-0.00107249,0.00601271,-0.9999520
49359027,-0.0150349,0.0980047,-0.104757,-0.0107843,0.00554852,-0.009648,0.999881
49392234,-0.0148737,0.098011,-0.104387,0.0103141,-0.00160455,0.00741137,-0.9999180
49426315,-0.0146866,0.098181,-0.104036,0.00842488,0.00202502,0.00672702,-0.999940
49459555,-0.0144091,0.0980899,-0.104453,0.00746422,-0.00345375,0.00981725,-0.9999181
49492515,-0.015293,0.0981301,-0.104554,-0.0105702,0.00398712,-0.0109585,0.9998760
49526234,-0.0146898,0.0975468,-0.10409,0.00967973,0.0017184,0.00751833,-0.9999230
49559860,-0.0147969,0.0976279,-0.104618,-0.00816846,0.00429968,-0.00772949,0.9999281
49592250,-0.0149127,0.0970135,-0.104451,-0.0133822,0.00576426,-0.0127773,0.9998120
49626284,-0.0146765,0.0967903,-0.104447,-0.014475,0.00504692,-0.0141034,0.9997830
49659359,-0.0147362,0.0969047,-0.104178,0.0131424,-0.00216281,0.0127347,-0.999830
49692297,-0.0146102,0.096778,-0.104334,0.0134036,-0.00192514,0.0138552,-0.9998121
49726407,-0.0144105,0.0967299,-0.103932,0.0153856,-0.000765643,0.0156673,-0.9997590
49759710,-0.0142581,0.0968894,-0.103422,0.0145589,0.00692789,0.0113802,-0.9998050
49793998,-0.0148767,0.0965708,-0.104425,0.0164334,-0.00472685,0.0187053,-0.9996791
49826014,-0.0148987,0.0965503,-0.104314,0.0166171,-0.00390579,0.018561,-0.9996820
49859653,-0.0149532,0.0968995,-0.104618,0.0146919,-0.00485708,0.0202707,-0.9996750
49892736,-0.014946,0.0967108,-0.104344,0.0169138,-0.00349703,0.0190221,-0.999670
49927076,-0.0147554,0.0967513,-0.104361,0.0162499,-0.0029018,0.0210772,-0.9996421
49959275,-0.0149113,0.0968025,-0.104354,0.0177869,-0.00241221,0.0196379,-0.9996460
49992624,-0.0146887,0.0970621,-0.103927,0.0154842,0.000799312,0.0174631,-0.9997270
50026370,-0.0149225,0.0967828,-0.104435,0.0170847,-0.00448825,0.0203179,-0.9996380
50059705,-0.0150787,0.0967623,-0.104596,-0.0171962,0.00634856,-0.0191676,0.9996481
50093215,-0.0148707,0.0969873,-0.104317,0.0144156,-0.000901808,0.0143305,-0.9997930
50188126,-0.0149198,0.0970508,-0.104391,0.0163133,-0.00261797,0.0159955,-0.9997361
50188573,-0.0148459,0.0970076,-0.104346,0.0162426,-0.00306518,0.0172782,-0.9997140
50193270,-0.0149879,0.0971055,-0.104454,0.0159149,-0.00322997,0.0187499,-0.9996920
50227246,-0.0152041,0.097174,-0.104645,0.0148281,-0.00358506,0.0205011,-0.9996730
50259945,-0.0154097,0.0972111,-0.104938,0.0150095,-0.00483194,0.0190852,-0.9996940
50292743,-0.0152505,0.09747,-0.104331,0.0124585,0.00115161,0.0126883,-0.9998411
50326124,-0.0150293,0.0972411,-0.104337,0.0129448,-0.000340419,0.0144528,-0.9998120
50359301,-0.0153192,0.0969968,-0.103902,0.0147401,0.00733664,0.0106009,-0.9998080
50393302,-0.0151687,0.0967518,-0.103755,0.0143955,0.0079589,0.00910795,-0.9998231
50425718,-0.0149651,0.0971015,-0.103761,0.0117631,0.00701491,0.00894549,-0.9998660
50458814,-0.0150436,0.0975502,-0.10398,0.0105779,0.00714994,0.00833895,-0.9998840
50494431,-0.0155555,0.0978315,-0.10418,0.0112455,0.00248131,0.0106918,-0.9998771
50526664,-0.0153209,0.0976508,-0.104544,0.0110952,0.000627811,0.0105896,-0.9998820
50559391,-0.015412,0.0977841,-0.10495,0.00782665,-0.00212104,0.0143446,-0.9998640
50592930,-0.0158158,0.0980719,-0.105182,-0.0124635,0.00756817,-0.0168873,0.9997510
50625965,-0.0160222,0.098006,-0.105022,-0.0124994,0.00747267,-0.0177954,0.9997361
50659292,-0.0158534,0.0975883,-0.104835,0.015328,-0.00596451,0.0198,-0.9996690
50693317,-0.0156232,0.098098,-0.104688,0.0140191,-0.00280999,0.0178217,-0.9997390
50726734,-0.0156564,0.0976915,-0.104925,0.0152062,-0.00608768,0.0202214,-0.9996611
50759093,-0.0159966,0.0979672,-0.104856,0.0142256,-0.0039568,0.0190368,-0.999710
50793482,-0.0161187,0.0976438,-0.10476,0.0140027,-0.00376055,0.0189081,-0.9997160
50826257,-0.0159358,0.0976161,-0.103942,0.0119529,0.00214145,0.0128466,-0.9998440
50859149,-0.015765,0.0974368,-0.104482,0.0128182,-0.000712554,0.017154,-0.999771
50893222,-0.0159354,0.0972739,-0.104852,0.0148259,-0.00357783,0.0191542,-0.99970
50926193,-0.0157544,0.0970814,-0.104839,0.0162828,-0.00225529,0.0217592,-0.9996280
50959508,-0.0156837,0.0971322,-0.104971,0.0165997,-0.00206654,0.0200907,-0.9996581
50992932,-0.0153065,0.0966879,-0.104878,0.0167757,-0.000798973,0.0205036,-0.9996490
51025127,-0.0142399,0.0977971,-0.102768,-0.00603303,0.0160752,-0.00476472,-0.9998410
51058971,-0.0140074,0.0974572,-0.103185,-0.00305235,0.0140463,0.00195422,-0.9998950
51092876,-0.0139443,0.0981752,-0.10343,-0.00835316,0.01376,-0.00134767,-0.999871
51125975,-0.0137123,0.0976529,-0.103229,-0.00895968,0.0132284,-0.00180795,-0.9998710
51159330,-0.0146007,0.0964944,-0.103397,0.0071329,0.00873369,0.0044622,-0.9999260
51193326,-0.0146908,0.0966812,-0.104562,0.00997104,-0.00440437,0.016523,-0.9998041
51226150,-0.0145862,0.0967971,-0.104418,0.00903643,-0.00174724,0.0170404,-0.9998120
51259531,-0.0144133,0.0967478,-0.103994,0.00810229,0.00130744,0.0146112,-0.999860
51292634,-0.0144587,0.0962969,-0.104178,0.00938528,-0.00179189,0.0187933,-0.9997780
51326486,-0.0146606,0.0963433,-0.104191,0.00960467,-0.00370961,0.0187893,-0.999771
51359348,-0.0146497,0.0964977,-0.104594,0.011075,-0.00485535,0.0201936,-0.9997230
51392779,-0.0142483,0.0960851,-0.104543,0.011528,-0.00379556,0.0201048,-0.9997240
51426228,-0.0141508,0.0955393,-0.104383,0.0138235,-0.00622655,0.0209831,-0.9996650
51459210,-0.0142386,0.0961992,-0.104601,-0.0107334,0.00759276,-0.0215838,0.9996811
51492401,-0.0143494,0.0962148,-0.103908,0.0144337,0.00232478,0.0169142,-0.999750
51526236,-0.0142955,0.0963939,-0.104167,0.0133855,-0.0014213,0.017582,-0.9997550
51559914,-0.0144875,0.0964463,-0.104852,-0.0103509,0.00874064,-0.0197739,0.9997131
51592936,-0.0142838,0.0960049,-0.10372,0.0127353,0.00282695,0.011813,-0.9998450
51626826,-0.0142026,0.0964969,-0.10457,0.0084736,-0.00515981,0.0180155,-0.9997880
51659239,-0.0144512,0.0964097,-0.104333,0.00892579,-0.00392415,0.0163816,-0.9998180
51693367,-0.0142744,0.0962484,-0.104495,0.010606,-0.00378192,0.0182366,-0.999771
51727226,-0.0143237,0.0963193,-0.103966,0.0111729,0.000473895,0.0147553,-0.9998290
51758868,-0.0142863,0.0967023,-0.104161,0.00970914,-0.00183006,0.014682,-0.9998430
51793842,-0.0141877,0.0967626,-0.103965,0.00978061,0.000632631,0.0138948,-0.9998551
51825722,-0.0139911,0.0971458,-0.103839,0.00906865,0.00060469,0.0129038,-0.9998750
51858970,-0.0143568,0.0977194,-0.103625,0.00628152,0.00603482,0.014214,-0.9998610
51893084,-0.0145532,0.0970671,-0.104191,0.012567,0.00164251,0.0140642,-0.9998210
51927230,-0.0148051,0.0968745,-0.104122,0.0140029,-0.00348675,0.0162829,-0.9997631
51959720,-0.0139603,0.0977429,-0.104151,0.00853781,-0.00547923,0.0188835,-0.999770
51992953,-0.0137473,0.0974376,-0.103123,0.00907546,0.00325092,0.0132171,-0.9998660
52025918,-0.0139298,0.0976677,-0.10324,0.00820225,0.00642765,0.00707079,-0.9999210
52059257,-0.0145554,0.0974557,-0.104465,-0.0102364,0.00725013,-0.0142703,0.999821
52092542,-0.0139738,0.0974424,-0.103944,0.0119239,-0.00328277,0.016598,-0.9997860
52125674,-0.013536,0.0974839,-0.103785,0.0129847,7.92437e-05,0.0165314,-0.9997790
52159447,-0.0139211,0.0972788,-0.103394,0.0127416,0.00469995,0.014481,-0.9998031
52193248,-0.0141498,0.0975348,-0.103582,0.0111487,0.00111074,0.0167526,-0.9997970
52225783,-0.0137903,0.0972739,-0.103006,0.0109741,0.00860387,0.0111373,-0.9998410
52259683,-0.0137505,0.097293,-0.103236,0.0108298,0.00696629,0.0129666,-0.9998331
52293397,-0.0139711,0.0971711,-0.103293,0.00937852,0.00788348,0.0103959,-0.9998710
52326115,-0.0141252,0.0970829,-0.104167,0.00591469,-0.00162825,0.0151132,-0.9998670
52359658,-0.0142443,0.0968769,-0.103606,0.00853226,0.00139555,0.0134508,-0.9998720
52393027,-0.0142659,0.0969105,-0.103656,0.00914526,0.0033949,0.0112149,-0.999891
52426977,-0.0141355,0.0967981,-0.103872,0.00971917,2.50836e-05,0.0136028,-0.999860
52459273,-0.01409,0.0969758,-0.103888,0.00674534,0.000385909,0.0156568,-0.9998550
52493481,-0.0141782,0.0966037,-0.103727,0.0101094,0.00299943,0.016431,-0.9998091
52525664,-0.0140487,0.0967869,-0.104326,0.0104556,-0.00438353,0.0176507,-0.999780
52559692,-0.0137239,0.0964347,-0.103247,0.0128995,0.00794563,0.00868618,-0.9998480
52592614,-0.0142638,0.0961822,-0.103538,0.0137708,0.00498615,0.00821515,-0.9998590
52626231,-0.0139224,0.0962519,-0.103529,0.0145923,0.000364999,0.0174526,-0.9997411
52658790,-0.0133977,0.0966578,-0.103484,0.0153842,7.35379e-06,0.0187766,-0.9997050
52692360,-0.013575,0.0965441,-0.103775,0.0170541,0.000793207,0.017623,-0.9996990
52726454,-0.0137352,0.0961532,-0.103886,0.0170468,0.000339748,0.015473,-0.9997351
52759248,-0.0142345,0.0958743,-0.10432,0.0195646,-0.00733448,0.0248051,-0.9994740
52792678,-0.0144725,0.0959247,-0.104276,-0.021101,0.00839863,-0.0262907,0.9993960
52825958,-0.014299,0.0959492,-0.103855,0.0177696,-0.00207344,0.0207667,-0.9996240
52859210,-0.0144873,0.0961125,-0.104268,0.016049,-0.00503287,0.0202107,-0.9996541
52892321,-0.0144866,0.0963634,-0.104219,0.0161617,-0.00428987,0.019773,-0.9996650
52925605,-0.0142852,0.0966855,-0.104049,0.0139672,-0.00156679,0.0192896,-0.9997150
52959689,-0.0140369,0.0966472,-0.1045,-0.0129108,0.00687621,-0.0205944,0.9996811
52993058,-0.0137609,0.09594,-0.104018,0.0155928,-0.00419733,0.0187323,-0.9996940
53025428,-0.013907,0.0961039,-0.104096,0.0160232,-0.00319592,0.0183829,-0.9996980
53059340,-0.0138146,0.0961877,-0.104336,0.0160315,-0.0049859,0.021648,-0.9996250
53093124,-0.0138723,0.0960564,-0.104232,0.0165989,-0.0045861,0.02339,-0.9995781
53125706,-0.0137222,0.0959983,-0.104178,0.015392,-0.00474023,0.0219044,-0.999630
53159190,-0.0137345,0.0961268,-0.104295,0.0138521,-0.00495507,0.0188523,-0.9997140
53192073,-0.0142362,0.096121,-0.104363,0.0140249,-0.00588324,0.0200206,-0.9996840
53225151,-0.013729,0.0962862,-0.104123,-0.011581,0.00672781,-0.0175314,0.9997571
53258641,-0.0141699,0.0964057,-0.104196,0.0135541,-0.00423539,0.0165516,-0.9997620
53293006,-0.0143953,0.0960132,-0.103736,0.0214494,0.00783936,0.0181995,-0.9995740
53325935,-0.0154937,0.0964699,-0.105171,0.0285882,0.00566767,0.0361453,-0.9989221
53358891,-0.0153574,0.0962302,-0.10569,0.0252326,0.00134268,0.0352348,-0.999060
53392072,-0.0155481,0.0968302,-0.10547,0.0246717,0.00137396,0.0337382,-0.9991250
53425727,-0.0143798,0.0962601,-0.104083,0.0210849,-0.000381956,0.0230343,-0.9995120
53459492,-0.0135275,0.0962402,-0.103924,0.0163387,-0.00443919,0.0182319,-0.999691
53491913,-0.0141526,0.0967047,-0.10426,-0.0150659,0.00549746,-0.0159985,0.9997430
53525977,-0.0137472,0.096111,-0.103122,-0.0109434,0.00703644,-0.00747059,0.9998870
53559845,-0.0133232,0.0963501,-0.103688,-0.00827496,0.0131186,-0.0101424,0.9998281
53593271,-0.0130261,0.0958138,-0.103446,-0.00926994,0.0109808,-0.00942957,0.9998520
53626498,-0.0134896,0.0958698,-0.10359,-0.00740877,0.0111653,-0.0148648,0.99980
53659173,-0.0133545,0.0960546,-0.103627,-0.00729843,0.0115646,-0.0128805,0.9998240
53692339,-0.0133116,0.0960215,-0.103365,-0.008072,0.00902499,-0.0111869,0.9998641
53726147,-0.013509,0.0958815,-0.103548,-0.00911092,0.0112916,-0.00964964,0.9998480
53758839,-0.0134795,0.0960369,-0.103226,-0.00859962,0.00879063,-0.0136076,0.9998320
53792414,-0.0130974,0.0961739,-0.102993,-0.00921328,0.00899603,-0.013254,0.9998291
53826321,-0.0130438,0.09634,-0.102797,-0.00892964,0.00708153,-0.0138229,0.999840
53859389,-0.0132358,0.0965307,-0.102817,-0.00889512,0.00814199,-0.0128036,0.9998450
53892106,-0.0136261,0.0964618,-0.103,-0.00918254,0.00938787,-0.0151725,0.9997990
53925905,-0.0135698,0.0967834,-0.103246,-0.00972531,0.00644651,-0.0152037,0.9998161
53959080,-0.0132281,0.0968115,-0.102762,0.00653672,-0.000193033,0.012997,-0.9998940
53992500,-0.0132238,0.096719,-0.102813,0.00882949,-0.00395294,0.0133325,-0.9998640
54025099,-0.0136415,0.096278,-0.102981,0.0126873,-0.0049363,0.0161051,-0.9997780
54058647,-0.0141584,0.0966099,-0.103964,-0.0173955,0.00891408,-0.020347,0.9996021
54092897,-0.0136289,0.0967459,-0.103401,0.0158971,-0.00560859,0.019058,-0.9996760
54125521,-0.01405,0.0966423,-0.103558,-0.0165529,0.00883827,-0.0191316,0.9996410
54158438,-0.0141907,0.0967222,-0.103573,-0.0157589,0.00940606,-0.0178378,0.9996720
54194406,-0.013853,0.0964778,-0.103217,-0.0143945,0.00981915,-0.0162847,0.9997161
54225575,-0.0140531,0.0963983,-0.103454,-0.0138526,0.0101101,-0.0161556,0.9997220
54258676,-0.014118,0.0962495,-0.103484,-0.0146883,0.0126864,-0.0166991,0.9996720
54293330,-0.0140939,0.0965333,-0.103544,-0.0128884,0.0111423,-0.0162023,0.9997240
54325863,-0.0142949,0.0964236,-0.103709,-0.0152174,0.0117877,-0.0172792,0.9996651
54359301,-0.0138645,0.0964249,-0.103553,-0.0124681,0.0117252,-0.0151702,0.9997380
54393067,-0.0134937,0.0962331,-0.103431,-0.0111505,0.00945327,-0.0142036,0.9997920
54424903,-0.0136394,0.0965724,-0.10341,-0.0117554,0.00846535,-0.0146338,0.9997880
54459250,-0.0137883,0.0963737,-0.10318,-0.0118265,0.00939223,-0.016034,0.9997571
54492543,-0.0140125,0.0964512,-0.103416,-0.00990861,0.0096635,-0.0156859,0.9997810
54526308,-0.0142996,0.0966043,-0.103421,-0.00978421,0.0081607,-0.016212,0.9997870
54559072,-0.0135593,0.0965301,-0.103096,-0.00743049,0.00614578,-0.0161353,0.9998230
54593474,-0.0131144,0.0964812,-0.103123,-0.00861326,0.0063746,-0.0165511,0.9998061
54625497,-0.0132042,0.0966371,-0.1031,-0.0092255,0.00597823,-0.0164533,0.9998040
54659302,-0.0132885,0.0968423,-0.102868,0.00626852,-0.00253152,0.0122555,-0.9999020
54692316,-0.0136707,0.0963304,-0.103435,-0.0108481,0.00934815,-0.0171181,0.9997510
54725694,-0.0137557,0.096652,-0.103246,-0.011116,0.00779101,-0.01912,0.9997251
54759456,-0.0135204,0.0967114,-0.103285,-0.0108357,0.00859247,-0.0179474,0.9997430
54792963,-0.0134229,0.0964874,-0.103095,-0.00917884,0.00898114,-0.0157934,0.9997930
54825573,-0.0131739,0.0965724,-0.103075,-0.00972338,0.00745682,-0.0159375,0.9997980
54859449,-0.0130887,0.0968247,-0.10289,-0.00462621,0.00489737,-0.0118641,0.9999071
54893418,-0.0131863,0.0967509,-0.103103,-0.00656992,0.00547904,-0.01304,0.9998780
54925584,-0.0135482,0.0963442,-0.103053,-0.00634839,0.00631745,-0.0117509,0.9998910
54960419,-0.0137389,0.0961927,-0.103413,-0.00802182,0.00706091,-0.0121063,0.999871
54992573,-0.0136694,0.0961346,-0.103367,-0.00845404,0.00504642,-0.0122693,0.9998760
55025922,-0.013376,0.0967157,-0.102914,0.00372914,-0.00209614,0.00927022,-0.9999480
55059112,-0.0131947,0.0965187,-0.10311,0.00470661,-0.0015895,0.00880488,-0.9999490
55092867,-0.0128472,0.0968186,-0.102347,0.00213822,0.00305236,0.00534695,-0.9999791
55125341,-0.0129991,0.0965942,-0.102844,0.00528458,-0.00105256,0.0104255,-0.9999310
55158035,-0.0126438,0.0968596,-0.102423,0.00567092,0.000619691,0.0112835,-0.999920
55191927,-0.012856,0.0968879,-0.102317,0.00405079,0.00174874,0.0103111,-0.9999370
55226511,-0.0127998,0.0971591,-0.102131,0.00281806,0.00333884,0.00844523,-0.9999551
55259593,-0.0128417,0.0970168,-0.102504,0.00361309,0.000119495,0.00923586,-0.9999510
55292898,-0.0128285,0.0971176,-0.102302,0.00347712,0.0023115,0.0102218,-0.9999390
55327013,-0.0128108,0.0972677,-0.102347,0.00274799,0.0019437,0.011016,-0.9999341
55358257,-0.0130146,0.0973873,-0.102447,0.0025335,0.00114219,0.0109705,-0.9999360
55393299,-0.0130283,0.097352,-0.102541,0.00135884,-0.000890269,0.00916207,-0.9999570
55425385,-0.0131187,0.0974129,-0.102601,0.00136766,-0.00135616,0.00869524,-0.999960
55458916,-0.0130564,0.0970329,-0.102649,0.00315475,-0.000409592,0.0100608,-0.9999441
55493050,-0.0131864,0.0970003,-0.102697,0.0041055,0.000425729,0.00955853,-0.9999460
55526375,-0.0133193,0.0969445,-0.102987,0.00327291,-0.00216224,0.00799854,-0.999960
55559227,-0.013511,0.0968008,-0.102917,0.00427179,-0.00233454,0.00711588,-0.9999631
55593223,-0.0134153,0.0967185,-0.103055,0.00369848,-0.0020586,0.0100881,-0.999940
55626424,-0.0132676,0.0965684,-0.103005,0.00467447,-0.00137074,0.0106278,-0.9999320
55658918,-0.0133329,0.096577,-0.102891,0.00358777,-0.000550068,0.00861686,-0.9999560
55692753,-0.0132538,0.0966734,-0.103167,0.00418979,-0.00110629,0.010295,-0.9999381
55725163,-0.0135255,0.0965988,-0.103227,0.00440015,-0.000409482,0.0116455,-0.9999220
55758802,-0.0136602,0.0966467,-0.10333,0.00475742,-0.00042959,0.0138699,-0.9998920
55792646,-0.013505,0.0967203,-0.102993,0.00298566,0.000587287,0.0103725,-0.9999420
55826949,-0.0134617,0.0966858,-0.103348,0.00421937,-0.00219158,0.0123267,-0.9999131
55860025,-0.0137087,0.0966932,-0.103457,0.00723773,-0.000913313,0.0160373,-0.9998450
55892536,-0.0136649,0.0966206,-0.103706,0.00838907,-0.00194447,0.0188667,-0.9997850
55926063,-0.0135066,0.0964407,-0.103657,0.00911948,-0.00379195,0.0162949,-0.9998180
55960280,-0.0132621,0.0963038,-0.10344,0.00992048,-0.00293625,0.0145475,-0.9998411
55992683,-0.013338,0.0964982,-0.103442,0.00606595,-0.00394236,0.0128871,-0.9998910
56025077,-0.0134863,0.0965565,-0.103517,0.00615788,-0.00397694,0.0141004,-0.9998740
56059714,-0.0134519,0.096471,-0.103493,-0.00601752,0.00517301,-0.0130826,0.9998830
56093025,-0.0131565,0.096688,-0.103365,-0.00466111,0.00424186,-0.00978652,0.9999321
56126485,-0.0132528,0.0967267,-0.103182,0.00591814,-0.00239487,0.0103334,-0.9999260
56159706,-0.0134626,0.0967541,-0.103297,0.00634555,-0.00324061,0.0116834,-0.9999060
56193249,-0.0133604,0.0968387,-0.10339,0.00659315,-0.00336385,0.0133884,-0.9998831
56225955,-0.0130074,0.0970396,-0.103169,-0.0002119,0.0042332,-0.00782709,0.999960
56259043,-0.0132526,0.0971025,-0.103115,0.000112593,0.00522148,-0.00810223,0.9999540
56293777,-0.0131904,0.0970247,-0.103109,-0.000398326,0.00478736,-0.00703905,0.9999641
56325619,-0.013231,0.096736,-0.103052,-0.00137308,0.0041324,-0.00785609,0.999960
56359286,-0.0133673,0.0970871,-0.102944,-0.0015275,0.00329766,-0.00783237,0.9999630
56391912,-0.013075,0.096817,-0.103106,-0.00274796,0.00434853,-0.00827404,0.9999530
56425931,-0.0132366,0.0967812,-0.103082,-0.00290818,0.00329839,-0.00788231,0.9999591
56459187,-0.013228,0.0969074,-0.1032,-0.00356998,0.00368249,-0.00895229,0.9999470
56492475,-0.0128982,0.0968477,-0.102897,0.00197103,-0.00290511,0.00796969,-0.9999620
56525162,-0.0127334,0.096775,-0.102733,-0.000302323,-0.000742649,0.00555458,-0.9999840
56558567,-0.0131968,0.096942,-0.103061,0.000735784,0.00320245,-0.00277811,0.9999911
56592242,-0.0132296,0.0969416,-0.103118,0.000258838,0.00316863,-0.00315726,0.999990
56625497,-0.0127246,0.0968389,-0.102839,-0.000221811,-0.000729511,0.00385452,-0.9999920
56659646,-0.0127913,0.0968288,-0.102889,-4.3196e-05,-0.000805911,0.00357038,-0.9999931
56693048,-0.0129656,0.0970518,-0.103069,0.000913618,0.00291472,-0.00374306,0.9999880
56726260,-0.0128982,0.0970731,-0.103065,0.000463978,0.00371943,-0.00490563,0.9999810
56757605,-0.0130446,0.0969121,-0.103046,-0.000405704,0.0040689,-0.00659272,0.999970
56791918,-0.013066,0.0968955,-0.102963,-0.000979116,0.00285343,-0.00582942,0.9999781
56826010,-0.01313,0.0968215,-0.103186,-0.00170255,0.00502834,-0.00648845,0.9999650
56860348,-0.0131831,0.0968007,-0.103154,-0.00349447,0.00561663,-0.00765182,0.9999490
56893104,-0.0135007,0.0967101,-0.103205,-0.00336712,0.00659443,-0.00813549,0.999941
56926089,-0.0133756,0.0968625,-0.10297,-0.00295214,0.00407979,-0.00708053,0.9999620
56959852,-0.0131549,0.0968086,-0.102973,-0.00289816,0.0034574,-0.00844806,0.9999540
56993052,-0.013267,0.0967061,-0.103033,0.00371015,-0.00268138,0.0080175,-0.9999570
57025600,-0.0132969,0.0966789,-0.103098,-0.0037783,0.0053579,-0.00883969,0.9999391
57059378,-0.0131813,0.0965816,-0.10306,-0.00666227,0.0042966,-0.0120822,0.9998960
57092667,-0.0131737,0.0966246,-0.103168,0.00721815,-0.00326837,0.0141987,-0.9998680
57125263,-0.0133248,0.0966326,-0.102999,0.00556699,-0.00295515,0.011276,-0.9999170
57160342,-0.0135,0.0966245,-0.103072,-0.00480428,0.00380429,-0.00996552,0.9999321
57192249,-0.0129868,0.096777,-0.10263,0.00306136,0.000101468,0.00719215,-0.9999690
57225622,-0.0132328,0.0965258,-0.10293,0.00500572,-0.000615208,0.00976047,-0.999940
57258617,-0.0132112,0.0961487,-0.102974,0.00879131,-0.00269886,0.0128198,-0.9998760
57292673,-0.013249,0.0964946,-0.1029,0.00869549,-0.00312314,0.0132511,-0.999871
57325299,-0.0133939,0.0964469,-0.102929,0.00936256,-0.00450815,0.0147692,-0.9998370
57358945,-0.0138611,0.096367,-0.102911,0.0103071,-0.00333102,0.0142757,-0.9998390
57391994,-0.0132087,0.0965029,-0.102862,-0.00832876,0.00486031,-0.0136041,0.9998610
57424869,-0.0129207,0.0965951,-0.102587,0.00862141,-0.00308556,0.0148687,-0.9998481
57458351,-0.0129572,0.0967432,-0.10288,0.00802337,-0.00133792,0.0134108,-0.9998770
57492888,-0.0133345,0.096902,-0.102663,0.00656885,-0.00101132,0.0107582,-0.999920
57525751,-0.0134553,0.0969793,-0.10309,0.00853143,-0.00395773,0.0136396,-0.9998631
57560341,-0.0127969,0.0973354,-0.102481,0.00355835,-0.000414787,0.011052,-0.9999330
57591971,-0.0132186,0.0970188,-0.102508,0.00259347,-0.00179418,0.0110656,-0.9999340
57625940,-0.0131226,0.0970826,-0.102499,0.00361566,-0.00161598,0.0116042,-0.9999251
57660100,-0.0133104,0.096837,-0.102733,0.00519104,-0.00291288,0.0119851,-0.999910
57693092,-0.0132798,0.0965451,-0.102589,-0.00347164,0.00514683,-0.00800975,0.9999490
57725834,-0.0129611,0.0963708,-0.102428,0.00496562,-0.00150597,0.0096328,-0.999940
57759345,-0.0129324,0.096717,-0.102479,0.00484634,-0.00129837,0.0103619,-0.9999341
57793272,-0.0132507,0.0966499,-0.102658,0.00362901,-0.00237541,0.00885087,-0.9999510
57826694,-0.0126768,0.0965248,-0.102502,0.00319256,-0.00101548,0.0073782,-0.9999670
57858878,-0.0130027,0.0968516,-0.102767,0.00253674,-0.0026492,0.00959686,-0.9999470
57892475,-0.0127988,0.0968155,-0.1025,0.00241716,-0.00164636,0.00866266,-0.9999581
57925530,-0.0128899,0.0968174,-0.102473,0.000736915,0.00023973,0.00623229,-0.999980
57959085,-0.0129685,0.0967924,-0.102602,0.00166182,-0.0017601,0.00794827,-0.9999650
57993021,-0.0131255,0.0967379,-0.102604,0.00222094,-0.00181789,0.00805532,-0.9999631
58025399,-0.0130005,0.0966792,-0.102642,0.00239379,-0.00132149,0.00911078,-0.9999550
58059134,-0.0132365,0.0964368,-0.102406,0.00240895,-0.00102487,0.00888094,-0.9999570
58092368,-0.0131761,0.0964633,-0.102771,-0.00381183,0.00405489,-0.010987,0.9999240
58125639,-0.013031,0.0967212,-0.102537,0.00360406,-0.0022165,0.01156,-0.9999241
58158654,-0.0132157,0.0968504,-0.102481,0.00259099,-0.00150554,0.011435,-0.999930
58192311,-0.0128503,0.0964675,-0.10236,0.00236364,-0.00212827,0.0099659,-0.9999450
58225711,-0.0127205,0.0964854,-0.102322,0.00236616,-0.000617805,0.00996522,-0.9999471
58259183,-0.0130059,0.0965969,-0.102903,-0.00407038,0.00414972,-0.0116237,0.9999160
58293980,-0.0131635,0.0963611,-0.102725,0.00580589,-0.00372603,0.0139246,-0.9998790
58325925,-0.0132439,0.0964623,-0.102565,0.00539,-0.00245752,0.0123395,-0.9999061
58358629,-0.0131013,0.0964364,-0.102662,0.005219,-0.000778212,0.0114826,-0.999920
58392558,-0.0127271,0.0964154,-0.10255,0.00576983,-0.00106073,0.0114457,-0.9999170
58425875,-0.0130096,0.0965047,-0.102449,0.00472347,-0.00187323,0.013843,-0.9998910
58458573,-0.0131844,0.0963962,-0.102776,0.00584181,-0.00422292,0.0142119,-0.9998731
58492689,-0.0131183,0.0964807,-0.102809,0.00468677,-0.00290557,0.0128805,-0.9999020
58525300,-0.0129095,0.0962399,-0.102595,0.00490482,-0.00378702,0.0141009,-0.9998810
58559441,-0.0130206,0.0964207,-0.102494,0.00437738,-0.00314777,0.012771,-0.9999041
58593185,-0.0135603,0.0961815,-0.102643,-0.00510943,0.00548046,-0.0147649,0.9998630
58626135,-0.013348,0.0963052,-0.102564,-0.00382648,0.00567878,-0.0116154,0.9999090
58658763,-0.0134159,0.0962204,-0.10267,-0.00529515,0.00709686,-0.013704,0.9998670
58692342,-0.0137882,0.0960079,-0.102688,-0.00456665,0.00719701,-0.0111798,0.9999011
58725913,-0.0142335,0.0965702,-0.102906,-0.00495664,0.00881147,-0.0133009,0.999860
58758780,-0.014046,0.0960408,-0.102798,-0.0048485,0.00867369,-0.0125019,0.9998730
58792911,-0.0136689,0.0960559,-0.102698,-0.00490075,0.00791425,-0.012096,0.9998841
58891421,-0.0134141,0.0966746,-0.102907,-0.00383423,0.00749137,-0.00982172,0.9999160
58892530,-0.0136942,0.0964024,-0.103089,-0.00567217,0.00825819,-0.0113186,0.9998860
58892544,-0.0139147,0.0963271,-0.102895,-0.00557397,0.00783404,-0.0109315,0.9998940
58925736,-0.0144775,0.0963611,-0.103086,-0.00527196,0.0080249,-0.0107402,0.9998961
58959408,-0.0143207,0.0964617,-0.102985,-0.0045887,0.00785995,-0.0107222,0.9999010
58992268,-0.013781,0.0965228,-0.102991,-0.00490241,0.00919103,-0.0108845,0.9998870
59025708,-0.0136396,0.0964147,-0.103005,-0.00461718,0.00841456,-0.0118504,0.9998840
59059005,-0.0138242,0.0963804,-0.102766,-0.0056951,0.00506585,-0.0127922,0.9998891
59092258,-0.0136554,0.0961587,-0.102546,-0.00335451,0.00456727,-0.0117043,0.9999150
59125709,-0.0137697,0.0961677,-0.102601,-0.00330411,0.00414645,-0.0106364,0.9999290
59159347,-0.0137256,0.0960863,-0.102844,-0.00359506,0.00541144,-0.0105644,0.9999231
59192071,-0.0138821,0.0961301,-0.102402,0.00272164,-0.0030251,0.00903919,-0.9999510
59225871,-0.0136844,0.0959775,-0.102771,-0.00379034,0.00402035,-0.0103794,0.9999310
59258531,-0.0139401,0.0962629,-0.102842,-0.00355809,0.00449279,-0.00960568,0.9999370
59292111,-0.0136897,0.0962046,-0.102874,-0.00379643,0.00462973,-0.0104669,0.9999271
59324916,-0.0136348,0.0959504,-0.102782,-0.00323448,0.00466242,-0.00922555,0.9999410
59358880,-0.0134443,0.0961115,-0.102528,0.0026493,-0.00174801,0.00999296,-0.9999450
59392512,-0.0135393,0.0962477,-0.102625,0.0019018,-0.00229891,0.009247,-0.9999531
59425501,-0.0134624,0.0962298,-0.102584,0.00214388,-0.00220142,0.0110561,-0.9999340
59459482,-0.0134276,0.0961495,-0.10251,0.00242384,-0.00178499,0.0101879,-0.9999440
59492788,-0.0133611,0.0961744,-0.102577,0.00173786,-0.00121968,0.00867864,-0.999961
59525397,-0.013552,0.0960252,-0.102632,0.00210675,-0.00221236,0.00815951,-0.9999620
59559223,-0.0135408,0.0962352,-0.102587,0.00250444,-0.00248174,0.010812,-0.9999350
59592685,-0.0135256,0.0961623,-0.102648,0.0014371,-0.00349946,0.00999425,-0.9999430
59625255,-0.0135659,0.0960172,-0.10251,0.0045758,-0.00205306,0.0122725,-0.9999121
59658499,-0.013833,0.0961153,-0.102852,0.00544914,-0.00369241,0.0126092,-0.9998990
59691820,-0.0138768,0.0961761,-0.102884,0.00642536,-0.00361447,0.012717,-0.9998920
59725111,-0.0139543,0.0962657,-0.103096,0.00625723,-0.0036356,0.0135461,-0.9998820
59759106,-0.0138717,0.0963497,-0.102803,0.00604823,-0.0029924,0.0126382,-0.9998971
59792337,-0.0136737,0.0962347,-0.102771,0.00695456,-0.00432406,0.0131745,-0.999880
59825969,-0.0137163,0.0962517,-0.102827,0.00536264,-0.00350528,0.0122522,-0.9999040
59859148,-0.0138213,0.0961887,-0.102848,-0.00558347,0.00442501,-0.0128683,0.9998921
59892672,-0.0136421,0.0961799,-0.10275,0.0057074,-0.00415022,0.0135772,-0.9998830
59926353,-0.0133514,0.0959071,-0.102472,0.00574105,-0.00273634,0.0131473,-0.9998930
59959381,-0.0133745,0.0960286,-0.102446,0.00551928,-0.00166146,0.0106952,-0.9999261
59992803,-0.0135255,0.0959699,-0.102612,0.00719364,-0.000898349,0.0139817,-0.9998760
60025833,-0.0133087,0.0958899,-0.102449,0.00635232,-0.000978931,0.0147555,-0.999870
60059262,-0.0134324,0.095767,-0.102528,0.00576449,-0.000811619,0.0146735,-0.9998750
60092419,-0.0134548,0.0959352,-0.10257,0.00468863,-7.35114e-05,0.011706,-0.999921
60125660,-0.0138737,0.0961415,-0.102824,0.00402289,-0.00189703,0.0128609,-0.9999070
60158793,-0.0140427,0.0963337,-0.103124,0.00410877,-0.00357165,0.0128857,-0.9999020
60191932,-0.0137589,0.0963439,-0.103013,0.00167096,-0.00364014,0.011373,-0.9999270
60225349,-0.0136002,0.0964322,-0.10277,0.00317009,-0.00272009,0.0121107,-0.9999181
60258260,-0.0138909,0.0965521,-0.103041,-0.00319836,0.00410161,-0.0110829,0.9999250
60292848,-0.0138795,0.0964193,-0.102801,0.00444617,-0.00207455,0.012103,-0.9999150
60325588,-0.0136708,0.096191,-0.102308,0.00473856,0.00200102,0.00865921,-0.9999491
60359245,-0.0141442,0.0963826,-0.102996,0.00805586,-0.00188248,0.0107261,-0.9999080
60392427,-0.0142225,0.0964146,-0.102905,0.00723171,-0.00159879,0.00991837,-0.9999230
60425845,-0.0139193,0.0964093,-0.102877,0.00530585,-0.00218978,0.00910085,-0.9999421
60459199,-0.0142799,0.0963743,-0.1031,-0.00575391,0.00311374,-0.00801321,0.9999460
60493222,-0.013828,0.0963852,-0.102813,0.00623361,0.000337508,0.00904613,-0.999940
60525170,-0.013908,0.0960546,-0.102769,0.00620366,0.000471235,0.00767069,-0.9999510
60558889,-0.0138822,0.0962452,-0.103081,0.00449456,-0.00179538,0.00926304,-0.9999451
60592464,-0.0139703,0.096049,-0.102881,0.00605072,-0.00112547,0.00827842,-0.9999470
60625265,-0.0139019,0.0960381,-0.102816,0.00606825,-0.000827227,0.00875148,-0.9999430
60659142,-0.0144958,0.0960225,-0.103242,-0.0111869,0.0049714,-0.0128868,0.9998421
60692477,-0.0145127,0.096129,-0.103337,-0.00951631,0.00736131,-0.01441,0.9998240
60725532,-0.0138826,0.097036,-0.102834,0.000406425,0.00315797,-0.00707425,0.999970
60758123,-0.0135444,0.0967318,-0.102495,-0.00399426,0.000913607,0.00234588,-0.9999890
60794135,-0.0138301,0.096864,-0.103128,0.00272289,0.00326387,-0.00337106,0.9999851
60825401,-0.0139409,0.0967172,-0.10312,0.00131695,0.00490078,-0.00429533,0.9999780
60859725,-0.0138252,0.0969941,-0.102979,0.00555985,0.0022611,-0.00268119,0.9999780
60892950,-0.0135702,0.0970245,-0.102679,-0.00831982,0.00162981,-0.00267043,-0.999960
60925158,-0.0139084,0.0972423,-0.103488,0.00788698,0.0053934,-0.00118346,0.9999541
60957947,-0.0142454,0.097112,-0.103657,0.00618691,0.00868513,-0.00290808,0.9999390
60992151,-0.0139299,0.0972361,-0.103512,0.00998219,0.00723137,-0.000523662,0.9999240
61025106,-0.014225,0.0967117,-0.103464,0.00586907,0.00719794,-0.00380731,0.999950
61059534,-0.0147803,0.0963397,-0.103959,-0.00251047,0.0119813,-0.00982983,0.9998771
61092333,-0.0147395,0.0966292,-0.104001,-0.00275129,0.0120609,-0.0106746,0.9998670
61125859,-0.0147858,0.0964939,-0.104038,-0.00260529,0.0130964,-0.0110483,0.999850
61159035,-0.0146757,0.0962831,-0.103845,-0.00489489,0.0119017,-0.0125876,0.9998380
61192386,-0.0148037,0.0962833,-0.104123,-0.00506231,0.013478,-0.0122236,0.9998221
61225706,-0.0147892,0.0963737,-0.103964,-0.00715403,0.0126096,-0.0135271,0.9998030
61258424,-0.0146711,0.0962823,-0.10381,-0.0069418,0.0138475,-0.0137305,0.9997860
61292686,-0.0145664,0.0961993,-0.103813,-0.00751368,0.0144075,-0.0145777,0.9997621
61324678,-0.0146006,0.0961681,-0.10388,-0.00829247,0.0131039,-0.0138121,0.9997840
61358501,-0.0145867,0.096056,-0.103846,-0.0101591,0.012585,-0.0173071,0.9997190
61392614,-0.0147983,0.0962029,-0.103832,-0.0108352,0.0123658,-0.0176487,0.9997090
61425601,-0.0147677,0.096081,-0.103927,-0.0108495,0.0129318,-0.0171122,0.9997111
61459011,-0.014543,0.0960713,-0.10345,-0.00968726,0.0104473,-0.0156058,0.9997770
61491597,-0.014618,0.0958248,-0.103638,-0.012386,0.0117324,-0.0182507,0.9996880
61525827,-0.0146401,0.0959982,-0.103623,-0.0129184,0.00867224,-0.0178995,0.9997191
61558972,-0.0145231,0.0958786,-0.103338,-0.0114557,0.00758456,-0.0196034,0.9997130
61591974,-0.0140291,0.0961245,-0.10287,-0.0052579,0.00562215,-0.0133582,0.9998810
61625846,-0.0140994,0.0961259,-0.102868,-0.00455985,0.00671113,-0.0130122,0.9998821
61658460,-0.0138987,0.096277,-0.102918,-0.00212784,0.00646859,-0.0121284,0.9999030
61691583,-0.0139,0.0960782,-0.102792,-0.00287214,0.0058242,-0.0123002,0.9999030
61726658,-0.0137981,0.0960817,-0.102743,-0.00273488,0.00441949,-0.0111894,0.9999241
61759626,-0.0137871,0.0961254,-0.102747,-0.000740676,0.0047036,-0.00856625,0.9999520
61791591,-0.0137971,0.0961732,-0.102733,-0.00129315,0.00403937,-0.00801204,0.9999590
61825660,-0.0138821,0.0961002,-0.102786,-0.00327106,0.00463463,-0.00981948,0.9999360
61859178,-0.0137512,0.0962351,-0.102893,-0.00248004,0.00519012,-0.00933588,0.999941
61892466,-0.0136135,0.096184,-0.102576,0.00292826,-0.00164863,0.00954056,-0.9999490
61925668,-0.0135562,0.0959913,-0.102565,0.00446852,-0.00127813,0.011127,-0.9999270
61960046,-0.0134475,0.0963312,-0.102446,0.00470107,-0.000589433,0.0105196,-0.9999331
61992351,-0.0135605,0.096304,-0.102387,0.00326829,-0.000739793,0.00948054,-0.9999490
62025480,-0.0136219,0.0962198,-0.102274,0.00368933,0.00101317,0.00863283,-0.9999550
62058266,-0.0134073,0.0962387,-0.102335,0.00393839,-0.000810123,0.00886496,-0.9999530
62092090,-0.0134171,0.0962515,-0.102213,0.00330047,0.000465316,0.00852998,-0.9999581
62125500,-0.0136429,0.0963058,-0.102275,0.00285816,-0.000859696,0.00931156,-0.9999520
62158925,-0.0136052,0.0963957,-0.10221,0.00237724,-0.000479942,0.00871932,-0.9999590
62192819,-0.0137799,0.0961777,-0.102457,0.00458863,-0.00188208,0.00932851,-0.9999441
62224724,-0.0138735,0.0961888,-0.102537,0.00483171,-0.00250427,0.00803106,-0.9999530
62259942,-0.0139285,0.0962513,-0.102668,0.00502762,-0.00227225,0.00990898,-0.9999360
62292271,-0.0137571,0.0963299,-0.10271,0.00450559,-0.00344673,0.0100502,-0.9999330
62326124,-0.013936,0.0961433,-0.102816,-0.00463271,0.00373283,-0.00959549,0.9999361
62358902,-0.0137821,0.0960646,-0.102544,0.00525084,-0.00309167,0.00933239,-0.9999380
62392593,-0.0139255,0.0962173,-0.102703,-0.00481467,0.00428103,-0.00991664,0.999930
62425630,-0.0137113,0.0962617,-0.102727,-0.00468464,0.0037015,-0.00946489,0.9999370
62459356,-0.0137974,0.0962978,-0.102663,0.00427065,-0.00194138,0.00948698,-0.9999441
62493179,-0.0138199,0.0963411,-0.102766,0.00489849,-0.00332356,0.0108497,-0.9999240
62525403,-0.0139888,0.0964528,-0.102833,-0.00501612,0.00396805,-0.0106713,0.9999230
62558847,-0.0139801,0.0965673,-0.102891,-0.00485981,0.00473001,-0.0101884,0.9999250
62592505,-0.0137198,0.0964642,-0.102487,0.00371388,-0.00231096,0.0080062,-0.9999581
62624902,-0.013668,0.0962176,-0.10267,-0.00502919,0.00443663,-0.0099071,0.9999280
62658510,-0.0135922,0.0963647,-0.102489,0.00294457,-0.00213942,0.00746138,-0.9999660
62692416,-0.013697,0.0964332,-0.102561,0.00229811,-0.00254125,0.00728888,-0.9999680
62725676,-0.0137714,0.0963424,-0.102692,-0.00181234,0.00448142,-0.00658918,0.9999671
62758775,-0.0134242,0.0963732,-0.102593,-0.00178032,0.00271235,-0.00609425,0.9999760
62791981,-0.0136337,0.0963524,-0.102466,0.00233715,-0.00149251,0.00585332,-0.9999790
62825336,-0.0137021,0.0964537,-0.102855,-0.00161264,0.00428391,-0.00548967,0.9999740
62858803,-0.0136104,0.096432,-0.102724,-0.000605014,0.00448942,-0.00575715,0.9999731
62892492,-0.0138306,0.0961826,-0.10311,-0.00247394,0.00789284,-0.00552108,0.9999510
62925512,-0.0137914,0.0959725,-0.102986,-0.00502429,0.00777625,-0.00579372,0.999940
62958811,-0.0137493,0.0959201,-0.103071,-0.00509003,0.00972586,-0.00698225,0.9999151
62991736,-0.0137438,0.0961918,-0.103081,-0.00365332,0.00937636,-0.00751425,0.9999210
63025407,-0.0138036,0.0962546,-0.103102,-0.00224838,0.00889945,-0.0065769,0.9999360
63059284,-0.0135504,0.0961418,-0.102901,-0.00237584,0.00717824,-0.00637061,0.9999511
63092579,-0.0137128,0.0962661,-0.102986,-0.00304093,0.00885552,-0.00815975,0.9999230
63124845,-0.0138265,0.0959957,-0.102944,-0.00422529,0.00883436,-0.00679485,0.9999290
63159133,-0.0137424,0.0960502,-0.102769,-0.00264497,0.00674495,-0.00485058,0.9999620
63192631,-0.0137378,0.0959904,-0.102848,-0.00363391,0.00702011,-0.00623435,0.9999491
63226042,-0.0138447,0.0959326,-0.103053,-0.00469671,0.00740961,-0.00577691,0.9999450
63259130,-0.0139164,0.0959224,-0.103005,-0.00554854,0.00797709,-0.0064888,0.9999320
63293194,-0.0139209,0.096205,-0.103189,-0.00415159,0.00952634,-0.00697828,0.9999221
63326099,-0.0140293,0.0962941,-0.103138,-0.00464969,0.00860875,-0.00881347,0.9999130
63358452,-0.0140966,0.0964175,-0.103208,-0.00382807,0.0088623,-0.00825231,0.9999190
63392239,-0.0139551,0.0964183,-0.102737,-0.00345686,0.00730339,-0.0104961,0.9999120
63426249,-0.0138618,0.0964543,-0.102718,-0.00304967,0.0063674,-0.0110754,0.9999141
63458775,-0.0139888,0.0964165,-0.102875,-0.00212162,0.00682896,-0.0102252,0.9999220
63492437,-0.0138406,0.0965836,-0.102657,-0.00285293,0.0054197,-0.011571,0.9999140
63525630,-0.0139327,0.096673,-0.102668,-0.00156473,0.00582304,-0.0119542,0.999910
63559014,-0.0136256,0.0965995,-0.102554,0.00118102,0.00409774,-0.00791936,0.999961
63592244,-0.0137108,0.0966608,-0.102517,-0.00130149,-0.00191307,0.00719268,-0.9999720
63625423,-0.0136624,0.0966039,-0.102464,0.003059,0.00509645,-0.00743927,0.9999550
63658392,-0.0141611,0.0969429,-0.103148,-0.000576284,0.00786851,-0.0100108,0.9999190
63693103,-0.0141152,0.0968297,-0.102949,-9.22158e-06,0.00602647,-0.00838082,0.9999471
63725818,-0.014106,0.096978,-0.103004,0.00140699,0.00838441,-0.00672946,0.9999410
63758396,-0.0141519,0.0965195,-0.103169,-0.00198873,0.0111066,-0.00985155,0.9998880
63792288,-0.0138706,0.096587,-0.102764,-0.00235507,0.00779307,-0.0115887,0.99990
63825266,-0.013809,0.0966355,-0.102586,-0.0035925,0.00577558,-0.0139972,0.9998791
63860095,-0.0138223,0.0966028,-0.102742,-0.0033007,0.00431989,-0.0122083,0.9999110
63892462,-0.0137301,0.0968497,-0.102621,0.00353612,-0.00260017,0.0136944,-0.9998970
63925086,-0.0138776,0.0970406,-0.102691,0.00215169,-0.00251755,0.0101957,-0.9999430
63959606,-0.0137168,0.0969232,-0.102581,-0.00130838,0.00415722,-0.0101735,0.9999391
63991598,-0.0136521,0.0965797,-0.102569,-0.00104314,0.00337695,-0.00808026,0.9999610
64025512,-0.0136498,0.0962454,-0.102714,0.00081925,0.00388929,-0.00718401,0.9999660
64059001,-0.0135688,0.0964411,-0.102447,0.00199406,0.00314791,-0.00679321,0.999970
64091350,-0.0135927,0.0965256,-0.102505,0.00193893,0.00392287,-0.00987277,0.9999421
64125383,-0.0133022,0.096231,-0.102269,-0.00325715,-6.40327e-05,0.00514843,-0.9999810
64159173,-0.013303,0.0959755,-0.101983,-0.0038136,0.00501515,0.00203367,-0.9999780
64192464,-0.0133734,0.0961779,-0.10202,-0.00214552,0.00396804,0.00234257,-0.9999871
64225343,-0.013384,0.0962695,-0.102098,-0.00202266,0.00448632,0.00149353,-0.9999870
64258505,-0.0133785,0.096271,-0.1021,-0.000643725,0.00297725,0.00317478,-0.999990
64291993,-0.0134503,0.0962256,-0.101895,-0.00121977,0.0059239,-0.00033665,-0.9999820
64325354,-0.0137941,0.0967267,-0.10252,-0.000653522,-0.000655014,0.00350005,-0.9999931
64360073,-0.0135312,0.0962365,-0.101715,0.000138303,0.0076428,-0.000712551,-0.9999710
64391892,-0.0134771,0.096065,-0.102061,0.000629899,0.0042724,0.0026445,-0.9999870
64425472,-0.013698,0.0964229,-0.101875,0.000286241,0.00807635,-0.000611043,-0.9999671
64458251,-0.0133949,0.0964879,-0.101596,0.000783001,0.0107828,-0.00141124,-0.9999410
64492353,-0.0135386,0.0966956,-0.101774,0.000228803,0.00996732,-0.00202643,-0.9999480
64524735,-0.0147571,0.0974387,-0.103658,-0.00428752,0.0122288,-0.0148877,0.9998050
64558574,-0.0141277,0.0968903,-0.102813,-0.00503342,0.00684106,-0.0139355,0.9998671
64592854,-0.0133209,0.0970552,-0.102165,-0.00466788,-0.00102258,0.00512369,-0.9999750
64625222,-0.0139435,0.0970936,-0.102303,-5.58721e-05,0.000262792,0.00659886,-0.9999780
64658448,-0.0134724,0.0972563,-0.102176,-0.00356877,0.00110127,0.0066942,-0.9999710
64692988,-0.0127819,0.0971764,-0.101768,-0.00309402,0.00424302,0.00261011,-0.9999831
64725739,-0.0131028,0.0969578,-0.10196,-0.0016433,0.00598691,-0.000523155,-0.9999810
64759976,-0.0128018,0.0964493,-0.101499,-0.00214146,0.00753406,-0.00312755,-0.9999640
64791581,-0.0134728,0.0972137,-0.102423,0.00148524,0.00106601,-0.000746496,0.9999980
64825085,-0.0138776,0.097187,-0.102938,-0.000998894,0.00374445,-0.00377703,0.9999851
64860078,-0.0136973,0.0974534,-0.102735,0.00229639,-0.000608754,0.00482761,-0.9999860
64891691,-0.0138082,0.0974382,-0.102954,-0.00341729,0.00309684,-0.00694013,0.9999650
64926554,-0.0137783,0.0975511,-0.102788,0.00400564,-0.0027426,0.00779252,-0.9999581
64958226,-0.0137537,0.0973813,-0.102709,0.005057,-0.00220411,0.00757663,-0.9999560
64992121,-0.0136547,0.0971171,-0.102708,0.00511908,-0.00310502,0.00906011,-0.9999410
65025918,-0.0139099,0.0973384,-0.102896,-0.00452082,0.00417901,-0.00908485,0.999940
65058544,-0.0136362,0.0967205,-0.102428,0.00816952,0.00144858,0.00515233,-0.9999521
65092335,-0.0134351,0.0966415,-0.102132,0.00641503,0.00505044,0.00446229,-0.9999570
65125036,-0.0134966,0.0965458,-0.102457,0.00529025,-0.000232109,0.0061458,-0.9999670
65159184,-0.0135415,0.0966094,-0.10303,-0.00453822,0.00500558,-0.00881844,0.9999381
65192372,-0.0133247,0.0962619,-0.1024,0.00590339,-0.00131693,0.00792812,-0.999950
65225879,-0.0132905,0.0961344,-0.10207,0.00491119,0.000977641,0.00957182,-0.9999420
65258851,-0.0144146,0.097076,-0.103367,-0.00553561,0.00532439,-0.0117668,0.9999010
65292399,-0.0131281,0.0955277,-0.101724,0.00440785,-0.000122477,0.00881207,-0.9999511
65325419,-0.012884,0.0956873,-0.101451,0.00491498,0.0016387,0.0105694,-0.9999310
65359669,-0.0132246,0.0956171,-0.101824,0.00477497,4.59801e-05,0.00881171,-0.999950
65392845,-0.0132922,0.0958572,-0.101944,0.00512547,0.000651242,0.0086694,-0.9999491
65425853,-0.012875,0.0954691,-0.101434,0.00420867,0.00481775,0.00799994,-0.9999480
65458510,-0.0131049,0.0958719,-0.101104,0.00885999,0.00942667,0.00610608,-0.9998980
65491662,-0.0131398,0.0959639,-0.101546,0.00617286,0.00625735,0.0101726,-0.999910
65525084,-0.0130712,0.0957319,-0.100942,0.00691695,0.013367,0.00557208,-0.9998711
65558907,-0.0131052,0.0956251,-0.10111,0.00497455,0.0119729,0.00328997,-0.9999110
65592353,-0.0132048,0.0955563,-0.101215,0.00452749,0.0129323,0.00388575,-0.9998990
65625573,-0.0130507,0.0957839,-0.10114,0.00499053,0.013451,0.00522583,-0.9998831
65659494,-0.0132249,0.0957935,-0.101225,0.00494671,0.01156,0.00685236,-0.9998970
65691394,-0.0142743,0.0962919,-0.102905,0.00556887,-0.00332327,0.0118677,-0.9999090
65725987,-0.0140417,0.0956172,-0.102451,0.00725725,-0.00217143,0.0109804,-0.9999111
65758865,-0.0137953,0.0958512,-0.101777,0.00514694,0.00654963,0.00500863,-0.9999530
65791903,-0.0139712,0.0961481,-0.102475,0.00208775,-0.000376756,0.0108087,-0.9999390
65825234,-0.014062,0.0962765,-0.102307,0.00350158,0.00146071,0.00739951,-0.9999650
65858846,-0.0138036,0.0962781,-0.102174,0.00431108,0.00422479,0.00755535,-0.9999531
65891603,-0.0138895,0.0967009,-0.10241,0.00299976,0.00438372,0.00608265,-0.9999670
65924738,-0.0143903,0.0969498,-0.102837,0.00299901,0.0017991,0.00515147,-0.9999810
65958470,-0.0146443,0.0975612,-0.103257,0.00295548,-0.000411716,0.00825553,-0.9999610
65992138,-0.0141605,0.0970413,-0.102119,0.00563766,0.00719593,0.00345299,-0.9999521
66024849,-0.0149264,0.0977916,-0.103438,0.00710319,-0.00318962,0.00961945,-0.9999230
66058413,-0.0147433,0.0971298,-0.103217,-0.00908354,0.00834304,-0.0158174,0.9997990
66092640,-0.0146292,0.0973669,-0.103351,-0.00603702,0.00719712,-0.014841,0.9998461
66125309,-0.0144684,0.0975177,-0.103312,0.00405273,-0.00274498,0.0125913,-0.9999090
66158919,-0.014584,0.0975351,-0.102258,0.00464747,0.00802963,0.00313464,-0.9999520
66192993,-0.0145819,0.0978356,-0.103323,0.00267279,-0.00342537,0.011834,-0.9999211
66225365,-0.0145095,0.0976763,-0.103387,-0.00285132,0.00415162,-0.010778,0.9999290
66259162,-0.0145283,0.0976932,-0.102616,0.00339095,0.00390543,0.0068422,-0.9999630
66291808,-0.0142209,0.097517,-0.102267,0.00470615,0.010146,0.00412033,-0.9999290
66324953,-0.0139564,0.0972203,-0.101966,0.00556168,0.0117527,0.00470288,-0.9999041
66358664,-0.0140168,0.0971462,-0.10199,0.0072155,0.0109749,0.00622457,-0.9998940
66392500,-0.0145359,0.0975349,-0.103068,0.00581722,-0.00157499,0.013906,-0.9998850
66425469,-0.0143038,0.0970936,-0.102667,0.0080348,0.00217415,0.0116959,-0.9998971
66458522,-0.0144208,0.0969872,-0.103325,0.0100397,-0.00227671,0.017597,-0.9997920
66492230,-0.0144921,0.0967999,-0.102967,0.0114173,0.000115519,0.0170956,-0.9997890
66525576,-0.0143389,0.0971536,-0.102899,0.00853839,0.00160989,0.0150715,-0.9998491
66559493,-0.014006,0.0968369,-0.102459,0.00816744,0.00237918,0.0149231,-0.9998520
66592571,-0.014223,0.0966212,-0.102946,-0.00820054,0.007379,-0.020273,0.9997340
66625378,-0.0146802,0.0967972,-0.103345,-0.0083258,0.00999054,-0.0203904,0.9997080
66658115,-0.0144684,0.0966848,-0.102862,0.00507208,-0.0057078,0.0176132,-0.9998161
66692387,-0.0144872,0.0962924,-0.103365,-0.007766,0.00784533,-0.0203738,0.9997310
66725160,-0.0145193,0.0962007,-0.103273,-0.00696221,0.00809918,-0.0187629,0.9997670
66758542,-0.0140072,0.0962837,-0.102663,0.00614824,-0.00115146,0.0150087,-0.9998681
66792928,-0.0144115,0.0968415,-0.103239,0.000738603,0.00613898,-0.0159706,0.9998530
66878768,-0.0140924,0.0961588,-0.102538,0.00210476,-6.41891e-05,0.0157894,-0.9998731
66879424,-0.0135126,0.0951256,-0.101452,0.00445729,0.0111556,0.00597638,-0.999910
66891516,-0.0133562,0.0952092,-0.101246,0.00308032,0.0129714,0.00453572,-0.9999010
66926489,-0.0137516,0.0950195,-0.101411,0.00103635,0.00775481,0.00546607,-0.9999540
66958403,-0.010964,0.093677,-0.0992742,-0.0145611,0.0176674,-0.0111751,-0.9996750
66991717,-0.011813,0.0947178,-0.100192,-0.0119554,0.0172317,-0.00708724,-0.9997551
67025254,-0.0117622,0.093112,-0.0996572,-0.00479605,0.0185657,-0.00333739,-0.9998110
67058878,-0.0140269,0.0950702,-0.101712,0.0011289,0.0135691,0.00108261,-0.9999070
67091734,-0.0136947,0.0951306,-0.101355,0.000852708,0.0137837,0.00124688,-0.9999041
67125139,-0.0135645,0.0952183,-0.101686,0.00249836,0.00879524,0.00533771,-0.9999440
67158171,-0.01355,0.0952644,-0.100993,0.0030954,0.0167078,2.70906e-05,-0.9998560
67191487,-0.0133911,0.0953854,-0.10127,0.00163094,0.0161907,0.000178547,-0.9998680
67225623,-0.0137625,0.0956156,-0.101657,0.000602447,0.0125909,0.000314179,-0.999921
67258633,-0.0139606,0.096096,-0.102657,-0.00357539,0.00285046,0.00523072,-0.9999760
67292187,-0.0121378,0.0956882,-0.101097,-0.0136601,0.0128535,-0.00616991,-0.9998050
67324935,-0.0128917,0.0958881,-0.101539,-0.00588233,0.016122,-0.0042489,-0.9998440
67358697,-0.0144579,0.0977606,-0.103238,-0.00923641,0.00153755,0.00207024,-0.9999541
67393241,-0.0138396,0.0970002,-0.102544,-0.00741669,0.0039452,0.00186678,-0.9999630
67424296,-0.0132255,0.0964173,-0.102042,-0.00764068,0.0108681,-0.00245144,-0.9999090
67458629,-0.0138502,0.0969023,-0.102098,-0.00539544,0.0109332,-0.00240036,-0.9999230
67491994,-0.0156555,0.0992223,-0.104071,0.00574991,0.00361831,-0.00998131,0.9999271
67525502,-0.0155269,0.0991933,-0.103819,0.00567675,0.00515525,-0.0110249,0.999910
67558599,-0.0145389,0.0980549,-0.102838,-0.00622796,0.00124432,0.00575971,-0.9999630
67592929,-0.0144153,0.0977853,-0.102887,-0.00458355,0.0037826,0.00292024,-0.9999781
67624902,-0.0150677,0.0982172,-0.103128,-0.00056947,0.00451218,0.00231188,-0.9999870
67658604,-0.0150035,0.0979599,-0.103121,0.000668046,0.00271091,0.0046875,-0.9999850
67692309,-0.0176079,0.0981845,-0.104927,-0.0183067,0.0177147,-0.0246592,0.9993710
67725599,-0.0166836,0.0976894,-0.105035,-0.0212843,0.0270895,-0.032154,0.9988891
67758697,-0.01617,0.0975657,-0.104488,-0.0175676,0.0154562,-0.0263473,0.9993790
67792035,-0.0160751,0.0973724,-0.104505,-0.0172041,0.0141736,-0.0233681,0.9994780
67825219,-0.0153516,0.0972855,-0.1041,-0.0137036,0.00867903,-0.0224677,0.9996160
67858623,-0.0158326,0.096709,-0.104353,-0.0188584,0.013169,-0.0261962,0.9993921
67892311,-0.0154233,0.0964824,-0.10432,-0.020007,0.0141604,-0.0267833,0.9993410
67925025,-0.0152024,0.0961446,-0.104473,-0.0198731,0.0129284,-0.028116,0.9993230
67957923,-0.0150841,0.0964438,-0.104057,-0.0182369,0.00802652,-0.0235995,0.9995230
67992011,-0.0146656,0.0964485,-0.103541,0.0140662,-0.00491243,0.0158508,-0.9997631
68025933,-0.0144272,0.0966389,-0.102972,0.0109742,0.0046254,0.0110543,-0.9998680
68061585,-0.014418,0.0968275,-0.102678,0.00884956,0.00564999,0.0103636,-0.9998910
68091578,-0.0146061,0.0964451,-0.103591,0.00870091,-0.00433751,0.0173347,-0.9998020
68124741,-0.0149718,0.0960973,-0.103701,-0.0130684,0.00659789,-0.0174047,0.9997411
68159177,-0.0146923,0.0962429,-0.103296,0.0107414,-0.0024599,0.0149034,-0.9998280
68192287,-0.0143451,0.0961633,-0.102995,0.00999571,0.000923154,0.0130495,-0.9998650
68225264,-0.0147113,0.0957764,-0.10352,0.0117889,-0.00373028,0.0186006,-0.9997511
68258509,-0.0150481,0.0957294,-0.103643,0.0112153,-0.00467592,0.0171004,-0.999780
68292250,-0.0150442,0.0957246,-0.104134,-0.0134877,0.00766544,-0.0197014,0.9996860
68325588,-0.0150863,0.0956422,-0.10399,-0.0122754,0.00716,-0.0184602,0.9997291
68358501,-0.0153245,0.0959742,-0.104556,-0.0133145,0.00725507,-0.0203346,0.9996780
68391600,-0.0149705,0.0951287,-0.10388,-0.0127265,0.00858914,-0.0187236,0.9997070
68425257,-0.0150669,0.0951328,-0.104056,-0.0140793,0.00626937,-0.0169398,0.9997380
68458604,-0.0150684,0.0950775,-0.103885,0.0138429,-0.00453973,0.0169987,-0.9997491
68492465,-0.0152437,0.0951976,-0.104047,0.0128052,-0.00617622,0.0194938,-0.9997090
68525767,-0.015521,0.0950018,-0.104492,-0.01786,0.0119693,-0.021811,0.9995310
68559079,-0.0158468,0.0949484,-0.104651,-0.0194319,0.0121261,-0.0224381,0.9994861
68592235,-0.0158104,0.0949625,-0.10468,-0.0193771,0.0122232,-0.0227081,0.999480
68624756,-0.0158203,0.0951162,-0.104745,-0.017156,0.0132421,-0.0239755,0.9994780
68658180,-0.0159451,0.0950948,-0.105,-0.0181805,0.0143048,-0.0239372,0.9994460
68691784,-0.0159586,0.0956538,-0.104832,-0.016172,0.0102753,-0.0211924,0.9995921
68724661,-0.0157156,0.0962757,-0.104888,-0.0157441,0.00794698,-0.0202233,0.999640
68758595,-0.0156382,0.0968055,-0.104507,0.0143686,-0.00279048,0.0168347,-0.9997510
68792766,-0.0157263,0.0963401,-0.104485,-0.0130736,0.00573252,-0.0146781,0.999791
68825337,-0.0155042,0.0963151,-0.104112,0.0115198,-0.0042998,0.0161678,-0.9997940
68857959,-0.0160328,0.0962906,-0.104893,-0.0148966,0.00957922,-0.0207393,0.9996280
68892058,-0.0159999,0.0964902,-0.10466,0.0156156,-0.00565202,0.0191017,-0.999680
68925410,-0.0161016,0.0964745,-0.105004,-0.0153441,0.0101308,-0.018954,0.9996511
68958608,-0.0159069,0.0967565,-0.104796,-0.011551,0.00746512,-0.0141278,0.9998060
68992244,-0.0158557,0.0968217,-0.104538,-0.01084,0.00581146,-0.0120496,0.9998520
69025304,-0.0156599,0.0967227,-0.104466,0.0105184,-0.003273,0.00983897,-0.9998910
69059254,-0.0148868,0.0976796,-0.103824,-0.00599893,0.00241004,-0.00103013,-0.9999791
69091396,-0.0145396,0.0980037,-0.10322,-0.0102815,0.00717655,-0.00373689,-0.9999140
69125118,-0.0146428,0.0979988,-0.103557,-0.0102602,0.00490041,-0.00480505,-0.9999240
69157629,-0.0152516,0.0972363,-0.103913,-0.00383034,0.00114869,-0.00354782,-0.9999860
69190490,-0.0152517,0.0973766,-0.103954,-0.00479942,0.000273211,-1.8567e-05,-0.9999881
69225574,-0.0146036,0.0970047,-0.103433,-0.00817113,0.00434747,-0.00445054,-0.9999470
69258339,-0.0140044,0.0968754,-0.103248,-0.0117853,0.00921214,-0.00808035,-0.9998550
69290913,-0.0141621,0.09673,-0.103184,-0.00757428,0.00763766,-0.00618309,-0.9999231
69325053,-0.0142227,0.0965862,-0.103258,-0.0063635,0.00575841,-0.00415076,-0.9999550
69358509,-0.0134382,0.0971397,-0.103263,-0.0144796,0.00787293,-0.00773995,-0.9998340
69392232,-0.0131019,0.0972913,-0.103068,-0.0171542,0.00883882,-0.00804951,-0.9997811
69425408,-0.0130217,0.0969772,-0.10286,-0.0164687,0.00714185,-0.00904482,-0.9997980
69458978,-0.0128318,0.0963471,-0.102193,-0.0126485,0.00992557,-0.00941381,-0.9998260
69493505,-0.0127573,0.0967228,-0.102086,-0.0172375,0.00998936,-0.0122473,-0.9997271
69524493,-0.0126693,0.0969838,-0.102397,-0.0160533,0.00953349,-0.00853723,-0.9997890
69557789,-0.0140286,0.0971318,-0.103174,-0.00947236,0.00175688,-0.00204365,-0.9999520
69591783,-0.0140084,0.097107,-0.103163,-0.00874806,0.000132439,0.000991682,-0.9999610
69624693,-0.0139177,0.0968411,-0.103144,-0.00746166,0.00169373,0.00214343,-0.9999681
69657802,-0.0141044,0.0969896,-0.10326,-0.00516688,0.0011335,0.00184678,-0.9999840
69692267,-0.0134636,0.0963706,-0.102935,-0.00476396,0.00243717,0.00232362,-0.9999830
69725224,-0.0123496,0.0959388,-0.101637,-0.00693779,0.0137756,-0.0039442,-0.9998731
69758715,-0.012616,0.09658,-0.102253,-0.0101901,0.0124932,-0.000366453,-0.999870
69792342,-0.0132874,0.0970056,-0.102706,-0.00828615,0.00860854,-0.0010793,-0.9999280
69825510,-0.0139045,0.0977148,-0.103317,-0.0119521,0.00278024,-0.00224375,-0.9999221
69858669,-0.0143458,0.0981979,-0.103812,0.00994962,0.00191149,-0.00182782,0.9999470
69892475,-0.0144508,0.0972216,-0.103995,0.00313261,0.00716849,-0.00785913,0.9999390
69925044,-0.0136605,0.0961105,-0.102774,0.000316187,0.00464716,0.00453629,-0.9999790
69958678,-0.0135785,0.0960984,-0.102928,-0.00078408,0.00296874,0.00564682,-0.9999791
69992065,-0.0143678,0.0968998,-0.103912,0.00198309,0.0060537,-0.00935248,0.9999360
70025256,-0.0158104,0.0974118,-0.10546,-0.00210839,0.0196196,-0.0192863,0.9996190
70057665,-0.0152327,0.0970875,-0.10484,-0.00294345,0.0156499,-0.0188574,0.9996950
70092824,-0.0144913,0.0972403,-0.104086,0.00328728,0.00790358,-0.0096545,0.9999171
70126238,-0.0147451,0.0968632,-0.104356,-0.000304258,0.00882971,-0.0114796,0.9998950
70158416,-0.0145024,0.096906,-0.104255,0.00019722,0.00708166,-0.0114066,0.999910
70191252,-0.0146803,0.0966884,-0.104235,-0.00137057,0.00579935,-0.012841,0.99990
70226253,-0.0145757,0.097003,-0.10427,0.000455551,0.00684865,-0.0122839,0.9999011
70258356,-0.0144526,0.0968101,-0.104288,0.00209917,0.00712787,-0.0099651,0.9999230
70292395,-0.0144357,0.0970601,-0.103955,-0.00409984,-0.00334236,0.0104896,-0.9999310
70324248,-0.0146891,0.0971893,-0.104112,0.00311742,0.00628703,-0.0144965,0.999870
70358511,-0.0144293,0.0969397,-0.103936,0.00395809,0.00513833,-0.0137725,0.9998841
70392665,-0.0145579,0.0969203,-0.1038,-0.00297079,-0.00248859,0.0131723,-0.9999060
70425668,-0.0146023,0.0971147,-0.103866,-0.00305987,-0.00442861,0.014059,-0.9998870
70458355,-0.0147388,0.0971551,-0.103893,0.00391676,0.00465721,-0.0131113,0.9998960
70491937,-0.0147856,0.0972249,-0.104057,0.00376716,0.00514097,-0.0130761,0.9998941
70524333,-0.0146597,0.0972955,-0.103797,0.00425824,0.00374765,-0.0105327,0.9999280
70558266,-0.0147777,0.0969575,-0.103994,0.00437195,0.00654427,-0.010246,0.9999170
70591631,-0.0149973,0.0972358,-0.104108,0.00408974,0.00665586,-0.0106048,0.9999130
70625361,-0.0148353,0.0970482,-0.103969,0.00361808,0.00478919,-0.011339,0.9999181
70659834,-0.0146958,0.0971559,-0.103987,0.00390217,0.00398809,-0.0100407,0.9999340
70691945,-0.0146924,0.0971639,-0.103881,0.00510548,0.0036286,-0.00890311,0.9999410
70725379,-0.014705,0.0974069,-0.103903,-0.00505395,-0.00299425,0.00848477,-0.9999471
70758447,-0.0146318,0.0972053,-0.103848,-0.00437344,-0.000839545,0.00815349,-0.9999570
70791767,-0.0145426,0.0972875,-0.103911,-0.00507825,-0.00228839,0.00748737,-0.9999560
70824996,-0.0145292,0.09723,-0.104034,0.00409998,0.00282372,-0.00683091,0.9999640
70857228,-0.0144692,0.0968926,-0.103591,-0.000582634,0.00234561,0.00608665,-0.9999791
70892489,-0.0145114,0.0968686,-0.103701,-0.000407961,0.00312427,0.00747792,-0.9999670
70924964,-0.0143446,0.0969869,-0.103601,0.000260909,0.00333594,0.00676656,-0.9999720
70958409,-0.0143348,0.0969792,-0.103492,-0.000585679,0.0046706,0.00531285,-0.9999751
70991862,-0.0141779,0.0968283,-0.103525,-0.00068601,0.00538633,0.00500445,-0.9999730
71025231,-0.0142822,0.0968588,-0.103692,-0.000970617,0.00446354,0.00541072,-0.9999750
71057580,-0.0145168,0.0966957,-0.103924,-0.000178323,0.00234904,0.008356,-0.9999620
71092499,-0.0142112,0.0968377,-0.103556,-0.000381798,0.00436039,0.00969306,-0.9999431
71125428,-0.0142444,0.0967687,-0.10376,-0.00131671,0.00225681,0.00989771,-0.9999480
71158458,-0.0142683,0.0966696,-0.103633,0.00137848,0.00505989,0.0103299,-0.9999330
71192270,-0.0147598,0.0971458,-0.104459,0.0018798,-0.00163262,0.0137132,-0.9999030
71225114,-0.0148348,0.0967237,-0.104495,-0.00118351,0.0056734,-0.0116697,0.9999151
71258361,-0.0148887,0.0965676,-0.104639,-0.0022249,0.00606862,-0.0117243,0.999910
71291326,-0.0147399,0.0965291,-0.104434,-0.00255028,0.00481597,-0.0120055,0.9999130
71325124,-0.0147775,0.0965497,-0.104408,-0.00253031,0.00511255,-0.0134534,0.9998931
71358930,-0.0147676,0.0965248,-0.104535,-0.00263909,0.00525731,-0.01246,0.9999050
71392250,-0.0148235,0.0961996,-0.104583,-0.00525824,0.0060363,-0.0127367,0.9998870
71424803,-0.0149047,0.0962049,-0.104622,-0.00717193,0.00713514,-0.0144095,0.9998450
71458560,-0.0149033,0.0961135,-0.104652,-0.00789831,0.00711269,-0.0147202,0.9998351
71492556,-0.014798,0.0961664,-0.10435,-0.00747303,0.00435823,-0.0125005,0.9998840
71525457,-0.0148175,0.0960972,-0.104245,0.00796136,-0.00304521,0.0110363,-0.9999030
71557766,-0.0147942,0.0961627,-0.104338,-0.00863061,0.00419684,-0.0120226,0.9998820
71592111,-0.0147299,0.0960823,-0.104108,0.00782313,-0.00341492,0.0131932,-0.9998771
71625242,-0.01486,0.0963924,-0.104255,0.00702986,-0.00447995,0.0138519,-0.9998690
71658396,-0.0148286,0.0964191,-0.104006,0.00699074,-0.00220954,0.0130356,-0.9998880
71691678,-0.0148077,0.0963698,-0.104118,0.00669628,-0.0030488,0.013352,-0.9998840
71725873,-0.0150568,0.0966174,-0.104266,0.00676623,-0.00234792,0.0120026,-0.9999021
71758947,-0.0152197,0.0964324,-0.104619,0.00783461,-0.0051088,0.0164807,-0.999820
71791190,-0.0150646,0.0963371,-0.104254,0.00825964,-0.00464026,0.0168551,-0.9998130
71825433,-0.0151118,0.0963796,-0.10427,-0.00791069,0.00566326,-0.0157913,0.9998280
71858930,-0.0151726,0.0967478,-0.10422,0.00723516,-0.00400648,0.0145825,-0.999861
71891617,-0.0150613,0.0966537,-0.104355,0.00650757,-0.00439525,0.0189692,-0.9997890
71925420,-0.0151545,0.0966571,-0.104335,-0.00723722,0.00579273,-0.0156397,0.9998350
71957894,-0.0150493,0.0965406,-0.104253,0.00807668,-0.00538223,0.0168075,-0.9998120
71992242,-0.0152184,0.0969763,-0.104275,-0.00726344,0.00530768,-0.0158246,0.9998341
72025177,-0.0150575,0.0968674,-0.104272,0.00625863,-0.00462276,0.016474,-0.9998340
72058161,-0.0151189,0.0969316,-0.104286,0.00696574,-0.00504249,0.0164273,-0.9998280
72092649,-0.0151243,0.0969612,-0.104245,0.00658711,-0.00416651,0.0155761,-0.9998481
72125371,-0.0150342,0.0971018,-0.10419,0.00720787,-0.0043977,0.0163687,-0.999830
72158357,-0.0152219,0.0970201,-0.104259,0.00826485,-0.00400292,0.0151129,-0.9998440
72192653,-0.01521,0.0971545,-0.104248,0.00678055,-0.0036119,0.0135935,-0.9998781
72225714,-0.0151696,0.0970073,-0.104092,0.00684388,-0.00255947,0.0116654,-0.9999050
72258046,-0.0151824,0.0970991,-0.104192,0.00593622,-0.00417016,0.0122216,-0.9998990
72291396,-0.0151001,0.0973597,-0.104111,0.00357949,-0.00138036,0.0101912,-0.9999410
72324340,-0.0151179,0.0974811,-0.104294,-0.00249063,0.00300027,-0.00781684,0.9999621
72357732,-0.0152471,0.0972639,-0.104599,-0.00374986,0.00856028,-0.0106312,0.99990
72391508,-0.015144,0.0971682,-0.104616,-0.00340842,0.00843264,-0.013008,0.9998740
72424688,-0.0153291,0.0972368,-0.104686,-0.00395164,0.00870698,-0.0131797,0.9998671
72458235,-0.0153401,0.0970646,-0.104582,-0.0052987,0.00699679,-0.0158116,0.9998370
72492264,-0.0152958,0.0970427,-0.104554,-0.00462733,0.00703462,-0.0137971,0.9998690
72524818,-0.0152532,0.0967489,-0.104442,-0.004852,0.00761705,-0.0128835,0.9998761
72558343,-0.0152722,0.09692,-0.104221,-0.00488057,0.00560148,-0.0120023,0.99990
72592174,-0.0155005,0.0969887,-0.104474,-0.00638313,0.00742449,-0.0149096,0.9998410
72625670,-0.0153993,0.0969125,-0.10443,-0.00616481,0.00725693,-0.0144709,0.999851
72658473,-0.0154044,0.0969436,-0.104362,-0.00515918,0.00597355,-0.0131882,0.9998820
72692327,-0.0151267,0.0968175,-0.104162,0.00439941,-0.00465229,0.0138479,-0.9998840
72725698,-0.0149772,0.0967745,-0.104087,0.00284475,-0.00282066,0.0144353,-0.9998881
72758500,-0.0149908,0.0967595,-0.10415,0.00280509,-0.003736,0.0144376,-0.9998850
72791853,-0.0147334,0.0965668,-0.103674,0.00251318,-0.000181632,0.013254,-0.9999090
72825027,-0.0146353,0.0962746,-0.103992,0.00317415,-0.00294692,0.0149578,-0.9998790
72857646,-0.0147003,0.0963256,-0.104087,0.00410171,-0.00158184,0.0155966,-0.9998691
72892214,-0.014592,0.0963856,-0.104058,0.00479495,-0.0019373,0.0189462,-0.9998070
72924667,-0.0144811,0.0963843,-0.103825,0.00368702,-0.00118442,0.016168,-0.9998620
72958648,-0.0146262,0.0963312,-0.104086,0.00388624,-0.00460951,0.0177233,-0.9998251
72991875,-0.0147745,0.0966338,-0.104073,0.00333699,-0.00409158,0.0160413,-0.9998570
73025334,-0.0143938,0.0967298,-0.103819,0.0010482,-0.00119143,0.0139056,-0.9999020
73058784,-0.014746,0.0967772,-0.10415,0.000913968,-0.00370989,0.0128004,-0.9999111
73092073,-0.01483,0.0967184,-0.104207,-0.000273633,0.00536077,-0.0116129,0.9999180
73124905,-0.0150596,0.0970569,-0.104367,0.000319264,0.00496544,-0.0112263,0.9999250
73157359,-0.0151573,0.0968005,-0.104377,-0.00258669,0.00654254,-0.015599,0.9998540
73192578,-0.0151768,0.0969368,-0.104271,-0.0049203,0.00561371,-0.0140254,0.9998741
73224854,-0.0152039,0.0968325,-0.104344,-0.00503412,0.00860836,-0.0130405,0.9998650
73258274,-0.0152544,0.0967419,-0.104499,-0.00498529,0.00940607,-0.0129392,0.999860
73292171,-0.0152406,0.0966663,-0.104234,-0.00547062,0.00758207,-0.0134634,0.9998660
73325818,-0.015325,0.0968552,-0.104398,-0.00609659,0.00803826,-0.0142073,0.9998481
73358413,-0.0151707,0.0969199,-0.104147,-0.00616454,0.0044848,-0.0119762,0.9998990
73391525,-0.0153374,0.096716,-0.104371,-0.00705942,0.0100247,-0.0156368,0.9998030
73424859,-0.0154445,0.0969171,-0.104356,-0.0067638,0.00883742,-0.0160884,0.9998090
73457644,-0.0153937,0.0969986,-0.104413,-0.00617647,0.0089335,-0.0169405,0.9997981
73491906,-0.0152219,0.0967998,-0.104295,-0.00633276,0.00679165,-0.0161012,0.9998270
73525063,-0.0150984,0.0964047,-0.104097,-0.00634761,0.0094762,-0.0183157,0.9997670
73558584,-0.0150717,0.0966666,-0.104244,-0.0068022,0.00860969,-0.0173125,0.999791
73592059,-0.0149961,0.0966193,-0.104158,-0.00647415,0.00793489,-0.018401,0.9997780
73625259,-0.0148065,0.0965596,-0.104121,-0.00526047,0.00645065,-0.0146674,0.9998580
73658247,-0.0148082,0.0963072,-0.104126,-0.00605383,0.00599158,-0.0125256,0.9998850
73691383,-0.0149036,0.0963793,-0.104059,-0.00607998,0.00484953,-0.0119455,0.9998981
73724835,-0.0149342,0.0963097,-0.104236,-0.00473035,0.00691864,-0.0131871,0.9998780
73758756,-0.0151603,0.0965042,-0.104397,-0.00546546,0.00724091,-0.0129815,0.9998750
73791682,-0.0151385,0.0964913,-0.104247,-0.00378564,0.00542842,-0.0131054,0.9998921
73825707,-0.0151708,0.0965988,-0.104162,-0.00500468,0.00618225,-0.0129829,0.9998840
73858107,-0.0154893,0.0967543,-0.104469,-0.00513312,0.00842156,-0.013159,0.9998650
73892228,-0.0154823,0.0970053,-0.104373,-0.00506488,0.00841111,-0.0145824,0.9998461
73924895,-0.0154642,0.0968861,-0.104208,-0.00654722,0.00689167,-0.0134967,0.9998640
73958196,-0.0153296,0.096556,-0.104374,-0.00917616,0.00926394,-0.0159586,0.9997880
73991901,-0.0153461,0.0966091,-0.104479,-0.00881395,0.0075298,-0.013781,0.9998380
74024489,-0.0153801,0.0965674,-0.104505,-0.0104268,0.00881326,-0.0155672,0.9997861
74058222,-0.0150386,0.0961249,-0.104116,-0.0103054,0.00761356,-0.0132695,0.999830
74092249,-0.0150159,0.0960654,-0.104269,-0.010447,0.00541102,-0.0130681,0.9998450
74125302,-0.0149039,0.0961979,-0.104159,-0.0085856,0.00421868,-0.0121222,0.9998811
74158797,-0.0150548,0.0961822,-0.104233,-0.00754213,0.00553355,-0.0139004,0.999860
74191886,-0.0149445,0.0962093,-0.104107,-0.00936163,0.00590745,-0.0140025,0.9998410
74224253,-0.0149675,0.0962684,-0.104209,-0.00935456,0.00605076,-0.0140356,0.9998390
74258224,-0.014964,0.096437,-0.104226,-0.0100674,0.00516645,-0.0138091,0.9998411
74292079,-0.014861,0.096416,-0.104198,-0.00931046,0.00547179,-0.0147671,0.9998330
74325175,-0.0151467,0.0966612,-0.104289,-0.00937399,0.00720123,-0.0131651,0.9998430
74358761,-0.0154797,0.0967828,-0.104574,-0.0092899,0.00970185,-0.0142591,0.9998081
74392337,-0.0153317,0.096843,-0.104643,-0.00797097,0.010348,-0.0127458,0.9998330
74425119,-0.0154321,0.0970142,-0.104428,-0.00741903,0.00916012,-0.0123453,0.9998540
74458079,-0.0153363,0.0969469,-0.104455,-0.00751563,0.0100738,-0.0112773,0.9998570
74491484,-0.0152897,0.0968791,-0.10425,-0.00660281,0.00849947,-0.0104511,0.9998871
74524707,-0.015343,0.0967614,-0.104337,-0.00631229,0.00958774,-0.0108929,0.9998750
74558604,-0.01536,0.0969721,-0.104178,-0.00697819,0.00605331,-0.0112075,0.9998950
74592537,-0.0153539,0.0968255,-0.104277,-0.00769063,0.00574355,-0.0116043,0.9998871
74624758,-0.0152418,0.0967646,-0.104066,-0.00713579,0.00479594,-0.0108166,0.9999050
74658596,-0.0152932,0.0966747,-0.104127,-0.00823991,0.00484257,-0.0121827,0.999880
74691179,-0.0153959,0.0969821,-0.104122,-0.00727984,0.00432958,-0.0101222,0.9999130
74724733,-0.0151844,0.0968895,-0.103942,0.00650433,-0.00325787,0.010649,-0.9999171
74758963,-0.015238,0.0968343,-0.104078,0.0058064,-0.00420049,0.0131906,-0.9998870
74791900,-0.0150939,0.0967433,-0.104228,-0.00557268,0.00512998,-0.0129837,0.9998870
74824123,-0.0152198,0.0968159,-0.104195,-0.00715511,0.00467235,-0.013273,0.9998750
74857950,-0.0152631,0.096989,-0.104255,-0.00534912,0.0058318,-0.0153507,0.9998511
74891614,-0.0151333,0.0968779,-0.104192,-0.00446921,0.00569495,-0.0145273,0.9998680
74924371,-0.0151825,0.096912,-0.10402,0.00403755,-0.00375556,0.0127275,-0.9999040
74958907,-0.0154619,0.097031,-0.104169,-0.00586746,0.00648533,-0.0153224,0.9998441
74992261,-0.0156229,0.097225,-0.104282,-0.0075314,0.00573581,-0.0155933,0.9998340
75025261,-0.0155986,0.0971945,-0.104273,0.00831979,-0.00515621,0.0166506,-0.9998130
75057418,-0.0152754,0.0968619,-0.103737,0.00618416,-0.00280646,0.0121374,-0.9999030
75091324,-0.0150096,0.0966177,-0.103939,-0.00710673,0.00501683,-0.0122053,0.9998881
75125109,-0.0150247,0.0967515,-0.103508,0.00601946,0.000849757,0.00811412,-0.9999490
75158466,-0.0150511,0.0969521,-0.103863,0.00704651,-2.54409e-05,0.01127,-0.9999120
75191389,-0.0148159,0.0969121,-0.103524,0.0052953,0.000823358,0.00926629,-0.9999431
75225736,-0.0147375,0.0966877,-0.103425,0.00432928,0.00176782,0.00897383,-0.9999490
75257993,-0.0149037,0.0968908,-0.103479,0.00511276,0.00164621,0.00963462,-0.9999390
75291261,-0.0147909,0.096954,-0.103422,0.00321833,0.00217606,0.00941578,-0.9999480
75326022,-0.0149757,0.0970275,-0.103548,0.0049186,0.000970887,0.00924835,-0.9999451
75358186,-0.0150248,0.0967327,-0.103667,0.00519983,-0.000541427,0.0114187,-0.9999210
75391508,-0.0149766,0.0968748,-0.103717,0.00558209,0.00135031,0.00963328,-0.9999370
75425544,-0.0149624,0.0969522,-0.103853,0.00510379,-0.000362077,0.0124403,-0.999910
75457796,-0.0149728,0.0971875,-0.103978,0.00596991,-0.00117091,0.0126447,-0.9999021
75492562,-0.0148842,0.0970728,-0.103774,0.00511622,0.00179227,0.0122166,-0.9999110
75524288,-0.0146637,0.0968053,-0.103716,0.00607745,0.00117811,0.0123382,-0.9999050
75557870,-0.0146995,0.0970338,-0.103737,0.00703241,0.00217411,0.0132081,-0.9998861
75592287,-0.014979,0.097169,-0.104053,0.00687089,-0.000254012,0.0134482,-0.9998860
75624793,-0.0147412,0.097092,-0.103535,0.00596679,0.00276308,0.0121053,-0.9999050
75658172,-0.0147582,0.096891,-0.103905,0.00759308,-0.000733059,0.0134856,-0.999881
75691407,-0.0148182,0.0969009,-0.103827,0.00783553,0.00159747,0.0121922,-0.9998940
75724093,-0.0148265,0.0969091,-0.103951,0.008479,0.00147841,0.0124932,-0.9998850
75758439,-0.0146912,0.0968816,-0.103653,0.00726275,0.00182112,0.0117384,-0.9999031
75791074,-0.0148802,0.0967868,-0.103965,0.00800156,0.000602343,0.0113206,-0.9999040
75825365,-0.0150757,0.0970044,-0.103904,0.00812277,-0.000192213,0.0110487,-0.9999060
75858175,-0.0153074,0.0969703,-0.10403,0.00826809,-0.00141859,0.0134272,-0.9998750
75892499,-0.0153059,0.0970607,-0.104127,0.00846973,-0.00380819,0.0134474,-0.9998661
75925030,-0.0153712,0.0969268,-0.104118,0.00937406,-0.00277326,0.0142343,-0.9998510
75958042,-0.0150369,0.0968763,-0.103926,0.00826902,-0.0019295,0.013196,-0.9998770
75992416,-0.0151279,0.0969024,-0.103926,0.00666895,-0.00171115,0.0137076,-0.9998820
76025459,-0.0150194,0.0968282,-0.104002,0.00633492,-0.00158201,0.0128177,-0.9998971
76058462,-0.015053,0.0968804,-0.103909,0.00515865,-0.000388372,0.0107474,-0.9999290
76091277,-0.0147196,0.0963411,-0.10367,0.00463626,-0.00027617,0.0100052,-0.9999390
76125027,-0.0147866,0.0964348,-0.103576,0.00531408,0.000270053,0.00947485,-0.9999410
76158130,-0.0149473,0.0967498,-0.10379,0.00524183,-0.000794051,0.00953126,-0.9999411
76191909,-0.0147218,0.0966689,-0.103392,0.00419107,0.00127357,0.00692458,-0.9999660
76224289,-0.0148251,0.0965244,-0.103727,0.00530447,-0.00188219,0.00793384,-0.9999530
76258121,-0.0150992,0.096892,-0.103846,0.0055469,-0.0016499,0.00819557,-0.999950
76291334,-0.0149833,0.0968071,-0.10385,0.00313022,-0.00299979,0.011585,-0.9999241
76324829,-0.0148418,0.096975,-0.103799,0.00330929,-0.00194322,0.0104563,-0.9999380
76358058,-0.0150112,0.0967271,-0.103959,-0.00346743,0.00438426,-0.00970811,0.9999370
76392150,-0.0151107,0.0968473,-0.103676,0.00448142,-0.00201551,0.0105989,-0.9999321
76425256,-0.0149141,0.0966249,-0.103526,0.00382351,-0.00116457,0.0112896,-0.9999280
76458165,-0.0148918,0.096631,-0.103616,0.00461711,-0.00135025,0.0106238,-0.9999320
76491199,-0.0148508,0.0967142,-0.103769,0.00468239,-0.000908123,0.00798448,-0.9999570
76524936,-0.0150295,0.0966711,-0.103693,0.00696023,0.000442182,0.00839006,-0.9999411
76558252,-0.0150199,0.0967077,-0.103783,0.00532426,-0.00104914,0.00786032,-0.9999540
76592265,-0.014936,0.0967534,-0.103757,0.00621762,-0.00036483,0.00732137,-0.9999540
76624979,-0.0148906,0.0966555,-0.103524,0.00599927,0.00169609,0.00546246,-0.9999661
76658254,-0.0148816,0.0967258,-0.103657,0.00597506,0.00111534,0.0059804,-0.9999640
76691463,-0.0148666,0.096612,-0.103567,0.00641021,0.00270829,0.00571444,-0.9999590
76725116,-0.0151416,0.0968752,-0.103933,0.00701527,-0.000516538,0.00746862,-0.9999471
76758693,-0.0149185,0.0967034,-0.103451,0.00644928,0.00166385,0.0060963,-0.9999590
76792344,-0.0149113,0.096638,-0.103701,0.00736607,0.00034293,0.00708342,-0.9999480
76825654,-0.0149634,0.0966829,-0.103653,0.00696336,0.000686697,0.00700394,-0.9999511
76858032,-0.0151556,0.0968442,-0.103823,0.0070835,-0.000384354,0.00789081,-0.9999440
76892535,-0.0148261,0.0965765,-0.10367,0.00682825,0.000232209,0.00678576,-0.9999540
76924761,-0.0149154,0.0964661,-0.103795,0.00704585,-0.000195207,0.00685499,-0.9999520
76958769,-0.0149384,0.0966962,-0.103827,0.00692061,0.000325488,0.00576826,-0.9999591
76991907,-0.014994,0.0966721,-0.103918,0.00727644,0.000215701,0.0082066,-0.999940
77025277,-0.0149497,0.0965991,-0.103876,0.00729419,-0.00024858,0.00770573,-0.9999440
77057681,-0.0148552,0.096481,-0.103876,0.00699368,-0.000205838,0.00746052,-0.9999480
77091370,-0.014906,0.0965455,-0.103694,0.00772813,0.000772692,0.0080254,-0.9999381
77124459,-0.0151525,0.0966795,-0.104026,0.00672974,-0.00340609,0.0105211,-0.9999160
77158617,-0.0150338,0.0968187,-0.10419,-0.0075453,0.00398336,-0.0104193,0.9999090
77192256,-0.0150588,0.0966401,-0.10376,0.00640861,-0.000860053,0.00954339,-0.9999341
77224464,-0.0150776,0.0966079,-0.103872,0.00653151,-0.00245311,0.0106003,-0.9999190
77257681,-0.0150441,0.0966143,-0.103864,0.00733727,-0.00174679,0.010218,-0.9999190
77291843,-0.0152902,0.0968181,-0.104241,-0.00721578,0.0046606,-0.010464,0.9999080
77324181,-0.0149908,0.0967885,-0.103714,0.00581421,-0.00133017,0.00865533,-0.9999451
77357320,-0.0149629,0.0966791,-0.103842,0.00558835,-0.00281151,0.00937277,-0.9999370
77391582,-0.0150906,0.0967985,-0.10386,0.00545886,-0.00161644,0.00846144,-0.9999480
77425017,-0.0151759,0.0970222,-0.104016,0.00621298,-0.00206011,0.00937763,-0.9999351
77458161,-0.0152247,0.0971798,-0.104043,-0.00538348,0.00331455,-0.0084528,0.9999440
77490531,-0.0152856,0.0969085,-0.104099,-0.00598579,0.00490387,-0.00897261,0.999930
77524986,-0.0153835,0.0969565,-0.103963,-0.00625096,0.00468139,-0.00926381,0.9999270
77557239,-0.0153101,0.0968619,-0.103875,0.00599561,-0.00382703,0.0110641,-0.9999141
77591873,-0.0152631,0.0970449,-0.10396,-0.00625825,0.00450817,-0.0111923,0.9999080
77625225,-0.0152382,0.0966798,-0.103914,-0.00744232,0.00376329,-0.00835585,0.999930
77658338,-0.0151522,0.0967477,-0.10373,0.00803517,-0.000893279,0.00767107,-0.9999381
77692155,-0.0151285,0.0968907,-0.103882,0.0066056,-0.00133593,0.00971735,-0.999930
77725430,-0.0150082,0.0968707,-0.103852,0.00727675,-0.00158882,0.00894233,-0.9999320
77758191,-0.0149585,0.0967149,-0.103654,0.0067733,0.00138431,0.00745822,-0.9999480
77791509,-0.0149606,0.096699,-0.103722,0.00719846,-0.000240299,0.00847846,-0.9999381
77825448,-0.0150962,0.0967152,-0.103776,0.00669547,9.0033e-05,0.0079772,-0.9999460
77858458,-0.0153433,0.0968591,-0.10401,0.00678171,-0.00248825,0.00923619,-0.9999310
77891634,-0.0150055,0.0967486,-0.103489,0.00560892,0.00125693,0.00680405,-0.999961
77924675,-0.014808,0.0967709,-0.103592,0.00567938,-0.000102859,0.00735904,-0.9999570
77958499,-0.0149182,0.0967843,-0.103568,0.00548906,0.00163984,0.00725458,-0.9999570
77991587,-0.015058,0.0968885,-0.103604,0.0047257,0.00100429,0.00936946,-0.9999440
78025325,-0.0150581,0.0970106,-0.103667,0.00311614,-8.32504e-05,0.00867077,-0.9999581
78058319,-0.0148503,0.0968356,-0.103483,0.00297127,0.00220681,0.00852614,-0.9999570
78091106,-0.0150078,0.0970261,-0.103615,0.00261598,0.00212417,0.0082116,-0.9999610
78125039,-0.0149341,0.0969809,-0.103609,0.0013962,0.00198873,0.00993935,-0.9999480
78159575,-0.0150035,0.0971947,-0.10372,0.00194958,0.000884907,0.00900045,-0.9999571
78192038,-0.0149814,0.0970199,-0.10368,0.00139505,0.000935474,0.00856485,-0.9999620
78224400,-0.0149978,0.0971514,-0.103633,0.00251794,0.00195178,0.00783791,-0.9999640
78258051,-0.0150239,0.0971587,-0.103756,0.00135677,0.000851289,0.00942361,-0.9999540
78291694,-0.0151418,0.0974359,-0.103883,0.00227069,0.000133472,0.00953639,-0.9999521
78325286,-0.0151199,0.0974746,-0.103862,0.00183929,0.00203041,0.00731514,-0.9999690
78358049,-0.0149845,0.0973032,-0.103796,0.00374016,0.00276751,0.00811316,-0.9999560
78391938,-0.0148573,0.0972177,-0.103686,0.00400083,0.00556712,0.0073447,-0.999951
78424537,-0.0149227,0.0971943,-0.103819,0.002266,0.00313678,0.00656152,-0.9999710
78459199,-0.0147598,0.0970733,-0.103317,0.00127467,0.00573893,0.00551435,-0.9999680
78491307,-0.014764,0.0969514,-0.103694,0.00174291,0.00358174,0.00441737,-0.9999820
78524298,-0.01498,0.097064,-0.103769,0.00276337,0.00348803,0.00583431,-0.9999731
78558393,-0.0150796,0.0971559,-0.103847,0.00347155,0.00248643,0.00680447,-0.9999680
78592350,-0.0148541,0.097127,-0.103756,0.00296489,0.00267835,0.00580877,-0.9999750
78625071,-0.0148782,0.0968772,-0.103756,0.00342497,0.00295439,0.00587329,-0.9999731
78658240,-0.0149875,0.0969704,-0.103691,0.00458314,0.00362057,0.00541335,-0.9999680
78691263,-0.0149669,0.097033,-0.103816,0.00363875,0.00256889,0.00726993,-0.9999640
78724644,-0.0149921,0.0970507,-0.103869,0.00505685,0.0011498,0.00700102,-0.9999620
78757982,-0.0152942,0.0970551,-0.104129,0.00574713,-0.00146824,0.00760107,-0.9999541
78791432,-0.0153397,0.0969498,-0.104001,0.00766587,-0.00114844,0.00902566,-0.9999290
78824907,-0.0152009,0.0970175,-0.104146,0.00551483,-0.0028749,0.0103235,-0.9999270
78858032,-0.0154275,0.0972428,-0.104276,-0.00778302,0.00424803,-0.0107535,0.9999031
78891360,-0.0154082,0.0970277,-0.104089,0.0073653,-0.00268523,0.0111616,-0.9999070
78924156,-0.0153886,0.0970936,-0.104228,-0.00817601,0.0042606,-0.0123648,0.9998810
78958099,-0.0151398,0.0968433,-0.104079,0.00792927,-0.00197605,0.0104053,-0.9999131
78991471,-0.015342,0.0971476,-0.104333,0.00842365,-0.00320215,0.0105144,-0.9999040
79026046,-0.0150422,0.0969877,-0.103931,0.00773013,-0.000702615,0.00741367,-0.9999420
79057958,-0.0150632,0.0967834,-0.104062,0.00842111,-0.00204105,0.00845101,-0.9999270
79090829,-0.0149059,0.0968488,-0.103973,0.00701623,-0.000215466,0.0070805,-0.999951
79124726,-0.0149724,0.0970141,-0.104004,0.0065814,0.000148089,0.00679276,-0.9999550
79157769,-0.0148469,0.0968475,-0.103871,0.00660304,-3.95765e-05,0.00667987,-0.9999560
79191881,-0.0149042,0.0968304,-0.103973,0.00681032,-0.000534225,0.00677506,-0.9999541
79224457,-0.0149314,0.0968457,-0.103874,0.0065262,0.000938797,0.00582361,-0.9999610
79258538,-0.0150341,0.0969238,-0.104036,0.00598767,-0.000318842,0.00702531,-0.9999570
79291743,-0.0149564,0.0968739,-0.103924,0.00586906,-0.000919677,0.00695062,-0.9999580
79324449,-0.0149915,0.0967457,-0.103935,0.00567729,-0.000772685,0.00568631,-0.9999671
79358658,-0.0149999,0.0968746,-0.103812,0.00629782,0.00208594,0.00539645,-0.9999630
79391260,-0.0149611,0.096902,-0.103995,0.00492074,0.00104448,0.00696082,-0.9999630
79424911,-0.0150533,0.0970433,-0.103977,0.00521203,0.000103847,0.00694082,-0.9999621
79457782,-0.0149847,0.097033,-0.103784,0.00419613,0.00221721,0.00629831,-0.9999690
79491741,-0.014921,0.0970101,-0.10384,0.00445871,0.00199989,0.00710852,-0.9999630
79524442,-0.0148667,0.0969559,-0.103773,0.00459891,0.00325146,0.00671304,-0.9999620
79557412,-0.0150698,0.0972536,-0.104077,0.00476251,0.00152412,0.00789999,-0.9999561
79592752,-0.0149027,0.0971543,-0.103589,0.00368487,0.00500373,0.00602442,-0.9999630
79624744,-0.0148771,0.096926,-0.103878,0.00413051,0.00231216,0.007067,-0.9999640
79658310,-0.0149946,0.0970555,-0.10387,0.00393434,0.00345707,0.00700934,-0.9999621
79691597,-0.0150806,0.097179,-0.103993,0.00447509,0.00364508,0.00763099,-0.9999540
79724968,-0.0149181,0.0971089,-0.103818,0.00288971,0.00365593,0.00648746,-0.9999680
79757436,-0.0149161,0.0967972,-0.103719,0.00271444,0.00373133,0.00776584,-0.9999590
79791528,-0.0149093,0.0969332,-0.103664,0.00343769,0.00405379,0.00810834,-0.9999531
79824913,-0.015134,0.0969792,-0.103835,0.00249761,0.00139967,0.0109618,-0.9999360
79857526,-0.0152018,0.097282,-0.104004,0.00316311,0.000462573,0.0107138,-0.9999370
79891451,-0.0150975,0.0969622,-0.103864,0.0024464,0.000111105,0.0100562,-0.9999460
79926035,-0.0151145,0.0971027,-0.103811,0.00361195,0.00156304,0.0114229,-0.9999271
79957998,-0.0150323,0.0970718,-0.10384,0.00206962,0.000726713,0.0118006,-0.9999280
79992176,-0.015094,0.0973858,-0.104106,0.00330855,-0.000138852,0.0118943,-0.9999240
80025146,-0.015025,0.0971983,-0.103875,0.0036829,0.00171172,0.0100693,-0.9999410
80057816,-0.0145991,0.097124,-0.103727,0.00308378,0.00364701,0.00835859,-0.9999541
80091428,-0.0146776,0.0971138,-0.10373,0.00334231,0.00557556,0.00708012,-0.9999540
80124428,-0.0148113,0.0972541,-0.103913,0.00298069,0.00461653,0.00769155,-0.9999550
80158242,-0.0145769,0.097157,-0.103513,0.00217391,0.00718413,0.00543313,-0.9999571
80191372,-0.014528,0.0970034,-0.103742,0.00271911,0.00508247,0.0063549,-0.9999630
80225175,-0.0146584,0.0970735,-0.103685,0.00288548,0.00655118,0.00628832,-0.9999550
80258103,-0.0147688,0.0972854,-0.103856,0.00262501,0.00493483,0.00682018,-0.9999610
80291036,-0.0146147,0.0972075,-0.103722,0.0022919,0.00449735,0.00623372,-0.9999681
80325443,-0.0145695,0.0970824,-0.10365,0.00162058,0.00522214,0.0056377,-0.9999690
80358743,-0.0146829,0.0972195,-0.103667,0.00254015,0.00649849,0.00523203,-0.9999620
80391169,-0.0147096,0.0972164,-0.103671,0.00212909,0.00668396,0.00654432,-0.9999541
80424453,-0.0147021,0.0971562,-0.103695,0.00321014,0.00550007,0.00806372,-0.9999470
80457990,-0.014672,0.0969685,-0.103711,0.00303796,0.00502837,0.00681958,-0.999960
80490812,-0.0147637,0.0971073,-0.103663,0.00464656,0.00644537,0.00709985,-0.9999430
80525149,-0.0149248,0.0971865,-0.103928,0.00359272,0.00392373,0.00805681,-0.9999531
80558280,-0.0148763,0.0972775,-0.103917,0.00432467,0.00297532,0.00780161,-0.9999560
80591000,-0.0147736,0.0971266,-0.103656,0.00337189,0.00565594,0.00676823,-0.9999550
80702484,-0.0147117,0.0971661,-0.103733,0.00397352,0.00483129,0.00754855,-0.9999521
80704003,-0.0148507,0.0970956,-0.103779,0.0044695,0.00535599,0.00641212,-0.9999550
80704033,-0.0149167,0.0972895,-0.103951,0.00462404,0.0034666,0.00708536,-0.9999580
80724368,-0.0147417,0.0971954,-0.1035,0.00357379,0.00597078,0.00552683,-0.9999610
80758082,-0.0146984,0.0969755,-0.103712,0.00446192,0.00325845,0.0070068,-0.999960
80791484,-0.0147927,0.097118,-0.103728,0.00379692,0.00398353,0.00699283,-0.999960
80825605,-0.0148953,0.0971336,-0.10375,0.0046189,0.00364181,0.00722385,-0.9999571
80858533,-0.0146677,0.0970254,-0.103558,0.00462044,0.0047,0.00589278,-0.9999610
80891148,-0.0146449,0.0969599,-0.103673,0.00445277,0.00465918,0.00572496,-0.9999630
80925348,-0.0148418,0.0970554,-0.103692,0.0048385,0.00431928,0.00511899,-0.9999660
80958584,-0.0148224,0.0970859,-0.103815,0.00387819,0.0033833,0.00606784,-0.9999681
80992121,-0.0148798,0.0970886,-0.103739,0.00487861,0.00272645,0.00577897,-0.9999680
81026422,-0.0148407,0.0968071,-0.103681,0.00541863,0.00404125,0.00439183,-0.9999680
81058431,-0.0151248,0.097023,-0.10378,0.00627887,0.00359829,0.00496273,-0.9999610
81091441,-0.0149681,0.0968353,-0.103905,0.0036795,0.000855091,0.00641394,-0.9999721
81124401,-0.015307,0.0972524,-0.104127,0.00491444,-0.00159259,0.00721825,-0.9999610
81158227,-0.0151968,0.0969918,-0.103811,0.00306241,-0.00069036,0.00698332,-0.9999710
81191278,-0.0151287,0.0969582,-0.10386,0.00366937,-0.00132655,0.00869175,-0.9999550
81224343,-0.0152205,0.0970485,-0.103958,0.00342209,-0.000798807,0.0081846,-0.999961
81257517,-0.0153013,0.0971755,-0.104069,0.00344157,-0.00162715,0.009334,-0.9999490
81291558,-0.015142,0.0972067,-0.103796,0.00335919,-0.000275365,0.00769366,-0.9999650
81325571,-0.0148411,0.0967975,-0.103818,0.00333926,-0.00150493,0.00847154,-0.9999571
81356969,-0.0148264,0.0970884,-0.103864,0.00319045,0.000766703,0.0072904,-0.9999680
81391772,-0.015,0.097148,-0.103873,0.00433846,0.000524578,0.00766645,-0.9999610
81424360,-0.0147509,0.0970474,-0.103734,0.00315041,0.00106129,0.00666151,-0.9999720
81457526,-0.0147632,0.0968622,-0.103632,0.00402506,0.00240589,0.00762872,-0.999961
81490695,-0.014911,0.0970057,-0.103733,0.00475047,0.00326728,0.0067536,-0.9999610
81524801,-0.0149252,0.0970576,-0.103866,0.00441853,0.00271048,0.0079556,-0.9999550
81557384,-0.0148618,0.0970906,-0.103819,0.00485002,0.00233521,0.00729815,-0.9999590
81591660,-0.0149485,0.0969043,-0.103865,0.00433044,0.00246832,0.00631896,-0.9999681
81625335,-0.0149824,0.0969856,-0.103813,0.00523347,0.00341072,0.00643543,-0.999960
81658230,-0.0150258,0.0969835,-0.10391,0.00373106,0.00121831,0.00795694,-0.9999610
81691438,-0.0149314,0.0970273,-0.103867,0.00395144,0.00107843,0.00706438,-0.9999670
81724440,-0.0148278,0.0969392,-0.103661,0.00294642,0.00355915,0.00611451,-0.9999711
81757146,-0.0147324,0.0969237,-0.103738,0.0032405,0.00307805,0.00582024,-0.9999730
81791654,-0.0148489,0.0969473,-0.103733,0.00261661,0.00344303,0.00582668,-0.9999740
81825110,-0.0149093,0.0971088,-0.103882,0.00314731,0.00201204,0.00682295,-0.999971
81859329,-0.0146764,0.097009,-0.103484,0.00245369,0.00468124,0.00486575,-0.9999740
81890447,-0.0145924,0.0967432,-0.103681,0.00322915,0.00234544,0.00624046,-0.9999730
81924834,-0.0149246,0.0970719,-0.103782,0.00294194,0.00264231,0.00622281,-0.9999730
81957862,-0.014915,0.0970865,-0.103786,0.00326828,0.00200528,0.00748343,-0.9999651
81991693,-0.0149022,0.0970975,-0.103802,0.00277964,0.00239516,0.00612131,-0.9999750
82024544,-0.0148512,0.0969709,-0.103854,0.00232136,0.00255245,0.00616652,-0.9999750
82057891,-0.0148223,0.0969379,-0.103728,0.00285303,0.00244871,0.00714819,-0.9999671
82091905,-0.0147643,0.0970275,-0.103918,0.00240785,0.00172359,0.00717522,-0.999970
82124105,-0.0148197,0.0969791,-0.104072,0.00347379,-0.00101076,0.00679401,-0.999970
82158150,-0.0147793,0.0968153,-0.104042,0.00302805,-0.00109991,0.00607815,-0.9999761
82191501,-0.0145582,0.0966733,-0.103804,0.00377853,0.00194691,0.0041037,-0.9999830
82224866,-0.0147609,0.0968285,-0.104086,0.0031998,0.000893036,0.00371707,-0.9999880
82257479,-0.0147363,0.0966077,-0.103994,0.00540922,0.00054271,0.00466989,-0.9999740
82291723,-0.014573,0.0964774,-0.103761,0.00487709,0.00311822,0.00362751,-0.9999771
82324179,-0.0144771,0.0965116,-0.103783,0.0047808,0.00263271,0.00417421,-0.9999760
82357544,-0.0145618,0.0964366,-0.103848,0.00571926,0.00316037,0.00387905,-0.9999710
82391464,-0.0147742,0.0966491,-0.104016,0.00557576,0.00146795,0.00477298,-0.9999720
82424818,-0.0145134,0.0964731,-0.103568,0.00521392,0.00451089,0.00329182,-0.9999711
82457315,-0.0144343,0.0962842,-0.103618,0.00551337,0.00352548,0.00497459,-0.9999660
82491494,-0.0144827,0.0963149,-0.103597,0.00568411,0.00469677,0.00415857,-0.9999640
82525021,-0.0147804,0.0965355,-0.1037,0.00620335,0.00270839,0.00521513,-0.9999641
82558190,-0.014522,0.0965218,-0.103497,0.0042783,0.00297992,0.0046214,-0.9999760
82592180,-0.0145841,0.0963332,-0.103533,0.00450545,0.00365313,0.00411592,-0.9999750
82625472,-0.0146315,0.0964581,-0.103491,0.00550918,0.00494055,0.00406546,-0.9999641
82657952,-0.0147343,0.0965333,-0.103674,0.00522849,0.00298278,0.00552683,-0.9999670
82690999,-0.0146335,0.0967036,-0.103702,0.00338662,0.00171311,0.005205,-0.9999790
82724322,-0.0147305,0.0964677,-0.103748,0.00379102,0.00169996,0.00306535,-0.9999870
82757459,-0.014793,0.096444,-0.103485,0.00450157,0.00375332,0.00227158,-0.999981
82791571,-0.014995,0.0964937,-0.103764,0.00342215,0.00066494,0.00414578,-0.9999850
82825186,-0.0149764,0.096591,-0.103754,0.00366513,-0.000537244,0.00381971,-0.9999860
82857260,-0.0149335,0.0964294,-0.103519,0.00252299,0.00174316,0.00240647,-0.9999920
82891458,-0.0148558,0.0965098,-0.103478,0.00265736,0.00199747,0.00359339,-0.9999881
82924015,-0.0148671,0.0966002,-0.103539,0.00264856,0.00264426,0.00355229,-0.9999870
82957064,-0.0150144,0.0967415,-0.103717,0.00294372,0.000833923,0.00344932,-0.9999890
82991363,-0.0148096,0.0966699,-0.103265,0.00218045,0.00391667,0.00253823,-0.9999870
83025506,-0.0147173,0.0966443,-0.1035,0.0031818,0.00279983,0.00368932,-0.9999841
83058092,-0.0149026,0.0967185,-0.103534,0.00293003,0.00312727,0.00363416,-0.9999840
83091684,-0.0149722,0.0969015,-0.103549,0.00324566,0.00289844,0.00500103,-0.9999780
83124551,-0.0147429,0.0968764,-0.103431,0.00275123,0.00353618,0.00409074,-0.9999820
83157964,-0.0147408,0.096704,-0.103391,0.0028615,0.00379587,0.00450931,-0.9999791
83191041,-0.0148965,0.0969781,-0.103514,0.00261666,0.00332633,0.00416229,-0.9999820
83224040,-0.0147872,0.0969687,-0.103625,0.00212604,0.00304309,0.00458933,-0.9999830
83258310,-0.0147654,0.0969741,-0.103538,0.00279284,0.0030766,0.00490733,-0.9999791
83291120,-0.0148538,0.096843,-0.103557,0.0014787,0.00240043,0.00405816,-0.9999880
83325275,-0.0148621,0.0969312,-0.103432,0.00246521,0.00357005,0.00451846,-0.999980
83357711,-0.0149357,0.0970145,-0.103778,0.00120981,0.00184857,0.00545269,-0.9999830
83391777,-0.0148792,0.09714,-0.103607,0.00156491,0.00195258,0.00556209,-0.9999811
83424298,-0.0146528,0.0969809,-0.103426,-0.000406922,0.00556032,0.00308207,-0.999980
83458219,-0.014713,0.0970491,-0.103595,0.00133664,0.0043437,0.00482454,-0.9999780
83490610,-0.0148049,0.096892,-0.103603,0.00330942,0.00351302,0.00670171,-0.9999660
83524746,-0.0148909,0.0970846,-0.103783,0.00286246,0.00245007,0.0069472,-0.9999691
83557456,-0.0148257,0.0970464,-0.103411,0.00238601,0.004362,0.00612897,-0.9999690
83591781,-0.0146984,0.0968229,-0.103686,0.00348911,0.00224389,0.00701485,-0.9999670
83625687,-0.0151279,0.0973009,-0.103948,0.00353833,0.0019443,0.00821163,-0.9999581
83658112,-0.0149966,0.0972397,-0.103858,0.00397574,0.00165273,0.00907355,-0.999950
83690903,-0.0150531,0.0972301,-0.103823,0.00202878,0.000712193,0.00870415,-0.999960
83725165,-0.0151859,0.0974055,-0.103903,0.00138586,-0.000909089,0.00981328,-0.999950
83757605,-0.0152837,0.0974584,-0.104016,0.00241406,-0.00118695,0.00916764,-0.9999541
83792252,-0.0149346,0.0969294,-0.103724,0.0035511,0.00165138,0.00786819,-0.9999610
83825561,-0.0150966,0.0971859,-0.103851,0.0030062,0.00076599,0.00802793,-0.9999630
83857879,-0.0149106,0.0968305,-0.10356,0.00176112,0.00280472,0.00627077,-0.9999751
83890462,-0.0149147,0.0969583,-0.10368,0.0032147,0.00421051,0.00495996,-0.9999740
83925868,-0.0149751,0.0967998,-0.103887,0.00180197,0.00268985,0.00621483,-0.9999760
83957410,-0.0151512,0.0970906,-0.104012,0.00242961,-9.51338e-05,0.00631306,-0.9999770
83991414,-0.0149885,0.0968246,-0.103788,0.00157013,0.00235757,0.00532897,-0.9999821
84024550,-0.0149011,0.0970008,-0.103946,0.00136908,0.00144841,0.00542938,-0.9999830
84057409,-0.0151849,0.097049,-0.104113,0.00166998,-0.000172486,0.00685314,-0.9999750
84091146,-0.0152844,0.0971731,-0.104141,0.00153096,-0.00154998,0.00789507,-0.9999670
84124325,-0.0148982,0.0967725,-0.103553,0.000342279,0.00109147,0.00635901,-0.9999791
84157567,-0.0148311,0.096674,-0.103813,0.00201217,0.000187966,0.00622863,-0.9999790
84191509,-0.0150597,0.0967671,-0.103794,0.0015328,0.000922749,0.00640646,-0.9999780
84224485,-0.0152792,0.0972681,-0.104147,0.00103379,-0.0018451,0.00783567,-0.9999671
84257691,-0.015135,0.0971436,-0.104069,0.00171785,-0.00144829,0.00832813,-0.9999630
84292436,-0.0145698,0.0965293,-0.103642,0.00160879,0.00241065,0.00618499,-0.9999770
84324341,-0.0147454,0.0967335,-0.103531,0.0011386,0.00328597,0.00668586,-0.9999720
84358302,-0.0150757,0.0970856,-0.103939,-0.00027638,-0.00125066,0.00930172,-0.9999561
84390830,-0.0149513,0.0969542,-0.103789,0.000103743,-0.000924229,0.00927675,-0.9999570
84425160,-0.014619,0.0963168,-0.103487,0.000660233,0.00131198,0.00660879,-0.9999770
84457447,-0.0148231,0.0969186,-0.103695,0.000366887,0.00193231,0.0060752,-0.999980
84491615,-0.0149996,0.0968741,-0.103819,0.000183857,9.19656e-05,0.0081781,-0.9999671
84524005,-0.0148888,0.0967742,-0.103631,0.000962947,0.000805926,0.00875505,-0.9999610
84558063,-0.0148551,0.0967133,-0.1034,-0.000185931,0.00318598,0.00861707,-0.9999580
84591174,-0.0147107,0.0966614,-0.103365,0.000567806,0.00296754,0.00894087,-0.9999550
84624757,-0.0149475,0.096822,-0.103558,1.82246e-05,0.00238302,0.00931087,-0.9999541
84657846,-0.0150841,0.0970673,-0.103731,4.39687e-05,0.000510024,0.00868752,-0.9999620
84691587,-0.0147446,0.0967025,-0.103115,-0.000994687,0.00410329,0.00598433,-0.9999730
84724636,-0.0146494,0.0964495,-0.103281,0.000931917,0.00307072,0.00664261,-0.9999730
84759302,-0.0148003,0.0965902,-0.103348,0.00150116,0.00387356,0.00622508,-0.9999721
84790281,-0.014678,0.0964891,-0.103344,0.000821466,0.00390036,0.00607991,-0.9999740
84824402,-0.0144368,0.0963578,-0.103074,0.000349425,0.00384515,0.00646511,-0.9999720
84858027,-0.014556,0.096241,-0.10314,0.000699412,0.00458913,0.00476117,-0.9999780
84891476,-0.0146456,0.0964059,-0.103151,0.00131266,0.00579968,0.00339374,-0.9999771
84925010,-0.0148107,0.0965401,-0.103503,0.0009642,0.00270615,0.00543737,-0.9999810
84958371,-0.0147401,0.0966067,-0.103385,0.00134915,0.00234831,0.00580078,-0.9999790
84992357,-0.0146761,0.0964469,-0.103317,0.000908743,0.00338772,0.00375185,-0.9999871
85025145,-0.0148622,0.096778,-0.103489,0.00141157,0.00347628,0.0042829,-0.9999840
85057947,-0.0147731,0.0968435,-0.103653,-0.000133464,0.00226311,0.0049838,-0.9999850
85090958,-0.0147241,0.0967241,-0.103424,0.00113152,0.00196446,0.0047244,-0.9999860
85124888,-0.014567,0.0967753,-0.103337,0.00111926,0.00301738,0.00541084,-0.999981
85157131,-0.0145752,0.096988,-0.103509,-0.000882868,0.00120967,0.00605231,-0.9999810
85190315,-0.0146699,0.0967163,-0.103452,0.000119834,0.00431969,0.00319678,-0.9999860
85224459,-0.0147026,0.0968319,-0.103537,0.000897619,0.00368408,0.00461049,-0.9999820
85258242,-0.0149067,0.097202,-0.103498,0.000390904,0.00370368,0.00555106,-0.9999781
85291367,-0.014825,0.0968881,-0.103572,0.00212413,0.00286815,0.00570884,-0.9999770
85324634,-0.014756,0.0971064,-0.103633,0.00154527,0.00362694,0.00564143,-0.9999760
85357238,-0.0147974,0.0970523,-0.103541,0.0012984,0.00381861,0.00682629,-0.9999690
85391251,-0.0145535,0.0968574,-0.103359,0.00289612,0.003955,0.00725419,-0.9999621
85424364,-0.0147045,0.0968354,-0.103529,0.00262798,0.00318463,0.0075085,-0.9999630
85458267,-0.0150234,0.0971041,-0.103696,0.00437537,0.00221117,0.00845646,-0.9999520
85490776,-0.014887,0.097197,-0.103728,0.00216074,0.00159421,0.0103811,-0.9999430
85525150,-0.0150493,0.0973956,-0.1038,0.00147456,0.000359065,0.00967169,-0.9999521
85557916,-0.0148358,0.0970525,-0.103687,0.00166936,0.000455948,0.00848388,-0.9999630
85591422,-0.0146216,0.0970238,-0.103483,0.00299295,0.0038225,0.00846367,-0.9999520
85625762,-0.014767,0.0971405,-0.103864,0.00244463,0.00155642,0.0109569,-0.9999361
85657046,-0.0152938,0.0974631,-0.10421,0.00326132,-0.00274974,0.0109143,-0.9999310
85691425,-0.0152128,0.0973466,-0.104114,0.00295365,-0.00277993,0.0105238,-0.9999360
85724200,-0.0150928,0.0972253,-0.104198,-0.00517969,0.00414233,-0.0116866,0.999910
85757589,-0.0146467,0.0968286,-0.103743,0.00508068,0.00174637,0.00847184,-0.999951
85791341,-0.0149058,0.0969685,-0.103984,0.00538306,0.000371896,0.00843086,-0.999950
85825650,-0.0148684,0.0969485,-0.10372,0.00372387,0.00252322,0.00618744,-0.9999710
85857881,-0.0146761,0.096902,-0.103886,0.00408179,0.00111633,0.00823351,-0.9999571
85891451,-0.0149858,0.0970494,-0.103838,0.00359791,0.00167791,0.00788228,-0.9999610
85924319,-0.0151548,0.0971892,-0.104055,0.00316576,0.000322633,0.00824728,-0.9999610
85957525,-0.0148792,0.0970831,-0.103891,0.00270085,0.00156565,0.00730268,-0.9999680
85990838,-0.0146614,0.0969165,-0.103595,0.00256667,0.00375314,0.00664634,-0.9999681
86024972,-0.0150098,0.0972704,-0.103912,0.00192915,0.000903959,0.00914323,-0.9999560
86057998,-0.0151271,0.0971136,-0.104011,0.00288847,4.8861e-05,0.00818803,-0.9999620
86090426,-0.0150424,0.0971295,-0.103849,0.00103663,-0.000343674,0.00750516,-0.9999710
86125058,-0.0149016,0.0967939,-0.103769,0.00150968,0.00106027,0.00628814,-0.9999791
86157414,-0.015118,0.0970574,-0.103748,0.00311594,0.00144809,0.00805931,-0.9999620
86190465,-0.0151859,0.0972067,-0.104208,0.000870084,-0.00333641,0.00984696,-0.9999460
86224726,-0.0148861,0.0971082,-0.10391,0.000367803,-0.00280569,0.00862988,-0.9999590
86258023,-0.0149169,0.0969789,-0.103866,0.000451349,-0.00246334,0.00925961,-0.9999541
86291435,-0.0147406,0.0969777,-0.104031,-0.00146169,0.00358223,-0.00856864,0.9999560
86325090,-0.0148423,0.0969829,-0.104056,0.000429252,0.0025218,-0.00626895,0.9999770
86357742,-0.0149114,0.0971882,-0.104018,0.000459929,0.00373303,-0.0087744,0.9999540
86390448,-0.0148669,0.0973978,-0.103696,-0.00242461,-2.38908e-05,0.00654382,-0.9999761
86424228,-0.0149807,0.0968539,-0.103934,-0.00033871,0.00330681,-0.00879952,0.9999560
86456895,-0.0149946,0.096968,-0.103921,0.00112053,-0.000833445,0.00764979,-0.999970
86491511,-0.0150358,0.0970128,-0.104082,-0.000155253,-0.00251203,0.00799011,-0.9999651
86524427,-0.015317,0.0973154,-0.104318,-2.80764e-05,0.00560236,-0.0108757,0.9999250
86557333,-0.0151932,0.097356,-0.10427,0.000361238,0.00483396,-0.0105768,0.9999320
86590429,-0.016093,0.0968635,-0.104516,-0.00818672,0.00557804,-0.0133696,0.9998620
86623913,-0.0165115,0.0970842,-0.105213,-0.00973037,0.0121783,-0.0177231,0.9997211
86658335,-0.0161468,0.0967057,-0.104674,-0.00965502,0.00780016,-0.0159828,0.9997950
86691441,-0.0161371,0.0970645,-0.105225,-0.00779545,0.00980387,-0.0158045,0.9997970
86725097,-0.015897,0.0970202,-0.104771,-0.00641462,0.00490514,-0.0119791,0.9998961
86757157,-0.0155984,0.0969563,-0.104712,0.00197317,-0.00330681,0.00953749,-0.9999470
86791290,-0.0159495,0.0973528,-0.10476,-0.00251207,0.00549985,-0.0110251,0.9999210
86824321,-0.015958,0.0970475,-0.104658,0.00182523,-0.00337536,0.0100266,-0.9999420
86858389,-0.0158462,0.0971403,-0.105337,-0.00670696,0.00483281,-0.011108,0.9999041
86890321,-0.0165269,0.0976469,-0.106366,-0.00605647,0.0070353,-0.0162524,0.9998250
86924466,-0.0164426,0.098438,-0.107231,0.00555906,-0.00284432,0.0176144,-0.9998250
86957616,-0.0168838,0.0990756,-0.108251,0.00625138,0.00120507,0.0188503,-0.9998020
86990377,-0.017522,0.0998682,-0.110158,0.00820411,-0.00199495,0.0225927,-0.9997091
87024437,-0.018665,0.100852,-0.111651,0.0119678,-0.00247495,0.02515,-0.9996090
87057339,-0.0197831,0.102194,-0.113206,0.0143383,-0.00230252,0.0269019,-0.9995330
87091315,-0.0221106,0.104537,-0.114937,0.0203618,-0.00524258,0.0292811,-0.999351
87125223,-0.0235584,0.106711,-0.116171,0.0272569,-0.00595487,0.0316821,-0.9991090
87157603,-0.0253667,0.109223,-0.11726,0.038153,-0.000580816,0.0328854,-0.998730
87191414,-0.0276349,0.112642,-0.118906,0.0487818,-0.0110265,0.0437631,-0.9977891
87225047,-0.0299644,0.116612,-0.119153,0.054506,-0.0112708,0.0430665,-0.9975210
87257794,-0.0332305,0.120349,-0.119533,-0.0674752,0.015213,-0.0452948,0.9965760
87291280,-0.0365134,0.125324,-0.119741,-0.0801581,0.0145707,-0.0471846,0.9955580
87324123,-0.0395392,0.130815,-0.119245,-0.0825366,0.0166924,-0.0455998,0.9954041
87358114,-0.0434244,0.136723,-0.11893,-0.0960602,0.0188067,-0.0455336,0.9941560
87390851,-0.0468838,0.143081,-0.117133,0.10161,-0.00831148,0.041695,-0.9939150
87424889,-0.0506139,0.149732,-0.115387,0.11302,-0.00487779,0.0466303,-0.9924861
87457105,-0.0549166,0.156655,-0.113217,0.123768,-0.00259227,0.0466927,-0.9912090
87491348,-0.0593882,0.162204,-0.111793,0.130019,-0.00445837,0.0355354,-0.9908650
87524563,-0.0641223,0.168292,-0.109397,0.133071,-0.00655439,0.0238973,-0.9907970
87557160,-0.0688296,0.174473,-0.108161,-0.141862,0.00762727,-0.0229295,0.9895911
87590272,-0.0729408,0.180259,-0.107848,0.15026,-0.00545983,0.0202254,-0.9884250
87624608,-0.0778298,0.187588,-0.108532,-0.156988,0.010332,-0.0270158,0.9871770
87658112,-0.0826819,0.19409,-0.110451,0.165,-0.00825865,0.0339189,-0.9856761
87690910,-0.0880201,0.200482,-0.113286,0.17195,-0.00856592,0.0310547,-0.9845790
87724343,-0.0922314,0.207453,-0.115451,0.164625,-0.00587703,0.0207801,-0.986120
87757378,-0.0983638,0.214107,-0.119624,0.171408,-0.00479438,0.0264381,-0.9848340
87791506,-0.105972,0.221378,-0.125588,-0.1904,0.0133481,-0.039052,0.9808391
87825012,-0.112577,0.229189,-0.131457,0.19556,-0.0106569,0.037626,-0.9799120
87857464,-0.118978,0.237681,-0.13719,0.201625,-0.0085541,0.0370669,-0.9787240
87891453,-0.126138,0.246578,-0.143305,0.204085,-0.0100456,0.0358939,-0.9782430
87924623,-0.13261,0.255532,-0.148866,0.208527,-0.00847753,0.0367524,-0.9772891
87957432,-0.140226,0.264802,-0.155193,0.216247,-0.00639105,0.0356007,-0.9756680
87991546,-0.147667,0.274673,-0.161699,0.216139,-0.00757341,0.0294645,-0.9758890
88024717,-0.155432,0.284534,-0.167485,0.22382,-0.00621636,0.0262964,-0.9742561
88057938,-0.16293,0.294988,-0.172542,0.228767,-0.00513713,0.02864,-0.9730460
88091418,-0.171596,0.30617,-0.178287,-0.231659,0.00829299,-0.0218126,0.9725170
88124681,-0.180036,0.316845,-0.183563,-0.236858,0.0104378,-0.0185162,0.9713120
88157890,-0.188665,0.327631,-0.188244,-0.242549,0.00674355,-0.0138515,0.9700171
88191243,-0.19733,0.338442,-0.192435,0.249641,-0.00243076,0.013908,-0.9682360
88225076,-0.206405,0.34911,-0.195961,0.245707,0.00324621,0.00631181,-0.9693180
88257593,-0.215895,0.359108,-0.199377,0.245293,0.00696496,-0.0037303,-0.9694170
88290739,-0.225316,0.369075,-0.202277,-0.248837,-0.00137389,0.0113845,0.9684781
88324148,-0.235657,0.379262,-0.20464,-0.252436,0.00137378,0.0123895,0.9675330
88357000,-0.246102,0.388839,-0.206214,-0.253116,0.000307012,0.0128045,0.9673510
88390353,-0.256302,0.398018,-0.207029,-0.259449,-0.00279501,0.0103647,0.9656970
88425027,-0.266284,0.405728,-0.207128,-0.259861,-0.00558316,0.0173593,0.9654741
88457425,-0.276264,0.412965,-0.206414,-0.257672,-0.00590415,0.0245884,0.9659010
88491437,-0.286596,0.420447,-0.20533,0.260469,0.00809445,-0.017652,-0.9652870
88524859,-0.296902,0.427861,-0.20304,0.263904,0.0111307,-0.0105314,-0.9644270
88557435,-0.30684,0.43428,-0.2005,0.262617,0.0189775,-0.000350449,-0.9647131
88590423,-0.316475,0.4408,-0.1976,0.26187,0.0227683,0.00613469,-0.9648150
88624705,-0.326546,0.445874,-0.193962,0.261167,0.0265462,0.00437151,-0.9649180
88658082,-0.336531,0.451602,-0.189168,0.258372,0.0265537,0.00629974,-0.965661
88690450,-0.346109,0.455903,-0.1847,0.258085,0.0272029,0.00230845,-0.9657360
88724740,-0.354791,0.460359,-0.179013,0.251509,0.0339891,0.00625041,-0.9672380
88757341,-0.363096,0.465215,-0.173277,0.250253,0.0376021,0.012001,-0.9673760
88791530,-0.370284,0.468855,-0.166757,0.24326,0.0359255,0.0090912,-0.9692531
88825114,-0.376657,0.472624,-0.160229,0.236944,0.0377723,0.0110375,-0.9707260
88858349,-0.383145,0.476514,-0.154314,0.230567,0.034902,0.00656546,-0.9724080
88891250,-0.389174,0.480435,-0.148088,0.225172,0.0400072,0.00764017,-0.9734670
88924355,-0.393557,0.483852,-0.141599,0.217516,0.0436118,0.00449608,-0.9750721
88958192,-0.397507,0.487228,-0.135864,0.212581,0.0470683,0.00511168,-0.9759960
88991174,-0.401473,0.491331,-0.131073,0.209354,0.0460381,0.0138874,-0.9766570
89023698,-0.404099,0.494873,-0.12749,0.205403,0.0580409,0.0213273,-0.9767220
89057270,-0.404262,0.497561,-0.124242,0.192785,0.0639193,0.0222765,-0.9789031
89090482,-0.405409,0.499969,-0.120776,0.181541,0.0542682,0.00857824,-0.9818470
89124719,-0.406104,0.503163,-0.120673,0.175899,0.0542102,0.013711,-0.9828190
89157457,-0.406368,0.507068,-0.121089,0.176635,0.0536824,0.0152236,-0.9826941
89190604,-0.404762,0.509871,-0.122486,0.165167,0.04702,0.0135182,-0.9850510
89225074,-0.403522,0.512854,-0.125135,0.164597,0.0503403,0.0161621,-0.9849430
89257414,-0.400228,0.515515,-0.128763,0.155087,0.0457106,0.0202619,-0.9866350
89291064,-0.39809,0.519119,-0.133241,0.150821,0.0422703,0.0175539,-0.9875011
89325015,-0.395406,0.522871,-0.138686,0.146336,0.0352327,0.0211356,-0.9883810
89358404,-0.391224,0.526269,-0.145264,0.136165,0.0323497,0.0241076,-0.9898640
89391537,-0.387476,0.529294,-0.152038,0.128741,0.0265818,0.0240159,-0.9910311
89423991,-0.383864,0.533612,-0.159344,0.124905,0.0225092,0.0227349,-0.9916530
89457191,-0.377966,0.534231,-0.168152,0.11581,0.0176493,0.0513312,-0.9917870
89491316,-0.373177,0.539311,-0.175911,0.105641,0.0134125,0.0385497,-0.9935660
89525795,-0.369473,0.544315,-0.185997,0.0963704,0.0278748,0.0348645,-0.9943441
89557993,-0.363874,0.548447,-0.193982,0.0966086,0.0194266,0.0432438,-0.9941930
89592195,-0.358395,0.553511,-0.202401,0.0857243,0.0117052,0.0460181,-0.9951870
89624444,-0.35277,0.559742,-0.211562,0.0905856,0.0188798,0.0375728,-0.9950010
89657220,-0.347344,0.564746,-0.220495,0.0797603,0.0237647,0.0330048,-0.9959841
89690142,-0.341861,0.57042,-0.227714,0.0866414,0.0185186,0.0467032,-0.9949720
89724311,-0.336251,0.576837,-0.234509,0.0818206,-0.00555628,0.0529434,-0.9952240
89758237,-0.331557,0.583257,-0.242337,0.066069,-0.00608656,0.0390591,-0.9970321
89791246,-0.326753,0.589287,-0.250268,0.0813546,0.0155314,0.0239873,-0.9962750
89825189,-0.321265,0.595495,-0.255558,0.0632916,-0.000461356,0.02436,-0.9976980
89857017,-0.315924,0.601994,-0.260958,0.0702354,-0.00962794,0.0371765,-0.9967910
89890114,-0.312441,0.610855,-0.265501,0.0862613,0.000827279,0.0381312,-0.9955421
89924174,-0.305906,0.615774,-0.27043,0.0715167,0.0038786,0.0204399,-0.9972220
89957066,-0.300447,0.622992,-0.273331,-0.0656672,0.009451,-0.0263838,0.9974480
89991549,-0.296701,0.630132,-0.275732,-0.0517882,0.0132242,-0.0372082,0.9978771
90025056,-0.289152,0.633994,-0.278617,0.0649761,-0.00109156,0.0139882,-0.9977880
90057548,-0.283308,0.638669,-0.280505,0.0472022,0.00541956,0.00676492,-0.9988480
90090237,-0.279602,0.650682,-0.282284,0.0580366,0.00274752,0.00665823,-0.9982880
90124445,-0.27723,0.657882,-0.283728,-0.0479579,0.00853805,-0.0117436,0.9987441
90158620,-0.274865,0.667054,-0.282576,-0.0412374,0.0103285,-0.0136003,0.9990030
90190970,-0.271817,0.676086,-0.283485,-0.0448003,0.0108151,-0.00621384,0.9989180
90224313,-0.267739,0.684109,-0.281112,-0.05271,0.0204356,-0.0188969,0.9982220
90257710,-0.264524,0.69242,-0.280142,-0.0599415,0.0292623,-0.0151355,0.9976581
90290887,-0.26201,0.698076,-0.278873,-0.0466631,0.0167229,-0.0019259,0.9987690
90325282,-0.25919,0.705686,-0.275918,-0.0318648,0.000655602,0.0139539,0.9993950
90357487,-0.257906,0.71356,-0.272607,-0.0272127,0.0127839,-0.00275239,0.9995440
90391419,-0.255033,0.722093,-0.270974,-0.0388197,0.00255781,0.012072,0.999171
90424255,-0.252943,0.729034,-0.2684,-0.0466899,0.00655893,0.00954351,0.9988420
90457044,-0.251412,0.735646,-0.266219,-0.0482512,0.00555025,0.0106672,0.9987630
90490160,-0.250145,0.740638,-0.264843,-0.05196,0.0092864,0.0184372,0.9984360
90523819,-0.248963,0.748393,-0.261541,0.0472867,0.00459345,-0.0139818,-0.9987731
90557443,-0.246687,0.751193,-0.260195,-0.0597308,-0.00142236,0.0126616,0.9981330
90590368,-0.24634,0.757535,-0.258701,-0.058021,0.0108388,-0.000133724,0.9982570
90624366,-0.245032,0.760312,-0.257057,0.0411561,0.0119732,-0.011375,-0.9990161
90658434,-0.243585,0.766788,-0.255965,0.0358646,0.0170466,-0.0155402,-0.999090
90690742,-0.242047,0.771039,-0.254776,-0.0444862,0.00132699,0.000962654,0.9990090
90724368,-0.240734,0.771632,-0.253957,0.0514001,0.000205265,-0.000724293,-0.9986781
90757246,-0.239931,0.774184,-0.2555,-0.0473208,0.00322194,0.00692687,0.9988510
90790425,-0.239481,0.774777,-0.25635,-0.0411962,-0.00042517,0.0137825,0.9990560
90824604,-0.23921,0.777755,-0.256295,-0.0408669,0.00422049,0.00536077,0.9991411
90857028,-0.237554,0.775749,-0.257615,-0.0454088,0.000561802,0.0151269,0.9988540
90890966,-0.236951,0.775173,-0.258879,-0.0390437,0.00169443,0.0175519,0.9990820
90924171,-0.235762,0.772408,-0.260232,-0.0379776,-0.00262152,0.0252167,0.9989570
90957783,-0.234644,0.769348,-0.261876,-0.0417043,0.00344156,0.0294929,0.9986891
90991111,-0.235399,0.763012,-0.265231,-0.0650711,0.0244237,0.0194443,0.9973920
91024258,-0.236104,0.760514,-0.266717,-0.0459569,0.0242699,0.0242877,0.9983530
91056881,-0.235623,0.753409,-0.268563,-0.0488822,0.024388,0.0217188,0.9982710
91091411,-0.236827,0.748846,-0.270792,-0.044891,0.0223276,0.0347569,0.9981371
91124230,-0.23572,0.736474,-0.272869,-0.060745,0.0176234,0.0476931,0.9968570
91157465,-0.23552,0.726659,-0.274552,-0.0599842,0.0163461,0.0565002,0.9964650
91190840,-0.236632,0.721046,-0.276141,-0.0513872,0.0226537,0.0418817,0.9975430
91225188,-0.23945,0.712441,-0.275324,-0.0450022,0.021369,0.0216185,0.9985241
91257602,-0.241284,0.69961,-0.277909,-0.0489819,0.019518,0.0188304,0.9984310
91290372,-0.242739,0.685922,-0.279142,-0.0527168,0.0270967,0.0184976,0.998070
91324339,-0.243902,0.67078,-0.279866,-0.0455189,0.0305742,0.00834849,0.9984610
91357692,-0.244814,0.652978,-0.281595,-0.0475217,0.0222764,0.014916,0.998511
91390894,-0.247014,0.634715,-0.282488,-0.0542283,0.0166962,0.0105278,0.9983340
91424309,-0.247894,0.617272,-0.283345,-0.041385,0.0146314,-0.00177182,0.9990350
91457854,-0.249912,0.597592,-0.284356,-0.0498578,0.0118405,-0.015124,0.9985721
91490886,-0.25456,0.579924,-0.284801,-0.0499703,0.0147319,-0.0192429,0.9984570
91524915,-0.256709,0.556215,-0.289187,-0.0568762,0.014446,-0.0227637,0.9980170
91557611,-0.259051,0.534416,-0.291639,0.040168,-0.00270006,0.0350184,-0.9985760
91590764,-0.262256,0.516419,-0.29238,0.0495266,-0.00828735,0.0638304,-0.9966971
91625022,-0.265761,0.499525,-0.293133,0.0681429,-0.0176496,0.0709997,-0.994990
91656567,-0.265286,0.481458,-0.297936,0.0806465,0.00919982,0.0414853,-0.9958370
91690726,-0.268861,0.462854,-0.29828,0.0676803,0.00501239,0.0633987,-0.9956780
91724637,-0.272272,0.44787,-0.298603,0.0546704,-0.00851895,0.0883168,-0.9945551
91757661,-0.27609,0.436645,-0.303307,0.0631572,-0.00687722,0.0782371,-0.9949080
91791611,-0.279591,0.425328,-0.305146,0.0642345,-0.00323825,0.0801689,-0.9947040
91823949,-0.281336,0.410845,-0.303323,0.055933,-0.0243388,0.127381,-0.9899760
91857681,-0.284372,0.404711,-0.305678,0.0522397,-0.0154407,0.143011,-0.9882211
91890233,-0.286485,0.401151,-0.305039,0.0597569,-0.00601926,0.129487,-0.9897610
91924174,-0.289197,0.39908,-0.305383,0.0586558,-0.00897644,0.130105,-0.9897230
91957444,-0.292691,0.398194,-0.306618,0.0554452,-0.00279528,0.120484,-0.9911620
91991071,-0.295793,0.398911,-0.306429,0.0563485,-0.0106857,0.121445,-0.990941
92023667,-0.299118,0.402443,-0.305906,0.0569026,-0.0122385,0.106756,-0.992580
92058535,-0.302145,0.407607,-0.30691,0.0577714,-0.00211969,0.0746397,-0.9955330
92089810,-0.307325,0.414186,-0.304974,0.0482163,-0.00537824,0.0675758,-0.9965340
92123305,-0.307247,0.420551,-0.304982,0.0621831,-0.00655596,0.0637515,-0.9960051
92157177,-0.311206,0.434228,-0.305058,0.0667056,0.00754743,0.0495965,-0.9965110
92191059,-0.314518,0.442521,-0.301342,0.0674325,-0.00660799,0.0722331,-0.9950840
92223586,-0.319609,0.457423,-0.303373,0.0667431,0.00503221,0.0430984,-0.9968261
92257252,-0.319975,0.464571,-0.303391,0.0872716,-0.0052419,0.0310927,-0.9956850
92289970,-0.327176,0.483528,-0.302944,0.0748611,0.00709063,0.0128861,-0.9970860
92324459,-0.331256,0.498278,-0.302866,0.0724965,0.0102043,0.00296551,-0.9973121
92357669,-0.335988,0.51646,-0.300521,0.0659299,0.009705,0.0250703,-0.9974620
92389821,-0.338463,0.532608,-0.299415,0.0709537,0.00814213,0.0173876,-0.9972950
92424497,-0.341366,0.547956,-0.29962,0.0575209,0.0131507,0.00630349,-0.9982381
92457512,-0.344298,0.566905,-0.300918,0.0502329,0.0299319,0.0381079,-0.9975610
92491970,-0.347014,0.581714,-0.299402,0.043882,0.0149442,0.0259547,-0.9985880
92524236,-0.358972,0.60554,-0.296466,0.0648566,-0.00447574,0.0348001,-0.9972780
92557333,-0.361567,0.621751,-0.298814,0.0285012,-0.00253421,0.0257752,-0.9992581
92591318,-0.365152,0.640147,-0.298224,0.0428235,0.0136039,0.00763266,-0.9989610
92624451,-0.369819,0.661597,-0.300419,0.0380827,0.0167361,0.0103484,-0.9990810
92657456,-0.376616,0.68566,-0.299003,0.0613266,0.0156679,0.0303393,-0.9975341
92690436,-0.381797,0.70355,-0.299649,0.0393619,0.0111302,0.00815212,-0.999130
92724444,-0.38933,0.724322,-0.299439,0.0951451,0.012243,-0.00954169,-0.9953420
92756801,-0.394343,0.74864,-0.301589,0.0771973,0.00710285,-0.00423573,-0.9969820
92790066,-0.398559,0.765325,-0.303143,-0.102175,0.00945857,0.0127408,0.994641
92824395,-0.402823,0.786434,-0.308401,-0.0970827,0.0255415,0.0281298,0.9945510
92857588,-0.410744,0.810448,-0.30703,-0.100599,0.0386468,0.05984,0.9923740
92890945,-0.417289,0.829186,-0.303928,0.122292,0.0216483,-0.0224025,-0.9920051
92924286,-0.425643,0.856338,-0.304062,0.120762,0.0134631,-0.0196688,-0.9923950
92957312,-0.430176,0.873664,-0.306578,-0.113469,-0.00608024,0.0388753,0.9927620
92990907,-0.436437,0.893308,-0.307974,-0.113732,-0.00167067,0.025388,0.9931860
93023901,-0.444411,0.913616,-0.308747,0.119001,0.00975933,-0.027976,-0.9924521
93057328,-0.451889,0.932921,-0.309482,0.108769,0.0192891,-0.0387797,-0.9931230
93090356,-0.456307,0.945054,-0.312767,0.0953215,0.0306949,-0.0633119,-0.9929570
93124823,-0.467487,0.963585,-0.314292,0.114195,0.0308536,-0.0684378,-0.9906181
93157050,-0.475375,0.976863,-0.315819,0.126895,0.0274624,-0.0736208,-0.9887990
93190333,-0.483144,0.98713,-0.318472,-0.153889,-0.00947222,0.0625817,0.9860590
93224642,-0.490325,0.998093,-0.320012,-0.15265,-0.00798486,0.0857325,0.9845220
93256854,-0.49944,1.00977,-0.320663,-0.128057,-0.0250538,0.0874572,0.9875851
93291339,-0.507321,1.01572,-0.322879,-0.125869,-0.0156671,0.070786,0.9893940
93325060,-0.518292,1.02455,-0.323846,0.133852,0.0227421,-0.045038,-0.9897160
93356626,-0.525855,1.0336,-0.323055,0.144369,0.0113792,-0.023233,-0.9891860
93390875,-0.538004,1.03891,-0.323898,0.130754,0.0157184,-0.0253104,-0.9909671
93424128,-0.547642,1.04089,-0.325219,-0.151566,-0.0049476,0.0168342,0.9882910
93457677,-0.560849,1.04783,-0.326122,-0.128808,-0.000976117,0.0187807,0.9914910
93490865,-0.572116,1.05328,-0.326789,-0.132802,0.00389349,0.0114119,0.9910690
93524946,-0.578385,1.05334,-0.325742,-0.146997,-0.00199766,0.00734634,0.9891081
93557439,-0.5869,1.05486,-0.326621,0.151435,0.00530098,0.000296566,-0.9884530
93590350,-0.599138,1.05804,-0.327515,0.139517,0.00451328,0.0039262,-0.9902020
93624777,-0.608884,1.05711,-0.328347,0.155154,0.010269,0.0107135,-0.9877790
93657510,-0.619407,1.05454,-0.329835,0.143166,0.00867759,0.0154205,-0.9895411
93690940,-0.63299,1.05752,-0.331309,0.127165,0.0196237,0.0158657,-0.9915610
93723942,-0.644071,1.05797,-0.332351,0.129156,0.0211381,0.00394604,-0.9913910
93756984,-0.654829,1.0581,-0.334224,0.128766,0.0204672,0.000598109,-0.9914640
93790010,-0.667215,1.05846,-0.335393,0.127557,0.00789794,0.0129342,-0.9917151
93825159,-0.67941,1.0579,-0.335906,-0.130558,0.00706539,-0.0218453,0.9911750
93857486,-0.692922,1.05792,-0.337004,-0.126941,0.0232078,-0.0226455,0.991380
93890469,-0.706935,1.05783,-0.3385,-0.118479,0.0412794,-0.0254492,0.9917721
93924460,-0.721338,1.05732,-0.339534,-0.120388,0.0497581,-0.0252388,0.9911580
93956915,-0.738369,1.05841,-0.339413,-0.104823,0.0614873,-0.0268917,0.9922240
93989912,-0.753496,1.0549,-0.341158,-0.0957284,0.0688562,-0.0237325,0.9927390
94023764,-0.77319,1.0554,-0.341819,-0.0920222,0.07867,-0.0141529,0.9925441
94056624,-0.797213,1.06275,-0.341123,-0.104572,0.0932927,-0.0348721,0.9895180
94090218,-0.82026,1.0638,-0.3405,-0.1135,0.0906203,-0.0333583,0.9888340
94124825,-0.843493,1.0654,-0.339553,-0.108785,0.0978371,-0.0237124,0.9889551
94157149,-0.872336,1.06989,-0.339026,-0.107205,0.0988654,-0.0207328,0.9890920
94190410,-0.901666,1.07458,-0.337922,-0.112579,0.0922148,-0.0388802,0.988590
94224580,-0.934289,1.07813,-0.336914,-0.100783,0.095933,-0.0352951,0.9896430
94257133,-0.965404,1.07568,-0.335445,-0.0521919,0.0939702,-0.0354711,0.9935731
94291327,-1.00331,1.08672,-0.332083,-0.07214,0.105883,-0.0407977,0.9909190
94323798,-1.04408,1.09074,-0.329919,-0.074121,0.121957,-0.0274694,0.9893830
94357380,-1.08403,1.10056,-0.325433,-0.0652459,0.109075,-0.0474545,0.9907541
94390287,-1.12682,1.1116,-0.322193,-0.0751347,0.103152,-0.0489901,0.9906130
94424244,-1.17725,1.12191,-0.315887,-0.103487,0.106012,-0.057094,0.9873160
94458591,-1.22417,1.13477,-0.310434,-0.111207,0.10954,-0.0556879,0.9861711
94491032,-1.27848,1.14835,-0.302394,-0.104444,0.10015,-0.0555983,0.9879120
94524228,-1.3308,1.15852,-0.296881,-0.110158,0.110496,-0.0545871,0.9862440
94557554,-1.38782,1.17412,-0.289019,-0.114314,0.112972,-0.0623709,0.9850280
94590913,-1.44078,1.18296,-0.281524,-0.11204,0.12056,-0.0803658,0.9830841
94624453,-1.50696,1.20028,-0.272485,-0.130118,0.124027,-0.0543091,0.982210
94657033,-1.57088,1.21877,-0.261364,-0.141838,0.124421,-0.06012,0.9801970
94690958,-1.63706,1.23645,-0.250852,-0.117564,0.105107,-0.0492824,0.9862571
94724928,-1.70419,1.25503,-0.238666,-0.114195,0.0946137,-0.0511038,0.9876210
94833911,-1.77151,1.27335,-0.227971,-0.145204,0.103259,-0.0590102,0.9822281
94834875,-1.84116,1.29217,-0.218374,-0.159691,0.0849613,-0.0608779,0.9816180
94834901,-1.91411,1.31243,-0.208785,-0.131351,0.0321177,-0.0327161,0.9902750
94857836,-1.98041,1.32651,-0.199036,0.0487753,0.0359501,0.0277127,-0.9977780
94890250,-2.05472,1.35287,-0.189449,0.114106,0.0809937,0.0137385,-0.9900660
94923326,-2.12466,1.37367,-0.182395,0.104314,0.111515,0.00935984,-0.9882280
94958529,-2.19491,1.39354,-0.176382,0.107705,0.119391,0.0165822,-0.9868491
94990597,-2.2631,1.41552,-0.170235,0.0963185,0.127903,0.0217159,-0.986860
95023541,-2.32935,1.43763,-0.164188,0.0882312,0.133104,0.0299259,-0.9867130
95056921,-2.38989,1.45542,-0.159422,0.0857856,0.133471,0.00244882,-0.987330
95090935,-2.44659,1.47394,-0.155665,0.0825423,0.150486,-0.0281605,-0.9847581
95123614,-2.50077,1.4916,-0.154075,0.0907885,0.194593,-0.0159051,-0.9765440
95157790,-2.54869,1.51099,-0.150671,0.0617921,0.23014,0.00566732,-0.9711770
95190779,-2.5952,1.53267,-0.148732,0.0583863,0.249098,0.0172673,-0.9665630
95223841,-2.63862,1.54875,-0.147681,0.0565012,0.247526,0.00580105,-0.9672151
95257591,-2.67452,1.55545,-0.151195,0.0530776,0.229765,-0.0276803,-0.9714030
95290604,-2.70842,1.56809,-0.154615,0.0395708,0.240296,-0.028562,-0.9694720
95323750,-2.73761,1.581,-0.156106,0.0440111,0.241723,-0.0228637,-0.9690770
95357351,-2.7612,1.59028,-0.160428,0.0633371,0.243134,-0.0426874,-0.9669811
95390270,-2.78259,1.59664,-0.166369,0.0693074,0.22171,-0.060708,-0.970750
95424277,-2.79781,1.60438,-0.170081,0.0714757,0.217192,-0.0630635,-0.9714640
95457578,-2.8087,1.60973,-0.174449,0.0615601,0.225604,-0.05738,-0.9705771
95491353,-2.81587,1.61475,-0.180526,0.0731016,0.213921,-0.0539361,-0.9726180
95523434,-2.81838,1.61473,-0.188164,0.0710983,0.194365,-0.0658707,-0.9761290
95557608,-2.81544,1.61277,-0.195558,0.0805038,0.199315,-0.0522367,-0.9752251
95589690,-2.80964,1.61252,-0.19997,0.0705144,0.2071,-0.0350451,-0.9751460
95624436,-2.79922,1.60915,-0.203908,0.0689135,0.200843,-0.0643043,-0.9750790
95656936,-2.78695,1.60225,-0.211966,0.0807899,0.208999,-0.0663363,-0.9723130
95689785,-2.77155,1.59231,-0.221706,0.101112,0.194461,-0.0373993,-0.9749681
95725195,-2.74758,1.58303,-0.226711,0.0890066,0.20018,-0.0287243,-0.9752850
95757342,-2.72409,1.57649,-0.233005,0.0794289,0.200896,-0.018494,-0.9762120
95790069,-2.69544,1.56418,-0.238638,0.0799771,0.182687,-0.049714,-0.9786511
95824279,-2.66382,1.55056,-0.244682,0.0728437,0.181432,-0.0550003,-0.9791580
95857347,-2.62947,1.53674,-0.251737,0.0807938,0.186349,-0.0442315,-0.9781560
95890458,-2.59193,1.52099,-0.257203,0.0810249,0.172394,-0.0550213,-0.9801471
95925256,-2.54961,1.50268,-0.263621,0.0743818,0.169501,-0.0512148,-0.9813840
95958230,-2.50574,1.48303,-0.270971,0.0773964,0.164044,-0.0458942,-0.9823410
95990819,-2.45393,1.45816,-0.276552,0.0648388,0.188196,-0.0516667,-0.9786261
96023398,-2.4032,1.43614,-0.282097,0.0578567,0.190309,-0.029886,-0.9795620
96057695,-2.35063,1.41772,-0.285503,0.0748451,0.182825,-0.0278006,-0.9798980
96090929,-2.2941,1.3946,-0.292189,0.0778677,0.170808,-0.0147477,-0.9821121
96124474,-2.22955,1.36744,-0.296587,0.0472372,0.18245,-0.0106167,-0.9820220
96157915,-2.16508,1.3429,-0.299212,0.0373253,0.203958,0.000290397,-0.9782680
96190972,-2.10355,1.31281,-0.309315,0.0758328,0.195077,0.00394649,-0.9778441
96223373,-2.03785,1.28916,-0.314226,0.102882,0.178964,0.00336409,-0.9784560
96257561,-1.96412,1.26551,-0.316098,0.101235,0.163633,0.0108997,-0.9812530
96291245,-1.88974,1.23718,-0.320797,0.0974976,0.162857,0.0087116,-0.9817821
96323263,-1.81055,1.20892,-0.32603,0.0870779,0.15265,0.00428797,-0.9844270
96357655,-1.7312,1.17797,-0.330095,0.10997,0.142664,0.00539871,-0.9836280
96389853,-1.64772,1.15483,-0.334794,0.0858461,0.144866,0.00913155,-0.9856780
96423355,-1.56564,1.12682,-0.335099,0.10944,0.179815,0.0239536,-0.97731
96456927,-1.4837,1.10053,-0.342629,0.12464,0.129144,0.0313539,-0.9832620
96490249,-1.39534,1.07061,-0.34881,0.133382,0.078501,0.0442015,-0.9869610
96523593,-1.30092,1.03723,-0.351425,0.115852,0.0534438,0.0107553,-0.9917691
96556775,-1.21646,1.00632,-0.359651,0.135009,0.00484381,-0.00522708,-0.9908190
96590255,-1.13549,0.975763,-0.369393,0.0962455,0.0310936,0.00169365,-0.994870
96624327,-1.05749,0.957279,-0.375231,0.0837644,0.0197997,-0.0154886,-0.9961681
96657497,-0.939413,0.917796,-0.384254,0.123175,0.00769897,-0.005394,-0.9923410
96689561,-0.848277,0.888225,-0.395777,-0.113272,0.0448079,0.00986985,0.9925040
96724127,-0.755047,0.857692,-0.400441,-0.158546,0.0661875,-0.0416975,0.9842480
96758000,-0.676034,0.833947,-0.416385,-0.150318,0.0751863,-0.0243621,0.9854741
96790566,-0.590778,0.799349,-0.433116,-0.123911,0.104994,-0.0327041,0.9861810
96824023,-0.511134,0.779717,-0.441443,-0.123756,0.0764272,-0.0127052,0.9892840
96857965,-0.413714,0.754191,-0.450701,-0.0921827,0.0481494,-0.0343634,0.9939840
96890450,-0.334952,0.727019,-0.466938,-0.0670369,0.0184577,-0.00268054,0.9975761
96924071,-0.274943,0.699872,-0.488734,-0.116712,0.106004,-0.0384758,0.9867430
96957014,-0.200753,0.679251,-0.505142,-0.120862,0.129416,-0.0489958,0.9829770
96990661,-0.133724,0.659455,-0.518059,-0.114218,0.129527,-0.0541697,0.9834851
97023917,-0.0744169,0.639513,-0.530339,-0.105945,0.141397,-0.054678,0.9827480
97057347,-0.0107773,0.615969,-0.549524,-0.127111,0.171165,-0.0656531,0.97480
97090087,0.0407653,0.597388,-0.564973,-0.123102,0.189129,-0.0497144,0.9729360
97124886,0.095246,0.581179,-0.577919,-0.140512,0.191302,-0.0763494,0.9684171
97157440,0.127745,0.574252,-0.594068,-0.37978,0.631048,-0.41556,0.5337180
97190166,0.167244,0.556908,-0.599916,-0.209571,0.355006,-0.210359,0.8864540
97223566,0.217381,0.534078,-0.618142,-0.111773,0.203503,-0.055989,0.9710610
97256761,0.244791,0.521813,-0.630626,-0.113504,0.218017,-0.0614436,0.9673731
97290086,0.265777,0.513475,-0.643861,-0.137116,0.224336,-0.0762934,0.9617960
97323292,0.28375,0.504485,-0.655744,-0.142956,0.235665,-0.0835189,0.9576270
97356628,0.295759,0.496289,-0.668201,-0.137998,0.240431,-0.0817574,0.9573220
97389902,0.302941,0.489763,-0.678778,-0.139828,0.239657,-0.0767186,0.9576671
97424384,0.306147,0.483281,-0.687138,-0.145696,0.235878,-0.0849126,0.9570390
97457818,0.302552,0.480134,-0.697182,-0.141228,0.22432,-0.0698025,0.9616980
97491366,0.29734,0.477595,-0.704433,-0.136454,0.203774,-0.0704679,0.9668971
97523761,0.284984,0.47502,-0.712337,-0.135373,0.199305,-0.0672823,0.9682070
97557457,0.270532,0.47574,-0.718069,-0.130492,0.190379,-0.0664588,0.9707270
97590789,0.252843,0.47528,-0.723961,-0.138494,0.164733,-0.0709896,0.9739830
97624686,0.232584,0.476066,-0.729819,-0.135799,0.138068,-0.0611062,0.9791641
97658044,0.210029,0.477433,-0.735087,-0.133475,0.10051,-0.0584951,0.9842060
97690452,0.183549,0.478334,-0.742034,-0.139344,0.0831989,-0.045669,0.9856850
97723390,0.155244,0.480507,-0.747203,-0.140204,0.063715,-0.0415247,0.9871980
97757731,0.123462,0.483623,-0.753408,-0.140356,0.0601152,-0.0404013,0.9874481
97790354,0.0914816,0.487794,-0.759968,-0.138432,0.0445512,-0.0425846,0.9884530
97824093,0.0625566,0.487695,-0.767477,-0.153164,0.0157778,-0.0252879,0.9877510
97857498,0.0294537,0.490312,-0.774096,0.143192,0.0190216,0.0164775,-0.9893750
97890712,-0.000650147,0.492879,-0.779572,0.152382,0.0502338,0.00569328,-0.9870281
97923851,-0.0307053,0.494247,-0.788471,0.152504,0.0286532,0.0257473,-0.9875520
97957396,-0.0621167,0.497457,-0.795802,0.178175,0.0319922,0.0253411,-0.9831520
97991016,-0.0922883,0.501858,-0.802824,0.140491,0.0363123,0.00320575,-0.9894111
98024558,-0.120216,0.503788,-0.809554,0.137816,0.0410322,-0.00190656,-0.9896060
98057267,-0.149238,0.507557,-0.813648,0.11285,0.0635011,0.0106211,-0.9915240
98091717,-0.174287,0.507482,-0.819459,0.140253,0.0566747,-0.00377793,-0.9884851
98123280,-0.199274,0.50887,-0.824124,0.136651,0.0541148,-0.00692347,-0.9891160
98157264,-0.222369,0.511895,-0.82692,0.124966,0.0594917,-0.014268,-0.9902730
98190807,-0.244074,0.509102,-0.8308,0.106205,0.0755934,0.0205124,-0.9912550
98223979,-0.264585,0.507227,-0.831941,0.106495,0.080803,0.0245706,-0.990721
98257767,-0.284305,0.509378,-0.833689,0.0924966,0.0827943,-0.0101385,-0.9922130
98290637,-0.304538,0.500034,-0.83332,0.152734,0.0990509,0.0191546,-0.9831050
98323565,-0.32004,0.508264,-0.834817,0.11365,0.0889173,0.00799381,-0.9895020
98358359,-0.334422,0.507266,-0.832299,0.0675556,0.0619784,-0.0163297,-0.9956551
98389773,-0.351641,0.508344,-0.833001,0.126224,0.0785944,0.00352961,-0.9888770
98423065,-0.365969,0.507247,-0.83183,0.123889,0.0669892,0.00408767,-0.9900240
98457404,-0.376302,0.5061,-0.827603,0.127796,0.074804,0.0160211,-0.9888460
98491432,-0.38659,0.505541,-0.825576,0.130665,0.0708161,0.0421718,-0.9879951
98523602,-0.395911,0.505593,-0.82029,0.130432,0.103283,0.0675782,-0.9837450
98558114,-0.402897,0.508581,-0.815625,0.120999,0.108166,0.0751574,-0.9838750
98590330,-0.40955,0.508633,-0.811695,0.120561,0.0849415,0.0866562,-0.9852620
98624563,-0.41599,0.513595,-0.805453,0.125542,0.0870852,0.0876551,-0.9843641
98657044,-0.418866,0.518222,-0.800083,0.13619,0.071391,0.0992359,-0.9831110
98691257,-0.421963,0.524528,-0.791809,0.101118,0.0690064,0.0961635,-0.9878090
98723731,-0.422846,0.534117,-0.783094,0.116166,0.0688642,0.105291,-0.9852290
98758485,-0.419448,0.541167,-0.773036,0.0918582,0.0549475,0.0813694,-0.990921
98789566,-0.421462,0.555161,-0.762855,0.110651,0.0415693,0.0603014,-0.9911570
98822860,-0.420678,0.569238,-0.750721,0.125215,0.0522396,0.0634982,-0.9887160
98857408,-0.413541,0.582582,-0.73937,0.132736,0.0592763,0.0864038,-0.9855970
98890243,-0.409116,0.600322,-0.72599,0.130743,0.0472312,0.10165,-0.985061
98923115,-0.404347,0.617985,-0.710422,0.163805,0.0241693,0.105305,-0.9805580
98957536,-0.402101,0.636169,-0.695085,0.181477,0.0324043,0.0949012,-0.9782690
98991139,-0.392564,0.663916,-0.682733,0.132508,-0.00685562,0.106278,-0.9854441
99023678,-0.388678,0.691791,-0.666673,0.101491,0.0261425,0.0634099,-0.9924690
99057068,-0.377323,0.70721,-0.652589,0.116282,0.0285321,0.0472386,-0.9916820
99090840,-0.367689,0.736442,-0.636277,0.063417,0.0425632,0.0224325,-0.9968270
99124453,-0.360024,0.766388,-0.616416,0.0728716,0.0316819,0.0202844,-0.9966321
99157359,-0.348125,0.794758,-0.599377,0.0985014,-0.00374455,0.0174764,-0.9949760
99190657,-0.338469,0.822718,-0.579047,-0.104966,0.0170292,0.00711648,0.9943050
99223697,-0.326132,0.852894,-0.559895,-0.0986294,0.0278563,0.00916296,0.9946920
99257655,-0.31397,0.887169,-0.541224,-0.10074,0.00919072,-0.0113472,0.9948061
99290142,-0.30135,0.918695,-0.521751,-0.10661,0.0123364,-0.0106676,0.9941670
99324292,-0.288518,0.949747,-0.50113,-0.10644,0.0197265,-0.0159873,0.9939950
99356601,-0.27678,0.97873,-0.487089,0.0860136,-0.0019622,0.0227074,-0.9960330
99389649,-0.260067,1.01261,-0.465535,-0.0580848,0.00158362,0.000957409,0.998311
99423996,-0.244347,1.03632,-0.452238,0.111852,0.00330393,0.0361898,-0.993060
99457353,-0.237134,1.08553,-0.432065,-0.137412,0.0231115,-0.0227911,0.9899820
99491033,-0.219153,1.11802,-0.412301,0.0712589,-0.00249703,0.00846573,-0.9974191
99523565,-0.207856,1.1501,-0.396392,-0.0375771,0.0196304,-0.00438539,0.9990910
99557688,-0.196676,1.18903,-0.384184,-0.0835899,0.0135943,0.00840308,0.9963720
99590406,-0.17937,1.22572,-0.369241,0.0723988,0.00541572,0.0148775,-0.997250
99624552,-0.167558,1.26771,-0.351785,0.0927677,0.00546552,0.00518255,-0.9956591
99657230,-0.154475,1.30136,-0.340401,0.077052,0.0143203,0.0184908,-0.9967530
99690394,-0.145411,1.33592,-0.332599,0.0639522,0.0166151,0.00113912,-0.9978140
99723287,-0.131704,1.36989,-0.321277,0.067606,0.0220913,-0.0091823,-0.9974250
99757285,-0.1198,1.40572,-0.309917,-0.0624328,-0.00908664,0.0361996,0.9973511
99790381,-0.110449,1.43841,-0.302622,-0.0767716,-0.00391193,0.0399729,0.9962390
99823464,-0.0984897,1.47496,-0.293755,0.0887844,0.0116209,-0.0323098,-0.9954590
99857138,-0.0875764,1.50819,-0.287209,0.0849511,0.0150345,-0.0384732,-0.9955290
99890325,-0.0772797,1.53949,-0.282708,0.0755176,0.0112983,-0.0338787,-0.9965051
99923408,-0.0685319,1.57123,-0.276102,-0.0912906,-0.00740954,0.0572397,0.994150
99957785,-0.0587866,1.59784,-0.274099,-0.0959528,0.00138588,0.0549998,0.9938640
99990007,-0.0504241,1.62993,-0.269447,-0.0981235,-0.006778,0.0645955,0.9930520
100023697,-0.0399581,1.65417,-0.268562,-0.0646381,-0.0121735,0.0826917,0.9944021
100058911,-0.0356511,1.6736,-0.271265,-0.088814,0.00518681,0.10718,0.9902510
100089632,-0.0296218,1.70092,-0.266275,-0.124135,0.0279867,0.100962,0.9867190
100123866,-0.0208491,1.72099,-0.265109,-0.0928143,0.027789,0.0922638,0.991011
100157562,-0.0178466,1.73563,-0.267425,-0.0758504,0.00967812,0.11894,0.9899530
100190028,-0.0146195,1.75175,-0.27074,-0.102842,-0.00357838,0.112188,0.9883440
100224006,-0.0109504,1.76618,-0.270813,-0.111038,-0.00139886,0.122937,0.9861821
100257915,-0.00816553,1.77781,-0.272056,-0.105658,-0.00107236,0.118975,0.9872590
100290542,-0.00632056,1.78401,-0.274162,-0.101086,0.00603722,0.109867,0.9887740
100323477,-0.00446362,1.79179,-0.275954,-0.103829,0.00296399,0.116507,0.9877430
100357246,-0.00455225,1.7916,-0.27785,-0.0875059,0.00093433,0.11116,0.9899421
100389623,-0.00514978,1.79083,-0.28037,-0.0851613,0.00119192,0.11465,0.9897480
100424144,-0.00673511,1.78717,-0.282966,-0.0808439,0.00537983,0.118431,0.9896510
100457870,-0.00976062,1.78163,-0.286079,-0.090984,0.00645224,0.121871,0.9883461
100491281,-0.0140073,1.77165,-0.288296,-0.0925582,0.00444082,0.127131,0.9875480
100524283,-0.0166145,1.76204,-0.291024,-0.0963666,0.011824,0.131253,0.9865830
100556910,-0.0231632,1.74421,-0.295681,-0.0897314,-0.00240745,0.115297,0.9892670
100589699,-0.0279529,1.72729,-0.296972,-0.0825557,0.0156872,0.130824,0.9878381
100623052,-0.0358231,1.70417,-0.300545,-0.0766906,0.0200455,0.131929,0.9880850
100656515,-0.0448533,1.67951,-0.306337,-0.0826962,0.000646098,0.108934,0.9906030
100689934,-0.0526086,1.64936,-0.309093,-0.0886996,0.0105347,0.105399,0.990411
100723089,-0.0631841,1.62298,-0.310501,-0.110943,0.0184318,0.119602,0.9864320
100757160,-0.0720842,1.58912,-0.314557,-0.0718597,0.0143171,0.110243,0.99120
100790531,-0.0862299,1.55477,-0.315702,-0.0972356,0.0189343,0.119339,0.9878991
100822908,-0.0962815,1.51891,-0.319126,-0.0820633,0.00541655,0.105386,0.9910250
100857307,-0.109873,1.47553,-0.322857,-0.0750351,-0.00138024,0.0946019,0.9926820
100889997,-0.122512,1.43554,-0.324179,-0.0806891,-0.00262752,0.0969086,0.9920140
100923851,-0.140201,1.38961,-0.32729,-0.107803,0.00386728,0.0974266,0.9893791
100957818,-0.153278,1.34111,-0.328753,-0.100237,0.00765499,0.103354,0.9895510
100990430,-0.167428,1.28963,-0.329617,-0.08284,-0.00288949,0.111324,0.9903210
101023381,-0.181458,1.23809,-0.330233,-0.0810851,0.0142109,0.125486,0.9886740
101056334,-0.199973,1.17871,-0.33248,-0.115383,0.00793375,0.11064,0.9871081
101091518,-0.215682,1.12461,-0.334715,-0.0958744,-0.0131154,0.0863618,0.9915530
101125659,-0.234776,1.06568,-0.336189,-0.105106,0.00217876,0.0805206,0.9911930
101157396,-0.251265,1.00426,-0.336512,-0.0987487,0.0236946,0.0859305,0.9911121
101190571,-0.272345,0.938981,-0.339591,-0.0857953,0.028961,0.103907,0.9904560
101223598,-0.28747,0.874288,-0.340313,-0.0812785,-0.00295995,0.0632794,0.9946760
101257253,-0.306309,0.804233,-0.34707,0.0590403,0.0263253,-0.0423202,-0.9970110
101289591,-0.322591,0.740587,-0.345881,0.076619,0.0139039,-0.0389483,-0.9962021
101322712,-0.343688,0.673641,-0.349511,-0.0880512,0.000879114,0.00916031,0.9960730
101357058,-0.358597,0.602161,-0.349973,0.0500528,0.0184843,0.00494029,-0.9985630
101390036,-0.378932,0.536744,-0.353919,0.0593772,0.016198,0.0199742,-0.9979041
101424119,-0.400212,0.466541,-0.358873,0.0871405,0.00329207,0.0340026,-0.995610
101456589,-0.422459,0.399862,-0.366328,0.107211,-0.00904063,0.0542006,-0.9927170
101490088,-0.436562,0.333687,-0.367013,0.0847167,-0.0066454,0.0594089,-0.994611
101523923,-0.456175,0.270299,-0.372456,0.0752103,-0.00128859,0.0878483,-0.993290
101556991,-0.472091,0.206997,-0.377659,0.0651064,0.0173696,0.094854,-0.9932080
101590577,-0.489428,0.144087,-0.386376,0.0729447,0.00425951,0.107393,-0.9915281
101695333,-0.503865,0.0866155,-0.390428,0.0542478,0.0279147,0.116162,-0.9913551
101696054,-0.520513,0.0301077,-0.398276,0.057347,0.0202284,0.134786,-0.9890070
101696083,-0.536752,-0.0227519,-0.402391,0.0679919,0.0242858,0.122944,-0.9897840
101723467,-0.552263,-0.0739717,-0.412255,0.0665511,0.0138619,0.139948,-0.9878220
101756604,-0.566663,-0.121669,-0.421273,0.0770266,0.0200863,0.143161,-0.9864930
101789406,-0.577542,-0.167714,-0.426548,0.0793704,0.0223653,0.161999,-0.9833390
101824055,-0.595002,-0.206018,-0.437498,0.0923176,0.0351766,0.172634,-0.9800191
101856436,-0.607539,-0.243929,-0.445356,0.100028,0.0296695,0.194414,-0.9753550
101889741,-0.618796,-0.278493,-0.452028,0.0861284,0.0187862,0.177597,-0.9801470
101923031,-0.630403,-0.312988,-0.460385,0.0928794,0.0161719,0.169399,-0.9810280
101956131,-0.63911,-0.343359,-0.469418,0.0631023,0.01988,0.169285,-0.9833441
101990556,-0.649096,-0.369428,-0.476624,0.0671856,0.0162487,0.177431,-0.9817030
102023947,-0.657077,-0.391437,-0.4832,0.0692291,0.0164842,0.189331,-0.9793310
102056245,-0.666535,-0.412926,-0.491828,0.0572451,0.0111361,0.182429,-0.9814881
102090127,-0.675936,-0.430237,-0.498096,0.0456845,-0.00413277,0.173883,-0.9836970
102123409,-0.683503,-0.442108,-0.505947,0.0702039,0.00454261,0.171805,-0.9826160
102156630,-0.688933,-0.456459,-0.512205,0.0633009,0.0095872,0.152507,-0.9862261
102189811,-0.696368,-0.462349,-0.520678,0.0757969,0.00530963,0.16126,-0.9839830
102224110,-0.701738,-0.46875,-0.527389,0.0691687,0.00457465,0.155399,-0.9854170
102257052,-0.708149,-0.471856,-0.535856,0.0665255,0.000401557,0.144069,-0.9873291
102289967,-0.713019,-0.471294,-0.543858,0.0661411,-0.0121995,0.150263,-0.9863560
102325431,-0.718069,-0.470561,-0.550889,0.0724868,-0.0223841,0.15141,-0.9855560
102356989,-0.721889,-0.467344,-0.557833,0.0685858,-0.020443,0.147078,-0.9865330
102390412,-0.724963,-0.462475,-0.56495,0.0699151,-0.0143815,0.145158,-0.986831
102424486,-0.728146,-0.456859,-0.571624,0.0830557,0.00900789,0.131057,-0.9878490
102456519,-0.729484,-0.446662,-0.579705,0.0634414,-0.00760643,0.128076,-0.9897040
102490314,-0.732591,-0.441055,-0.583952,0.0760129,0.00911266,0.105828,-0.9914330
102523350,-0.735437,-0.431977,-0.59101,0.0745776,0.0103298,0.0969089,-0.9924421
102556262,-0.737788,-0.418981,-0.598442,0.0755896,0.00503703,0.0972842,-0.9923690
102590450,-0.739688,-0.406966,-0.606573,0.0702888,0.00172346,0.0918157,-0.9932910
102623972,-0.742066,-0.394879,-0.614243,0.0639417,-0.00885877,0.0799602,-0.9947061
102656441,-0.74408,-0.381136,-0.621565,0.0768521,-0.00118679,0.0702584,-0.9945630
102690461,-0.746278,-0.36863,-0.629072,0.0791406,-0.00432022,0.062604,-0.9948860
102724166,-0.747158,-0.353357,-0.637904,0.0715993,-0.00764295,0.0630721,-0.9954081
102758148,-0.749477,-0.339904,-0.646487,0.078913,-0.00607541,0.056937,-0.9952360
102790754,-0.750826,-0.324923,-0.653938,0.0809874,0.000452873,0.0552303,-0.9951840
102824518,-0.752778,-0.310194,-0.663129,0.0730254,-0.00296067,0.0471498,-0.9962111
102856986,-0.755419,-0.295295,-0.672556,0.0756897,-0.00236432,0.0409048,-0.9962890
102891137,-0.756875,-0.282152,-0.681727,0.0667579,-0.00744129,0.0317853,-0.9972350
102923870,-0.759044,-0.267267,-0.69092,-0.0563181,0.00837076,-0.023038,0.9981120
102956766,-0.759899,-0.252429,-0.700437,-0.0630942,0.0155158,-0.0202867,0.9976811
102991549,-0.763094,-0.237938,-0.711048,-0.069517,0.0115066,-0.0192251,0.9973290
103023563,-0.765446,-0.224321,-0.720715,-0.0546716,0.0237612,-0.0148312,0.9981110
103056017,-0.769604,-0.210155,-0.731551,-0.0499503,0.0330353,-0.0226066,0.9979490
103090930,-0.771725,-0.198733,-0.741075,-0.0451646,0.0345808,-0.00654993,0.9983591
103123742,-0.7763,-0.187977,-0.751267,-0.0694724,0.0281099,-0.00799419,0.9971560
103156947,-0.779574,-0.174691,-0.761349,-0.082467,0.00936928,-0.0158224,0.9964240
103189940,-0.784307,-0.163841,-0.772242,-0.0834294,0.0142056,-0.00998385,0.9963620
103224413,-0.788992,-0.152966,-0.783278,-0.0795223,0.0239093,-0.00467379,0.9965351
103256834,-0.792706,-0.142986,-0.793531,-0.071232,0.0225236,-0.00785013,0.9971750
103290917,-0.7964,-0.134009,-0.805437,-0.0747071,0.0244707,6.46419e-05,0.9969050
103324794,-0.800852,-0.124778,-0.815841,-0.0649487,0.0232554,0.00795432,0.9975861
103357242,-0.806782,-0.116538,-0.827319,-0.0573231,0.0401366,0.0048341,0.9975370
103390306,-0.813541,-0.108984,-0.838215,-0.0679322,0.0575122,-0.00332311,0.9960250
103423625,-0.821256,-0.101096,-0.84934,-0.061189,0.0718515,0.00413562,0.9955280
103456444,-0.830454,-0.0945784,-0.858914,-0.069604,0.0871439,-0.0102869,0.9937081
103489619,-0.840705,-0.0866791,-0.870561,-0.0692707,0.090329,-0.015554,0.9933780
103523800,-0.851936,-0.0807794,-0.881948,-0.0769108,0.0944152,-0.0177859,0.9923980
103556572,-0.865131,-0.0751312,-0.893016,-0.0818033,0.100072,-0.0165432,0.9914741
103590429,-0.880253,-0.0694125,-0.903924,-0.08031,0.113616,-0.0140002,0.9901750
103624698,-0.896834,-0.0651218,-0.915111,-0.0882429,0.118822,-0.0146027,0.9888790
103657171,-0.917431,-0.0595035,-0.925132,-0.0814214,0.135143,-0.0147882,0.9873641
103690421,-0.939449,-0.0537425,-0.935356,-0.0872482,0.137686,-0.020208,0.9864190
103723551,-0.96251,-0.0496531,-0.945179,-0.0909842,0.128856,-0.0154343,0.987360
103757367,-0.988707,-0.045963,-0.954471,-0.0971476,0.130539,-0.013291,0.9865831
103790388,-1.01687,-0.0406456,-0.96328,-0.0939125,0.131723,-0.0136039,0.9867340
103824561,-1.04364,-0.0392388,-0.970067,-0.0970748,0.137221,-0.0380214,0.9850390
103856552,-1.07574,-0.0360922,-0.976953,-0.0956073,0.148415,-0.0472258,0.9831590
103889412,-1.11221,-0.0341049,-0.98126,-0.069987,0.150976,-0.0500703,0.9847851
103923788,-1.1457,-0.0336791,-0.986747,-0.0797411,0.139335,-0.0366912,0.9863470
103956314,-1.18787,-0.0196573,-0.988103,-0.0804579,0.121309,-0.0152261,0.9892310
103990421,-1.23012,-0.0133301,-0.989671,-0.100452,0.133071,-0.0446161,0.9849931
104023525,-1.26982,-0.0120305,-0.989076,-0.0921361,0.141103,-0.0577717,0.9840040
104058157,-1.31154,-0.00888678,-0.991582,-0.0993464,0.123439,-0.0579728,0.9856630
104090254,-1.35809,-0.00176947,-0.992023,-0.100775,0.0902918,-0.0404597,0.9899770
104123938,-1.40464,0.00272321,-0.991374,-0.104066,0.0644193,-0.0180784,0.9923171
104157319,-1.44212,-0.00381555,-0.992013,-0.125953,0.0637749,-0.00352255,0.9899780
104190003,-1.49684,0.00925726,-0.989135,-0.128295,0.0642059,-0.0490631,0.9884390
104224231,-1.54015,0.0123141,-0.985958,-0.147641,0.0568537,-0.0404438,0.9865771
104257543,-1.59557,0.0223094,-0.980441,-0.105057,0.0397618,-0.0461004,0.9926010
104290004,-1.64681,0.0296538,-0.975548,-0.0909717,0.0344419,-0.064095,0.9931920
104324083,-1.69728,0.0366419,-0.968827,-0.0951681,0.040876,-0.059529,0.9928390
104357034,-1.74741,0.0428777,-0.962227,-0.099984,0.0254539,-0.0336646,0.9940941
104390542,-1.79546,0.0492824,-0.957187,0.083631,-0.00744242,0.0331435,-0.9959180
104424567,-1.84104,0.0563199,-0.94847,0.0871886,0.00389634,0.0380353,-0.9954580
104457065,-1.89809,0.0706968,-0.941486,0.120228,-0.00183218,0.0494274,-0.9915131
104490085,-1.94534,0.077275,-0.935094,0.129512,0.0071504,0.0450708,-0.9905270
104524573,-1.99034,0.0811908,-0.925205,0.123833,0.0269114,0.0512072,-0.9906150
104556673,-2.03996,0.0945341,-0.919516,0.119925,0.038392,0.0307473,-0.9915640
104590600,-2.08764,0.103284,-0.908767,0.100356,0.045589,0.036427,-0.9932391
104624123,-2.13758,0.113326,-0.896402,0.0666255,0.0158175,0.0714899,-0.9950880
104656390,-2.1905,0.1304,-0.888415,0.0853943,0.0115479,0.0574519,-0.9946220
104690565,-2.22392,0.134142,-0.874699,0.0731426,0.020712,0.0582318,-0.9954050
104724042,-2.26602,0.146242,-0.870361,0.142415,0.00772167,0.0593451,-0.9879961
104757721,-2.30999,0.162195,-0.85996,0.110916,0.00270741,0.0655452,-0.9916620
104790050,-2.35333,0.174823,-0.848823,0.117519,0.0154319,0.0496658,-0.9917080
104822986,-2.39292,0.185218,-0.834969,0.126777,0.0314658,0.0390621,-0.9906620
104856337,-2.43416,0.197437,-0.822656,0.105342,-0.000796206,0.0598378,-0.9926341
104889593,-2.47307,0.208177,-0.810062,-0.118274,0.0229533,-0.0669118,0.9904580
104923118,-2.50666,0.218245,-0.796021,0.126472,-0.00877095,0.0722905,-0.9892940
104957419,-2.53718,0.229763,-0.779407,0.128146,-0.00404789,0.102595,-0.9864261
104989758,-2.57395,0.240857,-0.766006,0.131188,0.00633924,0.107385,-0.9855040
105023677,-2.60861,0.253181,-0.751912,0.136985,0.00354954,0.116291,-0.9837170
105056620,-2.63364,0.255027,-0.737078,0.104567,0.026248,0.124145,-0.986390
105089926,-2.66449,0.263954,-0.722424,0.0946126,-0.00384894,0.107686,-0.9896651
105123389,-2.69258,0.276766,-0.705212,0.102712,-0.0081102,0.0894522,-0.9906480
105156264,-2.72223,0.290486,-0.690712,0.120639,0.0168405,0.0955836,-0.987940
105191484,-2.7462,0.298976,-0.672976,0.107466,0.0342853,0.0841132,-0.9900511
105223639,-2.77248,0.30672,-0.654619,0.0924483,0.0271275,0.0972956,-0.9905810
105257133,-2.79799,0.314498,-0.636344,0.07588,0.0168614,0.0919791,-0.9927220
105289981,-2.82015,0.32956,-0.617739,0.0864149,0.0308515,0.0980034,-0.9909470
105323585,-2.84155,0.334429,-0.59841,0.0820552,0.0236721,0.0870499,-0.9925371
105356915,-2.86307,0.346071,-0.581171,0.106589,0.0394858,0.064545,-0.991420
105389728,-2.88194,0.354684,-0.560377,0.0882747,0.0282397,0.0951838,-0.9911360
105423726,-2.89932,0.360472,-0.539355,0.0804627,0.0425768,0.0855126,-0.992171
105456731,-2.91837,0.364794,-0.517672,0.105269,0.0550091,0.0641083,-0.9908490
105490794,-2.93232,0.377746,-0.497391,0.0796427,0.0570448,0.0422162,-0.9942940
105523456,-2.94969,0.377379,-0.47603,0.0885616,0.0566705,0.0195036,-0.9942660
105556269,-2.96311,0.384542,-0.454185,0.109891,0.04597,0.00760887,-0.9928511
105589909,-2.97448,0.390917,-0.434785,0.0998225,0.0536367,0.0146927,-0.993450
105624338,-2.98625,0.399083,-0.413347,0.121876,0.0432171,0.00481959,-0.9915920
105656659,-2.99766,0.405029,-0.392738,0.123269,0.0265765,0.00153895,-0.9920161
105690448,-3.00581,0.410064,-0.372175,0.122377,0.0322982,-0.00117804,-0.9919570
105723614,-3.01294,0.414687,-0.351771,0.124393,0.0408375,-0.00109647,-0.9913920
105756344,-3.01953,0.419856,-0.332268,0.12704,0.0401472,0.00907239,-0.9910430
105790359,-3.02518,0.423749,-0.312101,0.134852,0.0401561,0.00416977,-0.9900431
105823527,-3.03144,0.428094,-0.293858,0.128791,0.0402546,0.00850802,-0.9908180
105856332,-3.03605,0.430945,-0.277271,0.128775,0.0409775,0.00654191,-0.9908050
105889537,-3.03957,0.434514,-0.260564,0.12614,0.0345442,0.0166613,-0.9912710
105923863,-3.04326,0.437837,-0.245461,0.127978,0.0268875,0.0162638,-0.9912791
105956152,-3.04589,0.440061,-0.231998,0.13474,0.0242971,0.0107837,-0.9905240
105991313,-3.04805,0.444693,-0.220494,0.141917,0.0266844,0.015194,-0.9894020
106023562,-3.04957,0.445837,-0.209506,0.133083,0.0281352,0.0164998,-0.9905680
106056807,-3.04978,0.449182,-0.198291,0.133272,0.0160978,0.0313397,-0.9904531
106090399,-3.04914,0.45129,-0.189497,0.138183,0.019307,0.0413997,-0.9893530
106124345,-3.04811,0.454702,-0.181455,0.145304,0.0157904,0.0208762,-0.9890410
106156412,-3.04558,0.458678,-0.17569,0.148014,0.0245772,0.0256348,-0.9883470
106190758,-3.04318,0.460982,-0.170179,0.143852,0.0357083,0.0320226,-0.9884361
106223538,-3.04022,0.464591,-0.167449,0.145254,0.0238625,0.02196,-0.9888630
106256707,-3.03807,0.466415,-0.166363,0.146306,0.00663479,0.0105882,-0.9891610
106290087,-3.03444,0.471159,-0.167303,0.145144,0.00977019,-0.000377778,-0.9893620
106323091,-3.02713,0.473966,-0.166878,0.14783,0.0339807,0.00406311,-0.988421
106356324,-3.02029,0.47756,-0.168673,0.145687,0.0390832,0.0102755,-0.9885050
106390582,-3.01237,0.481625,-0.172489,0.147721,0.0412079,0.0124043,-0.9880920
106423581,-3.00381,0.485151,-0.17883,0.146568,0.0367475,0.00817146,-0.9884841
106457005,-2.9943,0.485336,-0.181755,0.154692,0.04636,0.0127534,-0.9867920
106490346,-2.98295,0.487624,-0.188398,0.147705,0.0502628,0.00172828,-0.9877520
106523566,-2.9703,0.490595,-0.19753,0.152363,0.0409715,0.00135584,-0.9874740
106556415,-2.95573,0.493156,-0.206271,0.144069,0.0493967,-0.00224452,-0.9883321
106590615,-2.94041,0.496259,-0.215113,0.136572,0.0540795,-0.00647715,-0.9891320
106624027,-2.92355,0.498983,-0.22528,0.132395,0.0597046,-0.00248178,-0.9893940
106656753,-2.90488,0.496686,-0.235056,0.17376,0.0558301,0.0147899,-0.9830931
106690507,-2.88408,0.499609,-0.247633,0.15872,0.0638632,-0.000832417,-0.9852560
106724112,-2.86223,0.502164,-0.257196,0.124879,0.0761997,-0.00371415,-0.9892350
106756735,-2.83684,0.502111,-0.268696,0.123599,0.0904232,-0.00422959,-0.9881950
106789439,-2.81232,0.502303,-0.281888,0.129102,0.085637,-0.00214212,-0.9879241
106823381,-2.78358,0.502812,-0.294448,0.124603,0.0898807,0.0060668,-0.9881090
106856064,-2.75436,0.497151,-0.308983,0.124773,0.0785696,-0.0117888,-0.9889990
106890174,-2.72096,0.497048,-0.320828,0.124349,0.0977293,0.00265994,-0.987411
106923742,-2.68749,0.495778,-0.334313,0.124062,0.104698,0.0132513,-0.9866460
106957321,-2.65378,0.492846,-0.349515,0.125823,0.0866745,0.00684471,-0.9882350
106990721,-2.61349,0.48495,-0.361526,0.159908,0.0919562,0.0139608,-0.982741
107023795,-2.57674,0.47623,-0.373001,0.208397,0.0981908,0.00669194,-0.973080
107057338,-2.53968,0.472875,-0.389361,0.206068,0.0928199,0.0148891,-0.9740120
107090067,-2.4914,0.465368,-0.401514,0.161922,0.0912956,0.00409664,-0.9825630
107123325,-2.44628,0.463537,-0.41877,0.139473,0.074205,0.0245717,-0.9871361
107157136,-2.40185,0.460086,-0.433282,0.127159,0.0728229,0.0137991,-0.9891090
107191074,-2.35732,0.454783,-0.447623,0.155096,0.082599,0.014924,-0.9843270
107224465,-2.30655,0.449605,-0.462864,0.164301,0.0904454,0.0172155,-0.9821041
107256888,-2.2514,0.441776,-0.476375,0.142099,0.0973172,0.0003095,-0.9850570
107290732,-2.19978,0.432991,-0.49136,0.159907,0.113479,0.0164408,-0.980450
107323113,-2.14579,0.426685,-0.507816,0.154879,0.0964666,0.00790386,-0.9831810
107355932,-2.08848,0.419764,-0.519671,0.152187,0.0902686,0.00307211,-0.9842161
107390344,-2.03355,0.41,-0.536122,0.14757,0.0696551,0.00240579,-0.9865930
107424347,-1.97521,0.402031,-0.549592,0.142486,0.0761036,0.00868806,-0.9868290
107457491,-1.91374,0.392133,-0.564112,0.144658,0.0790877,0.0114581,-0.9862491
107489905,-1.84667,0.381104,-0.578589,0.140379,0.0756421,0.0180057,-0.987040
107524457,-1.78097,0.368658,-0.591323,0.204784,0.0940533,0.0175586,-0.974120
107557044,-1.72211,0.358269,-0.609237,0.164337,0.0535515,0.0200041,-0.9847470
107589757,-1.65975,0.354634,-0.626609,0.128298,0.0550933,0.0165748,-0.9900651
107623452,-1.59229,0.341316,-0.640835,0.112525,0.0403949,0.0226078,-0.992570
107657695,-1.52262,0.33066,-0.656529,0.117364,0.0237837,0.0605791,-0.9909540
107690292,-1.45728,0.323348,-0.673315,0.134361,0.0206985,0.0320185,-0.9901991
107723608,-1.38925,0.312697,-0.690634,0.145673,0.0107433,0.0372593,-0.9885730
107756904,-1.32059,0.304353,-0.709043,0.142293,0.00792138,0.0391436,-0.9890190
107790608,-1.2541,0.295635,-0.726907,0.144603,0.00617906,0.046816,-0.9883621
107823427,-1.18935,0.287484,-0.744861,0.145198,-0.00797655,0.0517575,-0.9880160
107856620,-1.12369,0.280933,-0.76318,-0.135297,0.0241285,-0.0506452,0.9892160
107889910,-1.06115,0.274489,-0.782133,-0.137599,0.0432372,-0.0487708,0.9883410
107923007,-0.997678,0.268662,-0.801472,-0.140825,0.0536759,-0.0424192,0.9876681
107957711,-0.934851,0.260312,-0.820038,-0.125877,0.0610548,-0.0437208,0.98920
107990324,-0.878751,0.257735,-0.837265,-0.141682,0.0649476,-0.0498908,0.9865190
108023841,-0.825407,0.256602,-0.857814,-0.121066,0.081792,-0.0571928,0.9876141
108056211,-0.770307,0.255015,-0.874389,-0.128818,0.10424,-0.0429482,0.9852390
108089442,-0.716745,0.253492,-0.888413,-0.144979,0.104527,-0.0498405,0.9826350
108123574,-0.668844,0.252181,-0.902902,-0.136299,0.116861,-0.0424342,0.9828350
108156661,-0.621897,0.252691,-0.91514,-0.140288,0.118945,-0.0399568,0.9821281
108190035,-0.578885,0.25272,-0.927086,-0.138219,0.125459,-0.0357919,0.9817710
108223711,-0.535425,0.252015,-0.939322,-0.155384,0.143736,-0.0386802,0.9765750
108256293,-0.500574,0.252779,-0.945668,-0.12987,0.17761,-0.0634255,0.973430
108290424,-0.464136,0.255647,-0.954207,-0.146679,0.214097,-0.101175,0.9604231
108323907,-0.431687,0.259166,-0.960463,-0.14504,0.201111,-0.0908859,0.9644990
108356416,-0.400858,0.261261,-0.965233,-0.114231,0.186423,-0.0723882,0.9731170
108390619,-0.375669,0.264217,-0.969059,-0.0917913,0.183707,-0.0496501,0.9774261
108423327,-0.353689,0.267181,-0.973157,-0.106156,0.168339,-0.0559344,0.9783990
108456948,-0.336755,0.277734,-0.974568,-0.129348,0.161146,-0.0704752,0.9758760
108490235,-0.32755,0.289893,-0.974798,-0.121276,0.16182,-0.0485848,0.9781340
108523599,-0.318336,0.297457,-0.974532,-0.12648,0.173165,-0.0469381,0.9756091
108557089,-0.312236,0.306209,-0.972199,-0.131503,0.172509,-0.0572488,0.974510
108589623,-0.30846,0.31521,-0.966863,-0.125378,0.174079,-0.056429,0.9750860
108623938,-0.30969,0.32516,-0.961281,-0.130538,0.177021,-0.0491548,0.9742731
108656511,-0.311277,0.33318,-0.954459,-0.144654,0.162632,-0.0351237,0.9753940
108689567,-0.318972,0.344039,-0.945815,-0.135665,0.164052,-0.0385585,0.9763170
108724088,-0.331571,0.361795,-0.934953,-0.116595,0.156301,-0.0333776,0.9802351
108756889,-0.345286,0.373543,-0.926327,-0.11703,0.145674,-0.0294228,0.9819460
108789448,-0.364594,0.387277,-0.914958,-0.117796,0.144095,-0.0363741,0.9818540
108823625,-0.386451,0.401469,-0.905613,-0.112951,0.141666,-0.0366572,0.9827660
108856449,-0.412173,0.41706,-0.89515,-0.115407,0.146105,-0.0292269,0.982081
108889291,-0.437061,0.42581,-0.884709,-0.120647,0.141174,-0.0353518,0.981970
108923518,-0.469963,0.444181,-0.874172,-0.112782,0.12723,-0.0200777,0.9852360
108957255,-0.503558,0.45885,-0.864287,-0.121475,0.111832,-0.0162032,0.9861411
108989567,-0.542949,0.474185,-0.854699,-0.0950893,0.100449,0.00205999,0.9903860
109023675,-0.583418,0.491601,-0.842648,-0.0910654,0.0994886,-0.00495763,0.9908510
109056509,-0.626152,0.512318,-0.831945,-0.0970576,0.105209,-0.00726069,0.9896760
109090253,-0.666809,0.52526,-0.82093,-0.0938337,0.100767,-0.0351603,0.9898511
109123894,-0.711161,0.543211,-0.80921,-0.0928577,0.0923299,-0.0339829,0.9908070
109156603,-0.762546,0.564434,-0.805269,-0.117167,0.0615945,0.0132221,0.9911120
109190155,-0.809993,0.580637,-0.795105,-0.113098,0.0620818,0.012265,0.9915670
109223294,-0.86033,0.597416,-0.786788,-0.122272,0.0662554,0.0103875,0.9902281
109256472,-0.910862,0.615485,-0.77746,-0.122287,0.0414272,-0.00241541,0.9916270
109290462,-0.964483,0.634216,-0.770212,-0.12764,0.0348568,-0.00885447,0.9911680
109324252,-1.01904,0.651437,-0.7643,-0.129239,0.0351388,-0.00417773,0.9909821
109356698,-1.07497,0.669729,-0.757446,-0.12716,0.0410833,-0.0177081,0.9908730
109390629,-1.1316,0.688806,-0.752607,-0.115022,0.0351835,-0.0210199,0.9925170
109423442,-1.18664,0.705596,-0.747842,-0.120165,0.0220055,-0.0198592,0.9923110
109456177,-1.24248,0.722985,-0.744577,-0.117661,0.00766105,-0.0206315,0.992811
109490072,-1.29846,0.738602,-0.741616,0.120035,0.00793202,0.0176134,-0.9925820
109523878,-1.3555,0.754147,-0.738773,0.123717,0.0187475,0.0124713,-0.9920620
109556254,-1.41095,0.77272,-0.736729,0.109851,0.0312897,0.00797375,-0.9934231
109590368,-1.46662,0.789449,-0.73574,0.101493,0.0337082,0.00623491,-0.9942450
109623597,-1.52257,0.805536,-0.736059,0.0993498,0.0353748,0.00572383,-0.9944070
109656473,-1.57146,0.819262,-0.735834,0.102062,0.0679285,0.01142,-0.992391
109689091,-1.61915,0.833313,-0.735847,0.0634141,0.0781407,0.0219361,-0.9946820
109723563,-1.66776,0.846054,-0.738798,0.080201,0.0843358,0.040261,-0.9923880
109756848,-1.71369,0.857652,-0.738863,0.100963,0.106651,0.0225592,-0.98891
109789444,-1.75681,0.870939,-0.741226,0.09864,0.126796,-0.00607425,-0.9869930
109823664,-1.79858,0.884911,-0.742778,0.0824278,0.129284,-0.000390325,-0.9881760
109856566,-1.83961,0.898884,-0.743432,0.0768153,0.133837,-0.000695384,-0.9880210
109889812,-1.87483,0.909934,-0.7436,0.0723354,0.145664,0.00061301,-0.9866861
109923327,-1.90955,0.920619,-0.743371,0.0745919,0.147958,-0.00667128,-0.9861540
109956555,-1.9428,0.931058,-0.742025,0.0834899,0.138693,0.0026673,-0.9868060
109989825,-1.97147,0.940256,-0.739635,0.0752565,0.14694,0.00978372,-0.986231
110023395,-1.99944,0.94888,-0.736384,0.0786117,0.149378,0.003005,-0.9856460
110056176,-2.02454,0.956899,-0.733294,0.0934474,0.137793,0.00607914,-0.9860240
110089821,-2.04759,0.965612,-0.727985,0.0886451,0.130144,0.0061847,-0.9875050
110123418,-2.06768,0.973133,-0.721397,0.0823593,0.126849,-0.00312153,-0.9884921
110156395,-2.08521,0.977057,-0.716067,0.0566452,0.111292,-0.00178679,-0.9921710
110189585,-2.10278,0.984113,-0.708852,0.0886629,0.0970906,-0.0215561,-0.9910840
110223935,-2.11731,0.987319,-0.700901,0.0878578,0.0820639,-0.0328623,-0.9922031
110256798,-2.1276,0.984972,-0.691945,0.056569,0.0903907,-0.0254279,-0.9939730
110289606,-2.14326,0.98973,-0.681276,0.0912906,0.0483542,-0.0581744,-0.9929470
110322774,-2.15325,0.988114,-0.671426,0.0956388,0.034849,-0.069667,-0.9923640
110356835,-2.16224,0.987763,-0.659979,0.10656,0.0442567,-0.0731063,-0.9906271
110389461,-2.1674,0.983834,-0.648823,0.0910392,0.0478398,-0.0678077,-0.9923840
110423655,-2.17223,0.980137,-0.637198,0.0833285,0.0618158,-0.0545029,-0.9931090
110456318,-2.17641,0.97274,-0.626961,0.093473,0.0610281,-0.0415583,-0.992880
110489910,-2.17881,0.962183,-0.6134,0.0603045,0.0664796,-0.0376158,-0.9952531
110522726,-2.18337,0.95447,-0.60499,0.101791,0.0617293,-0.0454985,-0.9918460
110556057,-2.18404,0.939858,-0.594226,0.10317,0.048562,-0.0482046,-0.9923070
110589259,-2.18517,0.928002,-0.583606,0.10109,0.0545,-0.0404162,-0.9925610
110622558,-2.18264,0.914029,-0.57418,0.107964,0.0559301,-0.0227923,-0.9923191
110656103,-2.17938,0.897168,-0.564126,0.102228,0.0580449,-0.0241335,-0.9927730
110689264,-2.17635,0.878711,-0.55492,0.100995,0.0598055,-0.0221097,-0.9928420
110723572,-2.17084,0.860766,-0.545024,0.0873776,0.065404,-0.00852635,-0.9939891
110756139,-2.1648,0.841654,-0.53569,0.0997215,0.0574108,-0.0181306,-0.9931920
110789757,-2.15823,0.820936,-0.528183,0.102976,0.0448705,-0.0193526,-0.9934830
110825815,-2.15055,0.798835,-0.51995,0.100618,0.0491878,-0.0186225,-0.9935341
110855844,-2.13789,0.771924,-0.511271,0.0643647,0.0218956,-0.0378124,-0.9969690
110890071,-2.13266,0.751196,-0.504354,0.0881593,0.0202975,-0.0357384,-0.9952580
110923719,-2.12243,0.726491,-0.497016,0.0831375,0.0109456,-0.0315326,-0.9959790
110956254,-2.11161,0.700026,-0.490025,-0.0736186,-0.00657696,0.0454463,0.9962291
110989641,-2.09419,0.667627,-0.48301,0.0296868,0.0304459,-0.0230855,-0.9988290
111023686,-2.08685,0.647517,-0.478562,0.0850136,0.0261417,-0.0170884,-0.995890
111056269,-2.07722,0.622193,-0.471757,0.0983354,0.0313772,-0.00614309,-0.994641
111089824,-2.06335,0.590865,-0.467174,0.0733263,0.0259668,0.00538152,-0.9969550
111123880,-2.04564,0.557257,-0.462669,0.0310077,0.0239468,0.0300989,-0.9987790
111156335,-2.0433,0.536746,-0.461343,0.0922934,0.0409958,0.0416499,-0.9940151
111189302,-2.02842,0.499547,-0.462386,0.160983,0.0183279,0.0588317,-0.9850320
111223564,-2.00917,0.473646,-0.452562,0.131865,0.00647924,0.0297008,-0.9908020
111256783,-1.98982,0.436968,-0.449885,0.043026,0.00496219,0.0410478,-0.9982181
111289941,-1.96754,0.406664,-0.444027,-0.010141,0.053785,0.0151804,-0.9983860
111323419,-1.95829,0.388429,-0.440747,0.0762468,0.0784839,0.0373191,-0.9932950
111358011,-1.94248,0.358306,-0.440453,0.0695958,0.0469199,0.0551891,-0.9949421
111390082,-1.92546,0.339341,-0.437751,0.0700918,0.0817074,0.0531542,-0.9927670
111424328,-1.90485,0.31239,-0.436691,0.0700053,0.0803634,0.0611142,-0.9924240
111456575,-1.88317,0.285387,-0.436822,0.0607032,0.0750877,0.051649,-0.9939870
111489739,-1.86218,0.26638,-0.432721,0.0697495,0.0706049,0.0759373,-0.9921611
111524454,-1.83426,0.243412,-0.432439,0.0694305,0.101708,0.0751783,-0.9895370
111556649,-1.80737,0.222285,-0.432495,0.0662013,0.106095,0.0765179,-0.9891950
111589067,-1.78134,0.204263,-0.431931,0.0636752,0.0996092,0.073702,-0.9902480
111623361,-1.75288,0.187412,-0.42991,0.0589799,0.104964,0.0789259,-0.9895831
111656615,-1.72384,0.172749,-0.428744,0.0588234,0.107394,0.082012,-0.9890810
111690300,-1.69266,0.159109,-0.428274,0.0636108,0.0947535,0.0803978,-0.9902080
111723276,-1.65946,0.149089,-0.42456,0.0606602,0.112059,0.0955449,-0.9872360
111756454,-1.62493,0.138625,-0.424057,0.0642448,0.108128,0.0947282,-0.9875261
111789318,-1.58754,0.130957,-0.423775,0.0632208,0.110137,0.0907949,-0.9877390
111824469,-1.55099,0.124203,-0.42192,0.0566687,0.114688,0.0806705,-0.9884980
111935330,-1.51013,0.121121,-0.41967,0.0369297,0.116811,0.0865213,-0.9886891
111936067,-1.46895,0.120838,-0.421101,0.0504716,0.120246,0.0827733,-0.9879990
111936114,-1.42274,0.121936,-0.418379,0.0491356,0.138503,0.0981782,-0.9842580
111956684,-1.37614,0.121334,-0.41832,0.000124322,0.115387,0.113392,-0.9868270
111990197,-1.3376,0.132973,-0.416329,0.0951776,0.101038,0.0883157,-0.9863740
112022236,-1.29091,0.140425,-0.414734,0.10181,0.0920216,0.0990864,-0.985570
112056700,-1.23857,0.150934,-0.41427,0.105976,0.0926125,0.113524,-0.9835161
112089558,-1.18341,0.157322,-0.409913,0.1113,0.0788535,0.140777,-0.98060
112122936,-1.12501,0.164669,-0.409697,0.134777,0.107765,0.0887483,-0.9809920
112157078,-1.07242,0.188076,-0.411279,0.0976155,0.101408,0.0768177,-0.987061
112189563,-1.01589,0.208906,-0.412415,0.101503,0.0807168,0.0904526,-0.9874210
112223430,-0.957906,0.227852,-0.411799,0.112255,0.0797561,0.0982958,-0.9855840
112256947,-0.896182,0.25037,-0.411992,0.0954106,0.0798251,0.11656,-0.9853620
112290363,-0.836826,0.275893,-0.411351,0.105581,0.0742,0.107267,-0.985821
112323543,-0.771589,0.301372,-0.408906,0.102278,0.0749812,0.0992017,-0.9869530
112356900,-0.708158,0.33185,-0.407886,0.109139,0.0562742,0.107949,-0.9865440
112389814,-0.643924,0.360587,-0.404958,0.107021,0.0414353,0.115567,-0.9866480
112423570,-0.57543,0.39293,-0.404565,0.119063,0.0501905,0.1207,-0.9842441
112456087,-0.510076,0.424481,-0.404375,0.112364,0.047227,0.104745,-0.9870020
112489268,-0.44207,0.45827,-0.407351,0.125553,0.0405704,0.102636,-0.9859290
112522556,-0.37033,0.494258,-0.405125,0.125375,0.0405116,0.104843,-0.9857220
112556520,-0.299712,0.52883,-0.406531,0.185133,0.00532117,0.102926,-0.9772941
112589248,-0.232724,0.57251,-0.407898,-0.096279,0.0183776,-0.0518561,0.9938330
112623302,-0.164779,0.609502,-0.409825,-0.126401,0.0187545,-0.0497772,0.9905520
112656616,-0.0906614,0.646714,-0.41213,0.107588,-0.0128791,0.0434297,-0.9931631
112690319,-0.0212593,0.689357,-0.413885,0.125947,-0.00501539,0.0426902,-0.9911050
112723921,0.0439785,0.731039,-0.419283,-0.128705,0.0197833,-0.0328742,0.990940
112756601,0.107744,0.769407,-0.425508,0.143345,-0.00884834,0.0374916,-0.9889230
112790297,0.176371,0.810829,-0.432102,-0.117972,0.0190638,-0.0203752,0.9926251
112823308,0.245502,0.851359,-0.438381,-0.13091,0.0122268,-0.00861924,0.9912810
112857414,0.31122,0.89164,-0.449175,-0.132598,0.0113624,-0.0214348,0.9908730
112890467,0.374773,0.933226,-0.457289,-0.139776,0.0327374,0.000200929,0.9896421
112923149,0.43721,0.973404,-0.466768,-0.12533,0.0115608,-0.0183994,0.9918770
112957440,0.501902,1.011,-0.474918,-0.105014,0.015158,0.0142479,0.9942530
112990024,0.560388,1.04996,-0.485459,-0.1346,0.0372302,0.0169584,0.9900550
113023546,0.618545,1.08342,-0.498022,-0.136418,0.0235506,0.0395398,0.9895821
113056939,0.674776,1.11915,-0.509783,-0.131497,0.0491367,0.0574392,0.9884310
113090951,0.733007,1.1501,-0.520717,-0.146726,0.041055,0.069817,0.9858560
113123361,0.786813,1.18328,-0.533843,-0.143644,0.060864,0.0673792,0.9854550
113157089,0.842822,1.21202,-0.545559,-0.148135,0.0727971,0.0778848,0.9832041
113190000,0.892203,1.23657,-0.557976,-0.144748,0.0485518,0.0992889,0.9832760
113223153,0.940751,1.25953,-0.569546,-0.15268,0.046522,0.126137,0.9790880
113257414,0.984894,1.28442,-0.58111,-0.142093,0.0614289,0.111755,0.9816041
113289812,1.02555,1.3034,-0.596882,-0.141517,0.0833116,0.0980743,0.9815360
113322586,1.06329,1.31738,-0.609916,-0.139791,0.0960733,0.116527,0.9785960
113356934,1.1017,1.32925,-0.620243,-0.1367,0.105189,0.130775,0.9762920
113389437,1.13458,1.33897,-0.631669,-0.143008,0.10994,0.119218,0.9763451
113422449,1.16674,1.34557,-0.64136,-0.147381,0.130302,0.122525,0.9727730
113456770,1.18978,1.34909,-0.652061,-0.141816,0.14616,0.119962,0.9716660
113489064,1.21053,1.35113,-0.662289,-0.152642,0.162979,0.113959,0.9680660
113523138,1.2272,1.35079,-0.671137,-0.15698,0.164744,0.107307,0.9678341
113557742,1.23986,1.34767,-0.678295,-0.160277,0.164068,0.1049,0.9676720
113589526,1.2483,1.34064,-0.683476,-0.156629,0.148929,0.138114,0.9665460
113622444,1.251,1.33412,-0.692066,-0.148613,0.182375,0.116932,0.9648730
113656947,1.24881,1.32363,-0.696909,-0.150955,0.184707,0.115659,0.9642191
113689994,1.24423,1.31108,-0.700472,-0.152234,0.180588,0.105569,0.9659540
113723325,1.23316,1.29642,-0.70376,-0.147002,0.180889,0.109556,0.9662640
113756618,1.21625,1.28021,-0.706021,-0.145542,0.184749,0.118284,0.9647250
113789736,1.19703,1.26173,-0.706884,-0.140012,0.189138,0.117304,0.9648131
113823714,1.17377,1.24333,-0.704743,-0.134616,0.158059,0.10142,0.9729390
113857312,1.14338,1.22018,-0.702466,-0.12949,0.162154,0.11109,0.9719040
113890077,1.10892,1.19463,-0.702016,-0.135973,0.151161,0.10151,0.9738361
113923195,1.07221,1.16884,-0.698424,-0.122233,0.145231,0.0914319,0.9775520
113957246,1.02815,1.14274,-0.694474,-0.132903,0.126834,0.0804346,0.9796840
113989947,0.980069,1.11303,-0.686652,-0.138614,0.119918,0.101647,0.977790
114023657,0.926201,1.08019,-0.683312,-0.145504,0.132637,0.0858285,0.9766621
114057023,0.869488,1.04648,-0.679346,-0.151325,0.173454,0.0830241,0.9695990
114090319,0.810694,1.01261,-0.671016,-0.150908,0.198591,0.0999175,0.9632260
114123466,0.751104,0.979393,-0.66135,-0.140102,0.145042,0.0677917,0.9771070
114156423,0.690823,0.945334,-0.650042,-0.12992,0.126589,0.0812324,0.980051
114188864,0.624164,0.907217,-0.64057,-0.128612,0.0903156,0.0728642,0.9848820
114223305,0.552467,0.871086,-0.635899,-0.151279,0.0981203,0.032982,0.9830560
114256917,0.481355,0.835139,-0.625954,-0.149656,0.0753264,0.0178251,0.9857031
114290550,0.408934,0.797736,-0.615903,-0.147522,0.092264,0.00461097,0.9847350
114322807,0.333105,0.757327,-0.606462,-0.150671,0.0787924,-0.00281605,0.9854350
114356269,0.254448,0.718701,-0.59718,-0.133764,0.0433272,-0.0143584,0.9899610
114389732,0.174177,0.680296,-0.588221,-0.148027,0.0549597,-0.0286542,0.9870391
114423047,0.0965045,0.642582,-0.580361,-0.182081,0.0585119,-0.0486363,0.9803350
114456121,0.0144419,0.603162,-0.572994,-0.163768,0.0221873,-0.0395971,0.9854540
114523169,-0.123748,0.538748,-0.562422,-0.133812,0.0256752,-0.0108062,0.9906151
114557101,-0.210624,0.491914,-0.557097,0.0748052,0.00722876,0.0631344,-0.9951710
114589921,-0.29044,0.46272,-0.544911,0.141983,-0.00378587,0.0607444,-0.9879960
114623544,-0.393209,0.425661,-0.546617,0.1603,-0.0121583,0.0543693,-0.9854951
114655774,-0.478421,0.394214,-0.54637,-0.160429,0.030228,-0.0721237,0.9839450
114689137,-0.558683,0.364467,-0.541861,-0.169862,0.024909,-0.0832869,0.9816260
114723537,-0.641902,0.336227,-0.541059,-0.163094,0.0237564,-0.0790512,0.9831510
114756916,-0.721587,0.307516,-0.538183,0.172064,0.00796136,0.0959939,-0.9803651
114789446,-0.805329,0.283182,-0.536231,0.150828,0.00270852,0.121281,-0.9810880
114822307,-0.892563,0.265109,-0.540356,0.165428,0.0367427,0.130886,-0.9768070
114855620,-0.972935,0.244696,-0.541464,0.171975,0.045758,0.131005,-0.9752790
114889065,-1.0467,0.225538,-0.538603,0.164927,0.0454368,0.113583,-0.978691
114922164,-1.125,0.213197,-0.541075,0.174964,0.0671319,0.124433,-0.974370
114956414,-1.19442,0.202878,-0.542818,0.154542,0.047442,0.141466,-0.9766540
114989979,-1.26693,0.193356,-0.54572,0.150953,0.054909,0.144131,-0.9764351
115022483,-1.33727,0.188632,-0.548436,0.163833,0.0591408,0.162325,-0.9712420
115056573,-1.40349,0.186602,-0.550944,0.153944,0.0606589,0.178897,-0.9698540
115089561,-1.46519,0.183344,-0.555354,0.172639,0.0544835,0.197562,-0.963430
115124002,-1.52788,0.191519,-0.556832,0.169365,0.0860411,0.198131,-0.9615911
115156612,-1.58544,0.191558,-0.558657,0.111953,0.0615715,0.141832,-0.981610
115190042,-1.64271,0.210118,-0.567275,0.144773,0.0763479,0.157555,-0.9738520
115222677,-1.6893,0.212768,-0.568628,0.0788376,0.0718828,0.154024,-0.982290
115256929,-1.74458,0.237704,-0.574036,0.139345,0.0952362,0.190655,-0.9670391
115289740,-1.79037,0.254802,-0.578127,0.0893652,0.107582,0.139174,-0.9803420
115323011,-1.8275,0.273721,-0.57961,0.0595226,0.129609,0.103768,-0.9843230
115356408,-1.87543,0.305823,-0.584711,0.130328,0.11862,0.125967,-0.9762560
115389573,-1.91084,0.336017,-0.588436,0.134506,0.121345,0.136406,-0.9739491
115423881,-1.94813,0.368562,-0.590106,0.149656,0.10769,0.111646,-0.9764940
115457198,-1.97559,0.399621,-0.592652,0.157951,0.123207,0.0824122,-0.9762580
115489852,-1.99668,0.433301,-0.595268,0.127922,0.130362,0.0941912,-0.9786571
115522849,-2.01258,0.464372,-0.595904,0.167858,0.0965621,0.139221,-0.9711420
115557238,-2.03486,0.499121,-0.595356,0.197272,0.112613,0.147859,-0.9625690
115589479,-2.04851,0.543294,-0.594676,0.159805,0.157208,0.0672545,-0.9722270
115623339,-2.06263,0.584362,-0.596545,0.129136,0.18217,0.0288579,-0.9743231
115656281,-2.07513,0.635366,-0.602185,0.127705,0.141566,0.0235037,-0.9813760
115688965,-2.07584,0.667367,-0.605326,0.0642538,0.122375,0.00761618,-0.9903730
115723052,-2.08112,0.710403,-0.608739,0.0849861,0.124165,0.0128453,-0.9885320
115756498,-2.08366,0.753782,-0.612546,0.129172,0.102536,-0.00667683,-0.9862841
115790289,-2.0837,0.789222,-0.616401,0.124795,0.0778357,-0.0139991,-0.9890260
115822937,-2.07939,0.825615,-0.61787,0.0872502,0.0644964,-0.0180232,-0.9939330
115856714,-2.07544,0.868872,-0.623305,0.127065,0.0684702,-0.0373842,-0.9888221
115888849,-2.07065,0.902628,-0.626473,0.150449,0.0534576,-0.0597889,-0.9853590
115922752,-2.06434,0.937604,-0.629651,0.151612,0.0562322,-0.0570936,-0.9851860
115956791,-2.05603,0.970405,-0.635669,0.147183,0.0570304,-0.0424567,-0.9865511
115988910,-2.05045,1.00115,-0.640412,0.155987,0.0434635,-0.0436834,-0.9858350
116023119,-2.04236,1.02911,-0.644721,0.157534,0.0372337,-0.0446775,-0.9857990
116056649,-2.03367,1.05562,-0.649834,0.148161,0.0305636,-0.0602394,-0.9866540
116089457,-2.02499,1.08059,-0.655243,0.150587,0.0362586,-0.0515775,-0.9865841
116122647,-2.01456,1.10182,-0.661456,0.154064,0.0469337,-0.0533084,-0.9855050
116156187,-2.00503,1.12176,-0.666506,0.153683,0.0547541,-0.0539361,-0.9851270
116189685,-1.99651,1.13998,-0.671289,0.15099,0.0502982,-0.0556307,-0.9856861
116223241,-1.98881,1.15507,-0.678398,0.146171,0.0434867,-0.0599581,-0.9864830
116257059,-1.97959,1.16711,-0.683787,0.141067,0.0491363,-0.0740749,-0.9860010
116290902,-1.97052,1.17615,-0.689818,0.140919,0.0510821,-0.0818737,-0.9853071
116322194,-1.96276,1.18309,-0.697007,0.144755,0.0471274,-0.0847142,-0.9847070
116356523,-1.95314,1.18867,-0.703437,0.14815,0.0437819,-0.0799,-0.9847590
116389592,-1.9433,1.19181,-0.707928,0.140047,0.0522682,-0.0814312,-0.9854050
116423253,-1.93488,1.19133,-0.71502,0.139708,0.0388079,-0.0793466,-0.9862451
116457676,-1.92596,1.18928,-0.722064,0.14348,0.0304701,-0.0726414,-0.9865130
116489380,-1.91688,1.18555,-0.72776,0.144793,0.0363157,-0.0612767,-0.9868950
116522560,-1.9081,1.17997,-0.733872,0.146774,0.0372033,-0.0480555,-0.9873010
116556562,-1.89885,1.17252,-0.739886,0.147841,0.0352223,-0.0416591,-0.9875051
116589560,-1.89128,1.16315,-0.74613,0.150384,0.025426,-0.0329503,-0.9877510
116623687,-1.88381,1.15323,-0.752101,0.148991,0.0188951,-0.0290143,-0.9882320
116656760,-1.87535,1.14122,-0.75822,0.155298,0.012338,-0.0239945,-0.9874991
116689440,-1.86772,1.12999,-0.763485,0.153623,0.0173924,-0.0143471,-0.9878720
116722311,-1.85924,1.11617,-0.770711,0.157381,0.0189696,-0.0120808,-0.9872820
116756583,-1.85198,1.10099,-0.777048,0.144706,0.00238998,0.0126731,-0.9893910
116789316,-1.84516,1.08774,-0.785348,0.158954,0.0062819,-0.00368661,-0.9872591
116823740,-1.83913,1.07411,-0.791393,0.155386,0.0104626,0.00181233,-0.9877970
116856322,-1.83109,1.05515,-0.802683,-0.186189,0.0110617,-0.0187834,0.9822720
116889437,-1.82438,1.04431,-0.807344,0.152526,0.0231025,0.00498118,-0.9880171
116923407,-1.81669,1.02885,-0.815558,0.145489,0.0415835,0.00343943,-0.988480
116956411,-1.80821,1.01166,-0.823203,0.139881,0.0568715,0.0163825,-0.9883980
116989679,-1.79917,0.994701,-0.832025,0.144217,0.066634,0.0158921,-0.9871721
117023425,-1.79033,0.978294,-0.840863,0.146141,0.0608347,0.0118095,-0.9873210
117056904,-1.78088,0.963077,-0.852158,0.143431,0.068869,-0.00515275,-0.9872480
117089404,-1.76828,0.944696,-0.859984,0.151598,0.0808113,-0.00633121,-0.9851130
117123582,-1.7549,0.927733,-0.86749,0.148621,0.107986,-0.0096238,-0.9829331
117157252,-1.73899,0.910347,-0.877388,0.131729,0.119402,-0.00896001,-0.9840280
117189912,-1.72201,0.89191,-0.888347,0.134798,0.100887,-0.012123,-0.9856490
117224249,-1.70333,0.873472,-0.897127,0.129534,0.109682,-0.00867569,-0.9854521
117256626,-1.68264,0.854526,-0.90698,0.134334,0.106315,-0.00991187,-0.9851670
117289180,-1.65805,0.835221,-0.914154,0.133673,0.126351,-0.00733249,-0.9829110
117323390,-1.63196,0.817764,-0.920979,0.124595,0.142119,-0.00804191,-0.9819440
117356776,-1.60532,0.799701,-0.927764,0.106886,0.164694,-0.015961,-0.9804061
117390460,-1.57418,0.778714,-0.936395,0.114865,0.161436,-0.0209261,-0.9799520
117423151,-1.54435,0.743862,-0.956046,0.222743,0.0693003,-0.00281897,-0.9724070
117456492,-1.50889,0.72078,-0.965117,0.253574,0.0312653,0.0228444,-0.9665410
117489632,-1.46798,0.701568,-0.970019,0.257253,0.000914895,0.0414536,-0.9654541
117522798,-1.42709,0.689751,-0.972721,0.157276,0.0396108,0.0251038,-0.9864410
117557391,-1.38589,0.672704,-0.974333,0.103702,0.0909279,0.0284716,-0.9900340
117589769,-1.34486,0.652468,-0.979782,0.108973,0.0921226,0.00647059,-0.9897461
117622963,-1.30184,0.628571,-0.984394,0.0980872,0.0732954,0.0110539,-0.9924140
117656540,-1.25236,0.60373,-0.983913,0.147229,0.0458029,0.0538499,-0.9865730
117691016,-1.20385,0.576434,-0.98811,0.20861,-0.0215399,0.118926,-0.9705021
117723002,-1.15951,0.559647,-0.986503,0.154374,0.0272429,0.0437052,-0.9866690
117756539,-1.1096,0.538795,-0.979629,0.122232,0.0651163,0.0228922,-0.9900990
117789037,-1.05568,0.510746,-0.974877,0.140889,0.0536591,0.0488135,-0.9873640
117822307,-1.00922,0.495537,-0.969197,0.127582,0.049727,0.0385508,-0.989831
117855960,-0.957505,0.473228,-0.961726,0.115388,0.0505782,0.0219154,-0.991790
117890329,-0.901986,0.4473,-0.951926,0.101427,0.045044,0.0181776,-0.9936560
117922702,-0.850763,0.428679,-0.941001,0.120017,0.0484058,0.0182779,-0.9914231
117955540,-0.798967,0.407107,-0.927618,0.122873,0.0431109,0.0215358,-0.9912520
117990258,-0.743799,0.385575,-0.913587,0.119722,0.0414633,0.0221472,-0.9916940
118022804,-0.689958,0.363589,-0.900468,0.118764,0.0193419,0.0201055,-0.992531
118057001,-0.634959,0.343115,-0.886069,0.108691,0.0146161,0.00895476,-0.9939280
118090390,-0.578312,0.3228,-0.870314,0.114751,0.0300505,0.0300329,-0.9924850
118123296,-0.516013,0.296365,-0.850776,0.186427,0.025585,0.0275089,-0.981751
118156462,-0.467871,0.282137,-0.838007,-0.164381,0.00664447,-0.0146693,0.9862650
118189150,-0.414133,0.260128,-0.822754,-0.158752,0.0387044,-0.0170475,0.9864120
118223844,-0.355219,0.236162,-0.804937,-0.129634,0.0336323,-0.00131814,0.9909911
118256474,-0.302305,0.22058,-0.789086,0.133693,-0.00563752,0.0249945,-0.9906920
118289772,-0.252464,0.20246,-0.769895,-0.142295,0.0189976,-0.0218994,0.98940
118323145,-0.198991,0.179682,-0.752265,-0.146945,0.0265469,-0.0279834,0.9883920
118356914,-0.148977,0.166524,-0.735645,-0.13316,0.0293994,-0.0157997,0.9905321
118390470,-0.0969121,0.15151,-0.71776,-0.127713,0.0385793,-0.0222932,0.990810
118423961,-0.0479551,0.133731,-0.699886,-0.130819,0.0401329,-0.016439,0.9904570
118456534,0.00253613,0.118129,-0.683077,-0.12465,0.0452041,-0.0155565,0.9910490
118489901,0.0539243,0.100777,-0.665689,-0.129678,0.0701479,-0.00272503,0.9890681
118522555,0.0912148,0.0854778,-0.649383,-0.156318,0.0569675,-0.0286083,0.9856470
118556710,0.121116,0.0773082,-0.638505,-0.162078,0.0611089,-0.0709892,0.9823220
118589703,0.158221,0.0660017,-0.62514,-0.169564,0.114597,-0.0577813,0.9771270
118622697,0.208086,0.0463204,-0.613608,-0.190548,0.0951752,-0.073565,0.974281
118656077,0.247433,0.0356905,-0.590778,-0.160791,0.0917659,-0.0108012,0.9826540
118689288,0.293901,0.0229617,-0.576621,-0.1274,0.0752332,-0.00220429,0.9889920
118723527,0.319462,0.0174838,-0.568265,-0.0912355,0.100807,-0.00369484,0.9907071
118757035,0.345248,0.00540643,-0.557842,-0.143463,0.087772,-0.0414703,0.9848830
118789325,0.373577,-0.00334186,-0.547142,-0.154496,0.123775,-0.0400596,0.9793910
118822591,0.399064,-0.00592084,-0.53468,-0.146408,0.183406,0.0140349,0.9719720
118856901,0.421345,-0.0159664,-0.521174,-0.14781,0.157011,-0.00870463,0.9764341
118889092,0.445191,-0.0162869,-0.50878,-0.148539,0.15905,-0.0198462,0.9758310
119001520,0.462088,-0.0229886,-0.497504,-0.144233,0.179946,-0.00463729,0.9730341
119002174,0.472854,-0.0279188,-0.487695,-0.14602,0.1791,-0.0225015,0.9726740
119002289,0.48238,-0.028567,-0.477385,-0.151214,0.151978,-0.0504786,0.9754430
119022572,0.487543,-0.0304039,-0.462839,-0.136868,0.185218,-0.0481025,0.971930
119056120,0.490772,-0.0296511,-0.451101,-0.147551,0.180433,-0.0422376,0.9715390
119089947,0.488653,-0.0296681,-0.440487,-0.146062,0.179354,-0.0318546,0.972360
119123504,0.483214,-0.0282509,-0.427109,-0.155416,0.177916,-0.0370569,0.9709881
119156687,0.474295,-0.0279268,-0.412892,-0.151706,0.185631,-0.0227656,0.9705710
119189471,0.463503,-0.0247792,-0.397165,-0.125171,0.146538,0.0162763,0.9811190
119222963,0.443396,-0.0187086,-0.38671,-0.138755,0.177937,-0.0228292,0.9739430
119255708,0.420777,-0.012681,-0.373509,-0.151558,0.185639,-0.0350947,0.9702251
119289748,0.395925,-0.00694305,-0.358268,-0.155772,0.16827,-0.0148216,0.9732420
119322598,0.36335,0.00178168,-0.344483,-0.165207,0.16311,-0.0193758,0.9724850
119356466,0.330401,0.0115087,-0.330692,-0.151689,0.168805,-0.0270155,0.9735331
119388685,0.294222,0.0184489,-0.317121,-0.15062,0.165763,-0.0193898,0.9744020
119422763,0.249523,0.0297938,-0.303812,-0.143839,0.166169,-0.023914,0.9752570
119455783,0.206799,0.0418535,-0.289078,-0.136136,0.169206,-0.0159653,0.9760030
119488691,0.157862,0.0497283,-0.276386,-0.133087,0.161989,-0.0434912,0.9768091
119522780,0.106487,0.0645291,-0.263728,-0.142764,0.139538,-0.0742036,0.9770580
119556811,0.0507852,0.0785606,-0.250049,-0.164431,0.12862,-0.108283,0.9719540
119589465,0.0228751,0.0823022,-0.239701,-0.0866821,0.150982,0.00209733,0.9847271
119623573,-0.039239,0.0954323,-0.231656,-0.147354,0.183747,0.0230398,0.9715930
119656709,-0.124112,0.122591,-0.223563,-0.143182,0.0879251,-0.047256,0.984650
119690110,-0.185663,0.140022,-0.220302,-0.150724,0.0720211,-0.0475339,0.9848021
119723261,-0.251619,0.158614,-0.213477,-0.121381,0.0828964,-0.0625523,0.9871590
119755743,-0.315124,0.175937,-0.213222,-0.156453,0.0765428,-0.126375,0.9765720
119789707,-0.399991,0.138177,-0.197991,0.129967,0.300085,-0.106689,0.9389750
119823039,-0.453031,0.216682,-0.216551,-0.144339,0.051019,-0.0899502,0.984111
119855566,-0.546516,0.246579,-0.222134,-0.155969,0.0522438,-0.0952712,0.9817680
119889691,-0.63082,0.27531,-0.230626,-0.12369,0.0485809,-0.0742193,0.9883480
119922854,-0.711082,0.303052,-0.240999,-0.144715,0.0482458,-0.0817606,0.9849090
119956103,-0.794479,0.32841,-0.248217,-0.164062,0.0379167,-0.0364078,0.9850491
119989015,-0.867986,0.358431,-0.262861,-0.0976255,0.0656286,-0.0587407,0.9913180
120022904,-0.950268,0.389057,-0.277314,-0.0976887,0.0456286,-0.0563995,0.9925690
120055430,-1.03412,0.423455,-0.295604,-0.119963,0.0269066,-0.0827091,0.9889610
120089833,-1.11579,0.45627,-0.309416,0.119464,-0.0040451,0.122479,-0.9852471
120123591,-1.19564,0.490497,-0.326674,0.133899,0.0249742,0.0562121,-0.9890840
120156898,-1.2811,0.520174,-0.346606,0.140306,0.0182361,0.0290906,-0.9895130
120190064,-1.36646,0.555395,-0.364475,0.131732,0.00949308,0.0497984,-0.9899881
120222424,-1.44035,0.592477,-0.383519,0.149809,0.00657379,0.0217991,-0.9884530
120255358,-1.52653,0.624827,-0.402103,0.1642,0.00892731,0.000450288,-0.9863870
120288784,-1.60621,0.660012,-0.420383,0.158554,0.00284999,0.040186,-0.9865280
120322964,-1.68267,0.686383,-0.432663,-0.039311,0.0336569,0.00829538,0.9986261
120356749,-1.76685,0.722396,-0.449023,-0.134884,0.0127511,0.0374492,0.9900710
120389978,-1.84573,0.760835,-0.468148,0.146998,0.0160206,-0.0271584,-0.9886340
120423447,-1.92321,0.796987,-0.485696,0.154983,0.0518262,-0.00541999,-0.9865421
120456065,-2.00042,0.828796,-0.500778,0.154266,0.0839751,-0.016165,-0.9843210
120489761,-2.06522,0.851369,-0.51377,0.0705438,0.126834,-0.00965587,-0.9893650
120523360,-2.14943,0.884927,-0.517919,0.0851724,0.0791551,-0.0461127,-0.9921460
120556199,-2.21989,0.91102,-0.526116,0.10698,0.072112,-0.032405,-0.9911131
120590035,-2.28966,0.94641,-0.535762,0.0976599,0.104156,-0.057274,-0.9880960
120624037,-2.36213,0.980884,-0.543964,0.161251,0.109269,-0.0639749,-0.9787570
120655429,-2.42873,1.00441,-0.54711,0.136523,0.0977626,-0.08611,-0.9820330
120689705,-2.49581,1.03026,-0.556349,0.126494,0.113412,-0.0785086,-0.9823311
120723253,-2.55971,1.05811,-0.566093,0.0982216,0.0545633,-0.0335466,-0.9931010
120755841,-2.62151,1.08082,-0.569769,0.122039,0.0410634,-0.0285601,-0.9912640
120788971,-2.67922,1.09839,-0.570922,0.115798,0.0670174,-0.0471205,-0.9898880
120823325,-2.73696,1.11572,-0.576109,0.105346,0.0591017,-0.0682771,-0.9903271
120855801,-2.78987,1.13525,-0.571828,0.156852,0.0559114,-0.00765408,-0.9860090
120889050,-2.84759,1.14876,-0.576363,0.155469,0.0292931,-0.0157767,-0.987280
120923369,-2.90037,1.15788,-0.578792,0.133252,0.076575,0.0172547,-0.9879691
120956261,-2.95312,1.17445,-0.579039,0.101822,0.0706258,-0.00419633,-0.9922840
120990269,-3.00454,1.17516,-0.581416,0.147019,0.0846333,-0.00416778,-0.9854980
121022626,-3.04756,1.1828,-0.576791,0.128589,0.105263,-0.0251439,-0.9857750
121056163,-3.09048,1.1811,-0.577704,0.0652979,0.113234,-0.0655654,-0.989251
121089381,-3.13979,1.18956,-0.573295,0.0969562,0.113396,-0.0311222,-0.9883180
121122931,-3.18348,1.19261,-0.567543,0.151519,0.0752541,-0.0305175,-0.9851130
121155982,-3.22469,1.19022,-0.563028,0.152021,0.0681936,-0.0478987,-0.9848580
121189225,-3.26224,1.18296,-0.559113,0.142806,0.0911044,-0.0540913,-0.9840631
121222533,-3.30158,1.17779,-0.551034,0.155102,0.090044,-0.0479874,-0.9826150
121256045,-3.33979,1.16965,-0.54494,0.152259,0.0778669,-0.0382677,-0.9845250
121289195,-3.37444,1.15574,-0.537847,0.145957,0.0768124,-0.0599459,-0.9844810
121322700,-3.40795,1.14355,-0.528176,0.128198,0.0969356,-0.0661478,-0.9847811
121356270,-3.44356,1.1265,-0.519188,0.133861,0.100478,-0.0823932,-0.9824440
121388676,-3.47906,1.11116,-0.508156,0.140203,0.101983,-0.0728907,-0.9821560
121422226,-3.51131,1.08898,-0.494968,0.16858,0.10022,-0.0771272,-0.9775420
121455436,-3.54295,1.06912,-0.482675,0.16164,0.0965934,-0.0729747,-0.9793961
121488661,-3.57272,1.0473,-0.468914,0.163207,0.100152,-0.0584638,-0.9797530
121523007,-3.60206,1.0228,-0.455263,0.1734,0.108481,-0.0553284,-0.9772940
121556685,-3.62978,0.994113,-0.437202,0.182716,0.12516,-0.0578289,-0.973451
121589355,-3.65872,0.969192,-0.425054,0.198929,0.113092,-0.0399262,-0.9726480
121622586,-3.68672,0.936909,-0.410266,0.189906,0.10935,-0.0445703,-0.9746750
121655546,-3.71306,0.909155,-0.397329,0.205952,0.0720799,0.0121223,-0.9758280
121688706,-3.73703,0.873552,-0.382437,0.195837,0.105257,-0.00806015,-0.9749381
121722959,-3.75969,0.844411,-0.363364,0.18094,0.114061,-0.0157438,-0.9767310
121755682,-3.78683,0.805847,-0.347601,0.197093,0.0445158,0.0848818,-0.9756880
121788684,-3.8132,0.774486,-0.335028,0.177576,0.0465764,0.0826143,-0.9795270
121822800,-3.83405,0.744043,-0.32018,0.188764,0.065046,0.0464934,-0.9787621
121855899,-3.85596,0.706459,-0.307624,0.181498,0.0648935,0.0127817,-0.9811650
121888882,-3.87575,0.672092,-0.295996,0.186698,0.0670955,0.0165712,-0.9799830
121923024,-3.89377,0.636641,-0.279245,0.182135,0.0620035,0.0362726,-0.9806461
121956554,-3.9105,0.600688,-0.265433,0.183448,0.0654927,0.0455792,-0.9797860
121989960,-3.92738,0.563588,-0.253247,0.184412,0.0658318,0.0359974,-0.9799810
122022728,-3.93873,0.526534,-0.238019,0.176909,0.0546584,0.026669,-0.9823460
122055405,-3.95327,0.492419,-0.225696,0.157919,0.0424403,0.0136623,-0.9864451
122089964,-3.96687,0.454885,-0.2122,0.148295,0.0630557,0.0639805,-0.9848550
122123937,-3.97955,0.420703,-0.20092,0.156869,0.067011,0.0661261,-0.9831220
122156956,-3.99313,0.383755,-0.190666,0.170028,0.0650987,0.0380511,-0.982551
122189162,-3.9999,0.349637,-0.179979,0.169787,0.0728761,0.0361751,-0.9821170
122223634,-4.00738,0.315521,-0.171201,0.154237,0.0778866,0.0500415,-0.9836870
122256297,-4.01253,0.28522,-0.16371,0.167459,0.0834581,0.0657773,-0.9801360
122289615,-4.01803,0.254705,-0.157801,0.172455,0.0704869,0.066733,-0.9802231
122323790,-4.02169,0.22471,-0.152501,0.174385,0.0787428,0.0839697,-0.9779260
122356252,-4.0221,0.195466,-0.148766,0.176913,0.0975633,0.0950817,-0.9747530
122389852,-4.02246,0.170827,-0.146024,0.20553,0.120974,0.0832564,-0.967571
122424114,-4.02144,0.143533,-0.149759,0.177095,0.116283,0.105443,-0.9715950
122456436,-4.01593,0.112712,-0.14385,0.170156,0.104515,0.0675764,-0.9775260
122489518,-4.01189,0.0892772,-0.148122,0.145122,0.0696386,0.0301718,-0.9864990
122523441,-4.00213,0.0668745,-0.145802,0.129536,0.0874529,0.048989,-0.9864951
122556009,-3.98848,0.0419752,-0.14768,0.152743,0.122469,0.0766682,-0.9776470
122589041,-3.98131,0.023456,-0.149595,0.15101,0.0844467,0.0791454,-0.9817340
122623519,-3.96892,0.00538092,-0.147492,0.158631,0.121087,0.132005,-0.9709521
122656307,-3.95358,-0.0102475,-0.153702,0.169413,0.098465,0.114805,-0.973870
122689357,-3.93966,-0.0181509,-0.166202,0.160808,0.0650468,0.0679789,-0.9824910
122723020,-3.92101,-0.0280336,-0.171821,0.157831,0.0654246,0.0672112,-0.9830010
122755427,-3.899,-0.0379232,-0.176646,0.156945,0.0859125,0.116045,-0.9769961
122789568,-3.87484,-0.0488665,-0.177697,0.139792,0.063473,0.0905812,-0.9839840
122823220,-3.85064,-0.0561231,-0.185056,0.167375,0.0633748,0.0901539,-0.9797150
122855809,-3.82912,-0.0594724,-0.189768,0.126441,0.0225345,0.0813504,-0.9883761
122888730,-3.79965,-0.0605174,-0.197939,0.140273,0.0237291,0.071458,-0.9872460
122922584,-3.76891,-0.0605446,-0.203868,0.15094,0.0488631,0.0914614,-0.9830890
122955812,-3.73876,-0.0569369,-0.213739,0.160831,0.0567496,0.0784173,-0.9822241
122988969,-3.7028,-0.0526866,-0.218752,0.155529,0.0600125,0.106829,-0.9802020
123023159,-3.66743,-0.0493901,-0.225474,0.159969,0.055105,0.11888,-0.9783870
123055783,-3.62942,-0.0401923,-0.234652,0.171069,0.0537862,0.102453,-0.978440
123089728,-3.59258,-0.0329581,-0.243172,0.151986,0.0802211,0.133934,-0.9759751
123122840,-3.55689,-0.0218936,-0.249988,0.161809,0.058295,0.107359,-0.9792310
123155191,-3.51988,-0.00894568,-0.26231,0.176222,0.0428693,0.0658132,-0.9812120
123188510,-3.48444,0.00322278,-0.271212,0.197038,0.0418364,0.0698336,-0.977010
123222752,-3.4419,0.0170016,-0.280097,0.207393,0.050394,0.0706896,-0.9743981
123255879,-3.39801,0.0327412,-0.286998,0.16802,0.0302903,0.103206,-0.9798980
123288799,-3.35193,0.0472493,-0.292836,0.167471,0.040024,0.0930532,-0.9806590
123323383,-3.30772,0.0616379,-0.30417,0.177201,0.0426123,0.0567834,-0.9816111
123355984,-3.26557,0.0774633,-0.316147,0.189128,0.0170325,0.0783492,-0.9786740
123389117,-3.22163,0.0932997,-0.325814,0.198691,0.0110631,0.0647532,-0.9778580
123423234,-3.18057,0.1111,-0.33838,-0.180087,0.0191586,-0.0640532,0.9813760
123456309,-3.13499,0.129879,-0.350128,-0.144708,0.0541979,-0.054517,0.9864841
123488368,-3.09167,0.149547,-0.361848,-0.166788,0.0319267,-0.0651374,0.9833210
123522736,-3.04721,0.167192,-0.371674,0.155002,-0.0191143,0.0648278,-0.98560
123555379,-3.00065,0.186518,-0.380246,0.177249,0.0290386,0.0477412,-0.9825780
123589703,-2.95391,0.207984,-0.39337,0.174419,0.0346052,0.0756408,-0.9811521
123623337,-2.90815,0.227561,-0.405326,0.180296,0.0279775,0.0867257,-0.9793820
123655661,-2.86049,0.247899,-0.417242,0.180454,0.0203913,0.0734447,-0.9806260
123688752,-2.81414,0.270463,-0.429687,0.163841,0.0228577,0.0706828,-0.9836860
123722762,-2.76708,0.293432,-0.442842,0.1603,0.0218608,0.0728668,-0.9841321
123755695,-2.71875,0.317186,-0.45549,0.16927,0.0268736,0.0772584,-0.9821690
123788665,-2.66985,0.341616,-0.467343,0.172849,0.00870511,0.0673817,-0.9826020
123822783,-2.62353,0.364446,-0.477957,0.172512,0.0093848,0.0369838,-0.9842681
123856529,-2.57719,0.387449,-0.492105,0.175335,-0.00186762,0.042811,-0.9835760
123889831,-2.53039,0.40971,-0.50402,-0.17139,0.01039,-0.0131942,0.985060
123922766,-2.4827,0.433683,-0.516749,-0.163609,0.00818041,0.00202911,0.9864890
123955921,-2.43433,0.45632,-0.528249,-0.162927,0.00343871,0.0254226,0.9863051
123989630,-2.3885,0.477449,-0.538678,-0.165213,0.023359,0.038513,0.9852290
124023191,-2.34548,0.498198,-0.55182,-0.16908,0.0429011,0.0521243,0.9832880
124055790,-2.30266,0.513544,-0.565434,-0.163095,0.0611902,0.0776384,0.9816460
124089654,-2.25774,0.530163,-0.577731,-0.162268,0.0563421,0.108419,0.9791531
124122499,-2.21639,0.548436,-0.588332,-0.142025,0.0638274,0.0905956,0.983640
124156305,-2.17684,0.564277,-0.600684,-0.152317,0.0653853,0.0970991,0.9813750
124189694,-2.13826,0.575472,-0.613934,-0.155102,0.0663324,0.0794871,0.9824591
124222788,-2.10364,0.584305,-0.630914,-0.160966,0.058935,0.0830182,0.9816950
124255050,-2.0673,0.589788,-0.642176,-0.149101,0.0596052,0.0681878,0.9846660
124288398,-2.03454,0.594303,-0.656289,-0.141267,0.0674954,0.0892026,0.9836310
124322005,-2.00337,0.597446,-0.669632,-0.14015,0.0554497,0.0803544,0.9853051
124356082,-1.97353,0.598187,-0.682471,-0.140798,0.0553448,0.0716683,0.9858890
124388850,-1.94802,0.594712,-0.696723,-0.144412,0.0324907,0.0525972,0.9875840
124422752,-1.91923,0.589529,-0.707794,-0.132928,0.0416894,0.0464399,0.9891591
124456091,-1.89535,0.586898,-0.72223,-0.139417,0.0478385,0.0359601,0.9884240
124489705,-1.87304,0.581809,-0.734751,-0.147057,0.0384006,0.0301072,0.9879240
124523306,-1.84948,0.573845,-0.748498,-0.147299,0.0379832,0.0320526,0.9878431
124555874,-1.8276,0.565243,-0.761341,-0.14168,0.0341165,0.0306722,0.9888490
124588636,-1.80644,0.556243,-0.77408,-0.132963,0.0249102,0.0328023,0.9902650
124622726,-1.78698,0.546818,-0.787453,-0.13739,0.0320619,0.0224347,0.9897440
124655407,-1.76768,0.536597,-0.801334,-0.131406,0.029658,0.00546091,0.990871
124689612,-1.7478,0.526648,-0.814573,-0.132675,0.025667,0.000355605,0.9908270
124722988,-1.73024,0.517036,-0.828596,-0.134283,0.0209093,-0.0149714,0.9906090
124756393,-1.71299,0.50738,-0.84231,-0.135781,0.0236963,-0.0264464,0.9901021
124789249,-1.69572,0.498642,-0.855613,0.131299,-0.00733592,0.036962,-0.9906260
124823306,-1.68044,0.490444,-0.870765,0.128192,-0.011497,0.0391486,-0.990910
124855571,-1.66439,0.482223,-0.884839,0.131877,-0.00176648,0.0313263,-0.9907690
124889509,-1.64885,0.476997,-0.90209,-0.13488,0.0259245,-0.0660331,0.9883191
124923579,-1.63197,0.471602,-0.916781,-0.143957,0.0238703,-0.0703036,0.9867950
124956452,-1.61634,0.469781,-0.932225,0.137212,-0.0250148,0.0899926,-0.9861280
124989440,-1.60101,0.468502,-0.947022,0.135137,-0.0198499,0.0976332,-0.9858050
125023085,-1.58583,0.468132,-0.96187,0.135603,-0.0162176,0.101504,-0.9854171
125055873,-1.56875,0.46872,-0.976055,0.140428,-0.0128541,0.104541,-0.9844720
125089416,-1.5541,0.473377,-0.992012,0.129223,-0.0170583,0.0935974,-0.9870410
125121924,-1.53843,0.477423,-1.00581,0.139147,-0.0131867,0.0945562,-0.9856590
125156164,-1.52081,0.481434,-1.02034,0.159543,-0.0143929,0.0955991,-0.9824461
125247463,-1.50676,0.487892,-1.03426,0.142352,-0.0346012,0.118109,-0.9821350
125247937,-1.49136,0.498938,-1.05027,-0.138807,0.0297134,-0.0756974,0.9869750
125255980,-1.47548,0.507518,-1.06462,-0.140523,0.0203236,-0.0587178,0.9881260
125289459,-1.45979,0.518138,-1.07908,-0.134747,0.0249268,-0.0748968,0.9877311
125322682,-1.445,0.530296,-1.09466,0.126486,-0.0204745,0.0759977,-0.9888410
125356236,-1.42675,0.537358,-1.10961,0.171172,-0.00139025,0.0780463,-0.9821440
125389661,-1.41357,0.551203,-1.12727,-0.127002,0.0172703,-0.0556206,0.9901911
125422700,-1.39822,0.563441,-1.14441,0.110272,-0.00648228,0.0363716,-0.9932150
125456703,-1.38219,0.574922,-1.16088,0.116462,-4.26587e-05,0.0325193,-0.9926630
125489274,-1.36579,0.586603,-1.17783,0.111553,0.0082911,0.0338008,-0.9931490
125522887,-1.3491,0.598063,-1.19435,0.118997,0.012795,0.0393027,-0.9920341
125555515,-1.3314,0.607111,-1.21112,0.120592,0.0273076,0.0411055,-0.9914750
125589017,-1.31281,0.619626,-1.23059,0.137086,0.0517253,0.000926891,-0.9892070
125622303,-1.29568,0.627823,-1.24676,0.104508,0.0369947,-0.00525214,-0.9938220
125656828,-1.27659,0.633644,-1.26319,0.0694107,0.0231831,-0.0214101,-0.9970891
125689230,-1.25867,0.644554,-1.27939,0.0716243,0.0260923,0.00257775,-0.9970870
125722375,-1.23756,0.657151,-1.29607,0.0955645,0.0352169,-0.00218549,-0.9947980
125755517,-1.21569,0.661366,-1.31214,0.111242,0.0439478,-0.0225454,-0.9925650
125788802,-1.19313,0.665632,-1.32868,0.115371,0.035166,-0.039463,-0.9919151
125822501,-1.17073,0.671916,-1.34141,0.117088,0.028361,-0.032742,-0.9921760
125855747,-1.14628,0.673368,-1.35605,0.121029,0.027497,-0.0563665,-0.9906660
125889231,-1.12059,0.672697,-1.36913,0.155613,0.0172782,-0.0525762,-0.9862671
125921963,-1.09666,0.674179,-1.38188,-0.174933,0.0043754,0.037635,0.9838510
125956368,-1.0754,0.680532,-1.38881,0.139206,0.0105272,-0.0321747,-0.9896850
125990529,-1.05154,0.687349,-1.39893,-0.114067,-0.00311137,0.0311193,0.9929811
126022405,-1.02419,0.68267,-1.40808,-0.14406,-0.00620411,0.0690151,0.987140
126055864,-0.998431,0.681152,-1.41662,-0.174454,0.012751,0.0705935,0.9820490
126088907,-0.975247,0.681872,-1.42265,-0.169472,0.00629703,0.064475,0.9834040
126123009,-0.949823,0.682617,-1.42782,-0.147121,-0.00655344,0.0534197,0.9876531
126156099,-0.924448,0.680989,-1.43284,-0.148767,-0.00494801,0.0497991,0.9876050
126189888,-0.898152,0.680724,-1.43383,0.147805,0.0227286,-0.0531276,-0.9873270
126222880,-0.874345,0.682578,-1.43948,-0.128545,-0.00419339,0.0366338,0.9910180
126255393,-0.849024,0.677777,-1.44192,-0.14104,-0.00609581,0.0494913,0.9887471
126289471,-0.826793,0.677175,-1.44278,0.12921,0.0159908,-0.0462107,-0.9904110
126322828,-0.802745,0.673989,-1.44487,-0.131293,0.00163473,0.0474305,0.9902070
126355830,-0.782218,0.670572,-1.44302,-0.142591,-0.0046408,0.042624,0.9888531
126389858,-0.761057,0.668749,-1.44223,0.1428,0.0118623,-0.0269051,-0.9893150
126422575,-0.737293,0.666739,-1.44142,0.127028,0.0171725,-0.0205314,-0.9915380
126455916,-0.715129,0.66435,-1.441,-0.126319,-0.00570146,0.0186642,0.9917981
126488740,-0.692094,0.659504,-1.44091,-0.119521,-0.00651609,0.0295859,0.9923690
126522735,-0.66925,0.655319,-1.4358,0.122975,0.0256236,-0.0247249,-0.9917710
126556425,-0.64613,0.648059,-1.43113,0.140453,0.044104,-0.0365535,-0.9884291
126588979,-0.625019,0.64723,-1.42593,0.128384,0.0364885,-0.0249945,-0.9907380
126622839,-0.602377,0.646077,-1.41861,0.092219,0.0351806,-0.00733168,-0.995090
126655718,-0.584013,0.644315,-1.41095,0.0841331,0.0518985,0.00880831,-0.9950630
126689697,-0.562519,0.63783,-1.40584,0.106493,0.0274557,0.00687108,-0.9939111
126722675,-0.539585,0.631767,-1.39811,0.122661,0.0217081,0.0113984,-0.9921460
126755784,-0.51716,0.628032,-1.38961,0.116875,0.025141,0.00992483,-0.9927790
126788949,-0.495513,0.623321,-1.38115,0.0977709,0.0255594,0.0124945,-0.9948020
126822471,-0.470681,0.616627,-1.37168,0.0777609,0.00403399,0.0542783,-0.9954851
126856733,-0.446205,0.614274,-1.35797,0.0188334,0.0244723,0.0581405,-0.9978310
126889454,-0.425091,0.609614,-1.34537,0.0413777,0.0202943,0.0755121,-0.9960790
126923150,-0.402909,0.600853,-1.3378,0.0364866,0.00749373,0.0279341,-0.9989161
126955569,-0.382045,0.597192,-1.32242,-0.0907313,0.0408812,-0.0601778,0.9932150
126988755,-0.358443,0.591087,-1.31696,-0.09727,0.0440715,-0.0885098,0.9903340
127022506,-0.339454,0.591226,-1.29867,-0.101874,0.0582924,-0.0773094,0.9900740
127055942,-0.319729,0.586786,-1.28392,-0.124654,0.0715049,-0.0818828,0.9862271
127089111,-0.29851,0.584674,-1.26928,-0.135881,0.0817629,-0.0924236,0.983010
127122466,-0.279935,0.580606,-1.25608,-0.127061,0.0946832,-0.0919705,0.9830730
127155765,-0.260128,0.578137,-1.2401,-0.123197,0.0813585,-0.0843692,0.9854360
127189144,-0.24106,0.574079,-1.22403,-0.126773,0.0956593,-0.108917,0.9812821
127223254,-0.227373,0.569946,-1.20918,-0.117028,0.0797694,-0.0824211,0.9864830
127256646,-0.213074,0.56635,-1.19205,-0.108644,0.0961986,-0.0900352,0.985310
127289097,-0.20277,0.565543,-1.17848,-0.126901,0.08249,-0.0531134,0.9870510
127321990,-0.190544,0.565138,-1.15735,-0.12554,0.102802,-0.0900024,0.9826351
127356397,-0.181163,0.564566,-1.14065,-0.11993,0.0962269,-0.075257,0.9852380
127388189,-0.173339,0.562056,-1.12255,-0.131352,0.102347,-0.083805,0.9824710
127422523,-0.166388,0.558382,-1.10336,-0.126195,0.0663607,-0.0621195,0.9878321
127455054,-0.158542,0.560199,-1.08294,-0.130863,0.0785116,-0.09813,0.9834030
127489277,-0.156264,0.558216,-1.06627,-0.125245,0.0734753,-0.0810744,0.9860740
127521939,-0.152162,0.561457,-1.04385,-0.0865612,0.0248854,-0.0294035,0.9955020
127556412,-0.148932,0.558815,-1.02188,-0.0857394,0.0106414,-0.0184445,0.996091
127589782,-0.145605,0.560346,-1.00041,0.0789901,-0.00704166,0.038724,-0.9960980
127622666,-0.145189,0.563011,-0.977325,0.101801,0.000123401,0.039301,-0.9940280
127655569,-0.144569,0.56171,-0.95555,0.0850053,0.016027,0.0338156,-0.9956780
127688606,-0.147077,0.562345,-0.934452,0.0943285,0.000127697,0.031711,-0.9950361
127721672,-0.144703,0.563235,-0.913466,-0.109906,0.0223907,-0.0476071,0.9925490
127756266,-0.145883,0.568195,-0.890868,-0.113748,0.0279452,-0.0504714,0.9918330
127788437,-0.147721,0.569995,-0.866675,-0.109511,0.0316615,-0.0657147,0.9913050
127822799,-0.146038,0.572958,-0.844151,0.110506,-0.0190137,0.0969035,-0.9889571
127856044,-0.144408,0.574273,-0.817106,0.0963111,-0.00625748,0.094346,-0.990850
127890055,-0.144242,0.572998,-0.793855,0.0774677,-0.00164533,0.0783759,-0.9939080
127921979,-0.143126,0.577366,-0.769321,0.0796124,-0.000418298,0.042229,-0.9959310
127955384,-0.145511,0.578441,-0.749107,0.072363,-0.00809797,0.0467354,-0.996251
127989300,-0.147877,0.581903,-0.727296,0.0679158,0.00613101,0.0584496,-0.9959590
128022538,-0.147007,0.583353,-0.706277,0.075152,0.002532,0.0374132,-0.9964670
128055939,-0.146326,0.583034,-0.686266,0.0631912,0.0198388,0.0245139,-0.9975031
128089891,-0.145511,0.581238,-0.663215,0.0773375,-0.00112759,0.0596446,-0.9952190
128122874,-0.144834,0.585514,-0.643817,0.0689879,0.00312354,0.0480125,-0.9964570
128156736,-0.1438,0.584975,-0.62473,0.0763737,-0.0054454,0.0424358,-0.9961611
128189758,-0.143655,0.58558,-0.605434,0.0815663,-0.000195248,0.0377201,-0.9959540
128221874,-0.141279,0.586788,-0.588169,-0.0796525,0.0135737,-0.0444947,0.9957370
128255673,-0.138202,0.586945,-0.571874,-0.0824844,0.0160874,-0.0501544,0.99520
128289900,-0.134921,0.587582,-0.55463,0.0676453,-0.00995207,0.0437301,-0.9967011
128322307,-0.133877,0.585096,-0.538005,0.0928733,0.00549458,0.048311,-0.994490
128356551,-0.129928,0.581844,-0.524081,0.125043,0.00395882,0.0695583,-0.9897020
128388750,-0.126814,0.581683,-0.508397,0.0882781,-0.00185376,0.0612529,-0.9942090
128421705,-0.121159,0.58111,-0.494455,0.0899576,-0.00791663,0.0762855,-0.9929881
128455984,-0.114311,0.579614,-0.481145,0.141616,-0.00101929,0.114472,-0.983280
128489703,-0.11271,0.582008,-0.467885,0.129927,0.00241653,0.0857696,-0.9878040
128522272,-0.104159,0.575974,-0.453543,0.113232,-0.0151755,0.113267,-0.9869751
128556305,-0.0980313,0.576894,-0.443849,0.0786183,-0.00324678,0.102313,-0.9916350
128588739,-0.0940569,0.577991,-0.432498,0.0747716,-0.00690611,0.0735044,-0.9944640
128622239,-0.0860265,0.577558,-0.423223,0.0748542,-0.000806969,0.0804511,-0.9939440
128656316,-0.0784962,0.576841,-0.411364,0.0764593,0.00668941,0.0776409,-0.9940231
128688796,-0.0713398,0.575047,-0.401558,0.0801477,0.00981869,0.0661,-0.994540
128725116,-0.063787,0.574614,-0.391601,0.0853872,0.0109655,0.0545546,-0.9947930
128756081,-0.0551621,0.573995,-0.38262,0.0840246,0.0109168,0.0599919,-0.9945960
128788468,-0.0479847,0.574663,-0.376104,0.0767095,2.73066e-05,0.0554838,-0.9955081
128822818,-0.0397867,0.575373,-0.369237,0.0818616,0.000954183,0.0615264,-0.9947420
128856522,-0.0307384,0.576534,-0.361956,0.0756978,0.00558886,0.060493,-0.9952780
128888713,-0.0203168,0.578954,-0.356668,0.0723934,0.0158965,0.0654385,-0.99511
128922180,-0.0123782,0.579978,-0.352508,0.0750098,0.00604019,0.0669218,-0.9949160
128956279,-0.000657227,0.581244,-0.347598,0.06796,0.0176793,0.0633253,-0.9955190
128988877,0.00873706,0.583531,-0.345343,0.0703454,0.0204799,0.068755,-0.994941
129021882,0.0194496,0.586666,-0.343354,0.0723284,0.0140331,0.0642547,-0.995210
129055158,0.0296257,0.590105,-0.343227,0.0760394,0.0169665,0.0662956,-0.9947540
129088403,0.0422729,0.593423,-0.342763,0.0696444,0.0233942,0.0599851,-0.9954920
129122349,0.0529727,0.59784,-0.343385,0.0696016,0.0256919,0.0588945,-0.9955031
129155647,0.0620269,0.602676,-0.34577,0.0708447,0.0134169,0.0580696,-0.9957050
129188744,0.0745131,0.605047,-0.347107,0.062047,0.010877,0.0452591,-0.9969870
129221914,0.0858414,0.611609,-0.350135,0.0570493,0.00670361,0.0464778,-0.9972660
129256164,0.098662,0.617794,-0.354004,0.0566362,0.00674381,0.0612948,-0.9964891
129289564,0.110965,0.621908,-0.357345,0.0562969,0.00118791,0.0465314,-0.9973290
129322417,0.124429,0.626254,-0.361411,0.0555625,0.00598958,0.0420712,-0.9975510
129355995,0.136838,0.630656,-0.366244,0.0532345,-0.0027242,0.0397024,-0.9977890
129389182,0.149723,0.635296,-0.371355,0.0582133,-0.00432584,0.0278453,-0.9979061
129422835,0.159891,0.639751,-0.377052,-0.0610422,0.0112219,-0.0132267,0.9979840
129455889,0.17022,0.645494,-0.383729,-0.0543409,0.028053,-0.00410722,0.998120
129489166,0.178881,0.649585,-0.392031,-0.07129,0.0463621,-0.0183151,0.9962090
129522574,0.189162,0.654752,-0.399911,-0.0698877,0.0526175,-0.0220319,0.9959231
129556459,0.197552,0.659453,-0.408138,-0.0599425,0.0505856,-0.0139148,0.9968220
129589239,0.204149,0.661611,-0.417492,-0.0591935,0.0546486,-0.00656435,0.9967280
129622414,0.208852,0.665211,-0.427525,-0.0746723,0.0887504,-0.00296697,0.9932470
129655356,0.213422,0.667534,-0.436158,-0.0617576,0.0782424,-0.00701932,0.9949951
129688580,0.216826,0.673353,-0.445023,-0.0602072,0.0885136,-0.0186114,0.994080
129722958,0.21675,0.675759,-0.456529,-0.047871,0.0939382,-0.00213378,0.9944240
129756552,0.215192,0.677107,-0.466886,-0.0547302,0.100873,-0.00362644,0.9933861
129788793,0.211743,0.680335,-0.479054,-0.0601667,0.12031,0.00425432,0.9909020
129822802,0.205469,0.682112,-0.487928,-0.0624481,0.116606,-0.00735642,0.9911860
129855420,0.196092,0.684178,-0.498835,-0.0580155,0.113151,-0.00834929,0.9918470
129888647,0.184632,0.687064,-0.511145,-0.0523894,0.122295,0.0039574,0.9911021
129923028,0.171123,0.689141,-0.521797,-0.0582844,0.128745,-0.00137459,0.9899620
129955574,0.154726,0.691016,-0.531159,-0.0534354,0.129391,-0.00147496,0.9901520
129988574,0.134363,0.692312,-0.542228,-0.0537353,0.134554,0.000725366,0.9894480
130022575,0.111805,0.694049,-0.552598,-0.0568587,0.135686,-0.0107002,0.9890611
130056367,0.0867465,0.696166,-0.56216,-0.0527077,0.136196,-0.0146588,0.989170
130088430,0.0590044,0.698779,-0.568816,-0.0590771,0.159524,-0.0254852,0.9850950
130122834,0.0318228,0.691837,-0.576497,-0.0144199,0.144322,0.0072544,0.9893991
130155534,-7.4707e-05,0.692884,-0.584289,0.0195512,0.143903,-0.00525301,0.9893850
130190123,-0.0370756,0.691254,-0.591101,0.0322351,0.141983,0.00290227,0.989340
130222551,-0.0799238,0.696543,-0.59923,-0.0207366,0.1578,-0.00649497,0.9872320
130256608,-0.12007,0.696464,-0.608842,0.0233702,0.147178,0.00172757,0.9888321
130289364,-0.167525,0.701968,-0.61641,-0.0151138,0.134702,0.00441144,0.9907610
130322055,-0.218009,0.703177,-0.619932,-0.00766809,0.130705,-0.00217645,0.9913890
130355663,-0.271546,0.70356,-0.626781,-0.0183571,0.129749,-0.00250932,0.9913740
130388610,-0.328724,0.705393,-0.628842,-0.00852445,0.124886,-0.0613098,0.9902381
130423504,-0.38876,0.709004,-0.634257,-0.00705223,0.132522,-0.0678043,0.9888330
130455709,-0.44474,0.712372,-0.636931,0.00243812,0.0822729,-0.0456604,0.995560
130489451,-0.508718,0.71118,-0.644903,-0.0563503,0.102863,-0.023209,0.9928271
130522477,-0.572514,0.713846,-0.647795,-0.0620782,0.135519,-0.0333932,0.9882640
130555748,-0.642729,0.714795,-0.652121,-0.0429235,0.112438,-0.0298053,0.9922840
130589122,-0.713305,0.714999,-0.656433,-0.0346032,0.102223,-0.0214503,0.9939280
130623040,-0.784178,0.714591,-0.661791,-0.0399106,0.0940694,-0.00268131,0.9947621
130655749,-0.857298,0.712278,-0.664198,-0.0176142,0.0966119,-0.0200731,0.9949640
130689801,-0.927413,0.703362,-0.67085,0.00611668,0.0702799,-0.0301392,0.9970530
130722344,-1.00844,0.714053,-0.675979,-0.0484815,0.0687276,-0.0368891,0.9957740
130755320,-1.08788,0.715131,-0.682315,-0.0355903,0.0375562,-0.000113339,0.9986611
130788675,-1.16154,0.716204,-0.688086,-0.052736,0.0206821,0.00273648,0.9983910
130821987,-1.23808,0.716366,-0.694755,0.0530904,0.020479,0.00776945,-0.9983490
130856348,-1.31282,0.714065,-0.7019,0.0449249,0.0289538,-0.0130006,-0.9984861
130888563,-1.38762,0.717538,-0.712041,0.0298317,0.0331493,0.00255995,-0.9990020
130922733,-1.45849,0.711179,-0.718241,-0.00259038,0.0721251,0.00383956,-0.9973850
130955910,-1.53009,0.711301,-0.728536,-0.0197784,0.0928451,0.0143573,-0.9953810
130988601,-1.59053,0.708135,-0.736552,-0.0920987,0.158252,-0.00749235,-0.9830661
131022394,-1.65066,0.699312,-0.7483,-0.0891304,0.138697,-0.0792974,-0.9831230
131055624,-1.69267,0.709342,-0.763886,-0.122751,0.479759,0.49349,-0.7150040
131088579,-1.76072,0.708181,-0.758915,-0.275015,-0.102568,0.824107,0.4844520
131121866,-1.83269,0.704891,-0.778919,0.0606585,0.139631,-0.0297823,-0.9878951
131155849,-1.90159,0.704226,-0.789156,0.0468916,0.177612,-0.0182582,-0.9828130
131188424,-1.95223,0.701561,-0.800425,0.0189907,0.163532,-0.0277977,-0.9859630
131221679,-1.9972,0.694841,-0.816302,0.0644309,0.119368,-0.00577747,-0.990740
131255952,-2.04026,0.693889,-0.828578,0.0764264,0.123831,-0.00821589,-0.9893221
131289052,-2.08007,0.691573,-0.839575,0.0580432,0.13711,-0.00742413,-0.9888260
131322038,-2.11569,0.688497,-0.846375,0.0429437,0.168893,-0.0164957,-0.984560
131356378,-2.15124,0.68157,-0.859637,0.0571062,0.136981,-0.0226857,-0.9886661
131388927,-2.17954,0.674545,-0.870256,0.0329824,0.12519,-0.0190691,-0.9914010
131422866,-2.20598,0.672222,-0.877011,0.0648968,0.140845,-0.00829842,-0.9878680
131456673,-2.22838,0.66997,-0.882072,0.0310102,0.134636,-0.0299152,-0.9899581
131489104,-2.24914,0.66589,-0.885593,0.0370882,0.13452,-0.0119812,-0.9901440
131522373,-2.26817,0.660555,-0.88968,0.0283721,0.13307,-0.000975916,-0.99070
131555244,-2.28391,0.651774,-0.8942,0.0119728,0.121452,-0.00359515,-0.9925190
131588293,-2.297,0.646438,-0.897238,0.0117314,0.104906,0.0183837,-0.9942431
131622576,-2.31169,0.643025,-0.899548,0.0455302,0.118757,-0.00385854,-0.9918710
131656031,-2.32128,0.633226,-0.900511,0.0427378,0.128831,-0.02148,-0.9905120
131689233,-2.3297,0.627003,-0.901653,0.0389785,0.111351,-0.0108182,-0.9929581
131722113,-2.33656,0.621793,-0.901902,0.0264971,0.0977125,-0.00996626,-0.9948120
131756376,-2.34096,0.612682,-0.903181,0.0283756,0.0730597,0.0111583,-0.9968610
131788821,-2.34254,0.603409,-0.898362,-0.00704513,0.0700515,0.0110792,-0.9974570
131822289,-2.34344,0.595488,-0.895944,-0.000911975,0.0703757,-0.00114517,-0.9975191
131855468,-2.34464,0.588356,-0.893145,0.00266441,0.0573892,-0.00165458,-0.9983470
131888468,-2.34522,0.583434,-0.887308,0.01477,0.0688979,-0.00756375,-0.9974860
131921715,-2.34332,0.573969,-0.885698,0.0227999,0.0550317,0.0177402,-0.9980670
131955024,-2.34088,0.568101,-0.881701,0.0350313,0.0539496,0.0408518,-0.9970921
131988497,-2.33535,0.558411,-0.873917,0.0151993,0.0335173,0.0305694,-0.9988550
132022679,-2.33168,0.554159,-0.867545,0.0391635,0.0280614,0.0207539,-0.9986230
132056216,-2.32446,0.54268,-0.860455,0.0178853,0.00575055,0.0326068,-0.9992921
132089031,-2.31614,0.534955,-0.851928,0.000404122,0.00234446,0.0340895,-0.9994160
132122419,-2.30868,0.527147,-0.845313,0.00154849,-0.00108832,0.0437085,-0.9990430
132156305,-2.30053,0.520081,-0.836163,0.00177796,-0.00174212,0.051579,-0.9986661
132189582,-2.29751,0.514835,-0.825958,0.0388517,-0.00897921,0.0516767,-0.9978670
132222697,-2.28719,0.510489,-0.817604,0.0431157,-0.00504864,0.0613412,-0.9971720
132255907,-2.27798,0.505118,-0.807561,0.033604,-0.0166121,0.0754421,-0.9964450
132290257,-2.27141,0.500988,-0.797652,0.0412483,-0.0137213,0.0786383,-0.9959551
132322586,-2.2625,0.49604,-0.78636,0.0450906,-0.0122334,0.072992,-0.9962380
132355228,-2.2545,0.492706,-0.776235,-0.0394027,0.0237131,-0.0618494,0.9970250
132388676,-2.24614,0.490964,-0.76466,-0.0391388,0.0280747,-0.077484,0.9958290
132422177,-2.23688,0.490153,-0.753739,0.0443912,-0.0248946,0.0940349,-0.9942671
132455828,-2.22994,0.491673,-0.743495,0.047818,-0.00908281,0.0685662,-0.9964590
132488847,-2.22204,0.48942,-0.728859,0.0361589,-0.0187313,0.0772731,-0.9961780
132521580,-2.2129,0.491664,-0.716542,0.0383677,-0.0226705,0.0770261,-0.9960330
132555750,-2.20283,0.494164,-0.702169,0.0534494,-0.02532,0.0841841,-0.9946931
132588817,-2.19529,0.499126,-0.691657,0.0538458,-0.00922641,0.0580274,-0.9968190
132622542,-2.18676,0.502384,-0.674274,-0.0547793,0.0276083,-0.0684939,0.9957640
132655846,-2.18126,0.506057,-0.658636,-0.0441921,0.0312344,-0.066626,0.9963091
132688310,-2.1751,0.512318,-0.643522,-0.0302992,0.0295357,-0.0414547,0.9982440
132722849,-2.16884,0.518615,-0.628799,-0.0318146,0.0320777,-0.0282162,0.998580
132755332,-2.16023,0.524332,-0.61094,-0.0381448,0.0356666,-0.0508779,0.9973390
132788456,-2.15436,0.530745,-0.593207,-0.040334,0.038194,-0.05486,0.9969481
132821766,-2.14925,0.537798,-0.576573,-0.0279093,0.0440273,-0.0588579,0.9969040
132855983,-2.14433,0.545473,-0.559773,-0.0316776,0.0353216,-0.0355873,0.998240
132888700,-2.13763,0.55111,-0.540824,-0.0404779,0.0440585,-0.0476081,0.9970731
132921593,-2.13068,0.553535,-0.520416,-0.00891287,0.0449426,-0.0766543,0.9960040
132954862,-2.1294,0.562871,-0.5042,-0.00990516,0.0416146,-0.041924,0.9982050
132989432,-2.1235,0.570674,-0.485053,-0.0161,0.0373733,-0.0351718,0.9985521
133022714,-2.11854,0.570852,-0.463581,0.0277397,0.0595388,-0.0236025,0.9975610
133056418,-2.11155,0.578915,-0.444381,0.0112388,0.0534209,-0.0339802,0.997930
133088567,-2.105,0.584103,-0.423724,0.0132127,0.0397729,-0.0291232,0.9986970
133122263,-2.10032,0.587532,-0.404558,0.0330165,0.033382,-0.0273822,0.9985221
133156321,-2.09725,0.603592,-0.384629,-0.0285615,0.00165734,0.00156586,0.9995890
133188932,-2.0949,0.609651,-0.364045,-0.0408633,0.0079868,-0.0123294,0.9990570
133221894,-2.08938,0.610836,-0.341571,-0.00224557,0.0285122,-0.0351411,0.9989730
133255831,-2.0868,0.620007,-0.32248,-0.0409351,0.0211964,-0.0273261,0.9985631
133288705,-2.08376,0.625034,-0.303268,0.0205229,-0.00309308,0.0175572,-0.999630
133322696,-2.07724,0.62863,-0.284985,-0.0340231,0.00916642,-0.0251042,0.9990640
133355707,-2.07214,0.632212,-0.267,0.0242081,0.00541069,0.0261014,-0.9993520
133389103,-2.06833,0.634482,-0.251105,0.0309634,0.0353771,0.018306,-0.9987261
133422190,-2.06115,0.638659,-0.235911,0.0389713,0.0282687,0.0137631,-0.9987460
133455151,-2.05502,0.639502,-0.221989,0.0367318,0.015611,0.00597772,-0.9991850
133489010,-2.05324,0.640548,-0.207427,0.0308295,0.0155436,0.0268138,-0.9990440
133522464,-2.04399,0.642216,-0.19526,0.030359,0.0101263,0.0370532,-0.9988011
133555360,-2.03762,0.642787,-0.186337,0.0403913,0.0181202,0.0258934,-0.9986840
133588270,-2.02869,0.643419,-0.176454,0.0388553,0.0208962,0.00737564,-0.9989990
133621586,-2.01941,0.640908,-0.167342,0.0254583,0.0140799,0.00455905,-0.9995660
133655933,-2.0106,0.642583,-0.162488,0.0324567,0.0252039,0.00119276,-0.9991551
133688793,-2.00238,0.639854,-0.157051,0.024913,0.0268597,-0.00350675,-0.9993230
133723464,-1.99017,0.640482,-0.154532,0.0356977,0.0384509,-0.00345487,-0.9986170
133755630,-1.97629,0.635405,-0.152874,0.0299252,0.0422154,-0.00706405,-0.9986350
133789081,-1.96335,0.630518,-0.151523,0.0285319,0.0212573,-0.015299,-0.999251
133821971,-1.95117,0.632266,-0.15489,0.035778,0.0342897,0.00274959,-0.9987680
133855523,-1.93712,0.624739,-0.159538,0.000997057,0.0485523,-0.0154626,-0.99870
133888438,-1.92114,0.623336,-0.165768,0.0200602,0.0601996,-0.00365142,-0.9979780
133922565,-1.90338,0.61532,-0.169907,-0.00731662,0.0362675,-0.00731365,-0.9992891
133955350,-1.88337,0.61576,-0.180717,0.0124652,0.0529421,0.0118432,-0.998450
133988416,-1.86093,0.610676,-0.189928,0.019568,0.0457293,0.019368,-0.9985740
134022560,-1.83801,0.606434,-0.201262,0.00966876,0.0430286,0.0331509,-0.9984770
134056086,-1.80984,0.59753,-0.21139,-0.0246739,0.0535723,0.0423437,-0.9973611
134088625,-1.78487,0.593996,-0.228841,-0.0310398,0.0630478,0.00775819,-0.9974980
134122189,-1.75801,0.591362,-0.24327,0.00517425,0.0887171,0.00957495,-0.9959970
134155907,-1.72768,0.58441,-0.254753,0.012824,0.121853,0.0208537,-0.9922460
134188611,-1.69301,0.567967,-0.265635,-0.00954336,0.100251,0.0366227,-0.9942421
134221582,-1.65887,0.564146,-0.282894,-0.0454752,0.064137,0.0247625,-0.9965970
134255046,-1.61978,0.559254,-0.298149,-0.0277045,0.0711176,0.0450303,-0.9960660
134289039,-1.57629,0.554098,-0.314294,-0.00968684,0.0992226,0.0429441,-0.9940911
134322387,-1.53041,0.545813,-0.33144,-0.00583569,0.1203,0.029739,-0.9922750
134356295,-1.47982,0.537552,-0.348059,0.0459713,0.111716,0.0360097,-0.9920230
134388694,-1.4295,0.525275,-0.364932,0.00296572,0.127056,0.0166228,-0.9917520
134423382,-1.37721,0.518519,-0.379956,-0.00879937,0.165795,0.00502567,-0.9861081
134455731,-1.32633,0.516355,-0.395057,0.0204247,0.128393,0.0269428,-0.9911470
134488923,-1.26667,0.506082,-0.412084,0.0483991,0.100598,0.0278917,-0.9933580
134521797,-1.20562,0.496619,-0.431271,0.055218,0.104218,0.0297362,-0.9925750
134668079,-1.09732,0.488698,-0.456728,0.0299166,0.130742,-0.00630453,-0.9909451
134669327,-0.998751,0.435929,-0.462325,0.0401593,0.824452,0.398707,-0.3996230
134669383,-0.952408,0.476129,-0.483995,-0.0168344,0.278591,0.0878537,-0.9562350
134690045,-0.867312,0.453123,-0.532407,0.0591253,0.055423,-0.0315487,0.9962110
134722327,-0.803351,0.457852,-0.519021,-0.00690203,0.167881,0.00694341,-0.9857590
134755137,-0.70852,0.451624,-0.53749,-0.00484253,0.152103,0.0150254,-0.9882390
134789412,-0.623311,0.439666,-0.555124,0.0110401,0.121335,0.0128159,-0.9924671
134821529,-0.549678,0.43057,-0.548833,0.026188,0.282697,-0.0317471,-0.9583260
134921876,-0.294699,0.400387,-0.610249,-0.0229347,0.21634,0.159884,0.9628651
134955669,-0.225511,0.389424,-0.624583,-0.0556531,0.289013,0.142267,0.9450580
134989413,-0.148787,0.399585,-0.648579,0.0387628,0.0937648,0.00455464,0.9948290
135021561,-0.0621453,0.394632,-0.673059,0.00203401,0.161274,-0.00753627,0.9868790
135055945,0.0184519,0.386377,-0.694628,0.00124751,0.172046,0.00823559,0.9850541
135088040,0.0889333,0.38044,-0.71117,0.0187189,0.188589,0.0155887,0.9817540
135121752,0.154682,0.373871,-0.73185,0.0267268,0.210162,0.0200453,0.9770960
135155914,0.216591,0.368356,-0.751918,0.0133339,0.225701,-0.0028865,0.9741010
135189304,0.275791,0.362622,-0.770845,0.00570818,0.224896,-0.00943655,0.974321
135222433,0.331285,0.35627,-0.790177,0.000448544,0.209354,0.00998984,0.9777890
135254883,0.377094,0.349527,-0.810508,0.00897506,0.233911,0.000720955,0.9722160
135289463,0.414859,0.345634,-0.828361,0.0120057,0.226345,0.0128854,0.9738881
135322174,0.447489,0.341128,-0.846373,0.032534,0.236127,0.0158863,0.9710480
135356769,0.474685,0.336131,-0.863502,0.0282387,0.255236,0.00631133,0.9664460
135389137,0.495016,0.33077,-0.881245,0.0199728,0.257127,-0.00136222,0.966170
135421629,0.51217,0.326629,-0.897155,0.0261798,0.246544,0.00333974,0.9687721
135455752,0.522352,0.321189,-0.911065,0.0165554,0.218007,0.00250464,0.9758040
135489341,0.527777,0.316909,-0.926427,0.0244443,0.219262,-0.00724779,0.9753330
135521815,0.528548,0.312206,-0.939479,0.0324494,0.212764,-0.00403778,0.9765561
135555974,0.522714,0.307404,-0.952377,0.0251763,0.192757,-0.0169108,0.9807780
135589437,0.513326,0.302306,-0.964036,0.0233694,0.182613,-0.0165016,0.9827690
135622805,0.499635,0.298483,-0.975168,0.0234362,0.170292,-0.0105564,0.9850581
135655301,0.481015,0.293647,-0.985646,0.0200091,0.159607,-0.0169207,0.9868330
135688970,0.460291,0.28796,-0.993522,0.0168235,0.136203,-0.00547796,0.9905230
135722352,0.435359,0.283128,-1.00226,0.0202127,0.134647,-0.00552722,0.9906720
135755716,0.407534,0.2777,-1.00997,0.0237513,0.124565,-0.00174357,0.9919261
135789419,0.377911,0.271893,-1.01622,0.0201099,0.112832,-0.00590822,0.9933930
135822029,0.347684,0.26674,-1.02127,0.0196575,0.0916837,0.00221335,0.9955920
135854970,0.312038,0.261378,-1.02719,0.0127057,0.0776486,-0.00563457,0.9968840
135888966,0.276179,0.255255,-1.0309,0.0207788,0.0691262,-0.001875,0.997391
135922371,0.238775,0.25093,-1.0341,0.028329,0.0580968,-0.00120578,0.9979080
135954896,0.199687,0.247679,-1.03847,0.025059,0.0363024,-0.0151584,0.9989120
135989071,0.15875,0.244154,-1.0412,-0.0159012,-0.0120747,0.0391277,-0.9990351
136021941,0.117145,0.240426,-1.04435,0.0109512,0.0323332,-0.0450098,0.9984030
136056438,0.0756392,0.238493,-1.04648,0.00920535,0.0385104,-0.0431377,0.9982840
136088328,0.0332881,0.236022,-1.04879,0.0100821,0.0356077,-0.0452874,0.9982880
136123321,0.000654541,0.219182,-1.05739,-0.0855066,0.128533,-0.113249,0.98151
136154680,-0.0437965,0.227615,-1.0519,-0.0414983,0.0595683,-0.112238,0.9910260
136188529,-0.0849327,0.225914,-1.05739,-0.0707614,0.035378,-0.0570156,0.9952340
136221751,-0.131866,0.238446,-1.0506,0.00519498,0.00841055,0.0842814,-0.9963930
136254739,-0.169443,0.242073,-1.05457,-0.0313851,0.0206346,0.0655637,-0.9971411
136289553,-0.209682,0.241925,-1.05062,-0.0311186,0.0247131,0.075533,-0.9963510
136321839,-0.246483,0.248086,-1.05027,-0.0532258,-0.00197857,0.100027,-0.9935580
136354975,-0.288165,0.262767,-1.05345,-0.0402857,0.0321296,0.120358,-0.9913921
136388613,-0.324346,0.274493,-1.04751,-0.023885,0.0408414,0.141427,-0.9888170
136422257,-0.362723,0.287863,-1.0453,-0.013939,0.029431,0.189486,-0.9813430
136455445,-0.396009,0.301007,-1.04195,-0.0310469,-0.0144769,0.184709,-0.9821961
136488812,-0.431409,0.324567,-1.03883,-0.0301362,-0.00857145,0.160141,-0.9865970
136522129,-0.463237,0.341692,-1.03406,-0.0391892,0.0208408,0.155923,-0.9867720
136555979,-0.495955,0.360246,-1.03014,-0.0341382,-0.000718768,0.180518,-0.9829791
136588594,-0.532018,0.385273,-1.02786,-0.0766834,0.0738265,0.111494,-0.9880480
136622324,-0.561344,0.413881,-1.02232,-0.0977333,0.0869645,0.106631,-0.9856550
136654500,-0.585066,0.43812,-1.01387,-0.0886824,0.0146415,0.106008,-0.9902950
136688841,-0.615736,0.471618,-1.01044,0.0048986,0.0148069,0.170872,-0.985171
136722263,-0.641979,0.504773,-1.00159,-0.051614,0.08536,0.0910306,-0.990840
136755450,-0.658757,0.530152,-0.996597,-0.0199515,0.0652066,0.0810347,-0.9943760
136788730,-0.678001,0.559113,-0.990054,0.00166932,0.0473834,0.069049,-0.9964860
136822466,-0.700756,0.594969,-0.981879,0.0110576,0.0481234,0.0586471,-0.9970571
136855537,-0.722225,0.63181,-0.973959,0.00817685,0.0475377,0.058613,-0.9971150
136888740,-0.741227,0.666096,-0.964628,-0.0215583,0.041601,0.0722086,-0.9962880
136921831,-0.76338,0.708323,-0.955411,-0.0141552,0.0498317,0.0649418,-0.9965440
136955584,-0.780951,0.74164,-0.950426,0.000197934,0.0309611,0.0321576,-0.9990031
136989411,-0.797328,0.779418,-0.940267,-0.00944698,0.026091,0.000563865,-0.9996150
137021395,-0.817867,0.81694,-0.934587,-0.0145676,0.0133462,-0.000408743,-0.9998050
137055629,-0.834608,0.85231,-0.928548,0.0237245,-0.00475465,0.0213118,0.999481
137088217,-0.849558,0.885846,-0.918667,-0.0211948,0.0227403,-0.0282577,-0.9991170
137122385,-0.862784,0.918644,-0.909236,-0.0254479,0.023872,-0.0227702,-0.9991320
137156010,-0.878345,0.952847,-0.898936,-0.0206459,0.037423,-0.0386933,-0.9983371
137189598,-0.889832,0.982999,-0.889807,-0.0101213,0.0391429,-0.0562486,-0.9975980
137221045,-0.904181,1.01311,-0.880524,-0.0190254,0.0385027,-0.0596282,-0.9972960
137255475,-0.916584,1.04084,-0.87123,-0.0125981,0.031723,-0.0659854,-0.9972370
137289022,-0.930684,1.0676,-0.863351,0.003788,-0.0118114,0.0693517,0.9975151
137321880,-0.941841,1.09134,-0.853743,0.006305,0.0061128,0.0754611,0.997110
137355918,-0.952822,1.11362,-0.842028,0.0127656,0.000659703,0.0843072,0.9963580
137389418,-0.963898,1.13269,-0.830756,0.0116703,-0.0120313,0.0942448,0.9954081
137421995,-0.974193,1.14774,-0.819789,0.0175846,-0.00684907,0.0928179,0.9955040
137456103,-0.985761,1.16559,-0.807727,0.0224686,-0.00767718,0.0969145,0.9950090
137489342,-0.994086,1.17457,-0.795198,0.0326986,-0.00604196,0.0994409,0.9944880
137521762,-0.999407,1.1822,-0.782582,0.0588295,-0.0164908,0.100447,0.9930651
137555801,-1.01104,1.1925,-0.769119,0.044394,-0.0150267,0.112148,0.9925860
137589374,-1.02071,1.19284,-0.75543,0.0385025,-0.0156929,0.112036,0.9928340
137621621,-1.03276,1.19598,-0.741528,0.0428582,-0.00304897,0.121249,0.9916920
137655979,-1.04474,1.19925,-0.725495,0.0210991,-0.000434599,0.126021,0.9918031
137688479,-1.05433,1.19453,-0.710028,0.0213429,-0.00344625,0.122871,0.9921870
137722080,-1.06219,1.18929,-0.693895,0.0489018,-0.00706823,0.102242,0.9935320
137755989,-1.07401,1.17829,-0.676021,0.0331229,-0.0112041,0.113435,0.992931
137788471,-1.08367,1.16493,-0.660118,0.0344241,-0.011963,0.110029,0.993260
137821666,-1.09149,1.15055,-0.644801,0.0325503,-0.0171741,0.0986485,0.9944420
137854718,-1.1014,1.13903,-0.630458,0.00712678,0.0364244,-0.0848768,-0.99570
137888839,-1.11072,1.1184,-0.613924,0.0124507,0.0323393,-0.0808042,-0.9961271
137922335,-1.11899,1.09741,-0.599187,0.0183269,0.0395432,-0.0655567,-0.9968970
137955542,-1.12567,1.07283,-0.582668,0.0151042,0.0364118,-0.0746176,-0.9964330
137989010,-1.13579,1.04248,-0.569062,0.0318495,0.0404982,-0.0522999,-0.9973021
138021196,-1.14292,1.01106,-0.554051,0.0329047,0.035635,-0.0487125,-0.9976340
138055862,-1.14582,0.978061,-0.53737,0.0149098,0.0383189,-0.0486983,-0.9979670
138088776,-1.1535,0.943088,-0.519748,0.0156248,0.0278814,-0.0732254,-0.9968030
138121717,-1.15899,0.90839,-0.506409,0.0282412,0.0700708,-0.0403456,-0.9963261
138155288,-1.16783,0.868438,-0.489087,0.0308442,0.0587365,-0.0648149,-0.995690
138189268,-1.17251,0.829383,-0.477844,0.0143907,0.0454142,-0.0397212,-0.9980750
138222251,-1.17605,0.783375,-0.463284,-0.0237437,0.0286991,-0.0290008,-0.9988851
138255360,-1.17747,0.740102,-0.447301,-0.0598649,0.0449361,-0.0384953,-0.9964510
138289664,-1.18386,0.694661,-0.432731,-0.0378572,0.0196472,-0.0423817,-0.9981910
138323289,-1.19054,0.656841,-0.424697,-0.0210223,0.0149912,0.023072,-0.99941
138355603,-1.19281,0.611194,-0.410015,0.00938298,0.0147717,0.0188555,-0.9996690
138388451,-1.19682,0.566761,-0.398563,-0.00308676,0.00373532,0.0556478,-0.9984390
138422228,-1.20151,0.526745,-0.387928,0.0139742,0.0310089,0.0242703,-0.9991270
138454376,-1.20305,0.480928,-0.376227,0.0140584,0.0490644,0.03352,-0.9981341
138488907,-1.2062,0.436267,-0.369751,-0.0109146,0.0182701,0.0693646,-0.9973640
138522231,-1.2075,0.397795,-0.359881,-0.00222252,0.0346184,0.0812018,-0.9960940
138555323,-1.20487,0.35453,-0.351951,-0.0354075,0.0377129,0.0788701,-0.9955421
138589351,-1.19939,0.307293,-0.340328,-0.0684488,0.03239,0.036251,-0.9964690
138621965,-1.2083,0.2742,-0.335024,-0.0784648,0.00550968,0.104531,-0.9914060
138655010,-1.20499,0.239619,-0.328504,-0.0553762,-0.00301395,0.124368,-0.9906850
138689666,-1.2082,0.220416,-0.328029,-0.0190967,0.0115488,0.103196,-0.9944111
138722450,-1.20694,0.191325,-0.319632,-0.0202717,-0.00965522,0.142288,-0.9895710
138756012,-1.20821,0.16023,-0.316689,-0.0657011,-0.020321,0.161399,-0.984490
138789652,-1.20741,0.136735,-0.3116,0.0655911,0.0475137,-0.145763,0.9859990
138821609,-1.20826,0.127971,-0.312135,-0.0119668,0.0007765,0.161905,-0.9867331
138855475,-1.2067,0.11445,-0.309314,0.0186031,0.0194676,0.167765,-0.9854590
138889366,-1.20538,0.102129,-0.30575,0.000669611,0.0120022,0.179019,-0.9837720
138922618,-1.2055,0.0958398,-0.306343,0.00839502,0.0202849,0.188596,-0.9818091
138955463,-1.20003,0.0877017,-0.303001,0.00729026,0.022134,0.205025,-0.9784790
138989075,-1.19829,0.0828723,-0.299733,0.0342945,0.0238029,0.199667,-0.9789740
139022429,-1.20087,0.0912431,-0.296695,0.0116504,0.00480903,0.200995,-0.9795110
139056359,-1.20104,0.0979347,-0.292964,0.0158769,0.00108304,0.211444,-0.977261
139088143,-1.19536,0.10084,-0.291193,0.0505673,0.0124614,0.234648,-0.9706840
139122532,-1.19912,0.116775,-0.291642,0.00953873,0.00815926,0.202518,-0.9791980
139155420,-1.19815,0.131249,-0.287203,0.014023,5.27571e-05,0.206749,-0.9782940
139188841,-1.19556,0.148488,-0.286917,0.00947092,0.00564408,0.204774,-0.9787471
139222001,-1.19788,0.172702,-0.279982,-0.0108997,-0.00858289,0.202977,-0.9790850
139255115,-1.19564,0.200672,-0.276886,-0.00995358,-0.0108479,0.220874,-0.9751910
139288817,-1.19795,0.238045,-0.270367,0.0276857,-0.00959402,0.199859,-0.9793860
139321456,-1.19747,0.263324,-0.268271,-0.0185749,-0.0202597,0.188649,-0.981661
139354900,-1.1906,0.299071,-0.272031,0.0177926,-2.9824e-05,0.191898,-0.9812540
139388333,-1.19332,0.331762,-0.264859,-0.0552882,-0.0411035,0.168922,-0.9832190
139421717,-1.20087,0.364304,-0.253662,0.0602266,0.0909975,-0.198106,0.9740871
139454816,-1.20362,0.426219,-0.254568,-0.021428,-0.0515258,0.17311,-0.983320
139489140,-1.20105,0.482847,-0.253255,0.0418423,0.00100494,0.144446,-0.9886270
139521862,-1.19274,0.527695,-0.250777,0.00541785,-0.00315888,0.158652,-0.9873151
139554972,-1.1932,0.577978,-0.253486,0.0175195,0.00672803,0.184059,-0.9827360
139589059,-1.19795,0.63188,-0.251075,0.00170328,0.0136148,0.186651,-0.9823310
139621955,-1.19958,0.690579,-0.252319,0.012224,0.00695385,0.160549,-0.9869281
139654941,-1.20449,0.757103,-0.244539,-0.0130676,-0.00493198,0.154907,-0.987830
139689279,-1.20223,0.819037,-0.247448,0.0151667,0.0132363,0.173832,-0.984570
139722040,-1.20717,0.885654,-0.240726,0.0120242,-0.0101101,0.143857,-0.9894741
139755030,-1.19582,0.947435,-0.248491,0.000247038,0.021576,0.101567,-0.9945950
139789071,-1.21133,1.01691,-0.242803,-0.0105638,0.0330081,0.0938251,-0.9949850
139822812,-1.20723,1.0836,-0.244658,-0.00282905,0.0271963,0.0859068,-0.9959281
139854907,-1.20829,1.15309,-0.252046,-0.0204871,0.0415669,0.0460937,-0.9978620
139888852,-1.19932,1.18938,-0.257705,0.114529,0.0813071,-0.0450011,-0.9890640
139921307,-1.20451,1.27308,-0.261186,0.0166864,0.0252179,0.000756718,-0.9995420
139955518,-1.20432,1.35286,-0.263083,-0.0163268,0.0216365,-0.0344212,-0.999041
139988004,-1.20813,1.41951,-0.26851,-0.0173895,-0.00698077,0.0553605,0.9982910
140021896,-1.20694,1.4876,-0.273507,-0.0271131,-0.0167553,0.0731675,0.996810
140055934,-1.20771,1.5526,-0.279455,-0.0453821,0.00561931,0.0807164,0.9956881
140089552,-1.21036,1.61566,-0.283527,-0.0540603,-0.0101307,0.104405,0.9930130
140121581,-1.21198,1.67473,-0.294832,-0.0402653,0.0150051,0.132125,0.9903010
140155323,-1.2137,1.72918,-0.301714,-0.0329428,-0.00712315,0.149447,0.9881950
140188805,-1.21882,1.7803,-0.308681,-0.0427076,-0.0310757,0.173703,0.9833811
140221321,-1.22674,1.83181,-0.323286,0.0791795,0.0534233,-0.158018,-0.9828060
140254400,-1.22579,1.87761,-0.332449,-0.0560811,-0.0354272,0.171065,0.9830240
140287807,-1.22626,1.91787,-0.339019,-0.0392067,-0.0199857,0.192965,0.9802180
140322105,-1.23323,1.95514,-0.348577,-0.062274,-0.0161993,0.201465,0.977381
140355441,-1.23738,1.98841,-0.353378,-0.0715384,-0.0212506,0.229039,0.9705520
140388430,-1.23958,2.01175,-0.35845,-0.0714228,-0.0267493,0.245524,0.9663860
140421978,-1.2401,2.03281,-0.364273,-0.0417903,-0.0289028,0.254831,0.965650
140456060,-1.24612,2.04666,-0.368351,-0.0660277,-0.0485018,0.268449,0.9598041
140489421,-1.24836,2.05701,-0.369982,-0.057868,-0.0370067,0.270142,0.9603670
140521938,-1.2514,2.05488,-0.372354,-0.0244142,-0.0401206,0.270032,0.9617050
140555424,-1.25737,2.05442,-0.371224,-0.0374781,-0.0402892,0.269134,0.961530
140588489,-1.26574,2.04316,-0.370773,-0.0641741,-0.0354841,0.274227,0.9588651
140621440,-1.27161,2.02976,-0.363683,-0.0499614,-0.0280971,0.291298,0.9549140
140655593,-1.27797,2.00517,-0.359115,-0.0449387,-0.0279497,0.302179,0.9517810
140689128,-1.28642,1.97222,-0.351323,-0.0869978,-0.0256969,0.334727,0.9379391
140721449,-1.29017,1.94163,-0.341534,-0.0396485,0.00182627,0.303782,0.9519140
140755372,-1.30056,1.90796,-0.329762,-0.0481393,-0.0155494,0.276691,0.9596260
140787788,-1.30833,1.85777,-0.317472,-0.037393,-0.0295347,0.265117,0.9630380
140822009,-1.31743,1.80982,-0.301233,-0.061234,-0.0187504,0.277982,0.9584491
140855582,-1.32693,1.75554,-0.285784,-0.0646812,-0.0318394,0.249668,0.9656440
140889118,-1.33172,1.69653,-0.269742,-0.0309397,-0.0187989,0.191174,0.9808880
140921463,-1.3402,1.63371,-0.254052,-0.0105494,-0.0384818,0.137579,0.9896870
140954498,-1.34909,1.57384,-0.237398,0.0171103,0.0282982,-0.0577458,-0.9977831
140988717,-1.35999,1.50505,-0.223093,-0.0188474,0.0349326,0.0415536,-0.9983480
141021561,-1.37074,1.44463,-0.202813,0.0457389,0.0276027,0.049592,-0.997340
141054407,-1.38017,1.37477,-0.187278,0.0505073,0.00752374,0.0750516,-0.9958710
141088111,-1.39187,1.30456,-0.18165,-0.0172559,0.0238811,0.0766107,-0.9966261
141121813,-1.40361,1.24156,-0.169267,-0.0083908,0.0122327,0.0886372,-0.9959540
141154688,-1.41654,1.17909,-0.160713,0.0539887,-0.00786594,0.099506,-0.993540
141189225,-1.42427,1.11817,-0.152436,0.0271876,-0.0261442,0.112638,-0.992921
141221758,-1.43248,1.0561,-0.147071,-0.00220702,0.00502645,0.0949505,-0.9954670
141254613,-1.4437,0.998384,-0.145786,-0.00145678,0.0124566,0.0951337,-0.9953860
141289002,-1.45724,0.945142,-0.146293,-0.00244709,0.024605,0.0842558,-0.9961370
141321388,-1.4653,0.887287,-0.151497,-0.0327588,0.0309256,0.0815372,-0.9956521
141355506,-1.47731,0.838296,-0.15821,-0.0418591,0.0320257,0.0888796,-0.9946470
141388264,-1.49162,0.78709,-0.16537,-0.0483453,0.0266841,0.0457944,-0.9974240
141421420,-1.50155,0.731076,-0.177961,-0.0637617,0.0430514,0.0631093,-0.9950371
141454503,-1.52352,0.69976,-0.186247,-0.00129617,0.000372357,0.129043,-0.9916380
141554970,-1.5518,0.586928,-0.22233,-0.00952955,0.0462309,0.0109714,0.9988251
141588745,-1.57566,0.539695,-0.239311,-0.0111014,0.014227,0.0494274,-0.9986150
141622359,-1.59121,0.50561,-0.259382,0.00248055,0.0141965,0.0786598,-0.9967970
141654543,-1.60325,0.471577,-0.275915,0.00664181,-0.00757853,0.0849613,-0.9963330
141688801,-1.61383,0.438037,-0.292655,-0.0135974,0.00264157,0.0908315,-0.995771
141721196,-1.6271,0.407288,-0.311999,-0.014164,0.0152685,0.0952175,-0.9952390
141755362,-1.63919,0.383816,-0.327462,0.00642803,-0.00405573,0.0940592,-0.9955380
141789493,-1.65327,0.358497,-0.344601,-0.000403268,0.00774651,0.102958,-0.9946551
141822047,-1.66478,0.335267,-0.36283,0.0025701,0.0107724,0.113607,-0.9934640
141855078,-1.67714,0.313501,-0.379151,-0.0093703,0.0166964,0.113173,-0.9933910
141888371,-1.68751,0.290141,-0.395919,-0.0330467,-0.00304299,0.0940269,-0.9950160
141921965,-1.6995,0.27276,-0.413183,-0.0350751,-0.00476082,0.0775862,-0.9963571
141955233,-1.71081,0.265441,-0.43558,0.00821531,0.0134464,0.126022,-0.9919020
141988311,-1.72177,0.253609,-0.453083,-0.000295337,0.0152435,0.134932,-0.9907380
142021577,-1.73151,0.23758,-0.46806,-0.0476097,-0.00758757,0.0960361,-0.994210
142054855,-1.74218,0.237994,-0.488052,-0.00733351,0.0167597,0.119145,-0.9927081
142089160,-1.75148,0.231773,-0.502893,-0.0141819,0.0122943,0.118156,-0.9928180
142122231,-1.76121,0.230815,-0.516974,-0.00371009,0.0142205,0.115696,-0.9931760
142154943,-1.77155,0.230941,-0.528877,-0.00876078,0.0108978,0.109108,-0.9939321
142189196,-1.77805,0.227742,-0.538051,-0.042776,0.0089653,0.105657,-0.9934420
142222082,-1.78875,0.230944,-0.546659,-0.0393516,0.00736503,0.0993725,-0.9942450
142255439,-1.79982,0.240645,-0.556533,-0.00390187,0.0212356,0.10289,-0.9944581
142289316,-1.80242,0.240895,-0.56066,0.000583604,0.0320216,0.081354,-0.9961710
142321603,-1.8101,0.247543,-0.566739,-0.00111181,0.0248662,0.0582401,-0.9979920
142354776,-1.82151,0.259666,-0.577015,-0.0430743,0.00662901,0.0879824,-0.9951680
142388931,-1.833,0.273689,-0.580086,0.00325618,0.0319228,-0.0569703,0.997861
142421881,-1.83804,0.278406,-0.582808,-0.042212,-0.00304338,0.0491328,-0.9978950
142454403,-1.83993,0.286465,-0.586374,-0.0306262,0.0377703,0.0396703,-0.9980290
142488777,-1.85168,0.305808,-0.59101,-0.0277628,0.010012,0.0399019,-0.9987680
142521721,-1.85938,0.320381,-0.595733,0.0456474,0.0219763,-0.0495028,0.9974881
142554890,-1.86397,0.334416,-0.600622,0.0470498,0.022138,-0.0511533,0.9973360
142589196,-1.87119,0.346837,-0.606222,-0.046175,0.00568477,0.0423585,-0.9980190
142621589,-1.87402,0.35486,-0.609958,-0.0589194,-0.0015553,0.0508323,-0.9969670
142655068,-1.88056,0.373941,-0.613548,-0.0469427,0.0147582,0.0236481,-0.9985091
142689067,-1.88199,0.383021,-0.617726,-0.0644472,0.00790457,0.0349989,-0.9972760
142721037,-1.8845,0.387307,-0.624372,0.0463123,0.016066,0.0446717,-0.9977980
142755096,-1.89273,0.419572,-0.623018,-0.0934654,0.0995758,0.0126072,-0.990551
142789093,-1.88997,0.424519,-0.63447,-0.118824,0.123565,-0.00393427,-0.9851890
142821788,-1.89675,0.440729,-0.638649,-0.0294053,0.10021,-0.0445884,-0.9935320
142854890,-1.8994,0.455107,-0.644763,-0.0580434,0.118911,-0.0450539,-0.9901820
142888884,-1.8963,0.465429,-0.652285,-0.0577027,0.130545,-0.0340876,-0.9891751
142922354,-1.8899,0.477707,-0.657382,-0.080106,0.156873,-0.0132217,-0.9842760
142954979,-1.88606,0.486241,-0.661718,-0.0586103,0.144487,-0.0357093,-0.9871240
142989332,-1.87981,0.495667,-0.666256,-0.0412849,0.154997,-0.0522078,-0.985671
143021541,-1.87103,0.50694,-0.674083,-0.0515252,0.139756,-0.0422386,-0.9879420
143055311,-1.85931,0.514851,-0.677904,-0.0431555,0.170412,-0.0325531,-0.9838890
143088734,-1.84519,0.520169,-0.681616,-0.0152852,0.186995,-0.033106,-0.9816840
143121889,-1.82562,0.524166,-0.687069,0.0104955,0.188472,-0.0335056,-0.9814511
143155457,-1.80635,0.538163,-0.697319,-0.0339313,0.167222,-0.019884,-0.9851350
143188498,-1.78311,0.543525,-0.701869,-0.0277717,0.161638,-0.0241521,-0.9861640
143221629,-1.75689,0.549299,-0.706209,-0.0250792,0.17237,-0.0344083,-0.9841120
143255166,-1.72712,0.554794,-0.709313,-0.0259603,0.184134,-0.0115852,-0.982491
143289624,-1.69475,0.560016,-0.712211,-0.0315667,0.18484,-0.000669367,-0.9822610
143321768,-1.65774,0.559395,-0.721332,-0.0481915,0.160699,0.00600415,-0.9858080
143355337,-1.6244,0.564002,-0.726488,-0.0412606,0.151674,0.0124683,-0.987491
143389893,-1.58272,0.561081,-0.732317,-0.0363823,0.124209,0.0211945,-0.9913620
143421666,-1.53727,0.562707,-0.732674,-0.024174,0.152533,0.0270321,-0.9876330
143455144,-1.49585,0.565535,-0.73347,0.0347835,0.116949,0.0441385,-0.9915470
143488327,-1.4436,0.560593,-0.742478,0.0186585,0.0517952,0.114131,-0.9919391
143521634,-1.38817,0.561725,-0.742972,-0.0653543,0.123825,0.0796012,-0.9869450
143588676,-1.30506,0.584792,-0.751942,0.344423,0.614853,-0.395045,0.5892951
143621918,-1.31629,0.487047,-0.719866,-0.381768,0.828009,-0.409052,-0.03647320
143655161,-1.22067,0.573267,-0.762244,-0.053352,0.757084,-0.469461,0.4512030
143688559,-1.12918,0.497304,-0.775419,-0.14256,0.666514,-0.16341,0.7132550
143720840,-1.02042,0.515894,-0.764379,-0.529502,0.497656,0.35802,-0.5863341
143754634,-0.961983,0.552297,-0.749079,-0.0966577,0.366563,0.124401,-0.9169590
143789893,-0.897629,0.551332,-0.752415,0.0337898,0.226817,-0.00558066,-0.9733350
143822072,-0.83177,0.546495,-0.761954,0.0700368,0.0454127,0.00195079,-0.9965081
143854769,-0.765719,0.552116,-0.769787,0.00932688,0.08384,-0.0451177,-0.9954140
143888111,-0.671894,0.544581,-0.766283,-0.00236002,0.0081049,0.0409484,0.9991260
143921551,-0.592318,0.539258,-0.767033,-0.025167,0.0233555,-0.0402284,-0.99860
143954942,-0.517327,0.536123,-0.765245,-0.0144159,0.04613,-0.0307261,-0.9983591
143988772,-0.435053,0.523373,-0.768523,0.0458164,0.0157848,-0.0105755,0.9987690
144021332,-0.365634,0.523316,-0.77646,0.0667298,0.0859808,0.0321159,0.9935410
144055496,-0.292788,0.531139,-0.778962,0.0264258,0.0444265,-0.00957489,0.9986171
144088420,-0.209448,0.528388,-0.779482,0.111744,0.0741671,-0.0142869,0.9908620
144121624,-0.145196,0.5227,-0.781424,0.0511354,0.0606527,-0.0341832,0.9962620
144155475,-0.0771583,0.521834,-0.787425,0.0188683,0.0806283,-0.0652216,0.9944290
144187869,-0.00928723,0.520712,-0.789743,0.00965184,0.128353,-0.0446859,0.9906741
144222193,0.0555004,0.515013,-0.795226,0.017204,0.122644,0.00360391,0.9922950
144254781,0.116219,0.512479,-0.799354,0.0397689,0.139687,-0.0110917,0.9893350
144287943,0.1683,0.510879,-0.804526,0.0258812,0.165593,-0.0164003,0.9857181
144321987,0.222363,0.507295,-0.80899,0.0194201,0.184175,-0.00677738,0.9826780
144355037,0.270107,0.503568,-0.814674,0.0167573,0.179611,-0.0109123,0.9835340
144389328,0.313838,0.500987,-0.821273,0.0305326,0.208365,-0.00453971,0.9775641
144421833,0.355858,0.495656,-0.821793,0.0145681,0.191836,-0.0148439,0.9812070
144454491,0.389402,0.492398,-0.826313,0.0294385,0.226562,-0.0225171,0.9732910
144487621,0.419235,0.488338,-0.82911,0.037776,0.234062,-0.0178166,0.9713240
144522011,0.444409,0.484648,-0.831339,0.0335776,0.230021,-0.0188556,0.9724231
144554262,0.463975,0.479512,-0.833124,0.028724,0.226668,-0.0126235,0.9734670
144588597,0.476819,0.475286,-0.834641,0.0243016,0.236135,-0.0215481,0.9711770
144622285,0.484238,0.470676,-0.83455,0.0204172,0.238582,-0.0283544,0.9704941
144654726,0.486921,0.465583,-0.833121,0.0196823,0.242684,-0.0307905,0.9694170
144688757,0.486024,0.460201,-0.830997,0.0262566,0.239657,-0.0260488,0.9701530
144721245,0.47869,0.454118,-0.828284,0.0266616,0.240044,-0.0208935,0.9701710
144754114,0.465387,0.448503,-0.823539,0.0282929,0.242881,-0.0188524,0.969461
144789018,0.448285,0.443036,-0.817939,0.0253875,0.245622,-0.0241702,0.9687320
144820871,0.424299,0.436649,-0.811034,0.0228825,0.243704,-0.028401,0.9691640
144854341,0.396567,0.429664,-0.802922,0.0247131,0.239601,-0.0152862,0.9704371
144888499,0.363367,0.423395,-0.794576,0.0244243,0.238716,-0.0119989,0.9707080
144921646,0.327411,0.415918,-0.784658,0.0249314,0.230861,-0.00802292,0.9726340
144955123,0.282114,0.409061,-0.775915,0.0298262,0.230655,-0.00496821,0.9725661
144988550,0.234744,0.401568,-0.763835,0.0224973,0.210194,-0.0157081,0.9772750
145022394,0.184696,0.394482,-0.750477,0.0219635,0.195838,-0.0273685,0.9800080
145088795,0.0703341,0.37781,-0.723315,0.0100514,0.179158,0.00114227,0.9837681
145121257,0.0214279,0.367648,-0.714638,0.0127179,0.182988,-0.00293866,0.9830280
145155496,-0.0653406,0.362086,-0.695906,0.0394862,0.191044,0.00236263,0.9807840
145189261,-0.139018,0.357545,-0.680712,0.0620319,0.182369,0.00330413,0.9812661
145221536,-0.214343,0.344831,-0.663881,0.0218557,0.155959,-0.00979651,0.9874730
145254719,-0.29681,0.336984,-0.652072,0.0169817,0.159963,-0.0160504,0.9868460
145288983,-0.380256,0.328129,-0.637556,0.0273111,0.151304,-0.0222303,0.987860
145321441,-0.45971,0.318915,-0.621398,0.01481,0.138864,-0.0359051,0.989551
145354458,-0.540759,0.310344,-0.605862,-0.00808176,0.121349,-0.0511483,0.9912580
145388674,-0.631436,0.303026,-0.591124,6.49548e-05,0.0805226,-0.0545541,0.9952590
145421156,-0.72309,0.295953,-0.579147,-0.010149,0.0628211,-0.0453969,0.996940
145455510,-0.819415,0.289489,-0.572255,-0.00627409,0.0574393,-0.0247761,0.9980221
145488612,-0.919165,0.285761,-0.564378,0.0110543,0.0365607,-0.0234981,0.9989940
145521601,-0.996813,0.270329,-0.549953,-0.0634197,0.00202061,0.00863456,-0.9979480
145555338,-1.07752,0.257345,-0.540183,-0.114252,-0.0114674,0.03516,-0.9927630
145588716,-1.19907,0.270825,-0.536748,-0.0198962,0.0129023,0.0722304,-0.9971061
145621448,-1.29135,0.266218,-0.53228,-0.00146381,0.0221536,0.0580915,-0.9980640
145654378,-1.37885,0.261598,-0.525783,-0.0237076,0.024521,0.0292765,-0.9989890
145688369,-1.46968,0.259054,-0.519175,-0.0214558,0.0655691,0.0236157,-0.9973380
145721869,-1.55746,0.248791,-0.523887,-0.120485,0.0969469,0.0175321,-0.9878141
145755543,-1.64232,0.256305,-0.522756,-0.144203,0.144843,0.0459578,-0.9778110
145788830,-1.70209,0.255237,-0.516623,-0.0651305,0.197751,0.0361158,-0.9774190
145821570,-1.78354,0.233716,-0.523108,-0.111639,0.21024,0.0302221,-0.9707840
145854800,-1.88159,0.242805,-0.518253,-0.162687,0.216911,0.0955555,-0.9577851
145888182,-1.95044,0.235167,-0.514385,-0.186402,0.249731,0.134418,-0.9406490
145921077,-2.03894,0.254286,-0.533951,-0.0235051,0.140382,-0.0190755,-0.9896350
145955576,-2.11627,0.255481,-0.537868,0.0113009,0.046937,0.0548876,-0.9973251
145987990,-2.18504,0.260581,-0.549148,0.0574149,0.110302,-0.0198196,-0.992040
146021440,-2.24629,0.261831,-0.551109,0.053096,0.148754,-0.0122821,-0.9873710
146054693,-2.30574,0.265427,-0.556765,0.0384801,0.159288,-0.00445531,-0.9864720
146087974,-2.36014,0.26827,-0.56436,0.0212063,0.166641,0.00436784,-0.985781
146121078,-2.41049,0.270208,-0.568822,0.00781519,0.146298,-0.0509825,-0.9878950
146154909,-2.46014,0.271728,-0.580611,0.016538,0.156224,-0.030151,-0.9871230
146188975,-2.50354,0.27311,-0.591009,0.018283,0.142353,-0.0189055,-0.9894661
146222063,-2.54308,0.26866,-0.592729,-0.0418734,0.1267,-0.0011722,-0.9910560
146254613,-2.57372,0.266238,-0.60256,-0.0646706,0.120179,-0.0327696,-0.9901010
146288044,-2.60561,0.275595,-0.613488,-0.00598766,0.15996,0.002308,-0.9871030
146322144,-2.63077,0.275251,-0.621158,0.0231975,0.205404,-0.00399367,-0.9783941
146354543,-2.6511,0.278668,-0.62953,-0.0134095,0.203423,-0.0272728,-0.9786190
146388992,-2.66532,0.271868,-0.636789,-0.0811111,0.147989,0.0116603,-0.9855880
146421578,-2.6814,0.28113,-0.64522,-0.0365095,0.16849,0.00495516,-0.9850140
146455387,-2.68209,0.276505,-0.652959,-0.064025,0.138135,-0.00144477,-0.9883411
146487823,-2.68827,0.284003,-0.662255,-0.0421797,0.149105,-0.00657463,-0.98790
146520790,-2.68534,0.288894,-0.668271,-0.0200318,0.165366,-0.012122,-0.9859540
146554255,-2.68395,0.284791,-0.673815,0.02104,0.16488,-0.0231001,-0.9858190
146587658,-2.67575,0.281029,-0.676367,0.0475482,0.179545,-0.0253817,-0.9822721
146620928,-2.66199,0.283535,-0.68269,0.0144803,0.15741,-0.0304537,-0.9869570
146654341,-2.64114,0.26912,-0.68313,-0.000336665,0.134709,0.00229698,-0.9908830
146687849,-2.62182,0.271518,-0.688837,0.00295441,0.123688,0.00693534,-0.9922931
146721728,-2.5994,0.272946,-0.691357,-0.0445297,0.113487,-0.0148858,-0.9924290
146754150,-2.57212,0.26485,-0.693255,-0.00868247,0.133615,-0.00300878,-0.9909910
146788483,-2.54106,0.263037,-0.697187,0.114175,0.218684,0.0439527,-0.9680961
146821586,-2.51229,0.254878,-0.698323,0.196991,0.183876,-0.0510249,-0.9616550
146855264,-2.4766,0.262567,-0.704395,0.0590939,0.175425,-0.00743083,-0.982690
146888808,-2.43493,0.25877,-0.707934,0.0208511,0.1527,0.000801154,-0.9880521
146921865,-2.39386,0.252827,-0.709174,0.0528096,0.179963,0.0201674,-0.9820480
146954844,-2.3482,0.247164,-0.711818,0.0250316,0.169669,0.00350005,-0.9851770
146989331,-2.30666,0.245456,-0.717511,0.0413551,0.147719,0.0128304,-0.9880811
147021652,-2.25734,0.238908,-0.718857,0.0412345,0.162366,0.0274351,-0.9854870
147054741,-2.20745,0.234307,-0.721309,0.0335491,0.157661,0.0275832,-0.9865380
147087889,-2.15775,0.227339,-0.724218,0.0434678,0.138473,0.019884,-0.9892120
147121277,-2.10395,0.224273,-0.729105,0.0187516,0.119286,0.0175041,-0.9925281
147155274,-2.04965,0.214526,-0.730726,0.0430561,0.120582,0.00647587,-0.9917480
147189007,-1.99153,0.208476,-0.730878,0.0376241,0.104508,-0.0139951,-0.9937140
147221652,-1.93004,0.192843,-0.732074,0.0432313,0.114576,0.0405996,-0.9916431
147254573,-1.87382,0.18146,-0.729336,0.0534418,0.117233,0.0893284,-0.9876340
147287954,-1.82265,0.18616,-0.743965,0.107781,0.171191,0.0835546,-0.9757540
147321008,-1.76838,0.172319,-0.740709,0.0498308,0.0612855,0.0042697,-0.9968660
147354443,-1.67502,0.154492,-0.745121,-0.0220642,0.0827706,-0.00484561,-0.9963131
147388575,-1.59438,0.133084,-0.743309,-0.0696731,0.0862155,0.0573421,-0.9921820
147420844,-1.53512,0.127482,-0.753488,-0.0289141,0.0790016,0.0445516,-0.9954590
147455017,-1.49185,0.135901,-0.759054,0.0284236,0.0356647,0.0385118,-0.9982171
147488411,-1.41625,0.124204,-0.76414,0.0318913,0.00804437,0.000363949,-0.9994590
147522074,-1.34669,0.111929,-0.768058,0.0238682,0.0197894,0.00640929,-0.9994990
147555355,-1.28093,0.102369,-0.774903,0.0771252,0.000239013,0.0293925,-0.9965881
147588478,-1.21789,0.0949304,-0.780317,-0.0626448,0.0171675,-0.0320728,0.9973730
147622315,-1.15,0.0851293,-0.787766,-0.0470614,0.0214785,-0.0343031,0.9980720
147654552,-1.08262,0.0739128,-0.793186,0.043615,-0.0117401,0.0381186,-0.9982520
147688965,-1.01794,0.0681839,-0.802526,-0.0210777,0.0228474,-0.0443069,0.9985341
147721551,-0.958246,0.0593243,-0.814086,-0.0279567,0.0583477,-0.0441114,0.9969290
147754544,-0.895366,0.05003,-0.821097,-0.0356284,0.0507033,-0.0536416,0.9966350
147788707,-0.832611,0.0412524,-0.828455,-0.0467747,0.0707272,-0.0721299,0.9937840
147821910,-0.777747,0.0318826,-0.834886,-0.0608499,0.0639199,-0.0403856,0.9952791
147854698,-0.720503,0.0248079,-0.843864,-0.037818,0.0919478,-0.0407992,0.9942090
147889343,-0.668308,0.0193268,-0.85512,-0.0482561,0.0521819,0.0219119,0.997230
147921317,-0.623998,0.0117881,-0.859629,-0.0354615,0.0691923,0.0641539,0.9949070
147954648,-0.570299,0.00502325,-0.875524,-0.00574662,0.129859,-0.0132912,0.9914271
147988871,-0.530163,0.00508551,-0.887122,-0.012417,0.0497514,0.0359054,0.9980390
148021580,-0.488523,0.00199518,-0.898272,-0.000651791,0.0951712,0.0180541,0.9952970
148054897,-0.450245,-0.00236176,-0.906746,0.0109019,0.131116,0.00960109,0.9912611
148087704,-0.418162,-0.00475555,-0.917331,0.016781,0.128766,0.00199198,0.9915310
148121483,-0.385031,-0.00664166,-0.926538,-0.00250054,0.126599,-0.00594702,0.9919330
148154259,-0.360124,-0.0098338,-0.934389,-0.00908607,0.12246,-0.00986496,0.9923830
148187623,-0.33958,-0.0132538,-0.942894,0.00136699,0.132624,-0.00773634,0.9911351
148222438,-0.320971,-0.0165603,-0.951864,0.0208156,0.132824,-0.00405047,0.9909130
148254556,-0.307097,-0.017296,-0.961494,0.0217783,0.113932,0.00767569,0.993220
148289328,-0.295357,-0.0204971,-0.970235,0.032874,0.0947902,0.0130341,0.9948691
148321877,-0.286434,-0.0207102,-0.975896,0.0292732,0.0544779,0.0224641,0.9978330
148354660,-0.283326,-0.0186443,-0.983871,0.0190549,0.0653351,-0.0118198,0.9976110
148388589,-0.280841,-0.0221614,-0.992535,0.0241392,0.0782578,-0.0199019,0.9964420
148420788,-0.282432,-0.023515,-1.00078,0.0235951,0.0575394,-0.0138435,0.9979681
148454656,-0.282091,-0.026543,-1.00688,0.0368755,0.0345769,0.0108094,0.9986630
148488342,-0.287438,-0.0262737,-1.01355,0.0536309,0.0208468,0.01219,0.9982690
148521412,-0.295505,-0.0266719,-1.02091,0.0524267,0.0137187,0.0135433,0.9984391
148555125,-0.301046,-0.0275657,-1.02961,-0.0552736,0.00560273,-0.00446008,-0.9984460
148588745,-0.307798,-0.0243734,-1.03645,-0.0503933,0.0341214,0.000248435,-0.9981460
148621117,-0.317696,-0.0270078,-1.04493,-0.0611195,0.0154311,-0.0100684,-0.997960
148655522,-0.328054,-0.0252498,-1.05273,-0.041513,0.0185439,0.00795616,-0.9989341
148687878,-0.338508,-0.0255142,-1.06327,-0.0311379,0.00623004,0.00167732,-0.9994940
148721048,-0.348506,-0.0222739,-1.06825,-0.0301387,0.0227205,0.0141577,-0.9991870
148755284,-0.360834,-0.0214612,-1.07638,-0.0721918,0.0430048,-0.00530075,-0.9964490
148787776,-0.370162,-0.0219476,-1.08793,-0.0727279,0.0216451,-0.019566,-0.9969251
148822132,-0.38277,-0.0206762,-1.09738,-0.0479009,0.0254396,-0.0136647,-0.9984350
148854508,-0.393612,-0.0199062,-1.10618,-0.0298823,0.0155741,0.0127796,-0.999350
148888755,-0.402671,-0.017913,-1.11804,-0.0464679,0.0414139,-0.00597837,-0.9980431
148921110,-0.411902,-0.0160922,-1.1283,-0.0455097,0.054456,-0.0237046,-0.9971970
148954871,-0.422259,-0.0164605,-1.1385,-0.0369704,0.0515467,-0.0185765,-0.9978130
148988563,-0.432876,-0.0164902,-1.15122,-0.0341916,0.0349017,-0.0194536,-0.9986160
149020557,-0.442095,-0.0133259,-1.16131,-0.0386856,0.0353285,-0.0214893,-0.9983961
149054927,-0.451458,-0.0124924,-1.17311,-0.0227188,0.0312387,-0.0100005,-0.9992040
149088626,-0.458611,-0.0116556,-1.18451,-0.030764,0.0398698,-0.000257346,-0.9987310
149122582,-0.466941,-0.00808942,-1.19622,-0.027344,0.0443629,0.0101882,-0.9985891
149155154,-0.474307,-0.00532721,-1.20813,-0.0261546,0.0383625,0.022567,-0.9986670
149189116,-0.48195,-0.00926532,-1.21777,-0.033629,0.000762584,0.0733204,-0.9967410
149221695,-0.487196,-0.00433392,-1.2315,-0.0176507,-0.0301431,0.126164,-0.9913940
149254897,-0.490948,0.00169745,-1.24213,0.0121341,0.00504876,0.116479,-0.9931061
149287654,-0.499058,0.00470136,-1.25463,0.00499626,-0.0300987,0.127999,-0.9913050
149321831,-0.503446,0.0100815,-1.267,0.04067,-0.0379147,0.142697,-0.9882030
149354485,-0.505483,-0.00114032,-1.27828,0.0304776,-0.0170549,0.166528,-0.9854180
149388689,-0.509458,0.0411689,-1.29629,0.0338367,0.0309043,0.130884,-0.9903381
149421145,-0.505764,0.042186,-1.30439,-0.0110822,0.0734677,0.0869641,-0.9934370
149454259,-0.512593,0.0661454,-1.31684,-0.0498446,0.020786,0.0572432,-0.9968990
149488451,-0.514461,0.0943915,-1.335,-0.0781714,-0.00195747,0.12021,-0.9896640
149521712,-0.519818,0.107575,-1.34584,-0.131104,-0.0392305,0.165995,-0.9765851
149554393,-0.519485,0.125819,-1.35778,-0.0948916,-0.0319105,0.158039,-0.9823450
149588154,-0.518317,0.152238,-1.37032,-0.0973845,-0.0204481,0.196846,-0.9753720
149620635,-0.518629,0.173701,-1.38175,0.00350228,0.0304017,0.0879087,-0.9956580
149654899,-0.51712,0.196363,-1.39178,-0.015829,0.0206102,0.121346,-0.992271
149688149,-0.517585,0.223092,-1.40344,-0.0168158,0.00399156,0.0995518,-0.9948820
149720795,-0.519649,0.258683,-1.41701,-0.0323265,-0.00782955,0.0656594,-0.9972880
149755329,-0.514584,0.284707,-1.4266,-0.0466962,-0.00521706,0.0744648,-0.9961161
149788791,-0.510104,0.305959,-1.4328,-0.0379481,0.0357265,0.0414326,-0.9977810
149822126,-0.501166,0.340112,-1.4396,0.161261,0.0633404,-0.0188324,0.9846970
149854436,-0.509293,0.349806,-1.44494,0.0372419,0.0838392,-0.0507286,0.994490
149888850,-0.503457,0.383332,-1.44664,0.0669346,0.0854748,-0.0480122,0.9929291
149921620,-0.492229,0.424218,-1.4573,0.0998026,0.0543167,0.0314676,0.9930250
149954697,-0.484997,0.466223,-1.46626,0.0494932,0.0790663,0.154501,0.9835790
149989579,-0.483262,0.488141,-1.46729,0.0533597,0.0232164,0.00399042,0.9982981
150020702,-0.477713,0.519181,-1.47346,0.0321452,0.0364965,0.00179069,0.9988150
150053846,-0.471467,0.550898,-1.47283,0.01299,0.0103803,0.00134776,-0.9998610
150087712,-0.46426,0.587177,-1.47603,-0.0892819,0.0178933,-0.0377468,0.995130
150120817,-0.464346,0.608116,-1.47892,0.0436033,0.0350137,0.0335313,0.9978721
150154981,-0.45731,0.642332,-1.47987,0.107613,0.0412707,0.0127348,0.9932540
150188577,-0.449788,0.665901,-1.48143,0.119784,0.0344463,0.0026665,0.9921990
150221257,-0.446626,0.692016,-1.47855,0.0705792,0.0202316,0.0642674,0.9952281
150254674,-0.439566,0.708224,-1.47644,0.0053785,0.0283263,0.0897119,0.995550
150288936,-0.436503,0.71497,-1.47039,-0.00744687,0.0244975,0.0911164,0.9955110
150321797,-0.428002,0.730042,-1.46946,0.00838765,-0.0108321,0.0666197,0.9976841
150354563,-0.41952,0.746396,-1.4656,0.000859954,0.0316142,-0.0796848,-0.9963180
150388566,-0.414261,0.764675,-1.46321,-0.0287842,0.0253011,-0.0724097,-0.9966380
150421353,-0.408074,0.766862,-1.45858,-0.066766,0.0168468,-0.0472993,-0.9965040
150455015,-0.40062,0.771573,-1.45254,0.0684684,-0.00959108,0.0676097,0.9953141
150487947,-0.394375,0.777808,-1.4451,0.071981,-0.0118832,0.0907503,0.9931980
150522278,-0.391226,0.777591,-1.43944,0.0254731,-0.0195599,0.0730618,0.996810
150555749,-0.382658,0.77637,-1.43096,-0.0538395,0.0291862,-0.0671631,-0.9958611
150588785,-0.374647,0.773403,-1.42407,-0.042746,0.0200085,-0.061099,-0.9970150
150621709,-0.372283,0.771531,-1.41628,0.0390084,0.00735372,0.0755853,0.9963490
150655199,-0.365748,0.76229,-1.40508,0.00925105,-0.0153405,0.0554211,0.9983020
150687912,-0.353998,0.746205,-1.39748,-0.0487663,0.0173579,-0.032019,-0.9981461
150721224,-0.349758,0.741345,-1.38772,-0.0209403,0.0279372,-0.0613751,-0.9975040
150754568,-0.344001,0.729273,-1.38234,0.0266749,0.0204953,0.0635184,0.9974140
150789186,-0.336749,0.713648,-1.37164,0.0235639,0.0428782,0.0947571,0.9942971
150821658,-0.328046,0.701202,-1.35569,0.048465,0.0194065,0.122732,0.9910660
150854767,-0.315291,0.669681,-1.34616,0.0339328,-0.00450565,0.0557471,0.9978580
150888871,-0.308709,0.658745,-1.33559,0.0523733,0.0025634,0.0676491,0.996330
150922011,-0.303635,0.633485,-1.32209,0.0414644,-0.0179626,0.0628374,0.9971
150954718,-0.295975,0.615374,-1.30828,-0.0236294,0.0349828,-0.0414993,-0.9982460
150988713,-0.284561,0.591393,-1.29373,-0.0482241,0.0365729,-0.0221414,-0.9979210
151021642,-0.278349,0.56951,-1.28533,0.0544141,0.0136717,0.0431063,0.9974940
151055212,-0.269719,0.54554,-1.27008,0.0491728,-0.000768453,0.034238,0.9982031
151088194,-0.260011,0.516605,-1.25649,-0.0872189,0.00773411,0.0182832,-0.9959910
151121320,-0.252707,0.495967,-1.24297,-0.0449346,0.00400183,-0.0153224,-0.9988640
151155136,-0.245241,0.470667,-1.22984,0.0520226,0.0108967,0.00492819,0.9985740
151187983,-0.236856,0.442766,-1.21452,0.0523451,0.021519,0.0123581,0.9983211
151222249,-0.228149,0.416306,-1.19999,0.0454077,0.0131506,0.0114157,0.9988170
151255451,-0.219555,0.388154,-1.1823,-0.0462049,0.00440195,-0.0133684,-0.9988330
151287841,-0.21075,0.364909,-1.16807,0.0586587,-0.00331855,0.0261918,0.9979290
151322098,-0.196536,0.320432,-1.15074,0.0103908,-0.0113938,0.0637527,-0.9978471
151354334,-0.188527,0.303628,-1.133,-0.0139773,0.0276931,0.0366409,-0.9988470
151388392,-0.185391,0.288585,-1.12078,-0.0693123,0.00363239,0.0619209,-0.9956650
151420793,-0.175735,0.265336,-1.1031,-0.0852244,0.00455005,0.0751068,-0.9935170
151453950,-0.168336,0.24823,-1.08543,-0.0472894,0.0146555,0.0617389,-0.9968641
151488490,-0.1584,0.227456,-1.0674,-0.0757325,-0.000312771,0.0527078,-0.9957340
151521460,-0.153233,0.212089,-1.05244,-0.059019,-0.00357073,0.0823399,-0.9948490
151555060,-0.14625,0.197157,-1.03526,-0.0472918,-0.00838322,0.0977634,-0.994051
151588718,-0.139553,0.184065,-1.01881,-0.0508421,-0.0129406,0.0974027,-0.9938610
151621184,-0.131504,0.174081,-1.00174,-0.0515804,-0.000365983,0.0972954,-0.9939180
151654536,-0.125251,0.165983,-0.98491,-0.0518949,-0.00141222,0.0957793,-0.9940480
151688873,-0.119022,0.158876,-0.96938,-0.0520419,-0.00922296,0.0945905,-0.9941121
151721185,-0.113321,0.155065,-0.953059,-0.046238,-0.00936919,0.0930883,-0.9945390
151755335,-0.106809,0.154361,-0.936122,-0.051365,-0.000350413,0.0899837,-0.9946180
151788930,-0.100909,0.153179,-0.921128,-0.041746,-0.00443638,0.0856246,-0.9954431
151821451,-0.0969034,0.155097,-0.903987,-0.0357227,-0.000246391,0.0859532,-0.9956590
151854351,-0.0891531,0.155068,-0.890498,-0.0504015,0.0038197,0.0479939,-0.9975680
151887497,-0.0859131,0.161503,-0.876103,0.043484,0.00917825,-0.0154507,0.9988920
151921827,-0.0828956,0.166859,-0.857073,-0.0460525,0.0369234,0.0516997,-0.9969171
151954691,-0.0779619,0.171103,-0.843109,-0.0526652,0.0925347,0.00148036,-0.9943150
151987861,-0.0782976,0.186359,-0.829647,-0.0763106,-0.00125457,0.0281933,-0.9966850
152021827,-0.0759546,0.195548,-0.814843,-0.080642,0.00890999,0.0250241,-0.9963890
152054908,-0.0716361,0.204991,-0.801053,-0.0657826,0.0452617,0.00390751,-0.9967991
152087867,-0.0698571,0.214484,-0.789761,-0.0561883,0.0146315,-0.0148078,-0.9982030
152121433,-0.0707645,0.224828,-0.774484,-0.0819177,0.0192325,0.0139271,-0.9963560
152154793,-0.0761823,0.242599,-0.755048,0.056291,0.0363186,-0.0819076,0.9943860
152188151,-0.0771343,0.256568,-0.744781,-0.0706527,-0.013122,0.0713158,-0.9948621
152221549,-0.0789109,0.268282,-0.733032,-0.047848,-0.00533469,0.0609011,-0.9969820
152255047,-0.079265,0.281899,-0.720777,-0.0304333,-0.00968392,0.0847116,-0.9958940
152288028,-0.0828456,0.299539,-0.708066,-0.0275256,-0.0068589,0.0923153,-0.9953260
152321966,-0.0846653,0.317127,-0.695891,-0.0635691,0.0160835,0.0909146,-0.9936981
152354084,-0.0886768,0.334449,-0.683925,-0.0422019,0.0184959,0.100048,-0.9939150
152389355,-0.0901838,0.351358,-0.674234,-0.0338935,0.0172096,0.103219,-0.9939320
152421614,-0.0943923,0.370786,-0.663386,-0.0409214,0.0220936,0.100612,-0.9938380
152455163,-0.0984103,0.391009,-0.653929,-0.0302781,-0.00220213,0.0980914,-0.9947141
152488789,-0.103552,0.415537,-0.639957,-0.0283986,0.0172206,0.10553,-0.9938610
152520779,-0.106671,0.442927,-0.629112,-0.0557609,0.0226878,0.109349,-0.9921790
152555006,-0.110199,0.467042,-0.619365,-0.0324644,-0.00115361,0.132772,-0.9906140
152588671,-0.117814,0.497003,-0.609304,-0.0431467,-0.00551834,0.122384,-0.9915291
152620966,-0.124427,0.524953,-0.600116,-0.0391091,-0.0158872,0.123396,-0.9914590
152654374,-0.131679,0.55705,-0.590838,-0.0607671,-0.0142389,0.124418,-0.9902650
152687638,-0.13573,0.589598,-0.580971,-0.0509241,-0.0179852,0.125109,-0.9906720
152721997,-0.142303,0.62374,-0.573187,-0.0435892,-0.0327821,0.107593,-0.9926981
152754545,-0.147764,0.658271,-0.561385,-0.044797,-0.00377867,0.114749,-0.9923770
152788415,-0.154887,0.694899,-0.555118,-0.0247941,-0.0134222,0.10687,-0.9938730
152820622,-0.159813,0.730581,-0.546294,-0.0163544,-0.0186017,0.106059,-0.9940510
152854575,-0.165605,0.769385,-0.538265,0.0225949,0.0279786,-0.0816798,0.996011
152889026,-0.172673,0.809,-0.530885,0.0268717,0.0310103,-0.0791073,0.9960210
152921365,-0.173711,0.843271,-0.524602,-0.0554833,-0.00188259,0.0586945,-0.9967310
152954992,-0.183741,0.888404,-0.516265,-0.0579532,0.00677898,0.0560158,-0.9967231
152989058,-0.194447,0.933826,-0.507032,0.029615,0.0226386,-0.0554283,0.9977670
153021020,-0.202437,0.97717,-0.500208,0.0171552,0.0224567,-0.0277443,0.9992160
153054130,-0.208606,1.01377,-0.496867,-0.0395332,-0.00705329,0.0458898,-0.9981390
153087969,-0.215916,1.05821,-0.491753,0.0403699,0.0205662,-0.059338,0.9972091
153120986,-0.224873,1.09404,-0.49222,0.0750902,0.00618741,-0.00451858,0.9971470
153154963,-0.232365,1.12984,-0.4888,0.0599458,0.0303368,0.0232293,0.997470
153188256,-0.238564,1.17251,-0.488331,0.0439827,0.0348502,0.021071,0.9982021
153222251,-0.245573,1.21639,-0.483333,0.0222519,-0.000640168,0.0169458,0.9996090
153254502,-0.252458,1.25375,-0.481549,0.0296715,-0.00616421,0.0311624,0.9990550
153288981,-0.2578,1.28852,-0.481303,0.0423429,0.00322473,0.0592054,0.9973421
153321516,-0.265297,1.32403,-0.481124,0.0387475,0.014279,0.084617,0.9955570
153353926,-0.273313,1.35257,-0.481266,0.056163,-0.000214746,0.0549393,0.9969090
153388325,-0.282243,1.38488,-0.481812,0.0387842,-0.0119089,0.0626633,0.997210
153420872,-0.289577,1.40842,-0.482335,0.00113881,-0.00712529,0.0773882,0.9969751
153455168,-0.295921,1.43192,-0.482829,0.00189898,-0.00225123,0.0743288,0.9972290
153489876,-0.301143,1.45595,-0.483802,-0.00251232,-0.00239687,0.0986392,0.9951170
153521038,-0.307871,1.47718,-0.482485,0.0175336,-0.0010331,0.107428,0.9940581
153555107,-0.313662,1.49219,-0.484678,0.023608,0.01069,0.101416,0.9945060
153588430,-0.321677,1.51118,-0.485489,0.0350908,0.0038205,0.123945,0.9916610
153621963,-0.331139,1.5194,-0.48612,0.029402,0.0227215,0.113603,0.9928311
153654615,-0.338852,1.52456,-0.485017,0.0243406,0.0254834,0.103133,0.9940430
153687857,-0.343927,1.52933,-0.486318,0.0257491,0.025795,0.0988811,0.9944320
153721148,-0.348738,1.53424,-0.485834,-0.00284214,0.0256011,0.0945268,0.9951890
153754783,-0.357846,1.53304,-0.484684,0.0266168,0.0136529,0.130532,0.9909931
153788006,-0.362055,1.52448,-0.485343,0.0186691,0.0300538,0.145921,0.9886630
153821793,-0.372033,1.51905,-0.482347,0.00534381,0.0165813,0.14287,0.9895880
153853996,-0.378894,1.51216,-0.483192,-0.0023384,0.0306733,0.138478,0.9898880
153888306,-0.387832,1.49718,-0.482512,-1.52608e-05,0.0401703,0.147998,0.9881711
153920681,-0.394217,1.47618,-0.4807,0.0227918,0.0310722,0.153566,0.9873870
153954845,-0.402161,1.45325,-0.478443,0.0103583,0.0338133,0.150245,0.9880160
153988008,-0.41033,1.43072,-0.474328,-0.00587387,0.0335468,0.155516,0.9872460
154020425,-0.420029,1.40282,-0.470209,0.0083884,0.0649498,0.124108,0.9901051
154054853,-0.424696,1.37319,-0.465493,0.00369456,0.0223628,0.128445,0.9914580
154088994,-0.431085,1.34122,-0.458708,0.00893818,0.0180249,0.112736,0.9934210
154120576,-0.440147,1.30078,-0.455088,-7.8461e-05,0.0380571,0.112242,0.9929521
154153770,-0.44647,1.2549,-0.451878,0.0111306,0.0287784,0.118703,0.992450
154188394,-0.452726,1.20322,-0.445605,0.0530495,0.0239817,0.16187,0.9850930
154220888,-0.460363,1.15192,-0.441025,0.0894164,0.0382104,0.155266,0.9830751
154255311,-0.470869,1.10467,-0.431062,0.0546169,0.0491114,0.128126,0.9890340
154289037,-0.482331,1.05339,-0.426689,-0.00980352,0.0388464,0.096819,0.9944950
154321417,-0.490718,0.997793,-0.422596,0.000973798,0.0591345,0.0910626,0.9940871
154354821,-0.495654,0.942778,-0.416174,-0.0188017,0.0824802,0.0607406,0.9945620
154388082,-0.498634,0.885992,-0.40866,0.0215164,0.0365446,0.0317838,0.9985950
154420469,-0.508161,0.824296,-0.405686,0.0292243,0.059161,0.00416852,0.9978120
154454813,-0.513104,0.762497,-0.402997,0.0341993,0.0331851,-0.027012,0.9984991
154487718,-0.524644,0.706472,-0.399314,-0.00896222,-0.011547,0.0514877,-0.9985670
154521194,-0.533334,0.648247,-0.394075,-0.0232383,0.00286749,0.100678,-0.9946440
154555418,-0.539695,0.592985,-0.390061,-0.0404911,-0.00525921,0.0985396,-0.9942951
154587765,-0.546628,0.533322,-0.389498,-0.0141883,-0.0206341,0.115492,-0.9929930
154620797,-0.550099,0.478872,-0.3824,-0.0106314,-0.0284276,0.106256,-0.9938760
154654998,-0.556132,0.428766,-0.379616,-0.02492,-0.00683499,0.135834,-0.9903950
154687704,-0.563436,0.378432,-0.381127,-0.0101675,0.0030569,0.118678,-0.9928761
154720776,-0.567776,0.326461,-0.38286,-0.004805,-0.00975875,0.111853,-0.9936650
154753815,-0.576097,0.279564,-0.378104,-0.0155307,-0.0499509,0.194217,-0.9795630
154788262,-0.58394,0.243014,-0.382196,-0.0181005,-0.0165215,0.145949,-0.9889881
154820639,-0.588485,0.201685,-0.379794,-0.030953,-0.0165161,0.136163,-0.9900650
154854866,-0.595149,0.168459,-0.378244,-0.0410319,-0.0278428,0.136233,-0.9894350
154888065,-0.602944,0.133575,-0.377569,0.0251998,0.0424557,-0.136037,0.9894730
154920624,-0.609883,0.105834,-0.377151,0.018402,0.0600173,-0.141705,0.9879171
154954097,-0.618999,0.0796993,-0.377022,0.0163692,0.0734967,-0.144807,0.9865910
154988553,-0.625743,0.0568402,-0.376749,0.00963869,0.0747469,-0.14672,0.9863030
155020879,-0.634581,0.0375189,-0.376641,0.000644556,0.062937,-0.147834,0.9870071
155054410,-0.642837,0.0193807,-0.375522,0.0116818,0.0731733,-0.145383,0.9865970
155088713,-0.655187,0.0060177,-0.374534,0.0146227,0.0689493,-0.145488,0.9868460
155121336,-0.668802,-0.00403479,-0.375372,0.0140453,0.0787401,-0.129241,0.9883821
155154748,-0.681539,-0.0126349,-0.373792,0.0267936,0.0897575,-0.119669,0.9883850
155187802,-0.695192,-0.0185604,-0.372118,0.0322899,0.0774337,-0.102077,0.9912330
155220555,-0.709288,-0.020467,-0.373574,0.0466407,0.0665078,-0.114834,0.9900580
155255188,-0.72757,-0.0229952,-0.37141,0.0481207,0.0730723,-0.0984622,0.9912871
155287570,-0.748936,-0.0204938,-0.373164,0.0386779,0.0904403,-0.10129,0.9899820
155320779,-0.772065,-0.0166196,-0.372558,0.0284474,0.0880136,-0.0975388,0.9909240
155353878,-0.795936,-0.00943835,-0.374743,0.0290862,0.0885567,-0.0980633,0.9908050
155388185,-0.818742,-0.00126831,-0.374775,0.0360263,0.0736074,-0.105288,0.9910591
155420979,-0.844824,0.00809741,-0.374793,0.0345949,0.0781749,-0.0909117,0.9921830
155455270,-0.874837,0.0183334,-0.374798,0.0399926,0.0818714,-0.100345,0.9907720
155488071,-0.904625,0.0320185,-0.375153,0.0389495,0.0697115,-0.092808,0.9924770
155521348,-0.937071,0.0481389,-0.377672,0.0421826,0.0806928,-0.0924309,0.9915471
155554443,-0.971968,0.0647546,-0.378431,0.0397253,0.0824661,-0.0915395,0.9915850
155588324,-1.00756,0.0831417,-0.378004,0.03766,0.0732022,-0.0940826,0.9921550
155620555,-1.04672,0.104613,-0.380157,0.0421271,0.0774758,-0.0889359,0.9921260
155654026,-1.08305,0.124828,-0.380102,0.0302771,0.0845891,-0.10387,0.9905251
155688311,-1.12474,0.147046,-0.381076,0.0352282,0.0877111,-0.103544,0.9901230
155721518,-1.16805,0.169935,-0.382316,0.0365671,0.095249,-0.104399,0.9892880
155754897,-1.20906,0.195231,-0.381412,0.032733,0.0945877,-0.103608,0.9895691
155788672,-1.25581,0.217264,-0.38587,0.0508598,0.0904218,-0.0919804,0.9903420
155821035,-1.30232,0.247113,-0.385636,0.0441325,0.11968,-0.0640602,0.989760
155855176,-1.3519,0.272296,-0.387279,0.0369327,0.111392,-0.0460324,0.9920231
155888896,-1.39981,0.301949,-0.383837,0.0326962,0.109765,-0.076561,0.9904650
155921854,-1.45903,0.331217,-0.390763,0.0213714,0.0941497,-0.0602272,0.9935050
155954760,-1.51068,0.358566,-0.39161,0.0391575,0.102958,-0.0164145,0.9937790
155988950,-1.57096,0.391507,-0.395149,0.024398,0.110554,-0.0335357,0.9930051
156021151,-1.63314,0.420678,-0.397674,0.0301115,0.112954,-0.0243123,0.9928460
156054349,-1.69613,0.449578,-0.40149,0.0274555,0.109233,-0.0132786,0.9935480
156087414,-1.759,0.479866,-0.402156,0.030286,0.108025,-0.018514,0.9935140
156121187,-1.82524,0.507239,-0.405035,0.0227991,0.116041,-0.0266835,0.9926241
156154790,-1.89251,0.535974,-0.404414,0.0180455,0.100355,-0.0306152,0.9943170
156188025,-1.96329,0.565071,-0.407078,0.0202108,0.10086,-0.0319863,0.9941810
156221039,-2.03715,0.592059,-0.409776,0.0260539,0.0875932,-0.0181814,0.995650
156255136,-2.11143,0.618298,-0.411038,0.00867349,0.0989866,-0.0390878,0.9942831
156287549,-2.18265,0.635118,-0.407339,0.017753,0.101381,-0.0641751,0.9926170
156320565,-2.27185,0.670227,-0.41517,0.0465685,0.0858128,-0.0359062,0.9945740
156354861,-2.35124,0.692792,-0.416773,0.036364,0.087849,-0.0241198,0.9951780
156388731,-2.43334,0.711114,-0.419771,0.0801081,0.0584509,-0.00338081,0.9950651
156421124,-2.51791,0.738607,-0.421976,0.0467817,0.077372,-0.0041307,0.9958960
156454792,-2.60342,0.761615,-0.426968,0.0593148,0.0598738,0.0318959,0.9959320
156487492,-2.68356,0.779773,-0.428762,0.0604837,0.0632155,0.0333885,0.9956060
156521706,-2.76871,0.798421,-0.433214,0.05249,0.0451935,0.0431101,0.9966661
156554802,-2.85061,0.815101,-0.435412,0.0444442,0.0272566,0.0296389,0.99820
156588124,-2.93345,0.829131,-0.441877,0.0353925,-0.00362328,0.0485674,0.9981860
156621133,-3.01965,0.841196,-0.449783,0.0578434,-0.00842459,0.0663596,0.9960820
156654128,-3.10587,0.852096,-0.46016,-0.0429372,0.047938,-0.0470403,-0.9968181
156688088,-3.18829,0.860739,-0.464186,-0.0344963,0.0425171,-0.0505694,-0.9972190
156720576,-3.25898,0.852758,-0.465252,-0.179208,0.0212517,-0.0302203,-0.9831170
156754614,-3.35546,0.869429,-0.478645,0.131225,0.0536453,0.0695258,0.9874561
156788665,-3.42396,0.858078,-0.485798,0.223911,0.0116958,0.0920369,0.9701840
156820968,-3.47601,0.852247,-0.48628,0.317656,0.381694,-0.0611924,0.8658290
156854153,-3.53993,0.854613,-0.512183,-0.237341,0.126158,-0.0489827,-0.9619530
156888420,-3.63699,0.870138,-0.524366,-0.127371,0.153591,-0.127045,-0.971621
156920752,-3.71971,0.878145,-0.536659,-0.013608,0.0538866,-0.0749025,-0.9956410
156954445,-3.79117,0.870725,-0.547766,-0.0342813,0.0284206,-0.039004,-0.9982460
156987547,-3.85442,0.860556,-0.562283,-0.0467149,0.0501144,-0.0392482,-0.9968780
157020786,-3.91294,0.852127,-0.57048,-0.0450886,0.0583026,-0.0448372,-0.9962721
157054284,-3.97711,0.839134,-0.590063,-0.0265236,0.0514032,-0.0467997,-0.9972280
157087752,-4.03353,0.828522,-0.602575,-0.0383242,0.0642987,-0.0376809,-0.9964820
157120970,-4.09313,0.819627,-0.615396,-0.025276,0.0423152,-0.0130684,-0.9986991
157154907,-4.13221,0.804228,-0.628769,-0.0272483,0.134879,-0.0293676,-0.9900520
157187418,-4.18753,0.785842,-0.644385,-0.0293613,0.130732,-0.0264503,-0.990630
157220948,-4.23741,0.768799,-0.659403,-0.0531967,0.122311,-0.0219101,-0.9908230
157254244,-4.27878,0.753233,-0.672254,-0.0336753,0.125913,-0.0158211,-0.9913431
157288669,-4.31932,0.735105,-0.68136,-0.0353256,0.139615,-0.00479417,-0.9895640
157321967,-4.3584,0.717866,-0.691003,-0.0246773,0.146704,0.0128705,-0.9887890
157354414,-4.39027,0.700032,-0.69479,-0.023113,0.150789,0.00411035,-0.9882871
157387801,-4.42097,0.682952,-0.698158,-0.0199587,0.155191,0.00951663,-0.9876370
157420773,-4.44738,0.6665,-0.698408,-0.0182273,0.158705,0.0182793,-0.9869890
157454769,-4.47261,0.649101,-0.699844,-0.0239515,0.160364,0.0226169,-0.9865081
157487890,-4.49361,0.631934,-0.698937,-0.0246429,0.158908,0.0218735,-0.9867430
157521463,-4.51102,0.615246,-0.695315,-0.0274725,0.164458,0.0272252,-0.9856260
157554718,-4.52607,0.598712,-0.68963,-0.0327819,0.173304,0.0248127,-0.984010
157588390,-4.53607,0.581431,-0.682253,-0.0354794,0.186468,0.0481386,-0.9806391
157622239,-4.54183,0.564806,-0.672184,-0.0384184,0.180805,0.0266032,-0.9824080
157653561,-4.5474,0.549654,-0.662343,-0.0433549,0.168098,0.025652,-0.9844820
157688167,-4.54871,0.533847,-0.651103,-0.0488479,0.161175,0.0253088,-0.9853910
157721242,-4.54592,0.518262,-0.637829,-0.0452715,0.167427,0.023645,-0.9845611
157755826,-4.53854,0.50385,-0.621263,-0.0388563,0.173551,0.0258362,-0.9837190
157788096,-4.52789,0.489798,-0.604548,-0.041901,0.170808,0.0226821,-0.9841520
157821142,-4.51532,0.476745,-0.58719,-0.0467793,0.160062,0.0157836,-0.9858720
157853987,-4.50083,0.462665,-0.568895,-0.0495512,0.148173,0.0123857,-0.9876421
157888195,-4.48222,0.449385,-0.548516,-0.0498946,0.141131,0.0108975,-0.9886730
157921809,-4.46008,0.43634,-0.527449,-0.0465933,0.137447,0.0132238,-0.9893240
157954656,-4.43597,0.423701,-0.505366,-0.0446304,0.13431,0.0228596,-0.989671
157988745,-4.40728,0.410718,-0.481778,-0.0428635,0.139199,0.0203073,-0.9891280
158021921,-4.37547,0.398443,-0.458138,-0.038685,0.131677,0.0126593,-0.9904570
158055491,-4.34314,0.385912,-0.434745,-0.0441956,0.119076,0.0149875,-0.9917881
158088388,-4.30961,0.373422,-0.41242,-0.0447096,0.106491,0.0212888,-0.993080
158121688,-4.27214,0.361517,-0.389907,-0.0413927,0.0952216,0.0216339,-0.994360
158154676,-4.23094,0.346613,-0.3663,-0.0204466,0.116028,0.000410352,-0.9930350
158187610,-4.18742,0.335329,-0.343363,-0.0419825,0.0905932,0.00513496,-0.9949891
158220559,-4.14326,0.318606,-0.323747,-0.0640571,0.121467,-0.0210918,-0.9903020
158253549,-4.08966,0.303484,-0.298057,-0.096716,0.173723,-0.0784351,-0.976890
158287049,-4.04219,0.287212,-0.274953,-0.101424,0.204999,-0.0667076,-0.9712050
158321307,-4.00197,0.284241,-0.253879,-0.0223651,0.105103,-7.67715e-05,-0.994211
158355089,-3.94859,0.273738,-0.232369,-0.0586064,0.0502915,0.0240069,-0.9967240
158388485,-3.89712,0.261081,-0.214193,-0.0645167,0.084955,0.0286882,-0.993880
158420542,-3.84335,0.244446,-0.192314,-0.0470599,0.0614912,0.0230491,-0.9967310
158455025,-3.79338,0.233196,-0.1825,-0.0551323,0.0894812,0.0146748,-0.9943531
158487821,-3.73494,0.218085,-0.164039,-0.0694573,0.0858699,-0.00761886,-0.9938530
158521173,-3.67606,0.204855,-0.145611,-0.0648881,0.0531146,-0.0220617,-0.9962340
158629020,-3.61917,0.191541,-0.133769,-0.0762547,0.0456306,-0.0271755,-0.9956731
158630447,-3.55694,0.175588,-0.120554,-0.0737977,0.0564234,-0.0201279,-0.9954720
158630477,-3.4949,0.161086,-0.111635,-0.0518138,0.0465779,-0.00942469,-0.9975250
158654433,-3.43337,0.145698,-0.103584,-0.0647748,0.0556299,-0.00372983,-0.9963410
158687837,-3.37196,0.131972,-0.0976252,-0.0717634,0.051508,0.00740136,-0.9960630
158720956,-3.30868,0.116277,-0.0952407,-0.0742631,0.0384653,0.00253477,-0.9964930
158754745,-3.24354,0.0995128,-0.0946497,-0.0691236,0.0335914,-0.00701103,-0.9970181
158788727,-3.17661,0.0839549,-0.0966277,-0.0763961,0.0354322,-0.0185514,-0.9962750
158820242,-3.10981,0.0677371,-0.101112,-0.0758352,0.0260479,-0.0267829,-0.996420
158855574,-3.0403,0.0516912,-0.104435,-0.0684506,0.0273819,-0.000322732,-0.9972791
158887583,-2.9742,0.0347271,-0.116916,-0.0721866,0.0206927,-0.0152027,-0.9970610
158920534,-2.90579,0.0182194,-0.127909,-0.0788363,0.0253341,-0.0127892,-0.9964840
158955383,-2.83533,0.0046543,-0.141406,-0.0795789,0.0295522,0.00746454,-0.9963620
158988660,-2.76774,-0.011637,-0.157524,-0.0619281,0.0500586,0.000672138,-0.9968241
159056353,-2.62959,-0.039567,-0.184723,-0.0592346,0.0702203,-0.0115325,-0.9957040
159087820,-2.55234,-0.0478428,-0.206041,-0.157339,0.0353121,0.0254639,-0.9865840
159121071,-2.48448,-0.0670521,-0.230145,-0.0653981,0.0274499,0.0619811,-0.9955541
159153973,-2.42052,-0.0780877,-0.250399,-0.0518689,0.0108492,0.0634023,-0.996580
159187679,-2.34502,-0.0903181,-0.275075,0.0520776,0.0458564,-0.0778068,0.9945510
159221500,-2.24784,-0.106611,-0.297044,-0.0577156,0.00365474,0.0496409,-0.9970911
159255011,-2.17152,-0.117872,-0.317155,-0.0478135,0.022202,0.0398047,-0.9978160
159289063,-2.09494,-0.131949,-0.332737,-0.0617423,0.0457109,0.0511596,-0.9957310
159321230,-2.01726,-0.142518,-0.351921,-0.0877785,0.0430972,0.0928556,-0.9908660
159355403,-1.96119,-0.147614,-0.370825,-0.0957991,-0.00542744,0.122065,-0.9878731
159387957,-1.88895,-0.158676,-0.392519,0.0615769,0.0289824,-0.0731295,0.9949980
159420872,-1.80615,-0.168055,-0.416745,0.0579092,0.0238409,-0.0504476,0.9967610
159454457,-1.74317,-0.172917,-0.436873,0.050853,0.0274756,-0.0614287,0.9964360
159488001,-1.67499,-0.180411,-0.458556,0.0602394,0.0292052,-0.0433937,0.9968131
159521254,-1.61176,-0.185444,-0.480824,0.0570089,0.0460919,-0.0459322,0.9962510
159554613,-1.5478,-0.190861,-0.500538,0.0607735,0.0553155,-0.0470832,0.9955050
159586801,-1.48623,-0.194915,-0.52154,0.0643701,0.0689093,-0.037933,0.9948210
159620950,-1.42486,-0.19975,-0.541042,0.0618411,0.070062,-0.0328365,0.9950821
159654851,-1.36698,-0.203265,-0.560647,0.0636959,0.0790581,-0.0409871,0.9939880
159687187,-1.31047,-0.205574,-0.581695,0.0534734,0.0777758,-0.0415176,0.994670
159720261,-1.25568,-0.207779,-0.602158,0.0454511,0.0788116,-0.0436669,0.9948950
159753695,-1.20547,-0.210142,-0.620969,0.0450542,0.093089,-0.0476967,0.9934941
159788327,-1.15616,-0.212594,-0.639869,0.0401438,0.0976972,-0.0448339,0.9933950
159822186,-1.11198,-0.213406,-0.659278,0.053899,0.122579,-0.0407654,0.9901550
159854404,-1.07017,-0.215114,-0.678242,0.0537632,0.127404,-0.0502133,0.9891191
159887299,-1.02916,-0.215541,-0.696186,0.0544108,0.133102,-0.0372439,0.9889070
159921822,-0.99088,-0.216772,-0.713557,0.0618504,0.131651,-0.0278384,0.9889730
159954935,-0.956558,-0.217396,-0.730317,0.0624284,0.145175,-0.0244146,0.9871331
159987706,-0.92661,-0.21658,-0.747091,0.0659277,0.148861,-0.0248307,0.9863460
160021139,-0.897428,-0.216991,-0.761723,0.0770793,0.132067,-0.00760047,0.988210
160054469,-0.872985,-0.215935,-0.779928,0.0857169,0.150472,-0.0160519,0.984760
160087801,-0.852756,-0.215117,-0.795653,0.0831848,0.152396,-0.0137629,0.9847161
160121002,-0.834027,-0.215531,-0.809914,0.0816295,0.145293,-0.00780965,0.9859850
160154765,-0.821364,-0.212861,-0.823317,0.080963,0.130683,0.00719569,0.9880870
160188443,-0.810124,-0.210656,-0.838038,0.0846906,0.137086,0.00351924,0.9869261
160222136,-0.80089,-0.209063,-0.851029,0.0863571,0.122842,0.00166328,0.988660
160255117,-0.79397,-0.208243,-0.864563,0.0830695,0.110677,-0.00376028,0.9903720
160287716,-0.790417,-0.206032,-0.877242,0.0707758,0.0750933,-0.00767155,0.9946320
160321726,-0.78891,-0.202483,-0.891237,0.0709723,0.0733824,-0.0265978,0.994421
160355278,-0.788527,-0.201741,-0.905037,0.0708792,0.0662927,-0.0224992,0.9950250
160388432,-0.791257,-0.199172,-0.917041,0.0692497,0.0594425,-0.0250626,0.9955110
160420953,-0.795829,-0.195492,-0.929103,0.0792301,0.0512602,-0.0376721,0.9948250
160454577,-0.799734,-0.190898,-0.94236,0.0719887,0.0423941,-0.0435532,0.9955521
160487580,-0.805527,-0.185902,-0.955696,0.0669494,0.0272241,-0.0490919,0.9961760
160521582,-0.811774,-0.179174,-0.968202,0.0731947,0.0214599,-0.0604438,0.9952530
160554898,-0.818454,-0.172151,-0.982012,-0.0664975,-0.0172516,0.0597775,-0.9958451
160587044,-0.824903,-0.162082,-0.994866,-0.0644185,-0.00345381,0.0667572,-0.9956820
160621678,-0.831483,-0.153183,-1.00801,-0.0650505,-0.00140098,0.0674601,-0.9955980
160654900,-0.838823,-0.142018,-1.0196,-0.0640061,0.00231506,0.07636,-0.9950211
160687475,-0.846001,-0.126289,-1.0311,-0.0748121,0.0329505,0.063213,-0.9946460
160720085,-0.853259,-0.111718,-1.04288,-0.0773908,0.0307831,0.053434,-0.9950920
160754482,-0.860228,-0.095585,-1.05558,-0.0671729,0.037237,0.0625983,-0.9950790
160786907,-0.866242,-0.0764467,-1.0689,-0.0565243,0.0456515,0.0834401,-0.9938611
160820069,-0.869258,-0.0645641,-1.08283,-0.0634292,0.00295435,0.192565,-0.9792280
160855357,-0.877068,-0.0352654,-1.09319,-0.053988,0.0374739,0.0891225,-0.993850
160887551,-0.876295,-0.0291004,-1.09534,-0.12659,0.00688719,-0.024404,-0.9916311
160920445,-0.88522,0.00640936,-1.11383,-0.0587119,0.0225863,0.0417327,-0.9971470
160954885,-0.888428,0.0325141,-1.12334,-0.0617009,0.0257025,0.0493201,-0.9965440
160987215,-0.890585,0.0439789,-1.12833,0.11293,0.00952517,-0.0263405,0.9932080
161021256,-0.894798,0.0745584,-1.13751,-0.0894142,-0.0066661,0.0194775,-0.9957821
161054743,-0.896492,0.105009,-1.14572,-0.0576268,0.0178078,0.0425053,-0.9972740
161087842,-0.898277,0.133371,-1.15175,-0.053253,0.0283887,0.030895,-0.9976990
161121088,-0.898511,0.148225,-1.1571,-0.0544594,0.00153865,0.0184334,-0.9983450
161155321,-0.90055,0.181666,-1.16119,-0.0659692,0.0135276,0.0390563,-0.9969651
161187574,-0.897307,0.208616,-1.16563,-0.0820732,0.0199947,0.0160046,-0.9962970
161220772,-0.891711,0.22397,-1.16917,-0.0515265,0.0424382,-0.0137075,-0.9976750
161255409,-0.886309,0.256148,-1.16996,-0.110457,0.0928949,0.0020219,-0.9895281
161287064,-0.890444,0.283055,-1.17094,-0.0825865,0.0504021,0.0133137,-0.995220
161320178,-0.889891,0.314463,-1.17233,-0.0896357,0.0349232,-0.0209459,-0.9951420
161354200,-0.885459,0.337564,-1.17129,-0.0653291,0.0370385,-0.0583101,-0.995470
161386840,-0.880821,0.362953,-1.17568,-0.0809523,0.0181379,-0.0253563,-0.996231
161421596,-0.879948,0.390122,-1.17487,0.0941519,0.00188068,-0.00170691,0.9955550
161454985,-0.875836,0.414101,-1.17384,0.129205,0.0040249,0.0193702,0.9914210
161487912,-0.87178,0.436205,-1.1709,0.124785,0.0246523,0.0301507,0.9914191
161520950,-0.868727,0.46891,-1.16418,0.135849,-0.00564349,0.0347236,0.9901050
161554979,-0.864869,0.492464,-1.1597,-0.133654,0.0191809,-0.0140765,-0.9907430
161587494,-0.860832,0.509984,-1.15595,0.113672,0.00534792,0.0346633,0.9928990
161620694,-0.854545,0.530093,-1.15069,0.10032,0.00591388,0.0632075,0.9929281
161654455,-0.850657,0.548719,-1.14565,0.0542421,0.00100146,0.0799067,0.9953250
161688329,-0.843559,0.567467,-1.13851,0.0626859,0.00589066,0.0588821,0.9962770
161720927,-0.837481,0.582785,-1.1282,0.075889,0.00679868,-0.00189691,0.9970911
161753681,-0.832252,0.599189,-1.12039,-0.101504,0.0172181,-0.0433522,-0.9937410
161788143,-0.826816,0.607791,-1.11171,0.0823532,-0.0219685,0.0790823,0.9932180
161820434,-0.818256,0.617244,-1.10526,-0.107246,0.0245509,-0.0826029,-0.9904910
161853842,-0.81297,0.62991,-1.09379,0.0950155,-0.0043574,0.0578197,0.9937861
161887099,-0.804765,0.634517,-1.08394,0.138139,-0.00645767,0.0792119,0.9872190
161919934,-0.79699,0.638275,-1.07304,0.101892,0.0109889,0.0593888,0.992960
161955432,-0.791411,0.645647,-1.06116,0.101557,0.00559677,0.0298776,0.9943651
161986692,-0.782601,0.655782,-1.04772,0.0871952,0.00923058,0.0356056,0.9955120
162020155,-0.769242,0.660486,-1.03715,0.113838,-0.0024263,0.0156697,0.9933730
162054505,-0.765312,0.665625,-1.02126,0.0966549,0.00148094,0.0162244,0.9951850
162088404,-0.756468,0.671219,-1.0065,0.0734015,0.00237227,0.00253206,0.9972971
162120785,-0.746854,0.672033,-0.991815,0.0983443,0.00884287,-0.00607848,0.9950950
162154515,-0.739119,0.675306,-0.974749,-0.096826,-0.00497831,0.0243133,-0.9949920
162187155,-0.730258,0.677383,-0.959209,-0.0940309,-0.00276182,0.0266156,-0.995210
162221372,-0.721575,0.681938,-0.942186,-0.0957202,-0.00832469,0.0335198,-0.9948091
162253866,-0.713623,0.686485,-0.924334,0.100782,0.0135511,-0.0388462,0.9940570
162287117,-0.705877,0.687494,-0.908471,-0.0993626,0.0126251,0.063125,-0.9929670
162320682,-0.699527,0.694796,-0.890463,-0.100193,0.0243168,0.0487073,-0.9934780
162354826,-0.688663,0.697944,-0.870053,-0.103626,-0.0104753,0.0627163,-0.9925821
162387929,-0.683442,0.705321,-0.853782,-0.100837,0.00334546,0.0622159,-0.992950
162420899,-0.674819,0.712135,-0.835445,-0.109393,0.00529347,0.058417,-0.9922660
162454455,-0.667948,0.716846,-0.816662,-0.117048,0.00869866,0.0555522,-0.9915330
162488506,-0.660087,0.723959,-0.795899,-0.104106,0.0164021,0.0547851,-0.9929211
162520468,-0.653544,0.730951,-0.775776,-0.128916,0.0122669,0.0813261,-0.9882390
162554524,-0.647219,0.738652,-0.755873,-0.101762,0.015734,0.0787642,-0.9915610
162586903,-0.63913,0.740334,-0.739162,-0.163814,0.0237666,0.087399,-0.9823250
162620047,-0.637881,0.763013,-0.713514,-0.14477,-0.00707104,0.11301,-0.9829651
162654415,-0.635068,0.774601,-0.692317,-0.14298,-0.016034,0.0859247,-0.9858580
162686903,-0.631503,0.790413,-0.670683,-0.117439,-0.0291665,0.102719,-0.9873230
162722260,-0.62421,0.805363,-0.64847,-0.129209,-0.00702744,0.112811,-0.9851551
162754430,-0.616105,0.822676,-0.625881,-0.114971,-0.0126992,0.115995,-0.9864920
162788395,-0.613468,0.839758,-0.603735,-0.120304,-0.015135,0.129036,-0.9841990
162820575,-0.610115,0.858729,-0.580881,-0.132335,-0.0133666,0.135222,-0.9818470
162854085,-0.607608,0.878669,-0.55846,-0.13556,-0.00583846,0.131986,-0.9819211
162886966,-0.603587,0.898287,-0.532672,-0.157916,-0.0134869,0.118182,-0.9802620
162920999,-0.599416,0.9235,-0.512007,-0.0991388,-0.0186353,0.111384,-0.9886440
162954404,-0.596483,0.951885,-0.486956,-0.065931,-0.0116052,0.115746,-0.991021
162987171,-0.593302,0.977892,-0.46396,-0.0856928,-0.01206,0.101288,-0.9910860
163020635,-0.595713,1.00795,-0.440171,-0.0937858,-0.00820975,0.105395,-0.9899640
163054894,-0.593363,1.03779,-0.418469,-0.0926628,-0.0123819,0.116857,-0.9887391
163087658,-0.592866,1.07062,-0.396726,-0.119396,-0.0126889,0.118872,-0.9856230
163120906,-0.590376,1.10127,-0.376891,-0.126708,-0.012376,0.111469,-0.9855790
163153626,-0.590568,1.1353,-0.359765,-0.124003,0.0028265,0.0778341,-0.989220
163187586,-0.594179,1.17073,-0.34247,-0.114819,0.0148186,0.103313,-0.9878881
163220766,-0.591215,1.20233,-0.322934,-0.141054,-0.0172361,0.0724122,-0.98720
163253609,-0.594594,1.24002,-0.305224,0.135288,0.0208434,-0.0379304,0.9898610
163287742,-0.597418,1.27311,-0.292393,0.149677,0.00934,-0.0229836,0.9884241
163320649,-0.600534,1.3143,-0.277785,-0.13153,0.0265448,0.0779239,-0.9878880
163353655,-0.600501,1.34824,-0.268105,-0.12179,0.0223252,0.0716834,-0.9897120
163387149,-0.598163,1.38832,-0.252617,-0.11013,-3.68882e-05,0.0492981,-0.9926940
163421419,-0.600279,1.42707,-0.241492,0.102373,0.0169279,-0.0384809,0.9938571
163455128,-0.600449,1.46557,-0.229259,0.107928,0.00444716,-0.00524791,0.9941350
163487683,-0.603402,1.4958,-0.226277,-0.096871,0.0051574,-0.00260573,-0.995280
163520685,-0.610048,1.52961,-0.222802,-0.0986216,0.0189173,0.0143147,-0.9948420
163553561,-0.611361,1.56578,-0.217577,-0.104181,0.0156134,0.00418163,-0.9944271
163587017,-0.616409,1.60509,-0.212767,-0.088012,0.0386596,0.00822367,-0.9953350
163621390,-0.617783,1.63723,-0.211032,-0.0917517,0.0242467,-0.0439046,-0.9945180
163654283,-0.616247,1.66408,-0.212339,-0.0384815,0.0178977,-0.0198365,-0.9989021
163686725,-0.619737,1.68512,-0.221199,-0.116586,0.0903499,-0.0604739,-0.9872120
163720595,-0.621209,1.71115,-0.224884,-0.107782,0.0871187,-0.129705,-0.981820
163755140,-0.622541,1.72755,-0.229983,-0.0894715,0.081744,-0.151087,-0.9810631
163786513,-0.625263,1.75185,-0.229787,-0.0776491,0.0829103,-0.150196,-0.9821090
163820962,-0.624448,1.77383,-0.232805,-0.0598797,0.0756026,-0.111588,-0.9890640
163854464,-0.626442,1.78344,-0.240338,-0.103923,0.0742937,-0.096548,-0.9870960
163886918,-0.630924,1.80024,-0.239494,-0.0455785,0.0426263,-0.0824828,-0.9946371
163920084,-0.630086,1.80807,-0.248413,-0.0496009,0.0556704,-0.135507,-0.9879670
163954231,-0.632508,1.81233,-0.251972,-0.0551688,0.080914,-0.156741,-0.9827720
163988004,-0.63138,1.81827,-0.257646,-0.043198,0.0714001,-0.140824,-0.9865111
164020641,-0.635491,1.81243,-0.265151,-0.0346185,0.0511813,-0.148746,-0.9869430
164055042,-0.637812,1.80632,-0.274433,0.0410052,-0.0299229,0.128646,0.990390
164088112,-0.636245,1.80113,-0.275229,-0.0445726,0.0653578,-0.135801,-0.9875731
164121561,-0.638923,1.78468,-0.285998,-0.0557158,0.0614223,-0.14189,-0.9864030
164154999,-0.638903,1.77028,-0.292366,-0.0496717,0.0646648,-0.108375,-0.990760
164187250,-0.638508,1.75093,-0.294713,-0.0488651,0.0498936,-0.147675,-0.9865670
164221149,-0.637915,1.72163,-0.301223,-0.0442753,0.0632827,-0.183542,-0.9799731
164254963,-0.638141,1.6952,-0.303391,-0.0622883,0.113009,-0.191547,-0.9729640
164287525,-0.637094,1.66362,-0.311534,-0.0651532,0.0641374,-0.152603,-0.984050
164321937,-0.637218,1.62405,-0.316531,-0.0753175,0.0866393,-0.187738,-0.9754871
164354322,-0.63642,1.57951,-0.323293,-0.103675,0.0990173,-0.175197,-0.974040
164387721,-0.633254,1.53574,-0.329437,-0.136793,0.130775,-0.104674,-0.9763350
164420339,-0.633859,1.49823,-0.32776,-0.0956909,0.105494,-0.152831,-0.9779350
164454741,-0.634599,1.45457,-0.325953,-0.0413757,0.0618797,-0.161831,-0.9840071
164487551,-0.634039,1.40163,-0.3287,-0.03876,0.0576851,-0.143429,-0.9872170
164520520,-0.634272,1.35087,-0.329191,-0.0344111,0.0515186,-0.104676,-0.9925750
164554841,-0.63154,1.29831,-0.328283,0.0107893,0.00984438,0.0295194,0.9994581
164588678,-0.630812,1.23716,-0.332638,-0.0273465,0.0195346,-0.0473068,-0.9983150
164620658,-0.630503,1.17798,-0.333042,-0.0312683,0.0545663,-0.0793542,-0.9948610
164654327,-0.63018,1.11183,-0.339492,-0.00203753,0.00971614,0.0355208,0.999320
164687226,-0.626673,1.05015,-0.341995,0.00859369,0.0334535,0.0373599,0.9987051
164720004,-0.624088,0.98937,-0.340895,-0.0040362,0.0033194,0.0237356,0.9997050
164754391,-0.622992,0.925136,-0.343475,-0.0209508,0.0160121,-0.0131761,-0.9995650
164787008,-0.621584,0.860781,-0.350027,-0.00789789,-0.00130469,0.0408219,-0.9991340
164821331,-0.622149,0.796761,-0.355436,-0.0111424,0.00439821,0.0411078,-0.9990831
164854452,-0.621134,0.731781,-0.361691,0.000608249,-0.0147507,0.0481525,-0.9987310
164887805,-0.618444,0.671701,-0.364011,-0.0247862,-0.00336151,0.0620432,-0.997760
164921556,-0.614079,0.606657,-0.36749,0.0246118,0.0223035,0.107561,-0.9936431
164954084,-0.617676,0.550606,-0.375886,-0.0206985,0.0104898,0.0978145,-0.9949340
164986886,-0.613962,0.490398,-0.382587,-0.0225892,0.00861089,0.101354,-0.9945570
165020907,-0.609229,0.433917,-0.386745,-0.00719828,-0.0155213,0.131775,-0.9911320
165054342,-0.606406,0.379873,-0.391502,0.00187369,-0.0259093,0.158578,-0.9870051
165087345,-0.606161,0.328246,-0.402625,0.00114797,-0.00321529,0.143549,-0.9896370
165120381,-0.605475,0.278784,-0.41176,-0.012018,-0.00768868,0.141463,-0.9898410
165154407,-0.60452,0.232462,-0.418659,-0.0312641,-0.0036031,0.151976,-0.9878831
165187488,-0.599718,0.188921,-0.425474,-0.034858,-0.0093566,0.166234,-0.9854260
165220129,-0.598628,0.1493,-0.435699,-0.0332138,0.0103504,0.132951,-0.9905120
165254439,-0.596401,0.110617,-0.442824,-0.0260682,-0.0057777,0.159772,-0.9867931
165286985,-0.593334,0.0756233,-0.450462,-0.0229344,-0.00446926,0.162049,-0.9865060
165321193,-0.591509,0.043766,-0.458545,-0.0261654,0.00162621,0.162184,-0.9864120
165354621,-0.589553,0.0163564,-0.466181,-0.0283143,0.00166994,0.163692,-0.9861041
165387425,-0.586906,-0.00883777,-0.473645,-0.0224983,0.00519914,0.167364,-0.9856250
165421171,-0.584701,-0.0302846,-0.481487,-0.0290921,0.00694658,0.163503,-0.9860890
165453944,-0.583093,-0.0489476,-0.490222,-0.0377936,-0.00321896,0.165685,-0.9854490
165487386,-0.582424,-0.0649717,-0.498339,-0.0448022,-0.00922911,0.156192,-0.9866671
165520926,-0.58052,-0.0796416,-0.506408,-0.0482242,-0.00862057,0.140251,-0.9889030
165554866,-0.579234,-0.0931442,-0.514445,-0.0465916,-0.00833779,0.117402,-0.9919560
165586703,-0.576991,-0.10414,-0.520218,-0.0358295,0.0107467,0.0849404,-0.9956840
165621123,-0.574959,-0.112799,-0.526244,-0.0258035,0.0250192,0.0655012,-0.9972051
165654308,-0.573964,-0.118826,-0.53475,-0.0222761,0.0153447,0.0497322,-0.9983960
165686993,-0.571824,-0.122988,-0.541476,-0.0230158,0.0314793,0.0511916,-0.9979270
165721039,-0.570427,-0.124003,-0.552783,-0.0472838,0.0119473,0.0600591,-0.9970030
165754440,-0.569704,-0.127959,-0.561962,-0.0449385,0.00756722,0.0439311,-0.9979951
165788111,-0.569444,-0.131688,-0.569118,-0.0332709,0.0161083,0.0269367,-0.9989530
165820818,-0.568028,-0.133909,-0.576818,-0.0251079,0.0292836,0.0171871,-0.9991080
165855157,-0.568272,-0.132936,-0.58924,-0.0367359,0.00662477,0.0347113,-0.99871
165889831,-0.568657,-0.131591,-0.599951,-0.0467192,-0.00198877,0.038519,-0.9981630
165920830,-0.56807,-0.132944,-0.608061,-0.0331225,0.0171236,0.0254754,-0.998980
165954000,-0.567968,-0.134208,-0.616977,-0.0253237,0.0298426,0.0121175,-0.999160
165987146,-0.570422,-0.13249,-0.630079,-0.0348374,0.00256586,0.0169312,-0.9992461
166020364,-0.573979,-0.131198,-0.642566,0.037045,0.0281652,-0.0250816,0.9986020
166054392,-0.577166,-0.130027,-0.652559,0.0349468,0.0365066,-0.0143661,0.9986190
166087459,-0.58043,-0.131024,-0.661995,0.0254463,0.0291888,-0.00200777,0.9992481
166120076,-0.587125,-0.129397,-0.674211,0.0259146,0.0530558,-0.00582972,0.9982380
166154750,-0.595036,-0.128612,-0.686207,0.0278798,0.0697346,-0.00593376,0.9971580
166187426,-0.604424,-0.127123,-0.699568,0.0225198,0.0929352,-0.0122871,0.9953420
166220918,-0.616084,-0.125561,-0.712354,0.0163128,0.113862,-0.0212187,0.9931361
166253962,-0.630606,-0.126408,-0.72342,0.0196594,0.131785,-0.0301976,0.9906230
166286660,-0.647756,-0.125391,-0.734065,0.0268076,0.134094,-0.0209013,0.9903850
166319913,-0.666235,-0.125135,-0.745486,0.0269306,0.139484,-0.0132279,0.989770
166354364,-0.687504,-0.124722,-0.757182,0.0296012,0.137772,-0.00693519,0.9899971
166386837,-0.710504,-0.125722,-0.766942,0.0269584,0.136533,-0.00838973,0.9902330
166420855,-0.739571,-0.125382,-0.777974,0.0210742,0.159259,-0.0163279,0.9868770
166454398,-0.770861,-0.12709,-0.789641,0.0208548,0.169198,-0.00465493,0.985351
166486786,-0.801141,-0.129258,-0.797355,0.0300555,0.154255,0.00608477,0.9875550
166520122,-0.837555,-0.130058,-0.808146,0.0178084,0.16147,-0.00515517,0.9867040
166554325,-0.877471,-0.133333,-0.816914,0.028333,0.170298,-0.0110012,0.9849240
166586957,-0.921529,-0.134521,-0.825666,0.00857154,0.175149,-0.0082043,0.984471
166621334,-0.965129,-0.139135,-0.833055,0.0202799,0.154467,0.00165494,0.9877880
166653634,-1.01037,-0.143745,-0.837573,0.01314,0.161007,0.00526854,0.9868520
166686636,-1.0607,-0.147311,-0.841194,0.0267638,0.147682,0.00709907,0.9886470
166719964,-1.11187,-0.151887,-0.844627,0.0209949,0.14161,0.000431989,0.98971
166753467,-1.16545,-0.156785,-0.846337,0.0246348,0.131931,-0.00375674,0.9909460
166787485,-1.21965,-0.166356,-0.847537,0.0473751,0.121643,-0.0371499,0.9907460
166820773,-1.27608,-0.166562,-0.849209,0.0310341,0.113559,-0.00959733,0.9931
166854149,-1.33192,-0.178305,-0.846722,0.055666,0.103992,-0.0370474,0.9923280
166886556,-1.38202,-0.19786,-0.844883,0.241876,0.13429,-0.0632084,0.9588880
166920762,-1.44114,-0.203393,-0.83943,0.238635,0.0775609,-0.0774463,0.9649040
166953916,-1.50033,-0.202126,-0.837945,0.176682,0.0352052,-0.0904176,0.9794741
166987043,-1.5731,-0.194449,-0.839306,-0.0591492,-0.00731318,0.0716594,-0.9956470
167021051,-1.64433,-0.189583,-0.839795,0.00762754,0.0214677,-0.0612124,0.9978650
167054004,-1.70604,-0.194739,-0.835375,-0.0338757,-0.0118811,0.0595782,-0.9975781
167087055,-1.76543,-0.195737,-0.827773,-0.0489027,-0.0150778,0.0555153,-0.9971460
167121409,-1.82948,-0.194591,-0.822913,-0.0497812,-0.0137896,0.0636062,-0.9966370
167154898,-1.88901,-0.193146,-0.815308,-0.0379736,0.00189128,0.0755656,-0.9964161
167187410,-1.9509,-0.188963,-0.809121,-0.0340919,0.0133616,0.0712811,-0.9967840
167221082,-2.01341,-0.183252,-0.802177,-0.0158292,0.0156301,0.0822191,-0.9963660
167254755,-2.07598,-0.17531,-0.796746,-0.00506344,0.0238417,0.0971758,-0.9949690
167287050,-2.13424,-0.164212,-0.790789,-0.00102824,0.0375113,0.107311,-0.9935171
167320413,-2.18981,-0.151417,-0.784699,-0.0203729,0.0356214,0.118974,-0.9920490
167354288,-2.24444,-0.142017,-0.775873,-0.0247257,0.0285236,0.147026,-0.9884120
167387001,-2.30446,-0.123902,-0.771448,-0.0184918,0.0287462,0.142404,-0.9892180
167420958,-2.35731,-0.107825,-0.766114,0.00366755,0.044468,0.128987,-0.9906421
167454582,-2.40686,-0.0936725,-0.760714,-0.0442946,0.0401725,0.134101,-0.9891620
167488252,-2.45983,-0.066192,-0.756235,-0.0380559,0.0653407,0.137642,-0.9875920
167520427,-2.50792,-0.0461832,-0.748736,0.0157127,0.0754382,0.135759,-0.9877410
167554103,-2.54964,-0.0332783,-0.747006,-0.163772,0.084131,0.0910953,-0.9786741
167587422,-2.60737,0.00901294,-0.738792,-0.0577909,0.0857314,0.098375,-0.9897640
167620186,-2.64836,0.0341057,-0.730487,-0.0682104,0.0579739,0.112708,-0.9895870
167654613,-2.69025,0.0648203,-0.725274,0.0253037,0.0642338,0.10671,-0.9918911
167687094,-2.72703,0.0925008,-0.72217,0.0575281,0.0844294,0.0717546,-0.9921760
167721244,-2.76883,0.130041,-0.716094,-0.0128031,0.0840714,0.0548954,-0.9948640
167754709,-2.80851,0.162923,-0.709286,-0.0448352,0.0536199,0.0269026,-0.9971921
167787389,-2.84913,0.199433,-0.705976,-0.0544713,0.0292548,0.0180943,-0.9979230
167820974,-2.88343,0.244814,-0.707094,0.043492,0.0604838,0.0032599,-0.9972160
167853253,-2.91402,0.278501,-0.700012,0.0390406,0.0753045,-0.00506454,-0.9963830
167887433,-2.94118,0.319635,-0.698318,0.0305418,0.0949705,0.0306944,-0.9945381
167920167,-2.96883,0.353946,-0.691441,0.0320489,0.0988627,0.0326663,-0.9940480
167954595,-2.99485,0.391098,-0.689391,-0.00341044,0.089301,0.0114522,-0.9959330
167987252,-3.01808,0.432283,-0.686597,-0.0225328,0.0840534,0.00133462,-0.9962060
168021422,-3.04081,0.464662,-0.679763,-0.00671496,0.0922033,0.0285655,-0.9953081
168054053,-3.06206,0.499832,-0.676559,-0.00882027,0.0960813,0.0183574,-0.9951650
168087381,-3.08685,0.530706,-0.674796,0.0371118,0.0701064,-0.0116964,-0.996780
168120778,-3.1023,0.555856,-0.668157,-0.011079,0.0448882,-0.00804813,-0.9988980
168155121,-3.12032,0.591668,-0.666457,-0.00543208,0.0569842,-0.0340254,-0.997781
168187691,-3.14097,0.621377,-0.663796,0.0276603,0.0546787,-0.052481,-0.996740
168220684,-3.15508,0.648614,-0.659479,0.0219452,0.0487088,-0.0448294,-0.9975650
168255016,-3.16876,0.66925,-0.656627,-0.00872877,0.0504326,-0.0628427,-0.996710
168286578,-3.18294,0.695224,-0.655169,-0.00080375,0.0488136,-0.0867704,-0.9950311
168320950,-3.19823,0.709327,-0.646358,-0.0304287,0.0427933,-0.0561025,-0.9970430
168354002,-3.20824,0.73447,-0.643052,-0.0158577,0.0560034,-0.0485005,-0.9971260
168387868,-3.22366,0.749713,-0.644559,-0.0183712,0.0363624,-0.0999483,-0.9941581
168421126,-3.23165,0.768664,-0.642062,0.0141164,0.04091,-0.114623,-0.9924660
168454167,-3.24029,0.779687,-0.637285,-0.00315566,0.0499072,-0.110411,-0.9926270
168486833,-3.24564,0.786623,-0.632212,-0.0628498,0.0426685,-0.0810171,-0.9938140
168520836,-3.25206,0.799995,-0.628756,-0.021221,0.0605301,-0.0634399,-0.9959221
168554082,-3.25642,0.806913,-0.623498,-0.0112809,0.0633464,-0.0555511,-0.996380
168587702,-3.2591,0.811938,-0.619373,-0.0292788,0.0514938,-0.0532111,-0.9968250
168620616,-3.26263,0.816826,-0.612896,0.0109881,0.0675198,-0.0826572,-0.9942270
168653428,-3.26053,0.816734,-0.605905,-0.00504067,0.0689023,-0.0593435,-0.9958441
168686862,-3.2584,0.817429,-0.600283,-0.0126796,0.0791474,-0.0485668,-0.9955980
168719937,-3.25411,0.814803,-0.59447,-0.0090945,0.0866662,-0.0406052,-0.9953680
168754434,-3.25029,0.813303,-0.58751,-0.00680674,0.0815949,-0.0526344,-0.9952511
168788009,-3.24413,0.808789,-0.580941,0.00149108,0.0733609,-0.0528857,-0.9959010
168821349,-3.23552,0.800141,-0.573013,-0.0275734,0.0618555,-0.0324416,-0.9971770
168854227,-3.22548,0.793193,-0.565087,-0.025034,0.0624223,-0.0366978,-0.9970610
168887462,-3.21408,0.784261,-0.556586,0.0221908,0.0773672,-0.0328976,-0.9962131
168920832,-3.20151,0.778883,-0.550624,0.00408245,0.0803797,-0.0425589,-0.9958470
168953796,-3.1832,0.763994,-0.540258,-0.0393699,0.0502696,-0.0284188,-0.9975550
168986506,-3.16748,0.75514,-0.532495,-0.0201457,0.0527265,-0.00871884,-0.9983680
169021928,-3.15442,0.746959,-0.52727,0.0179736,0.0519993,-0.00648204,-0.9984641
169054258,-3.13525,0.735249,-0.518666,0.027321,0.0544027,-0.00210219,-0.9981430
169087389,-3.10797,0.714527,-0.505537,-0.0177681,0.0658308,-0.00768597,-0.9976430
169121150,-3.07446,0.690478,-0.491154,-0.0439523,0.0967514,-0.00769277,-0.9943080
169153413,-3.05465,0.678781,-0.483363,-0.0268455,0.104261,-0.0313119,-0.9936941
169187774,-3.03675,0.671667,-0.480312,0.0200289,0.0538209,-0.00383619,-0.9983420
169220424,-3.00644,0.65243,-0.469427,0.0243342,0.0417119,0.0280395,-0.998440
169254367,-2.98064,0.640214,-0.467281,0.0164961,0.0669503,-0.00935137,-0.9975761
169287318,-2.95006,0.622171,-0.458881,0.0237599,0.0554354,-0.011268,-0.9981160
169321307,-2.91675,0.600326,-0.447886,-0.0010813,0.0614702,0.0270697,-0.9977410
169354839,-2.88302,0.589925,-0.443647,0.0259686,0.0605266,-0.00861391,-0.9977921
169387319,-2.84714,0.574148,-0.438919,0.0335092,0.0632763,-0.00060544,-0.9974330
169420116,-2.80917,0.554734,-0.430924,0.0407751,0.0670064,0.00267917,-0.9969150
169454330,-2.7724,0.536622,-0.426487,0.0458959,0.0788194,0.0117638,-0.9957620
169486772,-2.72743,0.51738,-0.417359,0.0453622,0.0994291,0.00559306,-0.9939941
169521040,-2.68535,0.497944,-0.412893,-0.0257359,0.0620355,-0.00356186,-0.9977360
169554187,-2.63855,0.490149,-0.413949,0.0133082,0.0840126,0.0361993,-0.9957180
169587790,-2.59192,0.466712,-0.404526,0.0288688,0.080763,0.0569446,-0.9946871
169621285,-2.54898,0.451284,-0.40389,0.027224,0.077129,0.0324617,-0.9961210
169654898,-2.50283,0.433056,-0.400235,0.0590419,0.105718,0.0509102,-0.9913350
169687413,-2.4545,0.416516,-0.397343,0.0466313,0.0992714,0.0556983,-0.9924050
169720778,-2.40287,0.401719,-0.396821,0.0514813,0.103111,0.0624785,-0.991371
169753998,-2.35273,0.385636,-0.396177,0.0403906,0.0719771,0.0426258,-0.9956760
169787068,-2.3002,0.368882,-0.3958,0.0443452,0.0744738,0.0571043,-0.9945990
169821415,-2.24596,0.350689,-0.39263,0.0586039,0.0776254,0.0422493,-0.9943621
169854950,-2.19248,0.33285,-0.390031,0.0475842,0.0822197,0.0255419,-0.995150
169887187,-2.13705,0.315129,-0.392815,0.0345967,0.0524047,0.0414711,-0.9971640
169920258,-2.0722,0.295864,-0.392114,0.021428,0.0553971,0.0464715,-0.9971520
169954291,-2.00396,0.26803,-0.391267,-0.0144075,0.0715925,0.0294846,-0.9968941
169987439,-1.94709,0.262113,-0.390811,-1.75463e-05,0.0502282,0.0705877,-0.996240
170021211,-1.88822,0.253484,-0.392498,0.0362378,0.0445713,0.0684861,-0.9959970
170054586,-1.82541,0.237943,-0.394221,0.0386957,0.0695116,0.0525658,-0.9954431
170087558,-1.75744,0.219972,-0.397713,0.0310341,0.0705379,0.0237542,-0.9967430
170121007,-1.68853,0.19886,-0.397317,-0.0103022,0.0991684,0.0159667,-0.9948890
170154757,-1.6197,0.183469,-0.394968,0.0139492,0.0827669,-0.0167135,-0.9963311
170187389,-1.56325,0.174181,-0.399398,0.0512903,0.0628026,-0.0146838,-0.9965990
170220415,-1.47799,0.150168,-0.39052,-0.0399725,0.0641374,0.0441655,-0.9961620
170254726,-1.41027,0.142732,-0.39697,-0.0698268,0.0489084,0.0180807,-0.9961950
170287256,-1.34147,0.128969,-0.400261,0.0329715,0.0701045,0.00968242,-0.9969481
170320082,-1.25984,0.111548,-0.398147,0.00768509,0.0559437,-0.00965596,-0.9983580
170353445,-1.18894,0.101814,-0.400099,0.0394309,0.054533,0.0216853,-0.9974970
170386848,-1.12057,0.0929525,-0.401507,0.0604924,0.0476514,0.0565048,-0.9954280
170420043,-1.04864,0.0801265,-0.408561,0.0643682,0.0544199,0.0164799,-0.9963051
170454747,-0.970057,0.0641457,-0.409766,0.044472,0.0460035,0.0292586,-0.9975220
170487134,-0.893386,0.0541403,-0.415686,0.0824509,0.0367749,-0.0201183,-0.9957130
170521292,-0.819495,0.0389648,-0.415669,0.0738801,0.0249624,-0.0124666,-0.9968771
170553872,-0.738482,0.0258849,-0.418474,0.0697133,0.0242298,-0.00123204,-0.9972720
170586813,-0.66166,0.0136588,-0.42085,0.0549918,0.0106372,0.025205,-0.9981120
170620148,-0.582737,0.000759216,-0.424223,0.047316,-0.0104509,0.0807441,-0.9955560
170653324,-0.502345,-0.0112198,-0.427473,-0.0752122,0.0421984,-0.0891787,0.9922751
170720501,-0.368025,-0.0310861,-0.433441,-0.0500796,0.0663946,-0.0733358,0.9938340
170754147,-0.275181,-0.044133,-0.439725,-0.0684997,0.0669513,-0.0349675,0.9947881
170787578,-0.210653,-0.0495064,-0.446068,-0.0104343,0.0587822,0.0137684,0.9981210
170821293,-0.150024,-0.0563839,-0.447016,-0.0602325,-0.0159745,0.0843678,0.9944840
170853657,-0.103732,-0.0600999,-0.454027,-0.0480877,0.0365779,-0.0453686,0.9971420
170886438,-0.0146038,-0.0739003,-0.470853,-0.0590715,0.0956022,-0.0310704,0.9931791
170920546,0.0552957,-0.0820391,-0.475908,-0.0686013,0.0837667,-0.00886687,0.9940820
170954184,0.116556,-0.0854957,-0.477636,0.0194693,0.0819602,-0.0116756,0.9963770
170986980,0.172483,-0.0937452,-0.486102,-0.0393434,0.117001,0.00352204,0.9923461
171019994,0.227872,-0.0982918,-0.494856,-0.0220211,0.0805456,-0.049554,0.9952750
171054494,0.276729,-0.104129,-0.50485,0.0125161,0.113869,-0.0135126,0.9933250
171087541,0.325639,-0.113904,-0.513003,-0.0295985,0.151801,0.0332093,0.987411
171120775,0.364166,-0.117031,-0.520547,-0.00788558,0.162773,0.00753225,0.9866030
171153549,0.403459,-0.123817,-0.527382,0.0135345,0.143904,0.00497179,0.9894870
171187161,0.439767,-0.128059,-0.53533,0.0508098,0.122605,0.00227027,0.9911520
171220104,0.471475,-0.136116,-0.545785,-0.00252856,0.128412,0.0392211,0.9909421
171253746,0.498523,-0.141494,-0.552823,-0.0276536,0.157744,0.0666849,0.9848380
171287165,0.520616,-0.142752,-0.561786,-0.0186613,0.177718,-0.0168003,0.9837610
171320266,0.538482,-0.142175,-0.567246,-0.00374994,0.15063,-0.0466847,0.987481
171354540,0.554283,-0.147055,-0.574268,-0.000787512,0.137875,-0.0417105,0.9895710
171386921,0.565157,-0.151608,-0.580829,-0.00674306,0.153349,-0.0330616,0.9875960
171420728,0.574055,-0.152996,-0.585892,-0.0223311,0.164356,-0.0416328,0.9852691
171454375,0.576349,-0.156133,-0.592785,-0.0259007,0.16602,-0.0298192,0.9853310
171486900,0.575409,-0.159433,-0.597806,-0.0222387,0.172191,-0.014223,0.984710
171521321,0.569884,-0.161266,-0.599729,-0.00711733,0.185562,-0.0124766,0.9825271
171554777,0.560828,-0.161275,-0.601544,0.0011319,0.186326,-0.0166278,0.9823470
171587334,0.545093,-0.161408,-0.605501,-0.00350617,0.193802,-0.0231859,0.9807610
171620847,0.529245,-0.160868,-0.606295,-0.0228247,0.191959,-0.0249616,0.980820
171654049,0.506143,-0.160422,-0.605838,-0.0351935,0.204427,-0.0406608,0.9774031
171687325,0.483313,-0.160032,-0.602668,-0.00435293,0.207422,0.0139302,0.9781430
171720404,0.449563,-0.162578,-0.603317,-0.00134896,0.164758,0.0237984,0.9860460
171754460,0.412112,-0.161968,-0.601404,-0.0103755,0.145343,0.00980098,0.9892781
171787274,0.368774,-0.162971,-0.601661,-0.0115176,0.164371,0.00633615,0.9863110
171821790,0.326835,-0.162151,-0.594944,-0.00597708,0.137636,0.0184098,0.9902940
171855031,0.278868,-0.162365,-0.587603,0.000885011,0.121194,0.0257891,0.9922931
171887708,0.222744,-0.164733,-0.583215,-0.0207908,0.158594,0.0017504,0.9871230
171920955,0.161232,-0.164257,-0.580764,-0.00817944,0.159968,-0.00278186,0.9870840
171953523,0.0993516,-0.165131,-0.57443,-0.00982252,0.166612,-0.00256839,0.985970
171986559,0.0398817,-0.160404,-0.561736,0.0259351,0.218314,0.0346957,0.9749171
172019840,-0.0193918,-0.1648,-0.557182,-0.0452255,0.197858,-0.00489013,0.9791750
172053963,-0.103717,-0.163305,-0.543153,-0.00746552,0.167672,0.011228,0.9857510
172087282,-0.184172,-0.16445,-0.536258,-0.0021061,0.149817,0.00726456,0.9886851
172120439,-0.263429,-0.162161,-0.524971,-0.0360693,0.147904,-0.0111289,0.9882810
172154503,-0.351714,-0.162436,-0.517755,-0.0501027,0.141006,-0.0420085,0.9878470
172187124,-0.440176,-0.16287,-0.511699,-0.0341087,0.151876,-0.0293658,0.9873740
172221113,-0.51821,-0.164241,-0.502614,-0.0361994,0.112351,-0.0425081,0.9920991
172254445,-0.608954,-0.161014,-0.493567,-0.0169713,0.041569,-0.0374797,0.9982880
172287280,-0.700048,-0.157507,-0.487712,-0.0196508,0.0317645,-0.0474601,0.9981750
172320588,-0.792196,-0.152002,-0.480067,0.0227964,-0.000194075,0.0485319,-0.9985610
172353921,-0.882697,-0.147478,-0.471372,0.0395729,0.0203834,0.030741,-0.9985361
172387031,-0.97198,-0.139686,-0.467667,0.0345979,0.00634775,0.0506625,-0.9980960
172420992,-1.06335,-0.130412,-0.463455,0.0212275,0.00196635,0.0390395,-0.999010
172454871,-1.15307,-0.12265,-0.457442,0.0325205,0.0408159,0.0567114,-0.9970261
172487371,-1.24084,-0.110933,-0.451786,0.0386333,0.069089,0.0596548,-0.9950760
172520238,-1.32689,-0.0984222,-0.450503,0.0381498,0.0470868,0.0728275,-0.9955020
172553431,-1.4096,-0.0847941,-0.447348,0.0413002,0.0729452,0.0544447,-0.9949920
172658786,-1.49156,-0.0691703,-0.448426,0.0514184,0.0662252,0.0632212,-0.9944711
172659547,-1.57189,-0.0515763,-0.448607,0.049964,0.0760534,0.0663726,-0.9936370
172659602,-1.65167,-0.0318226,-0.447669,0.0449449,0.0940415,0.0706216,-0.9920430
172687124,-1.72631,-0.0121602,-0.448826,0.0486291,0.0942013,0.0683464,-0.9920130
172720051,-1.79865,0.0103026,-0.451147,0.0552741,0.08914,0.0697976,-0.9920320
172753534,-1.86669,0.0334392,-0.452089,0.0545727,0.0981901,0.07109,-0.9911240
172787704,-1.913,0.039436,-0.453836,0.0301759,0.126737,0.072772,-0.9888031
172820617,-1.95597,0.0626139,-0.453078,-0.141016,0.122416,0.0639069,-0.9803290
172886680,-2.05189,0.115577,-0.447504,-0.391455,0.301708,0.153794,-0.8556180
172919747,-2.11764,0.139169,-0.463401,-0.0435559,0.220229,0.0816227,-0.9710511
172953030,-2.19167,0.181831,-0.468375,-0.0227666,0.207111,0.0524438,-0.9766460
172987163,-2.24671,0.222291,-0.474844,0.00960277,0.130585,0.0366946,-0.9907110
173019987,-2.28889,0.246982,-0.475962,-0.0763568,0.1549,0.102673,-0.9796091
173053513,-2.33627,0.292033,-0.485396,-0.022421,0.106269,0.032962,-0.9935380
173086906,-2.37985,0.32899,-0.493152,0.0182453,0.0979593,-0.00839984,-0.9949880
173120636,-2.41534,0.361115,-0.499978,0.0100877,0.057054,-0.0290882,-0.9978961
173154129,-2.44647,0.393401,-0.503811,0.0252469,0.0964229,-0.00666005,-0.9949980
173187946,-2.47595,0.42455,-0.510297,0.0364004,0.101298,-0.0112701,-0.9941260
173220390,-2.50434,0.455663,-0.516589,0.0438216,0.0936654,-0.0242628,-0.9943430
173254570,-2.52894,0.486671,-0.523343,0.0382124,0.0915199,-0.0519069,-0.9937151
173286756,-2.54836,0.513503,-0.527381,0.0626843,0.09687,-0.0454699,-0.992280
173320757,-2.56487,0.536772,-0.530672,0.0750723,0.115518,0.00109086,-0.9904640
173353678,-2.58848,0.569015,-0.541847,0.0573405,0.113008,-0.0414101,-0.9910730
173387049,-2.6007,0.581576,-0.544779,-0.0339755,0.115528,-0.0545424,-0.9912241
173419928,-2.61514,0.605537,-0.55448,0.0147562,0.137125,-0.059628,-0.9886470
173454078,-2.6287,0.630077,-0.563464,0.0437518,0.124933,-0.0682022,-0.9888510
173486632,-2.63739,0.64051,-0.569821,-0.00849156,0.117602,-0.0759562,-0.9901150
173519992,-2.64726,0.655101,-0.577814,0.0403205,0.106227,-0.0963896,-0.9888371
173554293,-2.65611,0.669006,-0.585092,0.0687773,0.0950745,-0.117874,-0.9860710
173587758,-2.65584,0.674657,-0.593785,0.00396038,0.0875993,-0.0874168,-0.9923050
173620193,-2.65596,0.683446,-0.598338,0.0341212,0.0842398,-0.111339,-0.9896181
173654334,-2.65418,0.686171,-0.605978,0.0250157,0.0924106,-0.0998455,-0.9903860
173687662,-2.65728,0.683081,-0.611788,0.0508363,0.105714,-0.0735734,-0.9903670
173720285,-2.65436,0.681519,-0.619392,0.0416672,0.104587,-0.0816179,-0.9902851
173754303,-2.65356,0.666944,-0.622973,0.0402634,0.0974742,-0.0535951,-0.9929780
173787459,-2.6468,0.657845,-0.626521,0.0575577,0.113557,-0.0594536,-0.9900790
173819843,-2.63645,0.656175,-0.631496,0.07487,0.0875839,-0.0912551,-0.9891390
173854305,-2.62942,0.634746,-0.636294,0.0622128,0.0967889,-0.0638293,-0.9913061
173887096,-2.61466,0.606878,-0.647067,0.0771363,0.11023,-0.0373471,-0.9902040
173920546,-2.60333,0.600019,-0.647067,0.0333846,0.110661,-0.0558038,-0.9917290
173953917,-2.58638,0.575467,-0.652425,0.0436155,0.107625,-0.0409296,-0.9923910
173986736,-2.57158,0.554201,-0.656302,0.0525033,0.141973,0.000986586,-0.9884771
174020405,-2.55538,0.528991,-0.661147,0.0824077,0.111976,0.00156133,-0.9902870
174053745,-2.52931,0.506285,-0.664051,0.0345404,0.0924552,-0.0137283,-0.9950230
174087513,-2.50819,0.4776,-0.669088,0.0526812,0.109971,-0.00256776,-0.9925341
174119611,-2.48232,0.442793,-0.670618,0.0610051,0.13678,0.0269366,-0.9883540
174154617,-2.45268,0.417188,-0.676394,0.0565303,0.128184,0.00178118,-0.9901360
174186707,-2.42218,0.385623,-0.68049,0.0669463,0.146626,-0.0111513,-0.9868610
174219517,-2.38847,0.353243,-0.684545,0.0445806,0.142954,-0.00580042,-0.9887081
174254549,-2.35113,0.321285,-0.687733,0.0485529,0.13659,-0.0013466,-0.9894360
174287984,-2.31369,0.288922,-0.691634,0.0550397,0.137746,0.0119742,-0.9888650
174320103,-2.27198,0.25599,-0.694703,0.0613175,0.147004,0.0309123,-0.9867491
174353722,-2.22848,0.224358,-0.697067,0.0533287,0.144886,0.0430435,-0.9870720
174387042,-2.18361,0.192217,-0.700163,0.0622373,0.14463,0.0493388,-0.9862930
174420513,-2.13588,0.159717,-0.702382,0.0717383,0.147902,0.0599065,-0.9845761
174454382,-2.08338,0.12865,-0.703477,0.070323,0.157052,0.0723932,-0.982420
174487509,-2.03001,0.100855,-0.706549,0.0588478,0.133547,0.100235,-0.9842030
174520256,-1.97426,0.0742903,-0.708596,0.0468348,0.131026,0.0987984,-0.9853310
174553396,-1.91488,0.0484737,-0.710096,0.0516586,0.116409,0.105274,-0.9862541
174587894,-1.85604,0.0247384,-0.71259,0.046258,0.104947,0.115386,-0.9866770
174619991,-1.7921,0.00212964,-0.71524,0.0372242,0.113076,0.107528,-0.9870490
174653356,-1.72501,-0.0185435,-0.714283,0.0415101,0.135976,0.106471,-0.9840990
174686660,-1.65545,-0.0357527,-0.714476,0.0420142,0.142133,0.11412,-0.9823491
174719997,-1.58289,-0.0542817,-0.713784,0.0287863,0.0710774,0.183261,-0.9800690
174753030,-1.51668,-0.0575161,-0.716061,0.0312559,0.0737045,0.153217,-0.9849440
174787496,-1.43748,-0.0690214,-0.716164,0.0529134,0.0924489,0.141082,-0.9842511
174820453,-1.36259,-0.0766409,-0.715365,0.0368842,0.0965378,0.133114,-0.9856980
174853422,-1.28142,-0.085098,-0.715657,-0.0179154,0.0608113,0.121613,-0.9905510
174887987,-1.20683,-0.0791671,-0.716945,0.0210304,0.0544052,0.127896,-0.9900711
174920591,-1.1219,-0.0798105,-0.717062,0.040344,0.0565165,0.138614,-0.9879090
174954159,-1.04196,-0.0748506,-0.71774,0.0274503,0.0654326,0.128864,-0.989120
174987687,-0.962301,-0.0657723,-0.717461,0.0245934,0.0516087,0.13013,-0.9898470
175020570,-0.880832,-0.0557346,-0.718783,0.0240681,0.0286309,0.123423,-0.9916491
175054103,-0.797003,-0.0436644,-0.717071,0.023775,0.0178022,0.136848,-0.9901470
175086624,-0.713838,-0.0299267,-0.717856,0.0153839,0.00562223,0.132806,-0.9910070
175120295,-0.634518,-0.0143788,-0.721321,0.0124019,-0.0100446,0.10583,-0.9942560
175153318,-0.553506,0.00419873,-0.721397,0.00448067,-0.0138505,0.100265,-0.9948541
175186554,-0.473551,0.0292858,-0.721263,0.00724026,0.027684,-0.0858699,0.9958950
175219684,-0.39825,0.0533707,-0.724584,0.00269793,-0.0277001,0.107532,-0.9938120
175253877,-0.322984,0.0811216,-0.726731,-0.0186612,0.0618996,-0.10381,0.9924941
175287177,-0.252861,0.108071,-0.728117,-0.0116733,0.0835509,-0.0939422,0.9919970
175320396,-0.176889,0.134127,-0.733597,-0.0312309,0.100717,-0.076952,0.9914430
175354351,-0.110959,0.164037,-0.735274,0.00983203,0.0891407,-0.0341155,0.9953861
175386862,-0.047098,0.194167,-0.740485,0.028379,0.115159,-0.053229,0.9915140
175419836,0.0131709,0.228673,-0.742867,0.0193196,0.100752,-0.0373149,0.9940240
175453848,0.074447,0.259113,-0.744875,0.00178367,0.108108,-0.0329741,0.9935910
175487006,0.127258,0.292619,-0.749166,0.0158193,0.121064,-0.0122285,0.9924431
175520526,0.177167,0.326231,-0.753436,0.00994932,0.136983,-0.0255432,0.9901940
175553714,0.216261,0.359854,-0.761154,0.0148213,0.173493,-0.0271375,0.984350
175587332,0.258512,0.391384,-0.765554,0.0249574,0.198516,0.00887897,0.979741
175620572,0.298857,0.421333,-0.766428,0.0491701,0.182194,0.0261633,0.9816840
175653603,0.329658,0.452767,-0.768238,0.0461642,0.179743,0.0392112,0.9818470
175687274,0.355595,0.484311,-0.771928,0.0468972,0.196432,0.0343848,0.9787920
175720606,0.375666,0.514436,-0.774203,0.0407685,0.213614,0.0215102,0.975831
175753646,0.394928,0.54228,-0.775014,0.0532691,0.211254,0.0426569,0.9750460
175787651,0.40626,0.569742,-0.776657,0.0517663,0.19419,0.0371331,0.9788930
175820120,0.413548,0.59604,-0.776773,0.0488805,0.198774,0.0373565,0.9781120
175853116,0.41621,0.620088,-0.776878,0.0530636,0.202875,0.035607,0.9771171
175887526,0.415202,0.644107,-0.775911,0.0550725,0.196363,0.0341482,0.9783880
175920541,0.410388,0.665834,-0.77543,0.0548737,0.178891,0.0405666,0.98150
175953362,0.40088,0.687201,-0.774382,0.0360703,0.179005,0.0144126,0.9830811
175986989,0.387599,0.706387,-0.771648,0.0380454,0.182652,0.00325349,0.9824360
176021419,0.369334,0.724933,-0.770236,0.0407731,0.173448,0.00924855,0.9839550
176053849,0.348076,0.741626,-0.768163,0.0553629,0.160331,0.0196284,0.9853141
176087558,0.324833,0.758446,-0.766242,0.0506274,0.139017,0.0158248,0.9888680
176120293,0.300008,0.772431,-0.763239,0.0651094,0.120699,0.0131226,0.9904650
176153272,0.269477,0.789683,-0.761268,0.0508853,0.0979551,0.00309357,0.9938840
176187403,0.243533,0.795833,-0.757961,0.100729,0.0920227,-0.027916,0.9902561
176220125,0.206103,0.818181,-0.754493,0.0527045,0.0643765,-0.0137669,0.9964380
176254171,0.170121,0.828978,-0.752826,0.0320242,0.0687025,-0.00680033,0.99710
176286606,0.137621,0.839432,-0.750612,0.0571399,0.0784325,-0.0240104,0.9949910
176319428,0.101405,0.855628,-0.751157,0.0463993,0.0479493,-0.00963957,0.9977251
176353703,0.0662401,0.863504,-0.751,0.0766592,0.0256906,0.0113753,0.9966610
176386798,0.0269624,0.878197,-0.749933,0.0637765,0.0259281,0.0104149,0.9975730
176420502,-0.0129227,0.89023,-0.748915,0.0659447,0.00676771,-0.0140587,0.9977011
176453556,-0.0527003,0.903136,-0.748322,-0.0541732,0.00753267,0.0218049,-0.9982650
176487912,-0.0909033,0.913247,-0.750586,0.0532988,0.00638212,0.0128531,0.9984760
176520524,-0.127481,0.923156,-0.75157,0.0557262,-0.000337,0.0197374,0.9982511
176553865,-0.160907,0.929875,-0.752483,0.0839477,0.00916587,0.0207271,0.9962120
176587973,-0.199171,0.939959,-0.754605,0.0816493,0.0134528,0.0306609,0.9960990
176620403,-0.239245,0.948171,-0.75682,0.0558095,0.00131866,0.0305698,0.9979720
176654230,-0.276343,0.954788,-0.758989,0.052767,-0.0100198,0.0489449,0.9973561
176686567,-0.311993,0.960232,-0.761151,-0.0579889,0.0212206,-0.0648568,-0.9959820
176719486,-0.347441,0.963921,-0.765588,0.0531992,-0.00215097,0.0605642,0.9967430
176752744,-0.381995,0.967702,-0.769391,0.0594002,-0.000663652,0.0677336,0.9959330
176788194,-0.416611,0.970965,-0.769917,-0.0656919,0.0301458,-0.0654217,-0.9952371
176820751,-0.449914,0.971597,-0.77259,-0.062421,0.0219344,-0.0683026,-0.9954680
176853559,-0.484089,0.970997,-0.773003,-0.0589735,0.031933,-0.0684968,-0.9953950
176886960,-0.516467,0.96994,-0.774755,-0.0639785,0.0202453,-0.0540357,-0.9962820
176919498,-0.548068,0.968418,-0.774817,-0.0733533,0.0225339,-0.0507475,-0.9957591
176953708,-0.578007,0.961406,-0.77316,-0.0751773,0.0374683,-0.0566029,-0.9948570
176987515,-0.611346,0.958329,-0.772657,0.0587158,-0.0103642,0.0399274,0.9974220
177020135,-0.642343,0.950282,-0.770015,0.0635716,-0.00791042,0.0549238,0.9964331
177053512,-0.671069,0.940228,-0.762637,-0.0867618,0.0391926,-0.0554887,-0.993910
177086460,-0.699733,0.930566,-0.757105,-0.0914429,0.0432435,-0.0388802,-0.9941110
177120001,-0.729663,0.919359,-0.751952,-0.0869953,0.0384834,-0.0643329,-0.9933840
177153774,-0.761516,0.908656,-0.746897,-0.0594754,0.0376973,-0.0592773,-0.9957551
177187373,-0.790676,0.893285,-0.740615,-0.0851385,0.0236074,-0.0467184,-0.9949930
177220253,-0.819698,0.876817,-0.730482,-0.0515312,0.0374468,-0.0602012,-0.9961520
177253159,-0.847107,0.86042,-0.724896,0.0851349,-0.0143871,0.0563973,0.9946680
177287199,-0.879132,0.844768,-0.715277,0.0862704,0.00744102,0.0478039,0.9950961
177319936,-0.908605,0.825953,-0.702329,-0.0530991,0.0248677,-0.0593564,-0.9965130
177353790,-0.936269,0.806548,-0.690478,-0.0210095,0.0298537,-0.0678744,-0.9970260
177387162,-0.963628,0.786387,-0.678604,-0.0206854,0.0288305,-0.0531341,-0.9979570
177420125,-0.990802,0.769645,-0.669501,-0.0456351,0.0173706,-0.0380202,-0.9980831
177453296,-1.01721,0.748223,-0.656999,-0.0444753,0.0287051,-0.0335487,-0.9980340
177488197,-1.04296,0.725877,-0.644718,-0.0458739,0.0284089,-0.0297929,-0.9980990
177519957,-1.06828,0.701478,-0.633434,-0.0418243,0.025469,-0.0115485,-0.9987340
177553261,-1.09266,0.678794,-0.621616,-0.0454314,0.0251021,-0.0197894,-0.9984561
177586412,-1.11501,0.65392,-0.610062,-0.0489837,0.0300436,-0.0176659,-0.9981910
177620772,-1.14087,0.630419,-0.601651,-0.0431641,0.0131595,0.000630981,-0.9989810
177653559,-1.16376,0.604634,-0.590248,-0.0360106,0.0289857,0.00512405,-0.9989181
177687141,-1.18446,0.580753,-0.579013,-0.0514448,0.0369966,-0.00830098,-0.9979560
177719683,-1.2067,0.55479,-0.570381,-0.0480506,0.0202897,0.00151332,-0.9986380
177753696,-1.22791,0.530098,-0.560704,-0.0456638,0.00942232,0.011364,-0.9988481
177787288,-1.24869,0.50579,-0.549589,-0.0490002,0.0259126,0.00444717,-0.9984530
177820727,-1.2678,0.481562,-0.540158,-0.0531529,0.0337849,0.00340167,-0.9980090
177854378,-1.28883,0.457913,-0.533973,-0.0483361,0.00989821,0.0250107,-0.9984691
177886703,-1.30689,0.435062,-0.52431,-0.0523895,0.0169189,0.0351893,-0.9978630
177921056,-1.32631,0.411114,-0.516562,-0.0586091,0.0243658,0.0462639,-0.9969110
177953063,-1.34418,0.386114,-0.508721,-0.0778031,0.0103717,0.047773,-0.9957690
177987549,-1.36318,0.364546,-0.500797,-0.0777771,0.00260465,0.0463099,-0.9958911
178020989,-1.38,0.343196,-0.493225,-0.0633426,-0.00269951,0.0392862,-0.9972150
178054663,-1.39729,0.327242,-0.488391,-0.0428938,-0.00251335,0.055614,-0.9975270
178087323,-1.4144,0.309433,-0.482328,-0.0517606,-0.00591359,0.0608472,-0.9967870
178120126,-1.43023,0.28918,-0.472357,-0.0477869,-0.0127335,0.0979585,-0.9939611
178153775,-1.44849,0.274348,-0.467098,-0.0633365,-0.0094158,0.0795916,-0.9947690
178187505,-1.46578,0.251345,-0.457583,0.0988484,0.0484591,-0.118909,0.9867830
178220331,-1.48043,0.249787,-0.456939,-0.0326125,-0.030555,0.113006,-0.9925891
178254113,-1.49757,0.242566,-0.451492,-0.0375295,-0.0307442,0.121602,-0.9913930
178287350,-1.51316,0.237488,-0.448379,-0.0324713,-0.00535195,0.100813,-0.9943610
178320467,-1.52967,0.231,-0.44278,-0.0414,-0.000656095,0.108624,-0.993221
178353730,-1.54286,0.227044,-0.437522,-0.0584095,0.00562362,0.0869546,-0.9944830
178387069,-1.56234,0.221012,-0.429412,0.0916765,0.0498514,-0.122977,0.9869080
178419856,-1.57421,0.223651,-0.425991,-0.060299,-0.0401636,0.137473,-0.9878520
178453119,-1.59042,0.221125,-0.424666,-0.0143852,-0.014598,0.108262,-0.9939111
178486428,-1.61074,0.227505,-0.419018,-0.0313244,-0.00800739,0.0966932,-0.9947890
178520439,-1.62495,0.224305,-0.414184,0.0641953,0.0238435,-0.0672304,0.9953850
178553735,-1.64388,0.237298,-0.411458,0.0734724,0.0425378,-0.0943337,0.9919141
178586936,-1.65707,0.245446,-0.413685,-0.0590553,-0.00779671,0.04846,-0.9970470
178619394,-1.67543,0.250726,-0.407271,-0.0668326,-0.0238888,0.0962028,-0.9928280
178652692,-1.6928,0.26267,-0.406904,-0.0327422,-0.0126436,0.0832683,-0.9959090
178687149,-1.70683,0.269043,-0.402507,0.0455975,0.0249624,-0.079375,0.9954891
178720904,-1.72195,0.280821,-0.402667,0.0349788,0.0265722,-0.0748302,0.9962280
178753612,-1.74056,0.294074,-0.404773,0.0292863,0.0309742,-0.0874985,0.9952520
178786290,-1.75567,0.305201,-0.403214,0.0440219,0.0428454,-0.0832874,0.994630
178821532,-1.76838,0.319034,-0.404166,0.0230237,0.0220472,-0.0664151,0.9972831
178853750,-1.78186,0.332932,-0.405186,0.0342793,0.0262453,-0.077325,0.9960710
178887406,-1.80015,0.347566,-0.406574,0.0289926,0.0376632,-0.0810402,0.9955770
178921648,-1.81456,0.364358,-0.408975,0.0238295,0.040498,-0.0842723,0.9953341
178953676,-1.82482,0.381566,-0.412537,-0.0371168,-0.0136728,0.0957913,-0.9946150
178986899,-1.8375,0.401985,-0.416979,-0.0149918,-0.00992567,0.0693556,-0.997430
179020372,-1.85258,0.422153,-0.419407,-0.0385458,-0.0171693,0.0872464,-0.9952930
179053562,-1.86696,0.444823,-0.423477,-0.0288449,-0.0190418,0.089957,-0.9953461
179087589,-1.87945,0.468184,-0.427662,-0.0325383,-0.00885005,0.0989943,-0.9945160
179120132,-1.89149,0.490317,-0.431092,-0.0463942,-0.0115674,0.0921372,-0.9945980
179154246,-1.89963,0.522063,-0.43794,-0.0411199,0.0165215,0.132508,-0.9901911
179187939,-1.91316,0.550427,-0.44331,-0.0202279,0.00910645,0.0983779,-0.9949020
179220385,-1.92347,0.575379,-0.447156,-0.00780921,0.00475205,0.0957316,-0.9953650
179253728,-1.93531,0.605537,-0.451067,-0.0135898,0.00518526,0.0825987,-0.9964770
179286726,-1.94615,0.635684,-0.456224,-0.0113662,0.00946985,0.0623034,-0.9979481
179319850,-1.95567,0.665174,-0.46257,-0.00110466,0.00781118,0.056787,-0.9983550
179354887,-1.96342,0.690595,-0.466796,0.011221,0.0450559,0.0317906,-0.9984150
179387036,-1.97248,0.721525,-0.47215,-0.0246771,0.0479327,0.030094,-0.9980921
179421544,-1.98635,0.745848,-0.475838,-0.0971493,0.00813358,0.036777,-0.9945570
179453844,-1.99666,0.77633,-0.48275,-0.0780032,-0.000931525,0.0142278,-0.9968510
179487316,-2.00831,0.809604,-0.490884,-0.0227872,0.0325073,-0.0361916,-0.9985561
179520259,-2.0148,0.831613,-0.493601,0.0344764,0.0293789,0.0558753,0.997410
179553604,-2.0217,0.857411,-0.507367,-0.0360896,0.00784554,-0.0257763,-0.9989850
179586614,-2.03076,0.88517,-0.511748,-0.00490702,-0.0106744,0.0599127,0.9981340
179620864,-2.04035,0.904348,-0.519607,-0.00191614,-0.011741,0.0671616,0.9976711
179653439,-2.04603,0.930597,-0.528998,-0.00168659,-0.0125347,0.0790599,0.996790
179687385,-2.05559,0.949651,-0.535386,-0.00236058,-0.0124997,0.0868095,0.9961440
179720115,-2.06293,0.96367,-0.541646,0.0381456,0.00183401,0.0763056,0.9963530
179753601,-2.07143,0.981596,-0.552045,0.0382919,-0.000671851,0.0851069,0.9956361
179787847,-2.077,0.999457,-0.563549,-0.0167761,0.0259268,-0.0608972,-0.9976660
179819502,-2.08509,1.01217,-0.57135,-0.0126952,0.0253934,-0.0655098,-0.9974480
179853476,-2.0932,1.02035,-0.580673,0.0097236,-0.00683356,0.0870524,0.9961330
179887520,-2.10066,1.02763,-0.588124,0.0116667,0.00382252,0.0920701,0.9956771
179920059,-2.10735,1.02786,-0.597405,0.0209875,0.00823952,0.115353,0.9930690
179953131,-2.11443,1.03252,-0.607879,0.0232377,-0.00685821,0.0960411,0.9950820
179987178,-2.12087,1.03329,-0.61771,0.0110438,-0.00851845,0.0968299,0.9952030
180020216,-2.12731,1.02846,-0.624504,0.0201207,0.00242473,0.115442,0.9931071
180053419,-2.13569,1.02306,-0.63247,0.0160342,-5.15771e-06,0.111317,0.9936560
180086436,-2.1416,1.01577,-0.640419,0.0198955,0.00601621,0.108934,0.9938320
180120145,-2.14931,1.0049,-0.647623,0.0139145,0.0141376,0.117071,0.9929260
180153288,-2.15636,0.990868,-0.655603,0.0055021,0.0118672,0.11909,0.9927971
180187734,-2.16147,0.976479,-0.66259,0.00572015,0.0214337,0.122005,0.9922820
180220015,-2.16825,0.958335,-0.671616,0.00575242,0.010076,0.118057,0.9929390
180255519,-2.1737,0.939264,-0.680374,0.00451245,0.00482918,0.116727,0.9931421
180287282,-2.18125,0.918938,-0.688574,-0.0106209,0.00563985,0.117298,0.9930240
180319676,-2.18657,0.893731,-0.696606,-0.0154692,0.00309019,0.114628,0.9932830
180352794,-2.19312,0.866952,-0.70267,-0.00634045,0.00549554,0.119662,0.9927790
180387981,-2.20024,0.837803,-0.709422,-0.0104994,0.00558884,0.116128,0.9931631
180420330,-2.20881,0.805851,-0.717275,-0.0154194,0.00377313,0.108455,0.9939750
180453329,-2.21635,0.771084,-0.724058,-0.0124061,0.00964604,0.10689,0.9941470
180486505,-2.22532,0.73585,-0.731683,-0.0187868,0.0174584,0.106638,0.9939670
180519888,-2.23074,0.701042,-0.740547,-0.0138061,0.00708753,0.0791664,0.9967411
180552736,-2.23707,0.665197,-0.747123,-0.0189838,0.0105688,0.0524664,0.9983860
180586960,-2.24297,0.627789,-0.755167,-0.0199917,0.00105636,0.0339035,0.9992250
180620545,-2.24988,0.584147,-0.758021,0.0141971,0.0228964,-0.0527611,-0.9982441
180654029,-2.25808,0.543789,-0.767011,-0.00831891,0.00259642,-0.00331286,0.9999570
180687130,-2.26719,0.506545,-0.773547,0.0107048,0.000324452,0.0137404,-0.9998480
180720799,-2.27272,0.460697,-0.778063,0.0107388,0.00626167,0.0312003,-0.9994361
180753377,-2.28022,0.422725,-0.786377,0.013702,0.0254835,0.00195583,-0.9995790
180787232,-2.28936,0.382276,-0.793244,0.00721875,0.0154638,0.0235207,-0.9995780
180819653,-2.29835,0.342288,-0.800174,0.00363341,0.0106693,0.0352451,-0.9993150
180853420,-2.3067,0.302609,-0.806974,-0.00987104,0.000886777,0.0506669,-0.9986661
180886974,-2.31542,0.263378,-0.813994,0.000251813,0.0122389,0.0508959,-0.9986290
180919069,-2.32319,0.217113,-0.820217,-0.0316733,0.00242523,0.0279621,-0.9991040
180953299,-2.33295,0.18237,-0.82672,-0.022942,-0.012648,0.0681168,-0.9973330
180987651,-2.34217,0.151452,-0.833446,-0.00374145,-0.00696007,0.0919514,-0.9957321
181020299,-2.35638,0.119626,-0.84209,-0.00905773,-0.000972471,0.0969347,-0.9952490
181052551,-2.36218,0.0875234,-0.850484,-0.000822918,0.0148386,0.0868046,-0.9961140
181086126,-2.37352,0.0579541,-0.859492,-0.00943881,-0.00306351,0.0981079,-0.9951260
181121197,-2.38301,0.0250007,-0.86252,0.0515481,0.0451722,-0.134172,0.9885851
181153357,-2.39486,0.00179376,-0.873886,-0.0269174,-0.0307962,0.108379,-0.9932680
181188570,-2.40587,-0.018949,-0.885011,-0.0190563,-0.0249041,0.0842141,-0.9959540
181220663,-2.41253,-0.0398578,-0.890652,-0.0268686,-0.0233462,0.100378,-0.9943120
181253114,-2.42054,-0.0762478,-0.887209,0.0724991,0.0609841,-0.129457,0.9870491
181287370,-2.42984,-0.0944479,-0.895592,0.130373,0.0824844,-0.125615,0.980010
181319921,-2.43782,-0.0942276,-0.910802,-0.0262616,-0.0180777,0.0989274,-0.9945840
181352746,-2.44833,-0.104727,-0.915807,-0.0218343,-0.0141547,0.121715,-0.9922240
181387193,-2.45705,-0.113908,-0.921179,-0.0215071,-0.00916792,0.115235,-0.9930631
181419591,-2.46563,-0.121107,-0.924293,-0.0197247,-0.00156067,0.113842,-0.9933020
181453738,-2.4738,-0.126793,-0.9255,-0.0235533,-0.00266693,0.128996,-0.9913620
181487327,-2.48407,-0.131633,-0.923706,-0.0378332,-0.0224337,0.156941,-0.9866281
181519790,-2.4943,-0.131588,-0.924269,-0.0328351,-0.0418852,0.182063,-0.9818460
181552749,-2.5029,-0.128339,-0.925946,-0.0333247,-0.0226129,0.148843,-0.988040
181588374,-2.50958,-0.123342,-0.925507,-0.0302807,0.0118854,0.116269,-0.9926851
181619884,-2.51732,-0.117767,-0.922282,-0.0333419,0.00797077,0.123378,-0.9917670
181653147,-2.52521,-0.110522,-0.918247,-0.0359774,0.00473922,0.117341,-0.9924290
181687357,-2.53124,-0.101817,-0.913852,-0.0319585,0.0119229,0.111232,-0.9932090
181720128,-2.53685,-0.0912775,-0.908808,-0.0402734,0.00917827,0.10125,-0.9940031
181753250,-2.54076,-0.0796458,-0.903334,-0.0258789,0.0360015,0.081956,-0.9956490
181787771,-2.54639,-0.0628245,-0.896813,-0.0349793,0.0277759,0.0937881,-0.994590
181820333,-2.54952,-0.0453151,-0.891096,-0.0462855,0.0282547,0.0900119,-0.9944631
181853985,-2.55161,-0.0343801,-0.880863,-0.0878384,-0.00144325,0.0952587,-0.9915690
181887243,-2.55554,-0.0153994,-0.876888,-0.085082,0.0148671,0.0553883,-0.9947220
181921403,-2.55676,0.00577087,-0.871725,-0.0869459,0.0196959,0.0322218,-0.9954971
181952687,-2.55602,0.0168919,-0.858332,-0.0381691,0.0855298,0.0262031,-0.9952590
181987455,-2.5538,0.0509199,-0.856141,-0.00826843,0.109131,0.023299,-0.993720
182079148,-2.54715,0.0696017,-0.850652,7.32772e-06,0.115927,0.0330422,-0.9927081
182080492,-2.54162,0.0956224,-0.843739,-0.00523411,0.0837229,0.0562451,-0.9948870
182087261,-2.53788,0.128715,-0.840358,-0.0673027,0.107014,-0.00426869,-0.9919680
182120410,-2.53341,0.15122,-0.839056,-0.02751,0.102043,-0.0184334,-0.9942290
182153947,-2.51893,0.173335,-0.830139,-0.127346,0.148543,-0.0280343,-0.9802710
182186730,-2.51066,0.208153,-0.825128,-0.12358,0.153074,-0.0284859,-0.9800431
182220984,-2.49551,0.230509,-0.825497,-0.0784605,0.11595,-0.0368047,-0.9894670
182253373,-2.47883,0.246331,-0.820035,-0.159825,0.142245,-0.0230957,-0.976570
182286475,-2.46479,0.278067,-0.822466,-0.0854465,0.0990452,-0.0501642,-0.9901380
182319912,-2.44286,0.296788,-0.815974,-0.128344,0.0864734,-0.073013,-0.9852511
182353312,-2.41861,0.322836,-0.808284,-0.111157,0.131598,-0.0485146,-0.9838560
182386655,-2.39454,0.354035,-0.804051,-0.100151,0.15091,-0.0323323,-0.982930
182420404,-2.37078,0.383582,-0.801676,-0.0689663,0.147543,-0.0471433,-0.9855211
182453896,-2.34573,0.406372,-0.801783,-0.0563306,0.0968512,-0.103252,-0.9883250
182487798,-2.3153,0.432824,-0.799158,-0.0646591,0.116082,-0.0667607,-0.9888820
182520136,-2.28078,0.457375,-0.796141,-0.064995,0.117794,-0.0731433,-0.9882060
182553799,-2.24557,0.480195,-0.793163,-0.0886725,0.104421,-0.0578184,-0.9888831
182587182,-2.20785,0.505289,-0.790438,-0.0801372,0.107855,-0.0593007,-0.9891560
182620190,-2.16832,0.52698,-0.787692,-0.0658538,0.113123,-0.0624327,-0.9894280
182654255,-2.12486,0.552472,-0.786522,-0.0583864,0.124555,-0.0507628,-0.9891921
182686443,-2.07954,0.575718,-0.783309,-0.0589625,0.105595,-0.0249233,-0.9923470
182719660,-2.0318,0.593276,-0.785517,-0.0523457,0.109827,-0.043191,-0.9916310
182752917,-1.98351,0.610831,-0.784177,-0.0424394,0.14038,-0.0430886,-0.9882490
182786940,-1.92701,0.629113,-0.781565,-0.0490394,0.0824183,-0.0302902,-0.994931
182819343,-1.87709,0.655805,-0.782143,-0.00966499,0.0598148,-0.0427802,-0.9972460
182853601,-1.82059,0.671185,-0.778697,-0.00477145,0.10288,-0.0473882,-0.9935530
182886970,-1.76798,0.694088,-0.777803,0.010793,0.0970672,-0.0216931,-0.9949831
182919542,-1.70697,0.709692,-0.783828,0.0503249,0.0378719,0.0095658,-0.9979690
182953718,-1.64629,0.726614,-0.787148,0.0408421,0.0334706,0.0255608,-0.9982780
183020355,-1.45385,0.695674,-0.82014,-0.368566,0.170143,0.293264,0.8655671
183053710,-1.45954,0.753305,-0.7932,0.0405237,0.0817748,-0.0704041,-0.9933350
183086981,-1.3812,0.781787,-0.788944,-0.097245,0.148822,-0.0262675,-0.983720
183120066,-1.31295,0.795245,-0.78872,-0.0748636,0.147682,-0.0346498,-0.9855890
183153814,-1.24708,0.811948,-0.789337,-0.0361378,0.0982571,-0.0434608,-0.9935551
183186328,-1.1659,0.826213,-0.792339,-0.0461881,0.0948644,-0.00592634,-0.9944010
183219166,-1.0956,0.848536,-0.795082,-0.0350292,0.0654613,-0.0171842,-0.9970920
183253514,-1.01871,0.861871,-0.795906,-0.0172788,0.093797,0.0229457,-0.9951770
183286562,-0.941777,0.878679,-0.801016,-0.0104671,0.0492383,0.0317582,-0.9982271
183320231,-0.865074,0.893461,-0.804388,-0.0221754,0.00985829,0.0221799,-0.9994590
183353253,-0.792643,0.903999,-0.809811,0.0167461,0.0244573,0.0115034,0.9994940
183386121,-0.721314,0.915932,-0.813642,0.00828577,0.0410952,0.0139995,0.9990230
183420194,-0.642085,0.928367,-0.809939,-0.0258267,0.108367,-0.0162534,0.9936431
183454317,-0.580812,0.935396,-0.826531,0.0621,0.0605494,0.0245007,0.995930
183486743,-0.510954,0.947111,-0.825954,0.0501147,0.114082,0.0103234,0.9921530
183519730,-0.446027,0.961974,-0.833086,0.00279095,0.145831,-0.000374857,0.9893050
183552815,-0.38734,0.977194,-0.841484,-0.0327572,0.133441,0.0258333,0.9901781
183587123,-0.32811,0.983317,-0.847718,0.0300949,0.131263,0.0155592,0.9907680
183620697,-0.276324,0.993653,-0.851258,0.0268175,0.152327,0.00929877,0.9879220
183653425,-0.230056,1.00255,-0.857282,0.0046581,0.163405,0.00301525,0.9865431
183687329,-0.188306,1.01019,-0.860736,0.011475,0.19074,-0.0140563,0.9814730
183719782,-0.149717,1.01827,-0.864146,0.0252804,0.204713,-0.0170506,0.9783470
183752962,-0.11539,1.0258,-0.869145,0.0221585,0.201529,0.0125991,0.9791510
183787277,-0.0874717,1.03277,-0.871624,0.0295594,0.202028,0.00252875,0.978931
183819911,-0.0625566,1.03966,-0.8721,0.0454182,0.202622,0.0106906,0.9781450
183852777,-0.0447261,1.04491,-0.871523,0.0545759,0.184692,0.0413961,0.9804060
183886272,-0.0365516,1.0528,-0.871614,0.0454825,0.211112,0.0323159,0.9758680
183919970,-0.0345066,1.06123,-0.870429,0.0230597,0.226641,0.0289626,0.9732751
183953786,-0.0342964,1.06671,-0.868802,0.0206728,0.225909,0.023724,0.973640
183987460,-0.0391067,1.07124,-0.865291,0.0299301,0.225005,0.0102969,0.9738430
184019672,-0.0472104,1.0754,-0.860996,0.0353707,0.216031,0.000428174,0.9757460
184052777,-0.064084,1.08061,-0.854421,0.0286765,0.216624,0.0095205,0.9757871
184087569,-0.0863157,1.0853,-0.846872,0.0225234,0.211498,0.017823,0.9769560
184119852,-0.109013,1.08825,-0.838265,0.0229055,0.205077,-0.00630215,0.9784570
184152987,-0.14267,1.09375,-0.829821,0.0226755,0.197471,0.0182941,0.9798761
184186839,-0.17881,1.09754,-0.820042,0.0291477,0.185689,0.0223531,0.9819220
184219853,-0.21856,1.10047,-0.81002,0.0350054,0.170504,-0.0135957,0.9846410
184253431,-0.263297,1.10448,-0.795073,0.0244914,0.175681,0.000283393,0.9841421
184286748,-0.314838,1.10673,-0.781078,0.0266379,0.184258,-0.00451095,0.9825060
184320479,-0.368628,1.1074,-0.768199,0.0447526,0.161482,-0.00204491,0.9858580
184352939,-0.425835,1.11082,-0.752896,0.0514602,0.152927,-0.0412917,0.9860330
184386272,-0.487122,1.11892,-0.736851,0.0370457,0.154729,-0.0275201,0.9868791
184420493,-0.551392,1.1213,-0.722758,0.0491424,0.147574,-0.00763334,0.98780
184452895,-0.625675,1.12203,-0.706667,0.0490351,0.160259,-0.0187103,0.9856790
184487769,-0.704861,1.12237,-0.690606,0.00131246,0.156138,-0.0104621,0.9876791
184520045,-0.778123,1.12476,-0.671978,0.030683,0.166154,-0.00194963,0.985620
184553598,-0.856106,1.1192,-0.648491,0.0564373,0.157616,-0.0126572,0.9858050
184586660,-0.942703,1.12438,-0.627861,0.0566827,0.166604,-0.009982,0.9843430
184620240,-1.03361,1.13171,-0.613348,0.0151061,0.151713,-0.0345669,0.9877041
184652690,-1.12967,1.13625,-0.595224,0.0178128,0.147572,-0.0387404,0.9881320
184686655,-1.22559,1.13926,-0.578439,0.00147971,0.164541,-0.0415021,0.9854960
184719675,-1.32426,1.14164,-0.559843,-0.00259222,0.152578,-0.0581773,0.9865740
184752699,-1.42803,1.14426,-0.543996,-0.0057616,0.150838,-0.0451109,0.9875121
184786692,-1.53533,1.14457,-0.527938,0.000695138,0.148047,-0.0308696,0.9884980
184819303,-1.64553,1.14599,-0.512286,0.00115632,0.140343,-0.0236003,0.9898210
184853303,-1.75656,1.14696,-0.496646,0.00265537,0.125037,-0.0163027,0.9920151
184887126,-1.87401,1.14697,-0.481822,-0.00300951,0.137837,-0.010031,0.99040
184920375,-1.98998,1.14368,-0.468874,0.0431334,0.129745,-0.0215709,0.9903740
184953599,-2.11034,1.14932,-0.451858,-0.0153821,0.12171,-0.0156919,0.9923221
184986131,-2.23185,1.15181,-0.437373,-0.0192657,0.125027,-0.0437824,0.9910
185019815,-2.35818,1.1553,-0.423338,0.0119998,0.157142,-0.0591418,0.9857310
185054378,-2.48111,1.15601,-0.410157,0.00484498,0.14068,-0.0507348,0.9887421
185086908,-2.60654,1.15743,-0.398628,-0.00936593,0.108223,-0.0402005,0.9932690
185119110,-2.73449,1.15602,-0.386718,-0.0180332,0.0744811,-0.0130135,0.9969740
185153439,-2.86845,1.15659,-0.37891,-0.0282549,0.0405124,-0.0239537,0.9984920
185187524,-3.00035,1.15663,-0.369944,0.0266578,0.025708,-0.00014794,-0.9993141
185219932,-3.1304,1.16104,-0.36401,0.0128823,0.0562434,0.00583374,-0.9983170
185253771,-3.26214,1.16373,-0.359241,0.00158537,0.0438318,0.0386868,-0.9982880
185387280,-3.78316,1.13117,-0.335808,-0.492767,0.446253,0.687251,-0.2927881
185420103,-3.84072,1.17457,-0.355753,0.0498473,0.370312,0.10304,-0.9218280
185453015,-3.93963,1.17357,-0.353456,-0.0406213,0.329045,0.015737,-0.9433090
185486521,-4.06091,1.17983,-0.350594,-0.0648196,0.626336,-0.230834,-0.7417670
185520125,-4.13407,1.17,-0.351473,-0.0238423,0.333289,0.0250193,-0.9421911
185553148,-4.2437,1.16779,-0.360564,0.00878675,0.308734,-0.0192314,-0.9509130
185586322,-4.32168,1.17196,-0.360549,0.0045613,0.303473,0.00590044,-0.9528110
185621339,-4.3905,1.17723,-0.352807,-0.00575681,0.300562,0.00357792,-0.9537381
185653131,-4.45689,1.17828,-0.3534,0.0155105,0.30351,0.0355741,-0.9520380
185686598,-4.51833,1.17775,-0.353412,0.0275903,0.285053,0.0206175,-0.9578930
185720475,-4.56927,1.17871,-0.34996,0.0448724,0.266804,0.01315,-0.9626160
185752807,-4.60791,1.18147,-0.336239,0.009101,0.267829,-0.0262383,-0.9630661
185786171,-4.64252,1.18483,-0.324799,-0.00510897,0.296845,-0.00367582,-0.9549050
185820133,-4.67114,1.18627,-0.31511,-0.0123897,0.290217,-0.0130369,-0.9567920
185853367,-4.69227,1.18504,-0.304246,0.000313658,0.283075,-0.00602895,-0.9590791
185886998,-4.70671,1.18622,-0.292157,-0.0113898,0.276175,-0.0148272,-0.9609250
185919426,-4.71301,1.18536,-0.277203,-0.0412554,0.280047,-0.0487105,-0.9578620
185953615,-4.7144,1.18339,-0.261625,-0.0260855,0.258009,-0.0544077,-0.9642571
185986483,-4.71102,1.18531,-0.244252,-0.0273959,0.304513,-0.00662759,-0.9520910
186019504,-4.70066,1.18728,-0.223111,-0.0246158,0.277475,0.00839823,-0.9603810
186052912,-4.68542,1.18669,-0.200134,-0.00349608,0.271373,0.0249311,-0.9621450
186086144,-4.66499,1.18655,-0.179323,-0.00196402,0.281663,0.0204888,-0.9592931
186120320,-4.63547,1.18745,-0.159704,-0.0276433,0.275373,0.0137995,-0.9608410
186152871,-4.60148,1.19044,-0.135854,-0.0167534,0.238462,0.0100256,-0.9709560
186186338,-4.56483,1.18955,-0.116982,-0.00568111,0.233067,0.0467683,-0.9713191
186219612,-4.52171,1.19212,-0.0993494,-0.0240153,0.212613,0.0473442,-0.9756930
186252459,-4.47258,1.19329,-0.0848037,-0.0379627,0.205798,0.014889,-0.9777450
186287036,-4.41702,1.195,-0.0679775,-0.0422548,0.19802,0.016654,-0.9791451
186320137,-4.35737,1.19504,-0.0567969,-0.0469408,0.184502,0.0286791,-0.9812910
186353257,-4.29589,1.19988,-0.042605,-0.0585787,0.178076,0.0527559,-0.9808540
186386003,-4.23594,1.19832,-0.0474077,-0.0724495,0.174635,0.0370854,-0.9812640
186421231,-4.16231,1.20488,-0.0530361,-0.0331614,0.160595,0.0801086,-0.9832051
186453542,-4.09337,1.20467,-0.0622739,-0.0329477,0.161095,0.0810612,-0.9830520
186486908,-4.01769,1.20626,-0.0789839,-0.0156894,0.178544,0.0431856,-0.9828580
186520541,-3.94043,1.21104,-0.093967,-0.0130895,0.181269,0.029903,-0.9828920
186553293,-3.86159,1.21379,-0.111357,0.0123014,0.182425,0.0388756,-0.9823741
186587483,-3.77789,1.21878,-0.130748,-0.00404624,0.150355,0.0495258,-0.9873830
186619661,-3.69196,1.22522,-0.152202,-0.0241907,0.11373,0.0470915,-0.99210
186653792,-3.60315,1.22949,-0.180829,-3.26711e-05,0.0660329,-0.0150386,-0.9977041
186687323,-3.51079,1.23286,-0.207029,0.0183367,0.0607299,-0.0383858,-0.9972470
186719917,-3.41866,1.23973,-0.234766,0.0148078,0.0435298,-0.045557,-0.9979030
186753605,-3.32883,1.24514,-0.263028,0.021663,0.0285216,-0.0209606,-0.9991390
186787430,-3.23747,1.25252,-0.288664,0.00440922,0.0208171,0.012183,-0.9996991
186819890,-3.15777,1.26131,-0.30609,0.0438941,0.020197,0.249104,-0.9672710
186853739,-3.07668,1.25602,-0.342415,-0.0569074,0.0109627,0.116026,-0.9915540
186886085,-2.97436,1.26615,-0.379453,0.00651,-0.00482624,0.128966,-0.9916160
186919954,-2.87312,1.27477,-0.407224,-0.00258609,-0.00887123,0.140137,-0.9900891
186953124,-2.78201,1.28364,-0.437218,0.00352045,0.0397961,-0.0994335,0.9942420
186987883,-2.69726,1.28944,-0.471589,-0.00506566,0.0453054,-0.0709802,0.9964350
187019899,-2.61532,1.29434,-0.50213,0.00635377,0.0412831,-0.0629159,0.9971440
187053836,-2.5287,1.29699,-0.527444,0.03628,0.053914,-0.0209508,0.9976661
187087596,-2.45294,1.30192,-0.559248,0.0204384,0.145451,0.035018,0.9885340
187119531,-2.38117,1.30411,-0.58553,0.0215305,0.153712,0.0529883,0.9864590
187153286,-2.30546,1.30956,-0.611968,0.0295657,0.160874,0.0539013,0.9850580
187186546,-2.23573,1.31214,-0.636427,0.0126524,0.135688,0.0126435,0.990591
187220289,-2.17122,1.31514,-0.660141,0.0116596,0.141535,0.00799339,0.9898320
187253260,-2.1107,1.31765,-0.6831,0.0245681,0.170583,0.0159048,0.9849090
187285887,-2.04894,1.31869,-0.70016,0.0256391,0.149547,0.0225215,0.9881660
187320246,-1.99053,1.31939,-0.716217,0.0372817,0.129428,0.0140611,0.9907881
187354469,-1.93595,1.3199,-0.732394,0.0357407,0.138808,-0.011806,0.9896040
187386847,-1.88318,1.32001,-0.743885,0.0471209,0.119845,-0.015803,0.9915480
187420121,-1.83453,1.319,-0.755784,0.0582891,0.104062,-0.00654924,0.992840
187548012,-1.78916,1.31689,-0.766564,0.0628348,0.107646,-0.00414036,0.9921931
187549388,-1.74605,1.31003,-0.776304,0.0817086,0.0985877,0.0112852,0.9917040
187549424,-1.70349,1.30498,-0.783385,0.149282,0.0604702,0.0194077,0.9867530
187554001,-1.66718,1.30809,-0.788684,0.0959632,0.112133,-0.0218248,0.9888080
187587182,-1.63257,1.30468,-0.794511,0.0745294,0.0837424,-0.0247566,0.9933880
187620431,-1.59511,1.29898,-0.798368,0.106242,0.0522568,-0.0286535,0.9925530
187753399,-1.56108,1.29613,-0.800521,0.11419,0.0392444,-0.0496373,0.9914421
187753728,-1.52859,1.28981,-0.800344,-0.197202,0.00368968,0.0612305,-0.9784420
187753782,-1.49711,1.2882,-0.800624,-0.172209,0.000353198,0.0503332,-0.9837740
187754808,-1.46344,1.28184,-0.803735,-0.168662,0.0107074,0.0394017,-0.9848280
187800989,-1.43442,1.27944,-0.801655,-0.134135,-0.00490849,0.0230291,-0.9906830
187819580,-1.41263,1.27672,-0.797031,0.136878,0.0198026,-0.0179287,0.9902280
187949248,-1.3861,1.27865,-0.794819,0.114079,0.0292946,-0.013188,0.9929521
187949970,-1.36274,1.26998,-0.792168,0.125237,0.0284363,-0.0187367,0.9915420
187950021,-1.33752,1.26798,-0.789214,0.105558,0.0229545,0.0210086,0.9939260
187953448,-1.31426,1.26392,-0.782031,0.0963603,0.023725,-0.0172836,0.9949140
188037357,-1.29133,1.25824,-0.776258,0.108424,0.019672,-0.0241858,0.9936160
188038247,-1.26803,1.25465,-0.770813,-0.11402,0.00293882,0.0483689,-0.9922960
188098876,-1.2447,1.24624,-0.763315,-0.11256,-0.000650692,0.0244087,-0.9933451
188099703,-1.21919,1.24559,-0.757601,0.099731,0.00914742,-0.0103598,0.9949180
188120191,-1.19886,1.24056,-0.752809,-0.0838645,0.0112588,0.0239024,-0.9961270
188234934,-1.17275,1.23375,-0.744023,-0.0902102,0.00210145,0.0589932,-0.9941721
188236369,-1.15273,1.23103,-0.739302,-0.0729685,0.0104642,0.0305402,-0.9968120
188236397,-1.1287,1.21787,-0.731261,-0.0947478,-0.00576211,0.0323563,-0.9949590
188265034,-1.10855,1.21542,-0.726753,0.083575,0.0148015,-0.0316497,0.9958890
188287013,-1.0869,1.20405,-0.723119,0.037976,0.0256387,-0.0518818,0.9976020
188409931,-1.06175,1.19551,-0.719313,0.0375748,0.0456539,-0.0418405,0.9973731
188410436,-1.04194,1.19872,-0.711245,-0.128664,0.00771885,0.0310458,-0.9911720
188410468,-1.01614,1.1899,-0.707228,-0.0826468,0.00374918,0.0216677,-0.9963360
188419581,-0.993765,1.18262,-0.705317,-0.106235,0.0124534,-0.00920463,-0.994220
188507324,-0.973448,1.17722,-0.70152,-0.0961908,0.0170945,-0.00245812,-0.9952130
188508421,-0.952495,1.16977,-0.697707,0.0864783,0.00555415,-0.00135501,0.9962370
188520007,-0.928317,1.15848,-0.695533,-0.0793921,0.0360565,-0.0274902,-0.9958121
188553145,-0.90432,1.1499,-0.692039,-0.08311,0.0255818,-0.0399144,-0.9954120
188586244,-0.889441,1.14469,-0.686745,-0.0909954,0.0121808,-0.0218783,-0.9955360
188620718,-0.865194,1.13035,-0.685274,0.112407,-0.00387022,0.0337517,0.9930811
188727835,-0.841003,1.12043,-0.682805,0.107014,-0.00615717,0.0459383,0.9931771
188729078,-0.821345,1.10955,-0.680448,0.102371,0.00126941,0.0457826,0.9936910
188729134,-0.796385,1.0923,-0.677768,0.0779653,0.00917609,0.0482488,0.9957460
188753354,-0.77763,1.08237,-0.675699,0.102598,-0.00548992,0.0269933,0.9943410
188786581,-0.755491,1.07001,-0.676349,-0.0892517,0.0150845,-0.0223558,-0.9956440
188819538,-0.734104,1.05155,-0.67414,-0.0999228,0.0317877,-0.0233095,-0.9942140
188853748,-0.709942,1.0315,-0.671893,-0.112806,0.0316946,-0.0240045,-0.9928211
188959124,-0.686086,1.01424,-0.672134,-0.118768,0.0329979,-0.0287846,-0.9919561
188960499,-0.664729,1.00163,-0.66958,-0.0865491,0.0274995,-0.00927705,-0.9958250
188960550,-0.645094,0.980435,-0.665731,-0.1078,0.0188313,-0.00931457,-0.9939510
188986593,-0.626095,0.967534,-0.663184,0.0889238,0.00959925,0.013238,0.9959040
189020495,-0.607664,0.946561,-0.664897,-0.0946779,-0.00438345,0.0237607,-0.9952150
189053228,-0.584928,0.929343,-0.663402,-0.0812206,-0.00280364,0.0339075,-0.9961150
189169598,-0.564841,0.910283,-0.662524,-0.0770204,-0.00273474,0.0354289,-0.9963961
189170363,-0.539337,0.888256,-0.661422,-0.123453,0.0158802,-0.00577253,-0.9922070
189170535,-0.52151,0.868559,-0.657869,-0.107184,0.000483074,0.0225102,-0.9939840
189186415,-0.497253,0.851372,-0.658057,-0.0832935,-0.0107695,0.0455967,-0.9954230
189220336,-0.474927,0.837191,-0.660808,-0.127966,0.0145885,-0.0120463,-0.9915980
189252805,-0.454826,0.815529,-0.658599,-0.0962389,0.0278003,-0.0173519,-0.9948190
189391957,-0.437885,0.796095,-0.659478,-0.0805378,0.0146685,-0.0120513,-0.9965711
189393363,-0.41637,0.773603,-0.662349,0.0859209,0.00983225,0.0118737,0.9961830
189393416,-0.397601,0.763034,-0.666128,-0.0825841,-0.000892652,0.00118465,-0.9965830
189393440,-0.376348,0.740665,-0.666507,0.0705095,-0.000813123,0.00876188,0.9974720
189419689,-0.355682,0.728676,-0.669488,-0.0670345,0.000215924,0.0203302,-0.9975440
189452271,-0.337729,0.710221,-0.671627,0.0809108,0.0176118,-0.019043,0.9963840
189551021,-0.318225,0.695823,-0.668171,-0.102072,-0.0038524,0.0481829,-0.9936021
189552013,-0.298549,0.686582,-0.66947,-0.0825567,0.0488139,0.033338,-0.9948320
189553236,-0.280513,0.668643,-0.671165,-0.0569547,0.0195531,0.0460615,-0.9971220
189586947,-0.258909,0.651754,-0.672542,-0.0678621,0.015369,0.0170568,-0.9974310
189620335,-0.236928,0.642073,-0.675873,-0.0496795,0.0386393,0.0713767,-0.9954620
189652892,-0.2162,0.629984,-0.676263,-0.0587168,0.0357157,0.0889492,-0.9936621
189701756,-0.192991,0.612977,-0.675987,-0.00302255,0.0386072,0.126807,-0.9911710
189719036,-0.177286,0.597767,-0.680412,-0.0327988,0.00614119,0.090483,-0.9953390
189754149,-0.152989,0.576256,-0.680669,0.0513829,0.0168893,-0.0282172,0.9981371
189786500,-0.132873,0.563265,-0.686447,-0.0607736,0.00494164,0.0619656,-0.9962140
189819442,-0.111602,0.548229,-0.691836,-0.0949755,-0.00347081,0.0813269,-0.9921460
189853489,-0.0911438,0.538223,-0.692855,-0.0727175,-0.0205327,0.0867404,-0.9933610
189886182,-0.070209,0.530735,-0.69593,-0.0723203,0.000424303,0.0622416,-0.9954371
189920494,-0.0518782,0.519265,-0.700589,-0.0657022,-0.0106764,0.0467269,-0.9966870
189977617,-0.0342225,0.508042,-0.703094,0.0156783,0.0300791,-0.0321424,0.9989080
189986485,-0.0146127,0.501611,-0.709959,0.0601757,0.0378475,-0.0692902,0.995061
190020702,0.00475964,0.493083,-0.713135,0.0576016,0.0309155,-0.0685963,0.99550
190052893,0.0228759,0.48578,-0.717803,0.0661746,0.0252261,-0.0800841,0.9942690
190087495,0.0414888,0.479028,-0.723298,-0.0723063,-0.0164481,0.0794064,-0.994081
190222631,0.0567435,0.475114,-0.730601,0.0879086,0.037792,-0.0735308,0.9926921
190223069,0.0738663,0.465986,-0.73473,0.0602012,0.0558396,-0.0696477,0.9941870
190223100,0.0866365,0.460762,-0.737044,0.0879417,0.0473351,-0.0781145,0.9919290
190223124,0.102848,0.456759,-0.74361,0.100033,0.0219115,-0.0514197,0.9934130
190276785,0.114341,0.454309,-0.746209,-0.107219,-0.00541042,0.0426089,-0.9933070
190298796,0.128738,0.448972,-0.750953,0.0999982,0.0164675,-0.0164928,0.9947150
190319426,0.141974,0.447232,-0.757085,0.0880833,0.0202699,-0.0116783,0.9958380
190352405,0.157173,0.443517,-0.76244,0.0934817,0.0053198,0.00910732,0.9955651
190386465,0.172208,0.439074,-0.768406,-0.0965166,0.0141115,0.00129984,-0.995230
190419980,0.18651,0.431708,-0.775201,-0.0999204,0.0092522,0.00389633,-0.9949450
190452920,0.207081,0.420102,-0.788648,0.0622123,0.0131221,0.0609865,0.9961111
190486085,0.219116,0.418574,-0.791208,0.0634753,0.00527022,0.0648303,0.9958610
190520470,0.232859,0.408334,-0.797323,-0.0796345,0.046724,-0.0545535,-0.9942330
190552738,0.244728,0.399826,-0.800786,-0.0503955,0.0673197,-0.0836238,-0.9929430
190585461,0.254333,0.396279,-0.809842,0.0934492,-0.0161199,0.0788501,0.9923661
190620987,0.263523,0.384572,-0.817458,0.0692915,0.00106849,0.0838245,0.9940680
190654375,0.278388,0.367734,-0.824355,0.0493582,-0.0109249,0.0895393,0.99470
190686489,0.289885,0.350747,-0.833416,0.0339533,0.0521302,0.104305,0.9925981
190719493,0.297176,0.342431,-0.841706,0.0505853,0.0840163,0.0740856,0.9924180
190752603,0.306211,0.326804,-0.848464,0.0417743,0.0817174,0.0563686,0.9941830
190785911,0.31126,0.315515,-0.853016,0.0367735,0.0861247,0.0348134,0.9949970
190820060,0.315469,0.298243,-0.859051,0.0464213,0.0962951,0.0301441,0.9938131
190853833,0.31616,0.282808,-0.863074,0.0625745,0.0910779,0.0325371,0.9933430
190886270,0.319065,0.264592,-0.869473,0.0418568,0.0996303,0.00266519,0.994140
190920437,0.318182,0.243215,-0.878036,0.0287709,0.106484,0.00980291,0.993851
190952829,0.313156,0.224544,-0.883969,0.0325396,0.115128,0.0059486,0.99280
190985599,0.304552,0.205704,-0.888897,0.0505861,0.137105,-0.00521957,0.989250
191019845,0.294924,0.186653,-0.894206,0.0385257,0.13463,-0.0104543,0.9900920
191052781,0.281766,0.162788,-0.902043,0.051012,0.140591,0.00786476,0.9887211
191086077,0.265158,0.141438,-0.907406,0.0511824,0.141062,0.0141993,0.9885750
191119263,0.242415,0.122429,-0.911044,0.0339071,0.150401,0.00297901,0.9880390
191154271,0.219138,0.100764,-0.91415,0.0286164,0.137139,-0.00604045,0.990121
191187659,0.194707,0.0812234,-0.918528,0.0302534,0.132742,-0.0129412,0.9906040
191220273,0.168144,0.0633943,-0.922871,0.042025,0.123795,-0.0213311,0.9911880
191252695,0.138391,0.041148,-0.925579,0.0352722,0.103646,-0.0314458,0.9934910
191286036,0.105894,0.0206986,-0.930819,0.0555583,0.101781,-0.0351792,0.9926311
191319357,0.0726678,0.00103107,-0.931032,0.066856,0.0952394,-0.0668691,0.9909530
191352576,0.0343696,-0.0231595,-0.929763,0.0429685,0.0696586,-0.086508,0.9928840
191387815,-0.00186536,-0.0393277,-0.93134,0.0214278,0.0572904,-0.0900247,0.994061
191420000,-0.037906,-0.0501209,-0.932064,-0.00016506,0.0503885,-0.0953983,0.9941630
191452592,-0.0780696,-0.0679664,-0.930916,-0.0125508,0.0378084,-0.109026,0.993240
191486608,-0.120473,-0.0793964,-0.928941,-0.00764623,0.0435794,-0.129623,0.9905760
191520181,-0.159815,-0.088715,-0.926509,-0.0290855,-0.0235348,0.149954,-0.9879851
191552713,-0.202439,-0.095725,-0.922734,0.0423364,0.0501186,-0.134964,0.9886760
191586632,-0.242745,-0.102232,-0.915291,-0.0379315,-0.0297504,0.134023,-0.9898050
191619581,-0.282875,-0.107666,-0.908434,-0.031445,-0.00858575,0.132818,-0.9906040
191653056,-0.320336,-0.10922,-0.901144,-0.0193614,0.0163585,0.118779,-0.9925971
191685588,-0.359693,-0.106239,-0.893856,-0.022324,0.0296369,0.127073,-0.9911990
191719118,-0.399181,-0.0999509,-0.885304,-0.0359832,0.0399927,0.130041,-0.9900480
191752474,-0.440258,-0.0913033,-0.875607,-0.0262669,0.0266336,0.125552,-0.9913820
191786325,-0.478765,-0.0845956,-0.865045,-0.0255946,0.0151857,0.128382,-0.9912781
191819981,-0.487089,-0.111349,-0.854724,-0.246081,0.65185,-0.692092,-0.1885310
191886248,-0.585598,-0.0454824,-0.833411,-0.00938325,0.0470524,0.157477,-0.9863560
191920033,-0.625125,-0.0241619,-0.819779,-0.0320949,0.0452966,0.15214,-0.9867991
191953450,-0.663299,-0.00271649,-0.807279,-0.0363818,0.0451566,0.119765,-0.9911070
191986695,-0.697151,0.0204701,-0.79644,-0.0345364,0.0402301,0.103392,-0.9932270
192020362,-0.728051,0.0432208,-0.786251,-0.0289489,0.0626998,0.0736005,-0.9948941
192053335,-0.759167,0.0697425,-0.774297,-0.021203,0.054373,0.0827401,-0.9948610
192086152,-0.789973,0.0994348,-0.765272,-0.0357103,0.0341405,0.0848395,-0.9951690
192119905,-0.81921,0.129191,-0.756003,-0.0467527,0.0333146,0.0766686,-0.9954030
192153277,-0.844491,0.156627,-0.746264,-0.0606448,0.020256,0.0877524,-0.9940881
192185745,-0.86769,0.182646,-0.739807,-0.081933,0.048709,0.0814698,-0.9921070
192220084,-0.883372,0.212169,-0.730526,-0.091434,0.0690463,0.0920724,-0.9891390
192252722,-0.912209,0.246512,-0.716457,-0.075105,0.0227022,0.0835398,-0.9934110
192285871,-0.945826,0.291824,-0.709668,-0.030088,-0.00680436,0.0735547,-0.9968141
192319225,-0.971273,0.326139,-0.699253,-0.0552739,0.0194286,0.0513221,-0.9969620
192352294,-0.993989,0.361494,-0.692753,-0.0496739,0.00319083,0.0312224,-0.9982720
192386504,-1.01631,0.401623,-0.687435,-0.0566044,0.0086827,0.0425194,-0.9974531
192419326,-1.03873,0.429846,-0.676893,-0.0894949,0.0249707,0.0227097,-0.9954150
192452423,-1.06221,0.472319,-0.673738,-0.0295839,0.0532331,0.0299525,-0.9976940
192485435,-1.08395,0.502437,-0.665208,-0.01621,0.0361841,-0.0298081,-0.9987690
192519647,-1.10123,0.536319,-0.658495,-0.0279978,0.0288937,-0.0375328,-0.9984851
192553161,-1.11975,0.565373,-0.652952,-0.0511215,0.0448079,-0.0534883,-0.9962520
192586187,-1.13774,0.593679,-0.646952,-0.0148855,0.0452376,-0.0746104,-0.9960750
192619655,-1.15388,0.621253,-0.644223,-0.000130858,-0.0100987,0.0905892,0.9958371
192653513,-1.17519,0.650538,-0.637264,0.0305336,-0.00973042,0.0983856,0.9946320
192686493,-1.18666,0.668261,-0.632425,0.00720744,0.017497,0.0599035,0.9980250
192719899,-1.20769,0.69855,-0.626728,-0.0381401,0.0169702,-0.0462899,-0.9980551
192752342,-1.22378,0.718593,-0.622612,0.0128368,-0.00770804,0.0664842,0.9976750
192786464,-1.24092,0.739617,-0.616576,0.0145679,0.0151032,0.0910722,0.9956230
192820856,-1.25467,0.752353,-0.613742,0.0163798,0.0165972,0.132173,0.9909521
192853629,-1.26779,0.765125,-0.608871,0.008988,0.0144589,0.116874,0.9930010
192886922,-1.28137,0.776673,-0.604593,-0.0160444,0.02394,0.118931,0.9924840
192919557,-1.29208,0.787031,-0.597338,-0.00706076,0.0077781,0.0950323,0.9954190
192952708,-1.30677,0.791462,-0.593982,-0.0138616,0.00956594,0.0922944,0.9955891
192985772,-1.3177,0.798471,-0.585003,-0.0204983,0.0224619,-0.0710332,-0.997010
193019545,-1.3306,0.80054,-0.579481,-0.00950806,0.0313564,-0.0814169,-0.9961410
193052751,-1.34318,0.798808,-0.575104,0.00470461,-0.0171104,0.0674509,0.9975651
193086741,-1.35408,0.793887,-0.568959,-0.0210045,-0.0057179,0.0597453,0.9979760
193118994,-1.36417,0.789849,-0.564176,-0.0214564,0.00221376,0.0642771,0.9976990
193152169,-1.37441,0.781605,-0.557144,-0.0325524,-0.00120425,0.0531527,0.9980550
193186854,-1.38496,0.774135,-0.557042,-0.0255621,0.0460729,0.0533963,0.9971821
193219351,-1.39612,0.764198,-0.550043,-0.012437,0.0259962,0.0597187,0.9977990
193253537,-1.40808,0.753629,-0.543626,0.0137164,0.0282523,0.029539,0.999070
193286297,-1.41571,0.740439,-0.538428,0.026263,0.0232618,0.0297225,0.9989420
193319555,-1.42386,0.726156,-0.532691,0.0220037,0.0215794,0.0315854,0.9990261
193352321,-1.43314,0.710787,-0.526163,0.0336494,0.0279238,0.0305603,0.9985760
193385716,-1.44298,0.695473,-0.523148,-0.0133084,0.0190605,0.03646,0.9990650
193418911,-1.44821,0.676485,-0.516846,0.00824862,0.0421431,0.0239096,0.9987910
193453565,-1.45605,0.667929,-0.510378,0.0128952,0.00286729,-0.000530397,-0.9999131
193486230,-1.46086,0.644448,-0.504769,0.0509362,0.0181448,-0.0446956,0.9975360
193520445,-1.46615,0.631732,-0.502043,0.0201811,0.0121932,0.0359502,-0.9990750
193553827,-1.47254,0.61339,-0.495493,-0.00117222,0.0173464,0.0326696,-0.9993151
193586108,-1.48293,0.598963,-0.48867,0.0158197,0.0292455,0.0448775,-0.9984390
193620427,-1.48664,0.583289,-0.486258,-0.00596134,-0.00336637,0.0820693,-0.9966030
193652790,-1.49829,0.569765,-0.482837,0.0118797,0.0359861,-0.0461644,0.9982150
193685726,-1.50145,0.547624,-0.472522,0.00582924,0.0381961,-0.0706764,0.9967511
193719819,-1.50668,0.535624,-0.470028,0.0242645,0.0537744,-0.138191,0.9886470
193753527,-1.51178,0.525804,-0.468006,0.0214169,0.0304362,-0.0945371,0.9948250
193785491,-1.5183,0.51195,-0.463813,-0.0229159,-0.00965715,0.0902386,-0.995610
193819910,-1.52368,0.499543,-0.461823,-0.0204396,-0.00977864,0.0710331,-0.9972171
193854315,-1.53121,0.488572,-0.457115,-0.030136,0.00247947,0.0735421,-0.9968340
193886441,-1.53438,0.478858,-0.456272,-0.0324561,-0.001359,0.0551416,-0.997950
193920747,-1.53774,0.467326,-0.451391,-0.0168601,0.00614943,0.0642892,-0.997771
193953297,-1.54142,0.457635,-0.448402,-0.00427659,0.00765242,0.0659204,-0.9977860
193987104,-1.54757,0.452574,-0.448907,-0.00307789,-0.00172425,0.0505702,-0.9987140
194019542,-1.55117,0.44485,-0.44468,-0.00365315,0.00455794,0.0440198,-0.9990140
194053507,-1.55605,0.43739,-0.44292,0.011893,-0.000829928,0.0405269,-0.9991071
194085461,-1.55935,0.428786,-0.439576,0.0104735,-0.00276348,0.0268666,-0.999580
194120286,-1.56288,0.421969,-0.436404,0.0163531,0.00234146,0.0228415,-0.9996030
194153278,-1.56572,0.415022,-0.433078,-0.0062584,0.00535401,-0.0111047,0.9999040
194186484,-1.56873,0.409624,-0.431207,0.00961931,-0.00626153,0.0205317,-0.9997231
194219947,-1.57314,0.404168,-0.430048,-0.00517358,-0.00711331,0.0234115,-0.9996870
194252325,-1.57517,0.397966,-0.427305,0.00729304,0.00823626,-0.0181369,0.9997750
194286490,-1.57958,0.393554,-0.426623,-0.00245944,0.00849946,-0.014972,0.9998491
194320587,-1.58219,0.387271,-0.424799,-0.00835603,0.0118783,-0.0129093,0.9998110
194353118,-1.58593,0.383727,-0.423833,-0.00627189,0.00789802,-0.014127,0.9998490
194386425,-1.58804,0.378191,-0.42274,-0.00885108,0.00483,-0.00628963,0.9999290
194419727,-1.59297,0.375525,-0.423573,0.0227285,-0.00360557,0.0189129,-0.9995561
194453413,-1.59482,0.37096,-0.422356,-0.0202809,0.00616374,-0.0180703,0.9996120
194485513,-1.59741,0.368076,-0.422022,0.0111236,0.00705431,0.0211593,-0.9996890
194519781,-1.60054,0.362153,-0.422442,0.00913942,0.0133418,-0.028829,0.9994541
194553128,-1.60488,0.357911,-0.420904,0.00314742,0.0310782,-0.0593214,0.997750
194586460,-1.60667,0.353236,-0.422578,-0.00261298,0.0123044,-0.0364678,0.9992560
194620624,-1.60969,0.352356,-0.422844,0.0312116,0.00169321,0.0432514,-0.9985751
194651896,-1.61202,0.348189,-0.421714,0.0186602,-0.0128123,0.0575747,-0.9980850
194686377,-1.61429,0.346955,-0.422297,0.0228578,-0.0124864,0.0692623,-0.9972580
194777307,-1.61744,0.345111,-0.422278,0.0279625,-0.00993916,0.0596222,-0.997781
194778754,-1.61763,0.34028,-0.424411,0.026455,-0.00214975,0.0525738,-0.9982640
194786741,-1.62355,0.344178,-0.424162,0.0396034,0.00217016,0.0695305,-0.9967910
194819095,-1.62539,0.343957,-0.424175,0.0313145,0.0063208,0.0736982,-0.9967690
194853049,-1.62788,0.344638,-0.425364,0.0330113,0.00116205,0.0751262,-0.9966270
194886054,-1.62948,0.345908,-0.42653,0.0283524,0.00454623,0.0773675,-0.9965891
194920188,-1.63013,0.348147,-0.428405,0.0353271,0.00493301,0.0782258,-0.9962970
194952445,-1.63231,0.351957,-0.429882,0.0333762,0.00912194,0.0735721,-0.9966890
194986558,-1.63349,0.356122,-0.431337,0.0344515,0.00360319,0.0740002,-0.9966561
195020878,-1.63406,0.361977,-0.432774,0.0393715,0.00205809,0.0825894,-0.9958030
195053329,-1.63624,0.368739,-0.434435,0.0389725,0.00444597,0.0777945,-0.9961970
195087230,-1.63682,0.376328,-0.435703,0.0408887,0.00799579,0.0816008,-0.9957941
195119144,-1.63737,0.384802,-0.436657,0.0328615,0.00644292,0.0834519,-0.9959490
195152375,-1.63809,0.395941,-0.438251,0.0416464,0.0105094,0.0900631,-0.9950090
195186751,-1.63856,0.406912,-0.440229,0.039972,0.0118221,0.0884511,-0.9952080
195219437,-1.63786,0.418934,-0.442221,0.0415871,0.0134389,0.0850753,-0.9954161
195253092,-1.63708,0.432335,-0.443251,0.0435048,0.01546,0.0925043,-0.9946410
195286958,-1.63627,0.447216,-0.444917,0.046124,0.0180364,0.0975524,-0.9939970
195319646,-1.63559,0.463356,-0.44696,0.0452317,0.0210781,0.0967168,-0.994061
195352719,-1.63465,0.480722,-0.449065,0.0453602,0.0213449,0.0966396,-0.9940560
195387051,-1.6331,0.499492,-0.451751,0.0468283,0.0216329,0.0939147,-0.9942430
195419521,-1.63079,0.519295,-0.453921,0.0494326,0.0229066,0.0953553,-0.9939510
195453038,-1.62724,0.538841,-0.455273,0.0649867,0.0335703,0.104901,-0.9917891
195486600,-1.62517,0.563854,-0.459229,0.0528801,0.0266566,0.0944604,-0.9937660
195519919,-1.6208,0.587497,-0.460894,0.0598279,0.0351913,0.101209,-0.9924410
195552112,-1.61401,0.608589,-0.45671,0.0896705,0.0447035,0.152104,-0.9832730
195586344,-1.61431,0.638838,-0.464637,0.0537016,0.0179013,0.116631,-0.9915611
195619290,-1.60803,0.665355,-0.462881,0.0735257,0.0258469,0.136482,-0.9875720
195652256,-1.60642,0.693914,-0.469833,0.0378173,0.0232967,0.0975399,-0.994240
195686472,-1.59942,0.724173,-0.475352,0.0620794,0.0231163,0.0709856,-0.9952751
195719936,-1.5952,0.750885,-0.48049,0.0663403,0.0123158,0.0400168,-0.9969180
195753385,-1.59097,0.777331,-0.483128,0.0604693,0.00608693,0.0347652,-0.9975460
195786687,-1.58192,0.80692,-0.487533,0.0695658,0.0114742,0.030642,-0.9970411
195819303,-1.57256,0.8391,-0.489347,0.0292634,0.00914083,0.03306,-0.9989830
195853402,-1.56653,0.869816,-0.494955,0.0446723,0.0116641,0.0177964,-0.9987750
195886330,-1.5622,0.898098,-0.498549,0.0633121,0.0158954,-0.0151771,-0.9977520
195919914,-1.5537,0.924875,-0.500717,0.0573543,0.0308831,-0.037067,-0.9971871
195953244,-1.54787,0.951618,-0.504644,0.040249,0.023374,-0.0522476,-0.9975490
195986578,-1.54404,0.977752,-0.509721,0.0467069,0.0288326,-0.052808,-0.9970950
196019705,-1.53938,0.999952,-0.512775,0.0555904,0.02898,-0.0659217,-0.9958530
196052220,-1.5339,1.01957,-0.516656,-0.0536163,-0.0200122,0.0802723,0.9951291
196086813,-1.531,1.03887,-0.521479,-0.0567287,-0.0154862,0.0942621,0.9938090
196119319,-1.52443,1.05599,-0.524134,0.0406478,0.0374934,-0.10326,-0.9931160
196153450,-1.51938,1.07131,-0.527893,-0.0429244,-0.0292145,0.0980433,0.9938271
196187237,-1.51409,1.08356,-0.530211,0.0441025,0.0290699,-0.0971609,-0.9938660
196219416,-1.51023,1.09006,-0.534956,0.038697,0.0393094,-0.119562,-0.9912930
196252505,-1.50338,1.09513,-0.537727,0.0361353,0.0516517,-0.127057,-0.989890
196285926,-1.49933,1.09868,-0.541071,0.0373296,0.0483495,-0.126615,-0.9900691
196319242,-1.49501,1.09884,-0.541187,0.0314053,0.059499,-0.128955,-0.9893660
196353148,-1.49056,1.09664,-0.544349,0.0316777,0.0606583,-0.120761,-0.990320
196386471,-1.483,1.08728,-0.547221,0.0275292,0.0641843,-0.130985,-0.9889211
196419414,-1.47852,1.07772,-0.547114,0.0353808,0.0770852,-0.139177,-0.9866290
196453254,-1.47104,1.06888,-0.545347,0.0217502,0.10954,-0.129551,-0.9852640
196486860,-1.46294,1.05587,-0.547295,-0.0020237,0.106428,-0.107538,-0.9884861
196519506,-1.45552,1.03627,-0.547509,0.00705905,0.0994198,-0.117076,-0.9881090
196552269,-1.44558,1.01469,-0.547837,0.0126146,0.0979424,-0.126003,-0.9871030
196586453,-1.43127,0.990987,-0.547883,0.00442729,0.111286,-0.117952,-0.9867540
196619076,-1.41727,0.966249,-0.546464,-0.000632482,0.118781,-0.0968913,-0.9881821
196653165,-1.40182,0.936585,-0.545452,-0.0122616,0.130564,-0.10898,-0.9853560
196686253,-1.38475,0.905669,-0.543229,-0.00612395,0.132846,-0.0965699,-0.9864020
196719237,-1.36696,0.87198,-0.541586,-0.0123695,0.116402,-0.102872,-0.9877831
196752997,-1.34612,0.836817,-0.539419,-0.0258986,0.129579,-0.108089,-0.985320
196786405,-1.32277,0.797435,-0.535421,-0.00649033,0.147665,-0.0839637,-0.9854460
196819864,-1.29787,0.756098,-0.533465,-0.00873322,0.122412,-0.0712019,-0.9898831
196853256,-1.26614,0.708974,-0.527156,-0.0718896,0.112537,-0.077091,-0.9880410
196885936,-1.2293,0.663224,-0.526906,-0.0944715,0.131858,-0.050161,-0.9854810
196919887,-1.19496,0.611611,-0.525461,-0.101797,0.188652,-0.0914749,-0.9724611
196952403,-1.15674,0.569902,-0.515688,-0.0791615,0.155656,-0.0830601,-0.9811250
196986042,-1.13035,0.53454,-0.510914,-0.0623754,0.135416,-0.0412214,-0.9879640
197019063,-1.09706,0.491003,-0.508651,-0.0434801,0.129765,-0.0301982,-0.9901310
197052209,-1.0513,0.438951,-0.504121,0.00797655,0.105731,0.0043074,-0.9943531
197086101,-1.00326,0.384551,-0.500927,0.010547,0.104491,0.00379909,-0.9944630
197119144,-0.957734,0.342683,-0.494852,-0.0186423,0.119455,-0.000612265,-0.9926640
197152141,-0.903707,0.29345,-0.485484,-0.065613,0.191188,0.00163294,-0.9793570
197185619,-0.845404,0.245912,-0.477224,-0.062981,0.224591,0.00521993,-0.9724021
197219055,-0.802126,0.218718,-0.47409,-0.070391,0.111733,0.0355656,-0.9906040
197252307,-0.749696,0.17837,-0.463345,-0.0955469,0.126756,0.0813844,-0.9839610
197286392,-0.68921,0.129903,-0.457615,-0.0790334,0.0817998,0.132173,-0.9846791
197319589,-0.635994,0.0938611,-0.449002,-0.0582798,0.0317658,0.155108,-0.9856650
197353019,-0.57523,0.058916,-0.447317,-0.110448,0.051089,0.0781349,-0.9894880
197386368,-0.45996,0.015631,-0.414278,0.460018,0.400894,-0.791457,0.03554890
197452143,-0.40595,-0.0360232,-0.430689,-0.0855474,0.0185783,0.157414,-0.9836451
197486271,-0.350584,-0.0578308,-0.420457,-0.0913882,-0.0233874,0.150179,-0.9841480
197519574,-0.285944,-0.0906997,-0.416746,0.0790018,0.0754162,-0.150973,0.9824860
197552493,-0.225616,-0.115515,-0.409726,0.0874383,0.0824155,-0.149879,0.9813761
197586609,-0.172372,-0.133962,-0.403705,0.0850883,0.0829401,-0.148588,0.9817350
197619017,-0.119518,-0.149385,-0.400382,0.0964056,0.104766,-0.108484,0.983850
197652308,-0.0725608,-0.166721,-0.395488,0.0625928,0.132314,-0.122997,0.9815530
197686269,-0.0268596,-0.179981,-0.385838,0.0420957,0.17823,-0.131193,0.9742951
197720269,0.0133342,-0.196085,-0.381719,0.0637093,0.17571,-0.0782257,0.9792590
197753357,0.0488018,-0.203077,-0.377207,0.0927788,0.181554,-0.0568101,0.9773450
197787315,0.0831893,-0.212154,-0.369895,0.0788462,0.196961,-0.0682364,0.9748511
197819561,0.115934,-0.224454,-0.360892,0.0530483,0.194119,-0.0697609,0.9770550
197852808,0.142705,-0.230245,-0.354213,0.0643525,0.184695,-0.0638625,0.9786050
197887029,0.160901,-0.237297,-0.346891,0.082929,0.175342,-0.0467539,0.9798940
197919548,0.182733,-0.245128,-0.337743,0.0799691,0.162768,-0.0387445,0.9826551
197952706,0.199192,-0.249062,-0.331503,0.0825742,0.163753,-0.0517307,0.9816770
197986166,0.213639,-0.252555,-0.32366,0.0850039,0.138525,-0.0670876,0.9844210
198019027,0.225872,-0.25553,-0.316029,0.0696761,0.129104,-0.0881232,0.9852470
198052268,0.234881,-0.258814,-0.308492,0.0453125,0.129484,-0.0990341,0.9855831
198086892,0.238883,-0.256274,-0.300495,0.0631809,0.118421,-0.116668,0.9840590
198118838,0.240718,-0.254179,-0.292947,0.0766686,0.101629,-0.113173,0.9853860
198152468,0.243761,-0.251543,-0.284986,0.05556,0.10924,-0.132409,0.9835891
198186730,0.242633,-0.245733,-0.277947,0.050823,0.10595,-0.131845,0.9842810
198219301,0.239452,-0.235509,-0.271167,0.0565409,0.0921008,-0.137253,0.9846230
198252856,0.23686,-0.225544,-0.264689,0.0535592,0.0933199,-0.14761,0.9831761
198285925,0.230076,-0.212208,-0.259334,0.0587672,0.103907,-0.163768,0.979250
198319680,0.226255,-0.195336,-0.254792,0.0787431,0.0962731,-0.150611,0.9807380
198352153,0.21629,-0.176397,-0.250205,0.0788817,0.0940978,-0.151905,0.9807390
198385853,0.206632,-0.154617,-0.246578,0.0779731,0.0874515,-0.148901,0.9818861
198420096,0.192674,-0.126808,-0.244182,0.0673519,0.0616505,-0.148461,0.9846940
198452764,0.182155,-0.101813,-0.245337,0.10134,0.0669732,-0.133353,0.9835960
198485795,0.169353,-0.0707932,-0.244814,0.108052,0.0564788,-0.134433,0.9833930
198518440,0.153356,-0.0351917,-0.249195,-0.111746,-0.0145831,0.0955755,-0.9890221
198552722,0.137721,0.00167908,-0.251462,-0.121874,-0.0105509,0.0488721,-0.9912850
198586723,0.122816,0.0353505,-0.257217,-0.108939,-0.0113499,0.0573959,-0.9923250
198618546,0.102648,0.0740095,-0.262842,-0.107015,-0.00512358,0.0908394,-0.9900861
198652427,0.0852819,0.113293,-0.262969,-0.117167,0.0216739,0.103323,-0.9874850
198686381,0.0709991,0.140129,-0.266821,-0.0420057,0.063215,0.117512,-0.9901670
198719649,0.0562029,0.1833,-0.27567,-0.0834063,0.0438729,0.0172198,-0.99541
198752362,0.0350659,0.235028,-0.290276,-0.0643538,0.0467514,-2.60475e-05,-0.9968310
198785420,0.0122123,0.281202,-0.303014,-0.0703218,0.0278313,-0.0284381,-0.996730
198818514,-0.0043208,0.32361,-0.311676,-0.0659969,0.0339232,-0.0439101,-0.9962760
198852570,-0.0206501,0.36966,-0.324634,-0.0821109,0.033815,-0.043364,-0.9951051
198886561,-0.0367078,0.411605,-0.335089,-0.0831433,0.0616878,-0.0639945,-0.9925660
198918633,-0.0556262,0.449258,-0.350343,0.0702005,-0.0182086,0.0841173,0.9938130
198952879,-0.0721245,0.488556,-0.359786,-0.0730592,0.0525333,-0.105045,-0.9903881
198985851,-0.0901128,0.523432,-0.368461,-0.0471011,0.0684825,-0.152663,-0.9847770
199020241,-0.104347,0.558777,-0.386465,-0.0592283,0.0574096,-0.142406,-0.9863650
199052595,-0.119268,0.592987,-0.395516,-0.0593574,0.0744074,-0.151583,-0.9838510
199087239,-0.13401,0.619937,-0.41316,0.0571965,-0.0270429,0.131683,0.9892711
199119082,-0.148342,0.644062,-0.422323,-0.0870035,0.0181255,-0.0536325,-0.9945980
199153312,-0.153738,0.663444,-0.436834,-0.12806,0.0386706,-0.13087,-0.9823330
199185902,-0.164631,0.686871,-0.449085,-0.103868,0.0542154,-0.13485,-0.9839140
199220665,-0.175553,0.705752,-0.461205,0.0673006,-0.0119016,0.115863,0.9909111
199252866,-0.186865,0.719805,-0.471383,-0.0667385,0.0439308,-0.111771,-0.9905170
199286683,-0.193794,0.729653,-0.482309,-0.0659715,0.0485465,-0.134056,-0.9875830
199319580,-0.200033,0.739155,-0.493422,-0.0849109,0.0456428,-0.147212,-0.9843960
199352822,-0.207196,0.742007,-0.505589,0.0363112,-0.035091,0.122192,0.9912211
199386136,-0.21166,0.746313,-0.514041,-0.0683992,0.0351127,-0.115519,-0.9903250
199418882,-0.216519,0.742715,-0.524797,-0.062385,0.0518249,-0.0709488,-0.9941770
199452787,-0.219395,0.73966,-0.532457,-0.0587325,0.0468655,-0.048664,-0.9959850
199486090,-0.218995,0.731409,-0.542722,-0.0416482,0.0426816,-0.0207668,-0.9980041
199518904,-0.221155,0.721892,-0.549744,-0.0308237,0.0257759,-0.0194863,-0.9990020
199552283,-0.224063,0.716203,-0.558314,-0.042121,0.00803904,-0.00425155,-0.9990710
199585353,-0.226573,0.706917,-0.564603,-0.0639348,0.0079497,-0.0135328,-0.9978310
199619916,-0.228162,0.695496,-0.571279,-0.0783538,0.00239258,0.0176887,-0.9967661
199651745,-0.225919,0.681319,-0.576787,-0.0739451,0.0109581,0.00487523,-0.997190
199686317,-0.227441,0.666588,-0.580996,0.0831954,0.0164328,-0.0128361,0.9963150
199718633,-0.229559,0.648434,-0.587027,0.0694783,0.0155056,-0.0308058,0.9969870
199752923,-0.234132,0.628308,-0.591507,-0.0507588,-0.00500634,0.0467784,-0.9976021
199786572,-0.238505,0.609716,-0.596568,0.0367918,0.0321531,-0.0567916,0.997190
199819986,-0.244482,0.588366,-0.602999,0.0219718,0.0551187,-0.0749836,0.9954180
199853182,-0.248657,0.569115,-0.611695,0.0251409,0.0653678,-0.0380638,0.9968181
199886892,-0.25722,0.548969,-0.616099,0.0276704,0.085017,-0.0468421,0.9948930
199919036,-0.270309,0.528448,-0.621922,0.0258511,0.0858844,-0.0394092,0.995190
199952971,-0.27962,0.499107,-0.626742,0.0762248,0.100419,-0.0349964,0.9914040
199986709,-0.294321,0.475584,-0.629468,0.0768218,0.114225,-0.0268252,0.9901171
200018950,-0.310958,0.452588,-0.636043,0.0638203,0.119927,-0.029011,0.9903040
200052163,-0.331571,0.427802,-0.640665,0.0526723,0.128063,-0.011202,0.9903030
200086409,-0.353716,0.404643,-0.643877,0.0169613,0.118155,-0.00933138,0.9928070
200118436,-0.379044,0.384916,-0.6484,0.0529525,0.103782,0.00872987,0.9931511
200153923,-0.411781,0.365536,-0.650459,0.0344707,0.120037,-0.0180443,0.9920070
200186372,-0.44105,0.339222,-0.652965,0.0174869,0.127964,-0.0229752,0.9913580
200218475,-0.474329,0.315413,-0.654278,0.0138007,0.136613,-0.0305718,0.9900571
200252716,-0.512545,0.288944,-0.65874,0.0148903,0.125623,-0.0234711,0.9916890
200285970,-0.54979,0.259759,-0.661915,0.00350916,0.122235,-0.00739254,0.9924670
200319379,-0.58971,0.237583,-0.664595,0.0246346,0.114574,-0.0191939,0.9929241
200353369,-0.634996,0.215142,-0.666899,0.0361825,0.117085,-0.032429,0.9919330
200386629,-0.68184,0.193509,-0.66945,0.0196133,0.122303,-0.0404396,0.9914750
200419135,-0.726034,0.17127,-0.669021,0.00921384,0.125222,-0.086204,0.9883340
200452850,-0.779953,0.156293,-0.670382,0.0164179,0.0831882,-0.0962567,0.9917381
200486611,-0.831297,0.13479,-0.674742,0.00220246,0.0722757,-0.124023,0.9896410
200518926,-0.884581,0.121232,-0.674844,-0.0184452,0.0544347,-0.116597,0.9915150
200553188,-0.936317,0.106432,-0.677319,0.0140987,-0.0369914,0.121365,-0.9918181
200585685,-0.991335,0.0960265,-0.679904,0.0158363,-0.0286275,0.121355,-0.992070
200620006,-1.04542,0.0868052,-0.679062,0.0230106,-0.0287598,0.140174,-0.9894420
200653040,-1.10169,0.0782629,-0.681325,0.0218662,-0.0344306,0.153488,-0.9873080
200686476,-1.15846,0.0771967,-0.684289,0.0158324,-0.0184768,0.141846,-0.989591
200719324,-1.21362,0.0763643,-0.686413,0.0203842,-0.0106565,0.146003,-0.9890170
200752945,-1.2663,0.0744852,-0.687147,0.010174,-0.00253339,0.131332,-0.9912830
200785617,-1.31744,0.0781907,-0.689312,0.00347536,0.00364233,0.125713,-0.9920540
200819582,-1.37241,0.0799098,-0.690055,-0.0548813,-0.0124738,0.166623,-0.9844131
200852110,-1.41963,0.0901431,-0.691457,-0.0599597,-0.0194046,0.173338,-0.9828440
200886514,-1.47732,0.108489,-0.694413,-0.0139435,0.0204368,0.129807,-0.9912310
200919515,-1.52997,0.12595,-0.699446,-0.0116757,0.0717815,0.140139,-0.9874570
200952810,-1.58278,0.14394,-0.69593,-0.00892503,0.0244348,0.133712,-0.9906791
200985827,-1.6344,0.157298,-0.695691,-0.0691917,-0.0173649,0.123698,-0.9897520
201020555,-1.68329,0.180157,-0.694576,-0.0875825,-0.0143565,0.0664725,-0.9938330
201052822,-1.72936,0.2113,-0.698768,-0.0261369,-0.000477492,0.0801966,-0.9964361
201085727,-1.76594,0.227431,-0.700688,-0.139984,0.0368598,0.0353781,-0.9888350
201120473,-1.81102,0.268573,-0.710143,-0.0918388,0.108013,0.0660598,-0.9876920
201152482,-1.86174,0.297967,-0.711169,0.0368563,0.0860822,0.0540143,-0.994140
201186451,-1.90298,0.326779,-0.715634,0.0700794,0.0788919,0.050153,-0.9931511
201219379,-1.94997,0.37556,-0.718566,-0.0459386,0.0764051,0.00703386,-0.9959930
201253391,-1.98689,0.410355,-0.721639,-0.0437176,0.0832534,0.00759984,-0.995540
201286946,-2.01389,0.44351,-0.722598,-0.0408662,0.138676,-0.020785,-0.9892761
201319446,-2.04414,0.481877,-0.722086,-0.0508384,0.191189,-0.044794,-0.9792120
201353188,-2.07225,0.518061,-0.724364,-0.0468621,0.210605,-0.0336292,-0.9758680
201386954,-2.09932,0.555051,-0.732621,-0.0259898,0.140714,0.00507726,-0.9896961
201419299,-2.11992,0.589205,-0.736444,-0.00895943,0.144174,-0.0163235,-0.9893770
201452276,-2.13906,0.626321,-0.735861,-0.0347544,0.196371,-0.0467979,-0.9787950
201486551,-2.14988,0.658825,-0.741174,-0.0435509,0.186534,-0.0288353,-0.9810590
201519238,-2.16241,0.693589,-0.744163,-0.0339592,0.183523,-0.0333062,-0.9818641
201551810,-2.17165,0.727971,-0.748312,-0.0320672,0.171515,-0.0360656,-0.9839990
201585372,-2.17586,0.760587,-0.750308,-0.0289093,0.17943,-0.0456807,-0.9822840
201619735,-2.17606,0.789729,-0.754008,-0.0279078,0.17654,-0.0642595,-0.9817971
201653859,-2.17501,0.8206,-0.755703,-0.020508,0.177728,-0.0775,-0.9808090
201685467,-2.17175,0.849815,-0.759235,-0.0095458,0.163687,-0.0857081,-0.9827360
201719783,-2.16222,0.87545,-0.763674,-0.0058579,0.156626,-0.0987574,-0.9826911
201752469,-2.15158,0.902305,-0.76346,-0.00802882,0.174637,-0.112151,-0.9781920
201786620,-2.13614,0.925078,-0.767508,-0.0124359,0.166998,-0.114347,-0.9792250
201820597,-2.11661,0.944136,-0.772416,-0.0104992,0.152183,-0.110558,-0.9820931
201852626,-2.09682,0.96255,-0.774393,-0.00543571,0.155096,-0.118163,-0.9807920
201886524,-2.07316,0.978183,-0.776874,-0.00268061,0.153669,-0.116431,-0.9812350
201919704,-2.04747,0.991229,-0.778775,0.00210275,0.154739,-0.114408,-0.9813060
201952216,-2.01872,1.00273,-0.779399,0.00249134,0.152954,-0.121513,-0.9807311
201986380,-1.9878,1.01152,-0.781653,-0.0030982,0.14736,-0.11374,-0.9825170
202019306,-1.95284,1.0166,-0.781648,-0.0077268,0.167967,-0.121799,-0.9782090
202051697,-1.91623,1.01988,-0.781336,-0.00322426,0.169671,-0.124884,-0.9775510
202086861,-1.87738,1.01986,-0.784501,0.00371546,0.144614,-0.109944,-0.9833541
202119189,-1.83533,1.01726,-0.784361,0.00557684,0.145788,-0.105997,-0.9836050
202151746,-1.79261,1.01368,-0.780575,0.0112391,0.180045,-0.11197,-0.97720
202186390,-1.7461,1.00701,-0.780779,0.0070729,0.165162,-0.111792,-0.9798850
202220096,-1.69601,0.992224,-0.781827,0.000455525,0.146882,-0.0904463,-0.985011
202252469,-1.64727,0.984327,-0.779809,0.0193825,0.148554,-0.103198,-0.9833140
202285667,-1.59319,0.967326,-0.778426,-0.00192563,0.140337,-0.0923044,-0.985790
202318758,-1.54051,0.958988,-0.77754,0.020478,0.143515,-0.0776937,-0.9863810
202352909,-1.4822,0.937337,-0.773756,-0.0113637,0.152752,-0.0580299,-0.9864941
202385433,-1.42235,0.915086,-0.771491,-0.0140321,0.1423,-0.0831454,-0.9862260
202419761,-1.36071,0.893358,-0.769384,-0.00122899,0.145284,-0.0807835,-0.9860860
202453017,-1.3007,0.86998,-0.766151,0.0139952,0.1483,-0.0932175,-0.984441
202486578,-1.23642,0.842543,-0.760666,0.00868166,0.156204,-0.0879952,-0.9837590
202519050,-1.17616,0.81455,-0.761914,-0.0108492,0.0958985,-0.035178,-0.994710
202552795,-1.10972,0.786527,-0.762044,0.01619,0.0581185,-0.0670268,-0.9959250
202586030,-1.04847,0.764384,-0.758269,0.052146,0.045278,-0.0222702,-0.9973641
202619096,-0.978184,0.736313,-0.755417,0.034367,0.0232417,-0.0138145,-0.9990440
202653096,-0.910624,0.708692,-0.75307,-0.0233322,0.0416899,0.0430489,0.997930
202685560,-0.847195,0.674851,-0.75291,-0.0390899,0.0671824,0.0258912,0.9966380
202718590,-0.775836,0.645904,-0.749405,-0.0300513,0.0763815,0.0288694,0.9962071
202752787,-0.713333,0.61938,-0.748839,-0.0366416,0.0772769,0.00208624,0.9963340
202786006,-0.64806,0.588811,-0.749652,-0.0392615,0.0780634,-0.000770397,0.9961750
202819326,-0.587069,0.56021,-0.743849,-0.0122013,0.0956515,-0.0169874,0.9951951
202852722,-0.530967,0.53514,-0.745185,-0.0277246,0.115209,-0.0574978,0.9912880
202886863,-0.476113,0.508718,-0.743879,-0.0464664,0.125357,-0.061079,0.9891390
202919652,-0.425472,0.48097,-0.745345,-0.0398395,0.120691,-0.0356832,0.9912481
202952862,-0.375611,0.454528,-0.74397,-0.0394277,0.128899,-0.0492868,0.9896470
202986192,-0.33067,0.429915,-0.742317,-0.0437007,0.144129,-0.0679586,0.9862550
203019755,-0.289483,0.405284,-0.743254,-0.0216192,0.162124,-0.0805534,0.9832391
203052033,-0.251232,0.380183,-0.741035,-0.0173852,0.142599,-0.0503318,0.9883470
203085416,-0.218953,0.360323,-0.740485,-0.0318328,0.149417,-0.0719113,0.9856420
203119062,-0.186397,0.338849,-0.740394,-0.0202866,0.163289,-0.089201,0.9823280
203152382,-0.157867,0.319757,-0.737037,-0.0107991,0.144654,-0.0776854,0.9863691
203186396,-0.134277,0.296371,-0.734211,-0.0368874,0.11078,-0.0470713,0.9920440
203219072,-0.118051,0.278664,-0.731034,-0.0343662,0.139137,-0.0852002,0.9860020
203252759,-0.10206,0.26062,-0.729119,-0.0529148,0.130394,-0.0663136,0.9878261
203286743,-0.0925704,0.242536,-0.726985,-0.0383409,0.117771,-0.0604358,0.9904580
203319227,-0.0838643,0.225524,-0.72391,-0.0408272,0.0991011,-0.0558797,0.9926680
203353222,-0.0770747,0.210561,-0.720509,-0.0217455,0.0705434,-0.0434356,0.9963251
203385785,-0.0744702,0.193996,-0.716549,-0.0389921,0.0523323,-0.0556574,0.9963150
203419305,-0.0730438,0.179188,-0.713266,-0.0423708,0.0425572,-0.0456295,0.9971520
203452381,-0.0760771,0.165386,-0.707611,-0.0366306,0.0388175,-0.0443763,0.9975880
203485619,-0.08022,0.154126,-0.705284,-0.0308979,0.066872,-0.0689356,0.9948981
203519472,-0.0867715,0.14115,-0.700165,-0.0347686,0.0488772,-0.0558627,0.9966350
203552534,-0.0923794,0.129374,-0.695285,-0.0352179,0.0261299,-0.0513019,0.997720
203586602,-0.0995918,0.119029,-0.690957,0.0347074,-0.0179969,0.0592529,-0.9974771
203619144,-0.108076,0.11011,-0.686859,0.0415024,-0.0111249,0.073495,-0.996370
203652189,-0.117876,0.101962,-0.682716,0.0421874,-0.0054662,0.0827335,-0.9956630
203685397,-0.128508,0.0938629,-0.679418,0.049608,0.000379123,0.0887322,-0.9948190
203718889,-0.14025,0.0890894,-0.676867,0.0398459,-0.00508635,0.0984176,-0.9943341
203752332,-0.152884,0.0840941,-0.671233,0.035024,0.00634781,0.110047,-0.9932890
203786500,-0.164076,0.0815687,-0.668272,0.0387782,0.0123643,0.105913,-0.9935420
203819628,-0.177725,0.0823184,-0.665644,0.0279399,0.00483057,0.116331,-0.9928061
203852113,-0.191957,0.083657,-0.663257,0.0206567,-0.00257164,0.122265,-0.9922790
203886462,-0.205024,0.0874147,-0.659985,0.0228787,-0.00410583,0.126652,-0.9916750
203919447,-0.217988,0.0927845,-0.657628,0.0246872,0.00091163,0.130475,-0.9911440
203952083,-0.230543,0.101861,-0.65343,0.0306398,0.0107398,0.140903,-0.9894911
203985710,-0.243155,0.112132,-0.651052,0.0284008,0.0202808,0.138845,-0.9896990
204018421,-0.255039,0.12495,-0.646951,0.028803,0.0160295,0.134304,-0.9903920
204052548,-0.267022,0.139493,-0.645474,0.0381268,0.00270111,0.134488,-0.9901781
204086080,-0.279462,0.157106,-0.642609,0.041706,0.00102639,0.140941,-0.9891390
204119109,-0.290885,0.175549,-0.639612,0.0462758,-0.00356263,0.137949,-0.9893510
204151726,-0.30138,0.20067,-0.635813,0.0293872,0.00695021,0.14698,-0.9886780
204185132,-0.310846,0.223662,-0.633743,0.0370539,0.00952419,0.141813,-0.9891541
204300559,-0.320502,0.251506,-0.628909,0.0561041,-0.000920318,0.145955,-0.9876991
204301879,-0.328546,0.284642,-0.624214,0.0322681,0.0157332,0.133603,-0.9903850
204301926,-0.337673,0.314353,-0.622381,0.0442866,0.00470132,0.12715,-0.9908830
204319061,-0.343747,0.349763,-0.618463,0.0520397,0.00134506,0.135496,-0.9894090
204353866,-0.349939,0.386929,-0.615592,0.0602856,-0.00438711,0.142923,-0.9878860
204386309,-0.356811,0.426857,-0.612102,0.0559055,-0.00128415,0.139406,-0.9886550
204419851,-0.36129,0.465819,-0.610132,0.0493618,0.00511565,0.147427,-0.9878271
204452226,-0.366319,0.510771,-0.605934,0.023003,0.0162071,0.115046,-0.9929620
204485705,-0.368137,0.555159,-0.60341,0.01054,0.0194536,0.11695,-0.9928910
204519901,-0.368546,0.601635,-0.598347,0.00132159,0.0180338,0.109614,-0.993811
204551845,-0.368414,0.648686,-0.591908,-0.00385419,0.0311251,0.113287,-0.9930670
204587117,-0.372543,0.697983,-0.58874,-0.00212865,0.0305828,0.0738193,-0.99680
204620082,-0.381225,0.746166,-0.586953,-0.0320353,0.0118356,0.0432701,-0.998481
204652660,-0.382292,0.793408,-0.583952,-0.0340889,0.0100602,-0.00464521,-0.9993570
204685680,-0.383296,0.841937,-0.581829,-0.0308988,0.00482722,-0.00063715,-0.9995110
204718945,-0.379547,0.889361,-0.579229,0.0361763,0.0101008,0.0421692,0.9984040
204751989,-0.381287,0.934429,-0.574824,-0.00248898,0.0244469,-0.0443791,-0.9987131
204786087,-0.381699,0.979159,-0.57069,-0.0103238,0.0325228,-0.0835223,-0.9959220
204818905,-0.383396,1.02174,-0.567396,-0.0272807,0.0513008,-0.116102,-0.9915360
204853018,-0.384792,1.06202,-0.568249,0.0300969,-0.0273402,0.109121,0.9931961
204885415,-0.384357,1.09537,-0.566693,0.0340416,-0.0100347,0.124089,0.9916360
204919364,-0.385605,1.13117,-0.564983,0.0232756,-0.0153433,0.122845,0.9920340
204952481,-0.383812,1.16386,-0.562287,0.0282414,-0.0149529,0.141924,0.9893620
204985011,-0.383486,1.19013,-0.561057,0.0300905,-0.0202965,0.147628,0.9883771
205019317,-0.384005,1.21511,-0.557904,0.0282168,-0.0164862,0.142635,0.9892360
205051486,-0.383219,1.22876,-0.55771,0.0569979,-0.0186321,0.138521,0.9885420
205085266,-0.382334,1.24457,-0.554721,0.0654886,-0.0208115,0.140472,0.9876971
205119528,-0.380063,1.25467,-0.553994,-0.0769219,0.0486201,-0.147334,-0.9848920
205152639,-0.378475,1.27113,-0.551223,-0.0694109,0.0545093,-0.117572,-0.9891350
205186015,-0.387704,1.28148,-0.544481,-0.0214462,0.0442544,-0.127206,-0.9906561
205219435,-0.388507,1.28421,-0.540402,-0.0154567,0.0442156,-0.136428,-0.9895420
205252038,-0.388066,1.28765,-0.537141,0.0213495,-0.0325256,0.128496,0.9909470
205286239,-0.389353,1.28534,-0.536014,0.0185505,-0.018585,0.0997609,0.9946651
205319700,-0.389765,1.27809,-0.531937,0.0305834,-0.0226737,0.0934298,0.9948980
205352164,-0.390472,1.26934,-0.528152,0.0443483,-0.0141996,0.0946263,0.9944230
205385086,-0.390804,1.26079,-0.523851,0.0370677,-0.0257851,0.0912842,0.9948010
205419318,-0.392654,1.24632,-0.519166,0.0297556,-0.0175498,0.0950738,0.9948711
205451599,-0.387475,1.22837,-0.512993,-0.0732661,0.0316463,-0.105187,-0.9912450
205485765,-0.387619,1.21213,-0.508242,0.0917329,-0.0325788,0.114599,0.9886310
205519247,-0.395153,1.19328,-0.503672,0.0490784,-0.0135127,0.0924919,0.9944110
205551855,-0.393092,1.17055,-0.496474,-0.060079,0.0311565,-0.104494,-0.992221
205586252,-0.393818,1.14001,-0.491284,-0.0797748,0.0257902,-0.0686354,-0.9941130
205620121,-0.39909,1.11446,-0.484371,-0.0765661,0.0341303,-0.0779063,-0.993430
205651338,-0.402708,1.08639,-0.479476,-0.0507341,0.0334104,-0.0630021,-0.9961630
205685615,-0.407052,1.05436,-0.47092,0.0458029,-0.0153271,0.0645852,0.9967431
205719313,-0.40863,1.01973,-0.463448,0.0488825,0.00390347,0.0334343,0.9982370
205751699,-0.409989,0.985873,-0.458121,0.0485245,-0.00250148,0.0627082,0.9968480
205785895,-0.409626,0.949225,-0.451259,0.0378342,-0.0163534,0.0698711,0.9967041
205819779,-0.410599,0.912337,-0.444073,0.0279598,-0.00821562,0.0464202,0.9984970
205852089,-0.410301,0.872793,-0.437619,0.0222681,-0.00566086,0.0367142,0.9990620
205886241,-0.411627,0.832086,-0.432009,0.0260033,-0.00951605,0.0351648,0.9989981
205919559,-0.408599,0.786255,-0.428202,0.0470855,-0.00204576,0.0240934,0.9985980
205952179,-0.409409,0.741082,-0.423426,0.0433223,0.00663616,0.0267899,0.998680
205986234,-0.408494,0.697775,-0.416035,0.0469792,0.00702627,0.00513246,0.9988580
206018513,-0.412525,0.652933,-0.412998,-0.0027079,0.00204922,0.0194255,-0.9998061
206052103,-0.408587,0.611744,-0.406256,-0.0348148,0.0155951,0.0168632,-0.999130
206085892,-0.407306,0.571257,-0.400466,-0.0271049,0.0120051,0.00307155,-0.9995560
206118431,-0.404646,0.528284,-0.396839,-0.0301441,0.00134472,0.0408907,-0.9987080
206152580,-0.403597,0.482258,-0.394459,-0.00909372,0.00427121,0.0586589,-0.9982281
206185636,-0.404445,0.439398,-0.392274,-0.00400742,-0.0082342,0.0576722,-0.9982940
206218668,-0.403188,0.400674,-0.392978,0.00695812,0.0507672,-0.0744543,0.9959070
206252643,-0.401326,0.359245,-0.386844,0.0195093,0.0270894,-0.0646376,0.997351
206285587,-0.401552,0.323506,-0.3877,0.0157897,0.0352155,-0.0860529,0.9955430
206319408,-0.404698,0.289337,-0.386892,0.0334467,0.0417913,-0.102165,0.9933260
206352574,-0.405111,0.254997,-0.387066,0.0495804,0.0462037,-0.0988144,0.9927950
206385831,-0.405901,0.223216,-0.387117,0.0468978,0.0419077,-0.103009,0.992691
206419722,-0.408771,0.192594,-0.387764,0.058088,0.0526179,-0.106762,0.9911910
206453048,-0.414037,0.163511,-0.390071,0.0588693,0.0622144,-0.0990092,0.9913940
206487030,-0.417188,0.138135,-0.391014,0.0562915,0.0603214,-0.106467,0.9908871
206519316,-0.42312,0.113283,-0.391625,0.0494789,0.0767494,-0.097202,0.9910670
206551442,-0.432532,0.0912162,-0.393604,0.049927,0.0830686,-0.0853995,0.9916220
206586004,-0.443101,0.0700627,-0.393981,0.0522479,0.0855614,-0.0940488,0.9905070
206618822,-0.456303,0.0512524,-0.396347,0.0479499,0.0956158,-0.0916354,0.9900311
206652640,-0.47151,0.0335688,-0.397277,0.0466067,0.0990774,-0.0766065,0.9910310
206686337,-0.489441,0.0177327,-0.399459,0.0507571,0.114904,-0.0797979,0.9888640
206718491,-0.510509,0.00471887,-0.401165,0.0568329,0.125735,-0.0828043,0.9869670
206751469,-0.534462,-0.00609491,-0.402563,0.04544,0.133402,-0.0854056,0.9863291
206785840,-0.560035,-0.0177294,-0.403744,0.0469746,0.138753,-0.0711906,0.9866470
206819459,-0.588688,-0.0291137,-0.403541,0.0566464,0.132995,-0.059614,0.9876990
206852668,-0.620515,-0.0399844,-0.403647,0.0612277,0.164038,-0.0744194,0.9817351
206885987,-0.656037,-0.0469923,-0.404394,0.0524905,0.15583,-0.0723155,0.9837340
206919576,-0.693554,-0.054337,-0.404642,0.0568995,0.148637,-0.0641764,0.9851650
206951605,-0.736947,-0.0620383,-0.404131,0.0512164,0.154046,-0.0486168,0.9855370
206985692,-0.777947,-0.0702456,-0.403644,0.0433753,0.147077,-0.0416542,0.9872951
207019318,-0.824403,-0.0780856,-0.402122,0.0524769,0.128299,-0.0130822,0.990260
207052012,-0.877167,-0.0833193,-0.402965,0.0450558,0.142765,-0.0222255,0.9884810
207084956,-0.934908,-0.0875568,-0.400683,0.0462674,0.154846,-0.0249143,0.986540
207119005,-0.992182,-0.0932783,-0.397453,0.0388006,0.143701,-0.0307428,0.9883821
207152458,-1.05295,-0.0987698,-0.393584,0.0388354,0.133359,-0.0291568,0.9898770
207185787,-1.11523,-0.104129,-0.388982,0.0450706,0.130713,-0.0222095,0.9901460
207219288,-1.18266,-0.109602,-0.383753,0.0513246,0.150263,-0.0352269,0.9866841
207252810,-1.25289,-0.110996,-0.382707,0.0458054,0.148191,-0.0245966,0.9875910
207285571,-1.32377,-0.11498,-0.375768,0.0407913,0.10495,-0.040374,0.992820
207318914,-1.3976,-0.118235,-0.370781,0.0373983,0.0880394,-0.0449476,0.9943990
207353275,-1.4729,-0.121509,-0.365505,0.0272757,0.0887253,-0.0513343,0.9943581
207385851,-1.54967,-0.12496,-0.359592,0.0214718,0.0685097,-0.0357222,0.9967790
207420010,-1.62702,-0.127923,-0.354594,0.0247234,0.0599843,-0.0357785,0.9972520
207452568,-1.70827,-0.129007,-0.351187,0.0345117,0.0544676,-0.0403412,0.9971030
207484952,-1.79064,-0.131433,-0.346299,0.042316,0.0478462,-0.0331023,0.9974091
207519433,-1.871,-0.134338,-0.340138,0.032204,0.0254766,-0.0189116,0.9989780
207552587,-1.95215,-0.135586,-0.33814,-0.023025,-0.00447524,0.0182944,-0.9995570
207585641,-2.02865,-0.139467,-0.334173,-0.00525953,0.0542205,-0.0325193,-0.9979851
207619195,-2.1141,-0.141187,-0.332178,-0.00304114,0.0712627,-0.0129356,-0.9973690
207651634,-2.19945,-0.1391,-0.328969,-0.0235113,0.0285866,0.0569941,-0.9976880
207685878,-2.27745,-0.136716,-0.327521,-0.00463317,0.0467415,0.0391499,-0.9981291
207719747,-2.35268,-0.141678,-0.32426,-0.000425991,0.0734853,0.0417804,-0.9964210
207752985,-2.40683,-0.150528,-0.313164,-0.0104183,0.0909454,0.171823,-0.9808660
207786194,-2.49354,-0.135058,-0.325466,-0.0216328,0.122886,0.0551143,-0.9906531
207819572,-2.56013,-0.14016,-0.317113,0.0113239,0.139636,0.0787682,-0.9870
207852047,-2.64331,-0.134702,-0.3186,-0.0312348,0.135842,0.0587819,-0.9884920
207885133,-2.71057,-0.138035,-0.31998,0.00608481,0.147627,0.0579762,-0.9873240
207918377,-2.77367,-0.139146,-0.319217,0.017783,0.163272,0.0325844,-0.9858821
207951938,-2.83291,-0.139721,-0.318181,0.0218122,0.182744,0.0285069,-0.9825050
208019991,-2.95126,-0.161413,-0.291751,-0.148169,0.536501,-0.717229,0.419281
208054181,-2.99323,-0.159658,-0.299501,-0.163741,0.138002,-0.00470282,-0.9767920
208085431,-3.04793,-0.159301,-0.304636,-0.159636,0.0879824,-0.00838163,-0.9832120
208119718,-3.1024,-0.138461,-0.320898,-0.0476176,0.201931,0.0179484,-0.9780770
208152353,-3.14373,-0.137531,-0.32169,-0.0418968,0.198657,0.022822,-0.9789071
208185905,-3.1801,-0.133356,-0.320652,-0.039462,0.186352,0.0247999,-0.9813770
208219986,-3.21206,-0.137848,-0.320815,-0.0664052,0.196242,0.00190528,-0.9783030
208252325,-3.24784,-0.126569,-0.321786,-0.0369688,0.191373,0.0438213,-0.9798410
208285629,-3.27052,-0.122143,-0.314623,-0.0659479,0.197632,0.046252,-0.9769611
208319443,-3.29388,-0.115897,-0.316995,-0.0525779,0.165028,0.0481802,-0.9837070
208352794,-3.30695,-0.112031,-0.315506,-0.0421611,0.157949,0.0310083,-0.9860590
208385336,-3.31928,-0.107316,-0.313439,-0.0429169,0.148965,0.0129287,-0.9878260
208418442,-3.32833,-0.0985704,-0.308626,-0.0575677,0.160624,0.0238525,-0.9850471
208452730,-3.33278,-0.0931827,-0.303705,-0.0524178,0.175381,0.0291324,-0.9826720
208485617,-3.33339,-0.0863512,-0.302379,-0.0556418,0.149575,0.0320188,-0.9866640
208519132,-3.33059,-0.0777031,-0.300051,-0.0703119,0.138258,0.0189569,-0.9877151
208551989,-3.32392,-0.068205,-0.294626,-0.0827548,0.143829,0.0372562,-0.9854320
208586059,-3.31354,-0.0593414,-0.290625,-0.0992401,0.162499,0.0341279,-0.9811120
208619718,-3.29362,-0.0517307,-0.283674,-0.0777313,0.180795,0.0445126,-0.9794331
208652425,-3.27495,-0.047699,-0.286702,-0.0682976,0.14777,0.0269558,-0.9862920
208686113,-3.2551,-0.0319476,-0.278126,-0.0735664,0.164079,0.0221452,-0.9834510
208719923,-3.22106,-0.0287245,-0.272042,-0.115438,0.182385,0.0518969,-0.9750471
208752560,-3.19408,-0.00855713,-0.270999,-0.0987027,0.161329,0.0406401,-0.9811110
208785514,-3.15628,-0.00219226,-0.26948,-0.104979,0.194073,0.00973156,-0.9753050
208819361,-3.12561,0.0126031,-0.265645,-0.079455,0.197476,-0.0116247,-0.9770130
208852597,-3.0912,0.0315249,-0.26897,-0.0754628,0.135299,-0.000403438,-0.9879271
208885559,-3.04857,0.0451179,-0.271398,-0.07756,0.125585,-0.00387702,-0.9890390
208918340,-3.00118,0.0577997,-0.271569,-0.0711491,0.143566,-0.000657803,-0.987080
208952310,-2.94933,0.0695872,-0.275577,-0.046849,0.166784,-0.00295129,-0.9848760
208985892,-2.90434,0.0887825,-0.278323,-0.0501858,0.135782,0.0227273,-0.9892061
209019674,-2.85351,0.103231,-0.285185,-0.0425253,0.117012,0.0223816,-0.9919670
209051848,-2.79553,0.119278,-0.294436,-0.0441763,0.115366,-0.00762306,-0.9923110
209085393,-2.73554,0.135011,-0.296192,-0.04641,0.145859,0.00750439,-0.9881880
209119168,-2.68171,0.15708,-0.302878,-0.0384795,0.102987,0.0421603,-0.9930441
209153198,-2.6238,0.172844,-0.313174,-0.0573747,0.0838372,0.0280264,-0.9944310
209185632,-2.56538,0.184134,-0.322659,-0.0820631,0.0519217,0.0491559,-0.9940590
209219240,-2.49954,0.197582,-0.333439,-0.0908416,0.0591178,0.0430642,-0.9931761
209252601,-2.42868,0.196285,-0.342581,-0.0378662,0.0829396,0.031548,-0.9953350
209285423,-2.36284,0.210253,-0.346679,-0.0687051,0.128842,0.0547472,-0.9877660
209319170,-2.30553,0.239401,-0.371592,-0.187169,0.0486681,0.0915627,-0.976840
209352632,-2.21567,0.239891,-0.383742,-0.263496,0.34169,-0.131515,-0.8924811
209385781,-2.18896,0.258011,-0.393235,-0.105769,0.0107229,0.0356429,-0.9936940
209419071,-2.10004,0.236514,-0.334823,-0.114276,0.507082,-0.373479,-0.7683240
209453375,-2.03869,0.286873,-0.431806,0.233939,0.0244746,-0.0522707,0.9705371
209485767,-1.95568,0.307007,-0.452585,0.149396,0.00966342,-0.0200815,0.9885260
209518908,-1.8903,0.323636,-0.46454,0.144047,0.0697038,-0.0192499,0.9869250
209551618,-1.83031,0.338873,-0.485939,0.138111,0.045808,-0.0699533,0.9868810
209585798,-1.75352,0.35427,-0.499429,0.117984,0.0309351,-0.0536853,0.9910811
209620016,-1.69016,0.369112,-0.516941,0.0778172,0.0340964,-0.0215694,0.9961510
209653589,-1.62259,0.3825,-0.532737,0.0774134,0.0380017,-0.00854044,0.9962380
209685623,-1.55941,0.395005,-0.547353,0.0711352,0.0477651,-0.00705168,0.9962970
209719572,-1.49277,0.407224,-0.565091,0.0663287,0.0538317,-0.0156383,0.9962221
209751346,-1.42401,0.415275,-0.579188,0.0386955,0.0223313,-0.0116088,0.9989340
209785626,-1.35897,0.422447,-0.593763,0.0829292,0.0436978,-0.00731225,0.995570
209819519,-1.29313,0.434782,-0.611922,0.0648297,0.0424379,-0.0169912,0.9968490
209852058,-1.22951,0.443671,-0.628844,0.0749208,0.0476508,0.00175829,0.9960491
209885002,-1.16138,0.446893,-0.644776,0.102097,0.0423495,0.0124482,0.9937950
209919461,-1.09996,0.458739,-0.661192,0.0782152,0.0323711,0.0114942,0.9963450
209951550,-1.04054,0.465663,-0.679123,0.0592987,0.0418505,0.000370923,0.9973630
209985543,-0.985818,0.476455,-0.698742,0.0509355,0.0333511,-0.00239386,0.9981421
210019238,-0.92254,0.479086,-0.715785,0.0526199,0.0182827,-0.00464158,0.9984360
210052168,-0.864962,0.485941,-0.733851,0.054238,0.0350563,-0.0020849,0.997910
210085446,-0.809548,0.49265,-0.755153,0.0604864,0.0430471,0.0211837,0.9970150
210119425,-0.753131,0.494409,-0.771787,0.0922076,0.0291784,0.012733,0.9952311
210151471,-0.695345,0.495167,-0.786487,0.139527,0.0400807,0.011554,0.9893390
210184787,-0.650985,0.504215,-0.80789,0.107,0.0674412,-0.013246,0.9918810
210219103,-0.601421,0.506197,-0.827457,0.0947711,0.0665963,-0.00948766,0.9932240
210252493,-0.547817,0.50417,-0.843767,0.145504,0.0812244,0.00838979,0.9859821
210285401,-0.497188,0.503217,-0.864876,0.191535,0.078656,0.00524654,0.9783150
210318939,-0.45455,0.507735,-0.883538,0.126534,0.0870798,0.00828131,0.9880980
210352479,-0.415296,0.513245,-0.902605,0.14416,0.111489,0.00347561,0.9832480
210385810,-0.377548,0.516402,-0.918498,0.145471,0.102302,0.0120915,0.9839851
210419946,-0.34273,0.517188,-0.936814,0.139902,0.117403,0.00753067,0.9831520
210452568,-0.310885,0.516693,-0.953873,0.121957,0.101447,0.0226017,0.9870790
210485595,-0.285016,0.518035,-0.969539,0.119724,0.129591,0.0358979,0.9836580
210519290,-0.259728,0.516876,-0.985517,0.133834,0.142221,0.0304161,0.9802741
210551634,-0.238288,0.51418,-1.0009,0.142148,0.143122,0.0215239,0.9792070
210584757,-0.222072,0.514114,-1.01538,0.133718,0.148383,0.031897,0.9793290
210619083,-0.208487,0.512236,-1.02934,0.121566,0.153904,0.0262826,0.9802270
210652479,-0.195774,0.508289,-1.04,0.136058,0.147156,0.0213265,0.9794791
210685763,-0.191965,0.505,-1.05402,0.126191,0.170801,0.0159398,0.9770610
210718986,-0.18799,0.503233,-1.06547,0.117281,0.1686,0.0146286,0.9785730
210752491,-0.185413,0.497956,-1.07665,0.108786,0.160197,0.00884425,0.9810321
210785687,-0.187538,0.492158,-1.08641,0.122058,0.134861,0.0125323,0.9832380
210819186,-0.195378,0.490466,-1.0969,0.103144,0.135222,0.0130022,0.9853460
210851615,-0.206341,0.485743,-1.10528,0.0989635,0.133474,0.0104745,0.9860430
210885575,-0.220681,0.479365,-1.11397,0.100442,0.144101,0.000662303,0.9844521
210919038,-0.23863,0.471226,-1.12322,0.110417,0.136162,-0.000258895,0.9845140
210952013,-0.256753,0.467001,-1.13123,0.109903,0.118268,-0.00413544,0.9868720
210984984,-0.276989,0.461934,-1.13582,0.0951568,0.102962,-0.00748275,0.9900950
211018902,-0.305407,0.455948,-1.14235,0.0754217,0.103978,-0.00874418,0.9916771
211053096,-0.334048,0.449311,-1.14616,0.0749598,0.11913,-0.00799646,0.9900130
211085572,-0.362693,0.440567,-1.15073,0.0887709,0.103494,-0.010573,0.9906040
211118897,-0.394082,0.432342,-1.15392,0.0979127,0.103328,-0.00740225,0.9897890
211152275,-0.42736,0.426242,-1.1555,0.0884407,0.101461,0.00720499,0.9908741
211184639,-0.462925,0.420108,-1.15715,0.0828097,0.0857211,-0.00643212,0.9928510
211218961,-0.502031,0.414507,-1.15805,0.0674374,0.0816657,-0.0230279,0.9941090
211252698,-0.541305,0.408685,-1.15742,0.065072,0.0758984,-0.0306753,0.9945171
211286220,-0.5832,0.403525,-1.15697,0.0588267,0.0689752,-0.0322076,0.9953620
211319382,-0.622302,0.394999,-1.1563,0.0857191,0.0563201,-0.0377441,0.994010
211351631,-0.663726,0.390816,-1.15781,0.0861255,0.0174403,-0.0444471,0.995140
211385910,-0.710325,0.389812,-1.15514,-0.086409,-0.0133035,0.0633485,-0.9941551
211419407,-0.75266,0.379823,-1.15421,-0.0837482,-0.0085353,0.101682,-0.9912490
211451829,-0.797995,0.38399,-1.15085,-0.122238,-0.0314894,0.123735,-0.9842540
211486889,-0.844027,0.385593,-1.14836,0.104655,0.0375292,-0.0977014,0.9889861
211519290,-0.889903,0.390193,-1.14855,-0.0136483,-0.0203017,0.132371,-0.9908980
211551904,-0.931106,0.387794,-1.14695,-0.0685437,-0.0238755,0.108726,-0.9914180
211584565,-0.966205,0.389091,-1.1462,-0.105421,0.035051,0.0659495,-0.9916190
211618817,-1.00975,0.393582,-1.14508,-0.127861,0.0455196,0.0299257,-0.9902951
211651646,-1.07379,0.417926,-1.14331,-0.0837569,0.0368997,0.0339646,-0.9952230
211685747,-1.11157,0.422194,-1.14099,-0.124192,0.046036,0.031397,-0.9906920
211718758,-1.15508,0.447485,-1.14615,-0.101786,0.065612,0.0457301,-0.9915860
211752091,-1.1961,0.460071,-1.14447,-0.10046,0.0667275,0.0303209,-0.9922381
211786027,-1.23782,0.474933,-1.14514,-0.100806,0.0728845,0.00399978,-0.9922250
211818251,-1.27845,0.491273,-1.14302,-0.100567,0.0854146,-0.00385282,-0.991250
211852353,-1.3164,0.504791,-1.14193,-0.0883167,0.108969,-0.0188382,-0.9899351
211885240,-1.35508,0.521894,-1.14309,-0.0912235,0.114797,-0.0138932,-0.9890940
211919300,-1.39299,0.53852,-1.14451,-0.082406,0.105485,-0.0242652,-0.9907040
211952872,-1.43068,0.555004,-1.14745,-0.0534254,0.0740072,-0.0133329,-0.9957361
211986014,-1.46743,0.570653,-1.15197,-0.0529894,0.0718284,-0.021556,-0.9957750
212019493,-1.50028,0.58784,-1.15679,-0.0742389,0.0616674,-0.0167105,-0.9951920
212052132,-1.53398,0.604276,-1.15877,-0.061504,0.0548954,-0.0151966,-0.996480
212085308,-1.56571,0.619953,-1.16186,-0.0538128,0.0461191,-0.0149254,-0.9973741
212119262,-1.59694,0.636131,-1.16571,-0.0381641,0.0230942,-0.021172,-0.998780
212152764,-1.62826,0.649906,-1.16758,-0.0567916,0.0320652,-0.0242341,-0.9975770
212186302,-1.65789,0.661647,-1.17193,-0.0692689,0.0319623,-0.0357988,-0.9964431
212219665,-1.68569,0.676134,-1.17723,-0.0646217,0.0344491,-0.0566943,-0.9957020
212252235,-1.71391,0.687497,-1.1825,-0.04986,0.032797,-0.0673097,-0.9959460
212285264,-1.74108,0.688103,-1.18505,0.11429,-0.0168489,0.0600667,0.9914870
212319091,-1.7649,0.699231,-1.18995,-0.125569,0.0282058,-0.0610177,-0.9898051
212351612,-1.79134,0.708455,-1.19718,-0.0835833,0.039456,-0.0831122,-0.9922450
212385192,-1.81473,0.713981,-1.19865,0.0902313,-0.0215204,0.0948713,0.9911580
212419393,-1.83579,0.715243,-1.20198,-0.112017,0.0281047,-0.0781308,-0.9902311
212451470,-1.85528,0.719993,-1.2036,-0.0944188,0.0335236,-0.0773083,-0.991960
212485362,-1.87687,0.719832,-1.20357,0.0872893,-0.0120611,0.0894531,0.9920850
212518935,-1.89795,0.722081,-1.20306,-0.0880039,0.0225973,-0.0777563,-0.9928240
212551707,-1.91917,0.716515,-1.20072,0.112827,-0.00654758,0.0489753,0.9923851
212584816,-1.93612,0.71431,-1.19949,0.105149,-0.0111765,0.0627807,0.992410
212618793,-1.95591,0.709876,-1.20001,-0.121162,0.0335053,-0.0503417,-0.9907890
212651534,-1.97233,0.709194,-1.19671,-0.0784228,0.021843,-0.0718935,-0.9940850
212684638,-1.99164,0.695347,-1.1939,-0.124542,0.0217767,-0.0619714,-0.9900381
212719136,-2.00743,0.687754,-1.19164,-0.0887295,0.0552441,-0.0358427,-0.9938770
212751443,-2.0205,0.68026,-1.1896,-0.121734,0.0545157,-0.0348629,-0.9904510
212785819,-2.03572,0.671387,-1.18787,-0.107355,0.0260313,-0.0520115,-0.9925181
212819316,-2.05223,0.657129,-1.18483,0.0993632,-0.0174251,0.0673072,0.9926190
212851764,-2.06488,0.645112,-1.18263,-0.0788778,0.0236684,-0.0673037,-0.9943280
212885940,-2.07744,0.628462,-1.18077,-0.0900291,0.0340731,-0.0618018,-0.9934361
212919399,-2.09082,0.615923,-1.17903,-0.0909414,0.0296369,-0.0559317,-0.9938430
212952248,-2.1055,0.590524,-1.17611,0.0637532,0.0307042,0.109445,0.9914710
212985352,-2.11736,0.576955,-1.17082,0.0451413,0.00335109,0.0344955,0.9983790
213019080,-2.12774,0.561517,-1.16982,0.099257,0.00297559,0.0261175,0.9947151
213052162,-2.13723,0.548246,-1.16858,-0.0768014,0.00659659,-0.00687186,-0.9970010
213085442,-2.15102,0.526012,-1.16714,0.0761329,0.00807683,0.00680566,0.9970420
213119612,-2.16103,0.508238,-1.16373,-0.0689206,0.00247429,0.0174298,-0.9974671
213151947,-2.17145,0.489227,-1.16443,0.0371696,0.00671611,0.0187261,0.9991110
213185599,-2.18211,0.468961,-1.16245,0.0249889,0.0188386,-0.00468241,0.9994990
213218477,-2.19325,0.449599,-1.1591,0.0689982,0.0231666,-0.0237188,0.9970660
213251501,-2.20379,0.43126,-1.15897,0.0545407,0.0368145,-0.0165461,0.9976961
213284637,-2.21537,0.416863,-1.15781,0.0565833,0.027753,-0.0464853,0.9969290
213318954,-2.22666,0.401168,-1.15648,-0.0323628,-0.0149303,0.0541382,-0.9978970
213352486,-2.2356,0.384304,-1.15591,-0.0244386,-0.00612666,0.0641083,-0.9976251
213385759,-2.24757,0.363061,-1.15359,0.0519335,0.0241273,-0.0685037,0.9960060
213418616,-2.25782,0.351281,-1.15284,0.0587314,0.0306191,-0.0767066,0.9948510
213451652,-2.26737,0.34508,-1.15468,-0.0220674,-0.0119033,0.0885272,-0.9957580
213485762,-2.27991,0.336063,-1.15342,-0.0294281,-0.012593,0.0885583,-0.9955571
213519151,-2.29061,0.322245,-1.14987,-0.0406299,-0.0129118,0.0869216,-0.9953020
213551901,-2.30372,0.322502,-1.14903,-0.0533439,-0.0132839,0.0954212,-0.9939180
213584646,-2.31381,0.319476,-1.14723,-0.02522,0.0103333,0.114178,-0.9930860
213618792,-2.32855,0.312828,-1.14508,-0.0254107,0.000190579,0.134442,-0.9905961
213651376,-2.33925,0.310698,-1.14223,-0.0796945,-0.00527667,0.129091,-0.9884110
213685702,-2.35287,0.31479,-1.14116,-0.0603756,0.00971375,0.161081,-0.9850450
213719087,-2.36276,0.3189,-1.14188,-0.0125148,-0.015261,0.129288,-0.9914111
213751808,-2.3736,0.329226,-1.1416,0.00104222,0.0248501,0.160154,-0.9867790
213785666,-2.38879,0.33694,-1.13789,-0.00697199,0.0117706,0.179766,-0.9836140
213818561,-2.40082,0.346951,-1.13751,-0.0183211,0.0104853,0.179344,-0.983560
213851357,-2.41428,0.35966,-1.13554,-0.0424494,0.0103666,0.16893,-0.9846591
213885485,-2.43072,0.373331,-1.13213,-0.0301603,-0.000134234,0.149587,-0.9882880
213919177,-2.44302,0.391206,-1.12905,-0.00498406,-0.0144897,0.140061,-0.9900240
213952450,-2.4566,0.408458,-1.12659,0.0123377,0.00978737,0.130314,-0.9913481
213984895,-2.46828,0.429032,-1.12282,-0.0335901,-0.0137665,0.121024,-0.9919860
214019126,-2.48227,0.454914,-1.12142,-0.0136863,-0.00724863,0.106865,-0.9941530
214052116,-2.49654,0.480003,-1.11665,-0.0246908,-0.0104124,0.108341,-0.9937530
214085475,-2.51042,0.508553,-1.11263,-0.0239602,-0.0106895,0.114716,-0.9930521
214118793,-2.52203,0.536075,-1.10712,-0.0293931,-0.0347906,0.137603,-0.989440
214152278,-2.53532,0.571906,-1.10481,-0.0126083,-0.0256172,0.137645,-0.990070
214186029,-2.54819,0.604481,-1.10145,-0.0127527,-0.0242794,0.131787,-0.9908991
214219397,-2.55914,0.641509,-1.09975,-0.00277395,0.000439244,0.120362,-0.9927260
214252643,-2.57016,0.673681,-1.09521,-0.0458751,-0.0131649,0.0991112,-0.9939310
214284817,-2.58269,0.718582,-1.09382,-0.0290047,-0.00471679,0.111271,-0.9933560
214319350,-2.59753,0.757244,-1.09397,0.00899816,0.0428099,0.08153,-0.995711
214352356,-2.60781,0.800617,-1.09239,0.00930101,0.0116226,0.097171,-0.9951560
214384577,-2.61902,0.839245,-1.08889,-0.018121,0.00645924,0.146237,-0.9890630
214418778,-2.62898,0.88454,-1.08524,-0.0326099,0.0144127,0.14573,-0.9886820
214452424,-2.63772,0.934546,-1.08571,0.00730604,0.0376409,0.0824974,-0.9958531
214486811,-2.64504,0.97811,-1.08429,-0.026127,0.0319124,0.0161065,-0.9990190
214518667,-2.65086,1.02796,-1.08659,-0.00371428,0.0568808,0.00744979,-0.9983460
214551498,-2.65718,1.07134,-1.08311,-0.042188,0.0665407,0.00258457,-0.9968880
214585703,-2.66367,1.12403,-1.08507,-0.00474705,0.0909417,0.0077592,-0.9958151
214619530,-2.66472,1.16555,-1.08475,-0.00791523,0.0975973,-0.0251804,-0.9948760
214652225,-2.66463,1.20761,-1.0836,0.00320858,0.115379,-0.0553384,-0.9917740
214686749,-2.66728,1.25247,-1.08208,-0.00387234,0.122632,-0.0647123,-0.9903331
214719133,-2.66404,1.29452,-1.08165,0.0282766,0.099305,-0.0941748,-0.9901870
214751542,-2.65993,1.33421,-1.08162,0.0582967,0.0750244,-0.101426,-0.9902960
214784886,-2.6554,1.37468,-1.08089,0.0534443,0.0557522,-0.1242,-0.9892470
214818925,-2.64945,1.41326,-1.07888,0.0254321,0.0820094,-0.143646,-0.9858971
214852551,-2.64154,1.44878,-1.07552,0.0289435,0.0565998,-0.149937,-0.986650
214886037,-2.63112,1.47642,-1.0737,-0.046165,-0.046516,0.177647,0.981910
214918629,-2.61943,1.50886,-1.07296,0.0333134,0.0665132,-0.168133,-0.9829530
214952343,-2.6076,1.53739,-1.07057,0.0188167,0.0597128,-0.1599,-0.9851461
214985752,-2.5944,1.55792,-1.06888,0.0205591,0.0559412,-0.171193,-0.9834330
215019134,-2.58263,1.57443,-1.06408,-0.0279866,-0.0453113,0.189062,0.980520
215051735,-2.56888,1.58735,-1.06672,-0.0491654,0.00253226,0.19778,0.9790090
215085412,-2.55277,1.59651,-1.05903,-0.013644,-0.0462447,0.218846,0.9745671
215118823,-2.53529,1.608,-1.05754,-7.8338e-05,0.060555,-0.177752,-0.982210
215151996,-2.51473,1.60844,-1.05509,-0.0116476,0.0690461,-0.162768,-0.9841770
215185744,-2.49699,1.60851,-1.05089,-0.032294,0.0772986,-0.120753,-0.9891411
215218728,-2.48661,1.61092,-1.04592,0.0693652,0.0430576,-0.138236,-0.9870290
215251932,-2.46838,1.60439,-1.03849,-0.0654314,-0.0304002,0.163103,0.9839670
215285025,-2.44627,1.59612,-1.03187,0.040874,0.048958,-0.154696,-0.9859010
215318814,-2.42194,1.58242,-1.02523,0.0134223,0.0827767,-0.148493,-0.9853521
215352168,-2.39735,1.56464,-1.01472,-0.0179111,0.0912574,-0.146757,-0.9847910
215385491,-2.37861,1.5522,-1.00929,0.00577104,0.0635064,-0.124517,-0.9901660
215418962,-2.35478,1.53218,-1.00155,-0.000291216,0.06738,-0.0944771,-0.9932441
215451901,-2.32788,1.50458,-0.992873,-0.0277876,0.0715934,-0.104462,-0.9915590
215485888,-2.30294,1.48305,-0.98449,-0.01767,0.0503541,-0.09406,-0.9941350
215519641,-2.27483,1.44872,-0.975854,-0.0513416,0.0435733,-0.0928814,-0.9933971
215551792,-2.24353,1.42422,-0.964194,-0.0583408,0.0562887,-0.0367462,-0.9960310
215585717,-2.21805,1.40247,-0.959406,0.003103,0.0552881,-0.0514163,-0.9971410
215619131,-2.18563,1.36746,-0.95109,-0.0184188,0.0558237,-0.0257529,-0.9979390
215652331,-2.15528,1.33838,-0.94254,-0.0243607,0.0643049,0.0360393,-0.9969821
215686654,-2.12379,1.3055,-0.93959,-0.0294528,0.0623746,0.00850382,-0.9975820
215718581,-2.08374,1.26677,-0.936536,-0.0802842,0.111897,0.0160237,-0.9903420
215751574,-2.04989,1.23509,-0.932476,-0.0341215,0.0820509,0.0103383,-0.995990
215786131,-2.01128,1.2028,-0.928759,-0.0631138,0.0624085,0.0554622,-0.9945081
215819229,-1.97639,1.17166,-0.923828,-0.0374091,0.0550955,0.0425259,-0.9968730
215852020,-1.937,1.13719,-0.923764,-0.0287371,0.0478116,0.0178727,-0.9982830
215885110,-1.89634,1.0977,-0.92549,-0.0387566,0.045328,0.0236957,-0.9979390
215918399,-1.85697,1.06563,-0.927193,-0.0504966,0.0283008,0.0469945,-0.9972171
215951431,-1.8193,1.03692,-0.929924,-0.0364594,0.0239391,0.039936,-0.998250
215985782,-1.78044,1.00475,-0.932951,-0.00709936,-0.00165707,0.0446048,-0.9989780
216019519,-1.74061,0.973929,-0.937907,-0.0125322,0.00621913,0.0383662,-0.9991661
216052359,-1.70137,0.942524,-0.942573,-0.0091702,-0.00416148,0.0456056,-0.9989090
216085813,-1.66369,0.911523,-0.94868,0.0068145,0.0154068,-0.0442862,0.9988770
216178956,-1.62632,0.881575,-0.955253,0.00912569,0.0231932,-0.0462335,0.998621
216179837,-1.58898,0.853447,-0.961896,0.0139712,0.0240995,-0.0526246,0.9982260
216185653,-1.5515,0.825464,-0.970228,0.0182531,0.0370036,-0.059336,0.9973850
216218923,-1.51381,0.798918,-0.977973,0.0197878,0.0300538,-0.068446,0.9970060
216251709,-1.47909,0.773497,-0.987047,0.0217138,0.0300543,-0.0757223,0.9964390
216285922,-1.44268,0.746596,-0.995253,-0.0527063,-0.0340371,0.111688,-0.9917611
216318194,-1.4069,0.728139,-1.00325,-0.0319857,-0.0244393,0.1092,-0.9932040
216352332,-1.37187,0.701485,-1.01346,0.0185378,-0.0237914,0.158045,-0.9869710
216384915,-1.33915,0.684414,-1.02459,-0.0147296,-0.011583,0.123448,-0.9921740
216419528,-1.31093,0.667536,-1.03952,-0.0378568,-0.0147619,0.0680329,-0.9968551
216451709,-1.2783,0.646681,-1.04746,0.0563766,0.045989,-0.0934301,0.9929640
216485103,-1.24845,0.63383,-1.06015,0.0376937,0.0346517,-0.0575666,0.9970280
216519503,-1.21524,0.62185,-1.06946,-0.0405815,-0.0134619,0.0760217,-0.9961890
216552139,-1.18325,0.609322,-1.08207,0.021104,0.0312083,-0.066752,0.9970581
216585411,-1.1529,0.597465,-1.09065,-0.00130555,-0.0156267,0.0669042,-0.9976360
216618929,-1.12503,0.587308,-1.10204,-0.00441911,0.0263394,-0.0533844,0.9982170
216652777,-1.09568,0.576111,-1.11199,-0.00120381,0.0341729,-0.0569574,0.9977911
216684474,-1.0666,0.568727,-1.12313,-0.00538794,0.0273959,-0.0484118,0.9984370
216718773,-1.03934,0.561288,-1.13411,0.00545984,0.0246754,-0.0502863,0.9984150
216752437,-1.01238,0.554092,-1.14527,0.00945465,0.0238489,-0.04953,0.9984430
216785856,-0.984834,0.546881,-1.15632,0.00668256,0.0196994,-0.0458996,0.9987291
216818571,-0.959147,0.538603,-1.1675,0.00724905,0.0307312,-0.0416856,0.9986320
216852854,-0.935779,0.535694,-1.17854,0.00291246,0.0286798,-0.0333272,0.9990290
216885179,-0.911008,0.527074,-1.18888,0.0140105,0.0357338,-0.0273625,0.9988880
216918384,-0.887915,0.526309,-1.19881,0.00908873,0.0257488,-0.0170871,0.9994811
216952104,-0.864757,0.519869,-1.20896,0.00813945,0.0195239,0.00335467,0.9997710
216985351,-0.842063,0.514143,-1.2189,0.0149661,0.014345,0.0230128,0.999520
217017724,-0.820503,0.508275,-1.22878,0.0184919,0.0141586,0.0366993,0.9990550
217051494,-0.800433,0.501867,-1.23823,0.0188722,0.0171093,0.0480566,0.998521
217086153,-0.779599,0.494354,-1.24813,0.0295992,0.0180445,0.0561403,0.9978210
217118456,-0.754123,0.478803,-1.25904,0.0584722,0.0197482,0.0316877,0.9975910
217151670,-0.740496,0.474006,-1.26738,0.0107865,0.0197918,0.0684631,0.9973991
217185891,-0.721021,0.462916,-1.27668,0.0204552,0.0134808,0.074906,0.996890
217218826,-0.70102,0.445756,-1.28412,0.0681698,0.0198649,0.0617911,0.995560
217252120,-0.683921,0.432559,-1.29355,0.0617188,0.00837779,0.072483,0.9954231
217285710,-0.666965,0.416462,-1.30167,0.0734026,0.0126195,0.0702954,0.9947420
217319529,-0.650858,0.397676,-1.31079,0.0671055,0.0169346,0.0764807,0.9946660
217352177,-0.634936,0.380084,-1.31914,0.0457254,0.0031372,0.108858,0.9931
217384509,-0.619074,0.355471,-1.32747,0.0466048,0.00617891,0.120215,0.9916340
217419953,-0.599925,0.324634,-1.33333,0.0867287,-0.00413122,0.114955,0.9895690
217451511,-0.58663,0.30239,-1.34156,0.0455501,-0.00623672,0.113879,0.992430
217485646,-0.57268,0.269686,-1.34935,0.0694605,0.00354981,0.105287,0.9920071
217518474,-0.558141,0.23746,-1.35513,0.101656,0.00099702,0.0794412,0.9916420
217552037,-0.540418,0.200701,-1.36283,0.0948775,0.00239472,0.0537209,0.9940360
217585616,-0.528113,0.172376,-1.36957,0.0448012,0.0175271,0.0552865,0.9973110
217618137,-0.515834,0.142332,-1.37495,0.0323062,0.0119009,0.0399476,0.9986081
217651566,-0.499018,0.103472,-1.38412,0.0605351,0.00694776,-0.00587883,0.9981250
217685564,-0.485491,0.0652664,-1.39028,-0.0611492,-0.00683284,0.0264486,-0.9977550
217717981,-0.473574,0.0273459,-1.39675,0.0507574,0.0218362,-0.00917384,0.998430
217751365,-0.459231,-0.0102691,-1.40229,0.0293312,0.00917857,-0.0270978,0.999161
217784460,-0.445118,-0.0483696,-1.40852,-0.00912095,-0.00576807,0.0284309,-0.9995380
217819878,-0.430027,-0.0850536,-1.41686,0.00111987,-0.0106167,0.0911227,-0.9957820
217852048,-0.417034,-0.119113,-1.42531,-0.0070842,-0.0132956,0.11028,-0.9937861
217885028,-0.405756,-0.145103,-1.43454,0.0570517,0.0511169,-0.11021,0.9909520
217919841,-0.390841,-0.174494,-1.43839,-0.0670697,-0.0201738,0.112296,-0.9912030
217951501,-0.378012,-0.202486,-1.44462,-0.0628315,0.000837066,0.105186,-0.9924650
217985515,-0.36504,-0.230114,-1.45093,-0.0629333,0.00373844,0.117575,-0.9910611
218017928,-0.352486,-0.256131,-1.45733,-0.0592559,0.00607403,0.119827,-0.9910060
218051869,-0.340403,-0.279206,-1.46431,-0.0518712,0.00454813,0.133265,-0.9897120
218085450,-0.329188,-0.300696,-1.47053,-0.0517267,0.00195105,0.141843,-0.9885350
218117849,-0.31792,-0.320242,-1.47542,-0.0387723,0.00462955,0.132556,-0.9904061
218152078,-0.305066,-0.33809,-1.48167,-0.021146,-0.000572854,0.146387,-0.9890010
218185975,-0.292977,-0.350173,-1.48667,-0.0265245,0.0116756,0.141653,-0.9894920
218218327,-0.283578,-0.358035,-1.49098,-0.0330926,0.00307914,0.11408,-0.9929161
218251477,-0.272377,-0.365184,-1.49654,-0.0484464,0.00188109,0.122062,-0.9913380
218284749,-0.26141,-0.370286,-1.50118,-0.0316579,0.0155773,0.141465,-0.9893140
218318948,-0.251285,-0.373087,-1.50463,-0.0196841,0.0169168,0.136396,-0.9903141
218351852,-0.239314,-0.368536,-1.5105,-0.0481429,0.00601024,0.156191,-0.9865350
218384824,-0.23072,-0.366456,-1.51203,-0.0410871,0.00519246,0.132775,-0.9902810
218417909,-0.220503,-0.361055,-1.5153,-0.0342473,0.0116135,0.133201,-0.9904290
218451007,-0.210057,-0.349261,-1.51904,-0.0461629,0.00165003,0.137007,-0.9894921
218486248,-0.201306,-0.337383,-1.52084,-0.0484128,-0.0017014,0.136069,-0.9895140
218518553,-0.191358,-0.3223,-1.52314,-0.0473941,-0.00578747,0.121122,-0.9914890
218551173,-0.181842,-0.307201,-1.5246,-0.052108,-0.00378401,0.094221,-0.9941791
218586482,-0.175236,-0.295589,-1.52512,-0.0528189,-0.0112386,0.0656719,-0.9963790
218618504,-0.167543,-0.277052,-1.52603,0.0556549,0.0209245,-0.0453749,0.9971990
218653919,-0.159369,-0.255308,-1.52819,0.0534823,0.0325136,-0.0384357,0.9972991
218686002,-0.152684,-0.23335,-1.52891,0.0571934,0.0346105,-0.0324829,0.9972340
218718435,-0.14637,-0.213349,-1.53003,0.0551317,0.0318096,-0.0316669,0.997470
218751571,-0.139725,-0.19099,-1.53178,0.056627,0.0270738,-0.0268072,0.9976680
218785740,-0.1347,-0.169027,-1.53301,0.0548623,0.0252598,-0.00376139,0.9981671
218819351,-0.129657,-0.146129,-1.53562,0.0617339,0.0281335,0.00166808,0.9976950
218852318,-0.125514,-0.126139,-1.53716,0.0701732,0.0251971,0.00563278,0.9972010
218885560,-0.121739,-0.104004,-1.5396,0.0695935,0.0186615,0.0108736,0.9973420
218918398,-0.11844,-0.0826567,-1.54128,0.0659665,0.0122409,0.011174,0.9976841
218952580,-0.116089,-0.0622359,-1.54367,0.0701176,0.014292,0.0217899,0.9971980
218984177,-0.113813,-0.042476,-1.54758,0.0651284,0.0236926,0.0436548,0.996640
219018713,-0.111461,-0.0236566,-1.55094,0.0597359,0.0170853,0.046358,0.9969911
219051541,-0.109401,-0.00465497,-1.5532,0.0656904,0.00269676,0.0415261,0.9969720
219086281,-0.107836,0.0109141,-1.55686,0.0575181,0.00448989,0.0514981,0.9970050
219118015,-0.106356,0.0267965,-1.55912,0.0611383,-0.00132979,0.0592451,0.9963690
219151318,-0.10446,0.0397147,-1.56201,0.050691,-0.00224456,0.0584553,0.9971
219185890,-0.103081,0.0531589,-1.56381,0.0566915,-0.0141338,0.0774825,0.995280
219218695,-0.100486,0.058843,-1.57001,0.0835627,0.0246749,0.0373313,0.9954970
219251989,-0.0983678,0.0678495,-1.57419,0.0867175,0.0269649,0.00800373,0.9958361
219285654,-0.096598,0.0774353,-1.58073,0.0986312,0.0593258,-0.0370317,0.9926640
219319790,-0.0966699,0.0841443,-1.57933,0.0882956,0.0140453,-0.0198101,0.9957980
219350816,-0.0945253,0.0915582,-1.581,0.0867892,0.0143125,-0.0105681,0.9960680
219384131,-0.0941974,0.0986087,-1.58487,0.0925399,0.0194104,-0.00108026,0.9955191
219418584,-0.0937805,0.101116,-1.58793,0.0930044,0.0228965,-0.00424434,0.9953930
219451967,-0.0893798,0.102781,-1.58992,0.0989857,0.0216254,0.00404868,0.9948460
219484600,-0.0900791,0.100977,-1.59162,0.136669,0.0621495,-0.0246627,0.9883581
219518649,-0.0896975,0.10724,-1.5926,0.121253,0.0618688,-0.0445429,0.989690
219551851,-0.087781,0.112361,-1.59439,0.11524,0.0425213,-0.0621482,0.9904790
219584592,-0.0872347,0.115678,-1.59331,0.0950556,0.0386527,-0.032283,0.9941970
219618177,-0.0864958,0.116388,-1.59343,0.112868,0.0485427,-0.020641,0.9922091
219651666,-0.0889565,0.120293,-1.59057,0.127583,0.0481999,-0.0311881,0.9901650
219685336,-0.0888685,0.119124,-1.58867,0.134205,0.0472232,-0.0344026,0.989230
219718703,-0.0888796,0.119714,-1.58601,0.104474,0.0428062,-0.00418861,0.9935971
219751900,-0.08877,0.116881,-1.58106,0.124088,0.0484337,-0.0329869,0.9905390
219785733,-0.0916934,0.114125,-1.57479,0.138995,0.0388573,-0.0466186,0.9884320
219818885,-0.0937854,0.112093,-1.56958,0.15221,0.03481,-0.0536732,0.9862761
219852546,-0.0971261,0.112609,-1.56361,0.11861,0.0206978,-0.0131781,0.9926380
219885690,-0.0984746,0.106799,-1.55573,0.127638,0.0275724,-0.0270045,0.991070
219918631,-0.101279,0.102718,-1.54702,0.156229,0.033797,-0.0557683,0.9855660
219951421,-0.106502,0.101808,-1.53954,-0.128506,0.00121073,0.00838315,-0.9916731
219985596,-0.106254,0.0919167,-1.5279,0.151147,0.0181196,-0.018018,0.9881810
220017833,-0.11088,0.0906827,-1.51727,0.149303,0.0202011,-0.043532,0.9876260
220051419,-0.111517,0.0806271,-1.50498,-0.0934548,-0.0137857,0.0805802,-0.9922620
220087398,-0.118167,0.0843378,-1.49389,0.139886,0.0203208,-0.0387066,0.9892021
220117674,-0.120408,0.0818548,-1.4819,0.126814,0.0175918,-0.0225244,0.9915150
220153175,-0.123899,0.0761095,-1.46836,0.119508,0.02123,-0.0171715,0.9924580
220185324,-0.126159,0.0672735,-1.45555,-0.153024,0.0200952,0.0217464,-0.9877790
220219351,-0.13119,0.0646429,-1.43755,-0.150947,0.0367798,-0.00176026,-0.9878561
220251725,-0.136349,0.0638344,-1.42335,-0.171775,0.0278482,0.030205,-0.9842790
220285761,-0.142032,0.0641914,-1.41252,-0.107858,-0.00196047,0.0178308,-0.9940040
220318574,-0.145156,0.047884,-1.39613,-0.153806,0.00653602,0.0573012,-0.9864170
220351282,-0.148665,0.0560219,-1.38694,-0.08597,0.0336348,0.000611699,-0.995731
220385426,-0.153207,0.0513759,-1.37207,-0.0629608,0.0303195,-0.0139643,-0.9974580
220418740,-0.158366,0.0452496,-1.35771,-0.0683527,0.0413363,-0.031621,-0.9963030
220451940,-0.161896,0.0408722,-1.34182,-0.0576629,0.0737384,-0.0785503,-0.9925061
220485431,-0.163652,0.0453169,-1.33765,-0.083126,0.0401194,-0.0295781,-0.9952920
220517872,-0.169284,0.0471951,-1.33022,0.113735,0.00830468,-0.0222188,0.9932280
220552146,-0.167933,0.0410828,-1.32017,-0.130033,-0.00209835,0.0193997,-0.9913181
220586082,-0.169545,0.0378348,-1.30471,-0.106355,0.0265958,0.0152693,-0.9938550
220618415,-0.172369,0.0332823,-1.29476,-0.089335,0.0747322,-0.0401932,-0.992380
220653124,-0.175302,0.0401896,-1.28514,-0.10667,0.038449,-0.0249258,-0.9932381
220685234,-0.180766,0.0412936,-1.27789,-0.143409,-0.0111052,0.0355275,-0.9889630
220718933,-0.17976,0.0364889,-1.26683,-0.140855,0.00323022,0.0424603,-0.9891140
220751623,-0.177788,0.0308846,-1.25977,0.107429,0.0198107,-0.0570189,0.9923790
220785695,-0.18399,0.0352557,-1.25,-0.109399,-0.00343405,0.0398099,-0.9931951
220818393,-0.186234,0.0362947,-1.2413,-0.104676,-0.000508935,0.0462706,-0.9934290
220852031,-0.190954,0.0399033,-1.23037,-0.10566,0.0316682,0.00640679,-0.9938770
220886151,-0.190506,0.039001,-1.21945,-0.0996249,0.0364304,0.0100199,-0.9943071
220918397,-0.19502,0.0442285,-1.21126,-0.0958518,0.0157054,0.0152933,-0.9951540
220951712,-0.196719,0.045612,-1.20418,-0.106627,0.002528,0.0255513,-0.9939680
220985416,-0.196351,0.0478293,-1.19655,-0.0889946,-0.00678196,0.0489232,-0.9948070
221018530,-0.195381,0.0446301,-1.18853,-0.113077,-0.011397,0.0612491,-0.9916311
221051654,-0.194166,0.0468768,-1.17993,-0.125972,0.0147867,0.0221205,-0.9916770
221085095,-0.196925,0.0503091,-1.1741,-0.116389,-0.00605682,0.0618554,-0.9912570
221118355,-0.194176,0.0556605,-1.16504,-0.128335,0.0114018,0.0130409,-0.991580
221151497,-0.198626,0.0615755,-1.16111,-0.102209,-0.00833835,0.0443083,-0.9937411
221185673,-0.197329,0.0645909,-1.15404,0.0927281,0.0172741,-0.0257744,0.9952080
221217852,-0.202526,0.0701962,-1.14558,0.0967951,0.0175112,-0.0242512,0.9948550
221252284,-0.203616,0.0783505,-1.13998,0.0900945,0.0192391,-0.0258033,0.9954131
221285726,-0.212816,0.0843755,-1.12962,0.107787,0.026028,-0.0563135,0.9922370
221318943,-0.217495,0.0941694,-1.12447,0.0926205,0.0484445,-0.0470254,0.993410
221352010,-0.222438,0.100904,-1.11789,0.112587,0.0403284,-0.0217329,0.9925850
221384717,-0.227853,0.107868,-1.11245,0.111181,0.0538621,-0.00942749,0.9922951
221419342,-0.240245,0.120095,-1.10728,0.11333,0.0874526,-0.0238923,0.9894130
221451558,-0.25273,0.130634,-1.09875,0.162125,0.0812366,-0.0567233,0.9817830
221484753,-0.264337,0.140624,-1.09215,0.17224,0.123945,-0.0915709,0.9729261
221519255,-0.277087,0.14509,-1.08598,0.134057,0.117066,-0.061261,0.9821260
221551812,-0.292163,0.154461,-1.08007,0.15065,0.126015,-0.0603265,0.9786650
221584964,-0.309578,0.159843,-1.07368,0.117581,0.128095,-0.0434351,0.9838091
221618741,-0.329923,0.168316,-1.06743,0.105791,0.129223,-0.0332079,0.9853970
221651882,-0.352003,0.17704,-1.06304,0.0751984,0.122516,-0.00367302,0.9896070
221684782,-0.374799,0.180854,-1.05588,0.06092,0.115517,0.00317299,0.9914310
221718981,-0.409375,0.191163,-1.04222,0.103093,0.144351,-0.0524304,0.9827441
221752163,-0.444937,0.198613,-1.03442,0.0938295,0.166664,-0.0601068,0.9796970
221785872,-0.476487,0.201846,-1.02723,0.114309,0.159367,-0.0662367,0.978340
221818039,-0.510492,0.207015,-1.01966,0.125315,0.14347,-0.0501696,0.9804060
221851622,-0.549005,0.213161,-1.01181,0.12467,0.127765,-0.0404981,0.9831041
221885841,-0.591482,0.220772,-1.00675,0.10033,0.0882871,-0.00995163,0.9909790
221917547,-0.632989,0.221324,-0.999376,0.109027,0.0660286,-0.00859603,0.9918060
221951316,-0.678682,0.223528,-0.991602,0.126646,0.0841454,-0.0175763,0.9882160
221985277,-0.725427,0.230566,-0.98359,0.100947,0.0754573,-0.0299014,0.9915751
222018243,-0.77523,0.229808,-0.976127,0.113446,0.0860048,0.00149877,0.9898140
222051329,-0.822287,0.227809,-0.971634,0.131133,0.116061,0.0157779,0.9844210
222085557,-0.869855,0.226023,-0.963694,0.0953711,0.131647,-0.0220234,0.9864521
222118248,-0.935673,0.233672,-0.961394,0.0533075,0.0851445,-0.0037056,0.9949350
222151909,-0.993551,0.23332,-0.957697,0.0810729,0.0866428,0.00130523,0.9929340
222184776,-1.05261,0.227791,-0.952387,0.107409,0.093085,-0.0141899,0.9897460
222218595,-1.10838,0.21648,-0.947536,0.154358,0.0835772,-0.00581786,0.9844571
222251806,-1.16705,0.208999,-0.945059,0.193457,0.107249,-0.0201999,0.975020
222284633,-1.23571,0.204019,-0.937141,0.169651,0.120586,-0.0558762,0.9765020
222318057,-1.29609,0.20014,-0.9402,0.132608,0.0873338,-0.0406083,0.9864780
222351062,-1.36941,0.202102,-0.945794,0.18822,0.0806985,-0.029393,0.9783651
222384574,-1.43609,0.191496,-0.949507,0.224686,0.056786,-0.0281242,0.9723680
222417970,-1.5089,0.190441,-0.951434,0.22196,0.0428564,-0.0331608,0.9735490
222451424,-1.57863,0.191557,-0.954115,0.167225,0.0553737,-0.078385,0.9812371
222485318,-1.64435,0.190356,-0.95701,-0.169296,-0.0170167,0.078273,-0.9823050
222518521,-1.71238,0.189794,-0.965468,-0.152376,0.00334453,0.0432113,-0.9873720
222552993,-1.77535,0.187111,-0.975088,-0.144517,0.0293328,0.0210128,-0.9888441
222584255,-1.83492,0.185176,-0.983166,-0.136524,0.0398393,0.0140469,-0.9897360
222618771,-1.89132,0.176022,-0.993688,-0.162955,0.0670939,-0.00203132,-0.9843470
222652126,-1.96033,0.18367,-0.99308,-0.14014,0.065131,-0.0284987,-0.9875760
222685524,-2.01801,0.182959,-0.997995,-0.0546963,0.120925,-0.0768824,-0.9881671
222717840,-2.05935,0.173829,-1.0075,-0.119742,0.168271,-0.0709579,-0.9758650
222752030,-2.10728,0.177689,-1.02163,-0.159944,0.146064,-0.0578911,-0.9745420
222785382,-2.14952,0.175545,-1.03993,-0.24304,0.0564443,-0.0133002,-0.9682810
222817629,-2.19774,0.188403,-1.0477,-0.220945,0.0341242,-0.0551254,-0.9731291
222851925,-2.24158,0.170734,-1.0488,-0.223485,0.133947,0.0958294,-0.9606920
222884455,-2.27432,0.185301,-1.05875,-0.230681,0.180186,0.192557,-0.9366120
222918500,-2.31241,0.217557,-1.07263,-0.240063,0.122157,0.159278,-0.9497781
222952296,-2.35144,0.220203,-1.07958,-0.244297,0.0907685,0.180115,-0.9484930
222984836,-2.38721,0.242108,-1.09657,-0.145475,0.0956634,0.0972295,-0.9799140
223018477,-2.41144,0.244662,-1.10067,-0.238796,0.152962,0.105575,-0.9531170
223052794,-2.46026,0.284755,-1.10965,-0.128561,0.0802486,0.140453,-0.978421
223085412,-2.47647,0.297456,-1.1278,-0.106871,0.103077,0.137988,-0.9792410
223118285,-2.49805,0.316832,-1.13691,-0.10058,0.127386,0.118103,-0.9796470
223151418,-2.51647,0.327633,-1.14151,-0.163379,0.0501972,0.11873,-0.9781060
223184471,-2.53645,0.359259,-1.15698,-0.00358423,0.0894157,-0.0686739,-0.9936181
223217816,-2.5586,0.379044,-1.16559,-0.0285802,0.0591827,-0.0613517,-0.995950
223252250,-2.56743,0.402403,-1.17891,-0.0737239,0.107396,0.0499046,-0.9902220
223285430,-2.57974,0.419284,-1.18666,-0.083568,0.0338557,-0.0425959,-0.9950151
223318766,-2.59587,0.437169,-1.19042,-0.170326,0.0710016,0.0312786,-0.9823290
223350874,-2.60687,0.459978,-1.19765,-0.187717,0.0709253,0.0274505,-0.9792740
223385425,-2.60941,0.48742,-1.20937,-0.125657,0.0630776,-0.0160817,-0.9899360
223418969,-2.6259,0.506038,-1.21813,-0.139605,0.0899611,-0.0312838,-0.9856161
223451497,-2.62682,0.531284,-1.22768,-0.0473971,0.0502551,-0.128218,-0.9893370
223485883,-2.63344,0.543218,-1.23422,-0.0881607,0.0670416,-0.0778648,-0.9907930
223517271,-2.63458,0.566528,-1.24678,-0.0411442,0.0783957,-0.111339,-0.9898310
223551761,-2.63176,0.57609,-1.25593,-0.0835453,0.05583,-0.103598,-0.9895311
223584617,-2.63189,0.589755,-1.26347,-0.102201,0.0514288,-0.100313,-0.9883560
223617726,-2.63047,0.604719,-1.27264,-0.0575052,0.0655535,-0.111868,-0.989890
223650939,-2.62669,0.613723,-1.28074,-0.0622757,0.0694823,-0.131072,-0.9869720
223684514,-2.62272,0.618806,-1.29005,-0.072944,0.0767589,-0.11581,-0.9876111
223717756,-2.61587,0.623981,-1.29667,-0.0479396,0.0576346,-0.128065,-0.9889280
223752040,-2.60817,0.631376,-1.30548,-0.0611038,0.0536313,-0.123659,-0.9889890
223785112,-2.60011,0.63248,-1.31316,-0.0771013,0.0604953,-0.104956,-0.9896361
223818042,-2.59033,0.63342,-1.31935,-0.0588008,0.0815347,-0.121648,-0.987470
223851182,-2.57574,0.634463,-1.32604,-0.0535354,0.0621026,-0.0934701,-0.992240
223885308,-2.56217,0.629097,-1.33117,-0.0277677,0.064712,-0.102527,-0.9922351
223917711,-2.54523,0.622773,-1.33896,0.0285514,-0.0351027,0.118794,0.9918870
223951701,-2.53011,0.624509,-1.34306,0.0175334,-0.0186189,0.126392,0.9916510
223985307,-2.51329,0.620033,-1.34963,0.0542663,-0.00989759,0.0831695,0.9950080
224018525,-2.49498,0.617925,-1.35756,-0.0341031,0.0343544,-0.0410169,-0.9979851
224051268,-2.47795,0.609889,-1.35879,0.0351032,0.0231316,0.0811287,0.9958170
224085492,-2.45668,0.597178,-1.35992,0.0312302,0.00645302,0.0515583,0.9981610
224118562,-2.4375,0.5878,-1.35951,-0.00115619,0.047407,-0.124039,-0.9911441
224151761,-2.41858,0.584883,-1.36683,0.0404227,0.00554717,0.0293123,0.9987370
224185567,-2.39848,0.578568,-1.36729,0.0457477,-0.0197226,0.0704022,0.9962740
224218314,-2.38007,0.566797,-1.36941,-0.0133174,0.0394698,-0.0424689,-0.9982290
224252462,-2.35996,0.559258,-1.37309,-0.0240043,0.0103206,0.0024752,-0.9996561
224284842,-2.33474,0.540263,-1.36047,0.0539743,0.0341996,-0.0355249,0.9973240
224318612,-2.31879,0.536337,-1.36577,-0.055982,0.0016111,0.0102958,-0.9983770
224351947,-2.30389,0.520758,-1.36242,-0.0929983,0.00688675,0.0236312,-0.9953620
224384939,-2.27811,0.515976,-1.35932,-0.0597488,0.0243299,0.0101572,-0.9978651
224417757,-2.25878,0.502085,-1.35163,-0.0467093,0.0174278,0.025514,-0.9984310
224452017,-2.24298,0.492777,-1.3454,-0.0664715,0.00863626,0.0535583,-0.9963120
224485427,-2.22066,0.485004,-1.34176,-0.0329059,0.00875801,0.0273775,-0.9990451
224517860,-2.20097,0.471216,-1.33562,-0.0355296,-0.00203815,0.0250235,-0.9990530
224552102,-2.18226,0.453529,-1.32895,-0.0652232,-0.00329715,0.0489191,-0.9966650
224585554,-2.16722,0.446371,-1.32459,-0.0555513,0.0101394,0.0381458,-0.9976751
224618040,-2.14781,0.434643,-1.3173,-0.0332374,0.0145685,0.0325044,-0.9988130
224651975,-2.13087,0.424392,-1.31091,-0.0152134,0.0152901,0.0375847,-0.9990610
224684762,-2.11461,0.411182,-1.30415,-0.0340641,0.0147451,0.046176,-0.9982440
224718611,-2.09601,0.395639,-1.29656,-0.0089106,0.0169231,0.0685904,-0.9974621
224751166,-2.08024,0.389944,-1.29054,-0.00957971,0.0341516,0.0591767,-0.9976170
224785447,-2.06183,0.375233,-1.28329,-0.058513,-0.00433911,0.10096,-0.9931590
224817874,-2.05131,0.366423,-1.27805,-0.0383708,0.019722,0.0698548,-0.9966240
224851006,-2.02999,0.353998,-1.27146,-0.0192692,0.0349678,0.0642536,-0.9971351
224885255,-2.01089,0.341701,-1.265,-0.081094,0.00155586,0.128416,-0.9883980
224918546,-1.99529,0.336671,-1.2605,-0.0937535,0.0222987,0.0940778,-0.990890
224951845,-1.97771,0.329627,-1.257,-0.0696895,0.0236864,0.0643681,-0.9952081
224985360,-1.96044,0.322702,-1.24828,-0.0636829,0.0210301,0.0970144,-0.9930210
225019586,-1.94616,0.319589,-1.24157,-0.0665536,-0.00422929,0.13102,-0.9891340
225052286,-1.93211,0.31794,-1.23484,-0.0675337,-0.0283198,0.161633,-0.984131
225084885,-1.91372,0.321263,-1.2263,-0.0480492,0.0065615,0.136671,-0.9894290
225118059,-1.89791,0.317715,-1.22001,-0.0659964,0.00102253,0.136291,-0.9884680
225151778,-1.88277,0.321646,-1.21684,-0.0736856,-0.0270059,0.158605,-0.9842180
225185360,-1.86541,0.326725,-1.21181,-0.0591568,-0.019424,0.168067,-0.9838071
225217879,-1.84801,0.334001,-1.2053,-0.0616331,-0.0158523,0.176133,-0.9823070
225251003,-1.82993,0.342886,-1.1995,-0.0672342,0.00743894,0.145437,-0.9870520
225285588,-1.80793,0.351991,-1.19062,-0.0564306,0.0368177,0.118064,-0.9907171
225317874,-1.78924,0.366135,-1.18573,-0.0431406,0.0126927,0.131792,-0.9902570
225351930,-1.76714,0.385715,-1.17684,-0.0607205,0.0391191,0.123877,-0.9896650
225384575,-1.74614,0.40448,-1.17018,-0.0711332,0.0635585,0.100826,-0.990320
225418525,-1.72697,0.42147,-1.16195,-0.0638022,0.0542049,0.120543,-0.9891721
225451222,-1.70302,0.445207,-1.15354,-0.0611405,0.0615961,0.119374,-0.9890490
225485637,-1.68205,0.474884,-1.14512,-0.0504561,0.0582591,0.120584,-0.9897070
225517564,-1.65819,0.50168,-1.1371,-0.049514,0.0596467,0.111321,-0.9907560
225551726,-1.62905,0.527017,-1.12755,-0.0518065,0.0723052,0.104118,-0.9905791
225585677,-1.60345,0.559294,-1.11602,-0.0392782,0.0469563,0.0706309,-0.9956220
225618152,-1.57675,0.588275,-1.10667,-0.0570827,0.0580383,0.113148,-0.9902380
225651513,-1.54759,0.61877,-1.09594,-0.0622662,0.0649919,0.100493,-0.9908580
225685827,-1.51784,0.652256,-1.08307,-0.0920357,0.0641249,0.110414,-0.9875351
225718037,-1.48915,0.689578,-1.06545,-0.0968457,0.0418377,0.132743,-0.985520
225752556,-1.45497,0.726846,-1.06199,-0.0661795,0.0400529,0.0689581,-0.9946160
225785732,-1.42233,0.76203,-1.05032,-0.0847454,0.0297488,0.0401217,-0.995150
225818088,-1.38904,0.803762,-1.04104,-0.082113,0.0161512,0.0389688,-0.995731
225851759,-1.35566,0.843849,-1.03339,-0.0744372,0.0266362,0.0376276,-0.9961590
225885915,-1.32296,0.881281,-1.02101,-0.06392,0.00866097,0.0273682,-0.9975420
225918786,-1.29096,0.91541,-1.01031,-0.0894776,-0.00795486,0.0397048,-0.9951651
225951476,-1.25977,0.951811,-1.00515,-0.112016,0.0112968,-0.00411878,-0.9936340
225985612,-1.22464,0.992272,-0.997517,0.0614277,0.015963,0.0779705,0.9949330
226018394,-1.19071,1.02836,-0.990031,0.0568243,0.00824889,0.0414419,0.997490
226051448,-1.1538,1.06447,-0.979652,-0.0658616,-0.000487872,0.0100577,-0.9977781
226085108,-1.12186,1.09714,-0.971478,0.0480035,0.014911,0.0203153,0.9985290
226117507,-1.08889,1.12392,-0.966159,0.0712976,0.00597987,0.0212946,0.997210
226214734,-1.05551,1.15213,-0.957309,0.089292,0.0091101,0.0312021,0.9954751
226215127,-1.02387,1.17938,-0.952469,0.0858105,0.0278596,0.0798548,0.9927150
226218597,-0.989626,1.20372,-0.945463,0.11511,0.00177191,0.119702,0.9861130
226251957,-0.963282,1.23732,-0.937953,0.0837302,0.000771932,0.1033,0.991120
226285634,-0.932758,1.24814,-0.934184,0.118692,0.00847028,0.0998627,0.987860
226318906,-0.905428,1.27067,-0.927339,0.101322,0.0242243,0.125103,0.9866591
226351437,-0.879328,1.28994,-0.920676,0.0719012,0.0322655,0.123074,0.9892630
226385326,-0.847497,1.29932,-0.914237,0.0878265,0.0299585,0.143392,0.9853060
226418810,-0.820222,1.3055,-0.911914,0.0807069,0.0207458,0.120989,0.989150
226451893,-0.794529,1.31224,-0.906665,0.0886228,0.0295334,0.107464,0.9898111
226484743,-0.773597,1.31567,-0.90242,0.100729,0.0239308,0.11586,0.9878550
226518956,-0.741927,1.31281,-0.900082,0.0591846,0.0448816,0.150169,0.9858660
226551250,-0.717731,1.30996,-0.896243,0.0308683,0.028933,0.161493,0.9859670
226584332,-0.692099,1.30352,-0.8912,0.0424478,0.024314,0.143795,0.9883981
226618662,-0.66994,1.29572,-0.885063,0.0232649,0.00623802,0.152034,0.9880820
226651571,-0.644035,1.27997,-0.878084,0.0469428,-0.0162876,0.152732,0.9870180
226684709,-0.619447,1.26691,-0.877267,0.0559835,0.0194382,0.122147,0.9907411
226718423,-0.598265,1.25219,-0.872347,0.0513635,-0.0207174,0.102935,0.9931450
226751811,-0.57256,1.23161,-0.865085,0.0620375,-0.026118,0.113142,0.9912960
226784392,-0.546804,1.20706,-0.860114,0.0827969,-0.0206859,0.0973236,0.9915870
226818935,-0.527311,1.18157,-0.850836,0.0994141,0.00721833,0.107242,0.9892241
226851339,-0.506976,1.15648,-0.844783,0.068025,0.00125126,0.123397,0.9900220
226884324,-0.485705,1.12775,-0.839223,0.0794302,-0.0284636,0.103032,0.9910930
226918584,-0.467783,1.0953,-0.830348,0.0917239,0.00875903,0.106655,0.9900180
226951247,-0.44702,1.06149,-0.822449,0.094254,0.00404162,0.100987,0.9904051
226984184,-0.42487,1.0278,-0.813369,0.0763984,-0.00667175,0.0890279,0.9930720
227018346,-0.402517,0.98838,-0.807061,0.0806253,-0.0125506,0.0717695,0.9940780
227051296,-0.379475,0.947302,-0.796891,0.061798,0.00433556,0.0775056,0.9950651
227084673,-0.356922,0.906891,-0.788171,0.0608853,-0.00180034,0.0838688,0.9946130
227118465,-0.333193,0.864755,-0.78105,-0.0439339,0.0314428,-0.0904611,-0.9944340
227151906,-0.313633,0.815322,-0.766949,-0.0798563,0.025371,-0.0170313,-0.9963381
227184893,-0.294519,0.772761,-0.75719,0.0893041,0.00429872,0.089809,0.9919380
227219187,-0.269142,0.719742,-0.737588,-0.072055,0.0650538,-0.196314,-0.9757240
227251453,-0.238032,0.673646,-0.734188,0.0867086,0.0243477,0.0372672,0.9952390
227285599,-0.222607,0.626159,-0.723274,0.0471114,0.0490186,0.00618476,0.9976671
227319172,-0.207489,0.577491,-0.712643,-0.0897981,0.0144835,0.0502276,-0.9945870
227352719,-0.189471,0.533568,-0.703869,-0.0814413,-0.00317907,0.0685538,-0.9943130
227384188,-0.168064,0.488213,-0.695895,-0.0710219,0.00384375,0.0320847,-0.9969510
227417608,-0.148625,0.438966,-0.687797,0.0498333,0.0191324,-0.0363677,0.9979121
227451848,-0.133979,0.397275,-0.674985,-0.0690543,-0.016815,0.0716149,-0.9948970
227485130,-0.117188,0.354973,-0.662789,-0.105647,-0.0216452,0.0907703,-0.9900160
227518521,-0.0997195,0.313464,-0.658536,0.0484027,0.0513834,-0.0804218,0.9942581
227550900,-0.0834551,0.277955,-0.648875,0.0254546,0.0329523,-0.0816693,0.9957890
227584450,-0.0628005,0.239212,-0.639958,0.0646561,0.0547493,-0.157638,0.9838560
227618724,-0.0441665,0.208391,-0.631392,0.0031005,-0.0254068,0.135644,-0.9904271
227650874,-0.0288313,0.174641,-0.620734,-0.0183884,0.0225846,0.127814,-0.991370
227685068,-0.00771216,0.148761,-0.614684,-0.00935958,-0.0316317,0.110076,-0.9933760
227718745,0.00792639,0.118347,-0.601514,0.00940816,-0.00342945,0.152291,-0.9882851
227751810,0.0193894,0.0978345,-0.596656,-0.0355563,0.0183711,0.122145,-0.9917050
227784593,0.0346986,0.0779954,-0.589056,-0.0425945,0.0150204,0.100599,-0.9939010
227818708,0.0500085,0.0619304,-0.576496,-0.0147239,0.0161928,0.111725,-0.9934980
227851708,0.0674608,0.0446744,-0.566943,-0.00677703,-0.0296875,0.159719,-0.9866931
227884782,0.0773839,0.0394604,-0.557413,-0.0211606,-0.0114694,0.122952,-0.9921210
227918557,0.0924106,0.0297621,-0.548273,-0.0169302,-0.00445403,0.094086,-0.995410
227952328,0.110052,0.0162123,-0.541715,-0.0174276,-0.0215968,0.117564,-0.9926781
227984651,0.123623,0.00921185,-0.53081,-0.0198521,0.00398524,0.0884399,-0.9958760
228017764,0.138691,0.00138727,-0.521365,-0.0274829,0.00483313,0.0791253,-0.9964740
228051128,0.151264,0.00232776,-0.51295,-0.0105245,-0.0219381,0.0869051,-0.9959190
228084378,0.164293,0.00535272,-0.50963,0.020094,0.0286201,-0.0403725,0.9985731
228118313,0.179941,0.00385956,-0.496957,-0.00234421,-0.0205582,0.0728216,-0.997130
228151376,0.19322,0.00422479,-0.490794,-0.000613462,-0.00140126,0.059075,-0.9982520
228185288,0.201021,0.0127742,-0.480557,0.0035398,0.00132946,0.034444,-0.9993991
228218094,0.211251,0.0172593,-0.476578,-0.0193201,0.0251452,-0.0178724,-0.9993370
228251584,0.227263,0.0254173,-0.463094,-0.0552201,0.0522294,-0.0144291,-0.9970030
228284766,0.239379,0.0318943,-0.457581,-0.0568924,0.0378873,-0.00154184,-0.997660
228318780,0.252411,0.0339114,-0.451458,0.0192549,0.0204146,-0.00167947,-0.9996051
228351153,0.266486,0.0411324,-0.447823,-0.00818871,0.00831194,0.0231595,-0.9996640
228384397,0.277274,0.0499317,-0.43919,-0.0150657,0.0735599,-0.0226845,-0.9969190
228418919,0.289976,0.0578571,-0.434028,-0.00634228,0.0806858,-0.0428525,-0.9957981
228451303,0.303679,0.0674388,-0.429799,-0.00501795,0.0586823,-0.0275407,-0.9978840
228484324,0.313627,0.0792978,-0.429674,-0.0121215,0.0328895,0.0208862,-0.9991670
228517759,0.323605,0.0855692,-0.42625,-0.0122007,0.0153747,0.00247442,-0.9998040
228551693,0.33308,0.0966006,-0.421951,-0.0176044,0.0392273,-0.0323314,-0.9985521
228585882,0.342579,0.104683,-0.418009,-0.0302449,0.0369983,-0.0612988,-0.9969750
228619052,0.355931,0.116725,-0.418786,-0.0304627,0.0330699,-0.0449823,-0.9979750
228651365,0.367942,0.12346,-0.418745,-0.0225048,0.031243,-0.0439037,-0.9982940
228684468,0.381358,0.126032,-0.414224,0.00121206,0.0767941,-0.068797,-0.994671
228718878,0.390753,0.132961,-0.412373,0.00476811,0.0778784,-0.0622723,-0.9950050
228751540,0.398841,0.140046,-0.411167,-0.00785346,0.0492184,-0.0396081,-0.9979720
228785589,0.408082,0.146866,-0.410944,-0.0151733,0.0516883,-0.0629515,-0.9965621
228818923,0.420874,0.154771,-0.415227,-0.0270217,0.047449,-0.0732722,-0.9958160
228852549,0.433018,0.155714,-0.41317,-0.0320099,0.0619514,-0.0832557,-0.9940850
228886078,0.443418,0.162423,-0.416182,-0.0206292,0.0650247,-0.0786835,-0.9945631
228918316,0.452533,0.169601,-0.42101,-0.0284478,0.0675595,-0.0626725,-0.9953380
228951215,0.460479,0.174486,-0.420186,-0.00366013,0.050631,-0.0542545,-0.9972360
228986419,0.465236,0.181765,-0.421422,-0.0746619,-0.0217016,0.0814894,0.9936371
229018381,0.477261,0.179825,-0.425637,0.096947,0.0498209,-0.132394,-0.9851860
229051089,0.493677,0.180203,-0.437489,0.0192299,0.0072254,0.0109469,0.9997290
229085636,0.504217,0.192018,-0.445742,0.0451853,0.034601,-0.0368672,0.9976980
229118491,0.516481,0.193272,-0.449153,-0.0217562,0.0191804,-0.00651825,-0.9995581
229151325,0.520935,0.192879,-0.455738,0.0052201,0.0388016,-0.0684028,-0.9968890
229184588,0.533768,0.191919,-0.454991,0.0082728,0.0630788,-0.0664154,-0.9957620
229219144,0.547077,0.191037,-0.462854,-0.0241705,0.0225741,-0.0179426,-0.9992921
229251438,0.554994,0.191786,-0.470499,-0.0543681,0.00810462,-0.017808,-0.9983290
229284273,0.565898,0.192159,-0.477243,0.0810534,-0.00437698,0.0212274,0.9964740
229319341,0.574216,0.186629,-0.483935,-0.0639494,0.0249577,-0.0356033,-0.9970061
229351816,0.583998,0.184783,-0.489526,-0.0508532,0.0437303,-0.0515209,-0.9964170
229384608,0.586535,0.181493,-0.491087,0.0119855,-0.030953,0.135608,0.9902060
229417406,0.59295,0.174079,-0.503681,0.0711945,0.000844427,0.0697524,0.995020
229450662,0.598051,0.172546,-0.511027,0.0507945,0.0233343,0.0338688,0.9978621
229484736,0.601182,0.166234,-0.515633,0.0357339,0.0390728,0.05009,0.997340
229518334,0.605811,0.160269,-0.522605,0.0223669,-0.00170142,0.102463,0.9944840
229551023,0.61052,0.155759,-0.528564,0.0996812,0.0106239,0.072405,0.9923251
229583910,0.608405,0.148589,-0.537448,0.113477,0.0535365,0.0330316,0.9915470
229618194,0.605173,0.143309,-0.544612,0.127782,0.0670414,0.0590078,0.9877730
229651377,0.601015,0.136971,-0.553752,0.1293,0.065149,0.0555807,0.9879011
229684749,0.593502,0.129079,-0.560161,0.140316,0.0763219,0.0200585,0.9869570
229718698,0.586027,0.123368,-0.565077,0.150746,0.0794085,0.0103647,0.9853240
229751315,0.578946,0.105997,-0.569963,0.112971,0.0918692,-0.0215036,0.9891080
229784539,0.564739,0.0965303,-0.578017,0.120181,0.0876843,-0.00534763,0.9888581
229817539,0.553469,0.0886765,-0.585849,0.117049,0.0656054,0.0106549,0.99090
229852463,0.538358,0.0830619,-0.591032,0.0837508,0.0708317,0.00561144,0.993950
229884529,0.523199,0.0726518,-0.589157,0.0753303,0.0755542,-0.00603872,0.9942740
229918426,0.501895,0.0633087,-0.597156,0.0630753,0.0652451,-0.015486,0.9957531
229951533,0.479688,0.0534553,-0.604198,0.0719569,0.0672344,-0.0312619,0.9946480
229984479,0.458682,0.0401942,-0.611717,0.0938382,0.0609318,-0.0566135,0.9921070
230019704,0.434391,0.0320441,-0.617139,0.0781864,0.0631893,-0.0713239,0.9923741
230051234,0.408294,0.0251431,-0.627286,-0.0772536,-0.0102061,0.0459673,-0.9958990
230084229,0.380818,0.017967,-0.632871,0.0746147,0.06369,-0.0272077,0.9948050
230118580,0.355309,0.0103575,-0.639871,0.0563326,0.0211303,-0.00596234,0.9981710
230150902,0.32332,0.00142413,-0.644734,-0.0293393,0.0196004,-0.0118965,-0.9993071
230184466,0.292516,-0.00225006,-0.656293,0.0348324,0.00537053,0.00529697,0.9993650
230218738,0.261668,-0.0064577,-0.664525,-0.0351209,0.0116182,0.0152601,-0.9991990
230252283,0.229879,-0.0109676,-0.67364,-0.0213965,0.0496391,0.0392227,-0.9977671
230284769,0.199851,-0.0147662,-0.679472,-0.0205864,0.0450389,0.0338056,-0.9982010
230319102,0.168021,-0.0167737,-0.688581,-0.0258193,0.05214,0.0569526,-0.996680
230351793,0.138354,-0.0171168,-0.697004,-0.0340516,0.0682613,0.0567246,-0.9954710
230418962,0.0820625,-0.028275,-0.717628,-0.00234874,0.0653142,0.0408273,-0.9970271
230451274,0.0465579,-0.0338192,-0.724635,-0.0266314,0.0316942,0.0823395,-0.9957440
230484766,0.0163992,-0.0288502,-0.739517,-0.0232821,0.056585,0.0461268,-0.997060
230517892,-0.0175215,-0.0283874,-0.757216,-0.0196472,0.0255961,0.0213972,-0.999250
230551153,-0.0455436,-0.030795,-0.766043,-0.0326266,0.0283178,0.0197928,-0.998871
230584444,-0.0706425,-0.0298173,-0.774469,-0.0425675,0.0491889,0.0116328,-0.9978140
230617889,-0.0958755,-0.025921,-0.787708,-0.0625254,0.0544468,0.00886839,-0.9965180
230651086,-0.11776,-0.019283,-0.799638,-0.00424046,0.0914151,0.0495678,-0.9945690
230685181,-0.139614,-0.0246396,-0.806106,-0.0458504,0.108513,0.0558464,-0.9914661
230717670,-0.157062,-0.0217563,-0.818151,-0.0484504,0.118212,0.0432433,-0.9908630
230750537,-0.178548,-0.0118347,-0.834239,-0.0491395,0.130634,0.0458822,-0.9891490
230784967,-0.194393,-0.00517926,-0.850611,-0.0540892,0.105213,0.0488169,-0.9917770
230818055,-0.20941,0.00473602,-0.865419,-0.0524282,0.0948082,0.0558796,-0.9925421
230851804,-0.224904,0.0165546,-0.882111,-0.0610297,0.0677944,0.0625565,-0.9938640
230884035,-0.235583,0.0254648,-0.895918,-0.0607804,0.0649762,0.0481044,-0.9948720
230918122,-0.243919,0.0354432,-0.911296,-0.0520118,0.0666179,0.0266057,-0.9960671
230951101,-0.252838,0.0485541,-0.927017,-0.0564597,0.0531278,0.0247776,-0.9966820
230984031,-0.258657,0.0588312,-0.942681,-0.0582425,0.0501198,0.0172416,-0.9968940
231018065,-0.264914,0.0712211,-0.956941,-0.0532947,0.046037,0.0095186,-0.9974720
231051003,-0.269708,0.0844731,-0.971643,-0.0546643,0.0423288,-0.000295016,-0.9976071
231083711,-0.273464,0.0964684,-0.985693,-0.0617801,0.035447,-0.0003126,-0.997460
231117761,-0.275245,0.109616,-1.00002,-0.0509069,0.0296868,0.00538572,-0.9982480
231153076,-0.275043,0.121255,-1.01667,-0.0414752,0.0301673,-0.0206868,-0.998471
231184451,-0.276245,0.131112,-1.02924,-0.0558499,0.0276604,-0.0248997,-0.9977450
231217447,-0.276691,0.14453,-1.04363,-0.0491863,0.0235848,-0.0268993,-0.9981490
231251684,-0.276156,0.153748,-1.058,-0.0459504,0.0218104,-0.0406817,-0.9978770
231284895,-0.274071,0.162901,-1.07174,-0.0497733,0.0177886,-0.0531314,-0.9971881
231318564,-0.271341,0.17062,-1.0862,-0.0477422,0.0218337,-0.0371077,-0.9979310
231350662,-0.267862,0.178966,-1.10059,0.0443705,-0.0101094,0.0554742,0.9974230
231383862,-0.265869,0.185533,-1.11318,-0.04569,0.0278493,-0.0374917,-0.9978630
231418283,-0.261607,0.19145,-1.12704,-0.0482201,0.0226092,-0.0411011,-0.9977351
231452643,-0.256512,0.19455,-1.1401,-0.0446598,0.02428,-0.0437171,-0.997750
231484336,-0.248576,0.195896,-1.15629,0.119397,0.0234993,0.00698192,0.9925440
231518748,-0.249464,0.201886,-1.16798,0.024939,0.00613442,0.0502597,0.9984061
231551917,-0.243915,0.201299,-1.18076,0.0139258,0.0139297,0.0564575,0.9982110
231585326,-0.238731,0.204886,-1.19107,0.0271561,-0.00587801,0.0435715,0.9986640
231619086,-0.233019,0.201085,-1.20409,0.0028692,0.0169515,-0.0311698,-0.9993661
231651522,-0.228883,0.207168,-1.21897,0.0245429,0.00363791,-0.000784822,0.9996920
231684562,-0.224151,0.206753,-1.23333,0.025668,0.0246642,-0.0166515,0.9992280
231718922,-0.218456,0.204989,-1.24214,0.0299811,-0.000183685,0.00739379,0.9995230
231751345,-0.212651,0.204536,-1.25248,-0.0577816,0.00174207,0.00716377,-0.9983021
231784314,-0.207007,0.205389,-1.26259,0.044056,-0.000440153,0.061822,0.9971140
231818447,-0.19905,0.194381,-1.27679,0.0718981,0.0675072,-0.0288514,0.9947070
231851343,-0.197805,0.190278,-1.29434,0.0153325,0.0766284,-0.0315982,0.9964410
231885049,-0.190372,0.190995,-1.29734,0.0731625,0.0304804,-0.0313697,0.996361
231918591,-0.185531,0.187821,-1.30975,0.0559943,0.0306208,-0.0248945,0.9976510
231950552,-0.180973,0.189498,-1.32099,-0.0500221,0.00404797,-0.0124081,-0.9986630
231984401,-0.175383,0.184488,-1.33012,-0.0386183,0.0177482,-0.0242356,-0.9988020
232018700,-0.171608,0.177032,-1.34198,0.0253171,0.00671442,0.0126263,0.9995771
232051262,-0.165939,0.172336,-1.35095,0.000451457,0.0259182,0.0064492,0.9996430
232084564,-0.161484,0.165129,-1.36104,0.0223867,0.0208173,0.01726,0.9993840
232117981,-0.156048,0.160952,-1.36759,0.0283006,0.0179068,0.0224555,0.9991870
232151445,-0.151091,0.155154,-1.372,0.0295273,0.00622605,0.0172314,0.9993961
232183760,-0.146732,0.148381,-1.37749,0.0191271,0.0130299,0.0153913,0.9996140
232218084,-0.141711,0.1437,-1.38122,0.0273423,0.0181504,0.0148717,0.9993510
232250530,-0.136483,0.13791,-1.3823,0.0335568,0.00886685,0.0146693,0.999290
232285423,-0.131045,0.131789,-1.3844,0.0337012,0.0132616,0.0160278,0.9992151
232318669,-0.127177,0.125123,-1.38404,0.0296807,0.0230448,0.0138689,0.9991980
232350734,-0.121304,0.113193,-1.38096,0.0443337,0.0227305,0.00811308,0.9987250
232384786,-0.1172,0.103729,-1.37534,0.0782867,0.0306581,-0.0116292,0.9963910
232418811,-0.114518,0.107959,-1.37091,0.0310307,0.0325931,-0.00434257,0.9989771
232451507,-0.109228,0.100265,-1.36272,0.0312112,0.0221359,-0.0031848,0.9992630
232484516,-0.104984,0.0951721,-1.35249,0.030029,0.0296659,-0.0121371,0.9990350
232518699,-0.100303,0.0890372,-1.34095,0.0241693,0.0249278,-0.0105737,0.9993410
232550955,-0.09703,0.0818682,-1.32657,0.0327189,0.0191372,-0.0203639,0.9990741
232584827,-0.0921179,0.0786083,-1.3125,0.0251589,0.0130367,-0.0378763,0.9988810
232617454,-0.0893733,0.0723237,-1.29682,-0.0183444,-0.0103142,0.0361904,-0.9991230
232650680,-0.0839746,0.0670593,-1.27984,-0.0271301,-0.000214646,0.041604,-0.9987660
232684849,-0.078327,0.0609937,-1.26086,0.0501134,0.0261536,-0.0121528,0.9983271
232718112,-0.0745962,0.0578364,-1.24242,0.0446386,0.0223485,-0.0123141,0.9986770
232751877,-0.0711462,0.0531274,-1.2239,0.0388392,0.0173253,-0.0145984,0.9989890
232784637,-0.065548,0.049623,-1.20299,0.0286651,0.0166144,-0.015161,0.9993360
232818736,-0.062356,0.0481538,-1.18381,0.0457221,0.0146021,-0.00174253,0.9988461
232851817,-0.0600492,0.0443632,-1.16499,0.0485536,0.0333858,0.00278765,0.9982590
232884237,-0.0533976,0.0400302,-1.14411,0.0439737,0.0278219,0.00945893,0.99860
232918076,-0.0491935,0.0365198,-1.12329,0.0327817,0.00554501,0.0133173,0.9993580
232950847,-0.047871,0.0371913,-1.10734,0.0392743,0.0337847,0.0047112,0.9986461
232985113,-0.0461462,0.0362518,-1.08764,0.0370778,0.0330681,0.00706814,0.998740
233018223,-0.0407646,0.0320235,-1.06742,0.0256529,0.0195125,0.0240985,0.999190
233051649,-0.0369065,0.0323593,-1.04966,0.0320446,0.0258059,0.0152324,0.9990371
233084629,-0.0334086,0.0326146,-1.03042,0.0373796,0.0224592,0.00768079,0.9990190
233117835,-0.0308457,0.0310286,-1.01118,0.0221137,0.0206519,0.0119359,0.9994710
233150477,-0.0276162,0.0311505,-0.992629,0.0223176,0.0201742,0.0141525,0.9994470
233184862,-0.0236914,0.0309764,-0.973594,0.0247014,0.00997642,0.0209297,0.9994261
233218360,-0.0187101,0.0318705,-0.953996,0.0370871,-0.00513048,0.0235202,0.9990220
233251409,-0.0179532,0.0308282,-0.936761,-0.0166333,0.0132779,-0.00214117,-0.9997710
233284053,-0.0120953,0.0338288,-0.91983,-0.0262139,0.0227006,0.0337428,-0.9988290
233318568,-0.00761719,0.0337606,-0.901652,-0.034274,0.0186818,0.0367857,-0.9985611
233352039,-0.00906702,0.0348531,-0.881906,0.0275269,0.0136644,-0.0423588,0.998630
233384274,-0.00528235,0.0365604,-0.863798,0.0357201,0.0233248,-0.0743067,0.9963230
233417926,-0.00305237,0.0398088,-0.849452,0.0311266,0.0365591,-0.0556152,0.9972970
233452600,-0.000410889,0.0396385,-0.83052,0.0303075,0.0259795,-0.0370114,0.9985171
233484847,0.00171338,0.0428524,-0.813571,0.0110612,0.0270776,-0.0433159,0.9986330
233517746,0.00362744,0.0425312,-0.792892,-0.0170745,0.00102739,0.00510692,-0.9998410
233551638,0.0048147,0.0523952,-0.777534,-0.00669884,0.0336643,0.0291822,-0.9989850
233584160,0.00802783,0.0515159,-0.756667,-0.00800108,0.0402496,0.0247501,-0.9988511
233618442,0.00657983,0.0527458,-0.740337,-0.019059,0.000222868,0.0201359,-0.9996160
233651347,0.00945593,0.0562938,-0.723633,-0.0246496,0.00913298,0.0274276,-0.9992780
233684176,0.010745,0.0581368,-0.705994,-0.023536,0.0134134,0.0277754,-0.9992471
233718414,0.0128679,0.0628349,-0.689875,-0.0335886,0.0199531,0.0250606,-0.9989220
233750608,0.0135741,0.0659156,-0.67637,-0.0269564,0.023232,0.0316428,-0.9988660
233785000,0.0152388,0.0685261,-0.663714,-0.0320222,0.0129646,0.024286,-0.9991081
233818546,0.0171949,0.0702659,-0.650388,-0.0192714,0.0322685,0.0217338,-0.9990570
233850960,0.0191302,0.0757377,-0.639101,-0.0202137,0.0440537,0.0391965,-0.9980550
233883715,0.019537,0.0778528,-0.629574,-0.0291735,0.0378434,0.0299385,-0.9984090
233918192,0.0199855,0.0804971,-0.623202,-0.0211972,0.0184735,0.0343843,-0.9990131
233952166,0.0216251,0.0852202,-0.616591,-0.0257858,0.0241581,0.0345891,-0.9987770
233983789,0.0246907,0.0842077,-0.608666,-0.0189121,0.0372845,0.00921822,-0.9990830
234018007,0.0261573,0.087178,-0.600698,-0.023416,0.0623488,0.00838413,-0.9977450
234051189,0.0258042,0.091274,-0.601254,-0.0254264,0.0276981,0.0172176,-0.9991451
234084685,0.0276174,0.0933246,-0.601785,-0.0146415,0.0058821,0.00722704,-0.9998490
234119400,0.0276261,0.0951706,-0.599908,-0.00768764,0.00496679,-0.000132264,-0.9999580
234151474,0.0296958,0.0992287,-0.598711,-0.0158271,0.0165957,-0.00250586,-0.9997341
234183633,0.0315542,0.104313,-0.597436,-0.0270724,0.0400262,0.0140054,-0.9987340
234218219,0.0337338,0.106638,-0.596838,-0.0245761,0.0522975,0.0131157,-0.9982430
234250937,0.0333342,0.110453,-0.601574,-0.02062,0.0296247,0.0196857,-0.9991550
234284847,0.033687,0.114515,-0.607879,-0.0138443,0.0169619,0.0189579,-0.9995811
234318475,0.035949,0.1191,-0.612909,-0.0146653,0.0210804,0.0190554,-0.9994890
234350888,0.0365564,0.123574,-0.619729,-0.0201034,0.00591919,0.0252508,-0.9994610
234384897,0.0375438,0.127019,-0.625195,-0.0235125,0.0173598,0.0246346,-0.9992691
234417571,0.0381658,0.128673,-0.633344,-0.0115168,0.00842881,0.0210106,-0.9996770
234452536,0.0395366,0.132968,-0.644769,0.00655884,0.0124607,-0.010618,0.9998440
234484725,0.0404753,0.137036,-0.654898,0.00421465,0.011838,-0.00411047,0.9999130
234517967,0.0403177,0.143353,-0.663287,0.0120303,0.0114343,-0.0215445,0.999631
234552057,0.0407236,0.146307,-0.672845,0.00991741,0.0162665,-0.0246184,0.9995150
234584487,0.0425333,0.148688,-0.681829,0.00416829,0.0101265,-0.0215611,0.9997080
234617479,0.0459014,0.152462,-0.691179,0.00664117,0.00749305,-0.0127567,0.9998690
234651739,0.0469486,0.157241,-0.699892,0.0128661,0.00918583,-0.0155732,0.9997541
234684189,0.0488287,0.160062,-0.705843,-0.0116234,0.0140291,0.00812747,-0.9998010
234718232,0.0504128,0.164234,-0.715758,-0.00883764,0.0121652,0.0107017,-0.999830
234752132,0.0534971,0.166975,-0.725784,-0.013069,0.0154162,-0.00453098,-0.9997851
234785605,0.0568101,0.170393,-0.731378,-0.0109103,0.0331092,-0.00431515,-0.9993830
234817927,0.0578589,0.177321,-0.737764,-0.0190862,0.0489329,0.0175839,-0.9984650
234851508,0.0590062,0.181002,-0.745312,-0.0209025,0.0711805,0.0259976,-0.9969060
234884706,0.0606094,0.184882,-0.754138,-0.0286444,0.0759285,0.0269405,-0.9963381
234917711,0.062226,0.188442,-0.765804,-0.0246626,0.0700343,0.0252345,-0.996920
234951578,0.0642031,0.191211,-0.779303,-0.0108318,0.0564087,0.0344295,-0.9977550
234984265,0.0673397,0.197066,-0.792063,-0.0174352,0.0631207,0.0381904,-0.9971230
235018034,0.0677452,0.20029,-0.808494,-0.0184438,0.047416,0.0348279,-0.9980981
235051179,0.0695417,0.202224,-0.82418,-0.0145349,0.0355902,0.0286554,-0.998850
235084630,0.0687421,0.205302,-0.843091,0.000120905,0.00363568,0.0132465,-0.9999060
235117274,0.0668872,0.208763,-0.858321,-0.00733267,0.00431557,0.0251864,-0.9996470
235151369,0.0663621,0.211986,-0.877124,-0.0297279,0.00215706,0.0321301,-0.9990391
235184580,0.0606395,0.218002,-0.892059,0.0325776,0.0159509,-0.0428046,0.9984250
235219012,0.0527184,0.224416,-0.908504,-0.00487219,0.0489461,-0.057047,0.9971590
235251248,0.0444993,0.227309,-0.925849,-0.00757259,0.0453108,-0.0665373,0.9967260
235285000,0.0398239,0.22963,-0.941793,0.0133382,0.0362351,-0.0287694,0.998841
235317725,0.0257948,0.235052,-0.956331,0.00898776,0.0530436,-0.0374167,0.9978510
235351500,0.0137891,0.23972,-0.972623,-0.00190842,0.0609569,-0.0306071,0.9976690
235383601,-0.000435059,0.243269,-0.987566,-0.00977804,0.074899,-0.0289801,0.9967220
235418127,-0.0182175,0.247782,-1.0025,-0.00764425,0.0787304,-0.0360428,0.9962151
235451464,-0.0369876,0.25077,-1.01701,-0.00366731,0.0888449,-0.0363262,0.9953760
235484490,-0.0587316,0.253348,-1.02974,-0.000836794,0.108187,-0.0585117,0.9924070
235518605,-0.0881592,0.263615,-1.04499,-0.00445778,0.0944624,-0.0185691,0.9953451
235551062,-0.116008,0.268593,-1.05832,-0.00860901,0.100366,-0.0157623,0.9947880
235585361,-0.145892,0.273543,-1.07272,-0.00442364,0.106325,-0.0142677,0.9942190
235618515,-0.179514,0.279329,-1.08537,-0.00768577,0.10766,-0.0129411,0.9940740
235650780,-0.21554,0.286345,-1.09723,0.00244693,0.105398,-0.0277618,0.994041
235683921,-0.256207,0.291358,-1.10785,-0.00535871,0.106857,-0.018855,0.9940810
235718234,-0.299906,0.297062,-1.11905,-0.0134348,0.124998,-0.0298938,0.9916160
235751974,-0.343674,0.302103,-1.12943,-0.00943829,0.128328,-0.0372314,0.9909881
235784254,-0.390351,0.308971,-1.13838,-0.0123337,0.137385,-0.0343559,0.9898450
235818459,-0.437074,0.307624,-1.14794,-0.0264203,0.132648,-0.0199927,0.9906090
235851798,-0.495499,0.320433,-1.15866,-0.0096601,0.137734,-0.00987313,0.9903730
235885332,-0.552309,0.326743,-1.16653,-0.00419384,0.128215,-0.0119111,0.9916661
235918578,-0.611229,0.333758,-1.17308,0.00331154,0.118675,-0.0134395,0.9928370
235950692,-0.67188,0.339582,-1.18133,0.00691784,0.117358,-0.0119696,0.9929930
235984818,-0.73321,0.342579,-1.18788,-0.00262607,0.137231,-0.0329529,0.9899870
236018408,-0.797559,0.346969,-1.1956,0.0130276,0.106956,-0.019329,0.9939911
236050248,-0.861098,0.347676,-1.1974,0.056089,0.133524,-0.0337362,0.9888820
236084709,-0.93067,0.354352,-1.20413,0.0708415,0.12127,-0.0416719,0.9892110
236118040,-1.00008,0.359173,-1.21325,0.0995353,0.0881442,-0.0453544,0.9900840
236151856,-1.07345,0.373041,-1.21695,-0.0263864,0.0859588,-0.0316472,0.9954461
236249977,-1.14863,0.377894,-1.22088,-0.0662797,0.0304891,-0.0340584,0.9967530
236251263,-1.22501,0.385278,-1.22526,-0.0125616,0.014751,-0.0432181,0.9988780
236251294,-1.30189,0.392685,-1.23293,0.0317293,0.0160599,-0.0142586,0.9992660
236284903,-1.3743,0.396764,-1.23891,-0.0107052,0.0265592,-0.0367884,0.9989131
236317763,-1.44793,0.40111,-1.24459,-0.00984501,0.0078672,0.0228315,-0.999660
236351951,-1.52123,0.407075,-1.25094,-0.0133609,0.0222765,0.021486,-0.9994320
236384068,-1.58906,0.406886,-1.25944,-0.0674164,0.0468366,0.0365228,-0.9959560
236418806,-1.66609,0.414907,-1.26786,-0.0217617,0.0670071,0.027249,-0.9971431
236450528,-1.73483,0.419232,-1.27661,-0.0298697,0.107277,0.0425147,-0.9928710
236484569,-1.79973,0.421452,-1.28497,-0.0346734,0.0989828,0.0184825,-0.9943130
236517898,-1.86731,0.428177,-1.29338,-0.0362336,0.118096,0.00121389,-0.992340
236551483,-1.93245,0.431653,-1.29942,-0.0297329,0.10602,-0.0286652,-0.9935061
236584553,-2.00037,0.431672,-1.31144,-0.0163042,0.0498495,-0.0518219,-0.9972780
236618250,-2.05336,0.435177,-1.31905,-0.0351495,0.114862,-0.0101407,-0.9927080
236652217,-2.10643,0.434131,-1.32147,-0.0745698,0.122511,-0.00609401,-0.9896431
236684607,-2.15401,0.440374,-1.32106,-0.105844,0.132757,-0.0388975,-0.9847130
236718157,-2.20354,0.450552,-1.32538,-0.0530151,0.186988,-0.0128636,-0.9808460
236751040,-2.24645,0.455843,-1.32832,-0.0610748,0.206393,0.0214481,-0.9763260
236783680,-2.29283,0.455496,-1.32636,-0.0495966,0.230393,0.00258553,-0.9718291
236818092,-2.33267,0.454561,-1.32852,-0.0356561,0.218768,-0.00578239,-0.9751080
236850483,-2.36844,0.458994,-1.32721,-0.0590121,0.243229,-0.0129125,-0.9680860
236883705,-2.40051,0.464363,-1.3257,-0.0592757,0.246314,0.00795521,-0.9673431
236918014,-2.42985,0.462009,-1.32228,-0.106653,0.218304,0.0734366,-0.9672520
236952192,-2.45475,0.467229,-1.31719,-0.105892,0.206265,0.0788075,-0.9695520
236984737,-2.47577,0.472233,-1.31042,-0.0761609,0.229826,0.0398014,-0.969431
237017043,-2.49416,0.467118,-1.30117,-0.0682219,0.22796,0.0415364,-0.9703890
237050788,-2.50412,0.469742,-1.29486,-0.0292712,0.200272,0.0525805,-0.977890
237084708,-2.51386,0.478437,-1.28865,-0.0504203,0.221193,0.0492281,-0.9726810
237118323,-2.52101,0.483117,-1.28184,-0.0627077,0.210221,-0.00570368,-0.9756241
237151734,-2.52129,0.483978,-1.27132,-0.0574635,0.210672,-0.00766592,-0.9758360
237185482,-2.51748,0.482478,-1.25972,-0.061455,0.219471,0.0312232,-0.9731810
237216914,-2.51177,0.48939,-1.25105,-0.0551288,0.208788,0.031517,-0.9758970
237251370,-2.50132,0.491332,-1.24181,-0.0528371,0.202308,0.019996,-0.9776911
237284717,-2.48638,0.493078,-1.23085,-0.0513441,0.201164,0.000730522,-0.9782110
237317993,-2.4707,0.491224,-1.22077,-0.0148916,0.176632,0.013836,-0.9840670
237351343,-2.45009,0.496326,-1.20903,-0.0298182,0.180073,0.00713871,-0.9831750
237384379,-2.42695,0.496492,-1.19878,-0.0223816,0.166594,0.0216093,-0.9855351
237417184,-2.3991,0.498912,-1.18707,-0.0221019,0.147492,0.0105333,-0.988760
237451417,-2.37019,0.502137,-1.17562,-0.00777233,0.133651,0.00982741,-0.9909490
237484302,-2.33582,0.503585,-1.16216,0.00390319,0.134855,0.0117672,-0.9907880
237518533,-2.30077,0.505175,-1.1495,0.0117572,0.127033,0.00647837,-0.9918081
237552093,-2.26245,0.502428,-1.13522,0.0479375,0.129282,0.0144114,-0.9903440
237584621,-2.223,0.510191,-1.12418,0.0141471,0.116744,0.00569975,-0.9930450
237618930,-2.1793,0.511453,-1.11123,0.0164267,0.101795,0.0121259,-0.9945961
237651317,-2.13636,0.513565,-1.09873,0.0181294,0.0930331,0.0100858,-0.9954470
237684026,-2.0914,0.515102,-1.08488,0.0154986,0.0919317,0.0158558,-0.9955180
237717974,-2.04322,0.516707,-1.07104,0.0185323,0.0920296,0.0134645,-0.9954930
237750317,-1.99376,0.517279,-1.05963,0.0177149,0.0821099,0.00486927,-0.9964541
237783621,-1.94252,0.514846,-1.04719,0.0276893,0.0526638,0.0295185,-0.9977920
237817969,-1.88886,0.517697,-1.0341,0.025581,0.0680211,0.00720061,-0.997330
237851576,-1.83515,0.518183,-1.0204,0.0208532,0.0718651,0.00270593,-0.9971931
237883893,-1.78226,0.518723,-1.00861,0.0178231,0.0512562,0.00542023,-0.9985120
237916881,-1.73026,0.51954,-0.997736,0.0170017,0.0158114,0.00571507,-0.9997140
237950926,-1.67803,0.520119,-0.984126,0.0070341,0.00911992,0.0162372,-0.9998020
237984669,-1.62541,0.518993,-0.972908,-0.00543966,0.00439855,-0.005109,0.9999631
238017154,-1.57435,0.518641,-0.963407,-0.000666774,0.0333862,-0.00632718,0.9994220
238050647,-1.52172,0.518014,-0.952622,0.0051191,0.0535715,-0.00717575,0.9985250
238084139,-1.47052,0.516931,-0.941819,0.00610704,0.0538792,0.00386981,0.9985210
238117895,-1.42,0.517342,-0.930829,0.00551992,0.0585071,-0.00182073,0.998271
238151086,-1.37562,0.515205,-0.921137,0.0108664,0.0751714,-0.00131313,0.9971110
238184961,-1.33043,0.513886,-0.911359,0.0209216,0.0850145,-0.000538176,0.996160
238217436,-1.28756,0.512904,-0.901546,0.0185884,0.0922971,-0.012152,0.9954840
238251221,-1.24597,0.509389,-0.891988,0.0288659,0.105851,-0.0273955,0.9935851
238284662,-1.20592,0.508567,-0.88366,0.0241182,0.10856,-0.0140296,0.9936980
238318101,-1.17087,0.504774,-0.873778,0.0427357,0.116028,-0.0469824,0.9912130
238351346,-1.13902,0.504896,-0.864832,0.0419661,0.130316,-0.0487045,0.9893861
238384450,-1.10945,0.504771,-0.856258,0.0339992,0.122757,-0.0118589,0.9917830
238416924,-1.0796,0.500293,-0.846047,0.0321168,0.122505,-0.0177671,0.9917890
238451305,-1.05418,0.493872,-0.83724,0.0748355,0.10627,-0.0187195,0.9913410
238484912,-1.02991,0.494,-0.827457,0.0603003,0.0846219,-0.016339,0.9944531
238518323,-1.00581,0.488287,-0.817161,0.106108,0.083964,-0.0379016,0.9900780
238551153,-0.987297,0.487012,-0.807323,0.0808306,0.0696156,-0.0311494,0.9938060
238584071,-0.970147,0.485483,-0.797846,0.0487672,0.0676768,-0.0498775,0.9952660
238618081,-0.952782,0.479451,-0.787866,0.086559,0.087093,-0.0483595,0.9912541
238650379,-0.937664,0.478394,-0.777415,0.0854672,0.0721635,-0.0454695,0.9926830
238683525,-0.925702,0.475739,-0.768959,0.080758,0.0620427,-0.0395023,0.9940160
238717893,-0.91434,0.474529,-0.759915,0.100687,0.0808733,-0.026525,0.9912710
238751430,-0.904872,0.472173,-0.748716,0.0792598,0.0674375,-0.021584,0.9943361
238784224,-0.895062,0.468032,-0.738949,0.0955356,0.0623198,-0.0237308,0.993190
238818082,-0.890297,0.470586,-0.730848,0.0812043,0.0610594,-0.0466176,0.9937330
238850960,-0.881374,0.469715,-0.721484,0.0775759,0.0671947,-0.0610619,0.9928440
238884599,-0.876741,0.469777,-0.711695,0.0782006,0.065699,-0.0776835,0.9917331
238919074,-0.873099,0.474125,-0.703245,0.068875,0.0515857,-0.0902609,0.9921940
238950917,-0.869228,0.476868,-0.694074,0.0525036,0.0811055,-0.0743912,0.9925380
238984560,-0.86643,0.480976,-0.686589,0.0521058,0.0596249,-0.0851468,0.9932170
239017882,-0.862144,0.486152,-0.675853,0.0826271,0.0484218,-0.0840084,0.9918521
239052099,-0.861767,0.493118,-0.666657,0.0691256,0.048956,-0.0805576,0.9931440
239084098,-0.861002,0.503764,-0.657916,0.0761222,0.0494082,-0.0890911,0.9918810
239117852,-0.859258,0.51323,-0.649365,0.0835879,0.0467209,-0.100456,0.9903230
239151514,-0.859747,0.525525,-0.640231,0.0786351,0.0415323,-0.10354,0.9906421
239184575,-0.858001,0.535236,-0.62953,-0.102703,-0.0296966,0.101144,-0.9891110
239217870,-0.859145,0.553254,-0.620506,-0.102064,-0.0221999,0.101044,-0.9893840
239251237,-0.862111,0.574113,-0.61203,-0.0917697,-0.00812931,0.120438,-0.9884370
239283927,-0.862206,0.591447,-0.600672,-0.128383,-0.0183317,0.142968,-0.9811941
239317312,-0.864312,0.613787,-0.590696,-0.134003,-0.0189868,0.140897,-0.980730
239350455,-0.864394,0.640567,-0.580998,-0.127542,-0.0237805,0.140884,-0.9814880
239383783,-0.86544,0.660199,-0.56944,-0.136101,-0.0178789,0.16905,-0.9760020
239417857,-0.867733,0.695552,-0.564371,-0.140764,0.0234097,0.126809,-0.9816091
239451120,-0.870863,0.72378,-0.551452,-0.15872,0.0148281,0.135845,-0.9778210
239485047,-0.871239,0.751073,-0.541634,-0.162442,0.00405663,0.102766,-0.9813440
239517866,-0.872386,0.783643,-0.532322,-0.172769,0.00870579,0.0937809,-0.9804491
239552017,-0.871544,0.82417,-0.523132,-0.153,0.0315156,0.109224,-0.9816660
239584402,-0.873263,0.860817,-0.513924,-0.148219,0.0300696,0.0941885,-0.9840
239617634,-0.873527,0.896199,-0.505503,-0.15501,0.0299845,0.0772283,-0.9844330
239651112,-0.873479,0.930813,-0.496806,-0.158384,0.0268717,0.0715404,-0.9844161
239684428,-0.87399,0.970982,-0.487291,-0.15496,0.0237692,0.0760742,-0.9847010
239717445,-0.872058,1.00772,-0.478883,-0.153565,0.0199168,0.0719417,-0.9853150
239751780,-0.870268,1.04412,-0.46966,-0.153735,0.024601,0.0566087,-0.9861821
239784572,-0.869618,1.08167,-0.461457,-0.153054,0.0217169,0.0425869,-0.9870610
239818120,-0.867434,1.11869,-0.452501,-0.151583,0.0211378,0.0358941,-0.9875660
239850528,-0.864542,1.15155,-0.444742,-0.151543,0.0233426,0.0304297,-0.9877060
239883605,-0.863453,1.18886,-0.437045,-0.169437,0.0255023,0.0082634,-0.9851771
239917750,-0.858405,1.21698,-0.43063,-0.15826,0.0315883,-0.0236003,-0.986610
239952563,-0.857114,1.25312,-0.422639,-0.145435,0.024711,-0.0321661,-0.9885360
239984539,-0.855089,1.28721,-0.416377,-0.13523,0.0230408,-0.034542,-0.9899441
240017176,-0.849124,1.31543,-0.409735,-0.135387,0.0225696,-0.0610182,-0.9886540
240051224,-0.842677,1.33944,-0.405777,-0.156597,0.026337,-0.0545546,-0.9858030
240084329,-0.840531,1.37235,-0.39791,-0.136928,0.025507,-0.0590777,-0.9884890
240117740,-0.834228,1.3965,-0.391637,-0.129238,0.0217891,-0.0541971,-0.9898921
240150961,-0.828094,1.41776,-0.385484,-0.141667,0.024162,-0.0663036,-0.9873960
240185563,-0.821069,1.4374,-0.379137,0.137072,-0.0116613,0.0636085,0.9884480
240218050,-0.814661,1.45682,-0.374053,0.129853,-0.0160056,0.0608628,0.9895341
240251438,-0.807395,1.4712,-0.369327,-0.121218,0.021613,-0.0445797,-0.9913890
240285076,-0.798359,1.4892,-0.363805,-0.13782,0.0188442,-0.051056,-0.9889610
240316918,-0.788651,1.49922,-0.360123,-0.127325,0.0225602,-0.0242893,-0.9913070
240351426,-0.779226,1.5088,-0.356657,-0.14514,0.042806,-0.00578719,-0.9884681
240385695,-0.771031,1.52209,-0.348474,-0.160219,0.0453022,-0.000297907,-0.9860410
240417710,-0.762333,1.52702,-0.347616,-0.126205,0.0155828,-0.0222209,-0.9916330
240451622,-0.752808,1.53049,-0.34403,-0.1323,0.0131735,-0.00691137,-0.9910981
240483854,-0.742848,1.53546,-0.342394,-0.14387,0.0255008,-0.0119958,-0.9891950
240517865,-0.731575,1.53807,-0.3415,-0.145172,0.0333184,-0.0316195,-0.988340
240552148,-0.723779,1.54102,-0.341737,-0.144624,0.0317063,-0.0187152,-0.9888011
240584314,-0.712979,1.54246,-0.340929,-0.142975,0.0329474,-0.00174795,-0.9891760
240617066,-0.705347,1.54288,-0.343964,-0.14534,0.0162532,0.00327873,-0.9892430
240651423,-0.692636,1.54219,-0.34932,-0.135968,0.0232133,-0.00290295,-0.9904370
240683902,-0.681793,1.53935,-0.354455,-0.116721,0.0210895,-0.00759004,-0.9929121
240717888,-0.673644,1.53322,-0.363557,-0.136807,0.0349281,0.0082727,-0.9899470
240750967,-0.660968,1.52926,-0.373694,-0.14009,0.0505596,0.00972373,-0.9887990
240784854,-0.650741,1.52465,-0.382097,-0.1367,0.0421316,0.00785147,-0.9896851
240818096,-0.640505,1.51947,-0.394359,-0.126719,0.0438075,0.000675655,-0.9909710
240851585,-0.630748,1.51532,-0.405754,-0.131265,0.0327145,0.0225878,-0.990550
240883948,-0.622546,1.50879,-0.419396,-0.11862,0.023431,0.0190579,-0.992480
240916837,-0.611157,1.50032,-0.435259,-0.121868,0.0323493,0.00874203,-0.991981
240950821,-0.600254,1.49151,-0.452614,-0.105836,0.0260693,-0.0113091,-0.9939770
240984359,-0.589871,1.48465,-0.470408,-0.105897,0.048809,-0.0156615,-0.9930550
241017497,-0.574055,1.46676,-0.48925,-0.145592,0.0769044,-0.030165,-0.985891
241051352,-0.563942,1.45738,-0.504482,-0.129554,0.0571492,-0.044062,-0.9889430
241084531,-0.556013,1.44239,-0.523287,-0.141615,0.0538461,-0.0453538,-0.9874150
241117869,-0.5473,1.43846,-0.539463,-0.0991555,0.0224979,-0.0492534,-0.9935981
241151278,-0.537344,1.41774,-0.56132,-0.104583,0.0177001,-0.0544322,-0.9928680
241183758,-0.529355,1.40897,-0.579021,-0.0599945,0.025055,-0.034476,-0.9972890
241216994,-0.517358,1.3896,-0.596614,0.0586353,-0.00116117,0.0428542,0.9973590
241251317,-0.508402,1.37247,-0.614723,0.0585818,0.0104976,0.0452054,0.9972031
241284468,-0.498399,1.34822,-0.632293,0.0869682,0.00479804,-0.00636524,0.9961790
241317458,-0.485752,1.32317,-0.654772,0.0752363,0.0171862,-0.00318802,0.9970130
241351864,-0.478119,1.30738,-0.670261,0.0408244,0.0229998,0.0381499,0.9981731
241384686,-0.469808,1.28063,-0.686634,0.0522643,0.0347194,0.0227721,0.997770
241417626,-0.464986,1.25792,-0.70359,0.0241429,0.0359647,-0.00376109,0.9990540
241450816,-0.452813,1.23258,-0.718674,0.0568411,0.0494544,0.0108595,0.9970990
241484090,-0.443042,1.21351,-0.730257,0.079769,0.0691759,0.0252811,0.9940891
241517436,-0.434758,1.18898,-0.742782,0.0648943,0.0670818,-0.00457187,0.9956240
241550896,-0.425954,1.16371,-0.758353,0.0741757,0.0599752,-0.00749348,0.9954120
241583780,-0.419337,1.13972,-0.772768,0.074228,0.0507491,-0.00469853,0.9959380
241618079,-0.413744,1.11228,-0.789266,0.0761992,0.0719642,0.0181301,0.9943271
241651598,-0.407641,1.08298,-0.804703,0.0551384,0.0964579,0.0350316,0.9931910
241684634,-0.40267,1.06474,-0.818495,0.0688591,0.07811,0.0279789,0.994170
241717812,-0.398846,1.03975,-0.831459,0.0749851,0.0432886,0.00728856,0.9962180
241751090,-0.395874,1.01756,-0.843638,0.069808,0.0543942,0.0120472,0.9960041
241783788,-0.393285,0.991841,-0.855471,0.051255,0.0683493,0.000489687,0.9963440
241817857,-0.391617,0.967862,-0.865733,0.0794543,0.085923,0.0219858,0.9928850
241851443,-0.38959,0.94492,-0.875431,0.0795269,0.0688845,0.00235596,0.9944471
241883892,-0.385846,0.922887,-0.882726,0.0857244,0.052607,-0.00356856,0.9949230
241918016,-0.385321,0.898762,-0.89001,0.093633,0.065004,0.00853237,0.9934460
241950764,-0.385879,0.875681,-0.89737,0.0896724,0.0587511,0.00809782,0.9942040
241985653,-0.38529,0.852326,-0.901924,0.0820377,0.0664374,0.0114491,0.9943461
242018978,-0.385108,0.831456,-0.905954,0.0655364,0.0552105,0.0140509,0.9962230
242050220,-0.38458,0.806867,-0.90719,0.0878162,0.0489166,0.0161814,0.9948030
242084543,-0.386033,0.785279,-0.907771,0.089397,0.0438939,0.0123919,0.9949510
242117656,-0.387075,0.767791,-0.910314,0.0724993,0.0322496,-0.00627431,0.9968271
242150811,-0.390114,0.744026,-0.910479,0.0682163,0.010869,-0.0239995,0.9973230
242184009,-0.392062,0.724063,-0.9085,-0.0748244,-0.00580199,0.0320934,-0.9966630
242217320,-0.396788,0.703905,-0.905727,-0.0522216,-0.00261258,0.0307616,-0.9981580
242251577,-0.400687,0.681083,-0.902492,0.0287118,0.0170481,-0.0348428,0.9988351
242284051,-0.405505,0.65862,-0.901184,0.0187952,0.0162281,-0.0395023,0.9989110
242318258,-0.409182,0.645756,-0.893227,-0.0503092,-0.00243751,0.02697,-0.9983670
242351871,-0.412203,0.626533,-0.888289,-0.0508441,-0.00119803,0.0309308,-0.9982271
242384561,-0.415862,0.607259,-0.882564,-0.0467378,-0.00692291,0.0365885,-0.9982130
242417464,-0.4208,0.585895,-0.877353,0.0559597,0.0280106,-0.0489533,0.9968390
242451887,-0.424735,0.566363,-0.87339,0.044292,0.0150224,-0.0296118,0.9984671
242484898,-0.426237,0.549729,-0.865702,-0.039953,-0.00904768,0.0454385,-0.9981270
242517444,-0.431768,0.531343,-0.861366,-0.0539415,0.0125602,0.0138654,-0.9983690
242551606,-0.435625,0.511401,-0.855333,-0.0704626,0.0134297,0.0139442,-0.9973270
242584045,-0.438209,0.495536,-0.84833,-0.0685723,0.0168574,0.0120299,-0.9974311
242617232,-0.44205,0.478948,-0.841147,-0.0714306,0.0165444,0.0118234,-0.9972380
242651379,-0.445262,0.462177,-0.834503,-0.0648176,0.0163061,0.00272742,-0.997760
242683768,-0.450328,0.450118,-0.825654,-0.0530292,0.00878335,0.011212,-0.9984910
242716892,-0.452204,0.434304,-0.819162,-0.0517457,0.0101753,0.0091567,-0.9985671
242751159,-0.452534,0.413665,-0.811341,-0.0771957,0.00486612,0.00935918,-0.996960
242783872,-0.455285,0.400434,-0.803651,-0.0599281,0.00208586,0.0100176,-0.998150
242818193,-0.458016,0.388043,-0.795833,-0.0454437,0.00452714,0.00637937,-0.9989361
242851025,-0.460498,0.37322,-0.787388,-0.0404426,0.0130771,0.0025703,-0.9990930
242884058,-0.461421,0.359246,-0.779081,-0.0443892,0.0190233,0.0067176,-0.9988110
242917117,-0.463945,0.34396,-0.771517,-0.0461887,0.0128338,-8.12419e-05,-0.998850
242951448,-0.465793,0.329635,-0.762843,-0.048073,0.0138306,-0.00173693,-0.9987471
242984314,-0.467029,0.315766,-0.754773,-0.0448361,0.0156764,-0.00710724,-0.9988460
243018105,-0.467115,0.301667,-0.745796,-0.0427301,0.0232716,-0.00603968,-0.9987970
243050707,-0.467346,0.287126,-0.737013,-0.0586694,0.0205931,-0.0015306,-0.9980640
243083561,-0.468738,0.274655,-0.729908,-0.0432323,0.0173272,0.00288057,-0.9989111
243118338,-0.467779,0.259189,-0.721826,-0.0426226,0.00792215,-0.00868204,-0.9990220
243151670,-0.46775,0.243966,-0.712809,-0.061224,0.00829379,-0.00324595,-0.9980840
243184966,-0.468482,0.232557,-0.702267,-0.0409108,0.0356603,-0.0184976,-0.9983551
243217697,-0.468836,0.217626,-0.695746,-0.0419888,0.0262043,-0.0120206,-0.9987020
243250720,-0.465762,0.199592,-0.68924,-0.0381276,0.00648478,-0.00453837,-0.9992420
243284415,-0.462983,0.181724,-0.678847,-0.0360175,0.0321345,-0.0295631,-0.9983970
243317547,-0.467112,0.174789,-0.670051,-0.0365347,0.015482,-0.00854983,-0.9991761
243351874,-0.46594,0.159716,-0.660006,-0.0415909,0.0136115,-0.0097521,-0.9989940
243384311,-0.465301,0.145722,-0.648362,-0.0398659,0.0180492,-0.00356812,-0.9990360
243417190,-0.460687,0.124789,-0.636705,-0.0259316,0.0063458,0.0141007,-0.9995440
243450320,-0.462423,0.116476,-0.626465,-0.0302866,0.014663,-3.75513e-06,-0.9994341
243483735,-0.460628,0.101025,-0.612688,-0.0317507,0.01872,-0.00643,-0.99930
243517029,-0.458325,0.0861904,-0.596895,-0.0293346,0.0363351,-0.0068529,-0.9988860
243551301,-0.45733,0.0723893,-0.583196,-0.0336452,0.025104,-0.00646389,-0.9990981
243584515,-0.455046,0.0569555,-0.567043,-0.0277836,0.0250834,-0.00238165,-0.9992960
243617482,-0.452808,0.0418242,-0.55037,-0.0276188,0.0318548,-0.00600725,-0.9990930
243651901,-0.450449,0.0257236,-0.534562,-0.0215643,0.02567,-0.00735847,-0.9994111
243684302,-0.448662,0.0096745,-0.518585,-0.0147136,0.0160766,-0.00244891,-0.9997590
243717308,-0.445963,-0.0043103,-0.501702,-0.0236223,0.0163323,0.00199701,-0.9995860
243750574,-0.44362,-0.0197575,-0.485373,-0.0307718,0.0184636,-0.00724543,-0.999330
243783634,-0.442341,-0.0361738,-0.46944,-0.0214821,0.0112237,-0.00614879,-0.9996871
243817865,-0.439737,-0.050783,-0.453429,-0.0309224,0.0241614,-0.00946427,-0.9991850
243851116,-0.432802,-0.0684552,-0.433119,-0.0325275,0.0725905,-0.0204342,-0.9966220
243884341,-0.431905,-0.0842461,-0.420329,-0.0310001,0.0401968,-0.0129504,-0.9986271
243917368,-0.43062,-0.0988114,-0.403915,-0.0311653,0.0518247,-0.00191845,-0.9981680
243951158,-0.426742,-0.115318,-0.386967,-0.033988,0.065803,-0.012359,-0.9971770
243984350,-0.425161,-0.130604,-0.374015,-0.0264076,0.0374119,0.00494962,-0.9989391
244017540,-0.422058,-0.145378,-0.358889,-0.0221327,0.0505296,0.009056,-0.9984360
244050350,-0.419551,-0.159214,-0.345602,-0.023935,0.0496996,0.018878,-0.9982990
244083933,-0.417432,-0.172974,-0.332898,-0.0204816,0.045831,0.0310524,-0.9982560
244118014,-0.41491,-0.185205,-0.319749,-0.0195206,0.0424449,0.0332469,-0.9983551
244150929,-0.41252,-0.196161,-0.30775,-0.0200445,0.0390859,0.037368,-0.9983360
244184046,-0.410489,-0.205147,-0.295439,-0.0231013,0.0415572,0.0432944,-0.997930
244217146,-0.408633,-0.212639,-0.285456,-0.0256987,0.0292032,0.053501,-0.997810
244251519,-0.407547,-0.221274,-0.274443,-0.0284815,0.025055,0.047437,-0.9981541
244283844,-0.403759,-0.227663,-0.262665,-0.021191,0.0296512,0.0532605,-0.9979150
244316897,-0.400024,-0.233848,-0.251727,-0.0140324,0.0289551,0.0564401,-0.9978870
244351093,-0.398307,-0.238729,-0.242007,-0.0185067,0.0289982,0.0496874,-0.9981720
244384593,-0.396326,-0.243739,-0.234098,-0.0262309,0.0184134,0.0355481,-0.9988541
244417761,-0.39281,-0.245808,-0.224437,-0.0213033,0.0215225,0.0475303,-0.9984110
244451142,-0.390112,-0.247545,-0.217098,-0.0198057,0.0266937,0.0415111,-0.9985850
244483810,-0.388517,-0.24858,-0.211487,-0.0197257,0.0176385,0.0344292,-0.9990570
244516842,-0.385734,-0.24824,-0.205798,-0.0167939,0.0176519,0.0354662,-0.9990741
244551243,-0.383994,-0.246148,-0.200591,-0.0155812,0.0223839,0.0350202,-0.9990140
244583501,-0.381714,-0.244403,-0.196157,-0.0224363,0.0140213,0.0296953,-0.9992090
244618055,-0.380634,-0.240816,-0.193506,-0.017912,0.0117657,0.0283121,-0.9993691
244650990,-0.378602,-0.237619,-0.191499,-0.0172923,0.00851152,0.022657,-0.9995580
244684306,-0.376703,-0.232541,-0.190951,-0.0180492,0.00916593,0.0207116,-0.9995810
244718387,-0.375024,-0.226714,-0.190549,-0.0110857,0.0239684,0.0242495,-0.9993571
244751762,-0.37382,-0.220978,-0.192104,-0.000865418,0.0352716,0.0284303,-0.9989730
244784449,-0.372921,-0.213503,-0.19738,-0.00431832,0.0206116,0.0403527,-0.9989640
244816924,-0.372903,-0.204815,-0.200768,-0.00856792,0.0187859,0.0432246,-0.9988520
244851052,-0.370987,-0.195959,-0.204965,-0.00382775,0.0290416,0.0466818,-0.998481
244883342,-0.368227,-0.188368,-0.208735,0.00579939,0.0496631,0.0376111,-0.9980410
244917469,-0.366579,-0.177277,-0.213964,-0.000212645,0.0616331,0.0445641,-0.9971040
244951845,-0.366725,-0.163228,-0.223707,-0.00627693,0.029849,0.0662862,-0.9973341
244984408,-0.364603,-0.150358,-0.230232,-0.00977605,0.0346864,0.0681711,-0.9970230
245017101,-0.361066,-0.136711,-0.237108,-0.00618873,0.0495776,0.057912,-0.9970710
245051270,-0.35761,-0.12149,-0.244261,-0.00177367,0.06072,0.0592426,-0.9963940
245084322,-0.35453,-0.101366,-0.255115,-0.00699835,0.0346678,0.0703684,-0.9968941
245117483,-0.350398,-0.0813317,-0.263324,-0.0163049,0.0313895,0.0828893,-0.9959310
245151573,-0.346739,-0.0600383,-0.270849,-0.0172374,0.0385985,0.0844459,-0.9955310
245183328,-0.34312,-0.0356025,-0.280309,-0.0207301,0.0331446,0.0872093,-0.9954230
245217792,-0.337915,-0.0132455,-0.287792,-0.0241162,0.0388293,0.0779974,-0.9959051
245251334,-0.331046,0.00826215,-0.29534,-0.0263954,0.0454119,0.0494616,-0.9973940
245284900,-0.327562,0.0348612,-0.30473,-0.0143549,0.0376214,0.0470225,-0.9980820
245317633,-0.323709,0.06099,-0.313392,-0.0100493,0.0270928,0.0415894,-0.9987170
245351070,-0.320445,0.0873952,-0.323714,-0.00141705,0.0105713,0.03788,-0.9992251
245383773,-0.314778,0.115141,-0.331319,-0.00136664,0.015792,0.0256147,-0.9995460
245417298,-0.308698,0.144266,-0.340144,-0.0086033,0.0130625,0.0343964,-0.9992860
245450502,-0.303403,0.173123,-0.350689,-0.01406,0.00465413,0.0430522,-0.9989630
245484630,-0.29726,0.202202,-0.35822,-0.0192808,0.0144659,0.0301043,-0.9992561
245518097,-0.293656,0.230484,-0.369522,0.0159667,0.00904086,-0.0264434,0.9994820
245550832,-0.289573,0.258203,-0.378354,0.0122351,0.013232,-0.0151212,0.9997230
245584109,-0.285545,0.287868,-0.386424,0.0132347,0.0109094,-0.0224906,0.99960
245616918,-0.279104,0.316092,-0.392844,0.0237467,0.0054057,-0.0150863,0.999591
245650465,-0.273078,0.344787,-0.400894,0.0343501,0.0129229,-0.0039886,0.9993180
245684875,-0.269558,0.372787,-0.404977,-0.0303018,0.014096,-0.00770591,-0.9994120
245717647,-0.266536,0.400716,-0.410843,-0.0292956,0.0137877,-0.000346724,-0.9994761
245750708,-0.262206,0.427622,-0.415679,-0.0333889,0.00801507,-0.00548925,-0.9993950
245784855,-0.258972,0.454032,-0.42,-0.0355495,0.00501346,-0.00797738,-0.9993230
245817875,-0.25194,0.479692,-0.420824,-0.0363328,0.0238881,-0.0243558,-0.9987571
245851775,-0.248343,0.505425,-0.423373,-0.029925,0.019293,-0.0223349,-0.9991160
245884147,-0.245943,0.531925,-0.426738,0.0310001,-0.00182115,0.0185027,0.9993460
245917389,-0.242006,0.557104,-0.426365,-0.0330528,0.00263919,0.00111283,-0.999450
245951221,-0.24006,0.582585,-0.427146,-0.0315762,-0.00125226,0.011351,-0.9994361
245984424,-0.239729,0.607483,-0.427489,0.0143302,0.0307279,-0.0196335,0.9992320
246017444,-0.235814,0.629423,-0.425049,0.0149763,0.0373593,-0.0183998,0.999020
246050220,-0.233307,0.654491,-0.420997,0.0282796,0.0094462,-0.00341252,0.999550
246083526,-0.230388,0.676551,-0.41792,0.0315693,0.0075256,-0.00290927,0.9994691
246117480,-0.227849,0.70073,-0.415025,0.0332097,0.000254097,0.00478675,0.9994370
246151380,-0.222451,0.719029,-0.412804,-0.0688797,0.0115852,0.00116522,-0.9975570
246184380,-0.220878,0.741087,-0.408327,0.0848725,0.0103793,0.02777,0.9959511
246217357,-0.222217,0.763236,-0.405652,0.0486037,0.0161214,0.0197973,0.9984920
246252016,-0.219976,0.78368,-0.398679,0.0468629,-0.00337448,0.031665,0.9983940
246284322,-0.217835,0.802765,-0.396046,0.062892,0.0195186,0.0406657,0.9970010
246318710,-0.216047,0.820599,-0.391934,0.0583986,0.0204737,0.0349996,0.997471
246351013,-0.215496,0.836723,-0.389171,0.0460895,0.0380946,0.0513941,0.9968870
246384423,-0.214229,0.852875,-0.384509,0.04631,0.0118352,0.0323258,0.9983340
246417291,-0.213231,0.869441,-0.37998,0.0523514,0.0151403,0.0382996,0.9977790
246450948,-0.212804,0.882891,-0.374902,0.0592158,0.02547,0.0532731,0.9964971
246484519,-0.212377,0.891411,-0.374827,0.0296146,0.0186578,0.0225665,0.9991320
246517438,-0.212054,0.907533,-0.365692,0.0584728,0.0311027,0.054101,0.9963370
246550880,-0.20968,0.917813,-0.357147,0.0649159,0.000577079,0.0642221,0.9958220
246583648,-0.205817,0.921691,-0.352723,0.0785908,0.000932013,0.0583985,0.9951951
246618053,-0.206231,0.930554,-0.34766,0.0786175,-0.00556392,0.0540213,0.9954250
246651317,-0.2065,0.934066,-0.341925,0.0766549,-0.00415013,0.0617816,0.9951330
246683775,-0.205475,0.935169,-0.338085,0.0825531,0.00554907,0.0681616,0.9942371
246718176,-0.204557,0.94011,-0.331423,0.0873035,0.000334627,0.0755514,0.9933130
246751717,-0.204413,0.944336,-0.324435,0.0814936,-0.00507228,0.0771121,0.9936730
246784069,-0.202944,0.940156,-0.320448,0.0726255,0.00593981,0.0575519,0.995681
246817993,-0.201016,0.938649,-0.315712,0.110585,0.00825331,0.037224,0.9931350
246851431,-0.201908,0.934455,-0.313244,0.0907645,0.00695435,0.0323452,0.9953230
246883973,-0.201292,0.92893,-0.310688,0.09351,0.0085788,0.0241437,0.9952890
246916905,-0.199489,0.922202,-0.308782,0.102813,0.00101328,0.0144961,0.9945951
246951005,-0.198309,0.913661,-0.305823,0.0969812,0.00422289,0.0357484,0.9946350
246984421,-0.19847,0.897873,-0.304336,0.0990123,0.00207935,0.0362144,0.9944250
247017891,-0.19865,0.893149,-0.300759,0.0754479,-0.00820879,0.0358386,0.9964721
247051509,-0.198212,0.877747,-0.3013,0.0767033,-0.00839097,0.0504565,0.9957410
247084584,-0.196843,0.861747,-0.301339,0.0895045,-0.00529599,0.0578826,0.9942890
247116728,-0.196714,0.846598,-0.300416,0.0816168,-0.00541659,0.0627353,0.9946730
247150355,-0.194932,0.827709,-0.301581,0.0909571,-0.00907498,0.0704741,0.9933171
247184746,-0.19352,0.80838,-0.30202,-0.0976529,0.0200607,-0.0627542,-0.9930370
247217256,-0.192497,0.786232,-0.304093,-0.097843,0.0195129,-0.0652082,-0.9928720
247250183,-0.191257,0.761747,-0.305954,0.0968425,-0.0148362,0.0728235,0.9925210
247284441,-0.190696,0.736359,-0.308644,0.0930794,-0.00480866,0.0815552,0.9923011
247316339,-0.188458,0.707891,-0.311427,0.106316,-0.0131163,0.0747531,0.9914320
247350961,-0.185741,0.678001,-0.313772,0.114928,-0.0171365,0.0658568,0.991040
247384223,-0.183801,0.644362,-0.312216,0.116229,-0.0185752,0.101006,0.9878990
247417553,-0.179839,0.614958,-0.314335,0.127944,-0.0126781,0.119987,0.9844151
247450722,-0.17974,0.572384,-0.319841,-0.106472,0.0456352,-0.0986742,-0.9883540
247483899,-0.183167,0.534981,-0.323844,0.108659,0.0206791,0.0587609,0.9921250
247516753,-0.180251,0.504116,-0.330302,0.0798778,0.00182213,0.0781455,0.9937350
247551164,-0.171246,0.464871,-0.333323,0.113722,-0.0116402,0.0542065,0.9919641
247584064,-0.171044,0.42442,-0.340572,-0.096355,0.0185349,-0.00522025,-0.9951610
247618332,-0.163604,0.386341,-0.346021,-0.0939594,0.00863206,0.0167359,-0.9953980
247650759,-0.160236,0.348762,-0.353345,-0.0909922,0.00631612,0.0343986,-0.9952370
247684416,-0.157822,0.310317,-0.356679,-0.0945277,0.00916887,0.032287,-0.9949561
247717552,-0.155307,0.274853,-0.366565,-0.0909428,0.00601885,0.0827848,-0.9923910
247750742,-0.15637,0.239754,-0.3741,-0.103792,-0.0106992,0.10461,-0.9890240
247783705,-0.152522,0.208551,-0.380579,-0.0857744,-0.0015874,0.120119,-0.9890460
247817410,-0.15314,0.181036,-0.390251,-0.0454455,0.00680012,0.154362,-0.9869451
247851096,-0.151222,0.153284,-0.397276,-0.0456545,0.00308241,0.15683,-0.9865650
247884031,-0.148173,0.130307,-0.403309,-0.0654263,0.0037439,0.140751,-0.9878740
247917528,-0.14737,0.110857,-0.413519,-0.0630921,-0.0412572,0.154302,-0.9851441
247950429,-0.147047,0.0933615,-0.42031,-0.0712517,-0.0265661,0.164152,-0.98350
247984193,-0.14714,0.078472,-0.42788,-0.0701418,-0.00863273,0.183176,-0.9805370
248017056,-0.147529,0.0695124,-0.435094,-0.0594982,-0.0098289,0.186226,-0.9806540
248050358,-0.148386,0.0637352,-0.441665,-0.0464059,-0.00940807,0.187994,-0.9810281
248083718,-0.148359,0.0616581,-0.448849,-0.0523494,-0.0200366,0.189243,-0.9803290
248116496,-0.149795,0.0603906,-0.4576,-0.0398904,-0.0279736,0.199556,-0.9786750
248151063,-0.150729,0.0635035,-0.464377,-0.0428489,-0.0291114,0.184121,-0.9815381
248183794,-0.15276,0.0699544,-0.471121,-0.0401774,-0.0364854,0.168621,-0.9841860
248216742,-0.154207,0.0786662,-0.476991,-0.0306542,-0.0312707,0.161862,-0.9858410
248250817,-0.157077,0.0894114,-0.485916,0.0341828,0.0374002,-0.104835,0.9931980
248285322,-0.159823,0.102192,-0.492135,-0.0517611,-0.0113787,0.047524,-0.9974631
248317522,-0.163923,0.117935,-0.494777,-0.0544631,-0.0152248,0.0643287,-0.9963250
248351125,-0.166215,0.136492,-0.499409,0.0425204,0.0245362,-0.0715045,0.9962310
248383550,-0.169314,0.152456,-0.507229,-0.0627807,-0.00252675,0.0386937,-0.9972740
248418194,-0.174301,0.176846,-0.50816,-0.0666874,0.00755938,0.0579939,-0.9960581
248451732,-0.179082,0.19677,-0.514904,-0.0667425,-0.00196608,0.0487163,-0.9965780
248483148,-0.188052,0.220164,-0.519158,-0.0836522,0.00191585,0.0200809,-0.9962910
248517571,-0.193558,0.242656,-0.522363,-0.0812862,0.0105254,0.0108201,-0.9965760
248551124,-0.199799,0.256902,-0.529724,0.0612618,0.0266995,-0.00886699,0.9977251
248584239,-0.209829,0.275047,-0.53531,0.0718921,0.0465906,0.00186365,0.9963220
248617338,-0.221389,0.296894,-0.537841,0.0843733,0.045422,0.0218589,0.9951580
248650874,-0.234191,0.318691,-0.540305,0.0951868,0.0512235,0.0233961,0.9938650
248684123,-0.249314,0.336603,-0.54606,0.0706343,0.0779311,0.0166739,0.9943141
248717295,-0.266411,0.356853,-0.545758,0.0806273,0.0970665,0.00308803,0.9920020
248750485,-0.283638,0.373012,-0.54872,0.0727703,0.132566,-0.0100063,0.9884490
248783784,-0.298121,0.382533,-0.552686,0.0520979,0.153049,-0.00919169,0.9868020
248817320,-0.323245,0.398082,-0.552218,0.0696751,0.166978,-0.00169186,0.9834941
248850441,-0.350233,0.411176,-0.553168,0.0766175,0.174725,0.019175,0.9814450
248883967,-0.371401,0.420111,-0.552892,0.118427,0.198687,-0.00339657,0.9728760
248917866,-0.416269,0.444206,-0.553227,0.0566055,0.178931,0.0108111,0.9821721
248951186,-0.449566,0.455133,-0.552286,0.0589346,0.1756,0.00524386,0.9826820
248983678,-0.487028,0.464986,-0.54875,0.0827819,0.179912,0.0110818,0.9801310
249017407,-0.531617,0.476654,-0.543204,0.0716937,0.17519,0.0085183,0.9818840
249051413,-0.575865,0.487191,-0.537352,0.0631897,0.185022,-0.00290975,0.9806961
249083341,-0.628699,0.494057,-0.532659,0.0502293,0.191413,-1.09972e-05,0.9802240
249118023,-0.683034,0.501159,-0.525908,0.0500027,0.195816,0.00171538,0.9793640
249150890,-0.740234,0.501621,-0.517379,0.0826509,0.199674,0.0052576,0.9763560
249184129,-0.803374,0.508792,-0.510298,0.0809189,0.200795,0.0039523,0.9762771
249217572,-0.868807,0.514819,-0.503455,0.065581,0.189988,0.021157,0.9793650
249250484,-0.936214,0.51925,-0.493237,0.0618493,0.14922,0.0645093,0.9847570
249283744,-1.00914,0.522405,-0.487244,0.0554302,0.173337,0.0314466,0.9827980
249316912,-1.08457,0.523002,-0.477428,0.0441279,0.143267,0.0344862,0.9880981
249349968,-1.16469,0.52309,-0.466506,0.0367974,0.132248,0.0383255,0.9897920
249384190,-1.24875,0.523646,-0.457699,0.0476968,0.169683,0.0268333,0.9839780
249417589,-1.33262,0.523327,-0.444841,0.0476339,0.187877,0.012158,0.9809611
249450550,-1.41942,0.520407,-0.432413,0.0491134,0.175394,0.0291275,0.9828410
249484041,-1.50928,0.515244,-0.419539,0.0546475,0.163571,0.034581,0.984410
249517115,-1.60111,0.511318,-0.408497,0.0570579,0.154734,0.0496952,0.9850540
249551478,-1.69498,0.509483,-0.395772,0.0470669,0.132973,0.00838815,0.9899661
249664320,-1.79132,0.506054,-0.384908,0.034797,0.0880678,-0.0121767,0.9954321
249665174,-1.88745,0.498163,-0.373325,0.0143196,0.0439566,-0.0190855,0.9987480
249666300,-1.98416,0.492625,-0.360897,0.0242996,0.0203243,-0.0136446,0.9994050
249683356,-2.0838,0.487094,-0.350653,-0.026208,-0.00103215,0.011948,-0.9995850
249717751,-2.18244,0.480767,-0.340511,-0.0304478,0.0143219,0.0149476,-0.9993220
249751174,-2.27741,0.474588,-0.331493,-0.0317049,0.0339104,0.00744389,-0.9988940
249784748,-2.37008,0.469334,-0.321203,-0.0443154,0.0531389,0.0174948,-0.997451
249817553,-2.46644,0.461378,-0.311692,-0.0486128,0.0792009,0.0163649,-0.9955380
249850849,-2.62611,0.342296,-0.227891,0.048504,0.148355,-0.0901176,-0.9836240
249916413,-2.70888,0.440763,-0.288551,-0.0122398,0.176623,-0.00831368,-0.9841671
249951962,-2.81474,0.436742,-0.289932,-0.0598389,0.148002,-0.00314486,-0.987170
249983943,-2.90299,0.426377,-0.287345,-0.0523849,0.157581,-0.0163999,-0.9859790
250016709,-2.98134,0.419508,-0.283834,-0.0523653,0.152509,-0.00631654,-0.9868941
250050341,-3.05695,0.411632,-0.281603,-0.0499251,0.157718,-0.00080929,-0.9862210
250084635,-3.13281,0.407487,-0.280787,-0.0416301,0.167213,0.0354636,-0.9844030
250116810,-3.19925,0.402305,-0.272924,-0.022867,0.183713,0.00883057,-0.9826741
250150934,-3.25687,0.395877,-0.267879,-0.0565679,0.194836,0.00434874,-0.9791940
250183750,-3.31733,0.394906,-0.26862,-0.0726499,0.171347,0.0236176,-0.9822450
250216713,-3.37315,0.393766,-0.269396,-0.0862232,0.156501,0.0264696,-0.9835510
250251123,-3.42318,0.390447,-0.266506,-0.0791855,0.177081,0.02814,-0.9806021
250283712,-3.46701,0.385276,-0.263849,-0.0636175,0.195599,0.017196,-0.9784670
250316831,-3.5093,0.382503,-0.263224,-0.0653587,0.208917,0.00340784,-0.9757410
250349981,-3.54686,0.381509,-0.259869,-0.0723693,0.219263,0.00591409,-0.972960
250384264,-3.58003,0.381304,-0.257553,-0.0836363,0.228413,-0.00364608,-0.9699581
250418001,-3.60735,0.381062,-0.25405,-0.0789318,0.215432,0.00251394,-0.973320
250451013,-3.63023,0.381741,-0.251396,-0.0864172,0.219347,-0.011408,-0.9717450
250484335,-3.64907,0.383667,-0.245815,-0.088338,0.224125,0.00508194,-0.9705351
250516749,-3.66317,0.38557,-0.24104,-0.0824771,0.249827,0.0282259,-0.9643580
250550072,-3.66998,0.386568,-0.235296,-0.0676539,0.237334,0.0209254,-0.9688440
250584255,-3.67395,0.388699,-0.228342,-0.0659997,0.250245,0.0260251,-0.965580
250617478,-3.67327,0.392585,-0.221981,-0.0572868,0.247961,0.0273295,-0.9666881
250649772,-3.66537,0.396935,-0.213321,-0.0521732,0.249223,0.0278843,-0.9666380
250684296,-3.65541,0.402082,-0.206801,-0.0482074,0.244684,0.0291648,-0.9679650
250718574,-3.6389,0.408159,-0.196295,-0.0527644,0.259502,0.0234385,-0.9640151
250750957,-3.61757,0.414428,-0.189604,-0.0577744,0.232914,0.00708727,-0.9707540
250783575,-3.5909,0.42268,-0.178782,-0.048312,0.231953,0.0240172,-0.971230
250816687,-3.56085,0.4304,-0.170735,-0.0499989,0.226401,0.0200625,-0.9725430
250851071,-3.52838,0.437764,-0.163302,-0.0388526,0.231886,0.0219308,-0.9717191
250885080,-3.49036,0.445415,-0.158226,-0.0443018,0.225229,0.0086283,-0.973260
250918447,-3.44486,0.454539,-0.148694,-0.0340538,0.213291,0.0102136,-0.9763420
250950710,-3.39777,0.462289,-0.145771,-0.0401616,0.20363,-0.00563451,-0.9782080
250984403,-3.34335,0.47202,-0.140998,-0.0240718,0.197907,-0.00620452,-0.9799061
251016984,-3.28627,0.477394,-0.134823,-0.0111475,0.240709,-0.0328678,-0.9699770
251050269,-3.22817,0.490243,-0.135569,-0.0266572,0.204487,-0.00477295,-0.9784950
251083536,-3.1672,0.502994,-0.134388,-0.0291101,0.179978,0.0297735,-0.9827890
251117317,-3.10186,0.513241,-0.135547,-0.0179178,0.145764,0.029088,-0.9887291
251149678,-3.02974,0.52395,-0.138781,-0.032079,0.148284,0.0107382,-0.9883660
251183810,-2.95583,0.535154,-0.141626,-0.0232021,0.148643,0.01072,-0.9885610
251216939,-2.87695,0.537063,-0.144035,-0.0460478,0.161314,-0.0100027,-0.9857770
251251064,-2.80032,0.553151,-0.154504,-0.0447619,0.104188,0.0146083,-0.9934421
251284750,-2.71979,0.567328,-0.168279,-0.0192011,0.108018,0.0317928,-0.9934550
251316912,-2.63524,0.577881,-0.179133,-0.0198675,0.111208,0.0329622,-0.9930520
251349796,-2.54673,0.584106,-0.188259,-0.0148955,0.121491,0.00122414,-0.992480
251383972,-2.45594,0.589357,-0.199607,0.00141728,0.121766,-0.0247785,-0.9922481
251416741,-2.37458,0.601737,-0.220732,0.0182474,0.111048,-0.00302952,-0.9936430
251485334,-2.18738,0.602979,-0.252816,-0.176453,0.101216,-0.115834,-0.9722151
251517772,-2.106,0.632684,-0.268851,-0.085429,0.0210159,0.0243453,-0.9958250
251550089,-2.01209,0.647606,-0.292042,0.0178881,0.0444743,-0.0179093,0.998690
251583970,-1.91619,0.657723,-0.316866,0.0159859,0.0379623,-0.00365729,-0.9991450
251617768,-1.81407,0.660974,-0.330569,-0.0522556,0.0274761,-0.0332761,-0.9977011
251650494,-1.72362,0.672444,-0.345952,-0.0764642,0.00889246,-0.000110419,-0.9970330
251685130,-1.64408,0.689039,-0.361488,-0.062034,-0.0112401,0.046401,-0.9969310
251717304,-1.55729,0.680128,-0.359309,-0.243243,0.874276,-0.0416302,0.418020
251750282,-1.49097,0.697457,-0.392616,0.0582038,0.0861392,-0.0208298,0.9943631
251784218,-1.39671,0.702713,-0.414017,0.239805,0.226511,-0.120978,0.9362430
251817752,-1.29689,0.713907,-0.437181,0.0458883,0.0773403,-0.0774804,0.992930
251850229,-1.2079,0.72957,-0.453141,0.00610693,0.101292,-0.10517,0.9892630
251883325,-1.12471,0.728922,-0.472906,0.0526903,0.079787,-0.0764478,0.9924781
251917675,-1.0553,0.737426,-0.492284,0.0418285,0.119348,-0.126464,0.9838770
251950954,-0.976287,0.742862,-0.507222,0.0650323,0.130513,-0.0903554,0.9851770
251984548,-0.899091,0.743827,-0.524476,0.10173,0.138616,-0.0505289,0.9838111
252017159,-0.826018,0.747557,-0.541618,0.109065,0.14097,-0.0362185,0.9833210
252050500,-0.765698,0.75619,-0.55402,0.056169,0.144847,0.0040913,0.987850
252083860,-0.699315,0.760174,-0.567455,0.0974754,0.145022,-0.000186415,0.9846150
252117441,-0.637096,0.764095,-0.576866,0.101825,0.163886,0.00268608,0.9812061
252150457,-0.581454,0.766932,-0.585263,0.0782743,0.198472,-0.0205724,0.9767590
252184323,-0.52474,0.766664,-0.591233,0.0733588,0.226188,-0.056925,0.9696480
252216461,-0.479288,0.769884,-0.598794,0.0756642,0.238286,-0.0346825,0.9676220
252250720,-0.434953,0.76935,-0.602996,0.0747519,0.252369,-0.0178491,0.9645741
252284164,-0.396428,0.770932,-0.606483,0.0776523,0.244814,-0.0266362,0.9660880
252316744,-0.361586,0.773113,-0.608081,0.0670881,0.249313,-0.0549571,0.9645320
252349863,-0.33166,0.773482,-0.604814,0.073948,0.244037,-0.0667633,0.9646350
252383852,-0.304355,0.772648,-0.601795,0.0751956,0.231138,-0.0950584,0.9653421
252417534,-0.284859,0.768465,-0.598168,0.074615,0.247469,-0.0805755,0.9626520
252450516,-0.269033,0.764483,-0.59073,0.0828067,0.246937,-0.0609421,0.9635620
252483622,-0.256732,0.759858,-0.58178,0.075852,0.21626,-0.065315,0.9711910
252516918,-0.248776,0.756228,-0.57403,0.0829923,0.19897,-0.0765022,0.9734841
252550235,-0.245812,0.748662,-0.565,0.0924098,0.181406,-0.0789465,0.9758690
252584454,-0.244989,0.741918,-0.557451,0.0553101,0.163111,-0.0943736,0.9805250
252616891,-0.249759,0.733166,-0.543057,0.0894324,0.145641,-0.0590821,0.9835140
252650652,-0.258643,0.729045,-0.531504,0.0581752,0.131173,-0.0458513,0.9885881
252684043,-0.266919,0.719688,-0.520957,0.0834692,0.146298,-0.0081269,0.9856790
252717617,-0.277944,0.713439,-0.509829,0.0744185,0.120162,-0.0296364,0.9895170
252750452,-0.286939,0.706372,-0.496026,0.0961438,0.0716756,-0.0297022,0.9923390
252784872,-0.307319,0.700763,-0.488537,0.0818735,0.0861461,-0.041625,0.992041
252817240,-0.322012,0.694444,-0.47855,0.0683786,0.0644995,-0.0407706,0.9947370
252851317,-0.339977,0.687159,-0.468925,0.0805403,0.057654,-0.0343773,0.9944890
252884028,-0.357124,0.67907,-0.460357,0.0808103,0.0498478,-0.0513369,0.9941580
252917541,-0.377137,0.676142,-0.450574,0.069224,0.0533311,-0.0439467,0.9952051
252950390,-0.393514,0.661274,-0.447321,0.109866,0.0278959,-0.0488758,0.9923520
252984023,-0.415744,0.658976,-0.439423,0.0859101,0.0271312,-0.0606044,0.9940880
253016691,-0.434014,0.655814,-0.433432,-0.0926512,-0.0151504,0.0600191,-0.9937730
253050147,-0.448687,0.64253,-0.428068,-0.145407,-0.00397613,0.0855754,-0.9856561
253083832,-0.472636,0.644093,-0.422492,-0.113975,-0.00565742,0.0594339,-0.9916880
253117787,-0.490938,0.629142,-0.417215,-0.107185,0.0133527,0.106331,-0.9884470
253151072,-0.509081,0.630506,-0.414249,0.0320991,0.0114904,-0.00814964,0.9993851
253184072,-0.529652,0.620616,-0.406621,-0.055401,0.0214418,0.0217847,-0.9979960
253217554,-0.548292,0.621627,-0.405939,0.112471,0.00559138,0.0110868,0.9935770
253250317,-0.565119,0.617908,-0.406144,-0.107209,0.00609727,0.0100077,-0.9941670
253284596,-0.581595,0.614216,-0.398477,-0.107408,0.0440965,0.013035,-0.9931511
253317547,-0.59587,0.61087,-0.398632,-0.109381,0.0325209,0.0254652,-0.9931410
253350120,-0.612812,0.603276,-0.39682,-0.0853536,0.0400303,0.0335304,-0.9949810
253383597,-0.62837,0.597937,-0.395374,-0.0843808,0.0267559,0.0201516,-0.995870
253416721,-0.642289,0.595346,-0.394422,-0.102485,0.0273718,0.0240416,-0.9940671
253449962,-0.654155,0.59082,-0.397803,-0.118977,0.0186827,0.0421824,-0.9918250
253484103,-0.667208,0.589699,-0.396872,-0.100117,0.0328215,0.0671072,-0.9921670
253517036,-0.678462,0.589446,-0.39844,-0.100835,0.0349638,0.0947825,-0.9897611
253549873,-0.690846,0.58998,-0.398552,-0.0966778,0.0131395,0.117135,-0.9883120
253583021,-0.702304,0.593694,-0.402,-0.0822876,0.0157661,0.12067,-0.9891510
253617368,-0.709846,0.595326,-0.403677,-0.077786,0.00854138,0.13452,-0.9878161
253650554,-0.721992,0.603869,-0.409009,-0.0832013,0.0216849,0.119018,-0.9891620
253684753,-0.73145,0.611925,-0.411981,-0.0851931,0.0172524,0.103993,-0.9907720
253717350,-0.739951,0.624327,-0.416336,-0.0969922,0.0217897,0.121052,-0.9876560
253751629,-0.746834,0.635469,-0.419329,-0.0953829,0.0136733,0.14444,-0.9848111
253783960,-0.753307,0.651626,-0.421042,-0.0846653,0.0189101,0.15818,-0.9835920
253817422,-0.761454,0.667908,-0.425597,-0.0939462,0.014525,0.163419,-0.9819660
253851432,-0.768723,0.685918,-0.43145,-0.0854867,0.0269704,0.149272,-0.9847250
253883886,-0.771691,0.701513,-0.432358,-0.0612981,0.0174137,0.16367,-0.9844551
253918023,-0.779309,0.729095,-0.43731,-0.0893044,0.0164923,0.172472,-0.9808190
253950029,-0.78408,0.754748,-0.441423,-0.107734,0.0253916,0.16109,-0.9807130
253984008,-0.788543,0.782803,-0.442385,-0.0741887,0.030921,0.213401,-0.9736531
254016401,-0.798067,0.816112,-0.449035,-0.0895198,0.00795127,0.174481,-0.9805510
254049726,-0.804664,0.851714,-0.453717,-0.100393,0.0148896,0.142675,-0.9845520
254084296,-0.810823,0.885861,-0.456715,-0.105785,0.022643,0.136016,-0.9847821
254117274,-0.815464,0.920442,-0.46234,-0.111207,0.0158884,0.109683,-0.9875980
254149882,-0.824748,0.955606,-0.468916,-0.123051,0.00899537,0.0730254,-0.9896690
254184041,-0.831219,0.996072,-0.470451,-0.139425,0.0204123,0.0617493,-0.9880950
254216678,-0.835455,1.03282,-0.475726,-0.136868,0.00867938,0.0510649,-0.9892341
254250273,-0.83808,1.07046,-0.479267,-0.128403,-0.00627646,0.0607511,-0.989840
254284098,-0.840276,1.10601,-0.485043,0.0862184,0.0368293,-0.0532071,0.9941730
254316811,-0.84481,1.13547,-0.493556,-0.148185,0.00868834,6.34796e-05,-0.9889221
254349836,-0.849354,1.16971,-0.501696,0.161113,-0.0110914,0.0510863,0.9855510
254384021,-0.850977,1.19992,-0.508013,0.161576,-0.0164907,0.0847747,0.9830740
254416548,-0.855504,1.22678,-0.517642,-0.136008,0.0444342,-0.0676453,-0.9873960
254450862,-0.858792,1.253,-0.525698,-0.120016,0.0555519,-0.0947638,-0.9866761
254484385,-0.865005,1.27663,-0.53227,-0.133627,0.037848,-0.0915889,-0.9860640
254516989,-0.868605,1.29251,-0.539755,-0.155569,0.0311893,-0.105051,-0.9817280
254550341,-0.873505,1.31166,-0.544706,0.126993,-0.0276304,0.125185,0.9835840
254583796,-0.879047,1.32941,-0.550761,0.112071,-0.00267896,0.131262,0.9849891
254617250,-0.881306,1.33663,-0.558434,0.113519,-0.00617931,0.127989,0.9852380
254649852,-0.883529,1.34836,-0.565757,0.110629,-0.0149864,0.136593,0.9843160
254683993,-0.88411,1.35054,-0.571477,0.118159,-0.0329132,0.143727,0.9819871
254717636,-0.88537,1.34846,-0.575065,0.11336,-0.0267815,0.149847,0.9818240
254750465,-0.885858,1.34152,-0.580963,0.119078,-0.0273528,0.130582,0.983880
254785261,-0.887542,1.32953,-0.586867,0.104556,-0.0170984,0.113009,0.987931
254817929,-0.885179,1.31909,-0.590394,0.135245,-0.0294238,0.118186,0.9832980
254851004,-0.886799,1.29993,-0.594907,0.0982657,-0.0173024,0.118564,0.9879210
254884858,-0.885551,1.28326,-0.593028,0.110009,-0.00734524,0.129783,0.9853940
254917295,-0.880891,1.25715,-0.595995,0.142765,-0.0266264,0.112303,0.9830041
254949523,-0.880684,1.22921,-0.596659,-0.140394,0.0425191,-0.113575,-0.9826410
254983819,-0.877791,1.19687,-0.595164,0.128397,-0.0255214,0.119971,0.9841090
255016167,-0.877769,1.1639,-0.593063,0.105256,-0.009572,0.164139,0.9807590
255050714,-0.873997,1.11629,-0.593028,0.143179,-0.0320922,0.184349,0.9718461
255084191,-0.871925,1.0768,-0.587883,0.145735,-0.0393993,0.146115,0.9776810
255116530,-0.869548,1.02458,-0.586218,0.118811,-0.0136925,0.135277,0.9835630
255150435,-0.868649,0.973616,-0.585645,0.0963921,0.0114813,0.15287,0.9834670
255183268,-0.861892,0.923097,-0.581274,0.0960295,0.0128791,0.116186,0.988491
255216700,-0.856804,0.866307,-0.578946,0.0874863,0.0141918,0.0632384,0.9940550
255251042,-0.851486,0.809472,-0.574335,0.093781,0.00924631,0.0116929,0.9954810
255284533,-0.845144,0.749782,-0.571526,-0.0863369,-0.00777398,0.0251731,-0.9959181
255316914,-0.836025,0.685677,-0.568179,0.118228,0.0195357,-0.0598257,0.990990
255351705,-0.829839,0.622581,-0.565005,0.111934,0.0304069,-0.07609,0.9903320
255383848,-0.824188,0.562539,-0.562876,-0.0977002,-0.0144174,0.0732495,-0.9924120
255417381,-0.818982,0.504162,-0.561,-0.0941544,-0.0162724,0.092109,-0.9911541
255450731,-0.813319,0.444852,-0.559711,-0.0976184,0.00781667,0.103639,-0.9897820
255483947,-0.805133,0.382754,-0.559858,-0.148789,-0.00422229,0.122394,-0.9812560
255516861,-0.794554,0.32656,-0.559484,-0.170707,0.0115173,0.15053,-0.9736880
255549848,-0.790149,0.279254,-0.560032,-0.146427,0.0280229,0.174063,-0.9733841
255583958,-0.779299,0.227629,-0.556713,-0.171306,0.0139717,0.181424,-0.9682690
255617539,-0.78121,0.184462,-0.556277,-0.166174,0.00971244,0.159581,-0.973050
255650982,-0.785513,0.152727,-0.556933,-0.0875803,0.00165545,0.1761,-0.9804671
255684362,-0.775709,0.109534,-0.557914,-0.12162,0.0410824,0.164286,-0.9780240
255716950,-0.774224,0.0758039,-0.557741,-0.124437,0.0442222,0.156698,-0.9787780
255750858,-0.77231,0.0462175,-0.557417,-0.119094,0.0432615,0.143084,-0.9815660
255783995,-0.769724,0.0185881,-0.557914,-0.109801,0.0418623,0.123639,-0.9853451
255817258,-0.766757,-0.00586877,-0.55652,-0.0991217,0.0313264,0.0978361,-0.9897580
255850399,-0.764125,-0.0281848,-0.555493,-0.0980424,0.0336792,0.0897778,-0.9905520
255883995,-0.760803,-0.0475904,-0.555225,-0.104638,0.0546063,0.0695628,-0.9905711
255916654,-0.759615,-0.0642772,-0.555868,-0.102947,0.0451865,0.060839,-0.9917960
255949684,-0.757902,-0.081105,-0.556948,-0.0868078,0.0375687,0.0330774,-0.9949670
255984445,-0.756584,-0.0962836,-0.55715,-0.103494,0.0321598,0.0119342,-0.9940381
256016883,-0.754312,-0.110815,-0.557087,-0.100966,0.0427207,0.00607568,-0.9939540
256050931,-0.752326,-0.120615,-0.559046,-0.107759,0.0459479,0.00766616,-0.9930850
256084479,-0.751688,-0.131166,-0.559336,-0.105011,0.0470366,-0.00413279,-0.9933491
256116392,-0.747714,-0.143386,-0.565027,-0.109036,0.0515728,0.015241,-0.9925820
256150853,-0.747992,-0.148605,-0.56256,-0.124972,0.0706237,0.0139537,-0.9895450
256183189,-0.747349,-0.157231,-0.566544,-0.113236,0.0477988,0.0232378,-0.9921460
256216436,-0.749619,-0.163627,-0.570145,-0.11188,0.0336131,0.010391,-0.9930991
256250050,-0.748541,-0.170752,-0.572695,-0.107669,0.0263663,0.0109176,-0.9937770
256284222,-0.748486,-0.175605,-0.574429,-0.108556,0.0341679,0.00574049,-0.9934860
256316875,-0.750268,-0.181585,-0.576248,-0.109116,0.0249627,-0.00209182,-0.9937131
256350116,-0.755908,-0.188059,-0.583362,0.0976082,0.0471868,-0.00563478,0.994090
256383909,-0.764542,-0.189698,-0.58523,0.0852663,0.0821374,-0.0133219,0.9928770
256417427,-0.767616,-0.195996,-0.589593,0.0914247,0.0679183,-0.0074612,0.9934651
256450331,-0.774805,-0.200165,-0.594003,0.0983009,0.0582764,-0.0134175,0.9933580
256483860,-0.785851,-0.206871,-0.599326,0.105918,0.0780112,-0.00470199,0.9912990
256516479,-0.80131,-0.208813,-0.602896,0.0956028,0.102107,-0.0145566,0.9900620
256550191,-0.817612,-0.215586,-0.607367,0.10963,0.113038,-0.0161087,0.9873931
256583574,-0.840492,-0.217646,-0.611264,0.0958654,0.125484,-0.0140737,0.9873530
256617657,-0.862068,-0.223127,-0.614969,0.0987683,0.130536,0.00170456,0.986510
256650576,-0.89214,-0.224703,-0.616458,0.0886577,0.172628,-0.0162482,0.9808541
256683439,-0.922766,-0.230568,-0.619585,0.0888931,0.173966,-0.012491,0.9806520
256717103,-0.954534,-0.234933,-0.620756,0.0733374,0.182949,-0.017543,0.9802260
256750971,-0.987434,-0.243872,-0.623698,0.10669,0.162205,-0.0307932,0.9804891
256784603,-1.02923,-0.245994,-0.624124,0.0821338,0.171849,-0.0351437,0.9810640
256817952,-1.07345,-0.252199,-0.625736,0.0800616,0.160729,-0.0247044,0.9834360
256849568,-1.12257,-0.260227,-0.622582,0.0706594,0.176227,0.00378302,0.9818030
256884034,-1.17085,-0.270011,-0.622072,0.0881338,0.164965,0.0163255,0.9822181
256916915,-1.22733,-0.277263,-0.62172,0.0879032,0.176681,0.0143902,0.9802290
256952248,-1.28573,-0.28698,-0.62001,0.0772418,0.173703,0.0052624,0.981750
256984259,-1.34758,-0.294685,-0.618051,0.0722217,0.175063,0.0163862,0.9817681
257016334,-1.41338,-0.306898,-0.614669,0.0811613,0.166633,-7.29568e-05,0.9826730
257049699,-1.48262,-0.316705,-0.610938,0.0717737,0.182034,0.000474279,0.9806690
257083594,-1.55903,-0.330573,-0.606776,0.0765904,0.194368,0.0129361,0.9778480
257116868,-1.63529,-0.341823,-0.603133,0.0770445,0.191501,0.00730915,0.9784371
257150928,-1.71606,-0.353409,-0.599704,0.0769189,0.200481,0.020223,0.9764640
257183670,-1.80041,-0.366737,-0.592972,0.0624326,0.181607,-0.0063512,0.9813670
257216904,-1.88556,-0.380922,-0.586793,0.0528494,0.176237,-0.025299,0.9826021
257250632,-1.97741,-0.396164,-0.57902,0.0621003,0.183222,-0.0207149,0.9808890
257283424,-2.07351,-0.411947,-0.573188,0.0643823,0.179477,0.00334883,0.9816470
257316625,-2.17081,-0.427749,-0.566688,0.0650121,0.17674,0.000727452,0.9821080
257350457,-2.26991,-0.443373,-0.557603,0.0429977,0.140637,-0.0163674,0.9889921
257383717,-2.37476,-0.46038,-0.550616,0.021444,0.139874,-0.0339285,0.9893560
257416620,-2.48164,-0.477607,-0.544407,0.0302415,0.127241,-0.0435024,0.9904560
257450704,-2.5864,-0.493801,-0.538787,0.0548218,0.113859,-0.0369193,0.9912961
257484766,-2.69288,-0.509383,-0.536392,0.0455568,0.0732968,-0.0241195,0.9959770
257517182,-2.80095,-0.528674,-0.528933,0.0449894,0.0221673,-0.0315183,0.9982440
257550337,-2.90676,-0.547135,-0.52259,-0.0471188,0.0165381,0.00754933,-0.9987240
257583977,-3.01444,-0.564216,-0.519808,-0.0531096,0.0468502,0.0170441,-0.9973431
257617406,-3.12137,-0.578478,-0.520681,-0.0658536,0.0666475,0.0210821,-0.9953780
257650143,-3.22605,-0.59862,-0.523731,-0.0960932,0.134791,0.0407316,-0.9853620
257683681,-3.26648,-0.646732,-0.509608,-0.295099,0.229731,-0.0256743,-0.9270820
257750319,-3.50137,-0.648202,-0.513536,-0.143333,0.0233285,0.100685,-0.9842631
257816761,-3.68007,-0.668497,-0.524653,-0.0721487,0.237182,0.0752367,-0.9658560
257850612,-3.76697,-0.68096,-0.539424,-0.0516293,0.163507,-0.0404686,-0.9843591
257884821,-3.832,-0.693562,-0.533854,-0.0257845,0.214179,-0.00047565,-0.9764540
257916918,-3.90638,-0.712385,-0.541096,-0.0191409,0.275516,0.00270325,-0.9611020
257950031,-3.99129,-0.718727,-0.544529,-0.0715942,0.316895,0.0279549,-0.9453420
257983540,-4.04727,-0.731508,-0.548489,-0.0670888,0.287432,0.0278359,-0.9550431
258016764,-4.10098,-0.741188,-0.556407,-0.0672403,0.284379,0.0207347,-0.9561260
258049932,-4.14846,-0.747247,-0.563631,-0.0699126,0.305892,-0.0186365,-0.9493130
258083975,-4.18935,-0.755424,-0.573329,-0.0893255,0.293801,-0.0382572,-0.9509141
258118314,-4.22402,-0.754826,-0.578435,-0.103227,0.301157,-0.0261415,-0.947610
258149938,-4.2521,-0.757233,-0.583905,-0.106482,0.291895,-0.0269749,-0.9501220
258183477,-4.27459,-0.760123,-0.585417,-0.105503,0.281121,-0.017377,-0.9536970
258216458,-4.29313,-0.761836,-0.59091,-0.108215,0.254723,-0.0101016,-0.9608871
258250231,-4.30491,-0.764269,-0.590433,-0.100058,0.258335,-0.00127439,-0.9608590
258283943,-4.31192,-0.765832,-0.58844,-0.0972126,0.281257,-0.0099738,-0.9546440
258317712,-4.31321,-0.764304,-0.590371,-0.0914893,0.276193,-0.0104367,-0.9566811
258351234,-4.31068,-0.763888,-0.590418,-0.0776609,0.270158,-0.00733651,-0.9596510
258383627,-4.30062,-0.758435,-0.592138,-0.0757925,0.252283,-0.0191993,-0.964490
258417310,-4.28684,-0.756678,-0.588193,-0.0613208,0.232586,0.00692496,-0.9706160
258450396,-4.2702,-0.75131,-0.586621,-0.0551866,0.241214,0.0022174,-0.9688991
258483908,-4.24875,-0.742334,-0.584844,-0.063366,0.267877,-0.0246531,-0.9610510
258516331,-4.22137,-0.73447,-0.577872,-0.0608542,0.296795,-0.0159496,-0.9528670
258549752,-4.19226,-0.729396,-0.576594,-0.0569047,0.266837,-0.0118123,-0.9619880
258583827,-4.16063,-0.7176,-0.572216,-0.0823036,0.240189,0.022397,-0.9669711
258617475,-4.12492,-0.704747,-0.572944,-0.111124,0.223603,0.00535085,-0.968310
258650763,-4.08336,-0.69453,-0.571862,-0.107548,0.20519,-0.011417,-0.9727280
258684120,-4.03335,-0.680443,-0.569515,-0.144934,0.148442,-0.0185687,-0.9780671
258750750,-3.94239,-0.665979,-0.555479,-0.0716954,0.224174,0.0322878,-0.9713720
258783803,-3.87971,-0.648309,-0.550878,-0.172804,0.174451,-0.0182068,-0.9692130
258817257,-3.83069,-0.641586,-0.546742,-0.0756584,0.164622,-0.00955132,-0.9834041
258850802,-3.74763,-0.625789,-0.540339,-0.068371,0.157911,-0.0186974,-0.9849060
258884352,-3.67677,-0.611929,-0.530599,-0.0625413,0.165197,-0.00159846,-0.9842740
258916515,-3.60423,-0.595798,-0.523916,-0.0635661,0.157159,-0.00638914,-0.9855050
258950470,-3.52954,-0.57842,-0.518957,-0.0833313,0.131231,-0.00969443,-0.9877961
258983439,-3.45168,-0.559593,-0.511122,-0.13155,0.101566,-0.0370276,-0.9853970
259016406,-3.40421,-0.589439,-0.473826,0.263858,0.151164,0.0723217,0.9498940
259050656,-3.29712,-0.592326,-0.46799,-0.365975,0.234375,-0.27173,-0.8586581
259150331,-3.03905,-0.503418,-0.46929,-0.0207357,0.169348,-0.0373657,-0.9846290
259183072,-2.94303,-0.48481,-0.461904,0.00638939,0.158654,-0.00884783,-0.9872741
259217867,-2.82974,-0.466893,-0.45319,-0.0878898,0.114527,-0.0292204,-0.9890930
259250574,-2.73385,-0.4577,-0.441019,-0.0308789,0.132701,-0.0107033,-0.9906170
259283508,-2.6342,-0.447068,-0.43367,-0.0227507,0.122094,-0.00180675,-0.9922561
259316094,-2.53731,-0.432341,-0.428727,-0.034241,0.117923,-0.00407375,-0.9924240
259349602,-2.43873,-0.420294,-0.426411,-0.044783,0.0921073,-0.00971738,-0.9946940
259384069,-2.33738,-0.405908,-0.425806,-0.0500518,0.0727979,-0.0082904,-0.9960551
259416882,-2.23677,-0.390789,-0.425247,-0.0670417,0.0222767,-0.00557491,-0.9974860
259449617,-2.18746,-0.444732,-0.342316,0.166965,0.316255,0.101145,0.9283720
259483930,-2.05638,-0.36986,-0.423619,0.0536672,0.0238967,-0.0266305,0.9979180
259517077,-1.9657,-0.358172,-0.429392,0.0590698,0.0384428,-0.0352626,0.996891
259550425,-1.84354,-0.341076,-0.431728,0.0631577,0.0667055,0.0158072,0.9956460
259583835,-1.74707,-0.329738,-0.43411,0.048341,0.0517182,-0.00354985,0.9974850
259617113,-1.65432,-0.317485,-0.437825,0.0515477,0.0571394,-0.0101763,0.9969831
259649936,-1.56654,-0.30994,-0.439931,0.03313,0.0587769,-0.00822025,0.9976870
259683975,-1.47785,-0.300574,-0.44543,0.0453061,0.0899841,0.0187734,0.9947350
259716078,-1.38961,-0.289941,-0.449843,0.0630941,0.0943094,0.0408514,0.9927010
259750135,-1.3062,-0.27982,-0.455948,0.0563041,0.0967623,0.0416377,0.9928411
259783284,-1.22952,-0.26833,-0.465479,0.0595112,0.141171,0.00657156,0.9881730
259817621,-1.15371,-0.258318,-0.472532,0.0593445,0.165997,-0.00725509,0.9843120
259850496,-1.08812,-0.248035,-0.484749,0.0576448,0.16095,-0.0241933,0.9849811
259884192,-1.01943,-0.241225,-0.487467,0.0524007,0.183638,-0.0138529,0.9814980
259916366,-0.957479,-0.233702,-0.495788,0.0335752,0.163002,-0.00660518,0.9860320
259949462,-0.897263,-0.224693,-0.505326,0.0291138,0.171623,-0.0123694,0.9846550
259983027,-0.843132,-0.217393,-0.512716,0.0351207,0.16757,-0.0324226,0.9847011
260016294,-0.795294,-0.207502,-0.523962,0.0431163,0.165229,-0.0538291,0.9838410
260051267,-0.748389,-0.200043,-0.532408,0.038304,0.141016,-0.0429701,0.9883320
260083790,-0.703761,-0.190095,-0.541448,0.0428583,0.123045,-0.053635,0.9900231
260116402,-0.663317,-0.179228,-0.549943,0.0416564,0.107366,-0.0678216,0.9910290
260149384,-0.627085,-0.168629,-0.558462,0.036999,0.104582,-0.0735265,0.9911040
260183859,-0.595183,-0.155837,-0.56673,0.0369338,0.0902789,-0.0841371,0.9916691
260216890,-0.562992,-0.143469,-0.573683,0.0359173,0.0581907,-0.0810052,0.9943650
260249783,-0.535489,-0.128325,-0.582664,0.0372111,0.0671369,-0.0963822,0.992380
260283050,-0.510548,-0.110541,-0.592856,0.0312293,0.0849317,-0.116608,0.9890470
260316237,-0.486964,-0.0908447,-0.601327,0.0287162,0.073063,-0.127141,0.9887731
260350410,-0.463198,-0.0683166,-0.607268,0.0218368,0.0653017,-0.138274,0.9879970
260383632,-0.443045,-0.044086,-0.61541,0.0216151,0.0576453,-0.142479,0.9878810
260416239,-0.425035,-0.0154423,-0.623307,0.0192848,0.0551372,-0.151337,0.9867551
260450480,-0.40834,0.0134586,-0.630773,0.0187873,0.0486015,-0.153238,0.9868150
260483909,-0.390196,0.0463466,-0.638137,-0.0139875,-0.0485609,0.172505,-0.9837110
260517059,-0.376321,0.0851614,-0.64505,-0.0153583,-0.046665,0.180389,-0.9823681
260551046,-0.36078,0.122255,-0.65348,-0.00800095,-0.0473532,0.182998,-0.981940
260583328,-0.344557,0.164528,-0.659411,-0.00279668,-0.0380492,0.200388,-0.9789730
260617272,-0.33284,0.213438,-0.666369,-0.0201847,-0.0137428,0.175289,-0.9842141
260650673,-0.320816,0.261639,-0.670959,-0.022881,0.0115502,0.187989,-0.9818370
260683928,-0.310025,0.314838,-0.675999,-0.0208951,0.0143881,0.189882,-0.9814790
260716298,-0.298719,0.367181,-0.682904,-0.0350386,0.0215988,0.191963,-0.9805390
260751560,-0.287989,0.425135,-0.686806,-0.0468828,0.00817987,0.189405,-0.9807451
260783468,-0.277566,0.489861,-0.693453,-0.00580321,0.00264647,0.169737,-0.9854690
260817084,-0.265028,0.551149,-0.699807,-0.0372916,0.022096,0.148687,-0.9879340
260850129,-0.24923,0.613883,-0.706132,-0.0256734,0.0529201,0.103713,-0.9928670
260884178,-0.243465,0.676756,-0.713247,-0.0593022,0.046757,0.0743964,-0.9943651
260916495,-0.237895,0.74303,-0.717301,-0.0614937,0.0274247,0.0269683,-0.9973660
260950098,-0.225416,0.809832,-0.724554,-0.105568,0.0187207,0.0335665,-0.9936690
260984655,-0.216583,0.882208,-0.732459,-0.081082,0.0431429,0.0159717,-0.9956451
261017333,-0.205151,0.949542,-0.739389,-0.082581,0.066883,-0.00847926,-0.9943010
261049582,-0.202479,1.01903,-0.747577,-0.0545387,0.0394016,-0.0609876,-0.9958680
261084148,-0.195579,1.08435,-0.752318,-0.0770609,0.0903379,-0.0914361,-0.9887060
261116939,-0.188178,1.15023,-0.763335,-0.131491,0.0495091,-0.134185,-0.9809451
261149954,-0.18112,1.20981,-0.775817,-0.0747865,0.0362414,-0.0998872,-0.9915220
261183112,-0.172882,1.26876,-0.786901,0.0798587,-0.0192854,0.115156,0.9899440
261216413,-0.164662,1.32361,-0.797919,0.0912986,-0.0183954,0.130186,0.9871060
261251484,-0.155535,1.37485,-0.806961,0.0779401,-0.0120471,0.122194,0.9893681
261284356,-0.146636,1.42358,-0.818621,0.0881846,-0.0324435,0.136338,0.9861960
261317270,-0.137817,1.47135,-0.827702,0.0788193,-0.0339011,0.134305,0.9872190
261349957,-0.129714,1.51455,-0.839518,-0.0773762,0.0421123,-0.130146,-0.9875740
261383010,-0.121669,1.55171,-0.852931,-0.0748279,0.0477414,-0.130262,-0.9874991
261416326,-0.112918,1.58698,-0.863291,-0.0703819,0.0500203,-0.150106,-0.9848920
261450433,-0.101342,1.61379,-0.875678,0.0932765,-0.042292,0.15332,0.9828550
261484798,-0.0948839,1.6425,-0.883686,0.0727686,-0.0378932,0.186955,0.9789371
261517001,-0.0851284,1.66397,-0.895516,0.0648785,-0.0173603,0.200039,0.9774830
261551457,-0.0751505,1.68199,-0.906669,0.0584211,-0.0139293,0.195788,0.9788050
261584042,-0.0652811,1.69187,-0.919008,0.0486563,-0.0107025,0.191229,0.980280
261617498,-0.0535883,1.70801,-0.928306,0.0779281,-0.0203483,0.199842,0.9765121
261650708,-0.0419719,1.71142,-0.938043,0.0773017,-0.0219971,0.20416,0.9756330
261683406,-0.030281,1.70687,-0.95,0.0506579,-0.0177518,0.183591,0.9815360
261716638,-0.0177777,1.70353,-0.958308,0.0355282,-0.00168805,0.183136,0.9824440
261749951,-0.00612988,1.69198,-0.965593,0.0647724,-0.00254174,0.209303,0.97571
261784343,0.0072865,1.67877,-0.972452,0.0349076,0.00940265,0.216136,0.9756940
261816707,0.0238699,1.66464,-0.978853,0.0787331,-0.00334944,0.223054,0.9716160
261850738,0.0401233,1.64297,-0.983736,0.0834799,-0.0363494,0.208288,0.973821
261968870,0.0536752,1.61714,-0.989038,0.0802782,-0.0417487,0.207017,0.9741441
261969415,0.0666985,1.58432,-0.995138,0.0679953,-0.0234344,0.196324,0.9778980
261969446,0.0802368,1.53878,-1.00634,0.0595355,-0.0103519,0.191154,0.9796980
261982837,0.0955956,1.50109,-1.00725,0.0689506,-0.0151308,0.206657,0.9758640
262017267,0.11806,1.45598,-1.00668,-0.113083,0.0799888,-0.210909,-0.9676420
262050755,0.137802,1.41366,-1.00787,-0.120471,0.100216,-0.209627,-0.9651430
262083408,0.149021,1.36642,-1.01141,0.0705092,-0.0462267,0.163087,0.9830031
262116722,0.168333,1.31519,-1.01032,0.105042,-0.0389017,0.174071,0.9783420
262150165,0.183638,1.25092,-1.01572,0.0770108,-0.0404834,0.182589,0.9793320
262182952,0.199581,1.19422,-1.01762,-0.0761711,0.0569991,-0.160037,-0.9825160
262216091,0.217277,1.13758,-1.01738,-0.12046,0.121626,-0.165359,-0.9712641
262251040,0.236251,1.07244,-1.0188,-0.118208,0.0946987,-0.135311,-0.9791580
262283324,0.253216,1.00471,-1.02726,0.044845,-0.000476937,0.0515011,0.9976650
262316722,0.269413,0.937704,-1.03272,0.0274199,0.0170986,0.0154108,0.9993591
262349726,0.280661,0.886349,-1.03105,-0.00462636,0.0254852,-0.0569448,0.9980410
262384198,0.2961,0.838087,-1.03261,-0.0526979,-0.00431548,0.0488571,-0.9974050
262416794,0.320272,0.759549,-1.0352,-0.0768174,0.0116737,0.0675716,-0.9946841
262451067,0.353075,0.696338,-1.04153,-0.112871,-0.0168009,0.10021,-0.9884010
262484263,0.350895,0.658256,-1.04205,-0.101469,-0.000416722,0.0826841,-0.9913970
262516459,0.373371,0.588145,-1.04762,-0.109623,0.00280763,0.0976728,-0.9891590
262550577,0.39419,0.528488,-1.0513,-0.0811208,-0.0007108,0.110894,-0.9905161
262583142,0.411195,0.478233,-1.0563,-0.0582122,-0.00197185,0.127143,-0.9901730
262617346,0.429597,0.430641,-1.05915,-0.0692447,-0.0198901,0.123814,-0.9896870
262649438,0.446434,0.390388,-1.0619,-0.0493034,-0.0276559,0.135682,-0.9891380
262683528,0.45964,0.349675,-1.06213,0.0400077,0.0571559,-0.143226,0.9872281
262715881,0.472115,0.311702,-1.0661,0.0398357,0.0803027,-0.126872,0.987860
262750232,0.483538,0.275999,-1.06786,0.0439513,0.0762819,-0.110058,0.9900180
262784391,0.493083,0.242698,-1.0702,0.0452435,0.079658,-0.105297,0.9902121
262816909,0.500666,0.213318,-1.07317,0.0424439,0.0815084,-0.104855,0.9902330
262850310,0.504029,0.187428,-1.07645,0.040336,0.0965258,-0.124814,0.9866490
262883288,0.506112,0.159486,-1.07628,0.0411223,0.107437,-0.119197,0.9861840
262917069,0.506013,0.136222,-1.0764,0.0361189,0.120999,-0.118522,0.984891
262950261,0.50222,0.115159,-1.0761,0.0375581,0.125142,-0.114454,0.9847990
262983679,0.49627,0.0960718,-1.07523,0.0216669,0.118008,-0.123376,0.985080
263016515,0.487343,0.0803726,-1.07414,0.0270038,0.115701,-0.127337,0.9847180
263050535,0.47552,0.0677264,-1.07291,0.0218694,0.114088,-0.123265,0.9855511
263083040,0.461748,0.0570141,-1.07052,0.0173925,0.110608,-0.124812,0.9858420
263116593,0.445242,0.0500063,-1.06838,0.0191115,0.112238,-0.131288,0.9847850
263150305,0.426778,0.0442032,-1.06493,0.0210247,0.106145,-0.130114,0.9855770
263183577,0.406252,0.0406579,-1.06099,0.016516,0.100388,-0.127449,0.9866141
263216656,0.384236,0.0394747,-1.05606,0.0112448,0.0885518,-0.130714,0.9873940
263250443,0.360128,0.0421178,-1.0516,0.014299,0.0850111,-0.13978,0.9864230
263282918,0.332102,0.0465789,-1.04505,0.00201108,0.0794935,-0.142522,0.9865920
263316327,0.301231,0.053959,-1.04035,-0.00639493,0.0959184,-0.146396,0.9845441
263350730,0.272603,0.0612682,-1.03134,-0.00163771,0.0682026,-0.12203,0.9901790
263383065,0.240838,0.0727864,-1.02471,0.00186739,0.0629363,-0.116705,0.9911690
263417199,0.20758,0.0896445,-1.01902,0.00543816,0.0763788,-0.13399,0.988021
263449598,0.173222,0.105058,-1.01168,0.0281664,0.0954139,-0.127114,0.9868870
263482762,0.132829,0.124873,-1.00461,0.0153728,0.122293,-0.138679,0.9826370
263517239,0.0941287,0.143921,-0.994642,0.0184947,0.121977,-0.122963,0.9847131
263549738,0.0558796,0.165868,-0.986657,0.0134183,0.119342,-0.0960828,0.9881020
263583039,0.0120511,0.18807,-0.977938,0.0138996,0.0819296,-0.0564562,0.9949410
263616347,-0.0264344,0.217253,-0.96671,0.00919108,0.0551128,-0.0370682,0.997750
263650456,-0.0743967,0.238088,-0.956313,-0.00702532,0.0297683,-0.0505295,0.9982541
263682817,-0.113168,0.26776,-0.949996,-0.0567209,0.0192248,-0.038385,0.9974670
263715963,-0.166245,0.294698,-0.944358,-0.0505241,0.0441881,-0.0241218,0.9974530
263750247,-0.206267,0.321034,-0.940664,0.068012,0.031639,-0.0595427,0.9954030
263783186,-0.259005,0.351984,-0.932907,-0.0380141,-0.00560146,0.0345027,-0.9986661
263816265,-0.312294,0.376311,-0.921074,-0.0407435,0.0305821,0.00777461,-0.9986710
263850295,-0.356508,0.402582,-0.91848,-0.0921879,0.0462145,-0.0359727,-0.9940180
263883733,-0.412678,0.431039,-0.912579,-0.109241,0.0115955,-0.0211669,-0.9937221
263917616,-0.47537,0.459018,-0.906752,-0.109885,0.0142378,-0.0276141,-0.9934590
263950605,-0.521891,0.480871,-0.902475,0.131717,0.0274677,-0.016441,0.990770
263983975,-0.586556,0.512681,-0.899007,0.0349032,0.0164399,-0.00182353,0.9992541
264016631,-0.636448,0.532866,-0.893567,0.0705649,0.0307079,-0.00368715,0.9970280
264050498,-0.693271,0.55854,-0.892437,0.0333148,0.0200815,0.0482575,0.9980770
264083437,-0.743282,0.576648,-0.891579,0.0323654,0.00223723,0.0775683,0.9964590
264116798,-0.795294,0.5957,-0.890712,0.0423973,-0.00172318,0.0778089,0.9960651
264150257,-0.84385,0.612112,-0.890328,0.0372497,-0.0103058,0.075712,0.996380
264183164,-0.893047,0.62647,-0.890543,0.0364375,-0.00352953,0.0887075,0.9953850
264216072,-0.94147,0.63966,-0.890252,0.0316825,-0.00681587,0.0970177,0.9947550
264250311,-0.989443,0.652678,-0.890772,0.0458885,-0.00948082,0.088014,0.9950171
264284353,-1.03568,0.662641,-0.892168,0.0553728,-0.0150273,0.0856592,0.9946710
264316807,-1.08138,0.670641,-0.894885,0.0641506,-0.0121657,0.0721566,0.9952540
264350471,-1.12712,0.671292,-0.895885,-0.0794181,0.0145151,-0.0473823,-0.9956091
264382755,-1.17089,0.672325,-0.899847,-0.0851581,0.010199,-0.0321439,-0.9957970
264416035,-1.2106,0.67878,-0.900994,0.092385,-0.00524253,0.0269146,0.9953460
264449603,-1.25146,0.674614,-0.902816,0.118457,-0.00926255,0.0514238,0.9915840
264482813,-1.30627,0.680189,-0.905838,0.0916286,0.0219557,0.0340851,0.9949681
264518116,-1.34983,0.674923,-0.908798,0.0840105,0.0173934,0.0692125,0.9939060
264550338,-1.39578,0.668676,-0.906182,-0.0994872,0.00603403,0.0142862,-0.9949180
264582635,-1.43413,0.676162,-0.905974,-0.117728,0.0487942,-0.0398976,-0.9910440
264616882,-1.47431,0.662575,-0.910428,-0.0627571,0.0219903,-0.0709498,-0.9952611
264650252,-1.51364,0.655988,-0.911804,0.0810452,-0.00630882,0.063671,0.9946550
264682720,-1.55163,0.645059,-0.915228,0.0860846,-0.0167894,0.0955831,0.991550
264718130,-1.58865,0.631988,-0.915481,0.0729726,-0.0102953,0.0907962,0.9931391
264750302,-1.62335,0.616384,-0.917634,0.0650856,-0.0235587,0.0859593,0.9938910
264783903,-1.65884,0.595771,-0.917435,-0.0830702,0.0394817,-0.0557489,-0.99420
264817376,-1.69088,0.576711,-0.918988,-0.0963489,0.0216629,-0.070812,-0.9925890
264851302,-1.72157,0.554321,-0.919825,0.0894434,-0.00677586,0.0681484,0.9936351
264883489,-1.75173,0.528091,-0.922252,-0.00245755,0.024078,-0.0691921,-0.997310
264916262,-1.78281,0.512092,-0.924781,0.0444577,-0.023442,0.0853175,0.9950850
264950766,-1.81021,0.476111,-0.922352,-0.0431086,0.0146287,-0.0381267,-0.9982350
264983174,-1.83677,0.457423,-0.925137,-0.0437982,0.0312537,-0.0392594,-0.9977791
265016436,-1.86287,0.429255,-0.927122,0.0544779,-0.0111525,0.0565383,0.9968510
265049917,-1.88881,0.399053,-0.927596,-0.0568671,0.0103721,-0.0363955,-0.9976640
265083364,-1.91349,0.365409,-0.929912,0.0422972,0.0103416,0.0433323,0.9981111
265117086,-1.93492,0.334049,-0.93072,0.0412956,0.00509012,0.0284364,0.9987290
265149620,-1.95782,0.303329,-0.930383,-0.0403228,0.0087796,-0.0117053,-0.999080
265182761,-1.98063,0.271993,-0.932004,-0.0288972,0.00443254,0.00058589,-0.9995720
265217024,-2.00087,0.240612,-0.93163,-0.0274503,0.00761166,0.0166879,-0.9994551
265250490,-2.01979,0.210963,-0.932375,-0.030178,0.0151229,0.03404,-0.998850
265283387,-2.04086,0.179814,-0.932818,-0.0296166,-0.00519802,0.0248149,-0.999240
265316732,-2.05961,0.149003,-0.933774,-0.021522,-0.00870864,0.0297627,-0.9992870
265350650,-2.07634,0.118876,-0.933442,0.0721253,0.0238812,-0.0396,0.9963231
265384170,-2.09695,0.0940776,-0.935182,-0.0298208,-0.00460275,0.050401,-0.9982730
265416386,-2.10971,0.062555,-0.93517,0.0834627,0.0219061,-0.0574091,0.9946150
265450750,-2.12581,0.0390848,-0.936823,0.111471,0.0291542,-0.0714686,0.9907661
265483088,-2.14808,0.025624,-0.938944,-0.0346968,-0.0132835,0.0961616,-0.9946720
265517037,-2.16399,0.00689728,-0.940428,-0.0256457,-0.00760552,0.114634,-0.9930480
265550367,-2.17639,-0.0188141,-0.938968,-0.0876224,-0.0145183,0.067367,-0.9937670
265583075,-2.19175,-0.0320058,-0.941001,-0.0829232,0.00072623,0.080953,-0.9932621
265616177,-2.20904,-0.0410085,-0.940239,-0.07034,-0.00496985,0.1071,-0.9917450
265650262,-2.22439,-0.0528597,-0.938992,0.0592134,0.046891,-0.147475,0.9861780
265683255,-2.24387,-0.0585474,-0.939928,-0.0453552,-0.0341087,0.123402,-0.9907331
265716860,-2.25832,-0.0664451,-0.939737,-0.0556749,-0.0386988,0.134379,-0.9886080
265750030,-2.27028,-0.0659994,-0.943167,-0.0306569,-0.00709898,0.100803,-0.9944090
265783728,-2.28649,-0.0719203,-0.9378,-0.0570637,-0.0224028,0.163187,-0.9846891
265816578,-2.30542,-0.0680887,-0.936634,-0.0779452,-0.0298737,0.170606,-0.9817970
265850650,-2.3224,-0.0606173,-0.936681,-0.0627719,-0.0155576,0.14855,-0.9867880
265884454,-2.33751,-0.0564844,-0.934136,-0.0651329,-0.0128057,0.159216,-0.985011
265917614,-2.35291,-0.0481367,-0.937597,-0.0512298,-0.0217075,0.11052,-0.9923150
265950905,-2.36631,-0.0436587,-0.932166,-0.0506896,-0.0236422,0.160553,-0.9854410
265983431,-2.37908,-0.0326691,-0.93228,-0.0162839,-0.0305256,0.151404,-0.9878660
266016697,-2.40012,-0.0130524,-0.935528,-0.0580418,0.0037587,0.0857609,-0.9946171
266049513,-2.41554,-0.00314496,-0.934165,-0.0788549,-0.00313962,0.0790295,-0.9937440
266083242,-2.4316,0.0160709,-0.933428,-0.0937727,0.0305617,0.0694143,-0.9927010
266116467,-2.44349,0.0283521,-0.932049,-0.122508,0.0405137,0.0530973,-0.9902180
266150641,-2.45321,0.0449265,-0.931242,-0.138659,0.0347242,0.0350878,-0.9891091
266185631,-2.46494,0.0621721,-0.931162,-0.129589,0.0481335,0.0223641,-0.9901460
266216459,-2.47409,0.083031,-0.933629,-0.0911719,0.0519689,0.0238886,-0.9941910
266250913,-2.48191,0.0994573,-0.933786,-0.123877,0.102262,0.00588926,-0.9869971
266283315,-2.4871,0.117721,-0.9354,-0.172185,0.14993,-0.00968913,-0.973540
266315872,-2.49087,0.13954,-0.932995,-0.0876405,0.104037,-0.00538864,-0.990690
266350384,-2.49532,0.157816,-0.933841,-0.0504079,0.0876371,0.00420735,-0.9948670
266384703,-2.49886,0.176866,-0.93392,-0.0787248,0.0975334,0.0180044,-0.991951
266416962,-2.49775,0.197134,-0.931202,-0.109529,0.100751,0.0488663,-0.9876560
266450113,-2.49652,0.214174,-0.93003,-0.157956,0.111887,0.0792557,-0.977880
266483429,-2.48951,0.239084,-0.932048,-0.0641727,0.0906694,0.0278192,-0.9934220
266516732,-2.4802,0.258378,-0.935014,-0.0557044,0.100012,0.0127829,-0.9933431
266550607,-2.46846,0.275551,-0.933334,-0.0482529,0.138184,-0.0203099,-0.9890220
266583070,-2.45085,0.282124,-0.929696,-0.152654,0.164512,0.0167695,-0.9743470
266616967,-2.44165,0.308709,-0.932188,-0.0994794,0.140635,-0.0056,-0.9850351
266649335,-2.42441,0.32641,-0.932789,-0.0902131,0.149626,0.023164,-0.9843460
266684664,-2.40441,0.339382,-0.931584,-0.103014,0.156848,0.0416216,-0.9813530
266717073,-2.37412,0.352728,-0.92831,-0.11691,0.217106,0.0273019,-0.9687371
266749736,-2.35416,0.374564,-0.925047,-0.0766846,0.164118,-0.0020616,-0.9834530
266782870,-2.32938,0.384854,-0.924892,-0.0827742,0.14039,0.0120722,-0.9865560
266815984,-2.29867,0.395823,-0.924025,-0.0750199,0.142885,0.0369018,-0.9862020
266850221,-2.26339,0.408659,-0.919967,-0.0830842,0.156707,0.00374416,-0.9841371
266883978,-2.23305,0.420474,-0.918366,-0.055678,0.122824,-0.00871401,-0.9908270
266917235,-2.20094,0.430479,-0.913688,-0.0233596,0.119594,-0.0618963,-0.9906160
266950552,-2.16,0.441283,-0.909994,-0.053112,0.136109,-0.0459769,-0.98821
266983854,-2.12128,0.447541,-0.907496,-0.0506613,0.122587,-0.0433354,-0.9902160
267017077,-2.07934,0.45037,-0.905377,-0.0336281,0.120101,-0.0431072,-0.9912550
267051019,-2.03516,0.457254,-0.902346,-0.044127,0.114885,-0.0487823,-0.9911991
267083843,-1.98985,0.458694,-0.89875,-0.0389862,0.112494,-0.053417,-0.9914490
267116565,-1.94469,0.461426,-0.895684,-0.0472547,0.111256,-0.06259,-0.9906920
267150324,-1.89718,0.46126,-0.891962,-0.0413322,0.103034,-0.0655407,-0.9916550
267182927,-1.84901,0.46045,-0.887653,-0.0416359,0.0847882,-0.0674261,-0.9932431
267217009,-1.79852,0.458942,-0.88206,-0.0463898,0.0737592,-0.0542602,-0.9947180
267250392,-1.74385,0.453004,-0.879238,-0.0497366,0.0653765,-0.0666743,-0.9943880
267283242,-1.69122,0.449286,-0.87318,-0.0494213,0.055539,-0.0610844,-0.995361
267315862,-1.63503,0.442689,-0.867077,-0.0660239,0.0586188,-0.0588968,-0.9943520
267350263,-1.58267,0.435304,-0.863377,-0.0541507,0.0439409,-0.0482599,-0.9963970
267382767,-1.52681,0.423283,-0.858767,-0.0454143,0.0367567,-0.0120661,-0.9982190
267417066,-1.46762,0.412473,-0.855728,-0.0771302,0.0229593,0.0128671,-0.9966741
267449763,-1.41733,0.406799,-0.84816,0.0409949,0.00139105,0.00806545,0.9991260
267482721,-1.35966,0.396148,-0.844045,-0.0659153,-0.000606241,0.00609285,-0.9978060
267516749,-1.30142,0.383414,-0.839556,-0.100213,0.00715026,0.0361539,-0.9942830
267550894,-1.24186,0.365285,-0.835889,-0.0879432,0.010767,0.03503,-0.9954511
267583315,-1.19115,0.362262,-0.830725,-0.08815,-0.00880016,0.0290838,-0.9956440
267617251,-1.13546,0.349345,-0.824916,0.106028,0.00593435,-0.0062384,0.9943260
267651078,-1.08318,0.342871,-0.818315,0.0647073,0.0378601,-0.0067387,0.9971631
267683317,-1.0315,0.330794,-0.813092,0.0730034,0.0500508,-0.012886,0.9959920
267716453,-0.979085,0.317479,-0.807166,0.0713044,0.0649933,-0.0189969,0.9951540
267750380,-0.929491,0.308175,-0.802557,0.0611809,0.0671772,-0.0113464,0.9957990
267782498,-0.880988,0.29343,-0.797845,0.0750037,0.0718039,-0.0225193,0.994341
267817093,-0.834107,0.282596,-0.79269,0.0757571,0.083379,-0.0268781,0.9932710
267849715,-0.788174,0.271971,-0.788323,0.0545156,0.082204,-0.00275099,0.995120
267883145,-0.736376,0.255226,-0.78137,0.0917718,0.0507969,0.010471,0.9944281
267915946,-0.698409,0.24397,-0.776802,0.0823267,0.0772013,-0.00343609,0.9936050
267949968,-0.655894,0.232054,-0.769655,0.074573,0.0828989,-0.0111272,0.9937020
267983538,-0.617287,0.221656,-0.76133,0.045081,0.121546,-0.0436122,0.9906021
268016814,-0.586055,0.209408,-0.758731,0.0646282,0.0861838,-0.0188289,0.9940030
268049573,-0.547437,0.191466,-0.751818,0.0850493,0.081035,0.00773384,0.9930460
268083188,-0.518403,0.180553,-0.745359,0.0764624,0.0570409,0.0214306,0.9952090
268116685,-0.489136,0.171223,-0.744333,0.0758585,0.0314149,0.00834995,0.9965891
268149851,-0.463429,0.15887,-0.741168,0.0603151,0.0271679,0.0120359,0.9977370
268183093,-0.439233,0.144904,-0.733734,0.0622823,0.0195402,-0.00161584,0.9978660
268215813,-0.41208,0.132386,-0.728049,0.0614658,0.00726029,-0.0186976,0.9979080
268250345,-0.388803,0.118608,-0.722516,-0.132141,-0.0277356,0.108971,-0.9848321
268282871,-0.370364,0.117426,-0.714993,-0.108095,-0.0118644,0.0516038,-0.9927290
268316805,-0.356714,0.110138,-0.706427,0.0252972,0.0270834,0.00994111,0.9992640
268351023,-0.331276,0.0938671,-0.696645,-0.0328663,0.0573996,-0.0226996,-0.9975521
268383451,-0.310562,0.0843372,-0.684953,-0.0209833,0.112897,-0.0746122,-0.9905790
268416276,-0.299776,0.0829571,-0.686586,-0.0348669,0.0185728,-0.00939205,-0.9991750
268450256,-0.285157,0.0780003,-0.680969,0.00750648,0.023665,-0.0286922,0.999280
268483440,-0.270896,0.0715994,-0.672448,-0.0208908,-0.00752732,0.0259602,-0.9994161
268516432,-0.25648,0.0631962,-0.665332,-0.0371866,0.022344,-0.0141467,-0.9989580
268550455,-0.244837,0.0606555,-0.660843,-0.0126489,0.0407399,-0.0141487,-0.998990
268582809,-0.233149,0.056475,-0.652441,-0.00335113,0.0470232,-0.0336781,-0.998320
268615703,-0.218842,0.0498278,-0.647949,-0.0355972,-0.00614423,0.0220583,-0.9991041
268650050,-0.209172,0.0489393,-0.639875,-0.0839971,0.0131455,0.0145321,-0.9962730
268683788,-0.199129,0.0486675,-0.632923,-0.0782052,0.0131218,-0.00302195,-0.9968460
268716902,-0.196449,0.0505248,-0.628335,0.0631949,0.0059359,-0.00994576,0.9979341
268813897,-0.184933,0.0467348,-0.619261,-0.0582127,0.0205865,-0.0185424,-0.997920
268814521,-0.178056,0.0466767,-0.611874,-0.0534461,0.0253439,-0.0165805,-0.9981110
268816821,-0.17501,0.0502702,-0.608269,0.0601087,0.00602158,-0.0135524,0.9980820
268850444,-0.16691,0.0486715,-0.59744,-0.0574059,0.0190205,-0.0125842,-0.998091
268883985,-0.162988,0.0502558,-0.589668,-0.0555021,0.0320849,-0.0245444,-0.9976410
268917414,-0.164917,0.0546227,-0.586684,0.0664789,0.0111521,-0.00535067,0.9977110
268951158,-0.162264,0.0554256,-0.57978,0.0628549,0.0163014,0.000413422,0.997891
268983856,-0.162278,0.057244,-0.572278,0.069669,0.0193766,0.00881964,0.9973430
269017394,-0.164631,0.0594758,-0.564089,0.0682724,0.0238754,0.00858983,0.9973440
269049946,-0.163189,0.0595456,-0.553755,-0.0700163,0.0122436,-0.0253384,-0.9971490
269084300,-0.167049,0.0622053,-0.546996,0.0645589,0.00544944,0.0240182,0.997611
269117221,-0.171591,0.0662297,-0.541096,0.0657843,0.0268203,0.0029701,0.9974690
269150052,-0.177479,0.0671161,-0.533339,0.0660782,0.0204329,0.00794535,0.9975740
269183103,-0.183683,0.0693777,-0.525725,0.0658995,0.00930924,0.00939116,0.9977390
269216624,-0.187608,0.0700685,-0.516555,-0.0659617,0.0267916,-0.0232198,-0.9971921
269250256,-0.197852,0.0747729,-0.511922,-0.0625502,0.0100323,-0.00389434,-0.9979840
269283189,-0.204165,0.0759415,-0.504455,-0.0600067,0.018558,-0.00632778,-0.9980050
269317453,-0.209447,0.0788781,-0.495579,-0.0768256,0.0359809,-0.0116749,-0.9963271
269350358,-0.220725,0.0806793,-0.489324,-0.0672591,0.0353201,-0.00888624,-0.9970710
269383890,-0.227133,0.0821628,-0.48104,-0.0741729,0.0579421,-0.0267244,-0.9952020
269417446,-0.235915,0.0843311,-0.475913,-0.0666866,0.0481817,-0.0201212,-0.9964070
269449869,-0.243385,0.0860773,-0.466646,-0.0705471,0.0807453,-0.0376018,-0.9935241
269484014,-0.252126,0.0886316,-0.459175,-0.0670964,0.0925348,-0.0301335,-0.9929890
269517346,-0.262916,0.0903163,-0.454906,-0.0685187,0.0728261,-0.0326642,-0.9944520
269549802,-0.271589,0.0928607,-0.448063,-0.0663475,0.0753942,-0.0267611,-0.9945840
269583035,-0.282652,0.0966514,-0.44734,-0.0703312,0.0327571,-0.0111965,-0.9969231
269617235,-0.291361,0.0946137,-0.444116,-0.0461218,0.00981953,-0.0114822,-0.9988220
269649434,-0.296065,0.0928306,-0.439639,-0.0229692,0.0393939,-0.0370602,-0.9982720
269682500,-0.30808,0.0982278,-0.435635,-0.0315174,0.00717839,-0.0254907,-0.9991520
269716434,-0.317151,0.102676,-0.431248,0.067293,0.00945629,0.00355593,0.9976821
269749008,-0.327304,0.109334,-0.429427,0.0672314,0.0182106,-0.0119587,0.99750
269784178,-0.326287,0.107734,-0.425103,-0.0554855,0.0325344,0.0188763,-0.9977510
269817259,-0.33697,0.11333,-0.418898,-0.0672676,0.0428709,-0.017213,-0.9966651
269849831,-0.343979,0.112339,-0.418121,-0.0525936,0.0237028,-0.0220998,-0.998090
269883888,-0.35449,0.118821,-0.413553,-0.0410314,0.0143514,-0.0252133,-0.9987370
269916083,-0.360211,0.119478,-0.409202,-0.0217219,0.0316011,-0.0377088,-0.9985530
269950095,-0.363971,0.121463,-0.407763,-0.0168275,0.0431301,-0.0629563,-0.9969421
269982797,-0.375771,0.130695,-0.407693,0.0281975,0.0113705,0.010686,0.9994810
270016360,-0.380059,0.133235,-0.405917,0.0324381,0.0232153,0.0116275,0.9991360
270050155,-0.383946,0.13414,-0.401608,0.0358567,-0.00285113,0.0358707,0.9987091
270083226,-0.389431,0.141485,-0.402151,0.0446415,0.00372448,0.0294775,0.9985610
270116856,-0.38973,0.144175,-0.396604,-0.0480803,0.0468751,-0.0334628,-0.9971820
270150483,-0.394193,0.147822,-0.395296,-0.0512947,0.0536047,-0.0381518,-0.9965141
270184109,-0.398398,0.153117,-0.395808,-0.0609911,0.0347487,-0.015677,-0.997410
270216317,-0.401782,0.15399,-0.393269,-0.04391,0.0456076,-0.0379584,-0.9972720
270249297,-0.406021,0.158109,-0.395016,-0.0425958,0.0205001,-0.038309,-0.9981470
270283443,-0.409519,0.161011,-0.394464,-0.0419236,0.0114594,-0.0298512,-0.9986091
270317318,-0.411211,0.162107,-0.394094,-0.0299725,0.0186786,-0.0412459,-0.9985250
270350260,-0.414099,0.166723,-0.393617,-0.0343884,0.0210105,-0.0456096,-0.9981460
270383264,-0.417456,0.173473,-0.394547,0.0539294,0.00540375,0.0305749,0.9980620
270417057,-0.420333,0.175777,-0.394965,0.0398413,0.0158265,0.0212322,0.9988551
270449525,-0.419301,0.181148,-0.392904,-0.0687818,0.0279061,-0.041628,-0.9963720
270482322,-0.422543,0.184255,-0.396102,0.0600286,-0.0046446,0.0232353,0.9979150
270515966,-0.423971,0.186639,-0.39807,0.0529742,0.015918,0.0094786,0.9984240
270549123,-0.424646,0.188645,-0.398983,0.0470442,0.0198544,0.0131373,0.9986091
270583598,-0.424725,0.190811,-0.400687,0.0523666,0.0137124,0.0164951,0.9983980
270617356,-0.424681,0.192578,-0.401831,0.0491298,0.0146906,0.0170528,0.9985390
270650128,-0.424583,0.194128,-0.403098,0.0497091,0.00795596,0.0196411,0.9985391
270683401,-0.424333,0.195562,-0.40411,0.0477255,0.00579112,0.0235889,0.9985650
270717456,-0.423608,0.198151,-0.406314,0.052929,0.00964113,0.0141323,0.9984520
270750126,-0.422418,0.198607,-0.40878,0.0515152,0.00222542,0.0121119,0.9985960
270782732,-0.421161,0.199061,-0.410938,0.0550444,0.000361373,0.0154302,0.9983651
270817113,-0.420422,0.199342,-0.413345,0.0574804,0.00385468,0.0220996,0.9980950
270849589,-0.419797,0.200189,-0.414771,0.0566028,0.0042006,0.0250683,0.9980730
270882666,-0.418066,0.200662,-0.415802,0.0583276,-0.00158016,0.0247517,0.9979890
270917256,-0.41671,0.200327,-0.417898,0.0564073,0.00163008,0.0257147,0.9980751
270949307,-0.415252,0.199605,-0.420374,0.0532498,0.00524425,0.0249231,0.9982560
270983475,-0.413879,0.199453,-0.422046,0.051947,0.00407206,0.0175611,0.9984870
271016636,-0.41229,0.199071,-0.424177,0.0506724,0.00245109,0.0141924,0.9986120
271050401,-0.411179,0.198776,-0.426348,0.0531088,0.00452034,0.0139268,0.9984811
271083318,-0.409779,0.197733,-0.428921,0.0528149,0.0104498,0.0127983,0.9984680
271116617,-0.40803,0.19736,-0.429859,0.0529137,0.00350149,0.0115491,0.9985260
271150452,-0.405774,0.195844,-0.432566,0.0491952,0.00506593,0.0121659,0.9987021
271182891,-0.404714,0.194783,-0.436007,0.0512941,0.00677132,0.0131871,0.9985740
271217003,-0.402669,0.194574,-0.438657,0.0539596,0.00988602,0.00864064,0.9984570
271249245,-0.401072,0.193966,-0.441336,0.050888,0.0100333,0.00272193,0.998650
271283606,-0.399299,0.194225,-0.443772,0.0514754,0.00500319,-0.000719226,0.9986621
271317358,-0.397138,0.193606,-0.446672,0.0540246,0.00409169,-0.00644493,0.998510
271350720,-0.393313,0.1934,-0.449003,-0.0617403,0.0017765,0.00890761,-0.9980510
271383134,-0.392723,0.194474,-0.451615,-0.0550071,0.000293068,0.00541832,-0.9984710
271417011,-0.390425,0.194742,-0.454264,0.0555483,0.00603694,-0.00771527,0.9984081
271449197,-0.388208,0.195968,-0.45659,0.0582151,0.00838906,-0.011776,0.9981990
271483285,-0.386426,0.19678,-0.458985,0.0577982,0.0121893,-0.010046,0.9982030
271517238,-0.384276,0.198651,-0.461177,0.052823,0.0150009,-0.00824155,0.9984571
271549564,-0.383947,0.200415,-0.462106,0.0519228,0.0276963,-0.0155212,0.9981460
271582625,-0.382565,0.202166,-0.464844,0.039004,0.0235176,0.00229242,0.998960
271617001,-0.38287,0.204091,-0.467628,0.0445086,0.0230894,0.0119471,0.9986710
271649958,-0.382978,0.206542,-0.468722,0.0526602,0.0122644,0.0168021,0.9983961
271683146,-0.383242,0.210801,-0.470007,0.054166,0.0115426,0.0110739,0.9984040
271716993,-0.38347,0.214173,-0.473564,0.0575269,0.0210504,0.0092431,0.9980790
271749321,-0.382592,0.215475,-0.476738,0.0539287,0.0170324,0.0183313,0.9982310
271783802,-0.383953,0.219132,-0.477975,0.0569467,0.00434969,0.0264416,0.9980181
271815886,-0.38546,0.221947,-0.480436,0.0529611,0.00978542,0.0188849,0.998370
271848955,-0.386983,0.223343,-0.483195,0.0460368,0.0146847,0.0229059,0.9985690
271882919,-0.388476,0.226548,-0.485085,0.0503642,0.00796546,0.0254683,0.9983740
271916072,-0.389199,0.22829,-0.487842,0.0469588,0.0109226,0.0178496,0.9986781
271950064,-0.392074,0.231229,-0.489393,0.0495051,0.00882206,0.0181449,0.998570
271983231,-0.395575,0.236112,-0.490007,0.056949,0.00297681,0.0156918,0.9982490
272016698,-0.399111,0.236962,-0.491572,0.0497976,-0.00083215,0.0272475,0.9983871
272049953,-0.401898,0.238661,-0.493421,0.0472011,0.00449642,0.0272767,0.9985030
272082329,-0.400984,0.237788,-0.496076,0.0481399,0.0104828,0.0095543,0.998740
272116624,-0.403045,0.237934,-0.499891,0.056615,0.030853,-0.0238987,0.9976330
272150446,-0.408923,0.242975,-0.499227,0.0473139,0.0133133,0.0150877,0.9986771
272182933,-0.412905,0.244579,-0.499669,0.0396529,0.00783367,0.0261258,0.9988410
272217111,-0.415697,0.246905,-0.501239,0.048292,0.00343342,0.0209699,0.9986070
272249859,-0.41958,0.247732,-0.50283,0.0430736,0.0099873,0.0176893,0.9988650
272283969,-0.423831,0.248629,-0.504475,0.0474475,0.0188292,0.0162539,0.9985641
272316430,-0.42863,0.249102,-0.505358,0.0465829,0.019508,0.0207559,0.9985080
272350016,-0.434172,0.250401,-0.506205,0.0439542,0.0260845,0.0156742,0.998570
272383322,-0.438968,0.250648,-0.506503,0.0423016,0.0239679,0.0109008,0.9987580
272417261,-0.443483,0.251246,-0.506932,0.0485899,0.0168062,0.0135327,0.9985861
272450145,-0.449079,0.250759,-0.506118,0.044111,0.00907815,0.0192648,0.99880
272482880,-0.454917,0.248229,-0.508609,0.0208251,0.0205998,0.0093585,0.9995270
272516929,-0.462148,0.249474,-0.50837,0.0393674,0.0252393,0.0159801,0.9987780
272549436,-0.469296,0.247936,-0.508982,0.0338745,0.0348959,0.0205813,0.9986051
272582694,-0.476794,0.247783,-0.508767,0.0327009,0.0326052,0.0179566,0.9987720
272618050,-0.484445,0.248777,-0.507921,0.0406437,0.0202456,0.00836196,0.9989340
272648816,-0.491804,0.247663,-0.507605,0.043905,0.0119401,0.0108096,0.9989060
272683504,-0.499756,0.246771,-0.506901,0.0404263,0.00422332,0.0086216,0.9991361
272716449,-0.508597,0.246853,-0.5073,0.0401306,0.0144667,-0.0039515,0.9990820
272749656,-0.516872,0.246302,-0.506245,0.0364561,0.00776131,-0.00840249,0.999270
272783558,-0.525986,0.247056,-0.506427,0.0362099,0.0110554,-0.0211773,0.9990591
272817058,-0.532903,0.244337,-0.506206,-0.0510033,-0.0028734,0.0135543,-0.9986020
272850422,-0.543437,0.247491,-0.505887,-0.0319522,-0.00346011,0.0245072,-0.9991830
272883287,-0.552621,0.248072,-0.504368,-0.0280875,0.00260901,0.0228019,-0.9993420
272916338,-0.562337,0.251058,-0.505019,-0.0301929,-0.00893866,0.036077,-0.9988531
272950395,-0.571347,0.253456,-0.503802,-0.0227011,-0.00140468,0.0277561,-0.9993560
272983294,-0.577693,0.256143,-0.50545,-0.0423172,0.00200278,0.0495805,-0.9978710
273017308,-0.588902,0.260782,-0.503579,-0.0190656,0.00909332,0.0220259,-0.9995341
273049711,-0.592614,0.259689,-0.505915,0.0570818,0.0229349,-0.0616083,0.9962030
273083032,-0.599044,0.261741,-0.506361,0.0805317,0.0274021,-0.0709014,0.9938490
273117339,-0.613279,0.27738,-0.503343,0.0454147,0.0171608,-0.0173954,0.9986691
273149576,-0.618589,0.277974,-0.502783,0.0588038,0.0202997,-0.0499025,0.9968150
273183157,-0.628558,0.286547,-0.500185,-0.0515956,0.00692009,0.119542,-0.9914630
273217353,-0.63765,0.302475,-0.495218,-0.0440905,0.0374377,0.0498796,-0.9970791
273249902,-0.645555,0.307173,-0.49674,-0.0351791,0.0520415,0.034896,-0.9974150
273283143,-0.648747,0.30933,-0.496101,-0.0543579,0.0536643,-0.0116453,-0.997010
273316859,-0.661653,0.31915,-0.498056,-0.0520714,0.0155595,-0.00920349,-0.998480
273349634,-0.669815,0.328299,-0.497798,0.0704932,0.0226803,-0.0600113,0.9954471
273382991,-0.677307,0.333786,-0.493102,-0.0351546,0.031847,-0.00128017,-0.9988740
273415959,-0.687432,0.342396,-0.489147,-0.0186115,0.0234645,-0.00617433,-0.9995320
273449254,-0.696301,0.348546,-0.489054,-0.00334548,0.0182853,0.00225767,-0.9998250
273483242,-0.70323,0.354075,-0.490059,0.000164214,0.0048763,-0.00410766,-0.999981
273516901,-0.70949,0.36093,-0.48832,0.00548725,0.0148729,-0.00320828,-0.9998690
273549724,-0.716293,0.364789,-0.490085,-0.0325112,0.0076439,-0.0128208,0.999360
273582656,-0.721475,0.369832,-0.489846,0.0319063,0.00720184,0.00340569,-0.9994590
273617843,-0.727734,0.380292,-0.489311,-0.00140247,0.0154997,-0.02231,0.999631
273649053,-0.734554,0.387239,-0.489541,0.00558453,0.00545713,-0.0126395,0.999890
273683306,-0.740786,0.393587,-0.489562,0.00385649,0.00816472,-0.0183217,0.9997910
273716541,-0.742884,0.397816,-0.489972,-0.00673183,0.0135505,-0.00422655,-0.9998770
273749861,-0.752208,0.405853,-0.48825,-0.0132877,0.00670872,0.00402872,-0.9998811
273782907,-0.755439,0.412998,-0.490156,-0.00568965,0.0186824,-0.00971666,-0.9997620
273816700,-0.764421,0.416362,-0.489653,0.011122,0.000109,0.0065291,-0.9999170
273849956,-0.76909,0.421295,-0.492004,-0.0175796,0.013788,-0.0112504,0.9996871
273883890,-0.776502,0.427534,-0.491184,-0.0121462,0.0344996,-0.0252183,0.9990130
273917290,-0.780963,0.431342,-0.492094,-0.0237765,0.0221036,-0.00511094,0.999460
273949421,-0.785363,0.439515,-0.487712,0.0271783,0.0419137,-0.0394826,-0.9979710
273984687,-0.789186,0.445488,-0.487749,0.0286949,0.0435865,-0.0257914,-0.9983041
274016578,-0.795897,0.454837,-0.489783,0.0130103,0.0114913,-0.00149475,-0.9998480
274049708,-0.801682,0.459822,-0.490962,0.0152163,0.0140246,-0.0043443,-0.9997760
274083864,-0.806718,0.465006,-0.491331,0.0174435,0.0189991,-0.0131672,-0.9995810
274117087,-0.810137,0.468998,-0.492426,0.00872783,0.0207047,-0.0185151,-0.9995761
274149763,-0.814006,0.475951,-0.494697,0.00241215,0.0077661,-0.0204388,-0.9997580
274182693,-0.820217,0.480489,-0.495788,0.0170257,0.00289242,-0.00959784,-0.9998050
274217138,-0.826487,0.483906,-0.497498,-0.00334309,0.0101282,0.0146058,0.9998361
274249661,-0.83135,0.491362,-0.49869,-0.0230653,0.0106285,0.0107474,0.999620
274282430,-0.836473,0.496228,-0.49949,-0.0261718,0.010549,0.0135694,0.999510
274316465,-0.837513,0.499172,-0.498401,-0.0042862,0.00833807,-0.00478666,0.9999450
274350145,-0.841248,0.505827,-0.502033,-0.00569924,0.0102228,0.0025244,0.9999281
274383148,-0.845713,0.513984,-0.500743,0.0207311,0.0152576,-0.0268795,-0.9993070
274416242,-0.851419,0.519432,-0.503624,-0.012879,0.00355913,0.0266364,0.9995560
274449583,-0.855669,0.521765,-0.504669,-0.0122479,0.0021327,0.0360115,0.9992740
274482321,-0.858211,0.525501,-0.503814,0.0123558,0.019298,-0.0405758,-0.9989141
274516735,-0.860591,0.531116,-0.505308,-0.00142482,0.0183722,-0.0351592,-0.9992120
274549941,-0.867685,0.539968,-0.506999,0.00744026,0.0242471,0.0138642,0.9995820
274583186,-0.871821,0.54187,-0.508807,0.0148948,0.0104091,0.0391607,0.9990681
274615987,-0.874218,0.542718,-0.50814,-0.00331488,-0.00107356,0.0408405,0.999160
274650307,-0.878602,0.549011,-0.508996,0.0104881,0.0113363,0.0210336,0.9996590
274683754,-0.881077,0.548899,-0.509603,0.00437071,0.00211668,0.0250971,0.9996731
274716346,-0.882777,0.5503,-0.510687,0.0436713,0.00876164,0.0220435,0.9987640
274749176,-0.889928,0.556812,-0.510505,0.0324672,0.0144424,0.0160624,0.9992390
274783297,-0.890886,0.555008,-0.511301,0.0365794,0.00783454,0.0246449,0.9989960
274816444,-0.890389,0.552302,-0.513285,0.0323353,0.00231471,0.0415175,0.9986121
274849049,-0.894573,0.550759,-0.511667,0.0264505,0.00673965,0.0343085,0.9990390
274883198,-0.896204,0.55042,-0.513186,0.0230377,0.00629131,0.0362289,0.9990580
274916457,-0.899572,0.552399,-0.511514,-0.0722624,0.00787678,-0.0183758,-0.9971851
274949562,-0.902589,0.55044,-0.511101,0.0638248,0.00152933,0.0133449,0.9978710
274982844,-0.906887,0.552429,-0.510324,0.0232099,0.00158882,0.0118991,0.9996590
275017148,-0.909464,0.549047,-0.509296,0.0423963,0.00369391,0.00530463,0.999081
275050746,-0.910573,0.547926,-0.509996,-0.056,-0.00122448,0.0192357,-0.9982450
275082429,-0.913,0.543316,-0.508623,-0.0471325,-0.000329136,0.0120241,-0.9988160
275116416,-0.916884,0.542127,-0.507466,-0.0517405,-0.00310946,0.0164138,-0.9985210
275150145,-0.919315,0.537137,-0.506926,-0.0647671,-0.00285661,0.0137625,-0.9978011
275183231,-0.921236,0.532166,-0.50699,-0.0568254,0.00513459,0.00365335,-0.9983640
275216407,-0.923026,0.52624,-0.50478,-0.0744806,0.00113505,0.0201627,-0.9970180
275249503,-0.921981,0.521607,-0.506934,-0.0818316,0.0211415,0.0285839,-0.9960120
275283278,-0.924713,0.51765,-0.505133,-0.0747526,0.0152335,0.0108725,-0.9970271
275316597,-0.92671,0.511056,-0.504581,-0.074461,0.0146257,0.0233954,-0.9968420
275350279,-0.928585,0.50939,-0.502992,-0.102291,0.00977296,0.0179667,-0.9945440
275383099,-0.931197,0.507658,-0.50182,-0.0820307,0.0111835,0.0193539,-0.9963790
275417450,-0.933848,0.501569,-0.500359,-0.0989381,0.0146402,0.0302419,-0.9945261
275451025,-0.934632,0.495881,-0.498018,-0.0949272,0.0162832,0.0272042,-0.9949790
275482222,-0.936979,0.489858,-0.497839,-0.104597,0.0217396,0.0181062,-0.9941120
275515540,-0.94036,0.484983,-0.495243,-0.097404,0.0197193,0.0201813,-0.9948450
275549064,-0.940891,0.478604,-0.492483,-0.102681,0.0284827,0.0255716,-0.9939781
275582370,-0.942561,0.472692,-0.491596,-0.118713,0.0288019,0.0177998,-0.9923510
275616512,-0.944562,0.465841,-0.490574,-0.113189,0.026933,0.0110119,-0.9931470
275649790,-0.944752,0.459181,-0.487606,-0.114545,0.0467383,-0.00196438,-0.9923161
275684370,-0.947468,0.455022,-0.485249,-0.114112,0.0438527,0.00905037,-0.9924580
275716736,-0.950376,0.448206,-0.48228,-0.12407,0.0347321,0.024827,-0.9913550
275749867,-0.954724,0.447067,-0.479607,-0.0971048,0.0219599,0.0270909,-0.9946631
275782223,-0.953739,0.435791,-0.478002,-0.130643,0.039513,0.0241045,-0.9903480
275816632,-0.958664,0.432872,-0.475985,-0.109415,0.0315396,0.0256045,-0.9931660
275849233,-0.96197,0.428723,-0.473959,-0.07982,0.0301709,0.0198726,-0.9961540
275882256,-0.966246,0.423528,-0.470406,-0.0877809,0.0201308,0.026932,-0.9955721
275915561,-0.967682,0.416103,-0.469929,-0.0938388,0.0133954,0.0209616,-0.9952770
275949781,-0.969485,0.409228,-0.466011,-0.0967766,0.0126188,0.0255422,-0.9948980
275982641,-0.971846,0.401905,-0.462251,-0.112213,0.00017452,0.0448003,-0.9926741
276016566,-0.976511,0.399068,-0.458947,-0.0950647,0.0213797,0.0420278,-0.9943540
276049408,-0.977754,0.389088,-0.451887,-0.100265,0.0144406,0.0236874,-0.9945740
276083520,-0.980843,0.382785,-0.444241,-0.106452,0.0119381,0.0482911,-0.9930731
276116024,-0.984218,0.379126,-0.437088,-0.0902048,0.0204572,0.0330007,-0.9951660
276150588,-0.987772,0.371485,-0.425734,-0.10012,-0.00354833,0.0662676,-0.992760
276182929,-0.989159,0.364167,-0.417906,-0.101671,0.0129279,0.0396672,-0.9939430
276216971,-0.994743,0.358972,-0.40776,-0.104501,0.0265627,0.0504645,-0.9928881
276249952,-0.998324,0.352821,-0.397456,-0.09305,0.0271191,0.062063,-0.9933550
276282892,-0.999986,0.345136,-0.385756,-0.0829998,0.0225096,0.0580485,-0.9946030
276316437,-1.00235,0.336441,-0.374244,-0.0793951,0.0247685,0.0694904,-0.994110
276349960,-1.00555,0.328281,-0.361298,-0.0887425,0.0272528,0.0539683,-0.9942181
276383070,-1.01024,0.321363,-0.346228,-0.0856118,0.0227875,0.0686702,-0.9936980
276416991,-1.01383,0.314791,-0.331183,-0.0820294,0.0254226,0.0749492,-0.9934830
276449775,-1.01859,0.304596,-0.311199,-0.120348,-0.000914448,0.0925805,-0.9884050
276483649,-1.0201,0.29916,-0.298404,-0.118321,0.0269938,0.0614269,-0.9907061
276516524,-1.02037,0.288439,-0.28118,-0.0883816,0.0438588,0.057958,-0.9934310
276549270,-1.02194,0.277936,-0.264186,-0.086482,0.0288887,0.0607293,-0.9939810
276583161,-1.03045,0.276794,-0.248433,-0.0960492,0.00879605,0.0730838,-0.9926510
276616009,-1.03182,0.270832,-0.231376,-0.0889468,0.0225078,0.0514703,-0.9944511
276650337,-1.03775,0.266751,-0.213108,-0.101743,0.019773,0.0474225,-0.9934830
276682760,-1.04144,0.261236,-0.196065,-0.102861,0.0219372,0.0509361,-0.9931480
276716321,-1.04264,0.25029,-0.177995,-0.119156,0.0240635,0.0392995,-0.9918061
276750944,-1.04668,0.238628,-0.15939,-0.0880062,0.00190895,0.0353258,-0.9954920
276783264,-1.04922,0.228631,-0.143869,-0.116228,0.00409499,0.0481871,-0.9920450
276817241,-1.04836,0.227151,-0.127512,-0.120753,0.018876,0.0428785,-0.9915761
276849631,-1.05097,0.224502,-0.110801,-0.177032,0.0305881,0.0341079,-0.9831380
276882688,-1.06183,0.227543,-0.102018,-0.150283,-0.00850838,0.0778942,-0.9855330
276916373,-1.06036,0.224894,-0.0894292,-0.13331,0.0506417,0.0624242,-0.9878090
276949261,-1.06474,0.214758,-0.0816318,-0.145572,0.0332251,0.0292994,-0.9883551
276983523,-1.06622,0.214519,-0.088519,-0.11879,0.0380282,0.0122947,-0.9921150
277016020,-1.06976,0.213343,-0.0977837,-0.0880224,0.0364368,0.0176419,-0.9952960
277049673,-1.06811,0.20501,-0.105552,-0.111071,0.0411452,0.000578051,-0.992961
277082417,-1.0777,0.202639,-0.116147,-0.133612,-0.00148189,0.0321852,-0.990510
277116723,-1.08246,0.202626,-0.129131,-0.124338,-0.00705521,0.0464475,-0.9911270
277149073,-1.08746,0.200817,-0.145653,-0.125798,-0.00307226,0.0620825,-0.9901070
277183230,-1.08889,0.208474,-0.164153,-0.0912799,0.0250276,0.0845913,-0.991911
277216687,-1.09027,0.206402,-0.179838,-0.0837974,0.0441735,0.0632492,-0.9934920
277249527,-1.09259,0.205376,-0.195671,-0.0752307,0.0556565,0.0386158,-0.9948630
277283317,-1.09756,0.203509,-0.210085,-0.0729379,0.0402085,0.05103,-0.9952181
277316442,-1.10304,0.203449,-0.222717,-0.0848054,0.0314839,0.0481191,-0.9947370
277349386,-1.10612,0.198541,-0.23146,-0.0837035,0.0314092,0.0322981,-0.9954720
277382726,-1.11071,0.19962,-0.241757,-0.0769767,0.0276596,0.0434499,-0.9957020
277416445,-1.11642,0.197326,-0.248698,-0.071317,0.0207285,0.045388,-0.9962051
277450342,-1.12045,0.194925,-0.253472,-0.0668762,0.0234008,0.0383133,-0.9967510
277482785,-1.12421,0.189981,-0.255015,-0.088981,0.0136578,0.0315364,-0.995440
277517291,-1.12728,0.190506,-0.257324,-0.079901,0.0263639,0.0290028,-0.9960321
277549844,-1.13224,0.18995,-0.258309,-0.0663529,0.0233267,0.0456833,-0.9964770
277583466,-1.137,0.187304,-0.255197,-0.0736568,0.0179882,0.0375833,-0.9964130
277616337,-1.14071,0.185077,-0.249757,-0.0717168,0.0233269,0.0378608,-0.9964330
277649099,-1.14347,0.181749,-0.24225,-0.0815454,0.0258343,0.0360744,-0.9956811
277682344,-1.14803,0.175196,-0.231003,-0.0920459,0.0160403,0.0276289,-0.9952420
277716522,-1.15145,0.177208,-0.221181,-0.0700923,0.0330033,0.0341151,-0.9964110
277749789,-1.15497,0.174219,-0.207341,-0.0676088,0.037287,0.0332653,-0.996461
277783194,-1.15935,0.170633,-0.190935,-0.0719389,0.0385811,0.0379481,-0.995940
277816707,-1.1632,0.166767,-0.172515,-0.0729544,0.0353564,0.0317443,-0.9962030
277849034,-1.16578,0.163916,-0.15233,-0.0740844,0.041283,0.0230866,-0.996130
277882259,-1.17169,0.160967,-0.133073,-0.067841,0.0265507,0.036403,-0.9966781
277915615,-1.17557,0.156552,-0.10966,-0.0711264,0.0269565,0.0367187,-0.9964270
277949062,-1.17968,0.152438,-0.0850044,-0.0690014,0.0292511,0.0548431,-0.9956780
277982148,-1.18148,0.155034,-0.0742266,-0.0785069,0.0540773,0.127635,-0.9872290
278016527,-1.18036,0.14797,-0.0911069,-0.114897,0.0445889,0.104687,-0.9868391
278049259,-1.18408,0.15462,-0.1051,-0.0796338,0.0312396,0.0433035,-0.9953930
278082233,-1.18702,0.155374,-0.111129,-0.0677536,0.0201301,0.0399456,-0.9966990
278116219,-1.18723,0.152561,-0.111805,-0.101911,-0.0127288,0.072584,-0.992060
278149904,-1.19083,0.153643,-0.111392,-0.096576,0.00233258,0.0525145,-0.9939371
278182258,-1.19114,0.155984,-0.107377,-0.079021,0.00983477,0.052242,-0.9954550
278216352,-1.19168,0.157563,-0.0978579,-0.0695804,0.0156947,0.0519182,-0.9961010
278251308,-1.19304,0.159966,-0.0840576,-0.0587988,0.0208154,0.0358466,-0.9974091
278282820,-1.19556,0.160421,-0.075978,-0.0688522,0.0030383,0.05021,-0.9963580
278316936,-1.19789,0.165278,-0.0849636,-0.0553268,0.0162803,0.0287921,-0.997920
278349423,-1.19572,0.161049,-0.0786313,-0.0850606,0.0171536,0.0173344,-0.9960770
278382312,-1.19668,0.163931,-0.07846,-0.0706547,0.0177434,0.0389925,-0.996581
278415829,-1.19514,0.161161,-0.0777104,-0.0554948,0.0178384,0.0415058,-0.9974360
278448912,-1.19768,0.1627,-0.0797314,-0.0597051,0.0127717,0.0219638,-0.9978930
278482404,-1.19373,0.159154,-0.0765483,-0.0406598,0.0248292,0.0536069,-0.9974251
278516730,-1.19493,0.157968,-0.0790281,-0.0386983,0.0104919,0.040187,-0.9983870
278549600,-1.19642,0.160807,-0.0776338,-0.0415962,0.0245255,0.0439505,-0.9978660
278582458,-1.19938,0.165448,-0.0773166,-0.0826556,0.0366447,0.0514096,-0.9945761
278616885,-1.1989,0.165268,-0.0764138,-0.0878426,0.0423812,0.0499123,-0.993980
278649194,-1.20066,0.166708,-0.0759812,-0.0915443,0.0446871,0.05767,-0.9931250
278683507,-1.19792,0.16432,-0.0756733,-0.0853953,0.0329507,0.0707034,-0.9932891
278715965,-1.19692,0.158474,-0.075811,-0.0822661,0.0200729,0.0610798,-0.9945340
278749301,-1.20029,0.16321,-0.0778103,-0.0970088,0.0243082,0.0521752,-0.9936180
278783579,-1.20071,0.164333,-0.0788884,-0.0800059,0.0212453,0.0438719,-0.9956021
278817317,-1.19966,0.163604,-0.0791997,-0.0690661,0.0183654,0.0405448,-0.9966190
278849459,-1.20065,0.163368,-0.0799697,-0.0688799,0.0176289,0.0276382,-0.9970860
278882728,-1.20029,0.162496,-0.0797234,-0.0688204,0.0117957,0.0260106,-0.997220
278917706,-1.20021,0.162825,-0.0796775,-0.0685315,0.0133781,0.0304531,-0.9970941
278948900,-1.19973,0.16333,-0.0800833,-0.0666876,0.0124064,0.0261635,-0.9973540
279053533,-1.19988,0.163569,-0.0800537,-0.0662608,0.0124034,0.0266513,-0.9973691
279054532,-1.1997,0.162896,-0.0799932,-0.063977,0.00989472,0.0268305,-0.9975420
279054554,-1.19884,0.160366,-0.0793208,-0.0545043,0.00928709,0.0239939,-0.9981820
279082735,-1.1995,0.161233,-0.0794014,-0.0530448,0.0105409,0.0161215,-0.9984060
279115754,-1.20016,0.16252,-0.0803318,-0.0586706,0.00669596,0.0159262,-0.9981280
279149728,-1.20004,0.161787,-0.0800786,-0.054875,0.0047679,0.0158228,-0.9983570
279183413,-1.20037,0.161946,-0.0805366,-0.0576337,0.00172866,0.0157698,-0.9982121
279215895,-1.20054,0.162208,-0.0802725,-0.0614498,0.00266663,0.0144199,-0.9980020
279249253,-1.20056,0.162189,-0.080626,-0.0611974,-0.0010504,0.0159695,-0.9979970
279283244,-1.20056,0.161411,-0.0804644,-0.0597599,-0.00207486,0.0154507,-0.9980910
279316060,-1.20074,0.16135,-0.0800681,-0.0589492,-0.00168875,0.0158406,-0.9981341
279349410,-1.20104,0.161542,-0.0802856,-0.0602258,-0.000930909,0.0166795,-0.9980450
279383555,-1.20137,0.161122,-0.0803662,-0.0576738,-0.00459013,0.0165098,-0.9981880
279416524,-1.20085,0.159655,-0.0797935,-0.0510829,-0.0042413,0.0178586,-0.9985261
279449535,-1.20105,0.161777,-0.0806426,-0.0595466,-0.0051954,0.0226274,-0.9979560
279483321,-1.19971,0.161457,-0.080625,-0.0552089,-0.00269436,0.0247186,-0.9981650
279516309,-1.20037,0.158448,-0.0791907,-0.0740139,-0.0159944,0.0500167,-0.9958740
279549627,-1.20114,0.162493,-0.0804902,-0.0672075,-0.00997589,0.0306095,-0.997221
279582628,-1.20087,0.161592,-0.0798611,0.0653911,0.0199677,-0.0399604,0.9968590
279616006,-1.19923,0.158098,-0.0783557,0.069107,0.0240819,-0.0384354,0.9965780
279649469,-1.20136,0.161569,-0.0790913,0.0566614,0.0274763,-0.0447733,0.9970110
279684789,-1.19896,0.159382,-0.0792056,-0.0529598,-0.00697664,0.028134,-0.9981761
279716238,-1.19902,0.156989,-0.0781377,0.0766811,0.0267714,-0.0468626,0.9955940
279749116,-1.19885,0.158934,-0.0792046,0.0694227,0.0133125,-0.0255089,0.9971720
279783582,-1.19869,0.159579,-0.0789739,-0.0534768,-0.00301043,0.0189738,-0.9983840
279815993,-1.20017,0.161547,-0.0803088,-0.0534575,-0.00388934,0.0266933,-0.9982061
279850039,-1.2003,0.162048,-0.080209,-0.0595224,-0.00546772,0.0247086,-0.9979060
279882408,-1.19917,0.160129,-0.0799233,-0.0743887,-0.0080073,0.0242094,-0.9969030
279916600,-1.19923,0.160703,-0.0799924,-0.0739682,-0.00307022,0.0336589,-0.9966881
279949171,-1.20064,0.162151,-0.08023,-0.0591541,0.00107756,0.0265771,-0.9978940
279982978,-1.19895,0.1598,-0.0793823,-0.0679783,-0.00282721,0.0365566,-0.9970130
280016628,-1.19811,0.157924,-0.0790698,-0.0830516,-0.0134263,0.0542988,-0.9949741
280050175,-1.19793,0.160669,-0.07974,-0.0823168,-0.00267877,0.0579455,-0.9949170
280082911,-1.19884,0.158966,-0.0789883,-0.0699906,-0.0102418,0.0504859,-0.9962170
280116480,-1.19821,0.158508,-0.0789138,-0.0779023,-0.0144596,0.0528559,-0.9954540
280150075,-1.19917,0.161678,-0.0788625,-0.0760845,-0.0115058,0.0571865,-0.9953941
280183730,-1.19826,0.159091,-0.0778247,-0.0855342,-0.0115313,0.0643639,-0.9941870
280216088,-1.19895,0.160605,-0.0792651,-0.070328,-0.00771134,0.0427408,-0.9965780
280249339,-1.19765,0.157768,-0.0781409,-0.0993783,-0.0166631,0.0735942,-0.9921850
280282611,-1.19815,0.158421,-0.0780979,-0.0949974,-0.0194886,0.0705699,-0.9927821
280316751,-1.19824,0.158487,-0.078061,-0.102244,-0.0175068,0.0717467,-0.9920140
280348787,-1.20018,0.163763,-0.0800647,-0.0781671,-0.0014799,0.0418552,-0.996060
280383452,-1.19799,0.158369,-0.0786279,-0.0989842,-0.0202928,0.0714248,-0.9923151
280416228,-1.2,0.163706,-0.0806875,-0.0766597,-0.00765236,0.0396824,-0.9962380
280449636,-1.19972,0.162543,-0.0807986,-0.0688898,-0.00482494,0.027656,-0.9972290
280483414,-1.19961,0.162781,-0.0808289,-0.0666596,-0.00402924,0.0236683,-0.9974870
280516221,-1.19969,0.163084,-0.0807781,-0.0662781,-5.65058e-05,0.0209243,-0.9975821
280549894,-1.19949,0.162971,-0.0807107,-0.0655996,0.00247369,0.0178163,-0.9976840
280582321,-1.19981,0.162966,-0.0814763,-0.0607072,-0.00343653,0.014149,-0.9980490
280615805,-1.1995,0.163128,-0.0805308,-0.0648386,0.00279307,0.0169527,-0.9977480
280649129,-1.19963,0.163065,-0.0810283,-0.0595528,0.000871007,0.0147083,-0.9981161
280683799,-1.19804,0.159393,-0.0798726,0.0695685,0.00999255,-0.0273577,0.9971520
280716275,-1.19826,0.159647,-0.0801741,0.0698614,0.0121401,-0.0321372,0.9969650
280749259,-1.19992,0.163407,-0.0807397,-0.0643014,-0.00254861,0.0199619,-0.9977281
280782324,-1.19978,0.163074,-0.0810312,-0.0596611,-0.0016323,0.0132514,-0.9981290
280816346,-1.19933,0.162368,-0.080854,-0.0598027,-0.00212338,0.014858,-0.9980970
280849524,-1.19924,0.161977,-0.0805222,-0.0599356,-0.00360701,0.0179615,-0.9980341
280883054,-1.19923,0.161936,-0.0805303,-0.0593934,-0.00107349,0.0181147,-0.998070
280916352,-1.19945,0.16268,-0.0806863,-0.0578768,-0.00263951,0.0203265,-0.9981130
280949308,-1.19907,0.162105,-0.0804443,-0.0553019,-0.00387556,0.0226401,-0.9982050
280983141,-1.19896,0.161936,-0.0801252,-0.0577135,-0.00141808,0.0236961,-0.9980511
281015383,-1.19922,0.161494,-0.0801506,-0.0547444,-0.00128015,0.0220088,-0.9982570
281049153,-1.19969,0.162172,-0.0803135,-0.0568442,0.000846059,0.0202904,-0.9981770
281082494,-1.19909,0.161537,-0.0803298,-0.052425,0.00079287,0.0203397,-0.9984170
281116387,-1.19928,0.161691,-0.0802583,-0.0546986,-2.32926e-05,0.0202679,-0.9982971
281149103,-1.19924,0.161529,-0.0808992,-0.0508176,-0.0036959,0.0166869,-0.9985620
281183548,-1.19963,0.161951,-0.0805874,-0.0525923,-0.000219301,0.0177154,-0.9984590
281216060,-1.19945,0.162461,-0.0808098,-0.0508929,0.00176021,0.0148852,-0.9985920
281249094,-1.19949,0.161722,-0.0802566,-0.0537442,0.000111063,0.018863,-0.9983771
281282452,-1.19924,0.162004,-0.080365,-0.052116,-0.000676601,0.0200176,-0.998440
281316774,-1.19844,0.159943,-0.0797146,-0.0393807,-0.00166979,0.024404,-0.9989250
281349593,-1.19967,0.162673,-0.0808513,-0.0503441,0.000374814,0.0157428,-0.9986081
281382810,-1.19953,0.162168,-0.0803857,-0.0509193,0.000238115,0.0198155,-0.9985060
281415909,-1.19958,0.162644,-0.0809653,-0.0496839,-0.00149125,0.01704,-0.9986190
281449155,-1.19965,0.16222,-0.0807637,-0.0471853,-0.00222065,0.0173955,-0.9987320
281483365,-1.19971,0.162552,-0.0807402,-0.0504741,-5.14412e-05,0.0150631,-0.9986121
281515837,-1.19928,0.162501,-0.0805637,-0.0481502,-0.00102396,0.0184344,-0.998670
281549902,-1.1992,0.162737,-0.0805991,-0.0493192,0.000591647,0.0186793,-0.9986080
281582459,-1.19942,0.162551,-0.0806797,-0.0482613,0.000516306,0.0183463,-0.9986660
281616564,-1.19955,0.162756,-0.0805234,-0.0501365,0.00231731,0.0165758,-0.9986021
281649590,-1.19933,0.162207,-0.0805413,-0.0492643,-0.00111395,0.0180531,-0.9986220
281682628,-1.19923,0.162469,-0.0803027,-0.0527113,0.000438067,0.0194227,-0.9984210
281715586,-1.19934,0.162191,-0.0805903,-0.0498118,-0.00218286,0.0180112,-0.9985940
281748755,-1.19922,0.160917,-0.0799751,-0.0546552,-0.0067238,0.02786,-0.9980941
281783118,-1.19942,0.162355,-0.0804639,-0.0476421,0.00107157,0.0163619,-0.998730
281815449,-1.19925,0.16159,-0.0801804,-0.0502857,-0.00108593,0.0158004,-0.9986090
281848544,-1.19916,0.161929,-0.0805044,-0.0520875,-0.00189948,0.0163224,-0.9985070
281882896,-1.1987,0.158189,-0.0788157,0.0647969,0.0180522,-0.0356741,0.9970971
281916265,-1.19938,0.162333,-0.080583,-0.0513806,-0.00211391,0.0193698,-0.9984890
281949361,-1.199,0.16159,-0.0805823,-0.0525854,-0.00210003,0.0190376,-0.9984330
281983664,-1.19923,0.161726,-0.0807996,-0.0533057,-0.00405322,0.0179484,-0.9984091
282015861,-1.19906,0.161475,-0.0806042,-0.05323,-0.00176654,0.0174177,-0.9984290
282049290,-1.19902,0.162163,-0.0805334,-0.0545657,0.000713171,0.0184385,-0.998340
282083436,-1.19896,0.162103,-0.0802583,-0.0567151,0.00210349,0.0215149,-0.9981560
282116657,-1.19915,0.162446,-0.0803738,-0.0604957,-0.00119269,0.0252481,-0.9978481
282149910,-1.19906,0.161792,-0.0804946,-0.0560376,-0.000582589,0.0207111,-0.9982140
282183495,-1.19911,0.161985,-0.080678,-0.0567508,0.000940235,0.0188376,-0.998210
282216356,-1.19889,0.161718,-0.0806687,-0.0536054,0.000553801,0.0197912,-0.9983660
282249312,-1.1988,0.16148,-0.080418,-0.0610643,-0.00465523,0.0255043,-0.9977971
282282462,-1.19939,0.161949,-0.0811919,-0.0540835,-0.00442296,0.0182818,-0.9983590
282315573,-1.19884,0.160682,-0.0802481,-0.0621312,-0.00616462,0.0283008,-0.9976480
282349229,-1.19932,0.16258,-0.080832,-0.0545924,0.00213113,0.0177875,-0.9983480
282383453,-1.19866,0.161124,-0.0803159,-0.0651294,-0.00748188,0.0330393,-0.9973021
282415736,-1.19872,0.16138,-0.0805752,-0.06334,-0.00618937,0.03103,-0.997490
282448657,-1.19737,0.157293,-0.079519,-0.0557985,-0.0108421,0.0456264,-0.997340
282483220,-1.19933,0.162721,-0.0809946,-0.054969,-0.0016846,0.0214506,-0.9982560
282515611,-1.19822,0.159234,-0.0802231,0.0676448,0.0150264,-0.0410849,0.996751
282550686,-1.19845,0.159545,-0.0805393,0.0626116,0.0161014,-0.0371349,0.9972170
282582118,-1.19964,0.162398,-0.0809492,-0.0549137,-0.00422504,0.0214824,-0.9982510
282616509,-1.19952,0.162671,-0.0806404,-0.0568873,-0.00281909,0.0221629,-0.9981311
282649524,-1.19885,0.161056,-0.0806313,-0.0582457,-0.00775681,0.029338,-0.9978410
282683472,-1.19901,0.161787,-0.0809038,-0.0604449,-0.00922862,0.0352502,-0.9975060
282715852,-1.19926,0.162568,-0.0810811,-0.0527869,-0.00421268,0.0251305,-0.9982810
282749629,-1.19949,0.162385,-0.0805293,-0.0617917,-0.00468959,0.0339291,-0.9975011
282783127,-1.19846,0.159807,-0.0799622,0.0624878,0.0141626,-0.041461,0.9970840
282816540,-1.19819,0.160527,-0.0806897,-0.0620044,-0.0124537,0.0446813,-0.9969980
282849798,-1.19846,0.161652,-0.0814771,0.0547347,0.0118392,-0.0342642,0.9978431
282882899,-1.19724,0.160175,-0.0814685,-0.0562214,-0.00852805,0.0325048,-0.9978530
282917059,-1.19771,0.161683,-0.0820608,-0.0442139,-0.000657677,0.00906896,-0.9989810
282948796,-1.19779,0.161504,-0.0819063,-0.0460996,-0.00142872,0.00944016,-0.9988910
282982985,-1.19757,0.16147,-0.0820801,-0.0430626,-0.00107735,0.00718598,-0.9990461
283016294,-1.19766,0.161396,-0.0819756,-0.0439132,-0.000310279,0.0058946,-0.9990180
283048902,-1.19757,0.161652,-0.0819282,-0.0439319,0.00117848,0.00468673,-0.9990230
283083234,-1.19804,0.161582,-0.0817852,-0.0451136,0.000296286,0.00595942,-0.9989641
283116353,-1.19772,0.161461,-0.0818545,-0.0429792,0.000109485,0.0066042,-0.9990540
283149797,-1.19747,0.161136,-0.0817197,-0.039969,0.0014827,0.00587213,-0.9991830
283183130,-1.19751,0.161517,-0.0816707,-0.0410491,0.00185973,0.00524454,-0.9991420
283215365,-1.19776,0.161486,-0.0815259,-0.0410806,0.000605973,0.00731663,-0.9991291
283248717,-1.19763,0.161607,-0.0815247,-0.0414752,0.00180099,0.00814228,-0.9991050
283282993,-1.19763,0.161175,-0.0816863,-0.0391843,0.000545785,0.00655392,-0.999210
283315586,-1.19779,0.161366,-0.0815586,-0.0416396,9.0518e-05,0.00753973,-0.9991041
283349814,-1.19763,0.161349,-0.0812585,-0.041638,0.000254775,0.00981606,-0.9990850
283383243,-1.19797,0.161919,-0.0815503,-0.0418491,-3.15535e-05,0.00894767,-0.9990840
283415623,-1.1979,0.161436,-0.0816802,-0.0407411,-0.00184176,0.00745927,-0.999141
283448692,-1.19776,0.160961,-0.0807527,-0.0421921,-0.00369827,0.0217847,-0.9988650
283482996,-1.19797,0.161875,-0.0812625,-0.0403011,0.00341866,0.0123833,-0.9991050
283515986,-1.19793,0.161703,-0.0811262,-0.0399262,0.00440722,0.0134561,-0.9991021
283549180,-1.19794,0.161824,-0.0811318,-0.0393614,0.00446819,0.012964,-0.9991310
283582473,-1.19784,0.161785,-0.080957,-0.0388408,0.00616217,0.0131446,-0.999140
283615541,-1.19777,0.161516,-0.0810417,-0.0382578,0.0050151,0.0116674,-0.9991870
283648859,-1.19809,0.161712,-0.0809766,-0.0396695,0.00436273,0.0130996,-0.9991171
283682618,-1.19814,0.161977,-0.0810171,-0.0411139,0.00488835,0.0133626,-0.9990530
283716400,-1.19787,0.161395,-0.0809941,-0.0401069,0.00486026,0.0122241,-0.9991090
283748729,-1.198,0.161858,-0.080999,-0.0428556,0.00509689,0.0118438,-0.9989980
283783106,-1.1979,0.159707,-0.0798582,-0.0500908,-0.00379923,0.0280837,-0.9983431
283815322,-1.19793,0.159845,-0.0797717,-0.0591998,-0.0101587,0.0426024,-0.9972850
283849704,-1.19843,0.159739,-0.0798762,-0.0601511,-0.00489252,0.0352265,-0.9975560
283882463,-1.19816,0.161356,-0.0809624,-0.0493193,0.00203404,0.0187143,-0.9986060
283916483,-1.19815,0.159977,-0.0795977,-0.0550805,-0.00623179,0.0300248,-0.9980111
283949495,-1.19783,0.15996,-0.0795237,-0.0636929,-0.0102826,0.0450278,-0.99690
283983825,-1.19867,0.162177,-0.080602,-0.0523005,-0.00575638,0.0270135,-0.9982490
284015827,-1.19799,0.160824,-0.0803303,-0.0564685,-0.00503428,0.0313533,-0.9978990
284049497,-1.19856,0.161895,-0.0802539,-0.0521012,-0.00575611,0.0298379,-0.9981791
284082486,-1.1986,0.161341,-0.0797881,-0.0581795,-0.0111573,0.0350752,-0.9976270
284116500,-1.19862,0.161647,-0.0801186,0.0545373,0.0114448,-0.0341687,0.9978610
284149725,-1.19832,0.159868,-0.0796326,0.0588206,0.0130432,-0.0367558,0.9975061
284183278,-1.19879,0.162571,-0.0807229,-0.0508259,-0.00493463,0.0228786,-0.9984330
284216812,-1.19803,0.15958,-0.0796604,0.0612102,0.0155682,-0.041179,0.9971540
284249127,-1.1986,0.161345,-0.0799019,0.0623947,0.0156238,-0.0431393,0.9969960
284282945,-1.19856,0.160489,-0.0795979,0.0601774,0.0161923,-0.0433604,0.9971141
284316280,-1.19914,0.163371,-0.0803896,-0.0575037,-0.00362406,0.0286374,-0.9979280
284349318,-1.19882,0.162607,-0.0802197,-0.0553165,-0.00184793,0.0244975,-0.9981670
284382965,-1.19869,0.161523,-0.0794646,0.0677617,0.0141521,-0.0437436,0.9966421
284415433,-1.19899,0.162723,-0.0803223,-0.0559616,-0.0029358,0.0263565,-0.9980810
284448514,-1.19915,0.16279,-0.0803052,-0.0577257,-0.00142197,0.0235141,-0.9980550
284482896,-1.19888,0.162705,-0.0802114,-0.0556926,-0.000220901,0.0236141,-0.9981690
284515507,-1.19872,0.162508,-0.0803784,-0.0554254,-0.000459905,0.0246792,-0.9981581
284548541,-1.19869,0.162392,-0.0807153,-0.0521836,-0.00120256,0.0210811,-0.9984140
284582861,-1.19882,0.162548,-0.0804167,-0.0540512,0.00121753,0.022954,-0.9982740
284615525,-1.19886,0.162592,-0.0807402,-0.0502731,0.000882753,0.0185255,-0.9985631
284648787,-1.19881,0.162446,-0.0803511,-0.0522661,0.00218878,0.0197415,-0.9984360
284683159,-1.19871,0.162236,-0.0805041,-0.0506295,0.00114044,0.0197057,-0.9985220
284716172,-1.19901,0.162286,-0.0803704,-0.0524607,0.000739121,0.0212642,-0.9983961
284749337,-1.19886,0.162421,-0.0805618,-0.0498281,0.00132443,0.0186882,-0.9985820
284783480,-1.19882,0.162396,-0.0804522,-0.0511955,0.00314399,0.0209319,-0.9984640
284815420,-1.19888,0.162361,-0.0806804,-0.0508005,0.0019133,0.0182627,-0.998540
