time_us,x,y,z,qw,qx,qy,qz
563047,-1.39129,0.542087,-0.0760989,-0.0355507,0.00550853,-0.000144751,0.9993531
596295,-1.39107,0.541995,-0.0763662,-0.0365192,0.00495548,0.00041667,0.999321
630454,-1.39097,0.542117,-0.076436,-0.0358806,0.00452436,0.00146903,0.999345
664657,-1.39104,0.542081,-0.0762036,-0.0359798,0.00297478,0.00211572,0.9993461
697305,-1.39102,0.542185,-0.0764185,-0.035669,0.00383243,0.0021021,0.999354
729995,-1.39101,0.54207,-0.0765713,-0.0362217,0.00460905,0.00101904,0.999333
763995,-1.39096,0.542132,-0.0763413,-0.0356921,0.00321364,0.00219806,0.999355
797713,-1.39095,0.542207,-0.0763486,-0.0356183,0.0030464,0.00246247,0.9993581
829897,-1.39099,0.542111,-0.0764355,-0.0355278,0.0040971,0.00263112,0.999357
863916,-1.39095,0.542203,-0.0763857,-0.035876,0.00341211,0.00155143,0.999349
896574,-1.39103,0.542166,-0.0764424,-0.0355565,0.00435613,0.00281703,0.999354
930823,-1.39093,0.54214,-0.0763726,-0.0357366,0.00297728,0.00388587,0.9993491
963789,-1.39103,0.542091,-0.076333,-0.0359725,0.003392,0.00269845,0.999343
997340,-1.39109,0.542101,-0.0764907,-0.0357397,0.00504227,0.000852682,0.999348
1030072,-1.39108,0.542142,-0.0764136,-0.0357806,0.00402178,0.00211196,0.999349
1063924,-1.39102,0.542164,-0.0764658,-0.0357606,0.00427121,0.00304973,0.9993471
1096699,-1.39106,0.54204,-0.076229,-0.0362608,0.00251898,0.00376949,0.999332
1130607,-1.39106,0.542102,-0.0763921,-0.0361997,0.00344458,0.0025976,0.999335
1163882,-1.39108,0.542168,-0.0764976,-0.0362568,0.00463592,0.00184255,0.99933
1197207,-1.39099,0.542188,-0.0764514,-0.0357266,0.00436387,0.002839,0.9993481
1230538,-1.39107,0.542064,-0.0762351,-0.0359385,0.0031783,0.00225606,0.999346
1263237,-1.39109,0.542256,-0.0763301,-0.0351686,0.00371738,0.00258278,0.999371
1297500,-1.3911,0.542206,-0.076533,-0.0356282,0.00520682,0.000847765,0.9993511
1331007,-1.39101,0.542227,-0.0763281,-0.0355311,0.00346302,0.002792,0.999359
1363992,-1.39098,0.542234,-0.0763628,-0.0356641,0.00335789,0.00281027,0.999354
1396903,-1.39098,0.542264,-0.07646,-0.0353216,0.00412873,0.00264531,0.999364
1429422,-1.39095,0.542263,-0.0764087,-0.0359351,0.00361716,0.00205847,0.9993451
1463934,-1.39106,0.542121,-0.0764531,-0.0360629,0.0048718,0.0028871,0.999334
1497438,-1.39103,0.542146,-0.0764492,-0.0360832,0.00429155,0.00299105,0.999335
1530520,-1.39098,0.542161,-0.0763198,-0.0365112,0.00281574,0.0035694,0.9993231
1564233,-1.391,0.542165,-0.0766016,-0.0364372,0.00504188,0.0017104,0.999322
1596992,-1.39103,0.5422,-0.0764238,-0.0361535,0.00407949,0.00323478,0.999333
1630894,-1.39101,0.542161,-0.0764863,-0.0361857,0.00460267,0.00326449,0.9993291
1664221,-1.39102,0.542074,-0.076251,-0.0365295,0.00322583,0.00449587,0.999317
1696480,-1.39108,0.542141,-0.0764038,-0.0358123,0.00440631,0.0032692,0.999344
1730539,-1.39105,0.542228,-0.0765344,-0.0360434,0.00521297,0.0025835,0.999333
1764162,-1.39096,0.54224,-0.0765227,-0.0358769,0.00508957,0.00393815,0.9993351
1796986,-1.391,0.542191,-0.0763325,-0.035927,0.00339064,0.00404907,0.99934
1830483,-1.39104,0.542242,-0.07645,-0.0356498,0.00438753,0.00366709,0.999348
1863784,-1.39105,0.542173,-0.0765562,-0.035965,0.00526685,0.00207188,0.999337
1896840,-1.39097,0.542186,-0.076374,-0.0360856,0.0039365,0.00345618,0.9993351
1930355,-1.39099,0.54229,-0.0762866,-0.0355539,0.00371073,0.00361848,0.999354
1964236,-1.39102,0.542235,-0.0764888,-0.0355703,0.00529019,0.00318369,0.999348
1996375,-1.39104,0.542274,-0.0763875,-0.0358381,0.0047156,0.00190793,0.999345
2030389,-1.39111,0.542202,-0.0764326,-0.0358836,0.00575862,0.00260567,0.9993361
2064335,-1.39106,0.542219,-0.0764353,-0.0358328,0.0049627,0.0028685,0.999341
2097628,-1.39106,0.5423,-0.0763081,-0.0357839,0.00377614,0.00336173,0.999347
2212350,-1.39107,0.542231,-0.076561,-0.0360381,0.0055814,0.00208559,0.9993331
2213625,-1.3911,0.542234,-0.076481,-0.0360474,0.00539135,0.00285378,0.999331
2213642,-1.39108,0.542227,-0.0764751,-0.0361301,0.00560596,0.00340894,0.999326
2230351,-1.3911,0.54211,-0.0762693,-0.0365504,0.00404822,0.00405909,0.999315
2264281,-1.39113,0.54218,-0.0763926,-0.0361621,0.00513138,0.00268435,0.999329
2297424,-1.39117,0.542295,-0.0764819,-0.0360076,0.00629591,0.00177126,0.99933
2330237,-1.39103,0.542351,-0.0764844,-0.0360311,0.00526203,0.00412516,0.9993281
2363791,-1.39108,0.542243,-0.0763484,-0.0361583,0.00420682,0.00351498,0.999331
2397101,-1.39107,0.542386,-0.0764272,-0.0357651,0.0047474,0.00396765,0.999341
2430617,-1.39105,0.54222,-0.076626,-0.0361903,0.00607479,0.0021536,0.9993241
2463252,-1.39101,0.542299,-0.0763765,-0.0358179,0.0044234,0.00372941,0.999342
2496703,-1.391,0.542311,-0.0763755,-0.0359992,0.00443326,0.00389618,0.999334
2530535,-1.39103,0.542265,-0.0764351,-0.0358954,0.00508027,0.00416316,0.999334
2563849,-1.39099,0.542332,-0.0764522,-0.0359031,0.00444604,0.00320736,0.999341
2596696,-1.39109,0.542241,-0.0764995,-0.0357283,0.00577473,0.00352794,0.999339
2630698,-1.39104,0.5422,-0.0765171,-0.0361801,0.00523252,0.00373713,0.999325
2663518,-1.39103,0.542245,-0.0764336,-0.036152,0.0045624,0.00360704,0.999329
2697044,-1.39108,0.542244,-0.0766116,-0.0360268,0.00610333,0.0023002,0.999331
2731007,-1.3911,0.542234,-0.0764949,-0.0358132,0.00568376,0.00272041,0.999339
2763294,-1.39107,0.542231,-0.0765249,-0.0358614,0.00569978,0.00366226,0.999334
2797180,-1.39109,0.54217,-0.0763203,-0.0359609,0.00424134,0.0044003,0.9993351
2830795,-1.39109,0.542252,-0.0764814,-0.0357824,0.00513966,0.00347069,0.99934
2863518,-1.39111,0.542265,-0.0764856,-0.0359002,0.00574805,0.00288459,0.999335
2896517,-1.39104,0.542266,-0.076522,-0.0359013,0.00607676,0.00426991,0.999328
2931041,-1.39109,0.54221,-0.0763391,-0.0358123,0.00463368,0.00407449,0.999341
2963885,-1.39112,0.542358,-0.0764145,-0.0351269,0.00543404,0.00351885,0.999362
2997303,-1.39107,0.542245,-0.076533,-0.0357975,0.00559999,0.00301501,0.999339
3030206,-1.39104,0.542257,-0.0763752,-0.0355114,0.00484155,0.00384686,0.99935
3062977,-1.39102,0.542298,-0.0763718,-0.0355935,0.00480998,0.00389291,0.9993471
3096637,-1.39103,0.542256,-0.0764448,-0.0351934,0.00547661,0.00451539,0.999355
3130444,-1.39099,0.542306,-0.0764497,-0.0355815,0.00501664,0.00304535,0.99935
3163373,-1.3911,0.542148,-0.0764753,-0.0356752,0.0061311,0.00371645,0.9993381
3197060,-1.39107,0.54219,-0.0764763,-0.0357122,0.00558572,0.00364823,0.99934
3230713,-1.39107,0.542211,-0.0763926,-0.0357246,0.00479824,0.00380094,0.999343
3263249,-1.3911,0.542206,-0.076574,-0.0356538,0.00641776,0.00246676,0.999341
3297544,-1.39113,0.542213,-0.076386,-0.0354706,0.00554502,0.00351236,0.9993491
3330339,-1.39113,0.542199,-0.0764458,-0.0354772,0.00606337,0.00358242,0.999346
3363450,-1.39114,0.542164,-0.0762395,-0.0354984,0.00452398,0.00439037,0.99935
3397336,-1.39108,0.542242,-0.0763643,-0.0353008,0.00455984,0.00417982,0.999358
3430339,-1.39114,0.542201,-0.0764666,-0.0355579,0.00612641,0.00309393,0.9993441
3463018,-1.39106,0.54225,-0.0764602,-0.0353908,0.00610575,0.00440539,0.999345
3497394,-1.39112,0.542161,-0.0762244,-0.0353781,0.00428052,0.00459285,0.999354
3530527,-1.3911,0.542276,-0.0763901,-0.0349598,0.00522236,0.00390894,0.9993671
3563632,-1.39104,0.542122,-0.0765974,-0.0357442,0.0063422,0.00231474,0.999338
3597439,-1.39101,0.54217,-0.0762881,-0.0354793,0.00459559,0.00417797,0.999351
3630658,-1.391,0.542291,-0.0763337,-0.035182,0.00470343,0.00425602,0.9993611
3663980,-1.39105,0.542198,-0.0764641,-0.0349779,0.0061575,0.00402171,0.999361
3697000,-1.39103,0.54229,-0.0764478,-0.035195,0.0054137,0.00306258,0.999361
3729966,-1.3911,0.542173,-0.0764526,-0.0351504,0.00637466,0.00404067,0.999354
3764680,-1.39113,0.542195,-0.0764409,-0.0352866,0.00609192,0.00372461,0.9993521
3796839,-1.39114,0.542218,-0.0763301,-0.0350414,0.00547372,0.00317317,0.999366
3829871,-1.39118,0.542237,-0.0765105,-0.0348031,0.00720446,0.0015514,0.999367
3863115,-1.39117,0.542236,-0.0763303,-0.0351003,0.00620231,0.00284663,0.999361
3896482,-1.39113,0.542214,-0.0763691,-0.0351428,0.00584508,0.00419743,0.9993561
3931021,-1.39116,0.542151,-0.0761929,-0.0352231,0.00466294,0.0044017,0.999359
3964281,-1.39112,0.542142,-0.0763726,-0.0351608,0.00564865,0.00380547,0.999358
3996574,-1.39116,0.542186,-0.0764111,-0.0355057,0.00635866,0.00324449,0.9993441
4030133,-1.39107,0.542229,-0.0764702,-0.0353903,0.00647807,0.00413547,0.999344
4063517,-1.39115,0.542153,-0.0762666,-0.0355021,0.00517627,0.00387517,0.999349
4097231,-1.39114,0.542274,-0.0764009,-0.0350876,0.00590254,0.00386918,0.9993591
4131037,-1.39109,0.542094,-0.0765476,-0.0359576,0.00698421,0.00238874,0.999326
4164384,-1.39107,0.542156,-0.0763225,-0.0358241,0.00536213,0.00396175,0.999336
4197170,-1.39104,0.542203,-0.0763481,-0.0356388,0.00541478,0.00371224,0.999343
4230040,-1.3911,0.542231,-0.0764522,-0.0351808,0.00653154,0.00360638,0.9993531
4263708,-1.39105,0.542269,-0.0764009,-0.0352046,0.00570324,0.00289398,0.99936
4297723,-1.39117,0.542218,-0.0764165,-0.0351038,0.00666441,0.00345403,0.999355
4330783,-1.39115,0.542171,-0.0765034,-0.0357186,0.00734788,0.00289354,0.9993311
4363939,-1.39111,0.54222,-0.0763423,-0.0355685,0.00547976,0.00390587,0.999345
4397287,-1.39114,0.542259,-0.076438,-0.0354998,0.00608016,0.00322905,0.999346
4430102,-1.39115,0.542126,-0.0764595,-0.0360751,0.00668807,0.00316057,0.999322
4463421,-1.39115,0.542253,-0.0764058,-0.0352332,0.00631976,0.00370625,0.9993521
4497011,-1.39112,0.542098,-0.0762258,-0.0359632,0.0047756,0.00453506,0.999331
4531652,-1.39113,0.542213,-0.0763784,-0.035526,0.00553891,0.00375164,0.999346
4563674,-1.39117,0.542236,-0.0764673,-0.0355244,0.00679806,0.00298834,0.9993411
4597367,-1.39108,0.542276,-0.076459,-0.0353294,0.00663118,0.0039934,0.999346
4630599,-1.39106,0.542254,-0.0761372,-0.0352237,0.0039389,0.00459589,0.999361
4663760,-1.39112,0.542316,-0.076311,-0.0347131,0.0056232,0.00341982,0.9993761
4697003,-1.39109,0.542221,-0.0765124,-0.0352888,0.0065359,0.00231274,0.999353
4730335,-1.39106,0.542149,-0.0762969,-0.0356661,0.00574861,0.00401349,0.999339
4763455,-1.39105,0.542194,-0.0762993,-0.0357223,0.00554253,0.00434847,0.999337
4796847,-1.39109,0.542163,-0.0764263,-0.0356447,0.00690478,0.00409059,0.9993321
4830395,-1.39102,0.542222,-0.0763564,-0.0358846,0.00582342,0.00329358,0.999334
4863697,-1.3911,0.542127,-0.0764932,-0.0359158,0.00745546,0.00321061,0.999322
4896862,-1.39112,0.542146,-0.0763872,-0.0355665,0.00637421,0.00439788,0.9993371
4930934,-1.39114,0.542139,-0.0763071,-0.0357289,0.00633669,0.00349084,0.999335
4963654,-1.39109,0.542103,-0.0765339,-0.0359923,0.00753234,0.00282228,0.99932
4996532,-1.39113,0.542091,-0.0763945,-0.0361304,0.00708531,0.00367955,0.999315
5030623,-1.39109,0.542097,-0.0764109,-0.0359206,0.00716739,0.00454272,0.9993191
5064238,-1.39115,0.542036,-0.076165,-0.0360207,0.00577922,0.0046889,0.999323
5096521,-1.39116,0.542119,-0.0762539,-0.0355866,0.00622929,0.00415797,0.999339
5130392,-1.39114,0.542138,-0.076418,-0.0361196,0.00744934,0.00310695,0.999315
5163619,-1.39109,0.542161,-0.0764048,-0.0357179,0.00745754,0.00458993,0.9993241
5197931,-1.3911,0.542008,-0.0762163,-0.0360508,0.00595878,0.00429503,0.999323
5229962,-1.39115,0.542106,-0.0763069,-0.0356093,0.00694885,0.00404666,0.999333
5262949,-1.39112,0.542104,-0.0765122,-0.0360594,0.00769611,0.00289199,0.999316
5296425,-1.39108,0.542189,-0.0762671,-0.0353873,0.00629825,0.00448345,0.9993441
5330710,-1.39106,0.542226,-0.0762959,-0.0354898,0.00614236,0.00455208,0.999341
5363924,-1.39107,0.542215,-0.076353,-0.0349799,0.00677832,0.00521102,0.999351
5396766,-1.39108,0.542242,-0.076343,-0.0351258,0.0065468,0.00362546,0.9993551
5431181,-1.39114,0.542138,-0.0763611,-0.0350093,0.00713298,0.00439085,0.999352
5463891,-1.39114,0.542136,-0.0762881,-0.0353716,0.00629098,0.00494935,0.999342
5497343,-1.39115,0.542144,-0.0762754,-0.0351274,0.0063955,0.00384942,0.9993551
5530437,-1.39121,0.542151,-0.0764238,-0.034954,0.00802291,0.00231814,0.999354
5563370,-1.39118,0.542166,-0.0763774,-0.0352869,0.00727179,0.00365931,0.999344
5597452,-1.39117,0.54214,-0.0763384,-0.035297,0.00723321,0.00422968,0.9993421
5630897,-1.3912,0.542056,-0.0761687,-0.0356049,0.0059523,0.00459723,0.999338
5663664,-1.39122,0.542196,-0.0762732,-0.0347306,0.00673987,0.00347338,0.999368
5697346,-1.39126,0.542192,-0.0763535,-0.0350344,0.00787786,0.00265655,0.999352
5730561,-1.39112,0.542237,-0.0763406,-0.034993,0.00727641,0.00425644,0.9993521
5763631,-1.39116,0.542111,-0.0761919,-0.0355237,0.00609014,0.00422234,0.999341
5797001,-1.39114,0.542246,-0.0762515,-0.0349775,0.00629914,0.0039996,0.99936
5830217,-1.3911,0.542125,-0.076394,-0.0357192,0.00703855,0.00249722,0.999334
5863372,-1.39102,0.542187,-0.0761125,-0.0353941,0.00499803,0.00453721,0.9993511
5896151,-1.39105,0.542208,-0.0761724,-0.035457,0.00570802,0.00430347,0.999346
5929926,-1.3911,0.542065,-0.0761997,-0.0360144,0.00587937,0.00527765,0.99932
5963485,-1.39107,0.542226,-0.0762827,-0.0355141,0.00595093,0.00375468,0.9993441
5996643,-1.39121,0.542141,-0.0763003,-0.035295,0.00730997,0.00467308,0.999339
6030792,-1.39116,0.542109,-0.0762949,-0.0356885,0.00686806,0.00506266,0.999327
6064269,-1.39115,0.542092,-0.0762993,-0.0360912,0.0066206,0.00455321,0.9993161
6096975,-1.39117,0.542116,-0.0764524,-0.0359172,0.00782109,0.00327176,0.999319
6130660,-1.39118,0.542178,-0.0763589,-0.0354786,0.00728368,0.00396822,0.999336
6163706,-1.39117,0.542199,-0.0763193,-0.0353796,0.00688622,0.00532391,0.999336
6197351,-1.39116,0.542098,-0.0761748,-0.035606,0.00564393,0.00576111,0.9993331
6230354,-1.39116,0.542185,-0.0762603,-0.0352985,0.00593959,0.00552406,0.999344
6263993,-1.39117,0.542168,-0.0763918,-0.0355153,0.00736095,0.00405313,0.999334
6297160,-1.39112,0.542245,-0.0763872,-0.0352885,0.00742686,0.00535797,0.999335
6331279,-1.39119,0.542127,-0.0761719,-0.0351214,0.00629184,0.00455497,0.9993531
6363491,-1.39118,0.542223,-0.0762769,-0.0347404,0.00673303,0.00501032,0.999361
6397073,-1.39117,0.542141,-0.0764673,-0.0352939,0.00782195,0.00318861,0.999341
6430491,-1.3911,0.542109,-0.0762041,-0.0355948,0.00623766,0.00523897,0.999333
6463993,-1.39113,0.542227,-0.076231,-0.0352308,0.00637493,0.00516491,0.9993461
6496829,-1.39113,0.542125,-0.0763586,-0.0355167,0.00750047,0.00483327,0.999329
6530667,-1.39114,0.54222,-0.0762554,-0.035224,0.00645518,0.00382695,0.999351
6564230,-1.39122,0.542162,-0.0763228,-0.0352143,0.00742688,0.00477763,0.9993411
6596598,-1.39118,0.542112,-0.0763355,-0.0357015,0.00719131,0.00469004,0.999326
6629686,-1.39115,0.542131,-0.076282,-0.0359254,0.00637641,0.00428097,0.999325
6663706,-1.39117,0.542109,-0.0763999,-0.0358069,0.00755101,0.00287738,0.999326
6696406,-1.39121,0.542094,-0.0763543,-0.036102,0.0075442,0.00375137,0.9993131
6730151,-1.39121,0.542104,-0.076332,-0.0362026,0.00746173,0.00454964,0.999306
6763735,-1.39119,0.542034,-0.0761702,-0.0363201,0.00571716,0.0053054,0.99931
6796825,-1.39118,0.542056,-0.0763174,-0.036093,0.00653226,0.00420309,0.9993181
6830634,-1.3912,0.542166,-0.0763276,-0.0360806,0.00711912,0.00304264,0.999319
6863862,-1.39109,0.542221,-0.0763418,-0.0358479,0.00650945,0.00438355,0.999326
6897150,-1.39119,0.542032,-0.0762354,-0.0362602,0.00603433,0.00444065,0.9993141
6931323,-1.3912,0.542142,-0.0763296,-0.0361473,0.00667465,0.00412489,0.999316
6964689,-1.39119,0.54211,-0.0764924,-0.0361892,0.00771318,0.00315437,0.99931
6996725,-1.39114,0.542188,-0.0762598,-0.0356908,0.00609278,0.0045443,0.999334
7030122,-1.39111,0.542214,-0.0763064,-0.03585,0.00615814,0.00458668,0.9993281
7064662,-1.39113,0.542219,-0.0763687,-0.03535,0.00672313,0.004757,0.999341
7097128,-1.39111,0.542165,-0.0763579,-0.0361419,0.00649823,0.00346011,0.99932
7130314,-1.39118,0.542122,-0.0764009,-0.0357118,0.00731414,0.00442271,0.9993261
7164281,-1.39116,0.542111,-0.076311,-0.0359186,0.00642847,0.00522213,0.99932
7198215,-1.39115,0.54212,-0.0763086,-0.0361652,0.00614364,0.00441567,0.999317
7230428,-1.39119,0.542133,-0.0765059,-0.0360666,0.00783592,0.00310263,0.9993141
7263754,-1.3912,0.542144,-0.0763794,-0.0357736,0.00725475,0.00396664,0.999326
7297199,-1.39119,0.542124,-0.0763308,-0.0360538,0.00693718,0.00503441,0.999313
7331071,-1.39119,0.542063,-0.076148,-0.0361663,0.0050096,0.00579664,0.9993161
7363930,-1.39118,0.54213,-0.0763525,-0.0358613,0.00653328,0.0049416,0.999323
7397188,-1.3912,0.542144,-0.076439,-0.0358635,0.00760569,0.00384966,0.99932
7430307,-1.39113,0.542165,-0.0763213,-0.0358968,0.00683533,0.00585419,0.999315
7462867,-1.39117,0.542036,-0.0761802,-0.0362309,0.00564353,0.00551253,0.9993121
7498230,-1.39114,0.542147,-0.0762974,-0.0357945,0.00671493,0.00491239,0.999325
7531123,-1.39112,0.542126,-0.076449,-0.0359645,0.00713341,0.00331685,0.999322
7563395,-1.39112,0.542145,-0.0762524,-0.0356407,0.00617729,0.00535764,0.9993311
7596379,-1.39112,0.542192,-0.0762549,-0.0356781,0.00624284,0.0053257,0.99933
7630965,-1.39112,0.542177,-0.0763994,-0.0350766,0.00744925,0.005136,0.999344
7664288,-1.39109,0.542231,-0.0762861,-0.0351465,0.00604352,0.00447912,0.9993541
7697663,-1.39114,0.542126,-0.0763174,-0.0355292,0.00714181,0.00458275,0.999333
7730879,-1.39107,0.542138,-0.0762283,-0.0354721,0.00546573,0.00535407,0.999341
7763634,-1.39113,0.542134,-0.0762231,-0.0353586,0.00609977,0.0038727,0.999349
7796909,-1.39115,0.542113,-0.0763823,-0.0351577,0.00755781,0.00253778,0.999351
7830718,-1.39117,0.542144,-0.07627,-0.0353377,0.00695619,0.0036437,0.999345
7863535,-1.39126,0.542121,-0.0763203,-0.035425,0.00763754,0.0043285,0.999334
7896947,-1.39123,0.542071,-0.0761602,-0.035641,0.00595615,0.00536763,0.9993321
7931012,-1.39128,0.542113,-0.0762134,-0.0354856,0.00644426,0.00460841,0.999339
7963566,-1.39121,0.542147,-0.076333,-0.0356418,0.00725499,0.00327531,0.999333
7997232,-1.39117,0.542171,-0.0762937,-0.0354805,0.00737444,0.00426067,0.9993341
8030589,-1.39128,0.542021,-0.0762078,-0.0357963,0.00705043,0.00360755,0.999328
8063314,-1.39122,0.542133,-0.0762505,-0.035543,0.00715706,0.00346446,0.999337
8097209,-1.39126,0.542111,-0.0764458,-0.0357451,0.00812594,0.0029611,0.999324
8129935,-1.39118,0.542196,-0.0761914,-0.0352022,0.00648401,0.00461535,0.9993491
8163837,-1.39112,0.542152,-0.0761924,-0.0354274,0.0065717,0.00418533,0.999342
8197181,-1.39114,0.542164,-0.076376,-0.0353413,0.00772407,0.00381101,0.999338
8231445,-1.39107,0.542263,-0.076282,-0.0351735,0.00645073,0.00354132,0.9993541
8263518,-1.39127,0.542135,-0.0762834,-0.0352619,0.00763789,0.00440429,0.999339
8297379,-1.39118,0.542153,-0.0762915,-0.035506,0.00723114,0.00394661,0.999336
8331290,-1.39118,0.542244,-0.0762161,-0.0348979,0.00678828,0.00277236,0.999364
8363329,-1.39092,0.540438,-0.0760352,-0.0256054,0.0121661,-0.000994305,0.9995981
8397312,-1.39125,0.542461,-0.0762646,-0.0345073,0.00717897,0.00365723,0.999372
8430860,-1.39115,0.542236,-0.0763105,-0.0348105,0.00739031,0.00424672,0.999358
8463860,-1.39117,0.54211,-0.0760708,-0.0354288,0.00572697,0.00481765,0.9993441
8497434,-1.39117,0.54217,-0.0762498,-0.0353188,0.00682698,0.00411204,0.999344
8530529,-1.39121,0.542206,-0.0763179,-0.0355863,0.00755111,0.00328884,0.999333
8564419,-1.39112,0.542264,-0.0763069,-0.035532,0.00741217,0.00466247,0.999331
8597734,-1.39123,0.542063,-0.0761855,-0.0358557,0.00678363,0.00466283,0.999323
8630586,-1.39124,0.542241,-0.0763042,-0.0351743,0.00742357,0.00490983,0.999342
8664151,-1.39119,0.542136,-0.0764626,-0.0353488,0.00814313,0.0033541,0.999336
8696685,-1.39117,0.542229,-0.0762002,-0.0349167,0.00682963,0.0049385,0.9993551
8731017,-1.39111,0.542302,-0.0761431,-0.0349404,0.00619965,0.00482534,0.999359
8763186,-1.39117,0.542249,-0.0763496,-0.0346156,0.00783616,0.00463118,0.999359
8796749,-1.39116,0.542295,-0.0763154,-0.0350674,0.00725316,0.00393719,0.9993511
8830582,-1.39124,0.542183,-0.0763489,-0.0352168,0.0081771,0.00490506,0.999334
8863575,-1.39122,0.542195,-0.0763274,-0.0353744,0.00756727,0.00517963,0.999332
8896267,-1.3911,0.542237,-0.076261,-0.0351909,0.00636004,0.00450556,0.99935
8930094,-1.39113,0.542219,-0.0764123,-0.0351227,0.0077227,0.00336883,0.9993481
8963602,-1.39123,0.542177,-0.0763323,-0.0353076,0.00779065,0.0046102,0.999336
8996776,-1.39123,0.542215,-0.0763506,-0.0353379,0.00787531,0.00515448,0.999331
9030414,-1.39121,0.542129,-0.0761694,-0.0354742,0.00613565,0.00603211,0.9993341
9064054,-1.39126,0.542224,-0.0763315,-0.0352373,0.00753572,0.00463377,0.99934
9096989,-1.39126,0.542219,-0.0763545,-0.0352383,0.00816506,0.00412844,0.999337
9130693,-1.39119,0.542261,-0.0763406,-0.0350473,0.00819266,0.00520747,0.9993391
9164420,-1.39122,0.542116,-0.0761641,-0.0349725,0.00683993,0.00474261,0.999354
9197289,-1.39122,0.542259,-0.0762764,-0.0346605,0.00731438,0.00482009,0.999361
9230408,-1.39119,0.542158,-0.0764583,-0.0349912,0.00835403,0.00342208,0.999347
9264028,-1.39115,0.542146,-0.0762178,-0.0354803,0.00673526,0.0048051,0.9993361
9296987,-1.39113,0.542181,-0.0762417,-0.0353333,0.00680594,0.00490175,0.99934
9330452,-1.39119,0.542152,-0.0763745,-0.0353446,0.00839444,0.00438212,0.99933
9363350,-1.39114,0.542283,-0.0763154,-0.0351178,0.00710428,0.00389645,0.99935
9397255,-1.39122,0.542073,-0.0763691,-0.0353668,0.00823553,0.00453345,0.999331
9431580,-1.39113,0.542141,-0.0763281,-0.0354044,0.00699553,0.00458275,0.999338
9463612,-1.39112,0.542158,-0.0762612,-0.0355679,0.00679771,0.00340334,0.999338
9495929,-1.39115,0.542217,-0.0764175,-0.0351579,0.00777104,0.00283554,0.999348
9530544,-1.39115,0.542176,-0.0763091,-0.0351961,0.00714931,0.00370035,0.9993481
9563531,-1.39124,0.542199,-0.0763198,-0.0351491,0.00763119,0.00433276,0.999344
9597319,-1.39127,0.542152,-0.076165,-0.035183,0.00657873,0.00478535,0.999348
9630753,-1.39128,0.542192,-0.0762178,-0.0349475,0.00675657,0.00462167,0.9993561
9663619,-1.39121,0.542132,-0.0763823,-0.0356522,0.00786731,0.00354988,0.999327
9697317,-1.39114,0.542151,-0.076335,-0.0356338,0.00754565,0.00485246,0.999325
9730426,-1.39121,0.542092,-0.0762031,-0.035445,0.00662543,0.00406001,0.999341
9764739,-1.39122,0.542126,-0.0762217,-0.0355576,0.00711946,0.00392614,0.9993351
9797867,-1.39119,0.542137,-0.076415,-0.0350982,0.00787986,0.00259652,0.999349
9831005,-1.39114,0.54218,-0.0761975,-0.0351123,0.00627142,0.00445072,0.999354
9864091,-1.39111,0.542237,-0.0762109,-0.0353282,0.00605272,0.0045685,0.999347
9897163,-1.39115,0.5422,-0.0763452,-0.0352129,0.00751956,0.00423903,0.9993431
9995308,-1.39111,0.542238,-0.0762761,-0.0353076,0.00650939,0.00365016,0.999349
9995926,-1.39123,0.542115,-0.0762876,-0.0353588,0.00748655,0.0038375,0.999339
9997624,-1.3912,0.542173,-0.0763081,-0.0354128,0.0072034,0.00395668,0.9993391
10029574,-1.39119,0.542214,-0.0762959,-0.0352249,0.00706562,0.00373018,0.999348
10063990,-1.39122,0.542216,-0.0763813,-0.0346297,0.00794767,0.00218233,0.999366
10096791,-1.39125,0.542233,-0.0762197,-0.0345781,0.00717677,0.00385845,0.999369
10130127,-1.39126,0.542201,-0.0763274,-0.034718,0.0082381,0.00446074,0.9993531
10164106,-1.39127,0.542088,-0.07621,-0.0348421,0.00732642,0.00417591,0.999357
10196621,-1.3913,0.542144,-0.0762319,-0.0345475,0.0075856,0.00387437,0.999367
10230916,-1.39129,0.54222,-0.0763254,-0.0345482,0.00840228,0.00318113,0.9993631
10263648,-1.39122,0.542247,-0.0762795,-0.0348864,0.00807913,0.00502102,0.999346
10297032,-1.39123,0.542154,-0.0761704,-0.0346568,0.00710125,0.00370232,0.999367
10330320,-1.3912,0.542293,-0.0762576,-0.0343395,0.00716795,0.00424049,0.999376
10363743,-1.39113,0.542136,-0.0763362,-0.0349785,0.00765763,0.00268745,0.9993551
10397852,-1.39112,0.542209,-0.076146,-0.034772,0.00625089,0.00429918,0.999366
10430369,-1.39118,0.542215,-0.0761582,-0.0345228,0.0065569,0.00452895,0.999372
10463777,-1.39116,0.542172,-0.0762791,-0.0344796,0.00774601,0.00392646,0.9993681
10496551,-1.39107,0.542211,-0.0762095,-0.0349938,0.00637895,0.00292313,0.999363
10531193,-1.39116,0.542133,-0.0761858,-0.0351341,0.00676853,0.00460716,0.999349
10565097,-1.39118,0.542144,-0.0762861,-0.0349677,0.00727873,0.0040666,0.9993541
10596656,-1.39122,0.542103,-0.0762175,-0.0352557,0.00715887,0.00338757,0.999347
10630020,-1.39122,0.542122,-0.0763896,-0.0350584,0.0084742,0.00225335,0.999347
10663756,-1.39124,0.542125,-0.0762886,-0.0353312,0.00811266,0.00307256,0.999338
10697355,-1.39125,0.54215,-0.0763135,-0.0351254,0.00833966,0.00395025,0.999341
10730790,-1.39123,0.542033,-0.0761152,-0.035445,0.00676115,0.00460894,0.999338
10763674,-1.3912,0.542086,-0.0762961,-0.0352605,0.00764783,0.00373302,0.999342
10797594,-1.39121,0.542138,-0.0763281,-0.0355176,0.00792542,0.00345469,0.9993321
10830633,-1.39111,0.542259,-0.0762717,-0.0349355,0.00738491,0.00516357,0.999349
10863446,-1.3912,0.542093,-0.0761509,-0.0349646,0.00673758,0.00422282,0.999357
10897489,-1.39125,0.542208,-0.0762922,-0.0348471,0.0078558,0.00399641,0.999354
10930056,-1.39121,0.542185,-0.0764033,-0.0346951,0.00842567,0.00228997,0.999361
10963948,-1.39113,0.542276,-0.0761431,-0.0345839,0.0066132,0.00360141,0.999373
10996996,-1.39113,0.542329,-0.0761514,-0.0346029,0.00645739,0.00346324,0.999374
11029940,-1.39115,0.54226,-0.0763347,-0.0342261,0.00780932,0.00379483,0.999376
11064146,-1.39118,0.542305,-0.0762832,-0.034571,0.00729637,0.00282544,0.9993721
11097392,-1.39127,0.542236,-0.0762561,-0.0345882,0.00769273,0.00393073,0.999364
11130795,-1.39124,0.542209,-0.0763491,-0.0349288,0.00790489,0.00365678,0.999352
11164040,-1.39122,0.54224,-0.0762798,-0.0348657,0.00713062,0.00362289,0.99936
11197521,-1.39125,0.542272,-0.0764546,-0.0347171,0.00848062,0.00218182,0.9993591
11230786,-1.3912,0.542278,-0.0762739,-0.0345508,0.00732002,0.00269934,0.999372
11264022,-1.3912,0.542317,-0.0763076,-0.0345301,0.0074778,0.00323999,0.99937
11297358,-1.39122,0.54218,-0.0762163,-0.0349889,0.00662258,0.00356603,0.999359
11331487,-1.3913,0.542236,-0.0762832,-0.034691,0.00730504,0.00306642,0.9993671
11363321,-1.39131,0.542211,-0.076332,-0.0350059,0.00827968,0.00168254,0.999351
11397782,-1.39123,0.542302,-0.0763313,-0.0345438,0.00803886,0.0035148,0.999365
11430632,-1.39125,0.542181,-0.0762568,-0.0347658,0.0069743,0.00314954,0.999366
11464138,-1.39126,0.542349,-0.0762986,-0.0346145,0.00736331,0.00333679,0.9993681
11496703,-1.39122,0.542204,-0.0764619,-0.0344933,0.00797636,0.00177412,0.999372
11530631,-1.39122,0.542266,-0.0762166,-0.0344069,0.00672843,0.0034391,0.999379
11564251,-1.39116,0.542291,-0.0763374,-0.0345505,0.0070942,0.00318366,0.9993731
11597396,-1.3912,0.542317,-0.0763879,-0.0340286,0.00815319,0.00327328,0.999382
11631608,-1.3909,0.540673,-0.0758745,-0.0250096,0.0109784,-0.000444506,0.999627
11663409,-1.39123,0.542481,-0.0763765,-0.0336713,0.00781959,0.00286388,0.999398
11697276,-1.39119,0.542282,-0.0763232,-0.0341765,0.0072299,0.00290489,0.9993851
11730556,-1.39128,0.542267,-0.0762893,-0.0338559,0.00775606,0.00216292,0.999394
11763397,-1.39128,0.542271,-0.0764165,-0.0338192,0.00847241,0.00133173,0.999391
11797203,-1.39125,0.54231,-0.0763018,-0.0339992,0.00726467,0.00266277,0.999392
11831325,-1.39126,0.542257,-0.0763682,-0.0344342,0.00786708,0.00322715,0.9993711
11864589,-1.39128,0.542198,-0.0762644,-0.0346091,0.00717465,0.00314099,0.99937
11897350,-1.39126,0.542269,-0.0762705,-0.0344982,0.00658644,0.00365717,0.999376
11931267,-1.39128,0.54223,-0.0763628,-0.0344102,0.00786996,0.00233295,0.999374
11963989,-1.39121,0.54227,-0.0763833,-0.0346025,0.00752797,0.003501,0.9993671
11996637,-1.39124,0.542146,-0.0762561,-0.0346483,0.00666277,0.00311837,0.999372
12030560,-1.39128,0.542305,-0.0763638,-0.034434,0.00729533,0.00323421,0.999375
12063511,-1.39118,0.542171,-0.0764502,-0.0347456,0.00780308,0.00204735,0.999364
12096890,-1.39117,0.542235,-0.0762588,-0.0346945,0.00656367,0.00341565,0.9993711
12130117,-1.39116,0.542299,-0.0763196,-0.0345359,0.00713076,0.0030553,0.999373
12163148,-1.39115,0.542241,-0.076395,-0.0345654,0.00773026,0.00347886,0.999366
12197167,-1.39115,0.54225,-0.0762734,-0.034704,0.00669051,0.00246131,0.9993721
12229962,-1.39123,0.542185,-0.0763286,-0.0342702,0.00765328,0.00325135,0.999378
12262514,-1.39123,0.542223,-0.0763198,-0.034545,0.00748757,0.00308359,0.99937
12296752,-1.39121,0.542219,-0.0762671,-0.0342499,0.00696556,0.00275805,0.999385
12330145,-1.39123,0.542267,-0.0764487,-0.034388,0.00800822,0.00193213,0.9993751
12363447,-1.39125,0.542221,-0.0763416,-0.0343894,0.00767587,0.0028091,0.999375
12397579,-1.39124,0.542248,-0.0763433,-0.0344395,0.00768876,0.00372741,0.99937
12430045,-1.39126,0.542153,-0.076217,-0.0346055,0.00695412,0.00368757,0.99937
12464125,-1.39126,0.542199,-0.0762593,-0.0341932,0.00727387,0.00312457,0.9993841
12497301,-1.39118,0.542303,-0.0763533,-0.0343539,0.00744717,0.00248461,0.999379
12531765,-1.39109,0.542296,-0.0763389,-0.0342031,0.00710336,0.00350836,0.999384
12563526,-1.3912,0.542125,-0.0762324,-0.0347071,0.00687513,0.00318232,0.999369
12596378,-1.39117,0.542304,-0.0762676,-0.0341134,0.00667345,0.0035474,0.9993891
12630927,-1.39113,0.54223,-0.0763823,-0.0341185,0.00733514,0.00203674,0.999389
12664889,-1.39109,0.542276,-0.0761606,-0.0338864,0.00594459,0.00350875,0.999402
12697189,-1.39109,0.542316,-0.0761755,-0.0340384,0.00629917,0.00356922,0.9993941
12730222,-1.39114,0.542291,-0.0762895,-0.0334116,0.00770253,0.00375149,0.999405
12764331,-1.39108,0.542348,-0.0762104,-0.0336816,0.00643296,0.00251245,0.999409
12797598,-1.39116,0.542212,-0.0762319,-0.0336733,0.00724859,0.00373334,0.99941
12831000,-1.39116,0.542203,-0.0762529,-0.0342588,0.00716312,0.00389049,0.99938
12864355,-1.39125,0.542269,-0.0761191,-0.033767,0.00645129,0.0040384,0.999401
12897813,-1.39125,0.542219,-0.0763369,-0.0337683,0.00801259,0.00219329,0.9993951
12930563,-1.39123,0.542163,-0.0762661,-0.0343533,0.00777929,0.00299209,0.999375
12963937,-1.39125,0.542232,-0.0762847,-0.0341513,0.00792505,0.00412948,0.999377
12997424,-1.39125,0.542161,-0.0760903,-0.0343788,0.00631972,0.00499116,0.999376
13030199,-1.3913,0.542175,-0.0762095,-0.0340892,0.00741737,0.003678,0.9993851
13063781,-1.3913,0.54226,-0.0762695,-0.0340796,0.00776835,0.00279215,0.999385
13097885,-1.39114,0.542317,-0.0762261,-0.0344599,0.00712933,0.0041845,0.999372
13130473,-1.3912,0.542143,-0.0760791,-0.0347087,0.00612229,0.00321278,0.9993741
13163533,-1.39125,0.542226,-0.0762827,-0.0345729,0.00751136,0.00335714,0.999368
13197743,-1.3912,0.542126,-0.0763794,-0.0347304,0.00793743,0.00158449,0.999364
13230542,-1.39114,0.542209,-0.0761426,-0.0348003,0.00640841,0.00276106,0.999371
13264062,-1.39114,0.542344,-0.0761455,-0.034172,0.00631371,0.00278535,0.999392
13297144,-1.39118,0.542265,-0.0763115,-0.0342479,0.00762257,0.00285497,0.99938
13330523,-1.39112,0.542323,-0.0761719,-0.0343896,0.00620793,0.00139283,0.999388
13364296,-1.39123,0.542172,-0.0762332,-0.0346308,0.00760023,0.00239935,0.9993681
13397488,-1.39119,0.542215,-0.0762383,-0.0347175,0.0070736,0.00282427,0.999368
13430126,-1.39122,0.542226,-0.0761567,-0.0345483,0.00658688,0.00274017,0.999378
13463837,-1.39121,0.542232,-0.0763176,-0.034351,0.00781693,0.000978598,0.999379
13496620,-1.39124,0.542271,-0.0762266,-0.0342128,0.00751345,0.00178601,0.9993851
13530717,-1.39124,0.542308,-0.0762178,-0.0342314,0.00758389,0.00256916,0.999382
13563750,-1.39132,0.542121,-0.0760908,-0.0348484,0.00683125,0.00377712,0.999362
13598024,-1.39122,0.5422,-0.0762009,-0.0348926,0.00698246,0.00286448,0.9993631
13630537,-1.39123,0.542234,-0.0762847,-0.0350311,0.00768932,0.00180124,0.999355
13663946,-1.39122,0.542255,-0.0762644,-0.0346849,0.00766865,0.0042106,0.99936
13698676,-1.39124,0.542115,-0.0761719,-0.0350783,0.0069192,0.00345976,0.9993551
13730805,-1.39127,0.542198,-0.0762163,-0.0347772,0.00757598,0.0032211,0.999361
13763819,-1.39127,0.542185,-0.0763552,-0.0345968,0.00832105,0.00206016,0.999365
13797596,-1.3912,0.542243,-0.0761909,-0.0344338,0.00691426,0.00330466,0.999378
13830300,-1.39118,0.542257,-0.0762349,-0.0345883,0.00719313,0.00347445,0.999371
13863642,-1.39121,0.542266,-0.0762981,-0.0341539,0.00822246,0.00375242,0.999376
13897721,-1.39117,0.542243,-0.0762725,-0.0347007,0.00738802,0.00253391,0.999367
13929777,-1.39128,0.542178,-0.0762798,-0.0345549,0.00810869,0.003223,0.999365
13963930,-1.3913,0.542115,-0.0762881,-0.0350926,0.00802058,0.00376473,0.9993451
13997357,-1.39129,0.542205,-0.0762344,-0.0346525,0.00751866,0.00332743,0.999366
14030076,-1.39128,0.542159,-0.0764233,-0.0346997,0.00895989,0.00219592,0.999355
14064291,-1.39131,0.542166,-0.076335,-0.0347647,0.00827187,0.00306097,0.9993571
14097089,-1.39128,0.542214,-0.076291,-0.0346415,0.00802823,0.00389332,0.99936
14131027,-1.39136,0.542056,-0.0762449,-0.0350229,0.00823957,0.0033429,0.999347
14162890,-1.3913,0.542173,-0.0763047,-0.0346169,0.00800358,0.00306737,0.999364
14197868,-1.39127,0.542252,-0.0763157,-0.0342688,0.00837886,0.00201206,0.9993761
14230654,-1.39124,0.542295,-0.0762642,-0.0343728,0.00800476,0.00379459,0.99937
14264152,-1.39127,0.54219,-0.0762026,-0.0343272,0.00749843,0.00260815,0.999379
14296634,-1.39128,0.542303,-0.0762969,-0.0342554,0.00795695,0.00324017,0.999376
14330887,-1.39121,0.542223,-0.0763943,-0.0340296,0.00842339,0.00155632,0.9993841
14363890,-1.39119,0.542267,-0.0761907,-0.0339846,0.00688237,0.00312063,0.999394
14397627,-1.39119,0.542311,-0.0761611,-0.0339931,0.00675948,0.00340736,0.999393
14430623,-1.39122,0.542293,-0.0763438,-0.0337096,0.00844757,0.00281551,0.999392
14463564,-1.39118,0.542366,-0.0762485,-0.0336622,0.00714053,0.00187676,0.9994061
14498043,-1.39131,0.542278,-0.0762766,-0.0336507,0.00833857,0.00265982,0.999395
14530005,-1.39121,0.542255,-0.0762373,-0.0339455,0.00751802,0.00246965,0.999392
14563669,-1.3912,0.542367,-0.0761182,-0.0334869,0.00667336,0.00218829,0.9994151
14597713,-1.39122,0.542329,-0.0762373,-0.0334404,0.00744873,0.00155307,0.999412
14629986,-1.39125,0.542274,-0.0762104,-0.033569,0.00778626,0.00184579,0.999404
14663490,-1.3912,0.542339,-0.0761895,-0.0335073,0.00742153,0.00305504,0.999406
14697129,-1.39134,0.542158,-0.07604,-0.0339198,0.0069538,0.00387973,0.9993931
14730681,-1.39127,0.542243,-0.0762075,-0.0338005,0.00760354,0.00313509,0.999395
14764018,-1.3912,0.542287,-0.0762439,-0.0341653,0.0077943,0.00198807,0.999384
14798252,-1.39113,0.542279,-0.0762515,-0.0340981,0.00762566,0.00352499,0.9993831
14829983,-1.3912,0.542206,-0.0761357,-0.0341527,0.00704213,0.00296411,0.999387
14863767,-1.39121,0.542366,-0.0761958,-0.0336023,0.00725876,0.00331944,0.999403
14898098,-1.39114,0.542244,-0.0763142,-0.0338289,0.00769562,0.00193115,0.999396
14930903,-1.39113,0.542313,-0.0760747,-0.0335175,0.00633257,0.00304934,0.9994131
14963497,-1.39115,0.542309,-0.076166,-0.0338056,0.0072562,0.00255206,0.999399
14996922,-1.39123,0.54231,-0.0762617,-0.0331958,0.00835611,0.00278938,0.99941
15029765,-1.39113,0.542368,-0.0761863,-0.0334304,0.00704279,0.00173511,0.999415
15064291,-1.3913,0.542234,-0.0762056,-0.0334873,0.00826411,0.0025306,0.9994021
15097895,-1.3913,0.54222,-0.0761831,-0.0337562,0.00758713,0.00335896,0.999396
15131430,-1.39133,0.542236,-0.0761523,-0.0335569,0.00753074,0.00276729,0.999405
15163191,-1.39133,0.5422,-0.0763374,-0.0334281,0.00887534,0.00131367,0.999401
15197169,-1.39135,0.542206,-0.0762539,-0.0335563,0.00869159,0.00210031,0.9993971
15230406,-1.39126,0.542207,-0.0763013,-0.0339384,0.00831858,0.0030795,0.999385
15263397,-1.39124,0.542102,-0.0761182,-0.0344163,0.00664987,0.00329963,0.99938
15296687,-1.39127,0.542181,-0.076248,-0.0342898,0.00732073,0.0028226,0.999381
15330909,-1.39132,0.542203,-0.0763357,-0.0342206,0.00849848,0.00213455,0.9993761
15364173,-1.39112,0.542304,-0.0762256,-0.0340259,0.00697036,0.00357807,0.99939
15397289,-1.39116,0.542144,-0.0761509,-0.0343217,0.00647365,0.00243541,0.999387
15430710,-1.39125,0.542241,-0.0762397,-0.0342583,0.00754933,0.00331319,0.999379
15463481,-1.39118,0.54218,-0.076384,-0.034069,0.00784851,0.00183137,0.9993871
15497291,-1.39111,0.542284,-0.0761331,-0.0338587,0.00620497,0.00312492,0.999403
15530415,-1.39108,0.542305,-0.0761655,-0.034196,0.00632089,0.00293022,0.999391
15563861,-1.39116,0.542233,-0.0762749,-0.0340664,0.0075729,0.00303659,0.9993861
15598340,-1.39109,0.542295,-0.0761602,-0.0340863,0.00614548,0.00146194,0.999399
15630422,-1.39128,0.542238,-0.0762368,-0.0335887,0.00795697,0.0026727,0.9994
15663372,-1.39126,0.542204,-0.0762373,-0.0339293,0.0078757,0.00283685,0.999389
15696656,-1.39124,0.542283,-0.0761357,-0.0338362,0.00669108,0.00351155,0.9993991
15730050,-1.39128,0.542213,-0.076312,-0.033557,0.00837429,0.00170683,0.9994
15763949,-1.39128,0.542206,-0.0762559,-0.0338887,0.008036,0.00287926,0.999389
15797427,-1.39129,0.542226,-0.0762715,-0.0339251,0.00837145,0.00358135,0.9993831
15830585,-1.39129,0.542181,-0.0760706,-0.0339612,0.00683118,0.00438411,0.99939
15863630,-1.39128,0.542195,-0.0761792,-0.0336555,0.00738333,0.00333444,0.999401
15897986,-1.39131,0.542284,-0.0762895,-0.0338118,0.0085407,0.00193175,0.999391
15930710,-1.39123,0.542313,-0.0762632,-0.0337258,0.00805794,0.00361729,0.999392
15963863,-1.39128,0.542195,-0.0760723,-0.0336601,0.00685362,0.00332797,0.999404
15997939,-1.39126,0.542288,-0.0762104,-0.0335087,0.00767779,0.00368286,0.999402
16030428,-1.39125,0.542201,-0.0763633,-0.0337744,0.00851235,0.00182517,0.9993921
16063353,-1.39122,0.542302,-0.0761318,-0.0333688,0.00686646,0.00286171,0.999415
16096953,-1.3912,0.542302,-0.0761563,-0.0335018,0.00708585,0.00306636,0.999409
16131068,-1.39122,0.542269,-0.0762883,-0.0332262,0.00836381,0.00313365,0.9994081
16164638,-1.39119,0.542296,-0.0762153,-0.0337855,0.00722518,0.00237914,0.9994
16197666,-1.39126,0.542282,-0.0762261,-0.0335547,0.00756458,0.00350598,0.999402
16230959,-1.39125,0.542203,-0.0762666,-0.0339837,0.00780089,0.00330454,0.999386
16263715,-1.39124,0.54229,-0.0760767,-0.0335946,0.00644164,0.00351987,0.9994091
16297955,-1.39131,0.542219,-0.0763355,-0.0336072,0.00871712,0.00159861,0.999396
16330645,-1.39132,0.542229,-0.0762974,-0.0339046,0.00841919,0.00246256,0.999387
16363512,-1.3913,0.54222,-0.0762666,-0.0339682,0.0083541,0.00335017,0.999382
16397888,-1.39133,0.542113,-0.0761314,-0.0342905,0.0071806,0.00412531,0.9993781
16430374,-1.39135,0.542158,-0.0761865,-0.0339864,0.00753965,0.0038071,0.999387
16463354,-1.3913,0.542265,-0.0762759,-0.0338236,0.00807389,0.0023449,0.999392
16497097,-1.3913,0.542245,-0.0762856,-0.0341114,0.00805533,0.00426064,0.999376
16530844,-1.39134,0.54212,-0.0760591,-0.0340663,0.00668204,0.00420819,0.9993881
16563881,-1.39128,0.54224,-0.076248,-0.0340296,0.00779271,0.00321072,0.999385
16596623,-1.39121,0.542124,-0.0763486,-0.0341441,0.00796644,0.00180556,0.999384
16630028,-1.3912,0.542225,-0.0761543,-0.0339483,0.00678933,0.00326964,0.999395
16665017,-1.39122,0.54216,-0.0762495,-0.0342235,0.00761235,0.00266397,0.9993821
16698251,-1.39122,0.542274,-0.0762322,-0.0337377,0.00751859,0.00334582,0.999397
16731128,-1.39108,0.542352,-0.0762197,-0.0337724,0.00621801,0.00204616,0.999408
16763587,-1.39124,0.542219,-0.076248,-0.0337589,0.00748841,0.0026946,0.999398
16797150,-1.3912,0.542299,-0.0761397,-0.0341707,0.00624984,0.00293737,0.9993921
16831763,-1.39115,0.542232,-0.0761885,-0.0342041,0.00649074,0.00154383,0.999393
16863776,-1.39117,0.542232,-0.0763271,-0.034204,0.0074379,0.000708676,0.999387
16897144,-1.39117,0.542212,-0.0762024,-0.0341966,0.00672818,0.00152726,0.999391
16930628,-1.39118,0.542264,-0.0761787,-0.0342007,0.00659229,0.00282019,0.9993891
16963522,-1.3912,0.542144,-0.0761357,-0.0344337,0.00661894,0.00222977,0.999383
16997635,-1.39126,0.542138,-0.0761885,-0.034247,0.00713315,0.00197469,0.999386
17030256,-1.39125,0.542194,-0.0763101,-0.034526,0.00810309,0.00153761,0.99937
17064179,-1.39121,0.542241,-0.0762776,-0.0341149,0.00788732,0.00305554,0.9993821
17097545,-1.39127,0.542177,-0.0761284,-0.0338737,0.00696484,0.00296825,0.999397
17130427,-1.39129,0.542296,-0.0762832,-0.0334941,0.00805132,0.00259292,0.999403
17164013,-1.39121,0.542203,-0.076408,-0.033571,0.00835495,0.00140731,0.9994
17197710,-1.39117,0.542284,-0.0761809,-0.0334381,0.00702538,0.00309944,0.9994111
17230438,-1.3912,0.542262,-0.0762622,-0.0335379,0.00784755,0.00241875,0.999404
17263507,-1.39122,0.542295,-0.0763164,-0.0330833,0.0085005,0.00277334,0.999413
17297743,-1.39117,0.542273,-0.0762412,-0.0336121,0.00730619,0.00173788,0.9994071
17330646,-1.39128,0.542218,-0.0761978,-0.03346,0.0077217,0.00279095,0.999406
17363647,-1.39124,0.542216,-0.0762671,-0.0337161,0.00791187,0.00282773,0.999396
17397159,-1.39128,0.542195,-0.0762026,-0.033845,0.00782219,0.00184794,0.999395
17430819,-1.39128,0.542255,-0.076355,-0.0332733,0.00878056,0.000954309,0.9994071
17463271,-1.39122,0.54231,-0.0762307,-0.0333221,0.00775231,0.00134341,0.999414
17497446,-1.39119,0.542292,-0.0762615,-0.0335307,0.007702,0.002487,0.999405
17530016,-1.39128,0.542172,-0.0761211,-0.0339039,0.00695841,0.00376255,0.999394
17563417,-1.39133,0.542151,-0.0762588,-0.0336158,0.00819662,0.00266865,0.9993981
17598392,-1.3912,0.542257,-0.0762988,-0.0341635,0.00802857,0.00170829,0.999383
17631056,-1.39115,0.542294,-0.0762305,-0.0337354,0.00770699,0.00304997,0.999396
17664747,-1.3912,0.542168,-0.0760432,-0.0338289,0.00649495,0.002272,0.9994041
17697319,-1.39131,0.542224,-0.0762627,-0.0337953,0.00810722,0.00281393,0.999392
17730756,-1.39116,0.542185,-0.0763516,-0.0342533,0.00796177,0.00140132,0.999381
17764596,-1.39125,0.542088,-0.0762046,-0.0344147,0.00758217,0.00296187,0.999375
17796778,-1.39115,0.542249,-0.0761147,-0.0338538,0.00627635,0.00324294,0.9994021
17830639,-1.39127,0.542092,-0.0763081,-0.0340926,0.0089093,0.0028868,0.999375
17864607,-1.39127,0.542149,-0.0762295,-0.0341206,0.00815354,0.00182046,0.999383
17897333,-1.39135,0.542055,-0.0762944,-0.0342085,0.00932932,0.00258377,0.9993681
17930249,-1.3913,0.542152,-0.0763022,-0.0342089,0.00883383,0.00260889,0.999372
17964195,-1.39126,0.542176,-0.0762395,-0.0344437,0.00807162,0.0021952,0.999372
17997850,-1.39125,0.542152,-0.0763628,-0.0343036,0.00903797,0.00115643,0.999371
18030165,-1.3913,0.542234,-0.0762124,-0.0338447,0.00800404,0.00219383,0.999393
18063644,-1.39127,0.542205,-0.0762837,-0.0338516,0.00858087,0.00241699,0.999387
18097646,-1.39136,0.542084,-0.0760994,-0.034077,0.00749122,0.00334794,0.999386
18130852,-1.3913,0.542222,-0.0761626,-0.0335191,0.0074549,0.00262641,0.9994071
18164082,-1.39135,0.542166,-0.0762727,-0.0339688,0.00893479,0.00119684,0.999382
18196807,-1.39125,0.542256,-0.0762314,-0.0337006,0.00847933,0.0026597,0.999393
18230600,-1.39132,0.542122,-0.0761409,-0.0337308,0.00797635,0.00198748,0.999397
18263573,-1.39131,0.542308,-0.076218,-0.0333414,0.00825308,0.00216573,0.9994081
18297129,-1.39131,0.542186,-0.0764116,-0.0335158,0.00943776,-0.000360463,0.999394
18330706,-1.3913,0.542253,-0.0763237,-0.0337707,0.00972653,-0.000295076,0.999382
18364337,-1.39133,0.542278,-0.0763608,-0.0339187,0.0107584,-0.00247695,0.9993641
18397340,-1.39154,0.542373,-0.0765117,-0.0345843,0.0121022,-0.00222846,0.999326
18430679,-1.39144,0.542354,-0.0763213,-0.034791,0.0102967,-0.00283664,0.999338
18464330,-1.39153,0.542253,-0.0762451,-0.0352726,0.00969176,-0.000593996,0.999331
18497841,-1.39151,0.542186,-0.0763665,-0.0355534,0.00957082,-0.000811853,0.9993221
18530619,-1.39154,0.542241,-0.0763828,-0.0360417,0.0102927,-0.00128831,0.999296
18563212,-1.39128,0.542233,-0.076355,-0.0342589,0.00960401,-0.000667519,0.999367
18597045,-1.39129,0.542206,-0.076292,-0.0341124,0.00912961,0.000196399,0.999376
18630595,-1.39124,0.542269,-0.0762078,-0.0337606,0.00784759,0.00143485,0.9993981
18663984,-1.39128,0.542128,-0.0760215,-0.0336879,0.00643169,0.00187515,0.99941
18697347,-1.39142,0.542179,-0.0762395,-0.0351341,0.0077961,-0.000427548,0.999352
18731688,-1.39151,0.542286,-0.0764026,-0.0355555,0.0090589,-0.00195037,0.9993251
18763547,-1.39157,0.542335,-0.0766084,-0.0358842,0.0122304,-0.00242787,0.999278
18797505,-1.39156,0.54221,-0.0765,-0.0360972,0.0112258,-0.00298417,0.999281
18830479,-1.39156,0.542197,-0.0765752,-0.0359148,0.0125002,-0.00326041,0.999271
18864229,-1.39127,0.542183,-0.0764487,-0.0349379,0.0106697,-0.00319743,0.9993271
18897380,-1.39141,0.542166,-0.0764619,-0.0347803,0.0110758,-0.00181489,0.999332
18930058,-1.39141,0.542198,-0.0763882,-0.0339793,0.0115553,-0.00335214,0.99935
18963830,-1.39135,0.542351,-0.076252,-0.0330536,0.00990012,-0.000109733,0.999405
18997503,-1.39124,0.542292,-0.0763501,-0.0331708,0.00995441,-0.00336242,0.9993951
19029984,-1.39137,0.542103,-0.0764688,-0.0336219,0.011544,-0.00189282,0.999366
19064202,-1.39129,0.542243,-0.0761909,-0.0331124,0.00856378,0.000673986,0.999415
19097145,-1.39142,0.54224,-0.0764829,-0.0338092,0.010784,-0.00232314,0.999367
19130672,-1.39165,0.542319,-0.076606,-0.0345,0.0129448,-0.00398845,0.9993131
19164146,-1.39154,0.542209,-0.0765234,-0.0347959,0.0122575,-0.00291124,0.999315
19197391,-1.39153,0.542249,-0.0765244,-0.0350027,0.0122369,-0.00223079,0.99931
19230315,-1.39153,0.541959,-0.0760715,-0.0372169,0.00833295,0.000156166,0.999272
19264610,-1.39139,0.542354,-0.0762495,-0.0339567,0.00920534,-0.000859001,0.9993811
19298128,-1.39119,0.542401,-0.0758547,-0.0284193,0.0105412,-0.00389419,0.999533
19330432,-1.39158,0.542402,-0.076064,-0.029687,0.0131231,-0.00207435,0.999471
19364151,-1.39143,0.542247,-0.0759167,-0.0322673,0.00999303,-0.00186314,0.999428
19398005,-1.39138,0.542272,-0.0760317,-0.0318399,0.0107836,-0.00177439,0.9994331
19430223,-1.39141,0.542008,-0.0758643,-0.0319798,0.00972413,-0.000619686,0.999441
19463992,-1.39138,0.542083,-0.0760344,-0.0330387,0.0105159,-0.000667012,0.999399
19497386,-1.39153,0.542077,-0.0760464,-0.0336002,0.011931,-0.00171261,0.999363
19530799,-1.39154,0.542245,-0.0762183,-0.0333177,0.012197,-0.00202807,0.9993681
19563526,-1.39164,0.542261,-0.0759302,-0.0284729,0.0128762,-0.00545203,0.999497
19597069,-1.39127,0.539796,-0.0751528,-0.0155147,0.0164251,-0.009552,0.999699
19630869,-1.39134,0.542698,-0.0755129,-0.03099,0.00591639,-0.00113894,0.9995021
19663091,-1.39118,0.54265,-0.0753916,-0.0306529,0.00435718,-0.00304845,0.999516
19697920,-1.39135,0.542469,-0.0755659,-0.0269752,0.00849451,-0.00460218,0.999589
19730708,-1.39114,0.542525,-0.075593,-0.0287334,0.00666081,-0.000997076,0.999564
19763822,-1.39131,0.542167,-0.0757405,-0.0302903,0.00754385,0.000641531,0.9995121
19797182,-1.39151,0.542123,-0.0757546,-0.0322621,0.00793069,0.000205936,0.999448
19830099,-1.39115,0.540039,-0.0752559,-0.0205998,0.0132252,-0.00324962,0.999695
19863821,-1.39156,0.541995,-0.0758643,-0.0290455,0.0112163,-0.00234353,0.999512
19897912,-1.39133,0.542188,-0.0761057,-0.0314036,0.0104424,-0.000859954,0.9994521
19930387,-1.3915,0.542043,-0.0759846,-0.0317803,0.0109692,-0.00327906,0.999429
19964097,-1.3913,0.542067,-0.0757524,-0.032348,0.00718321,0.000869431,0.999451
19997343,-1.39097,0.541296,-0.0755986,-0.0355845,0.00534526,0.0000320378,0.999352
20030264,-1.39105,0.542417,-0.0757861,-0.030165,0.00788478,-0.000775732,0.9995141
20064252,-1.39077,0.540109,-0.0751929,-0.0403314,0.00352352,0.0000875005,0.99918
20097162,-1.39128,0.542518,-0.0759219,-0.0324683,0.00669193,0.000616199,0.99945
20130411,-1.39095,0.540392,-0.0755073,-0.0400189,0.00628492,-0.000342849,0.9991791
20163644,-1.39158,0.542216,-0.0763638,-0.0358721,0.0108326,-0.00326747,0.999292
20197483,-1.39141,0.542268,-0.0760991,-0.034812,0.00939423,-0.00383339,0.999342
20230660,-1.39103,0.542033,-0.0759316,-0.0344812,0.00761156,-0.00309157,0.9993721
20263248,-1.39092,0.542265,-0.0757981,-0.0334231,0.00567025,-0.00176124,0.999424
20296784,-1.39093,0.542291,-0.0757485,-0.032228,0.00495492,-0.00173284,0.999467
20330493,-1.39119,0.542185,-0.0759043,-0.0341791,0.00598618,-0.00084243,0.999397
20364762,-1.39121,0.542163,-0.0756609,-0.0335168,0.00387441,-0.00026268,0.9994311
20481529,-1.39132,0.542196,-0.076102,-0.0333979,0.00727634,-0.00165309,0.9994141
20482738,-1.39118,0.542182,-0.0761355,-0.0323982,0.0081386,-0.00162183,0.999441
20483179,-1.391,0.542454,-0.0758647,-0.0327392,0.00524218,-0.000380192,0.99945
20497472,-1.39097,0.542385,-0.0756519,-0.0324721,0.00299256,-0.00199812,0.999466
20530274,-1.3911,0.542325,-0.0759106,-0.0296032,0.00721321,-0.00528064,0.999522
20564176,-1.39113,0.542578,-0.07598,-0.0325822,0.00587054,-0.00495078,0.99944
20687186,-1.39107,0.542143,-0.07602,-0.0336193,0.00685222,-0.00315192,0.9994061
20687592,-1.39111,0.542147,-0.0761333,-0.0335173,0.00862329,-0.00409056,0.999393
20687610,-1.39177,0.542149,-0.0761416,-0.0268674,0.0158239,-0.00708757,0.999489
20696733,-1.39155,0.541458,-0.0760508,-0.0267375,0.0140138,-0.00639457,0.999524
20734206,-1.39137,0.540307,-0.0756289,-0.0182347,0.0155691,-0.00710181,0.999687
20953777,-1.39153,0.542083,-0.076189,-0.0316509,0.0100359,-0.0029552,0.9994441
20954961,-1.39129,0.542147,-0.0759976,-0.0319904,0.00751091,-0.0020675,0.999458
20955012,-1.39109,0.542194,-0.0760225,-0.0323294,0.0059873,-0.00257542,0.999456
20955038,-1.39136,0.541591,-0.0759038,-0.0238307,0.0116341,-0.0033758,0.999643
20955048,-1.39107,0.542835,-0.0760107,-0.030491,0.0070793,-0.00498779,0.999498
20955057,-1.39131,0.542276,-0.0758245,-0.0322347,0.00537229,-0.0039751,0.999458
20965189,-1.39134,0.542093,-0.0760452,-0.0317308,0.00655054,-0.00268763,0.999471
21106754,-1.39162,0.542328,-0.076385,-0.030591,0.0108714,-0.00392313,0.9994651
21107292,-1.39122,0.542399,-0.0763926,-0.0329275,0.007855,-0.00328469,0.999421
21107305,-1.39098,0.540162,-0.0757324,-0.0213583,0.0118782,-0.00831684,0.999667
21107334,-1.39169,0.542586,-0.0767144,-0.0338624,0.00926764,-0.00519731,0.99937
21130164,-1.39167,0.541406,-0.0765186,-0.0235115,0.0140526,-0.0072038,0.999599
21171484,-1.39227,0.542682,-0.0770354,-0.0284752,0.0091757,-0.0088087,0.999514
21235412,-1.39284,0.543186,-0.078365,-0.0301096,0.0121225,-0.0109449,0.9994131
21237899,-1.39362,0.544935,-0.0799468,-0.0367949,0.0109383,-0.013509,0.999172
21264619,-1.39401,0.543507,-0.080439,-0.0231075,0.0152626,-0.0217077,0.999381
21296717,-1.39585,0.544889,-0.0821953,-0.0260159,0.0161683,-0.0231892,0.999262
21329926,-1.39677,0.546784,-0.0846777,-0.0370822,0.0139043,-0.0180117,0.999053
21364735,-1.39806,0.548516,-0.0864321,-0.0302498,0.017092,-0.0253723,0.9990741
21491952,-1.40017,0.553431,-0.0896956,-0.0541759,0.00997097,-0.0240736,0.9981911
21492327,-1.40196,0.555587,-0.0912974,-0.0576557,0.0097131,-0.0232615,0.998018
21492347,-1.40458,0.558332,-0.0933887,-0.065859,0.0123244,-0.0241157,0.997461
21497235,-1.40691,0.561352,-0.0946863,-0.0792196,0.00700257,-0.0221065,0.996587
21531236,-1.40951,0.565224,-0.0961416,-0.0838021,0.0131058,-0.0299878,0.995945
21564167,-1.41286,0.569203,-0.0970742,-0.0924811,0.0139353,-0.0276036,0.995234
21649393,-1.41586,0.573883,-0.0979609,-0.101052,0.0142686,-0.0256094,0.9944491
21649991,-1.41901,0.578515,-0.0977197,-0.110597,0.00962524,-0.0266919,0.99346
21664222,-1.42212,0.583706,-0.0974175,0.119499,-0.00533081,0.0275024,-0.992439
21697612,-1.42582,0.590028,-0.0965986,0.123973,-0.00308657,0.0281934,-0.99188
21731050,-1.42955,0.596101,-0.0947178,0.129935,-0.000179829,0.027121,-0.991152
21763148,-1.43344,0.60149,-0.093063,0.139407,0.00178449,0.0194724,-0.9900421
21797213,-1.4377,0.607606,-0.0911309,0.147058,-0.0012663,0.0102179,-0.989074
21866831,-1.44285,0.614279,-0.0883035,-0.154393,0.00199006,-0.00427688,0.9879981
21867296,-1.44719,0.621364,-0.0855478,-0.162355,0.000727623,-0.00105939,0.986732
21897301,-1.45238,0.628284,-0.082311,-0.168666,-0.000249731,0.0036569,0.985667
21930572,-1.45684,0.634266,-0.0784026,-0.177218,-0.0019944,0.00927335,0.984126
21963394,-1.4606,0.641897,-0.0751553,0.179577,0.00882793,-0.0042154,-0.983695
22095576,-1.46459,0.64644,-0.0778994,0.183553,0.00426668,-0.00417326,-0.9829921
22097010,-1.46828,0.649932,-0.0826196,-0.185834,-0.00307841,0.011822,0.982505
22097033,-1.4724,0.653592,-0.0876519,-0.188127,-0.00278984,0.0189051,0.981959
22098141,-1.47678,0.657064,-0.093011,-0.19241,-0.0031253,0.0205764,0.981094
22130918,-1.48136,0.661088,-0.0995952,-0.196601,0.000105673,0.01892,0.980301
22163738,-1.48602,0.664501,-0.106581,-0.19918,0.00116837,0.0189028,0.97978
22197399,-1.49145,0.666736,-0.114412,-0.201962,-0.000371706,0.0266771,0.979031
22300804,-1.49689,0.668778,-0.121806,-0.205849,-0.00235723,0.0312841,0.9780811
22301740,-1.50256,0.670733,-0.130258,-0.208365,-0.00332421,0.0326069,0.977502
22301762,-1.50827,0.673189,-0.137405,-0.215077,-0.00106554,0.0334529,0.976023
22330349,-1.51463,0.674639,-0.145592,-0.220271,-0.00692882,0.023982,0.975119
22364314,-1.51935,0.675731,-0.154252,-0.215652,-0.00284702,0.0242648,0.976165
22397345,-1.52484,0.67682,-0.161855,0.221373,0.0117425,-0.0157783,-0.974991
22530610,-1.53027,0.678098,-0.168724,0.22144,0.0177936,-0.0102997,-0.9749571
22531144,-1.53566,0.678913,-0.175738,0.22228,0.0157728,-0.00897363,-0.974814
22531159,-1.5416,0.679342,-0.182218,0.222854,0.0101628,-0.011341,-0.974733
22532267,-1.54744,0.679395,-0.18709,0.225018,0.0100915,-0.0105167,-0.974246
22563848,-1.55293,0.679705,-0.191744,0.226997,0.00850272,-0.00872138,-0.973819
22597147,-1.55904,0.679583,-0.195572,0.225474,0.00518273,-0.00960628,-0.974188
22682318,-1.56464,0.679759,-0.198523,0.228775,0.00652075,-0.0100648,-0.9734061
22683492,-1.56981,0.679853,-0.200512,0.229803,0.00816773,-0.00614101,-0.973184
22697000,-1.57484,0.679798,-0.202032,0.229402,0.00530072,-0.00559917,-0.973301
22730604,-1.57979,0.6797,-0.202573,0.231019,0.00611933,-0.00469639,-0.972919
22764100,-1.58443,0.678914,-0.202039,0.241958,0.0118372,-0.00518983,-0.970201
22797679,-1.58938,0.678551,-0.200889,0.24815,0.0113127,-0.00493472,-0.9686431
22849027,-1.59383,0.677631,-0.198301,0.252242,0.0143976,-0.000188382,-0.967557
22863913,-1.59891,0.680837,-0.196584,0.234507,0.00914027,0.00287467,-0.972067
22897353,-1.60322,0.681361,-0.193481,0.23581,0.0102058,0.0066796,-0.971723
22929985,-1.60795,0.681864,-0.189465,0.237443,0.0135222,0.005409,-0.9712921
22963980,-1.61194,0.682145,-0.184925,0.236568,0.013342,0.00321519,-0.971518
22998186,-1.61589,0.682552,-0.180013,0.236217,0.0127382,0.00171335,-0.971615
23054267,-1.62018,0.683193,-0.174618,0.237404,0.0123529,0.000438873,-0.9713321
23063752,-1.62381,0.683885,-0.16866,0.23725,0.013707,-0.000189366,-0.971352
23141321,-1.62737,0.685119,-0.162716,0.235746,0.0148721,0.00292742,-0.971697
23142189,-1.63022,0.686131,-0.156017,0.236405,0.0204617,0.00660554,-0.971417
23164005,-1.63344,0.688226,-0.150227,0.229899,0.0158709,0.0115582,-0.9730161
23196933,-1.63586,0.689319,-0.143245,0.234311,0.0224986,0.0153322,-0.97178
23345845,-1.63804,0.691224,-0.136282,0.231505,0.0306445,0.0159524,-0.972221
23346621,-1.6404,0.692778,-0.130807,0.229861,0.0268462,0.0123059,-0.972775
23346633,-1.64308,0.694491,-0.126856,0.227887,0.0203915,0.00864458,-0.973436
23347713,-1.64424,0.694375,-0.123035,0.232531,0.0143711,0.0233933,-0.972201
23363863,-1.6462,0.698321,-0.122224,0.228496,0.0132156,0.0228557,-0.973187
23411533,-1.64715,0.701028,-0.122421,0.223601,0.0166191,0.0256864,-0.9742
23430510,-1.64848,0.705605,-0.124642,0.222005,0.0186539,0.0182418,-0.974696
23464238,-1.6486,0.709853,-0.127186,0.211962,0.0211241,0.0158288,-0.9769211
23497278,-1.65029,0.712238,-0.132085,0.215678,0.0137359,0.0118073,-0.976297
23530783,-1.65106,0.715629,-0.137963,0.221371,0.0116546,0.0117974,-0.975049
23564427,-1.65134,0.719842,-0.144936,0.218397,0.0129627,0.0120447,-0.97571
23597227,-1.65044,0.724364,-0.152735,0.219022,0.0139166,0.019789,-0.97542
23631309,-1.65039,0.726873,-0.161289,0.223628,0.00913688,0.0269267,-0.97426
23664761,-1.65095,0.731433,-0.170463,0.218887,0.0069835,0.0314946,-0.9752171
23697109,-1.65206,0.737274,-0.182945,0.207647,0.00913085,0.00742082,-0.978133
23729874,-1.65078,0.742175,-0.192253,0.214984,0.00105336,0.0282235,-0.976209
23763947,-1.65117,0.750763,-0.203398,0.208209,0.00900597,0.0269508,-0.977672
23798270,-1.65137,0.756555,-0.214986,0.20365,0.00845732,0.0210182,-0.9787821
23830745,-1.65213,0.761879,-0.227768,0.200253,0.0045547,0.00535258,-0.979719
23863380,-1.65303,0.767902,-0.238913,-0.196343,0.00107301,0.000554746,0.980535
23897316,-1.65348,0.774429,-0.25156,-0.195358,0.00146991,0.0101718,0.980678
23929904,-1.65247,0.772382,-0.260229,-0.202418,0.0114662,0.00117959,0.9792311
23964711,-1.65327,0.785744,-0.276719,-0.194691,-0.00599673,0.0250998,0.980525
23997127,-1.65223,0.787398,-0.285989,-0.184147,0.0109363,0.0239687,0.982546
24031117,-1.65307,0.79807,-0.298185,-0.212621,0.00364018,-0.00853967,0.9770911
24063263,-1.65273,0.801523,-0.313194,-0.2347,0.0256791,0.00569498,0.971712
24097209,-1.65282,0.809252,-0.32469,-0.212541,0.0242465,0.0172076,0.9767
24130924,-1.65132,0.817622,-0.333653,0.215289,0.0116324,0.00124629,-0.97648
24164644,-1.65202,0.824459,-0.344323,0.210358,0.01149,0.00301853,-0.9775521
24196911,-1.6522,0.831314,-0.35525,0.211936,0.0109691,-0.000747807,-0.977222
24230477,-1.65236,0.838679,-0.365659,0.207652,0.00603138,0.00472398,-0.978173
24264295,-1.65073,0.843681,-0.376692,0.219496,0.0033525,0.00160022,-0.975606
24297374,-1.65123,0.851054,-0.385348,0.215135,0.00449073,0.00297391,-0.976571
24331212,-1.6512,0.857913,-0.393669,0.213508,0.00272099,0.00529458,-0.976923
24364186,-1.65061,0.864251,-0.400696,0.215671,0.00349577,0.00415171,-0.976451
24398506,-1.64994,0.871318,-0.406236,0.213349,0.00722253,0.00276476,-0.9769451
24431050,-1.64931,0.87767,-0.410356,0.214169,0.00708661,0.0020514,-0.976769
24463504,-1.64875,0.88492,-0.412763,0.209284,0.00849775,0.00410978,-0.977809
24496994,-1.64769,0.890189,-0.413324,0.217785,0.0100651,0.0174531,-0.975789
24531388,-1.64713,0.898855,-0.41342,0.200636,0.0043763,0.0104667,-0.97961
24563938,-1.64628,0.904988,-0.411602,0.199548,0.00779894,0.00624201,-0.979837
24597020,-1.64571,0.911465,-0.408908,0.200278,0.0121891,0.00264054,-0.97966
24629998,-1.64473,0.917056,-0.405542,0.199637,0.0145471,-0.00422831,-0.979753
24663835,-1.6444,0.92321,-0.401294,0.19739,0.0153144,-0.00229453,-0.9802031
24697524,-1.64397,0.929409,-0.396896,0.198836,0.0112075,-0.00342524,-0.979963
24730715,-1.64334,0.935294,-0.391456,-0.176639,0.00382359,-0.00382057,0.984261
24763888,-1.64245,0.942051,-0.387494,-0.184226,0.00237089,-0.00591293,0.9828631
24796633,-1.64221,0.946803,-0.382345,0.190925,0.00187389,0.00348282,-0.981597
24829691,-1.64152,0.951422,-0.377301,0.188908,0.00426087,-0.00000274184,-0.981985
24864138,-1.64096,0.956199,-0.372124,0.181099,0.00560485,-0.00345663,-0.9834431
24897360,-1.64178,0.960698,-0.366381,0.193052,0.00462712,-0.0100272,-0.981126
24931137,-1.63726,0.961451,-0.3616,-0.144754,-0.00208544,0.00868415,0.989427
24964510,-1.63952,0.967275,-0.356275,0.184523,0.0147737,-0.0152617,-0.9825991
24997694,-1.63997,0.970988,-0.350229,0.182558,0.00929485,-0.0163378,-0.983015
25030640,-1.63992,0.974091,-0.344365,0.186139,0.00912907,-0.0161487,-0.982348
25065364,-1.63937,0.976334,-0.338485,0.185933,0.0081276,-0.0181879,-0.982361
25098731,-1.63858,0.976696,-0.332545,-0.158476,0.000139581,0.0124168,0.987285
25130118,-1.63931,0.978577,-0.3256,-0.159968,0.00369789,0.0135357,0.987022
25163992,-1.63945,0.980571,-0.319436,-0.163627,0.00371391,0.0113072,0.98645
25197584,-1.63942,0.9838,-0.313355,-0.176888,-0.00228006,0.0105029,0.9841721
25230353,-1.63878,0.983297,-0.306788,-0.157423,-0.000707521,0.0029588,0.987527
25264321,-1.63934,0.986849,-0.299845,0.178916,0.00732624,-0.0029605,-0.983833
25297093,-1.63998,0.98868,-0.292372,0.174161,0.00783847,-0.000186207,-0.984686
25330670,-1.64035,0.988681,-0.285737,0.180007,0.00698433,-0.00556084,-0.9836251
25364311,-1.64049,0.988849,-0.279302,0.179744,0.00623701,-0.00537591,-0.983679
25397440,-1.63937,0.987857,-0.272994,0.166651,0.0109181,-0.00218861,-0.985953
25431910,-1.63921,0.988701,-0.26634,0.17026,0.0191751,-0.00424368,-0.9852031
25464451,-1.63811,0.987747,-0.260539,0.169859,0.0241458,-0.00435434,-0.985163
25497552,-1.63719,0.9872,-0.254562,0.167692,0.0250553,-0.00415642,-0.985512
25530438,-1.63523,0.985203,-0.248886,0.15644,0.030726,-0.00423349,-0.9872
25563757,-1.63336,0.983804,-0.24359,0.163361,0.0363558,-0.00995705,-0.9858461
25597658,-1.63044,0.978953,-0.237971,0.144384,0.04226,-0.0108136,-0.98856
25630606,-1.62797,0.976171,-0.233881,0.141707,0.0493104,-0.0112585,-0.988616
25664156,-1.62437,0.972723,-0.228834,0.145825,0.0546949,-0.0184675,-0.9876251
25697371,-1.62132,0.969518,-0.224865,0.154,0.0589155,-0.0167224,-0.986171
25731076,-1.61314,0.964074,-0.22121,0.138263,0.0625424,-0.0181702,-0.988252
25763654,-1.60705,0.957288,-0.216735,0.159542,0.0827121,-0.0164506,-0.983582
25798180,-1.5952,0.95,-0.213065,0.131902,0.11153,-0.0181378,-0.9848021
25831041,-1.58839,0.9438,-0.208327,0.142463,0.105532,-0.0177248,-0.983999
25865073,-1.5765,0.936824,-0.206508,0.144838,0.0964141,-0.00542577,-0.984732
25897504,-1.5639,0.926049,-0.2012,0.124848,0.100277,-0.00595477,-0.987078
25930810,-1.54643,0.914725,-0.196057,0.107103,0.113487,0.00176196,-0.9877481
25963780,-1.53235,0.906802,-0.193963,0.119389,0.119643,-0.00424315,-0.985603
25997807,-1.51988,0.897821,-0.193717,0.147807,0.0946962,-0.0105333,-0.984416
26030727,-1.49537,0.87486,-0.195883,0.0917662,0.127683,0.00509648,-0.987548
26063833,-1.47164,0.862643,-0.193852,0.106509,0.130359,0.0300288,-0.9852721
26097090,-1.45351,0.852604,-0.189791,0.0878242,0.119349,0.00761868,-0.988931
26130312,-1.43099,0.844001,-0.184035,0.0747272,0.166587,-0.0159752,-0.983061
26163936,-1.40957,0.83346,-0.183832,0.0889907,0.157409,-0.0100655,-0.9834641
26196717,-1.38832,0.824094,-0.183765,0.119769,0.108296,-0.00592845,-0.98686
26230519,-1.35956,0.805845,-0.184589,0.110408,0.105006,-0.0268775,-0.987958
26263974,-1.336,0.790871,-0.18513,0.142226,0.0902906,-0.0388405,-0.9849421
26296690,-1.30666,0.779593,-0.189566,0.147919,0.102074,-0.0123923,-0.98364
26330889,-1.27662,0.763081,-0.191733,0.140367,0.0939899,-0.0090658,-0.985587
26364112,-1.24308,0.746311,-0.194383,0.136216,0.104015,-0.00830009,-0.9851691
26396810,-1.2088,0.728033,-0.197854,0.132726,0.110062,-0.00645408,-0.985002
26430906,-1.17322,0.708314,-0.20134,0.141391,0.107702,-0.0156284,-0.983954
26463973,-1.13641,0.691593,-0.206115,0.128957,0.098612,-0.0150387,-0.98662
26498179,-1.09766,0.672934,-0.211349,0.122172,0.0914343,-0.00842916,-0.9882521
26530167,-1.05822,0.654448,-0.216108,0.125173,0.0837921,-0.00340635,-0.988584
26563929,-1.01621,0.632653,-0.22062,0.131312,0.0811269,-0.0101336,-0.987964
26597279,-0.972135,0.609478,-0.226099,0.137758,0.0913515,-0.00226056,-0.986242
26630418,-0.923575,0.586894,-0.230556,0.101192,0.103957,0.00666821,-0.9893981
26664522,-0.886625,0.57334,-0.239004,0.149141,0.099712,0.0131986,-0.983687
26697688,-0.833359,0.544941,-0.24575,0.104473,0.0895821,0.0171877,-0.990336
26731008,-0.789475,0.524354,-0.254216,0.112383,0.0627854,0.0315889,-0.9911761
26764958,-0.746055,0.511411,-0.256898,0.102943,0.0710135,0.0309716,-0.991666
26796907,-0.692575,0.484011,-0.261083,0.0776812,0.0906261,0.0319418,-0.992337
26830332,-0.646598,0.467545,-0.266912,0.0851677,0.0865246,0.0104662,-0.992548
26863788,-0.593199,0.444085,-0.272586,0.0573345,0.04327,-0.00812881,-0.9973841
26897424,-0.547118,0.423591,-0.277495,-0.057536,-0.00625464,0.0266878,0.997967
26930746,-0.506835,0.4072,-0.284101,-0.118161,0.0270188,-0.00647679,0.992606
26965137,-0.456925,0.385716,-0.2868,-0.0773341,0.0551696,0.00738291,0.995451
26997735,-0.417118,0.365882,-0.291608,-0.0972722,0.0840862,-0.00482784,0.991688
27031292,-0.373677,0.349703,-0.29628,-0.12504,0.0869236,-0.0218486,0.988095
27065256,-0.335711,0.332647,-0.303217,-0.129614,0.0855385,-0.0313928,0.9873691
27097069,-0.295776,0.315855,-0.30865,-0.130251,0.105949,-0.0315269,0.9853
27130062,-0.260168,0.300575,-0.316203,-0.125858,0.109186,-0.0403227,0.985197
27164209,-0.224487,0.284976,-0.320698,-0.119056,0.10205,-0.0323822,0.987098
27197702,-0.19404,0.272333,-0.325022,-0.128739,0.111567,-0.0521853,0.9841
27230785,-0.167855,0.261648,-0.328738,-0.130416,0.134618,-0.0578476,0.980573
27264319,-0.143596,0.248496,-0.332183,-0.125146,0.140551,-0.0517215,0.98077
27298559,-0.119978,0.235464,-0.333239,-0.12398,0.144306,-0.0346802,0.9811231
27330801,-0.101912,0.224582,-0.334174,-0.127495,0.13782,-0.0192866,0.982028
27363699,-0.0868455,0.21635,-0.334603,-0.129556,0.130502,-0.0287205,0.982527
27397155,-0.0764734,0.20815,-0.333896,-0.126758,0.137297,-0.032999,0.981831
27430733,-0.0704025,0.20139,-0.333014,-0.121685,0.145997,-0.0297515,0.9813221
27464550,-0.0644871,0.194313,-0.330151,-0.119588,0.153015,-0.034074,0.980369
27498028,-0.0655867,0.189924,-0.326586,-0.124355,0.142364,-0.0314925,0.981467
27530601,-0.0706935,0.185202,-0.322215,-0.115839,0.139757,-0.025382,0.983059
27564118,-0.0778175,0.182156,-0.318104,-0.109845,0.141793,-0.0240509,0.9834891
27597672,-0.0877743,0.178272,-0.312355,-0.107001,0.15716,-0.03207,0.981236
27631827,-0.102837,0.176585,-0.305348,-0.114249,0.153113,-0.0299592,0.981125
27664091,-0.122869,0.17649,-0.297374,-0.112382,0.160282,-0.0252667,0.980327
27696698,-0.147838,0.17707,-0.288451,-0.111195,0.169601,-0.038524,0.9784621
27730498,-0.175078,0.177756,-0.279244,-0.112641,0.17573,-0.035623,0.977324
27764783,-0.207165,0.181054,-0.268428,-0.110146,0.183394,-0.0413307,0.975975
27796755,-0.243248,0.184959,-0.257324,-0.107111,0.190089,-0.0458627,0.9748281
27829874,-0.280451,0.187367,-0.247511,-0.11644,0.180152,-0.0281859,0.976316
27863831,-0.323503,0.191322,-0.234635,-0.111791,0.173014,-0.0214176,0.97832
27897233,-0.37232,0.198389,-0.220692,-0.101353,0.147866,-0.0337233,0.9832221
27930958,-0.423378,0.204441,-0.208245,-0.101408,0.133894,-0.0355356,0.985153
27964385,-0.477109,0.20896,-0.193607,-0.088222,0.12429,-0.0143209,0.988212
27997888,-0.532253,0.216209,-0.181216,-0.0856316,0.102642,-0.0143886,0.9909211
28031223,-0.591069,0.22516,-0.173731,-0.0745374,0.113083,-0.0256384,0.990454
28064746,-0.651588,0.232942,-0.16525,-0.0790891,0.0752907,-0.0193241,0.993832
28097595,-0.71564,0.243432,-0.162104,-0.0854573,0.0355476,-0.0285447,0.995298
28130661,-0.781266,0.254266,-0.162967,0.0898666,-0.00633028,0.0231726,-0.9956641
28164533,-0.84831,0.2637,-0.170926,0.082618,0.00846965,0.0181794,-0.996379
28196773,-0.904256,0.267843,-0.179778,0.0426793,0.0327961,0.050109,-0.997292
28230748,-0.981726,0.28623,-0.193447,0.0695058,0.0345801,0.0325325,-0.9964511
28263641,-1.04845,0.298007,-0.212955,0.0833563,0.0303338,0.0375611,-0.99535
28297176,-1.11262,0.309341,-0.232055,0.0775115,0.0420441,0.0345685,-0.995505
28331177,-1.17771,0.320579,-0.256051,0.0752258,0.050893,0.0253756,-0.9955441
28429005,-1.24204,0.332272,-0.282538,0.0783692,0.0467131,0.017214,-0.995681
28429339,-1.30408,0.338667,-0.30801,0.0664661,0.0314638,0.00155757,-0.997291
28430455,-1.35418,0.341507,-0.32806,0.0702456,0.0563168,0.00287819,0.995935
28464054,-1.41398,0.363733,-0.360922,-0.00856468,0.166561,-0.100561,0.9808521
28497307,-1.46911,0.362326,-0.379406,-0.0474885,0.0153412,0.0319199,0.998244
28530797,-1.53053,0.375639,-0.4051,-0.017707,0.0458178,-0.00650069,-0.998772
28563441,-1.59052,0.386702,-0.434137,0.115903,0.167988,0.113459,-0.972355
28597538,-1.65576,0.410671,-0.462264,0.0499801,0.0807374,0.0327515,-0.9949431
28631936,-1.70608,0.417587,-0.490005,0.031881,0.0840884,0.0296713,-0.995506
28664046,-1.76277,0.424054,-0.514773,0.0244597,0.0914347,0.0166606,-0.995371
28696925,-1.81897,0.43918,-0.534699,0.0288383,0.0828866,0.109039,-0.990156
28730580,-1.87043,0.450529,-0.552709,-0.0908038,0.0954487,0.136951,-0.9817781
28763884,-1.90606,0.457079,-0.58557,0.0253792,0.0560306,0.0477463,-0.996964
28797279,-1.94146,0.446201,-0.608328,0.0773223,0.110208,0.0136537,-0.990802
28830127,-2.02131,0.477608,-0.639697,0.253903,-0.00392935,0.0285641,-0.9668
28864216,-2.06254,0.506986,-0.664814,0.111287,0.0127669,0.0410451,-0.9928581
28897139,-2.10881,0.516603,-0.681233,0.0775458,0.0884217,0.0434637,-0.992108
28930908,-2.15084,0.524657,-0.703394,0.0596064,0.0923341,0.0112469,-0.993879
28964004,-2.19324,0.532808,-0.728128,0.0772858,0.0891781,0.011572,-0.992945
28996408,-2.23577,0.541339,-0.751775,0.0813488,0.0857043,0.00518738,-0.992981
29030928,-2.27422,0.549875,-0.774858,0.0924425,0.0976167,0.00527736,-0.990907
29063423,-2.30864,0.552887,-0.796447,0.030178,0.0672133,-0.0028601,-0.997278
29097112,-2.34465,0.561223,-0.817192,0.0242633,0.0818441,0.0128129,-0.9962671
29130958,-2.3794,0.573881,-0.841263,0.109124,0.125805,0.0225898,-0.985776
29164356,-2.42022,0.577584,-0.864917,0.137284,0.107921,0.00164475,-0.984634
29197200,-2.43977,0.578206,-0.887853,0.0481695,0.0593746,0.00504931,-0.997061
29230828,-2.46922,0.586268,-0.909171,0.0604497,0.0591993,-0.00865325,-0.996377
29264050,-2.49789,0.592542,-0.929244,0.0754898,0.0621591,0.0111942,-0.995144
29297277,-2.52667,0.600515,-0.955743,0.133533,0.0429004,0.0109728,-0.9900551
29331740,-2.55192,0.604392,-0.977986,0.138434,0.0252517,0.0102484,-0.989997
29364846,-2.57452,0.60941,-0.997341,0.101685,0.0451062,0.00218402,-0.993791
29397457,-2.59826,0.615546,-1.01947,0.129782,0.0552622,0.00234174,-0.9899991
29430689,-2.62011,0.618255,-1.04091,0.105184,0.0483432,0.0109606,-0.993217
29464066,-2.64476,0.625306,-1.06418,0.147189,0.0445756,0.0181371,-0.987937
29497018,-2.664,0.629986,-1.08395,0.150454,0.0474916,0.0124171,-0.987398
29530669,-2.68287,0.634237,-1.10434,0.139373,0.056875,0.0183045,-0.9884361
29564489,-2.70078,0.637631,-1.12467,0.154544,0.0493297,0.0188183,-0.986574
29597811,-2.71669,0.643856,-1.14247,0.135374,0.0574044,0.0163905,-0.988994
29630977,-2.73495,0.647574,-1.1607,0.131075,0.0635545,0.00954604,-0.9892871
29664045,-2.75075,0.649199,-1.17939,0.135617,0.0501221,0.0050409,-0.98948
29697329,-2.76558,0.653795,-1.1962,0.131007,0.0498913,0.0130324,-0.990039
29730424,-2.78343,0.655555,-1.21348,0.146653,0.0462216,0.0222089,-0.987858
29763687,-2.79856,0.65885,-1.22893,0.149179,0.0459759,0.0182314,-0.9875721
29798490,-2.81321,0.661488,-1.24365,0.146692,0.0393221,0.0148115,-0.988289
29831292,-2.82737,0.664778,-1.25774,0.139453,0.0204082,0.0187145,-0.989842
29863381,-2.84126,0.667749,-1.26872,0.146128,0.0114728,0.0352121,-0.988572
29897373,-2.85463,0.670285,-1.27949,0.14954,0.0171816,0.022191,-0.9883571
29930979,-2.86697,0.675674,-1.28603,0.121188,0.0251916,0.025232,-0.991989
29964393,-2.87862,0.676006,-1.29414,0.128063,0.025303,0.026849,-0.99108
29997815,-2.88982,0.67888,-1.29879,0.114416,0.0245201,0.0202908,-0.9929231
30031319,-2.9019,0.680171,-1.30298,0.120874,0.022174,0.0191228,-0.992236
30063901,-2.9138,0.683152,-1.30392,0.111152,0.0264427,0.0208332,-0.993233
30097700,-2.92577,0.682697,-1.3054,0.122943,0.0185928,0.0288458,-0.99182
30131480,-2.93538,0.682706,-1.30333,0.134119,0.0295104,0.0267604,-0.9901641
30163331,-2.94425,0.683672,-1.30025,0.135342,0.0317573,0.0276409,-0.989904
30198553,-2.95463,0.687014,-1.29563,0.112864,0.0415826,0.0234256,-0.992464
30230864,-2.96461,0.685872,-1.28974,0.12765,0.0417035,0.0344516,-0.990343
30264148,-2.97029,0.68586,-1.28169,0.116369,0.0456454,0.0310965,-0.9916691
30296672,-2.97838,0.686547,-1.27379,0.119226,0.0382004,0.0387229,-0.991376
30331265,-2.98793,0.689669,-1.26215,0.117388,0.0409524,0.0538924,-0.990777
30363348,-2.99278,0.68999,-1.24982,0.116375,0.0460128,0.0493192,-0.990912
30396679,-2.99833,0.690189,-1.23583,0.130977,0.0557921,0.0470127,-0.9886971
30431575,-3.00262,0.692057,-1.21978,0.119251,0.0546342,0.0456615,-0.990308
30464089,-3.00803,0.692638,-1.2032,0.1309,0.0480612,0.0451103,-0.989202
30497007,-3.01252,0.695721,-1.18478,0.131211,0.0404444,0.0506513,-0.9892331
30531366,-3.01485,0.697665,-1.16452,0.123853,0.0421339,0.041869,-0.990521
30564264,-3.01602,0.699914,-1.14185,0.144607,0.0305102,0.0637952,-0.986959
30597592,-3.01974,0.704993,-1.1202,0.148431,0.0226654,0.0657299,-0.9864761
30630200,-3.0208,0.707633,-1.09862,0.128594,0.0216079,0.0446195,-0.990457
30664859,-3.02055,0.712703,-1.07777,0.0933317,0.0313706,0.0262004,-0.994796
30697597,-3.02203,0.715867,-1.05524,0.10176,0.0313648,0.0206374,-0.99411
30731687,-3.02301,0.718431,-1.03375,0.115614,0.0325599,0.011774,-0.992691
30764131,-3.02293,0.721555,-1.01353,0.125095,0.00884818,0.0277918,-0.991716
30797414,-3.02394,0.726222,-0.991509,0.119707,0.00668665,0.0265742,-0.992431
30831316,-3.02396,0.73066,-0.968431,0.117769,-0.00101171,0.0270577,-0.9926721
30864359,-3.02367,0.73427,-0.945873,0.123302,-0.00334726,0.0285524,-0.991953
30897764,-3.02334,0.738972,-0.922397,0.120265,-0.00270417,0.0269142,-0.992373
30930722,-3.02212,0.74265,-0.898043,0.124603,0.00281185,0.0297346,-0.991757
30963446,-3.02151,0.746695,-0.874155,0.123716,0.0118712,0.0273324,-0.991871
30997356,-3.02194,0.750336,-0.850119,0.120774,0.0108163,0.0262647,-0.992274
31031272,-3.02206,0.754868,-0.825541,0.113129,0.01136,0.0224271,-0.993262
31064073,-3.0226,0.758139,-0.800865,0.108328,0.0147135,0.0169613,-0.9938621
31097418,-3.02219,0.761621,-0.776374,0.105684,0.0127354,0.01243,-0.994241
31131595,-3.02152,0.765215,-0.751337,0.108925,0.00726117,0.0186317,-0.993849
31165317,-3.02158,0.768803,-0.726687,0.115059,0.00345321,0.0209481,-0.9931321
31196734,-3.02167,0.772006,-0.701386,0.110605,0.00992486,0.0190891,-0.993632
31231195,-3.02011,0.776651,-0.672521,0.0949481,0.0293323,0.00568121,-0.995034
31263864,-3.0194,0.777979,-0.647075,0.0948132,0.036196,-0.00614417,-0.994818
31296795,-3.02052,0.779977,-0.623093,0.111105,0.0146031,0.0142193,-0.99361
31331397,-3.02397,0.783266,-0.599008,0.104102,0.0257844,-0.000594145,-0.994232
31364267,-3.02516,0.785415,-0.57417,0.102562,0.0395189,-0.0148681,-0.99383
31397555,-3.02556,0.790726,-0.550552,0.102131,0.0118486,0.0108956,-0.9946411
31431139,-3.02669,0.792195,-0.526193,0.0902326,0.0191012,0.00825732,-0.995703
31464578,-3.02519,0.784855,-0.502554,0.00900251,0.025515,-0.0139395,-0.999537
31497056,-3.02941,0.790896,-0.480153,0.0462417,0.0139727,-0.0110967,-0.998771
31531990,-3.03324,0.797882,-0.458508,0.0898305,0.0101626,0.00112407,-0.9959051
31565168,-3.03497,0.798896,-0.437101,0.0920866,0.0150643,0.0012116,-0.995636
31596366,-3.0375,0.799952,-0.4174,0.0912356,0.0171719,-0.00442587,-0.995671
31630592,-3.0406,0.798536,-0.398935,-0.0801201,-0.00283918,0.0131542,0.996694
31664582,-3.04643,0.803434,-0.380677,-0.12226,0.00669474,0.0112623,0.9924121
31696966,-3.04546,0.804443,-0.365571,0.0927223,0.00600155,0.000717975,-0.995674
31730758,-3.04845,0.806179,-0.349989,0.0961012,0.00762257,-0.00398425,-0.995334
31763929,-3.0529,0.806821,-0.335342,0.10132,0.0119827,-0.00508129,-0.994769
31797344,-3.05666,0.807857,-0.322126,0.106917,0.0169211,-0.00997091,-0.9940741
31830489,-3.06077,0.809221,-0.309502,0.108658,0.0116103,-0.00351912,-0.994005
31864343,-3.06433,0.809941,-0.298514,0.110976,0.0133572,0.00357846,-0.993727
31897838,-3.06828,0.810566,-0.288101,0.112429,0.0183207,0.00694121,-0.9934671
31931402,-3.07385,0.811498,-0.280783,0.118039,0.012664,0.013869,-0.992831
31963498,-3.0787,0.8119,-0.271381,0.123686,0.0229636,0.00873538,-0.992017
31997198,-3.08294,0.814041,-0.26687,0.11154,0.0125276,0.0249571,-0.993368
32030776,-3.08822,0.814033,-0.260804,0.107262,0.00627415,0.0240787,-0.9939191
32064595,-3.09089,0.809827,-0.256516,0.0751361,0.0078934,0.035872,-0.996497
32096690,-3.09906,0.813511,-0.254873,0.107872,0.0268951,0.047318,-0.992674
32130596,-3.10447,0.815963,-0.252312,0.111006,0.0291,0.0396528,-0.992602
32163871,-3.11076,0.816835,-0.25072,0.120256,0.016535,0.0292042,-0.9921761
32197028,-3.11457,0.81259,-0.249864,0.0790752,-0.00231344,0.0303918,-0.996403
32230717,-3.12294,0.818917,-0.253504,0.126069,0.0179397,0.0455492,-0.990813
32262814,-3.12673,0.816992,-0.254054,0.105478,0.0199887,0.0518718,-0.992867
32298239,-3.13285,0.818678,-0.258208,0.10253,0.0153318,0.062932,-0.9926191
32331010,-3.13805,0.820082,-0.260882,0.103804,0.0188827,0.0596651,-0.992627
32364361,-3.14365,0.824035,-0.266792,0.116366,0.0328463,0.0712212,-0.990105
32397257,-3.14989,0.827598,-0.273396,0.118678,0.0354636,0.0807519,-0.989008
32430905,-3.15382,0.829378,-0.27927,0.10731,0.0401089,0.0810537,-0.9901041
32465343,-3.156,0.832363,-0.286107,0.105482,0.0456395,0.0780872,-0.990299
32497389,-3.15805,0.837129,-0.294501,0.11084,0.0493754,0.0959192,-0.987966
32531365,-3.1602,0.841595,-0.301585,0.114631,0.0513755,0.0880182,-0.9881671
32563838,-3.16084,0.846595,-0.311332,0.108373,0.0585177,0.0902951,-0.98827
32597130,-3.16262,0.852618,-0.321705,0.108144,0.0509708,0.0907134,-0.988675
32630865,-3.15989,0.860782,-0.33124,0.109506,0.057957,0.0890364,-0.988292
32664164,-3.15876,0.866815,-0.341257,0.110152,0.0573592,0.0760916,-0.9893361
32697853,-3.15667,0.873706,-0.351537,0.113736,0.0468759,0.0721041,-0.989782
32730971,-3.15446,0.877438,-0.360806,0.103262,0.0354465,0.094397,-0.98953
32764336,-3.15079,0.886438,-0.37141,0.118153,0.019293,0.101203,-0.9876361
32797765,-3.14631,0.893425,-0.385225,0.11803,0.0393733,0.0597578,-0.990428
32830182,-3.13877,0.897509,-0.395346,0.134777,0.00512494,0.0650363,-0.988726
32864126,-3.13233,0.907403,-0.406857,0.143496,0.0168497,0.03817,-0.988771
32897527,-3.12948,0.912434,-0.419887,0.121471,0.0158738,0.0360362,-0.9918141
32931064,-3.12178,0.91709,-0.431999,0.112437,0.019908,0.0275216,-0.993078
32963896,-3.11267,0.915761,-0.44268,0.0730518,0.00437493,0.00452818,-0.997308
32996979,-3.10612,0.925237,-0.456164,0.117998,0.0220427,0.0194098,-0.992579
33030815,-3.09734,0.927894,-0.468338,0.120066,0.0252336,0.0148292,-0.9923341
33064747,-3.08357,0.921729,-0.478371,-0.0108554,-0.00504088,0.0619437,0.998008
33096842,-3.07854,0.926734,-0.49498,0.0951119,0.0397537,0.0157178,-0.994548
33130920,-3.06675,0.923943,-0.508266,0.103159,0.0596028,0.0191466,-0.9926931
33163663,-3.05427,0.92147,-0.519445,0.0906231,0.0680803,-0.0165084,-0.993418
33197319,-3.04375,0.911579,-0.538317,0.155171,0.0849245,-0.00686175,-0.984207
33231598,-3.0313,0.904732,-0.552319,0.191944,0.027129,-0.0270737,-0.9806571
33263518,-3.01042,0.903935,-0.563261,0.0993939,0.0719761,-0.042689,-0.991523
33297266,-2.99063,0.894702,-0.575557,0.0933057,0.109943,-0.0231332,-0.989278
33330975,-2.97212,0.886049,-0.589294,0.0961101,0.10012,-0.0313042,-0.989828
33364394,-2.94876,0.873279,-0.602879,0.0788946,0.10104,-0.0349578,-0.9911331
33396932,-2.92551,0.864736,-0.615991,0.0921663,0.10838,-0.0231946,-0.989556
33430640,-2.89974,0.849523,-0.630804,0.0890123,0.112135,-0.0179157,-0.989536
33463497,-2.87217,0.832849,-0.645302,0.134237,0.122631,-0.0211003,-0.983106
33497512,-2.84623,0.818,-0.659342,0.160688,0.14306,-0.0000762053,-0.9765821
33530958,-2.81453,0.807357,-0.673076,0.128755,0.137112,-0.00367728,-0.982145
33563951,-2.77371,0.787112,-0.682777,0.0327335,0.127457,-0.0333269,-0.990743
33597586,-2.7399,0.780301,-0.699887,0.0512184,0.115248,-0.0251043,-0.9916981
33630743,-2.70268,0.76264,-0.715071,0.0833608,0.0992999,-0.0256774,-0.991227
33663524,-2.66534,0.745827,-0.727692,0.107404,0.0948778,-0.0127605,-0.989596
33698529,-2.6225,0.727192,-0.742141,0.104983,0.112688,-0.00894135,-0.9880281
33730537,-2.57851,0.708421,-0.760089,0.0860585,0.123784,-0.0114443,-0.988504
33763785,-2.52961,0.687849,-0.773225,0.0507499,0.148421,-0.00776382,-0.987591
33797787,-2.47722,0.650151,-0.789016,0.0854574,0.131405,-0.0228728,-0.987374
33830930,-2.43236,0.648467,-0.804999,0.0818649,0.123263,-0.0463448,-0.9879051
33863999,-2.37468,0.615446,-0.817779,0.141281,0.0929921,-0.0384362,-0.984843
33897018,-2.32432,0.605451,-0.835019,0.0916625,0.0922244,-0.0447984,-0.990498
33930530,-2.26669,0.574585,-0.848702,0.116262,0.0876188,-0.0458174,-0.988285
33964312,-2.20622,0.552705,-0.865338,0.0264646,0.0330088,-0.054049,-0.9976421
33997316,-2.14569,0.535172,-0.882503,0.0142231,0.0419141,-0.0590247,-0.997275
34030680,-2.08929,0.512166,-0.895881,-0.0139538,0.0537387,-0.0323934,-0.997932
34063507,-2.03787,0.490014,-0.919131,-0.106237,0.00400624,0.00921619,0.99429
34097000,-1.97989,0.471617,-0.931377,0.109639,0.0586477,0.0165455,-0.9921021
34130628,-1.90739,0.441673,-0.947121,0.0750833,0.0565583,-0.00696436,-0.995548
34165338,-1.84638,0.418014,-0.971234,0.108062,0.021039,-0.0104607,-0.993866
34196687,-1.78762,0.39306,-0.985704,0.102849,0.0366207,-0.0340713,-0.993439
34230352,-1.73107,0.376531,-1.00109,0.113638,0.0662574,-0.00454758,-0.99131
34264097,-1.65846,0.341501,-1.01908,0.0941819,0.066533,-0.0287164,-0.992914
34297810,-1.5969,0.322327,-1.04087,0.084563,0.0318102,-0.0271998,-0.995539
34331153,-1.53552,0.298945,-1.06082,0.104562,0.0282013,0.0110634,-0.9940571
34364237,-1.47629,0.276632,-1.08061,0.10195,0.02026,0.00940687,-0.994539
34397503,-1.41579,0.255456,-1.10184,0.105823,0.020835,0.000431274,-0.994167
34431017,-1.35438,0.230702,-1.1195,0.109335,0.027808,-0.0131928,-0.993528
34464519,-1.29445,0.207564,-1.13575,0.120948,0.0297612,-0.0145544,-0.9921061
34498101,-1.23515,0.187493,-1.15464,0.11952,0.0106796,-0.000808426,-0.992774
34531355,-1.17762,0.168097,-1.17346,-0.116961,0.022446,-0.0192276,0.992697
34564072,-1.12278,0.146431,-1.19101,-0.131329,0.0386893,-0.0327865,0.990041
34597448,-1.06492,0.125412,-1.20312,-0.122139,0.026789,-0.0247014,0.9918441
34631420,-1.0108,0.105313,-1.21816,-0.129228,0.0361083,-0.0273212,0.990581
34664264,-0.956386,0.0879603,-1.23316,-0.117243,0.0402625,-0.0394843,0.991501
34697666,-0.904195,0.0707346,-1.24719,-0.124824,0.0609508,-0.0578221,0.9886161
34731538,-0.851926,0.0542244,-1.26025,-0.12361,0.062235,-0.0613126,0.988478
34764543,-0.801638,0.0389194,-1.27266,-0.119844,0.0550066,-0.0663703,0.989043
34797478,-0.752331,0.02405,-1.28167,-0.104979,0.051249,-0.0497939,0.991904
34830663,-0.706059,0.00991931,-1.29339,-0.109431,0.0729839,-0.0560082,0.9897281
34864089,-0.658417,0.000205933,-1.30412,-0.108527,0.0746758,-0.0717075,0.988688
34897933,-0.614755,-0.00936249,-1.31373,-0.102366,0.0698976,-0.0644981,0.99019
34931537,-0.582651,-0.0156385,-1.32302,-0.0932225,0.166111,-0.0560021,0.9800921
34963790,-0.544509,-0.0230417,-1.32518,-0.0966868,0.110218,-0.104899,0.983616
34997623,-0.495776,-0.0326591,-1.34662,-0.123647,0.11869,-0.0219111,0.984959
35030736,-0.455911,-0.0312446,-1.34512,-0.0791033,0.117567,-0.132149,0.981049
35063619,-0.419223,-0.0358026,-1.3519,-0.109021,0.0838542,-0.101759,0.9852551
35097161,-0.374242,-0.037446,-1.35983,-0.119134,0.0651147,-0.0903098,0.986616
35130937,-0.345486,-0.0349288,-1.3659,-0.0845269,0.0733277,-0.0852101,0.990059
35163298,-0.315161,-0.0340917,-1.36589,-0.0644302,0.0538254,-0.100183,0.991421
35197259,-0.287683,-0.0327552,-1.36799,-0.0770672,0.0686929,-0.100861,0.989531
35231322,-0.257084,-0.0303151,-1.37041,-0.104565,0.0641649,-0.0837689,0.988904
35264771,-0.23126,-0.0240213,-1.37228,-0.0787051,0.0550184,-0.0708723,0.992852
35297718,-0.195913,-0.0145206,-1.37321,-0.0524483,0.0512606,-0.0736918,0.9945811
35330446,-0.16989,-0.00623547,-1.37401,-0.0609251,0.0776134,-0.0741776,0.992352
35364109,-0.147567,-0.00184296,-1.37357,-0.0571343,0.0828042,-0.0468402,0.993824
35397339,-0.122979,0.0058595,-1.37366,-0.0600626,0.0782404,-0.0549101,0.993607
35431548,-0.0997859,0.0160674,-1.37016,-0.0536709,0.0640917,-0.0601725,0.9946811
35464070,-0.078817,0.0266958,-1.36826,-0.063854,0.0448864,-0.067771,0.994643
35497960,-0.0564907,0.0342263,-1.36638,-0.091277,0.0298594,-0.05666,0.993764
35532075,-0.0351921,0.0452375,-1.36477,-0.091194,0.0402306,-0.0295025,0.9945831
35563601,-0.0151249,0.0590812,-1.3607,-0.0703562,0.0298333,-0.0257427,0.996743
35598674,0.006354,0.0681226,-1.35667,-0.0885756,0.0314423,-0.0241202,0.995281
35631987,0.0244579,0.078216,-1.35267,-0.101806,0.0369742,-0.0163424,0.993983
35664218,0.0432816,0.0899535,-1.34679,-0.0891618,0.0249569,-0.0251139,0.9953881
35698476,0.0615361,0.101243,-1.33996,0.0803636,-0.0035012,0.0206432,-0.996546
35731585,0.0796785,0.111894,-1.33139,0.0747911,0.0150574,0.0164713,-0.996949
35763879,0.0987168,0.123954,-1.32724,0.0795296,0.00702864,0.0120171,-0.996735
35796672,0.116837,0.133237,-1.32167,-0.0890881,0.00991214,-0.00413151,0.9959661
35831644,0.133701,0.143771,-1.31418,-0.0905765,0.00440488,-0.00168424,0.995878
35864133,0.150556,0.153137,-1.30647,-0.0969663,0.00472566,-0.0011066,0.995276
35897251,0.16793,0.16304,-1.29736,-0.0980276,0.000314995,0.00135945,0.9951831
35930564,0.184711,0.176461,-1.28472,0.0743658,0.033506,0.0034096,-0.996662
35964095,0.201813,0.185778,-1.27619,0.0965648,0.0500616,-0.0247727,-0.993758
35997601,0.217534,0.193381,-1.26792,0.106762,0.0119756,-0.025102,-0.9938961
36030777,0.234117,0.187437,-1.25833,-0.168302,0.0364461,0.0246601,0.984753
36063700,0.249886,0.201437,-1.24386,0.158414,0.0111293,-0.0269627,-0.986942
36098225,0.266077,0.216438,-1.23334,0.118931,0.0167866,-0.0418687,-0.9918771
36131509,0.282897,0.22653,-1.22201,0.10666,0.0109199,-0.0303606,-0.993772
36164521,0.298383,0.23462,-1.20948,-0.100453,-0.00171885,0.0310572,0.994455
36197201,0.313964,0.241364,-1.19566,-0.0977895,0.00625038,0.0512572,0.993867
36230581,0.330795,0.244076,-1.18276,-0.117183,-0.00144409,0.0214336,0.9928781
36263971,0.347172,0.257717,-1.17128,-0.0818422,0.0230838,0.0301517,0.995922
36297342,0.362952,0.266804,-1.15767,-0.0874467,0.0149852,0.0204645,0.995846
36331751,0.37935,0.272893,-1.14248,-0.0884638,0.0258552,0.0278957,0.9953531
36364458,0.394185,0.282479,-1.12517,-0.0815983,0.00823723,0.0173981,0.996479
36397994,0.40907,0.287014,-1.10951,-0.0903475,0.0302325,0.021571,0.995218
36432319,0.424181,0.294762,-1.0917,-0.094253,0.0305707,0.0167509,0.9949381
36464061,0.438709,0.300134,-1.07621,-0.0960032,0.0422383,0.0191583,0.9943
36497243,0.450851,0.306545,-1.05997,-0.0793775,0.0601862,0.0224322,0.994773
36530588,0.462178,0.311121,-1.04072,-0.0363288,0.0395172,-0.0140894,0.998459
36564344,0.474573,0.320971,-1.02271,-0.0203042,0.0322148,-0.0498465,0.9980311
36597995,0.483452,0.327219,-1.00231,-0.0610355,0.031226,-0.0483988,0.996472
36631530,0.497512,0.331185,-0.982199,-0.0323285,0.0562023,-0.0200987,0.997693
36663546,0.499882,0.340749,-0.964244,-0.0457954,0.0597927,-0.0410352,0.996315
36697772,0.50354,0.34653,-0.944401,-0.0653629,0.0889374,-0.0234865,0.9936131
36730523,0.509357,0.351888,-0.924097,-0.0710103,0.0874965,-0.028284,0.993228
36764112,0.51271,0.358632,-0.901951,-0.0745885,0.0798246,-0.0365097,0.993344
36797203,0.512535,0.364241,-0.88147,-0.0551578,0.0972697,-0.013475,0.993637
36830998,0.51339,0.372156,-0.859172,-0.0596477,0.0833486,-0.00894868,0.9946931
36864005,0.513156,0.378863,-0.836092,-0.0522621,0.0417642,-0.00274998,0.997756
36896990,0.510791,0.385978,-0.814558,-0.0594055,0.0354714,-0.00674868,0.997581
36931260,0.506834,0.391735,-0.792664,-0.0566981,0.0393853,0.00502779,0.9976021
36964259,0.501339,0.395932,-0.772322,-0.0609807,0.0387971,-0.000758923,0.997384
36997185,0.497229,0.402282,-0.75132,-0.0697316,0.0255543,-0.0154553,0.997119
37031123,0.491468,0.408748,-0.730394,-0.0752472,0.00814424,-0.0147333,0.997023
37063969,0.48388,0.416171,-0.712496,-0.0589604,0.0311706,0.00274372,0.997771
37099202,0.478954,0.421998,-0.69267,0.0722374,-0.0035112,0.0139671,-0.997284
37130364,0.470985,0.430078,-0.675936,-0.0758177,0.012994,-0.00460489,0.997026
37164490,0.464351,0.435338,-0.658123,0.0851407,0.00221513,0.015632,-0.9962441
37196424,0.457916,0.440139,-0.640176,0.0901442,0.0317034,0.0126807,-0.995343
37230183,0.451269,0.439836,-0.621864,0.130767,0.0512698,0.0058715,-0.990069
37263880,0.444329,0.445122,-0.605959,0.125133,0.0514638,-0.00287685,-0.9908
37297639,0.437402,0.449497,-0.592554,0.128738,0.0468832,0.00239032,-0.9905671
37331398,0.430064,0.457313,-0.581916,0.114446,0.0437774,0.0122945,-0.992388
37364417,0.424539,0.461361,-0.569256,0.118456,0.0485966,0.0099398,-0.99172
37397058,0.418303,0.467207,-0.558645,0.107645,0.0356096,0.00456943,-0.993541
37430545,0.41259,0.471957,-0.546728,0.0967848,0.0443672,0.00163846,-0.9943151
37464488,0.406846,0.475127,-0.537633,0.0999113,0.0399778,0.0250564,-0.993877
37497719,0.401852,0.480436,-0.529591,0.0947906,0.0264213,0.0297431,-0.994702
37531550,0.398529,0.481677,-0.519281,0.0859639,0.0207997,0.0224712,-0.9958281
37563748,0.395273,0.481415,-0.507295,0.0896848,0.0558582,-0.0143998,-0.994298
37597153,0.386839,0.488101,-0.501653,0.136128,0.0634332,-0.0123733,-0.988581
37631365,0.384147,0.490761,-0.495788,0.112455,0.0338531,-0.00830438,-0.993045
37664486,0.380349,0.494688,-0.490042,0.0974621,0.0222804,-0.00965366,-0.9949431
37697081,0.376517,0.496909,-0.485223,0.102573,0.0187199,-0.00469579,-0.994538
37730322,0.373743,0.4989,-0.479774,0.112015,0.0170063,-0.000804849,-0.993561
37763675,0.372692,0.498903,-0.473658,0.105102,0.0334264,-0.00609732,-0.993881
37796748,0.367749,0.504697,-0.471176,0.10527,0.0214138,-0.00933784,-0.9941691
37831523,0.365081,0.506513,-0.465936,0.103964,0.0208234,-0.00375418,-0.994356
37864286,0.36184,0.509251,-0.462232,0.101469,0.0141232,-0.000766016,-0.994738
37897374,0.359818,0.510117,-0.455753,0.106787,0.0200601,-0.00930062,-0.9940361
37931081,0.357534,0.511795,-0.449685,0.109569,0.0253255,-0.00642997,-0.993636
37963940,0.355189,0.513928,-0.444823,0.109238,0.0300773,-0.00564476,-0.993544
37996769,0.352823,0.514991,-0.438808,0.1062,0.0284608,-0.0135853,-0.993845
38031894,0.350807,0.516168,-0.432129,0.108396,0.0284359,-0.00855979,-0.9936641
38064078,0.348905,0.517362,-0.42611,0.106868,0.029472,-0.00772618,-0.993806
38097959,0.347579,0.518568,-0.419534,0.105393,0.0222992,-0.00966868,-0.994134
38131357,0.34497,0.5195,-0.412998,0.105022,0.0324073,-0.0043263,-0.993932
38163671,0.34487,0.521108,-0.406016,0.110747,0.0377163,0.00456102,-0.9931221
38197594,0.343503,0.521465,-0.39868,0.107151,0.0285279,0.00238591,-0.993831
38231079,0.342447,0.521818,-0.391326,0.104804,0.021495,0.00227382,-0.994258
38263942,0.3406,0.522186,-0.384927,0.101624,0.0118176,-0.0025458,-0.9947491
38297809,0.339374,0.522574,-0.378244,-0.103477,0.000908596,0.0011747,0.994631
38331212,0.336614,0.523814,-0.372226,-0.0999834,0.0054079,-0.00127242,0.994974
38364290,0.334301,0.52425,-0.366652,-0.0998427,0.0184228,-0.000668204,0.9948321
38397721,0.331545,0.525126,-0.362721,-0.0976919,0.0232138,-0.00396312,0.994938
38430871,0.328059,0.525144,-0.358345,-0.105978,0.0242919,-0.00366659,0.994065
38463825,0.323743,0.525659,-0.354353,-0.099142,0.0236829,0.0000987063,0.994791
38497992,0.318539,0.525447,-0.350745,-0.0959424,0.0312205,0.00211464,0.9948951
38531747,0.311909,0.526314,-0.347691,-0.0932769,0.0394813,-0.000238093,0.994857
38564368,0.30406,0.525998,-0.344032,-0.096546,0.041108,-0.00265383,0.994476
38597373,0.295739,0.527036,-0.342088,-0.0974218,0.0387107,-0.00390518,0.994482
38630389,0.286907,0.527238,-0.340065,-0.101335,0.0376997,-0.00616598,0.9941191
38664748,0.277242,0.527768,-0.338061,-0.101213,0.028738,-0.0100452,0.994399
38697774,0.264802,0.52917,-0.336913,-0.100829,0.0256676,-0.0134002,0.994482
38731679,0.251261,0.529885,-0.336535,-0.0975788,0.0294226,-0.0111919,0.994731
38764008,0.237104,0.530324,-0.33645,-0.100672,0.036181,-0.00886628,0.994222
38797867,0.223732,0.530474,-0.336154,-0.0955893,0.0450141,-0.0150027,0.994289
38831523,0.207454,0.532153,-0.336322,-0.0905649,0.0373466,-0.00600922,0.995172
38863924,0.19226,0.533174,-0.33665,-0.0831208,0.028319,-0.00935686,0.9960931
38897511,0.173621,0.534534,-0.338313,-0.0834248,0.0261071,-0.0107723,0.996114
38931490,0.155624,0.535131,-0.337763,-0.0886049,0.0409242,-0.0264069,0.994875
38963824,0.136187,0.535938,-0.340385,-0.0891947,0.0383204,-0.0219533,0.995035
38997423,0.116978,0.53753,-0.342193,-0.0804919,0.0202446,-0.0153918,0.9964311
39030958,0.0935284,0.536603,-0.346903,-0.0948513,0.0409492,-0.00931317,0.994605
39063614,0.073572,0.539449,-0.349517,-0.097734,0.0453915,-0.0121024,0.994103
39097195,0.0495488,0.539472,-0.352285,-0.101044,0.0201015,-0.0238382,0.994393
39131019,0.0253848,0.540635,-0.355594,-0.1,0.00966337,-0.030518,0.9944721
39163848,0.00129248,0.543271,-0.358354,-0.0876435,0.0160136,-0.0115736,0.995956
39197932,-0.0246753,0.543729,-0.361969,-0.0993359,0.0067647,-0.00920808,0.994988
39231524,-0.0489169,0.546773,-0.365406,-0.0797405,0.0140611,-0.00655768,0.9966951
39264500,-0.0748942,0.547247,-0.36891,-0.0851267,0.00332586,0.00786184,0.996334
39296764,-0.0999406,0.549643,-0.374018,-0.0712771,0.0127002,0.00316149,0.997371
39330712,-0.124842,0.550773,-0.377541,-0.0681231,0.00574822,-0.00404961,0.997652
39364417,-0.152623,0.551115,-0.382382,-0.0621988,0.000709472,0.00350362,0.9980571
39397058,-0.179235,0.548748,-0.387398,-0.047426,-0.00322344,0.0142392,0.998768
39430947,-0.210669,0.550942,-0.392636,-0.0625665,0.0146619,0.0174039,0.997781
39464102,-0.246076,0.554428,-0.398737,-0.0577339,0.0544586,-0.00579255,0.996829
39497526,-0.277379,0.557788,-0.405469,-0.0826572,0.0449815,0.00644863,0.9955421
39530240,-0.308442,0.559438,-0.410241,-0.0960745,0.0339745,0.00974697,0.994746
39564302,-0.343674,0.553058,-0.418799,-0.15577,0.0611989,0.00796782,0.985864
39597611,-0.377463,0.561049,-0.420955,-0.0910894,0.0489893,0.0262528,0.994291
39631061,-0.410733,0.554174,-0.420921,-0.0460735,0.0983457,0.0534033,0.99265
39664577,-0.454888,0.55954,-0.429913,-0.10222,0.111356,0.0541771,0.987024
39697640,-0.489514,0.567933,-0.432369,-0.0948106,0.0725516,0.0114219,0.9927821
39730835,-0.528248,0.570985,-0.438153,-0.0875189,0.0542546,0.0148012,0.994574
39764365,-0.57136,0.573373,-0.441842,-0.0943129,0.0564799,0.0114642,0.993873
39797702,-0.604447,0.569337,-0.442315,-0.074136,0.0716568,-0.0104948,0.9946151
39831783,-0.646755,0.572933,-0.45067,-0.0642097,0.0454033,0.00213285,0.996901
39864550,-0.690791,0.58006,-0.458598,0.121213,0.00263045,-0.00379283,-0.992616
39896987,-0.730564,0.582668,-0.462344,-0.119202,0.00183526,0.0106155,0.992812
39930874,-0.773917,0.57827,-0.465229,0.163799,0.0201612,-0.0504817,-0.9849951
39963619,-0.812542,0.585802,-0.471884,0.116018,0.0190523,-0.0414007,-0.992201
39997113,-0.848688,0.584457,-0.479956,0.0625415,0.02899,-0.0151102,-0.997507
40030998,-0.892535,0.590307,-0.48457,0.107106,0.0595205,-0.0110808,-0.9924031
40063683,-0.931466,0.592732,-0.488727,0.1065,0.0643296,-0.0140739,-0.99213
40097149,-0.969598,0.594761,-0.493531,0.113675,0.0644509,-0.0201431,-0.991221
40131193,-1.0056,0.59545,-0.497823,0.111822,0.0661245,-0.0290502,-0.99111
40164728,-1.04072,0.596981,-0.502421,0.119528,0.082003,-0.019107,-0.989254
40197589,-1.07259,0.597527,-0.505863,0.111831,0.0893614,-0.0260429,-0.989358
40230354,-1.10186,0.596849,-0.508793,0.109713,0.106376,-0.0383941,-0.987509
40264384,-1.12848,0.597029,-0.511605,0.104272,0.114035,-0.0398152,-0.9871871
40296804,-1.14869,0.593288,-0.51512,0.0512379,0.105016,-0.0435768,-0.992193
40330275,-1.17303,0.592744,-0.516914,0.0588357,0.101304,-0.0570953,-0.991472
40363727,-1.18842,0.592539,-0.523493,0.0448216,0.117061,-0.0265967,-0.991756
40398781,-1.20296,0.585959,-0.524218,0.0346217,0.131968,-0.0429149,-0.9897191
40430867,-1.21618,0.580434,-0.525935,0.00820314,0.131153,-0.0423497,-0.990423
40464286,-1.23268,0.58128,-0.528347,0.0422772,0.109931,-0.0309736,-0.992557
40497837,-1.24558,0.577622,-0.529932,0.0719513,0.103728,-0.0271932,-0.991627
40531729,-1.25069,0.570776,-0.530431,0.066689,0.0959482,-0.0284753,-0.9927421
40564323,-1.25667,0.56777,-0.530137,0.0669962,0.0797805,-0.0335212,-0.993993
40597281,-1.26169,0.562613,-0.5314,0.083124,0.0748808,-0.0148317,-0.993611
40631362,-1.26089,0.554686,-0.532194,0.0881999,0.0524655,-0.00919396,-0.994678
40664582,-1.26157,0.551605,-0.532585,0.0815141,0.0536151,0.00332198,-0.9952241
40697662,-1.2592,0.544661,-0.531086,0.0885635,0.0321855,-0.0103341,-0.995497
40731164,-1.25439,0.537249,-0.528576,0.0944676,0.0493513,-0.0165926,-0.994165
40764311,-1.25009,0.527617,-0.528019,0.0924128,0.0501298,-0.0120559,-0.994385
40797632,-1.24568,0.522515,-0.52718,0.101382,0.0479357,-0.00652051,-0.9936711
40830268,-1.24086,0.516058,-0.525736,0.0938741,0.0255378,-0.004768,-0.995245
40864778,-1.23143,0.507819,-0.526761,0.0805937,0.00755422,0.00294828,-0.996714
40898083,-1.22561,0.502456,-0.524771,0.0882892,0.0131594,0.0128867,-0.9959251
40931484,-1.21434,0.495149,-0.522242,0.0771065,0.023216,0.0144292,-0.996648
40964772,-1.20624,0.488633,-0.522096,0.0751683,0.0295998,0.0288774,-0.996313
40997810,-1.19579,0.481321,-0.519966,0.0680161,0.0349849,0.0246856,-0.996765
41031970,-1.18224,0.472027,-0.51625,0.0536905,0.0332266,0.00475745,-0.9979931
41064211,-1.17865,0.471526,-0.514834,0.0860895,0.0239528,-0.0015489,-0.995998
41098220,-1.16736,0.463304,-0.511613,0.0647695,0.0129477,-0.0124659,-0.997738
41130965,-1.15656,0.458072,-0.509724,-0.0538224,0.00177617,0.0214286,0.998319
41164024,-1.14708,0.453153,-0.508834,0.0639095,0.00484526,-0.00991795,-0.9978951
41197730,-1.13619,0.448055,-0.505814,0.0540774,0.0112238,0.00183188,-0.998472
41230830,-1.12702,0.443186,-0.50502,0.0702828,0.014623,-0.00118453,-0.997419
41263587,-1.11554,0.434375,-0.503268,0.0816124,0.0108724,-0.013678,-0.996511
41297771,-1.10749,0.435438,-0.503258,0.0846407,0.0103172,0.00696377,-0.9963341
41331193,-1.09721,0.431052,-0.500933,0.0660903,0.0151149,0.00609523,-0.997681
41363952,-1.08854,0.427259,-0.499778,0.0677331,0.0114889,0.0162452,-0.997505
41396268,-1.07894,0.420572,-0.49776,0.0744391,-0.00844861,0.0283643,-0.996786
41430925,-1.06862,0.415995,-0.497213,-0.0956643,0.00961038,-0.0117877,0.9952971
41463850,-1.05469,0.407969,-0.494998,0.0972627,-0.0155044,0.0516047,-0.993799
41497456,-1.04932,0.409324,-0.490871,0.109548,-0.0120761,0.0754014,-0.991044
41531911,-1.04035,0.411999,-0.48962,0.0695564,-0.0156747,0.0534923,-0.9960191
41564232,-1.02855,0.413248,-0.485077,0.0812252,-0.0148809,0.117799,-0.989598
41597592,-1.02026,0.410987,-0.48356,0.0711356,-0.0247058,0.153288,-0.985308
41630822,-1.01479,0.408975,-0.478602,0.0759403,-0.0246302,0.103324,-0.991439
41664630,-1.00542,0.417895,-0.479063,-0.0806621,0.0203611,-0.06619,0.9943331
41697806,-0.998143,0.422996,-0.473751,0.0673919,-0.0294694,0.115419,-0.99059
41730761,-0.988786,0.433421,-0.467727,0.0659865,-0.0397328,0.147154,-0.98611
41763891,-0.978548,0.439323,-0.463764,0.0606669,-0.0245916,0.125686,-0.989908
41797363,-0.971523,0.45324,-0.461163,0.119895,-0.00398534,0.143848,-0.9823021
41830541,-0.961985,0.464604,-0.455886,0.154365,0.0208593,0.157487,-0.975159
41877954,-0.951442,0.47946,-0.446971,0.107992,0.0215017,0.119927,-0.986658
41897658,-0.940795,0.494209,-0.441366,0.106254,0.0205321,0.14158,-0.9839941
41931861,-0.930301,0.513675,-0.435413,0.105039,0.02224,0.151826,-0.982558
41964724,-0.918717,0.534035,-0.430481,0.116823,0.0474116,0.1031,-0.986648
41997114,-0.908198,0.557913,-0.425078,0.118697,0.0478726,0.0942869,-0.987284
42031706,-0.896154,0.583014,-0.419732,0.1033,0.0519135,0.0957078,-0.9886731
42063815,-0.88229,0.603909,-0.416104,0.052868,0.0484821,0.0906334,-0.993298
42097361,-0.873096,0.637556,-0.408668,0.094451,0.0537058,0.0736262,-0.99135
42130688,-0.859953,0.66638,-0.403398,0.090707,0.0495365,0.0671557,-0.992375
42163880,-0.849042,0.696648,-0.398144,0.0967091,0.047858,0.0639113,-0.9921051
42197555,-0.83743,0.72833,-0.392679,0.0951276,0.0362601,0.0546521,-0.993302
42231104,-0.825302,0.759328,-0.386847,0.102823,0.0268654,0.0582533,-0.992629
42263739,-0.814566,0.790631,-0.382549,0.099502,0.0239271,0.047273,-0.993626
42297849,-0.803116,0.820928,-0.378346,0.102627,0.0221592,0.0224505,-0.994221
42330489,-0.789997,0.849021,-0.374264,0.121002,0.0256936,0.0165824,-0.992181
42364050,-0.77679,0.875208,-0.366816,0.0521508,0.00377363,0.0369517,-0.997948
42397910,-0.768727,0.904826,-0.364074,0.15066,-0.000487191,0.0330562,-0.9880331
42430525,-0.756314,0.938135,-0.360251,0.119865,0.010752,-0.0312523,-0.99224
42463753,-0.741238,0.961443,-0.354123,-0.0642296,-0.00865372,0.059601,0.996116
42497166,-0.728401,0.984996,-0.350972,0.0500065,0.0213047,-0.0553395,-0.996987
42530950,-0.725076,1.01634,-0.34836,0.0895201,0.0243861,-0.0776065,-0.9926571
42564767,-0.713259,1.03489,-0.345415,-0.0775423,-0.0166098,0.1023,0.991588
42597232,-0.706201,1.0557,-0.344406,-0.086865,-0.0220236,0.086107,0.992248
42631949,-0.697243,1.07256,-0.34241,-0.0951611,-0.00417233,0.0871269,0.9916331
42665173,-0.689414,1.08507,-0.339319,-0.0819743,0.00373479,0.0893063,0.992618
42696850,-0.686637,1.09835,-0.339679,-0.114065,-0.00871084,0.0771778,0.990433
42730435,-0.681077,1.10622,-0.337396,-0.105051,-0.00211318,0.0808628,0.991172
42764378,-0.675056,1.10605,-0.333906,-0.0930857,0.00681983,0.0802724,0.9923941
42797329,-0.670915,1.11287,-0.33211,-0.0948931,-0.000623258,0.0663833,0.993271
42830720,-0.664487,1.11236,-0.329052,-0.0800209,0.00517481,0.0558319,0.995215
42864669,-0.66026,1.1125,-0.324811,-0.0915365,-0.00205423,0.0779753,0.9927421
42896670,-0.657832,1.10482,-0.317765,-0.0692578,0.0384173,0.0974415,0.992085
42930497,-0.655597,1.09699,-0.315582,-0.0662219,0.0258378,0.0856061,0.99379
42965491,-0.652132,1.09191,-0.311417,-0.0705056,0.00992555,0.0874255,0.9936231
42997479,-0.652716,1.08143,-0.309234,-0.0694601,0.00429844,0.0567135,0.995962
43031377,-0.654641,1.06832,-0.30471,-0.0850802,0.0256737,0.0664884,0.993822
43064178,-0.654361,1.05498,-0.303638,-0.0878531,0.0123614,0.0543744,0.994572
43097823,-0.658061,1.03832,-0.301473,-0.094198,0.00028365,0.0374186,0.994851
43130387,-0.65654,1.01668,-0.297732,-0.0666687,-0.00121522,0.0512878,0.996455
43164559,-0.655453,0.995905,-0.293428,-0.0439643,-0.0111324,0.072355,0.996347
43197739,-0.663965,0.983279,-0.293449,-0.100133,-0.00960939,0.0379738,0.994203
43230643,-0.667378,0.962164,-0.29166,0.113166,0.0156111,-0.0103671,-0.9933991
43264356,-0.669639,0.940358,-0.288728,0.0913033,0.012975,-0.0133129,-0.99565
43297716,-0.672034,0.915157,-0.283436,-0.0788772,0.0168323,0.0491346,0.99553
43330543,-0.675846,0.890037,-0.280699,-0.0700766,0.0330041,0.0402079,0.996184
43363817,-0.679624,0.866568,-0.283477,-0.0855942,0.0417248,0.0349657,0.9948421
43397550,-0.681165,0.845424,-0.280893,-0.0689241,0.0352422,0.0243675,0.996701
43431084,-0.684872,0.82738,-0.283871,0.0868451,0.00196253,0.0319581,-0.995707
43464133,-0.690367,0.805776,-0.282761,0.0880411,-0.00052491,0.0431994,-0.995181
43497191,-0.694501,0.781425,-0.282429,-0.0745029,0.0463634,-0.0161763,0.996011
43531473,-0.697304,0.760275,-0.281075,-0.088359,0.0588656,-0.0178112,0.994188
43563986,-0.699205,0.742417,-0.283027,-0.0898181,0.0443534,-0.0135116,0.994878
43597673,-0.701728,0.724002,-0.280302,-0.072059,0.0281546,-0.0395287,0.9962191
43630810,-0.704186,0.708013,-0.285856,-0.0855189,0.0195674,-0.0434967,0.995194
43664232,-0.707946,0.693484,-0.29031,0.087361,0.0028632,0.0354982,-0.99554
43697633,-0.710214,0.677461,-0.293242,0.105993,0.0191371,0.0477835,-0.993034
43731645,-0.71064,0.658314,-0.292506,0.0800613,0.0323822,0.0160354,-0.9961351
43764543,-0.710949,0.638762,-0.293463,0.0567972,0.0286079,-0.0215338,-0.997743
43797352,-0.715492,0.62682,-0.302096,0.0793912,0.0126747,0.0254232,-0.996439
43831511,-0.713015,0.610836,-0.30579,0.0501672,0.00572893,0.0131482,-0.998638
43864088,-0.715254,0.59465,-0.306989,-0.043194,0.0139172,0.0123188,0.9988941
43898493,-0.717381,0.586389,-0.313416,-0.065203,0.00217041,0.0067888,0.997847
43930928,-0.719472,0.572677,-0.320007,-0.0897026,0.00869322,0.0257956,0.995597
43963650,-0.721559,0.56377,-0.325856,-0.108384,0.0114215,0.0164153,0.993908
43997547,-0.720474,0.552996,-0.329056,-0.0737544,0.0183487,-0.0043589,0.9970981
44031580,-0.722545,0.545362,-0.33457,-0.0814746,0.0112569,0.00064767,0.996612
44064285,-0.719053,0.528351,-0.337,-0.100264,0.00838238,-0.0184276,0.994755
44097661,-0.719095,0.51963,-0.343841,-0.0953337,0.00921091,-0.01097,0.9953421
44131016,-0.716536,0.506227,-0.352342,-0.112606,0.0173424,0.0124265,0.993411
44164587,-0.717627,0.499974,-0.358263,-0.0920221,0.0102133,0.012219,0.99563
44196620,-0.718251,0.496598,-0.362216,-0.0879835,0.0217248,-0.026014,0.995545
44231007,-0.716505,0.487964,-0.369349,-0.0761382,0.0175773,-0.0125533,0.9968631
44263895,-0.71375,0.480503,-0.374254,0.0914653,-0.00186333,0.02513,-0.995489
44298026,-0.709647,0.469311,-0.378329,0.0626543,-0.013353,0.0471454,-0.996832
44331336,-0.713337,0.472155,-0.387525,0.0802197,-0.000430357,0.0706431,-0.9942711
44364172,-0.710444,0.467807,-0.395924,0.116955,0.0175301,0.0837017,-0.989448
44397128,-0.707298,0.462023,-0.401608,0.105788,0.0128136,0.100005,-0.989264
44431057,-0.704905,0.460801,-0.407339,0.1196,0.0145287,0.108304,-0.98679
44465507,-0.702299,0.46107,-0.410789,0.0907427,0.00521627,0.0727439,-0.99321
44497503,-0.699622,0.458555,-0.416056,0.104217,0.0271218,0.0535339,-0.992742
44530951,-0.700521,0.460255,-0.418839,0.101917,0.00534833,0.045093,-0.993756
44564107,-0.697893,0.460531,-0.423765,0.103365,0.0120996,0.0507405,-0.993275
44598153,-0.692093,0.45855,-0.427734,0.0779152,-0.00347422,0.0304219,-0.996491
44631582,-0.68857,0.457775,-0.433291,-0.0899314,0.00881321,-0.0129196,0.995825
44664311,-0.683574,0.458062,-0.43929,0.0731649,-0.00683453,0.0254823,-0.996971
44697978,-0.684994,0.458996,-0.439286,0.109172,0.0066766,-0.000559604,-0.994
44731711,-0.679716,0.458175,-0.445803,-0.0728995,0.0156009,-0.00918278,0.9971751
44764246,-0.674283,0.459466,-0.448384,-0.0562268,0.0127546,-0.0201049,0.998134
44797081,-0.67083,0.456273,-0.449211,-0.0568517,0.0279529,-0.0691486,0.995593
44831501,-0.670098,0.464,-0.457977,0.0608844,-0.0199912,0.0723757,-0.995317
44864595,-0.66879,0.463932,-0.465388,-0.0850871,0.0643219,-0.114096,0.9877271
44898317,-0.661691,0.455981,-0.464438,0.115809,-0.0216001,0.073234,-0.990333
44931563,-0.659348,0.463951,-0.469727,0.0855954,-0.000239304,0.0283864,-0.995925
44964693,-0.656223,0.465141,-0.474864,0.0734124,0.00924989,0.0206851,-0.9970441
44997025,-0.653453,0.463751,-0.475077,-0.0662057,0.0114876,0.0124651,0.997662
45031560,-0.64808,0.459949,-0.479538,0.0656215,0.0151055,0.024105,-0.997439
45064458,-0.646113,0.462073,-0.485463,0.0662501,0.0219859,0.035191,-0.99694
45097498,-0.645452,0.460759,-0.489518,0.0735558,0.0157873,0.0579265,-0.9954821
45131153,-0.642097,0.460286,-0.490504,0.0616965,0.0190092,0.0507902,-0.996621
45163833,-0.64087,0.460295,-0.49198,0.0634105,0.0240793,0.0447249,-0.996694
45197064,-0.639393,0.457628,-0.493999,0.0607623,0.0211708,0.0410868,-0.997082
45231365,-0.637139,0.454595,-0.496739,0.0646789,0.0195467,0.0483752,-0.9965411
45264218,-0.635212,0.452397,-0.498997,0.0649472,0.0242819,0.0437855,-0.996632
45297750,-0.633846,0.450825,-0.501107,0.0670662,0.0281766,0.0395077,-0.996568
45331067,-0.631762,0.446294,-0.502974,0.0583615,0.0250604,0.0377405,-0.997267
45364389,-0.630402,0.442577,-0.505019,0.0832266,0.0287281,0.047528,-0.9949821
45398852,-0.62983,0.442156,-0.506994,0.0716516,0.0263476,0.0480501,-0.995923
45431087,-0.628619,0.439122,-0.508547,0.0693015,0.0251191,0.0516685,-0.99594
45464862,-0.62626,0.432961,-0.508922,0.0876023,0.0336109,0.0589176,-0.9938431
45498381,-0.625578,0.430692,-0.510716,0.0698358,0.0220289,0.0586743,-0.995588
45530837,-0.625371,0.429052,-0.512307,0.068028,0.0241997,0.0559714,-0.995818
45564164,-0.62443,0.426447,-0.513099,0.0746277,0.0241444,0.0623727,-0.994966
45597927,-0.623271,0.424401,-0.513743,0.0687019,0.0258141,0.0617319,-0.9953911
45631190,-0.620958,0.420173,-0.51278,0.067227,0.0283191,0.0750524,-0.994508
45663597,-0.619961,0.418293,-0.517193,0.0854189,0.00665503,0.0524387,-0.994942
45698563,-0.618778,0.412819,-0.518259,0.0923489,-0.00752929,0.0609592,-0.993831
45731565,-0.618319,0.411771,-0.520306,-0.100457,0.0253699,-0.0487668,0.993422
45763688,-0.617281,0.409952,-0.520972,-0.102874,0.0394624,-0.0486973,0.992718
45797548,-0.616615,0.414285,-0.520627,-0.0957327,0.0330005,-0.0369211,0.994175
45831836,-0.613919,0.411008,-0.519353,-0.0943727,0.024843,-0.0507303,0.9939331
45865510,-0.613012,0.411571,-0.518636,-0.0993544,0.0302449,-0.0522924,0.993217
45896995,-0.611265,0.413005,-0.516792,0.093442,-0.0167748,0.0604358,-0.993647
45931436,-0.610644,0.417421,-0.510313,0.0694786,0.0168284,0.087959,-0.993556
45963770,-0.610746,0.421586,-0.51151,0.0615479,0.011564,0.0608877,-0.9961781
45997566,-0.606932,0.420158,-0.508126,0.0745953,0.0179623,0.07817,-0.993983
46031154,-0.606494,0.423309,-0.508012,0.0686086,0.00134522,0.0837875,-0.994118
46064374,-0.606178,0.426037,-0.507228,0.0659101,-0.0186329,0.0874915,-0.9938081
46097570,-0.604921,0.431449,-0.504289,0.0640828,0.00377393,0.0645366,-0.995848
46130852,-0.600581,0.426369,-0.501292,0.0929079,0.00228151,0.0822413,-0.99227
46164685,-0.599148,0.434703,-0.49842,0.0662119,0.0043775,0.0727934,-0.9951371
46197768,-0.596823,0.43717,-0.496596,0.0670527,-0.000308967,0.0750856,-0.99492
46231023,-0.59499,0.442098,-0.496703,0.0730534,-0.00682304,0.0428698,-0.996383
46264396,-0.591416,0.442806,-0.491311,0.0787235,0.00618487,0.0527459,-0.995481
46297275,-0.589939,0.448587,-0.489183,0.0629941,-0.00128611,0.0501518,-0.9967521
46331511,-0.586258,0.449297,-0.485571,0.0566718,-0.00911337,0.0508925,-0.997053
46365252,-0.583,0.452021,-0.48224,0.0828499,0.013171,0.0425194,-0.995567
46397549,-0.581583,0.460366,-0.479938,0.0653692,0.00200438,0.043458,-0.9969121
46431202,-0.578075,0.45735,-0.474454,0.049253,-0.0105169,0.0355361,-0.998099
46464089,-0.572604,0.459068,-0.471409,0.0606966,-0.00848316,0.0374849,-0.997416
46497940,-0.571387,0.467137,-0.46841,0.0709172,0.0020854,0.058921,-0.9957381
46531655,-0.569382,0.471409,-0.465991,0.0639951,0.000491933,0.0438105,-0.996988
46564009,-0.566439,0.473651,-0.462883,0.05996,-0.00154878,0.0210411,-0.997978
46598173,-0.562184,0.475886,-0.458304,-0.0596905,0.0130647,-0.0209347,0.9979121
46631238,-0.558412,0.476685,-0.452743,-0.0413933,0.0238613,-0.0135835,0.998766
46664248,-0.557023,0.479653,-0.449337,-0.0495484,0.0249578,-0.00339264,0.998454
46697735,-0.55398,0.483346,-0.446624,0.0537351,-0.00260651,0.0166664,-0.998413
46731115,-0.551759,0.487526,-0.442843,0.0617455,-0.00389946,0.016331,-0.9979511
46764925,-0.547171,0.486354,-0.437595,-0.0531938,0.00648586,-0.0149448,0.998451
46797629,-0.546799,0.489407,-0.433713,-0.0586327,0.020524,-0.017961,0.997907
46831313,-0.543796,0.49142,-0.42953,-0.0577378,0.0137946,-0.00875753,0.9981981
46864287,-0.540723,0.491924,-0.426117,-0.0606654,0.0139321,-0.0156013,0.997939
46897284,-0.538585,0.493767,-0.421096,0.0563767,-0.00424615,0.0204914,-0.99819
46931200,-0.536576,0.494611,-0.416914,-0.0477753,0.00868459,-0.00961322,0.998774
46964225,-0.535031,0.496078,-0.413612,-0.0540127,0.0151628,-0.00963772,0.9983791
46998572,-0.533105,0.494121,-0.408337,0.0693375,0.00246253,0.0176095,-0.997435
47030380,-0.530952,0.494533,-0.404793,0.0585522,0.00164896,0.0143178,-0.99818
47064143,-0.528294,0.491904,-0.40161,0.0761972,0.00475893,0.0126001,-0.997002
47098838,-0.5271,0.492917,-0.397874,-0.0510555,0.00794544,-0.00964612,0.9986181
47131497,-0.524732,0.489539,-0.393828,-0.0398701,0.00614242,-0.00946102,0.999141
47165130,-0.523583,0.488263,-0.391298,-0.0583675,0.00533347,-0.0124702,0.998203
47197994,-0.522906,0.487128,-0.389283,-0.0510969,0.0139683,-0.0141616,0.998496
47230905,-0.521768,0.484605,-0.385666,-0.0472309,0.0095829,-0.0209547,0.9986181
47263872,-0.518565,0.481521,-0.382701,0.04716,-0.0038207,0.0249607,-0.998568
47297993,-0.515957,0.476602,-0.380433,-0.0323816,0.0130862,-0.0237374,0.999108
47330995,-0.513187,0.472826,-0.37941,0.0812024,-0.0050777,0.0237885,-0.9964011
47363979,-0.51315,0.473338,-0.378915,-0.0578408,0.0248479,-0.0200874,0.997814
47397870,-0.511946,0.468906,-0.37728,-0.0644248,0.0309124,-0.0216883,0.997208
47431201,-0.509956,0.465139,-0.374359,-0.0419111,0.0348907,-0.021657,0.9982771
47463756,-0.509536,0.463458,-0.372198,-0.0603027,0.0197069,-0.0283727,0.997582
47498808,-0.507129,0.4599,-0.370618,-0.0565368,0.0111874,-0.0246715,0.998033
47531242,-0.505636,0.456201,-0.369394,-0.0609925,0.0155676,-0.0278823,0.9976271
47564934,-0.504997,0.45325,-0.367664,-0.0638011,0.0175768,-0.0321979,0.997288
47598508,-0.50364,0.448731,-0.365761,-0.0547522,0.0193456,-0.0415252,0.997449
47631204,-0.503875,0.448777,-0.365727,-0.0594933,0.0188053,-0.0319543,0.99754
47664550,-0.502078,0.443822,-0.365111,-0.0496693,0.0253106,-0.0400635,0.9976411
47697434,-0.500536,0.440779,-0.364493,-0.0521875,0.0240115,-0.0393868,0.997571
47732243,-0.498984,0.437578,-0.363931,-0.0513397,0.0146913,-0.0377891,0.997858
47764115,-0.497632,0.434398,-0.363579,-0.0470609,0.0104593,-0.0304948,0.998372
47798816,-0.498244,0.434726,-0.364717,-0.0459461,0.01893,-0.0187562,0.9985881
47831484,-0.496883,0.432352,-0.364617,-0.0451933,0.0203037,-0.0162496,0.99864
47864435,-0.497221,0.430319,-0.36474,-0.0497307,0.0188555,-0.0188046,0.998408
47898063,-0.495718,0.4291,-0.363942,-0.0460076,0.00863712,-0.0148394,0.998794
47988072,-0.495552,0.427584,-0.366015,-0.0411198,0.0293918,-0.0316654,0.998221
47988419,-0.495707,0.424884,-0.365727,-0.0533186,0.0161841,-0.0194569,0.998257
47997483,-0.494455,0.422676,-0.365597,-0.0510406,0.0166078,-0.00832879,0.998524
48030877,-0.494658,0.420153,-0.366388,-0.0475528,0.0207155,-0.00555002,0.998639
48063790,-0.495003,0.418213,-0.367645,-0.0445172,0.0201424,-0.00312731,0.998801
48097599,-0.49427,0.41625,-0.368535,-0.0462656,0.0191092,-0.00713251,0.9987211
48130959,-0.49158,0.411407,-0.369154,-0.0420411,0.00920125,-0.00122653,0.999073
48165282,-0.493581,0.411879,-0.370499,-0.0494472,0.014042,-0.00482701,0.998666
48197341,-0.493996,0.40947,-0.371959,-0.0501397,0.0154923,-0.00867527,0.998584
48231232,-0.492918,0.406339,-0.373299,-0.0424929,0.0190166,-0.0125872,0.9988371
48264666,-0.494198,0.405216,-0.37463,-0.0433841,0.0169275,-0.0115188,0.998849
48298145,-0.493255,0.402462,-0.376731,-0.039134,0.0120505,-0.015664,0.999039
48332385,-0.493403,0.402145,-0.379576,-0.0347396,0.0169245,-0.0151911,0.9991381
48364000,-0.492849,0.399635,-0.382456,-0.0135141,0.0408101,-0.0231571,0.998807
48398218,-0.495182,0.399541,-0.383457,-0.0429504,0.0295177,-0.0210364,0.99842
48431240,-0.495967,0.397746,-0.385582,-0.0368304,0.0377999,-0.0223781,0.998356
48464213,-0.495077,0.396509,-0.388,-0.0437742,0.0316485,-0.0201332,0.9983371
48498009,-0.494649,0.395635,-0.390953,-0.0304236,0.0443127,-0.0348203,0.997947
48530694,-0.493162,0.394863,-0.392251,-0.0354532,0.0282122,-0.0243406,0.998676
48564759,-0.493887,0.396992,-0.394924,-0.0497419,0.0248673,-0.0221079,0.9982081
48598348,-0.492288,0.394944,-0.396171,-0.0278692,0.032871,-0.0031279,0.999066
48630589,-0.493751,0.394339,-0.398142,-0.0351922,0.0499672,0.0012467,0.99813
48664299,-0.494012,0.396911,-0.402167,-0.0485966,0.0355728,-0.00125162,0.998184
48697423,-0.492396,0.396662,-0.405116,-0.0405483,0.0368702,0.00184335,0.9984951
48731317,-0.491125,0.395184,-0.409598,-0.0257089,0.0390839,-0.0292613,0.998477
48764645,-0.48945,0.395193,-0.411457,-0.0268415,0.0443845,-0.00658644,0.998632
48797825,-0.495527,0.401453,-0.413097,-0.0565255,0.0295383,0.00151871,0.9979631
48831524,-0.487727,0.396644,-0.416482,-0.0146736,0.0330478,-0.0102213,0.999294
48864184,-0.493309,0.401292,-0.418545,-0.0484326,0.0373231,0.00528722,0.998115
48898540,-0.494361,0.40054,-0.42137,-0.065455,0.0308541,-0.00732182,0.9973521
48930746,-0.49531,0.402497,-0.424202,-0.0620047,0.0302477,0.00616264,0.997598
48965052,-0.490837,0.405795,-0.428678,-0.0528287,0.029391,-0.00304759,0.998166
48997337,-0.490946,0.406566,-0.429987,-0.0406413,0.0182095,0.000893989,0.999007
49030927,-0.490618,0.407597,-0.431719,-0.0449763,0.0200241,0.00837504,0.9987521
49064052,-0.49244,0.413089,-0.433451,-0.0643679,0.015989,0.0213604,0.99757
49097882,-0.490929,0.409982,-0.434786,-0.0522928,0.0205419,0.0189973,0.99824
49130667,-0.490402,0.410847,-0.438631,-0.0507849,0.00895893,0.00312811,0.998665
49165022,-0.485635,0.410543,-0.438459,-0.0261068,0.00677221,0.0219327,0.9993961
49197611,-0.48306,0.409458,-0.442565,-0.0187665,0.0209638,0.00599626,0.999586
49230979,-0.486132,0.408591,-0.446732,-0.0996803,0.0368383,-0.0332374,0.993782
49264683,-0.48687,0.408706,-0.444974,-0.0678422,0.0311454,-0.0108963,0.99715
49298658,-0.483075,0.406115,-0.445131,-0.0608242,0.0210827,-0.0144363,0.9978211
49331151,-0.48354,0.409191,-0.446235,-0.0780599,0.0204327,-0.00311905,0.996734
49363974,-0.488305,0.416738,-0.4489,-0.105742,0.013386,-0.00832792,0.994269
49398453,-0.483876,0.412648,-0.449655,-0.0978971,0.0073246,-0.0180592,0.995006
49431369,-0.483374,0.412779,-0.450941,-0.0878097,0.00882654,0.00168069,0.9960971
49464033,-0.481381,0.410057,-0.452992,-0.0818228,0.00540951,0.00863781,0.996595
49497975,-0.482104,0.406233,-0.454174,-0.0862542,0.00649368,0.030577,0.995783
49531082,-0.483386,0.401435,-0.454853,-0.0827498,0.00683787,0.0461253,0.995479
49564522,-0.479791,0.392736,-0.456054,-0.0194083,0.0000904472,0.0506626,0.9985271
49598310,-0.478874,0.386354,-0.459335,-0.00939332,-0.00218063,0.0409049,0.999117
49630664,-0.479342,0.376158,-0.461913,0.0317823,0.0106575,-0.0311491,-0.998952
49664770,-0.484219,0.365969,-0.463226,-0.0697651,0.00798593,0.0334509,0.996971
49698048,-0.486837,0.357047,-0.460906,-0.056825,-0.0144614,0.0693335,0.995869
49730049,-0.490694,0.339529,-0.456639,-0.0784396,-0.0237751,0.117581,0.989675
49764007,-0.49361,0.319637,-0.458716,-0.0698167,-0.0177782,0.126338,0.989368
49797262,-0.499884,0.30171,-0.461614,-0.0882502,0.0235236,0.100108,0.9907761
49831136,-0.502482,0.272403,-0.460452,-0.0768013,0.0304122,0.119964,0.989336
49863711,-0.505858,0.242851,-0.459578,-0.083391,0.0396538,0.142098,0.985536
49897445,-0.513525,0.217853,-0.457965,-0.0679098,0.0182585,0.14658,0.9866961
49931332,-0.516064,0.187161,-0.451028,-0.0654879,-0.0238911,0.178519,0.981464
49964108,-0.522669,0.152729,-0.44629,0.0612915,0.0707708,-0.209757,-0.973261
49998335,-0.526122,0.117227,-0.445062,0.0667832,0.0686817,-0.196432,-0.9758271
50031187,-0.537111,0.0813057,-0.446917,-0.0855619,-0.0123415,0.137901,0.986666
50064562,-0.546638,0.0481942,-0.443351,-0.0857453,0.00567667,0.104592,0.990796
50097601,-0.551611,0.0044762,-0.442839,-0.0729449,0.023921,0.0899382,0.992984
50131343,-0.56175,-0.039758,-0.432544,-0.129462,-0.0319532,0.121148,0.9836371
50163738,-0.567747,-0.0813497,-0.427039,-0.125335,-0.0247165,0.114641,0.985159
50198157,-0.57547,-0.115283,-0.426915,-0.105663,-0.0110733,0.0480767,0.993177
50231594,-0.584241,-0.152905,-0.422762,-0.111744,0.00850707,-0.00927174,0.9936571
50264914,-0.59194,-0.181813,-0.420734,0.125344,-0.00598488,0.0455617,-0.991049
50297936,-0.59633,-0.21541,-0.414337,0.127596,0.0326779,0.0586081,-0.989554
50332187,-0.603532,-0.253268,-0.408876,0.111761,0.0409003,0.0326584,-0.9923561
50364373,-0.607825,-0.283708,-0.401301,0.106158,0.0475015,0.0723868,-0.990573
50398521,-0.612055,-0.316761,-0.396878,0.15126,0.0399671,0.0962407,-0.982986
50430526,-0.613462,-0.343521,-0.39227,0.17659,0.068727,0.127836,-0.973525
50464540,-0.61619,-0.366851,-0.385844,0.131331,0.0972396,0.137524,-0.9769261
50498482,-0.616311,-0.393996,-0.379478,0.151114,0.0820469,0.132118,-0.976206
50531371,-0.619483,-0.414695,-0.372203,0.142109,0.0845454,0.13124,-0.977463
50564615,-0.617933,-0.428294,-0.367312,0.149836,0.0819102,0.117058,-0.9783341
50597113,-0.620088,-0.438782,-0.362136,0.1591,0.0707176,0.121382,-0.977217
50630226,-0.617892,-0.447854,-0.352393,0.136967,0.0386134,0.136524,-0.980362
50663597,-0.614575,-0.45262,-0.344537,0.123049,0.0333364,0.124265,-0.984025
50697487,-0.611259,-0.454163,-0.336201,0.119883,0.0179663,0.119238,-0.9854381
50731008,-0.604033,-0.454266,-0.327154,0.134807,0.0285881,0.120726,-0.983074
50764869,-0.59644,-0.447161,-0.31758,0.138613,0.040333,0.131474,-0.980752
50798118,-0.587275,-0.43961,-0.307182,0.14204,0.043069,0.121608,-0.9814181
50830885,-0.578052,-0.426342,-0.297144,0.141564,0.0339982,0.123252,-0.981638
50864574,-0.569355,-0.408337,-0.287065,0.126061,0.0253061,0.13015,-0.983122
50898156,-0.556215,-0.391761,-0.275144,0.11238,0.0169041,0.121494,-0.9860651
50931398,-0.543807,-0.367481,-0.263794,0.130326,0.0374139,0.129337,-0.982287
50964297,-0.528943,-0.342275,-0.252192,0.13136,0.0501637,0.129962,-0.981498
50996896,-0.517094,-0.314167,-0.23918,0.12219,0.0433392,0.117452,-0.984579
51032169,-0.502256,-0.283549,-0.223276,0.102471,0.0603889,0.113594,-0.9863821
51064350,-0.489135,-0.253296,-0.211288,0.105911,0.048292,0.0906165,-0.98906
51097538,-0.475353,-0.216809,-0.200848,0.101341,0.0136624,0.0651815,-0.99262
51132238,-0.462347,-0.186733,-0.194039,0.104903,0.0484138,0.110098,-0.9871831
51164184,-0.455004,-0.143314,-0.185235,-0.10396,0.0678835,-0.123688,0.984523
51197139,-0.427397,-0.109487,-0.168328,0.100316,0.0453919,0.0762635,-0.99099
51230006,-0.397799,-0.0662075,-0.15157,-0.280076,0.171757,-0.415386,0.84824
51264456,-0.402945,-0.0382905,-0.164794,-0.114761,0.0345567,-0.0836211,0.9892641
51298523,-0.384625,0.019709,-0.169106,0.118808,0.00477578,0.0329175,-0.99236
51331089,-0.338954,0.0796226,-0.14225,0.27505,0.326418,0.53851,0.726503
51364732,-0.352391,0.104248,-0.174806,0.0287684,0.107439,0.104976,0.9882351
51398399,-0.342032,0.160071,-0.193362,-0.0927722,0.0054775,0.00764506,0.995643
51430416,-0.328086,0.217452,-0.215598,0.132727,0.0178944,0.0524844,-0.9896
51464395,-0.310644,0.265408,-0.228194,0.130902,0.015973,0.0434638,-0.990313
51498170,-0.297076,0.315763,-0.242747,0.108654,0.00730494,0.0539399,-0.9925881
51531744,-0.284175,0.364861,-0.257241,0.0996864,0.0149183,0.0292828,-0.994476
51564392,-0.269621,0.412107,-0.270597,0.126171,0.0472986,0.0170848,-0.990733
51597665,-0.256315,0.461136,-0.286632,0.118509,0.0463329,-0.0136588,-0.991777
51631524,-0.24454,0.514081,-0.309995,0.133615,0.0189157,0.0111111,-0.9907911
51664566,-0.230026,0.567904,-0.328898,0.13173,0.00629318,0.0176301,-0.991109
51697668,-0.216522,0.619784,-0.349348,0.108653,0.00143352,0.00734613,-0.994052
51731552,-0.205679,0.669788,-0.370324,-0.10346,0.0106176,0.0000167193,0.9945771
51764111,-0.191668,0.716213,-0.387925,-0.125404,0.00496438,-0.00364098,0.992087
51798002,-0.179325,0.762848,-0.408219,-0.143523,0.0115272,-0.0206166,0.989365
51830825,-0.170462,0.809474,-0.429709,-0.139243,0.035012,-0.00378177,0.989632
51864664,-0.156697,0.851499,-0.447503,-0.0894816,-0.0069358,0.051908,0.9946111
51898166,-0.143914,0.894364,-0.46454,0.0697954,0.0484113,-0.0625991,-0.994418
51931124,-0.133835,0.937621,-0.48241,0.0776001,0.0239065,-0.0357872,-0.996055
51963842,-0.12491,0.978775,-0.499573,-0.0528069,-0.00616805,0.0615706,0.996686
51998180,-0.122907,1.01741,-0.516676,-0.0410965,0.0249516,0.086798,0.9950651
52030362,-0.122917,1.0569,-0.532751,-0.0911649,0.041259,0.144484,0.984434
52064391,-0.113662,1.093,-0.545802,-0.0946744,0.0457404,0.14707,0.983522
52097755,-0.107298,1.12207,-0.55643,-0.0717662,0.0322087,0.155411,0.984713
52130306,-0.102917,1.15321,-0.570845,-0.0644967,0.0411447,0.1515,0.9854921
52164054,-0.0993549,1.18417,-0.580478,-0.059137,0.019134,0.122254,0.990551
52198038,-0.0965322,1.21143,-0.591261,-0.0742694,0.0132565,0.14918,0.985928
52231582,-0.0941643,1.22913,-0.600338,-0.0550001,0.0214412,0.147955,0.9872311
52264936,-0.0941046,1.2483,-0.607227,-0.0511315,0.0171066,0.134818,0.989402
52297450,-0.0933102,1.2635,-0.612596,-0.0406176,0.0222477,0.134781,0.989793
52332059,-0.0950801,1.28124,-0.61552,-0.0469331,0.0158466,0.14215,0.9886051
52364451,-0.0982786,1.28897,-0.619346,-0.0341683,-0.00397151,0.095792,0.994807
52397550,-0.104173,1.29473,-0.62222,-0.0509194,-0.00311353,0.118462,0.991647
52431184,-0.109818,1.29879,-0.622826,-0.033993,0.0104312,0.119289,0.992223
52464382,-0.115062,1.29968,-0.624081,-0.0478527,-0.00787089,0.13059,0.990251
52498233,-0.123279,1.29635,-0.618092,-0.0698503,-0.00291813,0.142837,0.987274
52531103,-0.129408,1.29275,-0.617229,-0.0509852,-0.00489041,0.097907,0.993877
52564637,-0.139629,1.29063,-0.607526,-0.0709079,-0.0101127,0.134374,0.9883391
52597364,-0.148784,1.28348,-0.603282,0.0622248,0.0377683,-0.112788,-0.990949
52630940,-0.157952,1.27572,-0.598011,-0.0693091,-0.0211136,0.0958272,0.992758
52664661,-0.169444,1.26231,-0.589727,-0.0627927,-0.0112095,0.0911077,0.9937961
52696524,-0.179794,1.25017,-0.581156,-0.0665006,-0.0143905,0.0642492,0.995612
52730918,-0.191216,1.23692,-0.572314,0.0616287,0.0348485,-0.0531938,-0.996071
52765289,-0.203442,1.22396,-0.56281,0.0614693,0.0297538,-0.0299084,-0.9972171
52797809,-0.214681,1.20923,-0.552597,0.0635054,0.0277612,-0.0146257,-0.997488
52830241,-0.225513,1.19724,-0.54092,0.0509596,0.0300216,-0.00106655,-0.998249
52865551,-0.237424,1.18119,-0.531102,0.058734,0.0217615,0.00942806,-0.9979921
52898292,-0.248773,1.16488,-0.519086,0.073941,0.0228013,0.00935674,-0.996958
52930804,-0.258876,1.15179,-0.503969,0.0600172,0.0342339,0.0108656,-0.997551
52964840,-0.270364,1.14168,-0.490895,0.0506926,0.0192928,0.0440931,-0.997554
52998111,-0.279207,1.12568,-0.478732,0.0526112,0.00562933,0.0462507,-0.9975281
53031656,-0.289165,1.11074,-0.460008,0.0653354,0.0305682,0.0616894,-0.995485
53064767,-0.300847,1.10108,-0.444783,0.0519676,0.015484,0.0512696,-0.997212
53097815,-0.310775,1.08894,-0.429367,0.0477021,0.00321499,0.0444706,-0.997866
53131633,-0.317589,1.07318,-0.410196,0.0573465,0.0174289,0.0426162,-0.9972921
53164894,-0.329165,1.06805,-0.392437,0.0397639,-0.00506208,0.0790656,-0.996063
53198035,-0.336795,1.05921,-0.378114,0.053641,-0.00489311,0.0472426,-0.99743
53231154,-0.347759,1.04861,-0.362375,0.0407439,0.0017823,0.038966,-0.998408
53264265,-0.353632,1.04052,-0.343932,0.0476131,0.0193632,0.0211988,-0.9984531
53297949,-0.361757,1.02984,-0.326058,0.0515061,-0.0048606,0.0379048,-0.997941
53331175,-0.370219,1.0217,-0.30977,-0.0550783,0.0131871,-0.0271741,0.998025
53364289,-0.379968,1.01431,-0.291234,0.0392632,0.00314678,0.0328111,-0.9986851
53398063,-0.38764,1.00383,-0.272175,0.048118,0.00447953,0.0455528,-0.997792
53431352,-0.394978,0.991868,-0.256934,0.068534,-0.00578451,0.0515832,-0.996298
53465681,-0.403522,0.983342,-0.240836,-0.0881777,0.0277023,-0.0634177,0.9936981
53497370,-0.41278,0.967866,-0.222925,-0.0516072,0.0358806,-0.0424323,0.99712
53531089,-0.418832,0.968232,-0.207521,0.0684628,-0.00667541,0.0839915,-0.994089
53564946,-0.428224,0.962358,-0.19411,-0.0354229,0.0288703,-0.0421622,0.998065
53597599,-0.434355,0.951427,-0.17915,0.011031,-0.00299941,0.0633794,-0.9979241
53631639,-0.435284,0.94563,-0.162093,0.026713,0.0187213,0.06077,-0.997619
53664534,-0.441828,0.938998,-0.151264,0.00821265,-0.00713148,0.0700926,-0.997481
53697368,-0.451163,0.934235,-0.140336,-0.0080599,0.0253823,-0.0619288,0.997725
53730310,-0.452854,0.921045,-0.126933,0.0632343,-0.0114376,0.0999483,-0.9929151
53764218,-0.460593,0.917438,-0.119884,0.0355142,-0.00642512,0.110238,-0.99325
53798240,-0.464333,0.909483,-0.119032,-0.0217394,0.0140732,0.0889063,-0.995703
53830315,-0.467204,0.901279,-0.11375,-0.0194635,0.0209888,0.086097,-0.9958751
53863992,-0.472268,0.892165,-0.117504,-0.0451922,0.00575193,0.0797598,-0.995773
53897702,-0.476638,0.886658,-0.118892,-0.0348091,-0.00717445,0.0810095,-0.996079
53930435,-0.481511,0.878075,-0.122304,-0.0342053,0.0026122,0.0749381,-0.9965981
53964508,-0.481983,0.867769,-0.126162,-0.0479318,0.0254732,0.070309,-0.996047
53997763,-0.487416,0.865724,-0.134448,-0.0403326,0.0204922,0.0859161,-0.995275
54031563,-0.490966,0.857008,-0.147327,-0.0201449,-0.00883717,0.0563189,-0.998171
54064455,-0.494597,0.853819,-0.152641,-0.0400298,0.0238228,0.0936749,-0.994512
54098291,-0.496751,0.846595,-0.166191,-0.043258,0.0329531,0.0992456,-0.993576
54131051,-0.497547,0.837847,-0.179361,-0.0256199,0.0507189,0.115048,-0.991733
54164590,-0.501135,0.830996,-0.194221,-0.00737593,0.055583,0.126704,-0.9903551
54198563,-0.503445,0.830351,-0.209156,-0.014215,0.0487129,0.121293,-0.991319
54230769,-0.508241,0.823758,-0.227382,-0.0194534,0.0363899,0.112712,-0.992771
54264414,-0.511078,0.815545,-0.245263,-0.0245202,0.0217062,0.121308,-0.992075
54297425,-0.514488,0.809969,-0.263603,-0.0270086,0.0260144,0.118029,-0.9923021
54331296,-0.515712,0.805512,-0.277686,-0.0058646,0.0376589,0.149788,-0.987983
54364483,-0.523607,0.803249,-0.299957,-0.0153246,0.00119071,0.131697,-0.991171
54398206,-0.525062,0.801882,-0.316155,-0.00167,0.000342114,0.138181,-0.9904051
54430909,-0.524974,0.798247,-0.331456,-0.00769656,0.0306925,0.161558,-0.986356
54463845,-0.529883,0.800152,-0.349658,0.0039776,0.0263074,0.169771,-0.985124
54497691,-0.535657,0.805172,-0.36528,0.0271538,0.0175697,0.163806,-0.985962
54531669,-0.532943,0.811241,-0.38015,0.0532162,0.0160831,0.141695,-0.9883481
54564758,-0.536098,0.818354,-0.393864,0.0224492,0.0193542,0.179191,-0.983368
54597850,-0.538847,0.825253,-0.41116,0.0431061,0.00309143,0.160195,-0.986139
54631177,-0.539956,0.831211,-0.424353,0.0333504,-0.00527544,0.192571,-0.980702
54664524,-0.546205,0.846472,-0.439728,0.0362554,-0.010348,0.155955,-0.9870441
54698133,-0.550774,0.856597,-0.451612,0.0252914,-0.0239531,0.138543,-0.989744
54731012,-0.556153,0.869609,-0.465294,-0.048003,0.0234634,-0.0761218,0.995666
54764439,-0.564235,0.890504,-0.475854,0.0229788,-0.0227098,0.0781776,-0.996416
54797349,-0.571146,0.904856,-0.48676,0.00245969,0.0702507,-0.139814,0.987681
54831247,-0.577565,0.917663,-0.503901,-0.0420086,0.0890571,-0.0987361,0.99023
54866613,-0.5828,0.935512,-0.514711,-0.0766254,0.0627001,-0.067172,0.992817
54897203,-0.593458,0.953401,-0.526786,-0.0546996,0.104627,-0.0386016,0.992256
54930373,-0.613444,0.973105,-0.539771,-0.0623042,0.142143,-0.0493223,0.9866511
54964593,-0.63027,0.988363,-0.547794,-0.078285,0.16305,-0.00721065,0.983481
54998419,-0.647273,1.0095,-0.553357,-0.071244,0.172539,-0.0469633,0.9813
55031446,-0.670274,1.03021,-0.563177,-0.0499171,0.152542,0.00887239,0.9869961
55064485,-0.693287,1.046,-0.571414,-0.0521339,0.13675,0.0310513,0.988745
55098093,-0.723731,1.06188,-0.576976,-0.0563941,0.177534,0.0535263,0.981038
55130614,-0.749155,1.07929,-0.578267,-0.0485177,0.165092,0.0360989,0.984422
55164619,-0.781641,1.09782,-0.583057,-0.0685048,0.162391,0.056247,0.9827371
55198546,-0.814154,1.11368,-0.588462,-0.0909942,0.1514,0.0399577,0.983464
55231213,-0.851331,1.12983,-0.592635,-0.09609,0.125323,0.0252229,0.98713
55263856,-0.891853,1.14231,-0.594461,-0.0860803,0.138734,0.0542219,0.98509
55297883,-0.930176,1.15108,-0.592515,-0.0492536,0.177435,0.0979191,0.978011
55331067,-0.972044,1.16342,-0.591022,-0.0475612,0.14946,0.110113,0.981466
55364102,-1.02125,1.17343,-0.590129,-0.0435443,0.153583,0.0761543,0.984234
55397527,-1.07116,1.18242,-0.588273,-0.0506855,0.165528,0.0751362,0.982032
55430218,-1.1212,1.1925,-0.584868,-0.0735082,0.153609,0.0669693,0.9831151
55464905,-1.17225,1.19768,-0.582424,-0.0720615,0.152011,0.0175981,0.985591
55498277,-1.22858,1.20423,-0.57783,-0.0632928,0.137891,0.013408,0.988332
55530743,-1.29019,1.20368,-0.575051,-0.0511665,0.126215,0.00104071,0.9906821
55563691,-1.35255,1.21159,-0.567431,-0.06085,0.0985481,0.0638901,0.991213
55597343,-1.41787,1.21248,-0.56257,-0.0644321,0.106431,0.0611452,0.990344
55630627,-1.48302,1.21097,-0.556608,-0.0629321,0.0929392,0.0640346,0.991616
55664512,-1.55178,1.20797,-0.550381,-0.0683606,0.0750782,0.0734502,0.9921171
55698005,-1.6203,1.20508,-0.543257,-0.0621222,0.0626356,0.0721763,0.993483
55730996,-1.69004,1.19965,-0.536512,-0.0497348,0.0467665,0.0673211,0.995393
55764583,-1.76034,1.19173,-0.528107,-0.0444038,0.0435432,0.0767223,0.9951111
55797735,-1.83218,1.18007,-0.521074,-0.0329558,0.0442216,0.0734746,0.995771
55831173,-1.90344,1.16761,-0.512086,-0.0295425,0.0455359,0.0709994,0.995998
55864977,-1.97665,1.15639,-0.502826,-0.0546395,0.0193963,0.0816488,0.9949731
55898525,-2.05706,1.14608,-0.490558,-0.0570931,0.0453797,0.0505459,0.996055
55931654,-2.13228,1.12899,-0.481676,-0.0350821,0.0373797,0.0706327,0.996184
55964720,-2.20607,1.10997,-0.472516,-0.0577969,0.0302207,0.0793922,0.994708
55998291,-2.28068,1.09185,-0.461453,-0.0521119,0.0081969,0.079996,0.9953981
56031309,-2.35358,1.07293,-0.450846,0.0478332,0.0235933,-0.0512447,-0.997261
56064308,-2.42579,1.05098,-0.441331,0.0492647,0.0293683,-0.0351017,-0.997737
56098531,-2.4972,1.03064,-0.430309,0.0522029,0.0416924,-0.0279405,-0.9973751
56131575,-2.56812,1.00759,-0.419573,0.052308,0.0679278,-0.0187193,-0.996142
56164012,-2.64127,0.983334,-0.411385,0.0548326,0.0752193,-0.00380305,-0.995651
56197846,-2.71258,0.957905,-0.403303,0.0468773,0.08271,0.010941,-0.99541
56231408,-2.78182,0.934073,-0.396562,0.0437534,0.059805,-0.0010185,-0.997251
56264136,-2.84705,0.909379,-0.389323,0.034439,0.0650969,-0.0103489,-0.997231
56298762,-2.90833,0.883658,-0.378908,0.0385447,0.103321,0.0043955,-0.993891
56330977,-2.96865,0.860281,-0.371297,0.0279644,0.0935112,0.00100915,-0.995225
56364521,-3.02863,0.835062,-0.3643,0.0352797,0.0875334,0.00464906,-0.9955261
56397983,-3.08549,0.810146,-0.355692,0.0452976,0.0969417,0.0231963,-0.993988
56431145,-3.13903,0.782386,-0.347743,0.00303323,0.108109,0.0260981,-0.993792
56463553,-3.19061,0.760676,-0.34041,0.0409649,0.124051,0.0281601,-0.99103
56497280,-3.24081,0.739258,-0.333012,0.0359524,0.117384,0.0406924,-0.9916011
56531402,-3.2839,0.719321,-0.32565,0.0344439,0.125873,0.0520109,-0.990083
56564326,-3.32984,0.697085,-0.319138,0.0242014,0.122663,0.0445666,-0.991152
56598005,-3.37131,0.675142,-0.312664,0.0372421,0.118487,0.0506177,-0.9909651
56632310,-3.41149,0.652627,-0.304615,0.0420536,0.125343,0.0586869,-0.989483
56663972,-3.44985,0.62783,-0.295446,0.0247544,0.124076,0.0563949,-0.99036
56697476,-3.48346,0.607201,-0.289719,0.00726619,0.10983,0.034648,-0.99332
56730337,-3.51322,0.588291,-0.279963,-0.00621773,0.122138,0.033931,-0.9919141
56764176,-3.53666,0.565765,-0.270049,-0.0259393,0.147141,0.0417651,-0.987893
56798843,-3.56273,0.540906,-0.267019,-0.0207099,0.125762,0.0248402,-0.991533
56830779,-3.58325,0.51076,-0.260308,-0.0515378,0.118082,0.00215357,-0.9916631
56864574,-3.61021,0.495332,-0.253817,-0.0216947,0.0997711,-0.0291139,-0.994348
56898073,-3.62337,0.469225,-0.245136,-0.0311755,0.109398,-0.00342089,-0.993503
56931434,-3.63777,0.453231,-0.237448,-0.00390466,0.109367,-0.0416673,-0.993121
56964669,-3.65211,0.428318,-0.228026,0.00549231,0.100574,-0.04622,-0.99384
56998395,-3.65355,0.408802,-0.218459,0.0326933,0.151808,-0.0369499,-0.987178
57031167,-3.65945,0.388613,-0.212663,0.0463098,0.177659,-0.00467663,-0.982991
57064251,-3.65687,0.363114,-0.198397,0.0575782,0.186433,-0.0205505,-0.9805641
57097871,-3.65759,0.338535,-0.197154,0.080474,0.138556,-0.0597463,-0.98527
57131141,-3.65685,0.315927,-0.188918,0.0783396,0.131357,-0.0454362,-0.98719
57165289,-3.65295,0.296958,-0.180372,0.0696906,0.132057,-0.0190825,-0.9886051
57198138,-3.64711,0.273366,-0.176556,0.075443,0.104949,-0.021733,-0.991374
57231206,-3.63706,0.249205,-0.169729,0.0733606,0.080202,0.0166781,-0.993935
57264071,-3.63116,0.232268,-0.164557,0.0843392,0.0646454,0.0365434,-0.993666
57298210,-3.61849,0.208833,-0.159489,0.0844044,0.0810149,0.0284687,-0.9927251
57330844,-3.60309,0.187098,-0.151883,0.0780281,0.0794874,-0.0112063,-0.993714
57364135,-3.58463,0.164663,-0.14739,0.0624201,0.0906303,-0.00760572,-0.993897
57397312,-3.56797,0.144192,-0.141117,0.0616255,0.0775595,-0.00706522,-0.995056
57430783,-3.54412,0.121722,-0.13689,0.0674186,0.0747821,0.0294303,-0.9944831
57463792,-3.51848,0.10543,-0.129512,0.0532551,0.0777823,0.0448312,-0.994537
57497530,-3.49417,0.0828227,-0.126792,0.0154351,0.100409,-0.0234352,-0.99455
57530453,-3.46739,0.063704,-0.122846,0.0187951,0.0964186,-0.0208072,-0.994946
57564432,-3.43904,0.0441998,-0.120259,0.0318832,0.0811078,-0.0354987,-0.9955631
57597660,-3.40644,0.0258538,-0.117146,0.0430917,0.0806499,-0.0493377,-0.994588
57631234,-3.37562,0.00933319,-0.117362,0.0298451,0.0704842,-0.0346168,-0.996465
57664596,-3.34469,-0.00492816,-0.120022,0.0430992,0.0698775,-0.015065,-0.996511
57697334,-3.31085,-0.0233553,-0.121805,0.0511876,0.0612895,-0.00933081,-0.996763
57732074,-3.27432,-0.0419018,-0.126256,0.0330365,0.0630959,-0.0240386,-0.997171
57764381,-3.23118,-0.0576176,-0.129074,0.0218992,0.0746364,-0.0195457,-0.996779
57797041,-3.1911,-0.0762635,-0.136306,0.0280462,0.0782759,-0.00495984,-0.9965251
57831519,-3.14847,-0.0884625,-0.142782,0.039979,0.0718525,0.0250554,-0.996299
57864576,-3.10021,-0.105473,-0.149919,0.0890322,0.078927,0.0352435,-0.992271
57897915,-3.05482,-0.124841,-0.15809,0.0761772,0.0667726,0.0360667,-0.9942021
57931071,-3.00974,-0.143135,-0.170786,0.0557863,0.0675431,0.0154146,-0.996036
57964539,-2.96318,-0.158471,-0.183793,0.0522187,0.0584634,0.0165808,-0.996785
57997201,-2.91283,-0.174324,-0.196606,0.0454332,0.0645141,0.0114464,-0.996816
58031066,-2.86522,-0.18977,-0.210405,0.0420829,0.0596288,0.0221512,-0.9970871
58063823,-2.81533,-0.205567,-0.22368,0.0259946,0.0514338,0.0255736,-0.99801
58097907,-2.76797,-0.221803,-0.236046,0.00822487,0.0638889,0.0506334,-0.996638
58130267,-2.71828,-0.237254,-0.251604,-0.0214071,0.0282223,0.0395374,-0.99859
58164533,-2.66029,-0.250618,-0.263046,0.000813002,0.0391879,0.0561242,-0.9976541
58197760,-2.60718,-0.263659,-0.276936,0.0169147,0.0393628,0.0647418,-0.996982
58230798,-2.55212,-0.278548,-0.291728,0.0170414,0.0409904,0.0578509,-0.997338
58264521,-2.49864,-0.292533,-0.307678,0.0173085,0.0487969,0.0527433,-0.997265
58298499,-2.44341,-0.30812,-0.320841,0.0110918,0.0403971,0.042592,-0.9982141
58330945,-2.39028,-0.321386,-0.336501,0.0149471,0.03547,0.0484569,-0.998083
58365675,-2.33525,-0.334768,-0.351192,0.0214446,0.0290614,0.0545953,-0.997855
58432299,-2.22871,-0.352139,-0.380725,0.0305161,0.113875,-0.13113,0.984331
58463919,-2.17816,-0.367809,-0.393854,0.0397121,0.043436,-0.0551789,0.99674
58497697,-2.10158,-0.379234,-0.406109,-0.00698506,-0.00421868,0.0680585,-0.997648
58530428,-2.04438,-0.387332,-0.423106,0.00860877,0.016255,0.053954,-0.998374
58564139,-1.98724,-0.395745,-0.440614,0.00821883,0.0140527,0.0445929,-0.9988731
58597876,-1.92296,-0.398571,-0.457369,-0.00211741,0.00460201,0.0429015,-0.999066
58631654,-1.86206,-0.40525,-0.471751,0.012048,0.0212368,0.0464413,-0.998623
58664947,-1.80306,-0.410167,-0.48797,0.013457,0.0129067,0.0509336,-0.9985281
58698296,-1.74175,-0.415586,-0.50266,0.0170816,0.0129051,0.0492645,-0.998556
58731213,-1.68609,-0.421898,-0.516932,0.0381991,0.011875,0.0334758,-0.998639
58765634,-1.62622,-0.424922,-0.53239,0.033042,0.017664,0.0323069,-0.9987751
58797525,-1.56533,-0.427776,-0.546694,0.026806,0.00572499,0.0435174,-0.998677
58830756,-1.50409,-0.431369,-0.562587,0.0237147,-0.00250672,0.0416231,-0.998849
58864443,-1.44516,-0.432763,-0.576966,0.0294078,-0.00963465,0.0495476,-0.998292
58897908,-1.38909,-0.432714,-0.593286,-0.0242698,0.0312638,-0.0457697,0.9981681
58931841,-1.33233,-0.433813,-0.609774,-0.0319409,0.0518104,-0.0363848,0.997483
58964877,-1.27941,-0.434556,-0.625832,-0.0283801,0.0753858,-0.0244159,0.996451
58997791,-1.22738,-0.434138,-0.642315,-0.0243494,0.0935068,-0.0332207,0.994766
59030928,-1.1708,-0.433224,-0.661964,-0.0402846,0.0638651,-0.0121711,0.9970711
59064573,-1.12271,-0.43314,-0.679126,-0.0535759,0.0828366,-0.0123526,0.995045
59098284,-1.07634,-0.431664,-0.69568,-0.0469841,0.0913744,-0.00850894,0.994671
59130880,-1.03499,-0.428843,-0.714558,-0.033102,0.114846,-0.00610951,0.992813
59163933,-0.996676,-0.42667,-0.729547,-0.0193328,0.120855,-0.0148185,0.9923711
59198349,-0.956417,-0.424518,-0.746049,-0.0353753,0.115424,-0.0297976,0.992239
59231667,-0.923539,-0.421656,-0.764104,-0.0336843,0.115469,-0.0262962,0.992391
59264604,-0.892943,-0.418344,-0.782421,-0.0230541,0.119224,-0.0140839,0.99251
59297875,-0.864817,-0.416832,-0.799346,-0.0299502,0.119635,-0.00838952,0.992331
59330343,-0.83989,-0.411776,-0.819552,-0.0374801,0.113381,-0.0207299,0.992628
59364128,-0.816536,-0.406912,-0.838005,-0.0359202,0.0934485,-0.0218472,0.994736
59398035,-0.794721,-0.402205,-0.854278,-0.0327476,0.0655749,-0.0267246,0.9969521
59431516,-0.776021,-0.396257,-0.873047,-0.0330782,0.0587822,-0.0443148,0.996738
59464362,-0.759584,-0.388791,-0.890122,-0.0402708,0.0530134,-0.0570857,0.996147
59497891,-0.745701,-0.381675,-0.907921,-0.0426643,0.0577264,-0.0629584,0.995431
59530893,-0.732682,-0.37421,-0.925422,-0.0467518,0.0481063,-0.0642387,0.9956771
59564671,-0.719173,-0.36656,-0.942949,-0.0567628,0.02835,-0.0533893,0.996556
59599049,-0.708262,-0.35701,-0.960332,0.0613895,0.00433128,0.0367049,-0.997429
59632311,-0.699015,-0.344373,-0.978607,0.0646569,0.00304626,0.0423675,-0.9970031
59664310,-0.691745,-0.330643,-0.996633,0.0592575,-0.00504786,0.0531091,-0.996816
59697689,-0.683359,-0.314477,-1.01626,0.0406651,-0.0183736,0.064694,-0.996907
59730839,-0.678438,-0.297779,-1.03503,0.0387146,-0.0188591,0.0665974,-0.99685
59765189,-0.673282,-0.282027,-1.05317,-0.0463964,0.0216756,-0.0642623,0.9966181
59798536,-0.668076,-0.265006,-1.07157,-0.0482873,0.0181929,-0.048673,0.997481
59830975,-0.664208,-0.246954,-1.08982,-0.0482751,0.0228086,-0.0361861,0.997918
59863883,-0.661446,-0.228461,-1.10659,-0.0431058,0.0219841,-0.0178945,0.998668
59897880,-0.65918,-0.209207,-1.12271,-0.0449584,0.0162206,-0.0170635,0.9987111
59931268,-0.657018,-0.187458,-1.13902,-0.0434117,0.0180033,-0.0238668,0.99861
59965183,-0.653517,-0.167085,-1.15516,-0.0366533,0.0206832,-0.0152291,0.998998
59997946,-0.652264,-0.145779,-1.16772,-0.0422491,0.00483012,-0.00687546,0.9990721
60030483,-0.651548,-0.126474,-1.18337,-0.0515084,0.0331694,-0.0106361,0.998065
60064437,-0.650816,-0.106571,-1.19505,-0.0464488,0.0362622,-0.00267949,0.998259
60097554,-0.651467,-0.083897,-1.20503,-0.0426002,0.020603,-0.00618896,0.998861
60131155,-0.651926,-0.0631208,-1.21532,-0.0522228,0.0160505,0.000232729,0.9985061
60164328,-0.651307,-0.0414516,-1.22416,-0.0502685,0.00155408,-0.00193225,0.998733
60276655,-0.648311,-0.0307823,-1.22972,-0.00411013,0.0281745,-0.0703561,0.9971151
60277495,-0.652234,0.00301373,-1.24071,-0.0377211,0.0134704,-0.0431619,0.998265
60278607,-0.650043,0.0169061,-1.24652,-0.0176241,0.0308981,-0.0673523,0.997095
60297921,-0.64594,0.021187,-1.24606,-0.0314123,0.0262113,-0.073826,0.996432
60330549,-0.648052,0.0391324,-1.25789,0.182314,0.00821349,0.0715361,-0.9806
60364192,-0.643935,0.0665149,-1.26035,0.05511,0.000264401,0.0295389,-0.998043
60397853,-0.637548,0.0818652,-1.26336,-0.014313,0.0308341,0.00504794,-0.9994091
60431499,-0.629594,0.101298,-1.26602,0.0992167,0.00922635,0.0774581,0.992004
60464398,-0.627035,0.11684,-1.26897,0.0981099,0.0342893,-0.0798536,0.991374
60498346,-0.619802,0.12389,-1.26686,-0.0151213,0.00375073,0.119407,-0.9927231
60530533,-0.622863,0.16697,-1.26785,0.0478647,0.0716042,0.00264257,-0.99628
60563997,-0.611448,0.170275,-1.26523,0.0458209,0.0511008,0.00637585,-0.997621
60597554,-0.609717,0.198107,-1.26174,0.0537039,0.067007,-0.028833,-0.995889
60632238,-0.599915,0.215988,-1.25922,0.0402004,0.0642695,-0.0238586,-0.9968371
60664543,-0.584971,0.222106,-1.25218,0.0322213,-0.00438858,0.0747313,0.996673
60697770,-0.582037,0.244324,-1.25347,0.061685,0.0271574,-0.00910032,-0.997685
60730924,-0.573741,0.266437,-1.24854,0.064434,0.0524327,-0.00752331,-0.996515
60764440,-0.561735,0.283418,-1.24261,0.0395994,0.0413214,-0.0215599,-0.9981281
60798270,-0.549751,0.302044,-1.23606,0.059039,0.046066,-0.0265494,-0.996839
60831390,-0.536814,0.314629,-1.22842,0.0646744,0.0430609,-0.0122365,-0.996902
60864549,-0.526177,0.335097,-1.22058,0.0618154,0.0497473,-0.00842275,-0.9968111
60898764,-0.513415,0.343715,-1.21073,0.0662732,0.0386295,0.0120919,-0.99698
60932045,-0.494563,0.35536,-1.20501,0.0357359,0.0256442,-0.0259311,-0.998696
60964837,-0.482958,0.375229,-1.19648,0.0234466,0.0272127,-0.0454746,-0.998321
60998292,-0.46788,0.390724,-1.18417,-0.00511526,0.0389178,-0.0351269,-0.998612
61031112,-0.454628,0.410474,-1.17541,0.00381501,0.0347007,-0.0117721,-0.999321
61065025,-0.443308,0.426992,-1.1637,0.0272613,0.0242024,-0.00805654,-0.9993031
61099125,-0.42645,0.435344,-1.15062,-0.00456878,0.0309112,0.00645379,-0.999491
61130920,-0.416954,0.454022,-1.13681,0.054662,0.0150072,-0.0225685,-0.998137
61164477,-0.405486,0.466542,-1.12274,0.0708193,0.0133064,-0.0296451,-0.99696
61198284,-0.391139,0.479391,-1.10714,0.0723027,0.0165334,-0.0294446,-0.9968111
61231007,-0.375053,0.494485,-1.09355,-0.056975,0.00049051,0.0331311,0.997826
61264365,-0.362306,0.506897,-1.07929,-0.0642594,0.0190081,0.0354027,0.997124
61297548,-0.343564,0.519343,-1.06299,-0.031622,0.00174577,0.0164837,0.999362
61331640,-0.329004,0.532301,-1.04606,-0.0201449,-0.00312238,0.0141137,0.9996931
61363984,-0.313328,0.540527,-1.0274,-0.0270445,0.0095832,0.010856,0.999529
61398035,-0.299734,0.553383,-1.01534,-0.0526839,0.0396324,0.0193707,0.997636
61430236,-0.289744,0.566866,-0.990989,-0.0614669,0.0157864,0.0205258,0.997773
61465731,-0.272311,0.579245,-0.973945,0.0419986,0.0048471,0.0193818,-0.9989181
61497542,-0.255631,0.589795,-0.953873,0.028848,0.0215595,0.0408439,-0.998516
61530398,-0.24394,0.601282,-0.933238,0.0317931,0.00605368,0.0233473,-0.999203
61564531,-0.232974,0.609462,-0.913644,-0.0478212,0.0331682,0.0250995,0.99799
61597662,-0.22118,0.616446,-0.891685,-0.0551986,0.029068,0.0204741,0.9978421
61631264,-0.208008,0.623984,-0.870198,-0.0384922,0.014352,-0.00145794,0.999155
61664598,-0.195394,0.631384,-0.849944,-0.0692392,0.00338428,-0.0104975,0.997539
61697873,-0.18398,0.636661,-0.82953,0.0879784,0.0100794,0.0186266,-0.9958971
61731052,-0.171874,0.643016,-0.80855,0.061245,0.0105771,0.0291667,-0.99764
61764160,-0.162197,0.652204,-0.790641,-0.0540932,0.0193712,-0.0388369,0.997592
61797838,-0.150797,0.658758,-0.767508,-0.0451739,0.0231416,-0.0535145,0.997276
61832339,-0.139829,0.66924,-0.751081,-0.0649168,0.0145119,-0.0331105,0.9972361
61865657,-0.128178,0.672948,-0.732757,-0.057224,0.0199343,-0.0332099,0.99761
61899191,-0.120155,0.679764,-0.712474,-0.0477809,0.0297242,-0.0179181,0.998255
61930930,-0.109861,0.690328,-0.694529,-0.0833828,0.0415012,-0.0641445,0.993585
61965049,-0.102157,0.696692,-0.681593,-0.0693006,0.0156948,-0.048784,0.9962791
61998444,-0.0925906,0.699827,-0.666958,-0.0798546,0.0164986,-0.0507648,0.995376
62031159,-0.0857614,0.707272,-0.65163,0.080359,-0.0113871,0.0496445,-0.995464
62064787,-0.0774326,0.713464,-0.636297,0.072868,-0.0093196,0.0542301,-0.995823
62097932,-0.0682721,0.71986,-0.621796,0.0706513,0.00354276,0.0478718,-0.9963451
62131271,-0.0603928,0.721546,-0.607655,0.0818644,-0.0094344,0.0390233,-0.995835
62164937,-0.0538817,0.727378,-0.592986,0.095804,0.0323573,0.00799199,-0.994842
62198297,-0.0442148,0.728803,-0.58132,0.0973189,0.00556544,0.0431385,-0.9943021
62230895,-0.038066,0.738294,-0.571152,0.092133,-0.00587932,0.0570492,-0.994094
62263972,-0.0326769,0.741196,-0.560805,0.0719184,0.000143291,0.0381295,-0.996681
62298361,-0.0259397,0.748072,-0.552459,0.0487754,0.0274667,0.0148562,-0.9983221
62331200,-0.0185386,0.749955,-0.541298,0.0233813,0.0289959,0.0157857,-0.999181
62364210,-0.0129309,0.757829,-0.529879,0.0456507,0.0300058,0.0537116,-0.997061
62397523,-0.00269568,0.757105,-0.522429,0.0609189,0.031156,0.0894325,-0.99364
62430397,0.00382556,0.764688,-0.514143,0.0523074,0.0445624,0.0755227,-0.9947741
62464932,0.00966797,0.773512,-0.507049,0.0406754,0.0408152,0.0697657,-0.995898
62498160,0.0155231,0.781662,-0.498759,0.0322461,0.0448222,0.0935403,-0.994083
62530522,0.0177463,0.796648,-0.487483,0.0151221,0.0518065,0.133991,-0.9895121
62564607,0.0252876,0.803578,-0.48384,0.0015489,0.0627136,0.0924514,-0.993739
62598059,0.0312737,0.814389,-0.479119,-0.0175824,0.0744163,0.0817916,-0.993712
62631658,0.0383982,0.828076,-0.472668,-0.0102856,0.0150198,0.044023,-0.9988651
62664436,0.0438497,0.838974,-0.468182,-0.00826204,0.0175089,0.0637878,-0.997776
62697400,0.0520469,0.864941,-0.464952,0.0195,-0.0188153,0.0663158,-0.997431
62731614,0.0575565,0.884227,-0.460462,0.0517205,-0.007915,0.0890864,-0.994649
62764525,0.0640638,0.901782,-0.450714,0.0507759,-0.00966565,0.136686,-0.9892651
62798277,0.0734927,0.923695,-0.452196,0.0421468,-0.00775284,0.105686,-0.993476
62831455,0.0842033,0.951395,-0.448537,0.04408,0.036488,0.129849,-0.989881
62864864,0.0927706,0.973583,-0.447017,0.0509983,0.0498586,0.106265,-0.9917771
62897915,0.0938348,1.0031,-0.44748,0.0497487,0.0446289,0.107473,-0.991959
62931072,0.105703,1.0336,-0.441615,0.0226164,0.0423345,0.101068,-0.993721
62964598,0.11,1.05835,-0.441025,0.0422779,0.0242654,0.116035,-0.992048
62998616,0.117847,1.08484,-0.439923,0.0825103,0.0119086,0.0646525,-0.994421
63031232,0.123814,1.11495,-0.442104,0.0445993,0.000567328,0.0501941,-0.997743
63064664,0.13697,1.15411,-0.435255,0.0252292,0.0293454,0.0393142,-0.998477
63097076,0.142025,1.18081,-0.435639,0.040192,0.0243749,0.0388587,-0.998139
63131717,0.148923,1.2033,-0.437358,0.0763511,0.0253399,0.0193067,-0.9965721
63164715,0.158565,1.23754,-0.439249,0.0609663,0.0204302,-0.0117629,-0.997861
63197402,0.171604,1.26577,-0.438298,-0.0233229,0.0759844,-0.0484537,-0.995658
63231171,0.175815,1.29122,-0.436806,0.0162247,0.0590521,-0.0460548,-0.99706
63264673,0.180878,1.31461,-0.438502,-0.0593637,-0.00849721,0.0362375,0.9975421
63297475,0.185251,1.34616,-0.44298,-0.0330866,0.0345515,0.0543372,0.997376
63330600,0.189193,1.36907,-0.441063,-0.0847292,-0.00848987,0.0554075,0.994826
63365503,0.196574,1.38825,-0.445651,-0.0751873,0.00612416,0.12924,0.988741
63398231,0.200657,1.40018,-0.449789,-0.0919549,0.0325729,0.105505,0.989622
63431736,0.208861,1.41346,-0.451475,-0.0717034,0.0150387,0.10862,0.99138
63464073,0.214782,1.42507,-0.454314,-0.0632745,-0.000041515,0.132675,0.989138
63497261,0.217013,1.4357,-0.456507,-0.0761956,0.00725379,0.137775,0.9875021
63531214,0.220818,1.43984,-0.460767,-0.0742522,-0.00264054,0.136726,0.987819
63564412,0.224983,1.443,-0.462881,-0.0673333,0.000661327,0.142938,0.987438
63597969,0.22822,1.4407,-0.465473,-0.0631747,0.000337582,0.146877,0.9871351
63630775,0.228784,1.43489,-0.468605,-0.0803089,0.00532756,0.139111,0.987001
63664093,0.229922,1.43294,-0.471351,-0.0803034,0.0226286,0.123959,0.988774
63697666,0.233116,1.41759,-0.475454,-0.0642055,0.00905556,0.115814,0.991152
63731353,0.235023,1.40243,-0.476857,-0.07844,-0.00348102,0.112973,0.9904911
63764657,0.235735,1.38822,-0.474444,-0.0817848,0.00211875,0.131646,0.987915
63797672,0.235877,1.36787,-0.475204,-0.0985296,-0.013683,0.137908,0.985437
63830414,0.23669,1.3388,-0.478854,-0.103297,0.0224425,0.145191,0.983741
63864130,0.237504,1.31366,-0.475408,-0.099149,-0.00711278,0.13357,0.9860411
63897243,0.235479,1.29035,-0.476282,-0.0833288,-0.0199945,0.142468,0.986083
63930411,0.236818,1.25073,-0.479638,-0.0719448,-0.0226263,0.13185,0.988397
63963670,0.235497,1.21991,-0.478389,-0.0740805,-0.00706669,0.107981,0.991364
63999018,0.234204,1.18055,-0.47885,-0.0648501,0.00483692,0.133539,0.9889081
64031175,0.230224,1.13458,-0.475062,-0.0201811,0.00930271,0.143074,0.989462
64064865,0.229665,1.09845,-0.475426,-0.021491,0.00404006,0.104769,0.994256
64097543,0.228053,1.04812,-0.475454,-0.0558408,-0.00335488,0.120155,0.991178
64130366,0.222178,1.00908,-0.47319,-0.104072,0.017876,0.0813464,0.9910761
64164322,0.21905,0.960212,-0.467679,-0.111948,-0.0132177,0.0682454,0.99128
64197650,0.217023,0.912684,-0.463003,0.0625371,0.0377795,-0.0792014,-0.994178
64231298,0.215794,0.850885,-0.465512,-0.0888971,0.00598333,0.0784272,0.992931
64265061,0.211408,0.797541,-0.463803,-0.0739838,0.0157003,0.0351485,0.996516
64298720,0.20416,0.748099,-0.464998,0.0861288,0.000961745,0.0126962,-0.996203
64330579,0.20336,0.69912,-0.464031,0.0621883,0.00223044,0.0412631,-0.997209
64364950,0.201861,0.649356,-0.465279,0.038076,-0.000672416,0.0320586,-0.998761
64398165,0.200759,0.594957,-0.466797,0.0453855,0.0140089,0.032233,-0.998351
64430844,0.196776,0.545221,-0.46573,0.034339,0.00115604,0.0803987,-0.99617
64465218,0.193963,0.498766,-0.467855,0.0158148,0.0110647,0.107891,-0.9939751
64497655,0.187577,0.457963,-0.472837,0.0229106,-0.00126588,0.111161,-0.993537
64531239,0.188869,0.412057,-0.47137,0.0308045,0.0112535,0.117551,-0.992525
64564586,0.189926,0.370589,-0.474155,0.0333595,0.0207847,0.135375,-0.990014
64598031,0.186734,0.33545,-0.476176,0.0395285,0.0284449,0.141102,-0.9887971
64630639,0.185281,0.302211,-0.481658,0.0349426,-0.00766805,0.150178,-0.988012
64664554,0.184953,0.269142,-0.483738,0.0160687,-0.0182561,0.140476,-0.989785
64698017,0.186435,0.242012,-0.48587,0.0213239,-0.0108387,0.148881,-0.988566
64731615,0.187574,0.218804,-0.487263,0.0207408,0.00693145,0.164,-0.9862181
64764388,0.188533,0.201302,-0.490656,0.0189159,0.00544373,0.174589,-0.984445
64799313,0.19074,0.184487,-0.491482,0.0190079,0.00540751,0.178167,-0.983802
64830980,0.193419,0.173976,-0.493361,0.0294544,0.00188899,0.168729,-0.98522
64864688,0.195804,0.162895,-0.495612,0.0250412,-0.0029438,0.147765,-0.9887011
64898702,0.200488,0.156463,-0.499536,0.03623,0.00559937,0.0990899,-0.994403
64930746,0.203979,0.149191,-0.499534,0.0408523,0.00769607,0.0779666,-0.996089
64964623,0.207382,0.147762,-0.501356,0.0349011,-0.00737023,0.0687403,-0.996997
64998117,0.211784,0.149909,-0.502732,0.0433166,-0.00805072,0.0650955,-0.9969061
65031122,0.216619,0.153065,-0.503577,0.0441044,-0.000389367,0.0669949,-0.996778
65064718,0.219545,0.157184,-0.505036,0.0325189,0.00391229,0.05653,-0.997864
65098546,0.224107,0.16191,-0.507423,0.0376495,-0.00458216,0.0463936,-0.9982031
65130613,0.227592,0.169106,-0.510506,-0.0339424,0.0177598,-0.0322024,0.998747
65164820,0.232693,0.177323,-0.511835,0.0385421,-0.00695679,0.0285627,-0.998824
65198096,0.237256,0.186032,-0.513405,0.0365238,-0.00329489,0.0241299,-0.999036
65232453,0.240581,0.196339,-0.51752,-0.0375501,0.0123891,-0.0207891,0.9990021
65264432,0.244246,0.206031,-0.519326,-0.0384866,0.0163022,-0.0169763,0.998982
65298310,0.247889,0.219456,-0.523736,-0.025776,0.0300858,-0.00649882,0.999194
65331093,0.248091,0.231267,-0.527096,-0.0250181,0.0638094,0.00140412,0.997648
65364577,0.248893,0.243149,-0.52956,-0.0380206,0.0802036,-0.00688276,0.9960291
65397899,0.248599,0.255751,-0.532291,-0.0372728,0.0901297,0.00105799,0.995232
65430594,0.245915,0.268118,-0.535787,-0.0368638,0.101681,0.00247192,0.994131
65464277,0.243286,0.279712,-0.538862,-0.0544517,0.0960769,0.00885731,0.993844
65497324,0.23639,0.293461,-0.541434,-0.0589745,0.108946,0.0134811,0.9922051
65531516,0.227676,0.307034,-0.545092,-0.0575874,0.129041,0.00141491,0.989965
65565075,0.216281,0.320744,-0.547716,-0.0602251,0.14024,-0.00644547,0.988263
65597865,0.201245,0.334414,-0.551089,-0.0599795,0.142271,-0.00586909,0.9879911
65632362,0.182745,0.348787,-0.554609,-0.0554841,0.143143,-0.00244435,0.988142
65665712,0.162977,0.363229,-0.557636,-0.0635024,0.155646,-0.00686998,0.985746
65698066,0.138593,0.377847,-0.560349,-0.0650859,0.157412,0.00214427,0.9853841
65731781,0.110528,0.392722,-0.562729,-0.0638168,0.161006,0.00631926,0.984868
65764080,0.0806062,0.407872,-0.564231,-0.0631526,0.165376,0.00457834,0.984196
65796539,0.0476162,0.422995,-0.565317,-0.0604288,0.164938,0.00329623,0.984445
65831452,0.010243,0.43747,-0.566067,-0.0624176,0.167508,-0.00221362,0.983891
65864184,-0.0299664,0.453736,-0.566264,-0.0558119,0.16572,0.000471328,0.984592
65898457,-0.0757551,0.468404,-0.566743,-0.0614817,0.183678,-0.0117867,0.980991
65931254,-0.126949,0.483,-0.566503,-0.0624974,0.178763,-0.00317177,0.9819
65964090,-0.178768,0.498188,-0.564998,-0.0547214,0.177991,-0.00233083,0.9825071
65998355,-0.231871,0.512267,-0.56427,-0.0383241,0.183398,-0.0017504,0.98229
66031176,-0.290606,0.525676,-0.561458,-0.0487872,0.17984,0.00373623,0.982478
66064215,-0.352962,0.539626,-0.558556,-0.0506969,0.181969,0.00279101,0.9819931
66098177,-0.420239,0.553988,-0.553311,-0.0656345,0.200859,-0.0105691,0.977362
66131191,-0.489001,0.569097,-0.548121,-0.0518139,0.195982,-0.0181059,0.97907
66164992,-0.557555,0.579733,-0.540447,-0.0215023,0.190045,-0.0107713,0.9814811
66198308,-0.626019,0.588374,-0.536283,0.00845515,0.130393,0.0303106,0.990963
66231563,-0.713509,0.608393,-0.531066,-0.0712439,0.14919,0.00975988,0.98619
66264765,-0.795948,0.620753,-0.525322,-0.0738787,0.147849,0.00543314,0.986232
66298376,-0.880374,0.63363,-0.51985,-0.0774003,0.135145,0.00267192,0.9877941
66330402,-0.97369,0.647293,-0.513207,-0.0719875,0.134245,0.002568,0.988327
66364785,-1.06196,0.658948,-0.508059,-0.0611768,0.14117,-0.000737913,0.988093
66397918,-1.16086,0.671679,-0.501732,-0.0598839,0.125971,-0.0149073,0.990113
66432021,-1.25444,0.68246,-0.493603,-0.0585918,0.148748,-0.00467454,0.9871271
66464562,-1.35367,0.694937,-0.487373,-0.0576322,0.130254,0.00677309,0.989781
66498166,-1.45514,0.706128,-0.482922,-0.0642082,0.105953,-0.0136494,0.992202
66532544,-1.55928,0.715601,-0.473503,-0.0504897,0.0796024,0.010899,0.9954881
66564878,-1.66341,0.728034,-0.471174,-0.0279727,0.084694,0.0433334,0.995071
66598969,-1.76848,0.736531,-0.467752,-0.0353208,0.102876,0.0674972,0.991773
66632121,-1.87226,0.749794,-0.465006,-0.107609,0.107362,0.0119511,0.988307
66664786,-1.97038,0.762946,-0.448243,0.0130308,0.00540891,-0.00155787,-0.9998991
66698888,-2.08544,0.769746,-0.449526,-0.0944495,0.0844895,-0.0592555,0.990166
66731363,-2.15503,0.769824,-0.442315,0.0552284,0.0113668,0.0217689,-0.998172
66764086,-2.28488,0.783709,-0.438847,0.0393081,0.0560626,0.00317422,-0.997648
66797477,-2.40895,0.793365,-0.444942,0.0595564,0.0392822,0.0228577,-0.997191
66830479,-2.50775,0.796675,-0.442803,0.038277,0.0578538,-0.00437118,-0.997581
66865330,-2.60954,0.806431,-0.443661,0.0503367,0.0739748,0.000678218,-0.995989
66898970,-2.70968,0.812487,-0.446644,0.0560257,0.073955,-0.0117082,-0.9956181
66930742,-2.80468,0.81945,-0.448704,0.035689,0.0924694,-0.00767286,-0.995046
66965822,-2.8872,0.821945,-0.451406,0.112087,0.187321,0.0680802,-0.973505
66997588,-2.99738,0.804016,-0.441788,-0.0398458,0.18621,-0.13022,-0.973027
67031580,-3.03099,0.825896,-0.451593,-0.170354,0.22544,-0.115898,-0.952221
67064844,-3.13785,0.845851,-0.44667,-0.0346448,0.257954,0.115457,-0.958608
67097529,-3.21757,0.835143,-0.466082,-0.221607,0.388339,0.0997104,-0.888899
67130596,-3.29448,0.843832,-0.481132,-0.102372,0.264383,0.0314414,-0.958453
67165828,-3.29429,0.757714,-0.51528,0.248293,0.154773,-0.386675,-0.8745741
67197486,-3.40089,0.841849,-0.493065,-0.0112164,0.200062,0.101067,-0.974492
67265288,-3.52207,0.878747,-0.519098,0.259026,0.260313,-0.765258,0.528699
67297337,-3.56422,0.851705,-0.507638,-0.0328582,0.282,0.0313045,-0.958341
67331347,-3.59839,0.8523,-0.512331,0.00806958,0.277295,0.0254906,-0.960413
67365707,-3.63225,0.854007,-0.514365,0.0180058,0.265554,0.0153368,-0.963806
67398151,-3.6559,0.853267,-0.520218,0.0155184,0.271734,0.0209477,-0.9620191
67431357,-3.67074,0.852541,-0.522259,0.00866909,0.290434,0.0186215,-0.956675
67464598,-3.68309,0.846839,-0.522887,0.0364989,0.268743,0.00836166,-0.962484
67498876,-3.68902,0.844728,-0.523987,0.0426919,0.271649,0.010145,-0.9613961
67531453,-3.69136,0.841425,-0.522203,0.0345213,0.25207,-0.00147535,-0.967092
67564613,-3.68428,0.839934,-0.52009,0.0219081,0.256484,-0.00297025,-0.966296
67598562,-3.67107,0.838111,-0.516314,-0.0103194,0.286281,0.0231159,-0.957811
67631795,-3.65,0.832397,-0.51347,-0.013448,0.313424,0.0232558,-0.9492331
67665657,-3.62572,0.822032,-0.507774,-0.0230836,0.305266,-0.0153397,-0.951864
67698907,-3.60161,0.820792,-0.501548,0.0110479,0.257138,-0.0555638,-0.964713
67730870,-3.56889,0.821158,-0.496355,0.0222588,0.24511,-0.0000861594,-0.96924
67764781,-3.52743,0.813829,-0.488188,0.0484327,0.234245,-0.00336164,-0.9709651
67798263,-3.4802,0.802616,-0.479616,0.010516,0.217512,-0.0119279,-0.975928
67830930,-3.42614,0.783645,-0.468208,-0.0307938,0.172342,-0.0636083,-0.982499
67865334,-3.35944,0.782165,-0.455904,-0.265671,0.539804,0.217047,-0.7687141
67898122,-3.3416,0.787548,-0.450789,0.0353417,0.245271,0.0191901,-0.96862
67930841,-3.26577,0.779785,-0.433064,0.0462822,0.232789,0.0300469,-0.97096
67964510,-3.22708,0.736614,-0.438769,0.313193,0.748946,0.581884,0.0490039
67997696,-3.15436,0.757331,-0.41573,0.20752,0.122379,0.018795,-0.9703641
68030853,-3.07213,0.757916,-0.402805,0.154976,0.107762,0.0544044,-0.980515
68063844,-2.9687,0.740594,-0.367634,-0.0303131,0.212125,-0.0554466,-0.975197
68097916,-2.9159,0.727921,-0.376613,0.0331935,0.101625,0.0193966,-0.994081
68131224,-2.81,0.713837,-0.353962,0.0204142,0.135106,-0.00575068,-0.990604
68164429,-2.72732,0.699014,-0.339481,0.00477498,0.0786324,-0.0329719,-0.996347
68264307,-2.64544,0.693591,-0.329156,0.0525341,0.0450504,0.000600165,-0.9976021
68264949,-2.55926,0.67793,-0.317021,0.0306263,0.0765937,-0.0270929,-0.996224
68266834,-2.47465,0.664612,-0.311132,0.0209972,0.0616036,-0.0273718,-0.997504
68297206,-2.38696,0.655031,-0.298119,0.0294606,0.0194129,-0.0125,-0.999299
68331599,-2.30113,0.643385,-0.292481,-0.0490478,0.00431954,0.00974575,0.99874
68365149,-2.21478,0.632857,-0.287367,-0.0430821,0.015363,0.0115129,0.9988871
68399358,-2.13371,0.605959,-0.274554,0.0663486,0.0750603,-0.0187218,0.994793
68431575,-2.04534,0.594911,-0.264393,0.0586766,0.110816,0.0143521,0.992004
68465512,-1.96452,0.584601,-0.266981,-0.0058071,0.0587345,0.0538373,0.9968041
68498614,-1.88864,0.584405,-0.271209,-0.034305,0.0412387,-0.00605878,0.998542
68531542,-1.81019,0.573202,-0.270805,-0.0450367,0.0557311,-0.00161083,0.997428
68565192,-1.73442,0.561514,-0.267907,-0.0378272,0.0745689,-0.00446595,0.996488
68598525,-1.65727,0.547979,-0.265532,-0.0480576,0.0773652,-0.0051929,0.995831
68630599,-1.58911,0.538166,-0.266819,-0.0621031,0.113475,-0.0139573,0.9915
68664904,-1.5218,0.525981,-0.267231,-0.0658473,0.11727,-0.0264739,0.990561
68697849,-1.45654,0.514483,-0.26951,-0.0636958,0.119178,-0.0261688,0.990482
68730789,-1.39709,0.504044,-0.271499,-0.0558799,0.137381,-0.0284175,0.9885321
68763962,-1.34222,0.492582,-0.272971,-0.0469452,0.180552,-0.0116892,0.982375
68798362,-1.29381,0.482283,-0.276482,-0.0509153,0.175156,-0.019063,0.983038
68830649,-1.24401,0.470671,-0.278319,-0.0418965,0.196572,-0.00901562,0.979552
68865277,-1.19767,0.457445,-0.282065,-0.0143294,0.198709,-0.0133375,0.9798631
68898687,-1.15957,0.44822,-0.283156,0.00548054,0.202228,-0.0378748,0.97859
68931756,-1.12442,0.44267,-0.287425,-0.00813537,0.185895,-0.0292431,0.982101
68964817,-1.09803,0.436047,-0.290439,-0.0193017,0.179852,-0.0400012,0.98269
68998442,-1.07795,0.43007,-0.293163,-0.0338783,0.176908,-0.0459048,0.9825721
69031617,-1.05775,0.421435,-0.295996,-0.0201613,0.159579,-0.030456,0.986509
69064572,-1.04205,0.415127,-0.299226,-0.026129,0.132991,-0.0209087,0.990552
69098441,-1.02771,0.407452,-0.300716,-0.0161521,0.0986272,-0.0141465,0.994893
69131346,-1.02009,0.402809,-0.303346,-0.0138657,0.080919,-0.0181289,0.9964591
69165056,-1.01616,0.396342,-0.305444,-0.00949489,0.0846385,-0.0187976,0.996189
69197476,-1.0137,0.3915,-0.309072,-0.0109572,0.0826992,-0.0144878,0.996409
69232056,-1.01285,0.385992,-0.314013,-0.0143788,0.0643895,-0.0194005,0.9976331
69263923,-1.01308,0.378504,-0.316511,-0.00838632,0.0456219,-0.0107699,0.998866
69297628,-1.0175,0.376011,-0.322716,0.00439396,0.0456466,-0.013953,0.998851
69330922,-1.02317,0.371779,-0.328685,0.0028816,0.033393,-0.0238328,0.999154
69363841,-1.03128,0.369959,-0.335111,-0.0114048,0.0250868,-0.0366822,0.9989471
69398041,-1.0398,0.367046,-0.341668,-0.0109629,0.02206,-0.0475286,0.998566
69431164,-1.04752,0.36525,-0.348352,-0.0073387,-0.0177141,0.0584833,-0.998104
69464866,-1.05738,0.365456,-0.355305,0.000809495,-0.0121671,0.0672156,-0.9976641
69498038,-1.06503,0.365722,-0.364223,-0.0245037,-0.00831663,0.087278,-0.995848
69531349,-1.07808,0.367758,-0.37212,-0.0264382,-0.0129701,0.0869111,-0.995781
69564854,-1.08983,0.370804,-0.379949,-0.0173436,-0.00425459,0.0932048,-0.995487
69597753,-1.10268,0.37837,-0.387813,-0.0153564,0.00624533,0.0939703,-0.9954371
69630639,-1.115,0.38594,-0.398649,-0.0284023,-0.00497212,0.102961,-0.994267
69665204,-1.12574,0.391707,-0.405446,-0.0259312,0.00736828,0.119536,-0.992464
69697645,-1.13723,0.40118,-0.413404,-0.0359342,0.009545,0.122793,-0.991736
69730892,-1.15344,0.416272,-0.41998,-0.0254081,0.0104556,0.13754,-0.9901151
69764676,-1.16511,0.432682,-0.428984,-0.012202,0.0150864,0.15646,-0.987494
69798511,-1.17656,0.443294,-0.434871,-0.0478167,-0.0231347,0.185481,-0.981211
69831345,-1.18648,0.470267,-0.446554,-0.0194738,0.0134147,0.141719,-0.9896241
69864502,-1.19712,0.49804,-0.459325,0.00636964,0.00732752,0.123505,-0.992297
69897722,-1.20111,0.512462,-0.461982,0.00629843,0.0666305,0.102564,-0.992472
69930934,-1.21435,0.547027,-0.473865,-0.015144,0.0410576,0.0844642,-0.995465
69965212,-1.22359,0.579966,-0.484839,-0.00788304,0.0594942,0.0983117,-0.9933441
69997783,-1.2315,0.610353,-0.494709,-0.0128386,0.0442323,0.0642386,-0.996871
70031361,-1.24207,0.649207,-0.504619,-0.030091,0.0142563,0.0612506,-0.997567
70065482,-1.25097,0.683251,-0.512819,0.0230731,0.0150441,0.0219651,-0.9993791
70098761,-1.25516,0.719355,-0.52049,-0.0315582,-0.0107117,0.0420534,0.998559
70131300,-1.26381,0.75343,-0.534136,-0.0350271,-0.0076369,0.0289762,0.998937
70164867,-1.26939,0.788468,-0.540815,-0.037186,-0.0055489,0.0448603,0.998286
70196965,-1.26999,0.811458,-0.547583,-0.054188,0.00102093,0.0662032,0.9963331
70231208,-1.27411,0.848662,-0.553239,-0.0473336,-0.0154951,0.0606133,0.996918
70264948,-1.27467,0.869835,-0.563235,0.00757365,-0.0252354,0.0898772,0.995604
70298807,-1.27996,0.893838,-0.581721,0.0123193,0.00338274,0.112121,0.9936121
70332417,-1.2942,0.93193,-0.597629,-0.0408477,0.0160269,0.0592503,0.997278
70365623,-1.2949,0.948988,-0.607579,-0.0273582,0.0113038,0.0822293,0.996174
70398504,-1.30194,0.971028,-0.61889,-0.0148075,0.0104055,0.0682829,0.997502
70431329,-1.30316,0.989644,-0.631831,-0.000806587,0.00619963,0.0380988,0.9992541
70465309,-1.30863,1.00617,-0.639256,-0.0112419,-0.00115992,0.0444349,0.998948
70497869,-1.31465,1.02171,-0.650384,-0.0221106,-0.00257496,0.0336879,0.999184
70532035,-1.31899,1.02998,-0.66119,-0.0386051,0.00948181,0.0192822,0.9990241
70565178,-1.32272,1.03878,-0.670199,-0.0276071,-0.000841639,0.0139556,0.999521
70598667,-1.32934,1.04571,-0.680454,-0.0291787,0.0125135,0.0181016,0.999332
70632479,-1.33498,1.05198,-0.691797,-0.0229253,0.0201581,0.020125,0.9993311
70665196,-1.33889,1.05467,-0.702757,-0.0303412,0.0167776,0.0201791,0.999195
70698070,-1.34099,1.05299,-0.715021,-0.0296021,0.0265976,0.0166535,0.999069
70730857,-1.34536,1.05316,-0.727792,-0.0435527,0.0336882,0.0121765,0.998409
70765173,-1.35126,1.05521,-0.740094,-0.0432885,0.0265943,-0.00445471,0.9986991
70797880,-1.35744,1.05627,-0.749681,-0.0389396,0.012985,-0.00425695,0.999148
70831246,-1.36001,1.05007,-0.762174,0.0291548,-0.00387721,0.0325113,-0.999039
70865875,-1.36123,1.044,-0.773196,-0.000149014,0.0137563,0.0358348,-0.9992631
70898206,-1.36854,1.04373,-0.781844,-0.0282953,0.0125031,-0.0159811,0.999394
70930676,-1.36973,1.04072,-0.792115,0.0556711,-0.000850786,0.0159652,-0.998321
70965021,-1.37572,1.03746,-0.799281,0.026988,0.00407432,0.0332868,-0.999073
70998562,-1.37983,1.03181,-0.806213,0.0336185,0.00469573,0.0346474,-0.9988231
71031099,-1.38214,1.0252,-0.81499,0.07184,0.00398265,0.0153105,-0.997291
71064955,-1.3839,1.0191,-0.820952,0.0507425,0.0154492,0.0308169,-0.998117
71097853,-1.39338,1.01552,-0.823406,0.0389054,-0.00255438,0.0456789,-0.998195
71130873,-1.39544,1.0044,-0.828277,0.0437817,0.0108459,0.0182703,-0.9988151
71165703,-1.40267,0.998028,-0.829812,0.0404623,0.0044604,0.0268072,-0.998811
71197887,-1.40641,0.992295,-0.830215,0.0398751,0.00709064,0.0425881,-0.998272
71232143,-1.41101,0.983568,-0.832594,0.0455152,0.00356933,0.0397831,-0.9981651
71265758,-1.41474,0.973672,-0.834558,0.0421514,0.00318109,0.0350662,-0.998491
71298099,-1.41958,0.965826,-0.83423,0.0434517,0.00337236,0.0388635,-0.998294
71331085,-1.42359,0.958949,-0.832535,0.038318,0.00437423,0.0420133,-0.998372
71364355,-1.43014,0.953588,-0.829132,0.0546574,-0.0047409,0.0460021,-0.9974341
71399335,-1.43329,0.947274,-0.824795,0.0630534,-0.0159422,0.05902,-0.996136
71431387,-1.43678,0.94042,-0.821799,-0.0747917,0.0223914,-0.0614476,0.995052
71465439,-1.44229,0.934374,-0.817535,-0.0937261,0.0385866,-0.0610113,0.9929771
71498528,-1.44822,0.92526,-0.814624,-0.0932003,0.0344664,-0.0675765,0.992753
71531332,-1.45026,0.918823,-0.807776,0.0854621,-0.0209296,0.0828928,-0.992667
71565432,-1.45415,0.912921,-0.80451,0.0816069,-0.0149272,0.0611373,-0.994676
71597996,-1.45854,0.908865,-0.7975,-0.087427,0.0274593,-0.0727225,0.9931331
71630839,-1.46031,0.901322,-0.791897,-0.0745358,0.0201346,-0.0638714,0.994967
71665313,-1.46485,0.894054,-0.784121,0.0754615,-0.021007,0.0805419,-0.993669
71697673,-1.46596,0.888904,-0.778186,-0.0495412,0.0471135,-0.0845605,0.99407
71731494,-1.46878,0.88823,-0.769293,0.0594049,-0.0131188,0.0737812,-0.9954171
71765259,-1.47151,0.884172,-0.762261,0.04249,-0.00550543,0.0811576,-0.99578
71798550,-1.47421,0.879139,-0.751284,0.0530157,-0.011282,0.0863407,-0.99479
71830757,-1.4776,0.878598,-0.743208,0.0488852,-0.0158396,0.0957552,-0.994078
71864629,-1.47888,0.87524,-0.73449,0.0442773,-0.0169423,0.0999735,-0.993861
71897795,-1.48211,0.875591,-0.722692,0.0536371,-0.0100026,0.0849002,-0.994894
71932222,-1.48067,0.870609,-0.712613,0.0864665,0.00756989,0.0771704,-0.993233
71964633,-1.48164,0.868425,-0.702189,0.0380653,-0.00823727,0.0879121,-0.9953671
71998595,-1.48434,0.868755,-0.689877,0.0074975,-0.00562028,0.109603,-0.993931
72032095,-1.48629,0.87559,-0.675706,0.0405117,-0.00339533,0.117835,-0.992201
72065623,-1.4841,0.865428,-0.666557,0.0154991,0.0184307,0.102825,-0.9944081
72098096,-1.48849,0.870735,-0.65436,0.0274281,-0.00690111,0.10904,-0.993635
72131134,-1.49088,0.878929,-0.642984,0.024737,0.0230833,0.0885314,-0.995499
72164906,-1.49545,0.886157,-0.625528,0.0281566,0.000744116,0.114125,-0.993067
72199148,-1.49679,0.889124,-0.612764,0.0408448,-0.0109604,0.112795,-0.9927181
72231907,-1.49658,0.888795,-0.603531,0.0173298,-0.0161557,0.121977,-0.99225
72264836,-1.49827,0.900016,-0.587933,0.0311201,-0.0181812,0.131173,-0.990704
72298698,-1.49806,0.911285,-0.577014,0.0646137,-0.00707225,0.103794,-0.992473
72331804,-1.49837,0.920446,-0.564608,0.0688431,-0.00922193,0.0971806,-0.992841
72365302,-1.49844,0.931955,-0.551424,0.0632985,-0.0126214,0.104426,-0.992436
72398481,-1.49756,0.94569,-0.535241,0.0450041,-0.000311326,0.103094,-0.993653
72431218,-1.49434,0.956005,-0.523245,0.0382676,0.00893345,0.103679,-0.993834
72465546,-1.49221,0.970325,-0.509533,0.0510665,0.00321044,0.120339,-0.9914131
72498477,-1.49144,0.98528,-0.497413,0.0540018,0.00672618,0.104745,-0.993009
72531401,-1.48806,1.0006,-0.482973,0.0445417,0.00523115,0.0988348,-0.994093
72564852,-1.48387,1.01745,-0.469441,0.0748505,0.00386564,0.113656,-0.990689
72598869,-1.48415,1.0418,-0.454961,0.0502322,0.000909503,0.0928225,-0.9944141
72631200,-1.47992,1.06006,-0.441091,0.054872,-0.0102374,0.105965,-0.992802
72664827,-1.47733,1.08033,-0.427237,0.0455363,-0.00914072,0.111848,-0.992639
72698730,-1.47348,1.1035,-0.416886,0.0428518,-0.00896108,0.0948432,-0.994529
72731054,-1.46882,1.1234,-0.408255,0.055716,0.008086,0.0687172,-0.9960461
72764496,-1.4613,1.14938,-0.397925,0.0328898,-0.0160765,0.112334,-0.992996
72798686,-1.45549,1.17444,-0.388154,0.0366551,0.0000638353,0.114738,-0.992719
72831589,-1.45217,1.19742,-0.379814,0.0421957,0.00804355,0.106552,-0.9933791
72865893,-1.44956,1.22137,-0.370477,0.0571247,0.00217752,0.0960224,-0.993736
72897331,-1.44556,1.24787,-0.363103,0.0630504,-0.00552305,0.0867733,-0.994216
72930788,-1.44097,1.27272,-0.356943,0.0756278,-0.00754965,0.0542459,-0.995631
72964571,-1.43792,1.29779,-0.351068,0.0612384,0.00346524,0.0298236,-0.9976721
72997717,-1.43226,1.32152,-0.344598,0.0413609,0.00891145,0.0435972,-0.998153
73031521,-1.42879,1.34642,-0.33987,0.0440468,0.0142947,0.0199283,-0.998728
73064079,-1.42617,1.37058,-0.335225,0.0727404,0.00859725,0.000291291,-0.997314
73098117,-1.42002,1.39347,-0.331076,0.045448,0.0162966,-0.0446749,-0.9978341
73131457,-1.41626,1.40719,-0.324137,0.0102338,0.0435794,0.0229985,-0.998733
73164848,-1.416,1.43385,-0.327551,-0.0294214,-0.0168731,0.0760544,0.996527
73197910,-1.41518,1.44906,-0.326676,-0.0145463,-0.00136399,0.0948862,0.995381
73231441,-1.4133,1.46108,-0.324732,-0.0188383,0.00918785,0.118375,0.9927481
73265877,-1.41191,1.4728,-0.326117,-0.0356943,-0.0139576,0.134744,0.990139
73299135,-1.412,1.48227,-0.326108,-0.0273981,-0.0291292,0.133927,0.990184
73331545,-1.41206,1.48945,-0.324698,-0.04503,-0.00914667,0.171057,0.9841891
73365375,-1.41386,1.49081,-0.325639,-0.0398224,-0.0185581,0.159228,0.986264
73398150,-1.41489,1.48747,-0.324067,-0.0178688,-0.0238203,0.154671,0.987517
73431760,-1.41795,1.48196,-0.324179,-0.0275534,-0.0216621,0.167337,0.9852771
73464756,-1.4228,1.47737,-0.323437,-0.0439053,-0.00295596,0.196867,0.979442
73498222,-1.42584,1.46392,-0.322636,-0.0426317,-0.00382548,0.198053,0.979256
73531706,-1.43038,1.44713,-0.323108,-0.0389544,-0.0259244,0.167965,0.984682
73564592,-1.43542,1.42833,-0.321985,-0.0435762,-0.0345617,0.156321,0.9861391
73598544,-1.43983,1.40581,-0.321449,-0.0483496,-0.0374013,0.142242,0.987943
73631061,-1.44656,1.37663,-0.316444,-0.0280921,-0.0202702,0.146787,0.988561
73665530,-1.45386,1.34685,-0.312849,-0.0368959,-0.00218742,0.180917,0.9828041
73697817,-1.45774,1.30231,-0.312117,0.0263109,-0.0420402,0.155585,0.986577
73731516,-1.47209,1.27324,-0.306213,-0.0603384,-0.0224895,0.203806,0.976891
73765521,-1.48075,1.22571,-0.303351,-0.043703,-0.00283155,0.203895,0.978013
73798584,-1.48901,1.18377,-0.299211,-0.0466536,0.00379515,0.170393,0.9842641
73831334,-1.5008,1.13291,-0.295649,-0.0470323,-0.00264367,0.162091,0.985651
73864754,-1.51163,1.08021,-0.292911,-0.0536779,-0.00155206,0.14363,0.988173
73898514,-1.52209,1.02165,-0.289329,-0.0429556,0.00484382,0.10863,0.993142
73932548,-1.53089,0.965342,-0.283824,-0.0390894,-0.0104757,0.0992126,0.9942431
73965098,-1.54115,0.906052,-0.281601,0.0260499,0.0407328,-0.103533,-0.99345
73999184,-1.55207,0.841168,-0.278684,-0.0143033,-0.0219515,0.0976409,0.994877
74030857,-1.55898,0.769844,-0.272423,0.048736,0.0189903,-0.0321788,-0.998113
74064017,-1.57929,0.700952,-0.266368,0.085038,-0.00981291,0.108696,-0.9903821
74099064,-1.59336,0.645147,-0.263996,0.117598,0.0337976,0.0295229,-0.992047
74130677,-1.59876,0.58293,-0.262665,0.0741119,0.0408212,0.0182978,-0.996246
74165336,-1.60936,0.517016,-0.26043,0.0752207,0.0454227,0.0591416,-0.9943751
74198851,-1.61625,0.455356,-0.262718,0.0588636,0.0453361,0.043992,-0.996265
74230993,-1.62511,0.387167,-0.263682,0.036523,0.0303767,0.030702,-0.998399
74265498,-1.6415,0.323287,-0.266126,0.042151,-0.00317218,0.0387341,-0.9983551
74298331,-1.63848,0.255671,-0.263888,0.136553,0.0446984,0.0910814,-0.985424
74332286,-1.64227,0.192872,-0.26314,0.164327,0.00934087,0.185823,-0.9687
74364584,-1.65974,0.149922,-0.268708,0.0590429,0.0345728,0.133366,-0.988702
74398391,-1.67139,0.0999531,-0.280752,0.0281287,0.0222961,0.104616,-0.9938651
74431873,-1.6769,0.0460515,-0.281329,0.0424996,0.0474401,0.130456,-0.989406
74464865,-1.68598,-0.00240417,-0.285046,0.0347511,0.0437146,0.150961,-0.986961
74499251,-1.69417,-0.048335,-0.292128,0.0304183,0.03994,0.161425,-0.9856071
74531857,-1.70211,-0.0905881,-0.299229,0.0433613,0.04635,0.193672,-0.979011
74565585,-1.7064,-0.130693,-0.304184,0.0463566,0.0333295,0.172206,-0.983405
74598891,-1.71199,-0.168162,-0.309376,0.0291609,0.0255866,0.180781,-0.982758
74632068,-1.71675,-0.199875,-0.315639,0.0263764,-0.000370982,0.148134,-0.9886151
74664984,-1.72186,-0.227472,-0.321965,0.0212885,-0.00558714,0.154757,-0.987707
74698548,-1.72195,-0.253424,-0.324958,0.0265501,0.0239398,0.175317,-0.983863
74731370,-1.72504,-0.273479,-0.334907,0.0256283,0.0137835,0.158408,-0.986945
74765626,-1.73162,-0.296789,-0.339993,0.0249933,-0.00393536,0.133285,-0.9907551
74797595,-1.73116,-0.311083,-0.346381,0.0259754,0.0114291,0.135468,-0.990375
74831641,-1.73467,-0.324824,-0.35002,0.0268188,0.00902724,0.135908,-0.990317
74865227,-1.73614,-0.335639,-0.354929,0.0295449,0.0133392,0.1416,-0.989393
74897797,-1.73857,-0.34195,-0.361852,0.0235984,0.00462647,0.125183,-0.9918421
74931457,-1.73969,-0.347424,-0.367096,0.0275777,0.0129979,0.123198,-0.991914
74965352,-1.74102,-0.35122,-0.371949,0.029038,0.015293,0.112762,-0.99308
74998010,-1.74232,-0.351649,-0.378225,0.0272576,0.0106248,0.0966796,-0.9948861
75031245,-1.74261,-0.350371,-0.383917,0.0315012,0.0139301,0.0919042,-0.995172
75064584,-1.74374,-0.347957,-0.388832,0.0316157,0.0143788,0.0915805,-0.995192
75098730,-1.74537,-0.343002,-0.394869,0.0313277,0.00865858,0.0854864,-0.9958091
75131615,-1.74614,-0.336269,-0.402039,0.0317777,0.00658902,0.079596,-0.996299
75164920,-1.74689,-0.330017,-0.407462,0.0313598,0.00378717,0.0702492,-0.997029
75197854,-1.7482,-0.321147,-0.413582,0.0291156,-0.00294624,0.0568704,-0.997953
75231512,-1.74965,-0.309459,-0.420864,0.033338,-0.00538629,0.0565798,-0.9978271
75264774,-1.75286,-0.299742,-0.427826,-0.0296104,0.0176759,-0.0504822,0.998129
75297833,-1.75608,-0.288503,-0.434773,-0.0289943,0.0264472,-0.0449794,0.998217
75331688,-1.76013,-0.277128,-0.442213,-0.0335736,0.0379305,-0.0369362,0.9980331
75432484,-1.76447,-0.264486,-0.449181,-0.0336313,0.0359556,-0.0390795,0.9980231
75433489,-1.76845,-0.251209,-0.457016,-0.0351747,0.0469707,-0.0382964,0.997542
75433516,-1.77388,-0.23842,-0.465431,-0.0357817,0.0509207,-0.0286755,0.99765
75465954,-1.78093,-0.22639,-0.473386,-0.0390957,0.0477424,-0.0191896,0.99791
75498140,-1.79084,-0.212748,-0.483202,-0.0381715,0.0564693,-0.00741185,0.997647
75531711,-1.79855,-0.208775,-0.485788,-0.014271,0.0857532,-0.0220324,0.99597
75564299,-1.80783,-0.204675,-0.493115,0.060501,0.109206,0.0308381,0.9916971
75598125,-1.82056,-0.192395,-0.501132,0.0583261,0.114044,0.0100381,0.991711
75631285,-1.83916,-0.162592,-0.516872,-0.0253146,0.0659761,-0.00112767,0.997499
75665333,-1.85553,-0.148961,-0.525858,-0.0435903,0.0558488,-0.00827592,0.9974531
75698594,-1.8751,-0.138208,-0.534818,-0.0272362,0.0757975,-0.00203674,0.996749
75731667,-1.89328,-0.137276,-0.53965,0.00691031,0.107925,-0.0215331,0.993902
75765085,-1.91999,-0.116503,-0.553687,-0.0189953,0.0930361,-0.00651446,0.99546
75798007,-1.94472,-0.104074,-0.563547,-0.0338832,0.0780578,0.00569292,0.9963571
75832081,-1.96817,-0.103604,-0.569494,-0.0154802,0.0772496,0.0204882,0.996681
75864412,-1.99438,-0.0974043,-0.579913,0.0200528,0.0576512,0.0222042,0.997888
75898443,-2.02655,-0.0885756,-0.58937,0.0165691,0.0494224,0.0156329,0.9985181
75930890,-2.06118,-0.0804854,-0.604059,-0.00983665,0.090691,-0.0222201,0.995583
75964988,-2.08988,-0.0601511,-0.609548,-0.101218,0.129784,-0.0658752,0.98416
75998983,-2.12736,-0.0504496,-0.627156,-0.103013,0.101154,-0.0565218,0.9879081
76030727,-2.15853,-0.0446,-0.635313,-0.0507628,0.0599366,-0.0201966,0.996706
76064421,-2.19492,-0.0351218,-0.648355,-0.0540301,0.0532182,-0.0227308,0.996861
76099290,-2.23363,-0.0233493,-0.659966,-0.0418239,0.0319214,-0.0275233,0.9982361
76131023,-2.27032,-0.0130078,-0.671052,-0.0395682,0.0405001,-0.0311995,0.997908
76165959,-2.30211,-0.00397314,-0.68277,0.0873949,-0.00193654,0.0333302,-0.995614
76197979,-2.34116,0.0124722,-0.697196,0.0475097,0.00419751,0.0380871,-0.998136
76231607,-2.37685,0.0265471,-0.71089,0.0663666,0.0439716,0.0432903,-0.9958851
76265125,-2.40908,0.0370644,-0.722693,0.0501085,0.0624876,0.0402016,-0.995976
76298137,-2.44145,0.0502814,-0.740489,0.0836146,0.0387218,0.0302052,-0.995287
76330858,-2.47641,0.0633078,-0.752068,0.0360526,0.0449287,0.0332611,-0.997785
76364567,-2.51196,0.0683668,-0.763923,0.0445864,0.0160403,-0.00457515,0.9988661
76398968,-2.54648,0.0935641,-0.776354,0.0427541,0.00314543,0.0316565,-0.998579
76432731,-2.57855,0.108925,-0.79097,0.0297206,0.026354,0.0328931,-0.998669
76464316,-2.61595,0.114153,-0.794776,0.0762614,0.0259092,-0.0788458,0.993628
76498403,-2.64211,0.137105,-0.811324,0.0252469,0.01807,-0.0347566,0.9989131
76531675,-2.6695,0.152415,-0.819148,0.0203142,0.00261149,0.0000497406,-0.99979
76564796,-2.70804,0.184909,-0.831045,0.0646022,0.0277478,0.0268648,-0.997163
76598112,-2.7347,0.192031,-0.840813,0.0299665,0.000684082,0.00837194,-0.999516
76631746,-2.76631,0.216717,-0.850007,0.0590433,0.0321708,0.0329872,-0.9971911
76664523,-2.79112,0.239601,-0.85489,0.0387225,0.0490793,0.0433038,-0.997104
76698487,-2.81633,0.25788,-0.860242,0.0324237,0.0522091,0.025968,-0.997772
76731853,-2.84803,0.275834,-0.864744,0.0595184,0.0228532,0.0734642,-0.9952581
76765386,-2.87018,0.296978,-0.86687,0.0623377,0.0512723,0.11055,-0.990588
76798172,-2.88608,0.311758,-0.856008,0.0453744,0.110005,0.243338,-0.962614
76831696,-2.90774,0.328708,-0.848628,0.0102083,0.187434,0.330124,-0.925085
76865152,-2.91572,0.335544,-0.849187,-0.0123874,0.144446,0.27322,-0.9509641
76898023,-2.93474,0.365242,-0.86833,0.125307,0.0789119,-0.181045,0.972262
76932052,-2.96057,0.391035,-0.868241,-0.0728525,0.0699125,0.044133,-0.99391
76964543,-2.98489,0.419231,-0.868658,-0.0324261,0.0686186,0.0657594,-0.994945
76998532,-2.99278,0.439578,-0.863365,-0.0127672,0.0784254,0.0871232,-0.9930241
77031545,-2.99051,0.453484,-0.853094,-0.0118445,0.0963234,0.0697703,-0.992831
77064771,-3.02318,0.497697,-0.857307,0.0462427,0.0928532,0.0485386,-0.99342
77098445,-3.03522,0.515637,-0.85332,0.0576436,0.00271014,0.0736692,-0.995612
77132447,-3.04652,0.545723,-0.850619,0.068101,0.0143466,0.0839881,-0.9940331
77165447,-3.054,0.574264,-0.845726,0.0864468,0.023991,0.110503,-0.989818
77197855,-3.06656,0.598731,-0.848645,0.06734,0.0717818,0.111326,-0.988898
77232641,-3.06787,0.620737,-0.838536,0.0582776,0.0743727,0.087554,-0.9916691
77264687,-3.07354,0.647093,-0.830239,0.0730439,0.0415264,0.0365044,-0.995795
77297731,-3.07205,0.669501,-0.820573,0.0762929,0.0472656,0.0463289,-0.994886
77331840,-3.07131,0.692576,-0.808773,0.0551745,0.0465485,0.0210353,-0.997169
77365514,-3.07138,0.71712,-0.800752,0.0658339,0.0353074,0.0220032,-0.9969631
77398253,-3.06785,0.740349,-0.787648,0.0713829,0.0488854,0.0408872,-0.995411
77431002,-3.06477,0.761765,-0.775642,0.0472185,0.0671605,0.0085653,-0.996587
77464789,-3.06136,0.783884,-0.761787,0.0286035,0.0769642,-0.00115285,-0.996623
77498264,-3.05738,0.80812,-0.751697,0.0405578,0.0697369,-0.0164584,-0.9966051
77532712,-3.05156,0.827823,-0.740377,0.0423112,0.0678425,0.0103175,-0.996745
77564856,-3.04432,0.851837,-0.727432,0.0452064,0.0631151,0.0132697,-0.996894
77598541,-3.03637,0.870176,-0.718246,0.0527025,0.0607047,0.0175356,-0.9966091
77631756,-3.02621,0.88844,-0.706772,0.0546096,0.0659938,0.023618,-0.996045
77664964,-3.01761,0.908834,-0.694878,0.0221646,0.0719313,0.0268347,-0.996802
77698663,-3.00509,0.925586,-0.685486,0.0367942,0.0657804,0.00754608,-0.9971271
77731387,-2.99018,0.936277,-0.676223,-0.006211,0.0897675,-0.00456907,-0.995933
77765030,-2.97759,0.9553,-0.66512,0.0256201,0.0945052,0.0234974,-0.994917
77797598,-2.95852,0.966594,-0.654933,0.0458681,0.0813661,0.0172284,-0.995479
77831142,-2.94201,0.981113,-0.641315,0.0392443,0.0763264,0.013087,-0.9962241
77864097,-2.92638,0.992414,-0.630013,-0.0110242,0.0755685,-0.00755514,-0.997051
77897967,-2.9121,1.00951,-0.622871,-0.00933953,0.0348483,0.0125472,-0.99927
77932105,-2.89201,1.0208,-0.60649,0.0271294,0.0677986,0.0197203,-0.9971351
77965642,-2.87201,1.03152,-0.594591,0.0281062,0.066823,0.0100442,-0.997318
77998257,-2.85157,1.03879,-0.58309,-0.000121578,0.0548998,0.00097982,-0.998491
78032227,-2.83229,1.0496,-0.572638,0.0219155,0.0626398,0.00320554,-0.997791
78064504,-2.80694,1.05969,-0.558005,0.0203436,0.0734126,0.0215197,-0.996862
78097939,-2.78376,1.06974,-0.545696,0.0111378,0.0850385,0.0345959,-0.995715
78131539,-2.76031,1.07645,-0.533552,0.0252496,0.069671,0.0240504,-0.99696
78164520,-2.73432,1.08498,-0.522537,0.0333846,0.0567259,0.00823777,-0.9977971
78198176,-2.70782,1.09116,-0.511743,0.0424504,0.0788245,0.0169331,-0.99584
78231517,-2.68192,1.09656,-0.50087,0.0170933,0.0783995,0.0333292,-0.996218
78266002,-2.65236,1.10576,-0.484562,-0.000439149,0.121316,0.0554974,-0.9910611
78297600,-2.62425,1.10799,-0.478012,0.0428412,0.0830756,0.0330646,-0.995073
78331829,-2.59857,1.10882,-0.467546,0.0900398,0.0289806,0.0508408,-0.994217
78364240,-2.56445,1.11633,-0.45661,0.0913007,0.0393904,0.0707735,-0.992524
78398350,-2.53474,1.11809,-0.446226,0.052192,0.0434765,0.0863995,-0.9939421
78432424,-2.50049,1.12217,-0.43368,0.0485768,0.0466903,0.0746575,-0.99493
78464683,-2.46804,1.1253,-0.422657,0.0681737,0.00393516,0.0390554,-0.996901
78497758,-2.43297,1.13046,-0.408612,0.0677399,0.0244959,0.0320566,-0.996887
78531670,-2.39432,1.13394,-0.396768,0.0555416,0.0336155,0.0164046,-0.9977561
78565307,-2.35811,1.13573,-0.387232,0.0687778,0.0122494,0.017231,-0.997408
78598149,-2.31384,1.14092,-0.371776,0.0264875,0.0682098,0.00243967,-0.997316
78632009,-2.27093,1.14307,-0.359094,-0.0273148,0.111327,0.0187963,-0.9932311
78664733,-2.22451,1.15092,-0.344249,0.0491127,0.100717,0.0187304,-0.993526
78698307,-2.17955,1.14172,-0.331057,0.0502725,0.149878,0.0210462,-0.987201
78731516,-2.14327,1.1407,-0.330333,0.037014,0.104158,-0.0375247,-0.993163
78765504,-2.10186,1.15083,-0.318791,-0.0165479,0.0285595,-0.0284079,-0.9990511
78798097,-2.05068,1.15016,-0.302258,0.00906829,0.038788,-0.0298555,-0.99876
78832362,-2.00096,1.15971,-0.290864,-0.00484866,0.0779586,-0.0308754,-0.996467
78864857,-1.9619,1.16165,-0.280175,-0.019739,0.0713137,0.00219547,-0.997256
78898643,-1.90912,1.1679,-0.269894,0.018345,0.0656621,-0.0113035,-0.9976091
78931833,-1.85193,1.16977,-0.258443,0.039131,0.0648631,-0.0284151,-0.996722
78964301,-1.79968,1.17475,-0.245711,0.0228843,0.113091,-0.00482659,-0.993309
78998392,-1.75084,1.17759,-0.239056,0.0435924,0.075357,0.00737454,-0.996176
79031710,-1.69705,1.17891,-0.229088,0.0518349,0.0708053,0.0162346,-0.996011
79064285,-1.6413,1.1846,-0.219762,0.0322337,0.0626998,0.0314232,-0.997017
79098521,-1.58636,1.18855,-0.216406,0.00723955,0.0399331,0.0154279,-0.999057
79131755,-1.52743,1.18798,-0.214219,0.0653757,0.0406765,0.0224992,-0.9967771
79165291,-1.4667,1.18998,-0.209398,0.0584481,0.045673,0.0270646,-0.996878
79197649,-1.40905,1.19759,-0.207192,0.0235699,0.0659673,-0.011051,-0.997482
79231317,-1.35075,1.19824,-0.207293,0.0291529,0.0593897,-0.0326758,-0.997274
79264294,-1.29588,1.19612,-0.213178,0.0537055,0.0453001,-0.0208211,-0.9973111
79297455,-1.23435,1.19696,-0.214506,0.0474821,0.0466252,-0.0239678,-0.997495
79330931,-1.17092,1.19795,-0.219176,0.0463102,0.0504148,-0.0353438,-0.997028
79365034,-1.10834,1.19918,-0.224271,0.0475313,0.0536825,-0.0407673,-0.9965931
79397933,-1.04542,1.19858,-0.228535,0.0590955,0.0604977,-0.0323629,-0.995892
79431030,-0.983427,1.19651,-0.237408,0.0563627,0.0476193,-0.0405374,-0.99645
79466024,-0.917995,1.19324,-0.24445,0.0481022,0.042332,-0.0398234,-0.997151
79497447,-0.853954,1.19602,-0.249598,0.0223778,0.0500043,-0.0308842,-0.998021
79530975,-0.789496,1.19392,-0.259602,0.0263179,0.043914,-0.017696,-0.998532
79563886,-0.722597,1.18593,-0.268959,0.057028,-0.00653098,0.0212361,-0.998125
79598366,-0.659105,1.18617,-0.276005,0.0404895,-0.00306707,0.0215874,-0.9989421
79631517,-0.599266,1.18236,-0.289213,0.0321306,0.00176365,0.00769184,-0.999453
79665062,-0.541773,1.1768,-0.302575,-0.0472731,0.0167886,-0.0154673,0.998621
79697245,-0.485971,1.17187,-0.318995,-0.0780118,0.0479742,0.0303987,0.995333
79731745,-0.427154,1.16381,-0.331928,-0.0656998,0.0239223,0.0206565,0.9973391
79764349,-0.365193,1.1547,-0.3481,-0.0555753,0.0169749,0.0191719,0.998126
79798176,-0.307924,1.14619,-0.362777,-0.0477717,0.0210115,0.0408963,0.9978
79831755,-0.251778,1.13045,-0.376287,-0.0400175,0.021376,0.028624,0.998561
79865380,-0.196373,1.11775,-0.393059,-0.0215994,0.0205795,0.00655094,0.999533
79898523,-0.143678,1.1073,-0.408762,-0.0217963,0.029913,0.00266662,0.999311
79931593,-0.0887617,1.09926,-0.416309,0.00330383,0.00398149,0.0330207,0.999441
79964579,-0.037978,1.08551,-0.429489,0.00825066,0.0147465,0.0620457,0.997931
79998617,0.0108784,1.07073,-0.443447,0.0152242,0.0197706,0.0448792,0.998681
80031823,0.0587932,1.05923,-0.453041,-0.0410557,0.068272,0.0451922,0.995797
80066136,0.102771,1.04489,-0.463209,-0.0359176,0.0822026,0.0254857,0.9956421
80097639,0.134469,1.02926,-0.475286,-0.0582954,0.0844025,-0.01321,0.994637
80130945,0.182534,1.00971,-0.486712,-0.0620421,0.100495,-0.0220866,0.992756
80164407,0.227679,0.992374,-0.492925,-0.0520336,0.103287,-0.00660563,0.993268
80199247,0.264349,0.971315,-0.496513,-0.0207366,0.119424,0.0249054,0.9923141
80232078,0.302085,0.952154,-0.501807,0.00674434,0.0994612,-0.0290108,0.994596
80264551,0.33454,0.934926,-0.50675,0.0235293,0.0916361,-0.0282773,0.995113
80298074,0.362866,0.930641,-0.501564,-0.072259,0.153342,0.0126084,0.985447
80332481,0.390805,0.915119,-0.50634,-0.0778735,0.177004,0.0128145,0.9810411
80364185,0.416953,0.898247,-0.505874,-0.0759667,0.171403,0.00507062,0.982255
80398350,0.441604,0.881729,-0.503267,-0.0750085,0.147619,-0.00947136,0.98615
80430922,0.459588,0.863783,-0.49934,-0.0779362,0.154895,-0.0109608,0.984791
80465230,0.472978,0.843679,-0.496424,-0.0662028,0.178412,-0.00639734,0.9817051
80498204,0.486572,0.83117,-0.491022,-0.0586394,0.173229,0.00311312,0.983129
80531517,0.49867,0.815922,-0.486093,-0.060579,0.169904,0.0127786,0.983514
80564889,0.506429,0.798772,-0.480699,-0.0529505,0.15963,0.01535,0.985636
80598405,0.509283,0.783131,-0.476918,-0.0589855,0.15438,0.00326377,0.9862441
80631771,0.508245,0.768616,-0.471407,-0.0624642,0.173462,-0.00570306,0.982841
80664936,0.506319,0.755809,-0.46516,-0.0586519,0.171497,-0.00113238,0.983437
80697511,0.498526,0.740568,-0.461635,-0.069327,0.17592,0.0163802,0.981824
80730820,0.492681,0.727193,-0.454658,-0.0751604,0.14572,-0.0140649,0.9863661
80764898,0.483374,0.717235,-0.449394,-0.0809706,0.118379,-0.0264357,0.989308
80797694,0.471825,0.702584,-0.439975,-0.050667,0.116382,-0.00541352,0.991897
80831715,0.454608,0.690517,-0.435727,-0.0649971,0.130853,-0.00951505,0.9892231
80864927,0.439213,0.676277,-0.43016,-0.0688533,0.11245,-0.0091818,0.991226
80899387,0.420299,0.665179,-0.422948,-0.0621539,0.105898,-0.00880438,0.992394
80931831,0.398657,0.652995,-0.415252,-0.0761575,0.100348,-0.0263408,0.9916841
80965321,0.374967,0.642683,-0.408207,-0.0757439,0.105635,-0.018879,0.991336
80998435,0.349797,0.632109,-0.400535,-0.0628022,0.0994675,-0.0188154,0.992879
81032569,0.323375,0.621522,-0.394917,-0.0864345,0.0920769,-0.0238745,0.9917061
81065521,0.291725,0.616799,-0.390211,-0.0700248,0.0967458,-0.00165837,0.992841
81098634,0.256184,0.603408,-0.385528,-0.0783758,0.123935,0.00789987,0.989159
81131300,0.222229,0.591199,-0.377671,-0.0765878,0.0941538,0.0048184,0.992596
81166096,0.186805,0.582972,-0.3716,-0.0854471,0.0802028,-0.0132589,0.9930211
81198322,0.150411,0.575053,-0.363897,-0.0791112,0.101137,0.00888708,0.991682
81232187,0.110851,0.565458,-0.357791,-0.101008,0.11928,-0.00200607,0.987707
81264712,0.0683448,0.555574,-0.355224,-0.10975,0.145342,-0.00597307,0.983257
81297506,0.0232424,0.548799,-0.351552,-0.106886,0.151807,0.011142,0.9825511
81332593,-0.0226187,0.541228,-0.342808,-0.0948702,0.103394,-0.00502678,0.990093
81365476,-0.0735905,0.530596,-0.337269,-0.103786,0.0602643,-0.0010593,0.992772
81398209,-0.12233,0.521331,-0.335986,-0.082554,0.0959581,-0.0213571,0.9917261
81430967,-0.176538,0.515079,-0.330609,-0.0897259,0.0985881,-0.0180764,0.99091
81464578,-0.232501,0.508267,-0.326694,-0.0973487,0.109328,-0.0330909,0.988674
81498157,-0.287299,0.505431,-0.323479,-0.060819,0.0864024,-0.0174112,0.99425
81531899,-0.346348,0.496465,-0.319466,-0.0698174,0.0800969,-0.0268668,0.9939761
81565022,-0.407862,0.491426,-0.317905,-0.0865211,0.0790738,-0.0110636,0.993045
81597412,-0.47037,0.483851,-0.313486,-0.0838761,0.0719829,-0.0136027,0.99378
81631597,-0.533993,0.471937,-0.308235,-0.0566417,0.0562094,0.00506585,0.996798
81664542,-0.602623,0.467024,-0.307722,-0.0739023,0.076409,-0.0145735,0.9942271
81697560,-0.67173,0.4605,-0.305941,-0.0928057,0.0836977,-0.0435137,0.991206
81731117,-0.741196,0.457014,-0.304946,-0.0949009,0.0651387,-0.0360154,0.9927
81765121,-0.814322,0.452038,-0.304756,-0.101692,0.0671141,-0.0242031,0.9922541
81797927,-0.889719,0.44501,-0.30585,-0.0920329,0.0711586,-0.0248767,0.992899
81830906,-0.96132,0.43856,-0.302974,-0.0941035,0.112166,-0.0903265,0.985091
81864040,-1.03866,0.419134,-0.306746,-0.044715,0.107554,-0.0717329,0.990599
81897903,-1.12374,0.432872,-0.311529,-0.109549,0.0822873,-0.0223278,0.9903181
81932268,-1.20188,0.426433,-0.311299,-0.0761775,0.0663113,-0.00804745,0.994854
81965338,-1.276,0.422864,-0.31288,-0.0753869,0.0293583,-0.0214377,0.996491
81998328,-1.35787,0.419906,-0.316621,-0.0793036,0.0408416,-0.0577734,0.9943371
82032110,-1.44609,0.420541,-0.324166,-0.0918541,0.0406578,-0.054856,0.993429
82065360,-1.52662,0.411428,-0.332783,-0.0401242,0.00451565,0.00301632,0.99918
82097493,-1.61424,0.410948,-0.338201,-0.0521499,0.0125867,-0.00401239,0.998552
82131222,-1.69721,0.398268,-0.344325,-0.076054,0.0176811,0.0175814,0.9967921
82164295,-1.79319,0.407135,-0.35311,-0.0704674,-0.00145676,0.0510408,0.996206
82198396,-1.88016,0.402327,-0.364044,-0.0746725,-0.00323296,0.0288193,0.996786
82231766,-1.95978,0.391918,-0.372302,0.00482335,0.0214533,-0.0268574,-0.9993971
82265116,-2.04375,0.391647,-0.383786,0.0240977,0.0392131,0.0244358,-0.998641
82297188,-2.13343,0.389884,-0.395523,0.0524352,0.0457407,0.0157394,-0.997452
82331556,-2.22091,0.386947,-0.406405,0.0344256,0.0326187,0.00328216,-0.998869
82365516,-2.29714,0.385914,-0.412917,0.0576053,0.00863379,0.0184489,-0.9981321
82397976,-2.37608,0.369272,-0.424098,0.187475,-0.00880933,0.0562403,-0.980618
82431131,-2.45937,0.376422,-0.436569,0.0534355,0.051091,0.0465576,-0.996176
82464664,-2.53899,0.370888,-0.449943,0.0598459,0.0687396,0.0143331,-0.995735
82498594,-2.61551,0.364131,-0.45926,0.0644915,0.0673768,-0.0144328,-0.9955371
82531448,-2.6912,0.358909,-0.471301,0.0685271,0.0614075,-0.00971523,-0.99571
82564626,-2.76635,0.352742,-0.483088,0.0727193,0.0475947,0.000241103,-0.996216
82597240,-2.83899,0.346507,-0.492134,0.07154,0.0495219,0.00750802,-0.996179
82630951,-2.91173,0.33617,-0.50119,0.0583778,0.0379504,-0.000979403,-0.9975721
82664987,-2.98028,0.330845,-0.513459,0.0809503,0.0268996,0.0506809,-0.995065
82698230,-3.04204,0.31652,-0.513476,0.122587,0.069412,0.1219,-0.982494
82732679,-3.10656,0.315998,-0.459076,0.150006,0.751965,-0.265711,0.5843321
82764703,-3.14929,0.309397,-0.524303,0.271096,0.432235,-0.245487,0.824267
82798152,-3.23243,0.307624,-0.553315,0.0549914,0.212009,-0.207845,0.953325
82832182,-3.25754,0.293922,-0.514658,0.0174241,0.43727,-0.367149,0.820788
82864894,-3.34834,0.313861,-0.563845,0.32416,0.471824,-0.283032,0.7695421
82898117,-3.41438,0.300694,-0.574067,0.0972659,0.287964,-0.230196,0.92446
82932404,-3.47968,0.279612,-0.572957,0.102468,0.0792594,0.245467,-0.96071
82964366,-3.52071,0.264294,-0.57342,0.111827,0.176022,0.0235706,-0.97773
82997734,-3.56768,0.249513,-0.561993,0.179109,0.111647,0.206246,-0.9554671
83031901,-3.62701,0.247784,-0.543315,-0.0751883,0.275141,-0.473464,0.833352
83064408,-3.66616,0.240551,-0.564582,-0.0302238,0.106528,0.135561,-0.984562
83097642,-3.69907,0.217423,-0.547235,-0.0459688,0.00229904,0.502122,-0.863571
83131088,-3.76695,0.239707,-0.575469,0.098391,0.151454,0.0784833,-0.9804191
83164725,-3.80362,0.234535,-0.569826,0.0986538,0.167785,0.0967743,-0.976089
83197555,-3.84889,0.238501,-0.571142,0.0965918,0.156301,0.116414,-0.976057
83232292,-3.87885,0.240411,-0.571563,0.072881,0.143683,0.0877049,-0.9830321
83264649,-3.90217,0.238774,-0.550086,-0.00531314,0.231194,0.497374,-0.836146
83297623,-3.93195,0.251512,-0.557149,0.0416974,0.105767,0.373215,-0.920753
83332236,-3.96503,0.259359,-0.556244,0.0513098,0.137652,0.0624092,-0.98718
83364984,-3.98652,0.266414,-0.546183,0.054453,0.15151,0.0938428,-0.9824831
83397573,-4.00146,0.275203,-0.534471,0.0753061,0.161124,0.122318,-0.976425
83431986,-4.01738,0.288215,-0.522937,0.0694937,0.15882,0.138261,-0.975105
83464394,-4.0283,0.301522,-0.512578,0.0780808,0.148622,0.126708,-0.97763
83497621,-4.03445,0.31116,-0.496573,0.11094,0.138958,0.169806,-0.9693031
83531088,-4.04216,0.330971,-0.483913,0.102484,0.137716,0.153164,-0.973176
83564971,-4.04218,0.349916,-0.466386,0.0719962,0.127555,0.0854785,-0.985515
83598448,-4.04179,0.371941,-0.450182,0.0645404,0.11774,0.0706428,-0.9884241
83631930,-4.03994,0.392155,-0.431133,0.0717689,0.114584,0.0723481,-0.988173
83665364,-4.03454,0.415211,-0.411855,0.0727491,0.102966,0.0688953,-0.989626
83697901,-4.02541,0.439599,-0.391306,0.0666746,0.0947901,0.0472175,-0.992139
83731594,-4.01678,0.461533,-0.373228,0.0532596,0.0860073,0.0345749,-0.9942691
83764185,-4.00252,0.485065,-0.352621,0.0376667,0.0837962,0.0311418,-0.995284
83798475,-3.98626,0.509404,-0.33615,0.0296724,0.103405,0.0153065,-0.994079
83831715,-3.96799,0.534789,-0.314039,0.0200851,0.0864751,0.0236049,-0.9957721
83864911,-3.95329,0.558076,-0.297376,0.0270524,0.0412128,0.00310472,-0.998779
83898440,-3.93168,0.583026,-0.280831,0.0207746,0.0667322,0.00288269,-0.99755
83930843,-3.91026,0.609917,-0.265124,0.0537228,0.068888,0.011575,-0.99611
83964766,-3.88846,0.634283,-0.252233,0.0286324,0.0869608,0.0178391,-0.995641
83998167,-3.86791,0.661398,-0.235694,0.0594655,0.0723642,0.017184,-0.995456
84032319,-3.84385,0.684266,-0.22097,0.0659018,0.0802769,0.0156586,-0.994468
84064554,-3.81548,0.70871,-0.204788,0.0393092,0.0613615,-0.00217204,-0.997339
84097717,-3.79083,0.732204,-0.191108,0.0572637,0.0589965,0.0108837,-0.9965551
84132077,-3.76246,0.755421,-0.177624,0.0523961,0.0617986,0.0213262,-0.996484
84164246,-3.73685,0.774976,-0.167815,0.0515001,0.0560993,0.0185569,-0.996923
84198226,-3.71111,0.794628,-0.160008,0.070971,0.0583524,0.016745,-0.9956291
84231483,-3.68205,0.81279,-0.150414,0.0381797,0.0621644,-0.0165249,-0.997199
84265129,-3.65375,0.829517,-0.139913,0.0179876,0.0416845,-0.0318651,-0.998461
84298246,-3.62654,0.847496,-0.134644,0.0154012,0.040729,-0.0373837,-0.9983521
84331480,-3.59869,0.864487,-0.129636,0.0323976,0.0575635,-0.0346604,-0.997214
84364862,-3.57164,0.878083,-0.124957,0.0241087,0.0347918,-0.0625261,-0.997145
84398154,-3.54366,0.89181,-0.124896,0.018105,0.0408841,-0.0479383,-0.997849
84432027,-3.51586,0.904291,-0.125249,0.0195079,0.0273196,-0.0576795,-0.9977711
84464513,-3.48527,0.912721,-0.126354,0.0127897,0.03838,-0.0698582,-0.996736
84497510,-3.45379,0.918858,-0.127945,-0.00795065,0.0450214,-0.0948679,-0.99444
84531160,-3.42449,0.923927,-0.132938,-0.0234773,0.0522512,-0.0833372,-0.994874
84564524,-3.40324,0.936532,-0.140764,0.0258767,0.0430838,-0.0664333,-0.9965241
84597617,-3.37325,0.938494,-0.14671,0.011697,0.0413226,-0.0706215,-0.996578
84631476,-3.3467,0.94118,-0.154103,0.014651,0.0417521,-0.0877904,-0.995156
84665552,-3.3206,0.939143,-0.162789,-0.0205214,-0.0174495,0.0868988,0.9958531
84697919,-3.29277,0.938318,-0.173036,0.0223085,0.0280933,-0.0656177,-0.9972
84731830,-3.26429,0.934021,-0.181944,0.0212109,0.0335702,-0.0566939,-0.997602
84764887,-3.23624,0.927493,-0.194215,0.0170127,0.0343253,-0.0728953,-0.996603
84798171,-3.20599,0.918412,-0.204305,0.00919244,0.0428248,-0.0778391,-0.9960031
84831613,-3.17634,0.908411,-0.215865,0.000954451,0.0489602,-0.0648757,-0.996691
84864299,-3.14767,0.896499,-0.22778,-0.0114068,0.0495785,-0.0519718,-0.997352
84897869,-3.11788,0.881987,-0.239434,-0.00517295,0.0502035,-0.0602545,-0.996906
84930800,-3.08771,0.866835,-0.250487,0.00138619,0.0515949,-0.0664658,-0.9964531
84964570,-3.05671,0.848042,-0.262125,-0.00305541,0.0521857,-0.0718939,-0.996041
84997224,-3.02506,0.828381,-0.273583,0.00342614,0.0591626,-0.0702524,-0.995767
85031073,-2.99047,0.801918,-0.284016,-0.01592,0.0485214,-0.0712059,-0.9961541
85064174,-2.95805,0.781712,-0.297591,0.00759041,0.0650986,-0.0702011,-0.995377
85097549,-2.92291,0.757944,-0.308337,0.023351,0.0769592,-0.0598094,-0.994965
85130987,-2.88936,0.731326,-0.320517,0.0213408,0.0744041,-0.0507285,-0.995708
85164487,-2.85345,0.704181,-0.333269,0.0112951,0.071585,-0.0394284,-0.9965911
85197787,-2.81544,0.673468,-0.340865,0.0217881,0.07643,-0.000833668,-0.996836
85232069,-2.78227,0.64449,-0.357212,-0.00132546,0.0759514,-0.031922,-0.9966
85264452,-2.74117,0.61261,-0.368217,0.0019946,0.0811336,-0.03113,-0.996215
85298074,-2.70068,0.582838,-0.37896,-0.00408137,0.0888667,-0.0130836,-0.9959491
85330830,-2.6581,0.550396,-0.389738,0.00117514,0.0957367,-0.00553232,-0.995391
85364427,-2.61029,0.515287,-0.398664,-0.0324061,0.060048,-0.0304713,-0.997204
85397490,-2.56783,0.48501,-0.40865,-0.0205348,0.113926,-0.0190124,-0.993095
85430668,-2.51891,0.454564,-0.423692,-0.0377877,0.116485,0.0226223,-0.9922161
85464992,-2.46465,0.405206,-0.41558,-0.0996371,0.096796,0.14326,-0.979888
85497268,-2.41512,0.38526,-0.434969,-0.0551165,0.128633,0.0845005,-0.986547
85530872,-2.37327,0.362275,-0.448071,-0.249936,0.100199,0.197233,-0.9426511
85563554,-2.30298,0.248445,-0.502282,-0.226763,0.0250218,0.17306,0.958125
85596748,-2.27165,0.309334,-0.46543,-0.256155,0.251035,0.134602,-0.923715
85631937,-2.19129,0.28476,-0.481041,-0.090792,0.125156,0.0530066,-0.9865511
85664389,-2.12287,0.248355,-0.487061,-0.114109,0.0836714,0.031419,-0.98944
85765511,-1.95244,0.215372,-0.52463,-0.0591973,0.201567,0.180118,-0.9609491
85797446,-1.86935,0.195341,-0.538534,-0.0110433,0.176412,0.226456,-0.957849
85830620,-1.79017,0.187867,-0.543163,-0.0516581,0.200624,0.216038,-0.954154
85863618,-1.71408,0.171634,-0.556058,-0.0419427,0.13235,0.164665,-0.976529
85897299,-1.63706,0.144338,-0.553075,0.0688762,0.190402,0.274963,-0.9398931
85930667,-1.557,0.142225,-0.561839,0.0145403,0.105768,0.173334,-0.979059
85963674,-1.49026,0.151849,-0.57761,-0.0391149,0.0990796,0.144771,-0.983715
85997519,-1.41457,0.151442,-0.578826,-0.105621,0.0731003,0.221352,-0.9666971
86031106,-1.32971,0.163254,-0.593949,-0.062924,0.0954044,0.142486,-0.983177
86064553,-1.24519,0.169082,-0.603431,-0.0205644,0.0716599,0.115562,-0.990499
86098542,-1.16319,0.1789,-0.612063,-0.0246694,0.0461455,0.111051,-0.9924361
86184756,-1.07832,0.193633,-0.620185,-0.0435234,0.0498504,0.122006,-0.990321
86185129,-0.996518,0.212485,-0.628822,-0.0409552,0.0315216,0.120834,-0.991327
86197640,-0.909832,0.229097,-0.6365,-0.0197739,0.0277969,0.13105,-0.990789
86231315,-0.827518,0.249945,-0.646739,-0.0160941,0.0143407,0.115675,-0.9930531
86263714,-0.732855,0.29636,-0.657269,-0.0312247,0.176048,0.295715,-0.938395
86297123,-0.68595,0.296588,-0.67505,0.0244862,0.0422237,-0.0900636,0.994739
86330552,-0.584956,0.33213,-0.68723,-0.0282075,-0.027435,0.128954,-0.99087
86364605,-0.503359,0.361886,-0.698648,0.00902766,0.0402687,-0.129642,0.9907021
86398251,-0.42868,0.39375,-0.712593,0.027743,0.0688646,-0.105528,0.991641
86430814,-0.354707,0.428159,-0.725417,0.0529852,0.11276,-0.089327,0.988179
86464144,-0.2836,0.46194,-0.741081,0.0600752,0.11768,-0.0534389,0.989791
86497265,-0.212163,0.494682,-0.755642,0.0654214,0.0789006,-0.0256653,0.9944021
86530325,-0.140673,0.528528,-0.774606,0.117533,0.111738,-0.00645134,0.986742
86563112,-0.076121,0.565073,-0.788848,0.142984,0.141083,-0.0102307,0.979564
86596919,-0.0258612,0.606556,-0.804773,0.119163,0.157981,-0.0341751,0.97963
86630205,0.0113257,0.640697,-0.820389,0.0853682,0.18158,-0.0255595,0.979331
86663770,0.0601342,0.679795,-0.838606,0.0410346,0.194238,-0.0375601,0.979376
86696876,0.105615,0.715519,-0.851991,0.0429848,0.210908,-0.0276851,0.976168
86730712,0.140073,0.747757,-0.866806,0.0373386,0.213804,-0.0718143,0.9735181
86763519,0.174548,0.782963,-0.881052,0.0553819,0.238867,-0.0246379,0.969159
86797527,0.200024,0.813559,-0.895698,0.0530378,0.240924,-0.0122241,0.969017
86831537,0.220819,0.841713,-0.908516,0.0511102,0.245114,-0.0060229,0.9681271
86863889,0.23554,0.869756,-0.92179,0.0638592,0.237895,0.00715093,0.969163
86897139,0.246561,0.896331,-0.933265,0.0584244,0.24477,0.022628,0.967555
86930525,0.2528,0.921159,-0.943018,0.0562324,0.2502,0.0159423,0.966428
86963680,0.253554,0.943995,-0.952236,0.056996,0.255181,0.0230031,0.9649381
86998108,0.248313,0.961966,-0.961668,0.0636268,0.258539,0.0372867,0.963182
87030850,0.239046,0.980937,-0.970646,0.0611144,0.239488,0.0367855,0.968275
87064210,0.227098,0.998269,-0.97833,0.0667744,0.206926,0.0168602,0.975931
87097470,0.21,1.01264,-0.986144,0.065651,0.18333,0.00268855,0.980853
87129860,0.189947,1.02562,-0.992301,0.0600007,0.163659,0.00297278,0.984686
87163199,0.165919,1.03593,-0.998085,0.0578382,0.151173,-0.0014476,0.986813
87197379,0.138336,1.04619,-1.00331,0.0419776,0.133542,-0.0012526,0.9901531
87230489,0.108585,1.0509,-1.01125,0.100852,0.0851122,-0.0377281,0.990536
87263635,0.0812395,1.05918,-1.01375,0.0942053,0.0779209,-0.0197286,0.992303
87297345,0.0472952,1.06755,-1.01968,0.0827348,0.0695378,-0.0274001,0.993765
87330269,0.0158136,1.07067,-1.02508,0.0981985,0.0497689,-0.0152791,0.9938041
87363573,-0.0251221,1.07668,-1.02899,0.0979549,0.0341369,-0.0601394,0.992785
87397631,-0.063506,1.08417,-1.03323,-0.0916293,-0.0123486,0.0397075,-0.994925
87430326,-0.0991603,1.09081,-1.04058,-0.0716813,0.00882259,0.0356244,-0.9967521
87463994,-0.134146,1.08998,-1.04572,-0.0543772,0.0421222,0.0432529,-0.996694
87497596,-0.172761,1.09485,-1.05234,-0.093413,0.0579266,0.0373423,-0.993239
87531917,-0.209059,1.09057,-1.0597,-0.097223,0.0319593,0.0181276,-0.9945841
87563649,-0.243313,1.09495,-1.06813,-0.0811648,0.0384993,0.021774,-0.995719
87597522,-0.27401,1.09756,-1.07754,-0.0750731,0.0530168,0.037261,-0.99507
87630781,-0.301952,1.09963,-1.08622,-0.0642838,0.0718724,0.0378677,-0.99462
87697254,-0.346952,1.10502,-1.09568,-0.0476849,0.0978922,0.0694882,-0.9916221
87730702,-0.38283,1.105,-1.10964,-0.0748198,0.0817453,0.0831937,-0.990353
87763482,-0.40838,1.10671,-1.11627,-0.0969348,0.0450883,0.0713647,-0.991705
87796546,-0.43796,1.10864,-1.12979,-0.0739016,0.0334596,0.020174,-0.9965
87829676,-0.461731,1.10896,-1.13587,-0.0975381,0.0238016,-0.00525128,-0.9949331
87863648,-0.482607,1.1123,-1.14352,-0.10139,0.0519041,0.0359889,-0.99284
87896380,-0.500532,1.12034,-1.14916,-0.0934165,0.0416755,0.0348884,-0.994142
87930257,-0.522206,1.12367,-1.1573,-0.0540084,0.0260322,0.0245385,-0.9978991
87962957,-0.540314,1.12785,-1.16439,-0.0657455,0.0247989,0.0195735,-0.997336
87997707,-0.558561,1.13288,-1.16832,-0.0502524,0.0297558,0.0293531,-0.997862
88030776,-0.575386,1.13915,-1.17249,-0.0429581,0.0245393,0.0295039,-0.998341
88063246,-0.5919,1.14502,-1.17662,-0.04312,0.0228653,0.0352517,-0.998186
88097215,-0.609596,1.14936,-1.17982,-0.0516201,0.00319418,-0.000846215,-0.998661
88130397,-0.623855,1.15427,-1.18206,0.0459454,-0.00247005,0.0116579,0.998873
88163518,-0.637977,1.16009,-1.18133,-0.0563684,0.00708202,-0.0117288,-0.9983161
88197415,-0.651073,1.16706,-1.18186,-0.0615738,0.0085121,-0.0269894,-0.997701
88229993,-0.662529,1.16911,-1.17931,-0.050368,0.00856284,-0.0207741,-0.998478
88262828,-0.673994,1.17028,-1.18082,0.070949,-0.00970248,0.0370139,0.996746
88296531,-0.686327,1.17532,-1.17738,0.046553,-0.00247425,0.0714418,0.9963551
88330397,-0.697454,1.17555,-1.17397,0.0523402,-0.0109527,0.0893096,0.994567
88363671,-0.70775,1.17327,-1.16796,0.0405473,-0.0139841,0.109809,0.993027
88396664,-0.716174,1.17332,-1.16427,0.044564,-0.0126309,0.110329,0.9928151
88430716,-0.722667,1.17078,-1.15745,0.0424138,-0.0187414,0.121392,0.991521
88463250,-0.729373,1.16551,-1.15095,0.0581535,-0.0305606,0.114596,0.991238
88497296,-0.734301,1.16016,-1.14444,0.0690037,-0.024833,0.113379,0.9908421
88530042,-0.740407,1.15115,-1.13307,-0.0512255,0.0372242,-0.105901,-0.992358
88564369,-0.742392,1.13945,-1.12376,-0.0726999,0.0514265,-0.0775673,-0.993002
88597642,-0.746738,1.13263,-1.11291,-0.0801963,0.0584603,-0.0863486,-0.991311
88630279,-0.750313,1.11685,-1.10352,-0.085981,0.0498538,-0.0788041,-0.991923
88663685,-0.754191,1.09616,-1.08968,-0.0694467,0.0528127,-0.0532658,-0.994762
88696572,-0.759759,1.08049,-1.07589,-0.0781981,0.0437639,-0.0770241,-0.992994
88730132,-0.761209,1.05876,-1.06159,-0.0896354,0.0674469,-0.0400212,-0.9928821
88763570,-0.759642,1.03379,-1.04562,-0.0886817,0.0586517,-0.0492847,-0.99311
88797561,-0.761345,1.01009,-1.02921,-0.0769886,0.0575186,-0.0609285,-0.993505
88830201,-0.757604,0.979329,-1.01367,-0.0586066,0.0479537,-0.0591318,-0.9953741
88863992,-0.757452,0.951553,-0.994358,-0.027537,0.0489284,-0.0654268,-0.996277
88896729,-0.751204,0.921121,-0.97692,-0.0660965,0.0562197,-0.035763,-0.995586
88930630,-0.747858,0.888519,-0.960627,-0.0798867,0.0481025,-0.0229175,-0.9953791
88963601,-0.747408,0.855697,-0.940485,-0.0583191,0.0531053,-0.0195021,-0.996694
88997012,-0.74397,0.820297,-0.921438,-0.0561173,0.055275,-0.00345627,-0.996887
89030108,-0.739611,0.782938,-0.904059,-0.0690932,0.0536996,0.012563,-0.996085
89063737,-0.734906,0.745467,-0.886427,-0.0607115,0.0540228,0.0132304,-0.9966051
89096569,-0.729548,0.707487,-0.866894,-0.0261596,0.0509113,0.0423893,-0.99746
89129641,-0.720686,0.665388,-0.851303,-0.0442504,0.026809,0.0437889,-0.9977
89163013,-0.718773,0.632129,-0.836563,-0.0404422,0.0134607,0.0149232,-0.99898
89196751,-0.713478,0.58904,-0.819188,0.0740659,0.0190788,-0.0123796,0.9969941
89230279,-0.706989,0.552108,-0.80271,0.0812979,0.0152843,-0.027457,0.996194
89263228,-0.697444,0.511447,-0.786763,0.0998148,0.0271114,-0.0212645,0.994409
89296769,-0.692288,0.476096,-0.7697,0.0994572,0.0315946,-0.0305748,0.994071
89330257,-0.685885,0.448747,-0.754145,-0.0656862,-0.00153256,0.0821861,-0.994449
89363465,-0.679182,0.406346,-0.739015,0.0941183,0.020803,-0.0408741,0.994504
89396414,-0.66823,0.376203,-0.720693,0.121055,0.0614752,-0.00912219,0.990698
89429629,-0.670529,0.355677,-0.716121,-0.0668775,-0.01521,0.0666525,-0.9954161
89462901,-0.663554,0.32773,-0.703588,0.0650816,0.0294791,-0.0881488,0.993542
89496919,-0.65469,0.297453,-0.687716,-0.0423855,-0.00854207,0.0857014,-0.995382
89529320,-0.649321,0.273845,-0.674849,-0.0368849,-0.00635646,0.0900256,-0.995236
89562668,-0.642856,0.250841,-0.662135,-0.0382308,-0.0156676,0.0991463,-0.9942151
89596073,-0.637118,0.230512,-0.649814,-0.0355056,-0.0219845,0.104903,-0.993605
89629427,-0.630859,0.213051,-0.636199,-0.0373732,-0.0323369,0.104771,-0.993268
89663255,-0.624043,0.20058,-0.622985,-0.0267268,-0.0128808,0.121919,-0.9920971
89697035,-0.618058,0.188356,-0.610041,-0.0274361,-0.0089089,0.12607,-0.991602
89729666,-0.613147,0.178661,-0.597515,-0.0308082,-0.0136406,0.122148,-0.99194
89763419,-0.609009,0.172123,-0.5851,-0.0381753,-0.019875,0.115087,-0.9924231
89796526,-0.602733,0.16821,-0.570758,-0.0318129,-0.00893917,0.12422,-0.991704
89829644,-0.595337,0.164088,-0.557045,-0.00394629,-0.00174672,0.13484,-0.990858
89863030,-0.589928,0.164673,-0.544547,0.00395398,-0.0109686,0.146639,-0.989121
89897152,-0.585828,0.17149,-0.533414,0.00746435,-0.0220924,0.133014,-0.990841
89929862,-0.5808,0.184737,-0.51562,-0.0252372,0.0161757,0.140378,-0.989644
89963301,-0.577429,0.195853,-0.504161,-0.0273352,-0.00118134,0.136114,-0.990315
89996416,-0.574106,0.208951,-0.489892,-0.0302989,-0.0123063,0.116311,-0.992674
90030063,-0.569793,0.22567,-0.477586,-0.0247908,-0.0109452,0.112374,-0.9932961
90062815,-0.565611,0.245219,-0.462589,-0.0406603,-0.0142095,0.0901189,-0.994999
90096241,-0.561179,0.266899,-0.449426,-0.041434,-0.00286929,0.076506,-0.996204
90129781,-0.555739,0.291779,-0.436042,-0.0394035,-0.00502614,0.0968412,-0.994507
90162820,-0.551902,0.317723,-0.423194,-0.0245391,-0.0146872,0.111758,-0.9933241
90196965,-0.545976,0.342432,-0.409948,0.030766,0.0461193,-0.141756,0.988348
90229158,-0.547355,0.379039,-0.401,0.0327092,0.0337165,-0.0908933,0.994752
90262428,-0.541201,0.403949,-0.388466,0.0621675,0.0272687,-0.0643658,0.995615
90296617,-0.535524,0.436869,-0.381669,-0.0611183,0.00690828,0.0170369,-0.9979611
90330101,-0.535143,0.482516,-0.367975,-0.0339293,-0.00411816,0.0743726,-0.996645
90362957,-0.531289,0.522246,-0.358306,-0.0319605,-0.00802249,0.085303,-0.99581
90396413,-0.527458,0.55783,-0.348184,-0.0445157,-0.0179829,0.0775462,-0.995832
90429599,-0.525552,0.597495,-0.340305,-0.0460564,-0.0124492,0.0675795,-0.9965731
90462296,-0.525474,0.644686,-0.331371,-0.0259511,0.0100096,0.0807085,-0.99635
90496522,-0.522583,0.690084,-0.323465,-0.0120983,0.0147616,0.0765437,-0.996884
90529756,-0.520676,0.735548,-0.317389,-0.020988,0.0183261,0.0703088,-0.9971361
90562298,-0.518811,0.77865,-0.311447,-0.0346033,-0.000475272,0.0402395,-0.998591
90595809,-0.514835,0.823856,-0.303841,-0.0022417,-0.00760003,0.0400458,-0.999166
90629873,-0.516099,0.863939,-0.299757,0.0585114,0.0143853,0.0206162,0.997971
90663714,-0.512062,0.908948,-0.296443,-0.0678467,0.00939987,-0.0198401,-0.997454
90696793,-0.511743,0.959063,-0.291016,0.0415441,-0.00380198,0.0330162,0.998584
90730034,-0.511301,1.00437,-0.286929,0.0315464,-0.00227214,0.0429338,0.9985771
90763240,-0.512069,1.05349,-0.288471,-0.0196037,-0.00815638,0.064553,0.997688
90797485,-0.510151,1.09383,-0.28637,-0.0168503,-0.0162043,0.0884301,0.995808
90830830,-0.514664,1.1296,-0.285383,-0.00046457,-0.00892677,0.0860967,0.9962471
90863047,-0.511373,1.17162,-0.284617,0.0287352,0.0234836,-0.0623195,-0.997366
90896760,-0.517187,1.20467,-0.281271,0.0420422,0.0447041,-0.0944849,-0.993633
90929592,-0.520701,1.24038,-0.287716,-0.0442592,0.00714682,0.0756912,0.996123
90963123,-0.521221,1.27095,-0.287007,-0.00943259,0.0321394,0.078143,0.9963791
90996821,-0.521298,1.30087,-0.289698,-0.0290814,0.0254,0.0729318,0.996589
91029643,-0.526329,1.32483,-0.292605,-0.0196556,0.0299039,0.0810256,0.996069
91062758,-0.532196,1.34725,-0.295887,-0.0153147,0.0577795,0.0848397,0.9946
91096774,-0.5378,1.36884,-0.299965,-0.011002,0.0446898,0.0946225,0.9944491
91129423,-0.547882,1.38837,-0.300394,-0.0288199,0.0387188,0.0926074,0.994532
91163152,-0.557191,1.40475,-0.307727,-0.00533247,0.083577,0.0993483,0.991522
91196189,-0.571183,1.41679,-0.313447,-0.0112808,0.0886274,0.101514,0.990814
91229712,-0.582707,1.42537,-0.317049,-0.0100793,0.0749817,0.112534,0.9907631
91262906,-0.596433,1.43238,-0.322494,-0.0172043,0.0825755,0.132646,0.987568
91296588,-0.616772,1.43667,-0.327018,-0.0120935,0.0809437,0.116719,0.989787
91329035,-0.637589,1.43762,-0.331391,-0.017559,0.0962019,0.109126,0.989206
91362553,-0.658988,1.43792,-0.336649,-0.0199835,0.090801,0.106816,0.9899221
91396215,-0.68157,1.43419,-0.339616,-0.00826812,0.0915457,0.112651,0.989374
91428872,-0.706065,1.42835,-0.342429,0.00206652,0.0909457,0.120596,0.988525
91463385,-0.736086,1.41985,-0.347434,-0.0132108,0.09856,0.114096,0.988481
91496722,-0.767505,1.40787,-0.351014,-0.0153032,0.0937296,0.109192,0.989473
91529961,-0.800901,1.39578,-0.353406,-0.00225595,0.0873596,0.11089,0.989983
91562599,-0.836612,1.38064,-0.357077,-0.0025516,0.0896732,0.0989445,0.991041
91595696,-0.875278,1.35762,-0.358118,-0.0175331,0.0835268,0.0615182,0.994451
91628818,-0.914915,1.34111,-0.362642,-0.0241931,0.0962302,0.0710419,0.992526
91661820,-0.956313,1.31926,-0.364311,-0.0232168,0.0981697,0.073143,0.992207
91696972,-0.999245,1.29159,-0.366438,0.00468241,0.103684,0.0754895,0.991731
91729611,-1.05058,1.26938,-0.370091,-0.00695675,0.111696,0.0400951,0.992909
91762375,-1.09947,1.24245,-0.370951,-0.0139403,0.137883,0.0296066,0.989908
91795755,-1.15552,1.21083,-0.374414,-0.00242044,0.125659,0.0218495,0.99183
91829897,-1.21159,1.18968,-0.375342,-0.0141143,0.150697,0.0243832,0.9881781
91863034,-1.26698,1.15923,-0.374521,-0.0503012,0.147782,-0.0179726,0.987577
91895578,-1.33222,1.12871,-0.377677,-0.0486647,0.140929,0.000773139,0.988823
91929485,-1.39755,1.10092,-0.376272,-0.0458764,0.141804,-0.0035083,0.988825
91963875,-1.46167,1.06503,-0.37874,-0.0366384,0.134692,-0.00866138,0.9901721
91995965,-1.52562,1.03619,-0.379417,-0.0358872,0.13491,-0.000799544,0.990207
92028756,-1.59712,1.00913,-0.377269,-0.0452176,0.128013,-0.0221142,0.990494
92062242,-1.67073,0.977983,-0.379744,-0.0703425,0.137517,-0.0398817,0.987193
92096557,-1.75072,0.944468,-0.384103,-0.0618164,0.139619,-0.00573772,0.9882571
92129857,-1.82881,0.913651,-0.383883,-0.0437788,0.124007,0.00324336,0.99131
92163497,-1.90909,0.882105,-0.385984,-0.0390208,0.120896,-0.0073526,0.991871
92195880,-1.98938,0.850136,-0.387087,-0.0505638,0.138917,-0.0113338,0.988947
92228983,-2.07316,0.820722,-0.385191,-0.0809469,0.147896,-0.0595667,0.9838831
92262184,-2.1637,0.791219,-0.387921,-0.0710385,0.127822,-0.0285766,0.988837
92296804,-2.25303,0.762161,-0.39022,-0.082741,0.109808,-0.0387148,0.989746
92328810,-2.33981,0.730032,-0.391054,-0.06544,0.0924418,-0.0556592,0.992005
92362971,-2.43328,0.700525,-0.391278,-0.0615921,0.0943158,-0.0541134,0.9921611
92396478,-2.52253,0.672266,-0.392082,-0.059179,0.069095,-0.0317829,0.995346
92429134,-2.6207,0.642623,-0.396401,-0.0514627,0.0299962,-0.00606236,0.998206
92463226,-2.71712,0.614143,-0.399516,-0.0536384,0.0191439,-0.0103755,0.9983231
92495705,-2.8135,0.587886,-0.404005,-0.0535205,0.0104016,-0.022267,0.998264
92529510,-2.91044,0.560449,-0.410108,0.0585575,0.0238367,0.0407507,-0.997167
92629188,-3.15607,0.484426,-0.423633,0.0551735,0.072197,0.0120695,-0.995791
92663052,-3.24102,0.445303,-0.394097,-0.107696,0.6798,-0.0170541,0.725246
92695730,-3.31595,0.433537,-0.414132,-0.252304,0.0964205,0.297403,-0.915749
92729176,-3.42681,0.399034,-0.445863,-0.00800124,0.100205,0.0428171,-0.994013
92762973,-3.52069,0.380295,-0.460451,0.087898,0.129486,0.0151281,-0.9875621
92796750,-3.59594,0.355983,-0.467711,0.0864174,0.167503,0.0409146,-0.981224
92828722,-3.66483,0.333913,-0.4718,0.0629607,0.134577,0.0647583,-0.986778
92862664,-3.72908,0.307261,-0.479618,0.0564319,0.121296,0.0556569,-0.989447
92895783,-3.78894,0.283579,-0.488025,0.0693473,0.145245,0.0177251,-0.9868031
92929061,-3.8636,0.26446,-0.507188,0.0893413,0.190707,0.035736,-0.97692
92962855,-3.88962,0.217007,-0.507635,0.0922618,0.0379359,0.164757,-0.981277
92995526,-3.96226,0.218572,-0.527538,0.0401307,0.061909,0.0671551,-0.995011
93029862,-4.02563,0.200329,-0.532025,0.051366,0.141447,0.0876601,-0.9847181
93061912,-4.06708,0.184626,-0.54904,0.0459547,0.147466,0.0583023,-0.986277
93095172,-4.11107,0.16082,-0.561954,0.0414523,0.186228,0.036986,-0.980935
93128639,-4.14846,0.139713,-0.57659,0.0488777,0.179131,0.0269982,-0.982239
93162362,-4.17845,0.121439,-0.590249,0.0392601,0.178759,0.0246177,-0.9828011
93195773,-4.2033,0.10305,-0.603158,0.0429203,0.187524,0.0325805,-0.980781
93228898,-4.22405,0.0848278,-0.616332,0.0379989,0.202186,0.0333281,-0.978042
93262477,-4.23914,0.0667031,-0.628528,0.0381765,0.204343,0.0337623,-0.9775721
93296293,-4.24971,0.0489991,-0.641067,0.0405265,0.207923,0.0320632,-0.976779
93329184,-4.25536,0.032587,-0.65334,0.0378609,0.212034,0.0373679,-0.975813
93363001,-4.25568,0.0160833,-0.665535,0.0334981,0.217551,0.0402741,-0.9746421
93396180,-4.25154,0.000375366,-0.677853,0.0362386,0.209931,0.0401741,-0.976218
93429324,-4.24286,-0.0144515,-0.688709,0.0347642,0.208132,0.0428273,-0.976544
93461987,-4.22871,-0.0285933,-0.69815,0.0326005,0.210422,0.0467526,-0.975948
93495079,-4.21001,-0.0416916,-0.708195,0.0304728,0.20492,0.049463,-0.9770531
93529196,-4.18723,-0.0545939,-0.717782,0.02287,0.203424,0.0488028,-0.977606
93561769,-4.15845,-0.0677913,-0.726615,0.0203053,0.213568,0.044227,-0.975715
93595402,-4.12469,-0.0801809,-0.734327,0.0226351,0.216002,0.0436018,-0.9751561
93628916,-4.08576,-0.0920162,-0.74245,0.0201848,0.216191,0.0355012,-0.975497
93662299,-4.04746,-0.0989185,-0.750111,0.0173952,0.180825,0.0359323,-0.982705
93695660,-4.00466,-0.10531,-0.753807,0.0316771,0.162617,0.00482847,-0.9861691
93729311,-3.95553,-0.116741,-0.761208,0.0364312,0.180022,-0.00108064,-0.982987
93762673,-3.90179,-0.126544,-0.768084,0.00111521,0.207229,0.00849976,-0.978255
93795725,-3.85569,-0.1271,-0.771722,0.0359602,0.153964,0.0245312,-0.9871171
93830268,-3.80052,-0.130674,-0.782443,0.0482855,0.0799991,0.0693453,-0.993207
93862761,-3.73981,-0.133474,-0.78837,0.0235849,0.0968127,0.0932596,-0.990643
93895684,-3.68086,-0.134368,-0.797068,0.0287171,0.117729,0.0898908,-0.988552
93928393,-3.62085,-0.136194,-0.802353,0.0488891,0.101245,0.0920929,-0.9893831
93962761,-3.55919,-0.134796,-0.811974,0.0481167,0.0890009,0.101859,-0.98964
93996595,-3.49638,-0.13447,-0.816718,0.0424011,0.0392809,0.0736355,-0.995609
94028479,-3.42517,-0.132222,-0.819865,0.0442582,0.0638679,0.0724742,-0.9943391
94061640,-3.35652,-0.129467,-0.825953,0.0643393,0.0635086,0.0787217,-0.992789
94095216,-3.29202,-0.125856,-0.83287,0.0652082,0.0585745,0.0637734,-0.994108
94129760,-3.23297,-0.120339,-0.840333,0.0389006,0.015725,0.0624967,-0.9971631
94162499,-3.16889,-0.112617,-0.848072,0.0427337,0.00173208,0.070406,-0.996601
94196621,-3.10285,-0.104236,-0.857615,0.0406851,0.0238067,0.0634969,-0.996868
94228766,-3.03196,-0.0944219,-0.864514,0.0493901,0.0450103,0.0552371,-0.996235
94262218,-2.96735,-0.0883196,-0.86974,0.0405898,0.0374243,0.0319933,-0.9979621
94295805,-2.90425,-0.0780056,-0.879281,0.0621548,-0.00151372,0.0446324,-0.997067
94329309,-2.84436,-0.0682308,-0.88091,-0.0355421,0.0420598,-0.105808,0.992861
94361704,-2.7863,-0.055439,-0.892636,-0.0572781,0.0387896,-0.0912705,0.993421
94395248,-2.73557,-0.0398126,-0.907195,-0.0512923,0.0254423,-0.0398932,0.9975621
94428645,-2.6732,-0.0287671,-0.912164,-0.0461763,0.0644705,-0.0504831,0.995572
94462256,-2.6247,-0.0106397,-0.92646,-0.051195,0.0748932,-0.0665577,0.99365
94496273,-2.57756,0.00491211,-0.938676,-0.0629723,0.0768773,-0.0573143,0.9933981
94529017,-2.52952,0.00473877,-0.936462,0.00238548,0.138395,-0.0917178,0.986118
94561822,-2.48726,0.0254755,-0.953051,-0.00242846,0.1319,-0.0266238,0.990903
94595960,-2.44919,0.0412413,-0.965909,-0.00512701,0.125029,-0.00462259,0.992129
94628396,-2.40744,0.0569968,-0.974081,-0.0212982,0.110146,-0.0138098,0.9935911
94662111,-2.36659,0.0703369,-0.97976,-0.0392007,0.116151,-0.0264226,0.992106
94695854,-2.33521,0.0820611,-0.989863,-0.06076,0.100902,-0.00902703,0.992998
94727870,-2.30327,0.096205,-0.994855,-0.0364884,0.137656,0.00428702,0.989799
94761661,-2.27789,0.108037,-0.997007,-0.0144971,0.152598,0.00560578,0.9881661
94795516,-2.25104,0.121386,-1.00006,-0.0282643,0.115943,-0.00294271,0.992849
94828867,-2.22654,0.13163,-0.999988,-0.0223794,0.108636,-0.0103116,0.993776
94861944,-2.20329,0.140851,-0.999541,-0.000870616,0.113715,-0.0154773,0.9933931
94895525,-2.18486,0.150718,-1.00072,-0.00347411,0.122019,0.00414411,0.992513
94928229,-2.16722,0.15894,-1.0002,-0.0224056,0.101366,0.0132557,0.994509
94962416,-2.15355,0.164156,-0.999835,-0.0366425,0.112483,0.0385303,0.992231
94995534,-2.1429,0.171851,-0.996341,-0.0319036,0.120468,0.0601116,0.990382
95028836,-2.12822,0.171378,-0.990241,0.0583936,0.14936,0.0619501,0.985111
95062103,-2.11409,0.160218,-0.982168,0.0691501,0.152988,0.0623458,0.983832
95095131,-2.11396,0.185291,-0.980702,0.0507208,0.0830952,0.0595956,0.9934641
95128129,-2.1065,0.1894,-0.975115,-0.00326494,0.0479753,0.0647178,0.996744
95161597,-2.10056,0.182893,-0.96821,0.0415667,0.0736916,0.0600569,0.994603
95195205,-2.09542,0.180254,-0.961618,0.0474114,0.0631827,0.0745172,0.9940861
95227781,-2.08744,0.165398,-0.950853,0.0691511,0.0542063,0.0894227,0.992111
95262011,-2.09338,0.178007,-0.948748,0.0348391,0.0376655,0.00851762,0.998647
95295503,-2.09337,0.173131,-0.943262,0.04896,0.0428084,-0.0133919,0.9977931
95328725,-2.09275,0.166304,-0.937384,0.00257171,0.0113471,0.0174114,0.999781
95361095,-2.09205,0.156984,-0.931472,0.0073937,0.00446407,0.00791778,0.999931
95395455,-2.09562,0.154032,-0.928015,0.0161846,0.0136765,-0.0165742,-0.999638
95428955,-2.09527,0.144885,-0.923826,-0.0157143,0.0070005,0.0115801,-0.9997851
95462087,-2.09525,0.133874,-0.919261,-0.0333818,0.0251992,0.0433479,-0.998184
95495728,-2.10156,0.122901,-0.914766,0.014889,0.0368401,-0.0108406,-0.999151
95528069,-2.10386,0.116489,-0.91255,-0.00736163,0.0344303,0.0256145,-0.999052
95562387,-2.098,0.105287,-0.909868,-0.0319465,0.0276658,0.0484776,-0.997931
95594985,-2.10445,0.10083,-0.906622,-0.053407,0.0119114,0.0630288,-0.996511
95629316,-2.10667,0.0872937,-0.903074,-0.0442914,0.0114405,0.0651695,-0.996825
95661666,-2.10277,0.075395,-0.899352,-0.0598811,0.0232988,0.0809861,-0.994642
95695591,-2.10578,0.0645611,-0.895795,-0.055372,0.0464979,0.0796769,-0.9941951
95728516,-2.1025,0.0540051,-0.894536,-0.0538298,0.0382284,0.0938925,-0.993391
95761867,-2.10101,0.0467958,-0.891121,-0.0520406,0.0527837,0.111671,-0.990977
95795916,-2.09993,0.0348869,-0.888929,-0.038869,0.0417176,0.113517,-0.9918991
95828501,-2.09486,0.0282501,-0.887823,-0.0601681,0.0479779,0.132568,-0.988182
95862276,-2.09074,0.0139504,-0.88469,-0.0805488,0.0362148,0.124129,-0.988328
95895392,-2.08698,0.00779657,-0.883938,-0.085039,0.0368569,0.117492,-0.988739
95928086,-2.08183,0.00223938,-0.88438,-0.0506479,0.0394965,0.1201,-0.9906821
95961026,-2.07868,0.00398627,-0.882662,-0.0440554,0.0621568,0.146984,-0.9862
95995175,-2.07179,0.00016864,-0.879127,-0.0820856,0.0608984,0.150798,-0.983267
96029077,-2.06365,-0.00462299,-0.876879,-0.118937,0.0490763,0.162636,-0.9782611
96061106,-2.05553,0.000287903,-0.877932,-0.0619618,0.0692628,0.163071,-0.982228
96095452,-2.04543,0.00251697,-0.87835,-0.0442441,0.0783754,0.163821,-0.982376
96128486,-2.03677,0.00526886,-0.880293,-0.0582151,0.0499019,0.145911,-0.986322
96161750,-2.02641,0.00929211,-0.879788,-0.077649,0.019559,0.189355,-0.9786381
96196282,-2.0157,0.020666,-0.881074,-0.0803576,0.00966695,0.194244,-0.977609
96228207,-2.00261,0.031161,-0.882478,-0.0606501,0.0287643,0.164443,-0.9841
96260829,-1.99198,0.0426318,-0.882813,-0.0491636,0.00549281,0.145729,-0.988087
96294994,-1.97683,0.0580821,-0.884901,-0.0497274,0.0130456,0.152677,-0.9869381
96328101,-1.96327,0.0740235,-0.886537,-0.0820279,0.00163333,0.170806,-0.981883
96362154,-1.95085,0.0960021,-0.888953,-0.0289083,0.00611343,0.173242,-0.984436
96395721,-1.93218,0.119933,-0.890261,-0.0442592,-0.00454608,0.151537,-0.987451
96429190,-1.91765,0.143511,-0.892587,-0.0353841,0.00650705,0.158285,-0.986738
96462166,-1.89785,0.172613,-0.89511,-0.0531198,0.00330206,0.156301,-0.986275
96496085,-1.88127,0.201178,-0.897391,-0.0531328,0.00190972,0.145124,-0.9879841
96528970,-1.86243,0.233215,-0.900226,-0.034311,0.00103989,0.138851,-0.989718
96561584,-1.8465,0.265873,-0.90148,-0.0509421,-0.00623963,0.13973,-0.988859
96595163,-1.8257,0.304176,-0.905725,-0.0342966,-0.00439956,0.129439,-0.990984
96629176,-1.80817,0.338927,-0.906452,-0.0464036,-0.0146712,0.141062,-0.9888041
96662162,-1.79008,0.377423,-0.910713,-0.053647,0.00610624,0.111176,-0.992333
96695222,-1.76812,0.4171,-0.915584,-0.0228985,0.0330275,0.0817637,-0.995841
96727893,-1.74971,0.458097,-0.920019,-0.0283413,0.0296676,0.0633206,-0.99715
96761330,-1.73166,0.498459,-0.923223,-0.0248123,0.0307548,0.0444683,-0.9982291
96795689,-1.71195,0.541093,-0.928148,-0.0212269,0.0275695,0.00785287,-0.999364
96827984,-1.6938,0.584149,-0.932721,-0.0211741,0.0193786,0.000586277,-0.999588
96861703,-1.67369,0.623716,-0.938983,-0.0224956,0.0150102,-0.0357574,-0.9989951
96895495,-1.65348,0.664171,-0.943202,0.0292813,-0.0161643,0.0585108,0.997726
96927693,-1.63297,0.703051,-0.947125,0.015273,-0.0154309,0.0860178,0.996057
96961635,-1.61545,0.741448,-0.952863,0.018084,0.00542685,0.0746274,0.997033
96994769,-1.59721,0.775187,-0.954846,-0.0164606,0.0343706,-0.10218,-0.9940361
97028173,-1.57485,0.810242,-0.962589,0.0418712,-0.0222344,0.0932018,0.994518
97061110,-1.5569,0.83939,-0.969424,0.075917,-0.00732881,0.0963349,0.992423
97095912,-1.53831,0.868617,-0.975404,0.0744103,0.00132773,0.0849944,0.9935981
97127746,-1.51985,0.883257,-0.980516,0.134574,-0.0174665,0.0915841,0.986508
97161727,-1.50564,0.91167,-0.987097,0.0930049,-0.0101544,0.0775247,0.992591
97195839,-1.48686,0.93041,-0.993737,0.0674588,-0.0187325,0.0990421,0.992617
97228089,-1.47102,0.946939,-0.998407,0.0813204,-0.000170005,0.0824936,0.9932681
97261348,-1.45415,0.960455,-1.00464,0.0721627,0.0105618,0.0955834,0.992746
97294914,-1.43617,0.966001,-1.00961,0.101194,0.00238226,0.0772188,0.991863
97327485,-1.41946,0.975877,-1.0156,0.0980332,-0.00443214,0.0775684,0.992146
97361076,-1.40447,0.977623,-1.02228,0.104429,-0.00427908,0.0712502,0.9919681
97394689,-1.38853,0.977965,-1.02707,0.110177,-0.000930679,0.0487605,0.992715
97427180,-1.37477,0.972741,-1.03774,0.113126,0.0238299,-0.000624931,0.993295
97460798,-1.35929,0.964158,-1.03929,0.117077,0.0067467,0.0278493,0.992709
97495788,-1.34341,0.955208,-1.04331,0.109825,0.0244875,0.0543467,0.9921621
97528361,-1.32577,0.946988,-1.04814,0.108494,0.0349887,0.0418891,0.992598
97561288,-1.31193,0.93645,-1.05562,0.0970152,0.0310811,0.0282275,0.994397
97595163,-1.30065,0.919548,-1.05855,0.0985261,0.0429989,0.05526,0.992668
97628629,-1.28399,0.897438,-1.06722,0.133016,0.00506607,0.0549004,0.9895791
97661727,-1.26749,0.880084,-1.07295,0.135758,0.00739807,0.0498308,0.98946
97694670,-1.25659,0.863445,-1.07864,0.105329,0.0239347,0.0617763,0.992228
97729292,-1.24057,0.842071,-1.08486,0.103017,0.0470548,0.0535272,0.9921231
97762551,-1.22716,0.824106,-1.09281,0.0776894,-0.000937028,0.0241692,0.996684
97795117,-1.21599,0.802024,-1.09818,0.108244,0.0229592,0.0506614,0.992567
97827266,-1.20461,0.783388,-1.10506,-0.0709123,0.0122162,0.00617886,-0.997389
97860751,-1.19304,0.762846,-1.10717,-0.0667274,0.000616333,0.0152735,-0.9976541
97894334,-1.18251,0.738838,-1.11649,-0.0836632,0.0115625,0.057952,-0.99474
97927353,-1.16998,0.713827,-1.12223,-0.0828679,0.0199576,0.0648925,-0.994245
97960609,-1.1567,0.685338,-1.12686,-0.0360223,0.0388974,0.0871494,-0.994784
97995631,-1.14759,0.671877,-1.1377,-0.0795384,0.00374845,0.0604703,-0.9949891
98027290,-1.13657,0.650289,-1.14407,-0.0697121,0.00289782,0.0776478,-0.994536
98061458,-1.12583,0.62873,-1.15198,-0.0633833,0.0127071,0.0894051,-0.993895
98094684,-1.115,0.60695,-1.16113,-0.0716555,0.0140787,0.110561,-0.991183
98127721,-1.10513,0.588805,-1.17061,-0.0846883,0.0197113,0.116652,-0.9893591
98160777,-1.09828,0.569414,-1.17967,-0.0701079,0.0145657,0.112452,-0.991074
98193943,-1.0886,0.551033,-1.18817,-0.0708115,0.0188689,0.114767,-0.990686
98227829,-1.08103,0.53605,-1.19755,-0.0650304,0.0177815,0.110304,-0.9916091
98260430,-1.07469,0.52216,-1.20466,-0.0743234,0.0152797,0.104964,-0.991577
98294479,-1.06667,0.499786,-1.21362,-0.0894854,-0.027098,0.0949912,-0.991078
98327314,-1.06255,0.501181,-1.22081,-0.0742193,0.0216358,0.126697,-0.988924
98361079,-1.05525,0.491291,-1.22965,-0.0629677,0.0112612,0.124967,-0.9900971
98394488,-1.05231,0.486045,-1.238,-0.0541833,0.00703323,0.126241,-0.990494
98427997,-1.04652,0.478069,-1.24246,-0.0451472,0.0126465,0.134189,-0.989846
98461038,-1.04383,0.482922,-1.24994,-0.0696953,0.00541559,0.140483,-0.987612
98495338,-1.04153,0.484518,-1.25699,-0.0565769,0.00484154,0.124268,-0.9906231
98528229,-1.03925,0.484869,-1.26219,-0.0513047,-0.0121703,0.126613,-0.99055
98560640,-1.03777,0.486217,-1.26334,-0.0398906,-0.00549329,0.156999,-0.986778
98594595,-1.03702,0.495793,-1.26767,-0.0638997,-0.0271983,0.1387,-0.987896
98627401,-1.03764,0.501532,-1.27046,-0.0679281,-0.013563,0.111054,-0.9913981
98661190,-1.03798,0.509686,-1.27224,-0.0613278,-0.0129164,0.106385,-0.992348
98694929,-1.03614,0.520008,-1.2708,-0.0365314,-0.0219527,0.120406,-0.991809
98728579,-1.03608,0.537702,-1.27316,-0.00875401,-0.00586647,0.0833728,-0.9964631
98762388,-1.03593,0.54992,-1.27183,-0.0190219,0.0141132,0.0593219,-0.997958
98795320,-1.04009,0.559428,-1.27073,-0.0208646,0.0183489,0.0640108,-0.997562
98827615,-1.04206,0.57487,-1.26947,-0.00668771,0.011831,0.0342556,-0.999321
98860711,-1.0406,0.583031,-1.26467,-0.0216788,0.0192021,0.0323905,-0.9990561
98894005,-1.04372,0.596409,-1.2607,-0.0453678,0.0160855,0.0259422,-0.998504
98928967,-1.04672,0.610285,-1.25713,-0.0539008,0.0295632,0.0216556,-0.997874
98960317,-1.0502,0.622406,-1.25695,-0.0505272,0.0123743,0.00574848,-0.99863
98995171,-1.05158,0.639605,-1.24976,-0.0284531,0.00619094,-0.00627282,-0.9995561
99027727,-1.05098,0.653888,-1.24201,-0.0385839,0.0385557,-0.00130643,-0.99851
99060698,-1.05415,0.669267,-1.23377,-0.0392443,0.0373752,0.00570759,-0.998514
99094547,-1.05784,0.679918,-1.22854,-0.0527638,0.0344525,0.00622112,-0.997993
99127687,-1.05811,0.691382,-1.22322,-0.0520354,0.0403371,-0.00586796,-0.9978131
99161205,-1.05831,0.698857,-1.21489,-0.0510461,0.0276474,0.0225397,-0.998059
99194718,-1.05979,0.708335,-1.20982,-0.0409633,0.00662974,0.0347333,-0.998535
99228190,-1.06372,0.720244,-1.20664,-0.0546645,0.0173888,0.0242906,-0.9980581
99260542,-1.06384,0.730204,-1.20338,-0.0565695,0.0283895,0.011982,-0.997923
99294982,-1.06509,0.740347,-1.20081,-0.0431521,0.0351386,0.00468676,-0.998439
99327641,-1.06572,0.747232,-1.19851,-0.0409462,0.0349342,-0.00968987,-0.998504
99360905,-1.06571,0.753385,-1.19634,-0.0474394,0.039796,-0.0226417,-0.9978241
99394341,-1.06801,0.759276,-1.19412,-0.0436843,0.0352511,-0.0212576,-0.998197
99494265,-1.06741,0.764522,-1.19237,-0.0383873,0.0234577,-0.0193587,-0.99881
99494935,-1.06792,0.769427,-1.19129,-0.0527757,0.0439602,-0.0227648,-0.997379
99494966,-1.0641,0.765731,-1.1867,-0.0533873,0.0666185,0.00520923,-0.996336
99528735,-1.06464,0.768285,-1.18669,-0.0425881,0.0665747,-0.00000843414,-0.996872
99561061,-1.06466,0.766882,-1.18696,-0.0514609,0.0565419,-0.00244733,-0.99707
99594226,-1.06581,0.766461,-1.18821,-0.0781869,0.045517,-0.0128573,-0.995816
99627838,-1.0652,0.761919,-1.18912,-0.0819684,0.0370479,-0.028181,-0.9955471
99660585,-1.06409,0.756271,-1.18823,-0.0721661,0.0324997,-0.0415134,-0.995998
99694766,-1.06103,0.746578,-1.18641,-0.0801174,0.0245684,-0.0467221,-0.995387
99727043,-1.06173,0.735292,-1.19044,0.0292466,-0.014343,0.0889862,0.9955
99760804,-1.06016,0.723735,-1.19162,0.0710464,-0.0113588,0.101485,0.9922321
99793329,-1.05737,0.70738,-1.19201,0.0254457,-0.0210205,0.108696,0.993527
99827867,-1.05534,0.694176,-1.19372,0.0603862,-0.0290284,0.116288,0.990953
99860717,-1.05272,0.67364,-1.19469,0.0622706,-0.0224895,0.12779,0.989589
99894539,-1.05003,0.650984,-1.19555,0.0594308,-0.0172051,0.13405,0.9890411
99927482,-1.0471,0.625459,-1.1966,0.0579935,-0.00985022,0.134253,0.9892
99960670,-1.04243,0.596919,-1.19681,0.0557669,-0.0150478,0.133107,0.989417
99995109,-1.03832,0.565463,-1.19785,0.0564082,-0.012966,0.132425,0.9895021
100027732,-1.03331,0.534262,-1.19961,0.050949,-0.00774792,0.131743,0.989943
100060872,-1.02945,0.497388,-1.19721,0.0531606,-0.0289714,0.112531,0.991802
100094170,-1.02445,0.461061,-1.19892,-0.0488546,0.0280837,-0.0886218,-0.99447
100127310,-1.016,0.421393,-1.20173,0.075497,-0.00578576,0.047498,0.9959971
100160944,-1.01106,0.379637,-1.20121,-0.0712977,0.0106847,-0.0298248,-0.996952
100194181,-1.00411,0.334451,-1.20143,-0.0824665,0.00265045,0.013289,-0.996502
100228585,-0.999181,0.29207,-1.20332,-0.0623803,0.016371,0.0629418,-0.9959311
100261839,-0.99448,0.251981,-1.2045,-0.0576295,0.0343926,0.125829,-0.989779
100294408,-0.994101,0.218257,-1.21105,-0.0385124,0.0107356,0.0726734,-0.996554
100327535,-0.988968,0.172052,-1.21306,0.00992236,0.025863,0.123935,-0.991904
100359842,-0.984451,0.1325,-1.21544,0.0122554,0.0363232,0.140264,-0.9893721
100393795,-0.980506,0.092768,-1.22003,0.0187303,0.0212903,0.164647,-0.985945
100427540,-0.975602,0.0590674,-1.22335,0.00886589,0.0274779,0.173454,-0.984419
100461518,-0.969466,0.0243403,-1.22457,0.036363,0.0522857,0.195685,-0.9785971
100494547,-0.966263,-0.00780121,-1.22887,0.00690943,0.0230674,0.185719,-0.982308
100527861,-0.963914,-0.0278544,-1.23546,0.00961166,0.0131033,0.195091,-0.980651
100560820,-0.958115,-0.0524099,-1.23716,0.0164035,0.0140836,0.202463,-0.979051
100593998,-0.953151,-0.072911,-1.23933,0.0215677,0.0294997,0.216048,-0.9756991
100627896,-0.950623,-0.0879307,-1.2442,0.0171066,0.0152947,0.222158,-0.974741
100660416,-0.949307,-0.101784,-1.24825,0.0136179,0.00939663,0.213412,-0.976822
100694007,-0.945956,-0.111599,-1.25182,0.00209179,-0.00333305,0.211718,-0.9773231
100727684,-0.941209,-0.118795,-1.25431,-0.00202769,0.00909318,0.20301,-0.979132
100760738,-0.936528,-0.128012,-1.25562,-0.00407916,0.0134535,0.257686,-0.966127
100794782,-0.936985,-0.121001,-1.26054,0.0101674,0.0117436,0.221874,-0.9749521
100827136,-0.932402,-0.121471,-1.25751,-0.00143386,0.00205776,0.260136,-0.965569
100860008,-0.931215,-0.111447,-1.25971,0.00843321,0.0086271,0.269395,-0.962954
100894060,-0.930358,-0.101402,-1.26219,0.000477453,-0.000846833,0.248788,-0.968557
100927590,-0.931545,-0.082603,-1.26778,-0.00415471,-0.0136875,0.238078,-0.9711411
100960202,-0.928322,-0.0696822,-1.26674,0.0218282,-0.0123497,0.254427,-0.966767
100993308,-0.925404,-0.0422941,-1.26883,0.0172943,0.00241517,0.185726,-0.982446
101026711,-0.920663,-0.0209453,-1.27004,0.0283231,0.0233703,0.174796,-0.98392
101060861,-0.920839,0.00413519,-1.26985,0.0277063,0.0305214,0.117215,-0.9922511
101093677,-0.921471,0.0292091,-1.2713,0.0670026,0.0477766,0.100963,-0.991481
101127324,-0.922219,0.0666304,-1.27392,0.0156548,0.0432732,0.0663121,-0.996737
101159912,-0.918979,0.0880272,-1.2739,-0.0332012,0.0270765,0.0391079,-0.998316
101193611,-0.919571,0.118383,-1.27642,0.0627199,0.0123248,-0.0252289,0.9976361
101227798,-0.917759,0.154947,-1.28039,-0.045345,0.00125265,0.0298765,-0.998524
101260608,-0.919503,0.188361,-1.28649,0.0293464,0.0115985,-0.0176166,0.999347
101293236,-0.920134,0.221942,-1.28957,0.0232817,0.00734855,0.00398038,0.999694
101326719,-0.921657,0.252608,-1.29271,0.0187452,0.0014323,0.0289186,0.9994051
101361006,-0.922192,0.280212,-1.29634,0.0174577,-0.00418615,0.0316473,0.999338
101393039,-0.924574,0.30801,-1.30216,0.0208163,-0.00524113,0.0434801,0.998824
101426620,-0.925886,0.332515,-1.30759,-0.0575026,0.0086971,-0.0278375,-0.997919
101460369,-0.929284,0.357213,-1.3136,-0.0388823,0.0108263,-0.0194298,-0.9989961
101493721,-0.930252,0.377089,-1.31996,0.0413305,0.00290564,-0.00541469,0.999127
101526935,-0.932861,0.401112,-1.32831,-0.0400099,0.011949,0.02559,-0.9988
101560546,-0.934556,0.421703,-1.33371,-0.0457178,0.00314957,0.049521,-0.9977211
101594205,-0.932066,0.436224,-1.346,-0.0786868,0.0024508,0.0788914,-0.99377
101627662,-0.937844,0.45195,-1.35103,0.0763053,0.0270667,-0.0166935,0.996577
101660943,-0.942033,0.472329,-1.35967,0.0261843,0.0156458,-0.0197147,0.999341
101694048,-0.941967,0.487726,-1.37024,-0.0191154,-0.00357021,0.0172633,-0.999662
101727301,-0.94529,0.501232,-1.37958,0.0123289,0.00348221,0.00867843,0.99988
101760798,-0.946586,0.511708,-1.38957,0.0225158,0.00726289,0.015214,0.999604
101793996,-0.950845,0.524291,-1.39765,0.0432699,0.016886,0.0140004,0.9988231
101827679,-0.955607,0.539631,-1.40642,0.017636,0.0349014,0.0171819,0.999087
101861056,-0.958212,0.549789,-1.41401,0.0243923,0.0353687,0.0162457,0.998945
101894591,-0.962077,0.557927,-1.42015,0.0211155,0.023684,0.0147286,0.9993881
101926470,-0.969181,0.568508,-1.42589,0.0167114,0.0457747,0.0231134,0.998545
101960381,-0.972556,0.573035,-1.43033,0.0417016,0.061391,0.0102759,0.997189
101994365,-0.978791,0.577393,-1.43144,0.0624809,0.0852622,0.0290097,0.993974
102027073,-0.983621,0.589581,-1.43928,0.0208719,0.0637606,-0.00887543,0.9977071
102060226,-0.991412,0.593687,-1.44067,0.0106926,0.0466805,-0.0142173,0.998751
102093176,-0.996769,0.597443,-1.4442,0.0389361,0.0357444,-0.0131486,0.998516
102126484,-1.0051,0.601803,-1.44442,0.0749322,0.0373286,-0.025502,0.996163
102159701,-1.01422,0.605439,-1.44546,0.0606145,0.0439901,-0.0282018,0.9967921
102193770,-1.0227,0.608456,-1.44514,0.0478581,0.0440582,0.0031406,0.997877
102227629,-1.0331,0.609429,-1.44334,0.0533895,0.0363029,-0.00045297,0.997914
102260420,-1.04235,0.610662,-1.44019,0.0551229,0.0290411,-0.022408,0.9978061
102293837,-1.05425,0.610441,-1.43706,0.0727853,0.027281,-0.0287336,0.99656
102326544,-1.06418,0.607533,-1.43345,0.0699559,0.0390586,-0.0264926,0.996433
102359822,-1.07673,0.607823,-1.4283,0.0671143,0.0175659,-0.022313,0.997341
102394111,-1.08622,0.607252,-1.42368,0.0623875,0.0121421,-0.0282975,0.9975771
102426437,-1.09693,0.603483,-1.41747,-0.0704343,-0.0122821,0.0381121,-0.996712
102459959,-1.10748,0.600039,-1.41072,0.0782798,0.0235487,-0.0366422,0.995979
102493570,-1.11966,0.598295,-1.40207,0.0573251,0.0161407,-0.0318306,0.997717
102528116,-1.12932,0.588077,-1.39387,0.0884184,0.0149882,-0.0358433,0.9953251
102560281,-1.13775,0.580945,-1.38423,-0.0810889,-0.00992743,0.0444238,-0.995667
102594427,-1.14895,0.581301,-1.37448,-0.109267,0.000316049,0.0400133,-0.993207
102627599,-1.1586,0.578147,-1.36363,-0.0792182,0.0182205,0.048584,-0.995506
102659763,-1.17023,0.574348,-1.35301,-0.0625412,0.0193003,0.0461334,-0.9967891
102693428,-1.17991,0.562285,-1.3416,-0.079973,0.00545844,0.0456263,-0.995737
102726353,-1.18959,0.559875,-1.33057,-0.0799685,0.012779,0.0484939,-0.995535
102759602,-1.20178,0.554867,-1.31871,-0.0461714,0.0310965,0.0587295,-0.996721
102793982,-1.21266,0.546285,-1.3074,-0.0475661,0.0279977,0.067106,-0.9962181
102826616,-1.22198,0.539436,-1.29365,-0.0553417,0.0355198,0.0634976,-0.995813
102860618,-1.23214,0.531381,-1.28127,-0.0470559,0.0284539,0.0808994,-0.995204
102893753,-1.23945,0.523056,-1.26768,-0.0747184,0.020064,0.0701938,-0.994529
102927456,-1.24774,0.515824,-1.25305,-0.0367147,0.0315726,0.0749945,-0.9960081
102960004,-1.25644,0.506074,-1.23989,-0.0360798,0.0235776,0.0677679,-0.99677
102993967,-1.26509,0.49892,-1.22412,-0.0552414,0.0375118,0.0707365,-0.995258
103027076,-1.27453,0.488852,-1.21214,-0.0409075,0.00895168,0.0834661,-0.99563
103059992,-1.28063,0.480475,-1.19494,-0.0325862,0.02584,0.06044,-0.9973051
103093181,-1.28764,0.468645,-1.17914,-0.0491022,0.00944946,0.0843372,-0.995182
103126370,-1.29295,0.454837,-1.1612,-0.0828087,0.00509874,0.0916703,-0.992327
103160495,-1.29714,0.448915,-1.14703,-0.090014,0.00461411,0.105539,-0.9903221
103193314,-1.30192,0.438673,-1.12827,0.0131004,0.075076,0.0470927,-0.995979
103227501,-1.31104,0.435694,-1.11202,-0.0100336,0.0183874,0.0709374,-0.997261
103260720,-1.32196,0.427491,-1.09315,-0.0297154,-0.0184385,0.115321,-0.9927121
103294250,-1.32566,0.420492,-1.07635,-0.00837973,-0.00198436,0.0723745,-0.99734
103327499,-1.3284,0.40953,-1.05702,-0.00561972,0.0300555,0.0767698,-0.99658
103359571,-1.33229,0.405406,-1.04072,-0.0092446,0.00945939,0.0486825,-0.998727
103393716,-1.3367,0.402955,-1.02252,-0.0155728,-0.00845862,0.0480128,-0.998691
103426713,-1.34533,0.405981,-1.00306,-0.0496989,-0.0153172,0.0575614,-0.996987
103460213,-1.34899,0.405666,-0.983627,-0.043231,-0.00403719,0.0582027,-0.99736
103493430,-1.35321,0.413629,-0.965457,-0.0188758,0.0109816,0.0484314,-0.998588
103527121,-1.36031,0.412683,-0.943731,0.0286728,0.0283406,0.0341941,-0.9986021
103559487,-1.36612,0.414365,-0.926,0.062617,0.0128085,0.0509109,-0.996656
103593352,-1.37135,0.419007,-0.903761,0.0539607,0.00193588,0.0462498,-0.99747
103627083,-1.3779,0.425847,-0.880031,0.0564281,0.0124992,0.0579744,-0.996644
103660774,-1.37966,0.425233,-0.861581,0.0233962,0.0193194,0.0602287,-0.9977231
103693771,-1.38571,0.430666,-0.838882,0.0351919,0.0298791,0.0457938,-0.997884
103727795,-1.3923,0.438775,-0.816814,0.053759,0.0195459,0.0218423,-0.998124
103759474,-1.39539,0.439648,-0.793367,0.0675776,0.0503336,-0.0121318,-0.99637
103792945,-1.40122,0.443262,-0.770873,0.0457392,0.0482396,-0.00744526,-0.997761
103826670,-1.40771,0.448408,-0.748001,0.0550796,0.0537297,-0.0158089,-0.99691
103860228,-1.40077,0.446293,-0.726609,-0.0369424,0.0788068,-0.00823017,-0.996171
103893516,-1.41393,0.458768,-0.702138,0.00581205,0.0729481,0.00476782,-0.9973071
103926368,-1.42103,0.4545,-0.679982,0.0375728,0.0355041,-0.0615794,-0.996763
103961103,-1.42132,0.453557,-0.663758,0.00127711,0.0423595,-0.0431133,-0.998171
103993321,-1.43218,0.45967,-0.641992,0.0207895,0.0530024,-0.0440163,-0.997407
104026718,-1.43918,0.462644,-0.626222,0.0109864,0.027815,-0.0230131,-0.9992881
104059007,-1.44767,0.46889,-0.610838,0.0600859,0.0408573,-0.0141069,-0.997257
104092615,-1.45107,0.466916,-0.595761,0.0507831,0.0570228,-0.0344503,-0.996485
104126692,-1.46067,0.468737,-0.581569,0.0387595,0.0404924,-0.027399,-0.998052
104159719,-1.46723,0.469745,-0.569492,0.0396121,0.041154,-0.0183042,-0.99821
104193506,-1.47511,0.470538,-0.561031,0.0456324,0.0206074,-0.00896456,-0.998706
104226521,-1.4822,0.466379,-0.548968,0.0731854,0.0554986,-0.0194922,-0.995582
104259164,-1.48775,0.465038,-0.53851,0.0781165,0.0710809,-0.0257421,-0.994074
104292568,-1.49738,0.459897,-0.533791,0.0777085,0.0551504,-0.0093258,-0.9954061
104326652,-1.5079,0.458445,-0.5279,0.133721,0.0275382,-0.0142688,-0.990534
104359945,-1.51604,0.457309,-0.525211,0.109155,0.0268637,-0.0254704,-0.993335
104392806,-1.5261,0.460786,-0.523916,0.102089,0.0199647,0.0135716,-0.9944821
104427016,-1.53481,0.456761,-0.518962,0.0956895,0.0169449,0.00255039,-0.995264
104460525,-1.54881,0.452918,-0.520265,0.129077,0.000933597,0.00811412,-0.991601
104492867,-1.5627,0.4519,-0.519717,-0.11673,0.0366599,0.00140489,0.9924861
104526874,-1.58058,0.450301,-0.522285,-0.131821,0.0598668,0.00547918,0.989449
104560182,-1.59489,0.447536,-0.524222,-0.137205,0.079231,0.0211383,0.987143
104593118,-1.61469,0.44798,-0.527127,-0.134087,0.0814147,0.00286099,0.9876151
104626242,-1.63681,0.449271,-0.530651,-0.139873,0.095886,0.000638908,0.985516
104659527,-1.65886,0.44708,-0.533404,-0.135347,0.0927963,0.00519966,0.986429
104693564,-1.682,0.447696,-0.538027,-0.133797,0.0975099,0.0114119,0.9861341
104726714,-1.70887,0.449899,-0.544482,-0.113595,0.0960413,-0.0143385,0.98877
104760106,-1.74086,0.449638,-0.54969,-0.108449,0.0971612,-0.0198503,0.989143
104793560,-1.7741,0.450056,-0.557474,-0.117219,0.108927,-0.00576305,0.987097
104825882,-1.81236,0.454202,-0.563367,-0.142047,0.103579,-0.0110973,0.9843631
104859093,-1.84999,0.454732,-0.568996,-0.127002,0.0986047,-0.0215079,0.986755
104892867,-1.89669,0.461529,-0.574422,-0.108335,0.120114,-0.0470286,0.98571
104926372,-1.94708,0.468526,-0.581797,-0.102825,0.134472,-0.0626808,0.9835731
104960190,-1.99554,0.476799,-0.589998,-0.116645,0.140527,-0.0430477,0.982239
104993017,-2.04615,0.483475,-0.597104,-0.120736,0.144676,-0.0826824,0.978599
105026574,-2.09856,0.491191,-0.606005,-0.131888,0.094468,-0.0579129,0.9850521
105059617,-2.15842,0.498719,-0.616483,-0.123553,0.108653,-0.0528498,0.984955
105093795,-2.21993,0.50774,-0.626025,-0.134357,0.0962362,-0.057786,0.984554
105125936,-2.28136,0.518496,-0.635569,-0.122629,0.0862776,-0.0459492,0.987627
105159685,-2.34498,0.526812,-0.646433,-0.133149,0.0622219,-0.0440223,0.9881611
105193369,-2.41256,0.537024,-0.656821,-0.14055,0.0428685,-0.0375946,0.98843
105226761,-2.48016,0.547153,-0.667949,-0.136861,0.032181,-0.0288482,0.989647
105260021,-2.55108,0.559761,-0.681742,-0.130017,0.0123303,-0.0410415,0.9905851
105292566,-2.61724,0.570118,-0.692996,0.120449,0.0117611,0.0358808,-0.992001
105326518,-2.68857,0.580243,-0.707836,0.133882,0.0251839,0.0319457,-0.990162
105359623,-2.75326,0.590152,-0.719249,0.126468,0.0602354,0.0126837,-0.990059
105393346,-2.82155,0.599653,-0.733172,0.124205,0.0882662,0.00795855,-0.9882911
105426498,-2.88578,0.609356,-0.746542,0.0926425,0.120866,0.0150945,-0.988221
105459701,-2.94543,0.619202,-0.759625,0.0687103,0.148475,0.00849145,-0.98649
105492295,-3.00186,0.626478,-0.771235,0.0434665,0.156818,0.00250652,-0.986667
105526364,-3.06136,0.628328,-0.784045,0.0826285,0.172118,0.018462,-0.9814311
105559702,-3.12803,0.643089,-0.805548,0.101809,0.131857,-0.02163,-0.985789
105593760,-3.17408,0.649831,-0.810833,0.078656,0.154485,-0.0349656,-0.984238
105625828,-3.23607,0.663314,-0.829565,0.0945784,0.174851,-0.0120409,-0.979968
105659914,-3.28737,0.672992,-0.841345,0.072769,0.173416,-0.0171639,-0.9820071
105692833,-3.32782,0.678325,-0.8442,0.0786193,0.219085,-0.0213286,-0.972299
105727370,-3.36976,0.682805,-0.854463,0.073612,0.204734,-0.0395529,-0.975244
105759523,-3.40566,0.68438,-0.857935,0.0809658,0.216631,-0.041473,-0.972006
105793857,-3.44165,0.686355,-0.866121,0.0914069,0.213387,-0.040728,-0.9718291
105825419,-3.47017,0.690911,-0.872612,0.101312,0.221149,-0.0169129,-0.969816
105858690,-3.49246,0.691291,-0.870719,0.085146,0.249288,-0.0230282,-0.964404
105892491,-3.51191,0.693104,-0.871032,0.0849916,0.258678,-0.0213214,-0.961981
105926436,-3.52699,0.693551,-0.870449,0.0569348,0.262013,-0.0256837,-0.9630411
105960160,-3.53815,0.692512,-0.867857,0.0523802,0.253971,-0.0257088,-0.96545
105992828,-3.54907,0.692239,-0.864532,0.0514445,0.272905,-0.0383202,-0.9599
106025718,-3.55264,0.689927,-0.86138,0.0643676,0.270312,-0.0285659,-0.960194
106059507,-3.5508,0.68526,-0.85191,0.0562522,0.28126,-0.0449476,-0.9569261
106092855,-3.54328,0.682717,-0.848019,0.0578839,0.227628,-0.029258,-0.971586
106126205,-3.5315,0.677917,-0.837202,0.0462857,0.224603,-0.0361553,-0.972679
106159254,-3.51835,0.670282,-0.828067,0.059149,0.220549,-0.0257752,-0.97324
106191984,-3.50305,0.661429,-0.819834,0.0590662,0.201626,-0.0185047,-0.9775051
106225781,-3.47721,0.655103,-0.80339,0.0638403,0.225989,0.00481136,-0.972024
106258596,-3.45293,0.64726,-0.788608,0.07051,0.196241,-0.0178064,-0.977855
106293243,-3.42833,0.640048,-0.778762,0.0623512,0.1498,-0.0365452,-0.9860711
106325752,-3.39426,0.631415,-0.760062,0.0745296,0.16238,-0.0135507,-0.983816
106359485,-3.35261,0.62134,-0.736113,0.0723057,0.188716,-0.0232087,-0.979091
106392671,-3.3106,0.60865,-0.712108,0.0720025,0.201993,-0.0169065,-0.97659
106426266,-3.26508,0.596719,-0.693836,0.0583757,0.164138,-0.023892,-0.9844191
106460553,-3.21505,0.587183,-0.666125,0.0439127,0.182838,-0.0379484,-0.981428
106492281,-3.16342,0.574826,-0.637068,0.0424891,0.225094,-0.0372083,-0.972699
106527315,-3.12633,0.562578,-0.62533,0.0792866,0.170235,-0.0525226,-0.9808031
106558954,-3.06158,0.544645,-0.599,0.0525108,0.095295,-0.0352589,-0.993438
106593413,-2.98393,0.514083,-0.56651,-0.0625365,0.184443,-0.0426712,-0.979923
106625241,-2.94166,0.504159,-0.543483,0.149387,0.05803,-0.0945296,0.982538
106659576,-2.86936,0.489277,-0.52489,0.076574,0.0661425,-0.0807518,-0.9915851
106693183,-2.77913,0.440905,-0.491646,-0.166695,0.226104,-0.0142349,-0.959629
106726284,-2.73485,0.4653,-0.492701,0.0543202,0.143764,-0.0282939,-0.987715
106759400,-2.64076,0.445332,-0.467301,0.0727359,0.118101,-0.0116002,-0.990266
106792451,-2.55899,0.426248,-0.442668,0.0667755,0.119226,-0.00460409,-0.9906081
106825855,-2.48186,0.408739,-0.423271,0.0597941,0.0986179,0.00308749,-0.993323
106859571,-2.40448,0.391464,-0.40435,0.0670662,0.0683529,0.01146,-0.995338
106892296,-2.3226,0.3738,-0.385209,0.0537705,0.0283846,0.00959582,-0.998104
106926566,-2.24134,0.355082,-0.364943,0.061999,0.0135697,0.0165549,-0.9978471
106959056,-2.15949,0.338666,-0.347497,0.0702485,0.00544223,0.0456007,-0.996472
106992503,-2.08032,0.317119,-0.331717,-0.0867022,0.0173892,-0.0337239,0.995511
107025616,-2.00449,0.295507,-0.322786,-0.0447787,0.0417669,-0.0145391,0.998018
107059296,-1.93542,0.28779,-0.311112,-0.0718902,0.0845129,-0.0141687,0.9937251
107093208,-1.865,0.270919,-0.300134,-0.0479708,0.0878653,-0.0215019,0.994744
107125823,-1.79003,0.259948,-0.287026,-0.0776056,0.114453,-0.0415567,0.98952
107159226,-1.72775,0.244844,-0.278819,-0.0800483,0.148405,-0.0360004,0.985024
107192653,-1.65668,0.21901,-0.259269,-0.118616,0.0915115,-0.00470965,0.9887031
107225947,-1.59562,0.20511,-0.249455,-0.116223,0.200678,-0.0911754,0.968456
107259225,-1.55008,0.202473,-0.247223,-0.084287,0.221385,-0.0548711,0.969986
107292489,-1.50625,0.197283,-0.239779,-0.0678177,0.238033,-0.0821986,0.965393
107325254,-1.4656,0.188199,-0.233553,-0.0856874,0.249128,-0.0877211,0.9606761
107359797,-1.42288,0.178187,-0.226687,-0.0943084,0.217927,-0.0783441,0.968234
107392555,-1.38751,0.169588,-0.221631,-0.079183,0.187546,-0.0581592,0.97733
107425724,-1.35353,0.160962,-0.220222,-0.0821586,0.140886,-0.0288831,0.9861881
107459735,-1.32625,0.152213,-0.217196,-0.0805151,0.11368,-0.0193384,0.990061
107493296,-1.303,0.145089,-0.213039,-0.0766702,0.106432,-0.0167747,0.991218
107526088,-1.28287,0.137819,-0.210462,-0.0736018,0.0964953,-0.0134529,0.9925171
107560295,-1.26499,0.131037,-0.208913,-0.0770393,0.0839762,-0.0174945,0.993331
107592943,-1.24967,0.125686,-0.209902,-0.0729611,0.0772243,-0.0184346,0.99417
107625594,-1.23671,0.119244,-0.211161,-0.0748299,0.062364,-0.0170577,0.995098
107658857,-1.22577,0.112568,-0.213492,-0.0772101,0.0494556,-0.0129601,0.9957031
107692935,-1.21686,0.105993,-0.217588,-0.077518,0.0505274,-0.00905147,0.995669
107725731,-1.20938,0.0980316,-0.221227,-0.0765904,0.0465603,-0.00172691,0.995973
107759014,-1.20287,0.092659,-0.226491,-0.0742907,0.0352186,-0.00601888,0.9965961
107793123,-1.19777,0.0864542,-0.232665,-0.0757502,0.0225298,-0.0164518,0.996736
107825494,-1.19447,0.0804291,-0.240661,-0.0695847,0.0235402,-0.0266603,0.996942
107858555,-1.18999,0.0713811,-0.247757,-0.0224246,0.0432913,-0.027968,0.998419
107892278,-1.18807,0.0640763,-0.255993,-0.0479096,0.0235541,-0.0134457,0.9984831
107926640,-1.1902,0.0681164,-0.268819,-0.0875637,0.0212676,-0.0630518,0.993934
107959618,-1.18858,0.0646553,-0.278666,-0.0741019,0.0266573,-0.0595577,0.995114
107991934,-1.1892,0.0622426,-0.290665,-0.0727118,0.0248611,-0.0629183,0.995056
108025007,-1.18898,0.0585366,-0.301438,-0.0539844,0.0250178,-0.0507961,0.9969351
108058892,-1.19012,0.0585759,-0.314075,-0.0610427,0.0202038,-0.0510068,0.996626
108093244,-1.19028,0.0617913,-0.328547,-0.0749559,0.0142524,-0.0464977,0.996
108126113,-1.19209,0.0637458,-0.341229,0.0702513,-0.00571013,0.0481646,-0.9963491
108158748,-1.19293,0.0664721,-0.355044,0.071423,-0.00226657,0.0509203,-0.996143
108192545,-1.1934,0.0701697,-0.369506,0.0622662,-0.0150814,0.0502027,-0.996682
108225971,-1.19538,0.0767337,-0.384522,0.074883,-0.00430485,0.0404771,-0.996361
108259317,-1.19631,0.0816636,-0.400342,-0.089648,0.0198728,-0.0368616,0.9950931
108293244,-1.19724,0.0916402,-0.415479,0.0678034,-0.0127919,0.0480494,-0.996459
108325683,-1.19805,0.10099,-0.430496,0.0647518,-0.00471274,0.0539856,-0.996429
108358825,-1.19832,0.11085,-0.447042,0.0659968,-0.00310552,0.0521506,-0.996451
108391470,-1.19839,0.121126,-0.463567,0.0657087,-0.000744782,0.0461111,-0.9967731
108425832,-1.19818,0.13156,-0.480317,0.0708814,-0.000738974,0.0381133,-0.996756
108458647,-1.19929,0.142426,-0.495982,0.0607012,-0.00257577,0.0348524,-0.997544
108492217,-1.19896,0.155287,-0.513888,0.0607867,0.00862144,0.0160568,-0.9979841
108525901,-1.19813,0.167041,-0.53165,0.0626599,0.0133714,0.0142476,-0.997844
108559379,-1.19658,0.178679,-0.548406,0.0651556,0.0185397,0.016731,-0.997563
108592589,-1.19434,0.188971,-0.566444,0.0776448,0.0257354,0.0106625,-0.9965921
108624754,-1.19256,0.203064,-0.585529,0.0610714,0.0243685,0.00655726,-0.997814
108658661,-1.19034,0.213543,-0.604513,0.0626541,0.0180821,-0.0116263,-0.997804
108692067,-1.18733,0.222993,-0.62302,0.0655279,0.024691,-0.029162,-0.997119
108726301,-1.18533,0.231211,-0.641699,0.0669612,0.0278706,-0.0471878,-0.9962491
108758826,-1.1815,0.239213,-0.66091,0.0656998,0.0303006,-0.0667503,-0.995143
108792150,-1.17765,0.245633,-0.681075,0.0639879,0.0304549,-0.0747787,-0.994679
108824578,-1.17392,0.250084,-0.700501,0.0634977,0.0305964,-0.0860066,-0.993798
108859542,-1.16997,0.251541,-0.71985,0.0644565,0.036957,-0.106145,-0.9915711
108892406,-1.16612,0.249423,-0.739481,-0.0610004,-0.0337228,0.113387,0.991103
108924935,-1.1629,0.248551,-0.75852,-0.0568805,-0.0289007,0.107515,0.992154
108958865,-1.15667,0.238768,-0.780137,-0.0543178,-0.0286663,0.121395,0.990702
108992355,-1.1489,0.23032,-0.801518,0.0477083,0.0622334,-0.151511,-0.985341
109025704,-1.14402,0.216865,-0.823137,0.0739576,0.057685,-0.126561,-0.987515
109058583,-1.14252,0.199141,-0.846246,-0.118941,-0.00505075,0.126808,0.984757
109092734,-1.13714,0.190067,-0.866,-0.0884466,0.00196119,0.0988967,0.9911571
109125379,-1.13397,0.17921,-0.886258,-0.0793176,0.004452,0.082227,0.993442
109157950,-1.13164,0.157972,-0.904957,-0.0973637,0.00799582,0.0597848,0.993419
109192244,-1.13114,0.147874,-0.924936,-0.058373,0.0346609,0.0173633,0.997542
109225525,-1.12386,0.133994,-0.945274,-0.0317668,0.0271264,0.0183433,0.9989591
109258473,-1.11757,0.115893,-0.970104,-0.0837337,0.0153017,0.0256512,0.99604
109291890,-1.11178,0.0974632,-0.990256,-0.0863755,0.01291,0.00527101,0.996165
109324553,-1.10552,0.0819982,-1.00741,-0.0281023,0.0433086,-0.0243264,0.99837
109358761,-1.10045,0.0653105,-1.03034,-0.036284,0.0589047,-0.0704415,0.9951141
109391934,-1.09601,0.0598094,-1.04786,0.00244966,0.0584515,-0.0821064,0.994905
109426555,-1.08883,0.0526785,-1.06752,0.0432518,-0.00811391,0.109765,-0.992983
109458718,-1.08329,0.0508344,-1.09278,-0.0890643,0.0521275,-0.0912691,0.990465
109491811,-1.07755,0.0438579,-1.1105,-0.0734345,0.0368392,-0.120056,0.9893621
109525542,-1.06964,0.0390427,-1.13051,0.0756987,-0.0165138,0.133119,-0.988067
109558289,-1.06381,0.0376772,-1.15386,0.040412,0.00116451,0.0818609,-0.995823
109591980,-1.05426,0.0372975,-1.17649,0.0569408,0.00434816,0.0903079,-0.9942751
109625971,-1.04675,0.0399929,-1.19842,0.0472223,0.00432129,0.0825608,-0.995457
109659408,-1.03989,0.0407348,-1.219,0.0514067,0.000894056,0.0640695,-0.99662
109692751,-1.03125,0.0454258,-1.24091,0.0557115,0.00615734,0.0403667,-0.9976121
109725975,-1.02326,0.0526194,-1.2632,0.045955,0.00629107,0.0191437,-0.99874
109758659,-1.01569,0.0624314,-1.28713,0.046225,-0.00306146,0.0313777,-0.998433
109791911,-1.00794,0.0729868,-1.30841,0.0484732,-0.00858894,0.037958,-0.998066
109825418,-0.999389,0.0822244,-1.32898,0.0545864,-0.00920725,0.0320197,-0.9979531
109858518,-0.991628,0.0929965,-1.34888,-0.0517136,0.0133336,-0.0255706,0.998246
109891742,-0.985371,0.104379,-1.36721,-0.0475556,0.0181961,-0.0239451,0.998416
109924623,-0.976309,0.116412,-1.38605,-0.0500733,0.0246919,-0.00773211,0.99841
109958635,-0.967808,0.128321,-1.4015,-0.0572299,0.0113263,-0.00591555,0.9982791
109991338,-0.959843,0.141813,-1.417,-0.0607617,0.0190023,-0.00810735,0.997939
110025270,-0.952343,0.155183,-1.43018,-0.0680821,0.0103555,-0.00121663,0.997625
110057722,-0.944149,0.167456,-1.44405,-0.0762863,0.0257751,0.00487794,0.996741
110092731,-0.936104,0.180808,-1.45576,-0.0683936,0.021121,0.00745527,0.9974071
110124890,-0.927951,0.195826,-1.46486,0.0534728,0.00499469,0.00469483,-0.998546
110159323,-0.918782,0.209654,-1.47617,-0.039468,0.0118085,-0.0315663,0.998652
110192697,-0.911327,0.2212,-1.48459,-0.0341753,0.0132695,-0.0338299,0.998755
110225257,-0.904949,0.238128,-1.49427,-0.0427481,0.0140288,-0.00760724,0.9989581
110258633,-0.897685,0.251227,-1.49869,-0.0296566,0.0102849,-0.024064,0.999218
110292576,-0.889874,0.259701,-1.50193,-0.0108009,0.0287116,-0.0647024,0.997433
110325069,-0.882091,0.274616,-1.50858,-0.0220901,0.0307169,-0.0497823,0.998043
110358594,-0.875577,0.289175,-1.51069,-0.00967221,0.0266297,-0.0674464,0.9973211
110390943,-0.868909,0.300735,-1.51466,-0.000443399,0.0388101,-0.0528143,0.99785
110426240,-0.861367,0.317561,-1.51897,-0.0132527,0.0104834,0.0047615,0.999846
110458285,-0.855549,0.325461,-1.51479,-0.0100905,0.0231879,-0.0298439,0.999235
110492771,-0.849709,0.338794,-1.51507,0.00831505,0.0378204,-0.0461551,0.9981831
110525973,-0.84185,0.348578,-1.5123,0.0331541,0.0385937,-0.0345708,0.998106
110558973,-0.835587,0.364889,-1.5123,0.0783228,0.0431822,-0.0456586,0.994945
110592084,-0.827463,0.376053,-1.5075,-0.0135054,-0.010817,0.0409356,-0.999012
110624763,-0.821597,0.383456,-1.50475,0.0288985,0.00148823,0.0110794,-0.999521
110658584,-0.811528,0.392659,-1.5031,-0.045127,-0.00802491,0.0365457,0.99828
110691127,-0.808306,0.398342,-1.4928,-0.00635847,0.011394,-0.023388,-0.999641
110726158,-0.801412,0.413345,-1.4913,0.0132139,0.0261059,-0.0160205,-0.9994431
110758426,-0.797512,0.422363,-1.48448,0.0426021,0.0284854,-0.0185471,-0.998514
110791421,-0.791078,0.434588,-1.4813,0.0338728,0.0277425,-0.0153202,-0.998924
110824072,-0.786456,0.442725,-1.47424,0.0302061,0.0256996,-0.0236602,-0.998933
110858195,-0.781087,0.449845,-1.4701,-0.0434533,-0.0121857,0.0478557,0.9978341
110891180,-0.776451,0.458853,-1.46326,0.0435345,0.0129099,-0.037779,-0.998254
110925187,-0.769658,0.46345,-1.456,0.035995,0.0300218,-0.0324947,-0.998372
110958190,-0.766848,0.47258,-1.44966,0.0378708,0.0220387,-0.0280828,-0.998645
110991924,-0.762209,0.476586,-1.44121,0.0470512,0.0294368,-0.0303671,-0.9979971
111024495,-0.759514,0.480867,-1.43419,0.0656762,0.0245643,-0.0502711,-0.996271
111058672,-0.755561,0.486328,-1.42531,0.0599651,0.0341612,-0.0452572,-0.996589
111091925,-0.751802,0.494091,-1.41709,0.0375304,0.0324988,-0.0277267,-0.9983821
111124929,-0.750198,0.50089,-1.40868,0.0356259,0.0227766,-0.022589,-0.99885
111158687,-0.747505,0.505203,-1.40002,0.0359012,0.0181362,-0.0214215,-0.998961
111191883,-0.744328,0.509759,-1.39214,0.0502251,0.0169259,-0.033795,-0.998022
111224230,-0.74274,0.51187,-1.38401,-0.0356631,0.00531495,0.0276458,0.9989671
111258183,-0.739148,0.515874,-1.37364,-0.0410687,-0.00632694,0.0270207,0.998771
111291534,-0.737382,0.518066,-1.36342,-0.056726,-0.0104809,0.0413976,0.997476
111325083,-0.735385,0.523087,-1.35427,-0.057305,-0.00209315,0.0357851,0.9977131
111359338,-0.733389,0.527498,-1.3431,0.0390175,0.0172427,-0.0194272,-0.998901
111391076,-0.732959,0.533623,-1.33324,0.0388431,0.0099287,0.00993726,-0.999147
111424321,-0.731568,0.537349,-1.32269,0.0384298,0.00629577,0.00430949,-0.999232
111458567,-0.730242,0.539281,-1.31057,0.0238129,0.0103856,-0.0150036,-0.999551
111491326,-0.729894,0.542151,-1.29979,0.00301827,0.0179737,-0.0109156,-0.999774
111526047,-0.729184,0.545444,-1.28901,0.000723921,0.0205042,-0.0145881,-0.999683
111557741,-0.730947,0.55644,-1.27655,-0.00207315,0.0161353,-0.0104191,-0.999813
111591903,-0.730345,0.562656,-1.26505,-0.0201898,0.00148656,0.017014,-0.999651
111624451,-0.72979,0.556448,-1.25282,0.0270264,0.00676746,0.0000980804,0.999612
111657274,-0.733771,0.556218,-1.24514,-0.0351206,0.0675713,0.0233776,0.996822
111692374,-0.738498,0.566894,-1.22627,-0.00706781,0.0745102,-0.0026797,0.9971921
111724707,-0.739091,0.57591,-1.21311,0.000503456,0.0656307,-0.022754,0.997584
111758454,-0.74475,0.572465,-1.19885,-0.0253614,0.0807411,-0.0182539,0.996245
111791983,-0.750408,0.57548,-1.18511,-0.000739071,0.0870194,-0.0163611,0.996072
111825935,-0.760133,0.580131,-1.17107,-0.022826,0.0849962,-0.0048665,0.9961081
111858516,-0.766365,0.576325,-1.15696,0.00230284,0.0995657,-0.00528782,0.995014
111891351,-0.775869,0.579498,-1.14122,0.0208567,0.11087,0.00855481,0.993579
111924293,-0.791296,0.579814,-1.12372,0.0392345,0.12164,0.00812839,0.991765
111958864,-0.806029,0.580438,-1.10694,0.0496352,0.123949,0.0231623,0.9907761
111991236,-0.826213,0.584024,-1.08813,0.0385186,0.116114,0.0160678,0.992359
112023906,-0.846002,0.586875,-1.07371,0.0276402,0.120432,-0.00942856,0.992292
112059221,-0.867655,0.583944,-1.05363,0.0702236,0.136987,-0.0247036,0.9877721
112091487,-0.891162,0.584455,-1.03527,0.0733558,0.125288,-0.0140117,0.989306
112124635,-0.918425,0.587315,-1.0155,0.0712874,0.149268,-0.0241279,0.985929
112158128,-0.953157,0.587614,-0.997307,0.0356476,0.134266,-0.0322133,0.98978
112191609,-0.987004,0.58841,-0.97608,0.0425308,0.139316,-0.0355376,0.9886961
112291863,-1.02349,0.591208,-0.956412,0.0219171,0.124144,-0.0240066,0.9917321
112292800,-1.06013,0.583088,-0.932688,0.0384175,0.130837,-0.0330933,0.990106
112292889,-1.10206,0.584217,-0.910387,0.0169096,0.168699,-0.0306038,0.985047
112324942,-1.1454,0.582995,-0.892997,-0.000170508,0.150833,-0.00835278,0.988524
112358405,-1.18593,0.580299,-0.868558,-0.00284986,0.125345,-0.00506409,0.992096
112391997,-1.23343,0.576392,-0.846,-0.0355928,0.123156,-0.00938582,0.9917041
112424496,-1.28167,0.574087,-0.826564,-0.0248896,0.145958,-0.00912288,0.988936
112457610,-1.33844,0.56897,-0.798621,0.029932,0.161694,-0.0353225,0.985754
112491782,-1.3984,0.570641,-0.775769,-0.00680534,0.143805,-0.040455,0.988755
112524148,-1.45361,0.558502,-0.755376,0.0850559,0.138334,-0.0804256,0.9834431
112557806,-1.51103,0.550813,-0.731223,-0.0231139,0.106747,-0.0947808,0.989488
112591483,-1.57108,0.550002,-0.70673,0.00160079,0.058896,-0.0697335,0.995824
112623842,-1.63413,0.541968,-0.683685,-0.0870724,-0.0182214,0.0900875,-0.991953
112657647,-1.69758,0.537423,-0.658912,-0.115009,-0.0246149,0.123763,-0.9853171
112691887,-1.76432,0.525892,-0.634606,-0.0451858,0.0509819,-0.0801686,0.994451
112724176,-1.82243,0.51359,-0.610019,-0.0357167,0.0702928,-0.0830622,0.99342
112757719,-1.8892,0.513033,-0.584205,0.13776,0.0706167,-0.114416,0.9812971
112791625,-1.93984,0.501961,-0.563735,-0.221701,-0.0378736,0.156366,-0.961751
112825746,-1.99822,0.502695,-0.538015,-0.106901,0.0675709,0.0811547,-0.988646
112857606,-2.06299,0.491886,-0.509061,-0.229508,0.101962,0.154984,-0.955463
112891822,-2.11559,0.502732,-0.489408,-0.0805412,0.078098,0.1374,-0.9841421
112924085,-2.15758,0.478036,-0.467186,-0.075803,0.0524528,0.138512,-0.986061
112957949,-2.20938,0.477554,-0.442111,0.00750841,0.141035,-0.0547217,-0.988463
112990875,-2.26478,0.441331,-0.410418,-0.0323685,0.134422,0.0583228,-0.988677
113024318,-2.31643,0.447499,-0.383361,-0.24027,0.115234,0.150761,-0.9519781
113058153,-2.33668,0.447012,-0.380234,-0.224113,-0.0481347,0.218724,-0.948481
113091727,-2.37688,0.444803,-0.348824,-0.154969,0.0250658,0.0199046,-0.987401
113124011,-2.4199,0.430867,-0.315299,-0.00944764,0.0726373,0.0292346,-0.996885
113158207,-2.45592,0.397549,-0.277845,0.0180354,0.0804154,0.118119,-0.9895741
113191395,-2.49048,0.410426,-0.261728,-0.0332993,0.0392898,0.074557,-0.995886
113224611,-2.51468,0.405549,-0.240065,-0.0702887,0.00791577,0.0754321,-0.994639
113258149,-2.54502,0.401532,-0.215428,0.00461529,0.0346807,0.0595692,-0.997611
113291632,-2.55918,0.393459,-0.192098,0.0381582,0.0877534,0.0759635,-0.9925081
113324167,-2.5787,0.384393,-0.170671,0.0492671,0.0718795,0.0876431,-0.992333
113358474,-2.59517,0.370898,-0.147859,0.0667374,0.102307,0.052616,-0.991116
113391539,-2.61385,0.368126,-0.128643,0.0281029,0.117202,0.0317557,-0.992202
113424638,-2.63263,0.36106,-0.110731,0.0139349,0.0708507,0.0519072,-0.9960381
113457485,-2.64583,0.346443,-0.0926755,0.011939,0.073777,0.060506,-0.995366
113491063,-2.6563,0.338799,-0.0823076,0.0252932,0.0992562,0.0276613,-0.994356
113524474,-2.66947,0.333731,-0.0707324,0.0405872,0.0825641,0.0475731,-0.994622
113557932,-2.68057,0.326012,-0.0680669,0.0285007,0.0920662,0.0089446,-0.9953051
113590764,-2.69014,0.314537,-0.0635083,0.0290254,0.084621,0.0204437,-0.995781
113624190,-2.7019,0.312396,-0.0638838,0.0312647,0.0633342,0.0474581,-0.996373
113657769,-2.71063,0.303517,-0.0684314,0.0313174,0.0583738,0.04051,-0.996981
113691535,-2.71491,0.292857,-0.0707529,0.0431907,0.077026,0.0477061,-0.994951
113723893,-2.72515,0.284194,-0.0821035,0.0458808,0.0567599,0.0364135,-0.996668
113757706,-2.73675,0.27793,-0.0984834,0.0139889,0.0137338,0.00604093,-0.99979
113791527,-2.74464,0.271163,-0.11269,0.0190656,0.013535,0.0113748,-0.999662
113824442,-2.75314,0.261803,-0.127907,0.0153996,0.0158208,0.0341939,-0.9991711
113857302,-2.76194,0.259662,-0.14935,0.0179246,0.00410658,0.0121103,-0.999758
113891130,-2.76969,0.255344,-0.168173,0.0187045,0.000597487,0.0194528,-0.999636
113924645,-2.77437,0.248044,-0.185735,0.00588151,0.00674089,-0.0116482,0.9998921
113958088,-2.7831,0.246081,-0.209145,0.0166515,0.00585013,0.0338894,-0.99927
113991209,-2.78855,0.242604,-0.231488,0.0129213,0.0168659,0.0327842,-0.999237
114025434,-2.79603,0.24087,-0.253508,-0.00626914,-0.00204985,0.0366411,-0.9993071
114057582,-2.80293,0.242367,-0.277341,0.0169707,-0.00154002,0.0162464,-0.999723
114090994,-2.81144,0.244506,-0.302125,0.0187714,-0.0122376,0.0438331,-0.998788
114124247,-2.81665,0.247351,-0.325323,0.029913,0.00884566,0.0580176,-0.997828
114157843,-2.8213,0.249498,-0.349145,0.0316561,0.0215284,0.0554235,-0.9977291
114191080,-2.82707,0.254274,-0.372447,0.0326978,0.0385086,0.0544603,-0.997237
114224784,-2.83614,0.260754,-0.398829,0.0426197,0.0134504,0.0491313,-0.997792
114257706,-2.84271,0.268324,-0.422692,0.0307572,0.00711876,0.0405459,-0.998679
114291035,-2.85028,0.28009,-0.447672,0.0301734,-0.00109431,0.0548603,-0.9980371
114324446,-2.85561,0.292781,-0.471533,0.0288459,-0.000371185,0.0659569,-0.997405
114357308,-2.86363,0.30827,-0.49686,0.040718,-0.00252107,0.0706763,-0.996665
114391170,-2.87091,0.320065,-0.520566,0.0267937,0.0163774,0.0685425,-0.9971541
114424176,-2.87691,0.331876,-0.539929,-0.00664874,0.00968781,0.103629,-0.994547
114458215,-2.88255,0.346002,-0.557356,-0.0280434,-0.00973229,0.168889,-0.985188
114491041,-2.8804,0.36717,-0.567158,-0.00489014,0.0420018,0.286091,-0.957269
114524313,-2.88704,0.400351,-0.603901,0.0315351,0.0432083,0.14003,-0.9887011
114558679,-2.88855,0.403817,-0.609218,-0.0480491,0.0575864,-0.0785017,0.994089
114590758,-2.90992,0.423103,-0.643136,0.0758573,0.0378334,-0.0255664,0.996073
114623580,-2.91423,0.455785,-0.657216,0.078776,0.0973105,0.0415579,0.991261
114658027,-2.92769,0.492821,-0.675184,-0.0642906,0.0810144,0.0357202,0.9939961
114691441,-2.93924,0.511608,-0.690949,-0.0405249,0.00356354,0.00490226,0.99916
114723835,-2.9405,0.532084,-0.693559,0.00571436,0.0295017,0.0295186,0.999112
114757222,-2.9504,0.564062,-0.703054,-0.0373275,0.00836393,-0.000530248,0.999268
114791421,-2.95969,0.592876,-0.709272,-0.0446316,0.0199673,0.00717829,0.9987781
114824629,-2.97122,0.616176,-0.713139,-0.0462611,0.0206532,0.0427404,0.997801
114857425,-2.97607,0.638456,-0.715813,-0.0129787,0.017281,0.0697279,0.997332
114891533,-2.97798,0.664796,-0.716408,-0.0223023,0.0084996,0.0514411,0.9983911
114924257,-2.98559,0.686562,-0.718159,0.0148688,0.0539122,-0.0296019,-0.997996
114957406,-2.99555,0.711984,-0.717709,0.00151157,0.02644,-0.0650749,-0.997529
114991197,-3.00481,0.73594,-0.716215,-0.00969672,-0.0217316,0.0774126,0.996715
115024215,-3.0099,0.762084,-0.714794,0.0225298,0.0321362,-0.0517859,-0.9978871
115056577,-3.01978,0.783128,-0.710948,0.0309637,0.0267174,-0.0419026,-0.998284
115090711,-3.02891,0.803336,-0.709338,-0.0419853,-0.00754947,0.0503294,0.997821
115123564,-3.03901,0.815704,-0.705851,0.00862916,-0.00159067,0.0527194,0.998571
115158683,-3.04946,0.840853,-0.70187,-0.0370372,-0.00736268,0.0569002,0.9976661
115190824,-3.058,0.856047,-0.698346,-0.0361312,-0.00496022,0.0693845,0.996923
115223628,-3.06745,0.870967,-0.692987,-0.0325531,-0.0140539,0.0798853,0.996173
115257033,-3.08075,0.884017,-0.689644,-0.0303283,0.00527264,0.0987392,0.994637
115290951,-3.09023,0.895542,-0.683836,-0.0353233,0.00725222,0.0994186,0.9943921
115324204,-3.0977,0.906776,-0.673986,-0.027508,-0.00558082,0.0809071,0.996326
115357899,-3.10843,0.915722,-0.667321,-0.0421943,-0.0026221,0.0797461,0.995918
115391530,-3.11904,0.920917,-0.658895,-0.0301453,-0.0047123,0.102233,0.9942921
115424155,-3.12831,0.927359,-0.649717,-0.0389507,-0.00885321,0.101544,0.994029
115457528,-3.13949,0.931991,-0.639245,-0.0456517,-0.013742,0.0959517,0.994244
115490705,-3.15038,0.933824,-0.629535,-0.0435092,-0.00226485,0.0952519,0.994499
115524312,-3.15967,0.935217,-0.617932,-0.0465354,-0.00918313,0.0765888,0.9959341
115557018,-3.1715,0.934031,-0.607882,-0.0439086,0.00158238,0.0623922,0.997084
115591038,-3.18135,0.934337,-0.595826,0.0335005,0.0111845,-0.02822,-0.998978
115623345,-3.1905,0.933969,-0.583294,0.0357565,0.00768404,-0.0133221,-0.999242
115656695,-3.20006,0.933489,-0.569634,-0.0316519,0.00319439,-0.00312358,0.9994891
115690523,-3.20751,0.925073,-0.55342,0.000611727,0.03017,-0.0457251,0.998498
115723943,-3.2188,0.931076,-0.542493,0.0452496,-0.00259882,0.0421695,-0.998082
115757167,-3.22494,0.930241,-0.526622,0.0705702,0.00716187,0.0574416,-0.9958261
115790455,-3.23508,0.925867,-0.511946,0.0277875,0.016656,0.0452681,-0.998449
115824990,-3.24191,0.932452,-0.495931,0.056206,0.00873189,0.0691476,-0.995984
115857587,-3.24853,0.935104,-0.478142,0.0726322,0.00828237,0.0953633,-0.9927551
115891540,-3.25726,0.938724,-0.462695,0.0664938,0.0027088,0.0938011,-0.993364
115923726,-3.2613,0.944719,-0.444453,0.0669271,0.00906045,0.104756,-0.992202
115957563,-3.26634,0.953364,-0.42527,0.0698201,0.0244827,0.11447,-0.990668
115990297,-3.2685,0.957675,-0.40256,0.0572353,0.0185644,0.157163,-0.9857381
116023377,-3.27635,0.962615,-0.383039,-0.025708,-0.0152344,0.116714,-0.992716
116056876,-3.28097,0.987623,-0.369402,0.0566656,0.0437156,0.123803,-0.989723
116090816,-3.28483,1.00285,-0.350902,0.0590908,0.032458,0.110271,-0.9916121
116122873,-3.28609,1.01814,-0.329612,0.0639642,0.029911,0.135989,-0.988191
116156830,-3.28882,1.03778,-0.310475,0.0529532,0.0340223,0.133421,-0.989059
116190480,-3.29028,1.05633,-0.294229,0.0357546,0.0567295,0.119729,-0.990539
116224967,-3.29358,1.08285,-0.275193,0.0474534,0.0321486,0.112037,-0.992051
116257174,-3.29764,1.10827,-0.261651,0.0564168,0.029357,0.101793,-0.992771
116290152,-3.29693,1.13497,-0.245025,0.042357,0.0407612,0.0634262,-0.996254
116324709,-3.29363,1.16384,-0.225063,0.0652397,0.0248326,0.102816,-0.992248
116357902,-3.29312,1.19485,-0.20927,0.0529553,0.0338255,0.0971277,-0.9932861
116390948,-3.29227,1.2198,-0.195866,-0.00211653,0.0363276,0.0721976,-0.996726
116423388,-3.29418,1.25733,-0.187961,0.0239992,0.0618012,0.0877761,-0.993932
116457196,-3.29024,1.29523,-0.172718,0.0374905,0.0547782,0.10227,-0.99254
116490287,-3.28492,1.33463,-0.161814,0.0644828,0.0325594,0.0712893,-0.9948371
116523514,-3.2817,1.37247,-0.150763,0.0742116,0.0234809,0.0676572,-0.994668
116556726,-3.2777,1.41271,-0.142586,0.0737692,0.0267696,0.0634156,-0.994897
116590214,-3.2751,1.45065,-0.136845,0.0638379,0.0178034,0.0331986,-0.997249
116623871,-3.27084,1.49039,-0.131412,0.0570276,0.0207723,0.0218391,-0.9979181
116657621,-3.26887,1.52967,-0.129179,0.0663817,0.0194823,0.00949121,-0.997559
116690609,-3.26588,1.56812,-0.127527,0.0632447,0.0238293,-0.00276527,-0.99771
116722905,-3.26595,1.60449,-0.129471,-0.0565819,-0.00700282,0.0332578,0.997819
116757115,-3.26527,1.64153,-0.131294,-0.0608475,-0.0098028,0.04688,0.9969971
116790865,-3.26421,1.67651,-0.134601,-0.0631062,-0.0125654,0.0656349,0.995767
116823766,-3.26228,1.71025,-0.139691,0.0625922,0.022031,-0.0704204,-0.995308
116857096,-3.26186,1.74163,-0.145954,-0.0552407,-0.0146305,0.0852858,0.994716
116890279,-3.26602,1.76897,-0.157361,-0.0376747,-0.0194839,0.120511,0.9918051
116923492,-3.26765,1.79347,-0.164178,-0.039941,-0.00934297,0.144061,0.988718
116956903,-3.26862,1.81881,-0.171771,-0.0581586,0.00811562,0.131931,0.989518
116990284,-3.27049,1.83278,-0.183583,-0.0414762,0.0196361,0.178427,0.9828821
117023287,-3.27342,1.84876,-0.192411,-0.0547029,-0.0248033,0.149739,0.986899
117056385,-3.27782,1.86048,-0.203443,0.0589711,0.0592884,-0.123705,-0.988789
117090691,-3.28703,1.87124,-0.21348,-0.0607443,-0.0332583,0.134882,0.9884391
117123954,-3.28804,1.87722,-0.22129,-0.055629,-0.0315096,0.136436,0.988584
117156331,-3.29623,1.87309,-0.230188,-0.0398315,-0.0320986,0.174086,0.983401
117190535,-3.29927,1.87262,-0.233111,-0.0358455,-0.0280383,0.140241,0.989071
117223629,-3.31019,1.86222,-0.246785,-0.0384717,-0.0154531,0.136928,0.9897131
117256749,-3.31822,1.84987,-0.256263,-0.0349125,-0.0325481,0.14395,0.988433
117290289,-3.3231,1.83368,-0.26174,-0.02439,-0.0385607,0.147459,0.988015
117325136,-3.33097,1.81627,-0.265664,0.019746,0.0531471,-0.152986,-0.9866011
117356823,-3.34119,1.79306,-0.270041,-0.0244043,-0.0194564,0.159666,0.986678
117390750,-3.34856,1.7666,-0.269193,-0.0305861,-0.00671876,0.15538,0.987358
117423604,-3.35857,1.73541,-0.273913,-0.0170266,0.0023235,0.180627,0.983402
117458127,-3.36945,1.69898,-0.27577,-0.0132647,0.0047429,0.176183,0.9842571
117490517,-3.3792,1.66038,-0.275692,-0.00630654,-0.0106501,0.163193,0.986516
117523172,-3.39435,1.61302,-0.280863,-0.0211173,-0.00179812,0.171237,0.985002
117556864,-3.40858,1.56785,-0.2828,-0.029801,0.00693843,0.155253,0.987401
117591296,-3.42135,1.51709,-0.280801,-0.0255646,0.00675965,0.155758,0.9874411
117623174,-3.43409,1.46378,-0.283038,-0.0331455,-0.00795303,0.1437,0.989034
117656980,-3.44971,1.4016,-0.28482,-0.0247168,-0.0076892,0.151405,0.988133
117689875,-3.4633,1.33542,-0.284638,-0.0236443,-0.0180398,0.159166,0.986804
117723530,-3.47714,1.26707,-0.281709,-0.0276986,-0.0193441,0.195726,0.9800761
117756294,-3.48313,1.21275,-0.288727,-0.000152155,0.0517081,-0.0791718,-0.995519
117824527,-3.5191,0.999334,-0.266393,0.281459,0.0863031,0.185146,0.9375791
117856674,-3.50391,0.953338,-0.209889,0.322503,0.297999,0.277002,0.854669
117889758,-3.51606,0.893464,-0.222635,0.125245,0.086054,0.02096,0.988165
117956535,-3.57389,0.75487,-0.253965,0.0126288,0.0271982,-0.0317573,-0.9990461
117989840,-3.58293,0.687725,-0.248871,0.0388478,0.0294799,0.029437,-0.998376
118023549,-3.60155,0.585898,-0.252419,0.00791446,0.0257729,0.0351589,-0.999018
118056619,-3.61629,0.4967,-0.25114,-0.00907672,0.0672516,0.0531209,-0.996281
118089971,-3.62774,0.418465,-0.25033,0.00543924,0.0742408,0.0739201,-0.994482
118122774,-3.64088,0.345606,-0.248066,0.0522047,0.0405823,0.13438,-0.988721
118189794,-3.66118,0.205434,-0.257053,-0.0250945,0.141718,0.124853,-0.9816811
118223892,-3.65923,0.111137,-0.211132,0.0246304,0.76288,0.0107319,0.645982
118322913,-3.71695,-0.047364,-0.273625,0.0308228,0.0337101,0.21848,-0.9747721
118356786,-3.72678,-0.104487,-0.27406,0.0359362,0.0157237,0.210177,-0.976876
118390357,-3.73685,-0.167649,-0.282941,0.0349434,0.0504068,0.23648,-0.969698
118422486,-3.74841,-0.222247,-0.285555,0.0107451,0.0308308,0.232249,-0.972108
118456799,-3.75529,-0.261803,-0.291528,0.0204509,0.0441064,0.22142,-0.9739661
118490240,-3.76373,-0.298631,-0.299018,0.018465,0.0422348,0.198551,-0.979006
118523395,-3.77403,-0.333261,-0.305272,0.0203239,0.0285245,0.198643,-0.979446
118556741,-3.77915,-0.361582,-0.309724,0.0308712,0.0431207,0.197346,-0.978899
118589422,-3.78264,-0.387847,-0.315111,0.0518758,0.056921,0.160257,-0.9840661
118623625,-3.78983,-0.40779,-0.313375,0.0161833,0.0636543,0.202858,-0.977003
118656701,-3.79125,-0.425117,-0.315044,0.0260788,0.078094,0.202339,-0.975848
118690701,-3.79689,-0.438186,-0.316675,0.0130196,0.0695167,0.207654,-0.9756421
118722917,-3.80328,-0.443669,-0.31752,0.000246833,0.0462651,0.232093,-0.971593
118756663,-3.806,-0.446077,-0.318412,0.00580376,0.0417818,0.223301,-0.973836
118790228,-3.80872,-0.445117,-0.319078,0.00482435,0.0392983,0.206448,-0.977656
118822540,-3.80779,-0.444723,-0.320983,0.0106387,0.037304,0.156047,-0.9869881
118856711,-3.81204,-0.437317,-0.321191,-0.00563975,0.0201817,0.14284,-0.989524
118890619,-3.81366,-0.42626,-0.321022,0.00110753,0.0128071,0.130223,-0.991401
118923344,-3.81201,-0.413184,-0.322293,0.0096181,0.027109,0.0983538,-0.9947361
118956732,-3.81171,-0.396348,-0.323487,0.00382419,0.036288,0.0797373,-0.996148
118990398,-3.81266,-0.375671,-0.325604,-0.000843639,0.0366453,0.0710446,-0.996799
119022810,-3.81132,-0.356119,-0.327194,0.0108091,0.0562777,0.0669374,-0.99611
119055912,-3.8096,-0.33479,-0.327259,0.00876788,0.0542562,0.0670847,-0.9962321
119090220,-3.80915,-0.311399,-0.329666,0.0121928,0.0643999,0.0530479,-0.996439
119122420,-3.80408,-0.286444,-0.333799,0.0253174,0.088245,0.0301507,-0.99532
119156635,-3.79586,-0.261279,-0.335275,0.0360159,0.129333,0.0160438,-0.9908171
119190682,-3.78914,-0.235149,-0.339673,0.03234,0.138847,-0.00316626,-0.989781
119223430,-3.78228,-0.210919,-0.339159,0.0263184,0.135612,0.00657502,-0.990391
119256192,-3.77648,-0.191883,-0.340407,0.02773,0.107961,0.0356156,-0.99313
119289988,-3.76139,-0.164899,-0.343782,0.011599,0.119588,0.0286221,-0.9923431
119322982,-3.74638,-0.136777,-0.35042,0.0327523,0.147403,0.0161316,-0.988402
119357608,-3.73115,-0.112746,-0.353972,0.0279666,0.143501,0.00772442,-0.989225
119390196,-3.70132,-0.0964548,-0.356505,-0.0246596,0.133913,-0.0255934,-0.9903561
119423250,-3.68835,-0.0736684,-0.361709,0.00599187,0.148665,-0.0216736,-0.988632
119456289,-3.66101,-0.048132,-0.367754,0.000112348,0.106471,-0.0412269,-0.993461
119490434,-3.6359,-0.0225489,-0.370454,0.0365958,0.142167,0.00254857,-0.9891631
119522215,-3.60627,-0.00207788,-0.372558,0.0403193,0.181341,-0.0206625,-0.982376
119556037,-3.5724,0.0146178,-0.375628,0.0772955,0.170726,-0.0617481,-0.980339
119589644,-3.5357,0.0349001,-0.384589,0.0466454,0.162126,-0.0261593,-0.98532
119623031,-3.49454,0.047959,-0.387358,0.0498338,0.196783,-0.0772891,-0.9761251
119656438,-3.44716,0.0482841,-0.397857,0.0767636,0.20519,-0.0368372,-0.975011
119690070,-3.41555,0.0813601,-0.392253,0.0406261,0.136718,-0.00645119,-0.989756
119722750,-3.36255,0.0954886,-0.397785,0.0555599,0.173332,-0.0251058,-0.982974
119756172,-3.30872,0.106675,-0.400802,0.0449226,0.187769,-0.0464967,-0.9800831
119789115,-3.25538,0.116682,-0.401586,0.0423595,0.192324,-0.0235009,-0.980135
119822419,-3.20065,0.130514,-0.403929,0.0489274,0.157787,-0.0236558,-0.985977
119856382,-3.13971,0.137064,-0.407707,0.0390975,0.162919,-0.0321414,-0.985341
119889140,-3.07789,0.141708,-0.410126,0.0380649,0.168259,-0.0343467,-0.984409
119922506,-3.01279,0.147908,-0.411335,0.0394193,0.186261,-0.0137247,-0.981613
119955589,-2.94281,0.153157,-0.409424,0.0452934,0.166129,-0.0159563,-0.984934
119989146,-2.87202,0.156609,-0.411776,0.0500947,0.156746,-0.0397938,-0.9855651
120022872,-2.79942,0.154903,-0.414106,0.0474019,0.163392,-0.0386876,-0.984662
120055939,-2.71688,0.156334,-0.411714,0.0574652,0.161333,-0.0459401,-0.984154
120091001,-2.63901,0.155272,-0.410911,0.0587093,0.162426,-0.0460428,-0.9838961
120122654,-2.55187,0.146595,-0.407704,-0.051831,0.129832,-0.0385195,-0.989431
120156210,-2.4717,0.153112,-0.411876,0.0122642,0.122965,-0.0321422,-0.991814
120189445,-2.29323,0.167922,-0.376384,-0.201358,0.181318,-0.417441,0.867365
120222412,-2.21514,0.102426,-0.350913,0.0428343,0.111018,0.10688,-0.9871261
120389578,-1.75108,0.0501674,-0.382524,-0.176873,0.723557,0.218541,-0.6304131
120456985,-1.6285,0.0888423,-0.397888,-0.0411176,0.102855,0.0456781,-0.992796
120488801,-1.55118,0.0639265,-0.406941,0.0473776,0.00440533,0.0127545,-0.998786
120524133,-1.42492,0.0537021,-0.414652,-0.0290009,0.0220734,-0.0277474,0.998951
120555903,-1.32526,0.0419932,-0.422253,-0.027914,0.0531473,-0.0256161,0.997868
120589721,-1.23317,0.0307086,-0.42498,-0.0103692,0.0609255,-0.0293865,0.997656
120622129,-1.13806,0.017496,-0.433659,-0.0545288,0.0763627,-0.0339887,0.995008
120657191,-1.04839,0.00348663,-0.438722,-0.0549917,0.0652469,-0.020222,0.9961481
120689606,-0.96046,-0.00545831,-0.450486,-0.0411041,0.106823,-0.0373904,0.992724
120722542,-0.878621,-0.0197225,-0.460535,-0.0349472,0.117385,-0.00507655,0.992458
120756288,-0.80578,-0.0307722,-0.471509,-0.0207549,0.142286,0.0095836,0.989562
120788787,-0.731516,-0.0436194,-0.484751,-0.0230699,0.154523,0.000420247,0.987721
120823170,-0.665881,-0.0510767,-0.496234,-0.0235835,0.162483,-0.00591984,0.986412
120855980,-0.606364,-0.0587831,-0.508771,-0.0115245,0.19977,-0.0159219,0.979646
120888837,-0.548779,-0.0681531,-0.52254,-0.0196913,0.197353,-0.0191085,0.9799491
120922957,-0.494821,-0.0772942,-0.534439,-0.0101902,0.194672,-0.0189178,0.980633
120956468,-0.450486,-0.0838002,-0.545115,-0.0182587,0.201647,-0.0164252,0.97915
120990555,-0.408722,-0.0920383,-0.557603,-0.0292943,0.187203,-0.0220676,0.9816361
121022549,-0.370972,-0.0974026,-0.571484,-0.0294219,0.155496,-0.0269701,0.98703
121056085,-0.337012,-0.103487,-0.583146,-0.0396694,0.109422,-0.0380532,0.992474
121090228,-0.30668,-0.107694,-0.596048,-0.03891,0.0988448,-0.0599432,0.992533
121122322,-0.282454,-0.111532,-0.608456,-0.0335417,0.0924662,-0.0566473,0.9935371
121156153,-0.261137,-0.117218,-0.617239,-0.0518856,0.0588019,-0.0386285,0.996172
121189624,-0.24089,-0.116635,-0.63101,-0.0498611,0.0681314,-0.063034,0.994434
121222717,-0.22326,-0.11349,-0.643974,-0.031203,0.107025,-0.121821,0.9862721
121255644,-0.210193,-0.109292,-0.654767,-0.0390156,0.0966629,-0.127774,0.98631
121289692,-0.196691,-0.104181,-0.667297,-0.0244958,0.088591,-0.131904,0.986992
121323540,-0.186392,-0.0986182,-0.680828,-0.0286902,0.0459763,-0.0915283,0.9943271
121355912,-0.175687,-0.0881234,-0.693527,-0.0180775,0.0783325,-0.118728,0.989667
121388956,-0.166587,-0.075252,-0.707935,-0.0147416,0.0568457,-0.113982,0.991746
121422136,-0.155744,-0.0609078,-0.720104,-0.0119868,0.0391308,-0.114357,0.992596
121456206,-0.147248,-0.0446788,-0.732633,-0.0112529,0.0283046,-0.0903824,0.9954411
121489681,-0.141476,-0.0315484,-0.742334,-0.0041874,-0.0284315,0.11629,-0.992799
121522850,-0.132373,-0.0115834,-0.754288,0.00689336,-0.00145183,0.122152,-0.992486
121609472,-0.124229,0.010738,-0.767283,0.00906822,0.0149809,0.117784,-0.9928851
121609899,-0.116879,0.0355706,-0.779351,0.0170506,0.0264188,0.109992,-0.993435
121623100,-0.107543,0.0628331,-0.791533,0.0160191,0.0369287,0.102508,-0.993917
121655861,-0.0978815,0.0943006,-0.804208,0.0186255,0.0435617,0.109904,-0.992812
121689198,-0.0870377,0.129629,-0.816281,0.0131319,0.0522246,0.114394,-0.991975
121723498,-0.0759775,0.166985,-0.827792,0.00763801,0.0674358,0.118046,-0.9906861
121756092,-0.063905,0.201254,-0.840409,0.0216544,0.0681809,0.0960847,-0.992799
121789297,-0.0519211,0.240587,-0.851475,0.0208084,0.0639706,0.0750849,-0.994906
121855502,-0.0644802,0.232907,-0.841938,-0.559675,-0.00784691,0.543386,-0.6256471
121889645,-0.00379248,0.35932,-0.885857,0.0273522,0.0990398,0.00180753,-0.994706
121923532,0.00118481,0.386084,-0.892151,0.0124551,0.0507019,-0.00815781,-0.998603
121956475,0.0166609,0.433073,-0.906134,0.0160469,0.0569304,-0.0334515,-0.9976891
121989977,0.0393268,0.459874,-0.919368,-0.0290951,0.0523965,-0.0892984,0.9942
122021867,0.0510569,0.504789,-0.925384,0.0145906,0.0738982,0.0205761,0.996947
122055745,0.0694452,0.536925,-0.933674,0.0157618,0.0449411,0.0965602,0.994187
122088769,0.0856239,0.587461,-0.948781,-0.0228005,0.0186458,0.0342094,0.9989811
122122019,0.101238,0.627429,-0.957729,0.0423835,-0.00446005,0.103559,0.99371
122155910,0.118817,0.66034,-0.961178,0.014468,0.0360293,-0.0444296,-0.998258
122189616,0.135687,0.70006,-0.971965,-0.0321584,0.0091191,0.0575156,0.9977851
122223382,0.151234,0.735222,-0.976768,-0.0154642,0.0357797,0.100947,0.994128
122255797,0.176182,0.754762,-0.984773,-0.0159364,0.0441955,0.0431647,0.997963
122289708,0.190165,0.787203,-0.986484,-0.0264181,0.00378239,0.0215098,0.9994121
122322354,0.204788,0.813986,-0.984941,0.0239091,-0.00635298,0.0540738,0.99823
122355307,0.252684,0.839796,-0.981578,0.132413,0.0981156,0.228352,0.959529
122389058,0.232859,0.860386,-0.992847,0.0328817,0.0349955,0.148274,0.98778
122422710,0.251929,0.895078,-0.991883,-0.018912,-0.0194779,0.102029,0.9944111
122455522,0.26891,0.914727,-0.993213,-0.0194437,-0.0226209,0.0940284,0.995123
122488703,0.286968,0.927562,-0.993117,-0.00557067,-0.000598559,0.0986902,0.995102
122521984,0.30026,0.946044,-0.992372,-0.0226712,-0.00821015,0.0935462,0.995323
122555564,0.315897,0.957593,-0.991055,-0.0303451,-0.00561514,0.0883622,0.995611
122589162,0.330563,0.968248,-0.988786,-0.0236452,-0.00996903,0.0848381,0.996064
122622520,0.345667,0.979858,-0.985285,-0.0253538,-0.01553,0.0758367,0.996677
122655736,0.360223,0.985266,-0.981526,0.0360652,0.0264866,-0.0707462,-0.996491
122689926,0.375331,0.987282,-0.977523,0.0328877,0.0285768,-0.0660719,-0.996863
122723033,0.389021,0.991594,-0.973016,-0.0160222,-0.0161229,0.0595809,0.997965
122755419,0.40182,0.995281,-0.969297,-0.0340769,0.000875167,0.0651119,0.997296
122788922,0.417529,0.987442,-0.965084,-0.0203207,0.00169717,0.0540429,0.998331
122823041,0.430546,0.99084,-0.959428,-0.0116001,-0.0123597,0.0540523,0.998394
122855341,0.443498,0.985795,-0.954264,0.0192848,0.0163828,-0.0348108,-0.999074
122888241,0.456722,0.980508,-0.949092,-0.00372974,0.0120759,0.0322015,0.999402
122922975,0.469231,0.975108,-0.946607,0.015549,0.0416475,0.02181,0.9987731
122955703,0.480526,0.968836,-0.943647,0.0204017,0.0230249,0.0454075,0.998495
122989011,0.493959,0.962004,-0.938663,-0.0590124,0.0390818,0.00445001,0.997482
123022756,0.505,0.957364,-0.937721,-0.0525475,0.0515562,0.0278558,0.996898
123055162,0.51725,0.946202,-0.93663,-0.0471411,0.0523387,0.0427409,0.99661
123088992,0.529716,0.93419,-0.935648,-0.064217,0.0282024,0.0286258,0.997127
123122805,0.542123,0.918242,-0.933131,-0.0589797,0.0467218,0.0709999,0.994634
123155167,0.554519,0.905925,-0.93474,-0.110989,0.0672429,0.0628914,0.9895481
123189602,0.564477,0.897628,-0.934188,-0.0646961,0.0392429,0.0999906,0.992107
123222928,0.57593,0.883209,-0.933932,-0.0551852,0.0314369,0.104428,0.992502
123254939,0.587311,0.866129,-0.932718,-0.0550282,0.0411679,0.0822027,0.994243
123289325,0.596866,0.847531,-0.934046,-0.0662689,0.0506751,0.103875,0.9910851
123322337,0.609208,0.824947,-0.932257,-0.0882914,0.0119458,0.0902815,0.991923
123355485,0.619032,0.806624,-0.932112,-0.0650938,-0.0220446,0.0817654,0.994279
123388885,0.628581,0.777706,-0.935416,-0.0741465,0.0348896,0.120108,0.989373
123422370,0.637833,0.751418,-0.933869,-0.0822772,0.0371729,0.133564,0.9869191
123455923,0.647289,0.719049,-0.933241,-0.0827042,0.024599,0.150566,0.984827
123488606,0.655934,0.686636,-0.933487,-0.0606776,0.0000843675,0.145378,0.987514
123523067,0.663281,0.649666,-0.933204,-0.0595673,0.0209377,0.177091,0.9821671
123555118,0.670388,0.605536,-0.93184,-0.0723768,0.00681007,0.195502,0.978005
123588510,0.676774,0.557554,-0.928804,-0.093331,0.0107673,0.193154,0.97666
123621964,0.68117,0.516118,-0.927387,-0.0867129,0.00407193,0.215328,0.972676
123655372,0.6804,0.455948,-0.927698,-0.0969208,0.00941479,0.205029,0.97391
123889589,0.704894,0.00859973,-0.88319,0.0931404,0.0522828,0.0324461,-0.993751
124055267,0.728839,-0.3231,-0.861646,0.105934,0.0771905,0.146436,-0.9804981
124123209,0.731569,-0.430695,-0.85637,0.0799449,0.0469011,0.179948,-0.9793
124154583,0.738375,-0.466616,-0.859944,0.067543,0.0566984,0.182489,-0.979245
124288494,0.767166,-0.650062,-0.838623,0.0663,0.0349887,0.223967,-0.9717091
124322091,0.771623,-0.669088,-0.837696,0.045693,0.0168208,0.224664,-0.973219
124355077,0.785932,-0.70406,-0.830709,0.0513074,0.0484358,0.197553,-0.97775
124390813,0.792675,-0.715433,-0.829713,0.0481146,0.00743148,0.211136,-0.9762431
124422298,0.805646,-0.730931,-0.824379,0.0475093,0.010602,0.214617,-0.975484
124621843,0.898872,-0.720999,-0.774479,0.142521,0.156521,-0.31533,0.9250711
125288066,1.1243,0.259581,-0.485709,-0.0612802,0.122723,0.0337758,0.9899711
125421370,1.02954,0.476656,-0.431927,0.118518,0.0658213,-0.0731271,-0.9880661
125454488,0.99965,0.538997,-0.434449,0.0501781,0.304513,-0.42598,0.850467
125488730,0.977671,0.56331,-0.410165,-0.052521,0.0749655,0.0277575,0.995415
125554978,0.906438,0.655123,-0.395466,-0.0128222,0.0604307,0.027042,0.9977241
125588416,0.902325,0.689207,-0.373829,0.0920831,0.157936,0.282914,0.941561
125654996,0.796069,0.778717,-0.366902,-0.0107371,0.139086,-0.184792,-0.9728271
125689582,0.77256,0.799614,-0.365132,0.0948155,0.016944,0.238828,0.966273
125721997,0.72201,0.833388,-0.360951,0.0614519,0.00216441,0.221128,0.973304
125756165,0.679393,0.857971,-0.358897,0.0217456,-0.0102522,0.197804,0.9799471
125789102,0.643105,0.880627,-0.353749,0.0244683,-0.0271331,0.18178,0.98266
125823396,0.608425,0.901619,-0.34561,-0.0062397,0.0665217,-0.186875,-0.980109
125854542,0.570303,0.917703,-0.341143,0.012217,-0.0474758,0.16835,0.984508
125888409,0.531815,0.930856,-0.338831,-0.00472285,-0.0319123,0.152407,0.9877911
125921667,0.496329,0.939339,-0.336557,0.0042258,0.0459836,-0.137896,-0.98937
125955046,0.461985,0.950215,-0.332288,0.0026755,0.0512623,-0.112185,-0.992361
125988234,0.426045,0.955917,-0.331092,0.00061909,0.0481612,-0.0990433,-0.993917
126022443,0.391571,0.959193,-0.324937,-0.00278066,0.0302801,-0.0693393,-0.997131
126055589,0.369009,0.947172,-0.319817,-0.0774501,0.118416,-0.211058,-0.967178
126088599,0.326541,0.951337,-0.324562,0.00643781,-0.0231012,0.116735,0.992874
126121943,0.290007,0.947658,-0.322685,-0.0178754,0.0570036,-0.0741836,-0.995454
126156164,0.259704,0.938913,-0.321493,-0.0218888,0.0734923,-0.0721659,-0.994441
126187517,0.226647,0.927368,-0.325478,-0.00599074,0.0466045,-0.0521746,-0.997532
126221829,0.197192,0.909878,-0.325919,0.0355499,0.0017132,0.0967031,0.994677
126254559,0.165133,0.90795,-0.324267,0.00808704,0.0190001,0.0731498,0.997107
126288357,0.129768,0.898892,-0.326,-0.0107642,0.0306024,-0.0243514,-0.9991771
126322138,0.103222,0.887916,-0.32757,-0.010848,0.0314918,0.00678793,-0.999422
126354946,0.0724802,0.880488,-0.33159,-0.0159172,0.0428123,-0.0191728,-0.998772
126388173,0.043717,0.868841,-0.333838,-0.00228651,0.0299167,-0.0304854,-0.999085
126422191,0.0141367,0.858118,-0.339674,-0.00000163169,0.00910175,-0.0120765,-0.9998861
126455336,-0.0133188,0.849928,-0.342975,-0.0124917,0.0180873,-0.000266018,-0.999758
126488425,-0.0367516,0.838385,-0.345025,-0.00637215,0.0259382,0.0357735,-0.999003
126522428,-0.0587421,0.824094,-0.348689,-0.0237362,0.0622679,0.0981394,-0.9929391
126554760,-0.0903367,0.826495,-0.353627,0.0144301,0.0270436,0.0876781,-0.995677
126588352,-0.115173,0.812018,-0.358221,-0.00533013,0.00797735,0.0819338,-0.996592
126622139,-0.142131,0.810527,-0.367478,-0.00341922,0.0312807,0.0845663,-0.995921
126654970,-0.164382,0.807526,-0.370261,0.0104854,0.0244484,0.108483,-0.9937421
126688544,-0.193914,0.803126,-0.381117,-0.00166598,0.0217409,0.0817967,-0.99641
126721273,-0.218526,0.800126,-0.387928,-0.00461086,0.0173723,0.0610988,-0.99797
126754449,-0.239727,0.800413,-0.392364,-0.00151567,0.0260248,0.0710884,-0.997129
126788490,-0.265674,0.799422,-0.398969,-0.00662607,0.0084711,0.0573744,-0.9982951
126822088,-0.290095,0.800076,-0.404316,-0.00740104,0.00484713,0.0484625,-0.998786
126854247,-0.314633,0.801446,-0.409584,-0.0149743,0.003499,0.0355534,-0.999249
126888245,-0.338661,0.804737,-0.411428,-0.0172933,0.00782599,0.0521686,-0.998458
126921996,-0.361056,0.809163,-0.413499,-0.00765604,0.0229261,0.0705389,-0.9972161
126955080,-0.385646,0.810842,-0.416412,0.00471693,0.0278631,0.0637016,-0.997569
126988493,-0.404793,0.812391,-0.418611,-0.0280195,0.0063954,0.0364324,-0.998923
127022470,-0.430545,0.818324,-0.419577,-0.0281413,0.0016006,0.0383637,-0.9988661
127054829,-0.451956,0.818267,-0.421312,-0.0176436,-0.0158234,0.0629401,-0.997736
127088263,-0.472043,0.821885,-0.42323,0.00133591,0.0234976,-0.0734372,0.997022
127121535,-0.497895,0.833084,-0.423763,-0.018789,-0.000878166,0.0639094,-0.997778
127154878,-0.519473,0.840797,-0.423364,-0.0254564,0.000831701,0.0740388,-0.996931
127189372,-0.539332,0.850205,-0.421391,-0.0158759,0.00956145,0.0990688,-0.994908
127221483,-0.558791,0.859497,-0.419489,-0.0266131,0.0106998,0.0896445,-0.995561
127253816,-0.57933,0.871891,-0.41795,-0.0325597,0.000442871,0.0930734,-0.995127
127288007,-0.59669,0.886411,-0.41454,-0.029092,-0.00459141,0.104497,-0.9940891
127321606,-0.60161,0.886966,-0.407682,-0.04272,0.0154813,0.212703,-0.97606
127355164,-0.628054,0.922055,-0.400915,-0.00222713,0.0471134,0.151976,-0.987258
127389240,-0.643498,0.94072,-0.396437,-0.0218404,0.0381475,0.109284,-0.9930381
127421707,-0.659616,0.964805,-0.386206,-0.0307383,0.053693,0.136236,-0.988743
127454206,-0.671177,0.982677,-0.376698,-0.0993479,0.034357,0.110613,-0.988289
127488274,-0.682966,1.00725,-0.365883,-0.0506604,0.0453127,0.133858,-0.988667
127520931,-0.695946,1.04186,-0.353562,-0.0323242,0.0434498,0.155618,-0.9863321
127554715,-0.711749,1.08258,-0.344748,-0.00795814,0.0250907,0.134538,-0.990559
127587593,-0.720344,1.11717,-0.334748,-0.0286821,0.0417585,0.148141,-0.987668
127621229,-0.725064,1.14703,-0.319147,-0.0425942,0.0503729,0.122256,-0.9903041
127655428,-0.743296,1.19064,-0.300614,-0.0328932,-0.0117602,0.099989,-0.994375
127687384,-0.752144,1.23414,-0.287239,0.0267652,0.02967,-0.0558066,0.997642
127721378,-0.76223,1.27349,-0.276835,0.0108339,0.0639977,0.0179053,0.9977311
127754657,-0.768218,1.31987,-0.261474,-0.0174889,0.0783929,0.0415057,0.995905
127787834,-0.776871,1.37298,-0.233989,-0.020246,0.123249,-0.0508536,0.990865
127822140,-0.779418,1.41332,-0.239051,-0.0524269,0.0486624,0.0299434,-0.9969891
127854927,-0.788191,1.46308,-0.231227,-0.0669767,0.0673717,0.0201581,-0.995273
127887908,-0.791348,1.51092,-0.219253,-0.0654713,0.0721067,0.00627905,-0.995226
127921196,-0.801474,1.55612,-0.211936,-0.0586574,0.0669487,0.018787,-0.995853
127955803,-0.806476,1.60764,-0.203932,-0.0322053,0.0352479,-0.00241032,-0.9988571
127988201,-0.811395,1.65515,-0.196903,-0.046576,0.0380715,-0.00998799,-0.998139
128022077,-0.817196,1.70232,-0.194017,-0.0382402,0.0663848,0.000768907,-0.997061
128055746,-0.822129,1.74867,-0.191123,-0.0255861,0.0604747,-0.00825708,-0.997808
128088077,-0.828031,1.78862,-0.191301,-0.0202575,0.0475286,-0.0323904,-0.9981391
128121493,-0.832428,1.83572,-0.190602,-0.00506515,0.0330837,-0.0588324,-0.997707
128154644,-0.834998,1.86395,-0.195396,0.0488579,-0.0288983,0.143096,0.98808
128187594,-0.833417,1.8989,-0.198569,-0.100787,0.0883667,-0.147948,-0.97987
128220651,-0.846096,1.92949,-0.204737,-0.0947786,0.0970669,-0.162219,-0.9773841
128255539,-0.857741,1.97782,-0.203688,0.0099729,0.0135088,0.122511,0.992325
128288263,-0.857791,1.99633,-0.21104,0.00889964,-0.0155813,0.174048,0.984574
128321958,-0.862696,2.02504,-0.215809,0.0179763,-0.0203988,0.174679,0.984251
128354827,-0.86723,2.04548,-0.219992,0.0767626,0.00431978,0.17886,0.980866
128386997,-0.868205,2.06282,-0.229036,-0.0080671,0.0264423,0.249727,0.967922
128421252,-0.874263,2.07037,-0.236515,0.000462022,0.0537256,0.275244,0.959872
128454537,-0.878744,2.07954,-0.2419,0.0174768,0.0152873,0.233244,0.9721411
128488966,-0.88271,2.08312,-0.249337,-0.0316053,0.0199309,0.248233,0.967979
128520630,-0.886662,2.07739,-0.251529,-0.0297891,-0.00325867,0.243058,0.969549
128555582,-0.891725,2.07104,-0.255985,-0.0319982,-0.0147542,0.239297,0.9703071
128587658,-0.89616,2.05833,-0.259131,-0.0126191,-0.00382242,0.223775,0.974552
128620826,-0.901018,2.03804,-0.259652,-0.0141147,0.00838554,0.250269,0.968037
128654206,-0.908937,2.01367,-0.258767,-0.0217263,0.0169479,0.268206,0.962967
128687168,-0.914214,1.98619,-0.261175,-0.0233212,-0.00488154,0.265376,0.9638511
128721317,-0.921761,1.9498,-0.259507,-0.0287193,-0.018647,0.255109,0.966306
128754644,-0.92653,1.91024,-0.255852,-0.0204173,-0.0304307,0.25028,0.96748
128788510,-0.930766,1.86372,-0.247104,0.0017062,0.000768624,0.288812,0.9573841
128821555,-0.937452,1.79995,-0.252575,-0.00527704,0.0140037,0.229859,0.973109
128855281,-0.94324,1.75116,-0.238332,-0.00874887,-0.00176514,0.290499,0.956834
128887776,-0.957093,1.69941,-0.228893,-0.0409296,0.0348318,0.279949,0.958509
128920282,-0.964278,1.63751,-0.214204,-0.0438621,0.00200743,0.239512,0.96991
128953748,-0.97515,1.56356,-0.20335,-0.030014,0.00966843,0.252073,0.967194
128988783,-0.984311,1.48463,-0.190742,-0.0424598,0.0053013,0.265418,0.963184
129020683,-0.99164,1.39789,-0.175989,-0.0124168,-0.0243383,0.262405,0.9645711
129054485,-1.00172,1.311,-0.162162,0.0257796,-0.038447,0.20774,0.977088
129088004,-1.00276,1.21742,-0.160611,-0.0315816,0.112479,0.0611625,0.991267
129121458,-1.03402,1.16165,-0.136885,-0.0501043,0.0562174,0.0611673,0.9952831
129153687,-1.0505,1.05125,-0.12762,-0.0644906,0.027942,0.0305246,0.99706
129254213,-1.07467,0.794722,-0.100916,0.0379348,-0.0307277,0.10554,-0.9932161
129287540,-1.09311,0.679079,-0.101796,0.027553,-0.00785321,0.0772591,-0.996599
129320760,-1.10872,0.586598,-0.115473,0.0386756,0.0157889,0.029405,-0.998694
129354536,-1.12427,0.503652,-0.12248,0.0510869,0.0302094,0.0727596,-0.9955821
129387495,-1.1422,0.424021,-0.130106,0.0590956,0.0352622,0.124894,-0.989781
129421388,-1.15188,0.347103,-0.138548,0.0762378,0.00964005,0.206161,-0.975496
129453966,-1.17046,0.273024,-0.154826,0.0669357,-0.00269907,0.225886,-0.971848
129487803,-1.18826,0.202979,-0.17356,0.0714792,0.0106801,0.195349,-0.9780671
129520942,-1.20865,0.136653,-0.194231,0.0658629,0.0316261,0.178624,-0.981201
129555440,-1.22391,0.0720184,-0.207986,0.0958479,0.0338776,0.161846,-0.981566
129587681,-1.23852,0.0153784,-0.227055,0.0709411,0.00688093,0.148273,-0.986375
129621754,-1.25596,-0.0393953,-0.245606,0.0617698,-0.00555585,0.135449,-0.9888411
129653479,-1.27189,-0.0916741,-0.263203,0.0717815,0.0119219,0.135242,-0.988137
129687886,-1.2848,-0.140134,-0.279247,0.0650894,0.012362,0.143735,-0.987396
129753572,-1.30772,-0.206787,-0.312476,0.0798042,-0.0061356,0.205421,-0.9753951
129787988,-1.32816,-0.258696,-0.336543,0.0682341,-0.00709,0.152596,-0.985905
129821406,-1.34442,-0.296856,-0.356163,0.0578718,-0.0130025,0.122593,-0.990683
129853714,-1.35857,-0.329876,-0.37288,0.0521014,-0.00840771,0.122378,-0.991081
129886939,-1.37152,-0.35896,-0.391353,0.055976,-0.00133406,0.124118,-0.990687
129920180,-1.38484,-0.384673,-0.408484,0.0557803,0.00342794,0.137845,-0.988876
129954601,-1.39763,-0.406428,-0.425685,0.058286,0.00674352,0.147391,-0.9873361
129987593,-1.40958,-0.424954,-0.4432,0.0572244,0.00456422,0.159254,-0.985567
130021674,-1.42158,-0.441256,-0.460209,0.0593942,0.0145438,0.15495,-0.986028
130054049,-1.43288,-0.453447,-0.477252,0.0562612,0.0146059,0.154432,-0.986292
130087796,-1.44344,-0.462668,-0.494227,0.0573883,0.00773123,0.153915,-0.9863861
130121308,-1.45313,-0.468547,-0.509916,0.0594553,0.0117544,0.15841,-0.985512
130153519,-1.46249,-0.471676,-0.525253,0.0614793,0.0181592,0.161473,-0.984793
130186749,-1.47237,-0.470637,-0.540771,0.0576235,0.0147532,0.155912,-0.985978
130220483,-1.48217,-0.467304,-0.556023,0.0541584,0.00827586,0.149248,-0.9872811
130254374,-1.49139,-0.461083,-0.57055,0.0528851,0.00421781,0.1384,-0.988954
130287598,-1.50015,-0.452448,-0.584933,0.0529286,0.000985773,0.13174,-0.98987
130321630,-1.50756,-0.440676,-0.599552,0.0566001,0.00711023,0.119631,-0.9911781
130353651,-1.5148,-0.426136,-0.613843,0.0581887,0.00858982,0.110602,-0.992123
130387150,-1.52021,-0.41072,-0.625764,0.0486444,0.00817144,0.083009,-0.995327
130420790,-1.5274,-0.392911,-0.640133,0.0425201,-0.000617886,0.074216,-0.996335
130454376,-1.53482,-0.373547,-0.652616,0.0358657,-0.00382407,0.0673433,-0.9970781
130488524,-1.54076,-0.352247,-0.667146,0.035994,-0.00996741,0.0594058,-0.997535
130520941,-1.54648,-0.331916,-0.680142,0.0416741,0.000260575,0.0479779,-0.997979
130553518,-1.55288,-0.308555,-0.695291,0.0247511,0.00408696,0.0347096,-0.999083
130586598,-1.55642,-0.285372,-0.708214,0.0317155,-0.00020201,0.0250769,-0.9991821
130620655,-1.56314,-0.266925,-0.720958,0.0142204,0.0185029,-0.00424222,-0.999719
130654190,-1.56366,-0.253084,-0.73308,0.0152362,0.0304793,-0.030197,-0.998963
130687425,-1.57064,-0.229095,-0.746611,-0.0239154,0.0122594,-0.0246876,-0.9993341
130720978,-1.57701,-0.203802,-0.761114,0.0168062,0.000253305,0.0237322,0.999577
130754099,-1.58296,-0.178264,-0.779991,-0.0210987,0.0188124,0.0288915,0.999183
130787408,-1.58461,-0.160362,-0.790445,0.00034869,0.0384141,0.0192407,0.999077
130819935,-1.58595,-0.143713,-0.798028,0.0904764,0.0518558,0.0435634,0.9935931
130853905,-1.59091,-0.116211,-0.812806,0.0525668,0.0436251,0.0283564,0.997261
130887457,-1.59674,-0.0867049,-0.829995,-0.042238,0.00643162,0.0290823,0.998664
130921999,-1.60074,-0.0673128,-0.839914,-0.0411199,-0.00567204,0.0419248,0.9982581
130953400,-1.6027,-0.0458174,-0.848963,-0.046122,-0.00219547,0.0429485,0.99801
130987206,-1.60722,-0.0290375,-0.859124,-0.0463211,0.0116637,0.0400885,0.998054
131020127,-1.61101,-0.0126776,-0.868904,-0.0554545,0.0218947,0.0451045,0.997202
131053221,-1.61482,0.00294617,-0.875624,-0.0608025,0.021759,0.038514,0.9971691
131087331,-1.61659,0.018577,-0.882346,-0.068981,0.0207604,0.0488454,0.996205
131120964,-1.61931,0.0303909,-0.886902,-0.0666964,0.0117322,0.0540639,0.996238
131154224,-1.62359,0.0437285,-0.891614,-0.0806511,0.0131005,0.0605275,0.9948171
131187516,-1.63162,0.0577026,-0.892887,-0.0505297,0.0176017,0.0418444,0.99769
131220558,-1.63465,0.0672033,-0.895995,-0.0491876,0.016816,0.0562534,0.997062
131253626,-1.63608,0.0701641,-0.896937,-0.0497115,0.0297508,0.0446733,0.99732
131287656,-1.64066,0.0770992,-0.898593,-0.0571912,0.0245768,0.0643028,0.9959871
131321062,-1.64445,0.082615,-0.900702,-0.069417,0.0293088,0.0983689,0.992293
131353980,-1.64893,0.0842139,-0.9002,-0.0673678,0.0299403,0.108399,0.99137
131387311,-1.65372,0.0841375,-0.898228,-0.0630475,0.0295132,0.116289,0.990773
131421036,-1.65932,0.0800701,-0.895032,-0.0722553,0.029141,0.128331,0.9886661
131454505,-1.66376,0.0759365,-0.890626,-0.0667123,0.0252672,0.126141,0.989444
131486867,-1.66889,0.0689166,-0.884462,-0.0669231,0.0170873,0.123862,0.989893
131520806,-1.67394,0.0600466,-0.879367,-0.0744765,0.0221165,0.116371,0.990163
131553294,-1.67855,0.0506634,-0.872068,-0.0708916,0.0113616,0.0932334,0.9930521
131587078,-1.68365,0.0398896,-0.865086,-0.0708754,0.0140197,0.0625511,0.995423
131620863,-1.68911,0.0271332,-0.857191,-0.0756285,0.0144942,0.0369006,0.996348
131653872,-1.69487,0.0139446,-0.847089,-0.0701193,0.000999967,0.00545644,0.9975231
131686668,-1.69864,-0.000505066,-0.838739,-0.0662838,0.0107242,-0.0092209,0.997701
131721052,-1.70414,-0.015218,-0.829995,-0.0563384,0.012661,-0.0244361,0.998032
131754074,-1.70859,-0.0301162,-0.82184,0.0627695,-0.00646504,0.0405271,-0.9971841
131787955,-1.71312,-0.0449467,-0.814178,0.0712751,-0.00631301,0.0491611,-0.996224
131820758,-1.71662,-0.0592729,-0.805608,0.0632133,0.0150689,0.0518061,-0.996541
131854445,-1.72115,-0.0752343,-0.79695,0.0358638,0.007898,0.0474597,-0.9981981
131887365,-1.72541,-0.0861179,-0.791598,0.0447394,0.00642573,0.0496526,-0.997743
131920691,-1.73071,-0.10621,-0.783548,-0.0185561,-0.0101481,0.0650386,-0.997659
131953533,-1.73427,-0.112553,-0.779363,0.00388884,0.00656515,0.042985,-0.999047
131986428,-1.73936,-0.123244,-0.772813,0.0238128,0.0264311,-0.0495395,0.9981381
132020398,-1.73692,-0.130748,-0.76789,-0.0280315,0.00268942,0.0786451,-0.996505
132053792,-1.74128,-0.127004,-0.767474,-0.0293946,-0.00367396,0.104314,-0.994103
132086894,-1.7432,-0.121973,-0.764499,0.0110171,-0.000691652,0.0917135,-0.9957241
132121026,-1.73876,-0.119915,-0.763052,0.00473266,-0.00677821,0.0911325,-0.995804
132153249,-1.74156,-0.118235,-0.758095,0.022249,0.00000937106,0.0781582,-0.996693
132187343,-1.74473,-0.111668,-0.75478,0.0508091,0.00349562,0.0624074,-0.996751
132219799,-1.74245,-0.10261,-0.752916,0.023195,-0.00426227,0.0595547,-0.997946
132254051,-1.74151,-0.0883105,-0.754325,0.0538683,0.0351558,0.078249,-0.994856
132287298,-1.74095,-0.0829335,-0.750636,-0.00102339,0.00599055,0.0445684,-0.998988
132320837,-1.74266,-0.0620856,-0.75423,0.0551429,0.0248607,0.0438079,-0.9972071
132353309,-1.74098,-0.0481665,-0.75257,0.0912195,0.0613186,0.035941,-0.993291
132386328,-1.73818,-0.0327384,-0.751988,0.0770562,0.0580873,0.0204219,-0.995124
132420749,-1.7347,-0.0107136,-0.754384,0.0719948,0.0391874,0.0399816,-0.995833
132453562,-1.73213,0.0119239,-0.758535,0.0687542,0.0181564,0.0432861,-0.9965291
132487246,-1.72922,0.0319976,-0.759239,0.0725156,0.0221382,0.0365532,-0.996451
132520732,-1.72695,0.0526429,-0.761537,0.0736514,0.0234696,0.0313169,-0.996516
132554550,-1.72342,0.0735943,-0.764391,0.0714939,0.0275009,0.014041,-0.9969631
132586057,-1.7215,0.0949249,-0.76721,0.0655353,0.0226634,0.0116998,-0.997524
132620519,-1.71665,0.119266,-0.772367,0.0769775,0.0184159,0.00343889,-0.996857
132652977,-1.71122,0.139038,-0.775891,0.0757421,0.00886656,0.00470258,-0.997077
132686283,-1.70823,0.161675,-0.781387,-0.0781062,0.00514988,-0.00612894,0.9969131
132720369,-1.70606,0.184428,-0.787496,0.0974979,0.00814995,-0.0195687,-0.99501
132753766,-1.70281,0.205947,-0.794061,-0.0752879,-0.0068447,0.0466007,0.996049
132786995,-1.69894,0.22502,-0.800494,-0.0814932,-0.00501756,0.0574912,0.9950021
132820336,-1.69728,0.241406,-0.80547,-0.0735319,-0.012696,0.0898657,0.993155
132853614,-1.69557,0.257538,-0.813132,-0.0881529,0.00571142,0.0783395,0.993005
132886598,-1.69417,0.273965,-0.821637,-0.0865607,0.0102506,0.0971913,0.991441
132920763,-1.69112,0.285153,-0.827441,-0.0848467,0.00997107,0.108626,0.9904051
132953429,-1.69042,0.2951,-0.835265,-0.0883266,0.00815005,0.111625,0.989784
132986845,-1.68999,0.296527,-0.839106,-0.10306,0.0117342,0.119538,0.987396
133020552,-1.69061,0.302678,-0.849522,-0.0895897,0.0221326,0.130972,0.987082
133054070,-1.69119,0.301196,-0.854934,-0.0954875,0.0201544,0.143351,0.9848481
133086777,-1.69168,0.299015,-0.860976,-0.0823363,0.0121434,0.151033,0.985019
133119875,-1.69641,0.292867,-0.870266,-0.103299,0.0356136,0.129497,0.985541
133154534,-1.69865,0.283785,-0.877409,-0.0941761,0.0394181,0.126826,0.9866571
133187092,-1.70163,0.272538,-0.884125,-0.0943643,0.026262,0.12456,0.987365
133221186,-1.705,0.257095,-0.889661,-0.0974243,0.00990907,0.119624,0.987978
133253726,-1.70764,0.237494,-0.896395,-0.100102,0.0025661,0.110439,0.988826
133287431,-1.71016,0.215387,-0.902759,-0.109918,-0.0193502,0.0938882,0.9893071
133320550,-1.71101,0.191315,-0.90953,0.107531,0.0291287,-0.0863438,-0.990017
133353090,-1.71287,0.164081,-0.914004,0.0941934,0.0518942,-0.0687006,-0.991824
133386967,-1.71264,0.136862,-0.920182,0.0820803,0.0684839,-0.0541659,-0.992794
133419980,-1.71059,0.105911,-0.926009,0.0780923,0.0845053,-0.0579745,-0.9916651
133453986,-1.70862,0.072864,-0.932194,0.075399,0.0972345,-0.0476872,-0.991255
133486826,-1.70292,0.0388549,-0.936124,0.072381,0.12197,-0.0573482,-0.988228
133520280,-1.69565,0.00286652,-0.94181,0.0782283,0.140721,-0.0463615,-0.9858641
133553908,-1.68025,-0.0370186,-0.951197,0.00705892,0.121985,-0.00634915,-0.992487
133587332,-1.66691,-0.076556,-0.955883,-0.0131084,0.134423,-0.0106197,-0.99078
133620566,-1.65193,-0.13497,-0.964222,-0.000476253,0.128691,-0.0165223,-0.9915471
133652917,-1.64708,-0.186661,-0.961654,-0.0264247,0.0287762,0.164158,-0.98566
133686436,-1.63395,-0.229507,-0.962426,-0.0872727,-0.0821412,0.269923,-0.955394
133720200,-1.62281,-0.232728,-0.929136,0.361557,0.259284,-0.742408,-0.500877
133752685,-1.56579,-0.256188,-0.985834,-0.000230248,0.19546,0.0436884,-0.9797381
133786682,-1.54839,-0.296482,-0.984421,0.0066877,0.215918,-0.00482397,-0.976377
133820596,-1.51668,-0.349425,-0.989984,0.0565804,0.136513,0.0637836,-0.986962
133854466,-1.48355,-0.378966,-0.99481,0.040777,0.134976,0.0762653,-0.9870681
133886214,-1.44087,-0.417648,-1.00516,0.0368472,0.0994557,0.124047,-0.986592
133920582,-1.40307,-0.449811,-1.01068,0.0528821,0.0981688,0.124247,-0.985966
133952784,-1.36327,-0.47683,-1.01797,0.0651396,0.0903117,0.142844,-0.983461
133986528,-1.32045,-0.50178,-1.02386,0.0585809,0.0784512,0.154789,-0.9830841
134020125,-1.27722,-0.523551,-1.03046,0.0434833,0.0740975,0.169217,-0.981827
134053399,-1.23298,-0.540801,-1.03546,0.0365329,0.0604186,0.182617,-0.980646
134086894,-1.18773,-0.554853,-1.04026,0.0251799,0.0472577,0.188399,-0.9806321
134119890,-1.14287,-0.565403,-1.04613,0.0131635,0.0330568,0.188688,-0.981392
134152677,-1.09522,-0.571713,-1.05126,0.0181876,0.0147646,0.191681,-0.981178
134187180,-1.04655,-0.572512,-1.0564,0.0233271,0.00845356,0.207462,-0.9779281
134220063,-0.998713,-0.568748,-1.0596,0.0197532,0.0152938,0.215234,-0.976243
134253040,-0.950202,-0.560491,-1.06329,0.0209046,0.0228599,0.212204,-0.976734
134286222,-0.902551,-0.548007,-1.06752,0.014351,0.0170206,0.21264,-0.976877
134320572,-0.855464,-0.529793,-1.0718,0.0155019,0.00888691,0.220695,-0.9751791
134353268,-0.808896,-0.507777,-1.07555,0.0158133,0.0000555316,0.220471,-0.975265
134386645,-0.761873,-0.481612,-1.07802,0.0206391,-0.00468799,0.216454,-0.976063
134420519,-0.714259,-0.451464,-1.08142,0.00909899,-0.00435375,0.194356,-0.980879
134453432,-0.667828,-0.417258,-1.08271,0.0148302,-0.00276734,0.155068,-0.9877891
134486291,-0.618321,-0.380538,-1.08555,0.0142712,-0.0145671,0.116517,-0.992979
134519713,-0.573448,-0.340491,-1.08787,0.0138257,-0.0254551,0.0965508,-0.994906
134553252,-0.526426,-0.299292,-1.09124,-0.0268245,0.0297214,-0.0619875,0.997274
134585873,-0.482906,-0.252215,-1.0922,-0.0239756,0.0172637,-0.0404751,0.9987441
134620031,-0.436532,-0.202591,-1.09886,-0.0338111,0.01789,-0.0180409,0.999105
134713362,-0.397887,-0.154055,-1.09918,-0.0203894,0.0157428,-0.0127048,0.9995871
134714492,-0.36188,-0.105086,-1.10281,-0.0158929,0.0320202,-0.0293362,0.99893
134719923,-0.322472,-0.0540865,-1.10684,-0.0161366,0.0426714,-0.030351,0.998498
134753420,-0.288603,-0.00316034,-1.11264,0.0310478,0.058347,-0.0219648,0.997572
134786223,-0.250813,0.0431851,-1.11369,0.0475347,0.111306,0.0400564,0.99184
134820414,-0.216217,0.0922469,-1.11548,0.0379685,0.131289,0.085922,0.9868841
134853335,-0.194239,0.148727,-1.12275,-0.0102913,0.0962027,0.0697585,0.992861
134886540,-0.166697,0.201639,-1.13325,-0.00253527,0.125331,-0.0135003,0.99202
134921049,-0.139342,0.253936,-1.13862,-0.00198856,0.126461,-0.0164894,0.9918331
134953240,-0.116713,0.304234,-1.14246,-0.00357755,0.139721,-0.0226591,0.989925
134986487,-0.0992112,0.354721,-1.14778,-0.00552564,0.142542,0.00526707,0.989759
135020387,-0.0851333,0.40187,-1.15121,-0.00343639,0.162294,0.0254548,0.986408
135052905,-0.0726659,0.451367,-1.15608,0.0113391,0.170245,0.0300575,0.9848781
135086582,-0.0618872,0.495495,-1.16029,0.0293517,0.174394,0.0476069,0.983086
135120596,-0.0575621,0.544745,-1.166,0.0075053,0.164787,0.0401029,0.985485
135154283,-0.0548768,0.588948,-1.16988,0.000164183,0.166131,0.0454543,0.9850561
135185824,-0.0555358,0.630684,-1.17392,0.00889126,0.178563,0.0697325,0.981414
135219606,-0.058927,0.670914,-1.17702,0.0214611,0.167223,0.082283,0.982245
135254086,-0.065996,0.709351,-1.17981,0.0262681,0.168874,0.0970977,0.980491
135286019,-0.0763213,0.745368,-1.18289,0.025716,0.157761,0.105212,0.981521
135319194,-0.09024,0.779115,-1.18665,0.0272981,0.14494,0.11947,0.981822
135353105,-0.105651,0.808701,-1.18973,0.0302406,0.135169,0.122987,0.982695
135386356,-0.125292,0.836513,-1.19227,0.029137,0.125106,0.119292,0.9845151
135420787,-0.147291,0.861833,-1.1954,0.0298037,0.114473,0.113462,0.986476
135452637,-0.171058,0.884223,-1.19811,0.0283319,0.106642,0.109006,0.987898
135485945,-0.194022,0.897706,-1.19966,0.0676581,0.0905056,0.0731222,0.990901
135519834,-0.222026,0.917213,-1.20378,0.0567042,0.0697696,0.0643276,0.9938711
135553507,-0.252786,0.93318,-1.20738,0.0342845,0.0540322,0.0892709,0.99395
135585888,-0.283672,0.943944,-1.20986,0.0309113,0.0448102,0.0896701,0.994483
135620081,-0.315894,0.95297,-1.21331,0.0361928,0.0375605,0.0778279,0.9956011
135653261,-0.34892,0.960089,-1.2166,0.0385131,0.0240094,0.0688043,0.996597
135685850,-0.382935,0.965198,-1.22017,0.0406932,0.017272,0.0663637,0.996816
135719786,-0.418244,0.968328,-1.225,0.0389332,0.0265467,0.073128,0.996209
135753032,-0.448276,0.966679,-1.22863,0.0787139,-0.000953803,0.061346,0.9950071
135786079,-0.482681,0.971057,-1.23304,-0.0606794,0.0188896,-0.0628674,-0.995996
135820060,-0.514531,0.962632,-1.23848,-0.0591682,0.033127,-0.0569018,-0.996074
135853530,-0.546652,0.960485,-1.24453,-0.0453088,0.0596034,-0.0420363,-0.9963071
135886325,-0.578402,0.959604,-1.25097,-0.0283558,0.0518269,-0.0582738,-0.996551
135918995,-0.604348,0.953679,-1.25928,-0.0996219,0.0373259,-0.0476407,-0.993183
135952737,-0.633148,0.943854,-1.26896,-0.0863499,0.0654358,-0.0127196,-0.994032
135987069,-0.659184,0.946659,-1.27612,-0.066738,0.0825613,-0.0331341,-0.9937971
136019870,-0.682626,0.940814,-1.28516,-0.0759323,0.0929835,-0.0338095,-0.992192
136052806,-0.703341,0.935322,-1.29604,-0.09718,0.0894106,-0.00234249,-0.99124
136087188,-0.725442,0.922281,-1.30832,-0.0912877,0.0518581,-0.0199894,-0.9942721
136119407,-0.74874,0.914169,-1.31837,-0.0909547,0.0113607,-0.00619999,-0.995771
136153027,-0.765967,0.904303,-1.32928,0.0711892,0.00194266,0.00570154,0.997445
136185564,-0.782302,0.902422,-1.34121,-0.0445086,0.0312493,0.0224173,-0.998268
136219714,-0.799771,0.895829,-1.35169,-0.0442017,0.041704,0.0464469,-0.9970711
136252074,-0.815606,0.886195,-1.36072,-0.0498219,0.0158217,0.0352452,-0.998011
136285505,-0.829257,0.879264,-1.3684,-0.0534679,0.0276426,0.0553685,-0.99665
136319374,-0.843358,0.872962,-1.37538,-0.0545478,0.0485099,0.0825389,-0.993911
136352284,-0.858066,0.86562,-1.38308,-0.0615863,0.0281178,0.0534965,-0.996271
136385287,-0.87202,0.858702,-1.39078,-0.0788949,0.0096046,0.0554398,-0.995294
136419588,-0.883739,0.84915,-1.39749,-0.0919059,0.00541576,0.0452672,-0.994723
136453126,-0.899404,0.845277,-1.40368,-0.0731262,0.00102914,0.0555537,-0.9957741
136486086,-0.913265,0.842152,-1.40721,-0.0618318,-0.00943948,0.0507768,-0.996749
136519802,-0.92735,0.836035,-1.41201,-0.0648458,-0.0131469,0.0424115,-0.996907
136552737,-0.939329,0.828776,-1.41399,-0.0888666,-0.0178121,0.0577087,-0.994211
136586920,-0.950461,0.827577,-1.41707,0.0688235,0.0284682,-0.0724243,0.9945891
136619959,-0.962153,0.825413,-1.41793,0.0596083,0.0235731,-0.0743196,0.995172
136652675,-0.97649,0.822878,-1.41999,-0.0693231,-0.0111496,0.0721661,-0.994918
136684743,-0.987783,0.817493,-1.42028,-0.0855843,-0.0163326,0.0876933,-0.99233
136718948,-1.00309,0.813883,-1.41876,-0.0994362,-0.020708,0.0892397,-0.9908181
136752951,-1.01178,0.811145,-1.41793,-0.068435,-0.0021626,0.133791,-0.988641
136786200,-1.02151,0.811634,-1.41706,-0.105965,-0.00994903,0.125236,-0.986402
136820096,-1.03362,0.80589,-1.41538,-0.108988,-0.0219551,0.117399,-0.9868421
136852833,-1.04341,0.80142,-1.41451,-0.109668,-0.0250988,0.11722,-0.986713
136886335,-1.05463,0.801093,-1.41441,-0.0936523,-0.0117561,0.0908947,-0.991377
136919914,-1.06523,0.797276,-1.40976,0.110168,0.0408554,-0.0862868,0.989317
136952717,-1.0763,0.797911,-1.40744,0.124395,0.0282585,-0.0762869,0.9888921
136985169,-1.08582,0.797862,-1.40384,0.124316,0.0427125,-0.0885587,0.987359
137019021,-1.09624,0.797371,-1.40273,0.119736,0.039676,-0.0721058,0.989389
137052755,-1.10402,0.800476,-1.40419,0.108443,0.0321949,-0.048805,0.9923821
137086662,-1.11343,0.799857,-1.405,0.118093,0.0514836,-0.0676591,0.989356
137119556,-1.12303,0.799142,-1.40268,0.100651,0.0398601,-0.0640391,0.992058
137151763,-1.13446,0.79672,-1.39851,0.113601,0.0325429,-0.0860912,0.989254
137185966,-1.14213,0.79686,-1.39891,-0.0985846,-0.0260629,0.0862891,-0.9910381
137220087,-1.14822,0.791899,-1.39529,-0.130106,-0.00751981,0.133327,-0.982466
137251936,-1.15883,0.79446,-1.39853,-0.104841,-0.00901992,0.0986806,-0.98954
137285913,-1.1639,0.794981,-1.39859,-0.103234,-0.00314234,0.102017,-0.989407
137318839,-1.17367,0.794838,-1.40194,-0.0923216,-0.0174038,0.0749412,-0.9927531
137352421,-1.18216,0.793521,-1.40319,0.0963904,0.0343743,-0.0737007,0.992016
137385828,-1.19138,0.79201,-1.40444,0.104406,0.0421454,-0.0718834,0.991038
137419719,-1.20009,0.793766,-1.40529,-0.10696,-0.0220067,0.0723626,-0.9913821
137451984,-1.20861,0.792747,-1.40785,0.0962894,0.0231172,-0.0610573,0.99321
137485454,-1.21512,0.791575,-1.40944,0.0820901,0.0395072,-0.0717458,0.993254
137519702,-1.22453,0.788895,-1.4112,-0.0868948,-0.020578,0.100866,-0.990884
137552953,-1.23293,0.791782,-1.4131,-0.0881934,-0.0203295,0.0855274,-0.9922171
137586423,-1.24179,0.794483,-1.41685,-0.0907148,-0.016205,0.0886258,-0.991793
137619872,-1.24999,0.796241,-1.41907,-0.0772397,-0.0272417,0.10943,-0.990614
137652844,-1.25963,0.795529,-1.42229,-0.100802,-0.0224579,0.117182,-0.987726
137685715,-1.2674,0.802328,-1.42623,-0.0806726,-0.0138845,0.10575,-0.9910181
137718912,-1.27715,0.80642,-1.43088,-0.0803424,-0.00557675,0.112435,-0.99039
137752140,-1.28748,0.810907,-1.43318,-0.0711435,-0.0171761,0.110356,-0.991194
137785088,-1.29572,0.813668,-1.43533,-0.0867791,-0.0230654,0.12766,-0.987745
137819579,-1.30568,0.821916,-1.44022,-0.0793821,-0.0257132,0.121909,-0.9890281
137852667,-1.31479,0.829726,-1.44731,0.0554087,0.0242399,-0.0692383,0.995765
137886061,-1.32458,0.837053,-1.45129,-0.0758283,-0.0226405,0.0810224,-0.993566
137918908,-1.33534,0.846819,-1.45535,-0.0717352,-0.0159102,0.0944013,-0.992819
137953800,-1.34437,0.852102,-1.45773,-0.0786315,-0.00559041,0.110114,-0.9907881
137985478,-1.35564,0.864839,-1.46508,-0.09909,-0.0202685,0.0905176,-0.990746
138019108,-1.36658,0.87237,-1.46945,-0.10031,-0.0166223,0.0941893,-0.990348
138052199,-1.37489,0.881856,-1.47665,0.0994941,0.0271964,-0.0842461,0.991092
138085816,-1.38561,0.887887,-1.48626,0.098418,0.0265572,-0.046798,0.9936891
138119398,-1.39444,0.894387,-1.49029,-0.0744565,-0.0135764,0.0505901,-0.995848
138152064,-1.40325,0.90284,-1.4942,-0.071878,0.0107916,0.0406622,-0.996526
138185791,-1.41155,0.913002,-1.50085,-0.0714014,0.00879751,0.00157873,-0.997408
138219085,-1.42567,0.917598,-1.50347,0.103659,0.0121676,-0.0123633,0.9944621
138252642,-1.43292,0.922157,-1.5079,0.102337,0.00723033,-0.00741465,0.994696
138285126,-1.44234,0.928169,-1.51156,0.0540646,0.00287866,0.0546348,0.997038
138318817,-1.45296,0.932194,-1.51095,0.0592171,0.0238059,0.0346361,0.99736
138352408,-1.4613,0.933686,-1.51275,0.0582682,0.0235625,0.0337226,0.9974531
138385183,-1.4689,0.934059,-1.51279,0.0509499,0.0156841,0.047555,0.997445
138419558,-1.47606,0.932016,-1.51241,0.0564564,0.0138425,0.0575778,0.996647
138451929,-1.48303,0.928182,-1.51111,0.0532984,0.0172703,0.0698564,0.995982
138485529,-1.48783,0.922943,-1.50919,0.0555372,0.0128678,0.0709275,0.9958511
138518566,-1.49388,0.915764,-1.50538,0.0535903,0.00580864,0.0760131,0.995649
138551959,-1.49878,0.907731,-1.50158,0.0566359,0.00439801,0.0747386,0.995584
138585562,-1.50271,0.89765,-1.49727,0.0596367,0.00218605,0.0739011,0.9954781
138620267,-1.50607,0.885237,-1.49106,0.0587555,-0.0020937,0.0623491,0.996321
138652720,-1.51036,0.871706,-1.48469,0.0606334,-0.00306794,0.0574086,0.996503
138685610,-1.51396,0.856186,-1.47747,0.0584744,-0.00250141,0.0494353,0.9970611
138719092,-1.51689,0.839076,-1.46962,0.0567549,0.00292168,0.0493067,0.997166
138752782,-1.51907,0.819931,-1.46002,0.0617266,0.0013635,0.042945,0.997168
138785631,-1.52097,0.799288,-1.45008,0.0655555,-0.0000667206,0.0357653,0.9972081
138819147,-1.52249,0.777738,-1.43969,0.0661729,-0.00120356,0.0317811,0.997301
138852553,-1.52271,0.752619,-1.42892,0.0813163,-0.000972992,0.0112416,0.996624
138885559,-1.52413,0.732905,-1.41737,-0.0711852,0.00675783,-0.00514864,-0.997427
138918368,-1.52356,0.705078,-1.40641,-0.074676,0.0000953944,0.0284417,-0.9968021
138952110,-1.52434,0.683381,-1.39362,-0.057129,0.00640072,0.0437121,-0.997389
138985829,-1.52365,0.658497,-1.38039,-0.0700123,0.00415847,0.0618547,-0.995618
139019678,-1.52479,0.637343,-1.36629,-0.0521939,-0.00111658,0.0781474,-0.9955741
139051927,-1.52552,0.614685,-1.35272,-0.0601435,-0.00897957,0.0942519,-0.993689
139085238,-1.52464,0.593565,-1.33734,-0.0629072,-0.00304006,0.110434,-0.991886
139119089,-1.52554,0.571678,-1.3212,-0.0707047,-0.0103726,0.120581,-0.990128
139151357,-1.52661,0.546456,-1.30374,-0.0669941,-0.0176095,0.10535,-0.992021
139186089,-1.52242,0.529229,-1.28852,-0.0555151,0.00267583,0.127387,-0.990295
139219229,-1.52571,0.519986,-1.26967,0.0820964,0.0355788,-0.110708,0.989817
139252177,-1.52734,0.50708,-1.2529,0.0792143,0.0430766,-0.117523,0.9889681
139285038,-1.5249,0.49114,-1.23294,-0.0729425,-0.025054,0.122757,-0.989435
139319107,-1.5246,0.483743,-1.21421,-0.0589207,-0.0288294,0.125809,-0.989883
139352921,-1.52818,0.480065,-1.19315,0.0939528,0.0499682,-0.130303,0.9857471
139385598,-1.52938,0.474401,-1.17419,0.0931717,0.0433043,-0.121847,0.987217
139418928,-1.53005,0.470165,-1.15343,-0.111627,-0.0274924,0.104018,-0.987909
139452524,-1.54061,0.468835,-1.12723,0.123909,0.0714962,-0.138837,0.979928
139485126,-1.5474,0.473751,-1.10607,0.11119,0.066558,-0.101884,0.986321
139519225,-1.55677,0.476062,-1.08148,0.105237,0.0845849,-0.0914895,0.98661
139551487,-1.56347,0.485473,-1.0601,0.0983178,0.0857359,-0.0907158,0.987296
139586635,-1.57369,0.486713,-1.03532,0.129744,0.0925677,-0.0965311,0.9824861
139618586,-1.58774,0.494849,-1.00996,0.125028,0.094283,-0.0775251,0.984616
139653192,-1.60086,0.499929,-0.984311,0.117478,0.10741,-0.0411542,0.986392
139685989,-1.61856,0.511024,-0.959398,0.096871,0.103466,-0.0366922,0.989224
139719249,-1.63848,0.519863,-0.932238,0.071752,0.100307,-0.0284012,0.9919591
139752284,-1.65862,0.525598,-0.90502,0.0709596,0.106243,-0.0193479,0.991616
139785664,-1.6817,0.533209,-0.879369,0.0661066,0.104063,-0.0179554,0.992209
139819163,-1.70573,0.540351,-0.853494,0.069324,0.0978183,-0.0144957,0.992681
139852478,-1.73261,0.548438,-0.828457,0.0707675,0.088444,-0.0151721,0.9934481
139885454,-1.76159,0.555391,-0.804776,0.0731951,0.0771521,-0.0139015,0.994232
139920103,-1.79328,0.562218,-0.782177,0.0684766,0.0783422,-0.0131543,0.994485
139951327,-1.8254,0.569615,-0.759085,0.0609971,0.0897578,-0.0326337,0.993558
139985448,-1.85884,0.576119,-0.739845,0.0687309,0.0623898,-0.0155999,0.995561
140019553,-1.89293,0.582633,-0.719834,0.0678362,0.0492718,-0.0140799,0.99638
140051727,-1.92875,0.589606,-0.700939,0.0645571,0.0368594,-0.0201075,0.99703
140085591,-1.96678,0.595485,-0.683124,0.0628369,0.0318495,-0.0249032,0.9972051
140118376,-2.00457,0.601134,-0.666601,0.0633571,0.0288093,-0.0218105,0.997337
140152322,-2.04083,0.606348,-0.652098,0.0652891,0.0132852,-0.0239253,0.997491
140185085,-2.07883,0.611323,-0.638546,-0.062349,-0.00421897,0.0291033,-0.997621
140219631,-2.11695,0.615904,-0.626223,-0.0580618,-0.00120224,0.0413389,-0.9974561
140253258,-2.15619,0.621201,-0.614408,-0.0521374,0.0049502,0.0470615,-0.997518
140285593,-2.19404,0.626162,-0.603338,-0.0543387,0.00763415,0.0479577,-0.997341
140319017,-2.23267,0.62765,-0.59394,-0.0741105,-0.00514609,0.0480734,-0.996077
140352220,-2.27219,0.637276,-0.586511,-0.0509163,-0.00310751,0.0538702,-0.9972441
140385351,-2.31069,0.643286,-0.579417,-0.0506817,0.00267432,0.056721,-0.997099
140418957,-2.34886,0.651278,-0.572812,-0.0551315,0.0136838,0.0653297,-0.996246
140452589,-2.38735,0.660096,-0.567282,-0.0562939,0.0160564,0.0782626,-0.9952131
140484361,-2.42677,0.668711,-0.562919,-0.0596598,0.0162436,0.0950514,-0.99355
140517791,-2.46537,0.678487,-0.560393,-0.0638747,0.0194544,0.0989235,-0.992852
140552271,-2.50376,0.690167,-0.557863,-0.0552149,0.0179196,0.101228,-0.993168
140585203,-2.54117,0.703009,-0.556625,-0.0518344,0.0235313,0.099699,-0.9933881
140618729,-2.57939,0.718314,-0.55511,-0.049588,0.0252012,0.100926,-0.993338
140652065,-2.61705,0.735154,-0.554442,-0.0549496,0.0190675,0.0955709,-0.993722
140685507,-2.65509,0.752714,-0.554902,-0.0539089,0.011443,0.0902086,-0.9943971
140719448,-2.69396,0.77102,-0.555867,-0.0569416,-0.00475464,0.079678,-0.995182
140752322,-2.73261,0.785726,-0.555789,-0.0832605,-0.0213809,0.0784533,-0.993205
140785563,-2.77184,0.805402,-0.557469,0.0980706,0.0325482,-0.07523,0.9917981
140818827,-2.81196,0.825991,-0.561621,0.0955623,0.0359111,-0.0789133,0.991641
140852183,-2.8537,0.852854,-0.568057,0.0606762,0.0402332,-0.0647204,0.995244
140885355,-2.89399,0.873999,-0.573416,0.0364662,0.043362,-0.0603796,0.996566
140918614,-2.93655,0.893241,-0.581192,0.0528878,0.0347888,-0.0327932,0.9974551
140951684,-2.97874,0.911419,-0.586751,0.0938382,0.0409543,-0.0446088,0.993744
140984851,-3.02217,0.936521,-0.596401,0.0689847,0.0227539,-0.0326703,0.996823
141019278,-3.06628,0.959262,-0.60418,0.0504026,0.0180073,-0.0418312,0.997691
141051537,-3.11261,0.978712,-0.6134,-0.0702463,-0.0189484,0.0696733,-0.994913
141085494,-3.15739,1.00272,-0.621081,-0.0494324,-0.016955,0.0630944,-0.996638
141119184,-3.20326,1.0225,-0.632474,0.0439745,0.0211956,-0.0620548,0.996878
141151624,-3.2487,1.04176,-0.641755,0.0567207,0.0547968,-0.00720255,0.9968591
141185782,-3.30069,1.05755,-0.65424,0.06991,0.0439588,-0.0121715,0.99651
141219097,-3.34909,1.08013,-0.663707,0.0737334,0.0463885,-0.0287044,0.995785
141251870,-3.39662,1.09182,-0.67808,0.0979936,0.0508854,-0.00502311,0.9938731
141285239,-3.4451,1.11229,-0.693005,0.0590126,0.0438214,0.0203008,0.997088
141318110,-3.49785,1.12901,-0.705698,0.0779123,0.0348093,0.0140175,0.996254
141351426,-3.54818,1.14591,-0.719861,-0.0968643,0.00294146,-0.0128023,-0.995211
141384598,-3.60087,1.15707,-0.738556,0.0796847,0.0234273,0.0226968,0.9962861
141418549,-3.6543,1.17087,-0.753102,0.0896858,0.00349061,0.0138254,0.995868
141451676,-3.70617,1.17946,-0.768989,0.0822765,0.000849661,0.025108,0.996293
141485133,-3.76038,1.18841,-0.784504,0.0835214,0.000650807,0.0196868,0.9963111
141518445,-3.81618,1.19846,-0.798047,0.0903355,0.00759305,-0.00809347,0.99585
141551475,-3.86853,1.20562,-0.813792,-0.0766835,0.0140669,-0.0158873,-0.99683
141584951,-3.91758,1.21026,-0.827689,-0.0561789,0.00578062,-0.0141937,-0.998303
141618988,-3.97021,1.21464,-0.841204,-0.0640041,0.0132499,-0.0221984,-0.9976151
141651022,-4.0233,1.21996,-0.854059,-0.0547164,0.0251779,-0.020211,-0.99798
141684556,-4.07516,1.22411,-0.867446,-0.0540881,0.0321899,-0.00459309,-0.998007
141718803,-4.12749,1.22703,-0.877732,-0.0496329,0.0185945,-0.0146768,-0.998487
141751179,-4.17772,1.22996,-0.888683,-0.050077,0.00281987,0.0152197,-0.9986251
141786368,-4.22569,1.23156,-0.900803,-0.0645126,0.0206135,0.0336634,-0.997136
141818780,-4.24892,1.18738,-0.969524,-0.614161,0.483436,0.0352839,-0.622777
141851607,-4.29307,1.16232,-0.927135,-0.714727,0.228685,0.0342552,-0.6600721
141884802,-4.36995,1.16215,-0.906013,-0.385214,0.161249,-0.0761211,-0.905436
141919087,-4.40048,1.2328,-0.93931,-0.110094,0.0265701,-0.00624263,-0.993546
141951290,-4.30201,1.15807,-0.987986,-0.72369,0.0877112,0.27335,0.627582
141984547,-4.48435,1.23436,-0.968163,-0.0653477,0.132373,0.0316646,-0.9885371
142018373,-4.52787,1.22894,-0.979177,-0.0951897,0.0969424,0.000804134,-0.990727
142051043,-4.55588,1.23129,-0.982898,-0.133544,0.166839,0.0730097,-0.974166
142085502,-4.60183,1.22561,-1.00564,-0.0936848,0.164467,0.0369847,-0.9812271
142118679,-4.62888,1.23452,-1.01016,-0.0643088,0.170835,0.0361222,-0.982535
142151907,-4.65706,1.23669,-0.999971,-0.17876,0.403029,-0.00110904,-0.897559
142185207,-4.68949,1.228,-1.01717,-0.381182,0.242403,0.138659,-0.881314
142217540,-4.69633,1.23322,-1.03382,-0.198052,0.294806,0.0840633,-0.931021
142252911,-4.70975,1.2383,-1.03531,-0.0206895,0.177937,0.0319078,-0.983307
142284458,-4.72056,1.23655,-1.03972,-0.175467,0.0733358,0.895965,-0.401349
142317983,-4.7246,1.24162,-1.04378,-0.0555017,0.180186,0.0245116,-0.981761
142351517,-4.72599,1.25835,-1.06733,0.00109875,0.253558,0.265558,-0.930154
142384648,-4.72981,1.17637,-1.06256,-0.421846,0.39652,0.348292,-0.737231
142418964,-4.7283,1.24954,-1.0544,-0.0532779,0.205099,0.0296985,-0.9768391
142451690,-4.71899,1.2535,-1.05705,-0.0506814,0.190806,0.029209,-0.979883
142484529,-4.7061,1.25979,-1.05662,-0.0534882,0.178979,0.0162204,-0.982264
142519320,-4.68868,1.26342,-1.05538,-0.0458396,0.16857,0.0154316,-0.9845021
142551685,-4.6686,1.26831,-1.05316,-0.0449405,0.171026,0.0043378,-0.984231
142618529,-4.61857,1.27664,-1.04256,0.0035503,0.145211,0.00814637,-0.989361
142650861,-4.58139,1.27043,-1.02876,-0.124041,0.172557,0.00129108,-0.9771571
142684652,-4.55339,1.28735,-1.03276,-0.0138837,0.213442,0.021756,-0.976615
142718335,-4.51562,1.29405,-1.0271,-0.050201,0.189071,0.00445382,-0.980669
142752049,-4.47197,1.25698,-1.01669,-0.534731,0.286908,0.00981075,-0.7947641
142851664,-4.31521,1.31655,-0.975924,-0.0639895,0.154178,-0.0273654,-0.985589
142884730,-4.28797,1.31017,-0.945958,-0.379751,0.232651,0.370581,-0.8150661
142918833,-4.22813,1.31261,-0.938927,-0.350015,0.18962,0.193711,-0.896666
142951389,-4.12874,1.33371,-0.939451,-0.138575,0.255706,0.0470909,-0.955612
142984872,-4.07119,1.34047,-0.925753,-0.0739997,0.157679,-0.0209884,-0.984491
143018644,-3.99671,1.3507,-0.90548,-0.025252,0.12315,0.0132255,-0.991979
143051367,-3.93026,1.34961,-0.894484,-0.0629052,0.148531,0.00430707,-0.986896
143086097,-3.87513,1.35428,-0.879919,-0.116144,0.141403,0.03218,-0.9825891
143118194,-3.7919,1.3577,-0.866011,-0.13132,0.139639,-0.0267453,-0.981092
143152006,-3.70144,1.36579,-0.843892,-0.110422,0.145871,-0.0137443,-0.983026
143184379,-3.62521,1.36909,-0.826004,-0.135163,0.152454,-0.00311992,-0.979019
143217829,-3.54744,1.38011,-0.806488,-0.0434379,0.103464,-0.020842,-0.9934661
143250972,-3.46508,1.38006,-0.789226,-0.0715551,0.100284,-0.0473823,-0.991251
143284829,-3.38104,1.38263,-0.773071,-0.0830169,0.100689,-0.0627191,-0.989463
143318023,-3.30326,1.38497,-0.76165,-0.0750786,0.108962,-0.0103085,-0.9911531
143351421,-3.21652,1.38861,-0.743375,-0.076144,0.0846146,-0.0072204,-0.993474
143384660,-3.13272,1.3866,-0.72988,-0.12229,0.111755,-0.0139174,-0.986084
143418054,-3.05061,1.39197,-0.713353,-0.0913304,0.0725922,-0.0215966,-0.9929361
143451217,-2.96357,1.35855,-0.705333,0.141973,0.139772,-0.119192,0.972677
143485328,-2.92945,1.38822,-0.702363,-0.0373309,-0.00661689,0.0499698,-0.998031
143519021,-2.64401,1.34474,-0.698136,-0.137412,0.954587,0.120054,-0.2355181
143585189,-2.66283,1.38505,-0.673052,-0.115544,0.0660898,-0.00637484,-0.991081
143618115,-2.58835,1.38778,-0.663167,0.0637161,0.0254807,-0.0305957,0.997173
143651424,-2.49512,1.38306,-0.65528,0.0688289,0.0146826,0.00311238,0.9975161
143684775,-2.41882,1.38227,-0.649179,0.0612284,0.00429045,0.0184609,0.997944
143719262,-2.3445,1.37656,-0.643421,0.0839218,0.0289348,-0.0139627,0.995954
143752621,-2.26985,1.37609,-0.636466,0.0758984,0.0436912,-0.0164176,0.9960231
143784010,-2.20156,1.37394,-0.632858,0.0613817,0.0386025,-0.0383279,0.996631
143817491,-2.1365,1.3748,-0.628016,0.0212909,0.0558116,-0.040244,0.997403
143852138,-2.06898,1.36913,-0.626726,0.0224296,0.0565774,-0.0303561,0.997685
143885360,-2.00113,1.36069,-0.625727,0.0420069,0.0451021,-0.000123115,0.9980991
143917208,-1.93969,1.35289,-0.623584,0.0278128,0.0700477,-0.0131738,0.997069
143950510,-1.88029,1.34807,-0.622784,0.0514111,0.0857817,-0.0144563,0.994882
143984832,-1.82374,1.34073,-0.624307,0.0649406,0.0818369,-0.00424273,0.994519
144017776,-1.76753,1.33398,-0.622685,0.0567215,0.0824608,-0.025518,0.9946521
144050972,-1.71543,1.32288,-0.622254,0.0847786,0.0951015,-0.0331882,0.991296
144084387,-1.66609,1.31909,-0.622762,0.0603697,0.10045,-0.0273786,0.992731
144117847,-1.61743,1.31197,-0.622274,0.0480116,0.103936,-0.0227303,0.9931641
144150760,-1.57029,1.30193,-0.620682,0.0706602,0.111719,-0.0286029,0.990812
144184234,-1.52515,1.29568,-0.618229,0.0690068,0.103863,-0.0136769,0.992101
144218509,-1.48219,1.28264,-0.614509,0.0876388,0.110211,-0.0153645,0.9899181
144252155,-1.44739,1.27472,-0.614627,0.103798,0.0677349,0.0357106,0.991647
144284400,-1.41168,1.26689,-0.608425,0.102425,0.0656276,0.0300002,0.99212
144317729,-1.37389,1.25714,-0.602393,0.0978553,0.0803899,-0.0101487,0.991897
144351348,-1.33901,1.24872,-0.597774,0.0683924,0.0751619,-0.000235292,0.9948231
144384885,-1.31227,1.24047,-0.591608,0.0763423,0.0574238,0.018989,0.995246
144417438,-1.27997,1.22867,-0.5863,0.0702819,0.0393273,0.042294,0.995854
144451423,-1.2565,1.21783,-0.577406,0.0862682,0.0293464,0.0419737,0.9949551
144484781,-1.23038,1.20634,-0.567686,0.0860152,0.0358839,0.0413139,0.99479
144517818,-1.20421,1.19201,-0.558203,0.0839533,0.0347833,0.0359743,0.995212
144551296,-1.18248,1.17835,-0.548938,0.0916649,0.0219317,0.0415698,0.99468
144584597,-1.15939,1.16475,-0.538978,0.0982807,0.00252674,0.0516718,0.9938131
144617049,-1.13782,1.15023,-0.527171,0.0806272,0.00121109,0.0230616,0.996477
144651596,-1.11673,1.13456,-0.514706,0.0828684,0.00947491,0.0428342,0.995594
144684656,-1.09335,1.11221,-0.505152,0.0888256,-0.00127838,0.0503631,0.9947721
144718252,-1.07268,1.09296,-0.495014,0.0999194,-0.0123819,0.0475291,0.993783
144750745,-1.05411,1.07327,-0.483667,-0.101006,0.0276963,-0.0479454,-0.993344
144785069,-1.03274,1.05096,-0.472823,-0.0942575,0.0346949,-0.0341129,-0.9943581
144818485,-1.01541,1.02609,-0.466204,-0.0844701,0.0300615,-0.023674,-0.995691
144850873,-0.996197,0.992849,-0.459928,-0.0651264,0.0516401,-0.0167673,-0.996399
144884982,-0.977614,0.970037,-0.448547,-0.049077,0.0345381,0.00951091,-0.998152
144918671,-0.960961,0.944626,-0.442221,-0.110088,0.00544028,-0.0114121,-0.9938411
144952314,-0.93859,0.920861,-0.435481,-0.0728967,0.0235922,-0.0315455,-0.996561
144984406,-0.918959,0.888139,-0.427432,0.0288939,0.0231517,0.0117455,0.999245
145017364,-0.901438,0.867995,-0.419659,0.0709515,0.0199437,-0.00985012,0.997232
145050339,-0.8783,0.848582,-0.411377,-0.051553,0.018802,0.00288552,-0.9984891
145084573,-0.859199,0.821582,-0.40576,-0.0555732,0.0402652,0.00192689,-0.997641
145117760,-0.841829,0.794915,-0.402001,-0.0455534,0.0253728,0.0127508,-0.998558
145151486,-0.824003,0.769864,-0.397373,-0.0515922,0.0152654,0.0129721,-0.9984671
145184196,-0.804079,0.739674,-0.3936,-0.052197,0.0153869,0.0240621,-0.998228
145217898,-0.784035,0.716527,-0.390477,-0.043019,0.0235426,0.0123546,-0.99872
145251031,-0.764477,0.687518,-0.389628,-0.047497,0.0329383,-0.00271609,-0.998324
145284507,-0.742029,0.656044,-0.389496,-0.0657568,0.0218414,-0.0026834,-0.9975931
145317522,-0.720801,0.628925,-0.387144,-0.0827053,0.0248268,-0.0263881,-0.995915
145351345,-0.703714,0.604272,-0.386285,-0.0510319,0.0289213,-0.0342241,-0.997691
145384341,-0.6823,0.572494,-0.38641,-0.0287636,0.0205131,-0.0390337,-0.998613
145418477,-0.657858,0.537709,-0.386319,-0.0401852,0.0181697,-0.0346932,-0.9984241
145451686,-0.63511,0.509391,-0.385909,-0.0780626,0.0339496,-0.0200703,-0.996168
145484562,-0.615251,0.475858,-0.392352,-0.0648013,0.0254917,-0.00413383,-0.997564
145518600,-0.587543,0.437959,-0.396188,-0.0795342,0.0368068,0.0444477,-0.995161
145551060,-0.577379,0.412234,-0.400039,-0.0383913,0.0428759,-0.00653762,-0.998321
145585367,-0.554988,0.376863,-0.404577,-0.0503984,0.0296819,-0.0341315,-0.997704
145617915,-0.537027,0.344842,-0.409964,0.0729787,-0.0063035,0.0244635,0.997014
145651122,-0.51947,0.315324,-0.41726,-0.0568393,0.0212929,-0.0294462,-0.9977221
145685134,-0.497792,0.285503,-0.421249,-0.0227679,0.020508,0.0181963,-0.999365
145717885,-0.477338,0.25855,-0.426968,-0.0360766,0.0444506,0.0181061,-0.998196
145750870,-0.456697,0.226192,-0.434025,-0.0141415,0.00911775,0.0348803,-0.99925
145784925,-0.435289,0.194742,-0.439643,-0.0252833,0.0357421,0.0507192,-0.9977531
145818199,-0.416782,0.167108,-0.448841,-0.0186882,0.0137846,0.0620554,-0.997803
145850379,-0.397094,0.137881,-0.455012,-0.00300377,0.0265932,0.0580969,-0.997952
145884005,-0.377884,0.109546,-0.46482,0.0147091,-0.0057172,0.0887525,-0.995929
145917776,-0.356573,0.0840136,-0.472579,-0.000225057,-0.0208975,0.101739,-0.9945921
145951058,-0.333998,0.0551347,-0.479466,-0.000551442,-0.00149096,0.0921622,-0.995743
145984612,-0.312203,0.0308213,-0.487492,-0.0017784,0.0100616,0.101265,-0.994807
146017630,-0.29203,0.00563849,-0.495661,-0.00735354,0.00868282,0.0975588,-0.995165
146050573,-0.272345,-0.0167963,-0.505477,-0.0181096,0.0156907,0.08367,-0.9962051
146084294,-0.249387,-0.0392101,-0.512441,-0.0213964,0.0210231,0.0768437,-0.996592
146117493,-0.231372,-0.0570347,-0.519276,-0.0231667,0.0214444,0.0840976,-0.995957
146150250,-0.211201,-0.0746688,-0.526751,-0.0191456,0.0187359,0.0866181,-0.995881
146183554,-0.192648,-0.0873287,-0.532373,-0.0126726,0.010104,0.101549,-0.9946981
146217134,-0.171947,-0.10054,-0.535485,-0.0222837,0.0189621,0.0986301,-0.994694
146250607,-0.15294,-0.111965,-0.538987,-0.0185213,0.013927,0.107113,-0.993977
146283837,-0.133328,-0.120573,-0.540809,-0.0276516,0.0229614,0.110567,-0.9932191
146317373,-0.112441,-0.130344,-0.540021,-0.0188411,0.0381132,0.117392,-0.992175
146350437,-0.0918032,-0.136902,-0.542322,-0.0169645,0.0265282,0.111838,-0.993227
146384062,-0.0758334,-0.137672,-0.539638,-0.0367073,0.0319415,0.110784,-0.9926531
146417845,-0.058897,-0.137912,-0.535291,-0.0404906,0.0269798,0.117164,-0.99192
146447452,-0.0397161,-0.140667,-0.534413,-0.0293898,0.00604939,0.0926402,-0.995247
146484430,-0.021468,-0.138175,-0.529876,-0.0244302,0.00682381,0.0788683,-0.9965621
146590724,-0.00519434,-0.135651,-0.525034,-0.0197655,0.000169802,0.0791631,-0.9966661
146591103,0.010694,-0.129606,-0.518631,-0.0169213,-0.00438384,0.0794556,-0.996685
146591127,0.0277537,-0.125317,-0.514018,0.0340536,0.027635,-0.0486224,0.997854
146617553,0.0441197,-0.118433,-0.505659,-0.0274376,-0.000183542,0.0252685,-0.999304
146650831,0.0597833,-0.111407,-0.497469,-0.0150548,-0.00155987,0.0175745,-0.999731
146684278,0.0742738,-0.102286,-0.488769,0.0110281,0.00696214,-0.012481,0.999837
146717525,0.0910637,-0.0910359,-0.478139,-0.0189479,0.000333506,0.000492309,-0.999821
146750884,0.105507,-0.0828663,-0.47272,0.013129,0.0161873,-0.0025855,0.999779
146784278,0.120844,-0.0709258,-0.464501,0.0227977,0.0268958,0.0102609,0.999326
146817506,0.136244,-0.0606242,-0.455809,0.0238462,0.0163015,0.0163159,0.99945
146850533,0.150744,-0.0483917,-0.449981,0.0196723,0.0291716,0.0156075,0.9992591
146883521,0.164707,-0.0363538,-0.444467,0.014481,0.037455,0.0010928,0.999193
146917031,0.178939,-0.0252932,-0.437557,0.00818632,0.0338181,-0.0120421,0.999322
146949994,0.194093,-0.0133286,-0.431834,0.0165281,0.0218845,0.0108456,0.999565
146984210,0.20886,-0.000532349,-0.42653,0.0196698,0.0186131,0.0246992,0.9993281
147016845,0.222597,0.0106942,-0.422109,0.0273979,0.0128761,0.0205172,0.999331
147050351,0.23732,0.0221823,-0.418752,0.0265519,0.0118581,0.0210682,0.999355
147084186,0.251918,0.0337813,-0.412418,-0.019869,0.0118035,-0.00182523,-0.999731
147118646,0.266173,0.0450707,-0.408488,-0.0110101,0.0132736,-0.00700528,-0.9998271
147149912,0.280506,0.0550599,-0.403837,-0.000127563,0.00140668,0.0202334,-0.999794
147184535,0.293589,0.0690999,-0.405136,0.00163455,0.00878634,0.00794058,-0.999929
147218344,0.306705,0.079113,-0.405931,-0.000246116,0.0165811,-0.00947884,-0.999818
147250759,0.322758,0.0932543,-0.40726,-0.013356,0.0248645,-0.00201793,-0.99961
147283900,0.335869,0.107851,-0.410147,-0.0195899,0.00481513,0.0112123,-0.999734
147317780,0.348162,0.123552,-0.410597,0.0247311,0.0142544,-0.00997097,0.999543
147350074,0.360893,0.138745,-0.412378,0.0288395,0.0278261,-0.00521882,0.999183
147383555,0.371896,0.153221,-0.41376,-0.00314186,0.00692724,-0.0193003,0.9997851
147417868,0.383614,0.167298,-0.414097,-0.00735516,0.00864001,-0.0050556,0.999923
147451716,0.392698,0.17991,-0.41692,-0.015449,0.0274885,0.00425057,0.999494
147484589,0.403547,0.196148,-0.418803,0.0104742,0.0677181,0.0323472,0.9971251
147517778,0.412955,0.209508,-0.419301,-0.0250883,0.0463955,0.0147025,0.9985
147550167,0.422179,0.227634,-0.419422,-0.016737,0.0416063,-0.0128339,0.998911
147584119,0.427829,0.243815,-0.418514,-0.014828,0.053723,-0.000302079,0.998446
147617550,0.433695,0.259365,-0.418629,-0.0121881,0.0648935,0.00145025,0.9978171
147650054,0.437707,0.269814,-0.414791,-0.03254,0.0589066,-0.000254663,0.997733
147684236,0.440723,0.287084,-0.414383,-0.0297615,0.0561348,-0.017419,0.997828
147718155,0.443636,0.297821,-0.407082,-0.0264874,0.0508021,0.00712133,0.9983321
147751035,0.444845,0.312786,-0.404132,-0.028875,0.0556107,-0.00590935,0.998017
147783711,0.445229,0.328125,-0.396988,-0.0111257,0.084928,0.027528,0.995945
147817871,0.442608,0.338498,-0.391981,-0.0282215,0.075892,0.016522,0.99658
147851013,0.441542,0.353871,-0.384123,-0.0110318,0.0679675,0.040231,0.9968151
147884446,0.436341,0.364329,-0.378467,-0.0256532,0.0684102,0.0266758,0.996971
147917966,0.431387,0.377448,-0.371395,-0.0218289,0.0672478,0.0324488,0.99697
147950516,0.424127,0.390048,-0.365461,-0.0225899,0.0766175,0.0257564,0.996472
147983617,0.416863,0.403139,-0.357381,-0.00849317,0.0770858,0.0359924,0.9963381
148016892,0.406506,0.412948,-0.350926,-0.0190863,0.0796199,0.0332309,0.996088
148049976,0.395191,0.424449,-0.344843,-0.0254846,0.066365,0.0396786,0.99668
148084410,0.385391,0.435405,-0.340646,-0.0255983,0.0688413,0.0362988,0.9966381
148117552,0.370529,0.448748,-0.33726,-0.0156405,0.0801759,0.0319047,0.996147
148150109,0.356799,0.459018,-0.332234,-0.00585918,0.0606748,0.044267,0.997158
148183837,0.34075,0.467491,-0.329681,-0.0245605,0.0790957,0.04367,0.995607
148216968,0.322194,0.478987,-0.327993,-0.0298016,0.0915579,0.0336383,0.9947851
148250337,0.30487,0.488404,-0.326388,-0.0334389,0.0728401,0.0269797,0.996418
148284235,0.28662,0.499023,-0.325466,-0.0383826,0.067091,0.0316918,0.996504
148317316,0.267018,0.509906,-0.325836,-0.0369618,0.0629783,0.024789,0.9970221
148349722,0.246449,0.520838,-0.325181,-0.0462204,0.0562867,-0.00539847,0.99733
148382824,0.224279,0.531281,-0.326297,-0.0472097,0.0617639,-0.0137926,0.996878
148417313,0.201697,0.543189,-0.327764,-0.0388053,0.0525709,-0.0169907,0.997718
148449629,0.178248,0.552943,-0.330479,-0.0408717,0.0484655,-0.0346945,0.9973851
148483401,0.154303,0.565401,-0.334436,-0.0307077,0.0303442,-0.0302469,0.99861
148517519,0.130078,0.578502,-0.340221,-0.0253896,0.0219105,-0.0226473,0.999181
148552084,0.105695,0.592694,-0.344112,-0.0324758,0.018375,-0.0527561,0.997911
148583838,0.0808129,0.60704,-0.351144,0.0418093,-0.0113528,0.0770077,-0.996089
148618088,0.0564924,0.624104,-0.356987,0.0368105,-0.0112553,0.0793183,-0.996106
148650313,0.0332412,0.64254,-0.363166,0.0325766,-0.0123719,0.0866753,-0.995627
148683767,0.00887329,0.662348,-0.37071,0.0381104,0.00362282,0.103341,-0.9939091
148717763,-0.0148024,0.684776,-0.375893,0.03304,0.00194478,0.101772,-0.994257
148749905,-0.0385483,0.709637,-0.382484,0.0212005,0.00280115,0.101597,-0.994596
148784101,-0.0613085,0.735173,-0.389644,0.0253079,0.00378872,0.10113,-0.9945441
148817257,-0.0853591,0.761633,-0.397079,0.0404516,0.016864,0.127653,-0.99085
148850586,-0.105298,0.793152,-0.401256,0.0313295,0.0114262,0.126759,-0.991373
148883817,-0.127156,0.825484,-0.409178,0.0311216,0.00576214,0.134017,-0.990473
148916988,-0.150487,0.853436,-0.417145,-0.0143012,0.00286949,0.104214,-0.9944481
148949380,-0.17239,0.891708,-0.424495,0.000291309,0.0216157,0.114522,-0.993186
148982866,-0.191757,0.927675,-0.431202,-0.0226499,0.0278084,0.10164,-0.994175
149016639,-0.2065,0.961498,-0.438511,-0.00687642,0.0350641,0.075843,-0.996479
149050153,-0.225053,1.00111,-0.448514,0.0105841,0.0502156,0.0117508,-0.9986131
149083499,-0.248945,1.04363,-0.456605,0.0110488,0.00217892,0.0248315,-0.999628
149117164,-0.269585,1.0828,-0.464219,-0.0028255,0.0384637,0.0421554,-0.998366
149149824,-0.286608,1.1233,-0.467459,0.00630012,0.0323465,0.0292171,-0.99903
149183577,-0.305849,1.16161,-0.472264,-0.0194463,0.00498253,-0.00830509,0.9997641
149216502,-0.325783,1.19593,-0.476928,0.033875,-0.00512507,0.0208465,-0.999196
149251545,-0.346884,1.2371,-0.477744,0.0267353,0.000834612,-0.00249349,-0.999639
149283061,-0.365079,1.27578,-0.476649,-0.0194808,-0.000299042,0.019089,0.999628
149316545,-0.385104,1.30914,-0.475265,0.00691602,0.0123431,-0.0359549,-0.9992531
149349819,-0.405995,1.34509,-0.470602,-0.0056931,-0.0088478,0.0542703,0.998471
149384061,-0.426719,1.37413,-0.468655,0.00585461,0.00354389,0.0643789,0.997902
149416645,-0.44428,1.40613,-0.461921,0.0317511,-0.00460651,0.0562457,0.9979011
149450108,-0.464008,1.4335,-0.455328,0.0249767,0.0122963,0.0728958,0.996951
149483700,-0.484452,1.46234,-0.447161,0.0156333,0.034152,0.0839995,0.995758
149517007,-0.506423,1.48292,-0.438358,0.0335145,0.0429147,0.0993638,0.993561
149550035,-0.521899,1.5064,-0.428798,0.0297069,0.00460351,0.110413,0.993431
149584762,-0.546004,1.53289,-0.418406,-0.0132672,-0.0112129,0.0791981,0.996708
149616660,-0.564971,1.54835,-0.409562,0.00382078,-0.0142315,0.077599,0.996876
149650407,-0.586216,1.5593,-0.398895,0.0136531,0.00279392,0.104384,0.9944391
149682664,-0.606872,1.56988,-0.390233,0.000605986,-0.0188259,0.0766205,0.996882
149716803,-0.630138,1.57853,-0.378589,-0.00310598,-0.00894685,0.0841285,0.99641
149750089,-0.648458,1.58639,-0.364787,-0.00498316,-0.00457849,0.0920479,0.995732
149783836,-0.669742,1.5923,-0.351656,-0.00708648,-0.0040676,0.0850135,0.9963461
149816778,-0.690542,1.59031,-0.339242,-0.00329624,-0.00364407,0.0923296,0.995716
149850661,-0.710494,1.59023,-0.328982,-0.00774378,-0.0187409,0.0684133,0.997451
149883610,-0.731215,1.58639,-0.316545,-0.00602441,-0.0155254,0.0664903,0.997648
149916874,-0.752748,1.58134,-0.305401,0.0190323,0.0219662,-0.0700596,-0.9971191
149949828,-0.77192,1.57256,-0.293873,-0.00905528,-0.00725322,0.0821674,0.996551
149985851,-0.793787,1.56126,-0.284925,-0.00712452,-0.0170522,0.0701555,0.997365
150016841,-0.814169,1.54724,-0.276373,0.00341047,0.0207702,-0.07034,-0.997301
150050703,-0.836087,1.5302,-0.26871,-0.0193595,-0.0170853,0.0742417,0.9969061
150083708,-0.855713,1.51322,-0.261743,0.0141002,0.0225045,-0.063556,-0.997625
150117405,-0.879293,1.48903,-0.254406,-0.00587903,-0.0134533,0.0755921,0.997031
150150108,-0.895211,1.47358,-0.246986,-0.0282324,-0.022391,0.076836,0.996392
150183567,-0.919517,1.44438,-0.239601,0.0410613,0.0314976,-0.0887292,-0.9947111
150217490,-0.936042,1.41118,-0.234673,-0.00147263,0.0473798,-0.131645,-0.990163
150250564,-0.95686,1.37803,-0.231469,-0.0129718,0.0199406,-0.0626094,-0.997755
150284396,-0.974699,1.34446,-0.229418,0.0374097,-0.0224313,0.0784031,0.9959671
150317170,-1.0014,1.31428,-0.223992,-0.0304434,-0.0192444,0.0954447,0.994783
150350306,-1.02467,1.27402,-0.225274,-0.0757501,0.0280542,0.108789,0.990777
150383793,-1.04277,1.23757,-0.219168,-0.0828367,-0.00701652,0.0890587,0.992551
150417172,-1.06311,1.20023,-0.221351,-0.0520283,0.0000541998,0.0885091,0.9947161
150449843,-1.08406,1.15871,-0.221168,-0.0235912,0.0160353,0.102531,0.994321
150483394,-1.10711,1.11355,-0.224103,-0.0310761,0.0436503,0.105234,0.993003
150516873,-1.12936,1.06803,-0.226745,-0.0362719,0.0495519,0.0915833,0.993902
150549715,-1.15011,1.02406,-0.227252,-0.0331392,0.0408481,0.0787686,0.9955041
150583117,-1.17291,0.978508,-0.23087,-0.0398695,0.0302449,0.0536783,0.997304
150617549,-1.19345,0.930875,-0.232803,-0.0417032,0.0294955,0.0434254,0.99775
150649879,-1.21565,0.880875,-0.238741,-0.0609979,0.0103594,0.00143985,0.9980831
150683391,-1.23589,0.833634,-0.242041,-0.051247,0.0129936,-0.00756459,0.998573
150716484,-1.25502,0.784423,-0.245469,0.0510746,0.00591738,0.00852933,-0.998641
150750382,-1.2754,0.736653,-0.250763,0.0342518,0.0105676,0.0252493,-0.9990381
150783562,-1.29694,0.686327,-0.257515,-0.0173868,0.0270502,-0.00111122,0.999482
150817147,-1.31863,0.638966,-0.2631,0.0319401,0.00328075,0.0354359,-0.998856
150849545,-1.33741,0.591808,-0.268714,0.0274318,0.00808373,0.0649202,-0.997481
150883534,-1.35552,0.545968,-0.273127,0.00670223,0.0574372,0.0453237,-0.9972971
150916771,-1.37745,0.50253,-0.285422,0.0269006,0.037015,0.0634888,-0.996933
150950860,-1.39386,0.454452,-0.294953,-0.0132255,-0.00181012,0.055502,-0.998369
150983056,-1.4174,0.408176,-0.308073,0.0637158,0.0736009,0.00488173,0.995238
151016546,-1.43745,0.359346,-0.304474,0.107242,0.0669947,-0.0948402,0.9874291
151049899,-1.4528,0.336093,-0.321548,0.0577042,0.0337662,-0.0712887,0.995213
151083026,-1.46772,0.306248,-0.32955,-0.0445719,-0.012099,0.0753931,-0.996084
151116813,-1.48516,0.275195,-0.337138,-0.0508875,-0.0257337,0.18073,-0.9818781
151149839,-1.50172,0.25417,-0.343496,0.0080218,-0.015142,0.224546,-0.974313
151183560,-1.51672,0.231804,-0.357776,0.0122339,-0.0106137,0.142224,-0.989702
151217451,-1.53177,0.207101,-0.36253,0.000330102,-0.0271108,0.132222,-0.9908491
151249648,-1.53928,0.184035,-0.366763,0.0417244,0.0209115,0.147787,-0.987917
151284435,-1.5554,0.173441,-0.375965,-0.0237146,0.0081887,0.15568,-0.987489
151318164,-1.56799,0.158305,-0.378774,-0.0155981,-0.00517335,0.155998,-0.9876211
151349363,-1.58403,0.146384,-0.380258,-0.0232705,-0.01789,0.153863,-0.987656
151382998,-1.59475,0.138399,-0.380451,-0.0196073,0.000218421,0.158734,-0.987127
151417211,-1.60785,0.131949,-0.381588,-0.0101725,-0.0136316,0.13765,-0.990335
151450384,-1.62488,0.128176,-0.377073,-0.00401228,-0.0249304,0.125773,-0.9917381
151482994,-1.63415,0.127082,-0.376864,-0.00542674,-0.0166118,0.13341,-0.990907
151516790,-1.64282,0.128205,-0.374749,-0.00699715,-0.00771886,0.136828,-0.99054
151549052,-1.65159,0.130931,-0.370373,-0.010674,0.0000751924,0.127306,-0.991806
151584384,-1.6629,0.134582,-0.365912,-0.00307057,0.00166539,0.120076,-0.9927591
151616911,-1.6725,0.143641,-0.360301,-0.0084555,-0.0078242,0.10997,-0.993868
151649993,-1.68143,0.153732,-0.355722,-0.0102601,-0.013354,0.109652,-0.993827
151683732,-1.6927,0.164918,-0.349297,-0.00379547,-0.00820421,0.0908602,-0.995823
151716320,-1.70055,0.178093,-0.344531,-0.00840126,-0.0138387,0.0795339,-0.9967011
151750920,-1.70904,0.192708,-0.339238,-0.010496,-0.0133019,0.0653399,-0.997719
151783526,-1.71734,0.207951,-0.334231,-0.011716,-0.0078947,0.0573847,-0.998252
151816359,-1.72696,0.224111,-0.330479,0.00544971,-0.00573272,0.0466677,-0.9988791
151850120,-1.73423,0.240601,-0.328602,0.00575286,-0.00673951,0.0451375,-0.998942
151882971,-1.74146,0.257426,-0.326247,0.0138719,0.00278914,0.0353967,-0.999273
151916024,-1.75169,0.272486,-0.323421,0.0232312,0.0000210574,0.0182473,-0.999564
151949725,-1.7585,0.29198,-0.32409,0.0245685,0.00784016,0.0176308,-0.9995121
151983168,-1.76568,0.308524,-0.323361,0.0289142,0.0105227,0.00689218,-0.999503
152016819,-1.77239,0.324743,-0.323585,0.0273774,0.0182238,-0.00288871,-0.999455
152049898,-1.77717,0.337587,-0.32286,0.0719124,0.0359281,0.00196506,-0.9967621
152082841,-1.7875,0.352338,-0.32534,0.105717,0.0290361,-0.00488343,-0.99396
152116928,-1.79371,0.369328,-0.33109,0.0823699,0.0274893,0.0123878,-0.996146
152149394,-1.80161,0.387724,-0.33352,0.0582887,0.015763,-0.00405658,-0.998167
152183262,-1.80395,0.400021,-0.336644,0.0581803,0.000145865,0.0203337,-0.9980991
152216529,-1.80815,0.406646,-0.339142,0.0710033,0.00969204,0.00332186,-0.997424
152249522,-1.81662,0.42482,-0.346021,-0.029122,0.0114664,0.0348317,0.998903
152283300,-1.82592,0.438789,-0.354687,-0.0664156,0.0164015,0.053324,0.9962311
152316616,-1.83145,0.447808,-0.360453,-0.0638645,0.00350866,0.0518591,0.996604
152349278,-1.8361,0.458244,-0.364635,-0.0572337,-0.0138451,0.0534196,0.996834
152382678,-1.83931,0.459493,-0.371593,0.0261667,0.020084,-0.0553961,-0.997919
152416778,-1.84512,0.466138,-0.377547,0.0280978,0.0317451,-0.051044,-0.9977961
152449626,-1.85179,0.468506,-0.387421,0.00652431,0.0257568,-0.0668717,-0.997408
152482956,-1.86414,0.472837,-0.398035,-0.0633124,-0.0108406,0.0826029,0.99451
152516453,-1.86954,0.469682,-0.404384,0.025141,0.0444989,-0.0463233,-0.997618
152549792,-1.87718,0.471378,-0.413535,0.0264544,0.0232206,-0.0639167,-0.9973341
152583199,-1.88007,0.467908,-0.42375,0.0139797,0.0361887,-0.0410648,-0.998403
152617546,-1.88853,0.461984,-0.430849,0.0285733,0.0329012,-0.04384,-0.998088
152649524,-1.89734,0.457468,-0.439203,0.0497399,0.0337621,-0.0420004,-0.997307
152683079,-1.9055,0.448539,-0.44821,0.0684798,0.0439039,-0.0272298,-0.9963141
152716340,-1.90924,0.438136,-0.458533,0.0170876,0.0317386,-0.0213708,-0.999122
152749599,-1.91152,0.422195,-0.468788,-0.0206313,0.0341981,-0.0277998,-0.998815
152783101,-1.92597,0.422571,-0.476031,0.0422121,0.0157971,-0.0396739,-0.9981961
152816666,-1.93352,0.398793,-0.485041,-0.036117,-0.00197623,0.0598521,0.997552
152850177,-1.94344,0.389907,-0.496503,-0.0684451,0.0142708,0.0728147,0.994892
152883786,-1.94841,0.376842,-0.506416,-0.0422223,0.0194168,0.0663311,0.9967151
152917129,-1.95646,0.361924,-0.515762,-0.0444659,0.0246733,0.0665427,0.996487
152949600,-1.96595,0.344299,-0.526722,-0.0697485,0.0234458,0.061992,0.99536
152983218,-1.9762,0.331035,-0.537116,-0.0814222,-0.00293961,0.0323495,0.99615
153016583,-1.98191,0.314289,-0.54458,-0.0771038,0.0131777,0.0423568,0.9960361
153049223,-1.99107,0.301694,-0.553761,-0.0583633,0.0147958,0.0457139,0.997139
153084042,-1.99878,0.28057,-0.560755,-0.0795932,0.0100327,0.0233398,0.996504
153116219,-2.00644,0.26504,-0.567679,-0.0812125,0.0198243,0.021463,0.996268
153150207,-2.00865,0.233821,-0.566357,-0.00852436,0.0548314,0.0453401,0.9974291
153183060,-2.01974,0.220596,-0.574937,-0.010185,0.063749,0.0209443,0.997694
153216156,-2.02577,0.206493,-0.582129,-0.0521638,0.0351049,-0.0110418,0.99796
153248957,-2.03536,0.192883,-0.586808,-0.0668623,0.0380614,-0.0271807,0.996665
153283188,-2.04288,0.175082,-0.591358,-0.067822,0.0305454,-0.0250399,0.9969151
153315713,-2.05139,0.159328,-0.596651,-0.064491,0.0268252,-0.0155447,0.997437
153349597,-2.05836,0.140527,-0.596611,-0.0625169,0.0376464,-0.0406489,0.996505
153383096,-2.06945,0.123104,-0.597041,-0.0856117,0.0270975,-0.0537025,0.994511
153416632,-2.07863,0.111917,-0.600022,0.113191,-0.00927182,0.0604636,-0.9916881
153450103,-2.08371,0.0972792,-0.598343,-0.0967307,0.0326178,-0.0458322,0.99372
153483491,-2.09022,0.0842077,-0.598633,-0.0827502,0.0305434,-0.0288645,0.995684
153516295,-2.09452,0.0684786,-0.595114,-0.0940773,0.0392393,-0.0707734,0.992271
153548764,-2.10179,0.0596345,-0.594258,0.105903,-0.0208075,0.0997912,-0.9891381
153582527,-2.1101,0.0512826,-0.595077,0.126084,0.0150706,0.0754692,-0.98903
153616201,-2.11049,0.0415175,-0.590684,0.0906205,0.0125104,0.0302543,-0.995347
153648920,-2.11728,0.0328582,-0.58845,0.100336,0.012612,0.0435881,-0.9939181
153682438,-2.11981,0.0269269,-0.586314,0.115381,0.0298819,0.055714,-0.991307
153716195,-2.12147,0.0190754,-0.578941,0.102945,0.0213627,0.078995,-0.991315
153749389,-2.12417,0.0147837,-0.576627,0.0996505,0.032899,0.0647718,-0.9923671
153783428,-2.12424,0.0114236,-0.572104,0.0956327,0.0317177,0.0642591,-0.992834
153816672,-2.12528,0.0104341,-0.56956,0.107136,0.0349636,0.0647482,-0.991518
153849592,-2.1242,0.0116583,-0.567683,0.103819,0.0360482,0.0643666,-0.9918561
153882521,-2.11997,0.0129234,-0.563694,0.101232,0.0460335,0.0665718,-0.991565
153916742,-2.11575,0.0162322,-0.560623,0.0978311,0.0467002,0.0666283,-0.991871
153949177,-2.11187,0.0187166,-0.558713,0.107774,0.0445568,0.0676801,-0.990868
153983101,-2.10657,0.0233444,-0.556814,0.110744,0.0420371,0.0648321,-0.9908411
154016616,-2.10006,0.0288926,-0.555177,0.112424,0.0422012,0.0606203,-0.990911
154049585,-2.09237,0.0354458,-0.553807,0.117451,0.0395494,0.0534493,-0.99085
154082517,-2.08339,0.0431304,-0.552611,0.115315,0.0421156,0.0555732,-0.990879
154116429,-2.07181,0.0478113,-0.549768,0.117276,0.0553562,0.0498802,-0.99031
154149841,-2.06261,0.0630508,-0.550534,0.116837,0.04675,0.0529888,-0.990634
154183303,-2.05133,0.0717595,-0.549741,0.134458,0.0505603,0.0519654,-0.988263
154216636,-2.03792,0.0843882,-0.549518,0.120879,0.0472275,0.0487378,-0.9903451
154249370,-2.02426,0.096819,-0.549652,0.122017,0.0496209,0.0433927,-0.990337
154282487,-2.0077,0.11044,-0.550358,0.114241,0.0352545,0.034033,-0.992244
154316066,-1.99027,0.125402,-0.551804,0.114277,0.0476542,0.0420708,-0.991413
154349522,-1.97234,0.141545,-0.554536,0.109995,0.0516044,0.0559346,-0.9910141
154382434,-1.95142,0.154132,-0.551165,0.108966,0.0751293,0.0318423,-0.990691
154416402,-1.93082,0.172772,-0.554222,0.106412,0.0642442,0.0387386,-0.991488
154449504,-1.91068,0.192925,-0.555788,0.109324,0.0691905,0.0320845,-0.991076
154482923,-1.8876,0.209674,-0.557104,0.103312,0.0777599,0.0406277,-0.9907721
154516052,-1.86409,0.227943,-0.559297,0.0792152,0.073941,0.0363393,-0.993447
154548861,-1.83783,0.246759,-0.561605,0.066878,0.0719136,0.0456356,-0.994119
154583659,-1.81224,0.270936,-0.565276,0.0907148,0.0701587,0.0281506,-0.9930041
154616967,-1.78412,0.292905,-0.570146,0.075707,0.0527284,0.0195426,-0.995543
154650019,-1.7569,0.30809,-0.568302,0.0893501,0.0495013,0.0243415,-0.994472
154681963,-1.72834,0.328545,-0.573193,0.10217,0.0805734,0.00463806,-0.991488
154715483,-1.69618,0.346759,-0.573573,0.130238,0.0919123,0.0272866,-0.9868361
154748631,-1.66737,0.369639,-0.580701,0.116451,0.0653918,0.0169085,-0.990897
154782565,-1.63832,0.388166,-0.586602,0.104071,0.0411986,0.0302391,-0.993256
154815453,-1.60771,0.399215,-0.5898,0.151492,0.00126414,0.00784378,-0.988427
154848995,-1.57437,0.425201,-0.59914,-0.157022,-0.00661882,0.0238418,0.9872851
154881880,-1.54155,0.431035,-0.595248,-0.0227275,0.0103428,0.07255,0.997052
154915945,-1.50329,0.44658,-0.605086,-0.00343988,0.0248138,-0.0749365,-0.996874
154948484,-1.46294,0.478703,-0.623711,0.00993,0.0289923,0.0189542,-0.999351
154982051,-1.43525,0.500038,-0.623187,0.0483637,0.0519694,-0.0277458,-0.9970911
155015545,-1.4009,0.521379,-0.63154,0.0656132,0.0426681,-0.0355313,-0.996299
155048390,-1.3683,0.53641,-0.638562,0.0691987,0.0307085,-0.0516151,-0.995793
155082596,-1.32354,0.552569,-0.650384,0.0551177,0.0886853,-0.0508376,-0.9932331
155116149,-1.28689,0.571042,-0.655143,0.0621408,0.111673,-0.0487376,-0.990602
155148957,-1.25154,0.580113,-0.669198,0.0790817,0.0573561,-0.0119382,-0.995145
155182901,-1.21352,0.595601,-0.683409,0.0928013,0.0538483,-0.0051048,-0.9942141
155215471,-1.16961,0.613514,-0.693383,0.0411055,0.0568466,-0.0089724,-0.997496
155249642,-1.13074,0.622141,-0.701929,0.0330302,0.0736639,-0.00814103,-0.996703
155283303,-1.09173,0.638407,-0.714004,0.0624714,0.0601225,-0.0112952,-0.996171
155316543,-1.05223,0.649777,-0.727032,0.0632399,0.0579364,-0.00199928,-0.996313
155349060,-1.01295,0.661517,-0.739023,0.0427607,0.0477289,0.010759,-0.997887
155382777,-0.972892,0.671828,-0.752074,0.0281916,0.0178654,0.00194286,-0.999441
155416416,-0.933194,0.681006,-0.763855,-0.0117189,0.00430156,-0.00888648,0.9998831
155448857,-0.889247,0.682553,-0.769133,-0.0198852,0.00591569,-0.0138453,0.999689
155482507,-0.848683,0.692912,-0.775242,-0.0102016,0.0117499,-0.0112536,0.999816
155516245,-0.810021,0.702784,-0.77895,0.0492749,0.00768516,0.0179396,-0.998595
155548990,-0.769051,0.70777,-0.783273,0.0381185,0.0103103,-0.00414536,-0.9992111
155582305,-0.726128,0.710308,-0.785639,0.0495769,0.00537245,-0.0174043,-0.998604
155616225,-0.686528,0.71545,-0.786094,-0.0538449,-0.00730625,0.0372283,0.997828
155648999,-0.647825,0.721319,-0.784697,-0.0426597,0.0218796,0.0463401,0.9977751
155682565,-0.607859,0.728755,-0.778481,-0.0184562,0.00777659,0.025455,0.999475
155715928,-0.569269,0.732418,-0.775086,0.0188186,0.0154033,-0.0330157,-0.999159
155748658,-0.536848,0.737988,-0.773647,0.0408863,0.0063784,-0.0148305,-0.999033
155782360,-0.502165,0.74327,-0.769656,-0.0414383,0.00288873,0.0110977,0.9990751
155815684,-0.465765,0.74496,-0.764637,0.0191634,0.00545546,-0.0167182,-0.999662
155849354,-0.42981,0.748008,-0.758648,0.0100485,-0.00454096,0.0270082,0.999574
155882596,-0.398807,0.754298,-0.754635,-0.0225328,0.00416714,0.0201812,0.9995341
155915740,-0.363866,0.758002,-0.750108,0.0320827,0.00627962,-0.0149259,-0.999354
155949597,-0.332718,0.76009,-0.747559,0.0234346,0.00666591,-0.00983364,-0.999655
155982299,-0.300963,0.762886,-0.743964,-0.0276261,-0.00333527,0.0175364,0.999459
156016248,-0.269729,0.764884,-0.740992,-0.0211833,0.00642671,0.0271638,0.9993861
156049635,-0.240929,0.769095,-0.736396,-0.0115371,-0.00162243,0.0231391,0.999664
156081952,-0.212438,0.767597,-0.735498,-0.0314238,0.0103781,0.0337084,0.998884
156116627,-0.184284,0.769764,-0.732136,-0.02082,0.0208928,0.0194866,0.9993751
156149131,-0.157919,0.771537,-0.731683,-0.0177239,0.0138381,0.0340844,0.999166
156182404,-0.132018,0.77398,-0.72699,-0.00542299,-0.00371169,0.019491,0.999788
156215697,-0.105287,0.772709,-0.726796,-0.00770257,-0.00447631,0.0252206,0.999642
156249404,-0.0811014,0.773835,-0.724653,-0.00897346,0.0116954,-0.0183457,-0.9997231
156281991,-0.0590662,0.772472,-0.727105,-0.0126777,0.0211144,0.0411981,0.998847
156314319,-0.0359746,0.774494,-0.722666,-0.0140261,0.00951281,0.0191357,0.999673
156348032,-0.0155524,0.773508,-0.721355,0.00320758,0.00731342,0.0124835,0.99989
156381954,0.00839648,0.770212,-0.721639,-0.0121828,0.0132683,0.00972638,0.999791
156415483,0.0274625,0.76687,-0.721784,-0.00789998,0.0034895,0.0285664,0.999555
156449669,0.0465155,0.763245,-0.72225,0.000200781,0.0123195,0.0286878,0.999512
156481953,0.0663208,0.757227,-0.723499,-0.00312308,0.0128735,0.0392666,0.999141
156516309,0.0828666,0.750686,-0.721542,0.0200222,0.0150444,0.0282916,0.9992861
156548714,0.102369,0.743608,-0.722179,0.0169776,0.0241806,0.0140861,0.999464
156581624,0.122779,0.730152,-0.724033,0.00288447,0.0143033,0.0238012,0.99961
156615121,0.140539,0.71791,-0.724557,0.0179203,0.0134826,0.00995985,0.999699
156648298,0.156992,0.7091,-0.7272,0.0242146,0.00131064,0.0398551,0.9989111
156682839,0.175013,0.696357,-0.72763,0.0456517,-0.0145045,0.0531654,0.997436
156715702,0.19314,0.67908,-0.730844,-0.0659397,0.0413814,-0.00688935,-0.996941
156750136,0.203889,0.667246,-0.731516,-0.0538219,0.0193329,-0.0152087,-0.9982481
156781343,0.217006,0.644912,-0.734383,0.0642844,-0.000247228,0.0234521,0.997656
156815944,0.235293,0.622856,-0.734205,0.0695948,0.0045303,0.0575004,0.995907
156848547,0.24674,0.606457,-0.73351,0.0316641,0.00333448,0.0761716,0.996586
156881536,0.267917,0.581784,-0.732265,-0.0817384,0.0363698,-0.0614298,-0.9940941
156915165,0.284058,0.55586,-0.730704,-0.113315,0.0414731,-0.0809598,-0.989386
156948626,0.289719,0.521576,-0.740227,0.0174943,0.0219058,0.0600914,0.997799
156982595,0.30125,0.48982,-0.744093,-0.0238571,0.0520597,0.0339872,0.997781
157016230,0.316287,0.461706,-0.744398,0.0424032,0.0551178,0.0663297,0.995371
157048030,0.32919,0.432506,-0.747861,0.0226392,0.015221,0.00423093,0.999619
157081730,0.34027,0.400006,-0.746521,0.0140686,0.0332752,0.0215865,-0.999114
157115617,0.355483,0.366079,-0.744375,0.0303824,0.00604698,0.0285342,0.9991131
157148011,0.367926,0.327967,-0.747499,0.00419304,0.0105069,0.0274222,0.99956
157183341,0.380652,0.287934,-0.750379,-0.00178177,0.0130379,0.0384398,0.999174
157215812,0.392973,0.252069,-0.752157,-0.00864883,0.0116228,0.023077,0.9996291
157248885,0.406876,0.21678,-0.759249,-0.056013,0.0231389,0.0334067,0.997603
157282220,0.42033,0.180093,-0.763637,-0.0812514,0.0325671,0.0139793,0.996063
157316488,0.43325,0.145263,-0.767225,-0.0873817,0.0268633,-0.0109609,0.9957521
157348492,0.446458,0.114795,-0.769367,-0.0631568,0.013439,-0.0275549,0.997533
157382039,0.457843,0.0832019,-0.775317,0.0676164,-0.00418366,0.0748813,-0.994889
157415402,0.470126,0.0515461,-0.778232,0.0464607,0.022314,0.0761934,-0.99576
157448596,0.485247,0.0187427,-0.782896,0.0526849,0.0282975,0.0936667,-0.9938061
157481841,0.498957,-0.0123277,-0.788858,0.0180633,0.0143451,0.0901153,-0.995664
157516333,0.503987,-0.0309017,-0.795504,0.0579308,0.00717179,0.0948273,-0.993781
157549384,0.519996,-0.0631672,-0.805727,0.0657276,-0.00340612,0.0825355,-0.9944121
157582617,0.533521,-0.090015,-0.808747,0.070686,0.0219894,0.0856922,-0.993568
157615947,0.548172,-0.11122,-0.812913,0.050105,0.0392516,0.103557,-0.992585
157648321,0.560135,-0.127445,-0.820577,0.0493996,0.0206589,0.0954854,-0.99399
157681501,0.573766,-0.145552,-0.825747,0.0448448,0.0205047,0.0758117,-0.9959021
157715578,0.587137,-0.160496,-0.832981,0.0555811,0.0157994,0.0796325,-0.995148
157748549,0.600769,-0.173103,-0.83911,0.0543867,0.0161519,0.0816994,-0.995041
157781617,0.614083,-0.180723,-0.845838,0.0458949,0.00557944,0.0856446,-0.9952521
157815101,0.62829,-0.189275,-0.851084,0.0447728,0.000576505,0.0799795,-0.99579
157848386,0.641936,-0.194069,-0.858176,0.0396271,-0.00428734,0.0950923,-0.99467
157881878,0.655152,-0.196831,-0.864209,0.0415393,-0.00247905,0.100046,-0.9941121
157915169,0.669616,-0.197419,-0.871277,0.0290003,-0.00447186,0.0883126,-0.995661
157948659,0.683064,-0.197849,-0.87729,0.0316382,-0.00709935,0.0762691,-0.99656
157981589,0.696235,-0.196398,-0.8838,0.0359006,-0.00632795,0.0640743,-0.997279
158015601,0.708889,-0.193987,-0.890809,-0.0336684,0.0154669,-0.0492043,0.9981011
158048661,0.721084,-0.188904,-0.898243,-0.0367151,0.0236533,-0.0372231,0.998352
158082014,0.732614,-0.181946,-0.905954,-0.0355589,0.0334185,-0.0245672,0.998507
158115105,0.742661,-0.172603,-0.914349,-0.0347372,0.041464,-0.0103856,0.998482
158148407,0.751607,-0.165153,-0.91835,-0.0375492,0.0451043,-0.0230005,0.9980111
158182004,0.758078,-0.154799,-0.926747,-0.0336366,0.0732003,-0.0256937,0.996419
158215068,0.762257,-0.144054,-0.934257,-0.0249053,0.0973127,-0.0333259,0.994384
158247834,0.765119,-0.133838,-0.940219,-0.0206166,0.101048,-0.025909,0.99433
158282064,0.765781,-0.12207,-0.946298,-0.0185323,0.107578,-0.0194004,0.9938351
158315542,0.763016,-0.110232,-0.952693,-0.0155658,0.115167,-0.0155952,0.993102
158348274,0.757872,-0.0971112,-0.958774,-0.0120146,0.123009,-0.0112097,0.99227
158381531,0.749591,-0.0855485,-0.964509,-0.0189162,0.126225,-0.00445433,0.991811
158415147,0.737554,-0.0731794,-0.97061,-0.0134445,0.136644,0.00285122,0.9905251
158448537,0.721274,-0.0605881,-0.975971,-0.0137353,0.14555,-0.00121851,0.989255
158481515,0.702326,-0.0474291,-0.980753,-0.0188603,0.151615,0.003817,0.988252
158514764,0.679834,-0.0342504,-0.984968,-0.031449,0.157346,-0.00355679,0.987036
158548294,0.655168,-0.0212701,-0.987216,-0.0267272,0.150355,0.0030033,0.9882661
158582299,0.62794,-0.00727301,-0.990221,-0.0165389,0.151678,0.00469495,0.98828
158615656,0.595411,0.00409491,-0.990276,-0.012835,0.157935,0.0248883,0.987052
158648344,0.561057,0.015093,-0.990319,-0.0132147,0.155339,0.0190315,0.987591
158681269,0.521398,0.0266458,-0.988353,-0.009765,0.168804,0.0333571,0.985037
158715251,0.479472,0.0367859,-0.985695,-0.0148416,0.173211,0.038825,0.984007
158749656,0.433218,0.0473386,-0.978776,0.00162585,0.17999,0.0526385,0.9822581
158780958,0.380237,0.0573403,-0.973631,-0.0181632,0.18351,0.0431192,0.981904
158814925,0.326185,0.067516,-0.965772,-0.0242034,0.185961,0.0208639,0.982037
158848447,0.273721,0.0760284,-0.956273,-0.0149271,0.184836,0.0222142,0.982405
158881623,0.220028,0.084489,-0.944148,-0.00558098,0.162374,0.0474867,0.985571
158915637,0.158297,0.0928749,-0.933426,-0.0099322,0.174492,0.0356283,0.983964
158948743,0.0915947,0.099695,-0.922074,-0.0243303,0.17159,0.00961802,0.984821
158981861,0.0212539,0.108399,-0.910442,-0.033984,0.161911,-0.0165483,0.9860811
159015764,-0.041321,0.115877,-0.892743,-0.0535074,0.15847,-0.0248196,0.9856
159048744,-0.116792,0.122705,-0.877273,-0.0435445,0.159841,-0.0353236,0.985549
159081884,-0.188313,0.129567,-0.859698,-0.0283731,0.139818,0.0319745,0.9892541
159114734,-0.270463,0.132174,-0.83862,-0.0494667,0.116837,0.0312825,0.991425
159148596,-0.354833,0.138053,-0.825987,-0.0608115,0.149694,0.0236072,0.986578
159181346,-0.436839,0.143079,-0.802761,-0.0553173,0.102821,0.0453146,0.992126
159215518,-0.514339,0.144654,-0.785778,-0.0405375,0.113403,0.0112178,0.9926581
159248155,-0.595309,0.149628,-0.769922,-0.0111174,0.103971,0.00992799,0.994469
159281930,-0.692186,0.156602,-0.754385,-0.0250786,0.0834687,-0.00134469,0.996194
159314334,-0.782857,0.160625,-0.738747,-0.00750335,0.0727219,-0.0112445,0.997261
159347357,-0.869524,0.166134,-0.723448,-0.0188132,0.0713163,-0.0111807,0.9972141
159381118,-0.961696,0.167641,-0.709247,-0.033854,0.0522146,-0.0119516,0.99799
159415342,-1.05264,0.171131,-0.696144,-0.0426625,0.0367611,0.00273642,0.998409
159449525,-1.14412,0.173052,-0.683689,-0.0395626,0.0144432,-0.00409342,0.9991041
159481698,-1.23518,0.176562,-0.672758,-0.0398517,0.00406489,-0.00385786,0.99919
159515742,-1.32647,0.179012,-0.664533,0.0267868,0.0117134,0.0081247,-0.99954
159548414,-1.41959,0.180955,-0.654766,0.0430011,0.0168641,0.00131012,-0.998932
159581741,-1.50366,0.178577,-0.644817,0.027461,0.0313406,0.0051431,-0.9991181
159614685,-1.59372,0.182354,-0.639897,0.0303404,0.044751,-0.00675077,-0.998515
159647888,-1.68044,0.181379,-0.635503,0.00298695,0.0405576,0.00233855,-0.99917
159681755,-1.76436,0.183362,-0.630359,0.00392784,0.0532043,-0.0129626,-0.9984921
159715419,-1.85266,0.18693,-0.626416,0.0137382,0.0710278,-0.00678719,-0.997357
159748894,-1.93477,0.187257,-0.623675,0.0151866,0.0803179,-0.0149227,-0.996542
159782362,-2.01297,0.191075,-0.620354,-0.00351638,0.107502,-0.00494989,-0.9941861
159814405,-2.00579,0.162181,-0.567542,0.0580784,0.21186,0.0116613,-0.975503
159848588,-2.16369,0.190322,-0.619202,0.0331819,0.116604,-0.0203369,-0.992416
159881563,-2.21562,0.179278,-0.569125,-0.0282482,0.281069,0.22091,-0.933489
159916925,-2.29265,0.19164,-0.616104,0.0593644,0.116119,0.040048,-0.9906511
159947547,-2.37697,0.193405,-0.618165,0.0342755,0.127753,0.033397,-0.990651
159981222,-2.44053,0.192769,-0.622903,-0.0119093,0.145852,-0.0264858,-0.98888
160014680,-2.50643,0.207025,-0.609513,-0.0531196,0.209571,0.0490431,-0.975117
160047957,-2.5325,0.176123,-0.625938,-0.0413053,0.278137,0.0233739,-0.9593681
160081685,-2.62794,0.195835,-0.623917,0.0559935,0.136701,0.00318605,-0.989023
160115174,-2.67391,0.199529,-0.620799,0.0129443,0.156782,0.00790473,-0.987517
160208016,-2.71796,0.201892,-0.614909,-0.0137793,0.180975,-0.0088647,-0.9833511
160208794,-2.76068,0.199574,-0.614968,0.00165059,0.180445,0.0186901,-0.983406
160215439,-2.79377,0.191988,-0.611398,-0.0317365,0.173586,-0.00667245,-0.984284
160247677,-2.84395,0.188565,-0.603766,-0.104827,0.171813,-0.0115798,-0.979468
160282055,-2.8744,0.206968,-0.597503,-0.0173385,0.186943,0.00669125,-0.982195
160315599,-2.90883,0.195081,-0.586691,-0.0429148,0.19361,-0.0201066,-0.9799331
160348695,-2.93468,0.181239,-0.576352,-0.0714697,0.203853,-0.0147119,-0.976278
160381546,-2.95311,0.201244,-0.572987,-0.0805211,0.19095,0.00378791,-0.978284
160414844,-2.97366,0.202824,-0.563667,-0.0530418,0.173489,0.00196256,-0.983404
160447603,-2.98944,0.206391,-0.553914,-0.0177334,0.183945,-0.0189421,-0.9825941
160481454,-3.00026,0.205334,-0.541363,-0.0549841,0.166378,-0.010158,-0.984475
160515153,-3.00868,0.211138,-0.531359,-0.0284247,0.16809,-0.00336355,-0.985356
160549431,-3.0135,0.210938,-0.517877,-0.0168857,0.167205,-0.00236216,-0.9857751
160581642,-3.01425,0.212001,-0.50154,-0.0249494,0.165322,0.00043482,-0.985924
160614307,-3.01311,0.212305,-0.485608,-0.0181566,0.160716,-0.0022501,-0.986831
160647572,-3.00867,0.211578,-0.468691,-0.00999367,0.150001,-0.00852823,-0.988599
160681499,-2.99521,0.206509,-0.451156,-0.0724228,0.126132,-0.00614345,-0.9893471
160715321,-2.98306,0.208694,-0.432699,-0.0599128,0.12476,-0.0115859,-0.990309
160748117,-2.97099,0.213786,-0.417051,-0.0117445,0.132094,-0.00286904,-0.991163
160780750,-2.95505,0.214714,-0.403666,0.0157312,0.128123,0.0273133,-0.991257
160814638,-2.93149,0.215936,-0.384734,0.00118103,0.12779,0.0218421,-0.991561
160847626,-2.90918,0.216041,-0.368051,0.00335879,0.132165,0.0318702,-0.99071
160881709,-2.8809,0.217624,-0.349652,-0.011834,0.159708,0.019482,-0.986901
160915482,-2.8508,0.216365,-0.333245,-0.0102765,0.164729,0.00494738,-0.9862731
160947545,-2.81765,0.213986,-0.317832,-0.0204667,0.158473,0.00394753,-0.987143
160982545,-2.78436,0.216832,-0.300179,-0.0186601,0.143693,0.0203908,-0.989236
161014669,-2.74666,0.217442,-0.285452,-0.0148188,0.134981,0.0128338,-0.990654
161048368,-2.70377,0.215302,-0.270887,-0.0266069,0.11286,0.00888031,-0.9932151
161081115,-2.66019,0.207349,-0.25306,-0.136681,0.0738986,-0.0390333,-0.987083
161114648,-2.61305,0.210276,-0.242329,-0.0783633,0.0928786,0.0151109,-0.992474
161148176,-2.56427,0.213064,-0.228407,-0.0730686,0.0811263,0.0278025,-0.993633
161181245,-2.51752,0.221007,-0.218969,-0.043996,0.0323744,0.0602931,-0.9966851
161215458,-2.46927,0.214896,-0.204817,-0.0250071,0.0757468,0.00765012,-0.996784
161247718,-2.41278,0.21463,-0.207649,0.00641154,0.072284,0.0352539,-0.99674
161281082,-2.37779,0.212078,-0.18841,0.0383225,0.113385,0.00559398,-0.992796
161315003,-2.28103,0.150269,-0.15527,-0.14453,0.0711638,-0.18434,-0.969571
161347756,-2.25977,0.211343,-0.173791,0.0115421,0.0618848,0.0380475,-0.997291
161380563,-2.18278,0.199309,-0.166855,-0.0475587,0.0567377,0.00807073,-0.997223
161414097,-2.12482,0.198443,-0.164251,-0.054516,0.0783795,0.0291688,-0.995004
161448249,-2.05891,0.179255,-0.162457,-0.140641,0.0695041,-0.00419788,-0.9876091
161481121,-1.99382,0.194354,-0.162705,-0.0360841,0.0640356,0.0357249,-0.996655
161514546,-1.92658,0.189413,-0.161389,-0.0316668,0.0663638,0.0411694,-0.996443
161548116,-1.85932,0.185973,-0.162553,-0.0215592,0.0604081,0.0443045,-0.996957
161580342,-1.79031,0.182342,-0.165669,-0.0308959,0.0375744,0.0472862,-0.9976961
161614522,-1.7193,0.174476,-0.16478,-0.0639631,-0.0201083,0.130739,-0.989147
161647120,-1.65104,0.176753,-0.175571,0.0176698,-0.00162964,0.0182756,-0.999676
161681327,-1.58097,0.165289,-0.182709,0.00319212,0.0119495,0.00769533,0.9998941
161714607,-1.51305,0.163699,-0.191293,0.0174529,0.0324603,0.0031918,0.999316
161749110,-1.43905,0.158375,-0.196264,-0.00103317,-0.0029231,0.0229812,-0.999731
161781323,-1.36242,0.153902,-0.205137,0.00739265,0.00259093,0.0463454,-0.998895
161814669,-1.28726,0.145156,-0.220717,0.00840352,0.0238993,0.0191328,-0.9994961
161848150,-1.2108,0.142536,-0.234281,0.00131224,0.0171605,0.0228368,-0.999591
161881519,-1.14063,0.136828,-0.248677,0.0197765,0.0075384,0.022407,-0.999525
161914577,-1.06638,0.13022,-0.262714,0.00285714,0.00903722,-0.0233117,0.999683
161948383,-0.996893,0.129677,-0.280036,-0.025367,0.0235622,-0.023254,0.999131
161981618,-0.92229,0.12179,-0.296771,-0.0076521,0.0202722,-0.0262415,0.999421
162015175,-0.850677,0.11762,-0.315672,-0.00864092,0.017445,-0.0211647,0.999586
162048547,-0.780468,0.113503,-0.32997,-0.0289989,0.0114927,-0.00430829,0.9995041
162081407,-0.709558,0.104552,-0.344731,-0.0287796,0.00282293,0.0261302,0.99924
162114365,-0.647602,0.102169,-0.361087,-0.0440067,0.0567457,0.0430713,0.996488
162147323,-0.583189,0.0963799,-0.377236,-0.0767438,0.0618952,0.0544281,0.993638
162180871,-0.519304,0.0944752,-0.398061,-0.0764363,0.067068,0.0118202,0.9947461
162214316,-0.454589,0.0875652,-0.415528,-0.0416109,0.100234,-0.0656387,0.991924
162247879,-0.394144,0.0850164,-0.432312,-0.0696645,0.0819427,-0.00733827,0.994172
162280937,-0.335789,0.0795731,-0.4465,-0.0882677,0.0752441,-0.0395226,0.9924641
162314549,-0.284076,0.0761611,-0.462454,-0.0799983,0.0970235,-0.0689046,0.989666
162348041,-0.2289,0.0704384,-0.474716,-0.0639967,0.107047,-0.0616976,0.990272
162380310,-0.17644,0.0638838,-0.486697,-0.0658883,0.121838,-0.0531001,0.988936
162414341,-0.127515,0.0581133,-0.497718,-0.0584923,0.11747,-0.0303978,0.9908861
162446947,-0.0807634,0.0520607,-0.506861,-0.0440724,0.12275,0.000228526,0.991459
162481911,-0.0411353,0.0477827,-0.5158,-0.0745495,0.123459,-0.0124301,0.989467
162514540,0.000344238,0.0443491,-0.524737,-0.0686183,0.116239,-0.0210905,0.9906241
162548154,0.0380143,0.042627,-0.535885,-0.0596917,0.115948,-0.0443494,0.990468
162581264,0.0734586,0.0373317,-0.544927,-0.0727206,0.101532,-0.0563098,0.990572
162614394,0.105291,0.0315217,-0.552876,-0.0658458,0.106754,-0.0242331,0.991807
162647183,0.136825,0.0277647,-0.556892,-0.0204953,0.0966136,0.00434263,0.9951011
162681533,0.163536,0.0256829,-0.563635,-0.0347239,0.0655198,-0.0104578,0.997192
162714731,0.188915,0.0200847,-0.565889,-0.0388161,0.0584025,-0.00763948,0.997509
162747971,0.211595,0.0177027,-0.571833,-0.0397019,0.0706029,-0.0043046,0.9967051
162780275,0.232296,0.0162575,-0.576847,-0.0432471,0.057334,-0.022248,0.99717
162814172,0.251314,0.0129058,-0.580082,-0.0685033,0.0441598,-0.0349218,0.996061
162847127,0.269815,0.0110009,-0.583449,-0.0709035,0.0376727,-0.0325611,0.99624
162882100,0.286742,0.0124202,-0.58745,-0.0576492,0.0421537,-0.0309402,0.9969671
162914200,0.298007,0.0106753,-0.591104,-0.0723944,0.0436587,-0.0221216,0.996174
162947732,0.306253,0.0104028,-0.595813,-0.0897755,0.0461347,-0.020629,0.994679
162980844,0.317448,0.0125659,-0.602046,-0.0832816,0.0513141,-0.0149672,0.995091
163013837,0.323704,0.0155441,-0.608143,-0.0846159,0.064361,-0.0136802,0.9942391
163048913,0.329987,0.017967,-0.613539,-0.0811736,0.0688788,-0.010168,0.994265
163080319,0.334797,0.020174,-0.617993,-0.0843636,0.0566626,0.00189232,0.994821
163114346,0.337044,0.0243456,-0.624116,-0.0879377,0.0543781,0.000494097,0.9946411
163147230,0.336321,0.0297426,-0.631612,-0.0981282,0.0511989,-0.0142376,0.993754
163180827,0.333754,0.0353169,-0.638952,-0.0980215,0.054321,-0.0184195,0.99353
163214870,0.330447,0.0390939,-0.643342,-0.0898639,0.0624034,0.00973222,0.993951
163248134,0.324206,0.0455942,-0.650641,-0.0889823,0.0694095,0.0109901,0.993551
163280713,0.315053,0.0525217,-0.65738,-0.0896447,0.0731152,0.0143054,0.993183
163313835,0.304578,0.0592971,-0.664652,-0.0953202,0.0720541,0.0114824,0.992769
163347200,0.29259,0.0665683,-0.672051,-0.0871166,0.0810623,0.0129162,0.9928111
163381203,0.277528,0.0736694,-0.680967,-0.0833287,0.0956926,-0.0014088,0.991916
163414216,0.258645,0.0834572,-0.686999,-0.0867413,0.0934763,0.0038834,0.991828
163447484,0.237769,0.0917843,-0.692898,-0.0758255,0.110493,0.0119355,0.9909081
163479955,0.214372,0.100272,-0.699648,-0.0751837,0.115982,0.0137381,0.990306
163514835,0.189522,0.110663,-0.707372,-0.0786415,0.125867,-0.00671104,0.988902
163547631,0.163215,0.125028,-0.715052,-0.0615946,0.128975,-0.0118756,0.9896621
163581704,0.131297,0.132893,-0.719169,-0.078084,0.107474,-0.00916886,0.991094
163615098,0.0947708,0.141714,-0.725492,-0.0800799,0.122081,0.00847199,0.989248
163647947,0.0594927,0.154932,-0.732346,-0.070444,0.123577,-0.0033105,0.9898261
163681244,0.0175028,0.16494,-0.7395,-0.0754921,0.13518,-0.00520956,0.987927
163715158,-0.025332,0.176968,-0.745737,-0.072326,0.143716,-0.011747,0.986903
163747554,-0.0721084,0.188661,-0.750066,-0.0809318,0.130734,-0.0174917,0.987954
163779991,-0.122661,0.200666,-0.75494,-0.0846761,0.135886,-0.0200289,0.9868961
163814502,-0.175945,0.213895,-0.76228,-0.0838216,0.155544,-0.0229658,0.983998
163848664,-0.234848,0.228339,-0.765161,-0.0686233,0.154208,-0.0255112,0.985322
163880417,-0.299039,0.239311,-0.769396,-0.0683841,0.155558,0.00273183,0.9854531
163914436,-0.362922,0.251219,-0.769181,-0.0860771,0.13977,0.0271108,0.986063
163947807,-0.428055,0.268733,-0.777476,-0.0581168,0.160404,-0.0123818,0.985261
163981374,-0.49782,0.283475,-0.779468,-0.0559032,0.137137,-0.0249963,0.9886571
164015322,-0.570875,0.297698,-0.779341,-0.0289513,0.144473,-0.0281444,0.988685
164048581,-0.650573,0.310865,-0.779741,-0.0313331,0.167034,-0.0338961,0.98487
164081553,-0.731358,0.324882,-0.779888,-0.0406242,0.155551,-0.0371008,0.9862951
164115480,-0.817483,0.340593,-0.780038,-0.0544886,0.142149,-0.025758,0.988009
164146796,-0.90224,0.354798,-0.779521,-0.039871,0.153246,-0.010974,0.987322
164181487,-0.994884,0.369735,-0.779482,-0.0384547,0.165182,-0.00189759,0.985511
164214358,-1.08891,0.385981,-0.777816,-0.0435247,0.171756,-0.0279184,0.9837821
164247242,-1.1879,0.402407,-0.778531,-0.0499502,0.162706,-0.032373,0.984878
164280607,-1.29078,0.416892,-0.776769,-0.0548775,0.147212,-0.0577486,0.985892
164313665,-1.389,0.43038,-0.773151,-0.0544424,0.151817,-0.0536634,0.985448
164347593,-1.48818,0.441591,-0.771297,-0.0233072,0.1324,-0.00681118,0.9908991
164380497,-1.59446,0.454112,-0.773654,-0.00880594,0.0820125,0.0473839,0.995465
164413999,-1.70059,0.470531,-0.771655,-0.0436036,0.0675957,0.0117196,0.996691
164447108,-1.81451,0.488987,-0.776502,-0.062701,0.068621,-0.0197756,0.995474
164480586,-1.93208,0.504828,-0.779952,-0.0536137,0.0634286,-0.0218356,0.9963061
164514054,-2.0423,0.519652,-0.783019,-0.0545478,0.0336485,-0.0310173,0.997462
164547543,-2.15111,0.534354,-0.784637,-0.0507396,0.0186374,-0.0232736,0.998267
164581151,-2.26302,0.548209,-0.790969,0.0470665,0.00226185,0.0131127,-0.9988031
164614326,-2.37383,0.561106,-0.798216,0.0518058,0.0392255,0.0111047,-0.997825
164648418,-2.4814,0.574552,-0.805067,0.0584405,0.0851209,0.0260599,-0.994314
164681512,-2.58608,0.586785,-0.809954,0.033377,0.0760591,0.0073729,-0.9965171
164714264,-2.69347,0.589651,-0.816701,0.00937907,0.00600985,0.0908,0.995807
164747451,-2.79828,0.613005,-0.827875,0.0621073,0.0786319,-0.0197068,-0.994772
164780320,-2.90298,0.623427,-0.835886,0.0636501,0.0867587,-0.0119398,-0.994122
164814527,-2.99765,0.635868,-0.836979,0.0185807,0.150013,0.0702953,-0.9860071
164847628,-3.09,0.64809,-0.84638,0.0311064,0.179357,0.0378316,-0.982564
164914075,-3.34654,0.547388,-0.664697,-0.293485,0.275685,0.818631,-0.409521
164980906,-3.36159,0.680928,-0.839584,-0.524565,0.729497,0.42066,0.1253421
165079880,-3.63301,0.717069,-0.877201,-0.0295119,0.191168,-0.0657082,-0.978911
165114761,-3.69658,0.722138,-0.8764,-0.0147559,0.234249,-0.0520433,-0.9706711
165147000,-3.7661,0.730759,-0.879151,0.00495254,0.242544,-0.0403818,-0.969287
165180730,-3.81879,0.733935,-0.880287,0.0058707,0.22897,-0.0377906,-0.972682
165213376,-3.86612,0.738093,-0.877356,0.0159031,0.229774,-0.0351443,-0.972479
165246848,-3.90929,0.744468,-0.874201,0.0279172,0.226729,-0.0203256,-0.9733461
165280442,-3.94858,0.748712,-0.870219,0.0222255,0.237633,-0.0287219,-0.970676
165314550,-3.97975,0.751375,-0.861295,0.0246582,0.257309,-0.0358536,-0.965349
165347637,-4.00618,0.7547,-0.851909,0.0183619,0.258721,-0.0374325,-0.9650521
165381085,-4.0276,0.756433,-0.842632,0.0225914,0.249738,-0.0287791,-0.967622
165414561,-4.04461,0.757655,-0.831082,0.0243716,0.24403,-0.0294648,-0.969014
165447124,-4.05543,0.758524,-0.815381,0.0236686,0.255143,-0.0279137,-0.96621
165481801,-4.06163,0.759591,-0.799068,0.0247083,0.256982,-0.0255827,-0.9657611
165514653,-4.06216,0.75851,-0.782273,0.025861,0.254527,-0.0271764,-0.966338
165548031,-4.05682,0.758189,-0.763722,0.0225601,0.246401,-0.028255,-0.968493
165580749,-4.04653,0.757747,-0.742983,0.0173508,0.23874,-0.0324878,-0.970385
165613652,-4.0304,0.756036,-0.720172,0.0208949,0.244872,-0.0275078,-0.968941
165646946,-4.00873,0.753828,-0.697894,0.0161567,0.246394,-0.0287213,-0.968609
165680974,-3.98163,0.750627,-0.67292,0.0167041,0.241466,-0.0360085,-0.969597
165714232,-3.94896,0.746083,-0.647391,0.0250429,0.232789,-0.0338299,-0.9716161
165746674,-3.9132,0.739621,-0.624343,0.0453096,0.223727,-0.010463,-0.973542
165780497,-3.87255,0.734294,-0.599365,0.0417917,0.21115,-0.0139454,-0.97646
165814111,-3.82333,0.729605,-0.570621,0.0371082,0.211957,-0.0141203,-0.976472
165846676,-3.77157,0.724146,-0.542963,0.0354676,0.220629,-0.0139271,-0.9746131
165880545,-3.7156,0.717067,-0.515653,0.0413423,0.221805,-0.0134395,-0.974122
165914073,-3.65682,0.708581,-0.490335,0.0562118,0.205787,-0.0102061,-0.976928
165946381,-3.59205,0.701897,-0.463035,0.0378229,0.187911,-0.023113,-0.981185
166113081,-3.21338,0.660346,-0.318736,0.0192658,0.162482,0.0290855,-0.9860951
166147704,-3.14429,0.648216,-0.304106,0.0215548,0.1214,0.0188474,-0.992191
166180292,-3.03748,0.63657,-0.274074,0.0173081,0.0788374,-0.00765406,-0.996708
166214890,-2.94555,0.631861,-0.250842,-0.00673042,0.0817015,0.0157898,-0.9965091
166248203,-2.85248,0.617746,-0.224244,0.00628733,0.0856319,0.0153204,-0.996189
166280521,-2.7562,0.602248,-0.197383,0.0277571,0.0888536,0.00962675,-0.995611
166314117,-2.65961,0.589295,-0.173939,0.0349218,0.082921,0.00441934,-0.995934
166346409,-2.55744,0.576418,-0.150226,0.0486159,0.0608942,0.0148558,-0.9968491
166380172,-2.46683,0.562104,-0.138118,0.0208873,0.0333893,-0.0193482,-0.999037
166413920,-2.37384,0.544408,-0.153439,0.525793,0.576414,0.221935,0.584837
166446700,-2.22716,0.536472,-0.0509399,-0.129244,0.249482,-0.413353,0.8661381
166479954,-2.1666,0.509303,-0.0417002,0.0684455,0.302339,-0.483664,0.81852
166514209,-2.10714,0.512288,-0.103121,-0.0411317,-0.00313924,0.0337935,0.998577
166547108,-1.99048,0.497235,-0.104327,-0.0520738,0.00430213,0.0304796,0.9981691
166581182,-1.88478,0.488036,-0.11322,0.00360615,0.0160215,0.00362519,0.999859
166614211,-1.79262,0.4758,-0.121854,-0.00843912,0.0201944,0.0208661,0.999543
166646650,-1.7032,0.460821,-0.12822,-0.0515249,0.0228253,0.0468279,0.997312
166713799,-1.51195,0.433502,-0.152504,0.0583385,0.0622405,0.0569508,0.9947261
166746675,-1.44618,0.429641,-0.178578,0.331659,0.661468,-0.654427,0.155525
166780373,-1.31893,0.380942,-0.183628,-0.135881,0.187081,-0.260588,-0.937353
166846521,-1.20512,0.39655,-0.242649,-0.0335915,0.140883,-0.0291516,0.9890271
166880809,-1.11475,0.38477,-0.276223,-0.0360848,0.134715,-0.0310519,0.98974
166913883,-1.04234,0.369749,-0.299736,-0.0257933,0.195857,-0.0187971,0.980113
166946801,-0.956715,0.366436,-0.336341,-0.0371089,0.12922,-0.0588236,0.9891741
166980559,-0.890167,0.357823,-0.358859,-0.0444028,0.147851,-0.0760336,0.985082
167014077,-0.823794,0.34751,-0.38631,-0.0503036,0.179264,-0.0673535,0.980203
167047317,-0.761899,0.337638,-0.411038,-0.0456543,0.179962,-0.0549622,0.9810751
167079907,-0.705123,0.325846,-0.436176,-0.0370378,0.190857,-0.020306,0.980709
167114686,-0.646325,0.316747,-0.460851,-0.0241024,0.175082,-0.00846799,0.984222
167146039,-0.595838,0.308418,-0.483304,-0.0321564,0.176649,-0.0176948,0.983589
167180259,-0.544495,0.298501,-0.502042,-0.0467474,0.183264,-0.0420906,0.9810491
167214526,-0.494467,0.294155,-0.524173,-0.041581,0.172581,-0.0449706,0.983089
167246210,-0.445098,0.28465,-0.543918,-0.0588841,0.175195,-0.0486164,0.981568
167279621,-0.404703,0.274435,-0.560506,-0.0374015,0.157529,-0.0394972,0.986015
167314066,-0.365379,0.270898,-0.577423,-0.0109927,0.148447,-0.025359,0.9885341
167347250,-0.331093,0.263764,-0.590658,-0.0441138,0.139645,-0.0243129,0.98892
167379654,-0.299702,0.254512,-0.603425,-0.0433596,0.148725,-0.00942326,0.987883
167413314,-0.268467,0.248985,-0.617779,-0.0296722,0.156506,-0.0233857,0.986954
167448655,-0.239765,0.243127,-0.62991,-0.0144925,0.161728,-0.0385469,0.9859761
167479808,-0.216216,0.237129,-0.640119,-0.00406333,0.166481,-0.0342387,0.985442
167514315,-0.194718,0.230522,-0.647294,-0.0256518,0.157911,-0.0205789,0.986906
167547343,-0.175583,0.226003,-0.655352,-0.0196308,0.156628,-0.0335371,0.986893
167579861,-0.157621,0.220903,-0.661279,-0.0180566,0.143777,-0.0371372,0.9887481
167612758,-0.140357,0.212508,-0.666956,-0.0358469,0.129872,-0.0431713,0.989942
167646934,-0.129701,0.210695,-0.668308,-0.0345289,0.121674,-0.0558698,0.990395
167679399,-0.119911,0.205787,-0.671024,-0.0415216,0.104598,-0.0466772,0.99255
167713043,-0.111239,0.2037,-0.672221,-0.0306592,0.107265,-0.0562688,0.9921631
167748133,-0.103688,0.202254,-0.673188,-0.0280838,0.101049,-0.0661743,0.992281
167781129,-0.0984368,0.20231,-0.673018,-0.0346263,0.0850419,-0.0711733,0.993229
167814041,-0.0900749,0.200646,-0.670444,-0.0272058,0.0515079,-0.0730456,0.9956261
167847016,-0.0872844,0.203407,-0.667656,-0.0289968,0.0404569,-0.0835842,0.995257
167880209,-0.087531,0.207212,-0.664288,-0.0320269,0.0476895,-0.0914643,0.99415
167914158,-0.0879551,0.212789,-0.660094,-0.0316701,0.0568042,-0.104877,0.9923561
167946706,-0.0876697,0.218757,-0.654002,-0.0283487,0.039842,-0.100036,0.993782
167980871,-0.0867073,0.226423,-0.647501,-0.0152989,0.0305833,-0.0970576,0.994691
168014344,-0.0877163,0.235448,-0.640216,0.0108052,-0.0220138,0.0936229,-0.9953061
168047609,-0.0893074,0.245963,-0.631465,0.0203916,-0.0140364,0.0729977,-0.997025
168080361,-0.0948768,0.261757,-0.625338,0.0309158,-0.0134934,0.0760514,-0.996533
168113594,-0.0938212,0.273254,-0.618044,0.0236431,-0.00334821,0.0711575,-0.997179
168147517,-0.0926134,0.289739,-0.610763,0.00457902,-0.00208985,0.0643928,-0.9979121
168179910,-0.0942897,0.306774,-0.605497,0.0129231,0.00280478,0.0623587,-0.997966
168213680,-0.0953806,0.327316,-0.59961,0.0241404,0.0122667,0.0642604,-0.997566
168246961,-0.0940331,0.347531,-0.593228,0.0253061,0.0269214,0.0600732,-0.99751
168279897,-0.0885234,0.370119,-0.588265,-0.00466269,0.0396844,0.0615298,-0.9973051
168314212,-0.086541,0.39313,-0.582944,-0.0138401,0.0325487,0.0472128,-0.998259
168346503,-0.0835066,0.417814,-0.579014,-0.0082177,0.0494514,0.0550699,-0.997223
168380367,-0.0758748,0.441556,-0.574464,-0.0300427,0.0723456,0.0653887,-0.994781
168412782,-0.0726942,0.467892,-0.570698,-0.0149221,0.0436252,0.0642899,-0.996866
168447832,-0.0665206,0.496753,-0.566318,-0.0222543,0.0339069,0.0759446,-0.996287
168479924,-0.0581813,0.525183,-0.560013,-0.0242897,0.0492091,0.0635918,-0.996466
168513340,-0.050701,0.555661,-0.556156,-0.0191959,0.0551745,0.064565,-0.9962021
168546700,-0.0420172,0.584409,-0.553828,-0.0163671,0.0459841,0.0631415,-0.99681
168579737,-0.0347891,0.614812,-0.549862,-0.00849002,0.0186433,0.056966,-0.998166
168613876,-0.0262034,0.651273,-0.548965,0.00216892,0.00853665,0.0527436,-0.9985691
168647833,-0.0135894,0.679426,-0.54559,-0.0468936,0.0353015,0.0702138,-0.995804
168680521,-0.00377856,0.718874,-0.541233,-0.0395842,0.0484746,0.0833651,-0.994552
168713289,0.00828894,0.753707,-0.539152,-0.0357083,0.0460705,0.0711263,-0.995763
168746176,0.0204712,0.785962,-0.537061,-0.0282255,0.0249066,0.0796736,-0.996111
168781192,0.0338971,0.814308,-0.534786,0.0522326,0.0228076,0.0627234,-0.996402
168813899,0.047186,0.853043,-0.535584,0.07544,0.0270114,0.0788218,-0.993663
168846575,0.0583491,0.897668,-0.533757,0.00627315,0.0365155,0.022381,-0.9990631
168880107,0.0821383,0.93231,-0.530907,-0.0738217,0.0813949,0.0154532,-0.993824
168913657,0.0939158,0.96713,-0.528768,-0.0780288,0.0768874,0.0230038,-0.993716
168945923,0.102215,1.00911,-0.529278,-0.00163953,0.0591634,0.0163947,-0.998112
168979099,0.115528,1.03871,-0.534138,0.00331776,0.0378551,-0.0151768,-0.9991621
169013675,0.125636,1.07648,-0.532274,0.00514611,0.0230158,-0.0359569,-0.999075
169046239,0.144094,1.11916,-0.531124,-0.0116595,0.044845,-0.029813,-0.998481
169080551,0.159149,1.14779,-0.531943,-0.0248632,0.0584002,-0.0384191,-0.9972441
169112889,0.16773,1.18574,-0.530634,0.00693282,0.0474511,-0.0683587,-0.996508
169146323,0.18101,1.21974,-0.535428,-0.00242176,0.0309013,-0.0599883,-0.997718
169180120,0.191554,1.25256,-0.538817,0.0146104,0.0229581,-0.0508961,-0.998333
169212666,0.204128,1.28182,-0.539491,0.0161207,0.0260058,-0.0612837,-0.9976511
169247065,0.216962,1.30695,-0.5381,-0.0110342,-0.0141044,0.0954285,0.995275
169280279,0.228269,1.33388,-0.543849,-0.00830963,0.0162915,0.0799768,0.996629
169313856,0.237725,1.35617,-0.549138,-0.014833,0.0177219,0.0656106,0.9975781
169346735,0.248334,1.37574,-0.550953,-0.0250134,0.0131971,0.0821447,0.996219
169380153,0.257963,1.39011,-0.553185,-0.00573264,0.0163336,0.0857992,0.996162
169413535,0.272213,1.40749,-0.552493,-0.018889,0.0305502,-0.0895906,-0.995331
169445945,0.280505,1.42401,-0.555017,-0.00600872,-0.00475635,0.101504,0.9948061
169478611,0.289424,1.43474,-0.557436,-0.0182395,0.00600284,0.0950127,0.995291
169512507,0.2979,1.44108,-0.558716,-0.0373981,0.00999685,0.092989,0.994914
169546910,0.30627,1.44665,-0.56166,-0.0213663,0.0111023,0.10809,0.9938491
169579264,0.314034,1.44952,-0.563435,-0.0173908,0.00186648,0.104355,0.994386
169613689,0.322452,1.44916,-0.564975,-0.0262591,0.0104731,0.109629,0.993571
169646767,0.328876,1.44298,-0.567452,-0.0417235,0.0185152,0.0957772,0.994356
169680078,0.335843,1.44261,-0.568188,-0.0372575,0.0111228,0.0995757,0.994271
169712645,0.34124,1.43198,-0.570269,-0.0273915,0.00976394,0.109824,0.993526
169745407,0.347711,1.42027,-0.571481,-0.0423861,0.00452002,0.105693,0.993485
169779803,0.352065,1.40815,-0.575342,-0.0542306,-0.00917856,0.083448,0.994993
169813300,0.358033,1.39079,-0.577324,0.0599357,0.025178,-0.0710218,-0.9953541
169847195,0.363578,1.37283,-0.57786,0.0404154,0.0280309,-0.0741765,-0.996031
169879620,0.3687,1.35191,-0.580053,-0.0586576,0.0175687,0.0817199,0.994773
169913881,0.370609,1.32771,-0.580338,-0.045182,0.0172012,0.103771,0.9934261
169945744,0.371194,1.30159,-0.583417,-0.0771964,0.0533124,0.127325,0.987414
169979625,0.377962,1.27687,-0.584116,-0.0650282,0.0389732,0.117444,0.990181
170013282,0.38291,1.24709,-0.582942,-0.028451,0.0075566,0.104756,0.994062
170045802,0.385417,1.21425,-0.58636,-0.024711,0.0226023,0.124155,0.9916981
170079168,0.387894,1.17903,-0.589637,-0.0176964,0.041932,0.123052,0.991356
170113502,0.388724,1.13247,-0.590841,-0.0105092,0.0499789,0.118632,0.991624
170146919,0.389885,1.09448,-0.590542,-0.0221292,0.0179198,0.0980429,0.9947751
170179587,0.386105,1.04964,-0.593168,-0.0645191,0.00371562,0.0933903,0.99353
170214068,0.38837,1.00776,-0.592307,-0.0730202,-0.0131838,0.10532,0.991666
170245832,0.390779,0.96336,-0.595161,-0.057473,-0.0109097,0.0896822,0.994251
170279309,0.394202,0.918553,-0.595978,-0.0173978,-0.00677166,0.0924402,0.9955431
170313266,0.395812,0.870253,-0.593407,-0.0459816,0.0280992,0.11837,0.991506
170345483,0.39727,0.818284,-0.593246,-0.0202715,0.0128113,0.126303,0.991702
170379438,0.39886,0.76093,-0.59618,-0.0257506,0.0182479,0.121042,0.9921461
170412472,0.401264,0.706474,-0.595142,-0.0148914,-0.00889177,0.105853,0.994231
170445918,0.398805,0.648487,-0.597667,-0.0340868,-0.0168513,0.0835198,0.99578
170479647,0.40046,0.591652,-0.599731,-0.00591517,-0.00160118,0.0744071,0.9972091
170513160,0.40223,0.53053,-0.601056,-0.00988707,0.01453,0.0752995,0.997006
170546809,0.401998,0.469477,-0.604288,-0.0359623,0.0231145,0.0286498,0.998675
170580164,0.401985,0.412205,-0.603879,-0.0677533,0.0107776,-0.0319791,0.9971311
170612605,0.401723,0.361602,-0.608565,-0.0255378,0.017364,-0.0141455,0.999423
170646611,0.404896,0.299089,-0.611645,-0.0526131,0.0254585,-0.0684262,0.995943
170679662,0.407213,0.245978,-0.606793,0.0256588,0.0132787,0.0808777,-0.996305
170713796,0.408175,0.18338,-0.611617,0.0330526,0.0119412,0.0992127,-0.9944461
170745290,0.410318,0.128588,-0.615957,0.0443875,-0.0218017,0.107097,-0.993018
170779483,0.411001,0.0838509,-0.619886,0.0201781,-0.0115283,0.134971,-0.990577
170813381,0.413486,0.0311282,-0.623134,0.0270461,-0.0141946,0.140497,-0.98961
170846647,0.415934,-0.0127835,-0.626426,0.00693716,-0.0113487,0.0998811,-0.994911
170878883,0.419025,-0.0536829,-0.630712,0.00643841,0.0049092,0.116434,-0.993165
170913550,0.423361,-0.0909532,-0.632909,-0.00549338,0.00623088,0.11759,-0.993028
170946389,0.427066,-0.118135,-0.638712,-0.00220618,-0.0130998,0.160064,-0.987017
170980204,0.431703,-0.14734,-0.642342,0.00854839,-0.0310467,0.179784,-0.9831791
171013378,0.438646,-0.180889,-0.641127,0.0265427,0.00136745,0.147904,-0.988645
171045813,0.443366,-0.202598,-0.645326,0.0263153,-0.000217791,0.165066,-0.985931
171078667,0.447491,-0.220184,-0.647248,0.0166823,-0.0123488,0.181366,-0.983197
171113231,0.45625,-0.235935,-0.648933,0.0397586,-0.00580552,0.168462,-0.9848891
171145969,0.462922,-0.24482,-0.651156,0.0328121,-0.0318687,0.191169,-0.980491
171179870,0.469872,-0.254946,-0.656115,-0.0477435,0.0634386,-0.205086,0.975518
171213230,0.480706,-0.26377,-0.651891,0.0402106,0.00199647,0.158665,-0.986511
171245696,0.486504,-0.265953,-0.652965,0.0396298,0.041034,0.141798,-0.988251
171279234,0.496311,-0.265464,-0.65363,0.0556163,0.036956,0.135839,-0.988478
171312514,0.502105,-0.257178,-0.657322,0.0391648,0.014787,0.127208,-0.990992
171346053,0.506578,-0.249546,-0.660948,0.0200619,0.00483148,0.0977647,-0.9949961
171379647,0.511962,-0.237871,-0.665138,0.00267709,-0.00669112,0.0783401,-0.996901
171413075,0.520487,-0.22662,-0.667453,0.0119808,0.00392273,0.0742006,-0.997164
171445826,0.527629,-0.216412,-0.66993,0.0172479,-0.00637358,0.0640032,-0.99778
171479688,0.535705,-0.203331,-0.671026,0.0161042,0.00231627,0.0527086,-0.9984771
171513513,0.544863,-0.186787,-0.674306,0.0069754,0.0158128,0.0514827,-0.998524
171547294,0.553541,-0.168126,-0.678177,0.00391607,0.0113233,0.0519373,-0.998578
171579745,0.560707,-0.15122,-0.684072,-0.000932322,-0.0109992,0.0439258,-0.9989741
171613731,0.56909,-0.135224,-0.689156,-0.00822139,0.0122891,-0.0235791,0.999613
171646184,0.575856,-0.115689,-0.693802,-0.0152518,0.0110218,-0.0285617,0.999415
171680550,0.584271,-0.0954307,-0.698165,-0.0234721,0.0140822,-0.0338874,0.9990511
171713535,0.589673,-0.0831546,-0.696637,0.047123,0.0483057,0.0363878,-0.997057
171745887,0.596051,-0.06246,-0.702187,0.0503146,0.0199096,0.0226255,-0.998279
171779601,0.598168,-0.0363856,-0.711198,-0.0139976,0.0463934,-0.0134584,0.998735
171812434,0.600231,-0.0132771,-0.718264,-0.0105019,0.0692759,-0.0163026,0.9974091
171847075,0.600435,0.00718951,-0.724079,-0.0236098,0.0875654,-0.0282387,0.995479
171880181,0.599525,0.0265954,-0.729446,-0.0375736,0.0996174,-0.0250022,0.994002
171912387,0.596149,0.0458111,-0.733556,-0.0427409,0.102837,-0.0156634,0.993656
171945553,0.590311,0.0669727,-0.738831,-0.0424625,0.112016,-0.0103777,0.9927451
171979441,0.579057,0.08718,-0.742746,-0.0466011,0.124993,-0.00436304,0.991053
172012335,0.568196,0.107578,-0.748918,-0.0411715,0.14065,0.000674195,0.989203
172045979,0.55389,0.128481,-0.753809,-0.0362704,0.14216,-0.00196056,0.9891771
172079621,0.534471,0.147649,-0.757247,-0.0424507,0.147957,0.00751413,0.988054
172112759,0.512282,0.168305,-0.763535,-0.0386161,0.163016,-0.00195165,0.985866
172145615,0.484808,0.186131,-0.765176,-0.0370076,0.163921,0.0197028,0.985582
172178928,0.456037,0.203589,-0.767882,-0.0369034,0.166839,0.0195752,0.9850991
172212794,0.420336,0.219904,-0.76842,-0.0302394,0.183242,-0.00762077,0.982573
172246122,0.382012,0.235915,-0.769275,-0.0397572,0.181992,-0.0101004,0.982444
172279498,0.340628,0.250596,-0.769901,-0.0425839,0.18333,-0.000391726,0.9821291
172312562,0.295098,0.266446,-0.771556,-0.0269381,0.174228,0.0100308,0.984286
172345709,0.243754,0.280428,-0.771758,-0.0268273,0.167068,0.0168513,0.985436
172379100,0.190022,0.29255,-0.768615,-0.0364722,0.181745,0.038634,0.981909
172412541,0.130684,0.303679,-0.768515,-0.0332983,0.173161,0.0329429,0.9837791
172445723,0.0696049,0.313714,-0.763883,-0.0375603,0.175265,0.0272638,0.983427
172479328,0.00338232,0.324511,-0.761245,-0.0243363,0.173279,0.0412951,0.983706
172512969,-0.0549396,0.325924,-0.75107,-0.0508044,0.132704,0.0551027,0.9883181
172545290,-0.118574,0.33768,-0.752959,-0.0252846,0.147583,0.0245143,0.988423
172578760,-0.208888,0.344809,-0.747135,-0.0227728,0.151738,0.0356728,0.987514
172613611,-0.289832,0.351475,-0.741018,-0.0211189,0.139532,0.0434527,0.9890381
172645643,-0.37471,0.358479,-0.736925,-0.0187731,0.149159,0.0391943,0.987858
172679163,-0.463767,0.362269,-0.732797,-0.0419861,0.151758,0.0120366,0.987452
172713161,-0.551816,0.365115,-0.726723,-0.0458666,0.131124,0.000533258,0.990304
172746356,-0.647808,0.366366,-0.721864,-0.0539627,0.120546,0.0135959,0.9911471
172779665,-0.742103,0.368383,-0.71682,-0.0570732,0.119061,0.00244605,0.991242
172812694,-0.835411,0.368465,-0.710336,-0.0491139,0.113889,-0.00489603,0.992267
172845513,-0.929514,0.360203,-0.709864,0.0182205,0.075966,0.0533062,0.995518
172879368,-1.03372,0.365704,-0.707468,0.00177493,0.0655952,0.0308896,0.9973671
172912579,-1.13564,0.368498,-0.708032,-0.0531431,0.0287151,0.0155861,0.998052
172945637,-1.2387,0.367368,-0.709601,-0.0634319,0.00482897,-0.0129068,0.997891
172979444,-1.32664,0.356724,-0.704907,0.0214343,0.0088818,0.0231858,0.9994621
173012667,-1.42654,0.350759,-0.701932,0.0923358,0.0103106,0.0209299,0.995455
173045800,-1.4431,0.257319,-0.732338,-0.255259,0.0975782,0.316008,0.908548
173078989,-1.58646,0.332979,-0.71658,0.10086,0.0377077,-0.0048364,-0.994174
173111978,-1.71243,0.349252,-0.718575,0.0374468,0.088378,0.000436519,-0.9953831
173145978,-1.80869,0.347936,-0.723851,0.0170167,0.123822,-0.0113075,-0.992094
173179207,-1.8974,0.340928,-0.730899,0.0300405,0.107845,-0.0106962,-0.993656
173213040,-1.91469,0.329009,-0.713839,0.141168,-0.0215116,0.165934,0.9757431
173245814,-2.03822,0.334463,-0.737135,-0.102199,0.0953474,-0.0718706,-0.987572
173280305,-2.17344,0.26061,-0.809926,0.134881,0.0321757,0.124641,-0.982464
173312709,-2.23906,0.304744,-0.717328,0.0673148,0.496997,-0.716761,-0.484475
173344898,-2.32519,0.347816,-0.698069,0.206865,0.48739,-0.827227,-0.1880251
173379511,-2.39411,0.255942,-0.794364,-0.625355,0.334552,-0.109073,0.696498
173411996,-2.36424,0.250941,-0.791261,-0.220178,0.144512,0.0723262,0.961981
173445934,-2.45391,0.276882,-0.744161,0.015966,0.152285,-0.0653943,-0.9860421
173478548,-2.49869,0.254603,-0.724587,-0.0614684,0.411327,-0.211281,-0.884529
173545842,-2.56322,0.296784,-0.745066,0.0157054,0.244374,0.0127578,-0.96947
173580348,-2.60012,0.294262,-0.738411,0.0276408,0.256971,0.0237862,-0.9657311
173612443,-2.61259,0.231028,-0.73508,0.109195,0.186269,-0.265631,-0.939585
173646727,-2.64837,0.283171,-0.719835,-0.000716306,0.224395,-0.0266398,-0.974134
173679740,-2.66153,0.261608,-0.710489,-0.0279617,0.257392,-0.0816521,-0.962445
173712825,-2.6788,0.267594,-0.694916,-0.121247,0.24012,0.0190847,-0.9629521
173745425,-2.67944,0.26628,-0.682616,-0.0558303,0.293064,0.0101128,-0.954408
173778808,-2.68166,0.26404,-0.663937,-0.0546416,0.275549,-0.0702796,-0.957156
173812403,-2.67793,0.262462,-0.650524,-0.0281192,0.260414,-0.0737105,-0.962268
173845184,-2.67153,0.26416,-0.628952,-0.0152928,0.298057,-0.0754087,-0.9514421
173878652,-2.6563,0.270227,-0.618277,-0.0164381,0.24598,-0.0108449,-0.969075
173913073,-2.63754,0.273007,-0.600397,-0.0138662,0.225394,-0.0279166,-0.973769
173945369,-2.61291,0.270184,-0.577422,0.00247809,0.268525,-0.0174583,-0.9631111
173978159,-2.58827,0.269296,-0.554951,0.0053341,0.283733,-0.01337,-0.958795
174012593,-2.55488,0.270393,-0.53817,-0.00155161,0.236107,-0.0193127,-0.971534
174045494,-2.51892,0.272046,-0.5209,-0.0038353,0.212148,-0.0166261,-0.9770891
174078489,-2.48032,0.269112,-0.498638,0.00280864,0.196647,-0.0401734,-0.979647
174112400,-2.43826,0.268075,-0.477577,-0.000535784,0.168266,-0.0466854,-0.984635
174146452,-2.3874,0.273515,-0.459698,-0.0197314,0.133915,-0.0371843,-0.9900981
174179626,-2.3401,0.270089,-0.444827,0.0114113,0.0970107,-0.0366156,-0.994544
174212212,-2.28385,0.272467,-0.4197,0.0112162,0.140938,-0.0481208,-0.988785
174245190,-2.22885,0.265518,-0.395081,-0.0102119,0.104771,-0.0459329,-0.993383
174278584,-2.16596,0.273064,-0.382158,-0.0562807,0.0273702,-0.0695518,-0.9956131
174346905,-2.05285,0.287161,-0.340635,0.0273512,0.100487,-0.0229209,-0.994298
174379215,-1.99594,0.182579,-0.339531,-0.424845,0.233282,0.0974353,-0.8692481
174412830,-1.9152,0.242807,-0.271449,-0.0217661,0.0616178,0.187236,-0.980139
174446074,-1.85105,0.274411,-0.290216,-0.0858754,0.113459,-0.00317082,-0.989819
174478447,-1.77255,0.283171,-0.280276,-0.00307612,0.0215987,0.0502106,-0.9985
174512663,-1.70579,0.278606,-0.267643,0.0578975,0.00845181,0.014334,-0.9981841
174545632,-1.63489,0.27481,-0.253029,0.0170529,0.000897381,0.0152663,-0.999738
174579126,-1.56337,0.264651,-0.239734,-0.0279711,0.0265153,-0.0412018,0.998407
174611930,-1.49026,0.268018,-0.233131,-0.0582893,0.0474819,-0.0405581,0.996345
174646590,-1.41537,0.26215,-0.223666,-0.0468075,0.0456836,-0.099702,0.9928651
174679102,-1.31624,0.240482,-0.200319,0.0895462,0.026289,-0.0441887,0.994655
174712486,-1.26724,0.255553,-0.203877,0.00364592,0.0268764,0.0116905,0.999564
174745299,-1.19193,0.253505,-0.202052,-0.0392486,0.017184,0.0167852,0.998941
174778877,-1.12001,0.248734,-0.20108,-0.0447426,0.0157675,0.00740327,0.9988471
174811985,-1.05161,0.250323,-0.20108,0.0368109,0.00916029,0.00130509,-0.999279
174845498,-0.978673,0.244443,-0.203068,0.0310938,0.00406119,-0.012459,-0.999431
174951602,-0.909423,0.240594,-0.206917,0.0224781,0.0174418,0.00452439,-0.9995851
174952348,-0.837606,0.22636,-0.210861,0.0384448,0.00725804,0.0216276,0.999
174953992,-0.772416,0.226523,-0.2189,-0.0218566,0.0161598,0.0382739,0.998898
174978158,-0.706059,0.220056,-0.228877,-0.0151787,0.0452195,0.054967,0.997348
175013347,-0.641187,0.212437,-0.236027,-0.0199163,0.0416103,-0.00582218,0.998918
175045304,-0.57171,0.208001,-0.251752,-0.0238581,0.00732814,0.0226964,0.999431
175078687,-0.505888,0.199164,-0.262644,-0.0288497,0.0121948,0.0276043,0.9991281
175111523,-0.439376,0.194456,-0.27587,-0.0223956,0.0059199,0.0125271,0.999653
175145996,-0.376717,0.189039,-0.291747,-0.00573176,0.0243873,0.00797372,0.999654
175179446,-0.319986,0.177606,-0.310162,0.00840359,0.0266608,0.0122741,0.9995341
175211833,-0.260671,0.167589,-0.321188,-0.0113576,0.0454874,0.0231509,0.998632
175244826,-0.208224,0.159636,-0.338013,-0.0253028,0.0898404,0.0211216,0.995411
175279340,-0.148467,0.150111,-0.355998,-0.0100618,0.0724542,0.0102776,0.997268
175311258,-0.094485,0.142155,-0.374739,-0.00407576,0.0852416,0.0144357,0.9962471
175345359,-0.0415232,0.135245,-0.388955,0.000173224,0.0739327,0.0197604,0.997068
175378845,0.00499756,0.127631,-0.407917,-0.00556636,0.0842218,0.0124039,0.996354
175411966,0.0483314,0.116962,-0.423869,-0.0232886,0.0964266,0.0211384,0.9948431
175445864,0.0958387,0.114856,-0.442827,0.00619593,0.103517,0.0138905,0.994511
175478899,0.139257,0.108575,-0.464925,-0.00527163,0.102608,-0.0138792,0.994611
175512077,0.175303,0.100664,-0.482998,-0.03456,0.0964036,-0.0381859,0.9940091
175545437,0.203421,0.0905422,-0.499339,-0.0303285,0.122254,-0.0242224,0.99174
175578807,0.23555,0.084257,-0.516301,-0.0211849,0.123908,-0.0095599,0.992022
175611102,0.267385,0.0766815,-0.531169,-0.0226645,0.112193,-0.0254655,0.993102
175645515,0.292225,0.0697296,-0.546682,-0.0343537,0.120651,-0.0238099,0.9918151
175678267,0.314654,0.0637277,-0.56012,-0.0440303,0.111469,-0.0302946,0.99233
175712665,0.335674,0.0579217,-0.571667,-0.0418233,0.114661,-0.0173042,0.992373
175745684,0.354991,0.0522216,-0.581729,-0.0371598,0.108888,-0.00347421,0.9933531
175778493,0.370996,0.0475782,-0.591967,-0.0385232,0.108742,-0.0165298,0.993186
175811745,0.385447,0.0452912,-0.600321,-0.0543676,0.113908,-0.0329154,0.991456
175845476,0.397779,0.0427513,-0.606448,-0.0547339,0.0950085,-0.00748874,0.993942
175877952,0.406797,0.0398436,-0.614054,-0.044716,0.0730663,0.00614595,0.9963051
175912098,0.415874,0.0361089,-0.6192,-0.0374451,0.053473,0.00887566,0.997828
175945516,0.422445,0.0358299,-0.625823,-0.0440946,0.0459274,-0.0109214,0.997911
175978937,0.426243,0.0369229,-0.63085,-0.0447986,0.043759,-0.0276853,0.9976531
176012400,0.428634,0.0373198,-0.635337,-0.0393446,0.0422116,-0.0238924,0.998048
176045996,0.429447,0.0365721,-0.641093,-0.0533395,0.0381772,-0.0207418,0.997631
176079053,0.430671,0.03816,-0.6465,-0.0505209,0.033397,-0.0339732,0.9975861
176112933,0.430258,0.0413442,-0.653198,-0.0492243,0.0421861,-0.0372337,0.997202
176145579,0.427938,0.0481984,-0.660547,-0.028635,0.044388,-0.034403,0.998011
176179309,0.42606,0.0522484,-0.664438,-0.0403583,0.0241307,-0.0498889,0.9976471
176211738,0.424235,0.0582564,-0.669782,0.0512001,-0.0098878,0.050254,-0.997374
176245649,0.422388,0.0679,-0.676694,0.0571357,-0.00502264,0.0707789,-0.995842
176279368,0.41874,0.0794888,-0.682323,0.0527805,-0.00841121,0.0818837,-0.9952081
176312005,0.41556,0.0913449,-0.687062,0.0558849,0.000731194,0.0976911,-0.993646
176345197,0.411146,0.108506,-0.695462,0.051856,-0.0180466,0.104294,-0.99303
176379422,0.408348,0.123745,-0.699537,0.0553551,-0.0034186,0.108604,-0.9925371
176411743,0.406726,0.141163,-0.703905,0.0548307,0.00692899,0.114652,-0.991867
176444594,0.403919,0.164158,-0.70949,0.0514922,0.00700887,0.116036,-0.991885
176478392,0.401924,0.189156,-0.715655,0.0605144,0.0152376,0.125979,-0.990068
176511687,0.400488,0.215853,-0.72064,0.0647167,0.0200074,0.135628,-0.9884411
176545171,0.398823,0.244718,-0.724953,0.0653513,0.019404,0.142712,-0.987414
176579440,0.399084,0.276651,-0.728931,0.0737027,0.0212215,0.15119,-0.985525
176611723,0.39905,0.310209,-0.732267,0.0729546,0.0318662,0.149578,-0.985541
176645790,0.398581,0.346537,-0.735588,0.0638256,0.0312278,0.13597,-0.988162
176678589,0.399536,0.384508,-0.737093,0.0535984,0.0243887,0.122349,-0.990739
176711679,0.400159,0.42346,-0.737918,0.0617375,0.023748,0.116946,-0.990933
176745091,0.401715,0.466172,-0.737914,0.0678067,0.027628,0.121806,-0.989851
176778553,0.404397,0.513022,-0.735685,0.0683427,0.0386138,0.123913,-0.989183
176812164,0.40729,0.560284,-0.732571,0.065007,0.0291363,0.115584,-0.99074
176845065,0.409449,0.607251,-0.728869,0.061383,0.0209541,0.111769,-0.991615
176878784,0.413426,0.657374,-0.72417,0.0666476,0.0171455,0.102042,-0.9923971
176913030,0.41742,0.709227,-0.718496,0.0567246,0.0287062,0.0903623,-0.993878
176945141,0.422205,0.76338,-0.711325,0.0688469,0.0188092,0.079177,-0.994302
176978601,0.426904,0.817436,-0.704464,0.0622435,0.0246303,0.0693473,-0.995344
177011096,0.431662,0.871034,-0.699715,0.0634383,0.0212486,0.0575116,-0.9961011
177045021,0.436931,0.926778,-0.693881,0.0508257,0.0236456,0.0479196,-0.997277
177079382,0.44409,0.982063,-0.688297,0.0440652,0.016268,0.0287511,-0.998482
177112232,0.450425,1.03471,-0.684109,0.0580995,0.00771442,0.0190842,-0.9980991
177145583,0.456851,1.08838,-0.678958,0.0574794,0.00494423,-0.0067226,-0.998312
177179001,0.46487,1.1388,-0.671637,0.0623703,0.0159278,0.0203173,-0.997719
177211188,0.471157,1.1887,-0.666763,-0.0723654,0.00306089,0.00228511,0.997371
177245123,0.477885,1.23977,-0.663868,-0.0247058,-0.0130962,0.0494945,0.9983831
177278571,0.479637,1.29243,-0.658758,0.0442937,0.0322152,-0.0550913,-0.996978
177311799,0.487343,1.34642,-0.652023,0.0777957,0.0265182,-0.0417187,-0.995743
177344334,0.49418,1.39429,-0.647955,0.072865,0.0199763,-0.0446764,-0.99614
177378790,0.50086,1.44068,-0.64357,-0.0656925,-0.0101466,0.071241,0.9952421
177411700,0.506735,1.48137,-0.641169,-0.0472975,-0.00671543,0.0890238,0.994883
177445522,0.512157,1.52612,-0.63673,-0.0483885,0.00224798,0.0782208,0.995758
177478437,0.517892,1.56498,-0.632339,-0.0522065,0.0103585,0.0754997,0.995724
177512475,0.523318,1.60088,-0.628654,-0.0543514,0.0140423,0.103858,0.9930071
177545224,0.529104,1.63394,-0.626961,-0.0435838,0.0383152,0.132206,0.989522
177578618,0.532813,1.66594,-0.623655,-0.0542586,0.0381517,0.131111,0.989146
177612186,0.538321,1.69471,-0.620092,-0.0794358,0.0404072,0.132914,0.987113
177644289,0.519371,1.75984,-0.612086,-0.435805,0.337831,-0.500255,-0.66761
177678058,0.548142,1.7383,-0.611883,-0.196788,0.183723,-0.37355,-0.887683
177711191,0.559335,1.76503,-0.606693,-0.052349,0.0407956,0.16878,0.983417
177745064,0.558624,1.78291,-0.608715,-0.0487976,0.0452859,0.152047,0.9861291
177778082,0.564742,1.79642,-0.603257,-0.0230937,-0.0340206,0.143762,0.988758
177811751,0.570382,1.80965,-0.599196,-0.0337815,-0.0178882,0.130885,0.99066
177845149,0.574481,1.82251,-0.595426,-0.0347473,-0.0189794,0.149939,0.9879021
177878707,0.575241,1.82685,-0.594116,-0.0268944,-0.0161587,0.158823,0.986808
177911776,0.580941,1.82864,-0.588455,0.0444765,0.0502777,-0.151705,-0.986144
177944989,0.585841,1.83185,-0.584769,0.0328562,0.0444583,-0.14482,-0.987912
177978480,0.585463,1.83089,-0.580463,0.0614501,0.0552683,-0.124106,-0.9888211
178011782,0.589695,1.82936,-0.577814,0.0710202,0.0624272,-0.0973032,-0.990753
178044205,0.595317,1.82214,-0.572901,0.0475535,0.0443268,-0.11238,-0.991537
178079270,0.597919,1.80964,-0.570012,0.0523937,0.0501785,-0.136202,-0.9880211
178111352,0.600442,1.79609,-0.565754,0.0643705,0.0527398,-0.125005,-0.98866
178145491,0.603678,1.7787,-0.561605,0.0452653,0.0600705,-0.125197,-0.989277
178178865,0.606924,1.75931,-0.556106,-0.0311727,-0.0390641,0.142784,0.988491
178212816,0.609321,1.74097,-0.550254,-0.017951,-0.025137,0.167193,0.985441
178244665,0.613179,1.7195,-0.54452,-0.0249389,-0.0336263,0.149225,0.987917
178278916,0.615025,1.69658,-0.539041,-0.0330029,-0.0346334,0.138585,0.989194
178311908,0.616049,1.66602,-0.535583,-0.00357804,-0.032031,0.162894,0.986117
178345545,0.615349,1.63691,-0.529759,-0.00804355,0.00613517,0.176242,0.9842951
178378123,0.614562,1.60628,-0.524314,-0.0180886,0.00943891,0.17369,0.984589
178411611,0.616388,1.57316,-0.516964,-0.0478479,-0.015228,0.122495,0.991198
178444670,0.616079,1.53485,-0.512881,-0.036616,-0.0144071,0.12699,0.991123
178478087,0.616774,1.49726,-0.505528,-0.0348611,-0.013411,0.112884,0.9929061
178512458,0.613342,1.45694,-0.499853,-0.0418703,0.0160335,0.13758,0.989475
178545473,0.612238,1.41651,-0.493955,-0.0554955,0.023184,0.118472,0.991134
178577955,0.612946,1.36932,-0.488823,-0.0376383,0.022443,0.134838,0.989898
178611184,0.612192,1.32508,-0.481735,-0.0577412,-0.00162995,0.110719,0.9921721
178644596,0.609038,1.27902,-0.476391,-0.0612944,0.0180252,0.114451,0.991372
178678011,0.605887,1.22892,-0.470574,-0.0562133,0.0112611,0.101121,0.993221
178710717,0.604836,1.17796,-0.465918,-0.0586467,0.0252809,0.107779,0.992122
178745221,0.603165,1.12752,-0.458019,-0.0539333,0.0325357,0.0948405,0.9934981
178778377,0.600315,1.07225,-0.452543,-0.0191614,0.00313969,0.0810494,0.996521
178812067,0.597532,1.01408,-0.446485,-0.0409568,0.00438877,0.0845562,0.995567
178844889,0.594377,0.957444,-0.440553,-0.0542976,0.014967,0.0766824,0.995463
178878821,0.593253,0.899711,-0.43405,-0.0460422,0.0043857,0.0519999,0.9975761
178911496,0.590205,0.841993,-0.430084,-0.053087,-0.000967883,0.0241253,0.998298
178944636,0.587822,0.78447,-0.42605,-0.0587482,0.00967259,0.00770332,0.998196
178978077,0.585692,0.726548,-0.42399,-0.064847,0.0077002,-0.0016634,0.997864
179011522,0.584177,0.665772,-0.419698,0.0663969,0.01887,0.0393036,-0.996841
179045209,0.584528,0.611181,-0.416743,0.0638861,0.0154244,0.0560848,-0.996261
179078948,0.583819,0.555577,-0.412597,0.0480495,0.0340332,0.071044,-0.995734
179111765,0.58422,0.502448,-0.410392,0.0423277,0.0408711,0.0777632,-0.9952341
179144616,0.584364,0.44812,-0.409287,0.0565333,0.0550691,0.0787456,-0.993766
179177706,0.584563,0.39269,-0.406466,0.0490423,0.0309866,0.089143,-0.994328
179211162,0.584157,0.344053,-0.40704,0.0308466,-0.000785042,0.0921799,-0.995264
179244603,0.592814,0.297459,-0.400195,0.0892801,-0.0236941,0.102756,-0.9904081
179277490,0.588848,0.26038,-0.407838,0.0345607,0.0075745,0.100983,-0.994259
179312518,0.591686,0.208783,-0.41016,0.0264173,0.0142391,0.134011,-0.990525
179345404,0.596139,0.168431,-0.408425,0.0404365,0.0221456,0.157179,-0.9864931
179377740,0.599317,0.129252,-0.408771,0.0344443,0.0504272,0.164727,-0.984447
179411862,0.602434,0.0947073,-0.408944,0.0212975,0.0663426,0.168826,-0.98318
179444689,0.608085,0.0625727,-0.415391,0.0360685,0.0368152,0.145099,-0.988074
179477571,0.611825,0.0369824,-0.411473,0.0475901,-0.0143993,0.138544,-0.9891071
179512020,0.619069,0.0134993,-0.415489,0.0476597,0.0301156,0.168274,-0.984127
179545129,0.625235,-0.0191485,-0.417634,0.0460035,0.00284724,0.146353,-0.988158
179578035,0.632368,-0.0406559,-0.419401,0.0446145,0.00140696,0.134324,-0.9899321
179610825,0.640061,-0.0594383,-0.420412,0.0450018,0.0118253,0.127983,-0.990684
179645084,0.648002,-0.0746871,-0.420622,0.0409401,0.0518691,0.126126,-0.989811
179677760,0.657833,-0.089826,-0.424872,0.0483227,0.0340913,0.13684,-0.988826
179711537,0.663136,-0.101905,-0.426719,0.0289966,0.0259891,0.125277,-0.9913571
179743835,0.669365,-0.112965,-0.434937,0.0263649,-0.019414,0.101564,-0.99429
179777982,0.678046,-0.123244,-0.437527,0.0355715,-0.0245188,0.0965335,-0.994392
179811347,0.689419,-0.128037,-0.441549,0.0532676,0.00170215,0.113834,-0.992069
179845438,0.699055,-0.136772,-0.442639,0.0385175,0.0173409,0.0949489,-0.9945861
179878588,0.706909,-0.146055,-0.447407,0.0228847,-0.00951807,0.0587669,-0.997964
179911431,0.715004,-0.151128,-0.454312,-0.0155758,0.0312598,-0.0458594,0.998337
179944030,0.724056,-0.155624,-0.459465,-0.0226124,0.0261936,-0.045473,0.998366
179978648,0.733504,-0.159802,-0.465133,0.0368011,-0.00795024,0.0509691,-0.997991
180011682,0.742981,-0.162344,-0.471236,0.0336016,-0.0137362,0.0461647,-0.998274
180044740,0.753562,-0.166636,-0.475587,0.0439406,-0.00393359,0.0515192,-0.997697
180078534,0.763577,-0.169014,-0.48133,0.0598251,0.0101522,0.061398,-0.996267
180111477,0.774578,-0.170758,-0.485901,0.0551456,0.0194805,0.0615991,-0.9963861
180143732,0.782171,-0.172642,-0.493893,0.0335811,0.00187588,0.0393923,-0.998658
180177802,0.79036,-0.176976,-0.501309,-0.0293258,0.0126832,-0.0245107,0.999189
180211358,0.800417,-0.179448,-0.508786,0.0342931,-0.00525338,0.0266539,-0.999043
180243686,0.808564,-0.181939,-0.516974,0.0422998,-0.00585082,0.0320557,-0.9985731
180277765,0.816377,-0.184146,-0.525985,-0.0409305,0.0152859,-0.0281454,0.998649
180311180,0.824107,-0.18673,-0.534484,-0.0432105,0.0261784,-0.0285128,0.998316
180344144,0.831696,-0.18955,-0.543711,-0.0422732,0.0364121,-0.0224919,0.9981891
180377861,0.839285,-0.19382,-0.552588,-0.0511017,0.0431534,-0.0125189,0.997682
180411723,0.844591,-0.197946,-0.559969,-0.0390224,0.0585804,-0.00609374,0.997501
180445080,0.850105,-0.204046,-0.566605,-0.0470798,0.0716684,0.0082341,0.9962831
180478587,0.850248,-0.204421,-0.575128,-0.0554508,0.0821195,-0.00505062,0.995066
180511276,0.850898,-0.206618,-0.58433,-0.0410518,0.0975529,-0.0115232,0.994317
180544162,0.845362,-0.205321,-0.595768,-0.0229931,0.150568,-0.0355247,0.987694
180577657,0.841288,-0.206545,-0.605233,-0.00968802,0.180786,-0.0519838,0.98211
180611717,0.834112,-0.211237,-0.611313,-0.0170574,0.193183,-0.0527197,0.979597
180644561,0.826465,-0.218093,-0.617189,-0.0280978,0.193042,-0.0379977,0.980052
180678700,0.813453,-0.221294,-0.624678,-0.02909,0.21568,-0.0398018,0.9752191
180711354,0.798146,-0.225736,-0.63059,-0.0162647,0.233334,-0.0451607,0.971211
180744375,0.779837,-0.232882,-0.63824,0.00388611,0.25245,-0.0458838,0.966514
180778651,0.761501,-0.238112,-0.639091,-0.0062257,0.209507,-0.0625207,0.975786
180810492,0.735322,-0.247417,-0.643564,-0.0446088,0.187255,-0.0677615,0.9789561
180845391,0.706881,-0.248047,-0.650207,-0.0329846,0.221557,-0.0926139,0.970179
180877695,0.674898,-0.251796,-0.651565,-0.00857078,0.207208,-0.108086,0.97227
180911779,0.635505,-0.249462,-0.65715,-0.0347547,0.232218,-0.231681,0.9440291
180944603,0.599931,-0.255864,-0.65663,-0.0820004,0.136646,-0.0907143,0.983044
180977622,0.573542,-0.26402,-0.656141,-0.0596248,0.10962,-0.0351912,0.991559
181010732,0.533712,-0.251467,-0.65882,-0.00485106,0.157735,-0.0736482,0.984719
181044323,0.471156,-0.237383,-0.661555,-0.00380895,0.178724,-0.155039,0.97161
181077566,0.437583,-0.243618,-0.66915,-0.0483805,0.187416,-0.144099,0.970448
181144486,0.354258,-0.230329,-0.661618,-0.0665829,0.13372,-0.15734,0.9761811
181177685,0.292246,-0.222413,-0.662214,-0.0645542,0.0805641,-0.141216,0.984581
181210774,0.229492,-0.207035,-0.667,-0.0606884,0.0857752,-0.110211,0.988339
181244272,0.170642,-0.192201,-0.668825,-0.0651219,0.128752,-0.101499,0.984317
181278089,0.106885,-0.176969,-0.666878,-0.10224,0.0652761,-0.109302,0.986581
181310858,0.0448145,-0.152747,-0.662873,-0.0761821,0.0356262,-0.0982492,0.991602
181344135,-0.019699,-0.133842,-0.664825,-0.104088,0.0724697,-0.118661,0.984801
181377182,-0.0705851,-0.0898217,-0.672662,0.0613655,0.279084,-0.609139,0.739795
181410838,-0.122691,-0.0891329,-0.671129,-0.0951864,0.142288,-0.234681,0.956881
181444446,-0.206544,-0.056819,-0.664412,-0.0954079,0.0629166,-0.101607,0.988238
181477369,-0.273613,-0.0270742,-0.663424,-0.0821662,0.025291,-0.0581172,0.994601
181510785,-0.339082,0.00193439,-0.664989,-0.0539341,0.0226792,-0.04941,0.997063
181543370,-0.410852,0.0319739,-0.667485,-0.0427908,0.0458642,-0.0391263,0.9972641
181578619,-0.480478,0.0621314,-0.668308,-0.0426454,0.0362275,-0.0466439,0.997343
181610861,-0.552237,0.0958234,-0.67073,-0.0410755,0.0481002,-0.0501677,0.996736
181643751,-0.622799,0.12797,-0.672616,-0.0491279,0.0338174,-0.0460515,0.9971571
181677451,-0.691101,0.159351,-0.675237,-0.0385239,0.00687626,-0.0183059,0.999066
181711330,-0.763127,0.191763,-0.678771,0.0680335,0.0123676,0.0057137,-0.99759
181744513,-0.835402,0.227643,-0.683827,0.0758943,0.0134274,0.0120621,-0.9969531
181777908,-0.900225,0.258652,-0.689464,0.0540313,0.0259642,0.0123388,-0.998125
181811021,-0.968562,0.290731,-0.69789,0.0595918,0.00890493,-0.000338766,-0.998183
181843644,-1.03733,0.323229,-0.704046,0.0717387,0.0216877,0.0148443,-0.997077
181877596,-1.09995,0.354499,-0.711488,0.0666864,0.0463819,0.0231403,-0.9964271
181910887,-1.16807,0.386192,-0.721893,0.0418138,0.0811864,-0.0138232,-0.995726
181944563,-1.22726,0.415253,-0.72903,0.039893,0.110428,-0.00447865,-0.993073
181977924,-1.28734,0.441596,-0.741351,0.0652288,0.10325,-0.0251069,-0.9921971
182010825,-1.33844,0.463758,-0.752464,-0.00225705,0.111608,-0.0169253,-0.993606
182118672,-1.40024,0.493794,-0.764078,0.0422018,0.122865,-0.0459688,-0.990461
182119346,-1.45426,0.521248,-0.776378,0.0754154,0.142863,-0.0262719,-0.986515
182119357,-1.49894,0.538536,-0.789187,0.0936405,0.168548,0.0029743,-0.981231
182143969,-1.546,0.575232,-0.797893,0.0496745,0.161499,-0.0427505,-0.984694
182177663,-1.58603,0.595563,-0.814762,0.0586408,0.108792,-0.0504976,-0.991048
182210359,-1.62621,0.616213,-0.826995,0.0514525,0.146823,-0.061178,-0.985927
182244396,-1.66293,0.637643,-0.838773,0.0535648,0.159813,-0.0397988,-0.9848891
182278322,-1.69681,0.658389,-0.852867,0.0569502,0.159592,-0.0382353,-0.984797
182310814,-1.72552,0.675755,-0.867979,0.0701816,0.14582,-0.0354384,-0.986182
182345203,-1.75186,0.693254,-0.880509,0.0624982,0.165516,-0.0459018,-0.9831541
182377473,-1.77503,0.709902,-0.893191,0.0602222,0.173071,-0.0465441,-0.981964
182411523,-1.7943,0.723947,-0.905964,0.0595283,0.175091,-0.0442917,-0.981753
182444574,-1.81026,0.738413,-0.91838,0.0601966,0.1732,-0.0465506,-0.981942
182477864,-1.82233,0.746118,-0.93109,0.0168646,0.158275,-0.031946,-0.9867341
182510204,-1.83425,0.761955,-0.944612,0.0643271,0.149829,-0.0443654,-0.985619
182544496,-1.84091,0.770458,-0.960134,0.0636275,0.132432,-0.0348667,-0.988533
182576894,-1.84592,0.780462,-0.973266,0.052713,0.118151,-0.0286076,-0.991183
182611213,-1.84726,0.785033,-0.986138,0.0429598,0.105139,-0.0151645,-0.9934131
182643657,-1.84974,0.794079,-0.998148,0.0431489,0.0989851,-0.0243432,-0.993855
182676568,-1.84913,0.795142,-1.01211,0.0804761,0.0682922,-0.0119267,-0.994343
182711624,-1.84809,0.798311,-1.02255,0.0955123,0.0789296,-0.0299321,-0.9918431
182743697,-1.84324,0.805177,-1.03465,0.0610754,0.0814945,-0.0197755,-0.994604
182777834,-1.84194,0.806753,-1.04814,0.0657884,0.0429015,-0.0350096,-0.996296
182810660,-1.83546,0.809558,-1.05875,0.0626463,0.0393143,-0.0297416,-0.996818
182843838,-1.82996,0.803687,-1.06841,0.106066,0.0390475,-0.0273703,-0.9932151
182877647,-1.82208,0.807413,-1.07765,0.0783858,0.058821,-0.0237767,-0.994902
182910739,-1.81494,0.805592,-1.08654,0.0812922,0.0721083,-0.020863,-0.99386
182944498,-1.80753,0.802905,-1.09514,0.0837008,0.0677071,-0.0213373,-0.9939591
182976671,-1.7973,0.799038,-1.10522,0.0827026,0.0536174,-0.000462179,-0.995131
183011023,-1.78957,0.800867,-1.11402,0.0635191,0.0481646,-0.00655395,-0.996796
183044254,-1.78065,0.795918,-1.12145,0.0393285,0.0241386,0.0373284,-0.998237
183078838,-1.76919,0.795137,-1.13063,0.0567796,0.0352262,0.0110548,-0.9977041
183110148,-1.75856,0.790855,-1.13754,0.0643999,0.0357704,0.0140011,-0.997185
183144294,-1.74825,0.786941,-1.14335,0.0636203,0.0312337,0.0197743,-0.997289
183177416,-1.73784,0.775816,-1.14708,0.0239469,0.00659301,0.0393382,-0.998917
183210074,-1.72617,0.778036,-1.15552,0.0644691,0.0212597,0.0182415,-0.9975261
183245032,-1.71417,0.769207,-1.15874,0.0696488,0.0124934,0.0245625,-0.997191
183277346,-1.70201,0.768279,-1.16574,0.068094,0.0118126,0.0180109,-0.997446
183311456,-1.68985,0.762028,-1.17005,0.06101,0.010926,0.0111786,-0.9980151
183344094,-1.67734,0.756471,-1.17462,0.0613942,0.00992876,0.0179523,-0.997903
183378002,-1.66446,0.749786,-1.17857,0.0528355,0.00665861,0.0172776,-0.998432
183410417,-1.65353,0.746644,-1.18307,0.0703347,0.00969594,0.0252803,-0.997156
183444115,-1.64271,0.740996,-1.18741,0.072803,0.00738961,0.0193434,-0.9971311
183477524,-1.62998,0.734497,-1.19006,0.0649951,0.00159932,0.0219155,-0.997644
183510938,-1.61859,0.72939,-1.19341,-0.0626323,0.00933577,-0.0143407,0.99789
183544693,-1.60856,0.724333,-1.19685,0.0701062,-0.00300527,0.0185726,-0.9973621
183576432,-1.59795,0.717251,-1.19862,0.0643156,-0.0025229,0.0172097,-0.997778
183610917,-1.58798,0.712972,-1.2003,0.0694092,-0.0038686,0.0180098,-0.997418
183644846,-1.57724,0.706815,-1.20179,-0.0570179,0.014311,-0.0134851,0.998181
183676443,-1.56764,0.70104,-1.20327,0.0679828,-0.00287517,0.0197153,-0.997488
183710673,-1.55726,0.694477,-1.2033,-0.05706,0.0103383,-0.0175359,0.998163
183744034,-1.54716,0.689376,-1.20452,-0.0618653,0.010149,-0.0125697,0.997954
183777920,-1.53828,0.683799,-1.2048,-0.0596354,0.00928026,-0.00969369,0.998131
183810768,-1.52974,0.678356,-1.20485,-0.0624627,0.0090558,-0.0138323,0.99791
183844699,-1.52112,0.672472,-1.20507,-0.058707,0.0123847,-0.0122212,0.998124
183876919,-1.51247,0.666835,-1.20475,-0.0567266,0.00598108,-0.0118052,0.998302
183910075,-1.50412,0.660656,-1.20444,0.0617278,-0.00277307,0.0112618,-0.9980261
183943915,-1.49577,0.654942,-1.20339,0.0609137,0.00014244,0.0138959,-0.998046
183977650,-1.48819,0.648777,-1.20216,0.0624154,0.00204378,0.0153542,-0.99793
184010585,-1.48002,0.642566,-1.20113,0.0568922,0.00911578,0.0135683,-0.9982471
184044146,-1.47239,0.636285,-1.19921,0.0593994,0.0118947,0.0145205,-0.998058
184077560,-1.46423,0.630926,-1.19789,0.0599834,0.011569,0.0117035,-0.998064
184110664,-1.45637,0.623799,-1.19528,0.0486837,0.0107183,0.01653,-0.998621
184144602,-1.44795,0.61795,-1.19351,0.0514488,0.0119255,0.00677196,-0.998582
184177749,-1.44025,0.611312,-1.19118,0.0554544,0.00884999,0.00903311,-0.998381
184211835,-1.43216,0.604822,-1.1884,0.050601,0.0101776,0.0127367,-0.9985861
184243689,-1.42361,0.598481,-1.18563,0.0573593,0.0047688,0.0103298,-0.998289
184278378,-1.41529,0.591637,-1.18279,0.0529551,0.00709241,0.00901246,-0.998531
184310666,-1.40721,0.583388,-1.17839,0.0322177,0.00787719,0.0212384,-0.999224
184344820,-1.39827,0.578703,-1.17439,0.0354657,0.0179866,0.0245772,-0.9989071
184377343,-1.39011,0.571486,-1.16992,0.0458975,0.023853,0.0286843,-0.998249
184410468,-1.38067,0.561781,-1.16563,0.0156623,0.0278565,0.0325185,-0.99896
184444429,-1.36986,0.558462,-1.16064,0.0286308,0.0240798,0.026076,-0.99896
184476592,-1.3598,0.549955,-1.1544,0.0193088,0.0251662,0.0285332,-0.9990891
184510779,-1.34952,0.542495,-1.14729,0.0650475,0.0539892,0.0236409,-0.99614
184543838,-1.33913,0.540842,-1.14254,0.0451733,0.0332555,0.0292261,-0.997998
184577308,-1.3268,0.534325,-1.13857,0.0274714,0.0340927,0.0555686,-0.9974941
184610755,-1.31727,0.527717,-1.13133,0.0401971,0.0336083,0.0352955,-0.998002
184642814,-1.30363,0.521031,-1.12616,0.0418118,0.0392166,0.0439496,-0.997388
184676436,-1.29145,0.514869,-1.12125,0.0325718,0.049167,0.0393192,-0.997485
184710634,-1.27778,0.511409,-1.11767,0.0277824,0.049152,0.0386054,-0.9976581
184743730,-1.26365,0.504508,-1.11319,0.0209244,0.0492523,0.034879,-0.997958
184776300,-1.24988,0.498363,-1.10909,0.0225079,0.0477175,0.0379794,-0.997885
184810879,-1.23365,0.489505,-1.1032,0.0516328,0.0705888,0.0436084,-0.9952131
184844560,-1.22174,0.488211,-1.10229,0.0198975,0.0594818,0.0300204,-0.99758
184877285,-1.20606,0.483717,-1.09898,0.0152877,0.0613486,0.0345052,-0.997403
184910513,-1.19029,0.478634,-1.09794,-0.00874599,0.0503232,0.0424401,-0.997793
184944283,-1.17696,0.475814,-1.09739,-0.0180607,0.0185344,0.019902,-0.9994671
184976952,-1.16162,0.47011,-1.09494,-0.00817676,0.0229166,0.0253544,-0.999382
185010476,-1.14384,0.467637,-1.09157,-0.0137129,0.036181,0.0341334,-0.998668
185042843,-1.12477,0.45956,-1.08895,-0.0354496,0.0342577,0.0202443,-0.998579
185077096,-1.10952,0.459984,-1.09121,-0.00286534,0.0285573,0.0298573,-0.9991421
185110384,-1.095,0.452708,-1.09121,-0.00849955,0.00964043,0.0242228,-0.999624
185144536,-1.07983,0.448502,-1.09063,-0.0130872,0.0119257,0.0393506,-0.999069
185177817,-1.05963,0.44332,-1.09162,-0.017596,0.0194375,0.03734,-0.9989591
185210275,-1.04389,0.440537,-1.09238,-0.00465182,0.0097267,0.0223134,-0.999693
185243871,-1.02272,0.438385,-1.09035,-0.0502997,0.0169796,0.00388063,-0.998582
185276663,-1.00961,0.430163,-1.09527,-0.0285418,0.00528076,0.028118,-0.999183
185310576,-0.994544,0.426194,-1.09563,-0.0169212,0.000307864,0.0274464,-0.999481
185344318,-0.978492,0.420912,-1.09811,-0.0119133,0.000417712,0.0170289,-0.999784
185376931,-0.960747,0.419547,-1.10071,-0.0324017,0.0156576,0.0472599,-0.998234
185411122,-0.946341,0.416411,-1.10218,-0.0104166,0.00576487,0.0415385,-0.9990661
185444055,-0.931921,0.412722,-1.10474,-0.0105892,0.00620213,0.0446675,-0.998927
185476552,-0.916364,0.409196,-1.10642,-0.00408848,-0.000896205,0.0500646,-0.998737
185511215,-0.90068,0.404264,-1.10909,-0.0302034,-0.00129739,0.0471295,-0.9984311
185543634,-0.889669,0.407792,-1.11196,-0.0125742,-0.00717775,0.0576373,-0.998233
185577253,-0.876311,0.408958,-1.11649,0.00440593,-0.0132748,0.0543918,-0.998422
185611067,-0.860178,0.410184,-1.12033,0.00990068,-0.00996578,0.0426509,-0.998991
185643984,-0.845186,0.408531,-1.12206,0.00998011,0.0126396,-0.034697,0.9992681
185676351,-0.829763,0.413129,-1.12663,0.0127993,-0.00617867,0.0515261,-0.998571
185710396,-0.816677,0.412026,-1.13053,0.000927593,0.0199538,-0.0354543,0.999172
185744210,-0.802298,0.414241,-1.13521,-0.00853328,0.0319183,-0.0431068,0.9985241
185777325,-0.791195,0.417614,-1.13691,0.00225221,0.0178475,-0.0440772,0.998866
185809974,-0.777447,0.418817,-1.13831,-0.00150688,-0.00324184,0.0545024,-0.998507
185844070,-0.763682,0.421815,-1.1437,-0.0115789,-0.00738657,0.0638738,-0.997864
185877164,-0.752439,0.417997,-1.14522,0.0582529,0.0217737,-0.0568744,0.9964431
185910062,-0.742889,0.423853,-1.14915,0.0471762,0.0315494,-0.0566026,0.996782
185943520,-0.732426,0.424993,-1.15145,0.0521463,0.0413829,-0.0546319,0.996285
185977285,-0.721723,0.42897,-1.15678,0.0642939,0.037898,-0.0651462,0.9950811
186010577,-0.708844,0.431419,-1.16286,0.0533686,0.0276795,-0.0550691,0.996671
186043744,-0.700648,0.436268,-1.1658,0.0561703,0.0400134,-0.0661291,0.995425
186076714,-0.692106,0.440731,-1.17224,0.0442192,0.0173133,-0.0496827,0.997635
186109656,-0.683003,0.446821,-1.17583,-0.0442963,-0.0171049,0.0646578,-0.9967771
186142991,-0.673738,0.448071,-1.17737,0.052268,0.0260077,-0.0479882,0.99714
186176962,-0.664186,0.452783,-1.1831,-0.0446249,-0.0121658,0.0422949,-0.998034
186209739,-0.656166,0.459898,-1.18201,0.0366971,0.023146,-0.0496583,0.9978231
186242986,-0.648297,0.465162,-1.1819,0.045625,0.0179098,-0.0386264,0.998051
186276150,-0.641073,0.468905,-1.1818,0.0440151,0.0159542,-0.0499231,0.997655
186310844,-0.632364,0.469697,-1.18464,0.0314,0.0245267,-0.0207117,0.9989911
186343333,-0.62508,0.474538,-1.1845,0.0297595,0.0196373,-0.00854608,0.999328
186377602,-0.619193,0.477872,-1.18074,0.0412919,0.015896,-0.0267361,0.998663
186409450,-0.611647,0.481297,-1.17777,-0.0424695,-0.010343,0.036216,-0.998388
186444255,-0.604041,0.483028,-1.17438,-0.0319155,-0.00103025,0.0270709,-0.9991231
186476912,-0.596765,0.483776,-1.1705,-0.0287278,-0.00735423,0.039446,-0.998782
186511275,-0.596302,0.488811,-1.16294,-0.0404454,-0.00694187,0.0328728,-0.998617
186544120,-0.588183,0.492844,-1.15972,-0.0391829,-0.0021106,0.0401162,-0.998424
186576973,-0.582143,0.49875,-1.15407,-0.0454756,0.00373013,0.0343264,-0.9983691
186609758,-0.581574,0.506857,-1.14562,-0.0484623,-0.00340459,0.0472002,-0.997703
186643756,-0.573193,0.505205,-1.13885,-0.0120204,-0.016169,0.0528501,-0.998399
186676795,-0.569597,0.511302,-1.13312,0.0153994,0.0148004,-0.0466487,0.998683
186710492,-0.567829,0.51418,-1.12633,-0.0365515,0.00576641,0.055313,-0.9977831
186744427,-0.563942,0.521378,-1.11731,-0.0260256,0.0103688,0.0698052,-0.997167
186777593,-0.559959,0.5265,-1.10931,-0.0184192,0.0139327,0.0686941,-0.99737
186810881,-0.556894,0.530078,-1.1007,-0.0401446,-0.00194336,0.0573569,-0.9975441
186843609,-0.554553,0.532566,-1.09292,-0.0491693,0.000532632,0.056672,-0.997181
186876887,-0.552011,0.537134,-1.08691,-0.0248835,-0.00472587,0.0681104,-0.997356
186909818,-0.548737,0.542037,-1.07941,-0.0329679,-0.00369004,0.0655069,-0.997301
186943333,-0.547423,0.543202,-1.07291,-0.0280279,0.00780521,0.0802547,-0.996351
186976943,-0.543328,0.544266,-1.06774,-0.0239965,-0.00894935,0.0820689,-0.996298
187009922,-0.539774,0.546167,-1.05875,-0.0161427,0.0131877,0.0933385,-0.995416
187043662,-0.536546,0.549965,-1.05318,-0.023758,0.0215176,0.102173,-0.994251
187076633,-0.534994,0.551075,-1.04899,-0.0230706,0.0132715,0.0886828,-0.995704
187110816,-0.535811,0.552642,-1.04341,-0.00858882,-0.00188598,0.0807403,-0.996696
187144648,-0.533805,0.558915,-1.03421,-0.0474497,0.027401,0.0768392,-0.9955371
187176110,-0.530482,0.559948,-1.02612,-0.054042,0.0208166,0.101276,-0.993171
187209344,-0.528217,0.560061,-1.02511,-0.0431128,0.00266371,0.0663269,-0.996863
187243618,-0.523516,0.560715,-1.0188,-0.0329548,0.003345,0.0686766,-0.997089
187278016,-0.523135,0.565923,-1.01391,-0.0404788,0.00489054,0.0574118,-0.9975181
187309556,-0.521112,0.563594,-1.01019,-0.0526477,0.0131096,0.0450288,-0.997511
187343305,-0.52251,0.572518,-1.00411,-0.0299646,0.0259195,0.0368708,-0.998534
187376658,-0.518065,0.569422,-1.00073,-0.0624466,0.0125977,0.0569627,-0.996342
187410647,-0.518266,0.576322,-0.99532,-0.0527123,0.0185089,0.057697,-0.996771
187443958,-0.517713,0.575986,-0.990054,-0.059452,0.0138845,0.0564028,-0.99654
187476542,-0.516832,0.579185,-0.985637,-0.0376658,0.0111693,0.0648516,-0.997121
187510445,-0.510292,0.571698,-0.982611,-0.0185278,0.00378998,0.0584884,-0.998109
187544394,-0.513943,0.581102,-0.97878,-0.0408819,-0.0000803441,0.0532261,-0.9977451
187576769,-0.509182,0.579045,-0.974281,-0.0476076,-0.00146012,0.0389676,-0.998105
187610079,-0.510739,0.582139,-0.970346,-0.0361973,-0.0063166,0.0521157,-0.997965
187642731,-0.509786,0.585441,-0.965068,-0.0400779,-0.00225584,0.050315,-0.997926
187677228,-0.507778,0.585833,-0.961616,-0.0454071,0.00408802,0.0374552,-0.9982581
187709868,-0.50555,0.58833,-0.95665,-0.0565022,0.0206791,0.0215335,-0.997956
187743557,-0.503595,0.588522,-0.953246,-0.0524268,0.0201911,0.0315477,-0.997922
187776220,-0.504096,0.59216,-0.948221,-0.0512245,0.0211032,0.0282705,-0.998064
187809969,-0.502842,0.589708,-0.946813,-0.0395866,0.00131505,0.0430841,-0.9982861
187843023,-0.502438,0.592201,-0.943072,-0.0163425,0.0136327,0.0169699,-0.999629
187876962,-0.50101,0.593338,-0.9381,-0.024043,-0.0068433,0.0286494,-0.999277
187910040,-0.4997,0.593417,-0.936892,-0.0279251,0.0114619,0.0437664,-0.9985861
187943186,-0.498575,0.599986,-0.930745,-0.00204219,0.0107611,0.028032,-0.999547
187976708,-0.498424,0.599626,-0.928843,0.0154898,-0.00124381,0.00929785,-0.999836
188010215,-0.497408,0.604697,-0.926706,-0.012982,0.0141451,0.0164456,-0.999681
188043718,-0.498669,0.603083,-0.919738,0.0519332,0.0737045,-0.0499551,-0.994673
188076704,-0.497533,0.606597,-0.922359,0.0108921,0.000819759,0.0186535,-0.999766
188109179,-0.497613,0.605751,-0.919224,0.000893515,-0.000401387,0.0128158,-0.999917
188143432,-0.495765,0.607191,-0.919121,0.0179279,0.00256366,0.014685,-0.9997281
188176895,-0.493435,0.60876,-0.919832,0.0360854,0.010891,-0.011223,-0.999226
188210017,-0.491261,0.606359,-0.918375,-0.0110841,0.00486991,0.00886839,-0.999887
188243710,-0.486473,0.604532,-0.916424,0.00255816,0.0138007,0.0319551,-0.9993911
188276263,-0.486593,0.607357,-0.916567,0.00259222,0.00555965,0.0016454,0.99998
188309805,-0.485895,0.609147,-0.916647,0.00304809,0.0222302,0.0217056,0.999513
188344084,-0.485207,0.608707,-0.916496,-0.00670483,0.0216714,0.00939593,0.9996991
188375841,-0.481136,0.60781,-0.915752,0.00811345,0.0120003,0.00464304,0.999884
188409518,-0.480548,0.608369,-0.916192,-0.0017518,0.0141191,0.00617465,0.99988
188442774,-0.479103,0.611885,-0.918179,0.0133142,0.0243573,-0.00634703,0.999595
188476678,-0.471865,0.611495,-0.918437,0.041323,0.0230111,-0.00599801,0.9988631
188510253,-0.472745,0.609085,-0.919085,0.0120032,0.0169505,-0.0119671,0.999713
188542830,-0.469794,0.60962,-0.918985,0.0072613,0.0146356,-0.0145624,0.999761
188576505,-0.467696,0.609415,-0.920014,0.0120301,0.0141294,-0.013063,0.999743
188609452,-0.465079,0.609529,-0.920242,0.00169487,0.0189057,0.00843119,0.9997841
188643767,-0.459462,0.615109,-0.921859,0.0293779,0.0197917,-0.0181753,0.999207
188676752,-0.457412,0.613279,-0.922264,0.0317898,0.015097,-0.00945086,0.999336
188710547,-0.456701,0.611635,-0.925241,0.0311107,0.02835,-0.0092211,0.9990711
188743989,-0.457929,0.616577,-0.926949,0.0109867,0.0186745,0.0094415,0.999721
188776943,-0.452688,0.614052,-0.928489,0.0580635,0.0146821,-0.0151722,0.99809
188810139,-0.45145,0.614951,-0.927661,-0.0656994,-0.00763123,0.0257393,-0.997478
188843609,-0.444456,0.611687,-0.92821,0.0212942,0.0229367,-0.0619189,0.997591
188875836,-0.449713,0.616713,-0.932063,-0.0473487,0.00640525,-0.0133116,-0.998769
188908937,-0.44205,0.613924,-0.933262,0.0705811,0.00406282,0.041196,0.996647
188943102,-0.439915,0.617419,-0.937325,0.0590056,0.0357383,0.0203207,0.997411
188977283,-0.438888,0.615172,-0.941832,0.00591183,0.0456145,-0.0193032,0.9987551
189009410,-0.435556,0.616733,-0.942582,0.0493176,0.0104205,0.00691757,0.998705
189043891,-0.434783,0.618774,-0.940371,-0.0505265,0.0216265,-0.0502359,-0.997224
189075820,-0.431665,0.616039,-0.944305,0.0347494,0.00799073,0.024914,0.999054
189108939,-0.431961,0.618593,-0.946939,0.0455614,0.0179481,0.0103308,0.9987471
189142889,-0.432091,0.615161,-0.950222,0.03753,0.0265844,-0.0107859,0.998884
189175860,-0.433999,0.614039,-0.949627,-0.0115209,0.0269756,0.0202091,0.999365
189210589,-0.43216,0.613168,-0.951716,0.039751,0.0426617,0.0164239,0.9981631
189243056,-0.432338,0.610082,-0.951764,0.0527347,0.0307481,0.00962192,0.998089
189276668,-0.436601,0.610635,-0.954414,0.0330345,0.0359273,0.015763,0.998684
189310639,-0.442979,0.610687,-0.956845,0.0124174,0.0632328,0.0363977,0.9972581
189342788,-0.449841,0.610612,-0.957054,0.00174178,0.0692439,-0.00164773,0.997597
189377247,-0.456149,0.610153,-0.957513,0.0122636,0.0834688,-0.00215008,0.996433
189408790,-0.462108,0.605541,-0.958191,0.0523279,0.0723181,0.0167865,0.995866
189442528,-0.471942,0.6038,-0.957959,0.0618043,0.0896941,0.0126627,0.9939691
189475789,-0.484173,0.601447,-0.961332,0.0567034,0.104887,0.00573673,0.99285
189509423,-0.501236,0.604707,-0.963319,0.0569181,0.105792,-0.00738014,0.992731
189542844,-0.521384,0.60546,-0.962328,0.0234701,0.124863,0.0239579,0.9916071
189575560,-0.541666,0.602661,-0.960847,0.0358613,0.110595,0.0329268,0.992673
189609661,-0.561144,0.596143,-0.955795,0.0328217,0.0819707,0.0585454,0.994372
189643471,-0.588601,0.593669,-0.95921,0.0559931,0.146833,0.0147201,0.9874651
189676373,-0.61808,0.591718,-0.957324,0.041876,0.153653,0.0240014,0.986945
189710068,-0.652289,0.58929,-0.95405,0.0252725,0.155707,0.0117543,0.98741
189797297,-0.686382,0.587637,-0.952126,0.0231221,0.156621,0.0127214,0.9873061
189798396,-0.725426,0.584263,-0.948697,0.0123643,0.158395,0.0249231,0.986984
189809286,-0.767124,0.581511,-0.94595,0.0202867,0.173902,0.0343068,0.983956
189842873,-0.811835,0.577702,-0.941665,0.0131128,0.173425,0.0316947,0.98425
189876296,-0.857563,0.573263,-0.936432,0.00518182,0.178465,0.0275915,0.983546
189909381,-0.908597,0.567138,-0.931169,0.00714131,0.175836,0.0302898,0.9839271
189942679,-0.962133,0.561643,-0.925675,-0.000243793,0.175764,0.027419,0.98405
189976294,-1.01689,0.548536,-0.917475,0.0257318,0.184647,0.0319743,0.981948
190010296,-1.07579,0.536957,-0.906472,0.0208706,0.172294,0.0449411,0.9837981
190042717,-1.14479,0.533097,-0.903594,0.00393688,0.157168,0.0263773,0.987212
190076476,-1.21101,0.530822,-0.893822,-0.0207561,0.163176,0.0411784,0.985519
190109742,-1.28351,0.524554,-0.885322,-0.0285178,0.207526,0.058657,0.976053
190141988,-1.35764,0.513475,-0.875326,-0.234261,0.186034,0.00162385,0.9542071
190177483,-1.43597,0.497538,-0.861909,-0.194461,0.154852,0.0353268,0.967966
190209323,-1.51735,0.505957,-0.857133,-0.0713492,0.166881,-0.019548,0.983198
190242930,-1.59586,0.491543,-0.848632,-0.00502079,0.174915,0.0199916,0.9843681
190276759,-1.67986,0.481684,-0.839085,-0.0320243,0.144416,0.0167131,0.988858
190310489,-1.76241,0.472996,-0.829909,-0.0493647,0.100006,-0.00258496,0.993758
190342678,-1.84811,0.462551,-0.822028,-0.071495,0.0432555,-0.0116813,0.996434
190376110,-1.93511,0.454133,-0.810315,-0.0744731,0.0380576,-0.016465,0.9963611
190410039,-2.0256,0.442719,-0.802501,-0.0618741,0.0330637,0.00468017,0.997525
190443096,-2.11539,0.433617,-0.795005,-0.0659787,0.0256557,-0.00538041,0.997477
190477779,-2.2013,0.418225,-0.785014,0.0794411,0.0424751,0.00296879,-0.995931
190509499,-2.28513,0.398451,-0.78217,0.0196527,0.0873352,-0.00558704,-0.995969
190542801,-2.36515,0.390814,-0.78056,0.00714135,0.0879177,-0.0247752,-0.995794
190576222,-2.45487,0.382583,-0.77362,0.0286105,0.0703485,-0.0296509,-0.996671
190609505,-2.5398,0.36359,-0.766424,-0.0565905,0.109887,-0.00192167,-0.992331
190642282,-2.57967,0.386731,-0.769733,-0.305179,0.224005,0.151119,-0.913155
190676171,-2.88508,0.247726,-0.730119,0.613435,0.55829,0.0324557,-0.557634
190709643,-2.72842,0.323386,-0.750621,-0.06546,0.259387,-0.0133475,-0.963461
190742200,-2.82107,0.31122,-0.749446,0.0116958,0.24352,-0.0885573,-0.965774
190775808,-2.88338,0.300959,-0.753993,0.00139208,0.224418,-0.0297352,-0.974038
190810494,-2.91665,0.282239,-0.754613,-0.025765,0.285644,-0.0278248,-0.9575851
190909495,-3.07748,0.243585,-0.740134,-0.0804046,0.227348,0.013491,-0.970395
190942454,-3.13039,0.232728,-0.736571,-0.0272764,0.227687,0.00727285,-0.9733251
190976092,-3.20707,0.191133,-0.715763,0.240373,0.137038,-0.306895,0.910636
191010376,-3.18485,0.209983,-0.731304,-0.0170981,0.283425,0.109402,-0.95258
191042776,-3.21959,0.191934,-0.724516,0.0336435,0.299574,0.0998441,-0.9482381
191076734,-3.24501,0.172759,-0.718202,0.0680323,0.326456,0.101804,-0.937248
191109002,-3.26647,0.156813,-0.718614,0.0348397,0.237781,0.041122,-0.969822
191142984,-3.27885,0.14432,-0.713766,0.0489827,0.258066,0.069967,-0.9623451
191242444,-3.32402,0.0162501,-0.602802,0.160258,0.532841,0.202916,-0.805744
191275596,-3.29548,0.0841221,-0.682973,-0.210307,0.619945,-0.598239,0.4621141
191342124,-3.26901,0.0661155,-0.671567,0.0361784,0.186009,0.0764579,-0.9789
191375495,-3.25171,0.04777,-0.661521,0.0263852,0.187894,0.0583452,-0.9801
191409897,-3.22566,-0.0050011,-0.636966,-0.186533,0.139271,0.00938851,-0.9724821
191442492,-3.19622,-0.0547906,-0.661894,-0.0327988,-0.01575,0.242678,-0.969424
191475066,-3.19266,0.00613159,-0.63172,-0.152551,0.139646,0.300776,-0.931
191576185,-3.08754,-0.0181652,-0.602027,0.0141591,0.163723,0.0560961,-0.9848081
191609364,-3.03998,-0.0286793,-0.593667,0.0235196,0.115749,0.0686607,-0.990623
191642685,-2.99244,-0.0398493,-0.581223,0.0342657,0.130325,0.0534518,-0.989436
191675448,-2.94667,-0.0497151,-0.572988,0.0377753,0.108532,0.0263226,-0.993026
191710153,-2.89256,-0.0558386,-0.555327,0.0277639,0.136391,0.0376122,-0.9895511
191742646,-2.84612,-0.0647905,-0.545057,0.0351391,0.127496,0.0304877,-0.990747
191775072,-2.78999,-0.0690168,-0.533097,0.00843475,0.109879,0.0423217,-0.993008
191809488,-2.73424,-0.0754313,-0.521192,-0.0142633,0.106087,0.0493466,-0.993029
191842848,-2.67772,-0.0801936,-0.509758,-0.0111968,0.110579,0.0739295,-0.9910511
191875634,-2.61362,-0.0856229,-0.503281,0.0111811,0.0803172,0.0444748,-0.995714
191909880,-2.55021,-0.0871712,-0.49469,0.0348389,0.104152,0.0468599,-0.992846
191942997,-2.48962,-0.0909977,-0.483156,-0.00143331,0.0698553,0.0455669,-0.9965151
191975929,-2.42516,-0.093384,-0.472649,-0.00032043,0.0672616,0.0517166,-0.996394
192008823,-2.35861,-0.0958113,-0.464572,0.00118509,0.04535,0.0409521,-0.998131
192042629,-2.28822,-0.09754,-0.45501,-0.0047608,0.034683,0.044728,-0.998386
192075772,-2.22001,-0.0995734,-0.446688,-0.00215253,0.016107,0.0612119,-0.9979931
192109074,-2.15369,-0.0990019,-0.442166,-0.00602222,0.0194674,0.0567513,-0.99818
192142791,-2.08675,-0.0983044,-0.439303,-0.0039584,0.0245028,0.0436866,-0.998737
192176450,-2.02145,-0.100041,-0.433686,-0.00406513,0.023797,0.0391327,-0.9989421
192209361,-1.95709,-0.0998619,-0.43373,0.000531022,0.0108213,0.0525036,-0.998562
192242769,-1.88516,-0.0992561,-0.430061,-0.00388454,0.0104867,0.0484506,-0.998763
192276209,-1.80672,-0.107344,-0.426221,-0.045966,0.0219243,0.0433039,-0.997763
192309711,-1.74047,-0.110954,-0.424052,-0.137906,0.0295114,-0.00219285,-0.9900031
192342717,-1.67958,-0.104634,-0.417668,0.111954,0.0376737,-0.0225837,0.992742
192375740,-1.61683,-0.0886913,-0.42286,-0.00868084,0.0192668,-0.0188883,0.999598
192409336,-1.54488,-0.0975764,-0.422405,-0.0573537,0.0133868,-0.0264911,-0.997913
192442485,-1.48417,-0.0887145,-0.424263,-0.034744,0.00444135,0.0137989,-0.9992911
192475247,-1.42156,-0.0854383,-0.425167,0.0176437,0.0133352,-0.00565636,0.999739
192509795,-1.35872,-0.0835317,-0.426431,0.0100635,0.0217946,0.00590375,0.999694
192543122,-1.29671,-0.0815696,-0.428373,0.0055668,0.0286901,-0.00774722,0.9995431
192575797,-1.2318,-0.0948441,-0.426195,0.0923845,0.0793196,-0.02202,0.992315
192608495,-1.17173,-0.0902237,-0.430337,0.130618,0.11582,-0.0223347,0.984391
192642223,-1.11758,-0.0741599,-0.442508,0.0192862,0.030989,-0.0284063,0.99893
192676059,-1.06132,-0.0709427,-0.446531,0.00297546,0.0446215,-0.0428311,0.9980811
192710192,-1.00688,-0.0700557,-0.45068,0.00351842,0.0639493,-0.0257424,0.997615
192743665,-0.950625,-0.0650056,-0.457198,-0.00125665,0.0842699,-0.0348536,0.995832
192776120,-0.900871,-0.0631758,-0.461699,0.0128627,0.0807356,-0.0340323,0.9960711
192809748,-0.848996,-0.0615293,-0.469091,0.017743,0.0801221,-0.0180618,0.996463
192842485,-0.801287,-0.0574942,-0.474155,0.0198881,0.0761023,-0.018048,0.996738
192876494,-0.755828,-0.0545474,-0.47804,0.0275894,0.0943264,-0.0162777,0.9950261
192909048,-0.713762,-0.0482171,-0.48626,0.0135341,0.104527,-0.0324316,0.993901
192943105,-0.672063,-0.0427255,-0.492246,0.0134844,0.119952,-0.0414525,0.991822
192976378,-0.632895,-0.0390192,-0.498897,0.014159,0.130405,-0.0404779,0.990533
193008920,-0.596019,-0.0338235,-0.504633,0.0163341,0.134935,-0.0397409,0.9899221
193042489,-0.563665,-0.0310847,-0.509015,0.0221633,0.150506,-0.0257227,0.988026
193075812,-0.535705,-0.0236091,-0.514846,0.0153797,0.16615,-0.0339764,0.985395
193109664,-0.510073,-0.018613,-0.518894,0.0128573,0.17671,-0.0370983,0.983481
193141713,-0.488609,-0.0127843,-0.524792,0.0196719,0.178604,-0.0326079,0.983184
193175490,-0.46976,-0.00877124,-0.528483,0.0139032,0.175707,-0.0248629,0.98403
193209384,-0.455941,-0.00458917,-0.531586,0.0140641,0.17944,-0.022459,0.983412
193241942,-0.445685,0.00355957,-0.535404,0.00861574,0.174991,-0.0220115,0.9842861
193275717,-0.439567,0.0100565,-0.538132,0.0114403,0.163789,-0.0209994,0.986206
193308880,-0.434924,0.0149896,-0.540468,0.017999,0.140467,-0.0221538,0.989674
193342118,-0.436192,0.0219658,-0.542306,0.0203897,0.123294,-0.0237626,0.9918761
193375930,-0.44007,0.0282991,-0.545651,0.0155302,0.113989,-0.0346837,0.992755
193409690,-0.445426,0.0349382,-0.546862,0.0133957,0.0870809,-0.0437587,0.99515
193442031,-0.453041,0.0419262,-0.547386,0.00867887,0.065649,-0.0498171,0.996561
193476914,-0.464036,0.0495038,-0.549445,0.00593815,0.0610756,-0.0615299,0.9962171
193509002,-0.476729,0.0570631,-0.551319,0.00839295,0.0630414,-0.0636544,0.995943
193542533,-0.490334,0.0676859,-0.552752,0.0106872,0.0596542,-0.070278,0.995685
193576133,-0.504758,0.0778962,-0.552371,0.0135441,0.039148,-0.0718244,0.996557
193608880,-0.521411,0.09278,-0.553752,-0.0176321,-0.0213359,0.0827235,-0.9961881
193641613,-0.538231,0.109082,-0.556216,-0.0237623,-0.0178415,0.0988398,-0.99466
193675395,-0.556198,0.127572,-0.556793,-0.0236302,0.000801439,0.107334,-0.993942
193708457,-0.57763,0.145683,-0.559542,-0.0237844,-0.0180344,0.114751,-0.992946
193742595,-0.598298,0.167978,-0.561022,-0.0209611,-0.0103765,0.111396,-0.9935011
193776217,-0.617798,0.189837,-0.563004,-0.0137276,-0.0131705,0.106817,-0.994097
193809876,-0.637018,0.217199,-0.564726,-0.0133355,-0.00452598,0.121525,-0.992488
193841643,-0.656728,0.245466,-0.564746,-0.0169177,0.0088686,0.132444,-0.991006
193875881,-0.675534,0.270757,-0.565935,-0.037099,0.0115071,0.133537,-0.9902821
193909497,-0.696241,0.302449,-0.564862,-0.0547842,-0.000304946,0.106014,-0.992854
193941391,-0.715609,0.34178,-0.565827,-0.0344461,0.00924456,0.106859,-0.993634
193975658,-0.733587,0.380673,-0.567061,-0.0319165,0.00636158,0.111002,-0.993287
194009708,-0.752307,0.421043,-0.568116,-0.00423085,0.0153156,0.131827,-0.9911451
194043033,-0.768611,0.466107,-0.568293,-0.00280712,0.0137415,0.132843,-0.991038
194075982,-0.786686,0.512459,-0.570002,-0.0203606,0.0124097,0.137392,-0.99023
194108875,-0.803642,0.562268,-0.570453,-0.0131244,0.0126513,0.143086,-0.989542
194142599,-0.821146,0.613281,-0.571708,-0.00880356,0.0140537,0.136999,-0.9904321
194175285,-0.83947,0.666506,-0.572886,-0.00149812,0.00338653,0.13575,-0.990736
194208977,-0.854851,0.724802,-0.574999,0.00386529,0.0146296,0.123166,-0.992271
194241713,-0.870228,0.783635,-0.574555,-0.0121311,0.0218645,0.10089,-0.994583
194275082,-0.884926,0.842004,-0.573713,-0.00309717,0.021052,0.0869526,-0.9959851
194309213,-0.899495,0.902509,-0.573797,0.00966485,0.0402056,0.0714127,-0.996589
194341665,-0.914226,0.964565,-0.576888,0.00716348,0.0293916,0.0608514,-0.997688
194375373,-0.928785,1.02588,-0.579886,0.00687224,0.00590932,0.0414823,-0.9990981
194408564,-0.94049,1.09008,-0.582142,0.0155368,0.011439,0.0314975,-0.999318
194442358,-0.950575,1.15206,-0.585028,-0.00106521,0.015188,-0.00648317,-0.999863
194475535,-0.963743,1.21587,-0.585558,0.0107207,0.0168497,-0.0368528,-0.9991211
194509402,-0.976181,1.27231,-0.592297,0.0140172,0.021211,-0.0566244,-0.998072
194542009,-0.985606,1.3328,-0.597038,-0.0144664,-0.00216086,0.082311,0.996499
194574842,-0.992849,1.38907,-0.599656,-0.010595,0.00728462,0.0896974,0.995886
194609075,-0.999119,1.43892,-0.601652,-0.00714225,0.00467675,0.0373031,0.9992681
194641484,-1.00941,1.49366,-0.60734,-0.0257704,0.0164859,0.0964417,0.994868
194675559,-1.01891,1.53867,-0.610963,-0.00934695,-0.0138962,0.118886,0.992767
194709056,-1.02598,1.57881,-0.619996,0.0234318,-0.0292233,0.0999793,0.994284
194741839,-1.03566,1.625,-0.625178,-0.00813293,-0.0182,0.0939581,0.9953771
194775155,-1.0513,1.66615,-0.628941,-0.0226207,-0.0106569,0.157739,0.987164
194808838,-1.05951,1.69718,-0.634346,-0.0211813,-0.0047908,0.178582,0.983685
194841419,-1.06817,1.72493,-0.639936,-0.0240003,-0.00219376,0.18464,0.982511
194874981,-1.07322,1.74828,-0.646517,-0.00462168,-0.0234727,0.155995,0.9874681
194909097,-1.08105,1.7663,-0.650273,-0.0109385,-0.0180568,0.176307,0.984109
194943208,-1.0907,1.78331,-0.653381,-0.0262212,-0.0105271,0.190153,0.981348
194975265,-1.09909,1.79215,-0.658448,-0.0420452,0.00148426,0.190718,0.9807431
195008628,-1.1034,1.79962,-0.662157,-0.00176787,-0.0163197,0.173175,0.984754
195042483,-1.11604,1.79925,-0.662517,-0.0393672,-0.00666834,0.198551,0.979277
195076674,-1.12338,1.79543,-0.664722,-0.0428821,-0.00801055,0.203336,0.9781371
195108573,-1.12994,1.78951,-0.666154,-0.0397626,-0.00949473,0.216354,0.975459
195141483,-1.13954,1.77612,-0.666816,-0.0454636,-0.00346537,0.218411,0.974791
195175751,-1.14859,1.75998,-0.667531,-0.0569506,-0.00325483,0.23376,0.97062
195209005,-1.15493,1.73989,-0.668134,-0.0386554,-0.00811135,0.220986,0.9744771
195242144,-1.16305,1.71448,-0.668066,-0.0373613,-0.0114469,0.210303,0.976855
195275126,-1.17333,1.68477,-0.66524,-0.0500877,-0.0113908,0.220515,0.97403
195309196,-1.18115,1.64967,-0.664723,-0.0459691,-0.0185764,0.211356,0.9761511
195342525,-1.18856,1.61095,-0.662826,-0.026555,-0.0295991,0.188283,0.98131
195375400,-1.19961,1.57061,-0.657576,-0.04646,-0.0171216,0.209989,0.976449
195408398,-1.2097,1.5235,-0.653843,-0.0492133,-0.013792,0.210522,0.976252
195441656,-1.21582,1.46878,-0.646765,-0.0136139,-0.0242708,0.207838,0.9777671
195475297,-1.22525,1.41293,-0.644866,-0.0258141,0.00197765,0.177817,0.983723
195509549,-1.23516,1.36074,-0.635382,-0.0216376,-0.0179174,0.212245,0.976813
195542267,-1.24589,1.29978,-0.629608,-0.0233614,-0.0129618,0.192133,0.9810051
195575421,-1.25498,1.23131,-0.622284,-0.0501179,-0.0050531,0.184801,0.981484
195608718,-1.26608,1.16364,-0.616128,-0.0433459,-0.0075709,0.181021,0.982494
195642209,-1.2752,1.09337,-0.608288,-0.0421681,-0.0141177,0.188587,0.981049
195674704,-1.28713,1.0184,-0.601802,-0.0445755,-0.0186477,0.162439,0.9855351
195708801,-1.2975,0.941808,-0.593122,-0.0432077,-0.0262588,0.137904,0.989154
195741602,-1.30723,0.862598,-0.580772,-0.0433769,-0.0364466,0.14445,0.987889
195775330,-1.31752,0.781667,-0.57509,-0.0539546,-0.00711799,0.100391,0.9934591
195809930,-1.32697,0.69982,-0.567061,-0.0682694,-0.00469019,0.0489782,0.996453
195841968,-1.33879,0.618241,-0.560665,0.0687004,0.00933157,-0.00658188,-0.997572
195875066,-1.34688,0.535785,-0.552099,0.0722629,0.0223381,0.0210057,-0.996914
195909386,-1.35239,0.451307,-0.543324,0.022012,0.0277605,0.0287652,-0.9989581
195942237,-1.36746,0.373338,-0.538242,0.0699769,0.0260111,0.0949597,-0.992678
195975440,-1.37376,0.293037,-0.531796,0.0636426,0.0278379,0.111434,-0.991341
196008348,-1.3791,0.221755,-0.524496,0.0217547,-0.0134785,0.160845,-0.986648
196041752,-1.38715,0.146491,-0.518242,0.0262011,0.0228625,0.15915,-0.9866421
196075043,-1.39096,0.0639514,-0.505919,0.0273465,0.0514095,0.13855,-0.988642
196142098,-1.407,-0.0449602,-0.498213,0.0558495,0.0355683,0.189736,-0.97961
196175429,-1.41113,-0.110699,-0.489898,0.0252106,0.0233557,0.188922,-0.98139
196208307,-1.41701,-0.169927,-0.481565,0.0327125,0.0134966,0.197778,-0.979608
196242374,-1.41841,-0.217375,-0.470812,0.0524215,0.0349389,0.234751,-0.9700121
196274926,-1.42006,-0.259934,-0.463853,0.049238,0.0360609,0.236592,-0.969691
196308509,-1.42246,-0.299729,-0.454333,0.0414914,0.0381087,0.239726,-0.969205
196341615,-1.42391,-0.331294,-0.446242,0.0397102,0.0283758,0.240456,-0.969432
196374649,-1.42519,-0.359465,-0.43502,0.0460458,0.0411179,0.248744,-0.96661
196408552,-1.4247,-0.382526,-0.424481,0.0538532,0.0429534,0.254429,-0.964635
196441821,-1.42446,-0.399876,-0.413673,0.0514988,0.0406282,0.251433,-0.965649
196474853,-1.42187,-0.413316,-0.401156,0.052592,0.0400039,0.231412,-0.9706091
196507957,-1.4196,-0.420574,-0.39001,0.0463329,0.0350788,0.208478,-0.976299
196541711,-1.41766,-0.42531,-0.379021,0.0441698,0.0208695,0.181432,-0.982189
196574662,-1.41445,-0.424984,-0.365051,0.0466391,0.0170973,0.169934,-0.984203
196608154,-1.4102,-0.421188,-0.351674,0.055037,0.0282732,0.15928,-0.9852931
196641343,-1.40592,-0.412093,-0.341753,0.0528629,0.00615164,0.127578,-0.9904
196675191,-1.40149,-0.401321,-0.328259,0.0552825,0.00838184,0.118554,-0.991372
196708730,-1.39678,-0.387604,-0.31541,0.0564722,0.0155226,0.105145,-0.9927311
196741393,-1.3903,-0.373589,-0.304206,0.075794,0.01194,0.0866833,-0.993277
196774633,-1.38603,-0.355161,-0.291423,0.0803512,0.00964477,0.0731735,-0.99403
196808086,-1.37936,-0.332157,-0.281484,0.0684159,0.0162504,0.0814201,-0.994196
196841400,-1.37437,-0.310585,-0.273281,0.0704716,0.00700973,0.0789381,-0.9943611
196874932,-1.37088,-0.287407,-0.263981,0.0778277,0.00369415,0.0624694,-0.995001
196908926,-1.36555,-0.262715,-0.25667,0.0774477,0.00302595,0.0404424,-0.996171
196941324,-1.35975,-0.235916,-0.248808,0.0766317,0.00350436,0.0418955,-0.996173
196975886,-1.35352,-0.210571,-0.241903,0.0840005,-0.00609132,0.0457025,-0.9953981
197008564,-1.34841,-0.181268,-0.236618,0.0807612,-0.00558859,0.0574995,-0.995058
197042133,-1.34166,-0.149697,-0.229643,0.0478053,0.0238636,0.048448,-0.997396
197075418,-1.33413,-0.123524,-0.227484,0.0531009,0.0279844,0.0295155,-0.997761
197108344,-1.3014,-0.144212,-0.261389,0.407121,0.632886,-0.65613,-0.05657161
197141063,-1.24817,-0.12798,-0.268468,0.565543,0.584323,-0.258642,0.521375
197174374,-1.3774,-0.11986,-0.15336,0.152542,0.557868,-0.193559,0.792495
197208630,-1.32347,-0.0228141,-0.224191,-0.0677136,0.00167269,0.0152975,0.9975861
197241830,-1.32045,0.0143062,-0.227886,-0.0358429,-0.00948892,0.03671,0.998638
197275277,-1.31406,0.0454853,-0.22962,0.00188188,-0.0122156,0.0469735,0.99882
197308115,-1.30996,0.0752372,-0.234903,0.00143469,0.0133381,0.0468375,0.998812
197341720,-1.31091,0.0994324,-0.240335,0.00384831,0.0435962,0.0607527,0.9971931
197375091,-1.30626,0.126128,-0.246199,-0.0408937,0.0793657,0.0807176,0.99273
197408314,-1.3115,0.146298,-0.255682,-0.133306,0.114204,0.0435709,0.983508
197441950,-1.31354,0.175355,-0.265321,-0.0950322,0.137987,0.042819,0.9849341
197475725,-1.31667,0.197567,-0.275896,-0.0646186,0.159972,0.0732199,0.982279
197508723,-1.32261,0.220874,-0.287177,-0.0838089,0.170551,0.0569978,0.980122
197541382,-1.32949,0.242749,-0.296123,-0.0851431,0.170384,0.0477996,0.980528
197575182,-1.33875,0.262852,-0.306989,-0.104666,0.171657,0.0402995,0.9787521
197608530,-1.34675,0.285666,-0.315344,-0.0957699,0.195361,0.0368625,0.975348
197642249,-1.36018,0.30229,-0.32527,-0.0839779,0.203381,0.0201993,0.975282
197675372,-1.38005,0.321944,-0.337631,-0.074171,0.198018,0.0446572,0.9763671
197709375,-1.401,0.338573,-0.348365,-0.0787808,0.209647,0.0459871,0.973513
197741098,-1.42312,0.355562,-0.357314,-0.077033,0.193177,0.0521476,0.976744
197775849,-1.44858,0.368625,-0.368208,-0.102321,0.200214,0.034577,0.9737811
197809139,-1.48074,0.385155,-0.380148,-0.0782067,0.201885,0.0419054,0.975382
197841889,-1.51292,0.39844,-0.38997,-0.083521,0.19512,0.0395223,0.976417
197874721,-1.5493,0.410114,-0.398348,-0.0809175,0.193841,0.0430972,0.97674
197908331,-1.58808,0.419977,-0.406728,-0.0743221,0.202767,0.0313111,0.97591
197942057,-1.63111,0.428779,-0.416934,-0.0830204,0.179235,0.0556565,0.978716
197974844,-1.67977,0.440151,-0.425516,-0.0629927,0.184859,0.0549035,0.979206
198008604,-1.73078,0.448515,-0.433123,-0.0594964,0.175016,0.0512071,0.9814311
198041157,-1.78275,0.456734,-0.439374,-0.0567782,0.197001,0.0544555,0.977242
198074472,-1.83644,0.465706,-0.448238,-0.0590036,0.192827,0.0306117,0.978979
198107775,-1.9009,0.468945,-0.451918,-0.0764323,0.1502,0.0399085,0.984888
198141752,-1.95537,0.467913,-0.454093,-0.0468049,0.177504,0.036748,0.9823191
198174226,-2.02408,0.480139,-0.458395,-0.0756165,0.156241,0.0292424,0.984386
198207969,-2.09525,0.491813,-0.466303,-0.0391576,0.172178,0.0209462,0.984064
198241351,-2.1675,0.494659,-0.466575,-0.0444343,0.155157,0.0191473,0.986704
198275538,-2.24458,0.499344,-0.472272,-0.0538765,0.15023,0.00597516,0.9871641
198309131,-2.32318,0.505173,-0.475526,-0.0538685,0.140693,-0.0160623,0.988456
198342092,-2.40382,0.509947,-0.47922,-0.0654089,0.113139,-0.0194187,0.991234
198375619,-2.4844,0.516045,-0.483681,-0.0824439,0.0667802,-0.0324828,0.9938251
198409252,-2.56804,0.519681,-0.483989,-0.0430609,0.0983117,0.0146723,0.994115
198442002,-2.65077,0.523434,-0.485947,-0.0411337,0.0711528,0.0114137,0.996552
198474653,-2.73742,0.521578,-0.488648,-0.0236497,0.0347098,0.0263746,0.998769
198508881,-2.82607,0.522878,-0.490466,0.0336005,0.00984191,0.0588715,0.9976511
198541828,-2.90771,0.517182,-0.487435,-0.0291744,0.0965365,-0.12564,-0.986937
198607699,-3.07371,0.508918,-0.482744,0.368861,0.305124,-0.366425,0.797856
198641401,-3.11174,0.532556,-0.482439,0.119598,0.237707,-0.537649,0.8000791
198674922,-3.20814,0.519724,-0.508643,-0.476692,0.823047,-0.300482,-0.0711961
198707714,-3.26046,0.529711,-0.446482,0.192517,-0.0416268,0.246076,-0.949026
198741570,-3.37555,0.557296,-0.531988,0.0857297,0.110472,0.0659797,-0.9879741
198774902,-3.47276,0.545305,-0.485921,0.0445023,0.431256,-0.235952,0.869692
198808716,-3.50466,0.561283,-0.546681,0.0397108,0.149374,0.0369641,-0.987291
198841650,-3.57062,0.551241,-0.545121,-0.0796417,0.169365,0.00210469,-0.9823281
198874759,-3.66285,0.576022,-0.582395,0.0445613,0.188886,0.0183803,-0.980815
198940945,-3.74778,0.576205,-0.596143,0.0752798,0.23648,-0.000442926,-0.968716
198975491,-3.79788,0.565066,-0.570783,-0.126738,0.209768,0.352853,-0.9030121
199007843,-3.84103,0.575204,-0.602286,-0.0330957,0.0630071,0.556671,-0.827679
199041376,-3.87498,0.578854,-0.622642,0.0269287,0.207398,-0.0459878,-0.976804
199074976,-3.8991,0.577684,-0.636725,-0.0643154,0.141365,-0.00220155,-0.987864
199108647,-3.92258,0.574151,-0.631712,0.0405916,0.248096,-0.00546678,-0.9678691
199142663,-3.94543,0.571859,-0.636569,0.0470909,0.232287,-0.0063532,-0.971486
199174883,-3.95303,0.571635,-0.642504,-0.0128321,0.311394,0.0103896,-0.950137
199207975,-3.96273,0.564859,-0.647542,0.0317014,0.271913,-0.011109,-0.961735
199242044,-3.96167,0.560187,-0.651961,0.0249644,0.244092,-0.0332423,-0.9688611
199274282,-3.9533,0.557319,-0.655625,0.0158964,0.246622,-0.0225456,-0.968719
199308666,-3.94138,0.550123,-0.65669,0.0244309,0.243932,-0.0285248,-0.969065
199340966,-3.92443,0.54591,-0.657996,0.00731484,0.25782,-0.030078,-0.965697
199374415,-3.89711,0.541098,-0.65442,0.00933261,0.251597,-0.00841906,-0.967751
199407718,-3.87485,0.527925,-0.661943,0.072704,0.206892,0.0183125,-0.975487
199441527,-3.84087,0.529271,-0.652663,0.00804508,0.235696,-0.00588846,-0.971776
199474501,-3.78853,0.52137,-0.646716,0.001119,0.221026,-0.0213034,-0.9750341
199541571,-3.72147,0.436279,-0.578967,-0.128478,0.363047,-0.198895,0.901183
199574192,-3.62989,0.453929,-0.585036,0.27419,-0.0185872,0.139702,0.951293
199641661,-3.49611,0.464252,-0.617762,0.421112,0.648217,0.384981,0.5042511
199708026,-3.38285,0.396578,-0.577372,-0.197447,0.640879,0.0894523,-0.736401
199742503,-3.35539,0.399396,-0.572265,-0.248227,-0.0108367,0.148873,-0.9571331
199808884,-3.08514,0.389344,-0.577427,0.137548,0.126168,0.107929,-0.97648
199840320,-2.97194,0.415395,-0.571543,-0.284127,0.108798,0.362975,-0.880729
199875822,-2.92621,0.419808,-0.546345,-0.0982267,0.233458,0.0964943,-0.9625681
199908170,-2.77642,0.390451,-0.571846,-0.150164,0.254255,-0.435035,0.850617
199941327,-2.69411,0.382224,-0.527123,-0.263198,0.174929,-0.174017,-0.932655
200040818,-2.40582,0.404981,-0.536593,0.0607915,0.0312154,-0.020925,0.9974431
200074558,-2.25882,0.385649,-0.503975,-0.0229178,0.0879683,0.0145492,-0.995753
200307963,-1.37064,0.336847,-0.491589,0.0713381,-0.00831407,0.0309823,-0.9969361
200341240,-1.27967,0.336069,-0.488647,-0.0363031,0.0596645,-0.0209237,0.997339
200374663,-1.12967,0.329365,-0.499575,-0.0318861,0.10518,-0.0102873,0.993889
200408286,-1.00779,0.325479,-0.505091,-0.0225988,0.135066,-0.0364083,0.989911
200441490,-0.890719,0.320242,-0.512744,-0.0276798,0.160133,-0.0378195,0.985982
200474479,-0.781536,0.315659,-0.523428,-0.036696,0.182705,-0.0500086,0.981209
200508203,-0.676087,0.311054,-0.535757,-0.0394526,0.185102,-0.0285623,0.981512
200541406,-0.574495,0.308744,-0.549969,-0.0253523,0.207745,-0.0226676,0.9775921
200574600,-0.477741,0.303274,-0.561446,-0.0337524,0.216506,-0.0293941,0.975255
200608597,-0.390036,0.299512,-0.572662,-0.0395762,0.245282,-0.0321765,0.968109
200640972,-0.306134,0.294482,-0.584143,-0.0487727,0.247313,-0.0228024,0.967439
200675133,-0.233322,0.29453,-0.597305,-0.0297533,0.288818,-0.0347078,0.9562921
200708483,-0.16341,0.29258,-0.607749,-0.0326625,0.291721,-0.0456152,0.954857
200740856,-0.101231,0.290839,-0.617238,-0.0261177,0.289112,-0.040645,0.956075
200774437,-0.047507,0.289294,-0.627173,-0.0299816,0.303554,-0.0329875,0.951771
200808200,-0.000509521,0.28778,-0.637744,-0.0464878,0.337298,-0.0133634,0.9401551
200840900,0.0377043,0.288197,-0.641977,-0.0299024,0.312893,-0.0374544,0.948578
200874778,0.0703239,0.287745,-0.648245,-0.0296182,0.304282,-0.0317132,0.951593
200907670,0.0933517,0.286937,-0.653303,-0.0334875,0.294006,-0.0522755,0.953785
200940778,0.113638,0.288075,-0.659246,-0.0290549,0.260872,-0.0524178,0.9635111
200975351,0.127557,0.287598,-0.664005,-0.0317262,0.232835,-0.0409196,0.971137
201008492,0.136761,0.288986,-0.667242,-0.0317006,0.20046,-0.0333814,0.97862
201040824,0.139337,0.288035,-0.670121,-0.0314745,0.174253,-0.0289895,0.9837711
201073759,0.139319,0.288982,-0.673062,-0.032385,0.15231,-0.03819,0.987064
201107045,0.133279,0.289366,-0.677076,-0.0365788,0.143601,-0.0325688,0.988423
201141121,0.122306,0.289883,-0.680787,-0.0321985,0.130904,-0.0251341,0.9905531
201174222,0.109891,0.290316,-0.684598,-0.0348275,0.111652,-0.0244382,0.992836
201207376,0.0952838,0.290633,-0.689103,-0.0332888,0.0978826,-0.026135,0.994298
201240825,0.0771694,0.290553,-0.693996,-0.0392249,0.0869051,-0.0283225,0.995041
201274846,0.0565603,0.291697,-0.700531,-0.0331815,0.0770907,-0.0220886,0.9962271
201308444,0.0344003,0.291355,-0.707621,-0.0291146,0.0601896,-0.0176414,0.997606
201340545,0.0108704,0.29065,-0.713287,-0.0313621,0.0310034,-0.00700764,0.999003
201373944,-0.012349,0.292887,-0.722647,-0.0205707,0.020236,-0.0228513,0.999322
201408653,-0.0396099,0.293983,-0.733815,0.0108914,0.0299274,-0.0383352,0.9987571
201440544,-0.0697529,0.292754,-0.740671,-0.0105376,0.0229887,0.00381965,0.999673
201474456,-0.0950695,0.293552,-0.753584,0.0214713,0.00318818,-0.00909236,-0.999723
201507303,-0.125632,0.292325,-0.768111,-0.0128181,0.00997656,0.00930697,0.999825
201540317,-0.151785,0.294248,-0.780135,0.00648195,0.0268774,-0.00638479,-0.9995971
201574329,-0.176167,0.291278,-0.794085,-0.00937056,0.066889,-0.0214789,-0.997485
201608235,-0.203003,0.294565,-0.810057,-0.00528229,0.0727663,-0.0124681,-0.997257
201640471,-0.226715,0.291018,-0.826376,0.00945148,0.0742757,0.00215729,-0.9971911
201674274,-0.248659,0.290268,-0.843221,0.00934216,0.0928469,0.00142862,-0.995636
201708097,-0.267802,0.290684,-0.86005,-0.000567751,0.116713,-0.00106917,-0.993165
201741058,-0.284387,0.290725,-0.879727,-0.00982078,0.114753,-0.0105992,-0.9932891
201774410,-0.298989,0.288685,-0.897042,-0.0112146,0.127572,-0.0114303,-0.9917
201807260,-0.308184,0.276714,-0.91273,-0.0427778,0.140319,-0.0314485,-0.988682
201841126,-0.316784,0.278382,-0.929241,-0.0643333,0.119639,-0.0461672,-0.9896551
201874001,-0.323685,0.27915,-0.946583,-0.0869845,0.0935798,-0.0562973,-0.990206
201908092,-0.331426,0.275522,-0.970084,-0.0897385,0.0298635,-0.0126154,-0.995438
201941010,-0.33617,0.284897,-0.988006,-0.0252081,0.067272,0.00452636,-0.997406
201974545,-0.335851,0.280075,-1.00002,-0.005902,0.0968034,-0.0164128,-0.9951511
202007869,-0.333541,0.276919,-1.01405,-0.0184059,0.0871778,-0.0394314,-0.995242
202040550,-0.329447,0.274563,-1.02958,-0.0349259,0.0610365,-0.0469895,-0.996417
202073634,-0.323343,0.275992,-1.04294,-0.0451685,0.0766966,0.00686932,-0.996007
202107831,-0.317864,0.269903,-1.05326,-0.0422262,0.0827121,0.0113969,-0.9956131
202140526,-0.309179,0.262488,-1.06185,-0.0447655,0.0859169,-0.0502647,-0.994026
202174077,-0.3,0.265032,-1.07358,-0.0379572,0.0969188,-0.0326858,-0.994031
202207777,-0.2874,0.256111,-1.08325,-0.0413603,0.0923343,-0.0219781,-0.994626
202240740,-0.277464,0.257774,-1.09295,-0.0367886,0.0893177,-0.0159008,-0.9951971
202274013,-0.267848,0.257116,-1.10108,-0.0254887,0.0622586,0.0114139,-0.997669
202308140,-0.249386,0.243175,-1.10865,-0.0404323,0.0679411,-0.0189005,-0.996691
202341294,-0.234508,0.240326,-1.11315,-0.0588272,0.0530548,-0.0224756,-0.9966041
202374427,-0.223092,0.242806,-1.11982,-0.0332096,0.0446256,0.00618804,-0.998433
202407640,-0.206839,0.238891,-1.12558,-0.0279216,0.0464423,0.0216473,-0.998296
202441362,-0.189708,0.236404,-1.1299,-0.0349033,0.0461295,0.0258897,-0.997991
202473891,-0.172096,0.235615,-1.13297,-0.0282623,0.0416822,0.0337325,-0.998161
202507694,-0.153342,0.230966,-1.1368,-0.0254883,0.0338732,0.0522918,-0.997732
202541239,-0.13421,0.228819,-1.14132,-0.039653,0.0127393,0.0734524,-0.996429
202574300,-0.113751,0.229117,-1.14962,0.11112,0.042788,-0.119663,0.9856481
202608178,-0.0972736,0.232905,-1.15516,-0.142304,-0.0589424,0.193068,-0.96902
202641294,-0.0789075,0.234364,-1.16347,0.138024,0.0916018,-0.21975,0.961389
202675389,-0.0638848,0.237728,-1.16606,0.12116,0.100067,-0.253085,0.9545971
202707326,-0.0443522,0.240264,-1.1709,-0.142084,-0.0752578,0.324657,-0.932066
202800842,-0.0294937,0.260238,-1.18021,0.204908,0.193284,-0.315002,0.9063271
202801855,0.00215771,0.23266,-1.18682,-0.0467674,-0.0145552,0.150918,-0.987332
202807266,0.00981567,0.243543,-1.18243,0.039292,0.0391635,-0.0547525,0.996958
202840263,0.0286083,0.241518,-1.18827,0.018945,0.0392285,-0.00589072,0.999033
202873405,0.0409154,0.255063,-1.19649,0.0516835,0.108751,-0.0829631,0.989252
202906834,0.0578522,0.258801,-1.20266,0.0614724,0.0959935,-0.0760841,0.9905641
202941743,0.068186,0.260987,-1.20469,0.0333427,0.088165,-0.0543256,0.994064
202974301,0.0786653,0.265936,-1.21543,0.0137888,0.121209,-0.0527521,0.991129
203007098,0.0848871,0.270236,-1.22671,0.0282403,0.182803,-0.0889475,0.978711
203041335,0.090736,0.274329,-1.23915,0.0444512,0.189646,-0.126296,0.972681
203074099,0.0897891,0.277713,-1.23545,0.011293,0.159421,-0.0512485,0.985815
203107259,0.0899667,0.283479,-1.24084,0.0115341,0.171222,-0.0318817,0.9846491
203140344,0.0895242,0.284296,-1.24862,0.0163563,0.167844,0.00199064,0.985676
203174024,0.0810424,0.29268,-1.25001,0.016346,0.193221,-0.0218086,0.980777
203207480,0.0714336,0.296222,-1.25377,0.0224227,0.19595,-0.026892,0.9799891
203240053,0.058505,0.300937,-1.25514,0.0170159,0.205356,-0.0283808,0.978128
203273455,0.0411035,0.303956,-1.25482,0.0116652,0.209892,-0.0263682,0.977299
203307694,0.0228348,0.302192,-1.25581,0.0283461,0.214701,-0.0458024,0.9751931
203340422,-0.00135889,0.305657,-1.25473,0.0311023,0.226404,-0.0357616,0.97288
203374824,-0.0294879,0.305973,-1.25104,0.0165845,0.229143,-0.0219491,0.973004
203407543,-0.0640226,0.311098,-1.24482,0.0285934,0.229769,-0.0265896,0.972462
203440844,-0.10273,0.30961,-1.23816,0.0384334,0.233232,-0.0109123,0.97161
203473740,-0.143245,0.312866,-1.23027,0.0350019,0.234557,-0.00918916,0.971428
203507380,-0.184707,0.305555,-1.22119,0.0186879,0.224191,-0.0016004,0.974365
203541118,-0.233157,0.304549,-1.21169,0.0312049,0.194527,-0.0458957,0.9793261
203574144,-0.291756,0.309784,-1.19631,0.0239824,0.214591,-0.0451208,0.975366
203607619,-0.347181,0.304733,-1.18259,-0.00901098,0.214313,-0.0385666,0.975962
203640666,-0.412087,0.30672,-1.16574,-0.0145655,0.234467,-0.0220844,0.971764
203673730,-0.480233,0.307733,-1.15096,-0.0119773,0.226874,-0.00518047,0.9738371
203707870,-0.550317,0.306676,-1.13116,-0.030474,0.231047,-0.0145135,0.972357
203740938,-0.624924,0.304627,-1.10897,-0.0524682,0.222727,-0.0238247,0.973176
203773490,-0.709289,0.304925,-1.08775,-0.0278891,0.246978,-0.0165836,0.968478
203807518,-0.796466,0.303247,-1.06565,-0.00263661,0.252626,-0.00594505,0.9675421
203841484,-0.882713,0.299368,-1.04224,-0.0175122,0.229143,-0.0142945,0.97313
203874149,-0.974383,0.297762,-1.01852,-0.0199769,0.221157,-0.00961131,0.974986
203907251,-1.07249,0.295582,-0.993663,-0.0295708,0.205798,-0.022778,0.977882
203941381,-1.17734,0.291786,-0.97093,-0.0069468,0.193291,-0.00603103,0.9810981
203973437,-1.27635,0.287653,-0.947743,-0.0132885,0.179833,-0.0167713,0.983464
204007114,-1.37812,0.281572,-0.922626,-0.0494784,0.143437,-0.057102,0.986771
204040733,-1.48633,0.280386,-0.907146,-0.0740766,0.0521383,-0.0409315,0.995047
204074241,-1.54703,0.276714,-0.886195,-0.0418201,0.0889707,-0.0341789,0.9945691
204108324,-1.67671,0.275439,-0.867863,-0.0426638,0.0550097,-0.0517929,0.996229
204140177,-1.81039,0.272327,-0.844809,0.0484721,-0.0164581,0.0681462,-0.996361
204174502,-1.93657,0.273759,-0.827572,0.0321623,-0.0055663,0.0843925,-0.9958981
204207728,-2.04762,0.273862,-0.810875,0.0435483,0.0118162,0.0771283,-0.996
204240453,-2.15715,0.273099,-0.794464,0.0487217,0.0340924,0.0738084,-0.995498
204273630,-2.26549,0.276795,-0.781022,0.0478955,0.0563673,0.0799033,-0.994054
204340127,-2.44256,0.264961,-0.754764,-0.215119,0.251649,0.0657913,-0.9413121
204373582,-2.5201,0.260563,-0.742378,-0.133277,0.286253,0.0430716,-0.947861
204407178,-2.65821,0.275236,-0.734659,-0.172027,0.271074,0.0620263,-0.945028
204440485,-2.74039,0.285047,-0.724686,-0.0463947,0.210199,0.0488088,-0.9753371
204607437,-3.15623,0.31693,-0.68899,-0.00964031,0.221469,-0.0536397,-0.9736431
204673183,-3.29909,0.318857,-0.648451,0.186028,0.187152,0.406706,-0.874619
204707045,-3.3371,0.355574,-0.667523,0.391694,0.113617,-0.151455,0.900404
204741499,-3.39238,0.369914,-0.676244,-0.143901,0.0529568,-0.0247996,-0.9878631
204774423,-3.4497,0.379178,-0.674416,0.107256,0.270656,-0.00542923,-0.956667
204807745,-3.47779,0.377808,-0.682034,0.0312695,0.0446037,0.155187,-0.986382
204840548,-3.50032,0.369796,-0.64564,-0.112552,0.0867306,0.00939408,-0.989809
204906798,-3.55814,0.40237,-0.637039,-0.0300294,0.179599,-0.0170455,-0.9831341
204941157,-3.58378,0.391371,-0.621878,0.0503552,0.282593,0.250084,-0.924697
204974976,-3.59353,0.404765,-0.613898,-0.0737619,0.138176,0.0168448,-0.987513
205007091,-3.60323,0.402744,-0.599186,0.025007,0.118147,0.0561531,-0.9910921
205040807,-3.62059,0.432255,-0.611895,0.0330521,0.112751,0.010415,-0.993019
205074594,-3.62404,0.436782,-0.601953,0.00496794,0.0631656,0.00444843,-0.997981
205107677,-3.62597,0.436955,-0.590352,0.0189775,0.0680187,-0.00239056,-0.9975011
205140549,-3.62679,0.445717,-0.585851,-0.00128611,0.0499353,0.0155797,-0.99863
205173708,-3.62077,0.451009,-0.579358,0.0124918,0.0608579,0.0233188,-0.997796
205206857,-3.61338,0.453676,-0.571594,0.0192713,0.0735884,0.0483487,-0.99593
205240045,-3.6072,0.455674,-0.56671,0.00551545,0.0302088,0.0118231,-0.9994581
205275295,-3.60332,0.462862,-0.564964,0.00566358,0.0139821,0.0156647,-0.999763
205307673,-3.59295,0.464933,-0.560923,0.00402302,0.00760717,0.00819521,-0.999929
205341642,-3.57856,0.460738,-0.554251,0.00449938,0.0273032,-0.0363542,0.9989561
205373589,-3.56363,0.465836,-0.551391,0.0328683,-0.000472232,0.0760576,-0.996561
205407231,-3.55532,0.4685,-0.551927,0.0182625,-0.0122065,0.0436286,-0.998806
205440861,-3.54343,0.473314,-0.552324,0.0181808,-0.00987515,0.0486566,-0.998601
205473659,-3.52942,0.471859,-0.546738,-0.0130885,0.0424663,-0.0231473,0.9987441
205507290,-3.51541,0.470207,-0.546145,-0.0523591,0.0289178,-0.0710191,0.99568
205540293,-3.49932,0.470316,-0.541127,-0.0139844,0.0813133,0.00208964,0.996588
205573532,-3.48306,0.478572,-0.546078,0.00253262,0.0274745,0.0390164,0.998858
205607693,-3.46917,0.474454,-0.54414,0.00425162,0.0206525,0.0567269,0.9981671
205640242,-3.45433,0.467097,-0.543562,0.00338058,0.0477439,0.0373378,0.998156
205674211,-3.44179,0.465537,-0.544036,-0.017973,0.0334116,0.0592381,0.997523
205707552,-3.42689,0.456497,-0.544313,-0.0112594,0.00100043,0.10734,0.994158
205741094,-3.41655,0.446275,-0.542964,-0.00401439,0.00555384,0.13915,0.9902481
205773334,-3.40905,0.43035,-0.542278,-0.016643,-0.000242258,0.183994,0.982786
205807268,-3.39408,0.416387,-0.545168,-0.00747697,0.0197209,0.179493,0.983533
205840935,-3.385,0.396702,-0.541506,-0.020731,0.0322414,0.174987,0.983824
205874562,-3.37606,0.372041,-0.540112,-0.0282481,0.0448145,0.178594,0.9824961
205907454,-3.35758,0.349404,-0.543204,-0.0136707,0.0188294,0.177455,0.983854
205941084,-3.3507,0.316972,-0.541861,-0.0279596,0.00622268,0.198495,0.979683
205974162,-3.34552,0.283523,-0.538933,-0.0305637,0.0358806,0.18686,0.981255
206007991,-3.34056,0.250293,-0.542701,-0.0487718,0.00049943,0.165001,0.9850871
206040158,-3.33702,0.198231,-0.532215,-0.00988272,0.00575503,0.175792,0.984361
206074495,-3.32833,0.167122,-0.535988,-0.0162913,0.021507,0.142864,0.989374
206106387,-3.32806,0.125616,-0.536106,-0.0424037,0.0393474,0.0907187,0.994195
206140497,-3.32654,0.0723403,-0.529343,-0.034789,0.0248045,0.0828326,0.9956471
206173550,-3.32646,0.0281967,-0.527592,-0.0647989,0.0221745,0.0447944,0.996646
206207150,-3.32756,-0.0228623,-0.52606,-0.0784496,0.0142569,-0.00378633,0.996809
206239858,-3.32383,-0.0694521,-0.528387,-0.0842242,0.0161171,-0.0420743,0.995428
206272752,-3.32741,-0.1205,-0.530749,-0.07321,0.0241599,-0.0410316,0.9961791
206306521,-3.33108,-0.173664,-0.526234,0.0824912,-0.0136632,0.0796989,-0.993306
206340327,-3.33272,-0.219976,-0.525965,0.0756804,-0.00854365,0.105095,-0.991542
206373491,-3.33536,-0.264941,-0.526372,0.0706382,-0.010736,0.126198,-0.9894291
206406976,-3.33562,-0.306376,-0.5269,0.0786722,0.00558588,0.160274,-0.983917
206440290,-3.34011,-0.346018,-0.527409,0.0647992,-0.00322195,0.166382,-0.983925
206472980,-3.34074,-0.383673,-0.527721,0.0808445,0.0204454,0.171476,-0.981653
206508065,-3.33908,-0.416839,-0.527595,0.0952781,0.00193239,0.201091,-0.9749261
206540281,-3.34098,-0.447565,-0.527895,0.0908219,0.0137763,0.189437,-0.977587
206572996,-3.34426,-0.470921,-0.527894,0.0795785,0.00086888,0.198949,-0.976773
206607968,-3.34515,-0.488172,-0.528104,0.0862212,0.0000447635,0.213465,-0.973139
206641144,-3.34509,-0.504505,-0.52816,0.0825954,0.00503027,0.218811,-0.9722521
206674510,-3.34408,-0.513471,-0.527662,0.0778026,0.00573376,0.228744,-0.970356
206707615,-3.34441,-0.517561,-0.523777,0.0790206,-0.00443787,0.237409,-0.96818
206739895,-3.34358,-0.518927,-0.521204,0.0735579,0.00448128,0.252736,-0.964725
206773565,-3.34009,-0.515185,-0.519365,0.0706126,0.00815977,0.258017,-0.9635221
206806653,-3.33562,-0.506621,-0.517545,0.0670583,0.0209452,0.239616,-0.968323
206841416,-3.33079,-0.492345,-0.514093,0.0805183,0.0166613,0.237114,-0.967996
206873072,-3.32634,-0.47227,-0.508804,0.0844601,0.0180126,0.246071,-0.965397
206906127,-3.3223,-0.449171,-0.503284,0.0648072,0.0264378,0.239052,-0.9684811
206939423,-3.31361,-0.419131,-0.495815,0.0659065,0.0131285,0.24868,-0.966252
206973822,-3.30347,-0.385877,-0.488831,0.0759282,0.00637465,0.261331,-0.962237
207007354,-3.29388,-0.347317,-0.480562,0.0727382,0.0085757,0.263175,-0.9619641
207039597,-3.28413,-0.303238,-0.474635,0.0702428,0.00950889,0.232889,-0.969917
207073276,-3.2817,-0.256187,-0.469448,0.0231418,-0.0141591,0.184418,-0.982473
207106869,-3.26429,-0.212761,-0.454583,0.036999,0.0353128,0.242276,-0.968858
207139201,-3.24545,-0.145247,-0.445256,0.0600317,0.0825598,0.24918,-0.9630631
207173449,-3.23115,-0.0830795,-0.433655,0.070567,0.0551025,0.238615,-0.966978
207206872,-3.21389,-0.0165935,-0.422537,0.0562432,0.0612202,0.224224,-0.970985
207240725,-3.19653,0.051574,-0.408727,0.0516171,0.0455269,0.228439,-0.9711221
207273628,-3.18028,0.124508,-0.398792,0.0566253,0.0507316,0.203854,-0.976045
207306702,-3.16163,0.19832,-0.38562,0.0627249,0.0383503,0.173829,-0.982028
207341377,-3.14791,0.251537,-0.372082,-0.00778935,-0.0379047,0.128657,-0.9909341
207373536,-3.12974,0.339625,-0.354762,0.0144289,0.00071747,0.0895806,-0.995875
207441283,-3.09395,0.505649,-0.356703,-0.0399653,0.132465,-0.0458583,0.989319
207473112,-3.07037,0.577398,-0.330117,0.0480325,0.0481778,0.0580226,0.9959951
207506823,-3.04928,0.676442,-0.333375,0.0291061,0.0405616,-0.0537949,-0.997303
207540066,-3.03657,0.756469,-0.330182,0.0453653,0.0367884,-0.119366,-0.991131
207573635,-3.01552,0.83004,-0.325581,-0.0264129,-0.0163888,0.12078,0.9921931
207606811,-2.99252,0.906595,-0.317216,-0.0447931,0.00283973,0.114327,0.992429
207640179,-2.97653,0.977377,-0.312813,-0.0673344,-0.00388721,0.125434,0.989807
207673660,-2.96146,1.04417,-0.307992,-0.067113,0.00858619,0.139658,0.9878861
207707616,-2.94617,1.10715,-0.305256,-0.0369793,0.0153802,0.161163,0.986115
207740149,-2.93484,1.16514,-0.299718,-0.0404203,0.00744576,0.163399,0.985704
207774635,-2.91869,1.22373,-0.295911,-0.0485828,0.000897504,0.18206,0.9820861
207806813,-2.91037,1.27145,-0.297291,-0.0456372,0.00401237,0.160579,0.985959
207839689,-2.89479,1.31361,-0.291752,-0.0226188,0.0195495,0.123201,0.991931
207872971,-2.88499,1.36005,-0.286985,-0.039007,0.0361555,0.175269,0.983083
207907056,-2.87806,1.39793,-0.283356,-0.0460379,0.0349036,0.183828,0.9812591
207940094,-2.86867,1.4292,-0.27913,-0.0396077,0.0329736,0.190346,0.980363
207974084,-2.8616,1.4553,-0.275884,-0.0345771,0.0325292,0.195823,0.97949
208007327,-2.85578,1.47624,-0.272288,-0.032594,0.0314776,0.199399,0.978871
208040441,-2.85089,1.4928,-0.267761,-0.0372188,0.0187312,0.197547,0.979408
208073198,-2.84743,1.50368,-0.263974,-0.0336534,0.0280201,0.197484,0.979328
208106293,-2.8444,1.51117,-0.261387,-0.0327898,0.0154691,0.183512,0.982349
208141701,-2.84229,1.51176,-0.254418,-0.0424735,0.00961667,0.189203,0.9809721
208173634,-2.84095,1.5077,-0.249397,-0.0325315,0.0171681,0.201644,0.978768
208206598,-2.8393,1.50098,-0.24557,-0.0255816,0.0137407,0.180975,0.983059
208240388,-2.83723,1.48814,-0.23866,-0.0266387,-0.0107145,0.183634,0.982575
208273659,-2.83753,1.4691,-0.234044,-0.0321178,-0.00928761,0.181994,0.9827311
208307310,-2.83899,1.44864,-0.226084,-0.0238326,-0.00974516,0.161364,0.986559
208340517,-2.83825,1.42507,-0.222084,-0.0161363,0.000631671,0.128113,0.991628
208374017,-2.8367,1.3957,-0.216378,-0.0202133,-0.00990672,0.124762,0.9919311
208406017,-2.83571,1.36666,-0.210778,-0.0121583,-0.0140778,0.104702,0.99433
208439470,-2.83643,1.33082,-0.206523,-0.0139293,-0.00921023,0.10543,0.994287
208473943,-2.83629,1.29448,-0.199946,-0.0246795,-0.0106718,0.0936893,0.995238
208506199,-2.83519,1.25596,-0.197049,0.0241206,0.0254297,-0.0763638,-0.9964641
208540183,-2.83466,1.21452,-0.195737,0.0218944,0.0364974,-0.0585092,-0.997379
208573405,-2.83277,1.17156,-0.195685,0.0183047,0.0427484,-0.0346144,-0.998318
208606984,-2.82937,1.12871,-0.19585,0.0153382,0.052201,-0.0236348,-0.9982391
208640407,-2.82362,1.08033,-0.196092,0.0136356,0.0528268,-0.0205634,-0.998299
208673684,-2.81729,1.03351,-0.201534,0.0253828,0.0586752,-0.00636718,-0.997934
208707159,-2.80963,0.986217,-0.20906,0.0256832,0.0539568,-0.0108696,-0.9981541
208739045,-2.80227,0.940455,-0.215395,0.00990944,0.0590184,0.00682438,-0.998184
208773175,-2.79561,0.891524,-0.225444,0.00271223,0.0713114,0.0165949,-0.997312
208806986,-2.78494,0.843443,-0.236508,0.00763453,0.078786,0.0255075,-0.996536
208840914,-2.77261,0.797906,-0.250625,0.0103584,0.0632822,0.0390063,-0.9971791
208872543,-2.76041,0.752539,-0.265117,0.00240011,0.0625705,0.0526879,-0.996646
208906436,-2.74502,0.705244,-0.279175,0.00158829,0.0817952,0.0608384,-0.994789
208939965,-2.72802,0.661627,-0.297086,-0.00126762,0.0962462,0.0729327,-0.992681
208973202,-2.70999,0.621143,-0.3156,-0.00434258,0.0774028,0.086895,-0.9931961
209006617,-2.68803,0.58198,-0.333178,0.00448612,0.081501,0.109661,-0.990612
209039921,-2.66473,0.540442,-0.346632,-0.0000234845,0.0949626,0.17405,-0.980147
209073180,-2.64075,0.508036,-0.374668,0.0134736,0.118262,0.113106,-0.986428
209106528,-2.61338,0.476463,-0.39591,0.0018881,0.12696,0.117649,-0.9849041
209139480,-2.58469,0.446442,-0.415808,0.00846315,0.146346,0.131351,-0.980438
209173441,-2.55578,0.423416,-0.439237,-0.0108798,0.11587,0.152873,-0.981369
209206619,-2.52593,0.400223,-0.465505,-0.0180928,0.081576,0.12547,-0.9885721
209240481,-2.49029,0.378931,-0.485239,-0.0125066,0.0787244,0.116141,-0.990029
209273593,-2.45533,0.361721,-0.506246,-0.023147,0.0639681,0.115227,-0.991007
209307150,-2.41695,0.346875,-0.523873,-0.0261272,0.0665792,0.120432,-0.9901421
209340120,-2.3803,0.332106,-0.541513,-0.0322284,0.0529363,0.115444,-0.991379
209373711,-2.33806,0.320636,-0.55861,-0.0203198,0.0250625,0.113766,-0.992984
209406515,-2.29684,0.310043,-0.579108,-0.0494302,0.0217497,0.0839047,-0.995009
209439875,-2.25197,0.302389,-0.594977,-0.00296342,0.0614648,0.090499,-0.9939941
209472619,-2.20937,0.30755,-0.614526,-0.0240118,0.0351174,0.129648,-0.990647
209506486,-2.16558,0.305527,-0.63078,-0.0304322,0.000347734,0.100656,-0.994456
209540198,-2.11977,0.303519,-0.64752,-0.0366211,-0.0093316,0.0694594,-0.9968691
209573026,-2.08167,0.311861,-0.669798,-0.0430666,0.00577469,0.0743462,-0.996285
209606296,-2.03809,0.313419,-0.684481,-0.0472315,-0.0148677,0.0555752,-0.997226
209639657,-2.00072,0.326719,-0.70589,0.00728536,-0.00105626,0.113664,-0.993492
209672721,-1.9581,0.339521,-0.72506,0.00563856,0.0105921,0.100653,-0.9948491
209707315,-1.91411,0.350108,-0.742911,0.000524245,0.0037242,0.0962555,-0.99535
209739345,-1.86552,0.357722,-0.757838,-0.0364833,-0.016633,0.0767854,-0.996241
209773493,-1.8235,0.372106,-0.775827,-0.0374092,-0.00989311,0.0694006,-0.9968381
209805777,-1.78315,0.384504,-0.79472,0.0346507,0.0168583,-0.0502276,0.997994
209839336,-1.74221,0.397193,-0.813234,0.0605328,0.0087256,-0.0150959,0.998014
209873210,-1.70439,0.423105,-0.83152,-0.0148125,-0.000593524,0.0538263,-0.99844
209907059,-1.66204,0.438816,-0.847153,0.0513219,0.028158,-0.0468155,0.9971871
209939905,-1.62414,0.460259,-0.866788,0.0442874,0.0216717,-0.0639791,0.996732
209973136,-1.58356,0.476986,-0.882534,0.0616583,0.0343164,-0.0441555,0.996529
210006745,-1.54682,0.502068,-0.90242,0.0495518,0.0328406,-0.0527703,0.996836
210040148,-1.51127,0.524383,-0.919487,0.0445154,0.0419453,-0.0406978,0.9972981
210073933,-1.47648,0.544329,-0.935836,0.0704603,0.0809405,-0.0212387,0.993998
210106969,-1.44383,0.565941,-0.953693,0.0705994,0.085959,-0.0204944,0.993583
210140457,-1.415,0.590752,-0.971787,0.0472827,0.0872996,-0.00894409,0.9950191
210172768,-1.38652,0.608525,-0.988757,0.0639406,0.0991763,0.00600797,0.992995
210206740,-1.36112,0.632852,-1.00686,0.0351767,0.0957348,0.0162008,0.994653
210239779,-1.33903,0.652565,-1.02556,0.0382825,0.116887,0.0285196,0.991997
210273076,-1.31894,0.672261,-1.0427,0.0302377,0.114573,0.0242008,0.992661
210306555,-1.3005,0.689072,-1.05933,0.0308069,0.112052,0.038538,0.992477
210339713,-1.28467,0.704259,-1.07573,0.0287463,0.110922,0.0484247,0.992232
210372799,-1.27309,0.716948,-1.09171,0.026338,0.105602,0.0604095,0.992222
210406637,-1.26208,0.728425,-1.10761,0.0315712,0.109534,0.0706689,0.9909651
210441204,-1.25307,0.734438,-1.1225,0.0518664,0.110245,0.0746408,0.98974
210472776,-1.24724,0.740105,-1.13814,0.0685453,0.10763,0.0833641,0.988316
210506293,-1.24723,0.748417,-1.15512,0.0380211,0.0814601,0.0923309,0.991662
210539333,-1.24652,0.749393,-1.17008,0.0409221,0.0737648,0.0978824,0.9916161
210572912,-1.24762,0.749412,-1.18458,0.0454712,0.0694585,0.0883386,0.992625
210606522,-1.25106,0.747555,-1.19911,0.0471894,0.0606149,0.0813409,0.993722
210640693,-1.25589,0.743362,-1.21312,0.0521964,0.058716,0.0643765,0.9948281
210673426,-1.26241,0.738041,-1.22608,0.0419925,0.0536196,0.0553482,0.996142
210707154,-1.26946,0.729817,-1.2384,0.0460517,0.0468201,0.0486451,0.996655
210739254,-1.27729,0.718621,-1.24975,0.0483969,0.0448878,0.0458851,0.996763
210773026,-1.28673,0.708367,-1.26044,0.0458907,0.0301656,0.0416254,0.9976231
210806169,-1.29643,0.695509,-1.26987,0.0441941,0.0242594,0.0426697,0.997817
210839658,-1.30589,0.679562,-1.27849,0.0712726,0.0239144,0.0209157,0.996951
210873004,-1.31718,0.668349,-1.28643,0.0429501,0.0186264,0.0283116,0.998502
210906694,-1.32805,0.647252,-1.29334,0.043034,0.0241118,0.0104576,0.9987281
210939854,-1.34061,0.628996,-1.29954,0.0979172,0.0273465,-0.032657,0.994283
210972901,-1.35487,0.617637,-1.30383,-0.0974451,-0.0104629,0.0536788,-0.993737
211006040,-1.36628,0.601215,-1.30854,0.0765849,0.0173981,-0.0405442,0.996086
211039712,-1.37954,0.582502,-1.31046,-0.0336189,-0.00455655,0.0542844,-0.9979491
211072201,-1.39176,0.569599,-1.31356,-0.0622167,-0.0157551,0.0655045,-0.995786
211106450,-1.40348,0.552445,-1.31391,0.111232,0.037479,-0.0582602,0.991377
211139425,-1.41554,0.53583,-1.31286,0.116728,0.0351396,-0.0612778,0.990649
211174007,-1.43003,0.514955,-1.30816,0.13479,0.0432124,-0.074513,0.9871231
211206485,-1.4415,0.498509,-1.30509,-0.160418,-0.0305236,0.101611,-0.98133
211239484,-1.45566,0.491016,-1.3011,-0.119702,-0.025055,0.0827221,-0.98904
211272970,-1.47192,0.474923,-1.29222,0.125544,0.0497904,-0.0866058,0.987046
211307071,-1.48098,0.467525,-1.28532,0.11662,0.0320142,-0.0868372,0.9888551
211340675,-1.49317,0.461771,-1.27845,-0.0773394,-0.000558356,0.0603222,-0.995178
211374061,-1.50451,0.453359,-1.26702,-0.0701091,0.0129138,0.0809128,-0.994169
211406337,-1.5129,0.449858,-1.25823,-0.0669148,0.025674,0.0793733,-0.994265
211439551,-1.52105,0.447139,-1.24252,-0.0790181,0.0219406,0.0936367,-0.9922231
211472063,-1.52729,0.442079,-1.22821,-0.0979637,0.0248253,0.114072,-0.988319
211506266,-1.53576,0.437271,-1.21374,-0.107324,0.0166353,0.0807906,-0.990797
211539168,-1.54065,0.432868,-1.19915,-0.0347543,0.0193848,0.0488745,-0.998012
211573525,-1.54712,0.437902,-1.17938,-0.101533,0.0319575,0.0551593,-0.9927881
211606301,-1.55065,0.438149,-1.16113,-0.103338,0.0243524,0.0571125,-0.992707
211639064,-1.54934,0.443857,-1.14314,-0.0724341,0.0242309,0.0469291,-0.995974
211672554,-1.55213,0.4488,-1.12342,-0.0862215,0.0310194,0.0363768,-0.995128
211705928,-1.55133,0.454058,-1.10313,-0.0889807,0.0265653,0.0325401,-0.9951471
211739235,-1.54864,0.459113,-1.08906,-0.0769454,0.0268844,-0.0205465,-0.996461
211772815,-1.54438,0.464946,-1.06725,-0.0870951,0.0443973,-0.0103927,-0.995156
211806151,-1.53966,0.474255,-1.04617,-0.0829078,0.0515726,-0.00181856,-0.995221
211838930,-1.53396,0.483613,-1.024,-0.0791116,0.0401399,0.00709576,-0.996032
211872595,-1.52589,0.489328,-1.00449,-0.0900452,0.0644823,-0.0381405,-0.993116
211905765,-1.51605,0.496219,-0.984796,-0.0957631,0.0660051,-0.00984196,-0.993165
211939622,-1.50906,0.506106,-0.960749,-0.0787684,0.0579286,-0.0291994,-0.994781
211972498,-1.5008,0.513403,-0.937693,-0.0918291,0.0355372,-0.0217326,-0.994903
212005923,-1.49176,0.519669,-0.912954,-0.128078,0.0242865,0.0174047,-0.991314
212039344,-1.48053,0.53658,-0.893247,-0.0813863,0.0212049,-0.0175084,-0.996303
212072506,-1.47204,0.546421,-0.867025,0.0729834,-0.00868025,0.0331687,0.9967441
212106157,-1.46349,0.554782,-0.842282,0.0933268,-0.00537336,0.029103,0.995196
212139568,-1.45027,0.566858,-0.818801,-0.0802855,0.0199962,-0.0297034,-0.996129
212172228,-1.43717,0.579319,-0.794798,-0.0712382,0.0253835,-0.0102803,-0.997083
212206283,-1.42743,0.585533,-0.764613,-0.0712096,0.0111957,-0.0196932,-0.9972041
212239551,-1.41169,0.591802,-0.743321,-0.0920369,0.00268521,-0.0117956,-0.995682
212272392,-1.39936,0.599678,-0.718294,-0.0926046,0.0182951,-0.0120399,-0.995462
212305732,-1.389,0.607179,-0.692458,-0.0713904,0.0225316,-0.0291287,-0.996768
212339377,-1.37452,0.609704,-0.665561,-0.0730284,0.0146619,-0.0311305,-0.9967361
212372198,-1.3634,0.611358,-0.637441,0.0953642,-0.00022862,0.0434786,0.994492
212405642,-1.35139,0.619226,-0.611029,0.0842125,0.00249279,0.040496,0.995622
212440055,-1.3398,0.622588,-0.585253,-0.0711615,0.014855,-0.00682167,-0.9973311
212472743,-1.32793,0.622683,-0.555461,-0.0778442,0.0126352,-0.0124297,-0.996808
212506959,-1.3135,0.629841,-0.530054,-0.0660676,0.0246707,-0.00323823,-0.997505
212538652,-1.30117,0.630234,-0.501771,-0.0431704,0.0258015,-0.00967226,-0.998688
212572521,-1.28622,0.62835,-0.474949,-0.0954184,0.00131944,0.00331572,-0.9954311
212606260,-1.27838,0.624813,-0.443418,-0.106028,0.00338044,0.0202265,-0.994152
212638587,-1.26838,0.625023,-0.415609,-0.0938073,0.00574369,0.0441664,-0.994594
212672493,-1.2601,0.617415,-0.384779,0.102896,0.0229465,-0.0316577,0.993923
212705731,-1.2503,0.616892,-0.35377,0.0833111,0.0106132,-0.0155233,0.9963461
212738878,-1.2429,0.608183,-0.323317,0.123117,0.0394047,-0.0151378,0.991494
212773070,-1.2358,0.607125,-0.299126,0.11794,0.00717286,-0.0157477,0.99287
212805990,-1.23368,0.602757,-0.274253,0.0823799,0.019126,-0.0114768,0.9963511
212839172,-1.22823,0.597193,-0.252476,0.0753706,0.028627,-0.0181066,0.99658
212872751,-1.22201,0.591047,-0.230921,0.0937246,0.0265066,-0.0238424,0.99496
212906685,-1.22119,0.587546,-0.208572,0.0843027,0.019964,0.0173899,0.9960881
212939097,-1.21745,0.577288,-0.189926,0.093048,0.0229796,-0.0131935,0.995309
212973769,-1.21632,0.573095,-0.170404,0.124931,0.0354396,0.0025146,0.991529
213006244,-1.21568,0.563733,-0.158327,0.0991084,0.0276813,-0.0110856,0.99463
213038665,-1.21736,0.563383,-0.142833,0.117672,0.0308911,0.0138998,0.9924751
213071769,-1.21683,0.551467,-0.13094,0.138347,0.0501778,-0.0172455,0.988961
213106312,-1.22061,0.547274,-0.119735,0.115091,0.0372852,0.0021249,0.992653
213140561,-1.22434,0.539195,-0.109049,0.123069,0.0405376,-0.00765036,0.991541
213172547,-1.23327,0.537611,-0.100601,0.125954,0.0602645,-0.0413382,0.989341
213205966,-1.2397,0.534176,-0.0942844,0.123847,0.0522921,-0.0492905,0.989696
213238905,-1.24617,0.522179,-0.0896338,0.130904,0.0597543,-0.0173275,0.989441
213272283,-1.25241,0.517526,-0.0889434,0.128685,0.0527894,-0.0304676,0.9898111
213306494,-1.26266,0.516398,-0.0898811,0.115167,0.0663268,-0.0462323,0.99005
213338888,-1.27283,0.506155,-0.0904001,0.170239,0.0918833,-0.0726925,0.978413
213373147,-1.28089,0.516836,-0.10245,0.0504526,0.0353358,-0.0504445,0.9968261
213406238,-1.28937,0.515992,-0.109003,0.0329476,0.0413213,-0.0634062,0.996588
213439585,-1.29941,0.515416,-0.116347,0.0263633,0.024324,-0.0716635,0.996784
213472680,-1.31235,0.515807,-0.123687,-0.0105711,-0.0141761,0.0546207,-0.998351
213506355,-1.32701,0.517034,-0.129359,0.0154113,0.0210168,-0.0666589,0.9974351
213539673,-1.34351,0.516052,-0.133576,0.00818493,0.0221819,-0.0650095,0.997605
213573360,-1.35238,0.521106,-0.136905,0.014566,-0.00732572,0.0711771,-0.99733
213606887,-1.36817,0.523255,-0.137995,0.00896088,-0.0122264,0.0660554,-0.9977011
213639854,-1.38282,0.52361,-0.134679,-0.00781836,0.0164716,-0.04976,0.998595
213672965,-1.39598,0.527962,-0.129574,0.00556149,0.00125981,0.0608653,-0.99813
213705595,-1.41275,0.521039,-0.115979,-0.0386394,-0.000128017,0.0666597,-0.997027
213739250,-1.42458,0.53718,-0.104083,0.0163124,-0.0059813,0.0397009,-0.9990611
213773050,-1.43832,0.542989,-0.0828813,0.017914,-0.00044798,0.0418257,-0.998964
213805996,-1.45118,0.540237,-0.0692678,0.0346867,0.0104758,-0.0014364,-0.999342
213838385,-1.45468,0.539698,-0.0774351,0.0439329,0.00164942,-0.00323048,-0.999028
213871510,-1.45622,0.540901,-0.0734932,0.0397751,0.0261326,0.000966975,-0.9988661
213905213,-1.457,0.540692,-0.0725044,0.0414773,0.0197061,0.00147064,-0.998944
213939498,-1.45476,0.540253,-0.0721548,0.040539,0.0254461,0.00378147,-0.998847
213972359,-1.45621,0.540643,-0.0722632,0.0212241,0.0137336,-0.00285205,-0.9996761
214005619,-1.45581,0.540377,-0.0726431,0.0220539,0.00816711,0.000691242,-0.999723
214039168,-1.45379,0.539629,-0.0654524,0.0192454,0.0767976,-0.0251822,-0.996543
214071705,-1.4548,0.539467,-0.0664653,0.0206142,0.068081,-0.0195883,-0.997274
214105868,-1.45428,0.53953,-0.0666646,0.029881,0.0690847,-0.0177464,-0.9970051
214139049,-1.45421,0.536367,-0.0665317,0.0565863,0.0625736,-0.00772987,-0.996405
214173004,-1.45387,0.531885,-0.0649299,0.0702912,0.0729599,-0.0315264,-0.994355
214206117,-1.45537,0.539704,-0.0692163,0.0323354,0.0465344,-0.00192528,-0.9983911
214239262,-1.45588,0.541179,-0.0706753,0.0242788,0.0354562,-0.000727869,-0.999076
214273050,-1.45322,0.540548,-0.0693638,0.0301099,0.0447704,0.00527467,-0.99853
214306100,-1.45373,0.540128,-0.0688037,0.0323748,0.0498862,0.00340033,-0.998224
214338657,-1.45312,0.541338,-0.0688582,0.0264146,0.0533284,0.00040308,-0.9982281
214372552,-1.45276,0.539707,-0.0684853,0.0334147,0.0531862,-0.00180768,-0.998024
214405668,-1.45357,0.536896,-0.0655635,0.0550796,0.0778045,-0.00861176,-0.995409
214438479,-1.45393,0.53876,-0.0649853,0.055288,0.0860887,-0.0208217,-0.994534
214472010,-1.45381,0.536952,-0.066666,0.0538103,0.0692861,-0.0123469,-0.9960681
214506302,-1.4547,0.537686,-0.0663047,0.0550539,0.0723278,-0.0153554,-0.995742
214539077,-1.45381,0.539804,-0.066948,0.0430379,0.0736542,-0.0131549,-0.996268
214571618,-1.45418,0.539472,-0.0668242,0.0430682,0.0735321,-0.00966317,-0.996316
214605822,-1.45398,0.539528,-0.0671558,0.0435117,0.0729214,-0.00212403,-0.9963861
214639663,-1.4542,0.539778,-0.0672993,0.0418752,0.0699927,-0.00224911,-0.996666
214672829,-1.454,0.53996,-0.0667041,0.0411173,0.074245,-0.00131316,-0.996391
214705585,-1.45442,0.54004,-0.0667979,0.0355272,0.0723942,-0.000514691,-0.996743
214739602,-1.45429,0.540313,-0.0675386,0.0334837,0.0702671,0.00428401,-0.9969571
214772099,-1.4546,0.540351,-0.0675269,0.032922,0.0707154,0.000215652,-0.996953
214805682,-1.45414,0.540518,-0.0675552,0.0321392,0.0716555,0.0022416,-0.996909
214838744,-1.45416,0.540466,-0.0683936,0.0316977,0.0625007,0.0109762,-0.997481
214872516,-1.45496,0.540846,-0.06827,0.0307004,0.0593773,0.0143271,-0.9976611
214905327,-1.45461,0.54015,-0.0672827,0.032674,0.0695956,0.00643447,-0.997019
214938757,-1.45462,0.54001,-0.0674077,0.0332394,0.0671264,0.00578698,-0.997174
214972284,-1.4546,0.540283,-0.0676392,0.0334545,0.0670227,0.00608936,-0.997172
215006189,-1.45465,0.539427,-0.0671597,0.0400725,0.069543,0.0119508,-0.9967021
215038543,-1.45475,0.539542,-0.0672073,0.038127,0.0656409,0.0115988,-0.997047
215072453,-1.45483,0.539563,-0.0670561,0.0363969,0.0653227,0.0100009,-0.99715
215105380,-1.4548,0.539668,-0.0668442,0.0363835,0.0681554,0.00971649,-0.996964
215139246,-1.45486,0.539622,-0.0669478,0.0363289,0.0672161,0.00963775,-0.997031
215171561,-1.45464,0.539471,-0.0672856,0.0374239,0.0646289,0.0104742,-0.997152
215205320,-1.45493,0.539586,-0.0671758,0.0392264,0.0692896,0.0115465,-0.996758
215239044,-1.45459,0.539586,-0.0669028,0.0395171,0.071781,0.0129164,-0.996554
215272795,-1.45463,0.539962,-0.0672739,0.0362698,0.0686777,0.0143544,-0.9968761
215306169,-1.45451,0.540237,-0.0676982,0.036907,0.066902,0.0136909,-0.996983
215338350,-1.45464,0.539966,-0.0676257,0.0375401,0.0671038,0.0142658,-0.996938
215371988,-1.45451,0.539863,-0.0677488,0.0380464,0.0666663,0.0133886,-0.99696
215405624,-1.45435,0.540026,-0.0679194,0.0382521,0.0656574,0.0127498,-0.9970271
215439609,-1.45455,0.539997,-0.0676106,0.0377648,0.0679594,0.0150129,-0.99686
215472553,-1.45458,0.539921,-0.0676516,0.038146,0.0674792,0.0147669,-0.996882
215506406,-1.45458,0.53974,-0.0673955,0.0384185,0.0698246,0.0142379,-0.9967181
215539769,-1.45438,0.539877,-0.0677085,0.0396852,0.0685323,0.014483,-0.996754
215572218,-1.45431,0.539994,-0.0678315,0.0392952,0.0683009,0.0134895,-0.996799
215605521,-1.45449,0.539601,-0.0681387,0.0412498,0.0640304,0.0146128,-0.996988
215638572,-1.45454,0.53982,-0.0679355,0.0398182,0.0661042,0.0130061,-0.9969331
215672603,-1.45446,0.540118,-0.0677781,0.0396667,0.0680091,0.0123841,-0.996819
215705869,-1.45449,0.540265,-0.0679556,0.0388737,0.0656949,0.012309,-0.997006
215738755,-1.45454,0.539992,-0.0680659,0.0404353,0.064004,0.0137358,-0.9970361
215772202,-1.45443,0.540273,-0.0676147,0.0382922,0.0686332,0.0120643,-0.996834
215806062,-1.45443,0.540439,-0.0678345,0.0377632,0.066816,0.0109384,-0.996991
215838720,-1.45434,0.540606,-0.0676978,0.0388458,0.0696171,0.0128022,-0.996735
215873346,-1.45446,0.540583,-0.0678779,0.0385068,0.0674566,0.0128174,-0.9968971
215905991,-1.45458,0.540824,-0.0675198,0.0373597,0.0686362,0.0106509,-0.996885
215939149,-1.45438,0.54064,-0.0677671,0.0377192,0.0671332,0.00983078,-0.996982
215971764,-1.45419,0.540954,-0.0677358,0.0366067,0.0681322,0.00770696,-0.996975
216005788,-1.45429,0.540793,-0.0676299,0.0382894,0.0700301,0.00804611,-0.9967771
216038527,-1.45427,0.540757,-0.0677144,0.0382106,0.0691621,0.00984017,-0.996825
216071660,-1.45418,0.540825,-0.067502,0.0376244,0.0723691,0.00789873,-0.996637
216106020,-1.45408,0.540778,-0.0676033,0.0385435,0.073394,0.00617462,-0.9965391
216138394,-1.45413,0.540701,-0.0674968,0.0387057,0.0750508,0.00594753,-0.99641
216171941,-1.45425,0.540581,-0.0678994,0.0395365,0.0699272,0.00876745,-0.99673
216205691,-1.4543,0.54071,-0.0674556,0.0378428,0.0735178,0.00595224,-0.996558
216239019,-1.45399,0.541062,-0.067658,0.0367332,0.0726086,0.00367302,-0.9966771
216271849,-1.45437,0.540761,-0.0675835,0.0366599,0.0703822,0.00533875,-0.996832
216305084,-1.45479,0.541835,-0.0688833,0.0334051,0.0588712,0.0141033,-0.997607
216338742,-1.45442,0.541482,-0.0679932,0.0323378,0.0641698,0.0121797,-0.997341
216371603,-1.45439,0.541474,-0.0681389,0.0339099,0.0637327,0.0136736,-0.9972971
216404956,-1.45449,0.541642,-0.0681182,0.0332868,0.0645557,0.0129043,-0.997275
216437872,-1.45459,0.541716,-0.0685269,0.0318045,0.0600641,0.0147515,-0.997579
216472180,-1.45472,0.541776,-0.0684478,0.0316651,0.0586391,0.0160453,-0.9976481
216506748,-1.45461,0.541701,-0.0683555,0.032483,0.0595772,0.0168534,-0.997553
216538809,-1.45465,0.542051,-0.0688667,0.031528,0.0561837,0.016137,-0.997792
216571586,-1.45481,0.54189,-0.0687952,0.0317714,0.0558646,0.0165098,-0.997796
216605418,-1.45477,0.541783,-0.0686848,0.0331954,0.056497,0.0170173,-0.9977061
216638490,-1.45483,0.541902,-0.0686101,0.0313034,0.0567511,0.0148209,-0.997787
216672570,-1.45462,0.54208,-0.068957,0.0310509,0.0553438,0.0129255,-0.997901
216706128,-1.45482,0.541965,-0.0689475,0.0319569,0.0542565,0.0160512,-0.9978861
216738544,-1.45507,0.541503,-0.0688906,0.0335105,0.0519207,0.0189858,-0.997908
216771984,-1.45488,0.541635,-0.0685801,0.0330125,0.0562836,0.0159268,-0.997742
216805582,-1.4548,0.541658,-0.0686274,0.0338301,0.0558713,0.0156026,-0.997743
216838441,-1.45485,0.541692,-0.0688188,0.034189,0.054254,0.0176803,-0.9977851
216871873,-1.45493,0.541497,-0.0690078,0.0347569,0.0511062,0.0188178,-0.997911
216905500,-1.45488,0.541631,-0.0688618,0.0344055,0.054077,0.0180081,-0.997781
216938238,-1.45477,0.541656,-0.0688921,0.0351179,0.054383,0.0182054,-0.997736
216971368,-1.45469,0.541695,-0.0688757,0.0356227,0.0558427,0.0178192,-0.9976451
217005291,-1.45484,0.541521,-0.0689263,0.0356133,0.0528736,0.019374,-0.997778
217038783,-1.45488,0.541677,-0.0687661,0.0346708,0.0549718,0.0169232,-0.997742
217071877,-1.45484,0.541619,-0.0688938,0.0350699,0.0544005,0.0166678,-0.9977641
217105552,-1.4548,0.541523,-0.0689019,0.0350944,0.054217,0.0161022,-0.997782
217138807,-1.45505,0.541686,-0.0689775,0.034579,0.0525369,0.0176761,-0.997864
217172052,-1.45494,0.541677,-0.0690073,0.0346828,0.0527141,0.0164196,-0.9978721
217205546,-1.45493,0.541721,-0.0691724,0.0340999,0.0522618,0.0157709,-0.997926
217238671,-1.45478,0.541654,-0.0692908,0.0344544,0.0501435,0.0156608,-0.998025
217271708,-1.45489,0.541706,-0.0693418,0.0342032,0.0489217,0.0161222,-0.998087
217305500,-1.45522,0.54147,-0.0698281,0.0354125,0.0423369,0.0172198,-0.9983271
217338521,-1.45501,0.541924,-0.0701807,0.0347368,0.0429968,0.0132629,-0.998383
217372984,-1.45533,0.54181,-0.0701953,0.034599,0.0406448,0.0128684,-0.998492
217406334,-1.45534,0.541988,-0.0698955,0.0334114,0.0426092,0.0160121,-0.9984051
217438830,-1.45511,0.541972,-0.0701751,0.0336991,0.0400601,0.0181186,-0.998464
217471888,-1.4552,0.542058,-0.0697168,0.0342317,0.045631,0.0166986,-0.998232
217505882,-1.45519,0.542089,-0.0699878,0.0340593,0.0440827,0.0162807,-0.998314
217538371,-1.45525,0.541964,-0.0703096,0.035208,0.0415682,0.0151339,-0.9984011
217571586,-1.45535,0.542061,-0.0701218,0.0347004,0.0439453,0.0167235,-0.998291
217606096,-1.45517,0.541919,-0.0697656,0.0355856,0.0472944,0.0161575,-0.998116
217637934,-1.45393,0.541461,-0.0704253,0.0394067,0.0549118,0.00469239,-0.997702
217671753,-1.45463,0.54167,-0.069719,0.0376184,0.052352,0.0103683,-0.9978661
217705590,-1.45509,0.542338,-0.069498,0.0327923,0.0489635,0.0153846,-0.998144
217738987,-1.45503,0.541939,-0.0698508,0.0362043,0.0459806,0.016034,-0.998157
217772670,-1.45512,0.541927,-0.0699932,0.0362415,0.0448964,0.0141434,-0.9982341
217805629,-1.455,0.542104,-0.0697251,0.0349509,0.0468582,0.0156991,-0.998167
217838479,-1.4549,0.542043,-0.0698452,0.0356326,0.0473746,0.0152351,-0.998125
217871805,-1.45495,0.541679,-0.0700454,0.0370086,0.0447942,0.015267,-0.998194
217906024,-1.45507,0.541991,-0.0696311,0.0336969,0.0477088,0.0137286,-0.9981981
217939186,-1.45498,0.542141,-0.0694053,0.0339665,0.0512154,0.0135167,-0.998018
217972144,-1.45509,0.542275,-0.0694675,0.0328855,0.0503394,0.0139567,-0.998093
218006015,-1.45499,0.542218,-0.0696216,0.0327216,0.0486182,0.014916,-0.99817
218039074,-1.45483,0.542339,-0.0693906,0.03148,0.0517177,0.0125608,-0.9980861
218073110,-1.4548,0.542506,-0.0697942,0.0300938,0.0479193,0.0105133,-0.998342
218105719,-1.4549,0.542354,-0.0694812,0.0304478,0.0513281,0.0112826,-0.998154
218138542,-1.45499,0.542431,-0.0696055,0.0294254,0.0491054,0.0117738,-0.998291
218171908,-1.45487,0.542481,-0.0694932,0.0295326,0.0500434,0.0122792,-0.9982351
218205721,-1.45492,0.54232,-0.0695991,0.0294079,0.0481394,0.0132423,-0.99832
218238028,-1.45497,0.542438,-0.0694231,0.0292372,0.0508671,0.0140356,-0.998179
218271961,-1.45486,0.542471,-0.0694785,0.0301782,0.0503524,0.0150812,-0.9981621
218305033,-1.45496,0.542471,-0.0694084,0.0301722,0.0496208,0.0163413,-0.998179
218338554,-1.45493,0.542366,-0.0694307,0.031549,0.0507168,0.015247,-0.998098
218370769,-1.45501,0.542539,-0.0696362,0.0316622,0.0489514,0.0164837,-0.998163
218405374,-1.45489,0.542565,-0.0697544,0.032159,0.0500838,0.0161982,-0.9980961
218437660,-1.45515,0.542044,-0.0696421,0.0330517,0.0476848,0.01662,-0.998177
218472347,-1.45512,0.542244,-0.069604,0.0323794,0.0487624,0.0158589,-0.998159
218505353,-1.4551,0.542284,-0.0696553,0.0334527,0.0495173,0.0161121,-0.998083
218539686,-1.45504,0.542167,-0.0697153,0.0329522,0.0472313,0.0160379,-0.9982121
218571806,-1.45516,0.542157,-0.069981,0.0333244,0.0437594,0.0150013,-0.998374
218604768,-1.45525,0.542425,-0.0696272,0.0323643,0.0473966,0.0140573,-0.998253
218639034,-1.45543,0.542595,-0.0699521,0.0323562,0.0451499,0.0153501,-0.998338
218671743,-1.45542,0.542647,-0.0696982,0.0328914,0.0491096,0.0149468,-0.998141
218705646,-1.45554,0.542606,-0.0699927,0.0339729,0.0460338,0.0167271,-0.998222
218738364,-1.45534,0.542622,-0.0695396,0.0326812,0.0497185,0.0135058,-0.998137
218772346,-1.45544,0.542704,-0.0701128,0.0327721,0.0445527,0.0140411,-0.9983711
218805488,-1.45549,0.542535,-0.0699553,0.0331715,0.0454867,0.0159458,-0.998287
218837993,-1.45553,0.542688,-0.0696094,0.0324508,0.0474418,0.0151946,-0.998231
218871895,-1.45535,0.542657,-0.0698193,0.0336544,0.0477449,0.0141648,-0.998192
218905442,-1.45539,0.542731,-0.069813,0.0330026,0.0476761,0.0141556,-0.9982171
218939603,-1.45542,0.542836,-0.0700762,0.033252,0.0452467,0.0144324,-0.998318
218971613,-1.45544,0.542856,-0.0701875,0.0332865,0.0452818,0.0155772,-0.998298
219004259,-1.45541,0.542502,-0.0699922,0.0340634,0.0459472,0.0157073,-0.998239
219038514,-1.45532,0.542624,-0.0699316,0.0330331,0.0475211,0.0147395,-0.9982151
219071510,-1.45534,0.542696,-0.069821,0.0332456,0.0484138,0.0140741,-0.998175
219105664,-1.45529,0.542792,-0.0698933,0.0330523,0.047971,0.015146,-0.998187
219139106,-1.4553,0.542707,-0.0701382,0.0336318,0.0459495,0.0145138,-0.9982721
219171271,-1.4553,0.542769,-0.0696269,0.0325814,0.049814,0.0141763,-0.998126
219205107,-1.45523,0.542921,-0.0696313,0.0322592,0.0502579,0.0128305,-0.998133
219238591,-1.45524,0.542933,-0.0695889,0.0321424,0.0506855,0.0135911,-0.998105
219272177,-1.45541,0.543186,-0.0699771,0.0307373,0.0470804,0.0142159,-0.9983171
219305625,-1.45558,0.543092,-0.0700518,0.0316773,0.0443402,0.0148912,-0.998403
219337893,-1.45559,0.543323,-0.0703396,0.0312008,0.0427203,0.0144871,-0.998495
219371255,-1.45551,0.543171,-0.0702546,0.0314989,0.0430922,0.0132425,-0.998487
219404826,-1.45561,0.54333,-0.0703418,0.0303633,0.0421879,0.0123357,-0.9985721
219437670,-1.4555,0.543257,-0.0703545,0.031094,0.0415632,0.0123206,-0.998576
219471667,-1.45555,0.54341,-0.0703655,0.0301816,0.042267,0.0121432,-0.998577
219504835,-1.45549,0.543347,-0.0705146,0.0311544,0.0404082,0.0120946,-0.9986241
219538112,-1.45551,0.543445,-0.0705356,0.0312146,0.041252,0.0125559,-0.998582
219571578,-1.45553,0.543086,-0.0705532,0.0318861,0.039437,0.0137012,-0.998619
219605317,-1.45564,0.54339,-0.0705137,0.0308605,0.0406775,0.0133588,-0.9986061
219639405,-1.45551,0.543272,-0.07048,0.0323882,0.0412332,0.012039,-0.998552
219670788,-1.45555,0.54328,-0.0705432,0.0321715,0.0408071,0.0122486,-0.998574
219704728,-1.45551,0.543252,-0.0709653,0.0313258,0.0370655,0.0116796,-0.998753
219738558,-1.45548,0.543173,-0.0703218,0.031363,0.0426095,0.0121866,-0.9985251
219771608,-1.45563,0.543343,-0.0705708,0.0321041,0.0419197,0.0128472,-0.998522
219805318,-1.45569,0.543207,-0.0705552,0.0332873,0.0422063,0.0124721,-0.998476
219838788,-1.45563,0.543144,-0.070665,0.032994,0.0402676,0.0127919,-0.9985621
219871488,-1.45558,0.543078,-0.0704214,0.03254,0.0415857,0.0127128,-0.998524
219905180,-1.45576,0.543207,-0.0706506,0.0331442,0.0401127,0.0142615,-0.998544
219938450,-1.45563,0.542987,-0.0705728,0.0335121,0.0410395,0.0128,-0.998513
219972297,-1.45571,0.543202,-0.0705422,0.0327784,0.0409065,0.0138701,-0.9985291
220004993,-1.45574,0.543071,-0.0706582,0.033601,0.0401119,0.014243,-0.998529
220038399,-1.45569,0.543141,-0.070665,0.032942,0.0405682,0.0137717,-0.998539
220071815,-1.4557,0.543202,-0.0706143,0.033411,0.0408521,0.0128277,-0.998524
220105495,-1.45571,0.543177,-0.0706587,0.0337776,0.0415044,0.012957,-0.9984831
220138294,-1.45581,0.542821,-0.0709775,0.0351932,0.0376085,0.0133301,-0.998584
220171754,-1.45574,0.54314,-0.0706338,0.0328662,0.0407809,0.0127424,-0.998546
220205163,-1.45574,0.542983,-0.0710164,0.0340691,0.0375918,0.012402,-0.998635
220238959,-1.45568,0.543006,-0.0706309,0.0340944,0.0424359,0.0123026,-0.9984421
220271952,-1.45561,0.542908,-0.0708579,0.0337573,0.0390619,0.0134312,-0.998576
220304301,-1.45566,0.542943,-0.0706294,0.0334584,0.0406483,0.013608,-0.99852
220338472,-1.45566,0.543076,-0.0706289,0.03287,0.0408964,0.0138048,-0.998527
220371789,-1.45567,0.542949,-0.0704746,0.0334053,0.0430242,0.0123311,-0.9984391
220405325,-1.45569,0.543132,-0.070574,0.0319154,0.042081,0.0121674,-0.99853
220438181,-1.45571,0.543132,-0.070354,0.0320527,0.0440263,0.012671,-0.998436
220471666,-1.45576,0.54299,-0.070634,0.0330715,0.0411176,0.0140433,-0.998508
220505857,-1.4557,0.543014,-0.0704514,0.0328139,0.043085,0.0132092,-0.9984451
220539052,-1.45576,0.543158,-0.0706387,0.0326229,0.0429597,0.0134215,-0.998454
220571962,-1.45562,0.543117,-0.0704543,0.0324618,0.0441649,0.0126112,-0.998417
220605062,-1.45573,0.543146,-0.0706077,0.0323089,0.0436291,0.0129845,-0.998441
220638143,-1.45557,0.543249,-0.0707854,0.0321784,0.0421811,0.0127553,-0.998511
220670821,-1.45565,0.543172,-0.0708035,0.0318106,0.042304,0.0129395,-0.998514
220705621,-1.45583,0.542893,-0.0709497,0.0332221,0.0396569,0.0139913,-0.998563
220738188,-1.45587,0.543046,-0.070856,0.0318033,0.0404142,0.0140168,-0.9985781
220771988,-1.45579,0.543107,-0.070738,0.0324581,0.0416901,0.0132317,-0.998516
220804548,-1.45577,0.543136,-0.0706816,0.0322515,0.0429215,0.0127655,-0.998476
220838846,-1.45587,0.542954,-0.0711396,0.0333639,0.0377873,0.0145237,-0.9986231
220871595,-1.45575,0.543071,-0.0708318,0.0323756,0.0408175,0.0138356,-0.998546
220904950,-1.45582,0.54315,-0.0710369,0.0323305,0.0394316,0.0143338,-0.998596
220938633,-1.45581,0.543173,-0.0708289,0.032388,0.0420531,0.0131762,-0.998503
220971587,-1.45588,0.543215,-0.0711904,0.0316977,0.0379875,0.0137924,-0.998681
221005394,-1.45589,0.543288,-0.0709004,0.0313774,0.0401852,0.0136347,-0.998606
221037663,-1.45596,0.54324,-0.0714092,0.0329385,0.0357926,0.0148937,-0.998705
221071099,-1.45596,0.543128,-0.0713801,0.0337869,0.0366626,0.0149793,-0.998644
221104458,-1.45589,0.543328,-0.0711843,0.0322728,0.0383982,0.0146655,-0.9986341
221137805,-1.45588,0.543239,-0.0712144,0.0324712,0.0376298,0.0138237,-0.998668
221172043,-1.4559,0.543395,-0.0711858,0.0313864,0.0385197,0.0118599,-0.998694
221205496,-1.45576,0.543544,-0.0714019,0.0303679,0.0368612,0.0104936,-0.9988041
221238497,-1.4558,0.543557,-0.0712461,0.0316927,0.0397695,0.0128947,-0.998623
221271540,-1.45595,0.543335,-0.0715684,0.0320778,0.0365635,0.0140024,-0.998718
221304400,-1.45595,0.543549,-0.0714409,0.0305108,0.0367262,0.0127054,-0.998779
221337296,-1.45603,0.543673,-0.0715447,0.031117,0.036633,0.0122721,-0.9987691
221371120,-1.45596,0.543491,-0.0713967,0.0318096,0.0381559,0.0132417,-0.998678
221405196,-1.45603,0.543608,-0.0718687,0.0315045,0.0333411,0.0134345,-0.998857
221437725,-1.45606,0.543729,-0.0714819,0.031678,0.0363729,0.0142623,-0.9987341
221471244,-1.45586,0.543628,-0.0714351,0.03142,0.0369507,0.0126599,-0.998743
221505242,-1.45588,0.543588,-0.0715173,0.0308762,0.0358872,0.0100537,-0.998828
221537924,-1.45621,0.543726,-0.0717886,0.0311625,0.0332982,0.0119273,-0.9988881
221570820,-1.45615,0.543701,-0.071449,0.03121,0.0350358,0.0132338,-0.998811
221604743,-1.45603,0.543795,-0.0716431,0.0316995,0.0351163,0.0130301,-0.998795
221638030,-1.45606,0.543681,-0.0715247,0.0319427,0.0359805,0.0127018,-0.9987611
221671309,-1.45613,0.54362,-0.0715884,0.0323256,0.0349536,0.0136299,-0.998773
221704277,-1.45589,0.543603,-0.0715215,0.0325509,0.0355912,0.0133125,-0.998747
221738120,-1.45607,0.543663,-0.0715901,0.0324986,0.0349799,0.0138438,-0.9987641
221771495,-1.45606,0.543785,-0.0716851,0.0325412,0.0342268,0.0127496,-0.998803
221804914,-1.456,0.543705,-0.0716133,0.0324442,0.0357651,0.0127259,-0.998752
221838540,-1.456,0.543489,-0.0717578,0.0326965,0.0333409,0.0129868,-0.9988251
221870523,-1.45596,0.543849,-0.0715664,0.0304536,0.0363817,0.0109795,-0.998814
221904479,-1.45599,0.543744,-0.0715854,0.0316625,0.0361201,0.0107627,-0.998788
221937324,-1.45603,0.543947,-0.0717693,0.0297882,0.0349036,0.00811167,-0.998914
221971000,-1.45599,0.543566,-0.0717852,0.0323704,0.0336536,0.0121769,-0.9988351
222004499,-1.45566,0.543632,-0.0717502,0.0323745,0.038312,0.00657866,-0.99872
222038755,-1.45592,0.543879,-0.072064,0.0304045,0.0338928,0.00439857,-0.998953
222072377,-1.45603,0.54386,-0.072124,0.0306289,0.0337153,0.00433184,-0.9989531
222104215,-1.45617,0.543526,-0.0719404,0.0321284,0.0337628,0.00711847,-0.998888
222137452,-1.45605,0.543629,-0.0716106,0.0319927,0.0365136,0.008224,-0.998787
222171095,-1.45603,0.543725,-0.0717183,0.0319011,0.0357391,0.00955049,-0.998806
222204486,-1.4561,0.543785,-0.0718823,0.0316258,0.0345846,0.00739322,-0.9988741
222238217,-1.45616,0.543719,-0.0718528,0.032116,0.0345549,0.00997467,-0.998837
222271216,-1.45597,0.543603,-0.0717563,0.0331731,0.0348722,0.0109414,-0.998781
222305320,-1.45608,0.543789,-0.0718481,0.0324216,0.0351458,0.0104608,-0.9988011
222338579,-1.45601,0.543918,-0.0722644,0.0320195,0.0316832,0.00861137,-0.998948
222371140,-1.45607,0.543883,-0.0720452,0.0320337,0.0338346,0.00992952,-0.998865
222404818,-1.45613,0.543563,-0.0722266,0.0332554,0.0308685,0.0116089,-0.998903
222438889,-1.45619,0.543822,-0.0721814,0.0321633,0.0320701,0.0119964,-0.9988961
222472384,-1.45621,0.543819,-0.0721553,0.0327203,0.0320248,0.0112909,-0.998888
222504821,-1.45626,0.543898,-0.0719619,0.031978,0.0335989,0.0119686,-0.998852
222538936,-1.45616,0.543805,-0.0724839,0.0322038,0.0287431,0.0120327,-0.9989951
222570380,-1.45617,0.543787,-0.0720391,0.0324064,0.0322283,0.013166,-0.998868
222604655,-1.4562,0.543812,-0.0722905,0.0326403,0.0299457,0.0130633,-0.998933
222638081,-1.45628,0.543747,-0.0722017,0.0328791,0.0308063,0.0119473,-0.998913
222671140,-1.45638,0.543659,-0.0723076,0.0332723,0.0298065,0.0134245,-0.9989121
222703783,-1.45624,0.543782,-0.0720376,0.0320979,0.0316413,0.0121758,-0.99891
222737314,-1.45622,0.54355,-0.072043,0.0329961,0.0313312,0.0137096,-0.99887
222771424,-1.45627,0.543831,-0.0722729,0.0321083,0.0311477,0.011267,-0.9989351
222804738,-1.45638,0.543799,-0.0722866,0.0322533,0.0301896,0.0129202,-0.99894
222837871,-1.45627,0.54355,-0.0720757,0.0334537,0.0325648,0.0136618,-0.998816
222871141,-1.45618,0.543673,-0.0719214,0.032063,0.0342876,0.0131375,-0.998811
222903659,-1.45604,0.543828,-0.072189,0.0314205,0.0315036,0.0102372,-0.9989571
222938555,-1.45612,0.543902,-0.0722778,0.0303849,0.0308283,0.00960821,-0.999017
222971193,-1.45616,0.543485,-0.0721577,0.0326502,0.0312781,0.012551,-0.998898
223004521,-1.45614,0.543903,-0.0720542,0.0295727,0.032639,0.011255,-0.9989661
223037780,-1.45624,0.543649,-0.0717407,0.031334,0.035445,0.0119192,-0.998809
223071734,-1.45622,0.543689,-0.0717915,0.0314692,0.035885,0.0123744,-0.998784
223104335,-1.45623,0.543569,-0.0720937,0.0316337,0.0317498,0.0132683,-0.998907
223136915,-1.45604,0.543803,-0.0716958,0.0301769,0.0348908,0.0123375,-0.9988591
223170974,-1.45616,0.54374,-0.0719265,0.0306503,0.0328942,0.0121268,-0.998915
223204593,-1.45617,0.543537,-0.0716807,0.0314363,0.0348363,0.0123135,-0.998823
223236946,-1.45619,0.543729,-0.0720562,0.0309908,0.0317871,0.0125825,-0.9989351
223271268,-1.4563,0.543759,-0.0718721,0.0301273,0.0329744,0.0120392,-0.99893
223304728,-1.45621,0.543706,-0.0719985,0.0306569,0.0323737,0.0120636,-0.998933
223337796,-1.45629,0.543574,-0.0719619,0.0320742,0.0337776,0.0136002,-0.9988221
223371041,-1.45631,0.543792,-0.0721096,0.0304191,0.0319917,0.0124819,-0.998947
223403859,-1.45634,0.543664,-0.0720288,0.0309856,0.0320705,0.0133312,-0.998916
223437258,-1.45634,0.543674,-0.0719387,0.0305486,0.0332428,0.0136151,-0.998888
223471182,-1.45615,0.543904,-0.0721167,0.0301174,0.0323905,0.0116919,-0.9989531
223504636,-1.45631,0.543869,-0.0724492,0.0296216,0.029294,0.0111512,-0.99907
223537191,-1.45652,0.543543,-0.0724058,0.0317677,0.0297387,0.0136,-0.99896
223570396,-1.45637,0.543779,-0.0720005,0.0305546,0.0336136,0.0130873,-0.998882
223604291,-1.45623,0.543846,-0.0720166,0.0299648,0.0335809,0.0111879,-0.9989241
223637892,-1.45628,0.543864,-0.0723013,0.0296082,0.0310725,0.0100677,-0.999028
223670953,-1.45634,0.543769,-0.072645,0.0307716,0.0279568,0.0114715,-0.99907
223704519,-1.45622,0.543854,-0.072062,0.0300043,0.032766,0.0116208,-0.9989451
223737347,-1.45624,0.54378,-0.0722161,0.0300959,0.0317548,0.0111827,-0.99898
223771484,-1.45633,0.543773,-0.0722231,0.0303987,0.0315911,0.0108187,-0.99898
223804524,-1.45634,0.543708,-0.0722537,0.0305579,0.0310852,0.0115422,-0.9989831
223837088,-1.45627,0.543856,-0.0721421,0.0296662,0.0318571,0.0114216,-0.998987
223870050,-1.45632,0.544018,-0.0728171,0.0289063,0.026769,0.00860971,-0.999187
223904093,-1.45641,0.544088,-0.0729248,0.0283872,0.0254839,0.00662506,-0.99925
223937718,-1.45645,0.543902,-0.0726992,0.0291622,0.0266609,0.00939503,-0.9991751
223970865,-1.45634,0.543897,-0.0727402,0.0298733,0.0265554,0.0107623,-0.999143
224004060,-1.4565,0.544076,-0.0729304,0.0283707,0.024923,0.00876042,-0.999248
224037743,-1.45633,0.544184,-0.07321,0.0280975,0.0227675,0.00648719,-0.9993251
224071263,-1.45631,0.544055,-0.0726987,0.0292036,0.027655,0.00996054,-0.999141
224104748,-1.45639,0.543676,-0.0728506,0.030967,0.0256629,0.011925,-0.99912
224136899,-1.45641,0.543882,-0.0726497,0.029496,0.0280664,0.0108381,-0.999112
224171125,-1.45644,0.543889,-0.0726543,0.030483,0.0282504,0.0107175,-0.9990791
224204626,-1.45648,0.543909,-0.0726399,0.0308629,0.0288029,0.0121869,-0.999034
224237054,-1.45636,0.543799,-0.072998,0.0312943,0.0251169,0.0123317,-0.999119
224272087,-1.45634,0.544055,-0.0728433,0.0300098,0.0273536,0.0108482,-0.9991161
224303753,-1.45645,0.544088,-0.0731323,0.0297531,0.0239758,0.00946686,-0.999225
224336827,-1.45659,0.544043,-0.0731406,0.0297174,0.0238384,0.00860121,-0.999237
224370371,-1.45657,0.543832,-0.0728767,0.0309451,0.0259406,0.011254,-0.999121
224403624,-1.45651,0.544072,-0.0730386,0.0288872,0.0242171,0.00890737,-0.999251
