euler_madgwick0,euler_madgwick1,euler_madgwick2,euler_ekf0,euler_ekf1,euler_ekf2,euler_setpoint0,euler_setpoint1,euler_setpoint2,thrust_setpoint,Acc1,Acc2,Acc3,Gyro1,Gyro2,Gyro3,AccBMI1,AccBMI2,AccBMI3,GyroBMI1,GyroBMI2,GyroBMI3,Acc1Raw,Acc2Raw,Acc3Raw,Gyro1Raw,Gyro2Raw,Gyro3Raw,AccBMI1Raw,AccBMI2Raw,AccBMI3Raw,GyroBMI1Raw,GyroBMI2Raw,GyroBMI3Raw,u0,u1,u2,u3,w0,w1,w2,w3,positionNED_0,positionNED_1,positionNED_2,velocityNED_0,velocityNED_1,velocityNED_2,positionSetpointNED_0,positionSetpointNED_1,positionSetpointNED_2,velocitySetpointNED_0,velocitySetpointNED_1,velocitySetpointNED_2,mocapPositionNED_0,mocapPositionNED_1,mocapPositionNED_2,pScale_att,iScale_att,dScale_att,Kp_array,Ki_array,Kd_array,Kp_pos,Ki_pos,Kd_pos,Kp2_array,Ki2_array,Kd2_array,timeSinceBoot,mocapTime,quadTime,numMocapUpdates,throttle,roll,pitch,yaw,throttle_cut,boundary_sw,xSel,ySel,zSel,Kp_scale,Ki_scale,Kd_scale,scale_all,reset,position_toggle
-0.0092,0.0042,3.1162,-0.0097,-0.0021,0.5477,0.0073,-0.0021,3.1575,0.0000,0.0158,0.1101,-9.6620,-0.0037,0.0058,-0.0003,0.0185,0.0571,-9.8280,0.0022,-0.0008,-0.0038,-0.0066,0.1015,-9.6172,-0.0036,0.0055,-0.0016,0.0483,0.0469,-9.7869,0.0093,-0.0008,-0.0059,0.0000,0.0293,-0.0018,0.2871,0.0000,0.0000,0.0000,0.0000,-1.195273,0.273869,-0.062093,0.003502,-0.011309,0.066287,-1.204548,0.287091,-0.200000,0.000000,0.000000,0.000000,-1.195839,0.276112,-0.080356,1.0000,1.0000,1.0000,1.660,4.810,0.340,5.000,3.000,8.000,1.500,0.060,0.110,808669307,837846115,808668048,6710,1000,1507,1502,1505,1000,1000,1505,1505,1505,1095,2008,1625,1016,1000,1000
-0.0108,0.0019,3.1162,-0.0089,-0.0023,0.5474,0.0073,-0.0021,3.1575,0.0000,0.1094,0.0081,-9.6193,-0.0056,0.0020,0.0011,-0.0428,0.1142,-9.7954,0.0025,-0.0018,-0.0001,-0.8470,0.4607,-10.0529,-0.0273,0.0295,0.0205,-0.7202,1.3668,-11.2971,-0.0205,0.0061,0.0312,0.0000,0.0284,-0.0023,0.2872,0.0000,618.9175,0.0000,704.7919,-1.195753,0.275340,-0.070774,0.001074,-0.006142,0.046450,-1.204548,0.287091,-0.200000,0.000000,0.000000,0.000000,-1.195941,0.275983,-0.080336,1.0000,1.0000,1.0000,1.660,4.810,0.340,5.000,3.000,8.000,1.500,0.060,0.110,808713971,837977829,808713212,6711,1000,1507,1502,1505,1000,1000,1505,1505,1505,1094,2008,1625,1016,1000,1000
-0.0105,0.0021,3.1162,-0.0089,-0.0023,0.5474,0.0073,-0.0021,3.1575,0.0000,0.0957,0.1397,-9.5807,0.0004,0.0037,0.0011,0.0950,0.0803,-9.8505,0.0040,-0.0081,-0.0007,-0.7704,0.6378,-11.2117,-0.0228,0.0433,0.0381,-0.5137,1.2087,-9.7456,-0.0248,0.0290,0.0226,0.0000,0.0278,0.0002,0.2860,0.0000,618.8876,0.0000,702.3342,-1.195742,0.275282,-0.070339,0.001270,-0.006591,0.048258,-1.204548,0.287091,-0.200000,0.000000,0.000000,0.000000,-1.195941,0.275983,-0.080336,1.0000,1.0000,1.0000,1.660,4.810,0.340,5.000,3.000,8.000,1.500,0.060,0.110,808724165,837977829,808722406,6711,1000,1507,1502,1505,1000,1000,1505,1505,1505,1094,2008,1625,1016,1000,1000
-0.0109,0.0022,3.1164,-0.0090,-0.0023,0.5475,0.0073,-0.0021,3.1575,0.0000,-0.0072,0.0549,-9.8023,-0.0068,0.0096,0.0267,0.0768,0.0090,-9.9042,-0.0041,0.0013,0.0231,-0.5693,0.2763,-7.8383,0.0311,-0.0643,0.0048,0.7379,-1.1850,-7.7434,0.0330,-0.0232,0.0056,0.0000,0.0294,-0.0030,0.2844,0.0000,615.2285,0.0000,702.0516,-1.195729,0.275207,-0.069753,0.000999,-0.006416,0.049280,-1.204548,0.287091,-0.200000,0.000000,0.000000,0.000000,-1.195941,0.275983,-0.080336,1.0000,1.0000,1.0000,1.660,4.810,0.340,5.000,3.000,8.000,1.500,0.060,0.110,808734665,837977829,808734406,6711,1000,1507,1502,1505,1000,1000,1505,1505,1505,1094,2008,1625,1016,1000,1000
-0.0103,0.0018,3.1165,-0.0090,-0.0023,0.5475,0.0073,-0.0021,3.1575,0.0000,-0.0951,0.0374,-9.6825,-0.0048,0.0103,-0.0182,-0.1145,0.1490,-9.8056,-0.0017,-0.0016,-0.0167,2.4474,-0.8322,-9.7680,0.0159,-0.0590,-0.0400,2.3648,-0.2979,-10.0994,0.0200,-0.0354,-0.0447,0.0000,0.0292,-0.0035,0.2887,0.0000,619.8398,0.0000,707.3254,-1.195721,0.275145,-0.069303,0.000828,-0.007232,0.050462,-1.204548,0.287091,-0.200000,0.000000,0.000000,0.000000,-1.195941,0.275983,-0.080336,1.0000,1.0000,1.0000,1.660,4.810,0.340,5.000,3.000,8.000,1.500,0.060,0.110,808745165,837977829,808743406,6711,1000,1507,1502,1505,1000,1000,1505,1505,1505,1094,2008,1625,1016,1000,1000
-0.0099,0.0019,3.1162,-0.0091,-0.0022,0.5470,0.0073,-0.0021,3.1575,0.0000,0.0454,0.1351,-9.6149,-0.0017,0.0130,-0.0371,0.0999,0.1830,-9.7367,0.0024,0.0000,-0.0401,1.1258,-0.0924,-10.6898,-0.0044,-0.0092,-0.0184,0.2063,0.3540,-11.4659,0.0072,-0.0181,-0.0333,0.0000,0.0285,-0.0054,0.2909,0.0000,621.7076,0.0000,710.4235,-1.195706,0.275049,-0.068686,0.001458,-0.008402,0.052114,-1.204548,0.287091,-0.200000,0.000000,0.000000,0.000000,-1.195941,0.275983,-0.080336,1.0000,1.0000,1.0000,1.660,4.810,0.340,5.000,3.000,8.000,1.500,0.060,0.110,808755665,837977829,808755422,6711,1000,1507,1502,1505,1000,1000,1505,1505,1505,1094,2008,1625,1016,1000,1000
-0.0106,0.0023,3.1161,-0.0091,-0.0022,0.5469,0.0073,-0.0021,3.1575,0.0000,0.1237,0.2047,-9.5978,-0.0048,0.0055,0.0403,0.0209,0.2084,-9.7873,0.0019,-0.0025,0.0318,-0.4017,0.6139,-10.7497,-0.0116,-0.0057,0.0762,-0.3234,0.6772,-10.7422,-0.0080,0.0021,0.0836,0.0000,0.0287,-0.0010,0.2846,0.0000,616.5074,0.0000,701.3650,-1.195695,0.274979,-0.068216,0.001104,-0.007129,0.052857,-1.204548,0.287091,-0.200000,0.000000,0.000000,0.000000,-1.195941,0.275983,-0.080336,1.0000,1.0000,1.0000,1.660,4.810,0.340,5.000,3.000,8.000,1.500,0.060,0.110,808766165,837977829,808764406,6711,1000,1507,1502,1505,1000,1000,1505,1505,1505,1094,2008,1625,1016,1000,1000
-0.0111,0.0028,3.1168,-0.0092,-0.0021,0.5476,0.0073,-0.0021,3.1575,0.0000,0.0525,0.0042,-9.6482,-0.0042,0.0048,0.0532,-0.0070,-0.0402,-9.8560,0.0021,0.0002,0.0553,-0.9835,0.2069,-9.9356,-0.0140,0.0036,0.0069,-0.3665,0.4653,-9.7492,-0.0104,-0.0080,0.0008,0.0000,0.0294,-0.0020,0.2805,0.0000,611.2599,0.0000,696.9349,-1.195682,0.274899,-0.067572,0.001199,-0.006663,0.054522,-1.204548,0.287091,-0.200000,0.000000,0.000000,0.000000,-1.195941,0.275983,-0.080336,1.0000,1.0000,1.0000,1.660,4.810,0.340,5.000,3.000,8.000,1.500,0.060,0.110,808776665,837977829,808776406,6711,1000,1507,1502,1505,1000,1000,1505,1505,1505,1094,2008,1625,1016,1000,1000
-0.0103,0.0027,3.1168,-0.0092,-0.0021,0.5475,0.0073,-0.0021,3.1575,0.0000,-0.0264,-0.0941,-9.7100,-0.0025,0.0056,-0.0470,0.0078,-0.1656,-9.8242,0.0030,-0.0011,-0.0442,0.4195,0.2093,-9.5621,-0.0047,-0.0055,-0.0666,0.2602,0.0002,-9.9270,0.0083,0.0032,-0.0684,0.0000,0.0284,-0.0012,0.2898,0.0000,622.3300,0.0000,707.5244,-1.195669,0.274831,-0.067076,0.001785,-0.008653,0.055517,-1.204548,0.287091,-0.200000,0.000000,0.000000,0.000000,-1.195941,0.275983,-0.080336,1.0000,1.0000,1.0000,1.660,4.810,0.340,5.000,3.000,8.000,1.500,0.060,0.110,808787165,837977829,808785406,6711,1000,1507,1502,1505,1000,1000,1505,1505,1505,1094,2008,1625,1016,1000,1000
-0.0096,0.0027,3.1161,-0.0092,-0.0021,0.5467,0.0073,-0.0021,3.1575,0.0000,0.0011,0.0904,-9.6494,-0.0025,0.0074,-0.0572,-0.0210,0.0931,-9.8136,0.0045,-0.0059,-0.0639,0.5201,0.0561,-9.8231,-0.0052,0.0084,-0.0354,0.2028,0.1977,-10.0958,-0.0003,-0.0003,-0.0181,0.0000,0.0282,-0.0020,0.2937,0.0000,626.3572,0.0000,712.4191,-1.195645,0.274719,-0.066402,0.002052,-0.009724,0.056881,-1.204548,0.287091,-0.200000,0.000000,0.000000,0.000000,-1.195941,0.275983,-0.080336,1.0000,1.0000,1.0000,1.660,4.810,0.340,5.000,3.000,8.000,1.500,0.060,0.110,808797665,837977829,808797406,6711,1000,1507,1502,1505,1000,1000,1505,1505,1505,1094,2008,1625,1016,1000,1000
-0.0104,0.0029,3.1158,-0.0093,-0.0021,0.5464,0.0073,-0.0021,3.1575,0.0000,0.0411,0.1951,-9.6494,-0.0041,0.0057,0.0032,0.0315,0.1849,-9.7809,0.0044,0.0025,-0.0026,0.4818,0.2332,-9.9715,-0.0036,0.0081,0.0258,0.2746,0.2426,-10.0168,-0.0085,0.0096,0.0173,0.0000,0.0291,-0.0027,0.2892,0.0000,620.7584,0.0000,707.5831,-1.195627,0.274632,-0.065885,0.001852,-0.009412,0.057981,-1.204548,0.287091,-0.200000,0.000000,0.000000,0.000000,-1.195941,0.275983,-0.080336,1.0000,1.0000,1.0000,1.660,4.810,0.340,5.000,3.000,8.000,1.500,0.060,0.110,808808165,837977829,808806421,6711,1000,1507,1502,1505,1000,1000,1505,1505,1505,1094,2008,1625,1016,1000,1000
-0.0111,0.0034,3.1161,-0.0093,-0.0021,0.5466,0.0073,-0.0021,3.1575,0.0000,0.0502,0.1423,-9.7468,-0.0049,0.0020,0.0375,0.0225,0.1748,-9.8523,0.0028,0.0024,0.0355,0.2711,0.1063,-9.7896,0.0087,0.0033,0.0336,0.3249,0.0613,-9.7833,0.0085,0.0075,0.0237,0.0000,0.0292,-0.0009,0.2840,0.0000,615.7155,0.0000,700.6539,-1.195605,0.274524,-0.065184,0.001835,-0.008714,0.058812,-1.204548,0.287091,-0.200000,0.000000,0.000000,0.000000,-1.195941,0.275983,-0.080336,1.0000,1.0000,1.0000,1.660,4.810,0.340,5.000,3.000,8.000,1.500,0.060,0.110,808818665,837977829,808818406,6711,1000,1507,1502,1505,1000,1000,1505,1505,1505,1094,2008,1625,1016,1000,1000
-0.0114,0.0032,3.1164,-0.0094,-0.0021,0.5469,0.0073,-0.0021,3.1575,0.0000,0.0144,0.1122,-9.6489,-0.0032,0.0066,0.0277,0.0522,0.0695,-9.7894,0.0017,0.0043,0.0280,0.3717,0.1087,-9.6316,0.0039,-0.0126,0.0176,-0.3827,-0.2476,-9.6900,0.0176,-0.0144,0.0080,0.0000,0.0287,-0.0022,0.2836,0.0000,614.9080,0.0000,700.6324,-1.195589,0.274445,-0.064651,0.001683,-0.008872,0.059747,-1.204548,0.287091,-0.200000,0.000000,0.000000,0.000000,-1.195941,0.275983,-0.080336,1.0000,1.0000,1.0000,1.660,4.810,0.340,5.000,3.000,8.000,1.500,0.060,0.110,808829165,837977829,808827406,6711,1000,1507,1502,1505,1000,1000,1505,1505,1505,1094,2008,1625,1016,1000,1000
-0.0120,0.0033,3.1167,-0.0094,-0.0022,0.5471,0.0073,-0.0021,3.1575,0.0000,0.0397,0.1391,-9.7719,-0.0046,-0.0152,0.0273,0.0536,0.1735,-9.8463,0.0017,0.0005,0.0241,-0.2820,0.0082,-8.6859,0.0031,-0.0470,0.0131,0.9336,-0.7773,-10.6291,-0.0067,-0.0067,0.0288,0.0000,0.0294,0.0054,0.2844,0.0000,618.7952,0.0000,698.8998,-1.195570,0.274340,-0.063925,0.001464,-0.008529,0.060988,-1.204548,0.287091,-0.200000,0.000000,0.000000,0.000000,-1.195941,0.275983,-0.080336,1.0000,1.0000,1.0000,1.660,4.810,0.340,5.000,3.000,8.000,1.500,0.060,0.110,808839665,837977829,808839406,6711,1000,1507,1502,1505,1000,1000,1505,1505,1505,1094,2008,1625,1016,1000,1000
-0.0114,0.0036,3.1168,-0.0095,-0.0023,0.5471,0.0073,-0.0021,3.1575,0.0000,0.0527,-0.1628,-9.6303,-0.0035,-0.0501,-0.0187,0.0504,-0.1679,-9.7435,-0.0011,0.0007,-0.0207,0.4602,0.1949,-9.4592,-0.0001,0.1614,-0.0552,-0.0109,0.0774,-10.8320,0.0024,-0.0088,-0.0458,0.0000,0.0292,0.0174,0.2886,0.0000,628.5819,0.0000,699.3785,-1.195551,0.274259,-0.063377,0.002813,-0.009665,0.061004,-1.204548,0.287091,-0.200000,0.000000,0.000000,0.000000,-1.195941,0.275983,-0.080336,1.0000,1.0000,1.0000,1.660,4.810,0.340,5.000,3.000,8.000,1.500,0.060,0.110,808850165,837977829,808848406,6711,1000,1507,1502,1505,1000,1000,1505,1505,1505,1094,2008,1625,1016,1000,1000
-0.0106,0.0034,3.1163,-0.0095,-0.0022,0.5465,0.0073,-0.0021,3.1575,0.0000,0.0005,0.0874,-9.6626,-0.0018,0.0303,-0.0510,-0.0320,0.0895,-9.8675,0.0095,0.0009,-0.0526,0.1083,0.2141,-9.9835,-0.0065,0.0305,-0.0304,-0.1277,-0.3194,-9.8875,-0.0272,0.0125,-0.0290,0.0000,0.0284,-0.0097,0.2925,0.0000,621.7188,0.0000,713.9046,-1.195512,0.274128,-0.062630,0.003440,-0.011787,0.063193,-1.204548,0.287091,-0.200000,0.000000,0.000000,0.000000,-1.195941,0.275983,-0.080336,1.0000,1.0000,1.0000,1.660,4.810,0.340,5.000,3.000,8.000,1.500,0.060,0.110,808860665,837977829,808860406,6711,1000,1507,1502,1505,1000,1000,1505,1505,1505,1094,2008,1625,1016,1000,1000
-0.0105,0.0041,3.1161,-0.0095,-0.0021,0.5462,0.0073,-0.0021,3.1575,0.0000,0.1248,0.1659,-9.6854,-0.0028,0.0051,0.0142,0.0120,0.2468,-9.8562,-0.0007,-0.0017,0.0096,-0.4208,0.5229,-9.5095,-0.0132,-0.0047,0.0560,-0.3988,0.8927,-9.6325,-0.0125,0.0186,0.0597,0.0000,0.0291,-0.0035,0.2870,0.0000,618.0390,0.0000,705.2823,-1.195478,0.274021,-0.062057,0.003965,-0.011698,0.064269,-1.204548,0.287091,-0.200000,0.000000,0.000000,0.000000,-1.195941,0.275983,-0.080336,1.0000,1.0000,1.0000,1.660,4.810,0.340,5.000,3.000,8.000,1.500,0.060,0.110,808871165,837977829,808869406,6711,1000,1507,1502,1505,1000,1000,1505,1505,1505,1094,2008,1625,1016,1000,1000
-0.0113,0.0043,3.1166,-0.0096,-0.0020,0.5468,0.0073,-0.0021,3.1575,0.0000,0.0608,0.0906,-9.6769,-0.0060,0.0105,0.0613,0.0576,-0.0150,-9.7875,0.0026,0.0012,0.0639,0.0389,-0.1882,-9.7800,-0.0108,0.0025,0.0226,0.1830,0.0667,-10.3238,0.0035,0.0083,0.0293,0.0000,0.0298,-0.0031,0.2806,0.0000,610.7708,0.0000,697.5956,-1.195437,0.273890,-0.061277,0.003176,-0.010495,0.065739,-1.204548,0.287091,-0.200000,0.000000,0.000000,0.000000,-1.195941,0.275983,-0.080336,1.0000,1.0000,1.0000,1.660,4.810,0.340,5.000,3.000,8.000,1.500,0.060,0.110,808881665,837977829,808881406,6711,1000,1507,1502,1505,1000,1000,1505,1505,1505,1094,2008,1625,1016,1000,1000
-0.0110,0.0039,3.1169,-0.0097,-0.0020,0.5469,0.0073,-0.0021,3.1575,0.0000,-0.0457,0.1321,-9.7071,-0.0012,0.0087,-0.0186,-0.0690,0.0476,-9.8608,0.0078,-0.0010,-0.0137,-0.2053,-0.3222,-9.9332,-0.0068,0.0225,-0.0565,0.2584,-0.0914,-9.9054,-0.0061,0.0093,-0.0357,0.0000,0.0294,-0.0027,0.2872,0.0000,618.3821,0.0000,705.2397,-1.195408,0.273791,-0.060682,0.002962,-0.011355,0.066295,-1.204548,0.287091,-0.200000,0.000000,0.000000,0.000000,-1.195941,0.275983,-0.080336,1.0000,1.0000,1.0000,1.660,4.810,0.340,5.000,3.000,8.000,1.500,0.060,0.110,808892165,837977829,808890406,6711,1000,1507,1502,1505,1000,1000,1505,1505,1505,1094,2008,1625,1016,1000,1000
-0.0104,0.0039,3.1163,-0.0097,-0.0020,0.5461,0.0073,-0.0021,3.1575,0.0000,0.0452,0.1291,-9.6592,-0.0050,0.0058,-0.0714,-0.0079,0.1528,-9.8130,-0.0006,-0.0016,-0.0729,0.0221,0.6474,-9.9332,0.0044,0.0116,-0.0416,0.0627,0.0020,-9.3847,0.0160,0.0205,-0.0461,0.0000,0.0299,-0.0031,0.2942,0.0000,625.8265,0.0000,713.8272,-1.195369,0.273645,-0.059879,0.003575,-0.012784,0.067723,-1.204548,0.287091,-0.200000,0.000000,0.000000,0.000000,-1.195941,0.275983,-0.080336,1.0000,1.0000,1.0000,1.660,4.810,0.340,5.000,3.000,8.000,1.500,0.060,0.110,808902665,837977829,808902406,6711,1000,1507,1502,1505,1000,1000,1505,1505,1505,1094,2008,1625,1016,1000,1000
-0.0107,0.0043,3.1159,-0.0089,-0.0022,0.5457,0.0073,-0.0021,3.1575,0.0000,0.1280,-0.0699,-9.6390,-0.0055,0.0060,-0.0070,0.1204,0.0205,-9.8212,-0.0005,-0.0010,-0.0132,-0.2891,0.0106,-9.4616,-0.0055,-0.0004,0.0250,0.2010,0.6987,-9.6092,-0.0083,-0.0069,0.0128,0.0000,0.0273,-0.0017,0.2902,0.0000,622.8356,0.0000,707.8286,-1.195763,0.275475,-0.071431,0.002263,-0.005958,0.043873,-1.204548,0.287091,-0.200000,0.000000,0.000000,0.000000,-1.195905,0.276113,-0.080374,1.0000,1.0000,1.0000,1.660,4.810,0.340,5.000,3.000,8.000,1.500,0.060,0.110,808912725,838079466,808911467,6712,1000,1507,1502,1505,1000,1000,1505,1505,1505,1094,2008,1625,1016,1000,1000
-0.0111,0.0046,3.1162,-0.0088,-0.0023,0.5460,0.0073,-0.0021,3.1575,0.0000,0.1144,0.2372,-9.7201,-0.0017,0.0047,0.0538,0.0603,0.1051,-9.8151,0.0049,-0.0005,0.0516,0.1729,-0.5425,-8.9540,-0.0036,0.0004,0.0341,-0.5838,-1.0305,-9.5212,0.0178,-0.0021,0.0306,0.0000,0.0281,-0.0015,0.2832,0.0000,614.9354,0.0000,699.6851,-1.195688,0.275697,-0.074473,0.002379,-0.003946,0.038180,-1.204548,0.287091,-0.200000,0.000000,0.000000,0.000000,-1.195627,0.276041,-0.080238,1.0000,1.0000,1.0000,1.660,4.810,0.340,5.000,3.000,8.000,1.500,0.060,0.110,808922771,838211184,808920013,6713,1000,1507,1502,1505,1000,1000,1505,1505,1505,1094,2008,1625,1016,1000,1000
-0.0109,0.0045,3.1166,-0.0088,-0.0023,0.5464,0.0073,-0.0021,3.1575,0.0000,-0.0383,0.2883,-9.6607,-0.0026,0.0049,0.0199,0.0138,0.2855,-9.8217,0.0040,0.0009,0.0224,0.2256,0.0513,-9.4496,-0.0044,0.0060,-0.0061,0.0016,-0.6804,-10.6273,0.0336,-0.0013,-0.0043,0.0000,0.0291,-0.0010,0.2839,0.0000,615.6204,0.0000,700.6077,-1.195684,0.275774,-0.075647,0.002258,-0.004154,0.035875,-1.204548,0.287091,-0.200000,0.000000,0.000000,0.000000,-1.195766,0.276081,-0.080163,1.0000,1.0000,1.0000,1.660,4.810,0.340,5.000,3.000,8.000,1.500,0.060,0.110,808932921,838311585,808932162,6714,1000,1507,1502,1505,1000,1000,1505,1505,1505,1094,2008,1625,1016,1000,1000
-0.0107,0.0043,3.1164,-0.0088,-0.0023,0.5462,0.0073,-0.0021,3.1575,0.0000,-0.0123,0.1132,-9.6568,-0.0048,0.0082,-0.0336,-0.0076,0.1423,-9.8820,0.0016,0.0053,-0.0316,-0.0928,0.6450,-10.1487,-0.0007,0.0172,-0.0256,-0.2174,0.5371,-9.9880,0.0080,0.0176,-0.0394,0.0000,0.0277,-0.0014,0.2890,0.0000,621.5684,0.0000,706.4918,-1.195664,0.275734,-0.075318,0.002392,-0.005263,0.037090,-1.204548,0.287091,-0.200000,0.000000,0.000000,0.000000,-1.195766,0.276081,-0.080163,1.0000,1.0000,1.0000,1.660,4.810,0.340,5.000,3.000,8.000,1.500,0.060,0.110,808943421,838311585,808941162,6714,1000,1507,1502,1505,1000,1000,1505,1505,1505,1094,2008,1625,1016,1000,1000
-0.0109,0.0046,3.1161,-0.0089,-0.0023,0.5457,0.0073,-0.0021,3.1575,0.0000,0.0801,-0.0395,-9.6925,-0.0050,0.0075,-0.0274,0.0694,-0.0107,-9.8048,0.0037,0.0058,-0.0295,-0.2317,0.5134,-8.6763,0.0031,-0.0060,-0.0088,-0.5479,0.4114,-9.1979,0.0154,-0.0109,-0.0136,0.0000,0.0270,-0.0020,0.2903,0.0000,622.9468,0.0000,708.0475,-1.195639,0.275678,-0.074865,0.002451,-0.004689,0.038636,-1.204548,0.287091,-0.200000,0.000000,0.000000,0.000000,-1.195766,0.276081,-0.080163,1.0000,1.0000,1.0000,1.660,4.810,0.340,5.000,3.000,8.000,1.500,0.060,0.110,808953921,838311585,808953162,6714,1000,1507,1502,1505,1000,1000,1505,1505,1505,1094,2008,1625,1016,1000,1000
-0.0111,0.0049,3.1160,-0.0089,-0.0022,0.5456,0.0073,-0.0021,3.1575,0.0000,0.0749,-0.0441,-9.6389,-0.0027,0.0020,0.0059,0.0342,-0.0796,-9.8044,0.0043,-0.0027,0.0018,0.1969,0.6139,-10.4576,-0.0177,0.0217,0.0083,0.3141,0.8837,-10.5699,-0.0077,0.0064,-0.0011,0.0000,0.0279,-0.0004,0.2867,0.0000,619.3657,0.0000,703.4061,-1.195618,0.275640,-0.074511,0.002475,-0.003690,0.039669,-1.204548,0.287091,-0.200000,0.000000,0.000000,0.000000,-1.195766,0.276081,-0.080163,1.0000,1.0000,1.0000,1.660,4.810,0.340,5.000,3.000,8.000,1.500,0.060,0.110,808964421,838311585,808962162,6714,1000,1507,1502,1505,1000,1000,1505,1505,1505,1094,2008,1625,1016,1000,1000
-0.0113,0.0045,3.1162,-0.0090,-0.0022,0.5457,0.0073,-0.0021,3.1575,0.0000,0.0394,0.1024,-9.6908,-0.0036,0.0055,0.0247,0.0624,0.0501,-9.8512,0.0016,-0.0013,0.0239,-0.2317,-0.2672,-8.7840,0.0060,-0.0081,0.0064,-1.0076,-0.5924,-8.6754,0.0221,-0.0210,-0.0024,0.0000,0.0284,-0.0018,0.2848,0.0000,616.4425,0.0000,701.7529,-1.195589,0.275590,-0.074026,0.002055,-0.004063,0.041094,-1.204548,0.287091,-0.200000,0.000000,0.000000,0.000000,-1.195766,0.276081,-0.080163,1.0000,1.0000,1.0000,1.660,4.810,0.340,5.000,3.000,8.000,1.500,0.060,0.110,808974921,838311585,808974162,6714,1000,1507,1502,1505,1000,1000,1505,1505,1505,1094,2008,1625,1016,1000,1000
-0.0112,0.0042,3.1163,-0.0090,-0.0022,0.5458,0.0073,-0.0021,3.1575,0.0000,0.0202,0.2249,-9.6296,-0.0009,0.0036,0.0054,0.0064,0.1409,-9.7171,0.0079,0.0058,0.0050,0.5560,-0.0493,-10.6706,-0.0111,0.0100,-0.0085,0.3410,-0.0842,-11.0978,-0.0029,0.0170,0.0005,0.0000,0.0278,-0.0015,0.2866,0.0000,618.8297,0.0000,703.6724,-1.195570,0.275546,-0.073648,0.001698,-0.005001,0.042700,-1.204548,0.287091,-0.200000,0.000000,0.000000,0.000000,-1.195766,0.276081,-0.080163,1.0000,1.0000,1.0000,1.660,4.810,0.340,5.000,3.000,8.000,1.500,0.060,0.110,808985421,838311585,808983162,6714,1000,1507,1502,1505,1000,1000,1505,1505,1505,1095,2008,1625,1016,1000,1000
-0.0110,0.0042,3.1163,-0.0091,-0.0022,0.5456,0.0073,-0.0021,3.1575,0.0000,0.0507,0.3132,-9.7586,-0.0033,0.0066,-0.0112,0.0372,0.3009,-9.8900,-0.0006,0.0060,-0.0168,-0.2939,0.5038,-9.4161,0.0065,0.0020,-0.0061,-0.3647,-0.7989,-8.7795,0.0154,0.0019,0.0032,0.0000,0.0285,-0.0021,0.2886,0.0000,620.4849,0.0000,706.4307,-1.195548,0.275483,-0.073127,0.001709,-0.005315,0.043920,-1.204548,0.287091,-0.200000,0.000000,0.000000,0.000000,-1.195766,0.276081,-0.080163,1.0000,1.0000,1.0000,1.660,4.810,0.340,5.000,3.000,8.000,1.500,0.060,0.110,808995921,838311585,808995162,6714,1000,1507,1502,1505,1000,1000,1505,1505,1505,1095,2008,1625,1016,1000,1000
-0.0110,0.0043,3.1162,-0.0091,-0.0022,0.5455,0.0073,-0.0021,3.1575,0.0000,0.0189,0.1601,-9.5898,-0.0054,0.0052,-0.0126,0.0017,0.1213,-9.8277,-0.0018,0.0031,-0.0139,0.1466,0.3793,-9.7704,-0.0025,0.0049,0.0013,0.2638,-0.0716,-9.9952,0.0037,0.0194,-0.0213,0.0000,0.0290,-0.0014,0.2888,0.0000,620.8950,0.0000,706.5372,-1.195532,0.275437,-0.072726,0.001955,-0.005470,0.045393,-1.204548,0.287091,-0.200000,0.000000,0.000000,0.000000,-1.195766,0.276081,-0.080163,1.0000,1.0000,1.0000,1.660,4.810,0.340,5.000,3.000,8.000,1.500,0.060,0.110,809006421,838311585,809004162,6714,1000,1507,1502,1505,1000,1000,1505,1505,1505,1095,2008,1625,1016,1000,1000
-0.0111,0.0046,3.1161,-0.0091,-0.0022,0.5453,0.0073,-0.0021,3.1575,0.0000,0.0358,-0.0641,-9.6262,-0.0059,0.0048,-0.0091,-0.0141,-0.0335,-9.8337,0.0022,0.0018,-0.0115,-0.2508,0.9874,-9.3969,-0.0049,0.0023,0.0003,0.4559,0.9484,-10.0850,0.0021,0.0192,-0.0029,0.0000,0.0286,-0.0005,0.2882,0.0000,620.7661,0.0000,705.4186,-1.195509,0.275375,-0.072168,0.002431,-0.005597,0.047526,-1.204548,0.287091,-0.200000,0.000000,0.000000,0.000000,-1.195766,0.276081,-0.080163,1.0000,1.0000,1.0000,1.660,4.810,0.340,5.000,3.000,8.000,1.500,0.060,0.110,809016921,838311585,809016162,6714,1000,1507,1502,1505,1000,1000,1505,1505,1505,1095,2008,1625,1016,1000,1000
-0.0114,0.0048,3.1162,-0.0092,-0.0022,0.5453,0.0073,-0.0021,3.1575,0.0000,0.0326,-0.0144,-9.5870,-0.0057,0.0032,0.0307,-0.0655,-0.0794,-9.7770,0.0028,-0.0026,0.0281,0.6566,1.0856,-10.3977,0.0041,0.0145,0.0472,0.7109,0.8424,-9.6307,0.0051,0.0277,0.0573,0.0000,0.0271,-0.0013,0.2856,0.0000,617.9687,0.0000,702.1187,-1.195490,0.275329,-0.071735,0.002260,-0.004443,0.048725,-1.204548,0.287091,-0.200000,0.000000,0.000000,0.000000,-1.195766,0.276081,-0.080163,1.0000,1.0000,1.0000,1.660,4.810,0.340,5.000,3.000,8.000,1.500,0.060,0.110,809027421,838311585,809025162,6714,1000,1507,1502,1505,1000,1000,1505,1505,1505,1095,2008,1625,1016,1000,1000
-0.0116,0.0045,3.1165,-0.0092,-0.0021,0.5456,0.0073,-0.0021,3.1575,0.0000,0.0506,-0.0117,-9.6514,-0.0016,0.0041,0.0135,0.0194,-0.2024,-9.7323,0.0070,-0.0028,0.0158,-0.6219,-0.5401,-9.2461,-0.0148,0.0132,-0.0277,0.2010,0.3540,-10.0796,0.0035,0.0013,-0.0301,0.0000,0.0293,-0.0036,0.2839,0.0000,614.4716,0.0000,701.6454,-1.195467,0.275274,-0.071139,0.001560,-0.004633,0.050350,-1.204548,0.287091,-0.200000,0.000000,0.000000,0.000000,-1.195766,0.276081,-0.080163,1.0000,1.0000,1.0000,1.660,4.810,0.340,5.000,3.000,8.000,1.500,0.060,0.110,809037921,838311585,809037162,6714,1000,1507,1502,1505,1000,1000,1505,1505,1505,1095,2008,1625,1016,1000,1000
-0.0111,0.0046,3.1163,-0.0093,-0.0021,0.5453,0.0073,-0.0021,3.1575,0.0000,0.1130,0.0813,-9.6875,-0.0003,-0.0014,-0.0407,0.1172,0.1022,-9.8656,0.0048,-0.0026,-0.0421,-0.6722,0.2667,-10.0386,-0.0041,0.0175,-0.0357,1.1635,0.7023,-9.5714,0.0075,0.0045,-0.0522,0.0000,0.0291,-0.0026,0.2900,0.0000,621.6633,0.0000,708.4361,-1.195450,0.275225,-0.070682,0.002028,-0.005753,0.051278,-1.204548,0.287091,-0.200000,0.000000,0.000000,0.000000,-1.195766,0.276081,-0.080163,1.0000,1.0000,1.0000,1.660,4.810,0.340,5.000,3.000,8.000,1.500,0.060,0.110,809048421,838311585,809046162,6714,1000,1507,1502,1505,1000,1000,1505,1505,1505,1095,2008,1625,1016,1000,1000
-0.0111,0.0045,3.1160,-0.0093,-0.0022,0.5449,0.0073,-0.0021,3.1575,0.0000,0.0195,0.3842,-9.6754,-0.0034,0.0015,-0.0067,-0.0374,0.3927,-9.7789,0.0051,0.0008,-0.0120,0.5847,0.2476,-9.6411,-0.0055,0.0068,0.0221,0.4524,-1.4364,-11.1319,0.0362,0.0099,0.0080,0.0000,0.0293,-0.0017,0.2906,0.0000,622.6879,0.0000,708.8811,-1.195424,0.275154,-0.070058,0.001687,-0.005527,0.052716,-1.204548,0.287091,-0.200000,0.000000,0.000000,0.000000,-1.195766,0.276081,-0.080163,1.0000,1.0000,1.0000,1.660,4.810,0.340,5.000,3.000,8.000,1.500,0.060,0.110,809058921,838311585,809058162,6714,1000,1507,1502,1505,1000,1000,1505,1505,1505,1095,2008,1625,1016,1000,1000
-0.0112,0.0050,3.1162,-0.0094,-0.0022,0.5450,0.0073,-0.0021,3.1575,0.0000,0.1192,0.1775,-9.6745,-0.0035,0.0076,0.0405,0.0775,0.1054,-9.8502,0.0028,-0.0018,0.0363,-0.6339,0.9443,-9.7872,-0.0132,0.0268,0.0490,0.6948,1.2105,-8.7885,0.0032,0.0136,0.0373,0.0000,0.0289,-0.0025,0.2833,0.0000,614.3771,0.0000,700.3969,-1.195404,0.275106,-0.069580,0.002688,-0.005255,0.053585,-1.204548,0.287091,-0.200000,0.000000,0.000000,0.000000,-1.195766,0.276081,-0.080163,1.0000,1.0000,1.0000,1.660,4.810,0.340,5.000,3.000,8.000,1.500,0.060,0.110,809069421,838311585,809067162,6714,1000,1507,1502,1505,1000,1000,1505,1505,1505,1095,2008,1625,1016,1000,1000
-0.0111,0.0051,3.1164,-0.0094,-0.0022,0.5452,0.0073,-0.0021,3.1575,0.0000,-0.1156,-0.0132,-9.6674,-0.0052,0.0025,-0.0202,-0.0397,-0.1124,-9.8246,-0.0023,-0.0096,-0.0152,0.6087,0.7863,-9.5621,-0.0047,0.0236,-0.0288,-0.6897,-0.6570,-9.8767,0.0138,0.0272,-0.0352,0.0000,0.0296,-0.0007,0.2890,0.0000,621.2773,0.0000,706.7916,-1.195368,0.275042,-0.068928,0.003145,-0.006403,0.055269,-1.204548,0.287091,-0.200000,0.000000,0.000000,0.000000,-1.195766,0.276081,-0.080163,1.0000,1.0000,1.0000,1.660,4.810,0.340,5.000,3.000,8.000,1.500,0.060,0.110,809079921,838311585,809079162,6714,1000,1507,1502,1505,1000,1000,1505,1505,1505,1095,2008,1625,1016,1000,1000
-0.0107,0.0051,3.1160,-0.0094,-0.0022,0.5448,0.0073,-0.0021,3.1575,0.0000,0.1039,-0.0714,-9.6367,-0.0046,0.0028,-0.0290,-0.0037,-0.0128,-9.7941,0.0052,0.0012,-0.0369,-1.4144,0.8270,-9.2174,-0.0060,0.0052,0.0003,-0.2031,0.1924,-9.6612,0.0035,0.0035,-0.0229,0.0000,0.0286,-0.0003,0.2907,0.0000,623.6127,0.0000,708.3165,-1.195340,0.274983,-0.068426,0.003414,-0.006858,0.056172,-1.204548,0.287091,-0.200000,0.000000,0.000000,0.000000,-1.195766,0.276081,-0.080163,1.0000,1.0000,1.0000,1.660,4.810,0.340,5.000,3.000,8.000,1.500,0.060,0.110,809090421,838311585,809088162,6714,1000,1507,1502,1505,1000,1000,1505,1505,1505,1095,2008,1625,1016,1000,1000
-0.0111,0.0052,3.1160,-0.0090,-0.0024,0.5448,0.0073,-0.0021,3.1575,0.0000,0.0113,0.0490,-9.5946,-0.0064,0.0027,0.0221,-0.0232,-0.0155,-9.8099,0.0075,-0.0028,0.0189,0.6685,0.6929,-9.4233,0.0068,-0.0180,0.0301,-0.0702,-0.2548,-9.7797,0.0011,0.0240,0.0269,0.0000,0.0292,-0.0003,0.2854,0.0000,617.5523,0.0000,702.2059,-1.195335,0.275688,-0.072570,0.002809,-0.002784,0.045650,-1.204548,0.287091,-0.200000,0.000000,0.000000,0.000000,-1.195357,0.276266,-0.079797,1.0000,1.0000,1.0000,1.660,4.810,0.340,5.000,3.000,8.000,1.500,0.060,0.110,809100468,838412123,809100163,6715,1000,1507,1502,1505,1000,1000,1505,1505,1505,1095,2008,1625,1016,1000,1000
-0.0112,0.0048,3.1164,-0.0089,-0.0024,0.5450,0.0073,-0.0021,3.1575,0.0000,0.1022,0.1786,-9.6819,-0.0024,0.0048,0.0280,0.0574,-0.0405,-9.8305,0.0011,0.0020,0.0285,0.4435,-0.5616,-9.1910,0.0103,0.0020,-0.0053,0.1417,-1.7327,-9.5068,0.0245,-0.0312,-0.0168,0.0000,0.0286,-0.0015,0.2842,0.0000,615.8691,0.0000,700.9823,-1.195431,0.275906,-0.074437,0.001862,-0.001723,0.041441,-1.204548,0.287091,-0.200000,0.000000,0.000000,0.000000,-1.195633,0.276310,-0.080061,1.0000,1.0000,1.0000,1.660,4.810,0.340,5.000,3.000,8.000,1.500,0.060,0.110,809110513,838512863,809109254,6716,1000,1507,1502,1505,1000,1000,1505,1505,1505,1095,2008,1625,1016,1000,1000
-0.0109,0.0045,3.1163,-0.0089,-0.0024,0.5450,0.0073,-0.0021,3.1575,0.0000,-0.0068,0.1044,-9.6408,-0.0030,0.0070,-0.0211,-0.0374,0.0828,-9.8747,0.0057,-0.0027,-0.0226,0.1514,0.1949,-10.7113,0.0036,0.0113,-0.0474,2.7311,-0.4146,-10.8787,-0.0027,-0.0064,-0.0370,0.0000,0.0277,-0.0013,0.2891,0.0000,621.6543,0.0000,706.5112,-1.195409,0.275883,-0.074057,0.002560,-0.003057,0.042807,-1.204548,0.287091,-0.200000,0.000000,0.000000,0.000000,-1.195633,0.276310,-0.080061,1.0000,1.0000,1.0000,1.660,4.810,0.340,5.000,3.000,8.000,1.500,0.060,0.110,809121013,838512863,809118254,6716,1000,1507,1502,1505,1000,1000,1505,1505,1505,1095,2008,1625,1016,1000,1000
-0.0105,0.0045,3.1160,-0.0090,-0.0024,0.5445,0.0073,-0.0021,3.1575,0.0000,0.0017,0.3312,-9.6293,-0.0046,0.0114,-0.0225,0.0041,0.3674,-9.8252,-0.0001,0.0035,-0.0273,0.2256,-0.2001,-9.0522,0.0231,-0.0177,0.0125,-1.1369,0.5228,-9.2680,0.0399,-0.0117,0.0037,0.0000,0.0290,-0.0027,0.2905,0.0000,622.2612,0.0000,709.1666,-1.195374,0.275840,-0.073531,0.002972,-0.003910,0.044696,-1.204548,0.287091,-0.200000,0.000000,0.000000,0.000000,-1.195633,0.276310,-0.080061,1.0000,1.0000,1.0000,1.660,4.810,0.340,5.000,3.000,8.000,1.500,0.060,0.110,809131042,838512863,809130283,6716,1000,1507,1502,1505,1000,1000,1505,1505,1505,1095,2008,1625,1016,1000,1000
-0.0106,0.0046,3.1161,-0.0090,-0.0024,0.5445,0.0073,-0.0021,3.1575,0.0000,-0.0675,0.1616,-9.6561,-0.0055,0.0019,0.0300,-0.0291,0.1539,-9.8563,-0.0013,-0.0017,0.0286,1.6717,-0.1570,-10.3139,-0.0049,0.0303,0.0453,1.0162,1.3919,-10.1209,0.0093,0.0154,0.0466,0.0000,0.0293,-0.0003,0.2853,0.0000,617.4329,0.0000,702.0532,-1.195349,0.275808,-0.073122,0.002912,-0.003571,0.046204,-1.204548,0.287091,-0.200000,0.000000,0.000000,0.000000,-1.195633,0.276310,-0.080061,1.0000,1.0000,1.0000,1.660,4.810,0.340,5.000,3.000,8.000,1.500,0.060,0.110,809141542,838512863,809139283,6716,1000,1507,1502,1505,1000,1000,1505,1505,1505,1095,2008,1625,1016,1000,1000
-0.0108,0.0047,3.1164,-0.0091,-0.0023,0.5448,0.0073,-0.0021,3.1575,0.0000,-0.0795,-0.1411,-9.6458,-0.0055,0.0114,0.0143,-0.1257,-0.2458,-9.7586,0.0030,-0.0005,0.0146,1.3078,0.5708,-10.0170,0.0060,-0.0100,-0.0133,-0.8962,-0.6014,-9.4422,0.0083,0.0072,-0.0242,0.0000,0.0279,-0.0014,0.2845,0.0000,616.4884,0.0000,701.1746,-1.195318,0.275769,-0.072561,0.002762,-0.003842,0.047340,-1.204548,0.287091,-0.200000,0.000000,0.000000,0.000000,-1.195633,0.276310,-0.080061,1.0000,1.0000,1.0000,1.660,4.810,0.340,5.000,3.000,8.000,1.500,0.060,0.110,809152042,838512863,809151283,6716,1000,1507,1502,1505,1000,1000,1505,1505,1505,1095,2008,1625,1016,1000,1000
-0.0104,0.0042,3.1163,-0.0091,-0.0023,0.5447,0.0063,-0.0042,3.1575,0.0000,-0.0108,-0.0746,-9.6214,-0.0011,0.0022,-0.0313,0.0270,-0.2425,-9.8273,0.0040,-0.0051,-0.0290,0.8361,-0.4635,-10.2708,-0.0161,0.0055,-0.0357,0.4470,1.1028,-9.5696,0.0077,0.0067,-0.0280,0.0000,0.0261,-0.0050,0.2893,0.0000,620.9056,0.0000,707.7216,-1.195297,0.275729,-0.072128,0.002234,-0.004907,0.048949,-1.204548,0.287091,-0.200000,0.000000,0.000000,0.000000,-1.195633,0.276310,-0.080061,1.0000,1.0000,1.0000,1.660,4.810,0.340,5.000,3.000,8.000,1.500,0.060,0.110,809162542,838512863,809160284,6716,1000,1506,1504,1505,1000,1000,1505,1505,1505,1095,2008,1625,1016,1000,1000
-0.0106,0.0042,3.1161,-0.0091,-0.0023,0.5443,0.0063,-0.0042,3.1575,0.0000,0.1047,0.1246,-9.6955,-0.0025,0.0083,-0.0054,0.0485,-0.0439,-9.7689,0.0035,-0.0003,-0.0092,-0.7081,0.6378,-9.0570,-0.0089,-0.0092,0.0024,-0.3611,0.1744,-10.0635,0.0069,-0.0277,-0.0035,0.0000,0.0262,-0.0068,0.2895,0.0000,620.2878,0.0000,708.6146,-1.195272,0.275667,-0.071532,0.001688,-0.004654,0.050164,-1.204548,0.287091,-0.200000,0.000000,0.000000,0.000000,-1.195633,0.276310,-0.080061,1.0000,1.0000,1.0000,1.660,4.810,0.340,5.000,3.000,8.000,1.500,0.060,0.110,809173042,838512863,809172283,6716,1000,1506,1504,1505,1000,1000,1505,1505,1505,1095,2008,1625,1017,1000,1000
-0.0108,0.0045,3.1162,-0.0092,-0.0022,0.5444,0.0063,-0.0042,3.1575,0.0000,0.0857,0.2331,-9.6649,-0.0011,0.0034,0.0247,0.0762,0.2037,-9.8146,0.0025,0.0003,0.0247,0.9511,-0.2312,-9.7752,-0.0055,0.0063,0.0051,-0.6341,-1.6967,-9.9144,0.0115,0.0064,0.0107,0.0000,0.0274,-0.0057,0.2857,0.0000,616.1398,0.0000,704.0502,-1.195255,0.275624,-0.071076,0.001758,-0.004411,0.051160,-1.204548,0.287091,-0.200000,0.000000,0.000000,0.000000,-1.195633,0.276310,-0.080061,1.0000,1.0000,1.0000,1.660,4.810,0.340,5.000,3.000,8.000,1.500,0.060,0.110,809183542,838512863,809181283,6716,1000,1506,1504,1505,1000,1000,1505,1505,1505,1095,2008,1625,1017,1000,1000
-0.0106,0.0044,3.1163,-0.0092,-0.0022,0.5444,0.0063,-0.0042,3.1575,0.0000,0.0458,0.1903,-9.7322,-0.0023,0.0058,-0.0015,0.0495,0.2058,-9.8587,0.0024,0.0064,-0.0052,-0.0138,0.2069,-9.1886,-0.0049,-0.0039,-0.0133,-0.2677,-0.1219,-9.2554,0.0138,-0.0024,-0.0181,0.0000,0.0276,-0.0047,0.2868,0.0000,617.7055,0.0000,705.0184,-1.195230,0.275565,-0.070452,0.001977,-0.005204,0.052630,-1.204548,0.287091,-0.200000,0.000000,0.000000,0.000000,-1.195633,0.276310,-0.080061,1.0000,1.0000,1.0000,1.660,4.810,0.340,5.000,3.000,8.000,1.500,0.060,0.110,809194042,838512863,809193283,6716,1000,1506,1504,1505,1000,1000,1505,1505,1505,1095,2008,1625,1017,1000,1000
-0.0103,0.0046,3.1162,-0.0093,-0.0022,0.5442,0.0063,-0.0042,3.1575,0.0000,0.0355,0.2001,-9.6884,-0.0041,0.0096,-0.0170,0.0456,0.2295,-9.7811,0.0022,0.0010,-0.0190,0.7835,0.2548,-9.4951,0.0079,0.0103,0.0064,0.1830,0.2013,-9.6145,0.0027,-0.0008,0.0184,0.0000,0.0272,-0.0065,0.2892,0.0000,619.7009,0.0000,708.4256,-1.195208,0.275515,-0.069974,0.002788,-0.006361,0.053845,-1.204548,0.287091,-0.200000,0.000000,0.000000,0.000000,-1.195633,0.276310,-0.080061,1.0000,1.0000,1.0000,1.660,4.810,0.340,5.000,3.000,8.000,1.500,0.060,0.110,809204542,838512863,809202283,6716,1000,1506,1504,1505,1000,1000,1505,1505,1505,1095,2008,1625,1017,1000,1000
-0.0105,0.0050,3.1162,-0.0093,-0.0020,0.5442,0.0063,-0.0042,3.1575,0.0000,-0.0301,0.1451,-9.6097,-0.0037,0.0083,0.0284,-0.0357,0.0071,-9.8145,0.0036,0.0026,0.0253,0.6422,1.0209,-10.4791,-0.0015,0.0755,0.0381,-0.4132,-0.6283,-10.0509,0.0077,-0.0035,0.0360,0.0000,0.0271,-0.0081,0.2848,0.0000,614.2054,0.0000,703.8146,-1.195175,0.275447,-0.069317,0.002812,-0.005560,0.055599,-1.204548,0.287091,-0.200000,0.000000,0.000000,0.000000,-1.195633,0.276310,-0.080061,1.0000,1.0000,1.0000,1.660,4.810,0.340,5.000,3.000,8.000,1.500,0.060,0.110,809215042,838512863,809214298,6716,1000,1506,1504,1505,1000,1000,1505,1505,1505,1095,2008,1625,1017,1000,1000
-0.0108,0.0050,3.1166,-0.0093,-0.0021,0.5445,0.0063,-0.0042,3.1575,0.0000,0.0026,-0.0755,-9.6169,-0.0035,0.0075,0.0259,-0.0384,-0.1243,-9.7526,0.0011,-0.0018,0.0247,0.1490,0.6618,-9.7082,-0.0033,-0.1048,0.0077,1.0054,1.5733,-9.4350,-0.0072,0.0099,0.0173,0.0000,0.0270,-0.0059,0.2843,0.0000,614.6705,0.0000,702.3409,-1.195154,0.275403,-0.068813,0.002321,-0.004676,0.056796,-1.204548,0.287091,-0.200000,0.000000,0.000000,0.000000,-1.195633,0.276310,-0.080061,1.0000,1.0000,1.0000,1.660,4.810,0.340,5.000,3.000,8.000,1.500,0.060,0.110,809225542,838512863,809223283,6716,1000,1506,1504,1505,1000,1000,1505,1505,1505,1095,2008,1625,1017,1000,1000
-0.0106,0.0049,3.1167,-0.0094,-0.0019,0.5444,0.0063,-0.0042,3.1575,0.0000,0.0199,-0.1145,-9.6492,-0.0027,0.0202,-0.0151,0.0389,-0.1943,-9.7863,-0.0129,0.0023,-0.0134,0.5321,0.2284,-9.5980,-0.0145,0.1078,-0.0306,0.1130,-0.1865,-10.0581,-0.0075,0.0021,-0.0405,0.0000,0.0267,-0.0125,0.2881,0.0000,616.1636,0.0000,709.2584,-1.195126,0.275340,-0.068120,0.002530,-0.005808,0.058536,-1.204548,0.287091,-0.200000,0.000000,0.000000,0.000000,-1.195633,0.276310,-0.080061,1.0000,1.0000,1.0000,1.660,4.810,0.340,5.000,3.000,8.000,1.500,0.060,0.110,809236042,838512863,809235283,6716,1000,1506,1504,1505,1000,1000,1505,1505,1505,1095,2008,1625,1017,1000,1000
-0.0107,0.0047,3.1164,-0.0094,-0.0019,0.5442,0.0063,-0.0042,3.1575,0.0000,0.1300,0.1182,-9.6115,-0.0002,-0.0151,-0.0198,0.1325,0.0584,-9.8234,0.0054,0.0076,-0.0199,-0.0282,-0.4324,-9.5621,-0.0084,0.0420,-0.0109,0.0268,0.8729,-10.1317,-0.0040,-0.0197,-0.0160,0.0000,0.0259,-0.0010,0.2898,0.0000,623.1824,0.0000,706.8330,-1.195104,0.275283,-0.067587,0.001966,-0.006187,0.059988,-1.204548,0.287091,-0.200000,0.000000,0.000000,0.000000,-1.195633,0.276310,-0.080061,1.0000,1.0000,1.0000,1.660,4.810,0.340,5.000,3.000,8.000,1.500,0.060,0.110,809246542,838512863,809244283,6716,1000,1506,1504,1505,1000,1000,1505,1505,1505,1095,2008,1625,1017,1000,1000
-0.0108,0.0047,3.1164,-0.0094,-0.0021,0.5441,0.0063,-0.0042,3.1575,0.0000,0.0464,0.2801,-9.7091,-0.0017,-0.0068,0.0230,-0.0088,0.3604,-9.8601,0.0009,-0.0043,0.0184,0.5369,0.0369,-10.0386,-0.0007,0.0361,0.0139,-0.3503,0.0433,-10.0311,0.0088,0.0101,0.0304,0.0000,0.0274,0.0011,0.2860,0.0000,619.3609,0.0000,701.8497,-1.195076,0.275206,-0.066854,0.002158,-0.006067,0.061813,-1.204548,0.287091,-0.200000,0.000000,0.000000,0.000000,-1.195633,0.276310,-0.080061,1.0000,1.0000,1.0000,1.660,4.810,0.340,5.000,3.000,8.000,1.500,0.060,0.110,809257042,838512863,809256283,6716,1000,1506,1504,1505,1000,1000,1505,1505,1505,1095,2008,1625,1016,1000,1000
-0.0108,0.0043,3.1166,-0.0095,-0.0021,0.5442,0.0063,-0.0042,3.1575,0.0000,0.0070,0.1801,-9.5695,-0.0033,0.0189,0.0043,0.0503,0.1640,-9.7186,-0.0028,0.0073,0.0029,-0.4352,-0.4180,-9.2461,0.0049,-0.0039,-0.0048,0.2207,-0.5852,-10.3203,0.0120,-0.0005,0.0011,0.0000,0.0276,-0.0053,0.2868,0.0000,617.4572,0.0000,705.2545,-1.195058,0.275148,-0.066293,0.001865,-0.006893,0.062979,-1.204548,0.287091,-0.200000,0.000000,0.000000,0.000000,-1.195633,0.276310,-0.080061,1.0000,1.0000,1.0000,1.660,4.810,0.340,5.000,3.000,8.000,1.500,0.060,0.110,809267542,838512863,809265299,6716,1000,1506,1504,1505,1000,1000,1505,1505,1505,1095,2008,1625,1016,1000,1000
-0.0105,0.0043,3.1164,-0.0095,-0.0021,0.5439,0.0063,-0.0042,3.1575,0.0000,-0.0604,0.1700,-9.7381,-0.0022,0.0037,-0.0331,-0.0792,0.1712,-9.8689,0.0051,-0.0034,-0.0334,0.0772,0.6642,-9.7513,0.0079,0.0545,-0.0163,0.2710,0.2211,-9.9988,0.0077,-0.0104,-0.0130,0.0000,0.0272,-0.0032,0.2897,0.0000,621.7718,0.0000,707.8521,-1.195033,0.275061,-0.065526,0.002082,-0.007912,0.064634,-1.204548,0.287091,-0.200000,0.000000,0.000000,0.000000,-1.195633,0.276310,-0.080061,1.0000,1.0000,1.0000,1.660,4.810,0.340,5.000,3.000,8.000,1.500,0.060,0.110,809278042,838512863,809277283,6716,1000,1506,1504,1505,1000,1000,1505,1505,1505,1096,2008,1625,1017,1000,1000
-0.0105,0.0044,3.1162,-0.0095,-0.0021,0.5436,0.0063,-0.0042,3.1575,0.0000,-0.0582,0.1123,-9.5951,-0.0060,0.0082,-0.0066,-0.1574,0.1251,-9.7506,0.0008,-0.0004,-0.0128,-0.0066,0.3984,-9.7896,0.0007,0.0087,0.0128,0.8402,0.6898,-10.5034,-0.0013,-0.0160,0.0107,0.0000,0.0267,-0.0050,0.2893,0.0000,620.7126,0.0000,707.8869,-1.195015,0.274992,-0.064941,0.002348,-0.008083,0.065470,-1.204548,0.287091,-0.200000,0.000000,0.000000,0.000000,-1.195633,0.276310,-0.080061,1.0000,1.0000,1.0000,1.660,4.810,0.340,5.000,3.000,8.000,1.500,0.060,0.110,809288542,838512863,809286283,6716,1000,1506,1504,1505,1000,1000,1505,1505,1505,1096,2008,1625,1017,1000,1000
-0.0108,0.0046,3.1163,-0.0096,-0.0021,0.5437,0.0063,-0.0042,3.1575,0.0000,0.0672,-0.2080,-9.6272,-0.0041,-0.0045,0.0169,0.0746,-0.1420,-9.8147,0.0017,-0.0089,0.0173,-0.8901,1.1502,-9.5861,-0.0140,0.0295,0.0077,-0.9339,0.5102,-9.7061,-0.0032,0.0165,0.0027,0.0000,0.0267,-0.0035,0.2857,0.0000,617.3414,0.0000,703.0496,-1.194992,0.274903,-0.064142,0.002475,-0.007492,0.067766,-1.204548,0.287091,-0.200000,0.000000,0.000000,0.000000,-1.195633,0.276310,-0.080061,1.0000,1.0000,1.0000,1.660,4.810,0.340,5.000,3.000,8.000,1.500,0.060,0.110,809299042,838512863,809298283,6716,1000,1506,1504,1505,1000,1000,1505,1505,1505,1096,2008,1625,1017,1000,1000
-0.0109,0.0044,3.1164,-0.0096,-0.0021,0.5437,0.0063,-0.0042,3.1575,0.0000,0.0737,-0.1284,-9.6383,-0.0009,0.0011,-0.0075,0.1104,-0.1923,-9.7336,0.0046,-0.0076,-0.0070,0.1274,-0.2576,-9.5502,-0.0073,0.0209,-0.0189,0.0537,0.1403,-9.8426,-0.0160,0.0154,-0.0117,0.0000,0.0267,-0.0039,0.2883,0.0000,620.0040,0.0000,706.2313,-1.194974,0.274834,-0.063528,0.001808,-0.007569,0.068608,-1.204548,0.287091,-0.200000,0.000000,0.000000,0.000000,-1.195633,0.276310,-0.080061,1.0000,1.0000,1.0000,1.660,4.810,0.340,5.000,3.000,8.000,1.500,0.060,0.110,809309542,838512863,809307283,6716,1000,1506,1504,1505,1000,1000,1505,1505,1505,1096,2008,1625,1017,1000,1000
-0.0109,0.0043,3.1162,-0.0097,-0.0021,0.5434,0.0063,-0.0042,3.1575,0.0000,0.2056,0.2899,-9.7013,0.0007,0.0001,-0.0141,0.1711,0.1293,-9.8268,0.0098,-0.0034,-0.0157,0.1274,-0.9902,-9.5980,-0.0113,-0.0302,-0.0115,-0.4347,-1.0198,-10.2125,0.0056,-0.0256,-0.0205,0.0000,0.0264,-0.0043,0.2890,0.0000,620.7622,0.0000,707.2326,-1.194949,0.274730,-0.062693,0.001776,-0.008106,0.070360,-1.204548,0.287091,-0.200000,0.000000,0.000000,0.000000,-1.195633,0.276310,-0.080061,1.0000,1.0000,1.0000,1.660,4.810,0.340,5.000,3.000,8.000,1.500,0.060,0.110,809320042,838512863,809319283,6716,1000,1506,1504,1505,1000,1000,1505,1505,1505,1096,2008,1625,1017,1000,1000
-0.0109,0.0043,3.1162,-0.0097,-0.0021,0.5433,0.0063,-0.0042,3.1575,0.0000,0.0079,0.3653,-9.6585,-0.0020,0.0099,0.0111,0.0050,0.2686,-9.8988,0.0013,-0.0027,0.0064,1.1594,0.3889,-10.2541,0.0044,0.0111,0.0125,-0.0917,-0.6840,-9.4673,0.0080,-0.0040,-0.0005,0.0000,0.0274,-0.0072,0.2866,0.0000,616.5517,0.0000,705.7072,-1.194929,0.274653,-0.062055,0.001837,-0.008730,0.071329,-1.204548,0.287091,-0.200000,0.000000,0.000000,0.000000,-1.195633,0.276310,-0.080061,1.0000,1.0000,1.0000,1.660,4.810,0.340,5.000,3.000,8.000,1.500,0.060,0.110,809330542,838512863,809328283,6716,1000,1506,1504,1505,1000,1000,1505,1505,1505,1096,2008,1625,1017,1000,1000
-0.0108,0.0043,3.1163,-0.0097,-0.0020,0.5434,0.0063,-0.0042,3.1575,0.0000,-0.1300,0.3269,-9.6904,-0.0038,0.0090,0.0039,-0.0645,0.3782,-9.8429,0.0032,0.0118,0.0034,0.3262,-0.1331,-9.3778,0.0012,-0.0206,-0.0043,0.5008,-1.2568,-9.6523,0.0229,-0.0115,0.0138,0.0000,0.0285,-0.0063,0.2870,0.0000,616.9780,0.0000,706.1069,-1.194907,0.274549,-0.061187,0.001206,-0.009029,0.073339,-1.204548,0.287091,-0.200000,0.000000,0.000000,0.000000,-1.195633,0.276310,-0.080061,1.0000,1.0000,1.0000,1.660,4.810,0.340,5.000,3.000,8.000,1.500,0.060,0.110,809341042,838512863,809340283,6716,1000,1506,1504,1505,1000,1000,1505,1505,1505,1096,2008,1625,1017,1000,1000
-0.0107,0.0043,3.1162,-0.0098,-0.0021,0.5433,0.0063,-0.0042,3.1575,0.0000,-0.1350,0.0475,-9.7143,-0.0052,0.0071,-0.0134,-0.0973,0.2006,-9.8760,-0.0000,-0.0007,-0.0120,0.3884,1.1119,-9.6699,0.0015,0.0060,-0.0069,0.3841,0.9412,-9.9001,0.0011,0.0040,-0.0248,0.0000,0.0281,-0.0039,0.2888,0.0000,620.1243,0.0000,707.2312,-1.194896,0.274469,-0.060524,0.001679,-0.009584,0.074006,-1.204548,0.287091,-0.200000,0.000000,0.000000,0.000000,-1.195633,0.276310,-0.080061,1.0000,1.0000,1.0000,1.660,4.810,0.340,5.000,3.000,8.000,1.500,0.060,0.110,809351542,838512863,809349283,6716,1000,1506,1504,1505,1000,1000,1505,1505,1505,1095,2008,1625,1016,1000,1000
-0.0108,0.0044,3.1161,-0.0098,-0.0021,0.5431,0.0063,-0.0042,3.1575,0.0000,-0.0116,-0.0451,-9.5796,-0.0060,0.0030,-0.0023,-0.0476,-0.0279,-9.8036,0.0008,-0.0089,-0.0023,0.3812,0.9036,-9.9859,-0.0073,0.0199,0.0123,0.3087,1.3560,-9.8731,0.0061,0.0293,-0.0035,0.0000,0.0280,-0.0026,0.2882,0.0000,620.0839,0.0000,706.0273,-1.194880,0.274357,-0.059627,0.001795,-0.009652,0.075837,-1.204548,0.287091,-0.200000,0.000000,0.000000,0.000000,-1.195633,0.276310,-0.080061,1.0000,1.0000,1.0000,1.660,4.810,0.340,5.000,3.000,8.000,1.500,0.060,0.110,809362042,838512863,809361283,6716,1000,1506,1504,1505,1000,1000,1505,1505,1505,1095,2008,1625,1016,1000,1000
-0.0111,0.0046,3.1162,-0.0099,-0.0020,0.5431,0.0063,-0.0042,3.1575,0.0000,0.1209,-0.1459,-9.6843,-0.0028,0.0004,0.0103,0.0423,-0.1802,-9.7797,0.0016,-0.0134,0.0095,-0.5597,0.4104,-9.6124,-0.0084,0.0103,0.0027,-0.6466,-0.0932,-8.8137,-0.0032,0.0061,-0.0040,0.0000,0.0272,-0.0052,0.2864,0.0000,617.2374,0.0000,704.7034,-1.194868,0.274275,-0.058938,0.001590,-0.008666,0.077111,-1.204548,0.287091,-0.200000,0.000000,0.000000,0.000000,-1.195633,0.276310,-0.080061,1.0000,1.0000,1.0000,1.660,4.810,0.340,5.000,3.000,8.000,1.500,0.060,0.110,809372542,838512863,809370284,6716,1000,1506,1504,1505,1000,1000,1505,1505,1505,1095,2008,1625,1017,1000,1000
-0.0111,0.0045,3.1163,-0.0090,-0.0022,0.5428,0.0063,-0.0042,3.1575,0.0000,0.1296,-0.0185,-9.6383,-0.0011,-0.0032,-0.0017,0.1958,-0.0329,-9.8026,0.0021,-0.0052,-0.0021,-0.6698,-0.1283,-8.9301,-0.0052,0.0055,-0.0077,0.4631,-0.4290,-10.8213,-0.0077,-0.0059,-0.0184,0.0000,0.0259,-0.0054,0.2873,0.0000,618.5740,0.0000,705.4605,-1.195590,0.275867,-0.073455,-0.001039,-0.003730,0.042980,-1.204548,0.287091,-0.200000,0.000000,0.000000,0.000000,-1.195672,0.276109,-0.080091,1.0000,1.0000,1.0000,1.660,4.810,0.340,5.000,3.000,8.000,1.500,0.060,0.110,809382640,838744952,809382381,6718,1000,1506,1504,1505,1000,1000,1505,1505,1505,1095,2008,1625,1017,1000,1000
-0.0111,0.0043,3.1162,-0.0090,-0.0021,0.5427,0.0063,-0.0042,3.1575,0.0000,0.1589,0.2027,-9.6447,-0.0003,0.0073,-0.0068,0.1628,0.0709,-9.7386,0.0042,0.0042,-0.0112,0.0389,-0.0445,-9.3754,-0.0068,-0.0017,-0.0051,-0.7256,-0.3589,-9.6092,-0.0176,-0.0205,-0.0067,0.0000,0.0269,-0.0081,0.2886,0.0000,618.4457,0.0000,708.2454,-1.195601,0.275825,-0.073060,-0.001575,-0.004535,0.044723,-1.204548,0.287091,-0.200000,0.000000,0.000000,0.000000,-1.195672,0.276109,-0.080091,1.0000,1.0000,1.0000,1.660,4.810,0.340,5.000,3.000,8.000,1.500,0.060,0.110,809393140,838744952,809391381,6718,1000,1506,1504,1505,1000,1000,1505,1505,1505,1095,2008,1625,1017,1000,1000
-0.0110,0.0043,3.1161,-0.0090,-0.0021,0.5426,0.0063,-0.0042,3.1575,0.0000,-0.0517,0.4107,-9.7497,-0.0029,0.0068,0.0047,-0.0786,0.3319,-9.9953,0.0016,0.0007,0.0054,1.1689,0.3027,-9.8183,0.0116,-0.0193,0.0107,-0.3306,-1.1472,-9.9557,0.0218,-0.0035,0.0101,0.0000,0.0268,-0.0054,0.2879,0.0000,618.9140,0.0000,706.4183,-1.195614,0.275765,-0.072514,-0.001901,-0.004948,0.045956,-1.204548,0.287091,-0.200000,0.000000,0.000000,0.000000,-1.195672,0.276109,-0.080091,1.0000,1.0000,1.0000,1.660,4.810,0.340,5.000,3.000,8.000,1.500,0.060,0.110,809403640,838744952,809403381,6718,1000,1506,1504,1505,1000,1000,1505,1505,1505,1095,2008,1625,1017,1000,1000
-0.0110,0.0041,3.1162,-0.0091,-0.0021,0.5426,0.0063,-0.0042,3.1575,0.0000,-0.1132,0.2377,-9.5426,-0.0037,0.0132,0.0009,-0.1131,0.2127,-9.6329,0.0024,0.0060,-0.0001,0.0077,0.1231,-9.8662,0.0060,-0.0217,0.0016,1.6555,-0.0590,-10.3687,-0.0003,-0.0093,-0.0064,0.0000,0.0264,-0.0039,0.2870,0.0000,618.6286,0.0000,704.5844,-1.195631,0.275718,-0.072094,-0.002269,-0.005819,0.047573,-1.204548,0.287091,-0.200000,0.000000,0.000000,0.000000,-1.195672,0.276109,-0.080091,1.0000,1.0000,1.0000,1.660,4.810,0.340,5.000,3.000,8.000,1.500,0.060,0.110,809414140,838744952,809412381,6718,1000,1506,1504,1505,1000,1000,1505,1505,1505,1095,2008,1625,1017,1000,1000
-0.0108,0.0042,3.1162,-0.0091,-0.0021,0.5424,0.0063,-0.0042,3.1575,0.0000,-0.1570,0.0949,-9.7222,-0.0024,0.0078,-0.0120,-0.2104,0.1866,-9.8700,-0.0001,-0.0023,-0.0127,0.8098,0.8054,-9.9069,-0.0174,0.0225,-0.0075,0.6104,0.2085,-10.1066,-0.0051,0.0232,-0.0269,0.0000,0.0264,-0.0061,0.2889,0.0000,619.8261,0.0000,707.6679,-1.195656,0.275651,-0.071510,-0.002093,-0.006332,0.049360,-1.204548,0.287091,-0.200000,0.000000,0.000000,0.000000,-1.195672,0.276109,-0.080091,1.0000,1.0000,1.0000,1.660,4.810,0.340,5.000,3.000,8.000,1.500,0.060,0.110,809424640,838744952,809424381,6718,1000,1506,1504,1505,1000,1000,1505,1505,1505,1096,2008,1625,1017,1000,1000
-0.0110,0.0044,3.1161,-0.0091,-0.0021,0.5423,0.0063,-0.0042,3.1575,0.0000,-0.0366,-0.0088,-9.5494,-0.0041,0.0079,0.0015,-0.0323,-0.0783,-9.7736,0.0013,0.0034,0.0001,0.1155,-0.2265,-9.8518,0.0089,0.0185,0.0088,0.1076,-0.6893,-9.7797,0.0107,0.0178,0.0003,0.0000,0.0268,-0.0055,0.2875,0.0000,618.4152,0.0000,705.9869,-1.195676,0.275600,-0.071064,-0.001650,-0.005673,0.050270,-1.204548,0.287091,-0.200000,0.000000,0.000000,0.000000,-1.195672,0.276109,-0.080091,1.0000,1.0000,1.0000,1.660,4.810,0.340,5.000,3.000,8.000,1.500,0.060,0.110,809435140,838744952,809433381,6718,1000,1506,1504,1505,1000,1000,1505,1505,1505,1096,2008,1625,1017,1000,1000
-0.0111,0.0047,3.1162,-0.0092,-0.0021,0.5423,0.0063,-0.0042,3.1575,0.0000,0.1241,-0.1532,-9.6427,-0.0020,-0.0022,0.0067,0.0072,-0.2294,-9.8568,0.0059,-0.0046,0.0042,-1.9555,-0.4635,-9.6699,-0.0134,0.0111,-0.0099,1.4149,2.5825,-10.9559,-0.0168,-0.0048,-0.0035,0.0000,0.0259,-0.0022,0.2867,0.0000,619.2570,0.0000,703.5508,-1.195695,0.275535,-0.070445,-0.000793,-0.005517,0.052730,-1.204548,0.287091,-0.200000,0.000000,0.000000,0.000000,-1.195672,0.276109,-0.080091,1.0000,1.0000,1.0000,1.660,4.810,0.340,5.000,3.000,8.000,1.500,0.060,0.110,809445640,838744952,809445381,6718,1000,1506,1504,1505,1000,1000,1505,1505,1505,1096,2008,1625,1017,1000,1000
-0.0112,0.0046,3.1162,-0.0092,-0.0021,0.5422,0.0063,-0.0042,3.1575,0.0000,0.0383,0.0552,-9.6840,-0.0014,0.0003,-0.0025,0.0859,0.0669,-9.9173,0.0030,-0.0048,-0.0036,0.1753,0.2117,-8.6978,-0.0065,0.0209,-0.0059,-1.9126,-0.0159,-8.8514,0.0117,0.0314,-0.0061,0.0000,0.0263,-0.0035,0.2880,0.0000,619.9983,0.0000,705.6533,-1.195705,0.275482,-0.069969,-0.001117,-0.005714,0.053203,-1.204548,0.287091,-0.200000,0.000000,0.000000,0.000000,-1.195672,0.276109,-0.080091,1.0000,1.0000,1.0000,1.660,4.810,0.340,5.000,3.000,8.000,1.500,0.060,0.110,809456140,838744952,809454381,6718,1000,1506,1504,1505,1000,1000,1505,1505,1505,1096,2008,1625,1017,1000,1000
-0.0113,0.0042,3.1161,-0.0093,-0.0021,0.5421,0.0063,-0.0042,3.1575,0.0000,0.0806,0.2506,-9.5416,-0.0001,0.0009,0.0017,0.0066,0.1659,-9.6322,0.0026,-0.0038,-0.0032,-0.4639,-0.4300,-10.3570,-0.0028,0.0060,0.0019,0.0663,-0.8402,-10.5591,-0.0011,-0.0162,-0.0125,0.0000,0.0266,-0.0056,0.2880,0.0000,619.0319,0.0000,706.5950,-1.195726,0.275406,-0.069314,-0.002448,-0.006089,0.056046,-1.204548,0.287091,-0.200000,0.000000,0.000000,0.000000,-1.195672,0.276109,-0.080091,1.0000,1.0000,1.0000,1.660,4.810,0.340,5.000,3.000,8.000,1.500,0.060,0.110,809466640,838744952,809466382,6718,1000,1506,1504,1505,1000,1000,1505,1505,1505,1096,2008,1625,1017,1000,1000
-0.0114,0.0042,3.1161,-0.0093,-0.0021,0.5421,0.0063,-0.0042,3.1575,0.0000,0.1919,0.2241,-9.7756,-0.0037,0.0013,0.0027,0.2146,0.1862,-9.9745,0.0052,0.0024,0.0003,-0.8087,-0.0996,-9.3467,0.0127,-0.0004,0.0173,0.0322,-0.9030,-9.3613,0.0205,0.0085,0.0269,0.0000,0.0277,-0.0060,0.2879,0.0000,618.3298,0.0000,706.8574,-1.195747,0.275349,-0.068803,-0.002470,-0.006357,0.057222,-1.204548,0.287091,-0.200000,0.000000,0.000000,0.000000,-1.195672,0.276109,-0.080091,1.0000,1.0000,1.0000,1.660,4.810,0.340,5.000,3.000,8.000,1.500,0.060,0.110,809477140,838744952,809475381,6718,1000,1506,1504,1505,1000,1000,1505,1505,1505,1096,2008,1625,1017,1000,1000
-0.0110,0.0045,3.1162,-0.0093,-0.0020,0.5420,0.0063,-0.0042,3.1575,0.0000,0.1385,0.0940,-9.5510,-0.0051,0.0084,-0.0024,0.2461,0.1554,-9.6834,0.0038,0.0039,-0.0054,0.9798,0.7695,-9.2198,-0.0012,-0.0212,0.0104,-0.7867,-0.1740,-11.0314,0.0040,-0.0269,0.0019,0.0000,0.0274,-0.0071,0.2878,0.0000,617.8934,0.0000,707.0425,-1.195773,0.275271,-0.068111,-0.001770,-0.006777,0.058822,-1.204548,0.287091,-0.200000,0.000000,0.000000,0.000000,-1.195672,0.276109,-0.080091,1.0000,1.0000,1.0000,1.660,4.810,0.340,5.000,3.000,8.000,1.500,0.060,0.110,809487640,838744952,809487381,6718,1000,1506,1504,1505,1000,1000,1505,1505,1505,1096,2008,1625,1017,1000,1000
-0.0107,0.0051,3.1162,-0.0094,-0.0020,0.5419,0.0063,-0.0042,3.1575,0.0000,0.0996,-0.0093,-9.6888,-0.0052,0.0086,-0.0074,0.1192,-0.0508,-9.8828,0.0027,-0.0038,-0.0080,-0.1742,0.3505,-9.3227,-0.0036,0.0012,0.0061,0.4003,0.3629,-9.0399,-0.0029,-0.0107,-0.0005,0.0000,0.0266,-0.0065,0.2875,0.0000,618.0961,0.0000,706.2991,-1.195785,0.275212,-0.067572,-0.000987,-0.006889,0.060832,-1.204548,0.287091,-0.200000,0.000000,0.000000,0.000000,-1.195672,0.276109,-0.080091,1.0000,1.0000,1.0000,1.660,4.810,0.340,5.000,3.000,8.000,1.500,0.060,0.110,809498140,838744952,809496381,6718,1000,1506,1504,1505,1000,1000,1505,1505,1505,1095,2008,1625,1017,1000,1000
-0.0110,0.0052,3.1161,-0.0094,-0.0020,0.5418,0.0063,-0.0042,3.1575,0.0000,-0.1119,0.1142,-9.6894,-0.0031,0.0101,-0.0058,-0.0441,-0.0121,-9.8137,0.0045,0.0028,-0.0050,0.0556,-0.3103,-9.6603,-0.0166,0.0015,-0.0099,0.9498,0.5282,-9.9072,-0.0109,-0.0242,-0.0099,0.0000,0.0268,-0.0045,0.2875,0.0000,618.8564,0.0000,705.5950,-1.195794,0.275131,-0.066839,-0.001219,-0.006823,0.061447,-1.204548,0.287091,-0.200000,0.000000,0.000000,0.000000,-1.195672,0.276109,-0.080091,1.0000,1.0000,1.0000,1.660,4.810,0.340,5.000,3.000,8.000,1.500,0.060,0.110,809508640,838744952,809508381,6718,1000,1506,1504,1505,1000,1000,1505,1505,1505,1095,2008,1625,1017,1000,1000
-0.0114,0.0046,3.1161,-0.0095,-0.0020,0.5418,0.0063,-0.0042,3.1575,0.0000,-0.0573,0.1533,-9.5773,-0.0020,0.0113,0.0042,-0.0704,0.1892,-9.7485,0.0002,0.0054,0.0015,-0.2077,-0.2336,-9.3131,-0.0031,-0.0076,-0.0117,-0.9178,-1.0880,-9.3667,0.0216,-0.0160,-0.0202,0.0000,0.0272,-0.0059,0.2875,0.0000,618.1158,0.0000,706.2195,-1.195810,0.275070,-0.066280,-0.002442,-0.006695,0.063108,-1.204548,0.287091,-0.200000,0.000000,0.000000,0.000000,-1.195672,0.276109,-0.080091,1.0000,1.0000,1.0000,1.660,4.810,0.340,5.000,3.000,8.000,1.500,0.060,0.110,809519140,838744952,809517382,6718,1000,1506,1504,1505,1000,1000,1505,1505,1505,1095,2008,1625,1017,1000,1000
-0.0114,0.0044,3.1161,-0.0092,-0.0022,0.5417,0.0063,-0.0042,3.1575,0.0000,-0.0997,0.2395,-9.8050,-0.0014,0.0061,0.0064,-0.0685,0.2045,-9.9575,0.0056,-0.0024,0.0051,0.9774,0.0968,-9.4999,-0.0049,0.0127,-0.0093,-0.3270,-0.9713,-9.4583,-0.0056,-0.0027,-0.0056,0.0000,0.0275,-0.0034,0.2880,0.0000,619.6358,0.0000,705.9133,-1.195806,0.275644,-0.071688,-0.002397,-0.004617,0.050048,-1.204548,0.287091,-0.200000,0.000000,0.000000,0.000000,-1.195772,0.276156,-0.080273,1.0000,1.0000,1.0000,1.660,4.810,0.340,5.000,3.000,8.000,1.500,0.060,0.110,809529199,838877829,809526440,6719,1000,1506,1504,1505,1000,1000,1505,1505,1505,1096,2008,1625,1017,1000,1000
-0.0111,0.0043,3.1161,-0.0092,-0.0021,0.5416,0.0063,-0.0042,3.1575,0.0000,0.0523,0.1451,-9.5721,-0.0044,0.0067,0.0036,-0.0477,0.1199,-9.7297,-0.0010,0.0013,-0.0004,-0.4184,0.2859,-10.1511,0.0060,0.0167,-0.0019,-0.9770,-0.6642,-10.5699,0.0123,-0.0056,-0.0051,0.0000,0.0272,-0.0056,0.2879,0.0000,618.7319,0.0000,706.6015,-1.195839,0.275584,-0.071083,-0.002423,-0.005426,0.051107,-1.204548,0.287091,-0.200000,0.000000,0.000000,0.000000,-1.195772,0.276156,-0.080273,1.0000,1.0000,1.0000,1.660,4.810,0.340,5.000,3.000,8.000,1.500,0.060,0.110,809539232,838877829,809538473,6719,1000,1506,1504,1505,1000,1000,1505,1505,1505,1096,2008,1625,1017,1000,1000
-0.0110,0.0048,3.1161,-0.0093,-0.0021,0.5415,0.0063,-0.0042,3.1575,0.0000,0.1717,-0.0845,-9.6555,-0.0042,-0.0002,-0.0072,0.1576,0.0275,-9.8602,-0.0002,-0.0075,-0.0097,0.0149,0.7671,-9.2245,0.0023,0.0209,0.0136,-1.2302,-0.0986,-9.8677,-0.0029,0.0221,0.0067,0.0000,0.0272,-0.0034,0.2885,0.0000,620.2693,0.0000,706.4580,-1.195857,0.275535,-0.070614,-0.000850,-0.005828,0.053041,-1.204548,0.287091,-0.200000,0.000000,0.000000,0.000000,-1.195772,0.276156,-0.080273,1.0000,1.0000,1.0000,1.660,4.810,0.340,5.000,3.000,8.000,1.500,0.060,0.110,809549732,838877829,809547473,6719,1000,1506,1504,1505,1000,1000,1505,1505,1505,1096,2008,1625,1017,1000,1000
-0.0111,0.0051,3.1161,-0.0093,-0.0021,0.5414,0.0063,-0.0042,3.1575,0.0000,0.1200,-0.1008,-9.6933,-0.0051,-0.0002,-0.0001,0.0160,-0.1898,-9.8502,0.0018,-0.0100,-0.0056,0.6087,0.8725,-10.2828,-0.0033,0.0097,0.0133,-1.4385,0.3522,-9.6918,-0.0024,0.0043,0.0141,0.0000,0.0276,-0.0034,0.2878,0.0000,619.3471,0.0000,705.7356,-1.195863,0.275467,-0.069970,0.000176,-0.005971,0.054172,-1.204548,0.287091,-0.200000,0.000000,0.000000,0.000000,-1.195772,0.276156,-0.080273,1.0000,1.0000,1.0000,1.660,4.810,0.340,5.000,3.000,8.000,1.500,0.060,0.110,809559735,838877829,809559476,6719,1000,1506,1504,1505,1000,1000,1505,1505,1505,1096,2008,1625,1017,1000,1000
-0.0114,0.0050,3.1161,-0.0093,-0.0021,0.5414,0.0063,-0.0042,3.1575,0.0000,0.1288,0.0162,-9.5689,-0.0026,0.0009,-0.0010,0.0832,-0.1460,-9.6601,0.0023,-0.0023,-0.0027,-1.2229,-0.0397,-9.9069,-0.0166,-0.0148,-0.0051,-0.8872,-0.0411,-11.3995,-0.0264,-0.0309,-0.0170,0.0000,0.0267,-0.0044,0.2878,0.0000,619.2710,0.0000,705.8625,-1.195868,0.275416,-0.069477,-0.001218,-0.005010,0.055515,-1.204548,0.287091,-0.200000,0.000000,0.000000,0.000000,-1.195772,0.276156,-0.080273,1.0000,1.0000,1.0000,1.660,4.810,0.340,5.000,3.000,8.000,1.500,0.060,0.110,809570235,838877829,809568476,6719,1000,1506,1504,1505,1000,1000,1505,1505,1505,1096,2008,1625,1017,1000,1000
-0.0115,0.0046,3.1161,-0.0094,-0.0021,0.5413,0.0063,-0.0042,3.1575,0.0000,0.0350,0.1485,-9.7052,-0.0013,0.0082,-0.0021,0.1945,0.1363,-9.9583,0.0040,0.0063,-0.0016,1.0732,-0.0924,-9.5262,-0.0105,-0.0007,-0.0029,-1.8641,-1.2532,-8.2624,0.0048,0.0162,-0.0120,0.0000,0.0264,-0.0068,0.2878,0.0000,618.4106,0.0000,706.7131,-1.195887,0.275349,-0.068796,-0.002433,-0.005561,0.057509,-1.204548,0.287091,-0.200000,0.000000,0.000000,0.000000,-1.195772,0.276156,-0.080273,1.0000,1.0000,1.0000,1.660,4.810,0.340,5.000,3.000,8.000,1.500,0.060,0.110,809580735,838877829,809580476,6719,1000,1506,1504,1505,1000,1000,1505,1505,1505,1096,2008,1625,1017,1000,1000
-0.0114,0.0045,3.1161,-0.0094,-0.0020,0.5412,0.0063,-0.0042,3.1575,0.0000,-0.0048,0.3206,-9.6569,-0.0004,0.0112,-0.0000,-0.0467,0.2138,-9.7526,0.0047,0.0047,-0.0001,1.8321,-0.2600,-9.6244,-0.0118,-0.0126,-0.0080,0.8205,-0.2494,-9.7941,0.0048,-0.0045,-0.0288,0.0000,0.0269,-0.0081,0.2877,0.0000,617.5565,0.0000,707.2079,-1.195908,0.275291,-0.068272,-0.003048,-0.006481,0.058812,-1.204548,0.287091,-0.200000,0.000000,0.000000,0.000000,-1.195772,0.276156,-0.080273,1.0000,1.0000,1.0000,1.660,4.810,0.340,5.000,3.000,8.000,1.500,0.060,0.110,809591235,838877829,809589476,6719,1000,1506,1504,1505,1000,1000,1505,1505,1505,1096,2008,1625,1017,1000,1000
-0.0112,0.0046,3.1161,-0.0092,-0.0023,0.5411,0.0063,-0.0042,3.1575,0.0000,0.0130,0.2880,-9.6981,-0.0047,0.0103,-0.0014,-0.0118,0.3008,-9.8258,0.0022,0.0062,0.0003,0.4435,-0.0780,-10.0338,0.0020,-0.0012,-0.0019,-0.2893,-0.4918,-9.6630,0.0232,0.0024,-0.0146,0.0000,0.0277,-0.0047,0.2881,0.0000,619.1151,0.0000,706.5927,-1.195814,0.275710,-0.072311,-0.001457,-0.005442,0.048848,-1.204548,0.287091,-0.200000,0.000000,0.000000,0.000000,-1.195695,0.276205,-0.080115,1.0000,1.0000,1.0000,1.660,4.810,0.340,5.000,3.000,8.000,1.500,0.060,0.110,809601282,839011160,809601023,6720,1000,1506,1504,1505,1000,1000,1505,1505,1505,1096,2008,1625,1017,1000,1000
-0.0111,0.0049,3.1161,-0.0093,-0.0023,0.5410,0.0063,-0.0042,3.1575,0.0000,-0.0940,0.1611,-9.6745,-0.0057,0.0077,-0.0013,-0.0081,0.3067,-9.8430,0.0040,0.0009,-0.0060,1.0468,0.9347,-9.5406,0.0004,0.0103,0.0045,-0.4742,-0.0644,-9.6523,-0.0035,0.0061,-0.0064,0.0000,0.0278,-0.0026,0.2882,0.0000,620.1441,0.0000,706.0096,-1.195820,0.275662,-0.071868,0.000003,-0.005886,0.049670,-1.204548,0.287091,-0.200000,0.000000,0.000000,0.000000,-1.195695,0.276205,-0.080115,1.0000,1.0000,1.0000,1.660,4.810,0.340,5.000,3.000,8.000,1.500,0.060,0.110,809611782,839011160,809610023,6720,1000,1506,1504,1505,1000,1000,1505,1505,1505,1096,2008,1625,1017,1000,1000
-0.0111,0.0052,3.1161,-0.0093,-0.0023,0.5410,0.0063,-0.0042,3.1575,0.0000,-0.0308,-0.0723,-9.5862,-0.0053,0.0022,0.0039,-0.0833,-0.0198,-9.7365,0.0000,-0.0011,0.0020,0.3022,1.6434,-9.9069,0.0031,0.0239,0.0069,0.8869,1.8462,-9.7564,0.0024,0.0213,-0.0037,0.0000,0.0268,-0.0028,0.2873,0.0000,619.3956,0.0000,704.6990,-1.195819,0.275597,-0.071261,0.000800,-0.005911,0.051577,-1.204548,0.287091,-0.200000,0.000000,0.000000,0.000000,-1.195695,0.276205,-0.080115,1.0000,1.0000,1.0000,1.660,4.810,0.340,5.000,3.000,8.000,1.500,0.060,0.110,809622282,839011160,809622038,6720,1000,1506,1504,1505,1000,1000,1505,1505,1505,1096,2008,1625,1017,1000,1000
-0.0113,0.0051,3.1161,-0.0094,-0.0022,0.5410,0.0063,-0.0042,3.1575,0.0000,-0.0105,-0.1821,-9.6446,-0.0019,-0.0023,0.0002,-0.0110,-0.1871,-9.7785,0.0033,-0.0147,-0.0007,-0.7369,0.2093,-9.5789,-0.0148,0.0231,-0.0093,-0.5497,0.9663,-10.3149,0.0011,0.0354,-0.0016,0.0000,0.0260,-0.0047,0.2874,0.0000,618.8535,0.0000,705.2991,-1.195818,0.275549,-0.070792,0.000458,-0.005416,0.052707,-1.204548,0.287091,-0.200000,0.000000,0.000000,0.000000,-1.195695,0.276205,-0.080115,1.0000,1.0000,1.0000,1.660,4.810,0.340,5.000,3.000,8.000,1.500,0.060,0.110,809632782,839011160,809631023,6720,1000,1506,1504,1505,1000,1000,1505,1505,1505,1096,2008,1625,1017,1000,1000
-0.0114,0.0049,3.1161,-0.0094,-0.0023,0.5408,0.0063,-0.0042,3.1575,0.0000,0.0530,-0.0963,-9.6649,-0.0017,-0.0037,-0.0042,0.0334,-0.2116,-9.8620,0.0038,-0.0029,-0.0062,-0.7632,0.3601,-8.6475,-0.0028,0.0161,-0.0088,-0.7651,-0.4487,-8.6251,-0.0048,0.0157,-0.0165,0.0000,0.0267,-0.0063,0.2882,0.0000,618.8347,0.0000,707.0133,-1.195822,0.275477,-0.070150,-0.000503,-0.006288,0.054303,-1.204548,0.287091,-0.200000,0.000000,0.000000,0.000000,-1.195695,0.276205,-0.080115,1.0000,1.0000,1.0000,1.660,4.810,0.340,5.000,3.000,8.000,1.500,0.060,0.110,809643282,839011160,809643023,6720,1000,1506,1504,1505,1000,1000,1505,1505,1505,1096,2008,1625,1017,1000,1000
-0.0115,0.0048,3.1160,-0.0094,-0.0022,0.5407,0.0063,-0.0042,3.1575,0.0000,0.2367,0.1080,-9.6106,0.0000,0.0011,0.0033,0.1659,0.0291,-9.7922,0.0013,-0.0005,-0.0013,0.4507,-0.5880,-10.3067,-0.0068,0.0095,0.0045,0.4272,-0.3069,-10.4352,0.0011,-0.0085,0.0104,0.0000,0.0271,-0.0080,0.2886,0.0000,618.4574,0.0000,708.2579,-1.195833,0.275415,-0.069653,-0.001608,-0.006313,0.055843,-1.204548,0.287091,-0.200000,0.000000,0.000000,0.000000,-1.195695,0.276205,-0.080115,1.0000,1.0000,1.0000,1.660,4.810,0.340,5.000,3.000,8.000,1.500,0.060,0.110,809653782,839011160,809652023,6720,1000,1506,1504,1505,1000,1000,1505,1505,1505,1096,2008,1625,1017,1000,1000
-0.0115,0.0048,3.1161,-0.0095,-0.0022,0.5407,0.0063,-0.0042,3.1575,0.0000,0.2096,0.2359,-9.7142,-0.0026,0.0042,0.0037,0.2141,0.1814,-9.9141,0.0034,0.0017,0.0010,-0.3011,-0.7412,-9.1695,0.0031,-0.0137,0.0104,0.1507,-0.9120,-8.7741,0.0189,-0.0234,0.0019,0.0000,0.0270,-0.0047,0.2875,0.0000,618.6498,0.0000,705.6939,-1.195845,0.275333,-0.068972,-0.000980,-0.006563,0.057517,-1.204548,0.287091,-0.200000,0.000000,0.000000,0.000000,-1.195695,0.276205,-0.080115,1.0000,1.0000,1.0000,1.660,4.810,0.340,5.000,3.000,8.000,1.500,0.060,0.110,809664282,839011160,809664023,6720,1000,1506,1504,1505,1000,1000,1505,1505,1505,1096,2008,1625,1017,1000,1000
-0.0112,0.0048,3.1161,-0.0095,-0.0022,0.5406,0.0063,-0.0042,3.1575,0.0000,0.0826,0.2247,-9.6166,-0.0033,0.0093,-0.0042,0.1116,0.2852,-9.8188,0.0041,0.0066,-0.0063,1.0684,0.0345,-9.4855,-0.0079,-0.0049,0.0091,0.3356,0.0631,-8.5371,0.0157,0.0125,0.0130,0.0000,0.0275,-0.0068,0.2883,0.0000,618.5743,0.0000,707.5834,-1.195848,0.275268,-0.068447,-0.000368,-0.007690,0.059203,-1.204548,0.287091,-0.200000,0.000000,0.000000,0.000000,-1.195695,0.276205,-0.080115,1.0000,1.0000,1.0000,1.660,4.810,0.340,5.000,3.000,8.000,1.500,0.060,0.110,809674782,839011160,809673039,6720,1000,1506,1504,1505,1000,1000,1505,1505,1505,1096,2008,1625,1017,1000,1000
-0.0112,0.0049,3.1161,-0.0096,-0.0022,0.5405,0.0063,-0.0042,3.1575,0.0000,-0.0571,0.2140,-9.7237,-0.0048,0.0109,-0.0072,-0.0292,0.1536,-9.8604,0.0009,0.0085,-0.0090,1.3772,0.3314,-10.2924,0.0025,-0.0137,0.0077,-0.0325,-0.2979,-10.1515,0.0021,-0.0237,-0.0005,0.0000,0.0281,-0.0067,0.2886,0.0000,618.6877,0.0000,708.0557,-1.195848,0.275178,-0.067726,-0.000299,-0.007744,0.060761,-1.204548,0.287091,-0.200000,0.000000,0.000000,0.000000,-1.195695,0.276205,-0.080115,1.0000,1.0000,1.0000,1.660,4.810,0.340,5.000,3.000,8.000,1.500,0.060,0.110,809685282,839011160,809685023,6720,1000,1506,1504,1505,1000,1000,1505,1505,1505,1096,2008,1625,1017,1000,1000
-0.0112,0.0051,3.1161,-0.0096,-0.0022,0.5405,0.0063,-0.0042,3.1575,0.0000,-0.1316,0.0134,-9.5664,-0.0053,0.0072,-0.0016,-0.1945,0.0433,-9.7458,0.0022,0.0016,-0.0035,-0.3634,0.8749,-10.1415,0.0036,0.0191,-0.0005,1.4220,0.8945,-9.3775,0.0061,0.0229,0.0059,0.0000,0.0276,-0.0048,0.2876,0.0000,618.6486,0.0000,706.0541,-1.195847,0.275114,-0.067178,0.000408,-0.007343,0.061490,-1.204548,0.287091,-0.200000,0.000000,0.000000,0.000000,-1.195695,0.276205,-0.080115,1.0000,1.0000,1.0000,1.660,4.810,0.340,5.000,3.000,8.000,1.500,0.060,0.110,809695782,839011160,809694023,6720,1000,1506,1504,1505,1000,1000,1505,1505,1505,1096,2008,1625,1017,1000,1000
-0.0113,0.0052,3.1161,-0.0096,-0.0022,0.5404,0.0063,-0.0042,3.1575,0.0000,-0.0118,-0.0180,-9.6022,-0.0008,0.0046,-0.0030,-0.0272,-0.0169,-9.7691,0.0062,0.0006,-0.0036,-0.5645,-0.1594,-8.5590,-0.0044,-0.0084,-0.0221,-0.3665,0.1870,-9.9360,-0.0051,-0.0173,-0.0253,0.0000,0.0265,-0.0036,0.2877,0.0000,619.5351,0.0000,705.4109,-1.195844,0.275026,-0.066421,0.000427,-0.007645,0.064609,-1.204548,0.287091,-0.200000,0.000000,0.000000,0.000000,-1.195695,0.276205,-0.080115,1.0000,1.0000,1.0000,1.660,4.810,0.340,5.000,3.000,8.000,1.500,0.060,0.110,809706282,839011160,809706023,6720,1000,1506,1504,1505,1000,1000,1505,1505,1505,1096,2008,1625,1017,1000,1000
-0.0114,0.0052,3.1160,-0.0097,-0.0022,0.5403,0.0063,-0.0042,3.1575,0.0000,-0.0021,0.0766,-9.6917,-0.0018,0.0020,0.0054,-0.0481,-0.0374,-9.8878,0.0027,-0.0072,0.0026,0.2615,0.3218,-9.9308,-0.0100,0.0308,-0.0112,-0.4096,-0.3517,-9.4745,-0.0040,0.0178,-0.0040,0.0000,0.0273,-0.0029,0.2876,0.0000,619.4898,0.0000,705.2002,-1.195840,0.274955,-0.065834,0.000509,-0.007732,0.065538,-1.204548,0.287091,-0.200000,0.000000,0.000000,0.000000,-1.195695,0.276205,-0.080115,1.0000,1.0000,1.0000,1.660,4.810,0.340,5.000,3.000,8.000,1.500,0.060,0.110,809716782,839011160,809715023,6720,1000,1506,1504,1505,1000,1000,1505,1505,1505,1096,2008,1625,1017,1000,1000
-0.0112,0.0053,3.1161,-0.0097,-0.0021,0.5402,0.0063,-0.0042,3.1575,0.0000,0.0927,0.1600,-9.5763,-0.0012,0.0087,0.0082,0.0482,0.1116,-9.6224,0.0057,0.0022,0.0044,-0.7345,0.0465,-8.7744,0.0073,0.0044,-0.0101,-0.6700,-1.2568,-9.7636,0.0003,-0.0306,0.0080,0.0000,0.0277,-0.0060,0.2877,0.0000,618.0906,0.0000,706.5859,-1.195835,0.274856,-0.065034,0.000496,-0.008311,0.068088,-1.204548,0.287091,-0.200000,0.000000,0.000000,0.000000,-1.195695,0.276205,-0.080115,1.0000,1.0000,1.0000,1.660,4.810,0.340,5.000,3.000,8.000,1.500,0.060,0.110,809727282,839011160,809727023,6720,1000,1506,1504,1505,1000,1000,1505,1505,1505,1096,2008,1625,1017,1000,1000
-0.0110,0.0054,3.1160,-0.0097,-0.0021,0.5401,0.0063,-0.0042,3.1575,0.0000,0.1147,0.1766,-9.7023,-0.0040,0.0006,-0.0021,0.1769,0.2328,-9.8817,0.0046,-0.0092,-0.0056,-1.0601,-0.5545,-9.7848,-0.0031,0.0175,0.0032,1.4831,1.7313,-10.3526,0.0088,0.0344,0.0053,0.0000,0.0284,-0.0050,0.2887,0.0000,619.4369,0.0000,707.6560,-1.195829,0.274778,-0.064413,0.001036,-0.008799,0.069629,-1.204548,0.287091,-0.200000,0.000000,0.000000,0.000000,-1.195695,0.276205,-0.080115,1.0000,1.0000,1.0000,1.660,4.810,0.340,5.000,3.000,8.000,1.500,0.060,0.110,809737782,839011160,809736023,6720,1000,1506,1504,1505,1000,1000,1505,1505,1505,1096,2008,1625,1017,1000,1000
-0.0113,0.0061,3.1160,-0.0098,-0.0021,0.5400,0.0063,-0.0042,3.1575,0.0000,0.1180,0.1302,-9.6147,-0.0044,0.0036,0.0003,-0.0017,0.0922,-9.7408,-0.0014,-0.0058,-0.0059,-0.1000,0.1758,-9.1240,-0.0036,0.0140,0.0173,-0.8334,-0.0339,-9.7187,0.0178,-0.0205,0.0213,0.0000,0.0279,-0.0056,0.2885,0.0000,619.1484,0.0000,707.4964,-1.195814,0.274682,-0.063572,0.001710,-0.007666,0.070868,-1.204548,0.287091,-0.200000,0.000000,0.000000,0.000000,-1.195695,0.276205,-0.080115,1.0000,1.0000,1.0000,1.660,4.810,0.340,5.000,3.000,8.000,1.500,0.060,0.110,809748282,839011160,809748023,6720,1000,1506,1504,1505,1000,1000,1505,1505,1505,1096,2008,1625,1017,1000,1000
-0.0114,0.0058,3.1160,-0.0098,-0.0021,0.5400,0.0063,-0.0042,3.1575,0.0000,0.0195,-0.0566,-9.5794,-0.0044,0.0041,-0.0006,0.0096,-0.0497,-9.8762,-0.0023,-0.0040,0.0005,-0.0880,0.0513,-10.5629,-0.0015,0.0169,0.0173,0.1866,0.6000,-9.2967,0.0072,-0.0035,0.0352,0.0000,0.0273,-0.0070,0.2874,0.0000,617.4929,0.0000,706.4728,-1.195802,0.274613,-0.062925,0.001254,-0.008067,0.072982,-1.204548,0.287091,-0.200000,0.000000,0.000000,0.000000,-1.195695,0.276205,-0.080115,1.0000,1.0000,1.0000,1.660,4.810,0.340,5.000,3.000,8.000,1.500,0.060,0.110,809758782,839011160,809757023,6720,1000,1506,1504,1505,1000,1000,1505,1505,1505,1096,2008,1625,1017,1000,1000
-0.0115,0.0056,3.1161,-0.0099,-0.0021,0.5399,0.0063,-0.0042,3.1575,0.0000,0.1729,-0.0970,-9.6612,-0.0038,-0.0001,-0.0088,0.1385,-0.1676,-9.7394,0.0026,0.0012,-0.0103,-1.3570,-0.7532,-9.5837,-0.0036,-0.0116,-0.0037,0.9605,0.6467,-10.5160,-0.0053,-0.0096,-0.0136,0.0000,0.0281,-0.0035,0.2888,0.0000,620.3266,0.0000,707.1327,-1.195790,0.274514,-0.062038,0.001362,-0.008485,0.074726,-1.204548,0.287091,-0.200000,0.000000,0.000000,0.000000,-1.195695,0.276205,-0.080115,1.0000,1.0000,1.0000,1.660,4.810,0.340,5.000,3.000,8.000,1.500,0.060,0.110,809769282,839011160,809769023,6720,1000,1506,1504,1505,1000,1000,1505,1505,1505,1096,2008,1625,1017,1000,1000
-0.0115,0.0054,3.1160,-0.0099,-0.0021,0.5398,0.0063,-0.0042,3.1575,0.0000,0.0738,0.0679,-9.6121,-0.0026,0.0082,-0.0028,0.0793,-0.0471,-9.7611,0.0050,0.0012,-0.0019,-0.4974,-0.0972,-9.0785,-0.0060,-0.0047,0.0005,-1.5086,-1.3089,-9.1477,-0.0035,-0.0104,-0.0112,0.0000,0.0275,-0.0065,0.2882,0.0000,618.5009,0.0000,707.3641,-1.195778,0.274436,-0.061360,0.000616,-0.008515,0.076111,-1.204548,0.287091,-0.200000,0.000000,0.000000,0.000000,-1.195695,0.276205,-0.080115,1.0000,1.0000,1.0000,1.660,4.810,0.340,5.000,3.000,8.000,1.500,0.060,0.110,809779782,839011160,809778023,6720,1000,1506,1504,1505,1000,1000,1505,1505,1505,1096,2008,1625,1017,1000,1000
-0.0115,0.0053,3.1160,-0.0099,-0.0020,0.5398,0.0063,-0.0042,3.1575,0.0000,0.0485,0.2517,-9.7070,-0.0019,0.0097,0.0066,0.1333,0.1417,-9.8686,0.0061,0.0150,0.0058,0.3764,-1.4667,-10.1583,-0.0103,-0.0028,-0.0085,1.4903,0.2606,-10.3185,-0.0035,-0.0130,-0.0197,0.0000,0.0276,-0.0075,0.2870,0.0000,616.7969,0.0000,706.3948,-1.195767,0.274328,-0.060433,0.000569,-0.008852,0.077998,-1.204548,0.287091,-0.200000,0.000000,0.000000,0.000000,-1.195695,0.276205,-0.080115,1.0000,1.0000,1.0000,1.660,4.810,0.340,5.000,3.000,8.000,1.500,0.060,0.110,809790282,839011160,809790023,6720,1000,1506,1504,1505,1000,1000,1505,1505,1505,1096,2008,1625,1017,1000,1000
-0.0113,0.0053,3.1160,-0.0100,-0.0020,0.5397,0.0063,-0.0042,3.1575,0.0000,-0.0885,0.3719,-9.6806,-0.0011,0.0115,-0.0005,-0.1251,0.3299,-9.8210,0.0025,0.0037,-0.0032,0.5776,-0.0445,-9.1503,0.0033,-0.0217,-0.0099,-0.6969,-1.2819,-9.7905,-0.0064,0.0037,0.0045,0.0000,0.0278,-0.0064,0.2880,0.0000,618.2495,0.0000,707.1562,-1.195756,0.274243,-0.059729,0.000999,-0.009709,0.078573,-1.204548,0.287091,-0.200000,0.000000,0.000000,0.000000,-1.195695,0.276205,-0.080115,1.0000,1.0000,1.0000,1.660,4.810,0.340,5.000,3.000,8.000,1.500,0.060,0.110,809800782,839011160,809799023,6720,1000,1506,1504,1505,1000,1000,1505,1505,1505,1096,2008,1625,1017,1000,1000
-0.0112,0.0053,3.1160,-0.0100,-0.0020,0.5396,0.0063,-0.0042,3.1575,0.0000,-0.1105,0.3197,-9.5926,-0.0038,0.0119,0.0009,-0.0957,0.3665,-9.8577,0.0084,0.0070,-0.0016,1.4395,1.5596,-9.8063,-0.0023,0.0031,0.0011,1.0773,0.1115,-9.8659,0.0043,0.0269,0.0112,0.0000,0.0289,-0.0052,0.2881,0.0000,618.5671,0.0000,707.2200,-1.195743,0.274126,-0.058771,0.000889,-0.009971,0.081273,-1.204548,0.287091,-0.200000,0.000000,0.000000,0.000000,-1.195695,0.276205,-0.080115,1.0000,1.0000,1.0000,1.660,4.810,0.340,5.000,3.000,8.000,1.500,0.060,0.110,809811282,839011160,809811023,6720,1000,1506,1504,1505,1000,1000,1505,1505,1505,1096,2008,1625,1017,1000,1000
-0.0112,0.0054,3.1160,-0.0101,-0.0020,0.5395,0.0063,-0.0042,3.1575,0.0000,-0.1038,0.0137,-9.6915,-0.0056,0.0029,-0.0021,-0.2124,0.0632,-9.9203,0.0004,-0.0070,-0.0056,0.2136,0.5421,-9.3778,0.0033,0.0255,0.0003,0.9947,1.5266,-9.7654,0.0146,0.0000,-0.0016,0.0000,0.0286,-0.0015,0.2882,0.0000,620.3599,0.0000,705.8572,-1.195734,0.274039,-0.058034,0.001715,-0.010382,0.082405,-1.204548,0.287091,-0.200000,0.000000,0.000000,0.000000,-1.195695,0.276205,-0.080115,1.0000,1.0000,1.0000,1.660,4.810,0.340,5.000,3.000,8.000,1.500,0.060,0.110,809821782,839011160,809820023,6720,1000,1506,1504,1505,1000,1000,1505,1505,1505,1096,2008,1625,1017,1000,1000
-0.0112,0.0053,3.1160,-0.0094,-0.0025,0.5395,0.0063,-0.0042,3.1575,0.0000,-0.0859,-0.1309,-9.5171,-0.0044,-0.0003,-0.0030,-0.1527,-0.1449,-9.7210,0.0036,-0.0079,-0.0059,-0.2939,1.2029,-10.1822,0.0015,0.0425,0.0021,-0.4455,-0.2027,-11.3223,-0.0051,0.0341,-0.0003,0.0000,0.0277,-0.0025,0.2883,0.0000,620.2938,0.0000,706.0679,-1.195583,0.275593,-0.069697,0.001624,-0.005567,0.055967,-1.204548,0.287091,-0.200000,0.000000,0.000000,0.000000,-1.195535,0.276148,-0.080306,1.0000,1.0000,1.0000,1.660,4.810,0.340,5.000,3.000,8.000,1.500,0.060,0.110,809832328,839146164,809832024,6721,1000,1506,1504,1505,1000,1000,1505,1505,1505,1096,2008,1625,1017,1000,1000
-0.0114,0.0053,3.1160,-0.0094,-0.0025,0.5395,0.0063,-0.0042,3.1575,0.0000,0.1806,-0.2210,-9.6282,-0.0036,-0.0013,0.0012,0.0884,-0.1766,-9.7732,-0.0005,-0.0057,-0.0012,-1.9268,0.0585,-9.4759,-0.0031,0.0143,-0.0024,-0.6987,0.0972,-9.5391,-0.0096,0.0104,-0.0029,0.0000,0.0264,-0.0052,0.2876,0.0000,618.8215,0.0000,705.8691,-1.195575,0.275545,-0.069184,0.001133,-0.005154,0.057582,-1.204548,0.287091,-0.200000,0.000000,0.000000,0.000000,-1.195535,0.276148,-0.080306,1.0000,1.0000,1.0000,1.660,4.810,0.340,5.000,3.000,8.000,1.500,0.060,0.110,809842828,839146164,809841069,6721,1000,1506,1504,1505,1000,1000,1505,1505,1505,1096,2008,1625,1017,1000,1000
-0.0115,0.0053,3.1160,-0.0095,-0.0025,0.5394,0.0063,-0.0042,3.1575,0.0000,0.2407,-0.0626,-9.7121,-0.0015,-0.0056,-0.0009,0.1901,-0.1195,-9.7905,0.0037,-0.0066,-0.0046,0.2663,-0.2360,-9.2700,-0.0118,0.0113,-0.0061,-1.1889,-0.5493,-9.5714,-0.0197,-0.0186,-0.0027,0.0000,0.0267,-0.0062,0.2881,0.0000,618.8481,0.0000,706.8969,-1.195561,0.275478,-0.068486,0.001756,-0.005399,0.058573,-1.204548,0.287091,-0.200000,0.000000,0.000000,0.000000,-1.195535,0.276148,-0.080306,1.0000,1.0000,1.0000,1.660,4.810,0.340,5.000,3.000,8.000,1.500,0.060,0.110,809853328,839146164,809853069,6721,1000,1506,1504,1505,1000,1000,1505,1505,1505,1096,2008,1625,1017,1000,1000
-0.0116,0.0052,3.1160,-0.0095,-0.0025,0.5393,0.0063,-0.0042,3.1575,0.0000,0.2160,0.2289,-9.5815,-0.0011,0.0079,0.0075,0.1547,0.0160,-9.7155,0.0020,0.0048,0.0021,-0.3921,-0.9543,-10.3786,-0.0084,-0.0113,0.0019,0.5080,-0.9892,-9.5984,-0.0008,-0.0125,0.0037,0.0000,0.0274,-0.0076,0.2881,0.0000,617.9823,0.0000,707.5897,-1.195547,0.275425,-0.067951,0.000844,-0.005322,0.060283,-1.204548,0.287091,-0.200000,0.000000,0.000000,0.000000,-1.195535,0.276148,-0.080306,1.0000,1.0000,1.0000,1.660,4.810,0.340,5.000,3.000,8.000,1.500,0.060,0.110,809863828,839146164,809862069,6721,1000,1506,1504,1505,1000,1000,1505,1505,1505,1096,2008,1625,1017,1000,1000
-0.0115,0.0054,3.1160,-0.0095,-0.0024,0.5393,0.0063,-0.0042,3.1575,0.0000,0.1862,0.3346,-9.7600,-0.0023,0.0057,-0.0004,0.1661,0.1737,-9.8599,0.0057,0.0065,-0.0032,-0.5573,-0.5305,-8.6643,0.0049,-0.0292,-0.0008,0.4613,-0.0608,-9.7726,0.0096,-0.0154,0.0096,0.0000,0.0270,-0.0048,0.2880,0.0000,619.2335,0.0000,706.4077,-1.195528,0.275358,-0.067215,0.001649,-0.005008,0.062034,-1.204548,0.287091,-0.200000,0.000000,0.000000,0.000000,-1.195535,0.276148,-0.080306,1.0000,1.0000,1.0000,1.660,4.810,0.340,5.000,3.000,8.000,1.500,0.060,0.110,809874328,839146164,809874069,6721,1000,1506,1504,1505,1000,1000,1505,1505,1505,1096,2008,1625,1017,1000,1000
-0.0114,0.0053,3.1160,-0.0096,-0.0025,0.5392,0.0063,-0.0042,3.1575,0.0000,-0.0794,0.3042,-9.6242,-0.0034,0.0121,-0.0052,0.0042,0.3527,-9.8074,0.0040,0.0083,-0.0077,1.7507,0.4296,-10.5892,-0.0073,-0.0047,0.0064,0.0681,-0.4379,-10.7746,0.0032,-0.0346,-0.0152,0.0000,0.0276,-0.0072,0.2886,0.0000,618.6145,0.0000,708.1005,-1.195509,0.275307,-0.066653,0.001759,-0.006321,0.062958,-1.204548,0.287091,-0.200000,0.000000,0.000000,0.000000,-1.195535,0.276148,-0.080306,1.0000,1.0000,1.0000,1.660,4.810,0.340,5.000,3.000,8.000,1.500,0.060,0.110,809884828,839146164,809883069,6721,1000,1506,1504,1505,1000,1000,1505,1505,1505,1096,2008,1625,1017,1000,1000
-0.0112,0.0054,3.1160,-0.0096,-0.0024,0.5391,0.0063,-0.0042,3.1575,0.0000,-0.1139,0.1190,-9.5922,-0.0047,0.0112,-0.0045,-0.0628,0.1764,-9.7953,0.0064,0.0060,-0.0054,-0.3825,0.3984,-10.0889,-0.0009,0.0071,0.0088,1.2766,0.7616,-9.8731,-0.0011,-0.0088,-0.0152,0.0000,0.0278,-0.0060,0.2884,0.0000,618.9106,0.0000,707.5020,-1.195485,0.275233,-0.065884,0.001911,-0.006817,0.065243,-1.204548,0.287091,-0.200000,0.000000,0.000000,0.000000,-1.195535,0.276148,-0.080306,1.0000,1.0000,1.0000,1.660,4.810,0.340,5.000,3.000,8.000,1.500,0.060,0.110,809895328,839146164,809895069,6721,1000,1506,1504,1505,1000,1000,1505,1505,1505,1096,2008,1625,1017,1000,1000
-0.0112,0.0053,3.1160,-0.0096,-0.0024,0.5390,0.0063,-0.0042,3.1575,0.0000,-0.1752,0.0129,-9.6275,-0.0038,0.0108,-0.0024,-0.2847,0.0204,-9.9112,0.0001,0.0055,-0.0018,0.5704,0.9874,-9.8087,-0.0023,0.0108,-0.0035,-0.2300,1.3003,-10.0904,0.0029,0.0056,-0.0043,0.0000,0.0274,-0.0047,0.2879,0.0000,619.0543,0.0000,706.3273,-1.195469,0.275172,-0.065291,0.001825,-0.007447,0.066679,-1.204548,0.287091,-0.200000,0.000000,0.000000,0.000000,-1.195535,0.276148,-0.080306,1.0000,1.0000,1.0000,1.660,4.810,0.340,5.000,3.000,8.000,1.500,0.060,0.110,809905828,839146164,809904069,6721,1000,1506,1504,1505,1000,1000,1505,1505,1505,1096,2008,1625,1017,1000,1000
-0.0115,0.0053,3.1160,-0.0097,-0.0024,0.5390,0.0063,-0.0042,3.1575,0.0000,-0.0204,0.0018,-9.5492,-0.0032,0.0035,0.0032,-0.0558,-0.0776,-9.7176,0.0020,0.0005,0.0022,0.5823,0.7576,-9.7130,-0.0142,0.0236,-0.0136,-0.1151,0.0343,-9.7492,0.0059,0.0048,-0.0008,0.0000,0.0270,-0.0036,0.2874,0.0000,619.0837,0.0000,705.2216,-1.195453,0.275086,-0.064478,0.001346,-0.007166,0.068875,-1.204548,0.287091,-0.200000,0.000000,0.000000,0.000000,-1.195535,0.276148,-0.080306,1.0000,1.0000,1.0000,1.660,4.810,0.340,5.000,3.000,8.000,1.500,0.060,0.110,809916328,839146164,809916080,6721,1000,1506,1504,1505,1000,1000,1505,1505,1505,1096,2008,1625,1017,1000,1000
-0.0117,0.0054,3.1160,-0.0097,-0.0024,0.5389,0.0063,-0.0042,3.1575,0.0000,0.0318,0.0578,-9.6853,-0.0025,0.0005,0.0040,-0.0615,0.0151,-9.8686,0.0007,-0.0062,0.0015,0.0341,0.2308,-9.6004,-0.0017,0.0159,-0.0120,0.9031,0.5605,-10.1694,0.0080,0.0051,-0.0083,0.0000,0.0275,-0.0021,0.2877,0.0000,619.8673,0.0000,705.1284,-1.195441,0.275023,-0.063853,0.001432,-0.006730,0.070062,-1.204548,0.287091,-0.200000,0.000000,0.000000,0.000000,-1.195535,0.276148,-0.080306,1.0000,1.0000,1.0000,1.660,4.810,0.340,5.000,3.000,8.000,1.500,0.060,0.110,809926828,839146164,809925069,6721,1000,1506,1504,1505,1000,1000,1505,1505,1505,1096,2008,1625,1017,1000,1000
-0.0114,0.0055,3.1160,-0.0098,-0.0024,0.5389,0.0063,-0.0042,3.1575,0.0000,0.1233,0.0878,-9.6598,-0.0011,0.0022,0.0075,0.0628,0.0865,-9.8097,0.0045,-0.0049,0.0029,-0.2844,0.2955,-9.3371,-0.0033,0.0175,-0.0043,-0.4527,-1.2281,-9.9845,0.0173,0.0040,-0.0027,0.0000,0.0278,-0.0043,0.2880,0.0000,619.1157,0.0000,706.3856,-1.195424,0.274936,-0.063003,0.001772,-0.007343,0.071625,-1.204548,0.287091,-0.200000,0.000000,0.000000,0.000000,-1.195535,0.276148,-0.080306,1.0000,1.0000,1.0000,1.660,4.810,0.340,5.000,3.000,8.000,1.500,0.060,0.110,809937328,839146164,809937069,6721,1000,1506,1504,1505,1000,1000,1505,1505,1505,1096,2008,1625,1017,1000,1000
-0.0108,0.0057,3.1160,-0.0098,-0.0024,0.5388,0.0063,-0.0042,3.1575,0.0000,0.1047,0.1429,-9.6098,-0.0036,0.0013,0.0015,-0.0100,0.1234,-9.7195,0.0034,0.0004,-0.0044,0.0891,-0.0445,-9.9093,0.0044,0.0044,0.0013,0.6032,0.1205,-9.8121,-0.0021,-0.0059,-0.0088,0.0000,0.0283,-0.0051,0.2884,0.0000,619.0950,0.0000,707.2975,-1.195407,0.274864,-0.062352,0.002256,-0.008247,0.073163,-1.204548,0.287091,-0.200000,0.000000,0.000000,0.000000,-1.195535,0.276148,-0.080306,1.0000,1.0000,1.0000,1.660,4.810,0.340,5.000,3.000,8.000,1.500,0.060,0.110,809947828,839146164,809946069,6721,1000,1506,1504,1505,1000,1000,1505,1505,1505,1096,2008,1625,1017,1000,1000
-0.0106,0.0055,3.1160,-0.0099,-0.0024,0.5387,0.0063,-0.0042,3.1575,0.0000,0.0456,0.0827,-9.7514,-0.0049,0.0014,-0.0081,0.0690,0.1354,-9.8478,0.0015,-0.0009,-0.0095,-0.0641,0.7169,-10.4552,-0.0023,0.0220,0.0152,0.6571,-0.7324,-10.1137,0.0011,-0.0112,0.0120,0.0000,0.0278,-0.0054,0.2889,0.0000,619.7631,0.0000,707.8745,-1.195378,0.274763,-0.061464,0.002539,-0.008861,0.074491,-1.204548,0.287091,-0.200000,0.000000,0.000000,0.000000,-1.195535,0.276148,-0.080306,1.0000,1.0000,1.0000,1.660,4.810,0.340,5.000,3.000,8.000,1.500,0.060,0.110,809958328,839146164,809958069,6721,1000,1506,1504,1505,1000,1000,1505,1505,1505,1096,2008,1625,1017,1000,1000
-0.0109,0.0052,3.1160,-0.0099,-0.0023,0.5386,0.0063,-0.0042,3.1575,0.0000,0.0913,0.0112,-9.6434,-0.0053,0.0039,-0.0035,0.1094,0.0775,-9.7416,-0.0009,0.0011,-0.0053,-1.3737,-0.2696,-8.8391,-0.0007,-0.0126,0.0096,-0.2157,0.0954,-9.3937,0.0101,-0.0077,0.0045,0.0000,0.0274,-0.0056,0.2878,0.0000,618.5644,0.0000,706.5477,-1.195359,0.274686,-0.060790,0.001981,-0.008805,0.075408,-1.204548,0.287091,-0.200000,0.000000,0.000000,0.000000,-1.195535,0.276148,-0.080306,1.0000,1.0000,1.0000,1.660,4.810,0.340,5.000,3.000,8.000,1.500,0.060,0.110,809968828,839146164,809967069,6721,1000,1506,1504,1505,1000,1000,1505,1505,1505,1096,2008,1625,1017,1000,1000
-0.0111,0.0048,3.1160,-0.0099,-0.0023,0.5385,0.0063,-0.0042,3.1575,0.0000,0.0180,-0.0218,-9.5524,-0.0041,0.0061,-0.0029,0.1075,-0.0492,-9.7567,0.0032,0.0032,-0.0029,0.6470,-0.2336,-10.2301,-0.0071,0.0081,0.0037,-1.0040,0.2301,-9.7474,-0.0016,-0.0213,-0.0069,0.0000,0.0283,-0.0052,0.2884,0.0000,619.0377,0.0000,707.2964,-1.195340,0.274580,-0.059868,0.001422,-0.009054,0.078051,-1.204548,0.287091,-0.200000,0.000000,0.000000,0.000000,-1.195535,0.276148,-0.080306,1.0000,1.0000,1.0000,1.660,4.810,0.340,5.000,3.000,8.000,1.500,0.060,0.110,809979328,839146164,809979085,6721,1000,1506,1504,1505,1000,1000,1505,1505,1505,1096,2008,1625,1017,1000,1000
-0.0112,0.0047,3.1160,-0.0100,-0.0023,0.5385,0.0063,-0.0042,3.1575,0.0000,0.0601,0.0622,-9.6841,-0.0009,0.0083,-0.0028,0.0645,-0.0270,-9.7829,0.0030,0.0090,-0.0003,0.6733,-0.7029,-9.5262,-0.0044,-0.0206,-0.0133,1.2245,0.2911,-10.0707,0.0218,-0.0277,-0.0141,0.0000,0.0272,-0.0063,0.2882,0.0000,618.7581,0.0000,707.2388,-1.195328,0.274498,-0.059162,0.000897,-0.008926,0.078919,-1.204548,0.287091,-0.200000,0.000000,0.000000,0.000000,-1.195535,0.276148,-0.080306,1.0000,1.0000,1.0000,1.660,4.810,0.340,5.000,3.000,8.000,1.500,0.060,0.110,809989828,839146164,809988069,6721,1000,1506,1504,1505,1000,1000,1505,1505,1505,1096,2008,1625,1017,1000,1000
-0.0111,0.0046,3.1160,-0.0100,-0.0023,0.5384,0.0063,-0.0042,3.1575,0.0000,0.0410,0.2669,-9.6060,-0.0005,0.0084,0.0023,0.0225,0.0924,-9.7292,0.0076,0.0013,-0.0034,0.2328,-0.4850,-9.6531,-0.0049,-0.0118,-0.0096,-0.2911,-0.2799,-9.8318,-0.0282,-0.0091,-0.0064,0.0000,0.0273,-0.0060,0.2878,0.0000,618.3628,0.0000,706.6101,-1.195311,0.274382,-0.058204,0.001272,-0.009441,0.080922,-1.204548,0.287091,-0.200000,0.000000,0.000000,0.000000,-1.195535,0.276148,-0.080306,1.0000,1.0000,1.0000,1.660,4.810,0.340,5.000,3.000,8.000,1.500,0.060,0.110,810000328,839146164,810000069,6721,1000,1506,1504,1505,1000,1000,1505,1505,1505,1096,2008,1625,1017,1000,1000
-0.0109,0.0047,3.1160,-0.0101,-0.0023,0.5383,0.0063,-0.0042,3.1575,0.0000,-0.0532,0.3480,-9.7354,-0.0012,0.0108,0.0072,-0.0237,0.2970,-9.8969,0.0066,0.0083,0.0050,-0.2556,-0.8920,-8.8056,-0.0055,-0.0071,-0.0056,-0.0415,-1.1329,-9.2069,-0.0032,-0.0013,0.0178,0.0000,0.0281,-0.0054,0.2875,0.0000,618.0675,0.0000,706.2612,-1.195294,0.274293,-0.057469,0.001676,-0.010304,0.082197,-1.204548,0.287091,-0.200000,0.000000,0.000000,0.000000,-1.195535,0.276148,-0.080306,1.0000,1.0000,1.0000,1.660,4.810,0.340,5.000,3.000,8.000,1.500,0.060,0.110,810010828,839146164,810009070,6721,1000,1506,1504,1505,1000,1000,1505,1505,1505,1096,2008,1625,1017,1000,1000
-0.0107,0.0048,3.1160,-0.0094,-0.0026,0.5383,0.0063,-0.0042,3.1575,0.0000,-0.1044,0.1404,-9.6908,-0.0038,0.0048,0.0013,-0.2145,0.1530,-9.8073,-0.0034,0.0005,-0.0012,0.2711,0.7145,-9.9260,0.0023,0.0129,-0.0011,0.2638,0.6090,-10.6183,0.0072,0.0064,0.0021,0.0000,0.0276,-0.0033,0.2881,0.0000,619.7910,0.0000,706.0663,-1.195474,0.275691,-0.069595,0.002029,-0.006070,0.055852,-1.204548,0.287091,-0.200000,0.000000,0.000000,0.000000,-1.195552,0.276261,-0.080142,1.0000,1.0000,1.0000,1.660,4.810,0.340,5.000,3.000,8.000,1.500,0.060,0.110,810020872,839278420,810018113,6722,1000,1506,1504,1505,1000,1000,1505,1505,1505,1096,2008,1625,1017,1000,1000
-0.0108,0.0048,3.1160,-0.0093,-0.0026,0.5381,0.0063,-0.0042,3.1575,0.0000,-0.0371,-0.0605,-9.5822,-0.0049,0.0029,-0.0070,-0.1252,-0.0610,-9.7938,0.0036,-0.0069,-0.0088,-0.4950,1.0042,-9.6220,0.0017,0.0233,0.0019,-0.2605,0.9627,-10.0132,0.0045,0.0205,0.0117,0.0000,0.0274,-0.0031,0.2890,0.0000,620.8911,0.0000,706.9843,-1.195524,0.275815,-0.072859,0.001558,-0.005965,0.049243,-1.204548,0.287091,-0.200000,0.000000,0.000000,0.000000,-1.195619,0.276095,-0.079946,1.0000,1.0000,1.0000,1.660,4.810,0.340,5.000,3.000,8.000,1.500,0.060,0.110,810030955,839412843,810030212,6723,1000,1506,1504,1505,1000,1000,1505,1505,1505,1096,2008,1625,1017,1000,1000
-0.0109,0.0048,3.1159,-0.0094,-0.0025,0.5381,0.0063,-0.0042,3.1575,0.0000,0.1140,-0.1785,-9.6375,-0.0045,-0.0019,-0.0029,0.1004,-0.1391,-9.8085,0.0018,-0.0066,-0.0033,-0.0186,1.2508,-10.0170,-0.0012,0.0164,0.0117,-0.4742,0.6916,-9.6127,0.0125,-0.0013,-0.0221,0.0000,0.0266,-0.0033,0.2884,0.0000,620.4271,0.0000,706.1802,-1.195518,0.275765,-0.072409,0.000817,-0.005440,0.050930,-1.204548,0.287091,-0.200000,0.000000,0.000000,0.000000,-1.195619,0.276095,-0.079946,1.0000,1.0000,1.0000,1.660,4.810,0.340,5.000,3.000,8.000,1.500,0.060,0.110,810041455,839412843,810039196,6723,1000,1506,1504,1505,1000,1000,1505,1505,1505,1096,2008,1625,1017,1000,1000
-0.0112,0.0048,3.1160,-0.0094,-0.0026,0.5380,0.0063,-0.0042,3.1575,0.0000,0.1677,-0.0691,-9.6641,-0.0022,-0.0023,0.0042,0.0804,-0.1904,-9.8541,0.0024,-0.0013,0.0040,-0.5286,0.3577,-9.4137,-0.0060,0.0081,-0.0019,-0.4832,0.0164,-9.8175,0.0072,-0.0077,-0.0032,0.0000,0.0264,-0.0045,0.2876,0.0000,619.0380,0.0000,705.5430,-1.195511,0.275697,-0.071790,0.000518,-0.005209,0.052158,-1.204548,0.287091,-0.200000,0.000000,0.000000,0.000000,-1.195619,0.276095,-0.079946,1.0000,1.0000,1.0000,1.660,4.810,0.340,5.000,3.000,8.000,1.500,0.060,0.110,810051955,839412843,810051196,6723,1000,1506,1504,1505,1000,1000,1505,1505,1505,1096,2008,1625,1017,1000,1000
-0.0112,0.0048,3.1160,-0.0095,-0.0025,0.5380,0.0063,-0.0042,3.1575,0.0000,0.2874,0.0996,-9.6010,-0.0002,0.0059,-0.0024,0.2473,-0.0992,-9.7285,0.0067,0.0028,-0.0027,0.3860,-0.2719,-9.8111,-0.0065,-0.0084,-0.0035,-1.9072,-1.6393,-9.7133,-0.0051,-0.0256,-0.0173,0.0000,0.0267,-0.0079,0.2881,0.0000,618.1073,0.0000,707.6100,-1.195508,0.275645,-0.071312,-0.000133,-0.005404,0.053950,-1.204548,0.287091,-0.200000,0.000000,0.000000,0.000000,-1.195619,0.276095,-0.079946,1.0000,1.0000,1.0000,1.660,4.810,0.340,5.000,3.000,8.000,1.500,0.060,0.110,810062455,839412843,810060196,6723,1000,1506,1504,1505,1000,1000,1505,1505,1505,1096,2008,1625,1017,1000,1000
-0.0112,0.0048,3.1159,-0.0095,-0.0025,0.5378,0.0063,-0.0042,3.1575,0.0000,0.1110,0.3229,-9.7383,-0.0018,0.0072,-0.0005,0.1793,0.2834,-9.8712,0.0038,0.0071,-0.0043,-0.0354,-0.6478,-9.1407,0.0015,-0.0252,0.0045,0.1219,-0.4236,-9.1943,0.0061,-0.0341,0.0104,0.0000,0.0275,-0.0054,0.2886,0.0000,619.4307,0.0000,707.3740,-1.195498,0.275575,-0.070654,0.000612,-0.005582,0.055511,-1.204548,0.287091,-0.200000,0.000000,0.000000,0.000000,-1.195619,0.276095,-0.079946,1.0000,1.0000,1.0000,1.660,4.810,0.340,5.000,3.000,8.000,1.500,0.060,0.110,810072955,839412843,810072196,6723,1000,1506,1504,1505,1000,1000,1505,1505,1505,1096,2008,1625,1017,1000,1000
-0.0111,0.0047,3.1159,-0.0095,-0.0025,0.5378,0.0063,-0.0042,3.1575,0.0000,-0.1147,0.3990,-9.5731,-0.0026,0.0150,0.0023,-0.0066,0.3458,-9.7728,0.0058,0.0038,0.0028,1.2503,-0.0732,-9.8375,-0.0041,-0.0057,0.0077,0.5296,-0.5672,-9.6092,-0.0128,0.0059,0.0019,0.0000,0.0278,-0.0043,0.2882,0.0000,619.4072,0.0000,706.6523,-1.195487,0.275520,-0.070148,0.000753,-0.006601,0.056847,-1.204548,0.287091,-0.200000,0.000000,0.000000,0.000000,-1.195619,0.276095,-0.079946,1.0000,1.0000,1.0000,1.660,4.810,0.340,5.000,3.000,8.000,1.500,0.060,0.110,810083455,839412843,810081212,6723,1000,1506,1504,1505,1000,1000,1505,1505,1505,1096,2008,1625,1017,1000,1000
-0.0110,0.0048,3.1160,-0.0096,-0.0025,0.5377,0.0063,-0.0042,3.1575,0.0000,-0.1267,0.2483,-9.6299,-0.0045,0.0093,-0.0013,-0.1251,0.2992,-9.7754,0.0011,0.0094,-0.0046,0.2711,-0.2312,-10.1870,-0.0012,0.0055,0.0040,0.5727,-0.3787,-10.4962,-0.0077,-0.0072,-0.0064,0.0000,0.0274,-0.0029,0.2878,0.0000,619.6437,0.0000,705.5144,-1.195478,0.275443,-0.069450,0.000678,-0.006974,0.059528,-1.204548,0.287091,-0.200000,0.000000,0.000000,0.000000,-1.195619,0.276095,-0.079946,1.0000,1.0000,1.0000,1.660,4.810,0.340,5.000,3.000,8.000,1.500,0.060,0.110,810093955,839412843,810093196,6723,1000,1506,1504,1505,1000,1000,1505,1505,1505,1096,2008,1625,1017,1000,1000
-0.0109,0.0048,3.1160,-0.0096,-0.0025,0.5377,0.0063,-0.0042,3.1575,0.0000,-0.1673,0.0426,-9.6743,-0.0043,0.0079,-0.0030,-0.1958,0.0926,-9.7938,0.0021,0.0022,-0.0050,-0.6698,0.3098,-9.1910,0.0028,0.0105,-0.0040,0.9300,0.5048,-9.8659,0.0202,0.0109,-0.0197,0.0000,0.0278,-0.0055,0.2885,0.0000,619.1829,0.0000,707.4083,-1.195472,0.275383,-0.068911,0.000925,-0.007386,0.060254,-1.204548,0.287091,-0.200000,0.000000,0.000000,0.000000,-1.195619,0.276095,-0.079946,1.0000,1.0000,1.0000,1.660,4.810,0.340,5.000,3.000,8.000,1.500,0.060,0.110,810104455,839412843,810102196,6723,1000,1506,1504,1505,1000,1000,1505,1505,1505,1096,2008,1625,1017,1000,1000
-0.0110,0.0049,3.1159,-0.0096,-0.0025,0.5375,0.0063,-0.0042,3.1575,0.0000,-0.0103,-0.1090,-9.4708,-0.0036,-0.0001,-0.0063,-0.0988,-0.1048,-9.6806,0.0032,-0.0040,-0.0084,0.9463,1.4351,-10.4240,-0.0079,0.0305,-0.0112,0.8708,2.5842,-10.3454,-0.0210,0.0064,-0.0290,0.0000,0.0275,-0.0024,0.2887,0.0000,620.8746,0.0000,706.4359,-1.195465,0.275296,-0.068174,0.001202,-0.007694,0.063075,-1.204548,0.287091,-0.200000,0.000000,0.000000,0.000000,-1.195619,0.276095,-0.079946,1.0000,1.0000,1.0000,1.660,4.810,0.340,5.000,3.000,8.000,1.500,0.060,0.110,810114955,839412843,810114196,6723,1000,1506,1504,1505,1000,1000,1505,1505,1505,1096,2008,1625,1017,1000,1000
-0.0112,0.0050,3.1159,-0.0097,-0.0025,0.5374,0.0063,-0.0042,3.1575,0.0000,0.0201,-0.0623,-9.7557,-0.0017,0.0020,0.0042,-0.0022,-0.0709,-9.8939,0.0059,-0.0101,0.0037,-1.5653,-0.3988,-9.6531,-0.0057,0.0340,-0.0019,0.4003,1.1297,-9.3308,0.0032,0.0077,0.0000,0.0000,0.0270,-0.0026,0.2879,0.0000,620.0186,0.0000,705.3621,-1.195458,0.275230,-0.067601,0.000863,-0.006967,0.064053,-1.204548,0.287091,-0.200000,0.000000,0.000000,0.000000,-1.195619,0.276095,-0.079946,1.0000,1.0000,1.0000,1.660,4.810,0.340,5.000,3.000,8.000,1.500,0.060,0.110,810125455,839412843,810123196,6723,1000,1506,1504,1505,1000,1000,1505,1505,1505,1096,2008,1625,1017,1000,1000
-0.0113,0.0049,3.1160,-0.0097,-0.0024,0.5374,0.0063,-0.0042,3.1575,0.0000,0.1234,0.0096,-9.5406,-0.0011,0.0003,0.0104,0.0984,-0.0955,-9.6712,0.0064,-0.0039,0.0093,-0.0090,0.1973,-9.6914,-0.0063,0.0169,-0.0072,-0.7167,-0.0878,-10.0563,0.0154,-0.0056,-0.0176,0.0000,0.0270,-0.0036,0.2872,0.0000,618.8542,0.0000,704.9586,-1.195454,0.275139,-0.066825,0.000257,-0.007457,0.065666,-1.204548,0.287091,-0.200000,0.000000,0.000000,0.000000,-1.195619,0.276095,-0.079946,1.0000,1.0000,1.0000,1.660,4.810,0.340,5.000,3.000,8.000,1.500,0.060,0.110,810135955,839412843,810135196,6723,1000,1506,1504,1505,1000,1000,1505,1505,1505,1096,2008,1625,1017,1000,1000
-0.0113,0.0047,3.1159,-0.0098,-0.0024,0.5373,0.0063,-0.0042,3.1575,0.0000,0.0990,0.0942,-9.6829,-0.0021,0.0053,-0.0035,0.1784,0.0822,-9.9136,0.0060,0.0000,-0.0037,0.6302,0.3482,-9.3371,0.0017,-0.0057,-0.0069,-0.3880,0.0182,-10.3634,0.0045,-0.0234,-0.0170,0.0000,0.0279,-0.0057,0.2888,0.0000,619.4583,0.0000,707.8733,-1.195452,0.275064,-0.066224,-0.000152,-0.008502,0.067710,-1.204548,0.287091,-0.200000,0.000000,0.000000,0.000000,-1.195619,0.276095,-0.079946,1.0000,1.0000,1.0000,1.660,4.810,0.340,5.000,3.000,8.000,1.500,0.060,0.110,810146455,839412843,810144196,6723,1000,1506,1504,1505,1000,1000,1505,1505,1505,1096,2008,1625,1017,1000,1000
-0.0110,0.0047,3.1159,-0.0098,-0.0024,0.5372,0.0063,-0.0042,3.1575,0.0000,0.1945,0.1719,-9.6523,-0.0022,0.0039,-0.0011,0.2299,0.1681,-9.8504,-0.0010,-0.0014,-0.0086,0.1514,0.2955,-9.7656,-0.0087,0.0063,0.0160,0.8133,1.1441,-9.6127,0.0019,-0.0264,0.0109,0.0000,0.0279,-0.0064,0.2892,0.0000,619.5759,0.0000,708.5957,-1.195451,0.274955,-0.065402,0.000230,-0.009257,0.069344,-1.204548,0.287091,-0.200000,0.000000,0.000000,0.000000,-1.195619,0.276095,-0.079946,1.0000,1.0000,1.0000,1.660,4.810,0.340,5.000,3.000,8.000,1.500,0.060,0.110,810156955,839412843,810156196,6723,1000,1506,1504,1505,1000,1000,1505,1505,1505,1096,2008,1625,1017,1000,1000
-0.0110,0.0046,3.1159,-0.0098,-0.0024,0.5372,0.0063,-0.0042,3.1575,0.0000,0.0467,0.1866,-9.6327,-0.0045,0.0047,0.0013,0.0576,0.1816,-9.7887,0.0020,0.0020,0.0005,-0.1431,0.4080,-9.2030,0.0095,-0.0103,0.0187,-0.4042,-0.0824,-9.7133,0.0080,-0.0099,0.0141,0.0000,0.0278,-0.0046,0.2879,0.0000,618.9655,0.0000,706.4382,-1.195447,0.274872,-0.064771,0.000366,-0.009508,0.070945,-1.204548,0.287091,-0.200000,0.000000,0.000000,0.000000,-1.195619,0.276095,-0.079946,1.0000,1.0000,1.0000,1.660,4.810,0.340,5.000,3.000,8.000,1.500,0.060,0.110,810167455,839412843,810165196,6723,1000,1506,1504,1505,1000,1000,1505,1505,1505,1096,2008,1625,1017,1000,1000
-0.0111,0.0045,3.1160,-0.0099,-0.0024,0.5371,0.0063,-0.0042,3.1575,0.0000,0.0019,0.0490,-9.5596,-0.0045,0.0094,-0.0066,0.0952,0.0194,-9.7360,0.0031,0.0029,-0.0086,0.8529,0.6977,-10.0314,-0.0073,-0.0004,0.0008,0.2063,0.5048,-10.3095,-0.0061,-0.0229,-0.0016,0.0000,0.0275,-0.0059,0.2877,0.0000,618.3062,0.0000,706.5762,-1.195443,0.274759,-0.063906,0.000227,-0.009804,0.073439,-1.204548,0.287091,-0.200000,0.000000,0.000000,0.000000,-1.195619,0.276095,-0.079946,1.0000,1.0000,1.0000,1.660,4.810,0.340,5.000,3.000,8.000,1.500,0.060,0.110,810177955,839412843,810177196,6723,1000,1506,1504,1505,1000,1000,1505,1505,1505,1096,2008,1625,1017,1000,1000
-0.0112,0.0046,3.1159,-0.0099,-0.0024,0.5370,0.0063,-0.0042,3.1575,0.0000,-0.0586,0.0197,-9.7290,-0.0033,0.0055,-0.0095,0.0233,0.0171,-9.8999,0.0023,0.0021,-0.0065,0.1298,-0.3486,-9.6411,-0.0041,0.0033,-0.0061,0.4937,0.1277,-9.2105,0.0061,-0.0051,-0.0200,0.0000,0.0272,-0.0031,0.2884,0.0000,620.3450,0.0000,706.3068,-1.195439,0.274674,-0.063240,0.000482,-0.009566,0.074470,-1.204548,0.287091,-0.200000,0.000000,0.000000,0.000000,-1.195619,0.276095,-0.079946,1.0000,1.0000,1.0000,1.660,4.810,0.340,5.000,3.000,8.000,1.500,0.060,0.110,810188455,839412843,810186196,6723,1000,1506,1504,1505,1000,1000,1505,1505,1505,1096,2008,1625,1017,1000,1000
-0.0112,0.0042,3.1159,-0.0099,-0.0023,0.5369,0.0063,-0.0042,3.1575,0.0000,-0.0771,0.1035,-9.5212,-0.0015,0.0114,0.0037,-0.0628,-0.0166,-9.6462,0.0056,0.0059,0.0008,0.4602,-0.3605,-9.4951,-0.0060,-0.0033,-0.0069,0.1525,0.2768,-9.7043,-0.0189,0.0117,-0.0099,0.0000,0.0282,-0.0042,0.2880,0.0000,619.1109,0.0000,706.4995,-1.195435,0.274553,-0.062337,-0.000004,-0.010293,0.076509,-1.204548,0.287091,-0.200000,0.000000,0.000000,0.000000,-1.195619,0.276095,-0.079946,1.0000,1.0000,1.0000,1.660,4.810,0.340,5.000,3.000,8.000,1.500,0.060,0.110,810198955,839412843,810198197,6723,1000,1506,1504,1505,1000,1000,1505,1505,1505,1096,2008,1625,1017,1000,1000
-0.0111,0.0041,3.1159,-0.0100,-0.0023,0.5369,0.0063,-0.0042,3.1575,0.0000,-0.0671,0.1896,-9.7225,-0.0018,0.0068,0.0064,-0.0089,0.1774,-9.8959,0.0032,0.0028,0.0022,0.6542,-0.2360,-9.8231,-0.0068,0.0071,-0.0093,0.4631,0.0631,-9.4368,0.0008,0.0005,0.0104,0.0000,0.0276,-0.0054,0.2876,0.0000,618.3573,0.0000,706.2783,-1.195433,0.274457,-0.061640,0.000125,-0.010810,0.078092,-1.204548,0.287091,-0.200000,0.000000,0.000000,0.000000,-1.195619,0.276095,-0.079946,1.0000,1.0000,1.0000,1.660,4.810,0.340,5.000,3.000,8.000,1.500,0.060,0.110,810209455,839412843,810207196,6723,1000,1506,1504,1505,1000,1000,1505,1505,1505,1096,2008,1625,1017,1000,1000
-0.0109,0.0037,3.1159,-0.0100,-0.0024,0.5368,0.0063,-0.0042,3.1575,0.0000,-0.0749,0.2873,-9.5496,-0.0030,0.0040,0.0008,-0.1161,0.2711,-9.7460,0.0041,-0.0018,-0.0021,-0.0282,0.2500,-9.2485,0.0031,0.0113,-0.0101,0.5188,0.0307,-9.8534,0.0117,0.0021,-0.0008,0.0000,0.0283,-0.0038,0.2882,0.0000,619.4526,0.0000,706.6013,-1.195434,0.274322,-0.060694,-0.000420,-0.011431,0.079834,-1.204548,0.287091,-0.200000,0.000000,0.000000,0.000000,-1.195619,0.276095,-0.079946,1.0000,1.0000,1.0000,1.660,4.810,0.340,5.000,3.000,8.000,1.500,0.060,0.110,810219955,839412843,810219205,6723,1000,1506,1504,1505,1000,1000,1505,1505,1505,1096,2008,1625,1017,1000,1000
-0.0107,0.0038,3.1159,-0.0101,-0.0023,0.5367,0.0063,-0.0042,3.1575,0.0000,0.0388,0.0874,-9.6159,-0.0039,0.0033,0.0042,0.0350,0.1541,-9.8149,-0.0001,-0.0033,0.0000,0.5608,0.7384,-10.2828,0.0052,0.0297,0.0077,-0.3827,-0.3069,-10.3274,0.0176,0.0072,0.0091,0.0000,0.0287,-0.0037,0.2882,0.0000,619.3303,0.0000,706.6255,-1.195439,0.274218,-0.059965,-0.000036,-0.011975,0.082304,-1.204548,0.287091,-0.200000,0.000000,0.000000,0.000000,-1.195619,0.276095,-0.079946,1.0000,1.0000,1.0000,1.660,4.810,0.340,5.000,3.000,8.000,1.500,0.060,0.110,810230455,839412843,810228196,6723,1000,1506,1504,1505,1000,1000,1505,1505,1505,1096,2008,1625,1017,1000,1000
-0.0104,0.0038,3.1159,-0.0101,-0.0023,0.5366,0.0063,-0.0042,3.1575,0.0000,0.0828,-0.0742,-9.6671,-0.0042,-0.0017,-0.0015,0.0718,0.0394,-9.9073,0.0007,-0.0053,-0.0023,-0.7488,0.6043,-9.3443,0.0044,0.0204,0.0091,0.5242,1.2536,-9.8641,0.0245,-0.0176,0.0093,0.0000,0.0288,-0.0021,0.2887,0.0000,620.5294,0.0000,706.6354,-1.195437,0.274070,-0.058967,0.001034,-0.013221,0.083870,-1.204548,0.287091,-0.200000,0.000000,0.000000,0.000000,-1.195619,0.276095,-0.079946,1.0000,1.0000,1.0000,1.660,4.810,0.340,5.000,3.000,8.000,1.500,0.060,0.110,810240955,839412843,810240196,6723,1000,1506,1504,1505,1000,1000,1505,1505,1505,1096,2008,1625,1017,1000,1000
-0.0105,0.0038,3.1159,-0.0101,-0.0023,0.5366,0.0063,-0.0042,3.1575,0.0000,0.1087,-0.1373,-9.5254,-0.0061,0.0020,-0.0068,0.0566,-0.0776,-9.6868,0.0026,-0.0075,-0.0103,-0.4041,1.4950,-9.5262,0.0047,0.0057,0.0091,-0.5928,0.3773,-9.7079,0.0061,0.0045,0.0107,0.0000,0.0284,-0.0051,0.2888,0.0000,619.6035,0.0000,707.8480,-1.195432,0.273952,-0.058205,0.000604,-0.013122,0.085797,-1.204548,0.287091,-0.200000,0.000000,0.000000,0.000000,-1.195619,0.276095,-0.079946,1.0000,1.0000,1.0000,1.660,4.810,0.340,5.000,3.000,8.000,1.500,0.060,0.110,810251455,839412843,810249196,6723,1000,1506,1504,1505,1000,1000,1505,1505,1505,1096,2008,1625,1017,1000,1000
-0.0106,0.0037,3.1158,-0.0102,-0.0023,0.5364,0.0063,-0.0042,3.1575,0.0000,0.0975,-0.0863,-9.7085,-0.0031,-0.0007,-0.0060,0.0704,-0.1895,-9.8616,0.0016,-0.0070,-0.0052,-0.1168,-0.1882,-9.4544,-0.0193,0.0047,-0.0037,-0.4437,-0.5457,-10.4190,-0.0064,0.0080,-0.0173,0.0000,0.0279,-0.0059,0.2886,0.0000,619.1144,0.0000,707.7309,-1.195427,0.273790,-0.057161,0.000237,-0.013716,0.087753,-1.204548,0.287091,-0.200000,0.000000,0.000000,0.000000,-1.195619,0.276095,-0.079946,1.0000,1.0000,1.0000,1.660,4.810,0.340,5.000,3.000,8.000,1.500,0.060,0.110,810261955,839412843,810261196,6723,1000,1506,1504,1505,1000,1000,1505,1505,1505,1096,2008,1625,1017,1000,1000
-0.0107,0.0035,3.1158,-0.0102,-0.0023,0.5364,0.0063,-0.0042,3.1575,0.0000,0.1299,0.0481,-9.5684,-0.0013,0.0041,-0.0002,0.1883,-0.0604,-9.7335,0.0083,0.0044,-0.0011,-1.0697,-0.7652,-9.0617,-0.0071,-0.0108,0.0048,0.5834,0.3594,-9.0740,-0.0093,0.0003,0.0037,0.0000,0.0279,-0.0070,0.2880,0.0000,618.0175,0.0000,707.4339,-1.195427,0.273661,-0.056366,-0.000875,-0.014173,0.088968,-1.204548,0.287091,-0.200000,0.000000,0.000000,0.000000,-1.195619,0.276095,-0.079946,1.0000,1.0000,1.0000,1.660,4.810,0.340,5.000,3.000,8.000,1.500,0.060,0.110,810272455,839412843,810270196,6723,1000,1506,1504,1505,1000,1000,1505,1505,1505,1096,2008,1625,1017,1000,1000
-0.0107,0.0036,3.1159,-0.0103,-0.0023,0.5363,0.0063,-0.0042,3.1575,0.0000,0.0424,0.3435,-9.7054,-0.0020,0.0093,0.0045,0.0351,0.1437,-9.8984,0.0017,-0.0004,0.0015,0.7978,-0.9351,-9.4113,-0.0065,-0.0198,-0.0048,-1.4744,-1.8314,-9.8031,-0.0210,-0.0200,-0.0056,0.0000,0.0288,-0.0058,0.2880,0.0000,618.1837,0.0000,707.1890,-1.195429,0.273486,-0.055283,-0.000480,-0.014205,0.091186,-1.204548,0.287091,-0.200000,0.000000,0.000000,0.000000,-1.195619,0.276095,-0.079946,1.0000,1.0000,1.0000,1.660,4.810,0.340,5.000,3.000,8.000,1.500,0.060,0.110,810282955,839412843,810282196,6723,1000,1506,1504,1505,1000,1000,1505,1505,1505,1096,2008,1625,1017,1000,1000
-0.0106,0.0036,3.1159,-0.0103,-0.0023,0.5363,0.0063,-0.0042,3.1575,0.0000,-0.0675,0.4203,-9.6291,-0.0019,0.0133,0.0011,-0.0079,0.4073,-9.8269,0.0038,0.0080,0.0005,0.2160,-0.8777,-9.6603,-0.0025,-0.0073,-0.0008,1.4939,-0.1506,-9.4817,0.0000,-0.0037,-0.0200,0.0000,0.0292,-0.0039,0.2884,0.0000,619.2849,0.0000,707.0578,-1.195428,0.273353,-0.054457,-0.000125,-0.015241,0.092383,-1.204548,0.287091,-0.200000,0.000000,0.000000,0.000000,-1.195619,0.276095,-0.079946,1.0000,1.0000,1.0000,1.660,4.810,0.340,5.000,3.000,8.000,1.500,0.060,0.110,810293455,839412843,810291197,6723,1000,1506,1504,1505,1000,1000,1505,1505,1505,1096,2008,1625,1017,1000,1000
-0.0105,0.0037,3.1159,-0.0092,-0.0028,0.5361,0.0063,-0.0042,3.1575,0.0000,-0.1279,0.2155,-9.6286,-0.0038,0.0119,-0.0006,-0.0163,0.3500,-9.7876,0.0020,0.0049,-0.0049,-0.1000,-0.4946,-9.4711,0.0055,-0.0068,-0.0013,0.5637,0.5066,-10.0724,0.0067,0.0032,0.0067,0.0000,0.0270,-0.0026,0.2886,0.0000,620.8126,0.0000,706.1918,-1.195599,0.275676,-0.072658,-0.000835,-0.007141,0.052801,-1.204548,0.287091,-0.200000,0.000000,0.000000,0.000000,-1.195734,0.275994,-0.080317,1.0000,1.0000,1.0000,1.660,4.810,0.340,5.000,3.000,8.000,1.500,0.060,0.110,810303552,839677666,810303293,6725,1000,1506,1504,1505,1000,1000,1505,1505,1505,1096,2008,1625,1017,1000,1000
-0.0106,0.0039,3.1158,-0.0093,-0.0028,0.5360,0.0063,-0.0042,3.1575,0.0000,-0.0995,-0.0088,-9.6771,-0.0042,0.0033,-0.0027,-0.1319,0.0250,-9.8349,0.0055,-0.0035,-0.0066,-0.0617,0.1518,-9.8399,-0.0087,0.0308,0.0008,-1.3254,0.2606,-10.1928,-0.0011,0.0274,-0.0117,0.0000,0.0265,-0.0004,0.2885,0.0000,621.8104,0.0000,705.2014,-1.195603,0.275617,-0.072180,0.000196,-0.006796,0.053640,-1.204548,0.287091,-0.200000,0.000000,0.000000,0.000000,-1.195734,0.275994,-0.080317,1.0000,1.0000,1.0000,1.660,4.810,0.340,5.000,3.000,8.000,1.500,0.060,0.110,810314052,839677666,810312293,6725,1000,1506,1504,1505,1000,1000,1505,1505,1505,1096,2008,1625,1017,1000,1000
-0.0107,0.0040,3.1158,-0.0093,-0.0028,0.5360,0.0063,-0.0042,3.1575,0.0000,0.0109,-0.1476,-9.5410,-0.0038,0.0031,-0.0000,-0.0954,-0.1493,-9.7311,-0.0004,-0.0022,0.0013,-0.3538,0.9587,-9.8662,-0.0033,0.0324,0.0016,0.2189,1.2644,-9.2644,0.0115,0.0115,-0.0069,0.0000,0.0272,-0.0034,0.2884,0.0000,620.1790,0.0000,706.2930,-1.195607,0.275537,-0.071528,0.000101,-0.007170,0.055426,-1.204548,0.287091,-0.200000,0.000000,0.000000,0.000000,-1.195734,0.275994,-0.080317,1.0000,1.0000,1.0000,1.660,4.810,0.340,5.000,3.000,8.000,1.500,0.060,0.110,810324552,839677666,810324294,6725,1000,1506,1504,1505,1000,1000,1505,1505,1505,1096,2008,1625,1017,1000,1000
-0.0109,0.0041,3.1159,-0.0093,-0.0028,0.5359,0.0063,-0.0042,3.1575,0.0000,0.1504,-0.1604,-9.6643,-0.0024,-0.0044,0.0015,0.1055,-0.1544,-9.7245,0.0058,-0.0057,-0.0018,-1.9962,-0.4946,-9.3299,-0.0089,0.0156,-0.0099,-1.1135,0.0074,-11.0421,-0.0075,0.0181,-0.0144,0.0000,0.0266,-0.0009,0.2882,0.0000,621.1647,0.0000,704.9623,-1.195612,0.275478,-0.071021,-0.000256,-0.006161,0.057042,-1.204548,0.287091,-0.200000,0.000000,0.000000,0.000000,-1.195734,0.275994,-0.080317,1.0000,1.0000,1.0000,1.660,4.810,0.340,5.000,3.000,8.000,1.500,0.060,0.110,810335052,839677666,810333293,6725,1000,1506,1504,1505,1000,1000,1505,1505,1505,1096,2008,1625,1017,1000,1000
-0.0110,0.0040,3.1158,-0.0094,-0.0028,0.5358,0.0063,-0.0042,3.1575,0.0000,0.1742,0.0039,-9.6443,-0.0020,-0.0010,-0.0014,0.2214,-0.0866,-9.7426,0.0051,-0.0073,-0.0063,-0.1575,0.4152,-9.1767,-0.0012,0.0001,-0.0024,-0.6987,1.0597,-9.4960,-0.0040,0.0112,0.0029,0.0000,0.0264,-0.0029,0.2885,0.0000,620.8277,0.0000,706.1065,-1.195618,0.275396,-0.070328,-0.000510,-0.006731,0.058416,-1.204548,0.287091,-0.200000,0.000000,0.000000,0.000000,-1.195734,0.275994,-0.080317,1.0000,1.0000,1.0000,1.660,4.810,0.340,5.000,3.000,8.000,1.500,0.060,0.110,810345552,839677666,810345293,6725,1000,1506,1504,1505,1000,1000,1505,1505,1505,1096,2008,1625,1017,1000,1000
-0.0110,0.0038,3.1158,-0.0094,-0.0027,0.5357,0.0063,-0.0042,3.1575,0.0000,0.1547,0.1959,-9.6935,-0.0014,0.0045,0.0047,0.2555,0.1504,-9.8662,0.0061,0.0029,0.0029,0.5464,-0.3222,-9.8853,-0.0095,0.0004,0.0021,-0.6287,-1.4956,-9.7169,-0.0197,-0.0261,-0.0218,0.0000,0.0269,-0.0065,0.2882,0.0000,618.7720,0.0000,707.2295,-1.195628,0.275326,-0.069796,-0.001783,-0.007727,0.059597,-1.204548,0.287091,-0.200000,0.000000,0.000000,0.000000,-1.195734,0.275994,-0.080317,1.0000,1.0000,1.0000,1.660,4.810,0.340,5.000,3.000,8.000,1.500,0.060,0.110,810356052,839677666,810354293,6725,1000,1506,1504,1505,1000,1000,1505,1505,1505,1096,2008,1625,1017,1000,1000
-0.0109,0.0037,3.1158,-0.0094,-0.0027,0.5357,0.0063,-0.0042,3.1575,0.0000,0.0944,0.3035,-9.7103,-0.0019,0.0066,-0.0019,0.1833,0.1542,-9.7738,0.0002,0.0040,-0.0075,0.0724,-0.1834,-9.6292,0.0089,-0.0124,0.0069,0.0483,-1.0575,-9.6379,-0.0040,-0.0306,0.0170,0.0000,0.0271,-0.0061,0.2887,0.0000,619.4494,0.0000,707.7607,-1.195644,0.275227,-0.069074,-0.001666,-0.008162,0.060806,-1.204548,0.287091,-0.200000,0.000000,0.000000,0.000000,-1.195734,0.275994,-0.080317,1.0000,1.0000,1.0000,1.660,4.810,0.340,5.000,3.000,8.000,1.500,0.060,0.110,810366552,839677666,810366293,6725,1000,1506,1504,1505,1000,1000,1505,1505,1505,1096,2008,1625,1017,1000,1000
-0.0107,0.0037,3.1158,-0.0095,-0.0027,0.5356,0.0063,-0.0042,3.1575,0.0000,0.0021,0.1943,-9.6620,-0.0058,0.0121,-0.0050,0.0799,0.2050,-9.7831,-0.0003,0.0052,-0.0057,0.8002,0.5708,-9.5837,0.0001,-0.0174,0.0139,0.4308,0.0200,-9.8713,0.0123,-0.0253,0.0154,0.0000,0.0280,-0.0061,0.2890,0.0000,619.4860,0.0000,708.3765,-1.195654,0.275148,-0.068519,-0.001204,-0.009501,0.062531,-1.204548,0.287091,-0.200000,0.000000,0.000000,0.000000,-1.195734,0.275994,-0.080317,1.0000,1.0000,1.0000,1.660,4.810,0.340,5.000,3.000,8.000,1.500,0.060,0.110,810377052,839677666,810375293,6725,1000,1506,1504,1505,1000,1000,1505,1505,1505,1096,2008,1625,1017,1000,1000
-0.0107,0.0040,3.1158,-0.0095,-0.0027,0.5355,0.0063,-0.0042,3.1575,0.0000,-0.1187,0.1548,-9.6410,-0.0044,0.0088,0.0025,-0.1000,0.1520,-9.8203,0.0040,-0.0003,-0.0018,0.8744,-0.1259,-9.8327,-0.0047,0.0047,0.0101,0.8941,0.4114,-9.7079,0.0024,0.0099,0.0115,0.0000,0.0272,-0.0032,0.2878,0.0000,619.6149,0.0000,705.5803,-1.195665,0.275038,-0.067758,-0.000966,-0.009448,0.064185,-1.204548,0.287091,-0.200000,0.000000,0.000000,0.000000,-1.195734,0.275994,-0.080317,1.0000,1.0000,1.0000,1.660,4.810,0.340,5.000,3.000,8.000,1.500,0.060,0.110,810387552,839677666,810387309,6725,1000,1506,1504,1505,1000,1000,1505,1505,1505,1096,2008,1625,1017,1000,1000
-0.0108,0.0039,3.1159,-0.0096,-0.0027,0.5355,0.0063,-0.0042,3.1575,0.0000,-0.1654,0.0403,-9.6141,-0.0043,0.0103,-0.0072,-0.0848,0.0306,-9.7618,0.0018,0.0004,-0.0072,0.0341,0.4726,-10.1343,0.0057,0.0020,-0.0112,-0.3862,0.5138,-9.6702,-0.0027,0.0173,-0.0165,0.0000,0.0269,-0.0024,0.2878,0.0000,620.0989,0.0000,705.2137,-1.195674,0.274956,-0.067176,-0.001160,-0.009567,0.065491,-1.204548,0.287091,-0.200000,0.000000,0.000000,0.000000,-1.195734,0.275994,-0.080317,1.0000,1.0000,1.0000,1.660,4.810,0.340,5.000,3.000,8.000,1.500,0.060,0.110,810398052,839677666,810396293,6725,1000,1506,1504,1505,1000,1000,1505,1505,1505,1096,2008,1625,1017,1000,1000
-0.0110,0.0039,3.1158,-0.0096,-0.0027,0.5353,0.0063,-0.0042,3.1575,0.0000,-0.0658,0.0130,-9.7332,-0.0023,0.0055,-0.0056,-0.0573,0.0484,-9.7766,0.0031,0.0018,-0.0037,-0.7033,-0.3174,-9.0522,-0.0145,0.0100,-0.0147,-0.1241,0.0523,-9.4386,-0.0192,0.0085,-0.0280,0.0000,0.0272,-0.0028,0.2891,0.0000,621.2081,0.0000,706.9276,-1.195694,0.274840,-0.066382,-0.001741,-0.009876,0.066659,-1.204548,0.287091,-0.200000,0.000000,0.000000,0.000000,-1.195734,0.275994,-0.080317,1.0000,1.0000,1.0000,1.660,4.810,0.340,5.000,3.000,8.000,1.500,0.060,0.110,810408552,839677666,810408293,6725,1000,1506,1504,1505,1000,1000,1505,1505,1505,1096,2008,1625,1017,1000,1000
-0.0111,0.0040,3.1158,-0.0096,-0.0027,0.5353,0.0063,-0.0042,3.1575,0.0000,0.0436,0.0331,-9.6740,-0.0021,0.0035,0.0115,0.0588,-0.0227,-9.7485,0.0038,-0.0108,0.0107,0.8792,0.2332,-9.7656,-0.0052,0.0188,-0.0019,-0.6538,-0.0285,-9.2321,-0.0208,0.0029,-0.0005,0.0000,0.0281,-0.0037,0.2883,0.0000,619.6993,0.0000,706.6311,-1.195710,0.274750,-0.065778,-0.001583,-0.009833,0.067628,-1.204548,0.287091,-0.200000,0.000000,0.000000,0.000000,-1.195734,0.275994,-0.080317,1.0000,1.0000,1.0000,1.660,4.810,0.340,5.000,3.000,8.000,1.500,0.060,0.110,810419052,839677666,810417293,6725,1000,1506,1504,1505,1000,1000,1505,1505,1505,1096,2008,1625,1017,1000,1000
-0.0108,0.0044,3.1159,-0.0097,-0.0026,0.5353,0.0063,-0.0042,3.1575,0.0000,0.0772,0.1092,-9.5753,-0.0010,0.0029,0.0096,0.0596,-0.0054,-9.7831,-0.0004,-0.0032,0.0069,-0.3251,-0.2360,-9.6866,-0.0100,0.0268,-0.0107,0.4290,0.0774,-10.0078,0.0093,-0.0032,0.0096,0.0000,0.0268,-0.0036,0.2875,0.0000,619.1995,0.0000,705.2215,-1.195725,0.274626,-0.064956,-0.000980,-0.010460,0.069674,-1.204548,0.287091,-0.200000,0.000000,0.000000,0.000000,-1.195734,0.275994,-0.080317,1.0000,1.0000,1.0000,1.660,4.810,0.340,5.000,3.000,8.000,1.500,0.060,0.110,810429552,839677666,810429293,6725,1000,1506,1504,1505,1000,1000,1505,1505,1505,1096,2008,1625,1017,1000,1000
-0.0103,0.0045,3.1158,-0.0097,-0.0026,0.5352,0.0063,-0.0042,3.1575,0.0000,0.1203,0.1487,-9.6574,-0.0026,0.0033,-0.0076,0.1578,0.1195,-9.8128,0.0003,-0.0069,-0.0129,0.3645,0.1901,-9.7178,-0.0055,0.0151,-0.0051,0.4344,-0.1219,-9.3919,0.0107,0.0056,0.0019,0.0000,0.0276,-0.0039,0.2893,0.0000,620.8519,0.0000,707.7202,-1.195734,0.274526,-0.064319,-0.000709,-0.011291,0.071329,-1.204548,0.287091,-0.200000,0.000000,0.000000,0.000000,-1.195734,0.275994,-0.080317,1.0000,1.0000,1.0000,1.660,4.810,0.340,5.000,3.000,8.000,1.500,0.060,0.110,810440052,839677666,810438309,6725,1000,1506,1504,1505,1000,1000,1505,1505,1505,1096,2008,1625,1017,1000,1000
-0.0104,0.0045,3.1158,-0.0098,-0.0026,0.5350,0.0063,-0.0042,3.1575,0.0000,0.1016,0.1644,-9.6843,-0.0038,0.0011,-0.0025,0.0301,0.2813,-9.8405,0.0026,0.0022,-0.0058,0.3094,0.3649,-9.6962,0.0012,0.0065,0.0147,0.2333,0.6431,-10.4244,0.0189,-0.0035,-0.0019,0.0000,0.0282,-0.0036,0.2890,0.0000,620.4934,0.0000,707.4446,-1.195741,0.274392,-0.063455,-0.000506,-0.011210,0.072787,-1.204548,0.287091,-0.200000,0.000000,0.000000,0.000000,-1.195734,0.275994,-0.080317,1.0000,1.0000,1.0000,1.660,4.810,0.340,5.000,3.000,8.000,1.500,0.060,0.110,810450552,839677666,810450293,6725,1000,1506,1504,1505,1000,1000,1505,1505,1505,1096,2008,1625,1017,1000,1000
-0.0107,0.0043,3.1158,-0.0092,-0.0029,0.5349,0.0063,-0.0042,3.1575,0.0000,0.0206,0.0502,-9.5893,-0.0056,0.0047,0.0028,0.0527,0.0810,-9.8395,-0.0016,0.0044,0.0013,0.5249,0.3290,-9.8111,0.0073,-0.0055,0.0184,-0.3054,0.1888,-9.8354,0.0146,-0.0067,0.0021,0.0000,0.0274,-0.0041,0.2882,0.0000,619.6437,0.0000,706.4804,-1.195803,0.275472,-0.070417,-0.001123,-0.006659,0.056149,-1.204548,0.287091,-0.200000,0.000000,0.000000,0.000000,-1.195842,0.276269,-0.080294,1.0000,1.0000,1.0000,1.660,4.810,0.340,5.000,3.000,8.000,1.500,0.060,0.110,810460604,839778833,810459293,6726,1000,1506,1504,1505,1000,1000,1505,1505,1505,1096,2008,1625,1017,1000,1000
-0.0110,0.0041,3.1159,-0.0092,-0.0029,0.5349,0.0063,-0.0042,3.1575,0.0000,0.0416,-0.0891,-9.6779,-0.0035,0.0054,-0.0037,0.0731,-0.1772,-9.9027,0.0018,0.0001,-0.0037,-0.3107,0.0393,-9.9979,-0.0092,-0.0111,-0.0008,-0.5550,-0.2512,-10.3831,-0.0115,-0.0344,-0.0133,0.0000,0.0264,-0.0049,0.2884,0.0000,619.8327,0.0000,706.7167,-1.195816,0.275413,-0.069902,-0.001893,-0.006482,0.057332,-1.204548,0.287091,-0.200000,0.000000,0.000000,0.000000,-1.195842,0.276269,-0.080294,1.0000,1.0000,1.0000,1.660,4.810,0.340,5.000,3.000,8.000,1.500,0.060,0.110,810471104,839778833,810468346,6726,1000,1506,1504,1505,1000,1000,1505,1505,1505,1096,2008,1625,1017,1000,1000
-0.0108,0.0037,3.1158,-0.0092,-0.0029,0.5348,0.0063,-0.0042,3.1575,0.0000,-0.0092,0.0804,-9.6234,-0.0012,0.0110,-0.0035,0.0454,-0.0591,-9.7247,0.0036,0.0012,-0.0024,0.0628,-0.5904,-9.3443,-0.0068,-0.0177,-0.0155,-0.2139,0.8586,-9.6540,-0.0016,0.0154,-0.0115,0.0000,0.0260,-0.0063,0.2884,0.0000,619.3804,0.0000,707.1586,-1.195836,0.275325,-0.069205,-0.002058,-0.007577,0.058763,-1.204548,0.287091,-0.200000,0.000000,0.000000,0.000000,-1.195842,0.276269,-0.080294,1.0000,1.0000,1.0000,1.660,4.810,0.340,5.000,3.000,8.000,1.500,0.060,0.110,810481132,839778833,810480373,6726,1000,1506,1504,1505,1000,1000,1505,1505,1505,1096,2008,1625,1017,1000,1000
-0.0107,0.0035,3.1158,-0.0093,-0.0029,0.5347,0.0063,-0.0042,3.1575,0.0000,-0.0141,0.2079,-9.6706,-0.0012,0.0073,0.0043,0.0352,0.1019,-9.8054,0.0033,0.0058,0.0000,0.6302,-0.6335,-9.7656,-0.0089,-0.0031,-0.0117,0.6714,-0.1327,-9.6002,0.0181,-0.0149,-0.0035,0.0000,0.0266,-0.0041,0.2881,0.0000,619.7177,0.0000,706.0880,-1.195852,0.275251,-0.068666,-0.002052,-0.008277,0.060520,-1.204548,0.287091,-0.200000,0.000000,0.000000,0.000000,-1.195842,0.276269,-0.080294,1.0000,1.0000,1.0000,1.660,4.810,0.340,5.000,3.000,8.000,1.500,0.060,0.110,810491632,839778833,810489389,6726,1000,1506,1504,1505,1000,1000,1505,1505,1505,1096,2008,1625,1017,1000,1000
-0.0105,0.0037,3.1158,-0.0093,-0.0029,0.5346,0.0063,-0.0042,3.1575,0.0000,-0.0202,0.3052,-9.6722,-0.0012,0.0071,0.0067,-0.0205,0.3054,-9.7931,0.0064,0.0006,0.0060,0.2879,0.1207,-9.6459,-0.0068,0.0180,-0.0077,-0.7669,-0.8563,-9.3560,-0.0083,-0.0045,-0.0029,0.0000,0.0274,-0.0026,0.2881,0.0000,620.1434,0.0000,705.7875,-1.195871,0.275148,-0.067933,-0.001549,-0.008593,0.061863,-1.204548,0.287091,-0.200000,0.000000,0.000000,0.000000,-1.195842,0.276269,-0.080294,1.0000,1.0000,1.0000,1.660,4.810,0.340,5.000,3.000,8.000,1.500,0.060,0.110,810502132,839778833,810501373,6726,1000,1506,1504,1505,1000,1000,1505,1505,1505,1096,2008,1625,1017,1000,1000
-0.0104,0.0040,3.1158,-0.0093,-0.0029,0.5346,0.0063,-0.0042,3.1575,0.0000,0.0213,0.1936,-9.5632,-0.0035,0.0039,-0.0013,-0.0091,0.2515,-9.7529,-0.0013,-0.0085,-0.0062,1.0396,0.7983,-9.7345,-0.0025,0.0183,-0.0032,0.0070,0.8209,-10.0383,0.0088,0.0304,-0.0011,0.0000,0.0276,-0.0022,0.2890,0.0000,621.2934,0.0000,706.7653,-1.195882,0.275070,-0.067369,-0.000392,-0.009224,0.063704,-1.204548,0.287091,-0.200000,0.000000,0.000000,0.000000,-1.195842,0.276269,-0.080294,1.0000,1.0000,1.0000,1.660,4.810,0.340,5.000,3.000,8.000,1.500,0.060,0.110,810512632,839778833,810510373,6726,1000,1506,1504,1505,1000,1000,1505,1505,1505,1096,2008,1625,1017,1000,1000
-0.0105,0.0043,3.1158,-0.0091,-0.0032,0.5345,0.0063,-0.0042,3.1575,0.0000,-0.0017,0.0569,-9.6794,-0.0048,0.0015,-0.0055,-0.1255,0.0500,-9.9179,0.0028,-0.0036,-0.0113,-0.5286,0.5062,-9.6531,0.0079,0.0159,0.0131,-0.4365,0.9088,-10.0455,0.0040,0.0024,0.0067,0.0000,0.0267,-0.0018,0.2894,0.0000,622.1650,0.0000,706.8335,-1.195727,0.275602,-0.071638,0.000377,-0.006332,0.053306,-1.204548,0.287091,-0.200000,0.000000,0.000000,0.000000,-1.195561,0.276253,-0.080166,1.0000,1.0000,1.0000,1.660,4.810,0.340,5.000,3.000,8.000,1.500,0.060,0.110,810522689,839911482,810522384,6727,1000,1506,1504,1505,1000,1000,1505,1505,1505,1096,2008,1625,1017,1000,1000
-0.0107,0.0042,3.1158,-0.0091,-0.0031,0.5345,0.0063,-0.0042,3.1575,0.0000,0.0766,-0.1575,-9.5501,-0.0054,0.0026,0.0012,-0.0769,-0.1375,-9.6978,0.0013,-0.0052,-0.0010,-0.2460,1.0904,-9.2772,-0.0041,0.0113,0.0125,-0.6269,0.5820,-9.9360,-0.0005,0.0061,-0.0019,0.0000,0.0265,-0.0048,0.2883,0.0000,619.7478,0.0000,706.5906,-1.195731,0.275548,-0.071152,-0.000269,-0.005964,0.054536,-1.204548,0.287091,-0.200000,0.000000,0.000000,0.000000,-1.195561,0.276253,-0.080166,1.0000,1.0000,1.0000,1.660,4.810,0.340,5.000,3.000,8.000,1.500,0.060,0.110,810533189,839911482,810531430,6727,1000,1506,1504,1505,1000,1000,1505,1505,1505,1096,2008,1625,1017,1000,1000
-0.0108,0.0041,3.1158,-0.0092,-0.0031,0.5344,0.0063,-0.0042,3.1575,0.0000,0.1684,-0.1914,-9.6495,-0.0026,-0.0048,-0.0029,0.2416,-0.2764,-9.8996,0.0035,-0.0026,-0.0040,-1.1989,-0.7675,-9.2988,-0.0121,0.0121,-0.0040,0.9049,0.9897,-8.6933,-0.0072,0.0021,-0.0029,0.0000,0.0259,-0.0046,0.2879,0.0000,619.5058,0.0000,705.8125,-1.195738,0.275473,-0.070483,-0.000184,-0.006610,0.056737,-1.204548,0.287091,-0.200000,0.000000,0.000000,0.000000,-1.195561,0.276253,-0.080166,1.0000,1.0000,1.0000,1.660,4.810,0.340,5.000,3.000,8.000,1.500,0.060,0.110,810543689,839911482,810543430,6727,1000,1506,1504,1505,1000,1000,1505,1505,1505,1096,2008,1625,1017,1000,1000
-0.0108,0.0040,3.1158,-0.0092,-0.0031,0.5343,0.0063,-0.0042,3.1575,0.0000,0.1870,-0.0141,-9.5812,-0.0007,0.0026,-0.0047,0.2518,-0.0610,-9.8312,0.0025,-0.0008,-0.0023,-0.5190,-1.2871,-9.7872,-0.0028,-0.0023,-0.0080,-0.7238,-1.0144,-10.6830,-0.0045,-0.0154,-0.0304,0.0000,0.0263,-0.0047,0.2887,0.0000,620.2487,0.0000,706.9363,-1.195741,0.275409,-0.069965,-0.000735,-0.006903,0.058188,-1.204548,0.287091,-0.200000,0.000000,0.000000,0.000000,-1.195561,0.276253,-0.080166,1.0000,1.0000,1.0000,1.660,4.810,0.340,5.000,3.000,8.000,1.500,0.060,0.110,810554189,839911482,810552430,6727,1000,1506,1504,1505,1000,1000,1505,1505,1505,1096,2008,1625,1017,1000,1000
-0.0108,0.0041,3.1158,-0.0092,-0.0031,0.5342,0.0063,-0.0042,3.1575,0.0000,0.1814,0.2683,-9.6545,-0.0001,0.0093,0.0003,0.2231,0.1765,-9.7666,0.0066,0.0071,-0.0023,-0.5357,-1.0812,-8.9875,-0.0047,-0.0244,-0.0045,-0.9447,-1.6087,-8.9394,-0.0075,-0.0413,0.0130,0.0000,0.0258,-0.0050,0.2885,0.0000,620.1209,0.0000,706.6853,-1.195742,0.275318,-0.069251,-0.000118,-0.007118,0.060614,-1.204548,0.287091,-0.200000,0.000000,0.000000,0.000000,-1.195561,0.276253,-0.080166,1.0000,1.0000,1.0000,1.660,4.810,0.340,5.000,3.000,8.000,1.500,0.060,0.110,810564689,839911482,810564430,6727,1000,1506,1504,1505,1000,1000,1505,1505,1505,1096,2008,1625,1017,1000,1000
-0.0108,0.0041,3.1158,-0.0093,-0.0031,0.5342,0.0063,-0.0042,3.1575,0.0000,-0.0248,0.4307,-9.7183,-0.0019,0.0115,0.0053,-0.0118,0.3775,-9.9336,0.0082,0.0017,0.0005,0.6254,-1.0165,-10.0912,-0.0079,-0.0001,-0.0008,1.4472,0.2714,-10.0455,-0.0040,-0.0019,0.0152,0.0000,0.0266,-0.0059,0.2880,0.0000,618.9106,0.0000,706.6315,-1.195737,0.275249,-0.068699,0.000100,-0.007572,0.061786,-1.204548,0.287091,-0.200000,0.000000,0.000000,0.000000,-1.195561,0.276253,-0.080166,1.0000,1.0000,1.0000,1.660,4.810,0.340,5.000,3.000,8.000,1.500,0.060,0.110,810575189,839911482,810573430,6727,1000,1506,1504,1505,1000,1000,1505,1505,1505,1096,2008,1625,1017,1000,1000
-0.0107,0.0042,3.1158,-0.0093,-0.0031,0.5341,0.0063,-0.0042,3.1575,0.0000,-0.1328,0.3851,-9.5943,-0.0029,0.0119,-0.0006,-0.1483,0.4172,-9.7270,0.0065,0.0044,-0.0053,0.0389,-0.3917,-9.7848,0.0044,-0.0076,-0.0005,0.2692,-0.5493,-10.5357,0.0216,-0.0032,-0.0037,0.0000,0.0272,-0.0053,0.2886,0.0000,619.6505,0.0000,707.3236,-1.195732,0.275160,-0.067951,-0.000264,-0.007552,0.063345,-1.204548,0.287091,-0.200000,0.000000,0.000000,0.000000,-1.195561,0.276253,-0.080166,1.0000,1.0000,1.0000,1.660,4.810,0.340,5.000,3.000,8.000,1.500,0.060,0.110,810585689,839911482,810585430,6727,1000,1506,1504,1505,1000,1000,1505,1505,1505,1096,2008,1625,1017,1000,1000
-0.0106,0.0042,3.1158,-0.0093,-0.0031,0.5340,0.0063,-0.0042,3.1575,0.0000,-0.1564,0.1165,-9.6659,-0.0044,0.0109,-0.0038,-0.1765,0.1468,-9.8395,0.0037,-0.0050,-0.0063,0.0053,1.2795,-9.3443,0.0007,0.0039,0.0019,0.5403,0.7903,-9.8031,-0.0027,0.0170,-0.0240,0.0000,0.0275,-0.0027,0.2890,0.0000,621.0706,0.0000,706.8960,-1.195731,0.275091,-0.067371,0.000614,-0.008586,0.065344,-1.204548,0.287091,-0.200000,0.000000,0.000000,0.000000,-1.195561,0.276253,-0.080166,1.0000,1.0000,1.0000,1.660,4.810,0.340,5.000,3.000,8.000,1.500,0.060,0.110,810596189,839911482,810594430,6727,1000,1506,1504,1505,1000,1000,1505,1505,1505,1096,2008,1625,1017,1000,1000
-0.0106,0.0044,3.1157,-0.0094,-0.0031,0.5339,0.0063,-0.0042,3.1575,0.0000,-0.0896,-0.0823,-9.6403,-0.0040,0.0017,-0.0008,-0.0974,-0.0031,-9.8150,0.0026,-0.0039,-0.0034,0.5081,1.1071,-9.9476,-0.0055,0.0287,0.0040,-0.1761,1.5840,-9.6953,-0.0091,0.0325,-0.0128,0.0000,0.0269,-0.0011,0.2887,0.0000,621.6750,0.0000,705.8098,-1.195727,0.274993,-0.066581,0.000849,-0.008878,0.066560,-1.204548,0.287091,-0.200000,0.000000,0.000000,0.000000,-1.195561,0.276253,-0.080166,1.0000,1.0000,1.0000,1.660,4.810,0.340,5.000,3.000,8.000,1.500,0.060,0.110,810606689,839911482,810606430,6727,1000,1506,1504,1505,1000,1000,1505,1505,1505,1096,2008,1625,1017,1000,1000
-0.0107,0.0045,3.1158,-0.0094,-0.0031,0.5339,0.0063,-0.0042,3.1575,0.0000,0.0596,-0.2322,-9.5851,-0.0034,-0.0010,0.0057,-0.0784,-0.3403,-9.7475,0.0024,-0.0089,0.0037,-1.0697,0.1446,-9.3826,0.0001,0.0185,-0.0016,0.5188,1.2482,-9.3524,0.0096,0.0258,0.0048,0.0000,0.0263,-0.0015,0.2878,0.0000,620.6339,0.0000,704.6749,-1.195722,0.274917,-0.065976,0.001325,-0.008614,0.068074,-1.204548,0.287091,-0.200000,0.000000,0.000000,0.000000,-1.195561,0.276253,-0.080166,1.0000,1.0000,1.0000,1.660,4.810,0.340,5.000,3.000,8.000,1.500,0.060,0.110,810617189,839911482,810615430,6727,1000,1506,1504,1505,1000,1000,1505,1505,1505,1096,2008,1625,1017,1000,1000
-0.0107,0.0045,3.1158,-0.0094,-0.0030,0.5338,0.0063,-0.0042,3.1575,0.0000,0.1878,-0.2236,-9.6154,-0.0022,-0.0003,-0.0034,0.0423,-0.2855,-9.6826,0.0052,-0.0003,-0.0050,-0.2652,0.5804,-10.2924,-0.0015,0.0228,-0.0144,-0.6305,0.3845,-10.6022,0.0069,0.0192,-0.0109,0.0000,0.0261,-0.0042,0.2886,0.0000,620.4501,0.0000,706.6083,-1.195708,0.274809,-0.065146,0.001856,-0.009266,0.070142,-1.204548,0.287091,-0.200000,0.000000,0.000000,0.000000,-1.195561,0.276253,-0.080166,1.0000,1.0000,1.0000,1.660,4.810,0.340,5.000,3.000,8.000,1.500,0.060,0.110,810627689,839911482,810627430,6727,1000,1506,1504,1505,1000,1000,1505,1505,1505,1096,2008,1625,1017,1000,1000
-0.0109,0.0045,3.1157,-0.0095,-0.0030,0.5337,0.0063,-0.0042,3.1575,0.0000,0.1890,0.0781,-9.7088,-0.0021,0.0012,-0.0020,0.1887,0.0343,-9.8639,0.0036,-0.0005,-0.0048,0.1514,-0.2073,-9.2652,-0.0079,0.0012,-0.0040,-1.6414,-0.7917,-9.7187,-0.0080,-0.0136,-0.0096,0.0000,0.0273,-0.0062,0.2894,0.0000,620.0995,0.0000,708.5872,-1.195695,0.274723,-0.064511,0.001072,-0.008973,0.070831,-1.204548,0.287091,-0.200000,0.000000,0.000000,0.000000,-1.195561,0.276253,-0.080166,1.0000,1.0000,1.0000,1.660,4.810,0.340,5.000,3.000,8.000,1.500,0.060,0.110,810638189,839911482,810636430,6727,1000,1506,1504,1505,1000,1000,1505,1505,1505,1096,2008,1625,1017,1000,1000
-0.0110,0.0044,3.1157,-0.0095,-0.0030,0.5336,0.0063,-0.0042,3.1575,0.0000,0.1490,0.2543,-9.5918,-0.0022,0.0022,0.0067,0.1747,0.0880,-9.7568,0.0036,0.0026,0.0029,0.3453,0.1853,-9.5214,-0.0063,-0.0126,0.0112,-0.7454,-0.8563,-9.0381,-0.0029,-0.0181,0.0189,0.0000,0.0277,-0.0057,0.2887,0.0000,619.3485,0.0000,707.6768,-1.195682,0.274610,-0.063649,0.000704,-0.008973,0.072879,-1.204548,0.287091,-0.200000,0.000000,0.000000,0.000000,-1.195561,0.276253,-0.080166,1.0000,1.0000,1.0000,1.660,4.810,0.340,5.000,3.000,8.000,1.500,0.060,0.110,810648689,839911482,810648430,6727,1000,1506,1504,1505,1000,1000,1505,1505,1505,1096,2008,1625,1017,1000,1000
-0.0109,0.0043,3.1158,-0.0096,-0.0030,0.5336,0.0063,-0.0042,3.1575,0.0000,0.0776,0.3081,-9.7058,-0.0013,0.0099,0.0039,0.0785,0.2645,-9.8637,0.0046,0.0067,0.0008,-0.5022,-0.8968,-9.9021,0.0017,-0.0206,0.0096,2.1349,-0.0303,-10.0814,0.0072,-0.0280,-0.0048,0.0000,0.0277,-0.0044,0.2882,0.0000,619.3769,0.0000,706.6327,-1.195674,0.274524,-0.062985,0.000456,-0.009699,0.074479,-1.204548,0.287091,-0.200000,0.000000,0.000000,0.000000,-1.195561,0.276253,-0.080166,1.0000,1.0000,1.0000,1.660,4.810,0.340,5.000,3.000,8.000,1.500,0.060,0.110,810659189,839911482,810657430,6727,1000,1506,1504,1505,1000,1000,1505,1505,1505,1096,2008,1625,1017,1000,1000
-0.0107,0.0043,3.1158,-0.0096,-0.0030,0.5335,0.0063,-0.0042,3.1575,0.0000,-0.0182,0.2369,-9.7119,-0.0037,0.0113,-0.0073,0.0403,0.1425,-9.8325,0.0044,0.0052,-0.0107,0.5009,-0.5545,-9.6172,0.0028,-0.0214,0.0064,0.3428,-0.4290,-10.1515,0.0112,-0.0120,0.0032,0.0000,0.0276,-0.0059,0.2894,0.0000,620.0844,0.0000,708.5416,-1.195662,0.274404,-0.062085,0.000960,-0.010350,0.075543,-1.204548,0.287091,-0.200000,0.000000,0.000000,0.000000,-1.195561,0.276253,-0.080166,1.0000,1.0000,1.0000,1.660,4.810,0.340,5.000,3.000,8.000,1.500,0.060,0.110,810669689,839911482,810669430,6727,1000,1506,1504,1505,1000,1000,1505,1505,1505,1096,2008,1625,1017,1000,1000
-0.0106,0.0045,3.1158,-0.0096,-0.0030,0.5334,0.0063,-0.0042,3.1575,0.0000,-0.0896,0.1498,-9.6010,-0.0043,0.0116,-0.0065,-0.1027,0.1988,-9.7876,0.0013,0.0047,-0.0089,0.5033,0.7336,-10.3522,-0.0033,0.0132,0.0107,0.9228,0.8550,-9.8875,0.0016,0.0149,0.0088,0.0000,0.0278,-0.0058,0.2893,0.0000,619.9686,0.0000,708.4819,-1.195648,0.274311,-0.061401,0.001678,-0.010973,0.076759,-1.204548,0.287091,-0.200000,0.000000,0.000000,0.000000,-1.195561,0.276253,-0.080166,1.0000,1.0000,1.0000,1.660,4.810,0.340,5.000,3.000,8.000,1.500,0.060,0.110,810680189,839911482,810678431,6727,1000,1506,1504,1505,1000,1000,1505,1505,1505,1096,2008,1625,1017,1000,1000
-0.0107,0.0047,3.1158,-0.0088,-0.0034,0.5333,0.0063,-0.0042,3.1575,0.0000,-0.0681,-0.0292,-9.6795,-0.0040,0.0072,0.0008,-0.0488,-0.0351,-9.8762,0.0015,-0.0024,0.0002,-0.3586,0.4846,-9.1958,0.0049,-0.0007,-0.0051,-0.7005,0.8891,-9.1081,0.0064,0.0269,-0.0053,0.0000,0.0262,-0.0027,0.2883,0.0000,620.7667,0.0000,705.7307,-1.195700,0.275742,-0.072742,0.001592,-0.005031,0.048993,-1.204548,0.287091,-0.200000,0.000000,0.000000,0.000000,-1.195644,0.276212,-0.080138,1.0000,1.0000,1.0000,1.660,4.810,0.340,5.000,3.000,8.000,1.500,0.060,0.110,810690279,840111599,810690020,6729,1000,1506,1504,1505,1000,1000,1505,1505,1505,1096,2008,1625,1017,1000,1000
-0.0108,0.0046,3.1158,-0.0089,-0.0034,0.5333,0.0063,-0.0042,3.1575,0.0000,-0.0725,-0.0201,-9.5807,-0.0007,0.0026,0.0002,-0.0219,-0.1418,-9.7297,0.0059,0.0049,-0.0002,0.7691,0.6929,-9.8255,-0.0156,0.0316,-0.0200,-0.2228,0.7131,-9.6648,-0.0099,0.0000,-0.0328,0.0000,0.0256,-0.0017,0.2883,0.0000,621.2719,0.0000,705.1335,-1.195688,0.275697,-0.072296,0.001410,-0.004909,0.050163,-1.204548,0.287091,-0.200000,0.000000,0.000000,0.000000,-1.195644,0.276212,-0.080138,1.0000,1.0000,1.0000,1.660,4.810,0.340,5.000,3.000,8.000,1.500,0.060,0.110,810700779,840111599,810699020,6729,1000,1506,1504,1505,1000,1000,1505,1505,1505,1096,2008,1625,1017,1000,1000
-0.0110,0.0047,3.1157,-0.0089,-0.0034,0.5332,0.0063,-0.0042,3.1575,0.0000,0.1086,0.0639,-9.6483,-0.0024,-0.0014,0.0015,0.0426,0.0541,-9.7740,0.0038,-0.0065,-0.0019,0.2112,-0.4180,-9.4496,-0.0044,0.0215,-0.0117,-1.2410,-0.5942,-9.6002,0.0186,0.0301,-0.0072,0.0000,0.0261,-0.0013,0.2886,0.0000,621.6973,0.0000,705.5485,-1.195673,0.275636,-0.071678,0.001553,-0.004789,0.052561,-1.204548,0.287091,-0.200000,0.000000,0.000000,0.000000,-1.195644,0.276212,-0.080138,1.0000,1.0000,1.0000,1.660,4.810,0.340,5.000,3.000,8.000,1.500,0.060,0.110,810711279,840111599,810711020,6729,1000,1506,1504,1505,1000,1000,1505,1505,1505,1096,2008,1625,1017,1000,1000
-0.0112,0.0047,3.1157,-0.0090,-0.0033,0.5331,0.0063,-0.0042,3.1575,0.0000,0.1189,0.1479,-9.7706,-0.0011,0.0003,0.0067,0.0897,0.0363,-9.8919,0.0041,-0.0037,0.0047,-1.0625,0.0465,-9.6555,-0.0060,0.0151,-0.0064,-0.6017,-0.6175,-10.2502,0.0152,-0.0075,-0.0021,0.0000,0.0265,-0.0025,0.2887,0.0000,621.1117,0.0000,706.1430,-1.195660,0.275591,-0.071203,0.001349,-0.004720,0.052846,-1.204548,0.287091,-0.200000,0.000000,0.000000,0.000000,-1.195644,0.276212,-0.080138,1.0000,1.0000,1.0000,1.660,4.810,0.340,5.000,3.000,8.000,1.500,0.060,0.110,810721779,840111599,810720020,6729,1000,1506,1504,1505,1000,1000,1505,1505,1505,1096,2008,1625,1017,1000,1000
-0.0107,0.0047,3.1157,-0.0090,-0.0033,0.5330,0.0063,-0.0042,3.1575,0.0000,0.1629,0.1080,-9.6088,-0.0031,0.0008,-0.0007,0.0954,0.0768,-9.7569,0.0005,-0.0028,-0.0038,-0.0449,0.9730,-9.2365,0.0065,0.0089,0.0053,-0.2354,-1.1832,-8.9717,0.0136,0.0184,0.0200,0.0000,0.0271,-0.0045,0.2893,0.0000,620.7058,0.0000,707.8212,-1.195644,0.275529,-0.070557,0.001673,-0.005339,0.054970,-1.204548,0.287091,-0.200000,0.000000,0.000000,0.000000,-1.195644,0.276212,-0.080138,1.0000,1.0000,1.0000,1.660,4.810,0.340,5.000,3.000,8.000,1.500,0.060,0.110,810732279,840111599,810732020,6729,1000,1506,1504,1505,1000,1000,1505,1505,1505,1096,2008,1625,1017,1000,1000
-0.0103,0.0047,3.1157,-0.0090,-0.0033,0.5329,0.0063,-0.0042,3.1575,0.0000,0.0734,0.1083,-9.7486,-0.0039,0.0052,-0.0009,0.1122,0.1331,-9.8994,0.0030,0.0000,-0.0071,0.5033,0.4008,-10.2086,-0.0028,0.0055,0.0184,-0.3773,-0.4703,-10.1371,-0.0021,-0.0141,0.0250,0.0000,0.0264,-0.0046,0.2891,0.0000,620.7509,0.0000,707.4621,-1.195628,0.275477,-0.070056,0.001740,-0.006167,0.056087,-1.204548,0.287091,-0.200000,0.000000,0.000000,0.000000,-1.195644,0.276212,-0.080138,1.0000,1.0000,1.0000,1.660,4.810,0.340,5.000,3.000,8.000,1.500,0.060,0.110,810742779,840111599,810741020,6729,1000,1506,1504,1505,1000,1000,1505,1505,1505,1096,2008,1625,1017,1000,1000
-0.0103,0.0047,3.1157,-0.0091,-0.0033,0.5329,0.0063,-0.0042,3.1575,0.0000,0.0984,0.0326,-9.5909,-0.0040,0.0043,-0.0033,0.0813,0.0332,-9.7562,-0.0017,0.0009,-0.0073,0.3717,0.5493,-9.5933,0.0007,-0.0012,0.0133,0.5098,1.0435,-9.7510,0.0019,0.0011,0.0112,0.0000,0.0261,-0.0045,0.2882,0.0000,619.9083,0.0000,706.2617,-1.195606,0.275403,-0.069378,0.002053,-0.006453,0.057418,-1.204548,0.287091,-0.200000,0.000000,0.000000,0.000000,-1.195644,0.276212,-0.080138,1.0000,1.0000,1.0000,1.660,4.810,0.340,5.000,3.000,8.000,1.500,0.060,0.110,810753279,840111599,810753020,6729,1000,1506,1504,1505,1000,1000,1505,1505,1505,1096,2008,1625,1017,1000,1000
-0.0105,0.0047,3.1158,-0.0091,-0.0033,0.5328,0.0063,-0.0042,3.1575,0.0000,0.0077,0.0292,-9.6323,-0.0028,0.0078,-0.0043,0.0484,0.0084,-9.8545,0.0047,0.0061,-0.0059,-0.8470,0.2428,-9.5430,-0.0047,-0.0116,0.0024,-0.8406,0.1924,-9.7169,0.0016,-0.0138,0.0032,0.0000,0.0253,-0.0023,0.2882,0.0000,621.0509,0.0000,705.1599,-1.195588,0.275348,-0.068851,0.001879,-0.006180,0.059567,-1.204548,0.287091,-0.200000,0.000000,0.000000,0.000000,-1.195644,0.276212,-0.080138,1.0000,1.0000,1.0000,1.660,4.810,0.340,5.000,3.000,8.000,1.500,0.060,0.110,810763779,840111599,810762020,6729,1000,1506,1504,1505,1000,1000,1505,1505,1505,1096,2008,1625,1017,1000,1000
-0.0109,0.0044,3.1158,-0.0091,-0.0032,0.5328,0.0063,-0.0042,3.1575,0.0000,-0.0301,0.0748,-9.6648,-0.0024,0.0095,-0.0012,0.0249,0.0078,-9.8490,0.0034,0.0019,-0.0034,0.3573,0.0944,-9.6938,-0.0041,-0.0036,-0.0083,-0.0900,-0.4236,-9.5283,-0.0112,-0.0250,-0.0024,0.0000,0.0264,-0.0048,0.2888,0.0000,620.3284,0.0000,707.1746,-1.195568,0.275274,-0.068129,0.001339,-0.006166,0.060743,-1.204548,0.287091,-0.200000,0.000000,0.000000,0.000000,-1.195644,0.276212,-0.080138,1.0000,1.0000,1.0000,1.660,4.810,0.340,5.000,3.000,8.000,1.500,0.060,0.110,810774279,840111599,810774020,6729,1000,1506,1504,1505,1000,1000,1505,1505,1505,1096,2008,1625,1017,1000,1000
-0.0108,0.0041,3.1158,-0.0092,-0.0032,0.5327,0.0063,-0.0042,3.1575,0.0000,-0.0563,0.1121,-9.6022,0.0000,0.0094,0.0007,-0.0694,0.0308,-9.6805,0.0065,-0.0008,0.0005,-0.0258,-0.5353,-9.7249,-0.0132,-0.0052,-0.0232,0.0322,-0.8905,-10.2017,0.0005,-0.0056,-0.0280,0.0000,0.0256,-0.0048,0.2885,0.0000,620.2266,0.0000,706.5497,-1.195555,0.275217,-0.067575,0.001137,-0.006439,0.062420,-1.204548,0.287091,-0.200000,0.000000,0.000000,0.000000,-1.195644,0.276212,-0.080138,1.0000,1.0000,1.0000,1.660,4.810,0.340,5.000,3.000,8.000,1.500,0.060,0.110,810784779,840111599,810783020,6729,1000,1506,1504,1505,1000,1000,1505,1505,1505,1096,2008,1625,1017,1000,1000
-0.0107,0.0041,3.1157,-0.0092,-0.0032,0.5326,0.0063,-0.0042,3.1575,0.0000,-0.0164,0.1986,-9.6912,-0.0009,0.0052,0.0005,-0.0010,0.1813,-9.8245,0.0042,-0.0052,-0.0006,-0.1622,-0.5186,-10.4121,-0.0084,0.0231,-0.0053,1.0575,-0.0572,-9.3021,0.0000,0.0045,-0.0144,0.0000,0.0260,-0.0027,0.2887,0.0000,621.1818,0.0000,706.1190,-1.195538,0.275133,-0.066812,0.001354,-0.006927,0.064163,-1.204548,0.287091,-0.200000,0.000000,0.000000,0.000000,-1.195644,0.276212,-0.080138,1.0000,1.0000,1.0000,1.660,4.810,0.340,5.000,3.000,8.000,1.500,0.060,0.110,810795279,840111599,810795036,6729,1000,1506,1504,1505,1000,1000,1505,1505,1505,1096,2008,1625,1017,1000,1000
-0.0104,0.0039,3.1157,-0.0092,-0.0032,0.5325,0.0063,-0.0042,3.1575,0.0000,-0.0808,0.2451,-9.6780,-0.0031,0.0068,0.0086,-0.0256,0.2292,-9.7850,0.0039,0.0063,0.0046,1.0468,-0.0062,-9.2868,0.0047,0.0036,0.0037,-0.4581,-0.6319,-9.2716,0.0221,-0.0011,-0.0138,0.0000,0.0275,-0.0024,0.2882,0.0000,620.3406,0.0000,705.8719,-1.195523,0.275065,-0.066231,0.001782,-0.007922,0.065216,-1.204548,0.287091,-0.200000,0.000000,0.000000,0.000000,-1.195644,0.276212,-0.080138,1.0000,1.0000,1.0000,1.660,4.810,0.340,5.000,3.000,8.000,1.500,0.060,0.110,810805779,840111599,810804020,6729,1000,1506,1504,1505,1000,1000,1505,1505,1505,1096,2008,1625,1017,1000,1000
-0.0103,0.0040,3.1158,-0.0093,-0.0032,0.5325,0.0063,-0.0042,3.1575,0.0000,0.0296,0.1911,-9.6146,-0.0050,-0.0005,0.0031,0.0200,0.1556,-9.8030,-0.0007,-0.0063,-0.0019,0.0844,0.0106,-9.8830,0.0047,0.0175,0.0075,-0.2103,0.0469,-9.8210,0.0061,0.0045,0.0136,0.0000,0.0281,-0.0005,0.2888,0.0000,621.5649,0.0000,705.9964,-1.195502,0.274970,-0.065435,0.001938,-0.008080,0.067544,-1.204548,0.287091,-0.200000,0.000000,0.000000,0.000000,-1.195644,0.276212,-0.080138,1.0000,1.0000,1.0000,1.660,4.810,0.340,5.000,3.000,8.000,1.500,0.060,0.110,810816279,840111599,810816020,6729,1000,1506,1504,1505,1000,1000,1505,1505,1505,1096,2008,1625,1017,1000,1000
-0.0104,0.0042,3.1157,-0.0093,-0.0032,0.5324,0.0063,-0.0042,3.1575,0.0000,0.0466,0.0129,-9.7253,-0.0040,0.0011,-0.0073,0.0343,0.0204,-9.8474,-0.0004,-0.0131,-0.0044,-0.6076,0.6115,-9.3012,0.0047,0.0207,0.0131,-0.1726,1.3991,-9.7726,0.0210,0.0354,0.0011,0.0000,0.0267,-0.0022,0.2896,0.0000,622.1374,0.0000,707.1808,-1.195485,0.274898,-0.064822,0.002499,-0.008330,0.068447,-1.204548,0.287091,-0.200000,0.000000,0.000000,0.000000,-1.195644,0.276212,-0.080138,1.0000,1.0000,1.0000,1.660,4.810,0.340,5.000,3.000,8.000,1.500,0.060,0.110,810826779,840111599,810825031,6729,1000,1506,1504,1505,1000,1000,1505,1505,1505,1096,2008,1625,1017,1000,1000
-0.0105,0.0042,3.1157,-0.0094,-0.0032,0.5323,0.0063,-0.0042,3.1575,0.0000,0.0811,-0.1298,-9.5519,-0.0040,0.0021,-0.0037,0.0336,-0.1425,-9.7432,-0.0022,-0.0017,-0.0079,0.0676,0.4200,-9.8375,-0.0076,0.0172,0.0139,-0.1348,1.1836,-9.9270,0.0059,-0.0005,0.0037,0.0000,0.0263,-0.0049,0.2891,0.0000,620.5966,0.0000,707.5016,-1.195460,0.274800,-0.063992,0.002441,-0.008559,0.070487,-1.204548,0.287091,-0.200000,0.000000,0.000000,0.000000,-1.195644,0.276212,-0.080138,1.0000,1.0000,1.0000,1.660,4.810,0.340,5.000,3.000,8.000,1.500,0.060,0.110,810837279,840111599,810837020,6729,1000,1506,1504,1505,1000,1000,1505,1505,1505,1096,2008,1625,1017,1000,1000
-0.0106,0.0042,3.1158,-0.0094,-0.0031,0.5323,0.0063,-0.0042,3.1575,0.0000,0.1581,-0.1584,-9.7111,-0.0030,-0.0007,0.0008,0.1425,-0.1868,-9.8899,0.0032,-0.0039,-0.0010,-0.7225,-0.4252,-10.1200,-0.0073,-0.0047,0.0019,0.1938,0.2678,-9.9809,-0.0056,0.0016,0.0037,0.0000,0.0262,-0.0054,0.2880,0.0000,619.2054,0.0000,706.3880,-1.195442,0.274725,-0.063351,0.002139,-0.008232,0.071474,-1.204548,0.287091,-0.200000,0.000000,0.000000,0.000000,-1.195644,0.276212,-0.080138,1.0000,1.0000,1.0000,1.660,4.810,0.340,5.000,3.000,8.000,1.500,0.060,0.110,810847779,840111599,810846036,6729,1000,1506,1504,1505,1000,1000,1505,1505,1505,1096,2008,1625,1017,1000,1000
-0.0106,0.0041,3.1157,-0.0094,-0.0031,0.5321,0.0063,-0.0042,3.1575,0.0000,0.2446,-0.0182,-9.6652,-0.0015,0.0081,-0.0076,0.1685,-0.0891,-9.7257,0.0072,0.0082,-0.0084,-0.5118,-0.2073,-8.8918,-0.0044,-0.0241,-0.0123,-0.4850,-0.6103,-10.5555,-0.0045,-0.0216,-0.0117,0.0000,0.0269,-0.0050,0.2888,0.0000,619.9951,0.0000,707.3461,-1.195415,0.274619,-0.062487,0.002450,-0.008873,0.072815,-1.204548,0.287091,-0.200000,0.000000,0.000000,0.000000,-1.195644,0.276212,-0.080138,1.0000,1.0000,1.0000,1.660,4.810,0.340,5.000,3.000,8.000,1.500,0.060,0.110,810858279,840111599,810858020,6729,1000,1506,1504,1505,1000,1000,1505,1505,1505,1096,2008,1625,1017,1000,1000
-0.0106,0.0041,3.1157,-0.0095,-0.0031,0.5321,0.0063,-0.0042,3.1575,0.0000,0.0711,0.2958,-9.6199,-0.0015,0.0124,0.0031,0.1155,0.1860,-9.8248,0.0052,0.0005,0.0020,0.8313,-0.0804,-9.8877,-0.0049,-0.0156,-0.0003,0.2117,-0.4792,-10.1748,0.0045,-0.0072,-0.0117,0.0000,0.0277,-0.0046,0.2891,0.0000,620.2992,0.0000,707.7250,-1.195387,0.274532,-0.061825,0.002713,-0.009397,0.074406,-1.204548,0.287091,-0.200000,0.000000,0.000000,0.000000,-1.195644,0.276212,-0.080138,1.0000,1.0000,1.0000,1.660,4.810,0.340,5.000,3.000,8.000,1.500,0.060,0.110,810868779,840111599,810867020,6729,1000,1506,1504,1505,1000,1000,1505,1505,1505,1096,2008,1625,1017,1000,1000
-0.0105,0.0041,3.1158,-0.0095,-0.0031,0.5320,0.0063,-0.0042,3.1575,0.0000,-0.0730,0.4206,-9.6610,-0.0026,0.0102,0.0070,-0.0605,0.3628,-9.9003,0.0026,0.0063,0.0056,0.5057,-0.5209,-9.7034,-0.0012,-0.0071,-0.0088,-0.0397,-0.9569,-9.9198,0.0005,0.0120,0.0027,0.0000,0.0271,-0.0053,0.2881,0.0000,619.0801,0.0000,706.6708,-1.195348,0.274417,-0.060921,0.002583,-0.009356,0.076138,-1.204548,0.287091,-0.200000,0.000000,0.000000,0.000000,-1.195644,0.276212,-0.080138,1.0000,1.0000,1.0000,1.660,4.810,0.340,5.000,3.000,8.000,1.500,0.060,0.110,810879279,840111599,810879020,6729,1000,1506,1504,1505,1000,1000,1505,1505,1505,1096,2008,1625,1017,1000,1000
-0.0104,0.0041,3.1157,-0.0095,-0.0031,0.5319,0.0063,-0.0042,3.1575,0.0000,-0.1611,0.2684,-9.5715,-0.0024,0.0090,-0.0046,-0.1364,0.3091,-9.7822,0.0034,0.0064,-0.0047,0.3836,0.3553,-9.3921,0.0007,0.0007,-0.0019,0.2871,0.3288,-9.0040,0.0261,-0.0061,-0.0059,0.0000,0.0273,-0.0044,0.2893,0.0000,620.7181,0.0000,707.8162,-1.195321,0.274329,-0.060227,0.002925,-0.010531,0.078267,-1.204548,0.287091,-0.200000,0.000000,0.000000,0.000000,-1.195644,0.276212,-0.080138,1.0000,1.0000,1.0000,1.660,4.810,0.340,5.000,3.000,8.000,1.500,0.060,0.110,810889779,840111599,810888020,6729,1000,1506,1504,1505,1000,1000,1505,1505,1505,1096,2008,1625,1017,1000,1000
-0.0103,0.0041,3.1157,-0.0096,-0.0031,0.5318,0.0063,-0.0042,3.1575,0.0000,-0.1352,0.0813,-9.7192,-0.0049,0.0079,0.0018,-0.1666,0.1175,-9.8373,0.0085,-0.0009,0.0004,0.2855,0.4870,-9.5909,-0.0057,0.0164,0.0091,0.1148,0.7849,-9.9144,0.0003,0.0258,0.0011,0.0000,0.0282,-0.0033,0.2888,0.0000,620.4103,0.0000,707.0719,-1.195286,0.274204,-0.059278,0.003161,-0.011254,0.079612,-1.204548,0.287091,-0.200000,0.000000,0.000000,0.000000,-1.195644,0.276212,-0.080138,1.0000,1.0000,1.0000,1.660,4.810,0.340,5.000,3.000,8.000,1.500,0.060,0.110,810900279,840111599,810900020,6729,1000,1506,1504,1505,1000,1000,1505,1505,1505,1096,2008,1625,1017,1000,1000
-0.0104,0.0043,3.1158,-0.0096,-0.0031,0.5318,0.0063,-0.0042,3.1575,0.0000,-0.0677,-0.1665,-9.5279,-0.0055,0.0021,0.0027,-0.1353,-0.1127,-9.7775,-0.0024,-0.0104,-0.0009,0.2926,1.1598,-9.7345,0.0004,0.0257,0.0011,-0.4150,0.5766,-9.1207,-0.0107,0.0157,-0.0037,0.0000,0.0278,-0.0015,0.2884,0.0000,620.7807,0.0000,705.7895,-1.195260,0.274107,-0.058556,0.003711,-0.011297,0.081315,-1.204548,0.287091,-0.200000,0.000000,0.000000,0.000000,-1.195644,0.276212,-0.080138,1.0000,1.0000,1.0000,1.660,4.810,0.340,5.000,3.000,8.000,1.500,0.060,0.110,810910779,840111599,810909020,6729,1000,1506,1504,1505,1000,1000,1505,1505,1505,1096,2008,1625,1017,1000,1000
-0.0105,0.0043,3.1157,-0.0089,-0.0034,0.5319,0.0063,-0.0042,3.1575,0.0000,0.1274,-0.1914,-9.6720,-0.0029,-0.0053,-0.0049,0.0545,-0.2815,-9.8038,-0.0012,-0.0087,-0.0058,-1.0960,0.4032,-9.5813,-0.0113,0.0239,-0.0077,0.2566,0.7993,-10.5735,-0.0053,0.0091,-0.0184,0.0000,0.0256,-0.0003,0.2892,0.0000,622.9364,0.0000,705.7148,-1.195326,0.275532,-0.069036,0.002755,-0.005719,0.056263,-1.204548,0.287091,-0.200000,0.000000,0.000000,0.000000,-1.195363,0.276150,-0.079998,1.0000,1.0000,1.0000,1.660,4.810,0.340,5.000,3.000,8.000,1.500,0.060,0.110,810920828,840246099,810918023,6730,1000,1506,1504,1505,1000,1000,1505,1505,1505,1096,2008,1625,1017,1000,1000
-0.0107,0.0042,3.1157,-0.0089,-0.0034,0.5318,0.0063,-0.0042,3.1575,0.0000,0.2295,0.0641,-9.5522,-0.0014,0.0037,0.0025,0.2260,-0.0379,-9.8180,0.0070,-0.0004,-0.0023,-0.1383,-0.0277,-9.7537,-0.0047,0.0095,0.0040,-1.0956,-1.1760,-9.4260,0.0011,0.0008,0.0040,0.0000,0.0254,-0.0048,0.2887,0.0000,620.4986,0.0000,706.7180,-1.195295,0.275457,-0.068347,0.002237,-0.005607,0.058033,-1.204548,0.287091,-0.200000,0.000000,0.000000,0.000000,-1.195363,0.276150,-0.079998,1.0000,1.0000,1.0000,1.660,4.810,0.340,5.000,3.000,8.000,1.500,0.060,0.110,810930856,840246099,810930097,6730,1000,1506,1504,1505,1000,1000,1505,1505,1505,1096,2008,1625,1017,1000,1000
-0.0108,0.0042,3.1158,-0.0090,-0.0034,0.5318,0.0063,-0.0042,3.1575,0.0000,0.2329,0.2350,-9.6593,-0.0019,0.0031,0.0053,0.2095,0.0437,-9.7837,0.0046,-0.0054,0.0023,-0.7847,-0.7963,-9.4975,-0.0017,-0.0108,0.0011,0.6158,-0.4721,-10.0724,-0.0024,-0.0344,0.0040,0.0000,0.0264,-0.0048,0.2884,0.0000,619.8746,0.0000,706.6496,-1.195274,0.275401,-0.067814,0.001905,-0.005940,0.060158,-1.204548,0.287091,-0.200000,0.000000,0.000000,0.000000,-1.195363,0.276150,-0.079998,1.0000,1.0000,1.0000,1.660,4.810,0.340,5.000,3.000,8.000,1.500,0.060,0.110,810941356,840246099,810939097,6730,1000,1506,1504,1505,1000,1000,1505,1505,1505,1096,2008,1625,1017,1000,1000
-0.0107,0.0042,3.1158,-0.0090,-0.0034,0.5317,0.0063,-0.0042,3.1575,0.0000,0.0525,0.3344,-9.7727,-0.0006,0.0081,-0.0025,0.1607,0.2813,-9.9147,0.0039,0.0014,-0.0054,0.2280,-0.5090,-9.3945,0.0009,-0.0220,0.0011,-0.3324,-0.5187,-9.8390,0.0053,-0.0192,0.0035,0.0000,0.0262,-0.0043,0.2892,0.0000,620.9718,0.0000,707.3459,-1.195240,0.275328,-0.067088,0.002665,-0.006114,0.060719,-1.204548,0.287091,-0.200000,0.000000,0.000000,0.000000,-1.195363,0.276150,-0.079998,1.0000,1.0000,1.0000,1.660,4.810,0.340,5.000,3.000,8.000,1.500,0.060,0.110,810951856,840246099,810951097,6730,1000,1506,1504,1505,1000,1000,1505,1505,1505,1096,2008,1625,1017,1000,1000
-0.0106,0.0042,3.1157,-0.0090,-0.0034,0.5316,0.0063,-0.0042,3.1575,0.0000,-0.1026,0.3339,-9.5858,-0.0035,0.0151,-0.0041,-0.0494,0.2349,-9.7172,0.0022,0.0086,-0.0073,1.0157,-0.1522,-9.8087,-0.0028,-0.0100,0.0080,0.2387,-0.2638,-9.9054,0.0096,-0.0157,-0.0040,0.0000,0.0270,-0.0043,0.2894,0.0000,620.9822,0.0000,707.7852,-1.195211,0.275270,-0.066534,0.003081,-0.007002,0.062593,-1.204548,0.287091,-0.200000,0.000000,0.000000,0.000000,-1.195363,0.276150,-0.079998,1.0000,1.0000,1.0000,1.660,4.810,0.340,5.000,3.000,8.000,1.500,0.060,0.110,810962356,840246099,810960097,6730,1000,1506,1504,1505,1000,1000,1505,1505,1505,1096,2008,1625,1017,1000,1000
-0.0105,0.0042,3.1157,-0.0091,-0.0034,0.5315,0.0063,-0.0042,3.1575,0.0000,-0.1433,0.1869,-9.7062,-0.0046,0.0087,-0.0026,-0.0328,0.2350,-9.9246,0.0050,0.0048,-0.0056,1.3365,1.0425,-10.5868,0.0044,0.0009,0.0075,-1.6163,-1.2424,-9.3165,0.0266,-0.0024,-0.0045,0.0000,0.0269,-0.0012,0.2887,0.0000,621.6057,0.0000,705.8575,-1.195176,0.275189,-0.065772,0.002824,-0.007406,0.064199,-1.204548,0.287091,-0.200000,0.000000,0.000000,0.000000,-1.195363,0.276150,-0.079998,1.0000,1.0000,1.0000,1.660,4.810,0.340,5.000,3.000,8.000,1.500,0.060,0.110,810972856,840246099,810972097,6730,1000,1506,1504,1505,1000,1000,1505,1505,1505,1096,2008,1625,1017,1000,1000
-0.0105,0.0043,3.1157,-0.0091,-0.0034,0.5315,0.0063,-0.0042,3.1575,0.0000,-0.1501,-0.0130,-9.6193,-0.0030,0.0075,0.0012,-0.1726,0.0265,-9.7112,0.0021,-0.0007,-0.0025,-0.2149,0.3793,-9.3730,0.0028,-0.0012,0.0043,1.4975,1.8893,-10.2215,0.0045,0.0067,0.0091,0.0000,0.0256,-0.0006,0.2884,0.0000,621.9467,0.0000,704.9099,-1.195151,0.275127,-0.065192,0.003151,-0.007281,0.064793,-1.204548,0.287091,-0.200000,0.000000,0.000000,0.000000,-1.195363,0.276150,-0.079998,1.0000,1.0000,1.0000,1.660,4.810,0.340,5.000,3.000,8.000,1.500,0.060,0.110,810983356,840246099,810981098,6730,1000,1506,1504,1505,1000,1000,1505,1505,1505,1096,2008,1625,1017,1000,1000
-0.0107,0.0045,3.1158,-0.0088,-0.0034,0.5314,0.0063,-0.0042,3.1575,0.0000,0.0268,-0.0912,-9.6382,-0.0023,0.0043,0.0003,-0.0624,-0.1775,-9.7068,0.0063,-0.0051,-0.0007,0.6183,0.9299,-9.9835,-0.0087,0.0220,-0.0163,-0.0864,0.4258,-10.4944,-0.0035,0.0080,-0.0248,0.0000,0.0258,-0.0028,0.2884,0.0000,620.8896,0.0000,705.6756,-1.195326,0.275706,-0.070706,0.002647,-0.004920,0.052204,-1.204548,0.287091,-0.200000,0.000000,0.000000,0.000000,-1.195523,0.276307,-0.080090,1.0000,1.0000,1.0000,1.660,4.810,0.340,5.000,3.000,8.000,1.500,0.060,0.110,810993406,840377793,810993147,6731,1000,1506,1504,1505,1000,1000,1505,1505,1505,1096,2008,1625,1017,1000,1000
-0.0106,0.0044,3.1157,-0.0088,-0.0034,0.5313,0.0063,-0.0042,3.1575,0.0000,0.0785,-0.0362,-9.6609,-0.0025,0.0011,0.0013,0.0669,-0.0396,-9.8169,0.0017,-0.0027,-0.0013,0.2879,0.3242,-9.9117,-0.0057,0.0241,-0.0120,-0.0864,-0.0590,-9.6738,0.0048,0.0144,-0.0048,0.0000,0.0265,-0.0036,0.2894,0.0000,621.3718,0.0000,707.3853,-1.195306,0.275659,-0.070234,0.002443,-0.005336,0.052852,-1.204548,0.287091,-0.200000,0.000000,0.000000,0.000000,-1.195523,0.276307,-0.080090,1.0000,1.0000,1.0000,1.660,4.810,0.340,5.000,3.000,8.000,1.500,0.060,0.110,811003906,840377793,811002147,6731,1000,1506,1504,1505,1000,1000,1505,1505,1505,1096,2008,1625,1017,1000,1000
-0.0107,0.0044,3.1157,-0.0088,-0.0034,0.5312,0.0063,-0.0042,3.1575,0.0000,0.1885,0.1138,-9.5983,-0.0023,0.0016,0.0058,0.1000,-0.0302,-9.7260,0.0043,-0.0043,0.0036,-0.4950,-0.2552,-9.6148,0.0015,0.0092,-0.0029,0.0968,-0.4254,-9.6038,-0.0125,-0.0144,0.0037,0.0000,0.0259,-0.0019,0.2883,0.0000,621.1500,0.0000,705.3198,-1.195277,0.275589,-0.069586,0.002552,-0.005480,0.055235,-1.204548,0.287091,-0.200000,0.000000,0.000000,0.000000,-1.195523,0.276307,-0.080090,1.0000,1.0000,1.0000,1.660,4.810,0.340,5.000,3.000,8.000,1.500,0.060,0.110,811014406,840377793,811014147,6731,1000,1506,1504,1505,1000,1000,1505,1505,1505,1096,2008,1625,1017,1000,1000
-0.0107,0.0044,3.1157,-0.0089,-0.0034,0.5312,0.0063,-0.0042,3.1575,0.0000,0.1377,0.2018,-9.7428,-0.0026,0.0001,0.0051,0.1849,0.1167,-9.9140,0.0020,-0.0043,0.0003,0.0269,-0.1810,-9.8255,0.0039,0.0041,0.0077,-1.1081,-0.4882,-8.9860,0.0138,-0.0075,0.0064,0.0000,0.0261,-0.0016,0.2885,0.0000,621.3622,0.0000,705.4751,-1.195254,0.275536,-0.069083,0.002513,-0.005703,0.056317,-1.204548,0.287091,-0.200000,0.000000,0.000000,0.000000,-1.195523,0.276307,-0.080090,1.0000,1.0000,1.0000,1.660,4.810,0.340,5.000,3.000,8.000,1.500,0.060,0.110,811024906,840377793,811023147,6731,1000,1506,1504,1505,1000,1000,1505,1505,1505,1096,2008,1625,1017,1000,1000
-0.0107,0.0042,3.1158,-0.0089,-0.0034,0.5311,0.0063,-0.0042,3.1575,0.0000,0.0452,0.1782,-9.6073,-0.0040,0.0046,-0.0026,0.0388,0.1452,-9.7023,0.0039,0.0031,-0.0041,0.1801,-0.2624,-9.9644,0.0012,-0.0036,0.0117,0.8869,0.5551,-10.7997,0.0059,-0.0032,0.0040,0.0000,0.0269,-0.0034,0.2893,0.0000,621.3132,0.0000,707.4041,-1.195224,0.275465,-0.068399,0.002315,-0.006204,0.057994,-1.204548,0.287091,-0.200000,0.000000,0.000000,0.000000,-1.195523,0.276307,-0.080090,1.0000,1.0000,1.0000,1.660,4.810,0.340,5.000,3.000,8.000,1.500,0.060,0.110,811035406,840377793,811035148,6731,1000,1506,1504,1505,1000,1000,1505,1505,1505,1096,2008,1625,1017,1000,1000
-0.0107,0.0040,3.1157,-0.0090,-0.0034,0.5310,0.0063,-0.0042,3.1575,0.0000,0.0078,0.0921,-9.7209,-0.0028,0.0051,-0.0090,0.0657,0.0657,-9.8619,-0.0005,-0.0011,-0.0090,0.6326,0.1015,-9.7776,0.0081,-0.0060,0.0125,0.0411,0.2247,-9.4565,0.0157,-0.0080,0.0133,0.0000,0.0261,-0.0035,0.2898,0.0000,622.0890,0.0000,707.7884,-1.195202,0.275408,-0.067871,0.002226,-0.006834,0.059299,-1.204548,0.287091,-0.200000,0.000000,0.000000,0.000000,-1.195523,0.276307,-0.080090,1.0000,1.0000,1.0000,1.660,4.810,0.340,5.000,3.000,8.000,1.500,0.060,0.110,811045906,840377793,811044147,6731,1000,1506,1504,1505,1000,1000,1505,1505,1505,1096,2008,1625,1017,1000,1000
-0.0107,0.0040,3.1157,-0.0090,-0.0033,0.5309,0.0063,-0.0042,3.1575,0.0000,-0.0013,0.0235,-9.6019,-0.0029,0.0090,-0.0025,-0.0315,-0.1036,-9.7304,0.0070,0.0062,-0.0019,0.9415,0.8342,-9.7992,-0.0081,-0.0052,0.0096,-0.7346,0.0092,-9.5266,-0.0008,-0.0112,-0.0077,0.0000,0.0258,-0.0049,0.2889,0.0000,620.5682,0.0000,707.1540,-1.195174,0.275329,-0.067154,0.002406,-0.006948,0.060647,-1.204548,0.287091,-0.200000,0.000000,0.000000,0.000000,-1.195523,0.276307,-0.080090,1.0000,1.0000,1.0000,1.660,4.810,0.340,5.000,3.000,8.000,1.500,0.060,0.110,811056406,840377793,811056147,6731,1000,1506,1504,1505,1000,1000,1505,1505,1505,1096,2008,1625,1017,1000,1000
-0.0110,0.0042,3.1158,-0.0090,-0.0033,0.5309,0.0063,-0.0042,3.1575,0.0000,-0.0055,0.0224,-9.6598,-0.0019,0.0092,0.0014,-0.0377,-0.0720,-9.8611,0.0015,0.0045,0.0010,0.0628,0.0968,-10.3091,-0.0079,0.0023,-0.0061,1.1868,0.7993,-9.7043,0.0032,0.0056,-0.0141,0.0000,0.0255,-0.0039,0.2880,0.0000,620.0663,0.0000,705.5581,-1.195151,0.275270,-0.066601,0.002481,-0.006359,0.062045,-1.204548,0.287091,-0.200000,0.000000,0.000000,0.000000,-1.195523,0.276307,-0.080090,1.0000,1.0000,1.0000,1.660,4.810,0.340,5.000,3.000,8.000,1.500,0.060,0.110,811066906,840377793,811065147,6731,1000,1506,1504,1505,1000,1000,1505,1505,1505,1096,2008,1625,1017,1000,1000
-0.0110,0.0044,3.1158,-0.0090,-0.0033,0.5308,0.0063,-0.0042,3.1575,0.0000,-0.0148,0.1334,-9.6770,-0.0000,0.0070,-0.0017,0.0864,0.0761,-9.8544,0.0047,0.0010,-0.0019,0.5488,-0.1905,-9.5382,-0.0079,-0.0004,-0.0192,-0.9986,-0.4469,-9.5984,-0.0024,0.0075,-0.0146,0.0000,0.0259,-0.0022,0.2886,0.0000,621.2933,0.0000,705.7798,-1.195118,0.275191,-0.065850,0.002722,-0.006440,0.063227,-1.204548,0.287091,-0.200000,0.000000,0.000000,0.000000,-1.195523,0.276307,-0.080090,1.0000,1.0000,1.0000,1.660,4.810,0.340,5.000,3.000,8.000,1.500,0.060,0.110,811077406,840377793,811077147,6731,1000,1506,1504,1505,1000,1000,1505,1505,1505,1096,2008,1625,1017,1000,1000
-0.0110,0.0042,3.1157,-0.0091,-0.0033,0.5307,0.0063,-0.0042,3.1575,0.0000,-0.0793,0.2129,-9.6549,0.0000,0.0075,0.0019,0.0385,0.1666,-9.8731,0.0061,0.0031,0.0020,0.6159,0.0297,-9.4879,-0.0103,0.0153,-0.0128,-0.5838,-0.6103,-9.6612,0.0000,-0.0043,-0.0216,0.0000,0.0265,-0.0026,0.2892,0.0000,621.6473,0.0000,706.8082,-1.195093,0.275131,-0.065276,0.002501,-0.006503,0.064331,-1.204548,0.287091,-0.200000,0.000000,0.000000,0.000000,-1.195523,0.276307,-0.080090,1.0000,1.0000,1.0000,1.660,4.810,0.340,5.000,3.000,8.000,1.500,0.060,0.110,811087906,840377793,811086147,6731,1000,1506,1504,1505,1000,1000,1505,1505,1505,1096,2008,1625,1017,1000,1000
-0.0108,0.0039,3.1157,-0.0091,-0.0033,0.5307,0.0063,-0.0042,3.1575,0.0000,-0.0553,0.2368,-9.6765,-0.0017,0.0031,0.0088,-0.1407,0.1487,-9.7804,0.0039,-0.0043,0.0023,-0.0234,-0.3438,-9.2844,-0.0012,0.0196,-0.0021,1.1581,0.5048,-9.2680,0.0069,0.0013,-0.0005,0.0000,0.0272,-0.0015,0.2892,0.0000,621.8420,0.0000,706.5642,-1.195062,0.275048,-0.064492,0.002345,-0.007120,0.066243,-1.204548,0.287091,-0.200000,0.000000,0.000000,0.000000,-1.195523,0.276307,-0.080090,1.0000,1.0000,1.0000,1.660,4.810,0.340,5.000,3.000,8.000,1.500,0.060,0.110,811098406,840377793,811098147,6731,1000,1506,1504,1505,1000,1000,1505,1505,1505,1096,2008,1625,1017,1000,1000
-0.0105,0.0036,3.1158,-0.0091,-0.0033,0.5306,0.0063,-0.0042,3.1575,0.0000,0.0046,0.1343,-9.6636,-0.0036,0.0043,0.0018,-0.0466,0.1332,-9.7431,-0.0001,-0.0004,0.0003,-0.1072,0.5349,-9.4376,0.0063,0.0129,0.0029,-0.7831,-0.1560,-10.2969,0.0061,0.0173,0.0224,0.0000,0.0270,-0.0037,0.2891,0.0000,620.8849,0.0000,707.2778,-1.195041,0.274980,-0.063891,0.002596,-0.008176,0.067283,-1.204548,0.287091,-0.200000,0.000000,0.000000,0.000000,-1.195523,0.276307,-0.080090,1.0000,1.0000,1.0000,1.660,4.810,0.340,5.000,3.000,8.000,1.500,0.060,0.110,811108906,840377793,811107147,6731,1000,1506,1504,1505,1000,1000,1505,1505,1505,1096,2008,1625,1017,1000,1000
-0.0104,0.0037,3.1157,-0.0086,-0.0033,0.5304,0.0063,-0.0042,3.1575,0.0000,0.0928,-0.0434,-9.6744,-0.0046,0.0005,-0.0057,0.0478,-0.0090,-9.8086,0.0024,-0.0079,-0.0103,-0.2724,1.1574,-9.1982,0.0047,0.0116,0.0125,-1.2536,0.0254,-9.4475,0.0120,0.0221,0.0032,0.0000,0.0263,-0.0016,0.2896,0.0000,622.5002,0.0000,706.8246,-1.195415,0.275687,-0.070637,0.001665,-0.005682,0.051011,-1.204548,0.287091,-0.200000,0.000000,0.000000,0.000000,-1.195690,0.276228,-0.080257,1.0000,1.0000,1.0000,1.660,4.810,0.340,5.000,3.000,8.000,1.500,0.060,0.110,811119456,840479097,811119147,6732,1000,1506,1504,1505,1000,1000,1505,1505,1505,1096,2008,1625,1017,1000,1000
-0.0106,0.0040,3.1157,-0.0087,-0.0033,0.5303,0.0063,-0.0042,3.1575,0.0000,0.1496,-0.0414,-9.6634,-0.0038,0.0019,-0.0053,0.1109,-0.0670,-9.7565,0.0000,-0.0044,-0.0066,-0.7608,-0.0301,-10.0146,-0.0065,0.0137,0.0093,1.8710,2.1964,-9.9719,0.0051,0.0029,-0.0059,0.0000,0.0260,-0.0023,0.2896,0.0000,622.3315,0.0000,707.0166,-1.195403,0.275638,-0.070168,0.001821,-0.005368,0.052117,-1.204548,0.287091,-0.200000,0.000000,0.000000,0.000000,-1.195690,0.276228,-0.080257,1.0000,1.0000,1.0000,1.660,4.810,0.340,5.000,3.000,8.000,1.500,0.060,0.110,811129956,840479097,811128254,6732,1000,1506,1504,1505,1000,1000,1505,1505,1505,1096,2008,1625,1017,1000,1000
-0.0109,0.0044,3.1157,-0.0087,-0.0033,0.5302,0.0063,-0.0042,3.1575,0.0000,0.2100,-0.0803,-9.6491,-0.0033,-0.0022,-0.0035,0.0269,-0.1299,-9.7969,0.0021,-0.0030,-0.0066,-0.0832,-0.0397,-10.3402,-0.0020,-0.0105,0.0040,-0.5335,-0.3966,-9.7259,0.0075,-0.0210,-0.0165,0.0000,0.0255,-0.0019,0.2893,0.0000,622.3782,0.0000,706.3541,-1.195381,0.275581,-0.069538,0.002363,-0.004494,0.053487,-1.204548,0.287091,-0.200000,0.000000,0.000000,0.000000,-1.195690,0.276228,-0.080257,1.0000,1.0000,1.0000,1.660,4.810,0.340,5.000,3.000,8.000,1.500,0.060,0.110,811140456,840479097,811140197,6732,1000,1506,1504,1505,1000,1000,1505,1505,1505,1096,2008,1625,1017,1000,1000
-0.0110,0.0042,3.1157,-0.0087,-0.0033,0.5302,0.0063,-0.0042,3.1575,0.0000,0.1250,0.0155,-9.6416,-0.0016,0.0029,0.0011,0.1410,-0.0507,-9.7203,0.0027,0.0010,-0.0036,-0.1838,-0.0660,-9.0881,-0.0028,-0.0140,-0.0027,-0.3144,0.2211,-10.5124,0.0069,-0.0258,0.0112,0.0000,0.0253,-0.0039,0.2886,0.0000,620.8342,0.0000,706.2272,-1.195362,0.275539,-0.069052,0.001589,-0.004348,0.054400,-1.204548,0.287091,-0.200000,0.000000,0.000000,0.000000,-1.195690,0.276228,-0.080257,1.0000,1.0000,1.0000,1.660,4.810,0.340,5.000,3.000,8.000,1.500,0.060,0.110,811150956,840479097,811149197,6732,1000,1506,1504,1505,1000,1000,1505,1505,1505,1096,2008,1625,1017,1000,1000
-0.0110,0.0041,3.1157,-0.0088,-0.0033,0.5301,0.0063,-0.0042,3.1575,0.0000,0.0498,0.1817,-9.6878,-0.0010,0.0079,0.0012,0.1220,0.0221,-9.7704,0.0126,0.0092,0.0021,0.5776,-0.1403,-9.0522,-0.0111,-0.0084,-0.0075,-0.0163,-0.1021,-9.5248,-0.0040,-0.0176,-0.0101,0.0000,0.0255,-0.0052,0.2886,0.0000,620.2075,0.0000,706.8172,-1.195338,0.275481,-0.068386,0.001701,-0.004809,0.056388,-1.204548,0.287091,-0.200000,0.000000,0.000000,0.000000,-1.195690,0.276228,-0.080257,1.0000,1.0000,1.0000,1.660,4.810,0.340,5.000,3.000,8.000,1.500,0.060,0.110,811161456,840479097,811161197,6732,1000,1506,1504,1505,1000,1000,1505,1505,1505,1096,2008,1625,1017,1000,1000
-0.0108,0.0040,3.1157,-0.0088,-0.0033,0.5300,0.0063,-0.0042,3.1575,0.0000,-0.0560,0.3987,-9.7064,-0.0011,0.0120,-0.0002,-0.0139,0.2880,-9.8524,0.0028,0.0059,-0.0015,0.7978,-0.1259,-9.7585,-0.0071,-0.0071,-0.0077,-0.2085,-1.0970,-10.0617,-0.0035,-0.0165,0.0037,0.0000,0.0262,-0.0047,0.2890,0.0000,620.6715,0.0000,707.3080,-1.195319,0.275431,-0.067874,0.001575,-0.005511,0.057260,-1.204548,0.287091,-0.200000,0.000000,0.000000,0.000000,-1.195690,0.276228,-0.080257,1.0000,1.0000,1.0000,1.660,4.810,0.340,5.000,3.000,8.000,1.500,0.060,0.110,811171956,840479097,811170197,6732,1000,1506,1504,1505,1000,1000,1505,1505,1505,1096,2008,1625,1017,1000,1000
-0.0107,0.0040,3.1157,-0.0089,-0.0032,0.5299,0.0063,-0.0042,3.1575,0.0000,-0.1348,0.3894,-9.6167,-0.0029,0.0116,0.0011,-0.1003,0.4367,-9.8067,0.0052,0.0036,-0.0005,-0.3945,-0.4994,-9.7082,-0.0007,0.0028,0.0011,1.0844,0.3252,-9.8336,0.0120,0.0099,-0.0072,0.0000,0.0272,-0.0025,0.2894,0.0000,621.7082,0.0000,707.2133,-1.195298,0.275363,-0.067176,0.001267,-0.005831,0.059315,-1.204548,0.287091,-0.200000,0.000000,0.000000,0.000000,-1.195690,0.276228,-0.080257,1.0000,1.0000,1.0000,1.660,4.810,0.340,5.000,3.000,8.000,1.500,0.060,0.110,811182456,840479097,811182197,6732,1000,1506,1504,1505,1000,1000,1505,1505,1505,1096,2008,1625,1017,1000,1000
-0.0107,0.0041,3.1157,-0.0089,-0.0032,0.5298,0.0063,-0.0042,3.1575,0.0000,-0.1254,0.2067,-9.7416,-0.0049,0.0093,0.0005,-0.0049,0.3223,-9.9405,-0.0008,0.0015,-0.0030,0.5704,0.5852,-9.7537,0.0081,0.0137,0.0075,0.1992,1.1369,-9.2482,0.0075,0.0290,-0.0024,0.0000,0.0265,-0.0016,0.2891,0.0000,621.9924,0.0000,706.3314,-1.195284,0.275311,-0.066638,0.001836,-0.006328,0.060184,-1.204548,0.287091,-0.200000,0.000000,0.000000,0.000000,-1.195690,0.276228,-0.080257,1.0000,1.0000,1.0000,1.660,4.810,0.340,5.000,3.000,8.000,1.500,0.060,0.110,811192956,840479097,811191197,6732,1000,1506,1504,1505,1000,1000,1505,1505,1505,1096,2008,1625,1017,1000,1000
-0.0107,0.0043,3.1157,-0.0089,-0.0032,0.5297,0.0063,-0.0042,3.1575,0.0000,-0.0547,-0.0912,-9.5812,-0.0045,0.0016,-0.0031,-0.1467,-0.0791,-9.7236,-0.0028,-0.0105,-0.0051,0.6709,0.7121,-10.3163,0.0004,0.0326,-0.0005,0.5834,0.7293,-9.8731,0.0048,0.0186,0.0221,0.0000,0.0258,-0.0003,0.2892,0.0000,622.8875,0.0000,705.7816,-1.195263,0.275241,-0.065908,0.002450,-0.006572,0.061774,-1.204548,0.287091,-0.200000,0.000000,0.000000,0.000000,-1.195690,0.276228,-0.080257,1.0000,1.0000,1.0000,1.660,4.810,0.340,5.000,3.000,8.000,1.500,0.060,0.110,811203456,840479097,811203212,6732,1000,1506,1504,1505,1000,1000,1505,1505,1505,1096,2008,1625,1017,1000,1000
-0.0107,0.0044,3.1157,-0.0090,-0.0032,0.5297,0.0063,-0.0042,3.1575,0.0000,0.0638,-0.2143,-9.6829,-0.0043,-0.0000,-0.0019,0.0178,-0.2358,-9.8377,0.0077,-0.0027,-0.0014,-1.2109,0.1446,-9.6699,0.0049,0.0196,0.0048,0.3087,1.8247,-10.3903,0.0069,0.0088,-0.0005,0.0000,0.0255,-0.0040,0.2892,0.0000,621.3559,0.0000,707.0554,-1.195242,0.275185,-0.065347,0.003217,-0.006559,0.062850,-1.204548,0.287091,-0.200000,0.000000,0.000000,0.000000,-1.195690,0.276228,-0.080257,1.0000,1.0000,1.0000,1.660,4.810,0.340,5.000,3.000,8.000,1.500,0.060,0.110,811213956,840479097,811212198,6732,1000,1506,1504,1505,1000,1000,1505,1505,1505,1096,2008,1625,1017,1000,1000
-0.0109,0.0044,3.1157,-0.0086,-0.0033,0.5296,0.0063,-0.0042,3.1575,0.0000,0.1918,-0.1217,-9.6619,-0.0025,0.0006,0.0026,0.2375,-0.1945,-9.7274,0.0023,-0.0023,0.0003,0.4483,0.4367,-9.4520,-0.0108,0.0055,-0.0024,-2.3813,0.1600,-9.3578,-0.0357,0.0221,-0.0107,0.0000,0.0252,-0.0062,0.2887,0.0000,620.0161,0.0000,707.2327,-1.195409,0.275711,-0.071052,0.001580,-0.003922,0.048685,-1.204548,0.287091,-0.200000,0.000000,0.000000,0.000000,-1.195571,0.276198,-0.080176,1.0000,1.0000,1.0000,1.660,4.810,0.340,5.000,3.000,8.000,1.500,0.060,0.110,811224003,840611499,811221244,6733,1000,1506,1504,1505,1000,1000,1505,1505,1505,1096,2008,1625,1017,1000,1000
-0.0111,0.0043,3.1157,-0.0087,-0.0032,0.5295,0.0063,-0.0042,3.1575,0.0000,0.1980,0.1901,-9.6908,-0.0010,0.0008,-0.0000,0.1513,0.0831,-9.7868,0.0056,0.0024,-0.0026,0.4171,-0.8322,-10.2062,-0.0007,-0.0169,-0.0075,-0.3108,-0.1865,-9.5804,0.0029,-0.0397,-0.0075,0.0000,0.0263,-0.0059,0.2892,0.0000,620.2758,0.0000,707.9626,-1.195388,0.275658,-0.070458,0.001334,-0.003836,0.050272,-1.204548,0.287091,-0.200000,0.000000,0.000000,0.000000,-1.195571,0.276198,-0.080176,1.0000,1.0000,1.0000,1.660,4.810,0.340,5.000,3.000,8.000,1.500,0.060,0.110,811234010,840611499,811233252,6733,1000,1506,1504,1505,1000,1000,1505,1505,1505,1096,2008,1625,1017,1000,1000
-0.0111,0.0042,3.1157,-0.0087,-0.0032,0.5294,0.0063,-0.0042,3.1575,0.0000,0.1110,0.3009,-9.6587,-0.0009,0.0084,0.0000,0.2036,0.2270,-9.8314,0.0041,0.0080,-0.0034,-0.1670,-0.8226,-9.8111,0.0063,-0.0225,0.0019,-0.3665,-1.1598,-9.8767,0.0240,-0.0152,-0.0037,0.0000,0.0252,-0.0044,0.2891,0.0000,621.1545,0.0000,706.9871,-1.195372,0.275617,-0.070000,0.001117,-0.004560,0.051535,-1.204548,0.287091,-0.200000,0.000000,0.000000,0.000000,-1.195571,0.276198,-0.080176,1.0000,1.0000,1.0000,1.660,4.810,0.340,5.000,3.000,8.000,1.500,0.060,0.110,811244510,840611499,811242251,6733,1000,1506,1504,1505,1000,1000,1505,1505,1505,1096,2008,1625,1017,1000,1000
-0.0110,0.0043,3.1157,-0.0087,-0.0032,0.5294,0.0063,-0.0042,3.1575,0.0000,0.0198,0.3688,-9.6723,-0.0033,0.0134,0.0011,-0.0050,0.3682,-9.7586,0.0001,0.0059,-0.0012,0.1897,-0.7197,-9.7345,-0.0015,-0.0132,0.0037,0.9139,0.6090,-10.5752,0.0101,-0.0120,0.0077,0.0000,0.0262,-0.0064,0.2890,0.0000,619.9128,0.0000,707.9241,-1.195353,0.275561,-0.069370,0.001317,-0.004683,0.053316,-1.204548,0.287091,-0.200000,0.000000,0.000000,0.000000,-1.195571,0.276198,-0.080176,1.0000,1.0000,1.0000,1.660,4.810,0.340,5.000,3.000,8.000,1.500,0.060,0.110,811255010,840611499,811254267,6733,1000,1506,1504,1505,1000,1000,1505,1505,1505,1096,2008,1625,1017,1000,1000
-0.0108,0.0044,3.1157,-0.0088,-0.0032,0.5293,0.0063,-0.0042,3.1575,0.0000,-0.0845,0.2663,-9.6789,-0.0036,0.0112,-0.0035,-0.0681,0.2960,-9.8184,0.0029,0.0032,-0.0105,-0.7273,-0.4946,-9.8734,0.0033,0.0039,0.0048,1.1275,-0.0734,-9.5732,0.0088,0.0128,0.0178,0.0000,0.0263,-0.0046,0.2894,0.0000,621.0687,0.0000,707.7628,-1.195335,0.275519,-0.068886,0.002368,-0.005347,0.054506,-1.204548,0.287091,-0.200000,0.000000,0.000000,0.000000,-1.195571,0.276198,-0.080176,1.0000,1.0000,1.0000,1.660,4.810,0.340,5.000,3.000,8.000,1.500,0.060,0.110,811265510,840611499,811263251,6733,1000,1506,1504,1505,1000,1000,1505,1505,1505,1096,2008,1625,1017,1000,1000
-0.0108,0.0045,3.1156,-0.0088,-0.0032,0.5292,0.0063,-0.0042,3.1575,0.0000,-0.1841,0.0611,-9.6280,-0.0053,0.0097,-0.0047,-0.1189,0.1091,-9.7325,-0.0001,-0.0010,-0.0063,-0.6148,0.7408,-9.1719,0.0015,0.0073,0.0027,0.7810,1.6002,-9.8390,-0.0077,0.0045,0.0011,0.0000,0.0267,-0.0025,0.2895,0.0000,621.9536,0.0000,707.1996,-1.195308,0.275460,-0.068223,0.002285,-0.005659,0.056108,-1.204548,0.287091,-0.200000,0.000000,0.000000,0.000000,-1.195571,0.276198,-0.080176,1.0000,1.0000,1.0000,1.660,4.810,0.340,5.000,3.000,8.000,1.500,0.060,0.110,811276010,840611499,811275251,6733,1000,1506,1504,1505,1000,1000,1505,1505,1505,1096,2008,1625,1017,1000,1000
-0.0108,0.0045,3.1157,-0.0089,-0.0032,0.5292,0.0063,-0.0042,3.1575,0.0000,-0.1397,-0.1093,-9.6933,-0.0037,0.0037,0.0017,-0.0707,-0.0437,-9.9110,0.0033,-0.0018,0.0035,1.3222,1.7081,-9.4185,-0.0089,0.0252,-0.0043,-0.9393,0.2839,-8.8442,0.0053,0.0128,0.0056,0.0000,0.0259,-0.0011,0.2886,0.0000,621.8530,0.0000,705.3730,-1.195291,0.275412,-0.067713,0.002445,-0.005601,0.057232,-1.204548,0.287091,-0.200000,0.000000,0.000000,0.000000,-1.195571,0.276198,-0.080176,1.0000,1.0000,1.0000,1.660,4.810,0.340,5.000,3.000,8.000,1.500,0.060,0.110,811286510,840611499,811284251,6733,1000,1506,1504,1505,1000,1000,1505,1505,1505,1096,2008,1625,1017,1000,1000
-0.0109,0.0046,3.1157,-0.0089,-0.0032,0.5291,0.0063,-0.0042,3.1575,0.0000,0.0181,-0.1005,-9.5941,-0.0020,0.0010,-0.0009,-0.0144,-0.2127,-9.7255,0.0067,-0.0009,-0.0029,-0.2053,-0.2001,-9.7058,-0.0055,0.0289,-0.0171,-0.2641,0.2893,-9.9611,0.0008,0.0013,0.0024,0.0000,0.0255,-0.0014,0.2889,0.0000,622.1789,0.0000,705.7936,-1.195266,0.275342,-0.067018,0.002306,-0.005940,0.058872,-1.204548,0.287091,-0.200000,0.000000,0.000000,0.000000,-1.195571,0.276198,-0.080176,1.0000,1.0000,1.0000,1.660,4.810,0.340,5.000,3.000,8.000,1.500,0.060,0.110,811297010,840611499,811296251,6733,1000,1506,1504,1505,1000,1000,1505,1505,1505,1096,2008,1625,1017,1000,1000
-0.0112,0.0046,3.1156,-0.0089,-0.0031,0.5290,0.0063,-0.0042,3.1575,0.0000,0.1471,0.0437,-9.7172,-0.0010,-0.0009,0.0010,0.0942,0.0215,-9.8086,0.0056,-0.0051,-0.0014,-0.4041,0.2165,-10.1798,-0.0033,0.0103,-0.0048,-0.3216,0.5443,-10.4082,-0.0314,0.0208,-0.0115,0.0000,0.0259,-0.0037,0.2895,0.0000,621.6586,0.0000,707.4136,-1.195250,0.275288,-0.066482,0.001742,-0.005471,0.059852,-1.204548,0.287091,-0.200000,0.000000,0.000000,0.000000,-1.195571,0.276198,-0.080176,1.0000,1.0000,1.0000,1.660,4.810,0.340,5.000,3.000,8.000,1.500,0.060,0.110,811307510,840611499,811305267,6733,1000,1506,1504,1505,1000,1000,1505,1505,1505,1096,2008,1625,1017,1000,1000
-0.0112,0.0046,3.1156,-0.0090,-0.0031,0.5289,0.0063,-0.0042,3.1575,0.0000,0.1784,0.0993,-9.7225,-0.0012,0.0001,0.0092,0.2423,0.1056,-9.8208,0.0052,-0.0073,0.0007,-0.2724,0.3505,-9.1264,-0.0023,0.0007,0.0035,-1.1746,-0.8689,-8.9501,0.0043,-0.0083,0.0091,0.0000,0.0268,-0.0051,0.2892,0.0000,620.4360,0.0000,707.8022,-1.195228,0.275219,-0.065759,0.001960,-0.005387,0.060660,-1.204548,0.287091,-0.200000,0.000000,0.000000,0.000000,-1.195571,0.276198,-0.080176,1.0000,1.0000,1.0000,1.660,4.810,0.340,5.000,3.000,8.000,1.500,0.060,0.110,811318010,840611499,811317251,6733,1000,1506,1504,1505,1000,1000,1505,1505,1505,1096,2008,1625,1017,1000,1000
-0.0112,0.0045,3.1156,-0.0090,-0.0031,0.5289,0.0063,-0.0042,3.1575,0.0000,0.1310,0.1806,-9.6375,-0.0024,0.0014,-0.0004,0.1119,0.1237,-9.7163,0.0013,-0.0031,-0.0024,0.0939,-0.2767,-9.5095,-0.0063,0.0060,0.0075,0.1579,0.0954,-9.9126,0.0016,-0.0258,-0.0013,0.0000,0.0266,-0.0053,0.2894,0.0000,620.7261,0.0000,708.1326,-1.195210,0.275165,-0.065206,0.001707,-0.006128,0.062193,-1.204548,0.287091,-0.200000,0.000000,0.000000,0.000000,-1.195571,0.276198,-0.080176,1.0000,1.0000,1.0000,1.660,4.810,0.340,5.000,3.000,8.000,1.500,0.060,0.110,811328510,840611499,811326251,6733,1000,1506,1504,1505,1000,1000,1505,1505,1505,1096,2008,1625,1017,1000,1000
-0.0110,0.0044,3.1156,-0.0090,-0.0031,0.5287,0.0063,-0.0042,3.1575,0.0000,0.0540,0.1923,-9.7138,-0.0035,0.0052,-0.0053,0.0768,0.1826,-9.9452,0.0043,0.0014,-0.0037,-0.2676,-0.2648,-10.0960,0.0033,-0.0065,0.0144,0.1974,-0.6768,-10.1766,0.0288,-0.0248,0.0064,0.0000,0.0266,-0.0039,0.2896,0.0000,621.4509,0.0000,707.7751,-1.195186,0.275089,-0.064448,0.001851,-0.006738,0.064053,-1.204548,0.287091,-0.200000,0.000000,0.000000,0.000000,-1.195571,0.276198,-0.080176,1.0000,1.0000,1.0000,1.660,4.810,0.340,5.000,3.000,8.000,1.500,0.060,0.110,811339010,840611499,811338252,6733,1000,1506,1504,1505,1000,1000,1505,1505,1505,1096,2008,1625,1017,1000,1000
-0.0109,0.0043,3.1156,-0.0091,-0.0031,0.5287,0.0063,-0.0042,3.1575,0.0000,-0.0000,0.1021,-9.5725,-0.0036,0.0081,-0.0013,0.0512,0.1083,-9.6737,0.0050,0.0058,-0.0041,-0.3059,0.2093,-9.5549,-0.0036,-0.0142,0.0136,0.0591,0.5784,-10.1479,-0.0005,-0.0301,0.0173,0.0000,0.0267,-0.0046,0.2893,0.0000,620.8434,0.0000,707.7266,-1.195169,0.275027,-0.063867,0.001764,-0.007334,0.065205,-1.204548,0.287091,-0.200000,0.000000,0.000000,0.000000,-1.195571,0.276198,-0.080176,1.0000,1.0000,1.0000,1.660,4.810,0.340,5.000,3.000,8.000,1.500,0.060,0.110,811349510,840611499,811347251,6733,1000,1506,1504,1505,1000,1000,1505,1505,1505,1096,2008,1625,1017,1000,1000
-0.0109,0.0042,3.1157,-0.0091,-0.0031,0.5286,0.0063,-0.0042,3.1575,0.0000,-0.0347,0.0015,-9.6347,-0.0028,0.0077,-0.0046,-0.0184,-0.0403,-9.8536,0.0049,0.0054,-0.0056,1.2551,0.3122,-9.8183,-0.0103,0.0020,0.0029,0.6786,0.7257,-9.1979,-0.0165,0.0370,0.0123,0.0000,0.0263,-0.0043,0.2895,0.0000,621.3198,0.0000,707.7550,-1.195147,0.274940,-0.063068,0.001753,-0.007814,0.067832,-1.204548,0.287091,-0.200000,0.000000,0.000000,0.000000,-1.195571,0.276198,-0.080176,1.0000,1.0000,1.0000,1.660,4.810,0.340,5.000,3.000,8.000,1.500,0.060,0.110,811360010,840611499,811359251,6733,1000,1506,1504,1505,1000,1000,1505,1505,1505,1096,2008,1625,1017,1000,1000
-0.0108,0.0046,3.1156,-0.0091,-0.0031,0.5286,0.0063,-0.0042,3.1575,0.0000,0.0141,0.0396,-9.6748,-0.0014,0.0074,-0.0059,0.1195,-0.0604,-9.7753,0.0078,0.0047,-0.0043,0.0844,0.1351,-9.8830,-0.0060,-0.0028,-0.0163,0.2045,-0.3302,-10.3939,-0.0008,-0.0053,-0.0336,0.0000,0.0260,-0.0041,0.2895,0.0000,621.4927,0.0000,707.5652,-1.195129,0.274871,-0.062454,0.002361,-0.007532,0.068568,-1.204548,0.287091,-0.200000,0.000000,0.000000,0.000000,-1.195571,0.276198,-0.080176,1.0000,1.0000,1.0000,1.660,4.810,0.340,5.000,3.000,8.000,1.500,0.060,0.110,811370510,840611499,811368251,6733,1000,1506,1504,1505,1000,1000,1505,1505,1505,1096,2008,1625,1017,1000,1000
-0.0111,0.0049,3.1156,-0.0092,-0.0031,0.5285,0.0063,-0.0042,3.1575,0.0000,0.0061,0.1422,-9.5822,-0.0014,0.0057,0.0026,0.0309,0.1777,-9.7516,0.0019,-0.0007,-0.0004,-0.8661,0.1853,-9.6004,-0.0036,0.0001,-0.0123,-0.5892,-1.3843,-10.2754,0.0099,-0.0024,0.0138,0.0000,0.0263,-0.0031,0.2887,0.0000,620.9643,0.0000,706.3526,-1.195098,0.274780,-0.061621,0.002487,-0.007252,0.070456,-1.204548,0.287091,-0.200000,0.000000,0.000000,0.000000,-1.195571,0.276198,-0.080176,1.0000,1.0000,1.0000,1.660,4.810,0.340,5.000,3.000,8.000,1.500,0.060,0.110,811381010,840611499,811380251,6733,1000,1506,1504,1505,1000,1000,1505,1505,1505,1096,2008,1625,1017,1000,1000
-0.0112,0.0048,3.1156,-0.0092,-0.0031,0.5284,0.0063,-0.0042,3.1575,0.0000,-0.0526,0.2236,-9.7200,-0.0017,0.0061,0.0088,0.0030,0.1448,-9.7569,0.0064,-0.0026,0.0075,0.4483,0.2667,-9.5142,-0.0049,0.0009,-0.0109,0.2584,0.0325,-10.1479,-0.0088,0.0216,0.0040,0.0000,0.0265,-0.0029,0.2885,0.0000,620.7643,0.0000,706.1024,-1.195076,0.274713,-0.060981,0.002368,-0.007312,0.071673,-1.204548,0.287091,-0.200000,0.000000,0.000000,0.000000,-1.195571,0.276198,-0.080176,1.0000,1.0000,1.0000,1.660,4.810,0.340,5.000,3.000,8.000,1.500,0.060,0.110,811391510,840611499,811389251,6733,1000,1506,1504,1505,1000,1000,1505,1505,1505,1096,2008,1625,1017,1000,1000
-0.0111,0.0043,3.1156,-0.0093,-0.0031,0.5284,0.0063,-0.0042,3.1575,0.0000,-0.0888,0.2549,-9.6442,-0.0026,0.0054,0.0076,-0.0698,0.2217,-9.8361,0.0020,-0.0029,0.0045,0.3549,-0.0660,-10.2062,0.0015,0.0252,-0.0008,0.4326,0.1511,-9.3524,-0.0051,0.0293,0.0125,0.0000,0.0276,-0.0029,0.2890,0.0000,621.0138,0.0000,707.0400,-1.195052,0.274623,-0.060115,0.001626,-0.007699,0.072726,-1.204548,0.287091,-0.200000,0.000000,0.000000,0.000000,-1.195571,0.276198,-0.080176,1.0000,1.0000,1.0000,1.660,4.810,0.340,5.000,3.000,8.000,1.500,0.060,0.110,811402010,840611499,811401252,6733,1000,1506,1504,1505,1000,1000,1505,1505,1505,1096,2008,1625,1017,1000,1000
-0.0108,0.0041,3.1156,-0.0086,-0.0032,0.5283,0.0063,-0.0042,3.1575,0.0000,0.0220,0.0582,-9.5875,-0.0038,0.0002,-0.0042,-0.0368,0.0173,-9.7274,0.0028,0.0019,-0.0081,-0.2987,0.6809,-9.4807,-0.0004,0.0143,0.0032,-0.1492,-0.1829,-10.0994,0.0130,0.0109,0.0064,0.0000,0.0261,-0.0025,0.2899,0.0000,622.5801,0.0000,707.4404,-1.195442,0.275791,-0.069922,0.000349,-0.004239,0.050619,-1.204548,0.287091,-0.200000,0.000000,0.000000,0.000000,-1.195610,0.276317,-0.080041,1.0000,1.0000,1.0000,1.660,4.810,0.340,5.000,3.000,8.000,1.500,0.060,0.110,811412071,840711846,811410313,6734,1000,1506,1504,1505,1000,1000,1505,1505,1505,1096,2008,1625,1017,1000,1000
-0.0107,0.0040,3.1156,-0.0085,-0.0032,0.5281,0.0063,-0.0042,3.1575,0.0000,0.1566,-0.0497,-9.7062,-0.0039,0.0012,-0.0081,0.2022,0.0349,-9.8807,-0.0009,-0.0006,-0.0116,-0.3442,0.2979,-10.1319,-0.0031,0.0156,0.0149,0.6122,1.0094,-9.1010,0.0144,-0.0112,-0.0048,0.0000,0.0255,-0.0037,0.2902,0.0000,622.5823,0.0000,708.1337,-1.195544,0.275922,-0.073144,0.000122,-0.003883,0.043579,-1.204548,0.287091,-0.200000,0.000000,0.000000,0.000000,-1.195678,0.276167,-0.080331,1.0000,1.0000,1.0000,1.660,4.810,0.340,5.000,3.000,8.000,1.500,0.060,0.110,811422118,840812357,811419359,6735,1000,1506,1504,1505,1000,1000,1505,1505,1505,1096,2008,1625,1017,1000,1000
-0.0111,0.0043,3.1156,-0.0086,-0.0032,0.5280,0.0063,-0.0042,3.1575,0.0000,0.1309,-0.0144,-9.5665,-0.0033,0.0044,-0.0013,0.1479,-0.0403,-9.7185,0.0056,0.0042,-0.0015,-0.6148,-0.2001,-9.4424,0.0025,-0.0047,0.0059,0.3356,0.5713,-9.9845,0.0115,-0.0322,-0.0176,0.0000,0.0252,-0.0050,0.2890,0.0000,620.8727,0.0000,707.1655,-1.195540,0.275880,-0.072612,0.000361,-0.003158,0.045381,-1.204548,0.287091,-0.200000,0.000000,0.000000,0.000000,-1.195678,0.276167,-0.080331,1.0000,1.0000,1.0000,1.660,4.810,0.340,5.000,3.000,8.000,1.500,0.060,0.110,811432121,840812357,811431373,6735,1000,1506,1504,1505,1000,1000,1505,1505,1505,1096,2008,1625,1017,1000,1000
-0.0112,0.0043,3.1156,-0.0086,-0.0031,0.5280,0.0063,-0.0042,3.1575,0.0000,0.0855,0.0305,-9.6764,-0.0015,0.0058,0.0009,0.1016,0.0074,-9.8137,0.0031,0.0001,0.0015,0.6422,0.7600,-9.7944,-0.0172,-0.0012,-0.0040,-1.5499,-0.3266,-9.6469,-0.0261,-0.0109,-0.0210,0.0000,0.0255,-0.0056,0.2883,0.0000,619.7064,0.0000,706.6423,-1.195537,0.275850,-0.072197,-0.000148,-0.002992,0.046874,-1.204548,0.287091,-0.200000,0.000000,0.000000,0.000000,-1.195678,0.276167,-0.080331,1.0000,1.0000,1.0000,1.660,4.810,0.340,5.000,3.000,8.000,1.500,0.060,0.110,811442621,840812357,811440362,6735,1000,1506,1504,1505,1000,1000,1505,1505,1505,1096,2008,1625,1017,1000,1000
-0.0111,0.0042,3.1156,-0.0086,-0.0031,0.5279,0.0063,-0.0042,3.1575,0.0000,0.0181,0.2248,-9.6893,-0.0001,0.0106,0.0011,-0.0003,0.0800,-9.8127,0.0076,0.0068,0.0025,0.4076,-0.7245,-9.4376,-0.0089,-0.0092,-0.0104,0.4739,-0.9479,-9.1010,0.0101,-0.0162,-0.0274,0.0000,0.0258,-0.0042,0.2889,0.0000,620.9066,0.0000,706.9196,-1.195534,0.275809,-0.071626,-0.000276,-0.003209,0.048132,-1.204548,0.287091,-0.200000,0.000000,0.000000,0.000000,-1.195678,0.276167,-0.080331,1.0000,1.0000,1.0000,1.660,4.810,0.340,5.000,3.000,8.000,1.500,0.060,0.110,811453121,840812357,811452362,6735,1000,1506,1504,1505,1000,1000,1505,1505,1505,1096,2008,1625,1017,1000,1000
-0.0110,0.0041,3.1156,-0.0087,-0.0031,0.5279,0.0063,-0.0042,3.1575,0.0000,-0.0876,0.3414,-9.6723,-0.0005,0.0111,0.0014,-0.1132,0.3410,-9.7840,0.0015,0.0015,0.0006,0.6781,-0.0301,-9.6770,0.0031,-0.0025,-0.0099,0.7792,0.4420,-9.8013,0.0024,-0.0136,-0.0186,0.0000,0.0263,-0.0019,0.2894,0.0000,622.1880,0.0000,706.7210,-1.195532,0.275775,-0.071186,0.000015,-0.004062,0.049691,-1.204548,0.287091,-0.200000,0.000000,0.000000,0.000000,-1.195678,0.276167,-0.080331,1.0000,1.0000,1.0000,1.660,4.810,0.340,5.000,3.000,8.000,1.500,0.060,0.110,811463621,840812357,811461362,6735,1000,1506,1504,1505,1000,1000,1505,1505,1505,1096,2008,1625,1017,1000,1000
-0.0109,0.0041,3.1156,-0.0087,-0.0031,0.5277,0.0063,-0.0042,3.1575,0.0000,-0.0983,0.3130,-9.7300,-0.0029,0.0107,0.0001,-0.0002,0.3422,-9.8697,0.0046,-0.0021,-0.0040,1.0277,0.8078,-9.5837,0.0052,0.0095,-0.0005,-0.6197,-0.2584,-9.6056,0.0043,0.0075,0.0016,0.0000,0.0261,-0.0012,0.2900,0.0000,623.2545,0.0000,707.0997,-1.195531,0.275726,-0.070582,-0.000099,-0.004325,0.050911,-1.204548,0.287091,-0.200000,0.000000,0.000000,0.000000,-1.195678,0.276167,-0.080331,1.0000,1.0000,1.0000,1.660,4.810,0.340,5.000,3.000,8.000,1.500,0.060,0.110,811474121,840812357,811473362,6735,1000,1506,1504,1505,1000,1000,1505,1505,1505,1096,2008,1625,1017,1000,1000
-0.0108,0.0042,3.1156,-0.0087,-0.0031,0.5277,0.0063,-0.0042,3.1575,0.0000,-0.1576,0.1688,-9.6343,-0.0041,0.0056,0.0031,-0.1868,0.1906,-9.7212,-0.0032,-0.0002,-0.0001,1.1977,0.5708,-9.6531,-0.0028,0.0287,0.0099,2.1547,1.7528,-9.8821,0.0165,0.0234,0.0013,0.0000,0.0263,-0.0037,0.2890,0.0000,620.9656,0.0000,706.9007,-1.195531,0.275688,-0.070120,0.000525,-0.004860,0.051824,-1.204548,0.287091,-0.200000,0.000000,0.000000,0.000000,-1.195678,0.276167,-0.080331,1.0000,1.0000,1.0000,1.660,4.810,0.340,5.000,3.000,8.000,1.500,0.060,0.110,811484621,840812357,811482362,6735,1000,1506,1504,1505,1000,1000,1505,1505,1505,1096,2008,1625,1017,1000,1000
-0.0108,0.0043,3.1156,-0.0088,-0.0031,0.5276,0.0063,-0.0042,3.1575,0.0000,-0.0073,-0.0713,-9.6679,-0.0060,-0.0009,0.0014,-0.0164,0.0362,-9.8664,-0.0004,-0.0095,-0.0028,-0.1096,1.0784,-10.0553,0.0033,0.0303,0.0101,-0.4976,0.7203,-9.5553,0.0269,0.0325,0.0133,0.0000,0.0270,-0.0013,0.2892,0.0000,622.0375,0.0000,706.4331,-1.195530,0.275633,-0.069487,0.000681,-0.005146,0.053669,-1.204548,0.287091,-0.200000,0.000000,0.000000,0.000000,-1.195678,0.276167,-0.080331,1.0000,1.0000,1.0000,1.660,4.810,0.340,5.000,3.000,8.000,1.500,0.060,0.110,811495121,840812357,811494362,6735,1000,1506,1504,1505,1000,1000,1505,1505,1505,1096,2008,1625,1017,1000,1000
-0.0109,0.0044,3.1156,-0.0088,-0.0030,0.5276,0.0063,-0.0042,3.1575,0.0000,0.0434,-0.1494,-9.6182,-0.0037,-0.0000,-0.0037,0.0401,-0.1054,-9.7603,0.0048,-0.0082,-0.0065,-0.9882,0.3314,-9.9284,-0.0023,0.0220,0.0051,0.5996,1.0830,-10.7566,-0.0149,0.0101,-0.0053,0.0000,0.0259,-0.0018,0.2896,0.0000,622.6577,0.0000,706.8850,-1.195529,0.275590,-0.069000,0.000575,-0.004634,0.054707,-1.204548,0.287091,-0.200000,0.000000,0.000000,0.000000,-1.195678,0.276167,-0.080331,1.0000,1.0000,1.0000,1.660,4.810,0.340,5.000,3.000,8.000,1.500,0.060,0.110,811505621,840812357,811503362,6735,1000,1506,1504,1505,1000,1000,1505,1505,1505,1096,2008,1625,1017,1000,1000
-0.0111,0.0044,3.1156,-0.0088,-0.0030,0.5275,0.0063,-0.0042,3.1575,0.0000,0.1957,-0.1310,-9.6934,-0.0020,-0.0037,-0.0015,0.1706,-0.1482,-9.7832,0.0065,-0.0051,-0.0043,-0.0832,0.5062,-9.4424,-0.0158,0.0033,-0.0032,-1.1512,0.2570,-10.2754,0.0021,0.0011,-0.0048,0.0000,0.0254,-0.0024,0.2894,0.0000,622.2275,0.0000,706.6365,-1.195529,0.275533,-0.068334,0.000106,-0.004457,0.056022,-1.204548,0.287091,-0.200000,0.000000,0.000000,0.000000,-1.195678,0.276167,-0.080331,1.0000,1.0000,1.0000,1.660,4.810,0.340,5.000,3.000,8.000,1.500,0.060,0.110,811516121,840812357,811515362,6735,1000,1506,1504,1505,1000,1000,1505,1505,1505,1096,2008,1625,1017,1000,1000
-0.0113,0.0042,3.1156,-0.0089,-0.0030,0.5274,0.0063,-0.0042,3.1575,0.0000,0.1849,0.1212,-9.6475,-0.0013,0.0011,0.0010,0.2213,-0.0619,-9.8211,0.0082,-0.0017,0.0019,0.6015,-0.2312,-10.1128,-0.0079,-0.0025,-0.0040,-1.4727,-1.9302,-9.7025,0.0003,-0.0136,-0.0229,0.0000,0.0257,-0.0047,0.2891,0.0000,620.8720,0.0000,707.2657,-1.195531,0.275490,-0.067825,-0.001131,-0.004142,0.057010,-1.204548,0.287091,-0.200000,0.000000,0.000000,0.000000,-1.195678,0.276167,-0.080331,1.0000,1.0000,1.0000,1.660,4.810,0.340,5.000,3.000,8.000,1.500,0.060,0.110,811526621,840812357,811524362,6735,1000,1506,1504,1505,1000,1000,1505,1505,1505,1096,2008,1625,1017,1000,1000
-0.0112,0.0041,3.1156,-0.0089,-0.0030,0.5274,0.0063,-0.0042,3.1575,0.0000,0.1166,0.2756,-9.6787,-0.0006,0.0084,0.0045,0.1328,0.1006,-9.8252,0.0041,0.0051,0.0030,-0.8757,-1.5696,-9.4640,-0.0004,-0.0236,-0.0013,2.0990,0.0972,-10.7315,0.0123,-0.0399,0.0000,0.0000,0.0258,-0.0061,0.2890,0.0000,620.1127,0.0000,707.6810,-1.195538,0.275433,-0.067129,-0.001030,-0.004648,0.058961,-1.204548,0.287091,-0.200000,0.000000,0.000000,0.000000,-1.195678,0.276167,-0.080331,1.0000,1.0000,1.0000,1.660,4.810,0.340,5.000,3.000,8.000,1.500,0.060,0.110,811537121,840812357,811536362,6735,1000,1506,1504,1505,1000,1000,1505,1505,1505,1096,2008,1625,1017,1000,1000
-0.0112,0.0044,3.1156,-0.0090,-0.0030,0.5273,0.0063,-0.0042,3.1575,0.0000,0.0312,0.4131,-9.7479,-0.0013,0.0111,-0.0014,0.0486,0.3671,-9.8765,0.0067,0.0073,-0.0047,1.1210,0.0776,-9.9308,-0.0047,-0.0153,-0.0013,0.2171,-0.4721,-9.3703,0.0109,-0.0043,-0.0107,0.0000,0.0269,-0.0041,0.2894,0.0000,621.1617,0.0000,707.7527,-1.195538,0.275389,-0.066597,0.000072,-0.004829,0.059346,-1.204548,0.287091,-0.200000,0.000000,0.000000,0.000000,-1.195678,0.276167,-0.080331,1.0000,1.0000,1.0000,1.660,4.810,0.340,5.000,3.000,8.000,1.500,0.060,0.110,811547621,840812357,811545362,6735,1000,1506,1504,1505,1000,1000,1505,1505,1505,1096,2008,1625,1017,1000,1000
-0.0111,0.0044,3.1156,-0.0090,-0.0030,0.5272,0.0063,-0.0042,3.1575,0.0000,-0.1549,0.3308,-9.6094,-0.0030,0.0116,-0.0049,-0.1327,0.3397,-9.7734,0.0062,0.0050,-0.0107,0.6973,0.0441,-9.7800,-0.0033,0.0009,0.0024,0.4254,-0.2656,-9.9144,0.0141,0.0067,-0.0107,0.0000,0.0267,-0.0021,0.2900,0.0000,622.6035,0.0000,707.5982,-1.195531,0.275335,-0.065877,0.000327,-0.004915,0.060970,-1.204548,0.287091,-0.200000,0.000000,0.000000,0.000000,-1.195678,0.276167,-0.080331,1.0000,1.0000,1.0000,1.660,4.810,0.340,5.000,3.000,8.000,1.500,0.060,0.110,811558121,840812357,811557362,6735,1000,1506,1504,1505,1000,1000,1505,1505,1505,1096,2008,1625,1017,1000,1000
-0.0111,0.0045,3.1156,-0.0090,-0.0030,0.5271,0.0063,-0.0042,3.1575,0.0000,-0.1720,0.1287,-9.6404,-0.0045,0.0081,0.0041,-0.1037,0.2948,-9.8489,-0.0000,-0.0056,-0.0034,-0.4591,0.3218,-9.3754,0.0100,0.0039,0.0109,-0.2210,-0.4056,-9.8193,-0.0016,-0.0043,0.0325,0.0000,0.0264,-0.0012,0.2890,0.0000,622.0194,0.0000,705.9989,-1.195527,0.275293,-0.065321,0.000820,-0.005316,0.062582,-1.204548,0.287091,-0.200000,0.000000,0.000000,0.000000,-1.195678,0.276167,-0.080331,1.0000,1.0000,1.0000,1.660,4.810,0.340,5.000,3.000,8.000,1.500,0.060,0.110,811568621,840812357,811566362,6735,1000,1506,1504,1505,1000,1000,1505,1505,1505,1096,2008,1625,1017,1000,1000
-0.0111,0.0046,3.1157,-0.0091,-0.0030,0.5271,0.0063,-0.0042,3.1575,0.0000,-0.1195,-0.0830,-9.6190,-0.0043,0.0012,-0.0015,-0.1297,0.0028,-9.7096,0.0040,-0.0077,-0.0047,-0.0976,0.9730,-9.9500,-0.0044,0.0271,-0.0032,-0.9106,-0.5367,-10.2215,0.0040,0.0186,0.0005,0.0000,0.0259,-0.0018,0.2885,0.0000,621.4182,0.0000,705.5765,-1.195523,0.275231,-0.064559,0.000806,-0.005797,0.064504,-1.204548,0.287091,-0.200000,0.000000,0.000000,0.000000,-1.195678,0.276167,-0.080331,1.0000,1.0000,1.0000,1.660,4.810,0.340,5.000,3.000,8.000,1.500,0.060,0.110,811579121,840812357,811578362,6735,1000,1506,1504,1505,1000,1000,1505,1505,1505,1096,2008,1625,1017,1000,1000
-0.0112,0.0046,3.1156,-0.0091,-0.0030,0.5270,0.0063,-0.0042,3.1575,0.0000,-0.0162,-0.1726,-9.6102,-0.0029,0.0018,-0.0045,-0.1187,-0.1992,-9.7467,0.0011,-0.0037,-0.0066,-1.4312,-0.0349,-9.4879,0.0028,0.0305,-0.0075,0.7612,1.4727,-9.8839,-0.0088,0.0109,-0.0176,0.0000,0.0265,-0.0026,0.2898,0.0000,622.3203,0.0000,707.5275,-1.195520,0.275183,-0.063972,0.000462,-0.005186,0.065966,-1.204548,0.287091,-0.200000,0.000000,0.000000,0.000000,-1.195678,0.276167,-0.080331,1.0000,1.0000,1.0000,1.660,4.810,0.340,5.000,3.000,8.000,1.500,0.060,0.110,811589621,840812357,811587362,6735,1000,1506,1504,1505,1000,1000,1505,1505,1505,1096,2008,1625,1017,1000,1000
-0.0113,0.0046,3.1156,-0.0091,-0.0030,0.5269,0.0063,-0.0042,3.1575,0.0000,0.1738,-0.1319,-9.6025,-0.0029,-0.0039,0.0059,0.1502,-0.1855,-9.7988,0.0054,-0.0117,0.0038,-0.6411,-0.1091,-10.0170,-0.0063,0.0172,-0.0027,0.0878,0.4258,-10.2143,-0.0072,0.0059,-0.0051,0.0000,0.0265,-0.0009,0.2888,0.0000,621.8786,0.0000,705.6664,-1.195518,0.275114,-0.063168,0.000553,-0.005757,0.068035,-1.204548,0.287091,-0.200000,0.000000,0.000000,0.000000,-1.195678,0.276167,-0.080331,1.0000,1.0000,1.0000,1.660,4.810,0.340,5.000,3.000,8.000,1.500,0.060,0.110,811600121,840812357,811599362,6735,1000,1506,1504,1505,1000,1000,1505,1505,1505,1096,2008,1625,1017,1000,1000
-0.0114,0.0046,3.1156,-0.0092,-0.0030,0.5269,0.0063,-0.0042,3.1575,0.0000,0.1831,0.0885,-9.6494,-0.0007,-0.0004,0.0059,0.1460,0.0233,-9.8454,0.0063,-0.0060,0.0030,-0.6578,-0.4755,-9.8255,-0.0039,0.0159,-0.0048,0.2387,0.1798,-8.9842,0.0029,-0.0162,-0.0085,0.0000,0.0259,-0.0021,0.2888,0.0000,621.6087,0.0000,706.0361,-1.195514,0.275058,-0.062550,0.000384,-0.005878,0.069209,-1.204548,0.287091,-0.200000,0.000000,0.000000,0.000000,-1.195678,0.276167,-0.080331,1.0000,1.0000,1.0000,1.660,4.810,0.340,5.000,3.000,8.000,1.500,0.060,0.110,811610621,840812357,811608362,6735,1000,1506,1504,1505,1000,1000,1505,1505,1505,1096,2008,1625,1017,1000,1000
-0.0113,0.0045,3.1156,-0.0092,-0.0030,0.5268,0.0063,-0.0042,3.1575,0.0000,0.1380,0.2137,-9.6386,-0.0020,0.0036,-0.0009,0.1068,0.1484,-9.8011,0.0002,-0.0014,-0.0032,0.7835,-0.0517,-10.0505,-0.0073,0.0092,0.0056,-0.6789,0.2193,-10.3256,-0.0210,-0.0194,0.0285,0.0000,0.0268,-0.0046,0.2897,0.0000,621.2832,0.0000,708.2722,-1.195507,0.274981,-0.061707,0.000322,-0.006229,0.071344,-1.204548,0.287091,-0.200000,0.000000,0.000000,0.000000,-1.195678,0.276167,-0.080331,1.0000,1.0000,1.0000,1.660,4.810,0.340,5.000,3.000,8.000,1.500,0.060,0.110,811621121,840812357,811620362,6735,1000,1506,1504,1505,1000,1000,1505,1505,1505,1096,2008,1625,1017,1000,1000
-0.0112,0.0045,3.1156,-0.0092,-0.0030,0.5267,0.0063,-0.0042,3.1575,0.0000,0.1235,0.3044,-9.6850,-0.0029,0.0045,-0.0033,0.1011,0.2271,-9.8253,0.0014,0.0006,-0.0058,0.1825,-0.0158,-9.7130,0.0004,-0.0158,0.0144,0.3069,-0.3392,-9.9845,0.0117,-0.0258,0.0200,0.0000,0.0272,-0.0051,0.2901,0.0000,621.3138,0.0000,708.9460,-1.195501,0.274921,-0.061060,0.000468,-0.006915,0.072342,-1.204548,0.287091,-0.200000,0.000000,0.000000,0.000000,-1.195678,0.276167,-0.080331,1.0000,1.0000,1.0000,1.660,4.810,0.340,5.000,3.000,8.000,1.500,0.060,0.110,811631621,840812357,811629362,6735,1000,1506,1504,1505,1000,1000,1505,1505,1505,1096,2008,1625,1017,1000,1000
-0.0112,0.0044,3.1156,-0.0093,-0.0029,0.5266,0.0063,-0.0042,3.1575,0.0000,-0.0557,0.2040,-9.6815,-0.0036,0.0119,-0.0022,-0.0143,0.2369,-9.8047,0.0010,0.0032,-0.0019,-0.0976,0.2093,-9.4640,0.0025,-0.0153,0.0101,0.6301,0.8280,-10.0491,-0.0149,0.0067,0.0003,0.0000,0.0272,-0.0053,0.2896,0.0000,620.7502,0.0000,708.5251,-1.195493,0.274842,-0.060183,0.000251,-0.007007,0.073927,-1.204548,0.287091,-0.200000,0.000000,0.000000,0.000000,-1.195678,0.276167,-0.080331,1.0000,1.0000,1.0000,1.660,4.810,0.340,5.000,3.000,8.000,1.500,0.060,0.110,811642121,840812357,811641362,6735,1000,1506,1504,1505,1000,1000,1505,1505,1505,1096,2008,1625,1017,1000,1000
-0.0111,0.0046,3.1156,-0.0093,-0.0029,0.5266,0.0063,-0.0042,3.1575,0.0000,-0.0267,0.0585,-9.6632,-0.0041,0.0067,-0.0070,-0.0205,0.0490,-9.8252,0.0010,0.0020,-0.0115,0.9511,0.9323,-10.1367,-0.0020,-0.0118,0.0029,0.7702,0.2175,-9.9054,0.0117,-0.0040,-0.0008,0.0000,0.0264,-0.0039,0.2893,0.0000,621.3052,0.0000,707.4246,-1.195489,0.274781,-0.059514,0.000596,-0.007082,0.074834,-1.204548,0.287091,-0.200000,0.000000,0.000000,0.000000,-1.195678,0.276167,-0.080331,1.0000,1.0000,1.0000,1.660,4.810,0.340,5.000,3.000,8.000,1.500,0.060,0.110,811652621,840812357,811650362,6735,1000,1506,1504,1505,1000,1000,1505,1505,1505,1096,2008,1625,1017,1000,1000
-0.0113,0.0047,3.1156,-0.0094,-0.0030,0.5265,0.0063,-0.0042,3.1575,0.0000,-0.1332,0.0263,-9.6678,-0.0021,0.0078,-0.0009,-0.0619,-0.0490,-9.8175,0.0010,-0.0014,-0.0013,0.4555,0.4511,-9.7920,0.0017,0.0137,-0.0053,-0.1133,-0.2350,-9.4996,-0.0115,0.0011,-0.0154,0.0000,0.0263,-0.0013,0.2891,0.0000,622.1685,0.0000,706.1428,-1.195481,0.274698,-0.058609,0.000580,-0.007125,0.075888,-1.204548,0.287091,-0.200000,0.000000,0.000000,0.000000,-1.195678,0.276167,-0.080331,1.0000,1.0000,1.0000,1.660,4.810,0.340,5.000,3.000,8.000,1.500,0.060,0.110,811663121,840812357,811662378,6735,1000,1506,1504,1505,1000,1000,1505,1505,1505,1096,2008,1625,1017,1000,1000
-0.0113,0.0048,3.1156,-0.0094,-0.0029,0.5264,0.0063,-0.0042,3.1575,0.0000,-0.0043,-0.0135,-9.6215,-0.0014,0.0065,0.0068,-0.0317,0.0189,-9.7499,0.0042,0.0077,0.0070,-0.3610,-0.3031,-9.3562,-0.0055,0.0113,-0.0099,0.1758,0.0451,-10.2897,0.0112,-0.0117,-0.0234,0.0000,0.0263,-0.0036,0.2886,0.0000,620.5961,0.0000,706.3731,-1.195477,0.274635,-0.057921,0.000545,-0.007021,0.077266,-1.204548,0.287091,-0.200000,0.000000,0.000000,0.000000,-1.195678,0.276167,-0.080331,1.0000,1.0000,1.0000,1.660,4.810,0.340,5.000,3.000,8.000,1.500,0.060,0.110,811673621,840812357,811671362,6735,1000,1506,1504,1505,1000,1000,1505,1505,1505,1096,2008,1625,1017,1000,1000
-0.0112,0.0050,3.1157,-0.0088,-0.0032,0.5264,0.0063,-0.0042,3.1575,0.0000,0.0265,0.1222,-9.7399,-0.0011,-0.0005,0.0042,0.0634,0.0816,-9.8872,0.0045,-0.0094,0.0021,-0.5645,-0.2265,-9.8830,-0.0084,0.0268,-0.0144,-0.5227,-0.5816,-9.4960,0.0027,0.0253,-0.0123,0.0000,0.0275,-0.0027,0.2893,0.0000,621.3994,0.0000,707.2697,-1.195621,0.275877,-0.069966,0.000374,-0.002990,0.049668,-1.204548,0.287091,-0.200000,0.000000,0.000000,0.000000,-1.195667,0.276285,-0.080267,1.0000,1.0000,1.0000,1.660,4.810,0.340,5.000,3.000,8.000,1.500,0.060,0.110,811683668,840912413,811683363,6736,1000,1506,1504,1505,1000,1000,1505,1505,1505,1096,2008,1625,1017,1000,1000
-0.0113,0.0046,3.1156,-0.0087,-0.0032,0.5263,0.0063,-0.0042,3.1575,0.0000,0.0775,0.2230,-9.6143,-0.0017,0.0050,-0.0004,0.0328,0.1818,-9.7414,0.0031,-0.0009,-0.0037,-0.7608,-0.6646,-9.2964,0.0001,0.0092,-0.0037,0.0842,0.1133,-9.3236,0.0083,0.0149,0.0016,0.0000,0.0266,-0.0050,0.2905,0.0000,622.0582,0.0000,709.2753,-1.195632,0.276029,-0.073334,0.000060,-0.002629,0.042367,-1.204548,0.287091,-0.200000,0.000000,0.000000,0.000000,-1.195648,0.276263,-0.080093,1.0000,1.0000,1.0000,1.660,4.810,0.340,5.000,3.000,8.000,1.500,0.060,0.110,811693718,841045302,811692459,6737,1000,1506,1504,1505,1000,1000,1505,1505,1505,1096,2008,1625,1017,1000,1000
-0.0112,0.0047,3.1156,-0.0088,-0.0032,0.5262,0.0063,-0.0042,3.1575,0.0000,0.1491,0.1558,-9.6759,-0.0042,-0.0008,0.0025,0.0395,0.2518,-9.8034,0.0051,-0.0055,-0.0053,-0.6602,0.3912,-9.9045,0.0060,0.0023,0.0195,0.4003,0.8640,-9.9450,-0.0008,-0.0056,0.0341,0.0000,0.0263,-0.0047,0.2899,0.0000,621.5773,0.0000,708.3384,-1.195632,0.276005,-0.072943,0.000298,-0.002872,0.044267,-1.204548,0.287091,-0.200000,0.000000,0.000000,0.000000,-1.195648,0.276263,-0.080093,1.0000,1.0000,1.0000,1.660,4.810,0.340,5.000,3.000,8.000,1.500,0.060,0.110,811704218,841045302,811701459,6737,1000,1506,1504,1505,1000,1000,1505,1505,1505,1096,2008,1625,1017,1000,1000
-0.0113,0.0045,3.1157,-0.0088,-0.0032,0.5262,0.0063,-0.0042,3.1575,0.0000,0.0478,0.0073,-9.6727,-0.0045,0.0030,0.0021,-0.0805,-0.0802,-9.8543,0.0020,-0.0031,-0.0014,-0.2149,0.3027,-9.0689,-0.0039,-0.0023,0.0173,0.1273,1.3452,-9.5391,0.0048,-0.0091,0.0274,0.0000,0.0257,-0.0042,0.2888,0.0000,620.7423,0.0000,706.6332,-1.195630,0.275975,-0.072405,0.000154,-0.002794,0.045250,-1.204548,0.287091,-0.200000,0.000000,0.000000,0.000000,-1.195648,0.276263,-0.080093,1.0000,1.0000,1.0000,1.660,4.810,0.340,5.000,3.000,8.000,1.500,0.060,0.110,811714223,841045302,811713480,6737,1000,1506,1504,1505,1000,1000,1505,1505,1505,1096,2008,1625,1017,1000,1000
-0.0112,0.0043,3.1157,-0.0088,-0.0032,0.5262,0.0063,-0.0042,3.1575,0.0000,0.0664,-0.0892,-9.6173,-0.0041,0.0051,-0.0056,0.1038,-0.1736,-9.7977,0.0045,0.0030,-0.0085,1.8489,-0.1834,-10.3666,-0.0065,0.0017,0.0037,-1.2985,0.2462,-9.2374,-0.0069,0.0013,0.0112,0.0000,0.0265,-0.0034,0.2900,0.0000,622.1725,0.0000,708.0877,-1.195630,0.275950,-0.071990,-0.000050,-0.002930,0.047190,-1.204548,0.287091,-0.200000,0.000000,0.000000,0.000000,-1.195648,0.276263,-0.080093,1.0000,1.0000,1.0000,1.660,4.810,0.340,5.000,3.000,8.000,1.500,0.060,0.110,811724723,841045302,811722464,6737,1000,1506,1504,1505,1000,1000,1505,1505,1505,1096,2008,1625,1017,1000,1000
-0.0113,0.0044,3.1157,-0.0089,-0.0031,0.5260,0.0063,-0.0042,3.1575,0.0000,0.0464,0.0906,-9.7166,-0.0019,0.0079,-0.0072,0.0524,0.0958,-9.8700,0.0020,-0.0005,-0.0062,-0.6578,-0.4395,-9.3874,-0.0020,-0.0126,-0.0173,1.2532,0.2821,-10.8679,-0.0107,-0.0083,-0.0157,0.0000,0.0258,-0.0044,0.2902,0.0000,622.1729,0.0000,708.4730,-1.195627,0.275911,-0.071417,0.000067,-0.003225,0.048194,-1.204548,0.287091,-0.200000,0.000000,0.000000,0.000000,-1.195648,0.276263,-0.080093,1.0000,1.0000,1.0000,1.660,4.810,0.340,5.000,3.000,8.000,1.500,0.060,0.110,811734724,841045302,811734476,6737,1000,1506,1504,1505,1000,1000,1505,1505,1505,1096,2008,1625,1017,1000,1000
-0.0112,0.0042,3.1156,-0.0089,-0.0031,0.5259,0.0063,-0.0042,3.1575,0.0000,-0.0485,0.2294,-9.5891,-0.0015,0.0119,0.0021,-0.0382,0.1158,-9.6881,0.0051,0.0061,0.0006,-0.4735,-0.0684,-9.4065,-0.0073,-0.0068,-0.0077,-0.1887,-0.9282,-10.0473,-0.0146,-0.0048,-0.0080,0.0000,0.0256,-0.0057,0.2892,0.0000,620.6078,0.0000,707.7586,-1.195624,0.275880,-0.070977,-0.000244,-0.003362,0.049726,-1.204548,0.287091,-0.200000,0.000000,0.000000,0.000000,-1.195648,0.276263,-0.080093,1.0000,1.0000,1.0000,1.660,4.810,0.340,5.000,3.000,8.000,1.500,0.060,0.110,811745224,841045302,811743465,6737,1000,1506,1504,1505,1000,1000,1505,1505,1505,1096,2008,1625,1017,1000,1000
-0.0112,0.0039,3.1157,-0.0090,-0.0031,0.5259,0.0063,-0.0042,3.1575,0.0000,-0.0306,0.2657,-9.7709,-0.0020,0.0066,0.0097,0.0173,0.3138,-9.8928,0.0059,-0.0028,0.0052,0.7236,0.2213,-9.4783,-0.0007,0.0049,-0.0085,-0.1133,-0.5744,-9.1530,-0.0152,-0.0032,-0.0040,0.0000,0.0262,-0.0034,0.2885,0.0000,620.6273,0.0000,706.2148,-1.195628,0.275837,-0.070369,-0.000619,-0.003436,0.051226,-1.204548,0.287091,-0.200000,0.000000,0.000000,0.000000,-1.195648,0.276263,-0.080093,1.0000,1.0000,1.0000,1.660,4.810,0.340,5.000,3.000,8.000,1.500,0.060,0.110,811755724,841045302,811755465,6737,1000,1506,1504,1505,1000,1000,1505,1505,1505,1096,2008,1625,1017,1000,1000
-0.0109,0.0040,3.1157,-0.0090,-0.0031,0.5258,0.0063,-0.0042,3.1575,0.0000,-0.0607,0.1935,-9.6498,-0.0024,0.0061,0.0030,-0.1067,0.2341,-9.7726,0.0039,-0.0018,-0.0036,0.0891,-0.3414,-10.0146,0.0012,0.0177,-0.0059,0.7163,0.0289,-10.4244,0.0136,0.0136,0.0024,0.0000,0.0266,-0.0024,0.2893,0.0000,621.8091,0.0000,706.8937,-1.195627,0.275802,-0.069904,0.000502,-0.004329,0.051967,-1.204548,0.287091,-0.200000,0.000000,0.000000,0.000000,-1.195648,0.276263,-0.080093,1.0000,1.0000,1.0000,1.660,4.810,0.340,5.000,3.000,8.000,1.500,0.060,0.110,811766224,841045302,811764481,6737,1000,1506,1504,1505,1000,1000,1505,1505,1505,1096,2008,1625,1017,1000,1000
-0.0108,0.0040,3.1156,-0.0090,-0.0031,0.5257,0.0063,-0.0042,3.1575,0.0000,-0.0055,0.1729,-9.6089,-0.0049,0.0036,-0.0035,-0.0655,0.2580,-9.7480,-0.0032,-0.0034,-0.0059,-0.4136,0.8126,-9.4759,0.0044,0.0196,0.0069,-1.0991,-0.3769,-9.8139,-0.0099,0.0040,0.0083,0.0000,0.0272,-0.0020,0.2903,0.0000,622.8541,0.0000,708.1147,-1.195622,0.275748,-0.069268,0.000676,-0.004837,0.054386,-1.204548,0.287091,-0.200000,0.000000,0.000000,0.000000,-1.195648,0.276263,-0.080093,1.0000,1.0000,1.0000,1.660,4.810,0.340,5.000,3.000,8.000,1.500,0.060,0.110,811776724,841045302,811776465,6737,1000,1506,1504,1505,1000,1000,1505,1505,1505,1096,2008,1625,1017,1000,1000
-0.0109,0.0041,3.1156,-0.0091,-0.0031,0.5256,0.0063,-0.0042,3.1575,0.0000,0.0372,-0.0535,-9.7950,-0.0052,-0.0001,-0.0002,0.0996,0.1176,-9.9162,0.0018,-0.0063,-0.0056,-0.3753,0.7169,-9.1958,0.0017,0.0244,0.0155,0.2117,1.4116,-9.5266,0.0240,0.0029,0.0192,0.0000,0.0268,-0.0018,0.2897,0.0000,622.4825,0.0000,707.2601,-1.195619,0.275709,-0.068775,0.000926,-0.004680,0.054953,-1.204548,0.287091,-0.200000,0.000000,0.000000,0.000000,-1.195648,0.276263,-0.080093,1.0000,1.0000,1.0000,1.660,4.810,0.340,5.000,3.000,8.000,1.500,0.060,0.110,811787224,841045302,811785465,6737,1000,1506,1504,1505,1000,1000,1505,1505,1505,1096,2008,1625,1017,1000,1000
-0.0110,0.0039,3.1156,-0.0091,-0.0031,0.5256,0.0063,-0.0042,3.1575,0.0000,-0.0050,-0.1568,-9.5453,-0.0040,-0.0020,-0.0028,-0.0910,-0.1588,-9.6314,0.0044,-0.0091,-0.0049,0.5704,0.8222,-9.9763,-0.0028,0.0257,0.0088,-0.2749,0.4509,-9.8534,-0.0019,-0.0032,0.0162,0.0000,0.0259,-0.0029,0.2896,0.0000,622.1345,0.0000,707.1808,-1.195614,0.275654,-0.068110,0.000442,-0.005140,0.056372,-1.204548,0.287091,-0.200000,0.000000,0.000000,0.000000,-1.195648,0.276263,-0.080093,1.0000,1.0000,1.0000,1.660,4.810,0.340,5.000,3.000,8.000,1.500,0.060,0.110,811797724,841045302,811797465,6737,1000,1506,1504,1505,1000,1000,1505,1505,1505,1096,2008,1625,1017,1000,1000
-0.0111,0.0038,3.1157,-0.0091,-0.0031,0.5255,0.0063,-0.0042,3.1575,0.0000,0.2071,-0.1493,-9.6494,-0.0029,0.0005,-0.0007,0.1477,-0.2836,-9.8139,0.0000,-0.0006,-0.0030,-0.9068,-0.0589,-9.9859,-0.0071,0.0004,-0.0011,-0.0415,1.0202,-10.3023,-0.0011,0.0093,-0.0157,0.0000,0.0258,-0.0059,0.2890,0.0000,620.2677,0.0000,707.6265,-1.195616,0.275607,-0.067595,-0.000304,-0.004970,0.057949,-1.204548,0.287091,-0.200000,0.000000,0.000000,0.000000,-1.195648,0.276263,-0.080093,1.0000,1.0000,1.0000,1.660,4.810,0.340,5.000,3.000,8.000,1.500,0.060,0.110,811808224,841045302,811806465,6737,1000,1506,1504,1505,1000,1000,1505,1505,1505,1096,2008,1625,1017,1000,1000
-0.0112,0.0038,3.1157,-0.0092,-0.0031,0.5255,0.0063,-0.0042,3.1575,0.0000,0.2069,0.0767,-9.6828,-0.0011,0.0042,0.0006,0.2445,-0.0955,-9.7909,0.0074,0.0013,-0.0015,-0.5884,-0.6454,-8.9875,-0.0076,-0.0103,-0.0085,0.4667,-0.0734,-10.1299,-0.0146,-0.0152,-0.0232,0.0000,0.0264,-0.0051,0.2891,0.0000,620.5377,0.0000,707.6627,-1.195616,0.275541,-0.066893,-0.000035,-0.005183,0.059060,-1.204548,0.287091,-0.200000,0.000000,0.000000,0.000000,-1.195648,0.276263,-0.080093,1.0000,1.0000,1.0000,1.660,4.810,0.340,5.000,3.000,8.000,1.500,0.060,0.110,811818724,841045302,811818466,6737,1000,1506,1504,1505,1000,1000,1505,1505,1505,1096,2008,1625,1017,1000,1000
-0.0111,0.0038,3.1157,-0.0092,-0.0030,0.5254,0.0063,-0.0042,3.1575,0.0000,0.0873,0.2937,-9.6136,-0.0013,0.0090,-0.0001,0.0923,0.2693,-9.7883,0.0047,0.0064,-0.0023,-0.0018,-1.7755,-9.6100,-0.0161,-0.0004,-0.0061,0.9893,-0.7253,-8.8909,0.0000,-0.0192,-0.0149,0.0000,0.0275,-0.0047,0.2896,0.0000,620.8488,0.0000,708.3341,-1.195614,0.275489,-0.066354,-0.000226,-0.005528,0.060785,-1.204548,0.287091,-0.200000,0.000000,0.000000,0.000000,-1.195648,0.276263,-0.080093,1.0000,1.0000,1.0000,1.660,4.810,0.340,5.000,3.000,8.000,1.500,0.060,0.110,811829224,841045302,811827466,6737,1000,1506,1504,1505,1000,1000,1505,1505,1505,1096,2008,1625,1017,1000,1000
-0.0111,0.0039,3.1157,-0.0091,-0.0032,0.5254,0.0063,-0.0042,3.1575,0.0000,-0.0684,0.4266,-9.7465,-0.0033,0.0108,0.0032,-0.0289,0.3996,-9.8867,-0.0008,0.0014,0.0004,0.8601,-0.3103,-10.0410,0.0087,-0.0111,-0.0029,1.8009,-0.0519,-10.5088,0.0101,-0.0096,-0.0104,0.0000,0.0267,-0.0053,0.2892,0.0000,620.4426,0.0000,707.8918,-1.195528,0.275804,-0.071592,0.000331,-0.004144,0.047979,-1.204548,0.287091,-0.200000,0.000000,0.000000,0.000000,-1.195471,0.276110,-0.079982,1.0000,1.0000,1.0000,1.660,4.810,0.340,5.000,3.000,8.000,1.500,0.060,0.110,811839268,841177984,811839009,6738,1000,1506,1504,1505,1000,1000,1505,1505,1505,1096,2008,1625,1017,1000,1000
-0.0110,0.0039,3.1157,-0.0091,-0.0032,0.5253,0.0063,-0.0042,3.1575,0.0000,-0.1753,0.2660,-9.5954,-0.0035,0.0121,-0.0016,-0.2225,0.3184,-9.7194,0.0041,-0.0012,-0.0026,-0.2030,0.0297,-9.0330,0.0041,-0.0049,-0.0013,0.4649,0.1277,-9.8677,-0.0115,0.0192,0.0021,0.0000,0.0270,-0.0053,0.2897,0.0000,620.9188,0.0000,708.5828,-1.195521,0.275766,-0.071155,0.000756,-0.004972,0.049248,-1.204548,0.287091,-0.200000,0.000000,0.000000,0.000000,-1.195471,0.276110,-0.079982,1.0000,1.0000,1.0000,1.660,4.810,0.340,5.000,3.000,8.000,1.500,0.060,0.110,811849768,841177984,811848009,6738,1000,1506,1504,1505,1000,1000,1505,1505,1505,1096,2008,1625,1017,1000,1000
-0.0109,0.0040,3.1156,-0.0092,-0.0032,0.5252,0.0063,-0.0042,3.1575,0.0000,-0.1441,0.0325,-9.7249,-0.0038,0.0029,-0.0022,-0.1367,0.1600,-9.9141,0.0026,-0.0091,-0.0067,0.2759,0.6929,-9.6052,-0.0020,0.0223,0.0112,-1.1243,-0.3302,-8.9268,0.0029,0.0325,-0.0149,0.0000,0.0268,-0.0014,0.2899,0.0000,622.8052,0.0000,707.2537,-1.195514,0.275709,-0.070550,0.000882,-0.005356,0.051328,-1.204548,0.287091,-0.200000,0.000000,0.000000,0.000000,-1.195471,0.276110,-0.079982,1.0000,1.0000,1.0000,1.660,4.810,0.340,5.000,3.000,8.000,1.500,0.060,0.110,811860268,841177984,811860009,6738,1000,1506,1504,1505,1000,1000,1505,1505,1505,1096,2008,1625,1017,1000,1000
-0.0110,0.0040,3.1157,-0.0092,-0.0032,0.5252,0.0063,-0.0042,3.1575,0.0000,-0.0631,-0.1341,-9.5850,-0.0043,0.0027,0.0018,-0.0664,-0.1109,-9.7127,0.0032,-0.0005,0.0008,-0.9691,0.3745,-9.7441,-0.0039,0.0388,0.0024,0.9049,1.4781,-9.6953,-0.0021,0.0213,-0.0152,0.0000,0.0269,-0.0017,0.2893,0.0000,622.0088,0.0000,706.6716,-1.195510,0.275665,-0.070085,0.000990,-0.005309,0.052136,-1.204548,0.287091,-0.200000,0.000000,0.000000,0.000000,-1.195471,0.276110,-0.079982,1.0000,1.0000,1.0000,1.660,4.810,0.340,5.000,3.000,8.000,1.500,0.060,0.110,811870768,841177984,811869009,6738,1000,1506,1504,1505,1000,1000,1505,1505,1505,1096,2008,1625,1017,1000,1000
-0.0111,0.0041,3.1157,-0.0092,-0.0032,0.5251,0.0063,-0.0042,3.1575,0.0000,0.1549,-0.2396,-9.6446,-0.0027,-0.0021,-0.0021,0.0453,-0.2554,-9.8209,0.0036,-0.0080,-0.0050,-0.7177,0.5014,-10.1128,0.0012,0.0097,-0.0085,-0.7400,0.6233,-10.1981,0.0130,-0.0037,0.0011,0.0000,0.0257,-0.0019,0.2896,0.0000,622.5704,0.0000,706.7786,-1.195506,0.275601,-0.069446,0.000994,-0.005670,0.054293,-1.204548,0.287091,-0.200000,0.000000,0.000000,0.000000,-1.195471,0.276110,-0.079982,1.0000,1.0000,1.0000,1.660,4.810,0.340,5.000,3.000,8.000,1.500,0.060,0.110,811881268,841177984,811881009,6738,1000,1506,1504,1505,1000,1000,1505,1505,1505,1096,2008,1625,1017,1000,1000
-0.0112,0.0041,3.1156,-0.0093,-0.0031,0.5250,0.0063,-0.0042,3.1575,0.0000,0.2133,-0.0747,-9.7969,0.0001,0.0003,-0.0002,0.2088,-0.1179,-9.9163,0.0051,-0.0050,-0.0038,0.0197,0.6929,-9.1407,-0.0105,0.0084,-0.0045,-2.1568,-1.3286,-8.9663,-0.0043,-0.0040,-0.0019,0.0000,0.0258,-0.0036,0.2896,0.0000,621.9325,0.0000,707.5251,-1.195501,0.275549,-0.068956,0.000520,-0.005216,0.054350,-1.204548,0.287091,-0.200000,0.000000,0.000000,0.000000,-1.195471,0.276110,-0.079982,1.0000,1.0000,1.0000,1.660,4.810,0.340,5.000,3.000,8.000,1.500,0.060,0.110,811891768,841177984,811890009,6738,1000,1506,1504,1505,1000,1000,1505,1505,1505,1096,2008,1625,1017,1000,1000
-0.0113,0.0041,3.1156,-0.0093,-0.0031,0.5249,0.0063,-0.0042,3.1575,0.0000,0.2189,0.0931,-9.5434,-0.0015,0.0036,0.0064,0.1751,0.0408,-9.7199,0.0029,0.0025,0.0015,0.4770,-0.7436,-9.3634,-0.0060,0.0076,0.0064,1.2048,0.6143,-9.0597,-0.0019,-0.0205,-0.0197,0.0000,0.0266,-0.0062,0.2894,0.0000,620.2727,0.0000,708.4269,-1.195493,0.275479,-0.068295,0.000746,-0.005620,0.056264,-1.204548,0.287091,-0.200000,0.000000,0.000000,0.000000,-1.195471,0.276110,-0.079982,1.0000,1.0000,1.0000,1.660,4.810,0.340,5.000,3.000,8.000,1.500,0.060,0.110,811902268,841177984,811902009,6738,1000,1506,1504,1505,1000,1000,1505,1505,1505,1096,2008,1625,1017,1000,1000
-0.0111,0.0040,3.1157,-0.0094,-0.0033,0.5250,0.0063,-0.0042,3.1575,0.0000,0.0767,0.3102,-9.7527,-0.0038,0.0081,0.0005,0.0828,0.2883,-9.9304,0.0049,0.0047,-0.0015,0.0269,-1.1794,-10.2445,0.0076,-0.0308,0.0043,0.2494,-1.4471,-10.4962,0.0184,-0.0354,0.0077,0.0000,0.0276,-0.0045,0.2895,0.0000,620.8561,0.0000,708.2534,-1.195222,0.275480,-0.072254,0.001635,-0.006175,0.046820,-1.204548,0.287091,-0.200000,0.000000,0.000000,0.000000,-1.194968,0.275552,-0.079751,1.0000,1.0000,1.0000,1.660,4.810,0.340,5.000,3.000,8.000,1.500,0.060,0.110,811912317,841278483,811911058,6739,1000,1506,1504,1505,1000,1000,1505,1505,1505,1096,2008,1625,1017,1000,1000
-0.0110,0.0040,3.1157,-0.0094,-0.0033,0.5249,0.0063,-0.0042,3.1575,0.0000,-0.0398,0.3565,-9.7043,-0.0028,0.0120,-0.0061,0.0271,0.2787,-9.7447,-0.0002,0.0081,-0.0103,0.9343,0.0465,-9.2940,-0.0001,-0.0190,0.0053,0.2746,-0.1470,-9.8947,-0.0024,-0.0202,-0.0104,0.0000,0.0277,-0.0032,0.2901,0.0000,621.9962,0.0000,708.4240,-1.195202,0.275421,-0.071832,0.002220,-0.007276,0.047060,-1.204548,0.287091,-0.200000,0.000000,0.000000,0.000000,-1.194968,0.275552,-0.079751,1.0000,1.0000,1.0000,1.660,4.810,0.340,5.000,3.000,8.000,1.500,0.060,0.110,811922817,841278483,811920058,6739,1000,1506,1504,1505,1000,1000,1505,1505,1505,1096,2008,1625,1017,1000,1000
-0.0109,0.0041,3.1156,-0.0095,-0.0032,0.5248,0.0063,-0.0042,3.1575,0.0000,-0.1340,0.1519,-9.5693,-0.0039,0.0101,-0.0031,-0.1351,0.2130,-9.6875,0.0022,0.0002,-0.0043,0.2735,1.1622,-9.5645,0.0020,-0.0047,0.0029,-0.5676,-0.3625,-9.6702,-0.0027,-0.0051,0.0005,0.0000,0.0267,-0.0016,0.2897,0.0000,622.5368,0.0000,707.0860,-1.195176,0.275340,-0.071255,0.002194,-0.007237,0.049445,-1.204548,0.287091,-0.200000,0.000000,0.000000,0.000000,-1.194968,0.275552,-0.079751,1.0000,1.0000,1.0000,1.660,4.810,0.340,5.000,3.000,8.000,1.500,0.060,0.110,811932818,841278483,811932059,6739,1000,1506,1504,1505,1000,1000,1505,1505,1505,1096,2008,1625,1017,1000,1000
-0.0109,0.0042,3.1157,-0.0095,-0.0032,0.5248,0.0063,-0.0042,3.1575,0.0000,-0.1197,-0.0717,-9.7013,-0.0032,0.0045,0.0014,-0.1381,-0.0456,-9.9107,0.0063,-0.0024,0.0042,0.3429,0.8461,-9.7010,-0.0055,0.0215,0.0008,-0.5658,0.8945,-9.6217,0.0040,0.0344,-0.0096,0.0000,0.0269,-0.0015,0.2889,0.0000,621.6467,0.0000,706.1441,-1.195157,0.275278,-0.070806,0.002491,-0.007219,0.050392,-1.204548,0.287091,-0.200000,0.000000,0.000000,0.000000,-1.194968,0.275552,-0.079751,1.0000,1.0000,1.0000,1.660,4.810,0.340,5.000,3.000,8.000,1.500,0.060,0.110,811943318,841278483,811941059,6739,1000,1506,1504,1505,1000,1000,1505,1505,1505,1096,2008,1625,1017,1000,1000
-0.0109,0.0043,3.1157,-0.0095,-0.0032,0.5247,0.0063,-0.0042,3.1575,0.0000,-0.0424,-0.0961,-9.6013,-0.0017,0.0039,0.0013,-0.0535,-0.1290,-9.7429,0.0032,0.0038,-0.0005,0.4650,0.0968,-8.8606,-0.0103,0.0087,-0.0165,-0.4383,0.2498,-10.4190,-0.0056,-0.0037,-0.0152,0.0000,0.0265,-0.0028,0.2893,0.0000,621.6367,0.0000,707.0033,-1.195127,0.275189,-0.070196,0.002884,-0.007860,0.051521,-1.204548,0.287091,-0.200000,0.000000,0.000000,0.000000,-1.194968,0.275552,-0.079751,1.0000,1.0000,1.0000,1.660,4.810,0.340,5.000,3.000,8.000,1.500,0.060,0.110,811953818,841278483,811953059,6739,1000,1506,1504,1505,1000,1000,1505,1505,1505,1096,2008,1625,1017,1000,1000
-0.0110,0.0043,3.1157,-0.0095,-0.0032,0.5246,0.0063,-0.0042,3.1575,0.0000,0.0775,-0.0040,-9.6349,-0.0020,-0.0004,0.0009,-0.0639,-0.0271,-9.8168,0.0012,-0.0069,-0.0014,-1.6538,-0.4515,-9.9404,-0.0039,0.0257,-0.0144,1.2281,1.2249,-9.6810,0.0064,0.0165,0.0162,0.0000,0.0270,-0.0015,0.2895,0.0000,622.3321,0.0000,706.9099,-1.195105,0.275117,-0.069724,0.002537,-0.007745,0.053192,-1.204548,0.287091,-0.200000,0.000000,0.000000,0.000000,-1.194968,0.275552,-0.079751,1.0000,1.0000,1.0000,1.660,4.810,0.340,5.000,3.000,8.000,1.500,0.060,0.110,811964318,841278483,811962059,6739,1000,1506,1504,1505,1000,1000,1505,1505,1505,1096,2008,1625,1017,1000,1000
-0.0112,0.0042,3.1156,-0.0096,-0.0032,0.5245,0.0063,-0.0042,3.1575,0.0000,0.1446,0.1136,-9.6813,-0.0011,0.0010,0.0065,0.0593,-0.0174,-9.8329,0.0038,-0.0007,0.0017,-0.6339,-0.2360,-9.4879,-0.0028,0.0127,-0.0013,-0.3755,-1.2029,-9.9629,0.0075,0.0032,-0.0170,0.0000,0.0267,-0.0021,0.2891,0.0000,621.6757,0.0000,706.5222,-1.195076,0.275019,-0.069077,0.002395,-0.007782,0.054397,-1.204548,0.287091,-0.200000,0.000000,0.000000,0.000000,-1.194968,0.275552,-0.079751,1.0000,1.0000,1.0000,1.660,4.810,0.340,5.000,3.000,8.000,1.500,0.060,0.110,811974818,841278483,811974059,6739,1000,1506,1504,1505,1000,1000,1505,1505,1505,1096,2008,1625,1017,1000,1000
-0.0112,0.0041,3.1157,-0.0096,-0.0032,0.5245,0.0063,-0.0042,3.1575,0.0000,0.1237,0.1822,-9.6450,-0.0027,0.0006,0.0063,0.0234,0.2240,-9.7785,0.0012,-0.0015,0.0035,-0.0641,0.1135,-9.1743,-0.0001,0.0065,0.0085,0.5996,0.4922,-9.3524,0.0080,-0.0123,0.0080,0.0000,0.0277,-0.0025,0.2892,0.0000,621.3262,0.0000,707.1603,-1.195056,0.274945,-0.068581,0.001989,-0.008368,0.056049,-1.204548,0.287091,-0.200000,0.000000,0.000000,0.000000,-1.194968,0.275552,-0.079751,1.0000,1.0000,1.0000,1.660,4.810,0.340,5.000,3.000,8.000,1.500,0.060,0.110,811985318,841278483,811983059,6739,1000,1506,1504,1505,1000,1000,1505,1505,1505,1096,2008,1625,1017,1000,1000
-0.0108,0.0042,3.1157,-0.0097,-0.0032,0.5245,0.0063,-0.0042,3.1575,0.0000,0.1379,0.1227,-9.6976,-0.0037,0.0045,-0.0016,0.1371,0.0468,-9.8604,0.0010,-0.0035,-0.0074,0.3429,0.1949,-10.1128,0.0015,-0.0025,0.0141,-0.5550,-0.2620,-9.8498,0.0162,-0.0221,0.0085,0.0000,0.0281,-0.0044,0.2900,0.0000,621.2866,0.0000,708.8998,-1.195029,0.274841,-0.067900,0.002430,-0.008962,0.057345,-1.204548,0.287091,-0.200000,0.000000,0.000000,0.000000,-1.194968,0.275552,-0.079751,1.0000,1.0000,1.0000,1.660,4.810,0.340,5.000,3.000,8.000,1.500,0.060,0.110,811995818,841278483,811995059,6739,1000,1506,1504,1505,1000,1000,1505,1505,1505,1096,2008,1625,1017,1000,1000
-0.0106,0.0042,3.1157,-0.0097,-0.0032,0.5244,0.0063,-0.0042,3.1575,0.0000,0.0325,0.1580,-9.6633,-0.0038,0.0078,-0.0110,0.0135,0.1637,-9.7818,0.0034,0.0040,-0.0153,0.1083,0.3649,-9.3467,0.0055,-0.0081,0.0075,-0.3988,0.1511,-9.3757,0.0178,-0.0069,-0.0125,0.0000,0.0274,-0.0053,0.2906,0.0000,621.7654,0.0000,709.7574,-1.195005,0.274759,-0.067380,0.002627,-0.009537,0.058312,-1.204548,0.287091,-0.200000,0.000000,0.000000,0.000000,-1.194968,0.275552,-0.079751,1.0000,1.0000,1.0000,1.660,4.810,0.340,5.000,3.000,8.000,1.500,0.060,0.110,812006318,841278483,812004059,6739,1000,1506,1504,1505,1000,1000,1505,1505,1505,1096,2008,1625,1017,1000,1000
-0.0109,0.0040,3.1156,-0.0097,-0.0031,0.5242,0.0063,-0.0042,3.1575,0.0000,-0.0047,0.0433,-9.6896,-0.0048,0.0058,-0.0054,0.0050,-0.0321,-9.8394,0.0040,0.0029,-0.0058,1.5065,0.7791,-9.7632,-0.0089,-0.0052,0.0096,-1.1279,-0.7558,-9.9503,0.0072,-0.0091,0.0080,0.0000,0.0276,-0.0043,0.2899,0.0000,621.4012,0.0000,708.6435,-1.194975,0.274648,-0.066669,0.002394,-0.009583,0.060057,-1.204548,0.287091,-0.200000,0.000000,0.000000,0.000000,-1.194968,0.275552,-0.079751,1.0000,1.0000,1.0000,1.660,4.810,0.340,5.000,3.000,8.000,1.500,0.060,0.110,812016818,841278483,812016059,6739,1000,1506,1504,1505,1000,1000,1505,1505,1505,1096,2008,1625,1017,1000,1000
-0.0111,0.0039,3.1157,-0.0098,-0.0031,0.5242,0.0063,-0.0042,3.1575,0.0000,-0.0487,-0.0202,-9.6919,-0.0014,0.0084,0.0077,-0.0764,-0.1103,-9.8475,0.0048,0.0018,0.0046,0.3764,-0.2863,-9.6196,-0.0065,0.0009,0.0000,1.1042,0.6952,-9.4439,-0.0099,-0.0141,-0.0011,0.0000,0.0267,-0.0035,0.2884,0.0000,620.2852,0.0000,706.2644,-1.194954,0.274563,-0.066126,0.002068,-0.009454,0.060711,-1.204548,0.287091,-0.200000,0.000000,0.000000,0.000000,-1.194968,0.275552,-0.079751,1.0000,1.0000,1.0000,1.660,4.810,0.340,5.000,3.000,8.000,1.500,0.060,0.110,812027318,841278483,812025059,6739,1000,1506,1504,1505,1000,1000,1505,1505,1505,1096,2008,1625,1017,1000,1000
-0.0110,0.0042,3.1158,-0.0098,-0.0031,0.5242,0.0063,-0.0042,3.1575,0.0000,0.0240,0.0447,-9.6088,-0.0008,0.0082,0.0013,-0.0322,0.0399,-9.6481,0.0045,0.0042,0.0015,-0.1263,-0.4180,-9.7082,-0.0041,-0.0028,-0.0256,1.0270,-0.5098,-9.9485,0.0072,-0.0024,-0.0218,0.0000,0.0272,-0.0031,0.2886,0.0000,620.6259,0.0000,706.5144,-1.194926,0.274445,-0.065387,0.002510,-0.009967,0.062519,-1.204548,0.287091,-0.200000,0.000000,0.000000,0.000000,-1.194968,0.275552,-0.079751,1.0000,1.0000,1.0000,1.660,4.810,0.340,5.000,3.000,8.000,1.500,0.060,0.110,812037818,841278483,812037070,6739,1000,1506,1504,1505,1000,1000,1505,1505,1505,1096,2008,1625,1017,1000,1000
-0.0107,0.0042,3.1157,-0.0098,-0.0031,0.5241,0.0063,-0.0042,3.1575,0.0000,-0.0531,0.1813,-9.7545,-0.0000,0.0072,-0.0072,-0.0360,0.1623,-9.8850,0.0046,-0.0004,-0.0089,-0.1790,-0.6071,-9.3251,-0.0033,0.0052,-0.0179,-0.3180,-0.6157,-8.8478,-0.0056,0.0077,-0.0056,0.0000,0.0283,-0.0011,0.2908,0.0000,623.4526,0.0000,708.6238,-1.194899,0.274350,-0.064821,0.003087,-0.010695,0.063254,-1.204548,0.287091,-0.200000,0.000000,0.000000,0.000000,-1.194968,0.275552,-0.079751,1.0000,1.0000,1.0000,1.660,4.810,0.340,5.000,3.000,8.000,1.500,0.060,0.110,812048318,841278483,812046059,6739,1000,1506,1504,1505,1000,1000,1505,1505,1505,1096,2008,1625,1017,1000,1000
-0.0106,0.0041,3.1156,-0.0099,-0.0031,0.5239,0.0063,-0.0042,3.1575,0.0000,-0.0178,0.2404,-9.6182,-0.0027,0.0050,0.0094,-0.0433,0.2549,-9.7665,0.0014,-0.0031,0.0008,0.8361,-0.5186,-9.8566,-0.0036,0.0279,0.0059,0.2854,0.7867,-9.6163,-0.0013,0.0205,0.0197,0.0000,0.0279,-0.0025,0.2905,0.0000,622.6826,0.0000,708.7216,-1.194862,0.274218,-0.064056,0.003074,-0.011103,0.064529,-1.204548,0.287091,-0.200000,0.000000,0.000000,0.000000,-1.194968,0.275552,-0.079751,1.0000,1.0000,1.0000,1.660,4.810,0.340,5.000,3.000,8.000,1.500,0.060,0.110,812058818,841278483,812058059,6739,1000,1506,1504,1505,1000,1000,1505,1505,1505,1096,2008,1625,1017,1000,1000
-0.0105,0.0041,3.1157,-0.0099,-0.0031,0.5240,0.0063,-0.0042,3.1575,0.0000,-0.0340,0.2032,-9.6547,-0.0032,0.0033,0.0130,-0.0887,0.1880,-9.8131,0.0078,0.0006,0.0070,0.4962,0.2667,-10.0194,-0.0012,0.0236,0.0088,-0.3342,0.0487,-10.6363,0.0146,-0.0208,-0.0080,0.0000,0.0279,-0.0029,0.2884,0.0000,620.1405,0.0000,706.3640,-1.194833,0.274116,-0.063468,0.003533,-0.011633,0.066012,-1.204548,0.287091,-0.200000,0.000000,0.000000,0.000000,-1.194968,0.275552,-0.079751,1.0000,1.0000,1.0000,1.660,4.810,0.340,5.000,3.000,8.000,1.500,0.060,0.110,812069318,841278483,812067059,6739,1000,1506,1504,1505,1000,1000,1505,1505,1505,1096,2008,1625,1017,1000,1000
-0.0104,0.0039,3.1157,-0.0099,-0.0031,0.5239,0.0063,-0.0042,3.1575,0.0000,0.0333,-0.0275,-9.6640,-0.0059,0.0000,-0.0061,-0.0636,0.0664,-9.8073,0.0028,-0.0018,-0.0111,-0.7991,0.6833,-10.0410,0.0009,0.0257,0.0059,0.8474,0.6467,-9.7043,-0.0053,0.0051,0.0000,0.0000,0.0289,-0.0018,0.2903,0.0000,622.4864,0.0000,708.5430,-1.194796,0.273976,-0.062668,0.003414,-0.012339,0.067370,-1.204548,0.287091,-0.200000,0.000000,0.000000,0.000000,-1.194968,0.275552,-0.079751,1.0000,1.0000,1.0000,1.660,4.810,0.340,5.000,3.000,8.000,1.500,0.060,0.110,812079818,841278483,812079059,6739,1000,1506,1504,1505,1000,1000,1505,1505,1505,1096,2008,1625,1017,1000,1000
-0.0105,0.0040,3.1157,-0.0100,-0.0031,0.5238,0.0063,-0.0042,3.1575,0.0000,0.1012,-0.1176,-9.6255,-0.0044,0.0021,-0.0102,-0.0263,-0.1107,-9.8333,-0.0029,-0.0025,-0.0120,0.0077,0.9108,-9.6148,-0.0036,0.0095,0.0101,-0.7544,0.0685,-9.4404,0.0048,-0.0157,-0.0080,0.0000,0.0281,-0.0030,0.2908,0.0000,622.7787,0.0000,709.3675,-1.194769,0.273867,-0.062056,0.003294,-0.012234,0.068875,-1.204548,0.287091,-0.200000,0.000000,0.000000,0.000000,-1.194968,0.275552,-0.079751,1.0000,1.0000,1.0000,1.660,4.810,0.340,5.000,3.000,8.000,1.500,0.060,0.110,812090318,841278483,812088059,6739,1000,1506,1504,1505,1000,1000,1505,1505,1505,1096,2008,1625,1017,1000,1000
-0.0106,0.0040,3.1157,-0.0100,-0.0030,0.5237,0.0063,-0.0042,3.1575,0.0000,0.2052,-0.1194,-9.6384,-0.0031,-0.0011,-0.0015,0.2223,-0.1893,-9.7375,0.0070,-0.0046,-0.0047,0.2472,-0.0062,-9.9045,-0.0103,-0.0081,0.0096,-0.0145,0.7113,-10.7171,-0.0146,-0.0362,0.0194,0.0000,0.0278,-0.0036,0.2897,0.0000,621.4238,0.0000,708.1990,-1.194729,0.273718,-0.061218,0.003656,-0.012562,0.070723,-1.204548,0.287091,-0.200000,0.000000,0.000000,0.000000,-1.194968,0.275552,-0.079751,1.0000,1.0000,1.0000,1.660,4.810,0.340,5.000,3.000,8.000,1.500,0.060,0.110,812100818,841278483,812100059,6739,1000,1506,1504,1505,1000,1000,1505,1505,1505,1096,2008,1625,1017,1000,1000
-0.0107,0.0039,3.1157,-0.0100,-0.0030,0.5237,0.0063,-0.0042,3.1575,0.0000,0.0820,0.0455,-9.7057,-0.0018,0.0051,0.0027,0.2051,-0.0650,-9.8554,0.0054,0.0000,0.0017,-0.1000,-0.0613,-9.4376,-0.0028,-0.0198,-0.0056,-0.5874,-0.1399,-9.9737,0.0077,0.0085,0.0096,0.0000,0.0273,-0.0051,0.2890,0.0000,620.1016,0.0000,707.7662,-1.194696,0.273602,-0.060578,0.002832,-0.012640,0.071224,-1.204548,0.287091,-0.200000,0.000000,0.000000,0.000000,-1.194968,0.275552,-0.079751,1.0000,1.0000,1.0000,1.660,4.810,0.340,5.000,3.000,8.000,1.500,0.060,0.110,812111318,841278483,812109059,6739,1000,1506,1504,1505,1000,1000,1505,1505,1505,1096,2008,1625,1017,1000,1000
-0.0107,0.0037,3.1157,-0.0101,-0.0030,0.5236,0.0063,-0.0042,3.1575,0.0000,0.0616,0.2443,-9.6249,0.0003,0.0084,-0.0022,0.1521,0.0796,-9.7779,0.0039,0.0047,-0.0012,0.0748,-0.5233,-9.2341,-0.0025,-0.0166,-0.0131,0.0286,-0.1919,-9.0094,-0.0064,-0.0202,-0.0189,0.0000,0.0276,-0.0055,0.2896,0.0000,620.5351,0.0000,708.7213,-1.194658,0.273442,-0.059710,0.002832,-0.013150,0.073496,-1.204548,0.287091,-0.200000,0.000000,0.000000,0.000000,-1.194968,0.275552,-0.079751,1.0000,1.0000,1.0000,1.660,4.810,0.340,5.000,3.000,8.000,1.500,0.060,0.110,812121818,841278483,812121075,6739,1000,1506,1504,1505,1000,1000,1505,1505,1505,1096,2008,1625,1017,1000,1000
-0.0106,0.0037,3.1157,-0.0101,-0.0030,0.5235,0.0063,-0.0042,3.1575,0.0000,-0.0610,0.4245,-9.7664,-0.0014,0.0107,0.0040,-0.0909,0.3557,-9.8727,0.0024,0.0040,-0.0022,0.8409,-0.7197,-10.1559,-0.0073,0.0068,-0.0064,0.2584,-0.0788,-10.0653,0.0029,-0.0067,-0.0035,0.0000,0.0286,-0.0040,0.2898,0.0000,621.0137,0.0000,708.6397,-1.194628,0.273319,-0.059043,0.003064,-0.013843,0.074478,-1.204548,0.287091,-0.200000,0.000000,0.000000,0.000000,-1.194968,0.275552,-0.079751,1.0000,1.0000,1.0000,1.660,4.810,0.340,5.000,3.000,8.000,1.500,0.060,0.110,812132318,841278483,812130068,6739,1000,1506,1504,1505,1000,1000,1505,1505,1505,1096,2008,1625,1017,1000,1000
-0.0106,0.0038,3.1157,-0.0102,-0.0030,0.5235,0.0063,-0.0042,3.1575,0.0000,-0.1776,0.3946,-9.5926,-0.0025,0.0147,0.0054,-0.1685,0.3819,-9.6533,0.0031,0.0072,0.0054,0.1011,-0.1283,-9.0737,0.0076,-0.0041,0.0000,0.4093,-0.9461,-10.1999,0.0152,0.0136,-0.0168,0.0000,0.0289,-0.0023,0.2896,0.0000,621.4563,0.0000,707.8200,-1.194592,0.273156,-0.058143,0.002437,-0.013657,0.076076,-1.204548,0.287091,-0.200000,0.000000,0.000000,0.000000,-1.194968,0.275552,-0.079751,1.0000,1.0000,1.0000,1.660,4.810,0.340,5.000,3.000,8.000,1.500,0.060,0.110,812142818,841278483,812142060,6739,1000,1506,1504,1505,1000,1000,1505,1505,1505,1096,2008,1625,1017,1000,1000
-0.0105,0.0038,3.1157,-0.0088,-0.0034,0.5232,0.0063,-0.0042,3.1575,0.0000,-0.1373,0.0224,-9.6937,-0.0047,0.0067,-0.0023,-0.2256,0.1302,-9.8846,0.0025,0.0024,-0.0036,-0.3083,0.1279,-9.9620,-0.0015,0.0257,-0.0005,1.6555,1.8749,-10.2125,0.0037,0.0128,0.0128,0.0000,0.0261,-0.0009,0.2900,0.0000,623.3403,0.0000,707.0079,-1.195284,0.275762,-0.073343,0.000743,-0.005531,0.041924,-1.204548,0.287091,-0.200000,0.000000,0.000000,0.000000,-1.195318,0.276204,-0.079928,1.0000,1.0000,1.0000,1.660,4.810,0.340,5.000,3.000,8.000,1.500,0.060,0.110,812152911,841511232,812151105,6741,1000,1506,1504,1505,1000,1000,1505,1505,1505,1096,2008,1625,1017,1000,1000
-0.0106,0.0041,3.1157,-0.0089,-0.0034,0.5231,0.0063,-0.0042,3.1575,0.0000,0.0638,-0.1687,-9.6694,-0.0061,0.0000,-0.0035,-0.0476,-0.0101,-9.7919,-0.0013,-0.0076,-0.0086,-1.2157,0.5110,-9.6316,0.0033,0.0249,0.0051,-0.3862,0.0146,-9.3613,0.0128,-0.0061,-0.0085,0.0000,0.0257,-0.0018,0.2902,0.0000,623.4034,0.0000,707.5353,-1.195277,0.275703,-0.072835,0.001547,-0.005114,0.042666,-1.204548,0.287091,-0.200000,0.000000,0.000000,0.000000,-1.195318,0.276204,-0.079928,1.0000,1.0000,1.0000,1.660,4.810,0.340,5.000,3.000,8.000,1.500,0.060,0.110,812163411,841511232,812163153,6741,1000,1506,1504,1505,1000,1000,1505,1505,1505,1096,2008,1625,1017,1000,1000
-0.0107,0.0042,3.1157,-0.0089,-0.0033,0.5231,0.0063,-0.0042,3.1575,0.0000,0.1514,-0.2240,-9.5989,-0.0031,-0.0026,0.0029,0.0905,-0.1896,-9.7634,0.0045,-0.0115,0.0015,-0.6435,0.7552,-9.6747,-0.0044,0.0217,0.0037,-0.9160,0.4276,-10.2269,-0.0112,-0.0088,-0.0040,0.0000,0.0253,-0.0047,0.2894,0.0000,621.2750,0.0000,707.4743,-1.195267,0.275661,-0.072445,0.001719,-0.004601,0.043964,-1.204548,0.287091,-0.200000,0.000000,0.000000,0.000000,-1.195318,0.276204,-0.079928,1.0000,1.0000,1.0000,1.660,4.810,0.340,5.000,3.000,8.000,1.500,0.060,0.110,812173911,841511232,812172166,6741,1000,1506,1504,1505,1000,1000,1505,1505,1505,1096,2008,1625,1017,1000,1000
-0.0108,0.0043,3.1157,-0.0089,-0.0033,0.5230,0.0063,-0.0042,3.1575,0.0000,0.1961,-0.1437,-9.6614,-0.0020,-0.0022,-0.0027,0.0972,-0.2656,-9.8572,0.0065,0.0005,-0.0048,-1.3115,-0.9543,-9.5980,-0.0095,0.0111,-0.0045,0.9354,1.1513,-9.5194,-0.0008,-0.0053,-0.0152,0.0000,0.0259,-0.0007,0.2901,0.0000,623.5886,0.0000,706.9678,-1.195248,0.275604,-0.071906,0.001996,-0.004721,0.045783,-1.204548,0.287091,-0.200000,0.000000,0.000000,0.000000,-1.195318,0.276204,-0.079928,1.0000,1.0000,1.0000,1.660,4.810,0.340,5.000,3.000,8.000,1.500,0.060,0.110,812184411,841511232,812184152,6741,1000,1506,1504,1505,1000,1000,1505,1505,1505,1096,2008,1625,1017,1000,1000
-0.0109,0.0042,3.1157,-0.0089,-0.0033,0.5229,0.0063,-0.0042,3.1575,0.0000,0.1850,0.1745,-9.7046,-0.0002,0.0034,-0.0017,0.1774,0.0347,-9.8328,0.0027,-0.0050,-0.0017,0.1298,-0.5736,-9.6196,-0.0071,-0.0055,-0.0048,-1.4924,-1.4148,-9.1638,-0.0005,-0.0277,-0.0051,0.0000,0.0254,-0.0035,0.2900,0.0000,622.4758,0.0000,707.7775,-1.195232,0.275556,-0.071490,0.001223,-0.004696,0.046557,-1.204548,0.287091,-0.200000,0.000000,0.000000,0.000000,-1.195318,0.276204,-0.079928,1.0000,1.0000,1.0000,1.660,4.810,0.340,5.000,3.000,8.000,1.500,0.060,0.110,812194911,841511232,812193152,6741,1000,1506,1504,1505,1000,1000,1505,1505,1505,1096,2008,1625,1017,1000,1000
-0.0110,0.0040,3.1157,-0.0090,-0.0033,0.5228,0.0063,-0.0042,3.1575,0.0000,0.0986,0.3818,-9.7128,-0.0002,0.0106,0.0027,0.2245,0.3072,-9.7703,0.0054,-0.0011,-0.0011,-0.6626,-1.3805,-9.3874,-0.0001,-0.0201,0.0053,0.5547,-0.0501,-10.5393,-0.0011,-0.0107,-0.0075,0.0000,0.0257,-0.0062,0.2896,0.0000,620.8322,0.0000,708.4379,-1.195218,0.275496,-0.070920,0.000311,-0.004405,0.048228,-1.204548,0.287091,-0.200000,0.000000,0.000000,0.000000,-1.195318,0.276204,-0.079928,1.0000,1.0000,1.0000,1.660,4.810,0.340,5.000,3.000,8.000,1.500,0.060,0.110,812205411,841511232,812205152,6741,1000,1506,1504,1505,1000,1000,1505,1505,1505,1096,2008,1625,1017,1000,1000
-0.0109,0.0040,3.1157,-0.0090,-0.0032,0.5228,0.0063,-0.0042,3.1575,0.0000,-0.0313,0.3921,-9.7352,-0.0012,0.0130,0.0024,0.0631,0.3331,-9.8721,0.0047,0.0108,-0.0014,0.6733,-0.3773,-9.6172,-0.0113,-0.0172,0.0077,-0.2677,-1.4094,-9.6397,0.0024,-0.0077,0.0112,0.0000,0.0262,-0.0062,0.2897,0.0000,620.8011,0.0000,708.6992,-1.195211,0.275452,-0.070483,0.000267,-0.005126,0.048945,-1.204548,0.287091,-0.200000,0.000000,0.000000,0.000000,-1.195318,0.276204,-0.079928,1.0000,1.0000,1.0000,1.660,4.810,0.340,5.000,3.000,8.000,1.500,0.060,0.110,812215911,841511232,812214152,6741,1000,1506,1504,1505,1000,1000,1505,1505,1505,1096,2008,1625,1017,1000,1000
-0.0108,0.0040,3.1157,-0.0091,-0.0032,0.5227,0.0063,-0.0042,3.1575,0.0000,-0.1871,0.2745,-9.6159,-0.0028,0.0135,-0.0036,-0.1261,0.2576,-9.7238,0.0013,0.0085,-0.0028,0.2208,-0.0349,-9.6914,-0.0055,0.0041,0.0032,0.5152,0.3091,-9.1548,-0.0101,0.0085,0.0059,0.0000,0.0271,-0.0044,0.2900,0.0000,621.6304,0.0000,708.6377,-1.195205,0.275385,-0.069886,-0.000015,-0.006298,0.050698,-1.204548,0.287091,-0.200000,0.000000,0.000000,0.000000,-1.195318,0.276204,-0.079928,1.0000,1.0000,1.0000,1.660,4.810,0.340,5.000,3.000,8.000,1.500,0.060,0.110,812226411,841511232,812226152,6741,1000,1506,1504,1505,1000,1000,1505,1505,1505,1096,2008,1625,1017,1000,1000
-0.0107,0.0040,3.1157,-0.0091,-0.0032,0.5226,0.0063,-0.0042,3.1575,0.0000,-0.1583,0.0577,-9.6677,-0.0048,0.0134,-0.0045,-0.2105,0.0752,-9.7803,-0.0014,-0.0037,-0.0053,0.9965,0.8773,-10.1918,0.0039,0.0217,0.0016,1.8889,2.0814,-10.4172,0.0282,0.0240,-0.0011,0.0000,0.0265,-0.0033,0.2901,0.0000,622.3159,0.0000,708.0679,-1.195203,0.275330,-0.069423,0.000412,-0.006934,0.052184,-1.204548,0.287091,-0.200000,0.000000,0.000000,0.000000,-1.195318,0.276204,-0.079928,1.0000,1.0000,1.0000,1.660,4.810,0.340,5.000,3.000,8.000,1.500,0.060,0.110,812236911,841511232,812235152,6741,1000,1506,1504,1505,1000,1000,1505,1505,1505,1096,2008,1625,1017,1000,1000
-0.0107,0.0042,3.1157,-0.0091,-0.0032,0.5225,0.0063,-0.0042,3.1575,0.0000,-0.0801,-0.0683,-9.6388,-0.0052,0.0041,0.0030,-0.0575,-0.0119,-9.7989,0.0005,-0.0093,0.0007,0.1897,0.9443,-9.3059,-0.0009,0.0156,-0.0016,-0.0271,0.5228,-9.5607,0.0216,0.0157,-0.0160,0.0000,0.0266,-0.0002,0.2893,0.0000,622.7416,0.0000,706.0485,-1.195201,0.275250,-0.068791,0.000558,-0.007212,0.053421,-1.204548,0.287091,-0.200000,0.000000,0.000000,0.000000,-1.195318,0.276204,-0.079928,1.0000,1.0000,1.0000,1.660,4.810,0.340,5.000,3.000,8.000,1.500,0.060,0.110,812247411,841511232,812247152,6741,1000,1506,1504,1505,1000,1000,1505,1505,1505,1096,2008,1625,1017,1000,1000
-0.0109,0.0042,3.1157,-0.0092,-0.0031,0.5225,0.0063,-0.0042,3.1575,0.0000,0.0435,-0.1267,-9.6166,-0.0022,0.0026,0.0003,0.0086,-0.0899,-9.7098,0.0020,-0.0079,-0.0029,-1.1104,0.7671,-9.5885,-0.0081,0.0284,-0.0144,-0.3234,0.6395,-9.8354,-0.0019,0.0003,-0.0067,0.0000,0.0261,-0.0028,0.2893,0.0000,621.8055,0.0000,706.8944,-1.195199,0.275189,-0.068304,0.000524,-0.006720,0.054837,-1.204548,0.287091,-0.200000,0.000000,0.000000,0.000000,-1.195318,0.276204,-0.079928,1.0000,1.0000,1.0000,1.660,4.810,0.340,5.000,3.000,8.000,1.500,0.060,0.110,812257911,841511232,812256152,6741,1000,1506,1504,1505,1000,1000,1505,1505,1505,1096,2008,1625,1017,1000,1000
-0.0111,0.0043,3.1157,-0.0092,-0.0031,0.5224,0.0063,-0.0042,3.1575,0.0000,0.1543,0.0016,-9.7179,-0.0019,-0.0018,0.0017,0.0751,-0.1145,-9.8471,0.0075,-0.0061,0.0000,-0.4759,0.5397,-9.0067,-0.0052,0.0084,-0.0096,-1.2105,-1.0269,-10.2071,0.0061,0.0059,-0.0059,0.0000,0.0262,-0.0048,0.2902,0.0000,621.9230,0.0000,708.7586,-1.195197,0.275107,-0.067636,0.000512,-0.006434,0.056243,-1.204548,0.287091,-0.200000,0.000000,0.000000,0.000000,-1.195318,0.276204,-0.079928,1.0000,1.0000,1.0000,1.660,4.810,0.340,5.000,3.000,8.000,1.500,0.060,0.110,812268411,841511232,812268152,6741,1000,1506,1504,1505,1000,1000,1505,1505,1505,1096,2008,1625,1017,1000,1000
-0.0112,0.0042,3.1157,-0.0092,-0.0031,0.5223,0.0063,-0.0042,3.1575,0.0000,0.1144,0.0839,-9.6117,-0.0006,0.0011,0.0051,0.1039,0.0437,-9.7652,0.0046,-0.0015,-0.0000,-0.0737,-0.1834,-9.3658,-0.0073,0.0145,0.0032,-0.2498,0.0110,-9.0417,-0.0272,0.0109,-0.0077,0.0000,0.0274,-0.0052,0.2902,0.0000,621.3353,0.0000,709.1965,-1.195195,0.275047,-0.067125,-0.000107,-0.006333,0.057365,-1.204548,0.287091,-0.200000,0.000000,0.000000,0.000000,-1.195318,0.276204,-0.079928,1.0000,1.0000,1.0000,1.660,4.810,0.340,5.000,3.000,8.000,1.500,0.060,0.110,812278911,841511232,812277152,6741,1000,1506,1504,1505,1000,1000,1505,1505,1505,1096,2008,1625,1017,1000,1000
-0.0110,0.0041,3.1157,-0.0093,-0.0031,0.5222,0.0063,-0.0042,3.1575,0.0000,0.1644,0.1655,-9.6959,-0.0022,0.0037,0.0003,0.1173,0.0354,-9.8760,-0.0003,-0.0030,-0.0037,-0.8302,-0.6885,-9.7920,-0.0033,-0.0004,0.0024,0.6535,-0.5457,-10.1407,0.0099,-0.0173,-0.0178,0.0000,0.0266,-0.0031,0.2898,0.0000,622.0972,0.0000,707.8085,-1.195195,0.274960,-0.066422,0.000065,-0.007454,0.059587,-1.204548,0.287091,-0.200000,0.000000,0.000000,0.000000,-1.195318,0.276204,-0.079928,1.0000,1.0000,1.0000,1.660,4.810,0.340,5.000,3.000,8.000,1.500,0.060,0.110,812289411,841511232,812289154,6741,1000,1506,1504,1505,1000,1000,1505,1505,1505,1096,2008,1625,1017,1000,1000
-0.0107,0.0040,3.1157,-0.0089,-0.0031,0.5220,0.0063,-0.0042,3.1575,0.0000,0.0289,0.1672,-9.7483,-0.0034,0.0069,-0.0029,0.1667,0.2514,-9.8674,0.0019,-0.0066,-0.0057,0.3477,-0.0613,-9.6340,0.0052,-0.0020,0.0141,-0.9429,-1.1868,-10.1389,0.0144,-0.0234,0.0130,0.0000,0.0263,-0.0042,0.2902,0.0000,622.1207,0.0000,708.5372,-1.195482,0.275537,-0.071739,-0.001010,-0.005942,0.045994,-1.204548,0.287091,-0.200000,0.000000,0.000000,0.000000,-1.195699,0.276065,-0.080155,1.0000,1.0000,1.0000,1.660,4.810,0.340,5.000,3.000,8.000,1.500,0.060,0.110,812299456,841612671,812298197,6742,1000,1506,1504,1505,1000,1000,1505,1505,1505,1096,2008,1625,1017,1000,1000
-0.0107,0.0041,3.1157,-0.0089,-0.0031,0.5220,0.0063,-0.0042,3.1575,0.0000,0.0343,0.1302,-9.5332,-0.0053,0.0118,-0.0051,0.0337,0.1124,-9.6629,0.0035,0.0066,-0.0089,0.2472,-0.1187,-9.4903,-0.0001,-0.0111,0.0075,0.4990,0.2408,-9.2410,0.0027,0.0005,0.0317,0.0000,0.0269,-0.0061,0.2904,0.0000,621.3088,0.0000,709.6738,-1.195489,0.275485,-0.071320,-0.000792,-0.006097,0.047653,-1.204548,0.287091,-0.200000,0.000000,0.000000,0.000000,-1.195699,0.276065,-0.080155,1.0000,1.0000,1.0000,1.660,4.810,0.340,5.000,3.000,8.000,1.500,0.060,0.110,812309956,841612671,812307197,6742,1000,1506,1504,1505,1000,1000,1505,1505,1505,1096,2008,1625,1017,1000,1000
-0.0108,0.0044,3.1157,-0.0090,-0.0031,0.5219,0.0063,-0.0042,3.1575,0.0000,-0.0469,0.0476,-9.7571,-0.0045,0.0073,-0.0038,-0.0741,-0.0134,-9.9113,-0.0002,-0.0038,-0.0025,-0.0138,0.0249,-9.4113,-0.0036,-0.0063,-0.0032,0.6140,0.4456,-9.7941,0.0152,-0.0104,-0.0091,0.0000,0.0267,-0.0040,0.2902,0.0000,622.1023,0.0000,708.5668,-1.195497,0.275417,-0.070733,-0.000556,-0.005741,0.049382,-1.204548,0.287091,-0.200000,0.000000,0.000000,0.000000,-1.195699,0.276065,-0.080155,1.0000,1.0000,1.0000,1.660,4.810,0.340,5.000,3.000,8.000,1.500,0.060,0.110,812319984,841612671,812319225,6742,1000,1506,1504,1505,1000,1000,1505,1505,1505,1096,2008,1625,1017,1000,1000
-0.0113,0.0041,3.1157,-0.0090,-0.0030,0.5218,0.0063,-0.0042,3.1575,0.0000,-0.0737,0.0540,-9.5420,-0.0021,0.0086,0.0036,-0.1001,-0.0805,-9.6552,-0.0008,0.0004,0.0008,-0.5429,-0.7867,-9.5597,-0.0049,0.0047,-0.0131,0.1453,1.0489,-10.1910,-0.0096,0.0107,-0.0304,0.0000,0.0258,-0.0045,0.2893,0.0000,621.1464,0.0000,707.4300,-1.195504,0.275367,-0.070286,-0.001088,-0.005328,0.050147,-1.204548,0.287091,-0.200000,0.000000,0.000000,0.000000,-1.195699,0.276065,-0.080155,1.0000,1.0000,1.0000,1.660,4.810,0.340,5.000,3.000,8.000,1.500,0.060,0.110,812330484,841612671,812328225,6742,1000,1506,1504,1505,1000,1000,1505,1505,1505,1096,2008,1625,1017,1000,1000
-0.0112,0.0041,3.1157,-0.0090,-0.0030,0.5218,0.0063,-0.0042,3.1575,0.0000,0.0016,0.1012,-9.6763,-0.0009,0.0070,0.0023,0.0595,0.1298,-9.8523,0.0035,-0.0050,0.0013,-0.5621,0.2380,-9.3514,0.0009,0.0028,-0.0160,-1.2841,-0.4469,-9.1997,-0.0048,0.0152,-0.0120,0.0000,0.0258,-0.0029,0.2895,0.0000,622.0900,0.0000,707.1374,-1.195517,0.275296,-0.069666,-0.001059,-0.005918,0.052882,-1.204548,0.287091,-0.200000,0.000000,0.000000,0.000000,-1.195699,0.276065,-0.080155,1.0000,1.0000,1.0000,1.660,4.810,0.340,5.000,3.000,8.000,1.500,0.060,0.110,812340984,841612671,812340235,6742,1000,1506,1504,1505,1000,1000,1505,1505,1505,1096,2008,1625,1017,1000,1000
-0.0110,0.0038,3.1157,-0.0091,-0.0030,0.5217,0.0063,-0.0042,3.1575,0.0000,-0.0305,0.2012,-9.6976,-0.0018,0.0040,0.0058,-0.0018,0.2266,-9.8216,0.0064,0.0058,0.0019,0.4387,-0.2648,-9.8207,-0.0092,0.0252,-0.0099,0.6840,0.1529,-9.1997,-0.0107,0.0141,-0.0149,0.0000,0.0267,-0.0032,0.2898,0.0000,621.9531,0.0000,707.7980,-1.195527,0.275239,-0.069188,-0.001159,-0.006554,0.053375,-1.204548,0.287091,-0.200000,0.000000,0.000000,0.000000,-1.195699,0.276065,-0.080155,1.0000,1.0000,1.0000,1.660,4.810,0.340,5.000,3.000,8.000,1.500,0.060,0.110,812351484,841612671,812349225,6742,1000,1506,1504,1505,1000,1000,1505,1505,1505,1096,2008,1625,1017,1000,1000
-0.0108,0.0037,3.1157,-0.0091,-0.0030,0.5216,0.0063,-0.0042,3.1575,0.0000,0.0210,0.1270,-9.5626,-0.0031,-0.0011,0.0050,-0.0052,0.1684,-9.7407,0.0054,-0.0013,0.0037,0.5847,0.6498,-10.5749,0.0079,0.0164,0.0013,-0.8962,-1.4004,-10.5878,0.0043,0.0152,0.0003,0.0000,0.0271,-0.0020,0.2900,0.0000,622.5679,0.0000,707.6887,-1.195543,0.275157,-0.068534,-0.001160,-0.007012,0.055798,-1.204548,0.287091,-0.200000,0.000000,0.000000,0.000000,-1.195699,0.276065,-0.080155,1.0000,1.0000,1.0000,1.660,4.810,0.340,5.000,3.000,8.000,1.500,0.060,0.110,812361984,841612671,812361225,6742,1000,1506,1504,1505,1000,1000,1505,1505,1505,1096,2008,1625,1017,1000,1000
-0.0105,0.0035,3.1157,-0.0089,-0.0031,0.5215,0.0063,-0.0042,3.1575,0.0000,0.0845,0.0576,-9.7712,-0.0040,0.0019,-0.0059,0.0620,0.1487,-9.9172,-0.0007,-0.0020,-0.0075,0.0293,1.0640,-9.2078,0.0020,0.0025,0.0117,-1.5211,0.3612,-9.2177,0.0035,-0.0149,0.0152,0.0000,0.0272,-0.0039,0.2907,0.0000,622.5361,0.0000,709.2499,-1.195616,0.275569,-0.072618,-0.001256,-0.006013,0.045169,-1.204548,0.287091,-0.200000,0.000000,0.000000,0.000000,-1.195675,0.276030,-0.080144,1.0000,1.0000,1.0000,1.660,4.810,0.340,5.000,3.000,8.000,1.500,0.060,0.110,812372029,841748208,812370225,6743,1000,1506,1504,1505,1000,1000,1505,1505,1505,1096,2008,1625,1017,1000,1000
-0.0107,0.0036,3.1156,-0.0089,-0.0031,0.5214,0.0063,-0.0042,3.1575,0.0000,0.1198,-0.0273,-9.6330,-0.0052,0.0015,-0.0064,0.0002,-0.0992,-9.7918,-0.0039,-0.0029,-0.0083,-0.3059,0.6163,-10.3618,-0.0065,0.0151,0.0205,0.2836,1.0148,-9.5535,-0.0083,0.0032,0.0272,0.0000,0.0259,-0.0041,0.2907,0.0000,622.8087,0.0000,708.9858,-1.195633,0.275500,-0.072068,-0.001147,-0.005916,0.046420,-1.204548,0.287091,-0.200000,0.000000,0.000000,0.000000,-1.195675,0.276030,-0.080144,1.0000,1.0000,1.0000,1.660,4.810,0.340,5.000,3.000,8.000,1.500,0.060,0.110,812382529,841748208,812382270,6743,1000,1506,1504,1505,1000,1000,1505,1505,1505,1096,2008,1625,1017,1000,1000
-0.0110,0.0039,3.1157,-0.0089,-0.0031,0.5213,0.0063,-0.0042,3.1575,0.0000,0.1418,-0.0563,-9.6451,-0.0035,0.0029,0.0000,0.2900,-0.0081,-9.8168,0.0055,0.0037,-0.0039,0.5800,0.8366,-9.6579,0.0017,-0.0150,0.0067,-1.8857,-1.5226,-9.6307,-0.0072,-0.0258,0.0069,0.0000,0.0255,-0.0045,0.2892,0.0000,621.0958,0.0000,707.2093,-1.195647,0.275451,-0.071645,-0.001554,-0.005286,0.047540,-1.204548,0.287091,-0.200000,0.000000,0.000000,0.000000,-1.195675,0.276030,-0.080144,1.0000,1.0000,1.0000,1.660,4.810,0.340,5.000,3.000,8.000,1.500,0.060,0.110,812393029,841748208,812391270,6743,1000,1506,1504,1505,1000,1000,1505,1505,1505,1096,2008,1625,1017,1000,1000
-0.0111,0.0040,3.1157,-0.0090,-0.0031,0.5213,0.0063,-0.0042,3.1575,0.0000,0.0868,0.0112,-9.7009,-0.0019,0.0052,-0.0018,0.1734,-0.1106,-9.7154,0.0064,0.0034,-0.0062,0.9343,0.1327,-9.2509,-0.0148,-0.0087,-0.0123,-1.4331,-0.9820,-9.4439,-0.0005,-0.0434,-0.0021,0.0000,0.0261,-0.0045,0.2893,0.0000,621.1159,0.0000,707.5302,-1.195660,0.275386,-0.071065,-0.001095,-0.005385,0.049020,-1.204548,0.287091,-0.200000,0.000000,0.000000,0.000000,-1.195675,0.276030,-0.080144,1.0000,1.0000,1.0000,1.660,4.810,0.340,5.000,3.000,8.000,1.500,0.060,0.110,812403529,841748208,812403270,6743,1000,1506,1504,1505,1000,1000,1505,1505,1505,1096,2008,1625,1017,1000,1000
-0.0110,0.0038,3.1157,-0.0090,-0.0031,0.5212,0.0063,-0.0042,3.1575,0.0000,-0.0428,0.1575,-9.6473,-0.0014,0.0091,0.0004,0.0677,0.0924,-9.7987,0.0071,0.0088,0.0012,-0.5070,-0.2528,-9.5071,0.0023,-0.0100,-0.0133,-1.2572,-1.1939,-9.3362,0.0059,-0.0242,-0.0069,0.0000,0.0268,-0.0032,0.2900,0.0000,622.1572,0.0000,708.0660,-1.195669,0.275332,-0.070620,-0.001603,-0.005943,0.050074,-1.204548,0.287091,-0.200000,0.000000,0.000000,0.000000,-1.195675,0.276030,-0.080144,1.0000,1.0000,1.0000,1.660,4.810,0.340,5.000,3.000,8.000,1.500,0.060,0.110,812414029,841748208,812412270,6743,1000,1506,1504,1505,1000,1000,1505,1505,1505,1096,2008,1625,1017,1000,1000
-0.0108,0.0035,3.1157,-0.0091,-0.0031,0.5211,0.0063,-0.0042,3.1575,0.0000,-0.0227,0.2864,-9.7009,-0.0006,0.0107,0.0009,-0.0168,0.2229,-9.7085,0.0019,0.0044,-0.0010,0.0796,-0.8513,-8.8319,-0.0113,-0.0169,-0.0149,1.1760,0.0164,-10.8410,-0.0115,-0.0072,-0.0285,0.0000,0.0257,-0.0055,0.2899,0.0000,621.4658,0.0000,708.5149,-1.195686,0.275251,-0.070006,-0.001850,-0.006928,0.052085,-1.204548,0.287091,-0.200000,0.000000,0.000000,0.000000,-1.195675,0.276030,-0.080144,1.0000,1.0000,1.0000,1.660,4.810,0.340,5.000,3.000,8.000,1.500,0.060,0.110,812424529,841748208,812424270,6743,1000,1506,1504,1505,1000,1000,1505,1505,1505,1096,2008,1625,1017,1000,1000
-0.0107,0.0036,3.1157,-0.0091,-0.0031,0.5210,0.0063,-0.0042,3.1575,0.0000,-0.0891,0.3559,-9.7227,-0.0021,0.0091,0.0040,-0.0898,0.3167,-9.8744,0.0025,0.0010,-0.0009,-0.3705,-0.1977,-8.9396,-0.0023,0.0129,0.0000,-0.3036,-0.5367,-8.1744,0.0016,0.0149,0.0072,0.0000,0.0264,-0.0044,0.2897,0.0000,621.4164,0.0000,708.0187,-1.195697,0.275185,-0.069533,-0.001263,-0.007686,0.053033,-1.204548,0.287091,-0.200000,0.000000,0.000000,0.000000,-1.195675,0.276030,-0.080144,1.0000,1.0000,1.0000,1.660,4.810,0.340,5.000,3.000,8.000,1.500,0.060,0.110,812435029,841748208,812433270,6743,1000,1506,1504,1505,1000,1000,1505,1505,1505,1096,2008,1625,1017,1000,1000
-0.0107,0.0036,3.1157,-0.0091,-0.0031,0.5210,0.0063,-0.0042,3.1575,0.0000,-0.1229,0.1703,-9.6321,-0.0044,0.0075,0.0054,-0.1518,0.1771,-9.7824,0.0037,-0.0070,0.0003,-0.1766,0.4128,-9.9404,0.0023,0.0100,0.0080,0.6301,1.3793,-10.1425,0.0138,0.0240,0.0125,0.0000,0.0273,-0.0033,0.2896,0.0000,621.5755,0.0000,707.8309,-1.195716,0.275098,-0.068888,-0.001737,-0.007557,0.054761,-1.204548,0.287091,-0.200000,0.000000,0.000000,0.000000,-1.195675,0.276030,-0.080144,1.0000,1.0000,1.0000,1.660,4.810,0.340,5.000,3.000,8.000,1.500,0.060,0.110,812445529,841748208,812445270,6743,1000,1506,1504,1505,1000,1000,1505,1505,1505,1096,2008,1625,1017,1000,1000
-0.0108,0.0038,3.1157,-0.0092,-0.0031,0.5209,0.0063,-0.0042,3.1575,0.0000,0.0199,-0.0316,-9.7193,-0.0052,-0.0003,-0.0010,-0.0059,0.0509,-9.9257,0.0033,-0.0060,-0.0029,-0.1000,0.9204,-9.3682,0.0055,0.0143,0.0072,-0.3647,1.0992,-9.4529,0.0008,0.0173,-0.0021,0.0000,0.0276,-0.0003,0.2902,0.0000,623.4184,0.0000,707.5156,-1.195733,0.275034,-0.068392,-0.001120,-0.007488,0.055418,-1.204548,0.287091,-0.200000,0.000000,0.000000,0.000000,-1.195675,0.276030,-0.080144,1.0000,1.0000,1.0000,1.660,4.810,0.340,5.000,3.000,8.000,1.500,0.060,0.110,812456029,841748208,812454270,6743,1000,1506,1504,1505,1000,1000,1505,1505,1505,1096,2008,1625,1017,1000,1000
-0.0109,0.0038,3.1157,-0.0092,-0.0031,0.5208,0.0063,-0.0042,3.1575,0.0000,0.0325,-0.2454,-9.5744,-0.0042,-0.0018,-0.0038,0.0490,-0.1907,-9.6660,0.0014,-0.0092,-0.0058,-0.1192,0.5756,-9.5406,-0.0132,0.0305,0.0064,0.0375,1.6235,-10.1084,0.0027,0.0181,0.0133,0.0000,0.0265,-0.0015,0.2903,0.0000,623.2581,0.0000,707.6782,-1.195753,0.274946,-0.067718,-0.001087,-0.008079,0.057228,-1.204548,0.287091,-0.200000,0.000000,0.000000,0.000000,-1.195675,0.276030,-0.080144,1.0000,1.0000,1.0000,1.660,4.810,0.340,5.000,3.000,8.000,1.500,0.060,0.110,812466529,841748208,812466270,6743,1000,1506,1504,1505,1000,1000,1505,1505,1505,1096,2008,1625,1017,1000,1000
-0.0109,0.0038,3.1157,-0.0092,-0.0030,0.5208,0.0063,-0.0042,3.1575,0.0000,0.2398,-0.1972,-9.6785,-0.0026,-0.0029,-0.0046,0.1934,-0.2167,-9.8706,0.0016,-0.0045,-0.0043,0.0173,0.3218,-9.9787,-0.0036,0.0100,-0.0027,-0.3611,-0.1506,-9.9701,-0.0053,-0.0061,-0.0165,0.0000,0.0259,-0.0042,0.2903,0.0000,622.3961,0.0000,708.5570,-1.195767,0.274874,-0.067196,-0.001192,-0.007790,0.058631,-1.204548,0.287091,-0.200000,0.000000,0.000000,0.000000,-1.195675,0.276030,-0.080144,1.0000,1.0000,1.0000,1.660,4.810,0.340,5.000,3.000,8.000,1.500,0.060,0.110,812477029,841748208,812475270,6743,1000,1506,1504,1505,1000,1000,1505,1505,1505,1096,2008,1625,1017,1000,1000
-0.0110,0.0038,3.1157,-0.0093,-0.0030,0.5207,0.0063,-0.0042,3.1575,0.0000,0.1834,0.0201,-9.7040,-0.0008,0.0007,0.0016,0.2395,-0.0369,-9.7778,0.0084,-0.0021,0.0002,-1.2540,-0.3749,-9.1958,-0.0068,-0.0204,-0.0056,0.1112,-0.7414,-10.3041,0.0056,-0.0075,-0.0011,0.0000,0.0266,-0.0052,0.2898,0.0000,621.2353,0.0000,708.5565,-1.195779,0.274773,-0.066488,-0.001063,-0.008296,0.059529,-1.204548,0.287091,-0.200000,0.000000,0.000000,0.000000,-1.195675,0.276030,-0.080144,1.0000,1.0000,1.0000,1.660,4.810,0.340,5.000,3.000,8.000,1.500,0.060,0.110,812487529,841748208,812487270,6743,1000,1506,1504,1505,1000,1000,1505,1505,1505,1096,2008,1625,1017,1000,1000
-0.0110,0.0036,3.1157,-0.0093,-0.0030,0.5206,0.0063,-0.0042,3.1575,0.0000,0.1241,0.2822,-9.5992,-0.0008,0.0099,0.0041,0.2172,0.2105,-9.6793,0.0041,0.0138,0.0037,0.3908,-0.7053,-9.6076,-0.0036,-0.0190,0.0027,0.0178,-0.4757,-9.2428,-0.0008,-0.0138,-0.0197,0.0000,0.0269,-0.0066,0.2898,0.0000,620.4284,0.0000,709.0914,-1.195790,0.274692,-0.065945,-0.002122,-0.008614,0.061090,-1.204548,0.287091,-0.200000,0.000000,0.000000,0.000000,-1.195675,0.276030,-0.080144,1.0000,1.0000,1.0000,1.660,4.810,0.340,5.000,3.000,8.000,1.500,0.060,0.110,812498029,841748208,812496270,6743,1000,1506,1504,1505,1000,1000,1505,1505,1505,1096,2008,1625,1017,1000,1000
-0.0110,0.0036,3.1157,-0.0094,-0.0030,0.5205,0.0063,-0.0042,3.1575,0.0000,-0.0204,0.4365,-9.7720,-0.0017,0.0097,-0.0007,-0.0071,0.3034,-9.8951,0.0016,0.0019,-0.0003,0.9319,-0.1905,-9.6794,0.0020,-0.0190,0.0008,0.5511,-0.0537,-9.6702,-0.0069,-0.0088,0.0051,0.0000,0.0276,-0.0029,0.2901,0.0000,622.1217,0.0000,708.2854,-1.195808,0.274585,-0.065201,-0.002202,-0.008571,0.062413,-1.204548,0.287091,-0.200000,0.000000,0.000000,0.000000,-1.195675,0.276030,-0.080144,1.0000,1.0000,1.0000,1.660,4.810,0.340,5.000,3.000,8.000,1.500,0.060,0.110,812508529,841748208,812508270,6743,1000,1506,1504,1505,1000,1000,1505,1505,1505,1096,2008,1625,1017,1000,1000
-0.0109,0.0036,3.1157,-0.0094,-0.0030,0.5205,0.0063,-0.0042,3.1575,0.0000,-0.1129,0.3566,-9.6038,-0.0026,0.0133,-0.0015,-0.0591,0.3924,-9.7458,0.0019,0.0047,-0.0062,0.4004,0.2620,-9.5909,0.0079,-0.0068,0.0048,0.1309,-0.0483,-9.4888,0.0109,0.0226,-0.0091,0.0000,0.0269,-0.0022,0.2904,0.0000,622.9904,0.0000,708.1873,-1.195823,0.274504,-0.064636,-0.001812,-0.009532,0.063487,-1.204548,0.287091,-0.200000,0.000000,0.000000,0.000000,-1.195675,0.276030,-0.080144,1.0000,1.0000,1.0000,1.660,4.810,0.340,5.000,3.000,8.000,1.500,0.060,0.110,812519029,841748208,812517270,6743,1000,1506,1504,1505,1000,1000,1505,1505,1505,1096,2008,1625,1017,1000,1000
-0.0108,0.0038,3.1157,-0.0094,-0.0030,0.5204,0.0063,-0.0042,3.1575,0.0000,-0.0873,0.1603,-9.6636,-0.0048,0.0077,-0.0039,-0.1467,0.1417,-9.8318,0.0033,0.0004,-0.0082,0.2591,0.3218,-9.1647,-0.0023,-0.0023,-0.0019,0.4972,0.8442,-10.0473,0.0091,0.0197,-0.0048,0.0000,0.0277,-0.0046,0.2905,0.0000,621.8120,0.0000,709.4055,-1.195841,0.274393,-0.063859,-0.001264,-0.009735,0.065708,-1.204548,0.287091,-0.200000,0.000000,0.000000,0.000000,-1.195675,0.276030,-0.080144,1.0000,1.0000,1.0000,1.660,4.810,0.340,5.000,3.000,8.000,1.500,0.060,0.110,812529529,841748208,812529286,6743,1000,1506,1504,1505,1000,1000,1505,1505,1505,1096,2008,1625,1017,1000,1000
-0.0108,0.0040,3.1156,-0.0095,-0.0030,0.5203,0.0063,-0.0042,3.1575,0.0000,-0.1331,-0.0638,-9.6558,-0.0044,0.0028,-0.0015,-0.1162,-0.0406,-9.8012,0.0013,-0.0055,-0.0059,-0.3227,0.8102,-10.0817,-0.0076,0.0358,0.0005,-0.5532,0.1511,-9.6199,0.0040,0.0240,0.0096,0.0000,0.0276,-0.0021,0.2902,0.0000,622.6207,0.0000,708.1590,-1.195851,0.274310,-0.063266,-0.000436,-0.009838,0.066532,-1.204548,0.287091,-0.200000,0.000000,0.000000,0.000000,-1.195675,0.276030,-0.080144,1.0000,1.0000,1.0000,1.660,4.810,0.340,5.000,3.000,8.000,1.500,0.060,0.110,812540029,841748208,812538271,6743,1000,1506,1504,1505,1000,1000,1505,1505,1505,1096,2008,1625,1017,1000,1000
-0.0109,0.0041,3.1157,-0.0095,-0.0030,0.5203,0.0063,-0.0042,3.1575,0.0000,0.0105,-0.1669,-9.5546,-0.0038,-0.0001,0.0064,-0.0564,-0.1969,-9.6935,0.0023,-0.0101,0.0058,-1.2061,0.0944,-9.9141,-0.0031,0.0276,-0.0056,1.7076,2.1802,-9.6289,-0.0221,0.0312,0.0101,0.0000,0.0271,-0.0015,0.2893,0.0000,622.0671,0.0000,706.7177,-1.195862,0.274195,-0.062458,-0.000443,-0.009915,0.068419,-1.204548,0.287091,-0.200000,0.000000,0.000000,0.000000,-1.195675,0.276030,-0.080144,1.0000,1.0000,1.0000,1.660,4.810,0.340,5.000,3.000,8.000,1.500,0.060,0.110,812550529,841748208,812550271,6743,1000,1506,1504,1505,1000,1000,1505,1505,1505,1096,2008,1625,1017,1000,1000
-0.0111,0.0041,3.1157,-0.0095,-0.0030,0.5202,0.0063,-0.0042,3.1575,0.0000,0.1241,-0.0910,-9.7368,-0.0010,-0.0016,-0.0009,0.1443,-0.0522,-9.8874,0.0037,-0.0068,-0.0028,-0.2125,0.4152,-9.8494,-0.0060,0.0079,-0.0189,-1.0740,-0.7486,-11.1337,0.0232,-0.0083,-0.0027,0.0000,0.0265,-0.0017,0.2900,0.0000,622.9100,0.0000,707.4746,-1.195870,0.274109,-0.061837,-0.000738,-0.009227,0.069316,-1.204548,0.287091,-0.200000,0.000000,0.000000,0.000000,-1.195675,0.276030,-0.080144,1.0000,1.0000,1.0000,1.660,4.810,0.340,5.000,3.000,8.000,1.500,0.060,0.110,812561029,841748208,812559270,6743,1000,1506,1504,1505,1000,1000,1505,1505,1505,1096,2008,1625,1017,1000,1000
-0.0111,0.0041,3.1157,-0.0096,-0.0030,0.5201,0.0063,-0.0042,3.1575,0.0000,0.1566,-0.0143,-9.6806,-0.0012,-0.0013,0.0008,0.1677,-0.1384,-9.8241,0.0062,-0.0025,-0.0065,0.2639,0.1446,-9.7561,-0.0076,0.0100,-0.0008,-1.1099,0.1762,-9.3165,-0.0154,0.0091,0.0384,0.0000,0.0267,-0.0039,0.2903,0.0000,622.2766,0.0000,708.7198,-1.195881,0.273990,-0.060998,-0.000717,-0.009929,0.070438,-1.204548,0.287091,-0.200000,0.000000,0.000000,0.000000,-1.195675,0.276030,-0.080144,1.0000,1.0000,1.0000,1.660,4.810,0.340,5.000,3.000,8.000,1.500,0.060,0.110,812571529,841748208,812571270,6743,1000,1506,1504,1505,1000,1000,1505,1505,1505,1096,2008,1625,1017,1000,1000
-0.0112,0.0039,3.1157,-0.0096,-0.0029,0.5200,0.0063,-0.0042,3.1575,0.0000,0.1284,0.2142,-9.6576,-0.0015,0.0024,0.0036,0.1134,0.1084,-9.7698,0.0017,-0.0002,0.0008,0.5488,-0.6430,-9.1862,-0.0076,-0.0004,0.0029,0.6319,-0.0519,-9.1243,0.0115,-0.0176,0.0075,0.0000,0.0276,-0.0055,0.2902,0.0000,621.2338,0.0000,709.4442,-1.195891,0.273894,-0.060355,-0.001651,-0.010385,0.072139,-1.204548,0.287091,-0.200000,0.000000,0.000000,0.000000,-1.195675,0.276030,-0.080144,1.0000,1.0000,1.0000,1.660,4.810,0.340,5.000,3.000,8.000,1.500,0.060,0.110,812582029,841748208,812580286,6743,1000,1506,1504,1505,1000,1000,1505,1505,1505,1096,2008,1625,1017,1000,1000
-0.0111,0.0039,3.1157,-0.0096,-0.0029,0.5199,0.0063,-0.0042,3.1575,0.0000,0.1484,0.2701,-9.7100,-0.0028,0.0085,-0.0004,0.1566,0.2334,-9.8516,0.0005,0.0032,-0.0036,-0.0138,-0.2600,-9.7537,0.0076,-0.0196,0.0136,-0.3629,0.0289,-10.5429,0.0064,-0.0306,0.0226,0.0000,0.0277,-0.0060,0.2904,0.0000,621.1664,0.0000,709.8916,-1.195906,0.273763,-0.059481,-0.001243,-0.010750,0.073650,-1.204548,0.287091,-0.200000,0.000000,0.000000,0.000000,-1.195675,0.276030,-0.080144,1.0000,1.0000,1.0000,1.660,4.810,0.340,5.000,3.000,8.000,1.500,0.060,0.110,812592529,841748208,812592270,6743,1000,1506,1504,1505,1000,1000,1505,1505,1505,1096,2008,1625,1017,1000,1000
-0.0109,0.0040,3.1157,-0.0097,-0.0029,0.5199,0.0063,-0.0042,3.1575,0.0000,0.0206,0.2564,-9.6486,-0.0043,0.0100,-0.0023,0.0089,0.1878,-9.7374,0.0050,0.0091,-0.0036,0.0484,0.1949,-9.8135,0.0028,-0.0079,0.0125,-0.6843,-0.3428,-9.6648,-0.0029,-0.0269,0.0136,0.0000,0.0274,-0.0042,0.2900,0.0000,621.4947,0.0000,708.6013,-1.195912,0.273663,-0.058814,-0.000856,-0.011510,0.074528,-1.204548,0.287091,-0.200000,0.000000,0.000000,0.000000,-1.195675,0.276030,-0.080144,1.0000,1.0000,1.0000,1.660,4.810,0.340,5.000,3.000,8.000,1.500,0.060,0.110,812603029,841748208,812601270,6743,1000,1506,1504,1505,1000,1000,1505,1505,1505,1096,2008,1625,1017,1000,1000
-0.0109,0.0041,3.1157,-0.0089,-0.0035,0.5199,0.0063,-0.0042,3.1575,0.0000,-0.0736,0.1198,-9.6333,-0.0032,0.0094,-0.0059,-0.0145,0.0729,-9.7745,0.0052,0.0029,-0.0085,0.1059,-0.0445,-9.7968,-0.0065,0.0025,0.0013,1.5298,0.8262,-10.2377,-0.0176,0.0032,-0.0170,0.0000,0.0266,-0.0023,0.2900,0.0000,622.6039,0.0000,707.6641,-1.195619,0.275489,-0.070118,0.000254,-0.004895,0.049266,-1.204548,0.287091,-0.200000,0.000000,0.000000,0.000000,-1.195524,0.276089,-0.079904,1.0000,1.0000,1.0000,1.660,4.810,0.340,5.000,3.000,8.000,1.500,0.060,0.110,812613574,841878534,812613271,6744,1000,1506,1504,1505,1000,1000,1505,1505,1505,1096,2008,1625,1017,1000,1000
-0.0110,0.0042,3.1157,-0.0088,-0.0036,0.5199,0.0063,-0.0042,3.1575,0.0000,-0.1090,0.0292,-9.6701,-0.0021,0.0095,-0.0027,-0.1541,-0.0696,-9.8759,0.0061,-0.0053,-0.0039,-0.3011,0.1399,-9.7441,-0.0036,0.0159,-0.0045,0.1525,1.2069,-9.7600,0.0096,0.0314,-0.0154,0.0000,0.0255,-0.0008,0.2900,0.0000,623.5688,0.0000,706.8003,-1.195605,0.275803,-0.073471,0.000492,-0.003624,0.041394,-1.204548,0.287091,-0.200000,0.000000,0.000000,0.000000,-1.195593,0.276253,-0.080221,1.0000,1.0000,1.0000,1.660,4.810,0.340,5.000,3.000,8.000,1.500,0.060,0.110,812623626,841978613,812622368,6745,1000,1506,1504,1505,1000,1000,1505,1505,1505,1096,2008,1625,1017,1000,1000
-0.0115,0.0040,3.1159,-0.0088,-0.0039,0.5199,0.0050,0.0009,3.1575,33.1342,0.1707,0.9480,-5.0807,0.0035,0.0063,0.1150,-0.4692,1.0743,-9.8995,0.0151,-0.0532,0.0922,-0.6315,-0.3701,-7.7904,0.0092,-0.7276,0.2928,-2.0509,-15.0676,-10.6165,0.0431,-0.1329,0.2916,33.1342,0.0233,0.0127,0.2902,1193.9296,1485.3949,1005.0461,1416.8004,-1.195603,0.275773,-0.073076,0.000217,-0.001979,0.053284,-1.215233,0.293497,-0.750000,0.000000,0.000000,0.000000,-1.195593,0.276253,-0.080221,1.0000,1.0000,1.0000,1.660,4.810,0.340,5.000,3.000,8.000,1.500,0.060,0.110,812634126,841978613,812631383,6745,1000,1506,1504,1505,1000,1000,1505,1505,1505,1096,2008,1625,1017,1000,1000
-0.0122,0.0038,3.1188,-0.0089,-0.0045,0.5231,0.0031,0.0014,3.1575,33.7348,0.1362,0.3291,-10.3296,-0.0051,-0.0461,0.3656,0.1841,0.4355,-10.3513,-0.0377,-0.0356,0.3696,-1.7688,0.7169,-12.2005,0.0660,-0.2922,0.2611,2.0505,2.2933,-12.2237,-0.0599,-0.0642,0.3225,33.7348,0.0213,0.0301,0.2585,1228.9506,1485.0933,1040.4961,1404.0601,-1.195618,0.275809,-0.072225,-0.001506,0.006268,0.075407,-1.215233,0.293497,-0.750000,0.000000,0.000000,0.000000,-1.195593,0.276253,-0.080221,1.0000,1.0000,1.0000,1.660,4.810,0.340,5.000,3.000,8.000,1.500,0.060,0.110,812644135,841978613,812643385,6745,1000,1506,1504,1505,1000,1000,1505,1505,1505,1096,2008,1625,1017,1000,1000
-0.0126,0.0029,3.1222,-0.0088,-0.0049,0.5260,0.0020,0.0016,3.1575,33.6112,-0.1074,0.2704,-10.8680,-0.0060,-0.0288,0.3231,-0.4614,-0.6379,-10.6125,-0.0185,-0.0499,0.3181,2.8521,5.0528,-14.6187,0.0167,0.3106,0.3866,-4.6762,-9.7775,-8.3270,-0.0224,-0.1547,0.4213,33.6112,0.0203,0.0207,0.2576,1224.5200,1480.8738,1041.0637,1403.1346,-1.195640,0.275875,-0.071594,-0.003128,0.007318,0.065708,-1.215233,0.293497,-0.750000,0.000000,0.000000,0.000000,-1.195593,0.276253,-0.080221,1.0000,1.0000,1.0000,1.660,4.810,0.340,5.000,3.000,8.000,1.500,0.060,0.110,812654635,841978613,812652376,6745,1000,1506,1504,1505,1000,1000,1505,1505,1505,1096,2008,1625,1017,1000,1000
-0.0128,0.0028,3.1263,-0.0093,-0.0054,0.5306,0.0024,0.0020,3.1575,33.4024,-0.0143,-0.4026,-10.8857,-0.0719,-0.1014,0.4632,-0.1106,-1.8750,-10.5085,-0.0632,-0.0993,0.4681,5.1218,3.9802,-12.9020,-0.1827,-0.3561,0.5540,7.6262,5.0462,-11.9813,-0.1611,-0.1417,0.5018,33.4024,0.0416,0.0470,0.2437,1236.7402,1472.3647,1037.0321,1389.3613,-1.195671,0.275964,-0.070885,-0.001274,0.006904,0.052211,-1.215233,0.293497,-0.750000,0.000000,0.000000,0.000000,-1.195593,0.276253,-0.080221,1.0000,1.0000,1.0000,1.660,4.810,0.340,5.000,3.000,8.000,1.500,0.060,0.110,812665135,841978613,812664376,6745,1000,1506,1504,1505,1000,1000,1505,1505,1505,1096,2008,1625,1017,1000,1000
-0.0143,0.0013,3.1324,-0.0107,-0.0067,0.5357,0.0024,0.0018,3.1575,33.1089,-0.0959,0.4669,-13.0135,-0.2227,-0.1517,0.6879,-0.8966,-0.6593,-12.9737,-0.2009,-0.1580,0.6622,0.9894,-8.0627,-8.4752,-0.2799,-0.2274,0.7040,-0.4042,-8.2170,-6.9192,-0.2160,-0.1848,0.7428,33.1089,0.0956,0.0623,0.2227,1253.7670,1452.4424,1033.4211,1376.5027,-1.195685,0.276027,-0.070490,-0.001993,0.006583,0.034437,-1.215233,0.293497,-0.750000,0.000000,0.000000,0.000000,-1.195593,0.276253,-0.080221,1.0000,1.0000,1.0000,1.660,4.810,0.340,5.000,3.000,8.000,1.500,0.060,0.110,812675635,841978613,812673376,6745,1000,1506,1504,1505,1000,1000,1505,1505,1505,1096,2008,1625,1017,1000,1000
-0.0172,-0.0009,3.1411,-0.0147,-0.0087,0.5456,0.0035,0.0014,3.1575,32.5956,-0.5831,0.0338,-13.8692,-0.4445,-0.1838,0.9736,-0.6944,0.1185,-14.3625,-0.4060,-0.1735,0.9648,1.9614,-8.7785,-15.1023,-0.4955,-0.0691,1.0155,8.0662,-1.6931,-15.1364,-0.4948,-0.1763,1.0538,32.5956,0.1659,0.0802,0.1959,1272.0303,1423.4685,1025.8358,1358.1447,-1.195705,0.276074,-0.070310,-0.001983,0.000512,-0.006679,-1.215233,0.293497,-0.750000,0.000000,0.000000,0.000000,-1.195593,0.276253,-0.080221,1.0000,1.0000,1.0000,1.660,4.810,0.340,5.000,3.000,8.000,1.500,0.060,0.110,812686135,841978613,812685376,6745,1000,1506,1504,1505,1000,1000,1505,1505,1505,1096,2008,1625,1017,1000,1000
-0.0229,-0.0026,-3.1305,-0.0203,-0.0099,0.5554,0.0064,-0.0001,3.1575,31.6687,-0.8563,-0.6783,-14.4515,-0.7764,-0.1351,1.2280,-0.5219,-0.6319,-14.7339,-0.7860,-0.1425,1.2286,10.5949,3.8269,-18.7128,-0.8549,-0.0910,1.2788,-1.0471,-11.5067,-15.4632,-0.8845,-0.1688,1.3191,31.6687,0.2839,0.0606,0.1704,1280.2631,1372.3624,1008.2249,1347.6819,-1.195715,0.276038,-0.070556,-0.000466,-0.008667,-0.048263,-1.215233,0.293497,-0.750000,0.000000,0.000000,0.000000,-1.195593,0.276253,-0.080221,1.0000,1.0000,1.0000,1.660,4.810,0.340,5.000,3.000,8.000,1.500,0.060,0.110,812696635,841978613,812694377,6745,1000,1506,1504,1505,1000,1000,1505,1505,1505,1096,2008,1625,1017,1000,1000
-0.0323,-0.0033,-3.1161,-0.0320,-0.0107,0.5718,0.0096,-0.0003,3.1575,30.9080,-0.4993,-0.1916,-14.0193,-1.1402,-0.0882,1.4942,-0.6480,-0.6155,-14.7226,-1.1348,-0.0937,1.4953,6.4386,-9.8128,-21.5930,-1.2336,-0.0422,1.5415,11.3470,-1.9499,-21.1161,-1.1457,-0.0666,1.6017,30.9080,0.4185,0.0409,0.1428,1295.5677,1319.0939,992.6915,1341.1274,-1.195687,0.275861,-0.071473,0.005267,-0.020540,-0.103146,-1.215233,0.293497,-0.750000,0.000000,0.000000,0.000000,-1.195593,0.276253,-0.080221,1.0000,1.0000,1.0000,1.660,4.810,0.340,5.000,3.000,8.000,1.500,0.060,0.110,812707135,841978613,812706376,6745,1000,1506,1504,1505,1000,1000,1505,1505,1505,1096,2008,1625,1017,1000,1000
-0.0456,-0.0032,-3.0991,-0.0442,-0.0107,0.5863,0.0126,-0.0004,3.1575,30.1924,-0.4476,-0.6096,-13.8752,-1.5246,-0.0640,1.7222,-0.7844,-0.6205,-14.2750,-1.4847,-0.0476,1.7335,5.8951,-0.1786,-23.8244,-1.5882,-0.0585,1.7965,8.5959,-0.1506,-18.4135,-1.5668,-0.1665,1.8057,30.1924,0.5681,0.0348,0.1183,1314.9663,1266.8109,968.4448,1336.8370,-1.195597,0.275640,-0.072594,0.014262,-0.029041,-0.145101,-1.215233,0.293497,-0.750000,0.000000,0.000000,0.000000,-1.195593,0.276253,-0.080221,1.0000,1.0000,1.0000,1.660,4.810,0.340,5.000,3.000,8.000,1.500,0.060,0.110,812717635,841978613,812715376,6745,1000,1506,1504,1505,1000,1000,1505,1505,1505,1096,2008,1625,1017,1000,1000
-0.0622,-0.0031,-3.0802,-0.0643,-0.0107,0.6079,0.0181,0.0000,3.1575,29.1808,-0.2242,0.1893,-14.1348,-1.7574,-0.1249,1.8614,-0.6665,0.0881,-13.7997,-1.7387,-0.0977,1.8754,1.4275,1.2699,-20.8819,-1.7713,-0.2434,1.9057,10.5551,-1.9571,-24.4885,-1.7689,-0.2197,1.9324,29.1808,0.7010,0.0559,0.0999,1327.8098,1217.6371,926.7496,1323.3944,-1.195369,0.275218,-0.074663,0.023436,-0.039832,-0.200476,-1.215233,0.293497,-0.750000,0.000000,0.000000,0.000000,-1.195593,0.276253,-0.080221,1.0000,1.0000,1.0000,1.660,4.810,0.340,5.000,3.000,8.000,1.500,0.060,0.110,812728135,841978613,812727376,6745,1000,1506,1504,1505,1000,1000,1505,1505,1505,1096,2008,1625,1017,1000,1000
-0.0809,-0.0030,-3.0599,-0.0811,-0.0109,0.6252,0.0208,0.0005,3.1575,28.4861,0.1356,0.3056,-12.8541,-1.9054,-0.2076,1.9853,0.3013,0.3399,-13.0545,-1.8813,-0.1869,2.0015,5.4378,-1.7468,-21.0471,-1.8616,-0.1978,2.0368,8.4056,0.5820,-18.7835,-1.8768,-0.3294,2.0526,28.4861,0.7953,0.0801,0.0877,1338.6649,1184.6619,892.9872,1312.8853,-1.195121,0.274843,-0.076641,0.032475,-0.043076,-0.236705,-1.215233,0.293497,-0.750000,0.000000,0.000000,0.000000,-1.195593,0.276253,-0.080221,1.0000,1.0000,1.0000,1.660,4.810,0.340,5.000,3.000,8.000,1.500,0.060,0.110,812738635,841978613,812736377,6745,1000,1506,1504,1505,1000,1000,1505,1505,1505,1096,2008,1625,1017,1000,1000
-0.1008,-0.0036,-3.0381,-0.1045,-0.0124,0.6500,0.0241,0.0026,3.1575,27.9216,0.6499,1.0278,-12.1706,-1.9533,-0.4096,2.1239,0.0225,0.7352,-12.2603,-1.9431,-0.3862,2.1448,-0.3586,-2.9702,-16.2324,-1.8462,-0.5453,2.1458,12.2305,-3.3290,-20.6097,-1.8648,-0.5476,2.1881,27.9216,0.8538,0.1326,0.0725,1353.9369,1164.5178,863.9926,1291.3281,-1.194651,0.274314,-0.079703,0.046675,-0.043776,-0.272152,-1.215233,0.293497,-0.750000,0.000000,0.000000,0.000000,-1.195593,0.276253,-0.080221,1.0000,1.0000,1.0000,1.660,4.810,0.340,5.000,3.000,8.000,1.500,0.060,0.110,812749135,841978613,812748376,6745,1000,1506,1504,1505,1000,1000,1505,1505,1505,1096,2008,1625,1017,1000,1000
-0.1207,-0.0059,-3.0147,-0.1223,-0.0149,0.6700,0.0294,0.0068,3.1575,27.1592,0.6514,0.7961,-11.3588,-1.9463,-0.6229,2.2602,0.4584,1.4777,-11.2562,-1.9428,-0.5852,2.2705,2.1338,-1.8066,-17.1398,-1.8315,-0.7036,2.3585,12.7781,3.6653,-16.6771,-1.8560,-0.7311,2.3785,27.1592,0.9168,0.2484,0.0494,1381.7760,1148.4088,815.1230,1248.0714,-1.194177,0.273908,-0.082268,0.059405,-0.045802,-0.296681,-1.215233,0.293497,-0.750000,0.000000,0.000000,0.000000,-1.195593,0.276253,-0.080221,1.0000,1.0000,1.0000,1.660,4.810,0.340,5.000,3.000,8.000,1.500,0.060,0.110,812759635,841978613,812757377,6745,1000,1506,1504,1505,1000,1000,1505,1505,1505,1096,2008,1625,1017,1000,1000
-0.1398,-0.0093,-2.9902,-0.1452,-0.0196,0.6983,0.0314,0.0110,3.1575,26.7926,1.4075,0.3625,-11.0196,-1.8846,-0.8205,2.4527,0.7690,1.0249,-10.7164,-1.8827,-0.8021,2.4657,-2.9563,10.3056,-10.7688,-1.8480,-1.0321,2.5631,-3.6437,-0.9389,-15.3788,-1.9058,-0.9668,2.5873,26.7926,0.9379,0.3304,0.0272,1404.1451,1141.5431,795.9065,1211.8054,-1.194376,0.273923,-0.086101,0.073844,-0.039418,-0.315507,-1.215233,0.293497,-0.750000,0.000000,0.000000,0.000000,-1.194422,0.272705,-0.089492,1.0000,1.0000,1.0000,1.660,4.810,0.340,5.000,3.000,8.000,1.500,0.060,0.110,812769732,842178931,812769421,6747,1000,1506,1504,1505,1000,1000,1505,1505,1505,1096,2008,1625,1017,1000,1000
-0.1591,-0.0146,-2.9621,-0.1624,-0.0247,0.7225,0.0356,0.0140,3.1575,26.6544,1.0086,0.4852,-9.7548,-1.8058,-1.0420,2.6522,0.7860,0.6059,-9.8028,-1.8046,-0.9992,2.6589,-2.8557,7.1142,-13.2899,-1.8198,-1.2064,2.7960,-5.2850,5.0677,-15.0825,-1.8107,-1.1220,2.7762,26.6544,0.9478,0.4165,0.0056,1429.3560,1143.4186,783.6965,1176.5692,-1.193634,0.273562,-0.088991,0.089294,-0.040229,-0.322523,-1.215233,0.293497,-0.750000,0.000000,0.000000,0.000000,-1.194422,0.272705,-0.089492,1.0000,1.0000,1.0000,1.660,4.810,0.340,5.000,3.000,8.000,1.500,0.060,0.110,812780232,842178931,812778473,6747,1000,1506,1504,1505,1000,1000,1505,1505,1505,1096,2008,1625,1017,1000,1000
-0.1778,-0.0210,-2.9317,-0.1847,-0.0327,0.7572,0.0383,0.0158,3.1575,26.6772,0.8951,0.5393,-9.6097,-1.7547,-1.2517,2.7609,0.7042,0.2331,-9.3660,-1.7529,-1.2175,2.7925,-1.9148,2.0887,-4.3523,-1.7913,-1.3900,2.7246,-4.2794,0.8065,-12.9025,-1.7652,-1.3194,2.7181,26.6772,0.9653,0.4962,-0.0097,1454.1249,1150.0476,769.4993,1150.7922,-1.192476,0.273080,-0.092849,0.105126,-0.040187,-0.320029,-1.215233,0.293497,-0.750000,0.000000,0.000000,0.000000,-1.194422,0.272705,-0.089492,1.0000,1.0000,1.0000,1.660,4.810,0.340,5.000,3.000,8.000,1.500,0.060,0.110,812790732,842178931,812790473,6747,1000,1506,1504,1505,1000,1000,1505,1505,1505,1096,2008,1625,1017,1000,1000
-0.1961,-0.0291,-2.9010,-0.2013,-0.0399,0.7835,0.0444,0.0172,3.1575,26.7750,0.6638,1.0825,-10.1656,-1.7166,-1.4081,2.7013,0.6957,0.8234,-9.8776,-1.7075,-1.3719,2.7284,-2.3697,-4.5480,-5.9325,-1.6799,-1.6136,2.6191,-1.8156,-4.9560,-1.9468,-1.6786,-1.3481,2.6387,26.7750,1.0009,0.5652,-0.0078,1472.3027,1163.1860,736.7134,1144.4382,-1.191479,0.272699,-0.095712,0.117234,-0.045583,-0.315667,-1.215233,0.293497,-0.750000,0.000000,0.000000,0.000000,-1.194422,0.272705,-0.089492,1.0000,1.0000,1.0000,1.660,4.810,0.340,5.000,3.000,8.000,1.500,0.060,0.110,812801232,842178931,812799473,6747,1000,1506,1504,1505,1000,1000,1505,1505,1505,1096,2008,1625,1017,1000,1000
-0.2143,-0.0378,-2.8704,-0.2232,-0.0503,0.8185,0.0484,0.0192,3.1575,26.8475,0.5086,0.7384,-8.9328,-1.6807,-1.4573,2.6861,-0.3489,1.3626,-9.0128,-1.6911,-1.4543,2.7062,-0.3227,8.9984,-8.7505,-1.5760,-1.4499,2.7523,-8.8872,-6.3333,-4.6727,-1.5886,-1.4371,2.8068,26.8475,1.0239,0.6072,-0.0055,1483.1605,1171.8004,714.8117,1141.8723,-1.189956,0.272151,-0.099480,0.136304,-0.046741,-0.309677,-1.215233,0.293497,-0.750000,0.000000,0.000000,0.000000,-1.194422,0.272705,-0.089492,1.0000,1.0000,1.0000,1.660,4.810,0.340,5.000,3.000,8.000,1.500,0.060,0.110,812811732,842178931,812811473,6747,1000,1506,1504,1505,1000,1000,1505,1505,1505,1096,2008,1625,1017,1000,1000
-0.2320,-0.0462,-2.8391,-0.2394,-0.0575,0.8455,0.0538,0.0197,3.1575,27.0679,-0.4093,0.2884,-8.8997,-1.5862,-1.4862,2.7294,-1.2441,-0.6598,-9.2211,-1.6042,-1.4769,2.7618,-3.7129,-4.5863,-9.9787,-1.5352,-1.3740,2.6993,14.8522,11.6365,-13.6639,-1.6051,-1.4853,2.7367,27.0679,1.0360,0.6220,-0.0170,1496.7281,1171.4773,726.4789,1136.4895,-1.188663,0.271694,-0.102214,0.150579,-0.055124,-0.298955,-1.215233,0.293497,-0.750000,0.000000,0.000000,0.000000,-1.194422,0.272705,-0.089492,1.0000,1.0000,1.0000,1.660,4.810,0.340,5.000,3.000,8.000,1.500,0.060,0.110,812822232,842178931,812820473,6747,1000,1506,1504,1505,1000,1000,1505,1505,1505,1096,2008,1625,1017,1000,1000
-0.2482,-0.0540,-2.8083,-0.2590,-0.0661,0.8806,0.0606,0.0185,3.1575,27.2034,-1.0265,1.4597,-10.4647,-1.3270,-1.3779,2.5822,-0.2819,0.4345,-10.2817,-1.3430,-1.3672,2.6191,0.2208,-5.0101,-5.4656,-1.2573,-1.5968,2.3747,5.5881,1.8696,-5.3946,-1.2808,-1.2917,2.4233,27.2034,1.0197,0.6029,-0.0108,1490.8308,1176.7356,734.8853,1145.3351,-1.186761,0.270971,-0.105780,0.164564,-0.065966,-0.298828,-1.215233,0.293497,-0.750000,0.000000,0.000000,0.000000,-1.194422,0.272705,-0.089492,1.0000,1.0000,1.0000,1.660,4.810,0.340,5.000,3.000,8.000,1.500,0.060,0.110,812832732,842178931,812832473,6747,1000,1506,1504,1505,1000,1000,1505,1505,1505,1096,2008,1625,1017,1000,1000
-0.2609,-0.0604,-2.7803,-0.2704,-0.0711,0.9045,0.0642,0.0163,3.1575,26.9969,-1.6635,1.6694,-12.2843,-0.8645,-1.0691,2.2909,-2.6553,3.1198,-12.4006,-0.8958,-1.0791,2.3250,-12.5570,25.8823,-17.2044,-0.4323,-0.8451,2.1850,8.2242,-17.6822,-5.8525,-0.4903,-0.7819,2.2464,26.9969,0.9161,0.5517,0.0118,1453.3014,1191.0438,748.7156,1151.7125,-1.185261,0.270346,-0.108532,0.168202,-0.075232,-0.315485,-1.215233,0.293497,-0.750000,0.000000,0.000000,0.000000,-1.194422,0.272705,-0.089492,1.0000,1.0000,1.0000,1.660,4.810,0.340,5.000,3.000,8.000,1.500,0.060,0.110,812843232,842178931,812841473,6747,1000,1506,1504,1505,1000,1000,1505,1505,1505,1096,2008,1625,1017,1000,1000
-0.2673,-0.0625,-2.7562,-0.2780,-0.0720,0.9318,0.0701,0.0113,3.1575,26.4529,-2.8255,2.9019,-14.2443,-0.1359,-0.3336,2.1296,-2.7204,0.3829,-12.4854,-0.2097,-0.4460,2.1629,-0.3921,-5.1370,-18.8564,0.2586,-0.0257,2.1496,-0.1277,9.1602,-14.6066,0.2085,-0.0858,2.1495,26.4529,0.7382,0.3650,0.0338,1372.2482,1179.4485,817.0864,1169.0753,-1.183244,0.269315,-0.112601,0.167913,-0.098247,-0.366489,-1.215233,0.293497,-0.750000,0.000000,0.000000,0.000000,-1.194422,0.272705,-0.089492,1.0000,1.0000,1.0000,1.660,4.810,0.340,5.000,3.000,8.000,1.500,0.060,0.110,812853732,842178931,812853473,6747,1000,1506,1504,1505,1000,1000,1505,1505,1505,1096,2008,1625,1017,1000,1000
-0.2648,-0.0563,-2.7349,-0.2755,-0.0655,0.9499,0.0770,0.0021,3.1575,25.0921,-3.2521,4.6414,-16.2747,0.8550,0.5059,2.1271,-4.8789,2.8573,-16.3063,0.7975,0.4938,2.1378,-5.7743,-2.5105,-13.1319,1.3071,1.0500,2.0576,0.6840,-2.2265,-13.5543,1.2714,0.9670,2.0696,25.0921,0.4686,0.0669,0.0349,1242.2277,1125.9429,931.5591,1164.7981,-1.181783,0.268366,-0.116158,0.156791,-0.112925,-0.425585,-1.215233,0.293497,-0.750000,0.000000,0.000000,0.000000,-1.194422,0.272705,-0.089492,1.0000,1.0000,1.0000,1.660,4.810,0.340,5.000,3.000,8.000,1.500,0.060,0.110,812864232,842178931,812862473,6747,1000,1506,1504,1505,1000,1000,1505,1505,1505,1096,2008,1625,1017,1000,1000
-0.2507,-0.0411,-2.7158,-0.2589,-0.0465,0.9714,0.0857,-0.0139,3.1575,22.8412,-3.3270,4.2911,-15.6494,1.9625,1.4699,2.1881,-3.5102,4.9975,-16.2580,1.9101,1.4395,2.1860,-3.1550,9.8172,-19.7111,2.5254,1.7465,2.2428,5.8413,5.7645,-10.4029,2.3740,1.7364,2.2555,22.8412,-0.0765,-0.4416,0.0248,974.4927,1038.5645,1125.2671,1135.4519,-1.179990,0.266858,-0.121758,0.140853,-0.138045,-0.507102,-1.215233,0.293497,-0.750000,0.000000,0.000000,0.000000,-1.194422,0.272705,-0.089492,1.0000,1.0000,1.0000,1.660,4.810,0.340,5.000,3.000,8.000,1.500,0.060,0.110,812874732,842178931,812874473,6747,1000,1506,1504,1505,1000,1000,1505,1505,1505,1096,2008,1625,1017,1000,1000
-0.2245,-0.0169,-2.6975,-0.2360,-0.0246,0.9868,0.0893,-0.0249,3.1575,21.7006,-2.9415,3.5783,-13.9151,3.0798,2.2823,2.3165,-3.9204,3.3450,-13.7499,3.0578,2.2772,2.3108,-8.0871,6.6904,-14.6283,3.4252,2.5710,2.4528,5.4175,9.2356,-16.9464,3.3464,2.5160,2.4220,21.7006,-0.4699,-0.7594,0.0108,763.5287,992.5908,1249.4839,1106.9901,-1.178777,0.265536,-0.126530,0.126784,-0.154698,-0.553496,-1.215233,0.293497,-0.750000,0.000000,0.000000,0.000000,-1.194422,0.272705,-0.089492,1.0000,1.0000,1.0000,1.660,4.810,0.340,5.000,3.000,8.000,1.500,0.060,0.110,812885232,842178931,812883473,6747,1000,1506,1504,1505,1000,1000,1505,1505,1505,1096,2008,1625,1017,1000,1000
-0.1868,0.0146,-2.6781,-0.1920,0.0126,1.0087,0.0885,-0.0380,3.1575,20.7380,-1.9499,5.0953,-12.2252,4.1299,2.8765,2.5557,-1.2540,4.6883,-11.3327,4.0938,2.8796,2.5428,-6.6146,1.4160,-6.0834,4.5122,3.0788,2.5082,-4.2183,-9.7793,-9.3398,4.5347,3.1221,2.5248,20.7380,-0.8625,-1.0267,-0.0134,516.8771,955.9156,1361.8834,1061.1317,-1.177438,0.263567,-0.133467,0.093714,-0.169969,-0.598582,-1.215233,0.293497,-0.750000,0.000000,0.000000,0.000000,-1.194422,0.272705,-0.089492,1.0000,1.0000,1.0000,1.660,4.810,0.340,5.000,3.000,8.000,1.500,0.060,0.110,812895732,842178931,812895473,6747,1000,1506,1504,1505,1000,1000,1505,1505,1505,1096,2008,1625,1017,1000,1000
-0.1385,0.0502,-2.6562,-0.1497,0.0439,1.0271,0.0801,-0.0540,3.1575,20.0113,-1.7934,3.5434,-9.0756,4.9700,3.2115,2.6719,-2.4182,5.0147,-9.4136,4.9670,3.2373,2.6649,-1.2277,-1.0668,-13.1319,5.3206,3.2449,2.7723,-3.8250,4.8828,-6.2601,5.3222,3.3879,2.7735,20.0113,-1.2520,-1.2383,-0.0272,0.0000,947.5062,1452.8656,1013.3365,-1.176712,0.261997,-0.138907,0.068004,-0.178989,-0.606927,-1.215233,0.293497,-0.750000,0.000000,0.000000,0.000000,-1.194422,0.272705,-0.089492,1.0000,1.0000,1.0000,1.660,4.810,0.340,5.000,3.000,8.000,1.500,0.060,0.110,812906232,842178931,812904473,6747,1000,1506,1504,1505,1000,1000,1505,1505,1505,1096,2008,1625,1017,1000,1000
-0.0817,0.0872,-2.6312,-0.0839,0.0870,1.0556,0.0711,-0.0643,3.1575,19.9522,-1.1976,2.3492,-7.2090,5.5762,3.3336,2.8704,-1.2400,0.9174,-6.9323,5.5839,3.3824,2.8631,-5.9562,-0.2935,-0.6270,5.6142,3.4058,3.0057,10.5730,21.0298,-3.3116,5.6706,3.4907,2.9410,19.9522,-1.5512,-1.3599,-0.0473,0.0000,959.7868,1524.7366,967.3783,-1.176100,0.259797,-0.146112,0.034993,-0.187737,-0.588372,-1.215233,0.293497,-0.750000,0.000000,0.000000,0.000000,-1.194422,0.272705,-0.089492,1.0000,1.0000,1.0000,1.660,4.810,0.340,5.000,3.000,8.000,1.500,0.060,0.110,812916732,842178931,812916473,6747,1000,1506,1504,1505,1000,1000,1505,1505,1505,1096,2008,1625,1017,1000,1000
-0.0183,0.1234,-2.6008,-0.0290,0.1187,1.0816,0.0596,-0.0717,3.1575,20.2978,-0.6836,3.0167,-4.8108,5.9661,3.3169,3.2369,1.3808,6.5843,-4.9233,6.0259,3.3786,3.2188,0.9008,-5.5320,-9.5262,6.2596,3.1849,3.4107,3.4314,15.3464,-2.3616,6.1366,3.2151,3.4012,20.2978,-1.7992,-1.4343,-0.0815,0.0000,975.7029,1592.4094,913.8126,-1.175904,0.258100,-0.151248,0.008829,-0.190046,-0.550799,-1.215233,0.293497,-0.750000,0.000000,0.000000,0.000000,-1.194422,0.272705,-0.089492,1.0000,1.0000,1.0000,1.660,4.810,0.340,5.000,3.000,8.000,1.500,0.060,0.110,812927232,842178931,812925474,6747,1000,1506,1504,1505,1000,1000,1505,1505,1505,1096,2008,1625,1017,1000,1000
0.0503,0.1566,-2.5640,0.0504,0.1572,1.1236,0.0418,-0.0774,3.1575,21.3415,-1.1612,1.2735,-3.8857,6.2084,3.1987,3.5683,-1.3292,4.2155,-2.5009,6.2091,3.2318,3.5432,-4.2276,10.1021,2.2317,6.2266,3.2177,3.6383,-6.6838,-3.3829,-1.9522,6.2626,3.2489,3.6289,21.3415,-2.0505,-1.4710,-0.1211,0.0000,1017.2069,1664.0861,857.7672,-1.176003,0.255818,-0.157474,-0.023155,-0.192455,-0.482526,-1.215233,0.293497,-0.750000,0.000000,0.000000,0.000000,-1.194422,0.272705,-0.089492,1.0000,1.0000,1.0000,1.660,4.810,0.340,5.000,3.000,8.000,1.500,0.060,0.110,812937732,842178931,812937489,6747,1000,1506,1504,1505,1000,1000,1505,1505,1505,1096,2008,1625,1017,1000,1000
0.1224,0.1857,-2.5224,0.1126,0.1827,1.1592,0.0316,-0.0811,3.1575,22.4205,-0.6868,1.2855,-3.0404,6.2570,3.1102,3.7548,-1.8674,2.7387,-2.0232,6.3036,3.1360,3.7583,-9.8444,-3.0780,-2.6477,6.1893,3.1292,3.8541,5.1230,-0.3104,-12.6116,6.2592,3.0806,3.8460,22.4205,-2.2032,-1.4918,-0.1438,0.0000,1054.4160,1711.2628,835.0211,-1.176299,0.254060,-0.161545,-0.041864,-0.199485,-0.421356,-1.215233,0.293497,-0.750000,0.000000,0.000000,0.000000,-1.194422,0.272705,-0.089492,1.0000,1.0000,1.0000,1.660,4.810,0.340,5.000,3.000,8.000,1.500,0.060,0.110,812948232,842178931,812946483,6747,1000,1506,1504,1505,1000,1000,1505,1505,1505,1096,2008,1625,1017,1000,1000
0.1964,0.2104,-2.4765,0.1976,0.2118,1.2116,0.0223,-0.0836,3.1575,23.7266,-1.4602,0.5847,-3.5245,6.1999,3.0270,3.9462,-1.8849,-1.8201,-3.4821,6.2385,3.0989,3.9534,8.9190,10.9880,-3.6030,6.1093,3.0248,3.9794,-1.0902,13.2113,-4.7733,6.1489,3.1269,3.9863,23.7266,-2.3127,-1.5105,-0.1651,0.0000,1089.6652,1754.2200,829.2276,-1.176944,0.251595,-0.166099,-0.065687,-0.213385,-0.337836,-1.215233,0.293497,-0.750000,0.000000,0.000000,0.000000,-1.194422,0.272705,-0.089492,1.0000,1.0000,1.0000,1.660,4.810,0.340,5.000,3.000,8.000,1.500,0.060,0.110,812958732,842178931,812958473,6747,1000,1506,1504,1505,1000,1000,1505,1505,1505,1096,2008,1625,1017,1000,1000
0.2711,0.2308,-2.4267,0.2619,0.2300,1.2543,0.0105,-0.0866,3.1575,25.7344,-1.5568,0.0439,-2.8925,6.0009,3.0481,4.1399,-0.7915,0.2927,-2.5885,6.0622,3.1177,4.1410,-3.9810,8.1652,-2.1760,5.8738,3.1324,4.2336,4.9470,-0.4487,-19.1444,5.9593,3.0766,4.2465,25.7344,-2.4346,-1.5441,-0.1910,0.0000,1136.5867,1810.7864,839.6732,-1.177609,0.249616,-0.168848,-0.081834,-0.227397,-0.273968,-1.215233,0.293497,-0.750000,0.000000,0.000000,0.000000,-1.194422,0.272705,-0.089492,1.0000,1.0000,1.0000,1.660,4.810,0.340,5.000,3.000,8.000,1.500,0.060,0.110,812969232,842178931,812967473,6747,1000,1506,1504,1505,1000,1000,1505,1505,1505,1096,2008,1625,1017,1000,1000
0.3450,0.2474,-2.3730,0.3467,0.2500,1.3157,-0.0023,-0.0906,3.1575,28.6508,-2.2020,0.2458,-3.8425,5.7129,3.1311,4.3363,-1.8061,1.6487,-3.9750,5.7479,3.1348,4.3447,8.2222,3.0249,-1.5727,5.5828,3.0655,4.3812,-5.8291,1.5984,-7.9751,5.6128,3.2105,4.4069,28.6508,-2.5009,-1.6352,-0.2268,150.6550,1174.7229,1883.3557,894.3697,-1.178726,0.246740,-0.171626,-0.104681,-0.253557,-0.189572,-1.215233,0.293497,-0.750000,0.000000,0.000000,0.000000,-1.194422,0.272705,-0.089492,1.0000,1.0000,1.0000,1.660,4.810,0.340,5.000,3.000,8.000,1.500,0.060,0.110,812979732,842178931,812979473,6747,1000,1506,1504,1505,1000,1000,1505,1505,1505,1096,2008,1625,1017,1000,1000
0.4172,0.2604,-2.3155,0.4088,0.2619,1.3651,-0.0088,-0.0927,3.1575,30.6056,-1.7380,-0.8480,-3.9656,5.3264,3.2567,4.5280,-2.9257,-2.1388,-4.3497,5.4032,3.3336,4.5339,-14.0031,-2.1849,-2.1377,5.0371,3.4154,4.6141,-5.4520,-12.3687,-12.7750,5.1401,3.4036,4.6311,30.6056,-2.4923,-1.7015,-0.2503,360.9133,1189.9314,1925.5198,942.3643,-1.179731,0.244347,-0.173061,-0.118304,-0.277881,-0.129472,-1.215233,0.293497,-0.750000,0.000000,0.000000,0.000000,-1.194422,0.272705,-0.089492,1.0000,1.0000,1.0000,1.660,4.810,0.340,5.000,3.000,8.000,1.500,0.060,0.110,812990232,842178931,812988489,6747,1000,1506,1504,1505,1000,1000,1505,1505,1505,1096,2008,1625,1017,1000,1000
0.4864,0.2702,-2.2544,0.4880,0.2743,1.4350,-0.0156,-0.0948,3.1575,32.7147,-2.4013,-1.0346,-5.0354,4.8561,3.4847,4.7006,-2.2897,-3.0869,-5.4476,4.9048,3.5310,4.6965,-0.5932,-2.5249,-2.2024,4.6225,3.5489,4.7127,-2.4316,-0.7396,-2.4820,4.6716,3.6532,4.7283,32.7147,-2.4548,-1.7915,-0.2727,493.5414,1199.1346,1968.3776,1004.5470,-1.181267,0.240791,-0.174153,-0.138799,-0.316444,-0.054571,-1.215233,0.293497,-0.750000,0.000000,0.000000,0.000000,-1.194422,0.272705,-0.089492,1.0000,1.0000,1.0000,1.660,4.810,0.340,5.000,3.000,8.000,1.500,0.060,0.110,813000732,842178931,813000473,6747,1000,1506,1504,1505,1000,1000,1505,1505,1505,1096,2008,1625,1017,1000,1000
0.5517,0.2775,-2.1898,0.5442,0.2814,1.4906,-0.0253,-0.0974,3.1575,35.6721,-3.0190,-0.8902,-5.0956,4.3348,3.7496,4.8363,-2.3895,0.1870,-5.5828,4.3995,3.8047,4.8535,1.0947,5.6082,-6.7298,4.1935,3.9952,4.8835,-4.6080,-10.9231,-7.3178,4.2194,3.9222,4.9161,35.6721,-2.4320,-1.8949,-0.2937,623.2422,1227.5435,2022.5510,1082.8732,-1.182587,0.237796,-0.174407,-0.154479,-0.349317,-0.003037,-1.215233,0.293497,-0.750000,0.000000,0.000000,0.000000,-1.194422,0.272705,-0.089492,1.0000,1.0000,1.0000,1.660,4.810,0.340,5.000,3.000,8.000,1.500,0.060,0.110,813011232,842178931,813009473,6747,1000,1506,1504,1505,1000,1000,1505,1505,1505,1096,2008,1625,1017,1000,1000
0.6133,0.2829,-2.1215,0.6150,0.2886,1.5688,-0.0339,-0.0991,3.1575,38.1127,-2.4355,-1.5424,-5.8098,3.8706,4.0346,4.9684,-3.2845,-1.6471,-6.1003,3.9357,4.0994,4.9952,-6.9714,4.4710,-7.2828,3.6544,4.0685,5.0838,-6.3049,6.1416,-9.2069,3.7136,4.2548,5.1185,38.1127,-2.3824,-2.0171,-0.3130,709.5825,1236.6614,2068.7620,1155.7609,-1.184612,0.233304,-0.174042,-0.182422,-0.399603,0.062463,-1.215233,0.293497,-0.750000,0.000000,0.000000,0.000000,-1.194422,0.272705,-0.089492,1.0000,1.0000,1.0000,1.660,4.810,0.340,5.000,3.000,8.000,1.500,0.060,0.110,813021732,842178931,813021473,6747,1000,1506,1504,1505,1000,1000,1505,1505,1505,1096,2008,1625,1017,1000,1000
0.6712,0.2854,-2.0501,0.6653,0.2914,1.6303,-0.0427,-0.0993,3.1575,40.6834,-2.4728,-0.8545,-6.8905,3.4644,4.3012,5.1502,-2.8486,-1.6397,-7.5000,3.5231,4.3447,5.1711,-2.0776,-5.3716,-3.9453,3.2433,4.4951,5.1720,-1.7923,3.2828,-4.7302,3.3440,4.5118,5.2200,40.6834,-2.3459,-2.0951,-0.3357,805.2219,1258.1047,2112.4109,1212.7638,-1.186369,0.229531,-0.173267,-0.209133,-0.438427,0.110180,-1.215233,0.293497,-0.750000,0.000000,0.000000,0.000000,-1.194422,0.272705,-0.089492,1.0000,1.0000,1.0000,1.660,4.810,0.340,5.000,3.000,8.000,1.500,0.060,0.110,813032232,842178931,813030473,6747,1000,1506,1504,1505,1000,1000,1505,1505,1505,1096,2008,1625,1017,1000,1000
0.7263,0.2853,-1.9750,0.7292,0.2920,1.7166,-0.0567,-0.0986,3.1575,44.0000,-3.0025,0.0615,-7.0041,3.1130,4.5721,5.3253,-3.5073,-0.1797,-7.5536,3.1579,4.6395,5.3405,5.3995,-5.9462,-11.6882,3.1002,4.6973,5.3940,2.9825,-7.9422,-10.0168,3.0321,4.6737,5.4149,44.0000,-2.3683,-2.1914,-0.3609,896.8980,1298.9592,2171.6770,1273.5555,-1.189107,0.223939,-0.171597,-0.249452,-0.494939,0.169543,-1.215233,0.293497,-0.750000,0.000000,0.000000,0.000000,-1.194422,0.272705,-0.089492,1.0000,1.0000,1.0000,1.660,4.810,0.340,5.000,3.000,8.000,1.500,0.060,0.110,813042732,842178931,813042473,6747,1000,1506,1504,1505,1000,1000,1505,1505,1505,1096,2008,1625,1017,1000,1000
0.7792,0.2818,-1.8967,0.7754,0.2894,1.7839,-0.0726,-0.1027,3.1575,44.0000,-2.2965,-1.0167,-8.8177,2.9246,4.7668,5.5258,-2.4354,-0.3774,-8.9176,2.9761,4.8386,5.5604,-2.8366,12.0438,-6.6149,2.7711,4.9441,5.5917,-14.1109,-3.0687,-3.9778,2.8454,4.9701,5.6306,44.0000,-2.3877,-2.2786,-0.3881,887.8359,1269.4399,2194.4851,1270.5710,-1.191525,0.219289,-0.169889,-0.289397,-0.539446,0.210547,-1.215233,0.293497,-0.750000,0.000000,0.000000,0.000000,-1.194422,0.272705,-0.089492,1.0000,1.0000,1.0000,1.660,4.810,0.340,5.000,3.000,8.000,1.500,0.060,0.110,813053232,842178931,813051473,6747,1000,1506,1504,1505,1000,1000,1505,1505,1505,1096,2008,1625,1017,1000,1000
0.8311,0.2744,-1.8159,0.8360,0.2814,1.8767,-0.0906,-0.1052,3.1575,44.0000,-2.2396,0.3669,-8.9040,2.8454,4.9518,5.7049,-2.4749,0.1495,-9.3136,2.8894,5.0318,5.7366,-3.4998,3.8030,-13.3138,2.8747,5.1141,5.8259,-3.6957,4.6170,-9.3488,2.8481,5.1001,5.8288,44.0000,-2.4650,-2.3417,-0.4131,871.0119,1254.7466,2218.5217,1254.9727,-1.195343,0.212408,-0.167029,-0.349477,-0.607161,0.266829,-1.215233,0.293497,-0.750000,0.000000,0.000000,0.000000,-1.194422,0.272705,-0.089492,1.0000,1.0000,1.0000,1.660,4.810,0.340,5.000,3.000,8.000,1.500,0.060,0.110,813063732,842178931,813063474,6747,1000,1506,1504,1505,1000,1000,1505,1505,1505,1096,2008,1625,1017,1000,1000
0.8804,0.2635,-1.7368,0.8709,0.2393,1.8623,-0.1076,-0.0541,3.1575,44.0000,-2.3472,0.7492,-9.2234,2.9039,5.1198,5.8510,-2.8191,0.4683,-8.7574,2.9196,5.1758,5.8841,-5.4870,-1.7899,-12.3418,2.8974,5.1671,5.8987,-3.7083,1.4242,-13.6585,2.9226,5.1773,5.9084,44.0000,-2.5861,-2.2286,-0.4293,890.3290,1288.3263,2222.0254,1199.9910,-1.209623,0.279763,-0.151366,-0.467875,-0.408776,0.322182,-1.215233,0.293497,-0.750000,0.000000,0.000000,0.000000,-1.209896,0.298541,-0.140949,1.0000,1.0000,1.0000,1.660,4.810,0.340,5.000,3.000,8.000,1.500,0.060,0.110,813073788,842312329,813072030,6748,1000,1506,1504,1505,1000,1000,1505,1505,1505,1096,2008,1625,1017,1000,1000
0.9300,0.2487,-1.6564,0.9057,0.2190,1.9585,-0.1148,-0.0401,3.1575,44.0000,-2.5723,1.0201,-10.0108,2.9957,5.3154,5.9931,-2.8216,1.1909,-9.8513,3.0131,5.3863,6.0304,-1.2875,-0.5425,-8.9253,3.1111,5.2897,6.0170,1.3287,1.2824,-8.3575,3.0950,5.4306,6.0575,44.0000,-2.6893,-2.2236,-0.4530,887.1622,1292.5468,2239.5676,1164.6663,-1.207211,0.296925,-0.169398,-0.485956,-0.411912,0.312124,-1.215233,0.293497,-0.750000,0.000000,0.000000,0.000000,-1.196870,0.323831,-0.205901,1.0000,1.0000,1.0000,1.660,4.810,0.340,5.000,3.000,8.000,1.500,0.060,0.110,813083833,842444781,813081074,6749,1000,1506,1504,1505,1000,1000,1505,1505,1505,1096,2008,1625,1017,1000,1000
0.9795,0.2305,-1.5745,0.9627,0.1995,2.0565,-0.1327,-0.0389,3.1575,44.0000,-3.6026,0.2140,-9.7569,3.0855,5.5858,6.0995,-4.1978,0.5484,-9.9557,3.1046,5.6453,6.1444,1.6238,5.1437,-13.6706,3.1726,5.7637,6.1883,5.6689,9.4780,-12.4643,3.1719,5.8123,6.2450,44.0000,-2.8254,-2.2928,-0.4739,851.7591,1288.1208,2267.4680,1141.7904,-1.213486,0.291450,-0.165272,-0.553618,-0.500193,0.372751,-1.215233,0.293497,-0.750000,0.000000,0.000000,0.000000,-1.196870,0.323831,-0.205901,1.0000,1.0000,1.0000,1.660,4.810,0.340,5.000,3.000,8.000,1.500,0.060,0.110,813093869,842444781,813093110,6749,1000,1506,1504,1505,1000,1000,1505,1505,1505,1096,2008,1625,1017,1000,1000
1.0310,0.2081,-1.4866,1.0052,0.1821,2.1318,-0.1641,-0.0346,3.1575,44.0000,-3.5431,0.2415,-10.2951,3.1624,5.9498,6.2280,-4.6120,-0.0937,-10.0653,3.1871,5.9930,6.2661,-15.1356,-2.3477,-8.6451,3.1375,6.2490,6.2491,-0.5012,3.6671,-11.3725,3.1772,6.2600,6.3217,44.0000,-3.0431,-2.4084,-0.5049,787.8872,1281.3541,2311.0403,1107.3862,-1.218680,0.286616,-0.161704,-0.599149,-0.574408,0.419887,-1.215233,0.293497,-0.750000,0.000000,0.000000,0.000000,-1.196870,0.323831,-0.205901,1.0000,1.0000,1.0000,1.660,4.810,0.340,5.000,3.000,8.000,1.500,0.060,0.110,813104369,842444781,813102110,6749,1000,1506,1504,1505,1000,1000,1505,1505,1505,1096,2008,1625,1017,1000,1000
1.0812,0.1821,-1.3959,1.0604,0.1552,2.2357,-0.1898,-0.0289,3.1575,44.0000,-3.7651,0.0248,-10.5197,3.1285,6.4011,6.3733,-4.4735,-0.1933,-10.9217,3.1595,6.4687,6.4073,-3.0951,5.8237,-6.6292,3.1140,6.5588,6.4177,-16.0557,-7.0803,-4.8577,3.1418,6.6648,6.4424,44.0000,-3.1718,-2.5011,-0.5299,745.2287,1268.6530,2341.5823,1087.1941,-1.226172,0.279066,-0.156276,-0.648443,-0.684116,0.484715,-1.215233,0.293497,-0.750000,0.000000,0.000000,0.000000,-1.196870,0.323831,-0.205901,1.0000,1.0000,1.0000,1.660,4.810,0.340,5.000,3.000,8.000,1.500,0.060,0.110,813114869,842444781,813114110,6749,1000,1506,1504,1505,1000,1000,1505,1505,1505,1096,2008,1625,1017,1000,1000
1.1289,0.1528,-1.3019,1.0999,0.1323,2.3165,-0.2082,-0.0226,3.1575,44.0000,-4.7507,-0.5566,-9.4097,3.0613,6.8996,6.5081,-4.6255,0.3897,-9.3852,3.0813,6.9211,6.5367,-8.3504,-3.0899,-9.1096,3.0549,7.1083,6.6083,4.2000,14.1092,-11.3151,3.0643,7.2121,6.6184,44.0000,-3.2551,-2.6101,-0.5515,703.2280,1247.0706,2368.5474,1081.7178,-1.232126,0.272524,-0.151695,-0.674073,-0.768817,0.534566,-1.215233,0.293497,-0.750000,0.000000,0.000000,0.000000,-1.196870,0.323831,-0.205901,1.0000,1.0000,1.0000,1.660,4.810,0.340,5.000,3.000,8.000,1.500,0.060,0.110,813125369,842444781,813123110,6749,1000,1506,1504,1505,1000,1000,1505,1505,1505,1096,2008,1625,1017,1000,1000
1.1735,0.1198,-1.2043,1.1490,0.0979,2.4288,-0.2255,-0.0142,3.1575,44.0000,-4.7389,-3.2147,-10.3383,3.0201,7.3704,6.7934,-5.5896,-5.2291,-6.6316,3.0036,7.1268,6.5103,-1.9004,-39.1454,-38.7654,3.8756,7.8040,8.3517,-26.1691,-58.7502,27.6789,1.3026,0.2043,3.6297,44.0000,-3.3240,-2.7162,-0.5765,667.6265,1221.4742,2394.8938,1075.4556,-1.240346,0.262621,-0.144869,-0.691768,-0.881206,0.599160,-1.215233,0.293497,-0.750000,0.000000,0.000000,0.000000,-1.196870,0.323831,-0.205901,1.0000,1.0000,1.0000,1.660,4.810,0.340,5.000,3.000,8.000,1.500,0.060,0.110,813135869,842444781,813135110,6749,1000,1506,1504,1505,1000,1000,1505,1505,1505,1096,2008,1625,1017,1000,1000
1.2048,0.0973,-1.1212,1.1763,0.0799,2.5017,-0.2221,-0.0113,3.1575,44.0000,-15.2957,-14.1117,22.0981,-0.8183,4.6863,1.0280,-17.8632,-6.6895,-14.9318,-2.1480,0.3828,2.6897,-39.3266,7.4182,39.6866,0.5842,-0.9415,1.9079,-58.4920,-58.7502,-58.7902,-4.7925,2.4502,3.8332,44.0000,-2.8478,-2.0520,-0.2156,698.4427,1466.6484,2141.8499,1266.2721,-1.246328,0.254526,-0.139546,-0.594550,-0.891351,0.599631,-1.215233,0.293497,-0.750000,0.000000,0.000000,0.000000,-1.196870,0.323831,-0.205901,1.0000,1.0000,1.0000,1.660,4.810,0.340,5.000,3.000,8.000,1.500,0.060,0.110,813146369,842444781,813144110,6749,1000,1506,1504,1505,1000,1000,1505,1505,1505,1096,2008,1625,1017,1000,1000
1.1913,0.1086,-1.0939,1.1605,0.0946,2.5336,-0.1764,-0.0395,3.1575,44.0000,-13.5857,1.1105,4.0450,-0.9772,2.7800,-0.4061,8.4437,-1.4911,-8.7212,2.1683,-1.8212,-0.4737,-39.3266,-39.1454,39.6866,-0.3188,0.5197,3.8038,-58.4920,-58.4180,58.8920,2.1343,3.4127,5.8426,44.0000,-1.6908,-1.1662,0.0988,990.4412,1610.2771,1769.5739,1457.5621,-1.251279,0.244583,-0.131773,-0.280598,-0.813422,0.699785,-1.215233,0.293497,-0.750000,0.000000,0.000000,0.000000,-1.196870,0.323831,-0.205901,1.0000,1.0000,1.0000,1.660,4.810,0.340,5.000,3.000,8.000,1.500,0.060,0.110,813156869,842444781,813156110,6749,1000,1506,1504,1505,1000,1000,1505,1505,1505,1096,2008,1625,1017,1000,1000
1.1949,0.1121,-1.0600,1.1633,0.0973,2.5617,-0.1628,-0.0551,3.1575,44.0000,8.9920,-11.2033,-7.1716,0.1812,4.7236,1.1016,0.4028,-24.4550,-14.3687,0.4151,2.3806,1.0304,-39.3266,-6.3604,39.6866,0.1504,6.8789,0.8604,30.1463,-12.7063,43.4704,-0.4522,1.3311,0.0344,44.0000,-2.3525,-1.4452,-0.0480,879.5882,1582.9724,1946.3810,1327.3918,-1.253341,0.237401,-0.125080,-0.210332,-0.762892,0.743999,-1.215233,0.293497,-0.750000,0.000000,0.000000,0.000000,-1.196870,0.323831,-0.205901,1.0000,1.0000,1.0000,1.660,4.810,0.340,5.000,3.000,8.000,1.500,0.060,0.110,813167369,842444781,813165110,6749,1000,1506,1504,1505,1000,1000,1505,1505,1505,1096,2008,1625,1017,1000,1000
1.2034,0.1276,-0.9955,1.1719,0.1165,2.6340,-0.1610,-0.0341,3.1575,44.0000,-2.3200,3.5179,-5.9937,0.1424,6.5135,0.9550,-3.3498,5.1793,-3.6362,0.3111,2.8977,0.3878,34.7189,-11.6995,21.4332,0.4718,5.5687,1.0770,44.1888,-30.7065,38.5555,1.2299,3.3490,0.6568,44.0000,-2.2870,-2.4721,-0.0046,444.7134,1413.3696,2057.0059,1550.2220,-1.256096,0.228423,-0.115891,-0.235735,-0.760668,0.821097,-1.215233,0.293497,-0.750000,0.000000,0.000000,0.000000,-1.196870,0.323831,-0.205901,1.0000,1.0000,1.0000,1.660,4.810,0.340,5.000,3.000,8.000,1.500,0.060,0.110,813177869,842444781,813177110,6749,1000,1506,1504,1505,1000,1000,1505,1505,1505,1096,2008,1625,1017,1000,1000
1.2162,0.1390,-0.9330,1.1822,0.1275,2.6872,-0.1695,-0.0227,3.1575,44.0000,3.1715,7.4499,-2.9608,0.8554,5.3350,1.1415,2.1893,6.1868,-3.0049,1.6649,3.7787,0.7904,7.3747,18.2448,14.3799,1.7897,4.2332,1.3787,0.4039,12.4607,14.5468,2.8755,3.5245,1.0118,44.0000,-2.4793,-2.2476,-0.0565,558.1611,1456.3047,2067.9766,1456.3485,-1.258339,0.221608,-0.108313,-0.267128,-0.751885,0.866604,-1.215233,0.293497,-0.750000,0.000000,0.000000,0.000000,-1.196870,0.323831,-0.205901,1.0000,1.0000,1.0000,1.660,4.810,0.340,5.000,3.000,8.000,1.500,0.060,0.110,813188369,842444781,813186110,6749,1000,1506,1504,1505,1000,1000,1505,1505,1505,1096,2008,1625,1017,1000,1000
1.2426,0.1429,-0.8828,1.2123,0.1337,2.7442,-0.1801,-0.0064,3.1575,44.0000,6.1279,0.9526,-6.5196,3.0828,3.9356,1.2219,4.7580,-0.3788,-5.2022,3.9866,3.6836,1.0994,24.4837,17.5313,8.3776,4.9124,3.2089,1.1930,25.6103,-9.3896,26.9696,5.5326,3.6004,1.1340,44.0000,-3.0072,-1.8086,-0.0800,605.3804,1590.4100,2072.0850,1280.7887,-1.262054,0.212274,-0.096701,-0.351794,-0.799810,1.042423,-1.215233,0.293497,-0.750000,0.000000,0.000000,0.000000,-1.196870,0.323831,-0.205901,1.0000,1.0000,1.0000,1.660,4.810,0.340,5.000,3.000,8.000,1.500,0.060,0.110,813198869,842444781,813198110,6749,1000,1506,1504,1505,1000,1000,1505,1505,1505,1096,2008,1625,1017,1000,1000
1.2977,0.1418,-0.8483,1.2597,0.1335,2.7737,-0.1991,0.0203,3.1575,44.0000,1.1340,2.7494,-4.7169,6.1850,2.4305,1.0063,0.0007,-4.8086,-3.5888,6.7131,2.8233,1.0876,23.4757,-3.1594,-7.8958,7.7113,1.7769,0.6574,30.9095,-17.9210,29.2896,8.1780,2.1490,0.8019,44.0000,-4.6194,-1.0471,-0.0530,303.7796,1899.3176,2117.7571,803.2812,-1.265555,0.204981,-0.086827,-0.417316,-0.830759,1.151751,-1.215233,0.293497,-0.750000,0.000000,0.000000,0.000000,-1.196870,0.323831,-0.205901,1.0000,1.0000,1.0000,1.660,4.810,0.340,5.000,3.000,8.000,1.500,0.060,0.110,813209369,842444781,813207110,6749,1000,1506,1504,1505,1000,1000,1505,1505,1505,1096,2008,1625,1017,1000,1000
1.3727,0.1426,-0.8260,1.3447,0.1359,2.7993,-0.2046,0.0157,3.1575,44.0000,-11.3786,-25.3471,-6.4250,6.7311,2.1725,-0.4849,-11.3709,-29.8811,-6.2476,7.4102,2.3420,-0.4186,-28.9382,-29.0287,-15.9139,5.7443,3.1926,-1.2617,-30.4537,-25.0141,-19.6562,6.1124,2.9959,-1.2624,44.0000,-4.9842,-0.9539,0.0830,0.0000,1997.1161,2085.8950,825.0912,-1.270568,0.194870,-0.072755,-0.379221,-0.868748,1.134447,-1.215233,0.293497,-0.750000,0.000000,0.000000,0.000000,-1.196870,0.323831,-0.205901,1.0000,1.0000,1.0000,1.660,4.810,0.340,5.000,3.000,8.000,1.500,0.060,0.110,813219869,842444781,813219110,6749,1000,1506,1504,1505,1000,1000,1505,1505,1505,1096,2008,1625,1017,1000,1000
1.4373,0.1616,-0.7965,1.3997,0.1538,2.8241,-0.2095,-0.0191,3.1575,44.0000,-14.5067,-27.5054,-5.0853,5.0890,3.6911,-2.1117,-12.9927,-28.3180,-5.3919,5.2188,3.6594,-2.0814,5.5503,-21.7982,-7.1631,5.2516,3.6003,-2.4642,6.1555,-11.5839,-8.2588,5.2224,3.6327,-2.4275,44.0000,-4.5277,-1.5513,0.2416,0.0000,1926.2938,2053.7834,1201.8181,-1.273174,0.186693,-0.063336,-0.199836,-0.949434,0.956922,-1.215233,0.293497,-0.750000,0.000000,0.000000,0.000000,-1.196870,0.323831,-0.205901,1.0000,1.0000,1.0000,1.660,4.810,0.340,5.000,3.000,8.000,1.500,0.060,0.110,813230369,842444781,813228110,6749,1000,1506,1504,1505,1000,1000,1505,1505,1505,1096,2008,1625,1017,1000,1000
1.5023,0.1903,-0.7629,1.4736,0.1883,2.8608,-0.2109,-0.0311,3.1575,44.0000,5.1729,-4.2507,5.8385,6.6177,2.6667,-2.5491,5.9005,-4.5057,7.6628,6.5128,2.7753,-2.5660,2.0332,9.7214,1.0633,7.6564,1.4961,-2.3339,-3.0924,8.9950,5.9615,7.5170,1.6640,-2.4294,44.0000,-5.0045,-1.3902,0.2928,0.0000,2013.7566,2058.0203,1121.0823,-1.274838,0.175085,-0.052372,-0.121882,-0.953275,0.920470,-1.215233,0.293497,-0.750000,0.000000,0.000000,0.000000,-1.196870,0.323831,-0.205901,1.0000,1.0000,1.0000,1.660,4.810,0.340,5.000,3.000,8.000,1.500,0.060,0.110,813240869,842444781,813240110,6749,1000,1506,1504,1505,1000,1000,1505,1505,1505,1096,2008,1625,1017,1000,1000
1.5873,0.2140,-0.7477,1.5461,0.2088,2.8730,-0.1987,-0.0166,3.1575,44.0000,6.5247,-7.7488,4.8215,8.5025,0.4057,-1.5043,6.3460,-6.4552,5.8730,8.4693,0.5261,-1.6501,2.5935,1.4710,7.5947,8.7412,-0.2397,-0.7861,-4.2327,-6.8630,4.7889,8.7131,-0.1302,-0.9151,44.0000,-5.8367,-0.6910,0.2194,0.0000,2157.0481,2078.4822,658.9001,-1.276044,0.166778,-0.043904,-0.145928,-0.893119,0.946662,-1.215233,0.293497,-0.750000,0.000000,0.000000,0.000000,-1.196870,0.323831,-0.205901,1.0000,1.0000,1.0000,1.660,4.810,0.340,5.000,3.000,8.000,1.500,0.060,0.110,813251369,842444781,813249119,6749,1000,1506,1504,1505,1000,1000,1505,1505,1505,1096,2008,1625,1017,1000,1000
1.6788,0.2226,-0.7515,1.6496,0.2184,2.8682,0.0000,0.0000,3.1575,1.0000,0.7841,-1.7123,2.8197,8.7703,-0.9472,-0.2551,0.9319,-0.7115,3.2550,8.7567,-0.8894,-0.3393,7.3675,-0.3821,-3.1624,8.7412,-1.1720,-0.2238,18.3808,1.8749,-4.0209,8.7264,-1.1700,-0.2482,1.0000,-5.8148,-0.1500,0.0810,0.0000,1546.3324,1514.1322,0.0000,-1.277949,0.156433,-0.032289,-0.163604,-0.841346,1.004459,-1.215233,0.293497,-0.750000,0.000000,0.000000,0.000000,-1.196870,0.323831,-0.205901,1.0000,1.0000,1.0000,1.660,4.810,0.340,5.000,3.000,8.000,1.500,0.060,0.110,813261869,842444781,813261110,6749,1000,1506,1504,1505,1000,1000,1505,1505,1505,1096,2008,1625,1017,1000,1000
1.7684,0.2266,-0.7647,1.7258,0.2211,2.8567,0.0000,0.0000,3.1575,1.0000,1.8957,-1.0703,2.0960,8.7394,-1.5626,-0.1390,2.2396,-0.8045,1.9468,8.7247,-1.5310,-0.1934,8.4425,5.1150,5.5477,8.7412,-1.8361,-0.1561,3.3884,10.0365,4.6901,8.7264,-1.7806,-0.2306,1.0000,-5.9368,0.0699,0.0517,0.0000,1585.9526,1508.0608,0.0000,-1.279421,0.148934,-0.022903,-0.164021,-0.821678,1.081848,-1.215233,0.293497,-0.750000,0.000000,0.000000,0.000000,-1.196870,0.323831,-0.205901,1.0000,1.0000,1.0000,1.660,4.810,0.340,5.000,3.000,8.000,1.500,0.060,0.110,813272369,842444781,813270110,6749,1000,1506,1504,1505,1000,1000,1505,1505,1505,1096,2008,1625,1017,1000,1000
1.8566,0.2337,-0.7836,1.8258,0.2281,2.8346,0.0000,0.0000,3.1575,1.0000,1.7407,0.3522,4.3761,8.7411,-2.1335,-0.2580,1.9086,0.2255,4.4025,8.7263,-2.0754,-0.2989,4.5711,2.0145,4.5948,8.7412,-2.3037,-0.3238,5.1823,2.7333,5.3851,8.7264,-2.2632,-0.3984,1.0000,-6.1118,0.2515,0.0620,0.0000,1641.5309,1493.4330,0.0000,-1.281446,0.139337,-0.009286,-0.172566,-0.773188,1.188588,-1.215233,0.293497,-0.750000,0.000000,0.000000,0.000000,-1.196870,0.323831,-0.205901,1.0000,1.0000,1.0000,1.660,4.810,0.340,5.000,3.000,8.000,1.500,0.060,0.110,813282869,842444781,813282110,6749,1000,1506,1504,1505,1000,1000,1505,1505,1505,1096,2008,1625,1017,1000,1000
1.9437,0.2455,-0.8064,1.8998,0.2374,2.8145,0.0000,0.0000,3.1575,1.0000,2.0663,0.8502,4.4812,8.7412,-2.5853,-0.4170,1.9756,-0.2678,4.0909,8.7264,-2.5581,-0.4669,-1.4767,-5.5751,6.1343,8.7412,-2.7673,-0.4676,-1.9000,-2.6700,9.1291,8.7264,-2.6760,-0.4980,1.0000,-6.2441,0.3925,0.0789,0.0000,1686.6580,1476.4290,0.0000,-1.283008,0.132565,0.001753,-0.172901,-0.730771,1.264122,-1.215233,0.293497,-0.750000,0.000000,0.000000,0.000000,-1.196870,0.323831,-0.205901,1.0000,1.0000,1.0000,1.660,4.810,0.340,5.000,3.000,8.000,1.500,0.060,0.110,813293369,842444781,813291111,6749,1000,1506,1504,1505,1000,1000,1505,1505,1505,1096,2008,1625,1017,1000,1000
2.0264,0.2615,-0.8306,1.8877,0.2701,2.9551,0.0000,0.0000,3.1575,1.0000,1.4917,-0.1960,4.8623,8.7411,-2.9221,-0.5502,1.3764,-0.9069,4.7194,8.7263,-2.9014,-0.6073,-0.1311,2.2491,3.5389,8.7412,-3.0940,-0.5865,1.9913,2.8590,3.0866,8.7264,-3.0675,-0.6501,1.0000,-6.1938,0.4781,0.0755,0.0000,1692.7074,1456.2073,0.0000,-1.184441,0.283201,-0.102553,0.168065,-0.183016,1.063372,-1.215233,0.293497,-0.750000,0.000000,0.000000,0.000000,-1.156480,0.369991,-0.201860,1.0000,1.0000,1.0000,1.660,4.810,0.340,5.000,3.000,8.000,1.500,0.060,0.110,813303441,842545362,813303182,6750,1000,1506,1504,1505,1000,1000,1505,1505,1505,1096,2008,1625,1017,1000,1000
2.1120,0.2827,-0.8566,1.9595,0.2850,2.9300,0.0000,0.0000,3.1575,1.0000,1.1251,-0.2828,4.4663,8.7411,-3.1921,-0.6767,0.9537,-0.9597,4.3307,8.7263,-3.1739,-0.7342,2.1769,1.8517,4.9252,8.7412,-3.3069,-0.7123,2.2086,2.8698,3.7599,8.7264,-3.2457,-0.7588,1.0000,-6.3625,0.5439,0.0919,0.0000,1729.0256,1457.7006,0.0000,-1.182928,0.281728,-0.092663,0.168635,-0.144953,1.133405,-1.215233,0.293497,-0.750000,0.000000,0.000000,0.000000,-1.156480,0.369991,-0.201860,1.0000,1.0000,1.0000,1.660,4.810,0.340,5.000,3.000,8.000,1.500,0.060,0.110,813313941,842545362,813312182,6750,1000,1506,1504,1505,1000,1000,1505,1505,1505,1096,2008,1625,1017,1000,1000
2.1972,0.3084,-0.8821,2.0545,0.3100,2.8962,0.0000,0.0000,3.1575,1.0000,1.2282,-0.1507,4.6265,8.7411,-3.4184,-0.7885,1.0666,-0.8355,4.5063,8.7263,-3.4064,-0.8482,0.8433,-0.5209,6.2588,8.7412,-3.5553,-0.8466,0.6391,-1.1814,3.5391,8.7264,-3.5493,-0.9159,1.0000,-6.5743,0.6025,0.1132,0.0000,1770.2246,1463.5532,0.0000,-1.180867,0.280279,-0.078520,0.175142,-0.096917,1.222676,-1.215233,0.293497,-0.750000,0.000000,0.000000,0.000000,-1.156480,0.369991,-0.201860,1.0000,1.0000,1.0000,1.660,4.810,0.340,5.000,3.000,8.000,1.500,0.060,0.110,813324441,842545362,813324182,6750,1000,1506,1504,1505,1000,1000,1505,1505,1505,1096,2008,1625,1017,1000,1000
2.2820,0.3385,-0.9066,2.1253,0.3326,2.8711,0.0000,0.0000,3.1575,1.0000,1.1645,-0.3593,4.9784,8.7411,-3.6174,-0.9113,1.0018,-1.2734,4.8263,8.7263,-3.6001,-0.9734,1.0253,-0.2001,5.1766,8.7412,-3.7245,-0.9611,0.1525,-1.8979,4.0347,8.7264,-3.7283,-1.0147,1.0000,-6.7018,0.6280,0.1278,0.0000,1793.8162,1467.8177,0.0000,-1.179260,0.279567,-0.067232,0.182673,-0.061465,1.285496,-1.215233,0.293497,-0.750000,0.000000,0.000000,0.000000,-1.156480,0.369991,-0.201860,1.0000,1.0000,1.0000,1.660,4.810,0.340,5.000,3.000,8.000,1.500,0.060,0.110,813334941,842545362,813333182,6750,1000,1506,1504,1505,1000,1000,1505,1505,1505,1096,2008,1625,1017,1000,1000
2.3667,0.3725,-0.9293,2.2192,0.3676,2.8389,0.0000,0.0000,3.1575,1.0000,1.0609,-0.2536,5.0694,8.7411,-3.8130,-1.0109,0.9222,-1.0111,4.8164,8.7263,-3.7991,-1.0703,1.9016,-1.0285,3.5270,8.7412,-3.8971,-1.0605,1.4131,-2.3127,2.6807,8.7264,-3.9011,-1.1220,1.0000,-6.8292,0.6456,0.1399,0.0000,1815.0037,1474.8815,0.0000,-1.176979,0.279096,-0.051321,0.197736,-0.017772,1.362313,-1.215233,0.293497,-0.750000,0.000000,0.000000,0.000000,-1.156480,0.369991,-0.201860,1.0000,1.0000,1.0000,1.660,4.810,0.340,5.000,3.000,8.000,1.500,0.060,0.110,813345441,842545362,813345198,6750,1000,1506,1504,1505,1000,1000,1505,1505,1505,1096,2008,1625,1017,1000,1000
2.4515,0.4103,-0.9497,2.2892,0.3974,2.8160,0.0000,0.0000,3.1575,1.0000,0.9472,-0.4688,4.9519,8.7411,-3.9830,-1.1072,0.6855,-1.2970,4.7378,8.7263,-3.9817,-1.1704,0.6159,-0.6622,3.3953,8.7412,-3.9960,-1.1487,0.3626,-0.5780,3.0578,8.7264,-4.0050,-1.2131,1.0000,-6.9954,0.6401,0.1526,0.0000,1837.0247,1490.8348,0.0000,-1.175149,0.279068,-0.038831,0.210130,0.010974,1.418156,-1.215233,0.293497,-0.750000,0.000000,0.000000,0.000000,-1.156480,0.369991,-0.201860,1.0000,1.0000,1.0000,1.660,4.810,0.340,5.000,3.000,8.000,1.500,0.060,0.110,813355941,842545362,813354182,6750,1000,1506,1504,1505,1000,1000,1505,1505,1505,1096,2008,1625,1017,1000,1000
2.5371,0.4507,-0.9661,2.3832,0.4404,2.7893,0.0000,0.0000,3.1575,1.0000,1.9292,0.4652,5.9313,8.7411,-3.8664,-1.2280,1.6896,0.1904,5.7309,8.7263,-3.8873,-1.2877,-0.8925,6.5731,7.0441,8.7412,-3.6685,-1.2740,-3.9777,-0.2386,5.7783,8.7264,-3.8066,-1.3532,1.0000,-7.1234,0.5628,0.1654,0.0000,1844.5236,1514.0867,0.0000,-1.172512,0.279435,-0.021384,0.228848,0.054219,1.487887,-1.215233,0.293497,-0.750000,0.000000,0.000000,0.000000,-1.156480,0.369991,-0.201860,1.0000,1.0000,1.0000,1.660,4.810,0.340,5.000,3.000,8.000,1.500,0.060,0.110,813366441,842545362,813366182,6750,1000,1506,1504,1505,1000,1000,1505,1505,1505,1096,2008,1625,1017,1000,1000
2.6256,0.4891,-0.9750,2.4560,0.4718,2.7758,0.0000,0.0000,3.1575,1.0000,1.9665,1.1142,6.7706,8.7411,-3.1356,-1.3607,1.8845,1.1426,6.3450,8.7263,-3.2148,-1.4169,6.8935,2.3497,10.3217,8.7412,-2.7593,-1.4525,5.5989,1.5266,9.5386,8.7264,-2.7751,-1.5159,1.0000,-7.2543,0.3239,0.1792,0.0000,1829.4819,1564.3654,0.0000,-1.170334,0.280070,-0.007795,0.252433,0.088368,1.531065,-1.215233,0.293497,-0.750000,0.000000,0.000000,0.000000,-1.156480,0.369991,-0.201860,1.0000,1.0000,1.0000,1.660,4.810,0.340,5.000,3.000,8.000,1.500,0.060,0.110,813376941,842545362,813375182,6750,1000,1506,1504,1505,1000,1000,1505,1505,1505,1096,2008,1625,1017,1000,1000
2.7191,0.5202,-0.9731,2.5588,0.5070,2.7713,0.0000,0.0000,3.1575,1.0000,1.7885,1.7843,6.8015,8.7411,-2.1258,-1.5636,1.8133,1.2302,5.7970,8.7263,-2.2166,-1.6181,3.6350,3.5540,7.8701,8.7412,-1.6410,-1.6814,3.7367,2.2502,8.2672,8.7264,-1.6976,-1.7282,1.0000,-7.4340,-0.0672,0.1985,0.0000,1799.5634,1640.8107,0.0000,-1.167130,0.281486,0.010904,0.283198,0.145876,1.586535,-1.215233,0.293497,-0.750000,0.000000,0.000000,0.000000,-1.156480,0.369991,-0.201860,1.0000,1.0000,1.0000,1.660,4.810,0.340,5.000,3.000,8.000,1.500,0.060,0.110,813387441,842545362,813387182,6750,1000,1506,1504,1505,1000,1000,1505,1505,1505,1096,2008,1625,1017,1000,1000
2.8179,0.5424,-0.9605,2.6410,0.5272,2.7782,0.0000,0.0000,3.1575,1.0000,2.4685,1.8133,6.5358,8.7411,-1.2306,-1.8647,2.8122,1.0287,6.0182,8.7263,-1.2812,-1.9062,6.9797,4.1454,9.5364,8.7412,-1.0204,-2.0632,7.0516,5.5454,7.3191,8.7264,-1.0786,-2.0904,1.0000,-7.5803,-0.4183,0.2223,0.0000,1773.0652,1701.6185,0.0000,-1.164486,0.283000,0.025402,0.303604,0.188264,1.629808,-1.215233,0.293497,-0.750000,0.000000,0.000000,0.000000,-1.156480,0.369991,-0.201860,1.0000,1.0000,1.0000,1.660,4.810,0.340,5.000,3.000,8.000,1.500,0.060,0.110,813397941,842545362,813396198,6750,1000,1506,1504,1505,1000,1000,1505,1505,1505,1096,2008,1625,1017,1000,1000
2.9199,0.5536,-0.9406,2.7542,0.5405,2.7982,0.0000,0.0000,3.1575,1.0000,11.8257,4.1303,14.7035,8.1447,0.9701,-1.5444,9.2410,4.0603,12.9693,8.4184,0.5590,-1.7109,-18.4348,-16.0282,39.6866,3.7836,5.7643,-1.6843,-38.6260,-44.9340,38.7423,4.6705,4.5411,-1.3860,1.0000,-7.7337,-0.7378,0.2302,0.0000,1745.5129,1763.9733,0.0000,-1.160972,0.285777,0.045005,0.275086,0.288089,1.615482,-1.215233,0.293497,-0.750000,0.000000,0.000000,0.000000,-1.156480,0.369991,-0.201860,1.0000,1.0000,1.0000,1.660,4.810,0.340,5.000,3.000,8.000,1.500,0.060,0.110,813408441,842545362,813408182,6750,1000,1506,1504,1505,1000,1000,1505,1505,1505,1096,2008,1625,1017,1000,1000
2.9857,0.4974,-0.9044,2.8128,0.4940,2.8407,0.0000,0.0000,3.1575,1.0000,-12.6666,-20.6569,16.7886,1.7753,8.8121,-2.4619,-12.9483,-20.1134,9.0557,2.0953,8.5628,-2.4001,-13.8595,-4.1721,8.3824,-0.2557,8.7414,-3.2269,-13.3334,-2.3199,7.3226,0.1305,8.7266,-3.0348,1.0000,-6.2993,-3.1915,0.2565,0.0000,1104.3346,1947.8013,0.0000,-1.157680,0.287974,0.059048,0.462680,0.164728,1.508963,-1.215233,0.293497,-0.750000,0.000000,0.000000,0.000000,-1.156480,0.369991,-0.201860,1.0000,1.0000,1.0000,1.660,4.810,0.340,5.000,3.000,8.000,1.500,0.060,0.110,813418941,842545362,813417182,6750,1000,1506,1504,1505,1000,1000,1505,1505,1505,1096,2008,1625,1017,1000,1000
3.0062,0.4079,-0.8569,2.8429,0.4022,2.9130,0.0000,0.0000,3.1575,1.0000,-3.7722,9.6347,7.8371,-0.8776,8.8023,-2.9220,-5.5533,9.8180,7.3697,-0.8380,8.8159,-2.8931,-10.1580,10.8180,18.5314,-0.8603,8.7414,-2.9814,-12.1105,12.1015,20.2500,-0.8717,8.7266,-3.0025,1.0000,-4.7382,-3.7282,0.3249,0.0000,641.7521,1828.4495,826.9532,-1.151190,0.289435,0.077147,0.602464,0.148780,1.523792,-1.215233,0.293497,-0.750000,0.000000,0.000000,0.000000,-1.156480,0.369991,-0.201860,1.0000,1.0000,1.0000,1.660,4.810,0.340,5.000,3.000,8.000,1.500,0.060,0.110,813429441,842545362,813429182,6750,1000,1506,1504,1505,1000,1000,1505,1505,1505,1096,2008,1625,1017,1000,1000
3.0146,0.3207,-0.8105,2.8543,0.3348,2.9651,0.0000,0.0000,3.1575,1.0000,-7.5829,8.6418,11.2821,-0.5442,8.7325,-3.0821,-8.3777,6.6698,10.8213,-0.6037,8.7161,-3.0563,-6.8349,1.0257,6.7160,-0.0268,8.7414,-3.2804,-2.7763,3.8430,8.4180,-0.1294,8.7266,-3.2510,1.0000,-4.8697,-3.5939,0.3336,0.0000,739.5250,1819.2747,758.6667,-1.145312,0.291286,0.091130,0.708411,0.260101,1.575815,-1.215233,0.293497,-0.750000,0.000000,0.000000,0.000000,-1.156480,0.369991,-0.201860,1.0000,1.0000,1.0000,1.660,4.810,0.340,5.000,3.000,8.000,1.500,0.060,0.110,813439941,842545362,813438182,6750,1000,1506,1504,1505,1000,1000,1505,1505,1505,1096,2008,1625,1017,1000,1000
3.0265,0.2332,-0.7639,2.8729,0.2447,3.0341,0.0000,0.0000,3.1575,1.0000,-2.7683,4.3893,9.4867,0.1739,8.7420,-3.2853,-3.7075,4.7893,9.2563,0.1341,8.7272,-3.2802,-4.6274,8.9290,7.9467,0.6085,8.7414,-3.2908,-3.2738,2.5196,7.5615,0.4235,8.7266,-3.2550,1.0000,-5.1496,-3.4865,0.3495,0.0000,858.1113,1826.7847,659.4265,-1.136206,0.294883,0.110367,0.796552,0.335890,1.625644,-1.215233,0.293497,-0.750000,0.000000,0.000000,0.000000,-1.156480,0.369991,-0.201860,1.0000,1.0000,1.0000,1.660,4.810,0.340,5.000,3.000,8.000,1.500,0.060,0.110,813450441,842545362,813450182,6750,1000,1506,1504,1505,1000,1000,1505,1505,1505,1096,2008,1625,1017,1000,1000
3.0332,0.1464,-0.7205,2.8816,0.1769,3.0825,0.0000,0.0000,3.1575,1.0000,8.6443,12.0948,22.0080,-2.3473,8.0766,-2.5253,14.0544,5.3838,32.9712,-2.0825,8.3978,-2.6478,-4.4191,-33.5059,-16.4383,-4.0341,7.4051,-2.1821,3.2896,-29.4693,-42.4923,-4.8186,7.0845,-1.8422,1.0000,-4.7045,-3.2356,0.2921,0.0000,783.1131,1767.8340,617.9658,-1.128867,0.298203,0.125081,0.824721,0.426174,1.629515,-1.215233,0.293497,-0.750000,0.000000,0.000000,0.000000,-1.156480,0.369991,-0.201860,1.0000,1.0000,1.0000,1.660,4.810,0.340,5.000,3.000,8.000,1.500,0.060,0.110,813460941,842545362,813459182,6750,1000,1506,1504,1505,1000,1000,1505,1505,1505,1096,2008,1625,1017,1000,1000
2.9774,0.0853,-0.6973,2.8171,0.1134,3.1182,0.0000,0.0000,3.1575,1.0000,9.5898,-4.6599,19.9310,-7.9035,4.0454,-0.4748,8.0947,-4.3500,22.2371,-7.5297,4.0584,-0.4706,10.6404,15.9823,-5.3938,-7.8283,4.3294,-0.5039,5.0135,25.9160,-6.3050,-8.1085,3.7291,-0.4557,1.0000,-2.6059,-1.9153,0.0849,0.0000,439.5170,1395.0702,408.8662,-1.119513,0.303950,0.144200,0.735360,0.515430,1.544229,-1.215233,0.293497,-0.750000,0.000000,0.000000,0.000000,-1.156480,0.369991,-0.201860,1.0000,1.0000,1.0000,1.660,4.810,0.340,5.000,3.000,8.000,1.500,0.060,0.110,813471441,842545362,813471182,6750,1000,1506,1504,1505,1000,1000,1505,1505,1505,1096,2008,1625,1017,1000,1000
2.8933,0.0489,-0.6855,2.7453,0.0840,3.1329,0.0000,0.0000,3.1575,1.0000,0.9103,8.5844,11.2956,-7.9954,3.6159,-0.5039,1.2584,10.2895,12.5217,-8.0778,3.6658,-0.4310,14.9523,39.3066,27.0237,-7.3662,2.1228,-0.3411,-4.0262,9.5121,27.5424,-7.7444,2.5130,-0.3699,1.0000,-2.2395,-1.4703,0.0543,0.0000,490.6592,1271.8755,161.0472,-1.113056,0.308759,0.158116,0.713203,0.568694,1.563514,-1.215233,0.293497,-0.750000,0.000000,0.000000,0.000000,-1.156480,0.369991,-0.201860,1.0000,1.0000,1.0000,1.660,4.810,0.340,5.000,3.000,8.000,1.500,0.060,0.110,813481941,842545362,813480182,6750,1000,1506,1504,1505,1000,1000,1505,1505,1505,1096,2008,1625,1017,1000,1000
2.8317,0.0392,-0.6841,2.6780,0.0766,3.1331,0.0000,0.0000,3.1575,1.0000,12.5565,25.2482,33.6363,-2.7233,-2.7850,1.2036,14.3778,30.6208,46.6056,-3.2399,-2.3844,1.0448,18.6059,39.3066,22.7404,-1.1712,-4.3152,1.5924,11.3703,58.9320,-17.4510,-1.6105,-4.2106,1.3489,1.0000,-3.1855,-0.0322,-0.0386,0.0000,1116.5630,1179.0482,0.0000,-1.104944,0.317318,0.176699,0.612742,0.911882,1.505109,-1.215233,0.293497,-0.750000,0.000000,0.000000,0.000000,-1.156480,0.369991,-0.201860,1.0000,1.0000,1.0000,1.660,4.810,0.340,5.000,3.000,8.000,1.500,0.060,0.110,813492441,842545362,813492182,6750,1000,1506,1504,1505,1000,1000,1505,1505,1505,1096,2008,1625,1017,1000,1000
2.8333,0.0776,-0.7160,2.6802,0.1059,3.1001,0.0000,0.0000,3.1575,1.0000,2.7050,11.7429,13.1891,2.3935,-5.0581,2.1813,1.2940,10.1661,14.6514,2.2261,-5.0558,2.0943,-4.2779,3.3672,3.7999,2.5904,-4.9947,2.4115,1.0000,14.7448,-0.2373,2.6196,-5.0032,2.4052,1.0000,-5.2876,1.3940,-0.1773,0.0000,1625.2789,1305.4716,0.0000,-1.099702,0.326497,0.190425,0.561165,1.101700,1.560028,-1.215233,0.293497,-0.750000,0.000000,0.000000,0.000000,-1.156480,0.369991,-0.201860,1.0000,1.0000,1.0000,1.660,4.810,0.340,5.000,3.000,8.000,1.500,0.060,0.110,813502941,842545362,813501182,6750,1000,1506,1504,1505,1000,1000,1505,1505,1505,1096,2008,1625,1017,1000,1000
2.8608,0.1158,-0.7534,2.7099,0.1416,3.0517,0.0000,0.0000,3.1575,1.0000,-18.9290,14.9125,7.2644,3.3351,-3.4054,2.2321,-21.1595,14.5714,4.9861,3.2836,-3.6237,2.2495,-32.4002,10.1189,-6.3994,4.0189,-1.5576,1.8383,-29.3422,18.4261,-1.9953,3.9717,-1.8230,1.8853,1.0000,-5.9154,1.2436,-0.2227,0.0000,1657.8131,1452.2334,0.0000,-1.092625,0.340679,0.209614,0.668615,1.260352,1.663481,-1.215233,0.293497,-0.750000,0.000000,0.000000,0.000000,-1.156480,0.369991,-0.201860,1.0000,1.0000,1.0000,1.660,4.810,0.340,5.000,3.000,8.000,1.500,0.060,0.110,813513441,842545362,813513182,6750,1000,1506,1504,1505,1000,1000,1505,1505,1505,1096,2008,1625,1017,1000,1000
2.9019,0.1256,-0.7775,2.7450,0.1458,3.0309,0.0000,0.0000,3.1575,1.0000,-23.2149,15.8077,5.0534,5.0134,0.0336,1.7419,-22.4933,15.2903,3.4659,4.9426,-0.1183,1.7400,-22.2081,10.2913,-9.8614,5.8927,1.1731,1.5695,-15.9784,13.2939,-8.7580,5.7851,0.9625,1.6035,1.0000,-6.4104,0.1372,-0.1707,0.0000,1559.5504,1673.7225,0.0000,-1.085482,0.352603,0.225201,0.916746,1.387928,1.800200,-1.215233,0.293497,-0.750000,0.000000,0.000000,0.000000,-1.156480,0.369991,-0.201860,1.0000,1.0000,1.0000,1.660,4.810,0.340,5.000,3.000,8.000,1.500,0.060,0.110,813523941,842545362,813522182,6750,1000,1506,1504,1505,1000,1000,1505,1505,1505,1096,2008,1625,1017,1000,1000
2.9557,0.1144,-0.7917,2.8043,0.1325,3.0167,0.0000,0.0000,3.1575,1.0000,-3.1203,-0.5223,24.8864,4.0923,-0.0260,1.2591,-1.9627,-3.5896,34.9676,4.1487,0.2642,1.2978,-6.3034,0.8270,1.6834,2.3453,-1.1582,0.6712,-4.9527,-2.8280,-1.3632,2.6467,-1.2648,0.7239,1.0000,-6.5043,-0.2869,-0.1046,0.0000,1528.5935,1717.8423,0.0000,-1.073158,0.370111,0.247630,1.097511,1.515841,1.864328,-1.215233,0.293497,-0.750000,0.000000,0.000000,0.000000,-1.156480,0.369991,-0.201860,1.0000,1.0000,1.0000,1.660,4.810,0.340,5.000,3.000,8.000,1.500,0.060,0.110,813534441,842545362,813534182,6750,1000,1506,1504,1505,1000,1000,1505,1505,1505,1096,2008,1625,1017,1000,1000
2.9739,0.1279,-0.8027,2.8178,0.1445,3.0055,0.0000,0.0000,3.1575,1.0000,2.0126,-5.9328,18.0722,0.3429,-2.3992,0.4796,2.1573,-5.5875,16.0801,0.6453,-2.3483,0.5174,0.1562,3.2906,9.3114,-0.0532,-2.3996,0.4096,-2.1299,2.4334,5.3061,0.0394,-2.4129,0.4014,1.0000,-5.2965,0.4897,-0.0275,0.0000,1540.7933,1390.1478,0.0000,-1.063047,0.383839,0.263883,1.139069,1.529428,1.750918,-1.215233,0.293497,-0.750000,0.000000,0.000000,0.000000,-1.156480,0.369991,-0.201860,1.0000,1.0000,1.0000,1.660,4.810,0.340,5.000,3.000,8.000,1.500,0.060,0.110,813544941,842545362,813543182,6750,1000,1506,1504,1505,1000,1000,1505,1505,1505,1096,2008,1625,1017,1000,1000
2.9726,0.1503,-0.8108,2.8154,0.1684,2.9924,0.0000,0.0000,3.1575,1.0000,-4.2597,5.8621,2.1023,-0.0433,-1.9080,0.3985,-4.1309,6.5834,0.7379,-0.0752,-1.9816,0.3860,-2.9491,5.3233,-3.3707,0.2314,-1.5640,0.4365,-4.3332,4.1447,-4.2094,0.2357,-1.6118,0.4216,1.0000,-5.1357,0.3301,-0.0153,0.0000,1497.6250,1390.1222,0.0000,-1.049234,0.402339,0.284915,1.175328,1.567198,1.794789,-1.215233,0.293497,-0.750000,0.000000,0.000000,0.000000,-1.156480,0.369991,-0.201860,1.0000,1.0000,1.0000,1.660,4.810,0.340,5.000,3.000,8.000,1.500,0.060,0.110,813555441,842545362,813555182,6750,1000,1506,1504,1505,1000,1000,1505,1505,1505,1096,2008,1625,1017,1000,1000
2.9736,0.1651,-0.8178,2.8159,0.1799,2.9845,0.0000,0.0000,3.1575,1.0000,-3.1038,1.1491,0.0912,0.3813,-1.2520,0.3804,-2.7517,1.4294,0.1346,0.3502,-1.2823,0.3807,-0.6124,6.4701,6.5101,0.4534,-1.1241,0.3677,-2.4046,7.6913,2.5981,0.4253,-1.1425,0.3633,1.0000,-5.2863,0.0712,-0.0144,0.0000,1472.1338,1458.4984,0.0000,-1.038498,0.416561,0.301557,1.209553,1.586987,1.899541,-1.215233,0.293497,-0.750000,0.000000,0.000000,0.000000,-1.156480,0.369991,-0.201860,1.0000,1.0000,1.0000,1.660,4.810,0.340,5.000,3.000,8.000,1.500,0.060,0.110,813565941,842545362,813564182,6750,1000,1506,1504,1505,1000,1000,1505,1505,1505,1096,2008,1625,1017,1000,1000
2.9787,0.1752,-0.8233,2.8212,0.1904,2.9765,0.0000,0.0000,3.1575,1.0000,-2.1812,3.3904,1.3839,0.7037,-0.8552,0.3132,-2.0990,3.1984,1.6419,0.6976,-0.8968,0.3131,-2.4966,6.1948,7.0752,0.7995,-0.7358,0.2763,-3.4461,7.6123,1.3842,0.7292,-0.7127,0.2740,1.0000,-5.4094,-0.0663,-0.0081,0.0000,1466.9840,1495.9745,0.0000,-1.023789,0.435767,0.325090,1.241619,1.618993,2.021956,-1.215233,0.293497,-0.750000,0.000000,0.000000,0.000000,-1.156480,0.369991,-0.201860,1.0000,1.0000,1.0000,1.660,4.810,0.340,5.000,3.000,8.000,1.500,0.060,0.110,813576441,842545362,813576182,6750,1000,1506,1504,1505,1000,1000,1505,1505,1505,1096,2008,1625,1017,1000,1000
2.9884,0.1800,-0.8269,2.8291,0.1941,2.9729,0.0000,0.0000,3.1575,1.0000,-2.3184,4.1330,3.7202,1.1994,-0.1964,0.2133,-2.2107,3.9631,3.8383,1.1900,-0.2468,0.2155,-0.9691,3.8868,10.0488,1.4025,0.1078,0.1170,-4.5739,12.3493,-0.5659,1.3468,0.0413,0.1182,1.0000,-5.5761,-0.2709,0.0019,0.0000,1457.3407,1547.6420,0.0000,-1.012479,0.450490,0.343653,1.271913,1.654473,2.101379,-1.215233,0.293497,-0.750000,0.000000,0.000000,0.000000,-1.156480,0.369991,-0.201860,1.0000,1.0000,1.0000,1.660,4.810,0.340,5.000,3.000,8.000,1.500,0.060,0.110,813586941,842545362,813585182,6750,1000,1506,1504,1505,1000,1000,1505,1505,1505,1096,2008,1625,1017,1000,1000
3.0040,0.1775,-0.8281,2.8464,0.1912,2.9720,0.0000,0.0000,3.1575,1.0000,-0.4796,4.4504,7.6559,1.5892,0.4742,0.0909,0.0018,4.7507,8.1178,1.5735,0.4248,0.0896,9.4984,-1.2248,11.5787,1.4537,0.4398,-0.1132,22.0584,22.0965,3.5947,1.5418,0.5076,-0.1214,1.0000,-5.7769,-0.5173,0.0118,0.0000,1444.6343,1608.7710,0.0000,-0.996990,0.470731,0.369327,1.306923,1.721189,2.169215,-1.215233,0.293497,-0.750000,0.000000,0.000000,0.000000,-1.156480,0.369991,-0.201860,1.0000,1.0000,1.0000,1.660,4.810,0.340,5.000,3.000,8.000,1.500,0.060,0.110,813597441,842545362,813597182,6750,1000,1506,1504,1505,1000,1000,1505,1505,1505,1096,2008,1625,1017,1000,1000
3.0168,0.1754,-0.8268,2.8566,0.1895,2.9735,0.0000,0.0000,3.1575,1.0000,6.7850,-0.2453,21.9255,0.3316,-0.2824,-0.1794,7.4187,-0.6227,21.3991,0.4380,-0.2328,-0.1757,2.3397,-1.3350,20.1595,-0.3734,-0.6985,-0.1276,5.8126,4.9815,19.4760,-0.2490,-0.6964,-0.1079,1.0000,-5.6303,-0.4513,0.0392,0.0000,1449.6426,1564.9261,0.0000,-0.985199,0.486452,0.388720,1.306638,1.772483,2.115902,-1.215233,0.293497,-0.750000,0.000000,0.000000,0.000000,-1.156480,0.369991,-0.201860,1.0000,1.0000,1.0000,1.660,4.810,0.340,5.000,3.000,8.000,1.500,0.060,0.110,813607941,842545362,813606182,6750,1000,1506,1504,1505,1000,1000,1505,1505,1505,1096,2008,1625,1017,1000,1000
3.0141,0.1824,-0.8255,2.8522,0.1977,2.9737,0.0000,0.0000,3.1575,1.0000,-1.5311,5.2792,12.4288,-0.6356,-0.6861,-0.2553,-1.8640,4.9662,11.0408,-0.6215,-0.7081,-0.2440,-3.3944,7.7007,6.2013,-0.4776,-0.3614,-0.4170,-5.9925,5.2670,7.1036,-0.5156,-0.4014,-0.4043,1.0000,-5.1341,-0.1461,0.0439,0.0000,1439.5991,1443.3585,0.0000,-0.969477,0.508233,0.413475,1.329659,1.860992,2.039780,-1.215233,0.293497,-0.750000,0.000000,0.000000,0.000000,-1.156480,0.369991,-0.201860,1.0000,1.0000,1.0000,1.660,4.810,0.340,5.000,3.000,8.000,1.500,0.060,0.110,813618441,842545362,813618182,6750,1000,1506,1504,1505,1000,1000,1505,1505,1505,1096,2008,1625,1017,1000,1000
3.0107,0.1859,-0.8214,2.8489,0.2012,2.9768,0.0000,0.0000,3.1575,1.0000,-3.0905,7.2334,5.3527,-0.2024,0.0543,-0.5786,-2.8709,6.8427,4.7929,-0.2080,0.0085,-0.5649,-3.7631,5.9171,4.2883,-0.0246,0.3058,-0.7171,-3.7227,7.5386,4.0724,-0.0863,0.2482,-0.7031,1.0000,-5.1602,-0.3243,0.0692,0.0000,1422.5470,1464.5745,0.0000,-0.957276,0.525321,0.432049,1.380631,1.936682,2.094436,-1.215233,0.293497,-0.750000,0.000000,0.000000,0.000000,-1.156480,0.369991,-0.201860,1.0000,1.0000,1.0000,1.660,4.810,0.340,5.000,3.000,8.000,1.500,0.060,0.110,813628941,842545362,813627182,6750,1000,1506,1504,1505,1000,1000,1505,1505,1505,1096,2008,1625,1017,1000,1000
3.0132,0.1831,-0.8131,2.8516,0.1997,2.9868,0.0000,0.0000,3.1575,1.0000,0.2902,4.6341,4.6781,0.2134,0.5105,-0.8182,0.4823,4.2830,4.4809,0.2149,0.4882,-0.8156,1.6334,0.3027,6.8142,0.1792,0.4310,-0.9084,1.6663,1.4278,7.7249,0.2264,0.4458,-0.8885,1.0000,-5.4071,-0.5902,0.1065,0.0000,1425.6530,1523.2288,0.0000,-0.940431,0.549046,0.457734,1.418104,2.013174,2.184194,-1.215233,0.293497,-0.750000,0.000000,0.000000,0.000000,-1.156480,0.369991,-0.201860,1.0000,1.0000,1.0000,1.660,4.810,0.340,5.000,3.000,8.000,1.500,0.060,0.110,813639441,842545362,813639182,6750,1000,1506,1504,1505,1000,1000,1505,1505,1505,1096,2008,1625,1017,1000,1000
3.0175,0.1801,-0.8028,2.8548,0.1985,2.9959,0.0000,0.0000,3.1575,1.0000,2.9821,0.8235,8.9065,0.0007,0.2696,-0.9598,2.8259,0.4545,8.9476,0.0278,0.2803,-0.9614,4.7674,1.1957,11.4278,-0.3377,0.0081,-0.9934,1.1742,2.5178,12.2106,-0.2714,0.0716,-0.9923,1.0000,-5.3626,-0.5140,0.1194,0.0000,1439.6853,1496.9268,0.0000,-0.927664,0.567331,0.477560,1.416806,2.048263,2.215467,-1.215233,0.293497,-0.750000,0.000000,0.000000,0.000000,-1.156480,0.369991,-0.201860,1.0000,1.0000,1.0000,1.660,4.810,0.340,5.000,3.000,8.000,1.500,0.060,0.110,813649941,842545362,813648182,6750,1000,1506,1504,1505,1000,1000,1505,1505,1505,1096,2008,1625,1017,1000,1000
3.0165,0.1803,-0.7920,2.8528,0.2006,3.0082,0.0000,0.0000,3.1575,1.0000,0.4363,2.0694,11.2151,-0.6313,0.1232,-1.0358,0.1515,2.1487,10.4810,-0.6133,0.0789,-1.0376,-0.5118,3.1637,9.8692,-0.7710,0.1504,-1.0754,-0.2965,4.3153,9.2423,-0.6948,0.2432,-1.0783,1.0000,-5.1654,-0.4537,0.1255,0.0000,1426.5043,1456.1696,0.0000,-0.910656,0.592190,0.504109,1.425298,2.098105,2.208172,-1.215233,0.293497,-0.750000,0.000000,0.000000,0.000000,-1.156480,0.369991,-0.201860,1.0000,1.0000,1.0000,1.660,4.810,0.340,5.000,3.000,8.000,1.500,0.060,0.110,813660441,842545362,813660182,6750,1000,1506,1504,1505,1000,1000,1505,1505,1505,1096,2008,1625,1017,1000,1000
3.0113,0.1781,-0.7800,2.8479,0.2006,3.0186,0.0000,0.0000,3.1575,1.0000,-1.9791,3.5567,8.9006,-0.8177,0.5914,-1.1221,-1.9276,3.5432,7.8745,-0.8278,0.5481,-1.1271,-1.1870,3.5803,7.7695,-0.8397,0.9578,-1.1197,-0.9896,3.4193,7.1018,-0.7622,0.8115,-1.1151,1.0000,-5.0943,-0.5897,0.1324,0.0000,1394.4042,1467.1467,0.0000,-0.897686,0.611297,0.524038,1.458874,2.148344,2.223600,-1.215233,0.293497,-0.750000,0.000000,0.000000,0.000000,-1.156480,0.369991,-0.201860,1.0000,1.0000,1.0000,1.660,4.810,0.340,5.000,3.000,8.000,1.500,0.060,0.110,813670941,842545362,813669182,6750,1000,1506,1504,1505,1000,1000,1505,1505,1505,1096,2008,1625,1017,1000,1000
3.0053,0.1699,-0.7667,2.8408,0.1941,3.0352,0.0000,0.0000,3.1575,1.0000,-0.4347,2.5358,7.2913,-0.9198,1.1090,-1.1188,-0.3831,2.5377,6.9423,-0.8936,1.0778,-1.1187,1.0588,2.4527,6.4527,-1.0686,1.3039,-1.0379,0.1273,1.9629,4.8320,-1.1231,1.2208,-1.0544,1.0000,-5.0768,-0.7691,0.1322,0.0000,1357.3865,1496.8439,0.0000,-0.879928,0.637449,0.550990,1.495779,2.207624,2.269115,-1.215233,0.293497,-0.750000,0.000000,0.000000,0.000000,-1.156480,0.369991,-0.201860,1.0000,1.0000,1.0000,1.660,4.810,0.340,5.000,3.000,8.000,1.500,0.060,0.110,813681441,842545362,813681182,6750,1000,1506,1504,1505,1000,1000,1505,1505,1505,1096,2008,1625,1017,1000,1000
2.9965,0.1585,-0.7537,2.8329,0.1863,3.0477,0.0000,0.0000,3.1575,1.0000,0.6082,1.4906,6.9916,-1.3586,1.2619,-0.9580,0.6250,1.6151,6.3327,-1.3456,1.3581,-0.9612,1.0109,2.1917,6.9172,-1.6104,1.8734,-0.8855,0.2189,1.2985,5.9202,-1.6387,1.4619,-0.8967,1.0000,-4.9613,-0.8364,0.1187,0.0000,1320.0984,1500.9901,0.0000,-0.866411,0.657468,0.571566,1.507142,2.240673,2.303861,-1.215233,0.293497,-0.750000,0.000000,0.000000,0.000000,-1.156480,0.369991,-0.201860,1.0000,1.0000,1.0000,1.660,4.810,0.340,5.000,3.000,8.000,1.500,0.060,0.110,813691941,842545362,813690182,6750,1000,1506,1504,1505,1000,1000,1505,1505,1505,1096,2008,1625,1017,1000,1000
2.9814,0.1438,-0.7421,2.8153,0.1717,3.0637,0.0000,0.0000,3.1575,1.0000,-0.0174,2.1220,3.0247,-1.9667,1.8058,-0.7861,-0.0848,2.1588,6.2331,-1.9270,1.7654,-0.7732,-2.3817,2.3760,7.3888,-2.2158,2.0567,-0.7429,-1.6827,3.9454,5.4192,-2.1634,2.0536,-0.7207,1.0000,-4.7540,-0.9387,0.0995,0.0000,1256.9987,1502.4148,0.0000,-0.848250,0.684611,0.599622,1.515097,2.275570,2.377514,-1.215233,0.293497,-0.750000,0.000000,0.000000,0.000000,-1.156480,0.369991,-0.201860,1.0000,1.0000,1.0000,1.660,4.810,0.340,5.000,3.000,8.000,1.500,0.060,0.110,813702441,842545362,813702198,6750,1000,1506,1504,1505,1000,1000,1505,1505,1505,1096,2008,1625,1017,1000,1000
2.9597,0.1224,-0.7302,2.7966,0.1553,3.0768,0.0000,0.0000,3.1575,1.0000,-1.1851,3.0928,7.3229,-2.5723,2.5515,-0.7514,-1.3832,2.4593,6.2337,-2.5508,2.4927,-0.7372,-3.1789,5.6513,6.9483,-2.8526,2.9067,-0.7663,-5.1215,1.6307,5.4264,-2.8100,2.8848,-0.7462,1.0000,-4.5424,-1.1331,0.0892,0.0000,1174.4559,1514.4097,0.0000,-0.834559,0.705226,0.621199,1.534499,2.316530,2.422691,-1.215233,0.293497,-0.750000,0.000000,0.000000,0.000000,-1.156480,0.369991,-0.201860,1.0000,1.0000,1.0000,1.660,4.810,0.340,5.000,3.000,8.000,1.500,0.060,0.110,813712941,842545362,813711182,6750,1000,1506,1504,1505,1000,1000,1505,1505,1505,1096,2008,1625,1017,1000,1000
2.9310,0.0928,-0.7157,2.7639,0.1246,3.0990,0.0000,0.0000,3.1575,1.0000,-1.0232,3.1817,6.5939,-3.3152,3.3911,-0.8570,-1.2813,2.7550,5.8161,-3.2986,3.3545,-0.8209,-0.1694,1.6314,9.7974,-3.5329,3.6251,-0.8993,-5.4789,1.0776,3.5696,-3.6098,3.6473,-0.8988,1.0000,-4.3053,-1.3763,0.0947,0.0000,1079.1736,1522.6881,0.0000,-0.815971,0.733403,0.650601,1.561660,2.379318,2.478649,-1.215233,0.293497,-0.750000,0.000000,0.000000,0.000000,-1.156480,0.369991,-0.201860,1.0000,1.0000,1.0000,1.660,4.810,0.340,5.000,3.000,8.000,1.500,0.060,0.110,813723441,842545362,813723182,6750,1000,1506,1504,1505,1000,1000,1505,1505,1505,1096,2008,1625,1017,1000,1000
2.8955,0.0574,-0.6988,2.7337,0.0970,3.1183,0.0000,0.0000,3.1575,1.0000,-2.6397,-7.5377,17.0825,-3.3048,3.4296,-0.4600,-3.3004,4.3046,19.9209,-3.1159,2.4039,0.1885,-5.7527,35.0449,39.6866,-2.2376,2.7618,0.4588,-58.4920,-58.7502,-58.7902,-0.5217,-3.9424,2.5064,1.0000,-4.0365,-1.5172,0.0951,0.0000,992.1577,1511.8395,0.0000,-0.801857,0.755068,0.672956,1.577949,2.429418,2.463210,-1.215233,0.293497,-0.750000,0.000000,0.000000,0.000000,-1.156480,0.369991,-0.201860,1.0000,1.0000,1.0000,1.660,4.810,0.340,5.000,3.000,8.000,1.500,0.060,0.110,813733941,842545362,813732182,6750,1000,1506,1504,1505,1000,1000,1505,1505,1505,1096,2008,1625,1017,1000,1000
2.8801,0.0495,-0.6781,2.7189,0.0935,3.1406,0.0000,0.0000,3.1575,1.0000,-2.8339,6.3723,13.0530,0.1327,-0.4881,-0.7145,8.1636,4.5124,16.6143,1.5145,-1.8126,0.2609,-39.3266,-39.1454,39.6866,1.4460,-2.9171,-0.2942,-58.4920,5.2383,58.8920,1.6347,-2.7969,1.3966,1.0000,-5.3013,-0.0828,0.0793,0.0000,1490.2555,1434.0370,0.0000,-0.782375,0.784407,0.701993,1.658927,2.492414,2.398411,-1.215233,0.293497,-0.750000,0.000000,0.000000,0.000000,-1.156480,0.369991,-0.201860,1.0000,1.0000,1.0000,1.660,4.810,0.340,5.000,3.000,8.000,1.500,0.060,0.110,813744441,842545362,813744182,6750,1000,1506,1504,1505,1000,1000,1505,1505,1505,1096,2008,1625,1017,1000,1000
2.8927,0.0610,-0.6899,2.7293,0.1021,3.1272,0.0000,0.0000,3.1575,1.0000,-3.6161,0.7822,9.1585,1.6418,-1.7211,1.7919,-11.4832,10.6751,6.3797,1.6750,-1.8374,1.7889,-39.3266,-11.1249,9.6968,2.0340,-2.8782,1.9276,31.5829,58.9320,58.8920,1.6730,-2.2749,0.9609,1.0000,-5.8493,0.3266,-0.1738,0.0000,1518.3873,1576.1775,0.0000,-0.767278,0.807295,0.723784,1.688756,2.568633,2.435356,-1.215233,0.293497,-0.750000,0.000000,0.000000,0.000000,-1.156480,0.369991,-0.201860,1.0000,1.0000,1.0000,1.660,4.810,0.340,5.000,3.000,8.000,1.500,0.060,0.110,813754941,842545362,813753198,6750,1000,1506,1504,1505,1000,1000,1505,1505,1505,1096,2008,1625,1017,1000,1000
2.9061,0.0688,-0.7188,2.7425,0.1054,3.0932,0.0000,0.0000,3.1575,1.0000,-7.2591,-3.8807,4.2002,1.0086,-0.7974,2.8825,-6.8155,4.2670,5.2826,0.9886,-1.7252,2.9250,-21.5449,24.5320,4.7791,0.1238,-1.0140,2.4507,-58.4920,58.9320,-19.4084,0.0631,-1.2078,2.2283,1.0000,-5.7062,0.0351,-0.2778,0.0000,1397.0171,1660.3953,0.0000,-0.746488,0.838256,0.753179,1.787271,2.580593,2.481878,-1.215233,0.293497,-0.750000,0.000000,0.000000,0.000000,-1.156480,0.369991,-0.201860,1.0000,1.0000,1.0000,1.660,4.810,0.340,5.000,3.000,8.000,1.500,0.060,0.110,813765441,842545362,813765182,6750,1000,1506,1504,1505,1000,1000,1505,1505,1505,1096,2008,1625,1017,1000,1000
2.9076,0.0632,-0.7512,2.7425,0.0958,3.0664,0.0000,0.0000,3.1575,1.0000,-5.1187,-10.4929,-3.9315,-0.1889,0.3197,3.2003,-10.2050,-5.3893,1.1857,0.2702,0.3159,3.6090,-33.0059,39.3066,-5.4585,-0.8163,0.6682,3.1427,6.1340,41.7326,-0.7293,-0.9455,0.7217,2.9354,1.0000,-5.3388,-0.3071,-0.3143,0.0000,1255.0668,1689.2263,0.0000,-0.730021,0.861374,0.775957,1.864417,2.543161,2.583413,-1.215233,0.293497,-0.750000,0.000000,0.000000,0.000000,-1.156480,0.369991,-0.201860,1.0000,1.0000,1.0000,1.660,4.810,0.340,5.000,3.000,8.000,1.500,0.060,0.110,813775941,842545362,813774182,6750,1000,1506,1504,1505,1000,1000,1505,1505,1505,1096,2008,1625,1017,1000,1000
2.8946,0.0469,-0.7818,2.7263,0.0716,3.0355,0.0000,0.0000,3.1575,1.0000,-5.8871,-10.3686,0.8559,-1.8327,1.1677,3.0078,-1.9976,-6.0291,6.7916,-1.6346,1.2385,3.2739,-11.8220,15.1156,-33.2216,-1.9650,1.2128,2.9687,38.7101,58.9320,48.3960,-2.3652,1.0954,2.5080,1.0000,-4.8230,-0.5766,-0.2991,0.0000,1117.8440,1663.0214,0.0000,-0.707304,0.890958,0.807471,1.923264,2.398188,2.658719,-1.215233,0.293497,-0.750000,0.000000,0.000000,0.000000,-1.156480,0.369991,-0.201860,1.0000,1.0000,1.0000,1.660,4.810,0.340,5.000,3.000,8.000,1.500,0.060,0.110,813786441,842545362,813786182,6750,1000,1506,1504,1505,1000,1000,1505,1505,1505,1096,2008,1625,1017,1000,1000
2.8671,0.0249,-0.8083,2.7018,0.0494,3.0161,0.0000,0.0000,3.1575,1.0000,-7.3243,-7.0085,14.9608,-2.8291,1.2457,2.4940,-7.0914,-7.5263,10.6930,-2.8320,2.2425,3.1657,-39.3266,-39.1454,39.6866,-3.4918,0.9016,3.8424,-58.4920,-58.7502,-22.6748,-6.3406,1.1007,0.7047,1.0000,-4.3779,-0.6448,-0.2849,0.0000,1027.9753,1612.8639,0.0000,-0.689833,0.912400,0.831624,1.961968,2.376568,2.684963,-1.215233,0.293497,-0.750000,0.000000,0.000000,0.000000,-1.156480,0.369991,-0.201860,1.0000,1.0000,1.0000,1.660,4.810,0.340,5.000,3.000,8.000,1.500,0.060,0.110,813796941,842545362,813795182,6750,1000,1506,1504,1505,1000,1000,1505,1505,1505,1096,2008,1625,1017,1000,1000
2.8407,0.0097,-0.8320,2.6725,0.0283,2.9910,0.0000,0.0000,3.1575,1.0000,-1.0336,-3.1661,8.3079,-1.7918,0.2080,3.3798,-0.1902,-3.6198,10.6526,-1.8753,-0.1485,3.1798,33.6152,-13.9309,-38.7654,-0.2410,-0.9373,2.8069,11.9180,58.9320,58.8920,-0.7561,0.1755,3.0665,1.0000,-4.5156,-0.3248,-0.2427,0.0000,1156.8699,1554.2897,0.0000,-0.665838,0.940569,0.863551,2.014177,2.328923,2.657131,-1.215233,0.293497,-0.750000,0.000000,0.000000,0.000000,-1.156480,0.369991,-0.201860,1.0000,1.0000,1.0000,1.660,4.810,0.340,5.000,3.000,8.000,1.500,0.060,0.110,813807441,842545362,813807182,6750,1000,1506,1504,1505,1000,1000,1505,1505,1505,1096,2008,1625,1017,1000,1000
2.8317,0.0029,-0.8762,2.6645,0.0164,2.9535,0.0000,0.0000,3.1575,1.0000,1.8075,4.6128,10.6583,-0.3119,-1.0591,4.8741,5.9211,6.7301,20.8578,0.5693,-0.8907,4.3982,-39.3266,0.0489,21.4931,-0.5120,-1.5880,4.0297,-44.6596,-4.8536,14.0997,1.7138,2.7391,3.8977,1.0000,-5.0435,0.1551,-0.4130,0.0000,1251.4786,1630.6265,0.0000,-0.647838,0.961902,0.887560,1.994557,2.429978,2.670303,-1.215233,0.293497,-0.750000,0.000000,0.000000,0.000000,-1.156480,0.369991,-0.201860,1.0000,1.0000,1.0000,1.660,4.810,0.340,5.000,3.000,8.000,1.500,0.060,0.110,813817941,842545362,813816182,6750,1000,1506,1504,1505,1000,1000,1505,1505,1505,1096,2008,1625,1017,1000,1000
2.8322,-0.0020,-0.9310,2.6642,0.0008,2.8928,0.0000,0.0000,3.1575,1.0000,-7.8384,-7.5612,8.3622,0.1377,-1.0512,5.3488,0.3468,-0.0155,5.4424,0.4586,0.3908,5.5042,-2.8054,39.3066,-5.2957,-0.2327,-1.1592,4.7705,-30.1897,-48.9258,14.4750,0.2011,0.2503,4.0271,1.0000,-5.2987,0.2838,-0.4709,0.0000,1286.7009,1670.2383,0.0000,-0.623529,0.991215,0.919727,2.070937,2.433227,2.679601,-1.215233,0.293497,-0.750000,0.000000,0.000000,0.000000,-1.156480,0.369991,-0.201860,1.0000,1.0000,1.0000,1.660,4.810,0.340,5.000,3.000,8.000,1.500,0.060,0.110,813828441,842545362,813828182,6750,1000,1506,1504,1505,1000,1000,1505,1505,1505,1096,2008,1625,1017,1000,1000
2.8311,-0.0142,-0.9882,2.6630,-0.0177,2.8461,0.0000,0.0000,3.1575,1.0000,-5.1857,4.2607,0.4593,-0.5210,-0.1235,5.7068,-5.5638,-3.0301,0.1893,-0.4280,-0.5782,5.8810,-13.2873,39.3066,8.8828,-0.6607,-0.3838,5.3295,-27.8697,54.4768,45.5444,-0.6855,-0.0850,4.9182,1.0000,-5.2225,0.1002,-0.5110,0.0000,1213.7732,1710.0015,0.0000,-0.604555,1.013126,0.944020,2.143484,2.450080,2.735119,-1.215233,0.293497,-0.750000,0.000000,0.000000,0.000000,-1.156480,0.369991,-0.201860,1.0000,1.0000,1.0000,1.660,4.810,0.340,5.000,3.000,8.000,1.500,0.060,0.110,813838941,842545362,813837182,6750,1000,1506,1504,1505,1000,1000,1505,1505,1505,1096,2008,1625,1017,1000,1000
2.8236,-0.0354,-1.0452,2.6546,-0.0523,2.7861,0.0000,0.0000,3.1575,1.0000,-1.9950,-2.4502,1.1596,-1.1153,0.5177,5.8574,-4.1122,1.1041,2.7717,-1.1234,0.4105,5.8656,-32.4433,-18.0944,39.6866,-1.7249,0.3852,5.6335,-34.6862,-4.6920,-14.2062,-1.4152,0.2408,5.4418,1.0000,-4.9065,-0.1849,-0.5388,0.0000,1076.6522,1730.9756,0.0000,-0.578406,1.042623,0.977613,2.201474,2.450978,2.852089,-1.215233,0.293497,-0.750000,0.000000,0.000000,0.000000,-1.156480,0.369991,-0.201860,1.0000,1.0000,1.0000,1.660,4.810,0.340,5.000,3.000,8.000,1.500,0.060,0.110,813849441,842545362,813849182,6750,1000,1506,1504,1505,1000,1000,1505,1505,1505,1096,2008,1625,1017,1000,1000
2.8116,-0.0623,-1.1007,2.6443,-0.0827,2.7431,0.0000,0.0000,3.1575,1.0000,-1.1336,2.4994,8.1287,-1.8239,0.8697,5.6767,-4.4851,-1.1049,10.5047,-1.8108,0.9784,5.7945,-39.3266,-20.1654,-25.0526,-2.6738,1.4633,5.6146,29.7046,55.0120,-58.7902,-2.4856,1.0989,5.7148,1.0000,-4.6786,-0.2518,-0.5178,0.0000,1030.7589,1704.6838,0.0000,-0.558455,1.064738,1.003516,2.229003,2.470746,2.898320,-1.215233,0.293497,-0.750000,0.000000,0.000000,0.000000,-1.156480,0.369991,-0.201860,1.0000,1.0000,1.0000,1.660,4.810,0.340,5.000,3.000,8.000,1.500,0.060,0.110,813859941,842545362,813858182,6750,1000,1506,1504,1505,1000,1000,1505,1505,1505,1096,2008,1625,1017,1000,1000
2.7934,-0.0923,-1.1545,2.6243,-0.1264,2.6880,0.0000,0.0000,3.1575,1.0000,2.7790,0.1594,1.2969,-2.2444,0.9543,5.8872,-4.1272,-0.9781,6.8155,-2.3522,0.8489,5.6753,-39.3266,-2.7140,-38.7654,-1.6058,1.3516,5.6330,59.1902,58.9320,36.7095,0.2549,3.9304,4.8151,1.0000,-4.5231,-0.2373,-0.5330,0.0000,993.7985,1691.8007,0.0000,-0.531427,1.094285,1.038579,2.255915,2.453693,2.959373,-1.215233,0.293497,-0.750000,0.000000,0.000000,0.000000,-1.156480,0.369991,-0.201860,1.0000,1.0000,1.0000,1.660,4.810,0.340,5.000,3.000,8.000,1.500,0.060,0.110,813870441,842545362,813870182,6750,1000,1506,1504,1505,1000,1000,1505,1505,1505,1096,2008,1625,1017,1000,1000
2.7763,-0.1201,-1.2083,2.6109,-0.1571,2.6463,0.0000,0.0000,3.1575,1.0000,-2.1598,-4.1320,3.9669,-2.0628,0.3491,5.4714,0.2767,-7.4942,6.7716,-1.1534,0.2324,4.7467,26.1404,39.3066,-24.7462,-1.6748,0.1875,6.6067,21.7603,13.4232,5.1768,-2.1120,0.0684,4.9683,1.0000,-4.5395,0.0025,-0.4858,0.0000,1088.8937,1631.7400,0.0000,-0.511077,1.116246,1.065563,2.261084,2.423425,3.030388,-1.215233,0.293497,-0.750000,0.000000,0.000000,0.000000,-1.156480,0.369991,-0.201860,1.0000,1.0000,1.0000,1.660,4.810,0.340,5.000,3.000,8.000,1.500,0.060,0.110,813880941,842545362,813879182,6750,1000,1506,1504,1505,1000,1000,1505,1505,1505,1096,2008,1625,1017,1000,1000
2.7667,-0.1415,-1.2673,2.6024,-0.1924,2.5828,0.0000,0.0000,3.1575,1.0000,-3.0828,6.4625,19.0858,-1.1717,-0.4682,6.4046,-2.4129,5.4504,14.0059,-0.6944,-0.2383,5.8160,0.9511,-39.1454,-17.5205,-0.5125,-0.7905,5.0998,59.1902,44.6040,49.1215,-1.3628,0.1678,5.3052,1.0000,-4.7752,0.3346,-0.5465,0.0000,1170.8147,1637.9711,0.0000,-0.483890,1.145548,1.102120,2.289958,2.493506,3.041662,-1.215233,0.293497,-0.750000,0.000000,0.000000,0.000000,-1.156480,0.369991,-0.201860,1.0000,1.0000,1.0000,1.660,4.810,0.340,5.000,3.000,8.000,1.500,0.060,0.110,813891441,842545362,813891182,6750,1000,1506,1504,1505,1000,1000,1505,1505,1505,1096,2008,1625,1017,1000,1000
2.7694,-0.1602,-1.3327,2.6069,-0.2169,2.5298,0.0000,0.0000,3.1575,1.0000,-4.3018,-2.3190,9.1128,-0.5435,-0.5347,6.7816,-9.7850,2.6014,7.5233,0.0796,-0.7139,6.4729,-39.3266,39.3066,29.9278,-0.6303,-0.9637,5.6978,-58.4920,-11.7096,7.5310,-0.9074,0.4751,5.5150,1.0000,-5.0581,0.4708,-0.5759,0.0000,1230.5446,1665.1918,0.0000,-0.463102,1.168456,1.129299,2.329325,2.579695,3.003059,-1.215233,0.293497,-0.750000,0.000000,0.000000,0.000000,-1.156480,0.369991,-0.201860,1.0000,1.0000,1.0000,1.660,4.810,0.340,5.000,3.000,8.000,1.500,0.060,0.110,813901941,842545362,813900182,6750,1000,1506,1504,1505,1000,1000,1505,1505,1505,1096,2008,1625,1017,1000,1000
2.7748,-0.1819,-1.4005,2.6163,-0.2530,2.4565,0.0000,0.0000,3.1575,1.0000,-2.3813,-1.6683,4.9269,-0.7863,-0.2165,6.6633,-4.8092,-8.7022,9.1895,-0.8136,-0.3213,6.5780,-24.3868,-14.3475,6.1582,-1.4547,-0.1789,6.8939,10.3072,30.8542,-14.5330,-1.8033,-0.5478,6.4126,1.0000,-5.0665,0.4514,-0.5759,0.0000,1227.7825,1669.2312,0.0000,-0.434827,1.199359,1.165520,2.374974,2.574469,3.043742,-1.215233,0.293497,-0.750000,0.000000,0.000000,0.000000,-1.156480,0.369991,-0.201860,1.0000,1.0000,1.0000,1.660,4.810,0.340,5.000,3.000,8.000,1.500,0.060,0.110,813912441,842545362,813912182,6750,1000,1506,1504,1505,1000,1000,1505,1505,1505,1096,2008,1625,1017,1000,1000
2.7752,-0.2081,-1.4680,2.6195,-0.2837,2.4020,0.0000,0.0000,3.1575,1.0000,-6.0908,-2.2910,2.9411,-1.5791,0.1705,6.7177,-7.9055,0.0048,5.9518,-1.7340,-0.2784,6.6901,-31.3348,19.3150,-19.1485,-1.8771,0.2978,6.7026,-2.3615,57.9013,-47.1827,-1.9002,0.4898,6.5002,1.0000,-4.8579,0.3363,-0.5833,0.0000,1163.5107,1666.4158,0.0000,-0.413300,1.222456,1.193031,2.415898,2.557877,3.071589,-1.215233,0.293497,-0.750000,0.000000,0.000000,0.000000,-1.156480,0.369991,-0.201860,1.0000,1.0000,1.0000,1.660,4.810,0.340,5.000,3.000,8.000,1.500,0.060,0.110,813922941,842545362,813921182,6750,1000,1506,1504,1505,1000,1000,1505,1505,1505,1096,2008,1625,1017,1000,1000
2.7706,-0.2373,-1.5356,2.6189,-0.3279,2.3290,0.0000,0.0000,3.1575,1.0000,-3.7707,-0.1159,8.5921,-2.0967,0.3818,7.0430,-9.1518,-8.0251,3.5725,-1.5659,0.7688,6.9563,-39.3266,-39.1454,14.8731,-2.9075,0.7108,6.2811,31.2794,21.0155,-51.1854,-3.4622,-0.1188,6.8171,1.0000,-4.6879,0.3070,-0.5933,0.0000,1121.2567,1655.8622,0.0000,-0.384158,1.252682,1.230351,2.444946,2.503400,3.135693,-1.215233,0.293497,-0.750000,0.000000,0.000000,0.000000,-1.156480,0.369991,-0.201860,1.0000,1.0000,1.0000,1.660,4.810,0.340,5.000,3.000,8.000,1.500,0.060,0.110,813933441,842545362,813933182,6750,1000,1506,1504,1505,1000,1000,1505,1505,1505,1096,2008,1625,1017,1000,1000
2.7634,-0.2683,-1.6048,2.6162,-0.3630,2.2734,0.0000,0.0000,3.1575,1.0000,3.7162,6.2683,9.0697,-2.4493,0.5184,7.2666,-5.8058,-1.9258,10.5076,-2.7463,-0.1615,7.0224,-39.3266,-39.1454,-38.7654,-3.4926,1.2043,6.7492,59.1902,58.9320,-58.7902,-1.5433,2.1458,6.8349,1.0000,-4.5087,0.3456,-0.5948,0.0000,1097.5195,1628.7919,0.0000,-0.362150,1.275393,1.258839,2.446480,2.554995,3.195346,-1.215233,0.293497,-0.750000,0.000000,0.000000,0.000000,-1.156480,0.369991,-0.201860,1.0000,1.0000,1.0000,1.660,4.810,0.340,5.000,3.000,8.000,1.500,0.060,0.110,813943941,842545362,813942182,6750,1000,1506,1504,1505,1000,1000,1505,1505,1505,1096,2008,1625,1017,1000,1000
2.7588,-0.3018,-1.6773,2.6176,-0.4119,2.1941,0.0000,0.0000,3.1575,1.0000,0.0194,-6.7144,-8.7439,-2.2674,0.2876,7.3701,4.9528,-5.7385,9.6615,-2.4513,0.0264,6.6318,-39.3266,-39.1454,18.7972,-2.2299,-0.3852,7.0386,-35.7960,20.3169,-53.5970,-2.6273,-0.6104,7.1689,1.0000,-4.5856,0.5019,-0.6246,0.0000,1129.7653,1628.2931,0.0000,-0.332816,1.305972,1.297691,2.414588,2.515854,3.303658,-1.215233,0.293497,-0.750000,0.000000,0.000000,0.000000,-1.156480,0.369991,-0.201860,1.0000,1.0000,1.0000,1.660,4.810,0.340,5.000,3.000,8.000,1.500,0.060,0.110,813954441,842545362,813954182,6750,1000,1506,1504,1505,1000,1000,1505,1505,1505,1096,2008,1625,1017,1000,1000
2.7616,-0.3313,-1.7550,2.6267,-0.4453,2.1286,0.0000,0.0000,3.1575,1.0000,-4.7054,3.8975,5.3611,-1.6712,-0.3634,7.6176,-1.4832,15.2336,16.8136,-2.5215,1.7151,7.1914,-21.2001,-39.1454,-21.9114,-2.1811,0.1611,8.7314,-34.9358,-58.7502,-54.9007,-0.8126,-1.2227,8.3642,1.0000,-4.8033,0.7643,-0.6394,0.0000,1216.8740,1619.8702,0.0000,-0.311288,1.328399,1.327751,2.386955,2.478331,3.363473,-1.215233,0.293497,-0.750000,0.000000,0.000000,0.000000,-1.156480,0.369991,-0.201860,1.0000,1.0000,1.0000,1.660,4.810,0.340,5.000,3.000,8.000,1.500,0.060,0.110,813964941,842545362,813963182,6750,1000,1506,1504,1505,1000,1000,1505,1505,1505,1096,2008,1625,1017,1000,1000
2.7732,-0.3559,-1.8376,2.6503,-0.4842,2.0339,0.0000,0.0000,3.1575,1.0000,-4.8336,1.9831,1.8990,-1.5411,-0.6629,7.9484,-16.1448,2.4489,0.8477,-1.3979,-0.7776,7.7690,39.1254,-24.8843,-32.1490,-1.3431,-0.7169,7.5126,19.9053,56.7448,58.8327,-1.4911,0.1009,7.7330,1.0000,-4.9072,0.9543,-0.6577,0.0000,1263.7651,1611.1241,0.0000,-0.282207,1.358059,1.368610,2.452636,2.459126,3.448243,-1.215233,0.293497,-0.750000,0.000000,0.000000,0.000000,-1.156480,0.369991,-0.201860,1.0000,1.0000,1.0000,1.660,4.810,0.340,5.000,3.000,8.000,1.500,0.060,0.110,813975441,842545362,813975182,6750,1000,1506,1504,1505,1000,1000,1505,1505,1505,1096,2008,1625,1017,1000,1000
2.7883,-0.3811,-1.9251,2.6721,-0.5139,1.9579,0.0000,0.0000,3.1575,1.0000,-4.7402,-2.3942,5.9609,-1.7429,-0.2257,8.2269,-3.0750,2.4699,7.4473,-1.1142,0.7083,8.2753,-39.3266,33.1703,12.0408,-1.9762,-0.2903,8.0077,-12.5720,-23.0963,29.5662,-1.9298,0.1851,7.9724,1.0000,-4.9129,0.8930,-0.6761,0.0000,1241.6169,1631.3726,0.0000,-0.260040,1.380254,1.399906,2.474568,2.472533,3.496576,-1.215233,0.293497,-0.750000,0.000000,0.000000,0.000000,-1.156480,0.369991,-0.201860,1.0000,1.0000,1.0000,1.660,4.810,0.340,5.000,3.000,8.000,1.500,0.060,0.110,813985941,842545362,813984182,6750,1000,1506,1504,1505,1000,1000,1505,1505,1505,1096,2008,1625,1017,1000,1000
2.8025,-0.4119,-2.0159,2.7023,-0.5586,1.8516,0.0000,0.0000,3.1575,1.0000,-6.1764,3.0216,3.2796,-2.1118,0.1336,8.6431,-7.9536,5.4882,8.0317,-1.8530,0.1383,8.4425,-15.8993,-26.8620,12.4262,-2.8505,0.0204,8.6941,-47.4843,-14.8001,-33.0630,-1.7846,-0.6847,8.0531,1.0000,-4.8000,0.7973,-0.7163,0.0000,1179.3693,1653.8052,0.0000,-0.230132,1.409754,1.441894,2.516002,2.440945,3.515710,-1.215233,0.293497,-0.750000,0.000000,0.000000,0.000000,-1.156480,0.369991,-0.201860,1.0000,1.0000,1.0000,1.660,4.810,0.340,5.000,3.000,8.000,1.500,0.060,0.110,813996441,842545362,813996182,6750,1000,1506,1504,1505,1000,1000,1505,1505,1505,1096,2008,1625,1017,1000,1000
2.8187,-0.4452,-2.1093,2.7281,-0.5937,1.7684,0.0000,0.0000,3.1575,1.0000,-5.3336,-3.3547,-6.7683,-2.1049,0.6230,8.7245,-5.6555,-9.0336,-3.5736,-1.8416,0.7148,8.5268,-39.3266,-39.1454,39.6866,-2.2786,0.6042,8.7314,-58.4920,-35.1796,9.2656,-1.2994,0.9494,8.7091,1.0000,-4.8686,0.7516,-0.7140,0.0000,1182.0516,1668.0381,0.0000,-0.207480,1.431546,1.473793,2.498670,2.392996,3.571146,-1.215233,0.293497,-0.750000,0.000000,0.000000,0.000000,-1.156480,0.369991,-0.201860,1.0000,1.0000,1.0000,1.660,4.810,0.340,5.000,3.000,8.000,1.500,0.060,0.110,814006941,842545362,814005182,6750,1000,1506,1504,1505,1000,1000,1505,1505,1505,1096,2008,1625,1017,1000,1000
2.8389,-0.4834,-2.2034,2.7690,-0.6447,1.6553,0.0000,0.0000,3.1575,1.0000,-3.6305,-0.9866,3.4356,-2.0064,1.2455,8.7232,-0.8711,-4.3619,-4.2081,-2.1214,0.3627,8.6489,39.1254,-16.4687,39.6866,-2.4790,1.1100,8.7314,-58.4920,-58.7502,58.8920,-2.0203,1.1391,8.7266,1.0000,-4.9749,0.6102,-0.7034,0.0000,1174.4265,1697.4337,0.0000,-0.177550,1.460019,1.517253,2.498828,2.366140,3.663595,-1.215233,0.293497,-0.750000,0.000000,0.000000,0.000000,-1.156480,0.369991,-0.201860,1.0000,1.0000,1.0000,1.660,4.810,0.340,5.000,3.000,8.000,1.500,0.060,0.110,814017441,842545362,814017182,6750,1000,1506,1504,1505,1000,1000,1505,1505,1505,1096,2008,1625,1017,1000,1000
2.8642,-0.5232,-2.2987,2.8054,-0.6841,1.5675,0.0000,0.0000,3.1575,1.0000,-1.5068,-3.4583,9.9559,-2.0187,1.3207,8.7311,-1.2076,-6.1497,7.7903,-1.5909,0.6680,8.4805,-30.6500,-39.1454,39.6866,-2.4561,0.0838,8.7314,-51.6306,-58.7502,47.4048,-1.8970,0.8038,8.7266,1.0000,-5.0901,0.5390,-0.6945,0.0000,1183.0452,1717.4243,0.0000,-0.155078,1.481433,1.550497,2.494529,2.392846,3.713154,-1.215233,0.293497,-0.750000,0.000000,0.000000,0.000000,-1.156480,0.369991,-0.201860,1.0000,1.0000,1.0000,1.660,4.810,0.340,5.000,3.000,8.000,1.500,0.060,0.110,814027941,842545362,814026182,6750,1000,1506,1504,1505,1000,1000,1505,1505,1505,1096,2008,1625,1017,1000,1000
2.8907,-0.5491,-2.4011,2.8595,-0.7177,1.4375,0.0000,0.0000,3.1575,1.0000,-5.2012,-0.1911,6.5755,-2.7841,-0.7972,8.7315,-2.7804,-1.8389,12.8850,-2.7048,-0.5259,8.5496,24.8021,-6.0204,-6.8734,-2.0868,-0.8645,8.7314,49.2186,-45.1082,48.2811,-1.2363,0.6626,8.5674,1.0000,-4.9228,1.1025,-0.6844,0.0000,1282.4269,1602.7391,0.0000,-0.125072,1.510684,1.594707,2.517378,2.458373,3.672884,-1.215233,0.293497,-0.750000,0.000000,0.000000,0.000000,-1.156480,0.369991,-0.201860,1.0000,1.0000,1.0000,1.660,4.810,0.340,5.000,3.000,8.000,1.500,0.060,0.110,814038441,842545362,814038182,6750,1000,1506,1504,1505,1000,1000,1505,1505,1505,1096,2008,1625,1017,1000,1000
2.9218,-0.5585,-2.5088,2.9067,-0.7271,1.3333,0.0000,0.0000,3.1575,1.0000,-1.5311,4.4693,4.1153,-2.0473,-1.2554,8.7098,-7.7603,1.3289,3.9420,-0.8689,-0.4179,8.4264,-39.3266,39.3066,-17.5636,-2.0029,-1.4966,8.7314,-34.5228,52.5033,-27.3688,-1.7660,-1.8219,8.6111,1.0000,-5.0965,1.5646,-0.6627,0.0000,1409.6959,1535.3064,0.0000,-0.102381,1.532800,1.628124,2.545246,2.451745,3.755088,-1.215233,0.293497,-0.750000,0.000000,0.000000,0.000000,-1.156480,0.369991,-0.201860,1.0000,1.0000,1.0000,1.660,4.810,0.340,5.000,3.000,8.000,1.500,0.060,0.110,814048941,842545362,814047182,6750,1000,1506,1504,1505,1000,1000,1505,1505,1505,1096,2008,1625,1017,1000,1000
2.9611,-0.5663,-2.6178,2.9795,-0.7356,1.1919,0.0000,0.0000,3.1575,1.0000,-10.8811,4.7901,-12.7265,-1.6849,-0.8267,8.7339,-10.6289,5.5055,1.1833,-1.6960,-0.6627,8.7270,5.1098,-39.1454,-9.5190,-1.8163,-0.1501,8.7314,-48.8813,-15.7015,24.5885,-1.9162,-1.2794,8.7266,1.0000,-5.5237,1.4486,-0.6500,0.0000,1453.5493,1601.9406,0.0000,-0.071615,1.561906,1.673607,2.555470,2.356937,3.836657,-1.215233,0.293497,-0.750000,0.000000,0.000000,0.000000,-1.156480,0.369991,-0.201860,1.0000,1.0000,1.0000,1.660,4.810,0.340,5.000,3.000,8.000,1.500,0.060,0.110,814059441,842545362,814059197,6750,1000,1506,1504,1505,1000,1000,1505,1505,1505,1096,2008,1625,1017,1000,1000
3.0015,-0.5792,-2.7259,3.0349,-0.7450,1.0865,0.0000,0.0000,3.1575,1.0000,-11.3064,0.4298,-2.8976,-1.7433,0.2882,8.7313,-8.8966,-3.9720,-1.8105,-1.2162,-0.1549,8.7293,15.0050,-15.5158,33.1193,-0.8885,0.7785,8.7314,-40.7827,-57.1843,58.8920,0.7580,1.9258,8.7266,1.0000,-5.6074,1.0950,-0.6380,0.0000,1405.6512,1663.0807,0.0000,-0.048951,1.582486,1.708472,2.498392,2.236182,3.905046,-1.215233,0.293497,-0.750000,0.000000,0.000000,0.000000,-1.156480,0.369991,-0.201860,1.0000,1.0000,1.0000,1.660,4.810,0.340,5.000,3.000,8.000,1.500,0.060,0.110,814069941,842545362,814068182,6750,1000,1506,1504,1505,1000,1000,1505,1505,1505,1096,2008,1625,1017,1000,1000
3.0420,-0.5979,-2.8341,3.1100,-0.7609,0.9441,0.0000,0.0000,3.1575,1.0000,-3.4264,-5.9210,-4.4337,-2.0872,1.0644,8.7314,-4.7894,-0.7486,2.4320,-2.1404,0.7791,8.7262,0.2903,-39.1454,20.2912,-2.7745,1.1939,8.7314,-58.4920,-58.7502,11.2445,-2.8867,-0.7010,8.7266,1.0000,-5.6117,0.8597,-0.6262,0.0000,1367.3368,1694.6312,0.0000,-0.019235,1.609144,1.755715,2.441468,2.213168,3.982841,-1.215233,0.293497,-0.750000,0.000000,0.000000,0.000000,-1.156480,0.369991,-0.201860,1.0000,1.0000,1.0000,1.660,4.810,0.340,5.000,3.000,8.000,1.500,0.060,0.110,814080441,842545362,814080182,6750,1000,1506,1504,1505,1000,1000,1505,1505,1505,1096,2008,1625,1017,1000,1000
3.0801,-0.6180,-2.9432,-3.1189,-0.7725,0.8362,0.0000,0.0000,3.1575,1.0000,8.0457,7.9247,-0.7407,-2.5556,0.9474,8.3448,-4.2115,0.3918,6.6595,-1.0979,1.5214,6.7549,-37.7967,24.0292,-17.0656,-2.8779,2.4761,8.7314,50.3966,58.9320,12.7080,-5.4818,-2.1940,4.8436,1.0000,4.8063,0.8717,-0.5863,1796.3483,0.0000,0.0000,708.1092,0.002578,1.629037,1.792212,2.439202,2.197354,4.136558,-1.215233,0.293497,-0.750000,0.000000,0.000000,0.000000,-1.156480,0.369991,-0.201860,1.0000,1.0000,1.0000,1.660,4.810,0.340,5.000,3.000,8.000,1.500,0.060,0.110,814090941,842545362,814089182,6750,1000,1506,1504,1505,1000,1000,1505,1505,1505,1096,2008,1625,1017,1000,1000
3.1086,-0.6290,-3.0413,-3.0629,-0.7756,0.7086,0.0000,0.0000,3.1575,1.0000,-7.6646,-7.7800,10.5132,-2.7321,0.3509,7.0753,-2.6629,-3.4322,2.3969,-0.9395,2.4329,7.5355,39.1254,39.3066,-23.7645,-2.3253,0.5046,8.7314,15.4592,23.1649,58.8920,-0.8280,0.2424,8.0539,1.0000,4.8069,1.0911,-0.4085,1760.1044,0.0000,0.0000,828.0992,0.032177,1.655350,1.842027,2.459270,2.210506,4.135504,-1.215233,0.293497,-0.750000,0.000000,0.000000,0.000000,-1.156480,0.369991,-0.201860,1.0000,1.0000,1.0000,1.660,4.810,0.340,5.000,3.000,8.000,1.500,0.060,0.110,814101441,842545362,814101182,6750,1000,1506,1504,1505,1000,1000,1505,1505,1505,1096,2008,1625,1017,1000,1000
3.1392,-0.6317,3.1356,-3.0179,-0.7692,0.6044,0.0000,0.0000,3.1575,1.0000,-1.3160,5.7873,1.8288,-3.0566,-0.0198,8.7855,-7.9973,-5.7107,-1.5399,-2.8709,-0.2892,8.6392,-2.2596,39.3066,3.9292,-2.1281,-0.4864,8.7314,39.7695,58.9320,43.5674,-2.2725,-0.0338,8.7266,1.0000,4.9227,1.2731,-0.5807,1864.7056,0.0000,0.0000,587.4453,0.054285,1.675679,1.879520,2.463604,2.275547,4.186705,-1.215233,0.293497,-0.750000,0.000000,0.000000,0.000000,-1.156480,0.369991,-0.201860,1.0000,1.0000,1.0000,1.660,4.810,0.340,5.000,3.000,8.000,1.500,0.060,0.110,814111941,842545362,814110198,6750,1000,1506,1504,1505,1000,1000,1505,1505,1505,1096,2008,1625,1017,1000,1000
-3.1022,-0.6266,3.0213,-2.9488,-0.7491,0.4620,0.0000,0.0000,3.1575,1.0000,-6.7436,1.6476,6.5751,-2.0175,-0.4239,8.7397,-12.1407,8.3645,4.8096,-1.9966,0.0323,8.7389,-14.6424,12.3479,-10.6659,-1.9213,0.3079,8.7314,-5.6064,-22.6671,-0.1116,-2.3570,0.2386,8.7266,1.0000,4.5357,1.3577,-0.5757,1833.4517,0.0000,0.0000,394.3951,0.084051,1.702802,1.929886,2.492100,2.263725,4.210185,-1.215233,0.293497,-0.750000,0.000000,0.000000,0.000000,-1.156480,0.369991,-0.201860,1.0000,1.0000,1.0000,1.660,4.810,0.340,5.000,3.000,8.000,1.500,0.060,0.110,814122441,842545362,814122182,6750,1000,1506,1504,1505,1000,1000,1505,1505,1505,1096,2008,1625,1017,1000,1000
-3.0572,-0.6221,2.9085,-2.8963,-0.7329,0.3573,0.0000,0.0000,3.1575,1.0000,-11.9891,-0.4466,6.6196,-2.0219,0.4409,8.7298,-12.8389,-3.2117,3.9018,-2.1031,0.5176,8.7258,-29.4266,-20.0504,6.9100,-2.1132,0.7398,8.7314,-26.2625,-25.5780,0.0285,-2.2659,0.8147,8.7266,1.0000,4.4048,1.1250,-0.5607,1779.3566,0.0000,0.0000,501.8860,0.106402,1.723204,1.967939,2.445077,2.249207,4.193058,-1.215233,0.293497,-0.750000,0.000000,0.000000,0.000000,-1.156480,0.369991,-0.201860,1.0000,1.0000,1.0000,1.660,4.810,0.340,5.000,3.000,8.000,1.500,0.060,0.110,814132941,842545362,814131230,6750,1000,1506,1504,1491,1000,1000,1505,1505,1505,1096,2008,1625,1017,1000,1000
-3.0142,-0.6184,2.7960,-2.8320,-0.7102,0.2215,0.0000,0.0000,3.1575,1.0000,-12.8681,-7.0832,14.1196,-2.3425,0.4545,8.7316,-12.1509,-11.0947,13.3960,-2.3140,0.5404,8.7266,-9.5451,-3.3174,1.5733,-2.6173,0.3932,8.7314,-3.9543,-12.3812,6.2955,-2.4875,0.4328,8.7266,1.0000,4.3537,0.9835,-0.5495,1748.0759,0.0000,0.0000,570.2502,0.135259,1.750364,2.017718,2.383300,2.318512,4.127396,-1.215233,0.293497,-0.750000,0.000000,0.000000,0.000000,-1.156480,0.369991,-0.201860,1.0000,1.0000,1.0000,1.660,4.810,0.340,5.000,3.000,8.000,1.500,0.060,0.110,814143441,842545362,814143182,6750,1000,1506,1504,1500,1000,1000,1505,1505,1505,1096,2008,1625,1017,1000,1000
-2.9784,-0.6076,2.6852,-2.7928,-0.6865,0.1237,0.0000,0.0000,3.1575,1.0000,-6.5449,-1.6885,8.9593,-2.6682,0.0103,8.7314,-6.8636,-2.2362,8.6369,-2.6703,0.1050,8.7208,-9.6026,5.7207,4.1973,-2.4633,-0.1965,8.7314,-7.3572,5.9674,3.1297,-2.4478,-0.1222,8.7227,1.0000,4.4755,1.0668,-0.5347,1768.4984,0.0000,0.0000,595.3918,0.156550,1.771616,2.054694,2.352278,2.395378,4.097136,-1.215233,0.293497,-0.750000,0.000000,0.000000,0.000000,-1.156480,0.369991,-0.201860,1.0000,1.0000,1.0000,1.660,4.810,0.340,5.000,3.000,8.000,1.500,0.060,0.110,814153941,842545362,814152182,6750,1000,1506,1504,1503,1000,1000,1505,1505,1505,1096,2008,1625,1017,1000,1000
-2.9439,-0.5903,2.5775,-2.7467,-0.6470,0.0016,0.0000,0.0000,3.1575,1.0000,-5.9311,0.4852,5.1868,-2.3158,-0.2052,8.5547,-7.9095,0.3609,4.5896,-2.3625,-0.1552,8.5813,-15.0518,3.8916,-0.9861,-2.1190,0.0630,8.2763,-3.7514,-0.4577,0.1667,-2.1735,0.0240,8.4230,1.0000,4.2722,1.1275,-1.1911,1995.7771,0.0000,0.0000,0.0000,0.184718,1.800539,2.103938,2.338198,2.420790,4.114432,-1.215233,0.293497,-0.750000,0.000000,0.000000,0.000000,-1.156480,0.369991,-0.201860,1.0000,1.0000,1.0000,1.660,4.810,0.340,5.000,3.000,8.000,1.500,0.060,0.110,814164441,842545362,814164182,6750,1000,1506,1504,1504,1000,1000,1505,1505,1505,1096,2008,1625,1017,1000,1000
-2.9102,-0.5716,2.4740,-2.7156,-0.6165,-0.0844,0.0000,0.0000,3.1575,1.0000,-8.1478,0.8029,4.3288,-2.1076,0.1779,8.3726,-8.8061,-0.4493,4.0537,-2.0995,0.1968,8.4511,-17.1347,-15.4081,11.6050,-2.2309,0.4507,8.1705,-11.3275,-8.1990,5.8089,-1.9700,0.4661,8.2023,1.0000,4.1688,0.9602,-1.1653,1954.0651,0.0000,0.0000,0.0000,0.205666,1.822379,2.141062,2.313732,2.433197,4.133558,-1.215233,0.293497,-0.750000,0.000000,0.000000,0.000000,-1.156480,0.369991,-0.201860,1.0000,1.0000,1.0000,1.660,4.810,0.340,5.000,3.000,8.000,1.500,0.060,0.110,814174941,842545362,814173182,6750,1000,1506,1504,1504,1000,1000,1505,1505,1505,1096,2008,1625,1017,1000,1000
-2.8787,-0.5571,2.3729,-2.6781,-0.5809,-0.1964,0.0000,0.0000,3.1575,1.0000,-10.5273,-1.5155,5.9760,-2.1682,1.0252,8.1502,-10.1796,-1.4154,5.0409,-2.1414,1.0301,8.2260,-7.0983,1.2436,2.9069,-2.2731,1.2973,8.1180,-11.8339,-3.4619,4.5788,-2.2851,1.2451,8.2102,1.0000,4.1429,0.6426,-1.1338,1896.5807,0.0000,0.0000,0.0000,0.233034,1.851891,2.190721,2.246769,2.488709,4.139620,-1.215233,0.293497,-0.750000,0.000000,0.000000,0.000000,-1.156480,0.369991,-0.201860,1.0000,1.0000,1.0000,1.660,4.810,0.340,5.000,3.000,8.000,1.500,0.060,0.110,814185441,842545362,814185182,6750,1000,1506,1504,1504,1000,1000,1505,1505,1505,1096,2008,1625,1017,1000,1000
-2.8523,-0.5473,2.2746,-2.6553,-0.5585,-0.2780,0.0000,0.0000,3.1575,1.0000,-5.8081,-6.2774,14.5352,-2.5757,1.1472,7.6959,-4.5041,-7.3766,16.3775,-2.5720,1.2882,7.8256,4.3053,-14.4911,26.1426,-2.2765,0.1358,7.2006,-5.3065,-22.9401,32.1861,-2.2917,0.4749,7.4142,1.0000,4.2306,0.4854,-1.0847,1865.8004,0.0000,0.0000,0.0000,0.253120,1.874577,2.227986,2.227303,2.564477,4.139213,-1.215233,0.293497,-0.750000,0.000000,0.000000,0.000000,-1.156480,0.369991,-0.201860,1.0000,1.0000,1.0000,1.660,4.810,0.340,5.000,3.000,8.000,1.500,0.060,0.110,814195941,842545362,814194182,6750,1000,1506,1504,1504,1000,1000,1505,1505,1505,1096,2008,1625,1017,1000,1000
-2.8339,-0.5260,2.1909,-2.6369,-0.5182,-0.3657,0.0000,0.0000,3.1575,1.0000,-0.9911,1.6750,19.6307,-1.7272,-0.8542,6.6891,-1.4050,1.5880,19.4461,-1.8514,-0.6436,6.8126,-4.2635,4.3656,11.8277,-0.9948,-1.5603,6.5560,0.3949,9.1727,9.0573,-1.1809,-1.4152,6.6325,1.0000,4.0496,1.0429,-0.9818,1887.3435,0.0000,0.0000,0.0000,0.280580,1.906294,2.277339,2.357053,2.698566,4.076729,-1.215233,0.293497,-0.750000,0.000000,0.000000,0.000000,-1.156480,0.369991,-0.201860,1.0000,1.0000,1.0000,1.660,4.810,0.340,5.000,3.000,8.000,1.500,0.060,0.110,814206441,842545362,814206182,6750,1000,1506,1504,1504,1000,1000,1505,1505,1505,1096,2008,1625,1017,1000,1000
-2.8092,-0.4899,2.1212,-2.6200,-0.4777,-0.4167,0.0000,0.0000,3.1575,1.0000,-6.3758,2.9015,2.7410,-0.3543,-1.5596,6.5203,-6.9379,2.6458,2.1293,-0.4114,-1.5316,6.5636,-3.0999,7.7486,1.1208,-0.1360,-1.2613,6.4649,-9.0578,-12.7655,14.9419,-0.1409,-1.2626,6.5465,1.0000,3.5369,1.3577,-0.9454,1864.0996,0.0000,0.0000,0.0000,0.301948,1.930571,2.313925,2.374693,2.695757,4.067386,-1.215233,0.293497,-0.750000,0.000000,0.000000,0.000000,-1.156480,0.369991,-0.201860,1.0000,1.0000,1.0000,1.660,4.810,0.340,5.000,3.000,8.000,1.500,0.060,0.110,814216941,842545362,814215182,6750,1000,1506,1504,1504,1000,1000,1505,1505,1505,1096,2008,1625,1017,1000,1000
-2.7801,-0.4555,2.0537,-2.5925,-0.4262,-0.4837,0.0000,0.0000,3.1575,1.0000,-9.9571,-0.7389,2.1647,-0.0898,-0.6743,6.5139,-10.3910,-0.8179,1.3698,-0.0544,-0.7149,6.5600,-10.2203,-5.0053,6.4455,-0.3436,-0.1072,6.4146,-13.6656,-7.9979,8.0391,-0.2599,-0.1489,6.4917,1.0000,3.3479,1.0744,-0.9382,1800.1339,0.0000,0.0000,0.0000,0.330047,1.963134,2.363021,2.304262,2.740923,4.116441,-1.215233,0.293497,-0.750000,0.000000,0.000000,0.000000,-1.156480,0.369991,-0.201860,1.0000,1.0000,1.0000,1.660,4.810,0.340,5.000,3.000,8.000,1.500,0.060,0.110,814227441,842545362,814227182,6750,1000,1506,1504,1504,1000,1000,1505,1505,1505,1096,2008,1625,1017,1000,1000
-2.7550,-0.4307,1.9850,-2.5751,-0.3956,-0.5367,0.0000,0.0000,3.1575,1.0000,-9.6552,-6.0015,7.5369,-0.7953,0.3808,6.2230,-9.1158,-6.7749,7.2824,-0.7004,0.3754,6.3113,-11.1588,-5.9510,12.3185,-1.2890,0.5688,5.8121,-10.3974,-17.3967,9.7289,-1.1894,0.6235,5.9523,1.0000,3.4577,0.6402,-0.9160,1739.0513,0.0000,0.0000,0.0000,0.350585,1.988160,2.400200,2.266690,2.825982,4.145154,-1.215233,0.293497,-0.750000,0.000000,0.000000,0.000000,-1.156480,0.369991,-0.201860,1.0000,1.0000,1.0000,1.660,4.810,0.340,5.000,3.000,8.000,1.500,0.060,0.110,814237941,842545362,814236182,6750,1000,1506,1504,1504,1000,1000,1505,1505,1505,1096,2008,1625,1017,1000,1000
-2.7440,-0.4132,1.9216,-2.5677,-0.3641,-0.6025,0.0000,0.0000,3.1575,1.0000,-6.3189,-6.8271,10.9844,-1.8490,0.5605,5.2834,-4.0221,-5.8203,10.1769,-1.7857,0.6231,5.3963,-2.0680,1.9283,13.4198,-2.0652,0.3756,4.9871,-7.5583,-0.9354,16.5634,-1.9852,0.4946,5.0833,1.0000,3.7968,0.4237,-0.8410,1714.9757,0.0000,0.0000,0.0000,0.377778,2.023070,2.450125,2.277031,2.989002,4.173188,-1.215233,0.293497,-0.750000,0.000000,0.000000,0.000000,-1.156480,0.369991,-0.201860,1.0000,1.0000,1.0000,1.660,4.810,0.340,5.000,3.000,8.000,1.500,0.060,0.110,814248441,842545362,814248182,6750,1000,1506,1504,1504,1000,1000,1505,1505,1505,1096,2008,1625,1017,1000,1000
-2.7450,-0.3964,1.8687,-2.5718,-0.3428,-0.6434,0.0000,0.0000,3.1575,1.0000,-0.9639,1.0118,9.1678,-1.9715,0.1155,4.6425,-0.6060,1.0998,8.7332,-2.0066,0.1824,4.7166,-0.1575,2.7112,5.9236,-1.7220,-0.1451,4.5299,-1.8049,-6.9061,9.5188,-1.7143,-0.0368,4.5816,1.0000,4.0025,0.4750,-0.7534,1711.4434,0.0000,0.0000,332.4622,0.398439,2.050252,2.487749,2.314006,3.042840,4.189082,-1.215233,0.293497,-0.750000,0.000000,0.000000,0.000000,-1.156480,0.369991,-0.201860,1.0000,1.0000,1.0000,1.660,4.810,0.340,5.000,3.000,8.000,1.500,0.060,0.110,814258941,842545362,814257182,6750,1000,1506,1504,1504,1000,1000,1505,1505,1505,1096,2008,1625,1017,1000,1000
-2.7462,-0.3765,1.8228,-2.5772,-0.3129,-0.6899,0.0000,0.0000,3.1575,1.0000,-2.4750,2.2502,9.7171,-1.4773,-0.2739,4.2755,-2.7151,1.8614,9.3991,-1.5088,-0.2296,4.3391,-0.8757,1.5117,7.3433,-1.1670,-0.2282,4.0771,-0.6897,0.3432,8.9298,-1.2624,-0.2099,4.1488,1.0000,3.8382,0.6197,-0.6885,1688.4948,0.0000,0.0000,280.0165,0.426457,2.086860,2.538132,2.352666,3.060317,4.203767,-1.215233,0.293497,-0.750000,0.000000,0.000000,0.000000,-1.156480,0.369991,-0.201860,1.0000,1.0000,1.0000,1.660,4.810,0.340,5.000,3.000,8.000,1.500,0.060,0.110,814269441,842545362,814269182,6750,1000,1506,1504,1504,1000,1000,1505,1505,1505,1096,2008,1625,1017,1000,1000
-2.7451,-0.3571,1.7815,-2.5789,-0.2911,-0.7211,0.0000,0.0000,3.1575,1.0000,-3.7537,-0.1293,9.9617,-1.0877,-0.2240,4.0105,-3.7569,-0.3987,9.4313,-1.0827,-0.2082,4.0547,-4.0193,2.0265,7.5253,-1.0137,-0.1152,3.9229,-3.5431,2.2646,8.8221,-1.0491,-0.0634,3.9613,1.0000,3.7238,0.5711,-0.6598,1655.4150,0.0000,0.0000,327.4101,0.447723,2.114537,2.575975,2.372978,3.093023,4.205911,-1.215233,0.293497,-0.750000,0.000000,0.000000,0.000000,-1.156480,0.369991,-0.201860,1.0000,1.0000,1.0000,1.660,4.810,0.340,5.000,3.000,8.000,1.500,0.060,0.110,814279941,842545362,814278182,6750,1000,1506,1504,1504,1000,1000,1505,1505,1505,1096,2008,1625,1017,1000,1000
-2.7434,-0.3401,1.7423,-2.5803,-0.2650,-0.7612,0.0000,0.0000,3.1575,1.0000,-3.1343,-1.9333,9.8033,-1.0295,-0.0482,3.7871,-2.9986,-2.0799,9.2085,-1.0171,-0.0356,3.8277,-2.8653,-3.2910,6.2013,-1.0122,0.0366,3.6993,-3.8663,-3.2105,6.2488,-0.9961,0.0386,3.7485,1.0000,3.7127,0.4824,-0.6350,1629.4132,0.0000,0.0000,437.6330,0.476409,2.152042,2.626543,2.411356,3.159628,4.225038,-1.215233,0.293497,-0.750000,0.000000,0.000000,0.000000,-1.156480,0.369991,-0.201860,1.0000,1.0000,1.0000,1.660,4.810,0.340,5.000,3.000,8.000,1.500,0.060,0.110,814290441,842545362,814290182,6750,1000,1506,1504,1504,1000,1000,1505,1505,1505,1096,2008,1625,1017,1000,1000
-2.7432,-0.3256,1.7048,-2.5826,-0.2479,-0.7902,0.0000,0.0000,3.1575,1.0000,-2.8736,-2.9344,8.7965,-1.1291,0.1132,3.5805,-2.7546,-3.0193,8.2601,-1.1207,0.1337,3.6204,-3.0137,-2.7380,7.2021,-1.1704,0.1478,3.5312,-3.2630,-1.5818,6.3566,-1.1630,0.1542,3.5781,1.0000,3.7580,0.3900,-0.6103,1609.4141,0.0000,0.0000,547.5210,0.498271,2.180722,2.664684,2.446844,3.214116,4.252007,-1.215233,0.293497,-0.750000,0.000000,0.000000,0.000000,-1.156480,0.369991,-0.201860,1.0000,1.0000,1.0000,1.660,4.810,0.340,5.000,3.000,8.000,1.500,0.060,0.110,814300941,842545362,814299182,6750,1000,1506,1504,1504,1000,1000,1505,1505,1505,1096,2008,1625,1017,1000,1000
-2.7450,-0.3130,1.6684,-2.5880,-0.2274,-0.8281,0.0000,0.0000,3.1575,1.0000,-2.9585,-1.9470,8.6421,-1.2256,0.2251,3.4653,-2.8251,-1.9271,8.3465,-1.2263,0.2395,3.5020,-2.8222,0.3362,8.0736,-1.2408,0.2546,3.4041,-2.7099,0.0236,8.2205,-1.2467,0.2607,3.4385,1.0000,3.8157,0.3279,-0.5963,1600.3180,0.0000,0.0000,615.7031,0.527910,2.219701,2.715958,2.491801,3.281016,4.292235,-1.215233,0.293497,-0.750000,0.000000,0.000000,0.000000,-1.156480,0.369991,-0.201860,1.0000,1.0000,1.0000,1.660,4.810,0.340,5.000,3.000,8.000,1.500,0.060,0.110,814311441,842545362,814311182,6750,1000,1506,1504,1504,1000,1000,1505,1505,1505,1096,2008,1625,1017,1000,1000
-2.7479,-0.3021,1.6331,-2.5929,-0.2137,-0.8560,0.0000,0.0000,3.1575,1.0000,-3.0980,-0.7964,9.3175,-1.1775,0.3250,3.2953,-2.8923,-1.0606,9.0979,-1.1742,0.3421,3.3329,-3.5812,-1.9479,10.4941,-1.1310,0.3380,3.1637,-1.4655,-1.9356,9.5709,-1.1590,0.3750,3.2079,1.0000,3.8314,0.2723,-0.5793,1585.7151,0.0000,0.0000,665.8269,0.550469,2.249423,2.754685,2.520875,3.323556,4.312578,-1.215233,0.293497,-0.750000,0.000000,0.000000,0.000000,-1.156480,0.369991,-0.201860,1.0000,1.0000,1.0000,1.660,4.810,0.340,5.000,3.000,8.000,1.500,0.060,0.110,814321941,842545362,814320182,6750,1000,1506,1504,1504,1000,1000,1505,1505,1505,1096,2008,1625,1017,1000,1000
-2.7506,-0.2927,1.5999,-2.5990,-0.1976,-0.8910,0.0000,0.0000,3.1575,1.0000,-2.0702,-0.7680,10.3786,-1.0430,0.3325,3.0366,-1.9060,-0.9677,10.2347,-1.0391,0.3566,3.0739,-1.6323,-1.9407,11.9234,-1.0220,0.3074,2.9082,-2.4316,-3.0453,11.5228,-1.0155,0.3239,2.9578,1.0000,3.8127,0.2317,-0.5510,1564.1760,0.0000,0.0000,710.6519,0.580989,2.289634,2.806539,2.568439,3.376346,4.328295,-1.215233,0.293497,-0.750000,0.000000,0.000000,0.000000,-1.156480,0.369991,-0.201860,1.0000,1.0000,1.0000,1.660,4.810,0.340,5.000,3.000,8.000,1.500,0.060,0.110,814332441,842545362,814332182,6750,1000,1506,1504,1504,1000,1000,1505,1505,1505,1096,2008,1625,1017,1000,1000
-2.7530,-0.2836,1.5696,-2.6031,-0.1862,-0.9149,0.0000,0.0000,3.1575,1.0000,-1.7857,-0.7071,10.9893,-0.9018,0.1837,2.8091,-1.7860,-0.9993,10.9058,-0.9068,0.2153,2.8382,-3.9020,-3.2455,12.4669,-0.8677,0.0542,2.6819,-1.2302,-3.3650,10.5244,-0.8416,0.1049,2.7439,1.0000,3.7895,0.2450,-0.5246,1551.8147,0.0000,0.0000,730.2988,0.604302,2.320191,2.845530,2.612391,3.413707,4.335834,-1.215233,0.293497,-0.750000,0.000000,0.000000,0.000000,-1.156480,0.369991,-0.201860,1.0000,1.0000,1.0000,1.660,4.810,0.340,5.000,3.000,8.000,1.500,0.060,0.110,814342941,842545362,814341182,6750,1000,1506,1504,1504,1000,1000,1505,1505,1505,1096,2008,1625,1017,1000,1000
-2.7553,-0.2732,1.5430,-2.6083,-0.1702,-0.9424,0.0000,0.0000,3.1575,1.0000,-2.7618,-2.4139,11.4645,-0.7911,-0.1166,2.4768,-2.7085,-2.5847,11.0339,-0.7970,-0.0853,2.5185,-3.7176,-3.1426,9.6609,-0.7356,-0.1520,2.3401,-3.2235,-4.5825,8.8113,-0.7340,-0.1268,2.3551,1.0000,3.7637,0.3135,-0.4967,1547.7925,0.0000,0.0000,730.7698,0.636047,2.361504,2.897606,2.679882,3.475008,4.343677,-1.215233,0.293497,-0.750000,0.000000,0.000000,0.000000,-1.156480,0.369991,-0.201860,1.0000,1.0000,1.0000,1.660,4.810,0.340,5.000,3.000,8.000,1.500,0.060,0.110,814353441,842545362,814353182,6750,1000,1506,1504,1504,1000,1000,1505,1505,1505,1096,2008,1625,1017,1000,1000
-2.7575,-0.2629,1.5205,-2.6118,-0.1586,-0.9597,0.0000,0.0000,3.1575,1.0000,-4.3370,-1.8045,9.0708,-0.5917,-0.1403,2.1535,-4.2241,-1.9800,8.5922,-0.6067,-0.1268,2.1870,-9.9330,-4.6557,5.3298,-0.3146,-0.1046,1.9566,14.3243,-4.9596,-2.8627,-0.4064,-0.1151,2.0422,1.0000,3.7466,0.3419,-0.4623,1535.0497,0.0000,0.0000,755.2473,0.660350,2.393031,2.936771,2.717852,3.531497,4.360415,-1.215233,0.293497,-0.750000,0.000000,0.000000,0.000000,-1.156480,0.369991,-0.201860,1.0000,1.0000,1.0000,1.660,4.810,0.340,5.000,3.000,8.000,1.500,0.060,0.110,814363941,842545362,814362182,6750,1000,1506,1504,1504,1000,1000,1505,1505,1505,1096,2008,1625,1017,1000,1000
-2.7572,-0.2553,1.5002,-2.6132,-0.1466,-0.9809,0.0000,0.0000,3.1575,1.0000,-3.8824,-1.2296,6.3529,-0.2495,0.1629,1.9527,-4.1718,-1.3522,5.6907,-0.2647,0.1553,1.9741,-3.2220,-3.4203,3.5389,0.0534,0.2312,1.8117,-1.9162,-4.6579,3.5301,-0.0056,0.2258,1.8667,1.0000,3.6117,0.2061,-0.4254,1476.6526,0.0000,0.0000,806.6566,0.693140,2.435867,2.989330,2.744143,3.603478,4.403456,-1.215233,0.293497,-0.750000,0.000000,0.000000,0.000000,-1.156480,0.369991,-0.201860,1.0000,1.0000,1.0000,1.660,4.810,0.340,5.000,3.000,8.000,1.500,0.060,0.110,814374441,842545362,814374182,6750,1000,1506,1504,1504,1000,1000,1505,1505,1505,1096,2008,1625,1017,1000,1000
-2.7552,-0.2497,1.4815,-2.6127,-0.1395,-0.9957,0.0000,0.0000,3.1575,1.0000,-0.8585,-5.9016,13.6134,-0.2999,-0.0647,1.6344,-0.3232,-7.0443,13.4531,-0.2728,-0.0041,1.6779,-1.8382,-7.8304,10.8604,-0.5903,-0.3745,1.4357,1.6699,-13.1803,19.3342,-0.5356,-0.4450,1.4081,1.0000,3.6319,0.2589,-0.3945,1474.3761,0.0000,0.0000,826.4420,0.718004,2.468490,3.029115,2.792754,3.647444,4.431508,-1.215233,0.293497,-0.750000,0.000000,0.000000,0.000000,-1.156480,0.369991,-0.201860,1.0000,1.0000,1.0000,1.660,4.810,0.340,5.000,3.000,8.000,1.500,0.060,0.110,814384941,842545362,814383182,6750,1000,1506,1504,1504,1000,1000,1505,1505,1505,1096,2008,1625,1017,1000,1000
-2.7588,-0.2400,1.4703,-2.6177,-0.1267,-1.0063,0.0000,0.0000,3.1575,1.0000,-5.3130,-2.2898,13.3651,-0.6484,-0.6814,1.0571,-5.6243,-2.2072,13.3179,-0.6286,-0.6342,1.1156,-6.3249,-5.7690,11.4925,-0.5650,-0.7015,0.9070,1.4526,1.1028,5.8394,-0.5984,-0.6810,0.9513,1.0000,3.7768,0.4616,-0.3380,1503.4778,0.0000,0.0000,853.6228,0.752261,2.512768,3.082266,2.901319,3.736615,4.422855,-1.215233,0.293497,-0.750000,0.000000,0.000000,0.000000,-1.156480,0.369991,-0.201860,1.0000,1.0000,1.0000,1.660,4.810,0.340,5.000,3.000,8.000,1.500,0.060,0.110,814395441,842545362,814395182,6750,1000,1506,1504,1504,1000,1000,1505,1505,1505,1096,2008,1625,1017,1000,1000
-2.7636,-0.2310,1.4642,-2.6221,-0.1181,-1.0102,0.0000,0.0000,3.1575,1.0000,-4.7309,0.9926,6.9400,-0.4293,-0.5131,0.7684,-2.4338,3.7377,7.2115,-0.7689,-0.8656,0.6869,1.6861,8.6105,7.7743,-0.3551,-0.4313,0.5492,-0.0989,-12.6596,10.5765,-0.2567,-0.4474,0.5758,1.0000,3.7417,0.4000,-0.3078,1473.9270,0.0000,0.0000,893.4053,0.778440,2.546686,3.122089,2.911637,3.796767,4.432196,-1.215233,0.293497,-0.750000,0.000000,0.000000,0.000000,-1.156480,0.369991,-0.201860,1.0000,1.0000,1.0000,1.660,4.810,0.340,5.000,3.000,8.000,1.500,0.060,0.110,814405941,842545362,814404182,6750,1000,1506,1504,1504,1000,1000,1505,1505,1505,1096,2008,1625,1017,1000,1000
-2.7665,-0.2246,1.4602,-2.6252,-0.1099,-1.0136,0.0000,0.0000,3.1575,1.0000,-1.2327,-1.0516,6.3678,-0.1999,-0.4073,0.4761,-1.3019,-1.5559,6.1739,-0.2027,-0.4173,0.4835,-1.8549,-4.9766,11.0903,-0.3271,-0.3431,0.4317,-5.9458,-0.2458,7.3675,-0.2892,-0.3654,0.4549,1.0000,3.6753,0.3522,-0.2786,1442.4139,0.0000,0.0000,920.0435,0.813522,2.592539,3.175582,2.934706,3.832868,4.475977,-1.215233,0.293497,-0.750000,0.000000,0.000000,0.000000,-1.156480,0.369991,-0.201860,1.0000,1.0000,1.0000,1.660,4.810,0.340,5.000,3.000,8.000,1.500,0.060,0.110,814416441,842545362,814416198,6750,1000,1506,1504,1504,1000,1000,1505,1505,1505,1096,2008,1625,1017,1000,1000
-2.7687,-0.2197,1.4573,-2.6267,-0.1055,-1.0154,0.0000,0.0000,3.1575,1.0000,-1.4442,-1.6494,8.2144,-0.1827,-0.2558,0.4037,-1.3054,-1.5308,8.0294,-0.1684,-0.2640,0.4052,-4.1749,-5.1489,13.2618,-0.2290,-0.0425,0.3992,-3.9346,-3.5499,14.3762,-0.1848,-0.0743,0.3537,1.0000,3.6797,0.2994,-0.2687,1428.5663,0.0000,0.0000,944.8661,0.840040,2.627114,3.215974,2.969815,3.864557,4.513964,-1.215233,0.293497,-0.750000,0.000000,0.000000,0.000000,-1.156480,0.369991,-0.201860,1.0000,1.0000,1.0000,1.660,4.810,0.340,5.000,3.000,8.000,1.500,0.060,0.110,814426941,842545362,814425182,6750,1000,1506,1504,1504,1000,1000,1505,1505,1505,1096,2008,1625,1017,1000,1000
-2.7702,-0.2171,1.4542,-2.6278,-0.1023,-1.0187,0.0000,0.0000,3.1575,1.0000,-0.5124,-0.6603,10.5180,-0.0413,0.0198,0.3567,-0.5235,-0.7860,9.9176,-0.0524,0.0070,0.3553,-12.8922,-12.3507,8.0185,-0.1355,0.2541,0.3453,-16.0844,-14.5199,-0.4546,0.0320,0.1465,0.3585,1.0000,3.6632,0.2061,-0.2631,1406.1921,0.0000,0.0000,972.0340,0.875999,2.673745,3.270287,3.025383,3.904728,4.533762,-1.215233,0.293497,-0.750000,0.000000,0.000000,0.000000,-1.156480,0.369991,-0.201860,1.0000,1.0000,1.0000,1.660,4.810,0.340,5.000,3.000,8.000,1.500,0.060,0.110,814437441,842545362,814437182,6750,1000,1506,1504,1504,1000,1000,1505,1505,1505,1096,2008,1625,1017,1000,1000
-2.7694,-0.2172,1.4512,-2.6267,-0.1021,-1.0212,0.0000,0.0000,3.1575,1.0000,-0.2033,-0.8110,4.7355,0.1526,0.1637,0.2398,0.7273,0.2658,9.5145,0.4209,0.3773,0.3295,2.9909,-0.4802,7.5971,0.3892,0.0436,0.2539,1.6986,18.4907,4.0060,0.3758,0.2029,0.2338,1.0000,3.5918,0.1436,-0.2518,1378.5991,0.0000,0.0000,984.1907,0.903331,2.708983,3.311339,3.045157,3.923717,4.595003,-1.215233,0.293497,-0.750000,0.000000,0.000000,0.000000,-1.156480,0.369991,-0.201860,1.0000,1.0000,1.0000,1.660,4.810,0.340,5.000,3.000,8.000,1.500,0.060,0.110,814447941,842545362,814446182,6750,1000,1506,1504,1504,1000,1000,1505,1505,1505,1096,2008,1625,1017,1000,1000
-2.7672,-0.2172,1.4483,-2.6237,-0.1021,-1.0245,0.0000,0.0000,3.1575,1.0000,-0.8025,-1.7119,9.7559,0.2394,0.1402,0.2426,-0.9274,-1.8944,8.9956,0.2351,0.1184,0.2345,-1.9938,-0.6909,4.2045,0.3242,0.1406,0.2425,3.4045,11.1534,3.8479,0.2487,0.0831,0.2232,1.0000,3.5701,0.1509,-0.2516,1376.7947,0.0000,0.0000,977.9823,0.940166,2.756167,3.366720,3.099641,3.946247,4.629524,-1.215233,0.293497,-0.750000,0.000000,0.000000,0.000000,-1.156480,0.369991,-0.201860,1.0000,1.0000,1.0000,1.660,4.810,0.340,5.000,3.000,8.000,1.500,0.060,0.110,814458441,842545362,814458182,6750,1000,1506,1504,1504,1000,1000,1505,1505,1505,1096,2008,1625,1017,1000,1000
-2.7651,-0.2182,1.4455,-2.6215,-0.1027,-1.0271,0.0000,0.0000,3.1575,1.0000,-2.5821,-1.2494,10.3404,0.1957,0.2592,0.2051,-2.2615,-1.1579,9.8196,0.2046,0.2424,0.2059,-1.9076,2.9123,7.9179,0.2445,0.4521,0.1295,-0.5730,-0.9228,8.5096,0.2490,0.2583,0.1499,1.0000,3.5797,0.1222,-0.2491,1371.3970,0.0000,0.0000,989.7839,0.968312,2.791913,3.408539,3.143286,3.985340,4.646359,-1.215233,0.293497,-0.750000,0.000000,0.000000,0.000000,-1.156480,0.369991,-0.201860,1.0000,1.0000,1.0000,1.660,4.810,0.340,5.000,3.000,8.000,1.500,0.060,0.110,814468941,842545362,814467197,6750,1000,1506,1504,1504,1000,1000,1505,1505,1505,1096,2008,1625,1017,1000,1000
-2.7634,-0.2204,1.4431,-2.6189,-0.1047,-1.0301,0.0000,0.0000,3.1575,1.0000,-1.6760,-0.0610,10.3634,0.1896,0.2486,0.0880,-1.5895,-0.1861,9.9718,0.2018,0.2498,0.0953,-2.5086,-0.4443,9.9817,0.1773,0.2882,0.0205,-5.5382,-4.6094,11.4546,0.1561,0.1926,0.0152,1.0000,3.6041,0.1131,-0.2347,1365.9093,0.0000,0.0000,1009.2026,1.006278,2.839982,3.464295,3.192374,4.033248,4.656914,-1.215233,0.293497,-0.750000,0.000000,0.000000,0.000000,-1.156480,0.369991,-0.201860,1.0000,1.0000,1.0000,1.660,4.810,0.340,5.000,3.000,8.000,1.500,0.060,0.110,814479441,842545362,814479182,6750,1000,1506,1504,1504,1000,1000,1505,1505,1505,1096,2008,1625,1017,1000,1000
-2.7623,-0.2219,1.4426,-2.6173,-0.1058,-1.0308,0.0000,0.0000,3.1575,1.0000,-2.4381,-0.1084,10.4104,0.1434,0.0523,-0.0442,-2.4731,-0.2502,10.0987,0.1741,0.0508,-0.0440,-3.8876,-0.6047,11.1525,0.0841,0.0446,-0.0855,0.6750,4.3746,9.4937,0.1792,0.0240,-0.0724,1.0000,3.6286,0.1801,-0.2219,1375.9590,0.0000,0.0000,1007.1136,1.035173,2.876433,3.506239,3.228346,4.067438,4.663747,-1.215233,0.293497,-0.750000,0.000000,0.000000,0.000000,-1.156480,0.369991,-0.201860,1.0000,1.0000,1.0000,1.660,4.810,0.340,5.000,3.000,8.000,1.500,0.060,0.110,814489941,842545362,814488182,6750,1000,1506,1504,1504,1000,1000,1505,1505,1505,1096,2008,1625,1017,1000,1000
-2.7626,-0.2222,1.4441,-2.6166,-0.1063,-1.0290,0.0000,0.0000,3.1575,1.0000,-3.2635,-0.8334,10.9622,0.0127,-0.1111,-0.2387,-2.8941,-0.9085,10.6101,0.0260,-0.1129,-0.2312,-2.7863,-0.4012,9.4502,-0.0134,-0.1302,-0.3216,-3.7730,-1.8601,9.6445,-0.0290,-0.2147,-0.3449,1.0000,3.6809,0.2337,-0.2047,1385.1172,0.0000,0.0000,1017.7092,1.074180,2.925579,3.562244,3.274260,4.126171,4.670194,-1.215233,0.293497,-0.750000,0.000000,0.000000,0.000000,-1.156480,0.369991,-0.201860,1.0000,1.0000,1.0000,1.660,4.810,0.340,5.000,3.000,8.000,1.500,0.060,0.110,814500441,842545362,814500182,6750,1000,1506,1504,1504,1000,1000,1505,1505,1505,1096,2008,1625,1017,1000,1000
-2.7646,-0.2219,1.4485,-2.6173,-0.1064,-1.0253,0.0000,0.0000,3.1575,1.0000,-2.7045,-0.0994,10.3940,-0.0438,-0.2048,-0.4202,-2.6931,-0.1500,10.1293,-0.0286,-0.2405,-0.4293,-1.7879,1.3848,8.8373,0.0119,-0.3988,-0.4439,-2.6470,-1.1293,9.1363,0.0075,-0.2807,-0.4381,1.0000,3.7186,0.2695,-0.1864,1388.2157,0.0000,0.0000,1030.8552,1.103812,2.962907,3.604301,3.309823,4.168377,4.676038,-1.215233,0.293497,-0.750000,0.000000,0.000000,0.000000,-1.156480,0.369991,-0.201860,1.0000,1.0000,1.0000,1.660,4.810,0.340,5.000,3.000,8.000,1.500,0.060,0.110,814510941,842545362,814509182,6750,1000,1506,1504,1504,1000,1000,1505,1505,1505,1096,2008,1625,1017,1000,1000
