euler_madgwick0,euler_madgwick1,euler_madgwick2,euler_ekf0,euler_ekf1,euler_ekf2,euler_setpoint0,euler_setpoint1,euler_setpoint2,thrust_setpoint,Acc1,Acc2,Acc3,Gyro1,Gyro2,Gyro3,AccBMI1,AccBMI2,AccBMI3,GyroBMI1,GyroBMI2,GyroBMI3,Acc1Raw,Acc2Raw,Acc3Raw,Gyro1Raw,Gyro2Raw,Gyro3Raw,AccBMI1Raw,AccBMI2Raw,AccBMI3Raw,GyroBMI1Raw,GyroBMI2Raw,GyroBMI3Raw,u0,u1,u2,u3,w0,w1,w2,w3,positionNED_0,positionNED_1,positionNED_2,velocityNED_0,velocityNED_1,velocityNED_2,positionSetpointNED_0,positionSetpointNED_1,positionSetpointNED_2,velocitySetpointNED_0,velocitySetpointNED_1,velocitySetpointNED_2,mocapPositionNED_0,mocapPositionNED_1,mocapPositionNED_2,pScale_att,iScale_att,dScale_att,Kp_array,Ki_array,Kd_array,Kp_pos,Ki_pos,Kd_pos,Kp2_array,Ki2_array,Kd2_array,timeSinceBoot,mocapTime,quadTime,numMocapUpdates,throttle,roll,pitch,yaw,throttle_cut,boundary_sw,xSel,ySel,zSel,Kp_scale,Ki_scale,Kd_scale,scale_all,reset,position_toggle
-0.0043,-0.0091,-0.6913,0.0009,-0.0216,3.0944,0.0063,-0.0042,-3.1481,0.0000,-0.0883,0.0227,-9.8744,0.0022,0.0050,0.0033,-0.0916,0.0401,-9.8297,0.0016,-0.0014,-0.0020,-0.1168,0.0130,-9.8662,0.0025,0.0044,0.0048,-0.1187,0.0218,-9.8246,-0.0011,-0.0091,0.0123,0.0000,0.0081,0.0272,0.0062,0.0000,0.0000,0.0000,0.0000,-1.392319,0.542418,-0.080754,0.000282,-0.002342,-0.017858,-1.393128,0.556087,-0.200000,0.000000,0.000000,0.000000,-1.392311,0.542658,-0.077062,1.0000,1.0000,1.0000,1.660,4.810,0.340,5.000,3.000,8.000,1.500,0.060,0.110,378093460,1349980969,378092201,3118,1000,1506,1504,1505,1000,1000,2008,1505,1505,1074,2008,1625,1256,1000,1000
-0.0017,-0.0089,-0.6912,0.0010,-0.0216,3.0946,0.0063,-0.0042,-3.1481,0.0000,-0.1015,0.0324,-9.8816,0.0014,0.0030,0.0020,-0.0928,0.0216,-9.8728,0.0019,0.0030,-0.0039,0.6638,-0.2719,-9.5741,0.0065,0.0025,-0.0069,-0.1959,-0.1614,-9.0651,0.0029,-0.0154,-0.0029,0.0000,0.0081,0.0274,0.0061,96.1666,140.4522,0.0000,0.0000,-1.392298,0.542323,-0.081635,0.000629,-0.001837,-0.020273,-1.393128,0.556087,-0.200000,0.000000,0.000000,0.000000,-1.392311,0.542658,-0.077062,1.0000,1.0000,1.0000,1.660,4.810,0.340,5.000,3.000,8.000,1.500,0.060,0.110,378139176,1349980969,378138417,3118,1000,1506,1504,1505,1000,1000,2008,1505,1505,1074,2008,1625,1256,1000,1000
-0.0019,-0.0091,-0.6912,0.0010,-0.0216,3.0946,0.0063,-0.0042,-3.1481,0.0000,-0.0919,0.0519,-9.9507,0.0020,0.0018,-0.0117,-0.1126,0.0778,-9.8435,0.0011,-0.0012,-0.0189,-0.0378,-0.1522,-9.2078,0.0039,-0.0057,-0.0099,0.1327,-0.0626,-9.3380,0.0091,-0.0005,-0.0091,0.0000,0.0087,0.0281,0.0074,90.1913,146.5647,0.0000,32.3793,-1.392291,0.542307,-0.081818,0.000832,-0.001749,-0.020631,-1.393128,0.556087,-0.200000,0.000000,0.000000,0.000000,-1.392311,0.542658,-0.077062,1.0000,1.0000,1.0000,1.660,4.810,0.340,5.000,3.000,8.000,1.500,0.060,0.110,378149612,1349980969,378147353,3118,1000,1506,1504,1505,1000,1000,2008,1505,1505,1074,2008,1625,1256,1000,1000
-0.0024,-0.0085,-0.6913,0.0011,-0.0216,3.0945,0.0063,-0.0042,-3.1481,0.0000,-0.0795,0.1291,-9.8615,0.0007,0.0032,0.0077,-0.0868,0.1871,-9.8713,0.0017,-0.0038,-0.0017,0.3549,-0.1905,-9.4903,0.0052,-0.0044,0.0269,0.3680,-0.1021,-10.0581,0.0045,-0.0248,0.0133,0.0000,0.0080,0.0278,0.0070,90.9424,145.3390,0.0000,14.2255,-1.392283,0.542285,-0.082069,0.000486,-0.002155,-0.021166,-1.393128,0.556087,-0.200000,0.000000,0.000000,0.000000,-1.392311,0.542658,-0.077062,1.0000,1.0000,1.0000,1.660,4.810,0.340,5.000,3.000,8.000,1.500,0.060,0.110,378160112,1349980969,378159353,3118,1000,1506,1504,1505,1000,1000,2008,1505,1505,1074,2008,1625,1256,1000,1000
-0.0032,-0.0084,-0.6909,0.0011,-0.0216,3.0948,0.0063,-0.0042,-3.1481,0.0000,-0.0909,0.0914,-9.9174,0.0004,0.0033,0.0470,-0.0891,0.1016,-9.8530,0.0025,-0.0011,0.0416,0.3022,-0.1259,-9.7944,0.0001,0.0015,0.0413,0.1884,-0.1722,-9.7474,0.0085,0.0029,0.0581,0.0000,0.0085,0.0278,0.0017,125.0802,116.9789,0.0000,0.0000,-1.392280,0.542261,-0.082261,0.000237,-0.003035,-0.021559,-1.393128,0.556087,-0.200000,0.000000,0.000000,0.000000,-1.392311,0.542658,-0.077062,1.0000,1.0000,1.0000,1.660,4.810,0.340,5.000,3.000,8.000,1.500,0.060,0.110,378170612,1349980969,378168353,3118,1000,1506,1504,1505,1000,1000,2008,1505,1505,1074,2008,1625,1256,1000,1000
-0.0030,-0.0087,-0.6906,0.0010,-0.0216,3.0952,0.0063,-0.0042,-3.1481,0.0000,-0.1703,-0.0580,-9.8749,0.0019,0.0034,0.0050,-0.1259,-0.0913,-9.8540,0.0035,0.0010,0.0020,-0.1168,-0.1044,-9.6579,0.0036,0.0028,-0.0280,-0.0756,-0.0752,-9.6145,0.0123,0.0138,-0.0381,0.0000,0.0081,0.0278,0.0055,101.3435,138.0117,0.0000,0.0000,-1.392276,0.542225,-0.082524,0.000690,-0.002761,-0.022190,-1.393128,0.556087,-0.200000,0.000000,0.000000,0.000000,-1.392311,0.542658,-0.077062,1.0000,1.0000,1.0000,1.660,4.810,0.340,5.000,3.000,8.000,1.500,0.060,0.110,378181112,1349980969,378180353,3118,1000,1506,1504,1505,1000,1000,2008,1505,1505,1074,2008,1625,1256,1000,1000
-0.0023,-0.0091,-0.6909,0.0011,-0.0216,3.0950,0.0063,-0.0042,-3.1481,0.0000,-0.1222,0.0241,-9.9227,0.0014,0.0038,-0.0442,-0.0680,0.0605,-9.8669,0.0033,-0.0014,-0.0510,0.4100,0.1279,-9.6986,0.0097,-0.0041,-0.0277,0.1794,0.0541,-9.2231,0.0120,0.0051,-0.0210,0.0000,0.0082,0.0279,0.0109,54.9149,162.5983,0.0000,82.9125,-1.392267,0.542204,-0.082726,0.001264,-0.001766,-0.022681,-1.393128,0.556087,-0.200000,0.000000,0.000000,0.000000,-1.392311,0.542658,-0.077062,1.0000,1.0000,1.0000,1.660,4.810,0.340,5.000,3.000,8.000,1.500,0.060,0.110,378191612,1349980969,378189353,3118,1000,1506,1504,1505,1000,1000,2008,1505,1505,1074,2008,1625,1256,1000,1000
-0.0030,-0.0086,-0.6911,0.0011,-0.0216,3.0947,0.0063,-0.0042,-3.1481,0.0000,-0.0217,0.1145,-9.8729,0.0005,0.0040,0.0100,-0.0920,0.1887,-9.8447,0.0025,0.0021,0.0004,0.2184,0.2260,-9.3012,0.0007,0.0025,0.0357,0.5727,0.2444,-9.3129,0.0043,-0.0136,0.0269,0.0000,0.0079,0.0279,0.0065,94.7399,143.1912,0.0000,0.0000,-1.392254,0.542178,-0.083002,0.000628,-0.002723,-0.023126,-1.393128,0.556087,-0.200000,0.000000,0.000000,0.000000,-1.392311,0.542658,-0.077062,1.0000,1.0000,1.0000,1.660,4.810,0.340,5.000,3.000,8.000,1.500,0.060,0.110,378202112,1349980969,378201353,3118,1000,1506,1504,1505,1000,1000,2008,1505,1505,1074,2008,1625,1256,1000,1000
-0.0035,-0.0083,-0.6908,0.0011,-0.0216,3.0950,0.0063,-0.0042,-3.1481,0.0000,-0.1087,0.0275,-9.8681,0.0004,0.0045,0.0366,-0.0975,-0.0060,-9.8255,-0.0023,-0.0008,0.0332,0.1442,-0.1067,-9.7369,0.0081,-0.0001,0.0173,0.2117,-0.5026,-9.9683,-0.0045,0.0224,0.0056,0.0000,0.0085,0.0274,0.0025,120.1754,120.5266,0.0000,0.0000,-1.392250,0.542150,-0.083210,0.000320,-0.003336,-0.023203,-1.393128,0.556087,-0.200000,0.000000,0.000000,0.000000,-1.392311,0.542658,-0.077062,1.0000,1.0000,1.0000,1.660,4.810,0.340,5.000,3.000,8.000,1.500,0.060,0.110,378212612,1349980969,378210353,3118,1000,1506,1504,1505,1000,1000,2008,1505,1505,1074,2008,1625,1256,1000,1000
-0.0028,-0.0087,-0.6906,0.0011,-0.0216,3.0952,0.0063,-0.0042,-3.1481,0.0000,-0.1440,-0.0219,-9.8938,0.0012,0.0032,-0.0128,-0.0952,-0.0619,-9.8284,0.0017,0.0008,-0.0157,-0.0114,-0.0900,-9.7393,0.0055,-0.0012,-0.0312,-0.2174,0.1762,-9.9845,0.0048,-0.0091,-0.0314,0.0000,0.0081,0.0276,0.0064,94.5216,142.1897,0.0000,0.0000,-1.392243,0.542115,-0.083492,0.000916,-0.002497,-0.023894,-1.393128,0.556087,-0.200000,0.000000,0.000000,0.000000,-1.392311,0.542658,-0.077062,1.0000,1.0000,1.0000,1.660,4.810,0.340,5.000,3.000,8.000,1.500,0.060,0.110,378223112,1349980969,378222353,3118,1000,1506,1504,1505,1000,1000,2008,1505,1505,1074,2008,1625,1256,1000,1000
-0.0026,-0.0092,-0.6909,0.0011,-0.0216,3.0949,0.0063,-0.0042,-3.1481,0.0000,-0.0731,0.0731,-9.8731,0.0019,0.0033,-0.0284,-0.0441,0.1170,-9.8180,0.0015,-0.0002,-0.0350,0.1346,0.0872,-9.9907,0.0052,-0.0020,-0.0109,-0.5622,-0.0303,-9.6307,0.0216,-0.0072,-0.0149,0.0000,0.0078,0.0281,0.0098,66.6446,158.7964,0.0000,69.2184,-1.392233,0.542094,-0.083708,0.001373,-0.002312,-0.024229,-1.393128,0.556087,-0.200000,0.000000,0.000000,0.000000,-1.392311,0.542658,-0.077062,1.0000,1.0000,1.0000,1.660,4.810,0.340,5.000,3.000,8.000,1.500,0.060,0.110,378233612,1349980969,378231353,3118,1000,1506,1504,1505,1000,1000,2008,1505,1505,1074,2008,1625,1256,1000,1000
-0.0033,-0.0087,-0.6910,0.0011,-0.0216,3.0949,0.0063,-0.0042,-3.1481,0.0000,-0.0114,0.0836,-9.8422,0.0002,0.0026,0.0207,-0.0270,0.1645,-9.7919,0.0028,0.0013,0.0108,-0.2293,0.2835,-9.8375,-0.0001,-0.0020,0.0309,-0.4850,-0.1596,-10.3544,-0.0112,-0.0069,0.0546,0.0000,0.0078,0.0280,0.0061,97.6073,141.7081,0.0000,0.0000,-1.392219,0.542062,-0.084003,0.000853,-0.003058,-0.024753,-1.393128,0.556087,-0.200000,0.000000,0.000000,0.000000,-1.392311,0.542658,-0.077062,1.0000,1.0000,1.0000,1.660,4.810,0.340,5.000,3.000,8.000,1.500,0.060,0.110,378244112,1349980969,378243353,3118,1000,1506,1504,1505,1000,1000,2008,1505,1505,1074,2008,1625,1256,1000,1000
-0.0032,-0.0083,-0.6907,0.0011,-0.0216,3.0952,0.0063,-0.0042,-3.1481,0.0000,-0.0912,-0.0100,-9.8693,-0.0002,0.0025,0.0233,-0.0794,-0.0278,-9.7847,0.0024,-0.0056,0.0199,-0.1407,-0.2600,-9.9667,0.0009,0.0028,0.0056,-0.2174,-0.2027,-10.5483,-0.0043,-0.0040,-0.0091,0.0000,0.0088,0.0283,0.0033,117.8234,126.4170,0.0000,0.0000,-1.392212,0.542034,-0.084227,0.000742,-0.002985,-0.025098,-1.393128,0.556087,-0.200000,0.000000,0.000000,0.000000,-1.392311,0.542658,-0.077062,1.0000,1.0000,1.0000,1.660,4.810,0.340,5.000,3.000,8.000,1.500,0.060,0.110,378254612,1349980969,378252353,3118,1000,1506,1504,1505,1000,1000,2008,1505,1505,1074,2008,1625,1256,1000,1000
-0.0024,-0.0085,-0.6907,0.0011,-0.0216,3.0952,0.0063,-0.0042,-3.1481,0.0000,-0.0928,-0.0357,-9.8215,0.0022,0.0042,-0.0159,-0.0820,-0.0531,-9.8156,0.0031,-0.0031,-0.0213,-0.3346,0.1638,-10.5246,-0.0020,0.0105,-0.0224,-0.5407,0.0756,-10.4711,0.0059,-0.0093,-0.0336,0.0000,0.0080,0.0278,0.0063,96.0933,141.8965,0.0000,0.0000,-1.392202,0.542003,-0.084531,0.000998,-0.002178,-0.025534,-1.393128,0.556087,-0.200000,0.000000,0.000000,0.000000,-1.392311,0.542658,-0.077062,1.0000,1.0000,1.0000,1.660,4.810,0.340,5.000,3.000,8.000,1.500,0.060,0.110,378265112,1349980969,378264353,3118,1000,1506,1504,1505,1000,1000,2008,1505,1505,1074,2008,1625,1256,1000,1000
-0.0026,-0.0084,-0.6908,0.0012,-0.0216,3.0951,0.0063,-0.0042,-3.1481,0.0000,-0.0131,0.0646,-9.8485,0.0019,0.0015,-0.0096,-0.0393,0.1029,-9.8024,0.0011,-0.0047,-0.0174,-0.2820,0.2356,-10.5078,-0.0001,0.0116,0.0075,-0.7346,-0.0698,-10.0096,0.0021,0.0048,-0.0104,0.0000,0.0079,0.0284,0.0074,89.3415,148.3586,0.0000,23.0020,-1.392192,0.541983,-0.084763,0.000972,-0.002244,-0.025957,-1.393128,0.556087,-0.200000,0.000000,0.000000,0.000000,-1.392311,0.542658,-0.077062,1.0000,1.0000,1.0000,1.660,4.810,0.340,5.000,3.000,8.000,1.500,0.060,0.110,378275612,1349980969,378273353,3118,1000,1506,1504,1505,1000,1000,2008,1505,1505,1074,2008,1625,1256,1000,1000
-0.0033,-0.0081,-0.6907,0.0009,-0.0217,3.0952,0.0063,-0.0042,-3.1481,0.0000,-0.0802,0.0916,-9.8390,0.0009,0.0038,0.0219,-0.0933,0.0869,-9.8514,0.0029,-0.0035,0.0128,-0.2915,-0.2097,-9.8853,0.0044,0.0047,0.0213,0.6086,0.4168,-9.5230,0.0123,0.0011,0.0258,0.0000,0.0086,0.0277,0.0042,110.8055,130.2367,0.0000,0.0000,-1.392250,0.542500,-0.080460,0.000440,-0.001240,-0.016145,-1.393128,0.556087,-0.200000,0.000000,0.000000,0.000000,-1.392269,0.542664,-0.076974,1.0000,1.0000,1.0000,1.660,4.810,0.340,5.000,3.000,8.000,1.500,0.060,0.110,378285665,1350114257,378285357,3119,1000,1506,1504,1505,1000,1000,2008,1505,1505,1074,2008,1625,1256,1000,1000
-0.0031,-0.0084,-0.6906,0.0008,-0.0217,3.0954,0.0063,-0.0042,-3.1481,0.0000,-0.0982,-0.0047,-9.8518,0.0014,0.0016,0.0113,-0.1197,-0.0218,-9.8533,0.0016,-0.0042,0.0046,-0.4328,0.0154,-10.2493,0.0023,0.0135,-0.0013,0.0286,0.1600,-9.3129,0.0037,-0.0011,-0.0053,0.0000,0.0086,0.0285,0.0052,105.9313,137.1829,0.0000,0.0000,-1.392246,0.542591,-0.079176,0.000565,-0.000713,-0.012879,-1.393128,0.556087,-0.200000,0.000000,0.000000,0.000000,-1.392247,0.542716,-0.076767,1.0000,1.0000,1.0000,1.660,4.810,0.340,5.000,3.000,8.000,1.500,0.060,0.110,378295710,1350214330,378294406,3120,1000,1506,1504,1505,1000,1000,2008,1505,1505,1074,2008,1625,1256,1000,1000
-0.0026,-0.0086,-0.6906,0.0009,-0.0217,3.0954,0.0063,-0.0042,-3.1481,0.0000,-0.0758,0.0505,-9.8448,0.0028,0.0035,-0.0113,-0.1101,0.0072,-9.8488,-0.0000,-0.0053,-0.0192,0.0460,-0.2097,-9.8542,-0.0020,0.0081,-0.0072,0.0896,0.1367,-9.9090,-0.0138,0.0037,-0.0069,0.0000,0.0081,0.0278,0.0075,87.1475,147.4116,0.0000,33.6405,-1.392240,0.542586,-0.079295,0.000718,-0.000422,-0.013283,-1.393128,0.556087,-0.200000,0.000000,0.000000,0.000000,-1.392247,0.542716,-0.076767,1.0000,1.0000,1.0000,1.660,4.810,0.340,5.000,3.000,8.000,1.500,0.060,0.110,378306210,1350214330,378303451,3120,1000,1506,1504,1505,1000,1000,2008,1505,1505,1074,2008,1625,1256,1000,1000
-0.0032,-0.0080,-0.6907,0.0009,-0.0217,3.0953,0.0063,-0.0042,-3.1481,0.0000,-0.0502,0.0762,-9.8807,0.0024,0.0027,-0.0001,-0.0407,0.0597,-9.8547,0.0062,0.0022,-0.0064,-0.0354,-0.2336,-9.6483,-0.0004,0.0041,0.0067,-0.3360,0.1080,-9.6846,-0.0184,0.0117,0.0011,0.0000,0.0083,0.0281,0.0065,95.9374,142.9908,0.0000,0.0000,-1.392232,0.542580,-0.079456,0.000448,-0.000683,-0.013518,-1.393128,0.556087,-0.200000,0.000000,0.000000,0.000000,-1.392247,0.542716,-0.076767,1.0000,1.0000,1.0000,1.660,4.810,0.340,5.000,3.000,8.000,1.500,0.060,0.110,378316212,1350214330,378315453,3120,1000,1506,1504,1505,1000,1000,2008,1505,1505,1074,2008,1625,1256,1000,1000
-0.0037,-0.0077,-0.6906,0.0009,-0.0217,3.0954,0.0063,-0.0042,-3.1481,0.0000,-0.0783,0.0510,-9.9154,0.0028,0.0049,0.0152,-0.1434,0.0216,-9.8959,0.0016,0.0013,0.0108,-0.0210,-0.2672,-9.4376,-0.0041,-0.0081,0.0115,0.5134,-0.3571,-9.1656,-0.0146,0.0104,0.0208,0.0000,0.0080,0.0274,0.0049,104.5849,134.0650,0.0000,0.0000,-1.392229,0.542573,-0.079580,0.000344,-0.000835,-0.014087,-1.393128,0.556087,-0.200000,0.000000,0.000000,0.000000,-1.392247,0.542716,-0.076767,1.0000,1.0000,1.0000,1.660,4.810,0.340,5.000,3.000,8.000,1.500,0.060,0.110,378326712,1350214330,378324453,3120,1000,1506,1504,1505,1000,1000,2008,1505,1505,1074,2008,1625,1256,1000,1000
-0.0034,-0.0077,-0.6904,0.0009,-0.0217,3.0955,0.0063,-0.0042,-3.1481,0.0000,-0.1207,0.0073,-9.9240,0.0006,0.0032,0.0037,-0.0942,0.0119,-9.8543,0.0033,0.0024,0.0000,-0.2556,-0.3174,-9.5741,-0.0017,0.0020,-0.0072,0.2297,-0.2350,-9.1189,-0.0091,-0.0016,-0.0123,0.0000,0.0088,0.0282,0.0058,101.9206,139.2969,0.0000,0.0000,-1.392226,0.542563,-0.079753,0.000363,-0.000754,-0.014760,-1.393128,0.556087,-0.200000,0.000000,0.000000,0.000000,-1.392247,0.542716,-0.076767,1.0000,1.0000,1.0000,1.660,4.810,0.340,5.000,3.000,8.000,1.500,0.060,0.110,378336716,1350214330,378336457,3120,1000,1506,1504,1505,1000,1000,2008,1505,1505,1074,2008,1625,1256,1000,1000
-0.0029,-0.0082,-0.6905,0.0009,-0.0217,3.0955,0.0063,-0.0042,-3.1481,0.0000,-0.0922,0.0295,-9.8392,0.0017,0.0030,-0.0059,-0.1199,0.0609,-9.8538,0.0027,-0.0015,-0.0081,-0.0210,0.0776,-9.8422,0.0004,0.0068,-0.0016,0.2638,0.1959,-9.9647,0.0184,-0.0130,-0.0027,0.0000,0.0082,0.0281,0.0069,92.5599,145.1649,0.0000,10.0409,-1.392221,0.542558,-0.079888,0.000582,-0.000512,-0.015111,-1.393128,0.556087,-0.200000,0.000000,0.000000,0.000000,-1.392247,0.542716,-0.076767,1.0000,1.0000,1.0000,1.660,4.810,0.340,5.000,3.000,8.000,1.500,0.060,0.110,378347216,1350214330,378345457,3120,1000,1506,1504,1505,1000,1000,2008,1505,1505,1074,2008,1625,1256,1000,1000
-0.0036,-0.0081,-0.6905,0.0009,-0.0217,3.0955,0.0063,-0.0042,-3.1481,0.0000,-0.0842,0.0746,-9.8361,0.0013,0.0027,0.0038,-0.0902,0.0987,-9.8069,0.0010,-0.0012,-0.0035,-0.0497,0.3553,-9.9165,-0.0007,0.0023,0.0099,-0.0702,-0.6516,-9.5768,-0.0048,-0.0048,0.0029,0.0000,0.0083,0.0279,0.0062,96.8587,141.4966,0.0000,0.0000,-1.392214,0.542550,-0.080070,0.000502,-0.000877,-0.015202,-1.393128,0.556087,-0.200000,0.000000,0.000000,0.000000,-1.392247,0.542716,-0.076767,1.0000,1.0000,1.0000,1.660,4.810,0.340,5.000,3.000,8.000,1.500,0.060,0.110,378357716,1350214330,378357457,3120,1000,1506,1504,1505,1000,1000,2008,1505,1505,1074,2008,1625,1256,1000,1000
-0.0038,-0.0079,-0.6904,0.0010,-0.0217,3.0956,0.0063,-0.0042,-3.1481,0.0000,-0.0872,0.0322,-9.8589,0.0025,0.0027,0.0113,-0.0653,0.0616,-9.8075,0.0023,0.0027,0.0056,-0.2125,-0.0708,-10.0553,-0.0001,0.0081,0.0080,-0.3036,-0.1542,-10.0276,-0.0085,0.0040,-0.0133,0.0000,0.0082,0.0278,0.0051,104.2560,135.9388,0.0000,0.0000,-1.392211,0.542541,-0.080207,0.000369,-0.001030,-0.015307,-1.393128,0.556087,-0.200000,0.000000,0.000000,0.000000,-1.392247,0.542716,-0.076767,1.0000,1.0000,1.0000,1.660,4.810,0.340,5.000,3.000,8.000,1.500,0.060,0.110,378368216,1350214330,378366457,3120,1000,1506,1504,1505,1000,1000,2008,1505,1505,1074,2008,1625,1256,1000,1000
-0.0034,-0.0082,-0.6903,0.0009,-0.0217,3.0957,0.0063,-0.0042,-3.1481,0.0000,-0.0811,0.0323,-9.8403,0.0009,0.0032,0.0004,-0.1174,0.0234,-9.8325,0.0008,-0.0020,-0.0051,-0.1000,0.0441,-10.4695,0.0041,0.0097,-0.0045,0.0196,-0.2063,-10.1084,0.0152,-0.0138,-0.0200,0.0000,0.0086,0.0275,0.0060,98.5777,139.0116,0.0000,0.0000,-1.392329,0.542586,-0.079111,0.000044,-0.000757,-0.012758,-1.393128,0.556087,-0.200000,0.000000,0.000000,0.000000,-1.392477,0.542654,-0.076780,1.0000,1.0000,1.0000,1.660,4.810,0.340,5.000,3.000,8.000,1.500,0.060,0.110,378378762,1350314689,378378457,3121,1000,1506,1504,1505,1000,1000,2008,1505,1505,1074,2008,1625,1256,1000,1000
-0.0031,-0.0081,-0.6904,0.0009,-0.0217,3.0957,0.0063,-0.0042,-3.1481,0.0000,-0.0868,0.0344,-9.8809,0.0031,0.0029,-0.0017,-0.0782,0.1208,-9.8747,0.0035,-0.0082,-0.0103,-0.0186,-0.2121,-9.9069,0.0041,0.0060,0.0021,0.1022,0.3306,-9.7941,-0.0112,0.0085,0.0029,0.0000,0.0083,0.0282,0.0066,95.0549,143.9014,0.0000,0.0000,-1.392328,0.542580,-0.079223,-0.000029,-0.000708,-0.013398,-1.393128,0.556087,-0.200000,0.000000,0.000000,0.000000,-1.392477,0.542654,-0.076780,1.0000,1.0000,1.0000,1.660,4.810,0.340,5.000,3.000,8.000,1.500,0.060,0.110,378389262,1350314689,378387003,3121,1000,1506,1504,1505,1000,1000,2008,1505,1505,1074,2008,1625,1256,1000,1000
-0.0030,-0.0082,-0.6903,0.0010,-0.0217,3.0957,0.0063,-0.0042,-3.1481,0.0000,-0.0705,0.0358,-9.8017,0.0008,0.0038,0.0054,-0.0903,0.0693,-9.8170,0.0054,-0.0001,0.0008,-0.1622,0.0297,-10.3546,0.0015,0.0049,0.0099,0.0304,-0.1273,-9.8210,0.0181,-0.0144,-0.0040,0.0000,0.0083,0.0279,0.0061,98.0530,140.7666,0.0000,0.0000,-1.392328,0.542571,-0.079386,0.000001,-0.000720,-0.013533,-1.393128,0.556087,-0.200000,0.000000,0.000000,0.000000,-1.392477,0.542654,-0.076780,1.0000,1.0000,1.0000,1.660,4.810,0.340,5.000,3.000,8.000,1.500,0.060,0.110,378399762,1350314689,378399003,3121,1000,1506,1504,1505,1000,1000,2008,1505,1505,1074,2008,1625,1256,1000,1000
-0.0031,-0.0078,-0.6903,0.0010,-0.0217,3.0958,0.0063,-0.0042,-3.1481,0.0000,-0.0670,0.0446,-9.8637,0.0004,0.0035,0.0065,-0.0738,0.0090,-9.7876,0.0015,0.0018,0.0045,-0.4112,-0.0708,-9.9021,0.0015,0.0031,0.0040,-0.2444,0.1582,-10.1461,0.0072,-0.0189,-0.0136,0.0000,0.0087,0.0279,0.0056,102.1214,138.1025,0.0000,0.0000,-1.392329,0.542564,-0.079508,-0.000077,-0.000698,-0.013746,-1.393128,0.556087,-0.200000,0.000000,0.000000,0.000000,-1.392477,0.542654,-0.076780,1.0000,1.0000,1.0000,1.660,4.810,0.340,5.000,3.000,8.000,1.500,0.060,0.110,378410262,1350314689,378408003,3121,1000,1506,1504,1505,1000,1000,2008,1505,1505,1074,2008,1625,1256,1000,1000
-0.0035,-0.0084,-0.6902,0.0010,-0.0217,3.0958,0.0063,-0.0042,-3.1481,0.0000,-0.1079,0.0400,-9.8542,0.0017,0.0037,-0.0006,-0.0757,0.0258,-9.8008,0.0040,-0.0067,-0.0036,-0.2293,0.1830,-10.0290,0.0009,0.0033,-0.0037,0.1166,0.3181,-10.1155,0.0045,0.0112,0.0000,0.0000,0.0083,0.0278,0.0063,96.2959,141.8409,0.0000,0.0000,-1.392329,0.542555,-0.079676,0.000028,-0.000843,-0.014193,-1.393128,0.556087,-0.200000,0.000000,0.000000,0.000000,-1.392477,0.542654,-0.076780,1.0000,1.0000,1.0000,1.660,4.810,0.340,5.000,3.000,8.000,1.500,0.060,0.110,378420762,1350314689,378420003,3121,1000,1506,1504,1505,1000,1000,2008,1505,1505,1074,2008,1625,1256,1000,1000
-0.0039,-0.0086,-0.6902,0.0010,-0.0217,3.0958,0.0063,-0.0042,-3.1481,0.0000,-0.0731,0.0399,-9.8563,0.0011,0.0035,-0.0003,-0.0797,-0.0035,-9.8115,0.0033,0.0062,-0.0043,-0.1168,0.3170,-10.1870,-0.0052,0.0068,0.0067,0.0806,0.3809,-10.0814,0.0197,-0.0133,-0.0144,0.0000,0.0083,0.0279,0.0063,96.3856,141.8605,0.0000,0.0000,-1.392329,0.542547,-0.079806,0.000094,-0.001061,-0.014612,-1.393128,0.556087,-0.200000,0.000000,0.000000,0.000000,-1.392477,0.542654,-0.076780,1.0000,1.0000,1.0000,1.660,4.810,0.340,5.000,3.000,8.000,1.500,0.060,0.110,378431262,1350314689,378429003,3121,1000,1506,1504,1505,1000,1000,2008,1505,1505,1074,2008,1625,1256,1000,1000
-0.0044,-0.0084,-0.6902,0.0010,-0.0217,3.0959,0.0063,-0.0042,-3.1481,0.0000,-0.0476,0.0275,-9.8285,0.0008,0.0025,0.0050,-0.0734,0.0421,-9.8124,0.0015,-0.0030,0.0013,-0.3227,0.4703,-10.2660,-0.0036,0.0049,0.0088,-0.4509,0.2606,-10.2053,0.0011,-0.0091,-0.0032,0.0000,0.0085,0.0278,0.0059,99.9065,139.0321,0.0000,0.0000,-1.392328,0.542532,-0.079984,0.000020,-0.001362,-0.015088,-1.393128,0.556087,-0.200000,0.000000,0.000000,0.000000,-1.392477,0.542654,-0.076780,1.0000,1.0000,1.0000,1.660,4.810,0.340,5.000,3.000,8.000,1.500,0.060,0.110,378441762,1350314689,378441003,3121,1000,1506,1504,1505,1000,1000,2008,1505,1505,1074,2008,1625,1256,1000,1000
-0.0042,-0.0081,-0.6902,0.0010,-0.0217,3.0960,0.0063,-0.0042,-3.1481,0.0000,-0.0509,0.0177,-9.8781,0.0009,0.0031,0.0052,-0.0916,0.0554,-9.8142,0.0020,-0.0050,0.0021,-0.2484,0.0465,-10.0577,0.0004,0.0028,0.0053,-0.0433,0.2803,-10.1227,-0.0008,-0.0003,0.0043,0.0000,0.0083,0.0282,0.0057,101.6005,139.4106,0.0000,0.0000,-1.392327,0.542519,-0.080123,-0.000051,-0.001460,-0.015761,-1.393128,0.556087,-0.200000,0.000000,0.000000,0.000000,-1.392477,0.542654,-0.076780,1.0000,1.0000,1.0000,1.660,4.810,0.340,5.000,3.000,8.000,1.500,0.060,0.110,378452262,1350314689,378450003,3121,1000,1506,1504,1505,1000,1000,2008,1505,1505,1074,2008,1625,1256,1000,1000
-0.0037,-0.0075,-0.6901,0.0010,-0.0217,3.0960,0.0063,-0.0042,-3.1481,0.0000,-0.0630,0.0124,-9.8827,0.0018,0.0034,0.0019,-0.1079,0.0470,-9.8803,0.0027,-0.0035,-0.0066,-0.2963,0.4104,-10.0266,-0.0063,0.0044,-0.0003,0.1291,0.0774,-9.5912,-0.0045,0.0088,0.0005,0.0000,0.0084,0.0278,0.0060,99.1281,139.9003,0.0000,0.0000,-1.392329,0.542502,-0.080316,-0.000315,-0.001304,-0.016330,-1.393128,0.556087,-0.200000,0.000000,0.000000,0.000000,-1.392477,0.542654,-0.076780,1.0000,1.0000,1.0000,1.660,4.810,0.340,5.000,3.000,8.000,1.500,0.060,0.110,378462762,1350314689,378462003,3121,1000,1506,1504,1505,1000,1000,2008,1505,1505,1074,2008,1625,1256,1000,1000
-0.0040,-0.0073,-0.6901,0.0010,-0.0217,3.0960,0.0063,-0.0042,-3.1481,0.0000,-0.0904,0.0336,-9.8356,0.0021,0.0033,0.0007,-0.0959,0.0963,-9.8192,0.0035,0.0024,-0.0044,-0.0306,0.2620,-10.0649,-0.0041,0.0068,0.0048,0.1112,0.1672,-9.6361,-0.0101,0.0282,0.0115,0.0000,0.0081,0.0279,0.0062,97.0756,141.5520,0.0000,0.0000,-1.392333,0.542489,-0.080464,-0.000507,-0.001548,-0.016631,-1.393128,0.556087,-0.200000,0.000000,0.000000,0.000000,-1.392477,0.542654,-0.076780,1.0000,1.0000,1.0000,1.660,4.810,0.340,5.000,3.000,8.000,1.500,0.060,0.110,378473262,1350314689,378471003,3121,1000,1506,1504,1505,1000,1000,2008,1505,1505,1074,2008,1625,1256,1000,1000
-0.0040,-0.0074,-0.6901,0.0010,-0.0217,3.0961,0.0063,-0.0042,-3.1481,0.0000,-0.0730,0.0248,-9.8651,0.0013,0.0029,0.0056,-0.1079,0.0154,-9.8816,0.0021,-0.0010,-0.0033,-0.3298,0.2715,-10.0984,-0.0015,0.0100,0.0072,0.2117,0.3055,-9.8336,0.0085,0.0117,0.0061,0.0000,0.0082,0.0278,0.0057,100.1096,138.9442,0.0000,0.0000,-1.392339,0.542470,-0.080667,-0.000550,-0.001657,-0.017145,-1.393128,0.556087,-0.200000,0.000000,0.000000,0.000000,-1.392477,0.542654,-0.076780,1.0000,1.0000,1.0000,1.660,4.810,0.340,5.000,3.000,8.000,1.500,0.060,0.110,378483762,1350314689,378483003,3121,1000,1506,1504,1505,1000,1000,2008,1505,1505,1074,2008,1625,1256,1000,1000
-0.0039,-0.0074,-0.6900,0.0011,-0.0217,3.0961,0.0063,-0.0042,-3.1481,0.0000,-0.1140,0.0205,-9.8320,0.0024,0.0029,0.0037,-0.1310,0.0210,-9.8718,0.0018,0.0001,-0.0001,0.2232,0.2380,-9.7417,-0.0001,0.0087,0.0051,0.4883,0.4402,-9.2877,0.0053,-0.0008,0.0003,0.0000,0.0080,0.0278,0.0058,99.2474,139.4748,0.0000,0.0000,-1.392344,0.542454,-0.080822,-0.000667,-0.001671,-0.017223,-1.393128,0.556087,-0.200000,0.000000,0.000000,0.000000,-1.392477,0.542654,-0.076780,1.0000,1.0000,1.0000,1.660,4.810,0.340,5.000,3.000,8.000,1.500,0.060,0.110,378494262,1350314689,378492003,3121,1000,1506,1504,1505,1000,1000,2008,1505,1505,1074,2008,1625,1256,1000,1000
-0.0041,-0.0079,-0.6900,0.0011,-0.0217,3.0962,0.0063,-0.0042,-3.1481,0.0000,-0.1358,0.0493,-9.8897,0.0014,0.0027,0.0017,-0.1743,0.0303,-9.8629,0.0019,0.0016,-0.0044,0.0508,0.4487,-9.8853,0.0023,0.0084,0.0040,0.7630,0.0523,-9.0830,0.0053,0.0117,0.0029,0.0000,0.0083,0.0283,0.0060,100.0533,141.0475,0.0000,0.0000,-1.392351,0.542433,-0.081031,-0.000372,-0.001885,-0.017607,-1.393128,0.556087,-0.200000,0.000000,0.000000,0.000000,-1.392477,0.542654,-0.076780,1.0000,1.0000,1.0000,1.660,4.810,0.340,5.000,3.000,8.000,1.500,0.060,0.110,378504762,1350314689,378504004,3121,1000,1506,1504,1505,1000,1000,2008,1505,1505,1074,2008,1625,1256,1000,1000
-0.0044,-0.0076,-0.6900,0.0010,-0.0216,3.0962,0.0063,-0.0042,-3.1481,0.0000,-0.0638,0.0534,-9.8661,0.0018,0.0042,0.0025,-0.1306,0.0762,-9.8746,0.0015,-0.0014,-0.0024,-0.4112,0.0082,-10.1750,0.0028,0.0127,0.0072,0.3356,0.2426,-9.3631,-0.0096,0.0048,-0.0141,0.0000,0.0081,0.0274,0.0061,96.6666,139.9941,0.0000,0.0000,-1.392216,0.542598,-0.079504,-0.000119,-0.001420,-0.013759,-1.393128,0.556087,-0.200000,0.000000,0.000000,0.000000,-1.392109,0.542747,-0.076961,1.0000,1.0000,1.0000,1.660,4.810,0.340,5.000,3.000,8.000,1.500,0.060,0.110,378514809,1350446513,378513050,3122,1000,1506,1504,1505,1000,1000,2008,1505,1505,1074,2008,1625,1256,1000,1000
-0.0048,-0.0076,-0.6899,0.0010,-0.0216,3.0963,0.0063,-0.0042,-3.1481,0.0000,-0.1040,0.0727,-9.8278,0.0018,0.0038,0.0043,-0.1268,0.0468,-9.8297,0.0005,-0.0029,-0.0013,0.4722,-0.1020,-9.8063,0.0057,0.0111,0.0056,0.2081,-0.3284,-9.3937,0.0032,0.0069,0.0027,0.0000,0.0082,0.0277,0.0058,99.4955,139.0294,0.0000,0.0000,-1.392217,0.542579,-0.079672,-0.000075,-0.001771,-0.014038,-1.393128,0.556087,-0.200000,0.000000,0.000000,0.000000,-1.392109,0.542747,-0.076961,1.0000,1.0000,1.0000,1.660,4.810,0.340,5.000,3.000,8.000,1.500,0.060,0.110,378525309,1350446513,378525050,3122,1000,1506,1504,1505,1000,1000,2008,1505,1505,1074,2008,1625,1256,1000,1000
-0.0045,-0.0078,-0.6899,0.0010,-0.0216,3.0963,0.0063,-0.0042,-3.1481,0.0000,-0.1071,0.0575,-9.8848,0.0016,0.0056,0.0037,-0.1120,0.0529,-9.8553,-0.0016,0.0000,-0.0016,0.3573,0.1590,-9.5549,0.0079,0.0065,0.0027,-0.0091,-0.6929,-9.2123,0.0051,-0.0069,-0.0221,0.0000,0.0082,0.0272,0.0058,97.8384,138.1835,0.0000,0.0000,-1.392218,0.542563,-0.079799,-0.000111,-0.001765,-0.014157,-1.393128,0.556087,-0.200000,0.000000,0.000000,0.000000,-1.392109,0.542747,-0.076961,1.0000,1.0000,1.0000,1.660,4.810,0.340,5.000,3.000,8.000,1.500,0.060,0.110,378535809,1350446513,378534050,3122,1000,1506,1504,1505,1000,1000,2008,1505,1505,1074,2008,1625,1256,1000,1000
-0.0043,-0.0078,-0.6899,0.0010,-0.0216,3.0964,0.0063,-0.0042,-3.1481,0.0000,-0.1086,0.0569,-9.9186,0.0001,0.0032,0.0020,-0.0791,0.0596,-9.8180,0.0013,-0.0045,-0.0038,0.4435,-0.5186,-9.3227,0.0097,-0.0025,0.0037,0.4613,-0.4308,-9.5050,0.0229,-0.0027,-0.0043,0.0000,0.0087,0.0280,0.0060,99.6293,140.0732,0.0000,0.0000,-1.392220,0.542542,-0.079971,-0.000221,-0.001764,-0.014763,-1.393128,0.556087,-0.200000,0.000000,0.000000,0.000000,-1.392109,0.542747,-0.076961,1.0000,1.0000,1.0000,1.660,4.810,0.340,5.000,3.000,8.000,1.500,0.060,0.110,378546309,1350446513,378546050,3122,1000,1506,1504,1505,1000,1000,2008,1505,1505,1074,2008,1625,1256,1000,1000
-0.0041,-0.0079,-0.6898,0.0010,-0.0216,3.0964,0.0063,-0.0042,-3.1481,0.0000,-0.1153,0.0561,-9.8520,0.0004,0.0022,0.0041,-0.1177,0.0681,-9.8635,0.0012,-0.0026,-0.0003,0.2974,-0.4132,-9.4352,0.0068,0.0001,0.0013,0.3680,-0.7701,-9.4888,0.0107,0.0232,-0.0109,0.0000,0.0086,0.0283,0.0058,101.8409,139.8120,0.0000,0.0000,-1.392223,0.542526,-0.080105,-0.000260,-0.001746,-0.014961,-1.393128,0.556087,-0.200000,0.000000,0.000000,0.000000,-1.392109,0.542747,-0.076961,1.0000,1.0000,1.0000,1.660,4.810,0.340,5.000,3.000,8.000,1.500,0.060,0.110,378556809,1350446513,378555050,3122,1000,1506,1504,1505,1000,1000,2008,1505,1505,1074,2008,1625,1256,1000,1000
-0.0036,-0.0082,-0.6898,0.0010,-0.0216,3.0965,0.0063,-0.0042,-3.1481,0.0000,-0.0850,0.0379,-9.8804,0.0023,0.0039,0.0032,-0.0908,0.0661,-9.8483,0.0019,0.0018,-0.0024,-0.0258,-0.4611,-9.6124,-0.0015,-0.0009,-0.0021,0.0196,-0.2638,-9.6828,0.0069,-0.0024,0.0019,0.0000,0.0085,0.0279,0.0058,100.3553,139.2563,0.0000,0.0000,-1.392225,0.542507,-0.080285,-0.000165,-0.001542,-0.015166,-1.393128,0.556087,-0.200000,0.000000,0.000000,0.000000,-1.392109,0.542747,-0.076961,1.0000,1.0000,1.0000,1.660,4.810,0.340,5.000,3.000,8.000,1.500,0.060,0.110,378567309,1350446513,378567050,3122,1000,1506,1504,1505,1000,1000,2008,1505,1505,1074,2008,1625,1256,1000,1000
-0.0034,-0.0083,-0.6898,0.0010,-0.0216,3.0965,0.0063,-0.0042,-3.1481,0.0000,-0.0463,0.0356,-9.8521,0.0020,0.0038,0.0023,-0.0573,0.0096,-9.7886,0.0043,0.0006,-0.0024,-0.0066,-0.2743,-9.7393,-0.0004,-0.0012,0.0013,-0.3234,0.2265,-10.5609,0.0003,-0.0099,-0.0099,0.0000,0.0082,0.0278,0.0058,99.3245,139.5582,0.0000,0.0000,-1.392226,0.542494,-0.080424,-0.000044,-0.001499,-0.015673,-1.393128,0.556087,-0.200000,0.000000,0.000000,0.000000,-1.392109,0.542747,-0.076961,1.0000,1.0000,1.0000,1.660,4.810,0.340,5.000,3.000,8.000,1.500,0.060,0.110,378577809,1350446513,378576050,3122,1000,1506,1504,1505,1000,1000,2008,1505,1505,1074,2008,1625,1256,1000,1000
-0.0037,-0.0080,-0.6897,0.0010,-0.0216,3.0966,0.0063,-0.0042,-3.1481,0.0000,-0.0496,0.0585,-9.7984,0.0020,0.0027,0.0041,-0.0414,0.0322,-9.7801,0.0034,0.0024,-0.0017,-0.4112,0.0225,-10.0577,-0.0023,0.0028,0.0024,-0.3755,0.1798,-10.1676,0.0037,-0.0072,-0.0027,0.0000,0.0083,0.0282,0.0058,100.9930,140.0616,0.0000,0.0000,-1.392228,0.542475,-0.080613,-0.000324,-0.001642,-0.015761,-1.393128,0.556087,-0.200000,0.000000,0.000000,0.000000,-1.392109,0.542747,-0.076961,1.0000,1.0000,1.0000,1.660,4.810,0.340,5.000,3.000,8.000,1.500,0.060,0.110,378588309,1350446513,378588050,3122,1000,1506,1504,1505,1000,1000,2008,1505,1505,1074,2008,1625,1256,1000,1000
-0.0038,-0.0075,-0.6897,0.0011,-0.0216,3.0966,0.0063,-0.0042,-3.1481,0.0000,-0.0341,0.0209,-9.8653,0.0013,0.0057,0.0034,-0.0293,0.0214,-9.8175,0.0011,-0.0019,-0.0018,-0.4256,0.0273,-10.0386,-0.0055,0.0009,0.0027,-0.4455,0.5677,-10.0617,0.0104,-0.0027,-0.0178,0.0000,0.0083,0.0274,0.0059,98.3381,138.7140,0.0000,0.0000,-1.392232,0.542459,-0.080756,-0.000535,-0.001788,-0.016132,-1.393128,0.556087,-0.200000,0.000000,0.000000,0.000000,-1.392109,0.542747,-0.076961,1.0000,1.0000,1.0000,1.660,4.810,0.340,5.000,3.000,8.000,1.500,0.060,0.110,378598809,1350446513,378597050,3122,1000,1506,1504,1505,1000,1000,2008,1505,1505,1074,2008,1625,1256,1000,1000
-0.0035,-0.0070,-0.6897,0.0010,-0.0216,3.0967,0.0063,-0.0042,-3.1481,0.0000,-0.0580,0.0266,-9.8509,0.0010,0.0030,0.0037,-0.0477,0.0313,-9.7887,-0.0004,0.0013,-0.0012,-0.2724,0.1949,-10.3307,0.0028,0.0092,0.0035,0.3051,-0.0231,-9.5319,0.0064,0.0099,-0.0117,0.0000,0.0084,0.0272,0.0058,98.7816,137.8352,0.0000,0.0000,-1.392294,0.542495,-0.079417,-0.000987,-0.001511,-0.012798,-1.393128,0.556087,-0.200000,0.000000,0.000000,0.000000,-1.392337,0.542540,-0.077144,1.0000,1.0000,1.0000,1.660,4.810,0.340,5.000,3.000,8.000,1.500,0.060,0.110,378609354,1350547784,378609050,3123,1000,1506,1504,1505,1000,1000,2008,1505,1505,1074,2008,1625,1256,1000,1000
-0.0033,-0.0069,-0.6896,0.0010,-0.0216,3.0967,0.0063,-0.0042,-3.1481,0.0000,-0.0617,0.0264,-9.8785,0.0015,0.0023,0.0026,-0.0923,0.0576,-9.8173,0.0056,-0.0028,-0.0034,-0.2748,0.3218,-10.1463,0.0039,0.0151,0.0008,-0.2318,0.0218,-9.2536,0.0093,0.0061,-0.0101,0.0000,0.0084,0.0280,0.0060,99.5053,140.0187,0.0000,0.0000,-1.392304,0.542482,-0.079535,-0.001260,-0.001390,-0.013271,-1.393128,0.556087,-0.200000,0.000000,0.000000,0.000000,-1.392337,0.542540,-0.077144,1.0000,1.0000,1.0000,1.660,4.810,0.340,5.000,3.000,8.000,1.500,0.060,0.110,378619854,1350547784,378618095,3123,1000,1506,1504,1505,1000,1000,2008,1505,1505,1074,2008,1625,1256,1000,1000
-0.0032,-0.0074,-0.6896,0.0011,-0.0216,3.0967,0.0063,-0.0042,-3.1481,0.0000,-0.1113,0.0205,-9.8833,0.0003,0.0026,0.0025,-0.1717,0.0754,-9.8610,0.0023,-0.0063,-0.0044,0.2879,-0.1403,-9.2724,0.0015,0.0033,0.0056,0.3662,-0.2099,-9.1351,0.0019,0.0096,0.0085,0.0000,0.0086,0.0281,0.0059,100.6437,139.7709,0.0000,0.0000,-1.392318,0.542464,-0.079697,-0.001054,-0.001456,-0.013588,-1.393128,0.556087,-0.200000,0.000000,0.000000,0.000000,-1.392337,0.542540,-0.077144,1.0000,1.0000,1.0000,1.660,4.810,0.340,5.000,3.000,8.000,1.500,0.060,0.110,378630354,1350547784,378630095,3123,1000,1506,1504,1505,1000,1000,2008,1505,1505,1074,2008,1625,1256,1000,1000
-0.0030,-0.0076,-0.6896,0.0011,-0.0217,3.0968,0.0063,-0.0042,-3.1481,0.0000,-0.0950,0.0376,-9.8787,0.0016,0.0039,0.0047,-0.1196,0.0271,-9.7910,0.0020,-0.0041,-0.0005,0.4507,-0.0804,-9.0426,0.0073,-0.0087,0.0019,0.2117,0.0254,-9.1225,-0.0072,-0.0202,0.0056,0.0000,0.0081,0.0277,0.0057,100.1512,138.6987,0.0000,0.0000,-1.392328,0.542452,-0.079820,-0.001122,-0.001354,-0.013894,-1.393128,0.556087,-0.200000,0.000000,0.000000,0.000000,-1.392337,0.542540,-0.077144,1.0000,1.0000,1.0000,1.660,4.810,0.340,5.000,3.000,8.000,1.500,0.060,0.110,378640854,1350547784,378639095,3123,1000,1506,1504,1505,1000,1000,2008,1505,1505,1074,2008,1625,1256,1000,1000
-0.0033,-0.0074,-0.6895,0.0011,-0.0217,3.0968,0.0063,-0.0042,-3.1481,0.0000,-0.0910,0.0767,-9.8964,0.0010,0.0042,0.0039,-0.1125,0.0399,-9.7928,-0.0004,-0.0009,-0.0030,-0.1335,-0.1977,-9.4664,0.0089,-0.0073,-0.0011,0.0286,-0.5996,-9.7941,0.0277,0.0154,0.0162,0.0000,0.0082,0.0277,0.0057,100.0294,138.8137,0.0000,0.0000,-1.392343,0.542435,-0.079987,-0.001304,-0.001560,-0.014077,-1.393128,0.556087,-0.200000,0.000000,0.000000,0.000000,-1.392337,0.542540,-0.077144,1.0000,1.0000,1.0000,1.660,4.810,0.340,5.000,3.000,8.000,1.500,0.060,0.110,378651354,1350547784,378651095,3123,1000,1506,1504,1505,1000,1000,2008,1505,1505,1074,2008,1625,1256,1000,1000
-0.0040,-0.0076,-0.6895,0.0011,-0.0217,3.0969,0.0063,-0.0042,-3.1481,0.0000,-0.0946,0.0530,-9.8551,0.0005,0.0026,0.0038,-0.0442,0.0532,-9.8202,0.0040,-0.0048,-0.0031,0.1562,0.0632,-9.9165,0.0084,-0.0020,0.0013,-0.0091,0.1762,-10.5465,-0.0013,-0.0117,0.0040,0.0000,0.0085,0.0280,0.0058,101.0875,138.8913,0.0000,0.0000,-1.392354,0.542419,-0.080116,-0.001284,-0.001873,-0.014644,-1.393128,0.556087,-0.200000,0.000000,0.000000,0.000000,-1.392337,0.542540,-0.077144,1.0000,1.0000,1.0000,1.660,4.810,0.340,5.000,3.000,8.000,1.500,0.060,0.110,378661854,1350547784,378660095,3123,1000,1506,1504,1505,1000,1000,2008,1505,1505,1074,2008,1625,1256,1000,1000
-0.0042,-0.0077,-0.6895,0.0011,-0.0217,3.0969,0.0063,-0.0042,-3.1481,0.0000,-0.0479,0.0319,-9.8410,0.0006,0.0032,0.0028,-0.0702,0.0244,-9.7446,0.0006,0.0001,-0.0031,-0.6052,0.2260,-10.5892,0.0055,0.0047,0.0043,-0.3880,0.2714,-10.7351,0.0197,-0.0069,-0.0019,0.0000,0.0083,0.0276,0.0058,98.9871,138.9320,0.0000,0.0000,-1.392370,0.542396,-0.080295,-0.001397,-0.002038,-0.015251,-1.393128,0.556087,-0.200000,0.000000,0.000000,0.000000,-1.392337,0.542540,-0.077144,1.0000,1.0000,1.0000,1.660,4.810,0.340,5.000,3.000,8.000,1.500,0.060,0.110,378672354,1350547784,378672095,3123,1000,1506,1504,1505,1000,1000,2008,1505,1505,1074,2008,1625,1256,1000,1000
-0.0040,-0.0077,-0.6894,0.0011,-0.0217,3.0970,0.0063,-0.0042,-3.1481,0.0000,-0.0513,-0.0039,-9.7847,0.0023,0.0028,0.0026,-0.0530,-0.0046,-9.7364,0.0015,-0.0045,-0.0013,-0.5669,0.3074,-10.7305,-0.0031,0.0124,0.0016,-0.3862,0.4833,-10.1766,0.0011,-0.0232,-0.0120,0.0000,0.0082,0.0276,0.0058,99.0330,139.0562,0.0000,0.0000,-1.392383,0.542377,-0.080435,-0.001416,-0.002047,-0.015684,-1.393128,0.556087,-0.200000,0.000000,0.000000,0.000000,-1.392337,0.542540,-0.077144,1.0000,1.0000,1.0000,1.660,4.810,0.340,5.000,3.000,8.000,1.500,0.060,0.110,378682854,1350547784,378681095,3123,1000,1506,1504,1505,1000,1000,2008,1505,1505,1074,2008,1625,1256,1000,1000
-0.0040,-0.0076,-0.6894,0.0011,-0.0217,3.0970,0.0063,-0.0042,-3.1481,0.0000,-0.0395,0.0322,-9.8026,0.0007,0.0030,0.0025,-0.0547,0.0262,-9.7960,0.0016,-0.0019,-0.0023,-0.5525,0.4726,-10.4432,-0.0028,0.0087,0.0008,-0.3898,0.3324,-9.7851,-0.0037,0.0048,0.0069,0.0000,0.0080,0.0278,0.0058,99.1823,139.5730,0.0000,0.0000,-1.392400,0.542352,-0.080624,-0.001541,-0.002152,-0.015780,-1.393128,0.556087,-0.200000,0.000000,0.000000,0.000000,-1.392337,0.542540,-0.077144,1.0000,1.0000,1.0000,1.660,4.810,0.340,5.000,3.000,8.000,1.500,0.060,0.110,378693354,1350547784,378693095,3123,1000,1506,1504,1505,1000,1000,2008,1505,1505,1074,2008,1625,1256,1000,1000
-0.0041,-0.0076,-0.6894,0.0011,-0.0216,3.0970,0.0063,-0.0042,-3.1481,0.0000,-0.0775,-0.0088,-9.8581,0.0016,0.0045,0.0024,-0.1062,0.0487,-9.8049,0.0020,0.0021,-0.0001,-0.4304,0.4559,-10.3139,0.0012,0.0076,0.0037,0.2369,0.4491,-9.7474,0.0056,0.0232,-0.0101,0.0000,0.0082,0.0274,0.0059,97.5792,139.2211,0.0000,0.0000,-1.392414,0.542332,-0.080768,-0.001556,-0.002304,-0.016146,-1.393128,0.556087,-0.200000,0.000000,0.000000,0.000000,-1.392337,0.542540,-0.077144,1.0000,1.0000,1.0000,1.660,4.810,0.340,5.000,3.000,8.000,1.500,0.060,0.110,378703854,1350547784,378702095,3123,1000,1506,1504,1505,1000,1000,2008,1505,1505,1074,2008,1625,1256,1000,1000
-0.0035,-0.0079,-0.6894,0.0011,-0.0216,3.0971,0.0063,-0.0042,-3.1481,0.0000,-0.0899,0.0185,-9.9065,0.0006,0.0033,0.0041,-0.1141,0.0662,-9.8407,0.0015,0.0012,0.0001,-0.1886,0.4128,-9.8063,0.0052,-0.0020,0.0059,-0.2282,0.2821,-9.0291,0.0032,0.0093,-0.0011,0.0000,0.0081,0.0277,0.0058,99.2762,139.2022,0.0000,0.0000,-1.392431,0.542306,-0.080965,-0.001399,-0.002039,-0.016778,-1.393128,0.556087,-0.200000,0.000000,0.000000,0.000000,-1.392337,0.542540,-0.077144,1.0000,1.0000,1.0000,1.660,4.810,0.340,5.000,3.000,8.000,1.500,0.060,0.110,378714354,1350547784,378714095,3123,1000,1506,1504,1505,1000,1000,2008,1505,1505,1074,2008,1625,1256,1000,1000
-0.0036,-0.0082,-0.6893,0.0011,-0.0217,3.0971,0.0063,-0.0042,-3.1481,0.0000,-0.1093,0.0512,-9.8974,0.0015,0.0014,0.0038,-0.1198,0.0700,-9.8173,0.0028,-0.0059,-0.0026,0.0915,0.0417,-9.5717,0.0071,0.0004,0.0072,0.6786,-0.1578,-9.6558,0.0125,0.0032,-0.0021,0.0000,0.0082,0.0280,0.0057,100.9366,139.1036,0.0000,0.0000,-1.392444,0.542287,-0.081118,-0.001339,-0.002106,-0.017196,-1.393128,0.556087,-0.200000,0.000000,0.000000,0.000000,-1.392337,0.542540,-0.077144,1.0000,1.0000,1.0000,1.660,4.810,0.340,5.000,3.000,8.000,1.500,0.060,0.110,378724854,1350547784,378723095,3123,1000,1506,1504,1505,1000,1000,2008,1505,1505,1074,2008,1625,1256,1000,1000
-0.0032,-0.0078,-0.6893,0.0011,-0.0217,3.0972,0.0063,-0.0042,-3.1481,0.0000,-0.0823,0.0120,-9.8653,0.0002,0.0044,0.0036,-0.0908,0.0510,-9.8174,0.0022,-0.0025,-0.0006,-0.0066,-0.0900,-9.9428,0.0087,0.0057,0.0045,-0.1115,-0.0770,-9.7313,-0.0008,-0.0173,-0.0043,0.0000,0.0085,0.0275,0.0057,100.0693,137.8603,0.0000,0.0000,-1.392461,0.542263,-0.081329,-0.001541,-0.001942,-0.017880,-1.393128,0.556087,-0.200000,0.000000,0.000000,0.000000,-1.392337,0.542540,-0.077144,1.0000,1.0000,1.0000,1.660,4.810,0.340,5.000,3.000,8.000,1.500,0.060,0.110,378735354,1350547784,378735105,3123,1000,1506,1504,1505,1000,1000,2008,1505,1505,1074,2008,1625,1256,1000,1000
-0.0033,-0.0083,-0.6892,0.0012,-0.0217,3.0972,0.0063,-0.0042,-3.1481,0.0000,-0.0775,0.0426,-9.8396,0.0016,0.0040,0.0036,-0.0042,-0.0040,-9.7455,0.0032,0.0026,-0.0038,-0.2532,0.1159,-9.7920,-0.0020,0.0015,0.0024,-0.5676,-0.3769,-10.4011,-0.0053,-0.0112,0.0117,0.0000,0.0080,0.0276,0.0057,99.5258,138.8002,0.0000,0.0000,-1.392475,0.542245,-0.081491,-0.001469,-0.001992,-0.018093,-1.393128,0.556087,-0.200000,0.000000,0.000000,0.000000,-1.392337,0.542540,-0.077144,1.0000,1.0000,1.0000,1.660,4.810,0.340,5.000,3.000,8.000,1.500,0.060,0.110,378745854,1350547784,378744095,3123,1000,1506,1504,1505,1000,1000,2008,1505,1505,1074,2008,1625,1256,1000,1000
-0.0029,-0.0085,-0.6892,0.0012,-0.0216,3.0973,0.0063,-0.0042,-3.1481,0.0000,-0.0629,0.0001,-9.8680,0.0021,0.0038,0.0026,-0.0271,0.0225,-9.7164,0.0048,-0.0064,-0.0007,0.0413,-0.1044,-9.6316,-0.0108,-0.0009,0.0029,-0.2480,0.8029,-10.7045,-0.0221,0.0003,-0.0016,0.0000,0.0079,0.0275,0.0057,98.6578,138.8292,0.0000,0.0000,-1.392491,0.542222,-0.081712,-0.001387,-0.001802,-0.018718,-1.393128,0.556087,-0.200000,0.000000,0.000000,0.000000,-1.392337,0.542540,-0.077144,1.0000,1.0000,1.0000,1.660,4.810,0.340,5.000,3.000,8.000,1.500,0.060,0.110,378756354,1350547784,378756095,3123,1000,1506,1504,1505,1000,1000,2008,1505,1505,1074,2008,1625,1256,1000,1000
-0.0026,-0.0084,-0.6892,0.0012,-0.0216,3.0973,0.0063,-0.0042,-3.1481,0.0000,-0.0885,0.0060,-9.8695,0.0028,0.0034,0.0019,-0.0685,-0.0346,-9.8035,0.0031,-0.0007,-0.0020,-0.6650,0.0944,-10.4695,-0.0071,0.0081,0.0053,-0.0630,0.9986,-10.2843,-0.0107,-0.0048,0.0016,0.0000,0.0078,0.0275,0.0058,98.0226,139.5395,0.0000,0.0000,-1.392504,0.542206,-0.081883,-0.001395,-0.001686,-0.019380,-1.393128,0.556087,-0.200000,0.000000,0.000000,0.000000,-1.392337,0.542540,-0.077144,1.0000,1.0000,1.0000,1.660,4.810,0.340,5.000,3.000,8.000,1.500,0.060,0.110,378766854,1350547784,378765095,3123,1000,1506,1504,1505,1000,1000,2008,1505,1505,1074,2008,1625,1256,1000,1000
-0.0030,-0.0082,-0.6891,0.0012,-0.0216,3.0974,0.0063,-0.0042,-3.1481,0.0000,-0.0647,0.0235,-9.8239,0.0013,0.0022,0.0026,-0.0921,0.0111,-9.7622,0.0005,-0.0021,-0.0031,-0.7440,0.2117,-10.7568,0.0009,0.0137,0.0029,0.0806,0.1995,-9.3613,0.0088,0.0269,-0.0120,0.0000,0.0079,0.0281,0.0057,100.6228,139.6295,0.0000,0.0000,-1.392521,0.542185,-0.082119,-0.001486,-0.001859,-0.019794,-1.393128,0.556087,-0.200000,0.000000,0.000000,0.000000,-1.392337,0.542540,-0.077144,1.0000,1.0000,1.0000,1.660,4.810,0.340,5.000,3.000,8.000,1.500,0.060,0.110,378777354,1350547784,378777095,3123,1000,1506,1504,1505,1000,1000,2008,1505,1505,1074,2008,1625,1256,1000,1000
-0.0034,-0.0082,-0.6891,0.0012,-0.0216,3.0974,0.0063,-0.0042,-3.1481,0.0000,-0.0699,0.0628,-9.8323,0.0012,0.0031,0.0033,-0.1309,0.0853,-9.8362,0.0003,-0.0005,-0.0027,-0.3203,0.1446,-10.1942,0.0012,0.0113,0.0056,0.2153,-0.0680,-9.7025,0.0104,0.0043,0.0016,0.0000,0.0079,0.0276,0.0058,98.7375,139.0808,0.0000,0.0000,-1.392534,0.542168,-0.082299,-0.001509,-0.002011,-0.020189,-1.393128,0.556087,-0.200000,0.000000,0.000000,0.000000,-1.392337,0.542540,-0.077144,1.0000,1.0000,1.0000,1.660,4.810,0.340,5.000,3.000,8.000,1.500,0.060,0.110,378787854,1350547784,378786095,3123,1000,1506,1504,1505,1000,1000,2008,1505,1505,1074,2008,1625,1256,1000,1000
-0.0037,-0.0081,-0.6891,0.0012,-0.0216,3.0975,0.0063,-0.0042,-3.1481,0.0000,-0.0753,0.0647,-9.8853,0.0017,0.0034,0.0044,-0.1506,0.0408,-9.8754,0.0001,-0.0007,-0.0025,-0.2389,-0.0924,-9.8422,0.0044,0.0004,0.0059,0.0375,-0.1650,-8.9411,0.0123,0.0019,-0.0027,0.0000,0.0081,0.0277,0.0055,100.9255,137.9869,0.0000,0.0000,-1.392552,0.542142,-0.082544,-0.001510,-0.002277,-0.020699,-1.393128,0.556087,-0.200000,0.000000,0.000000,0.000000,-1.392337,0.542540,-0.077144,1.0000,1.0000,1.0000,1.660,4.810,0.340,5.000,3.000,8.000,1.500,0.060,0.110,378798354,1350547784,378798095,3123,1000,1506,1504,1505,1000,1000,2008,1505,1505,1074,2008,1625,1256,1000,1000
-0.0035,-0.0080,-0.6890,0.0012,-0.0216,3.0975,0.0063,-0.0042,-3.1481,0.0000,-0.0677,0.0656,-9.8685,0.0011,0.0037,0.0040,-0.0553,0.0379,-9.8760,0.0022,0.0004,-0.0005,0.0915,-0.1594,-9.2916,0.0033,-0.0057,0.0021,0.2602,-0.0016,-9.1782,-0.0117,0.0059,-0.0040,0.0000,0.0078,0.0279,0.0057,99.9030,139.6396,0.0000,0.0000,-1.392566,0.542122,-0.082730,-0.001581,-0.002256,-0.020651,-1.393128,0.556087,-0.200000,0.000000,0.000000,0.000000,-1.392337,0.542540,-0.077144,1.0000,1.0000,1.0000,1.660,4.810,0.340,5.000,3.000,8.000,1.500,0.060,0.110,378808854,1350547784,378807096,3123,1000,1506,1504,1505,1000,1000,2008,1505,1505,1074,2008,1625,1256,1000,1000
-0.0035,-0.0077,-0.6890,0.0010,-0.0215,3.0976,0.0063,-0.0042,-3.1481,0.0000,-0.0906,0.0276,-9.8704,0.0006,0.0034,0.0020,-0.1177,0.0110,-9.8878,0.0015,-0.0026,-0.0009,0.6494,-0.2576,-9.0450,0.0020,-0.0049,-0.0013,0.3213,-0.3356,-9.2356,0.0061,-0.0053,0.0053,0.0000,0.0082,0.0274,0.0057,99.5475,138.0661,0.0000,0.0000,-1.392326,0.542474,-0.079814,-0.000942,-0.001005,-0.013780,-1.393128,0.556087,-0.200000,0.000000,0.000000,0.000000,-1.392227,0.542618,-0.076979,1.0000,1.0000,1.0000,1.660,4.810,0.340,5.000,3.000,8.000,1.500,0.060,0.110,378818901,1350680060,378816142,3124,1000,1506,1504,1505,1000,1000,2008,1505,1505,1074,2008,1625,1256,1000,1000
-0.0035,-0.0082,-0.6890,0.0010,-0.0215,3.0976,0.0063,-0.0042,-3.1481,0.0000,-0.1408,0.0716,-9.8715,0.0025,0.0040,0.0028,-0.1264,0.0213,-9.8700,0.0033,0.0038,-0.0018,0.2950,-0.7053,-8.9803,0.0028,-0.0084,-0.0019,0.1938,-0.3517,-9.4727,0.0005,-0.0157,-0.0123,0.0000,0.0080,0.0280,0.0058,99.5910,140.0347,0.0000,0.0000,-1.392336,0.542461,-0.079982,-0.000564,-0.001206,-0.014163,-1.393128,0.556087,-0.200000,0.000000,0.000000,0.000000,-1.392227,0.542618,-0.076979,1.0000,1.0000,1.0000,1.660,4.810,0.340,5.000,3.000,8.000,1.500,0.060,0.110,378828930,1350680060,378828171,3124,1000,1506,1504,1505,1000,1000,2008,1505,1505,1074,2008,1625,1256,1000,1000
-0.0042,-0.0085,-0.6890,0.0011,-0.0215,3.0976,0.0063,-0.0042,-3.1481,0.0000,-0.1153,0.0809,-9.9015,0.0013,0.0036,0.0022,-0.1309,0.0519,-9.9181,0.0070,0.0010,-0.0033,0.4555,-0.4611,-9.1719,-0.0055,-0.0025,-0.0005,0.1902,-0.0375,-9.6451,-0.0085,-0.0264,0.0101,0.0000,0.0085,0.0276,0.0058,99.3254,138.7967,0.0000,0.0000,-1.392340,0.542449,-0.080110,-0.000396,-0.001652,-0.014514,-1.393128,0.556087,-0.200000,0.000000,0.000000,0.000000,-1.392227,0.542618,-0.076979,1.0000,1.0000,1.0000,1.660,4.810,0.340,5.000,3.000,8.000,1.500,0.060,0.110,378839430,1350680060,378837172,3124,1000,1506,1504,1505,1000,1000,2008,1505,1505,1074,2008,1625,1256,1000,1000
-0.0042,-0.0083,-0.6889,0.0010,-0.0215,3.0977,0.0063,-0.0042,-3.1481,0.0000,-0.0773,0.0535,-9.8307,0.0017,0.0035,0.0023,-0.1190,0.0220,-9.8451,0.0025,-0.0019,-0.0008,-0.1455,-0.2911,-9.7704,-0.0055,0.0057,0.0027,0.3069,-0.2727,-9.7995,0.0099,-0.0037,-0.0029,0.0000,0.0081,0.0273,0.0058,98.2118,138.5814,0.0000,0.0000,-1.392341,0.542472,-0.079079,-0.000425,-0.001589,-0.012040,-1.393128,0.556087,-0.200000,0.000000,0.000000,0.000000,-1.392333,0.542534,-0.076980,1.0000,1.0000,1.0000,1.660,4.810,0.340,5.000,3.000,8.000,1.500,0.060,0.110,378849482,1350780843,378849223,3125,1000,1506,1504,1505,1000,1000,2008,1505,1505,1074,2008,1625,1256,1000,1000
-0.0042,-0.0084,-0.6889,0.0011,-0.0215,3.0977,0.0063,-0.0042,-3.1481,0.0000,-0.0949,0.0762,-9.8893,0.0031,0.0042,0.0022,-0.1180,-0.0012,-9.8599,0.0027,0.0026,-0.0051,0.0053,0.0178,-9.8279,-0.0126,0.0031,0.0051,-0.4742,0.2750,-9.7815,-0.0189,-0.0085,-0.0024,0.0000,0.0078,0.0276,0.0057,98.7553,139.0910,0.0000,0.0000,-1.392345,0.542457,-0.079188,-0.000345,-0.001746,-0.012301,-1.393128,0.556087,-0.200000,0.000000,0.000000,0.000000,-1.392333,0.542534,-0.076980,1.0000,1.0000,1.0000,1.660,4.810,0.340,5.000,3.000,8.000,1.500,0.060,0.110,378859982,1350780843,378858223,3125,1000,1506,1504,1505,1000,1000,2008,1505,1505,1074,2008,1625,1256,1000,1000
-0.0049,-0.0086,-0.6889,0.0011,-0.0215,3.0978,0.0063,-0.0042,-3.1481,0.0000,-0.0905,0.0692,-9.8685,0.0025,0.0038,0.0042,-0.0966,-0.0036,-9.8506,0.0019,0.0019,-0.0003,-0.3011,-0.4204,-10.1176,-0.0081,0.0057,0.0016,0.1902,0.1708,-9.9054,0.0096,0.0130,-0.0093,0.0000,0.0078,0.0275,0.0056,99.6924,138.0147,0.0000,0.0000,-1.392348,0.542432,-0.079340,-0.000177,-0.002433,-0.012965,-1.393128,0.556087,-0.200000,0.000000,0.000000,0.000000,-1.392333,0.542534,-0.076980,1.0000,1.0000,1.0000,1.660,4.810,0.340,5.000,3.000,8.000,1.500,0.060,0.110,378870482,1350780843,378870223,3125,1000,1506,1504,1505,1000,1000,2008,1505,1505,1074,2008,1625,1256,1000,1000
-0.0044,-0.0082,-0.6888,0.0011,-0.0215,3.0978,0.0063,-0.0042,-3.1481,0.0000,-0.0530,0.0253,-9.8363,0.0013,0.0045,0.0033,-0.0947,0.0376,-9.8597,0.0003,-0.0033,-0.0036,0.0293,0.0537,-9.7273,-0.0009,0.0031,0.0040,0.1219,0.2372,-9.3111,0.0123,0.0077,0.0013,0.0000,0.0081,0.0273,0.0056,99.1806,137.6466,0.0000,0.0000,-1.392350,0.542410,-0.079457,-0.000381,-0.002387,-0.013048,-1.393128,0.556087,-0.200000,0.000000,0.000000,0.000000,-1.392333,0.542534,-0.076980,1.0000,1.0000,1.0000,1.660,4.810,0.340,5.000,3.000,8.000,1.500,0.060,0.110,378880982,1350780843,378879223,3125,1000,1506,1504,1505,1000,1000,2008,1505,1505,1074,2008,1625,1256,1000,1000
-0.0041,-0.0077,-0.6888,0.0011,-0.0215,3.0978,0.0063,-0.0042,-3.1481,0.0000,-0.0712,0.0549,-9.8594,-0.0000,0.0035,0.0030,-0.1203,0.0821,-9.9102,0.0017,0.0021,-0.0041,-0.1455,0.0561,-9.9835,0.0084,0.0052,0.0029,0.6966,-0.2440,-9.0291,0.0168,0.0152,0.0181,0.0000,0.0085,0.0279,0.0057,101.1887,138.5349,0.0000,0.0000,-1.392356,0.542382,-0.079614,-0.000651,-0.002398,-0.013146,-1.393128,0.556087,-0.200000,0.000000,0.000000,0.000000,-1.392333,0.542534,-0.076980,1.0000,1.0000,1.0000,1.660,4.810,0.340,5.000,3.000,8.000,1.500,0.060,0.110,378891482,1350780843,378891223,3125,1000,1506,1504,1505,1000,1000,2008,1505,1505,1074,2008,1625,1256,1000,1000
-0.0037,-0.0076,-0.6888,0.0011,-0.0215,3.0979,0.0063,-0.0042,-3.1481,0.0000,-0.1056,0.0289,-9.8915,0.0004,0.0036,0.0020,-0.1504,0.0636,-9.8778,0.0006,0.0008,-0.0047,0.4100,-0.1570,-9.4640,0.0111,0.0001,0.0051,0.4308,-0.6031,-9.0920,-0.0032,-0.0005,-0.0051,0.0000,0.0083,0.0278,0.0058,99.9576,139.1204,0.0000,0.0000,-1.392363,0.542361,-0.079733,-0.000812,-0.002183,-0.013335,-1.393128,0.556087,-0.200000,0.000000,0.000000,0.000000,-1.392333,0.542534,-0.076980,1.0000,1.0000,1.0000,1.660,4.810,0.340,5.000,3.000,8.000,1.500,0.060,0.110,378901982,1350780843,378900223,3125,1000,1506,1504,1505,1000,1000,2008,1505,1505,1074,2008,1625,1256,1000,1000
-0.0036,-0.0075,-0.6888,0.0011,-0.0215,3.0979,0.0063,-0.0042,-3.1481,0.0000,-0.0935,0.0745,-9.8375,0.0009,0.0031,0.0032,-0.0934,0.0822,-9.7892,0.0004,-0.0002,-0.0027,-0.1096,-0.2336,-9.6866,0.0116,-0.0012,0.0005,0.0771,-0.0788,-9.7636,0.0168,0.0019,-0.0056,0.0000,0.0081,0.0275,0.0056,100.0516,137.9749,0.0000,0.0000,-1.392374,0.542335,-0.079898,-0.000931,-0.002265,-0.013920,-1.393128,0.556087,-0.200000,0.000000,0.000000,0.000000,-1.392333,0.542534,-0.076980,1.0000,1.0000,1.0000,1.660,4.810,0.340,5.000,3.000,8.000,1.500,0.060,0.110,378912482,1350780843,378912223,3125,1000,1506,1504,1505,1000,1000,2008,1505,1505,1074,2008,1625,1256,1000,1000
-0.0041,-0.0080,-0.6887,0.0011,-0.0215,3.0980,0.0063,-0.0042,-3.1481,0.0000,-0.0977,0.0708,-9.8385,0.0019,0.0017,0.0048,-0.0782,0.0740,-9.7896,0.0018,-0.0037,-0.0040,0.2112,-0.2480,-10.0960,0.0052,0.0031,0.0035,-0.6233,-0.1363,-10.6040,-0.0019,0.0080,0.0024,0.0000,0.0084,0.0279,0.0055,102.4872,137.5540,0.0000,0.0000,-1.392381,0.542314,-0.080024,-0.000740,-0.002461,-0.014218,-1.393128,0.556087,-0.200000,0.000000,0.000000,0.000000,-1.392333,0.542534,-0.076980,1.0000,1.0000,1.0000,1.660,4.810,0.340,5.000,3.000,8.000,1.500,0.060,0.110,378922982,1350780843,378921223,3125,1000,1506,1504,1505,1000,1000,2008,1505,1505,1074,2008,1625,1256,1000,1000
-0.0043,-0.0082,-0.6887,0.0011,-0.0215,3.0980,0.0063,-0.0042,-3.1481,0.0000,-0.0661,0.0935,-9.8006,0.0022,0.0028,0.0014,-0.0279,0.0604,-9.7820,0.0008,-0.0011,-0.0016,0.2017,-0.0182,-10.0458,-0.0007,0.0039,0.0011,-0.6053,-0.3715,-10.3238,0.0067,-0.0051,-0.0093,0.0000,0.0076,0.0275,0.0057,98.2653,139.0159,0.0000,0.0000,-1.392390,0.542283,-0.080194,-0.000683,-0.002798,-0.014119,-1.393128,0.556087,-0.200000,0.000000,0.000000,0.000000,-1.392333,0.542534,-0.076980,1.0000,1.0000,1.0000,1.660,4.810,0.340,5.000,3.000,8.000,1.500,0.060,0.110,378933482,1350780843,378933223,3125,1000,1506,1504,1505,1000,1000,2008,1505,1505,1074,2008,1625,1256,1000,1000
-0.0044,-0.0080,-0.6886,0.0011,-0.0215,3.0981,0.0063,-0.0042,-3.1481,0.0000,-0.0702,0.0090,-9.8362,0.0013,0.0031,0.0037,-0.0554,0.0091,-9.7780,0.0020,0.0047,-0.0017,-0.2939,-0.0373,-10.1894,-0.0073,0.0068,0.0048,-0.2067,0.3737,-9.8947,0.0013,0.0008,-0.0130,0.0000,0.0083,0.0281,0.0056,102.3512,138.4345,0.0000,0.0000,-1.392396,0.542257,-0.080322,-0.000734,-0.002956,-0.014370,-1.393128,0.556087,-0.200000,0.000000,0.000000,0.000000,-1.392333,0.542534,-0.076980,1.0000,1.0000,1.0000,1.660,4.810,0.340,5.000,3.000,8.000,1.500,0.060,0.110,378943982,1350780843,378942223,3125,1000,1506,1504,1505,1000,1000,2008,1505,1505,1074,2008,1625,1256,1000,1000
-0.0040,-0.0078,-0.6886,0.0012,-0.0215,3.0981,0.0063,-0.0042,-3.1481,0.0000,-0.0734,0.0134,-9.8849,0.0015,0.0039,0.0029,-0.0595,0.0881,-9.7779,0.0018,-0.0034,-0.0035,-0.2389,0.6378,-10.0482,-0.0031,0.0057,0.0003,-0.2875,-0.1470,-9.2805,0.0027,0.0056,-0.0130,0.0000,0.0081,0.0275,0.0055,100.4501,137.4334,0.0000,0.0000,-1.392406,0.542222,-0.080497,-0.000834,-0.002913,-0.014814,-1.393128,0.556087,-0.200000,0.000000,0.000000,0.000000,-1.392333,0.542534,-0.076980,1.0000,1.0000,1.0000,1.660,4.810,0.340,5.000,3.000,8.000,1.500,0.060,0.110,378954482,1350780843,378954223,3125,1000,1506,1504,1505,1000,1000,2008,1505,1505,1074,2008,1625,1256,1000,1000
-0.0040,-0.0081,-0.6886,0.0012,-0.0215,3.0981,0.0063,-0.0042,-3.1481,0.0000,-0.1002,0.0195,-9.8790,0.0006,0.0039,0.0017,-0.0828,0.0058,-9.8625,0.0017,-0.0036,-0.0023,0.2017,0.4128,-9.4688,0.0017,0.0049,0.0053,0.3608,0.4294,-8.9411,-0.0080,0.0301,0.0027,0.0000,0.0084,0.0274,0.0058,99.0985,138.1922,0.0000,0.0000,-1.392412,0.542195,-0.080631,-0.000774,-0.003003,-0.015053,-1.393128,0.556087,-0.200000,0.000000,0.000000,0.000000,-1.392333,0.542534,-0.076980,1.0000,1.0000,1.0000,1.660,4.810,0.340,5.000,3.000,8.000,1.500,0.060,0.110,378964982,1350780843,378963223,3125,1000,1506,1504,1505,1000,1000,2008,1505,1505,1074,2008,1625,1256,1000,1000
-0.0038,-0.0081,-0.6886,0.0012,-0.0215,3.0982,0.0063,-0.0042,-3.1481,0.0000,-0.0961,0.0272,-9.9008,0.0010,0.0040,0.0022,-0.1158,0.0349,-9.8372,0.0045,-0.0021,-0.0050,0.0269,0.1734,-9.4520,0.0065,-0.0028,0.0072,0.6678,0.3288,-9.2410,0.0061,-0.0075,-0.0157,0.0000,0.0082,0.0274,0.0057,99.2898,138.0065,0.0000,0.0000,-1.392421,0.542159,-0.080815,-0.000702,-0.003046,-0.015623,-1.393128,0.556087,-0.200000,0.000000,0.000000,0.000000,-1.392333,0.542534,-0.076980,1.0000,1.0000,1.0000,1.660,4.810,0.340,5.000,3.000,8.000,1.500,0.060,0.110,378975482,1350780843,378975224,3125,1000,1506,1504,1505,1000,1000,2008,1505,1505,1074,2008,1625,1256,1000,1000
-0.0042,-0.0080,-0.6885,0.0010,-0.0215,3.0982,0.0063,-0.0042,-3.1481,0.0000,-0.1007,0.0480,-9.8998,0.0005,0.0030,0.0035,-0.1002,0.0540,-9.8379,0.0030,-0.0025,-0.0018,-0.1239,0.0465,-9.3850,0.0068,0.0015,0.0011,0.3877,-0.2907,-9.3703,0.0016,-0.0061,0.0093,0.0000,0.0086,0.0276,0.0055,101.7745,137.1520,0.0000,0.0000,-1.392345,0.542414,-0.079255,-0.000510,-0.002206,-0.011919,-1.393128,0.556087,-0.200000,0.000000,0.000000,0.000000,-1.392283,0.542628,-0.076930,1.0000,1.0000,1.0000,1.660,4.810,0.340,5.000,3.000,8.000,1.500,0.060,0.110,378985528,1350913973,378984269,3126,1000,1506,1504,1505,1000,1000,2008,1505,1505,1074,2008,1625,1256,1000,1000
-0.0046,-0.0080,-0.6885,0.0010,-0.0215,3.0983,0.0063,-0.0042,-3.1481,0.0000,-0.1143,0.0730,-9.8300,0.0007,0.0050,0.0045,-0.0894,0.0615,-9.8151,0.0044,0.0033,-0.0026,0.4100,-0.1810,-9.7154,0.0092,-0.0020,0.0019,0.0824,-0.0034,-10.0778,0.0138,-0.0245,-0.0120,0.0000,0.0085,0.0269,0.0054,100.4260,135.4708,0.0000,0.0000,-1.392350,0.542393,-0.079363,-0.000551,-0.002459,-0.012022,-1.393128,0.556087,-0.200000,0.000000,0.000000,0.000000,-1.392283,0.542628,-0.076930,1.0000,1.0000,1.0000,1.660,4.810,0.340,5.000,3.000,8.000,1.500,0.060,0.110,378996028,1350913973,378993269,3126,1000,1506,1504,1505,1000,1000,2008,1505,1505,1074,2008,1625,1256,1000,1000
-0.0047,-0.0082,-0.6885,0.0010,-0.0214,3.0983,0.0063,-0.0042,-3.1481,0.0000,-0.0810,0.0867,-9.8480,0.0004,0.0040,0.0017,-0.0717,0.0623,-9.8367,0.0008,0.0003,-0.0026,0.0460,-0.1905,-9.8159,0.0084,0.0009,0.0048,0.2800,0.1493,-9.9450,0.0128,-0.0016,0.0011,0.0000,0.0087,0.0272,0.0057,99.6114,137.2459,0.0000,0.0000,-1.392355,0.542362,-0.079509,-0.000375,-0.002775,-0.012307,-1.393128,0.556087,-0.200000,0.000000,0.000000,0.000000,-1.392283,0.542628,-0.076930,1.0000,1.0000,1.0000,1.660,4.810,0.340,5.000,3.000,8.000,1.500,0.060,0.110,379006056,1350913973,379005297,3126,1000,1506,1504,1505,1000,1000,2008,1505,1505,1074,2008,1625,1256,1000,1000
-0.0048,-0.0075,-0.6884,0.0010,-0.0214,3.0984,0.0063,-0.0042,-3.1481,0.0000,-0.0599,0.0383,-9.8561,0.0016,0.0048,0.0038,-0.0661,0.0392,-9.8290,0.0040,0.0011,-0.0030,-0.0569,-0.0062,-10.1032,-0.0020,0.0039,0.0043,0.0429,0.3665,-10.1586,-0.0059,-0.0146,0.0003,0.0000,0.0084,0.0269,0.0055,99.8117,135.7556,0.0000,0.0000,-1.392359,0.542336,-0.079620,-0.000573,-0.002992,-0.012454,-1.393128,0.556087,-0.200000,0.000000,0.000000,0.000000,-1.392283,0.542628,-0.076930,1.0000,1.0000,1.0000,1.660,4.810,0.340,5.000,3.000,8.000,1.500,0.060,0.110,379016556,1350913973,379014297,3126,1000,1506,1504,1505,1000,1000,2008,1505,1505,1074,2008,1625,1256,1000,1000
-0.0047,-0.0070,-0.6884,0.0010,-0.0214,3.0984,0.0063,-0.0042,-3.1481,0.0000,-0.0407,0.0155,-9.8206,0.0022,0.0031,0.0037,-0.0706,0.0335,-9.8344,0.0024,-0.0019,-0.0037,-0.5286,0.0680,-10.4121,-0.0060,0.0111,0.0024,-0.8765,0.0200,-10.4352,-0.0109,0.0202,-0.0011,0.0000,0.0081,0.0274,0.0055,100.7355,136.9942,0.0000,0.0000,-1.392368,0.542299,-0.079772,-0.000883,-0.003105,-0.012831,-1.393128,0.556087,-0.200000,0.000000,0.000000,0.000000,-1.392283,0.542628,-0.076930,1.0000,1.0000,1.0000,1.660,4.810,0.340,5.000,3.000,8.000,1.500,0.060,0.110,379027056,1350913973,379026297,3126,1000,1506,1504,1505,1000,1000,2008,1505,1505,1074,2008,1625,1256,1000,1000
-0.0042,-0.0072,-0.6884,0.0010,-0.0214,3.0985,0.0063,-0.0042,-3.1481,0.0000,-0.0437,0.0161,-9.8455,0.0030,0.0030,0.0031,-0.1041,0.0637,-9.8592,0.0047,0.0019,-0.0037,-0.3801,-0.0924,-10.4049,-0.0111,0.0169,0.0043,-0.4437,0.2768,-10.2610,-0.0136,-0.0003,0.0061,0.0000,0.0083,0.0271,0.0056,99.8069,136.6602,0.0000,0.0000,-1.392375,0.542272,-0.079889,-0.000728,-0.002960,-0.013236,-1.393128,0.556087,-0.200000,0.000000,0.000000,0.000000,-1.392283,0.542628,-0.076930,1.0000,1.0000,1.0000,1.660,4.810,0.340,5.000,3.000,8.000,1.500,0.060,0.110,379037556,1350913973,379035297,3126,1000,1506,1504,1505,1000,1000,2008,1505,1505,1074,2008,1625,1256,1000,1000
-0.0044,-0.0072,-0.6883,0.0011,-0.0214,3.0985,0.0063,-0.0042,-3.1481,0.0000,-0.0617,0.0447,-9.8475,0.0013,0.0032,0.0023,-0.0906,0.0701,-9.8101,0.0010,-0.0006,-0.0018,-0.7057,0.2907,-9.9500,-0.0036,0.0055,0.0032,0.1453,0.4958,-9.3793,-0.0043,0.0011,-0.0088,0.0000,0.0082,0.0273,0.0056,99.9866,137.3732,0.0000,0.0000,-1.392384,0.542236,-0.080051,-0.000815,-0.003077,-0.013707,-1.393128,0.556087,-0.200000,0.000000,0.000000,0.000000,-1.392283,0.542628,-0.076930,1.0000,1.0000,1.0000,1.660,4.810,0.340,5.000,3.000,8.000,1.500,0.060,0.110,379048056,1350913973,379047297,3126,1000,1506,1504,1505,1000,1000,2008,1505,1505,1074,2008,1625,1256,1000,1000
-0.0045,-0.0077,-0.6883,0.0011,-0.0214,3.0985,0.0063,-0.0042,-3.1481,0.0000,-0.1258,0.0346,-9.8802,0.0015,0.0033,0.0019,-0.1408,0.0187,-9.8272,0.0023,0.0015,-0.0031,-0.5717,0.3122,-9.8877,0.0049,0.0017,0.0059,0.2746,0.4689,-9.4924,-0.0138,-0.0096,-0.0027,0.0000,0.0082,0.0274,0.0056,99.5637,137.7176,0.0000,0.0000,-1.392391,0.542207,-0.080176,-0.000667,-0.003298,-0.014043,-1.393128,0.556087,-0.200000,0.000000,0.000000,0.000000,-1.392283,0.542628,-0.076930,1.0000,1.0000,1.0000,1.660,4.810,0.340,5.000,3.000,8.000,1.500,0.060,0.110,379058556,1350913973,379056297,3126,1000,1506,1504,1505,1000,1000,2008,1505,1505,1074,2008,1625,1256,1000,1000
-0.0045,-0.0081,-0.6883,0.0011,-0.0214,3.0986,0.0063,-0.0042,-3.1481,0.0000,-0.1071,0.0263,-9.8767,0.0007,0.0025,0.0039,-0.0716,0.0914,-9.8437,0.0039,0.0015,-0.0038,0.1514,0.5253,-9.4903,0.0052,0.0017,0.0080,0.1740,0.3432,-9.3254,-0.0077,-0.0027,0.0096,0.0000,0.0082,0.0277,0.0054,101.8422,137.2260,0.0000,0.0000,-1.392396,0.542166,-0.080348,-0.000296,-0.003514,-0.014560,-1.393128,0.556087,-0.200000,0.000000,0.000000,0.000000,-1.392283,0.542628,-0.076930,1.0000,1.0000,1.0000,1.660,4.810,0.340,5.000,3.000,8.000,1.500,0.060,0.110,379069056,1350913973,379068298,3126,1000,1506,1504,1505,1000,1000,2008,1505,1505,1074,2008,1625,1256,1000,1000
-0.0042,-0.0079,-0.6882,0.0009,-0.0214,3.0986,0.0063,-0.0042,-3.1481,0.0000,-0.0553,0.0379,-9.8397,0.0003,0.0039,0.0025,-0.0897,0.0295,-9.8388,0.0033,-0.0023,0.0002,-0.1024,0.0776,-9.6675,0.0089,0.0044,0.0043,0.2782,0.1026,-9.5158,0.0210,0.0109,-0.0120,0.0000,0.0085,0.0271,0.0055,100.5082,136.0307,0.0000,0.0000,-1.392324,0.542422,-0.079114,-0.000156,-0.002454,-0.011321,-1.393128,0.556087,-0.200000,0.000000,0.000000,0.000000,-1.392259,0.542682,-0.077008,1.0000,1.0000,1.0000,1.660,4.810,0.340,5.000,3.000,8.000,1.500,0.060,0.110,379079102,1351014157,379077343,3127,1000,1506,1504,1505,1000,1000,2008,1505,1505,1074,2008,1625,1256,1000,1000
-0.0038,-0.0073,-0.6882,0.0009,-0.0214,3.0987,0.0063,-0.0042,-3.1481,0.0000,-0.0907,0.0262,-9.8820,0.0016,0.0028,0.0027,-0.1142,0.0163,-9.8114,0.0037,-0.0006,-0.0089,0.1969,0.0297,-9.6459,0.0076,0.0044,-0.0008,0.1614,-0.3500,-9.9396,0.0136,-0.0104,0.0141,0.0000,0.0082,0.0274,0.0056,100.3514,137.4992,0.0000,0.0000,-1.392328,0.542393,-0.079251,-0.000407,-0.002361,-0.011645,-1.393128,0.556087,-0.200000,0.000000,0.000000,0.000000,-1.392259,0.542682,-0.077008,1.0000,1.0000,1.0000,1.660,4.810,0.340,5.000,3.000,8.000,1.500,0.060,0.110,379089602,1351014157,379089343,3127,1000,1506,1504,1505,1000,1000,2008,1505,1505,1074,2008,1625,1256,1000,1000
-0.0037,-0.0074,-0.6882,0.0009,-0.0214,3.0987,0.0063,-0.0042,-3.1481,0.0000,-0.0838,0.0409,-9.8340,0.0010,0.0045,0.0033,-0.0650,0.0324,-9.7534,-0.0004,-0.0026,-0.0028,0.1274,-0.3174,-9.7058,0.0143,-0.0060,-0.0032,-0.1815,-0.3374,-10.1964,0.0194,0.0107,0.0003,0.0000,0.0084,0.0275,0.0056,100.3517,137.6036,0.0000,0.0000,-1.392332,0.542371,-0.079357,-0.000443,-0.002352,-0.011919,-1.393128,0.556087,-0.200000,0.000000,0.000000,0.000000,-1.392259,0.542682,-0.077008,1.0000,1.0000,1.0000,1.660,4.810,0.340,5.000,3.000,8.000,1.500,0.060,0.110,379100102,1351014157,379098343,3127,1000,1506,1504,1505,1000,1000,2008,1505,1505,1074,2008,1625,1256,1000,1000
-0.0036,-0.0075,-0.6882,0.0010,-0.0214,3.0988,0.0063,-0.0042,-3.1481,0.0000,-0.0737,0.0708,-9.8352,0.0027,0.0042,0.0037,-0.0841,0.0233,-9.8310,0.0007,-0.0018,-0.0004,0.1370,-0.4563,-9.6435,0.0033,-0.0007,0.0011,-0.0002,-0.1147,-10.4783,-0.0045,-0.0029,-0.0123,0.0000,0.0079,0.0271,0.0054,99.6213,136.6318,0.0000,0.0000,-1.392337,0.542344,-0.079500,-0.000480,-0.002405,-0.011863,-1.393128,0.556087,-0.200000,0.000000,0.000000,0.000000,-1.392259,0.542682,-0.077008,1.0000,1.0000,1.0000,1.660,4.810,0.340,5.000,3.000,8.000,1.500,0.060,0.110,379110602,1351014157,379110343,3127,1000,1506,1504,1505,1000,1000,2008,1505,1505,1074,2008,1625,1256,1000,1000
-0.0035,-0.0075,-0.6881,0.0010,-0.0214,3.0988,0.0063,-0.0042,-3.1481,0.0000,-0.0989,0.0282,-9.8818,0.0013,0.0030,0.0030,-0.0824,0.0286,-9.8473,0.0029,0.0017,-0.0027,-0.2628,0.0848,-9.9476,-0.0105,-0.0009,0.0016,-0.4706,0.0667,-9.8444,0.0037,-0.0067,-0.0125,0.0000,0.0084,0.0275,0.0055,101.3152,136.8627,0.0000,0.0000,-1.392342,0.542322,-0.079609,-0.000444,-0.002387,-0.012454,-1.393128,0.556087,-0.200000,0.000000,0.000000,0.000000,-1.392259,0.542682,-0.077008,1.0000,1.0000,1.0000,1.660,4.810,0.340,5.000,3.000,8.000,1.500,0.060,0.110,379121102,1351014157,379119343,3127,1000,1506,1504,1505,1000,1000,2008,1505,1505,1074,2008,1625,1256,1000,1000
-0.0035,-0.0079,-0.6881,0.0010,-0.0214,3.0988,0.0063,-0.0042,-3.1481,0.0000,-0.0588,0.0123,-9.8536,0.0018,0.0025,0.0021,-0.0406,0.0314,-9.8257,0.0033,0.0015,-0.0010,-0.6076,0.0178,-9.9404,-0.0108,0.0055,0.0019,-0.2965,0.5551,-9.9557,-0.0093,0.0048,-0.0154,0.0000,0.0083,0.0277,0.0056,101.1913,137.9158,0.0000,0.0000,-1.392347,0.542293,-0.079761,-0.000388,-0.002393,-0.012854,-1.393128,0.556087,-0.200000,0.000000,0.000000,0.000000,-1.392259,0.542682,-0.077008,1.0000,1.0000,1.0000,1.660,4.810,0.340,5.000,3.000,8.000,1.500,0.060,0.110,379131602,1351014157,379131343,3127,1000,1506,1504,1505,1000,1000,2008,1505,1505,1074,2008,1625,1256,1000,1000
-0.0036,-0.0081,-0.6881,0.0010,-0.0214,3.0989,0.0063,-0.0042,-3.1481,0.0000,-0.0885,0.0175,-9.8665,0.0018,0.0019,0.0031,-0.1139,0.0592,-9.8517,0.0028,0.0007,-0.0036,-0.2820,0.3625,-10.1822,-0.0105,0.0108,0.0096,-0.4814,0.3288,-9.7905,-0.0107,0.0021,-0.0144,0.0000,0.0082,0.0280,0.0054,102.5907,137.8379,0.0000,0.0000,-1.392349,0.542271,-0.079879,-0.000234,-0.002558,-0.013340,-1.393128,0.556087,-0.200000,0.000000,0.000000,0.000000,-1.392259,0.542682,-0.077008,1.0000,1.0000,1.0000,1.660,4.810,0.340,5.000,3.000,8.000,1.500,0.060,0.110,379142102,1351014157,379140343,3127,1000,1506,1504,1505,1000,1000,2008,1505,1505,1074,2008,1625,1256,1000,1000
-0.0032,-0.0083,-0.6880,0.0010,-0.0214,3.0990,0.0063,-0.0042,-3.1481,0.0000,-0.0568,0.0285,-9.8348,0.0014,0.0039,0.0041,-0.0818,0.0660,-9.8606,0.0027,0.0010,-0.0029,-0.3466,0.2380,-9.9500,0.0044,0.0065,0.0040,0.1884,0.0146,-9.9090,-0.0075,-0.0035,-0.0069,0.0000,0.0083,0.0271,0.0054,100.9636,135.6346,0.0000,0.0000,-1.392351,0.542241,-0.080043,-0.000113,-0.002458,-0.013851,-1.393128,0.556087,-0.200000,0.000000,0.000000,0.000000,-1.392259,0.542682,-0.077008,1.0000,1.0000,1.0000,1.660,4.810,0.340,5.000,3.000,8.000,1.500,0.060,0.110,379152602,1351014157,379152343,3127,1000,1506,1504,1505,1000,1000,2008,1505,1505,1074,2008,1625,1256,1000,1000
-0.0029,-0.0079,-0.6880,0.0010,-0.0214,3.0990,0.0063,-0.0042,-3.1481,0.0000,-0.0956,0.0156,-9.8893,0.0004,0.0027,0.0020,-0.1223,-0.0316,-9.8732,0.0001,-0.0028,-0.0044,0.3405,-0.1570,-9.6387,0.0092,0.0036,0.0059,0.3356,0.0092,-9.7151,0.0067,0.0029,-0.0053,0.0000,0.0082,0.0273,0.0055,100.4886,136.8975,0.0000,0.0000,-1.392352,0.542219,-0.080168,-0.000231,-0.002312,-0.014056,-1.393128,0.556087,-0.200000,0.000000,0.000000,0.000000,-1.392259,0.542682,-0.077008,1.0000,1.0000,1.0000,1.660,4.810,0.340,5.000,3.000,8.000,1.500,0.060,0.110,379163102,1351014157,379161343,3127,1000,1506,1504,1505,1000,1000,2008,1505,1505,1074,2008,1625,1256,1000,1000
-0.0029,-0.0077,-0.6880,0.0010,-0.0214,3.0990,0.0063,-0.0042,-3.1481,0.0000,-0.0927,0.0395,-9.9038,0.0009,0.0045,0.0034,-0.0820,0.0630,-9.8700,0.0006,-0.0058,-0.0023,0.5321,0.2213,-9.4352,0.0129,-0.0041,0.0032,0.0088,-0.4343,-9.3308,0.0186,-0.0077,-0.0005,0.0000,0.0080,0.0278,0.0054,101.6107,137.8015,0.0000,0.0000,-1.392356,0.542191,-0.080340,-0.000373,-0.002333,-0.014621,-1.393128,0.556087,-0.200000,0.000000,0.000000,0.000000,-1.392259,0.542682,-0.077008,1.0000,1.0000,1.0000,1.660,4.810,0.340,5.000,3.000,8.000,1.500,0.060,0.110,379173602,1351014157,379173343,3127,1000,1506,1504,1505,1000,1000,2008,1505,1505,1074,2008,1625,1256,1000,1000
-0.0030,-0.0077,-0.6879,0.0010,-0.0214,3.0991,0.0063,-0.0042,-3.1481,0.0000,-0.1198,0.0706,-9.8981,0.0015,0.0032,0.0050,-0.1364,0.0758,-9.8741,0.0019,0.0011,-0.0018,0.4650,-0.3150,-9.5502,0.0105,0.0028,0.0029,0.1686,-0.5457,-9.4799,0.0112,-0.0067,0.0048,0.0000,0.0081,0.0274,0.0054,100.6465,136.9039,0.0000,0.0000,-1.392359,0.542171,-0.080473,-0.000345,-0.002322,-0.015018,-1.393128,0.556087,-0.200000,0.000000,0.000000,0.000000,-1.392259,0.542682,-0.077008,1.0000,1.0000,1.0000,1.660,4.810,0.340,5.000,3.000,8.000,1.500,0.060,0.110,379184102,1351014157,379182343,3127,1000,1506,1504,1505,1000,1000,2008,1505,1505,1074,2008,1625,1256,1000,1000
-0.0034,-0.0080,-0.6879,0.0010,-0.0214,3.0991,0.0063,-0.0042,-3.1481,0.0000,-0.0979,0.0486,-9.8982,0.0012,0.0033,0.0018,-0.1319,0.0407,-9.8258,0.0019,-0.0045,-0.0044,0.4674,-0.2001,-9.6172,0.0007,0.0044,0.0027,-0.1348,0.1080,-9.6415,0.0000,0.0125,-0.0133,0.0000,0.0082,0.0274,0.0053,101.9581,136.0344,0.0000,0.0000,-1.392363,0.542142,-0.080657,-0.000219,-0.002510,-0.015695,-1.393128,0.556087,-0.200000,0.000000,0.000000,0.000000,-1.392259,0.542682,-0.077008,1.0000,1.0000,1.0000,1.660,4.810,0.340,5.000,3.000,8.000,1.500,0.060,0.110,379194602,1351014157,379194344,3127,1000,1506,1504,1505,1000,1000,2008,1505,1505,1074,2008,1625,1256,1000,1000
-0.0036,-0.0078,-0.6879,0.0009,-0.0214,3.0992,0.0063,-0.0042,-3.1481,0.0000,-0.0788,0.0633,-9.8874,0.0012,0.0037,0.0036,-0.0887,0.0904,-9.8066,0.0025,0.0029,-0.0032,0.2735,-0.4491,-9.6004,0.0079,-0.0052,-0.0019,-0.2857,-0.2512,-9.9019,-0.0123,0.0005,-0.0248,0.0000,0.0079,0.0278,0.0055,101.0750,138.2381,0.0000,0.0000,-1.392363,0.542307,-0.079214,-0.000253,-0.001914,-0.012340,-1.393128,0.556087,-0.200000,0.000000,0.000000,0.000000,-1.392361,0.542442,-0.077095,1.0000,1.0000,1.0000,1.660,4.810,0.340,5.000,3.000,8.000,1.500,0.060,0.110,379204653,1351114257,379203394,3128,1000,1506,1504,1505,1000,1000,2008,1505,1505,1074,2008,1625,1256,1000,1000
-0.0037,-0.0074,-0.6878,0.0009,-0.0214,3.0992,0.0063,-0.0042,-3.1481,0.0000,-0.0640,0.0745,-9.8828,0.0002,0.0038,0.0050,-0.0709,0.0746,-9.8099,0.0005,0.0014,-0.0020,-0.1311,-0.2767,-10.0314,0.0001,0.0025,0.0021,-0.2785,-0.3715,-10.0994,0.0021,-0.0186,-0.0194,0.0000,0.0085,0.0272,0.0054,101.0955,135.8516,0.0000,0.0000,-1.392366,0.542290,-0.079328,-0.000425,-0.001919,-0.012825,-1.393128,0.556087,-0.200000,0.000000,0.000000,0.000000,-1.392361,0.542442,-0.077095,1.0000,1.0000,1.0000,1.660,4.810,0.340,5.000,3.000,8.000,1.500,0.060,0.110,379215153,1351114257,379212394,3128,1000,1506,1504,1505,1000,1000,2008,1505,1505,1074,2008,1625,1256,1000,1000
-0.0038,-0.0073,-0.6878,0.0009,-0.0214,3.0993,0.0063,-0.0042,-3.1481,0.0000,-0.0503,0.0427,-9.8557,0.0019,0.0027,0.0028,-0.0343,0.0339,-9.7696,0.0034,0.0039,-0.0046,-0.1646,0.1207,-10.0290,-0.0068,-0.0017,0.0032,-0.3414,0.2570,-9.8929,-0.0061,0.0005,0.0101,0.0000,0.0087,0.0278,0.0053,103.8941,136.1629,0.0000,0.0000,-1.392372,0.542266,-0.079486,-0.000593,-0.002023,-0.013391,-1.393128,0.556087,-0.200000,0.000000,0.000000,0.000000,-1.392361,0.542442,-0.077095,1.0000,1.0000,1.0000,1.660,4.810,0.340,5.000,3.000,8.000,1.500,0.060,0.110,379225187,1351114257,379224428,3128,1000,1506,1504,1505,1000,1000,2008,1505,1505,1074,2008,1625,1256,1000,1000
-0.0036,-0.0068,-0.6878,0.0010,-0.0214,3.0993,0.0063,-0.0042,-3.1481,0.0000,-0.0317,-0.0136,-9.8499,0.0017,0.0027,0.0009,-0.0404,0.0292,-9.7896,0.0032,0.0014,-0.0029,-0.3107,0.2069,-10.2804,-0.0113,0.0025,0.0024,-0.7723,0.1511,-10.4334,-0.0136,0.0096,-0.0045,0.0000,0.0082,0.0277,0.0056,100.5807,138.2062,0.0000,0.0000,-1.392379,0.542248,-0.079607,-0.000874,-0.001994,-0.013678,-1.393128,0.556087,-0.200000,0.000000,0.000000,0.000000,-1.392361,0.542442,-0.077095,1.0000,1.0000,1.0000,1.660,4.810,0.340,5.000,3.000,8.000,1.500,0.060,0.110,379235687,1351114257,379233428,3128,1000,1506,1504,1505,1000,1000,2008,1505,1505,1074,2008,1625,1256,1000,1000
-0.0035,-0.0066,-0.6877,0.0010,-0.0214,3.0994,0.0063,-0.0042,-3.1481,0.0000,-0.0392,0.0168,-9.8625,0.0035,0.0028,0.0041,-0.1052,-0.0166,-9.8535,0.0019,-0.0049,-0.0016,-0.3705,-0.1115,-10.3378,-0.0118,0.0089,0.0067,-0.5317,0.2157,-10.4244,-0.0043,0.0109,-0.0085,0.0000,0.0076,0.0276,0.0053,101.4311,137.3887,0.0000,0.0000,-1.392392,0.542225,-0.079776,-0.001230,-0.001867,-0.014333,-1.393128,0.556087,-0.200000,0.000000,0.000000,0.000000,-1.392361,0.542442,-0.077095,1.0000,1.0000,1.0000,1.660,4.810,0.340,5.000,3.000,8.000,1.500,0.060,0.110,379245691,1351114257,379245432,3128,1000,1506,1504,1505,1000,1000,2008,1505,1505,1074,2008,1625,1256,1000,1000
-0.0032,-0.0069,-0.6877,0.0010,-0.0214,3.0994,0.0063,-0.0042,-3.1481,0.0000,-0.0638,0.0279,-9.8305,0.0021,0.0041,0.0021,-0.0952,0.0094,-9.8587,0.0012,-0.0003,-0.0020,-0.6507,0.0704,-10.2756,-0.0060,0.0095,0.0013,-0.6430,0.3953,-9.9611,-0.0040,-0.0162,-0.0008,0.0000,0.0080,0.0272,0.0055,99.7173,136.8600,0.0000,0.0000,-1.392402,0.542209,-0.079907,-0.001063,-0.001797,-0.014806,-1.393128,0.556087,-0.200000,0.000000,0.000000,0.000000,-1.392361,0.542442,-0.077095,1.0000,1.0000,1.0000,1.660,4.810,0.340,5.000,3.000,8.000,1.500,0.060,0.110,379256191,1351114257,379254432,3128,1000,1506,1504,1505,1000,1000,2008,1505,1505,1074,2008,1625,1256,1000,1000
-0.0033,-0.0072,-0.6877,0.0010,-0.0214,3.0994,0.0063,-0.0042,-3.1481,0.0000,-0.0835,0.0233,-9.8297,-0.0002,0.0027,0.0021,-0.0943,0.0547,-9.8490,0.0024,-0.0039,-0.0051,-0.7225,0.3745,-10.3378,0.0017,0.0089,0.0045,0.2961,0.2588,-10.0707,-0.0189,0.0040,0.0077,0.0000,0.0086,0.0276,0.0055,101.9554,136.7442,0.0000,0.0000,-1.392414,0.542187,-0.080087,-0.000936,-0.001865,-0.015217,-1.393128,0.556087,-0.200000,0.000000,0.000000,0.000000,-1.392361,0.542442,-0.077095,1.0000,1.0000,1.0000,1.660,4.810,0.340,5.000,3.000,8.000,1.500,0.060,0.110,379266691,1351114257,379266432,3128,1000,1506,1504,1505,1000,1000,2008,1505,1505,1074,2008,1625,1256,1000,1000
-0.0034,-0.0074,-0.6877,0.0010,-0.0214,3.0995,0.0063,-0.0042,-3.1481,0.0000,-0.0819,0.0274,-9.8503,0.0013,0.0033,0.0039,-0.1276,0.0681,-9.8272,0.0036,-0.0032,0.0007,-0.0401,0.3793,-9.9260,0.0020,0.0071,0.0077,-0.2965,0.0774,-9.6738,-0.0083,-0.0053,-0.0027,0.0000,0.0080,0.0274,0.0054,101.1980,136.6085,0.0000,0.0000,-1.392422,0.542169,-0.080226,-0.000873,-0.001999,-0.015459,-1.393128,0.556087,-0.200000,0.000000,0.000000,0.000000,-1.392361,0.542442,-0.077095,1.0000,1.0000,1.0000,1.660,4.810,0.340,5.000,3.000,8.000,1.500,0.060,0.110,379277191,1351114257,379275432,3128,1000,1506,1504,1505,1000,1000,2008,1505,1505,1074,2008,1625,1256,1000,1000
-0.0035,-0.0074,-0.6876,0.0010,-0.0214,3.0995,0.0063,-0.0042,-3.1481,0.0000,-0.0763,0.0501,-9.8513,0.0017,0.0034,0.0046,-0.0768,0.0506,-9.8249,0.0037,0.0024,-0.0032,0.0580,0.2284,-9.9141,0.0063,0.0044,0.0064,0.4093,-0.0860,-9.6828,-0.0027,-0.0160,0.0091,0.0000,0.0081,0.0275,0.0053,102.2950,136.1435,0.0000,0.0000,-1.392432,0.542144,-0.080413,-0.000859,-0.002131,-0.015769,-1.393128,0.556087,-0.200000,0.000000,0.000000,0.000000,-1.392361,0.542442,-0.077095,1.0000,1.0000,1.0000,1.660,4.810,0.340,5.000,3.000,8.000,1.500,0.060,0.110,379287691,1351114257,379287432,3128,1000,1506,1504,1505,1000,1000,2008,1505,1505,1074,2008,1625,1256,1000,1000
-0.0034,-0.0072,-0.6876,0.0010,-0.0214,3.0996,0.0063,-0.0042,-3.1481,0.0000,-0.0874,0.0221,-9.8752,0.0017,0.0036,0.0022,-0.0848,-0.0099,-9.8051,0.0004,0.0027,-0.0050,0.3669,-0.3869,-9.4688,0.0060,0.0033,0.0019,0.4703,0.0182,-9.0974,0.0061,0.0043,-0.0125,0.0000,0.0082,0.0276,0.0053,102.4800,136.5959,0.0000,0.0000,-1.392441,0.542125,-0.080556,-0.001067,-0.002082,-0.016017,-1.393128,0.556087,-0.200000,0.000000,0.000000,0.000000,-1.392361,0.542442,-0.077095,1.0000,1.0000,1.0000,1.660,4.810,0.340,5.000,3.000,8.000,1.500,0.060,0.110,379298191,1351114257,379296434,3128,1000,1506,1504,1505,1000,1000,2008,1505,1505,1074,2008,1625,1256,1000,1000
-0.0034,-0.0066,-0.6875,0.0009,-0.0213,3.0996,0.0063,-0.0042,-3.1481,0.0000,-0.0660,0.0563,-9.8477,0.0009,0.0043,0.0024,-0.0748,0.0557,-9.7654,0.0005,-0.0035,-0.0020,0.1394,-0.4156,-9.4951,0.0103,-0.0009,-0.0029,0.2925,-0.4882,-9.2392,0.0194,-0.0168,-0.0178,0.0000,0.0079,0.0277,0.0055,101.0517,137.9359,0.0000,0.0000,-1.392233,0.542368,-0.079139,-0.000609,-0.001080,-0.012459,-1.393128,0.556087,-0.200000,0.000000,0.000000,0.000000,-1.392070,0.542564,-0.076944,1.0000,1.0000,1.0000,1.660,4.810,0.340,5.000,3.000,8.000,1.500,0.060,0.110,379308737,1351247835,379308432,3129,1000,1506,1504,1505,1000,1000,2008,1505,1505,1074,2008,1625,1256,1000,1000
-0.0033,-0.0068,-0.6875,0.0009,-0.0213,3.0997,0.0063,-0.0042,-3.1481,0.0000,-0.0901,0.0675,-9.8541,0.0015,0.0042,0.0035,-0.0635,0.0681,-9.8252,0.0029,0.0053,-0.0004,0.1969,-0.4419,-9.7632,0.0065,-0.0023,-0.0019,0.2746,-0.1847,-9.9342,0.0115,0.0008,0.0128,0.0000,0.0084,0.0270,0.0054,100.7915,135.6057,0.0000,0.0000,-1.392239,0.542359,-0.079253,-0.000608,-0.001028,-0.012676,-1.393128,0.556087,-0.200000,0.000000,0.000000,0.000000,-1.392070,0.542564,-0.076944,1.0000,1.0000,1.0000,1.660,4.810,0.340,5.000,3.000,8.000,1.500,0.060,0.110,379319237,1351247835,379317478,3129,1000,1506,1504,1505,1000,1000,2008,1505,1505,1074,2008,1625,1256,1000,1000
-0.0033,-0.0071,-0.6875,0.0009,-0.0213,3.0997,0.0063,-0.0042,-3.1481,0.0000,-0.0730,0.0574,-9.8283,0.0007,0.0031,0.0019,-0.0570,0.0608,-9.8036,0.0034,0.0031,-0.0051,0.1131,-0.1594,-9.5238,-0.0033,-0.0041,0.0008,-0.4060,0.1995,-10.2089,-0.0056,-0.0115,-0.0005,0.0000,0.0085,0.0278,0.0055,102.4260,137.2547,0.0000,0.0000,-1.392246,0.542347,-0.079405,-0.000560,-0.001021,-0.012738,-1.393128,0.556087,-0.200000,0.000000,0.000000,0.000000,-1.392070,0.542564,-0.076944,1.0000,1.0000,1.0000,1.660,4.810,0.340,5.000,3.000,8.000,1.500,0.060,0.110,379329737,1351247835,379329478,3129,1000,1506,1504,1505,1000,1000,2008,1505,1505,1074,2008,1625,1256,1000,1000
-0.0037,-0.0074,-0.6875,0.0009,-0.0213,3.0997,0.0063,-0.0042,-3.1481,0.0000,-0.0806,0.0126,-9.8563,0.0010,0.0040,0.0044,-0.0725,0.0417,-9.8113,0.0030,-0.0005,-0.0034,-0.6890,0.2883,-10.2110,-0.0071,0.0009,0.0048,-0.8190,-0.1201,-10.3993,-0.0083,-0.0067,-0.0008,0.0000,0.0087,0.0274,0.0053,103.0534,135.4509,0.0000,0.0000,-1.392250,0.542336,-0.079521,-0.000368,-0.001253,-0.013041,-1.393128,0.556087,-0.200000,0.000000,0.000000,0.000000,-1.392070,0.542564,-0.076944,1.0000,1.0000,1.0000,1.660,4.810,0.340,5.000,3.000,8.000,1.500,0.060,0.110,379340237,1351247835,379338478,3129,1000,1506,1504,1505,1000,1000,2008,1505,1505,1074,2008,1625,1256,1000,1000
-0.0038,-0.0076,-0.6874,0.0009,-0.0213,3.0998,0.0063,-0.0042,-3.1481,0.0000,-0.0690,0.0426,-9.8513,0.0017,0.0029,0.0038,-0.0634,0.0424,-9.8286,0.0014,-0.0033,-0.0020,-0.5741,0.1470,-9.9021,-0.0057,0.0047,0.0037,-0.0522,0.4797,-9.8947,-0.0221,0.0008,0.0075,0.0000,0.0084,0.0274,0.0053,102.5194,135.5495,0.0000,0.0000,-1.392254,0.542322,-0.079681,-0.000240,-0.001336,-0.013542,-1.393128,0.556087,-0.200000,0.000000,0.000000,0.000000,-1.392070,0.542564,-0.076944,1.0000,1.0000,1.0000,1.660,4.810,0.340,5.000,3.000,8.000,1.500,0.060,0.110,379350737,1351247835,379350478,3129,1000,1506,1504,1505,1000,1000,2008,1505,1505,1074,2008,1625,1256,1000,1000
-0.0040,-0.0076,-0.6874,0.0009,-0.0213,3.0998,0.0063,-0.0042,-3.1481,0.0000,-0.0460,0.0618,-9.8488,0.0012,0.0030,0.0016,-0.1039,0.0455,-9.8456,0.0025,0.0009,-0.0046,-0.4735,0.1782,-10.2445,-0.0001,0.0081,0.0013,-0.1995,0.3989,-10.0473,0.0093,-0.0093,0.0088,0.0000,0.0085,0.0273,0.0055,101.1876,136.3597,0.0000,0.0000,-1.392255,0.542309,-0.079804,-0.000184,-0.001444,-0.013893,-1.393128,0.556087,-0.200000,0.000000,0.000000,0.000000,-1.392070,0.542564,-0.076944,1.0000,1.0000,1.0000,1.660,4.810,0.340,5.000,3.000,8.000,1.500,0.060,0.110,379361237,1351247835,379359478,3129,1000,1506,1504,1505,1000,1000,2008,1505,1505,1074,2008,1625,1256,1000,1000
-0.0040,-0.0076,-0.6873,0.0009,-0.0213,3.0999,0.0063,-0.0042,-3.1481,0.0000,-0.0771,-0.0044,-9.8100,0.0011,0.0020,0.0046,-0.0783,0.0010,-9.8185,0.0023,-0.0005,-0.0024,-0.4089,0.3817,-10.4863,0.0001,0.0175,0.0067,-0.2480,-0.0447,-9.8659,0.0053,-0.0112,0.0099,0.0000,0.0085,0.0275,0.0052,103.6255,135.1075,0.0000,0.0000,-1.392257,0.542290,-0.079974,-0.000149,-0.001528,-0.014190,-1.393128,0.556087,-0.200000,0.000000,0.000000,0.000000,-1.392070,0.542564,-0.076944,1.0000,1.0000,1.0000,1.660,4.810,0.340,5.000,3.000,8.000,1.500,0.060,0.110,379371737,1351247835,379371478,3129,1000,1506,1504,1505,1000,1000,2008,1505,1505,1074,2008,1625,1256,1000,1000
-0.0037,-0.0075,-0.6873,0.0009,-0.0213,3.1000,0.0063,-0.0042,-3.1481,0.0000,-0.0681,0.0290,-9.8446,0.0015,0.0029,0.0033,-0.0745,0.0310,-9.8027,0.0015,-0.0023,-0.0053,-0.4926,0.2356,-10.0889,0.0049,0.0071,0.0040,0.0483,-0.3553,-9.7582,-0.0013,0.0088,0.0032,0.0000,0.0081,0.0270,0.0053,101.1347,135.3597,0.0000,0.0000,-1.392259,0.542276,-0.080102,-0.000300,-0.001501,-0.014414,-1.393128,0.556087,-0.200000,0.000000,0.000000,0.000000,-1.392070,0.542564,-0.076944,1.0000,1.0000,1.0000,1.660,4.810,0.340,5.000,3.000,8.000,1.500,0.060,0.110,379382237,1351247835,379380478,3129,1000,1506,1504,1505,1000,1000,2008,1505,1505,1074,2008,1625,1256,1000,1000
-0.0037,-0.0080,-0.6873,0.0009,-0.0213,3.1000,0.0063,-0.0042,-3.1481,0.0000,-0.0936,0.0468,-9.8636,0.0007,0.0028,0.0019,-0.1262,0.0545,-9.8775,0.0037,-0.0036,-0.0045,-0.3897,0.4056,-10.0242,0.0020,0.0081,0.0064,0.6158,-0.1919,-9.5032,-0.0035,0.0120,0.0101,0.0000,0.0085,0.0272,0.0054,100.9759,135.8937,0.0000,0.0000,-1.392260,0.542258,-0.080279,0.000050,-0.001587,-0.014992,-1.393128,0.556087,-0.200000,0.000000,0.000000,0.000000,-1.392070,0.542564,-0.076944,1.0000,1.0000,1.0000,1.660,4.810,0.340,5.000,3.000,8.000,1.500,0.060,0.110,379392737,1351247835,379392478,3129,1000,1506,1504,1505,1000,1000,2008,1505,1505,1074,2008,1625,1256,1000,1000
-0.0036,-0.0077,-0.6873,0.0010,-0.0213,3.1000,0.0063,-0.0042,-3.1481,0.0000,-0.1161,0.0247,-9.9018,0.0012,0.0041,0.0030,-0.1196,0.1087,-9.8946,0.0037,-0.0025,-0.0039,0.5345,0.4200,-9.3131,0.0009,0.0044,0.0035,0.4757,0.3127,-9.1099,0.0013,-0.0067,-0.0061,0.0000,0.0083,0.0271,0.0053,101.6596,135.3720,0.0000,0.0000,-1.392261,0.542243,-0.080415,-0.000091,-0.001545,-0.015336,-1.393128,0.556087,-0.200000,0.000000,0.000000,0.000000,-1.392070,0.542564,-0.076944,1.0000,1.0000,1.0000,1.660,4.810,0.340,5.000,3.000,8.000,1.500,0.060,0.110,379403237,1351247835,379401478,3129,1000,1506,1504,1505,1000,1000,2008,1505,1505,1074,2008,1625,1256,1000,1000
-0.0039,-0.0078,-0.6872,0.0010,-0.0213,3.1001,0.0063,-0.0042,-3.1481,0.0000,-0.1164,0.0483,-9.8838,0.0008,0.0029,0.0031,-0.1599,0.0961,-9.8813,0.0028,-0.0008,-0.0006,0.1418,0.2979,-9.9404,0.0031,0.0084,0.0021,0.1489,-0.3176,-9.4745,-0.0061,0.0099,-0.0184,0.0000,0.0083,0.0270,0.0052,101.6831,134.7052,0.0000,0.0000,-1.392261,0.542223,-0.080603,0.000111,-0.001774,-0.015996,-1.393128,0.556087,-0.200000,0.000000,0.000000,0.000000,-1.392070,0.542564,-0.076944,1.0000,1.0000,1.0000,1.660,4.810,0.340,5.000,3.000,8.000,1.500,0.060,0.110,379413737,1351247835,379413478,3129,1000,1506,1504,1505,1000,1000,2008,1505,1505,1074,2008,1625,1256,1000,1000
-0.0043,-0.0079,-0.6872,0.0010,-0.0213,3.1001,0.0063,-0.0042,-3.1481,0.0000,-0.1057,0.0560,-9.8443,0.0020,0.0037,0.0033,-0.0948,0.0453,-9.8470,0.0017,-0.0032,-0.0021,0.0101,-0.1379,-9.8566,-0.0001,0.0127,0.0027,0.3554,-0.2727,-9.7223,0.0080,0.0069,-0.0152,0.0000,0.0084,0.0269,0.0053,100.7520,135.0920,0.0000,0.0000,-1.392259,0.542206,-0.080748,0.000104,-0.002015,-0.016116,-1.393128,0.556087,-0.200000,0.000000,0.000000,0.000000,-1.392070,0.542564,-0.076944,1.0000,1.0000,1.0000,1.660,4.810,0.340,5.000,3.000,8.000,1.500,0.060,0.110,379424237,1351247835,379422478,3129,1000,1506,1504,1505,1000,1000,2008,1505,1505,1074,2008,1625,1256,1000,1000
-0.0039,-0.0081,-0.6872,0.0010,-0.0213,3.1002,0.0063,-0.0042,-3.1481,0.0000,-0.0820,0.0625,-9.8725,0.0018,0.0043,0.0020,-0.0709,0.0767,-9.8121,0.0042,0.0052,-0.0013,-0.0785,0.0465,-9.6794,0.0073,0.0007,0.0003,0.2081,-0.4056,-9.5768,0.0133,-0.0083,-0.0107,0.0000,0.0082,0.0270,0.0052,101.4319,135.0392,0.0000,0.0000,-1.392257,0.542182,-0.080943,0.000225,-0.002066,-0.016557,-1.393128,0.556087,-0.200000,0.000000,0.000000,0.000000,-1.392070,0.542564,-0.076944,1.0000,1.0000,1.0000,1.660,4.810,0.340,5.000,3.000,8.000,1.500,0.060,0.110,379434737,1351247835,379434478,3129,1000,1506,1504,1505,1000,1000,2008,1505,1505,1074,2008,1625,1256,1000,1000
-0.0037,-0.0082,-0.6871,0.0010,-0.0213,3.1002,0.0063,-0.0042,-3.1481,0.0000,-0.1180,0.0158,-9.8769,0.0001,0.0038,0.0041,-0.0991,0.0009,-9.8491,0.0017,0.0013,-0.0020,0.4818,-0.1044,-9.6723,0.0092,0.0044,0.0011,0.4559,-0.6444,-9.5409,0.0040,-0.0019,-0.0016,0.0000,0.0084,0.0273,0.0052,102.8364,135.1725,0.0000,0.0000,-1.392255,0.542164,-0.081094,0.000342,-0.001989,-0.016927,-1.393128,0.556087,-0.200000,0.000000,0.000000,0.000000,-1.392070,0.542564,-0.076944,1.0000,1.0000,1.0000,1.660,4.810,0.340,5.000,3.000,8.000,1.500,0.060,0.110,379445237,1351247835,379443478,3129,1000,1506,1504,1505,1000,1000,2008,1505,1505,1074,2008,1625,1256,1000,1000
-0.0035,-0.0080,-0.6871,0.0010,-0.0212,3.1003,0.0063,-0.0042,-3.1481,0.0000,-0.1040,0.0397,-9.9045,0.0019,0.0039,0.0027,-0.1293,0.0030,-9.8689,0.0026,-0.0029,-0.0049,0.3573,0.3817,-9.6651,0.0036,0.0004,0.0029,0.4434,-0.5349,-9.2662,0.0061,0.0173,-0.0056,0.0000,0.0081,0.0270,0.0053,100.7643,135.4297,0.0000,0.0000,-1.392251,0.542140,-0.081300,0.000234,-0.002030,-0.017479,-1.393128,0.556087,-0.200000,0.000000,0.000000,0.000000,-1.392070,0.542564,-0.076944,1.0000,1.0000,1.0000,1.660,4.810,0.340,5.000,3.000,8.000,1.500,0.060,0.110,379455737,1351247835,379455478,3129,1000,1506,1504,1505,1000,1000,2008,1505,1505,1074,2008,1625,1256,1000,1000
-0.0033,-0.0078,-0.6871,0.0010,-0.0212,3.1003,0.0063,-0.0042,-3.1481,0.0000,-0.0835,0.0434,-9.8717,0.0017,0.0031,0.0028,-0.1295,0.1020,-9.8260,0.0040,0.0028,-0.0008,0.2687,-0.1331,-9.9237,0.0076,0.0105,0.0037,0.2153,-0.2871,-9.6684,0.0136,0.0162,-0.0053,0.0000,0.0082,0.0272,0.0053,101.5232,135.6556,0.0000,0.0000,-1.392250,0.542122,-0.081459,0.000179,-0.001883,-0.017914,-1.393128,0.556087,-0.200000,0.000000,0.000000,0.000000,-1.392070,0.542564,-0.076944,1.0000,1.0000,1.0000,1.660,4.810,0.340,5.000,3.000,8.000,1.500,0.060,0.110,379466237,1351247835,379464478,3129,1000,1506,1504,1505,1000,1000,2008,1505,1505,1074,2008,1625,1256,1000,1000
-0.0032,-0.0079,-0.6870,0.0010,-0.0212,3.1003,0.0063,-0.0042,-3.1481,0.0000,-0.1403,0.0501,-9.8756,-0.0002,0.0030,0.0019,-0.1352,0.0188,-9.8731,-0.0004,-0.0009,-0.0022,0.2017,0.0441,-10.1319,0.0071,0.0119,0.0019,0.1471,-0.3069,-9.3308,0.0016,0.0091,-0.0064,0.0000,0.0088,0.0272,0.0054,102.2079,135.1397,0.0000,0.0000,-1.392248,0.542099,-0.081677,0.000302,-0.001937,-0.018431,-1.393128,0.556087,-0.200000,0.000000,0.000000,0.000000,-1.392070,0.542564,-0.076944,1.0000,1.0000,1.0000,1.660,4.810,0.340,5.000,3.000,8.000,1.500,0.060,0.110,379476737,1351247835,379476478,3129,1000,1506,1504,1505,1000,1000,2008,1505,1505,1074,2008,1625,1256,1000,1000
-0.0035,-0.0085,-0.6870,0.0010,-0.0213,3.1004,0.0063,-0.0042,-3.1481,0.0000,-0.1034,0.0456,-9.8453,0.0013,0.0016,0.0041,-0.0914,0.0448,-9.8091,0.0040,0.0026,-0.0022,-0.1790,-0.2959,-9.8542,0.0036,0.0087,0.0053,-0.1474,-0.2422,-9.6864,0.0019,0.0035,-0.0189,0.0000,0.0081,0.0277,0.0052,103.4066,136.1513,0.0000,0.0000,-1.392244,0.542081,-0.081844,0.000495,-0.002172,-0.018546,-1.393128,0.556087,-0.200000,0.000000,0.000000,0.000000,-1.392070,0.542564,-0.076944,1.0000,1.0000,1.0000,1.660,4.810,0.340,5.000,3.000,8.000,1.500,0.060,0.110,379487237,1351247835,379485478,3129,1000,1506,1504,1505,1000,1000,2008,1505,1505,1074,2008,1625,1256,1000,1000
-0.0036,-0.0087,-0.6870,0.0011,-0.0212,3.1004,0.0063,-0.0042,-3.1481,0.0000,-0.0870,0.0672,-9.8241,0.0019,0.0045,0.0039,-0.1135,0.0706,-9.8283,0.0023,-0.0019,-0.0003,0.1083,0.1207,-10.0410,0.0015,0.0060,0.0053,-0.0217,-0.1776,-9.8300,-0.0043,-0.0021,-0.0208,0.0000,0.0084,0.0265,0.0052,100.7089,133.3752,0.0000,0.0000,-1.392236,0.542055,-0.082068,0.000730,-0.002257,-0.018715,-1.393128,0.556087,-0.200000,0.000000,0.000000,0.000000,-1.392070,0.542564,-0.076944,1.0000,1.0000,1.0000,1.660,4.810,0.340,5.000,3.000,8.000,1.500,0.060,0.110,379497737,1351247835,379497478,3129,1000,1506,1504,1505,1000,1000,2008,1505,1505,1074,2008,1625,1256,1000,1000
-0.0038,-0.0086,-0.6869,0.0011,-0.0212,3.1005,0.0063,-0.0042,-3.1481,0.0000,-0.1154,0.0527,-9.8913,0.0016,0.0037,0.0019,-0.0869,0.0425,-9.8356,0.0006,0.0016,-0.0046,0.2328,0.0680,-9.4233,-0.0023,0.0025,0.0029,0.1435,0.0882,-9.2734,-0.0088,0.0200,0.0016,0.0000,0.0081,0.0272,0.0053,101.3072,135.9226,0.0000,0.0000,-1.392230,0.542034,-0.082237,0.000784,-0.002342,-0.018953,-1.393128,0.556087,-0.200000,0.000000,0.000000,0.000000,-1.392070,0.542564,-0.076944,1.0000,1.0000,1.0000,1.660,4.810,0.340,5.000,3.000,8.000,1.500,0.060,0.110,379508237,1351247835,379506478,3129,1000,1506,1504,1505,1000,1000,2008,1505,1505,1074,2008,1625,1256,1000,1000
-0.0040,-0.0082,-0.6869,0.0011,-0.0212,3.1005,0.0063,-0.0042,-3.1481,0.0000,-0.0955,0.0258,-9.9164,0.0010,0.0030,0.0035,-0.1049,0.0347,-9.8582,0.0026,0.0026,-0.0040,0.0197,-0.1187,-9.9141,-0.0007,0.0025,0.0021,0.1848,0.2355,-9.7582,0.0003,-0.0013,0.0208,0.0000,0.0084,0.0272,0.0051,103.1285,134.6209,0.0000,0.0000,-1.392221,0.542004,-0.082468,0.000695,-0.002522,-0.019712,-1.393128,0.556087,-0.200000,0.000000,0.000000,0.000000,-1.392070,0.542564,-0.076944,1.0000,1.0000,1.0000,1.660,4.810,0.340,5.000,3.000,8.000,1.500,0.060,0.110,379518737,1351247835,379518478,3129,1000,1506,1504,1505,1000,1000,2008,1505,1505,1074,2008,1625,1256,1000,1000
-0.0037,-0.0082,-0.6869,0.0011,-0.0212,3.1006,0.0063,-0.0042,-3.1481,0.0000,-0.0796,0.0307,-9.8256,0.0020,0.0032,0.0034,-0.1024,0.0404,-9.8587,0.0041,-0.0014,-0.0013,0.1442,-0.0038,-10.0194,0.0001,0.0100,0.0040,-0.0971,-0.1578,-9.8067,0.0021,0.0317,-0.0037,0.0000,0.0082,0.0269,0.0052,101.1781,134.6772,0.0000,0.0000,-1.392215,0.541982,-0.082647,0.000695,-0.002505,-0.019948,-1.393128,0.556087,-0.200000,0.000000,0.000000,0.000000,-1.392070,0.542564,-0.076944,1.0000,1.0000,1.0000,1.660,4.810,0.340,5.000,3.000,8.000,1.500,0.060,0.110,379529237,1351247835,379527479,3129,1000,1506,1504,1505,1000,1000,2008,1505,1505,1074,2008,1625,1256,1000,1000
-0.0031,-0.0082,-0.6869,0.0008,-0.0211,3.1006,0.0063,-0.0042,-3.1481,0.0000,-0.0763,0.0283,-9.8738,0.0008,0.0040,0.0028,-0.0796,0.0691,-9.7818,0.0016,0.0006,-0.0016,-0.2317,-0.0541,-9.9404,0.0033,-0.0036,0.0027,-0.1726,0.3899,-10.1425,0.0091,-0.0104,-0.0040,0.0000,0.0085,0.0272,0.0052,102.6874,134.8127,0.0000,0.0000,-1.392001,0.542500,-0.079612,0.001445,-0.000550,-0.013293,-1.393128,0.556087,-0.200000,0.000000,0.000000,0.000000,-1.391942,0.542681,-0.076943,1.0000,1.0000,1.0000,1.660,4.810,0.340,5.000,3.000,8.000,1.500,0.060,0.110,379539283,1351381870,379539024,3130,1000,1506,1504,1505,1000,1000,2008,1505,1505,1074,2008,1625,1256,1000,1000
-0.0037,-0.0084,-0.6868,0.0008,-0.0211,3.1006,0.0063,-0.0042,-3.1481,0.0000,-0.0926,0.0405,-9.8250,0.0012,0.0035,0.0018,-0.1109,0.0322,-9.8254,0.0037,0.0024,-0.0022,0.0365,0.3314,-9.8470,0.0012,0.0020,0.0016,-0.0199,-0.1327,-10.2700,0.0040,-0.0037,-0.0138,0.0000,0.0087,0.0266,0.0053,101.3140,133.6629,0.0000,0.0000,-1.391987,0.542495,-0.079733,0.001508,-0.000667,-0.013557,-1.393128,0.556087,-0.200000,0.000000,0.000000,0.000000,-1.391942,0.542681,-0.076943,1.0000,1.0000,1.0000,1.660,4.810,0.340,5.000,3.000,8.000,1.500,0.060,0.110,379549783,1351381870,379548024,3130,1000,1506,1504,1505,1000,1000,2008,1505,1505,1074,2008,1625,1256,1000,1000
-0.0040,-0.0083,-0.6868,0.0009,-0.0211,3.1007,0.0063,-0.0042,-3.1481,0.0000,-0.0955,0.0239,-9.8571,0.0008,0.0048,0.0036,-0.0805,-0.0236,-9.8147,0.0025,-0.0031,-0.0028,-0.1407,0.3027,-9.9500,-0.0025,-0.0015,0.0040,-0.0917,0.1169,-9.9934,0.0115,-0.0130,0.0003,0.0000,0.0087,0.0265,0.0051,101.8206,132.7189,0.0000,0.0000,-1.391969,0.542486,-0.079897,0.001610,-0.000840,-0.013911,-1.393128,0.556087,-0.200000,0.000000,0.000000,0.000000,-1.391942,0.542681,-0.076943,1.0000,1.0000,1.0000,1.660,4.810,0.340,5.000,3.000,8.000,1.500,0.060,0.110,379560283,1351381870,379560024,3130,1000,1506,1504,1505,1000,1000,2008,1505,1505,1074,2008,1625,1256,1000,1000
-0.0038,-0.0083,-0.6868,0.0009,-0.0211,3.1007,0.0063,-0.0042,-3.1481,0.0000,-0.0503,0.0487,-9.8519,0.0002,0.0031,0.0041,-0.0957,0.0562,-9.8411,0.0030,-0.0002,-0.0023,-0.0880,-0.0613,-9.7968,0.0079,0.0020,0.0037,-0.4078,0.2193,-10.1173,0.0011,0.0045,0.0000,0.0000,0.0090,0.0271,0.0051,104.1021,133.1321,0.0000,0.0000,-1.391954,0.542478,-0.080024,0.001622,-0.000847,-0.014346,-1.393128,0.556087,-0.200000,0.000000,0.000000,0.000000,-1.391942,0.542681,-0.076943,1.0000,1.0000,1.0000,1.660,4.810,0.340,5.000,3.000,8.000,1.500,0.060,0.110,379570783,1351381870,379569024,3130,1000,1506,1504,1505,1000,1000,2008,1505,1505,1074,2008,1625,1256,1000,1000
-0.0035,-0.0084,-0.6867,0.0009,-0.0211,3.1008,0.0063,-0.0042,-3.1481,0.0000,-0.0893,0.0215,-9.9065,0.0015,0.0041,0.0029,-0.0662,0.0134,-9.8341,0.0014,-0.0015,-0.0025,-0.1239,0.0608,-9.7680,0.0044,0.0073,0.0011,-0.1779,-0.1381,-9.8139,0.0099,-0.0045,-0.0136,0.0000,0.0087,0.0268,0.0052,102.2874,133.4319,0.0000,0.0000,-1.391935,0.542467,-0.080199,0.001671,-0.000855,-0.014974,-1.393128,0.556087,-0.200000,0.000000,0.000000,0.000000,-1.391942,0.542681,-0.076943,1.0000,1.0000,1.0000,1.660,4.810,0.340,5.000,3.000,8.000,1.500,0.060,0.110,379581283,1351381870,379581024,3130,1000,1506,1504,1505,1000,1000,2008,1505,1505,1074,2008,1625,1256,1000,1000
-0.0039,-0.0087,-0.6867,0.0009,-0.0211,3.1008,0.0063,-0.0042,-3.1481,0.0000,-0.0889,0.0464,-9.8466,0.0010,0.0033,0.0031,-0.0584,0.0493,-9.7953,0.0031,-0.0022,-0.0020,-0.4041,-0.0996,-9.9213,0.0039,-0.0009,-0.0003,-0.2336,-0.0716,-9.8444,0.0083,-0.0162,-0.0061,0.0000,0.0087,0.0270,0.0052,102.8924,133.8760,0.0000,0.0000,-1.391919,0.542459,-0.080336,0.001788,-0.001032,-0.015299,-1.393128,0.556087,-0.200000,0.000000,0.000000,0.000000,-1.391942,0.542681,-0.076943,1.0000,1.0000,1.0000,1.660,4.810,0.340,5.000,3.000,8.000,1.500,0.060,0.110,379591783,1351381870,379590024,3130,1000,1506,1504,1505,1000,1000,2008,1505,1505,1074,2008,1625,1256,1000,1000
-0.0039,-0.0088,-0.6867,0.0009,-0.0211,3.1009,0.0063,-0.0042,-3.1481,0.0000,-0.0736,0.0475,-9.8850,0.0020,0.0041,0.0025,-0.0575,0.0492,-9.8440,0.0051,-0.0034,-0.0030,-0.0425,0.0417,-9.6794,0.0023,-0.0007,0.0019,-0.1708,-0.2620,-9.4026,-0.0104,0.0003,-0.0133,0.0000,0.0086,0.0267,0.0053,101.3363,133.8677,0.0000,0.0000,-1.391896,0.542446,-0.080522,0.001986,-0.001117,-0.015775,-1.393128,0.556087,-0.200000,0.000000,0.000000,0.000000,-1.391942,0.542681,-0.076943,1.0000,1.0000,1.0000,1.660,4.810,0.340,5.000,3.000,8.000,1.500,0.060,0.110,379602283,1351381870,379602024,3130,1000,1506,1504,1505,1000,1000,2008,1505,1505,1074,2008,1625,1256,1000,1000
-0.0043,-0.0085,-0.6866,0.0009,-0.0211,3.1009,0.0063,-0.0042,-3.1481,0.0000,-0.1097,0.0361,-9.8796,0.0017,0.0035,0.0019,-0.0930,0.0396,-9.8563,0.0019,-0.0007,-0.0044,0.1035,0.0130,-9.4304,-0.0036,-0.0004,0.0035,0.1309,0.1726,-9.2051,0.0043,0.0056,0.0008,0.0000,0.0084,0.0272,0.0053,102.3236,135.2332,0.0000,0.0000,-1.391878,0.542435,-0.080666,0.002033,-0.001263,-0.016033,-1.393128,0.556087,-0.200000,0.000000,0.000000,0.000000,-1.391942,0.542681,-0.076943,1.0000,1.0000,1.0000,1.660,4.810,0.340,5.000,3.000,8.000,1.500,0.060,0.110,379612783,1351381870,379611024,3130,1000,1506,1504,1505,1000,1000,2008,1505,1505,1074,2008,1625,1256,1000,1000
-0.0040,-0.0088,-0.6866,0.0009,-0.0211,3.1010,0.0063,-0.0042,-3.1481,0.0000,-0.1118,0.0097,-9.8477,0.0008,0.0026,0.0033,-0.1195,-0.0158,-9.8339,0.0000,-0.0042,-0.0022,0.1729,0.1255,-9.7824,0.0020,0.0071,0.0024,0.2854,0.4186,-9.7815,0.0115,0.0037,0.0128,0.0000,0.0087,0.0270,0.0051,102.9196,133.6899,0.0000,0.0000,-1.391852,0.542420,-0.080860,0.002288,-0.001212,-0.016301,-1.393128,0.556087,-0.200000,0.000000,0.000000,0.000000,-1.391942,0.542681,-0.076943,1.0000,1.0000,1.0000,1.660,4.810,0.340,5.000,3.000,8.000,1.500,0.060,0.110,379623283,1351381870,379623024,3130,1000,1506,1504,1505,1000,1000,2008,1505,1505,1074,2008,1625,1256,1000,1000
-0.0037,-0.0089,-0.6866,0.0009,-0.0211,3.1010,0.0063,-0.0042,-3.1481,0.0000,-0.0944,0.0378,-9.8883,0.0019,0.0029,0.0031,-0.0818,0.0931,-9.8451,-0.0016,-0.0026,-0.0003,-0.2173,0.0513,-9.8782,0.0004,0.0100,0.0013,0.4272,-0.4595,-9.7438,0.0242,-0.0003,0.0051,0.0000,0.0083,0.0268,0.0052,101.1031,134.3339,0.0000,0.0000,-1.391831,0.542409,-0.081007,0.002434,-0.001181,-0.016625,-1.393128,0.556087,-0.200000,0.000000,0.000000,0.000000,-1.391942,0.542681,-0.076943,1.0000,1.0000,1.0000,1.660,4.810,0.340,5.000,3.000,8.000,1.500,0.060,0.110,379633783,1351381870,379632024,3130,1000,1506,1504,1505,1000,1000,2008,1505,1505,1074,2008,1625,1256,1000,1000
-0.0036,-0.0082,-0.6865,0.0009,-0.0211,3.1010,0.0063,-0.0042,-3.1481,0.0000,-0.0415,0.0618,-9.8498,0.0009,0.0025,0.0029,-0.0647,0.0460,-9.7968,0.0018,-0.0009,-0.0016,-0.0545,0.0968,-9.8638,-0.0007,0.0028,0.0024,-0.1259,-0.1416,-9.9198,0.0115,-0.0152,-0.0160,0.0000,0.0086,0.0271,0.0051,103.5870,133.7396,0.0000,0.0000,-1.391803,0.542395,-0.081209,0.002112,-0.001263,-0.016853,-1.393128,0.556087,-0.200000,0.000000,0.000000,0.000000,-1.391942,0.542681,-0.076943,1.0000,1.0000,1.0000,1.660,4.810,0.340,5.000,3.000,8.000,1.500,0.060,0.110,379644283,1351381870,379644035,3130,1000,1506,1504,1505,1000,1000,2008,1505,1505,1074,2008,1625,1256,1000,1000
-0.0039,-0.0083,-0.6865,0.0009,-0.0211,3.1011,0.0063,-0.0042,-3.1481,0.0000,-0.0837,0.0370,-9.8357,0.0014,0.0024,0.0037,-0.0768,0.0346,-9.8129,0.0026,-0.0007,-0.0016,-0.1766,-0.0756,-10.0529,0.0039,0.0025,0.0024,-0.2174,0.1115,-10.0114,0.0104,-0.0003,-0.0138,0.0000,0.0085,0.0274,0.0051,103.6015,134.8592,0.0000,0.0000,-1.391785,0.542383,-0.081362,0.002094,-0.001460,-0.017232,-1.393128,0.556087,-0.200000,0.000000,0.000000,0.000000,-1.391942,0.542681,-0.076943,1.0000,1.0000,1.0000,1.660,4.810,0.340,5.000,3.000,8.000,1.500,0.060,0.110,379654783,1351381870,379653024,3130,1000,1506,1504,1505,1000,1000,2008,1505,1505,1074,2008,1625,1256,1000,1000
-0.0045,-0.0084,-0.6865,0.0009,-0.0211,3.1011,0.0063,-0.0042,-3.1481,0.0000,-0.0772,0.0642,-9.8695,0.0026,0.0040,0.0042,-0.1003,0.0239,-9.8416,0.0013,-0.0058,-0.0024,0.0317,0.1758,-9.8566,0.0012,0.0039,0.0040,0.0681,0.0774,-9.7331,0.0035,0.0067,0.0107,0.0000,0.0084,0.0269,0.0050,103.1525,133.3843,0.0000,0.0000,-1.391766,0.542537,-0.079233,0.002130,-0.001195,-0.012418,-1.393128,0.556087,-0.200000,0.000000,0.000000,0.000000,-1.391766,0.542630,-0.076907,1.0000,1.0000,1.0000,1.660,4.810,0.340,5.000,3.000,8.000,1.500,0.060,0.110,379664828,1351513830,379662024,3131,1000,1506,1504,1505,1000,1000,2008,1505,1505,1074,2008,1625,1256,1000,1000
-0.0043,-0.0081,-0.6864,0.0008,-0.0212,3.1012,0.0063,-0.0042,-3.1481,0.0000,-0.0588,0.0461,-9.8297,0.0011,0.0030,0.0026,-0.0485,0.0965,-9.8208,0.0043,0.0017,-0.0022,-0.4400,0.0704,-9.9452,0.0052,-0.0015,0.0043,-0.0828,0.2390,-10.2341,0.0091,-0.0157,0.0040,0.0000,0.0083,0.0269,0.0050,102.8346,133.4482,0.0000,0.0000,-1.391826,0.542657,-0.078581,0.001771,-0.000885,-0.011028,-1.393128,0.556087,-0.200000,0.000000,0.000000,0.000000,-1.391955,0.542855,-0.076998,1.0000,1.0000,1.0000,1.660,4.810,0.340,5.000,3.000,8.000,1.500,0.060,0.110,379674880,1351614291,379674121,3132,1000,1506,1504,1505,1000,1000,2008,1505,1505,1074,2008,1625,1256,1000,1000
-0.0041,-0.0085,-0.6864,0.0008,-0.0212,3.1012,0.0063,-0.0042,-3.1481,0.0000,-0.1132,0.0275,-9.8776,0.0006,0.0029,0.0035,-0.0836,0.0215,-9.8256,0.0021,-0.0034,-0.0023,-0.1359,0.1231,-10.1607,0.0076,-0.0012,0.0003,-0.0917,-0.1273,-10.1856,0.0083,-0.0035,-0.0213,0.0000,0.0088,0.0272,0.0051,104.4174,133.5696,0.0000,0.0000,-1.391809,0.542648,-0.078682,0.001974,-0.000882,-0.011544,-1.393128,0.556087,-0.200000,0.000000,0.000000,0.000000,-1.391955,0.542855,-0.076998,1.0000,1.0000,1.0000,1.660,4.810,0.340,5.000,3.000,8.000,1.500,0.060,0.110,379685380,1351614291,379683121,3132,1000,1506,1504,1505,1000,1000,2008,1505,1505,1074,2008,1625,1256,1000,1000
-0.0042,-0.0085,-0.6864,0.0008,-0.0212,3.1013,0.0063,-0.0042,-3.1481,0.0000,-0.0638,0.0225,-9.8677,0.0011,0.0037,0.0035,-0.0720,0.0350,-9.8243,0.0026,0.0047,0.0016,0.1801,0.2955,-9.6579,0.0015,0.0007,0.0035,-0.1636,-0.4002,-9.8013,0.0123,-0.0245,-0.0056,0.0000,0.0086,0.0270,0.0051,103.3129,133.4057,0.0000,0.0000,-1.391784,0.542637,-0.078825,0.002081,-0.001014,-0.012182,-1.393128,0.556087,-0.200000,0.000000,0.000000,0.000000,-1.391955,0.542855,-0.076998,1.0000,1.0000,1.0000,1.660,4.810,0.340,5.000,3.000,8.000,1.500,0.060,0.110,379695880,1351614291,379695121,3132,1000,1506,1504,1505,1000,1000,2008,1505,1505,1074,2008,1625,1256,1000,1000
-0.0040,-0.0078,-0.6863,0.0008,-0.0212,3.1013,0.0063,-0.0042,-3.1481,0.0000,-0.0568,0.0461,-9.8954,0.0015,0.0043,0.0020,-0.1294,0.0706,-9.8536,0.0010,-0.0025,-0.0035,-0.1096,-0.1498,-9.6986,0.0025,0.0001,0.0024,-0.0504,0.0541,-9.8013,0.0008,-0.0064,-0.0024,0.0000,0.0086,0.0269,0.0052,102.1234,134.0388,0.0000,0.0000,-1.391766,0.542628,-0.078936,0.001949,-0.001033,-0.012688,-1.393128,0.556087,-0.200000,0.000000,0.000000,0.000000,-1.391955,0.542855,-0.076998,1.0000,1.0000,1.0000,1.660,4.810,0.340,5.000,3.000,8.000,1.500,0.060,0.110,379706380,1351614291,379704121,3132,1000,1506,1504,1505,1000,1000,2008,1505,1505,1074,2008,1625,1256,1000,1000
-0.0035,-0.0075,-0.6863,0.0009,-0.0212,3.1014,0.0063,-0.0042,-3.1481,0.0000,-0.0883,0.0294,-9.9076,0.0014,0.0023,0.0026,-0.1341,0.0216,-9.8442,0.0017,-0.0032,-0.0009,0.1466,0.1422,-10.0338,0.0015,0.0116,0.0040,0.3356,0.3306,-9.4727,0.0104,0.0162,-0.0077,0.0000,0.0086,0.0275,0.0051,104.2508,134.7683,0.0000,0.0000,-1.391744,0.542615,-0.079092,0.001820,-0.000973,-0.013365,-1.393128,0.556087,-0.200000,0.000000,0.000000,0.000000,-1.391955,0.542855,-0.076998,1.0000,1.0000,1.0000,1.660,4.810,0.340,5.000,3.000,8.000,1.500,0.060,0.110,379716880,1351614291,379716121,3132,1000,1506,1504,1505,1000,1000,2008,1505,1505,1074,2008,1625,1256,1000,1000
-0.0038,-0.0072,-0.6863,0.0009,-0.0212,3.1014,0.0063,-0.0042,-3.1481,0.0000,-0.0644,0.0338,-9.8291,0.0012,0.0023,0.0033,-0.0965,0.0156,-9.8424,0.0031,-0.0019,-0.0021,-0.2987,-0.1834,-9.8949,-0.0017,0.0153,0.0011,-0.3414,-0.2943,-9.9162,0.0091,0.0173,-0.0032,0.0000,0.0086,0.0272,0.0051,103.8628,133.8262,0.0000,0.0000,-1.391729,0.542606,-0.079214,0.001630,-0.001149,-0.013701,-1.393128,0.556087,-0.200000,0.000000,0.000000,0.000000,-1.391955,0.542855,-0.076998,1.0000,1.0000,1.0000,1.660,4.810,0.340,5.000,3.000,8.000,1.500,0.060,0.110,379727380,1351614291,379725121,3132,1000,1506,1504,1505,1000,1000,2008,1505,1505,1074,2008,1625,1256,1000,1000
-0.0038,-0.0078,-0.6863,0.0009,-0.0212,3.1014,0.0063,-0.0042,-3.1481,0.0000,-0.0687,0.0579,-9.8558,0.0015,0.0047,0.0017,-0.1000,0.0725,-9.8106,0.0014,0.0008,-0.0009,-0.3801,-0.2504,-9.7680,0.0009,0.0063,0.0024,-0.3414,0.0828,-9.7582,0.0104,-0.0011,-0.0067,0.0000,0.0086,0.0267,0.0052,101.6456,133.4556,0.0000,0.0000,-1.391708,0.542592,-0.079380,0.001748,-0.001196,-0.013992,-1.393128,0.556087,-0.200000,0.000000,0.000000,0.000000,-1.391955,0.542855,-0.076998,1.0000,1.0000,1.0000,1.660,4.810,0.340,5.000,3.000,8.000,1.500,0.060,0.110,379737880,1351614291,379737121,3132,1000,1506,1504,1505,1000,1000,2008,1505,1505,1074,2008,1625,1256,1000,1000
-0.0036,-0.0071,-0.6862,0.0009,-0.0212,3.1015,0.0063,-0.0042,-3.1481,0.0000,-0.0756,0.0234,-9.8624,0.0021,0.0040,0.0029,-0.0840,-0.0106,-9.8414,0.0041,0.0014,-0.0044,0.1538,0.0585,-10.0817,-0.0031,0.0065,0.0040,-0.0343,0.2570,-9.4727,-0.0008,-0.0075,-0.0003,0.0000,0.0084,0.0271,0.0050,103.5741,133.5855,0.0000,0.0000,-1.391693,0.542581,-0.079508,0.001545,-0.001200,-0.014314,-1.393128,0.556087,-0.200000,0.000000,0.000000,0.000000,-1.391955,0.542855,-0.076998,1.0000,1.0000,1.0000,1.660,4.810,0.340,5.000,3.000,8.000,1.500,0.060,0.110,379748380,1351614291,379746121,3132,1000,1506,1504,1505,1000,1000,2008,1505,1505,1074,2008,1625,1256,1000,1000
-0.0038,-0.0073,-0.6862,0.0009,-0.0212,3.1015,0.0063,-0.0042,-3.1481,0.0000,-0.1052,0.0487,-9.9127,0.0023,0.0041,0.0023,-0.0904,0.0345,-9.8451,0.0040,0.0008,0.0001,0.0532,0.0776,-9.9524,-0.0049,0.0017,0.0021,-0.1977,-0.5762,-9.6576,0.0037,0.0144,-0.0085,0.0000,0.0081,0.0271,0.0052,101.9393,134.9742,0.0000,0.0000,-1.391675,0.542566,-0.079684,0.001555,-0.001335,-0.015182,-1.393128,0.556087,-0.200000,0.000000,0.000000,0.000000,-1.391955,0.542855,-0.076998,1.0000,1.0000,1.0000,1.660,4.810,0.340,5.000,3.000,8.000,1.500,0.060,0.110,379758880,1351614291,379758121,3132,1000,1506,1504,1505,1000,1000,2008,1505,1505,1074,2008,1625,1256,1000,1000
-0.0042,-0.0078,-0.6862,0.0009,-0.0212,3.1016,0.0063,-0.0042,-3.1481,0.0000,-0.0765,0.0615,-9.8300,0.0010,0.0027,0.0024,-0.1051,0.0588,-9.8206,0.0016,-0.0048,-0.0007,-0.1862,-0.0613,-9.8470,-0.0023,0.0063,0.0037,0.0699,0.2588,-10.2448,0.0107,-0.0067,-0.0035,0.0000,0.0086,0.0269,0.0051,102.7480,133.4765,0.0000,0.0000,-1.391660,0.542554,-0.079823,0.001752,-0.001496,-0.015646,-1.393128,0.556087,-0.200000,0.000000,0.000000,0.000000,-1.391955,0.542855,-0.076998,1.0000,1.0000,1.0000,1.660,4.810,0.340,5.000,3.000,8.000,1.500,0.060,0.110,379769380,1351614291,379767121,3132,1000,1506,1504,1505,1000,1000,2008,1505,1505,1074,2008,1625,1256,1000,1000
-0.0036,-0.0079,-0.6861,0.0009,-0.0212,3.1016,0.0063,-0.0042,-3.1481,0.0000,-0.0853,0.0219,-9.8690,0.0013,0.0035,0.0031,-0.0988,0.0619,-9.8126,0.0017,0.0044,-0.0003,-0.2389,0.1470,-9.8207,-0.0023,-0.0012,0.0040,0.0429,0.3450,-10.0671,-0.0008,0.0016,0.0019,0.0000,0.0086,0.0271,0.0051,103.7479,133.6911,0.0000,0.0000,-1.391639,0.542536,-0.080012,0.001806,-0.001407,-0.015921,-1.393128,0.556087,-0.200000,0.000000,0.000000,0.000000,-1.391955,0.542855,-0.076998,1.0000,1.0000,1.0000,1.660,4.810,0.340,5.000,3.000,8.000,1.500,0.060,0.110,379779880,1351614291,379779121,3132,1000,1506,1504,1505,1000,1000,2008,1505,1505,1074,2008,1625,1256,1000,1000
-0.0039,-0.0085,-0.6861,0.0009,-0.0212,3.1017,0.0063,-0.0042,-3.1481,0.0000,-0.0772,0.0490,-9.8980,0.0012,0.0034,0.0035,-0.0430,0.0503,-9.7953,0.0031,-0.0006,-0.0025,-0.1096,-0.0349,-9.3107,0.0049,-0.0095,-0.0016,-0.4706,-0.3069,-10.0850,0.0051,0.0146,-0.0059,0.0000,0.0085,0.0270,0.0050,103.6691,133.2930,0.0000,0.0000,-1.391622,0.542523,-0.080158,0.002021,-0.001542,-0.016437,-1.393128,0.556087,-0.200000,0.000000,0.000000,0.000000,-1.391955,0.542855,-0.076998,1.0000,1.0000,1.0000,1.660,4.810,0.340,5.000,3.000,8.000,1.500,0.060,0.110,379790380,1351614291,379788122,3132,1000,1506,1504,1505,1000,1000,2008,1505,1505,1074,2008,1625,1256,1000,1000
-0.0044,-0.0084,-0.6861,0.0009,-0.0212,3.1017,0.0063,-0.0042,-3.1481,0.0000,-0.0953,0.0463,-9.8928,0.0014,0.0053,0.0032,-0.1192,0.0008,-9.8423,0.0040,0.0003,-0.0019,0.0413,-0.0517,-9.6627,0.0044,-0.0039,0.0053,0.2656,0.2390,-9.6361,-0.0101,-0.0099,-0.0136,0.0000,0.0084,0.0265,0.0050,101.7997,132.5285,0.0000,0.0000,-1.391598,0.542503,-0.080358,0.002013,-0.001777,-0.017022,-1.393128,0.556087,-0.200000,0.000000,0.000000,0.000000,-1.391955,0.542855,-0.076998,1.0000,1.0000,1.0000,1.660,4.810,0.340,5.000,3.000,8.000,1.500,0.060,0.110,379800880,1351614291,379800121,3132,1000,1506,1504,1505,1000,1000,2008,1505,1505,1074,2008,1625,1256,1000,1000
-0.0049,-0.0079,-0.6860,0.0009,-0.0212,3.1017,0.0063,-0.0042,-3.1481,0.0000,-0.0782,0.0533,-9.8884,0.0013,0.0036,0.0015,-0.0668,0.0813,-9.8456,0.0005,0.0002,-0.0035,0.2041,0.2739,-10.2014,0.0036,0.0039,0.0021,-0.5479,-0.4685,-9.6325,-0.0005,-0.0019,-0.0024,0.0000,0.0083,0.0271,0.0052,102.0821,134.7158,0.0000,0.0000,-1.391581,0.542486,-0.080514,0.001866,-0.002037,-0.017601,-1.393128,0.556087,-0.200000,0.000000,0.000000,0.000000,-1.391955,0.542855,-0.076998,1.0000,1.0000,1.0000,1.660,4.810,0.340,5.000,3.000,8.000,1.500,0.060,0.110,379811380,1351614291,379809121,3132,1000,1506,1504,1505,1000,1000,2008,1505,1505,1074,2008,1625,1256,1000,1000
-0.0047,-0.0078,-0.6860,0.0010,-0.0212,3.1018,0.0063,-0.0042,-3.1481,0.0000,-0.0771,0.0194,-9.8571,0.0009,0.0032,0.0037,-0.0636,-0.0009,-9.7920,0.0006,-0.0024,-0.0020,-0.1335,0.0824,-9.9787,0.0041,0.0092,-0.0008,-0.2462,0.1636,-10.0437,0.0138,0.0003,-0.0053,0.0000,0.0084,0.0270,0.0049,103.9136,133.1007,0.0000,0.0000,-1.391559,0.542460,-0.080730,0.001846,-0.002162,-0.018253,-1.393128,0.556087,-0.200000,0.000000,0.000000,0.000000,-1.391955,0.542855,-0.076998,1.0000,1.0000,1.0000,1.660,4.810,0.340,5.000,3.000,8.000,1.500,0.060,0.110,379821880,1351614291,379821121,3132,1000,1506,1504,1505,1000,1000,2008,1505,1505,1074,2008,1625,1256,1000,1000
-0.0045,-0.0079,-0.6860,0.0010,-0.0212,3.1018,0.0063,-0.0042,-3.1481,0.0000,-0.0821,0.0353,-9.8605,0.0017,0.0024,0.0029,-0.0909,-0.0194,-9.8162,0.0034,0.0004,-0.0027,0.1011,0.3577,-9.7082,0.0001,0.0076,0.0032,0.0340,0.2444,-9.9539,-0.0043,-0.0091,-0.0136,0.0000,0.0080,0.0270,0.0051,101.8850,134.6944,0.0000,0.0000,-1.391541,0.542441,-0.080896,0.001944,-0.002160,-0.018780,-1.393128,0.556087,-0.200000,0.000000,0.000000,0.000000,-1.391955,0.542855,-0.076998,1.0000,1.0000,1.0000,1.660,4.810,0.340,5.000,3.000,8.000,1.500,0.060,0.110,379832380,1351614291,379830121,3132,1000,1506,1504,1505,1000,1000,2008,1505,1505,1074,2008,1625,1256,1000,1000
-0.0040,-0.0082,-0.6860,0.0010,-0.0211,3.1019,0.0063,-0.0042,-3.1481,0.0000,-0.0710,0.0410,-9.8803,0.0016,0.0042,0.0021,-0.1092,0.0564,-9.8203,0.0018,0.0024,0.0001,-0.0904,0.1207,-9.8446,-0.0009,0.0023,0.0043,-0.4796,-0.4092,-9.5553,-0.0051,-0.0107,-0.0186,0.0000,0.0084,0.0266,0.0052,101.2087,133.4959,0.0000,0.0000,-1.391517,0.542415,-0.081124,0.002067,-0.002182,-0.019288,-1.393128,0.556087,-0.200000,0.000000,0.000000,0.000000,-1.391955,0.542855,-0.076998,1.0000,1.0000,1.0000,1.660,4.810,0.340,5.000,3.000,8.000,1.500,0.060,0.110,379842880,1351614291,379842121,3132,1000,1506,1504,1505,1000,1000,2008,1505,1505,1074,2008,1625,1256,1000,1000
-0.0042,-0.0077,-0.6859,0.0010,-0.0211,3.1019,0.0063,-0.0042,-3.1481,0.0000,-0.0890,0.0363,-9.8515,0.0016,0.0036,0.0033,-0.0668,0.0160,-9.8374,0.0014,-0.0037,-0.0030,-0.3586,0.0752,-9.9931,0.0001,0.0071,0.0016,0.0645,0.2247,-9.8264,-0.0067,0.0107,0.0168,0.0000,0.0086,0.0269,0.0049,103.9530,132.5718,0.0000,0.0000,-1.391499,0.542395,-0.081299,0.002020,-0.002255,-0.019558,-1.393128,0.556087,-0.200000,0.000000,0.000000,0.000000,-1.391955,0.542855,-0.076998,1.0000,1.0000,1.0000,1.660,4.810,0.340,5.000,3.000,8.000,1.500,0.060,0.110,379853380,1351614291,379851121,3132,1000,1506,1504,1505,1000,1000,2008,1505,1505,1074,2008,1625,1256,1000,1000
-0.0047,-0.0079,-0.6859,0.0010,-0.0211,3.1019,0.0063,-0.0042,-3.1481,0.0000,-0.0578,0.0688,-9.8328,0.0017,0.0029,0.0031,-0.0694,0.0402,-9.8229,0.0038,-0.0018,-0.0039,-0.3777,-0.1187,-10.2924,0.0017,0.0076,0.0056,0.2584,0.3468,-9.8641,-0.0107,0.0027,-0.0130,0.0000,0.0081,0.0270,0.0050,102.5087,134.0970,0.0000,0.0000,-1.391474,0.542367,-0.081537,0.002095,-0.002534,-0.019947,-1.393128,0.556087,-0.200000,0.000000,0.000000,0.000000,-1.391955,0.542855,-0.076998,1.0000,1.0000,1.0000,1.660,4.810,0.340,5.000,3.000,8.000,1.500,0.060,0.110,379863880,1351614291,379863121,3132,1000,1506,1504,1505,1000,1000,2008,1505,1505,1074,2008,1625,1256,1000,1000
-0.0050,-0.0076,-0.6859,0.0010,-0.0211,3.1020,0.0063,-0.0042,-3.1481,0.0000,-0.0280,0.0908,-9.8627,0.0014,0.0045,0.0039,-0.0583,0.0776,-9.8134,0.0025,-0.0009,-0.0009,-0.6148,-0.1905,-9.8734,0.0007,0.0007,0.0032,-0.3665,-0.2063,-10.1981,-0.0088,-0.0088,-0.0125,0.0000,0.0077,0.0269,0.0050,101.4752,134.5400,0.0000,0.0000,-1.391455,0.542343,-0.081719,0.002009,-0.002757,-0.020447,-1.393128,0.556087,-0.200000,0.000000,0.000000,0.000000,-1.391955,0.542855,-0.076998,1.0000,1.0000,1.0000,1.660,4.810,0.340,5.000,3.000,8.000,1.500,0.060,0.110,379874380,1351614291,379872121,3132,1000,1506,1504,1505,1000,1000,2008,1505,1505,1074,2008,1625,1256,1000,1000
-0.0046,-0.0078,-0.6858,0.0010,-0.0211,3.1020,0.0063,-0.0042,-3.1481,0.0000,-0.1076,0.0231,-9.8686,0.0012,0.0034,0.0034,-0.0588,0.0491,-9.8222,0.0015,-0.0006,-0.0046,0.0413,0.0489,-9.7369,0.0012,-0.0044,0.0048,0.0501,0.1475,-9.8121,-0.0048,-0.0067,-0.0061,0.0000,0.0085,0.0274,0.0049,105.6061,133.2378,0.0000,0.0000,-1.391431,0.542309,-0.081967,0.002119,-0.002819,-0.021001,-1.393128,0.556087,-0.200000,0.000000,0.000000,0.000000,-1.391955,0.542855,-0.076998,1.0000,1.0000,1.0000,1.660,4.810,0.340,5.000,3.000,8.000,1.500,0.060,0.110,379884880,1351614291,379884121,3132,1000,1506,1504,1505,1000,1000,2008,1505,1505,1074,2008,1625,1256,1000,1000
-0.0046,-0.0076,-0.6858,0.0010,-0.0212,3.1021,0.0063,-0.0042,-3.1481,0.0000,-0.0745,0.0408,-9.8716,0.0008,0.0034,0.0036,-0.1334,0.0109,-9.8435,0.0024,0.0029,-0.0055,0.2089,0.1614,-9.7968,0.0009,0.0004,-0.0008,-0.2300,-0.4703,-9.4314,0.0138,-0.0096,-0.0080,0.0000,0.0084,0.0270,0.0049,104.0484,132.9756,0.0000,0.0000,-1.391413,0.542282,-0.082158,0.002031,-0.002977,-0.021248,-1.393128,0.556087,-0.200000,0.000000,0.000000,0.000000,-1.391955,0.542855,-0.076998,1.0000,1.0000,1.0000,1.660,4.810,0.340,5.000,3.000,8.000,1.500,0.060,0.110,379895380,1351614291,379893122,3132,1000,1506,1504,1505,1000,1000,2008,1505,1505,1074,2008,1625,1256,1000,1000
-0.0042,-0.0070,-0.6858,0.0009,-0.0215,3.1021,0.0063,-0.0042,-3.1481,0.0000,-0.0607,0.0327,-9.9069,0.0011,0.0038,0.0026,-0.1048,0.1042,-9.8372,-0.0007,-0.0034,-0.0027,-0.3011,-0.1810,-9.7728,0.0009,0.0063,0.0032,-0.1133,0.1295,-9.5696,-0.0064,-0.0234,-0.0146,0.0000,0.0086,0.0275,0.0050,104.9164,134.1277,0.0000,0.0000,-1.392043,0.542587,-0.078769,-0.000522,-0.001762,-0.013478,-1.393128,0.556087,-0.200000,0.000000,0.000000,0.000000,-1.392202,0.542637,-0.076932,1.0000,1.0000,1.0000,1.660,4.810,0.340,5.000,3.000,8.000,1.500,0.060,0.110,379905475,1351847841,379905166,3134,1000,1506,1504,1505,1000,1000,2008,1505,1505,1074,2008,1625,1256,1000,1000
-0.0035,-0.0073,-0.6857,0.0009,-0.0215,3.1022,0.0063,-0.0042,-3.1481,0.0000,-0.0937,0.0213,-9.8636,0.0005,0.0029,0.0033,-0.0669,0.0100,-9.8382,0.0027,-0.0011,-0.0035,-0.0234,0.2476,-9.8231,0.0001,0.0095,0.0024,0.1112,-0.2386,-9.7762,-0.0125,0.0083,-0.0125,0.0000,0.0087,0.0278,0.0049,106.3506,134.1623,0.0000,0.0000,-1.392047,0.542572,-0.078893,-0.000540,-0.001594,-0.013756,-1.393128,0.556087,-0.200000,0.000000,0.000000,0.000000,-1.392202,0.542637,-0.076932,1.0000,1.0000,1.0000,1.660,4.810,0.340,5.000,3.000,8.000,1.500,0.060,0.110,379915975,1351847841,379914216,3134,1000,1506,1504,1505,1000,1000,2008,1505,1505,1074,2008,1625,1256,1000,1000
-0.0038,-0.0079,-0.6857,0.0009,-0.0215,3.1022,0.0063,-0.0042,-3.1481,0.0000,-0.0750,0.0345,-9.8765,0.0017,0.0044,0.0020,-0.0481,0.0510,-9.8490,-0.0003,-0.0001,-0.0029,-0.0569,-0.1139,-9.6675,-0.0031,0.0060,0.0011,-0.3324,0.2498,-9.6092,0.0029,-0.0056,0.0003,0.0000,0.0081,0.0273,0.0051,103.2382,134.7428,0.0000,0.0000,-1.392053,0.542552,-0.079061,-0.000452,-0.001728,-0.014244,-1.393128,0.556087,-0.200000,0.000000,0.000000,0.000000,-1.392202,0.542637,-0.076932,1.0000,1.0000,1.0000,1.660,4.810,0.340,5.000,3.000,8.000,1.500,0.060,0.110,379926475,1351847841,379926216,3134,1000,1506,1504,1505,1000,1000,2008,1505,1505,1074,2008,1625,1256,1000,1000
-0.0035,-0.0078,-0.6857,0.0009,-0.0215,3.1022,0.0063,-0.0042,-3.1481,0.0000,-0.0923,0.0310,-9.8690,0.0023,0.0047,0.0038,-0.0938,0.0309,-9.8342,0.0026,0.0016,-0.0008,0.1538,0.2213,-9.5861,-0.0031,0.0039,0.0035,-0.0792,0.1367,-9.5858,-0.0186,-0.0101,-0.0013,0.0000,0.0081,0.0275,0.0049,104.4854,134.4529,0.0000,0.0000,-1.392057,0.542537,-0.079190,-0.000455,-0.001656,-0.014500,-1.393128,0.556087,-0.200000,0.000000,0.000000,0.000000,-1.392202,0.542637,-0.076932,1.0000,1.0000,1.0000,1.660,4.810,0.340,5.000,3.000,8.000,1.500,0.060,0.110,379936975,1351847841,379935216,3134,1000,1506,1504,1505,1000,1000,2008,1505,1505,1074,2008,1625,1256,1000,1000
-0.0040,-0.0077,-0.6857,0.0009,-0.0215,3.1023,0.0063,-0.0042,-3.1481,0.0000,-0.0821,0.0394,-9.8153,0.0011,0.0035,0.0024,-0.0760,0.0586,-9.8177,0.0015,-0.0042,-0.0027,-0.0425,0.1399,-10.3283,0.0004,0.0121,0.0051,-0.0792,-0.2063,-10.0329,0.0045,-0.0123,-0.0061,0.0000,0.0086,0.0271,0.0050,104.1702,133.3477,0.0000,0.0000,-1.392063,0.542516,-0.079365,-0.000517,-0.001881,-0.014545,-1.393128,0.556087,-0.200000,0.000000,0.000000,0.000000,-1.392202,0.542637,-0.076932,1.0000,1.0000,1.0000,1.660,4.810,0.340,5.000,3.000,8.000,1.500,0.060,0.110,379947475,1351847841,379947227,3134,1000,1506,1504,1505,1000,1000,2008,1505,1505,1074,2008,1625,1256,1000,1000
-0.0038,-0.0076,-0.6856,0.0009,-0.0215,3.1023,0.0063,-0.0042,-3.1481,0.0000,-0.0369,0.0182,-9.8453,0.0010,0.0025,0.0030,-0.0744,0.0308,-9.8155,0.0015,-0.0019,-0.0015,-0.4974,-0.1810,-10.0936,0.0052,0.0052,0.0032,-0.0020,0.1618,-10.2969,0.0109,-0.0032,-0.0003,0.0000,0.0087,0.0275,0.0049,105.6941,133.5053,0.0000,0.0000,-1.392068,0.542498,-0.079497,-0.000628,-0.001871,-0.014891,-1.393128,0.556087,-0.200000,0.000000,0.000000,0.000000,-1.392202,0.542637,-0.076932,1.0000,1.0000,1.0000,1.660,4.810,0.340,5.000,3.000,8.000,1.500,0.060,0.110,379957975,1351847841,379956216,3134,1000,1506,1504,1505,1000,1000,2008,1505,1505,1074,2008,1625,1256,1000,1000
-0.0036,-0.0079,-0.6856,0.0009,-0.0215,3.1024,0.0063,-0.0042,-3.1481,0.0000,-0.0936,0.0202,-9.8611,0.0023,0.0040,0.0032,-0.0718,0.0313,-9.8010,0.0016,0.0011,-0.0016,-0.0593,0.1806,-9.7058,0.0015,-0.0023,0.0053,-0.1582,0.2139,-10.1191,0.0083,-0.0019,0.0115,0.0000,0.0079,0.0278,0.0050,104.4544,135.6653,0.0000,0.0000,-1.392075,0.542477,-0.079678,-0.000553,-0.001779,-0.015349,-1.393128,0.556087,-0.200000,0.000000,0.000000,0.000000,-1.392202,0.542637,-0.076932,1.0000,1.0000,1.0000,1.660,4.810,0.340,5.000,3.000,8.000,1.500,0.060,0.110,379968475,1351847841,379968216,3134,1000,1506,1504,1505,1000,1000,2008,1505,1505,1074,2008,1625,1256,1000,1000
-0.0029,-0.0079,-0.6856,0.0010,-0.0215,3.1024,0.0063,-0.0042,-3.1481,0.0000,-0.0675,0.0419,-9.8509,-0.0001,0.0034,0.0025,-0.0561,0.0701,-9.8061,0.0044,0.0008,-0.0017,0.0963,0.0656,-9.9045,0.0049,-0.0028,0.0008,-0.6466,-0.4218,-9.8210,0.0123,0.0115,-0.0112,0.0000,0.0085,0.0274,0.0049,105.0459,133.8063,0.0000,0.0000,-1.392080,0.542461,-0.079818,-0.000561,-0.001589,-0.015559,-1.393128,0.556087,-0.200000,0.000000,0.000000,0.000000,-1.392202,0.542637,-0.076932,1.0000,1.0000,1.0000,1.660,4.810,0.340,5.000,3.000,8.000,1.500,0.060,0.110,379978975,1351847841,379977216,3134,1000,1506,1504,1505,1000,1000,2008,1505,1505,1074,2008,1625,1256,1000,1000
-0.0033,-0.0083,-0.6855,0.0010,-0.0215,3.1025,0.0063,-0.0042,-3.1481,0.0000,-0.1092,0.0353,-9.8673,0.0006,0.0040,0.0026,-0.1100,-0.0166,-9.8599,0.0017,-0.0006,-0.0049,0.0556,0.2835,-9.5645,0.0033,0.0007,-0.0005,0.0968,-0.0501,-9.7600,0.0035,0.0067,0.0173,0.0000,0.0085,0.0275,0.0048,106.0096,133.3093,0.0000,0.0000,-1.392086,0.542442,-0.080007,-0.000411,-0.001691,-0.015993,-1.393128,0.556087,-0.200000,0.000000,0.000000,0.000000,-1.392202,0.542637,-0.076932,1.0000,1.0000,1.0000,1.660,4.810,0.340,5.000,3.000,8.000,1.500,0.060,0.110,379989475,1351847841,379989216,3134,1000,1506,1504,1505,1000,1000,2008,1505,1505,1074,2008,1625,1256,1000,1000
-0.0037,-0.0084,-0.6855,0.0010,-0.0215,3.1025,0.0063,-0.0042,-3.1481,0.0000,-0.1115,0.0166,-9.8170,0.0012,0.0040,0.0016,-0.1161,0.0593,-9.8602,0.0032,-0.0030,-0.0038,0.1107,0.2213,-10.1296,0.0044,0.0063,0.0027,-0.1959,-0.2727,-9.9647,0.0016,0.0091,-0.0083,0.0000,0.0086,0.0271,0.0051,103.7401,133.7096,0.0000,0.0000,-1.392090,0.542425,-0.080151,-0.000407,-0.001852,-0.015879,-1.393128,0.556087,-0.200000,0.000000,0.000000,0.000000,-1.392202,0.542637,-0.076932,1.0000,1.0000,1.0000,1.660,4.810,0.340,5.000,3.000,8.000,1.500,0.060,0.110,379999975,1351847841,379998216,3134,1000,1506,1504,1505,1000,1000,2008,1505,1505,1074,2008,1625,1256,1000,1000
-0.0034,-0.0088,-0.6855,0.0010,-0.0215,3.1025,0.0063,-0.0042,-3.1481,0.0000,-0.0838,0.0559,-9.8629,0.0001,0.0029,0.0031,-0.0992,0.0063,-9.8644,0.0012,-0.0039,-0.0036,-0.3729,-0.1642,-9.9979,0.0060,0.0111,0.0032,0.0268,0.0379,-9.7636,0.0000,0.0064,0.0099,0.0000,0.0088,0.0277,0.0049,106.5637,133.7206,0.0000,0.0000,-1.392093,0.542404,-0.080344,-0.000129,-0.001805,-0.016386,-1.393128,0.556087,-0.200000,0.000000,0.000000,0.000000,-1.392202,0.542637,-0.076932,1.0000,1.0000,1.0000,1.660,4.810,0.340,5.000,3.000,8.000,1.500,0.060,0.110,380010475,1351847841,380010216,3134,1000,1506,1504,1505,1000,1000,2008,1505,1505,1074,2008,1625,1256,1000,1000
-0.0035,-0.0091,-0.6854,0.0010,-0.0215,3.1026,0.0063,-0.0042,-3.1481,0.0000,-0.1225,0.0375,-9.8397,0.0020,0.0029,0.0022,-0.1094,0.0165,-9.8286,0.0025,0.0043,-0.0045,-0.0186,0.3074,-9.6770,-0.0023,0.0060,-0.0011,0.3823,0.0720,-9.7097,0.0096,0.0096,-0.0088,0.0000,0.0080,0.0278,0.0050,104.8782,135.3387,0.0000,0.0000,-1.392094,0.542387,-0.080492,0.000030,-0.001825,-0.016572,-1.393128,0.556087,-0.200000,0.000000,0.000000,0.000000,-1.392202,0.542637,-0.076932,1.0000,1.0000,1.0000,1.660,4.810,0.340,5.000,3.000,8.000,1.500,0.060,0.110,380020975,1351847841,380019216,3134,1000,1506,1504,1505,1000,1000,2008,1505,1505,1074,2008,1625,1256,1000,1000
-0.0041,-0.0089,-0.6854,0.0010,-0.0215,3.1026,0.0063,-0.0042,-3.1481,0.0000,-0.0779,0.0365,-9.8878,0.0014,0.0031,0.0039,-0.0379,0.0668,-9.8049,0.0039,0.0029,-0.0032,-0.0258,0.0034,-9.8351,-0.0033,0.0020,0.0045,-0.4275,-0.3571,-9.4529,0.0005,-0.0091,-0.0048,0.0000,0.0083,0.0274,0.0048,105.2324,133.5986,0.0000,0.0000,-1.392093,0.542363,-0.080693,0.000071,-0.002204,-0.017085,-1.393128,0.556087,-0.200000,0.000000,0.000000,0.000000,-1.392202,0.542637,-0.076932,1.0000,1.0000,1.0000,1.660,4.810,0.340,5.000,3.000,8.000,1.500,0.060,0.110,380031475,1351847841,380031216,3134,1000,1506,1504,1505,1000,1000,2008,1505,1505,1074,2008,1625,1256,1000,1000
-0.0038,-0.0085,-0.6854,0.0010,-0.0215,3.1027,0.0063,-0.0042,-3.1481,0.0000,-0.0953,0.0224,-9.8687,0.0024,0.0039,0.0048,-0.0709,0.0175,-9.8163,0.0018,-0.0001,-0.0022,-0.0138,-0.0110,-9.7154,-0.0009,0.0033,0.0043,0.2566,0.4204,-9.7223,0.0003,-0.0013,0.0024,0.0000,0.0083,0.0274,0.0047,106.4348,132.7778,0.0000,0.0000,-1.392092,0.542343,-0.080848,-0.000008,-0.002217,-0.017272,-1.393128,0.556087,-0.200000,0.000000,0.000000,0.000000,-1.392202,0.542637,-0.076932,1.0000,1.0000,1.0000,1.660,4.810,0.340,5.000,3.000,8.000,1.500,0.060,0.110,380041975,1351847841,380040216,3134,1000,1506,1504,1505,1000,1000,2008,1505,1505,1074,2008,1625,1256,1000,1000
-0.0030,-0.0087,-0.6853,0.0010,-0.0215,3.1027,0.0063,-0.0042,-3.1481,0.0000,-0.0864,0.0280,-9.8949,0.0016,0.0039,0.0006,-0.1069,0.0569,-9.8352,0.0022,0.0005,-0.0034,0.1227,0.1422,-9.9141,0.0012,0.0031,0.0013,-0.0325,0.4491,-9.6720,-0.0128,-0.0067,-0.0029,0.0000,0.0082,0.0276,0.0051,104.0223,135.4162,0.0000,0.0000,-1.392091,0.542319,-0.081058,0.000206,-0.001961,-0.017840,-1.393128,0.556087,-0.200000,0.000000,0.000000,0.000000,-1.392202,0.542637,-0.076932,1.0000,1.0000,1.0000,1.660,4.810,0.340,5.000,3.000,8.000,1.500,0.060,0.110,380052475,1351847841,380052217,3134,1000,1506,1504,1505,1000,1000,2008,1505,1505,1074,2008,1625,1256,1000,1000
-0.0036,-0.0087,-0.6853,0.0010,-0.0215,3.1028,0.0063,-0.0042,-3.1481,0.0000,-0.0985,0.0416,-9.8780,0.0018,0.0048,0.0043,-0.0871,0.0540,-9.8206,0.0026,-0.0020,-0.0012,0.1418,0.0824,-9.7728,0.0023,0.0009,0.0064,-0.1295,-0.3948,-9.8085,0.0107,0.0160,-0.0061,0.0000,0.0082,0.0271,0.0048,104.8992,132.6781,0.0000,0.0000,-1.392089,0.542300,-0.081221,0.000243,-0.002186,-0.018316,-1.393128,0.556087,-0.200000,0.000000,0.000000,0.000000,-1.392202,0.542637,-0.076932,1.0000,1.0000,1.0000,1.660,4.810,0.340,5.000,3.000,8.000,1.500,0.060,0.110,380062975,1351847841,380061216,3134,1000,1506,1504,1505,1000,1000,2008,1505,1505,1074,2008,1625,1256,1000,1000
-0.0035,-0.0087,-0.6853,0.0011,-0.0214,3.1028,0.0063,-0.0042,-3.1481,0.0000,-0.1066,0.0178,-9.8806,0.0011,0.0043,0.0035,-0.0693,0.0488,-9.8417,0.0037,0.0035,-0.0050,0.1394,-0.1594,-9.7249,0.0020,0.0017,0.0016,-0.1851,0.2390,-9.6612,-0.0045,-0.0096,0.0005,0.0000,0.0080,0.0276,0.0047,106.1853,133.8365,0.0000,0.0000,-1.392085,0.542274,-0.081443,0.000351,-0.002149,-0.018778,-1.393128,0.556087,-0.200000,0.000000,0.000000,0.000000,-1.392202,0.542637,-0.076932,1.0000,1.0000,1.0000,1.660,4.810,0.340,5.000,3.000,8.000,1.500,0.060,0.110,380073475,1351847841,380073216,3134,1000,1506,1504,1505,1000,1000,2008,1505,1505,1074,2008,1625,1256,1000,1000
-0.0031,-0.0087,-0.6852,0.0011,-0.0214,3.1029,0.0063,-0.0042,-3.1481,0.0000,-0.1066,0.0594,-9.8749,0.0022,0.0031,0.0015,-0.1469,0.0202,-9.8480,0.0068,-0.0007,-0.0039,0.0748,-0.2121,-9.6028,-0.0033,0.0020,-0.0005,-0.0774,-0.6175,-9.5786,0.0005,0.0091,0.0101,0.0000,0.0083,0.0276,0.0050,104.8712,134.5814,0.0000,0.0000,-1.392082,0.542255,-0.081614,0.000396,-0.002088,-0.019156,-1.393128,0.556087,-0.200000,0.000000,0.000000,0.000000,-1.392202,0.542637,-0.076932,1.0000,1.0000,1.0000,1.660,4.810,0.340,5.000,3.000,8.000,1.500,0.060,0.110,380083975,1351847841,380082217,3134,1000,1506,1504,1505,1000,1000,2008,1505,1505,1074,2008,1625,1256,1000,1000
-0.0032,-0.0088,-0.6852,0.0011,-0.0214,3.1029,0.0063,-0.0042,-3.1481,0.0000,-0.0918,0.0574,-9.8655,0.0009,0.0051,0.0017,-0.0958,0.0582,-9.8379,0.0026,0.0005,-0.0021,-0.0689,-0.2217,-9.8111,0.0023,0.0004,0.0043,0.0250,0.2444,-9.7097,0.0152,0.0152,-0.0080,0.0000,0.0083,0.0274,0.0050,103.9687,134.5018,0.0000,0.0000,-1.392077,0.542230,-0.081846,0.000491,-0.002198,-0.019593,-1.393128,0.556087,-0.200000,0.000000,0.000000,0.000000,-1.392202,0.542637,-0.076932,1.0000,1.0000,1.0000,1.660,4.810,0.340,5.000,3.000,8.000,1.500,0.060,0.110,380094475,1351847841,380094216,3134,1000,1506,1504,1505,1000,1000,2008,1505,1505,1074,2008,1625,1256,1000,1000
-0.0036,-0.0083,-0.6852,0.0011,-0.0214,3.1029,0.0063,-0.0042,-3.1481,0.0000,-0.0803,0.0462,-9.8729,0.0017,0.0032,0.0020,-0.0943,0.0277,-9.8353,0.0025,0.0049,0.0007,0.1801,-0.5090,-9.8734,0.0049,0.0079,0.0051,0.3662,-0.2979,-9.7115,-0.0059,0.0051,-0.0019,0.0000,0.0082,0.0271,0.0048,104.8914,132.7467,0.0000,0.0000,-1.392073,0.542209,-0.082023,0.000352,-0.002298,-0.019721,-1.393128,0.556087,-0.200000,0.000000,0.000000,0.000000,-1.392202,0.542637,-0.076932,1.0000,1.0000,1.0000,1.660,4.810,0.340,5.000,3.000,8.000,1.500,0.060,0.110,380104975,1351847841,380103216,3134,1000,1506,1504,1505,1000,1000,2008,1505,1505,1074,2008,1625,1256,1000,1000
-0.0035,-0.0079,-0.6852,0.0011,-0.0214,3.1030,0.0063,-0.0042,-3.1481,0.0000,-0.0611,0.0467,-9.8388,0.0017,0.0032,0.0041,-0.0608,0.0394,-9.8175,0.0028,-0.0030,0.0014,-0.3705,0.1566,-10.1415,0.0020,0.0095,0.0029,-0.3952,-0.6014,-9.8336,-0.0109,0.0101,-0.0149,0.0000,0.0080,0.0275,0.0047,105.8686,133.6570,0.0000,0.0000,-1.392069,0.542182,-0.082262,0.000220,-0.002306,-0.020020,-1.393128,0.556087,-0.200000,0.000000,0.000000,0.000000,-1.392202,0.542637,-0.076932,1.0000,1.0000,1.0000,1.660,4.810,0.340,5.000,3.000,8.000,1.500,0.060,0.110,380115475,1351847841,380115216,3134,1000,1506,1504,1505,1000,1000,2008,1505,1505,1074,2008,1625,1256,1000,1000
-0.0042,-0.0080,-0.6851,0.0009,-0.0215,3.1030,0.0063,-0.0042,-3.1481,0.0000,-0.0633,0.0721,-9.8675,0.0022,0.0043,0.0030,-0.0858,0.0964,-9.8299,0.0007,-0.0017,-0.0025,-0.1168,0.0082,-10.0577,0.0049,0.0089,0.0019,-0.0091,0.2372,-10.0814,0.0181,0.0016,-0.0075,0.0000,0.0082,0.0272,0.0048,104.7695,133.3361,0.0000,0.0000,-1.392140,0.542559,-0.079649,-0.000026,-0.001161,-0.014006,-1.393128,0.556087,-0.200000,0.000000,0.000000,0.000000,-1.392172,0.542732,-0.076872,1.0000,1.0000,1.0000,1.660,4.810,0.340,5.000,3.000,8.000,1.500,0.060,0.110,380125521,1351981027,380124216,3135,1000,1506,1504,1505,1000,1000,2008,1505,1505,1074,2008,1625,1256,1000,1000
-0.0040,-0.0075,-0.6851,0.0009,-0.0215,3.1031,0.0063,-0.0042,-3.1481,0.0000,-0.0718,0.0013,-9.8007,0.0011,0.0031,0.0018,-0.0896,-0.0165,-9.8716,0.0024,0.0002,-0.0030,0.0700,0.2787,-9.7968,-0.0015,-0.0004,0.0043,-0.0361,-0.2691,-9.6989,-0.0069,-0.0125,0.0067,0.0000,0.0085,0.0275,0.0050,105.0873,134.0396,0.0000,0.0000,-1.392141,0.542548,-0.079777,-0.000205,-0.001256,-0.014220,-1.393128,0.556087,-0.200000,0.000000,0.000000,0.000000,-1.392172,0.542732,-0.076872,1.0000,1.0000,1.0000,1.660,4.810,0.340,5.000,3.000,8.000,1.500,0.060,0.110,380136021,1351981027,380133262,3135,1000,1506,1504,1505,1000,1000,2008,1505,1505,1074,2008,1625,1256,1000,1000
-0.0037,-0.0074,-0.6851,0.0009,-0.0215,3.1031,0.0063,-0.0042,-3.1481,0.0000,-0.0339,0.0560,-9.8557,0.0008,0.0033,0.0039,-0.0610,0.0344,-9.8309,0.0020,0.0006,-0.0005,-0.3131,-0.0948,-9.9476,0.0025,-0.0007,-0.0005,-0.2570,-0.2494,-10.0168,0.0099,-0.0088,-0.0138,0.0000,0.0086,0.0275,0.0047,106.9681,132.7071,0.0000,0.0000,-1.392144,0.542533,-0.079947,-0.000381,-0.001237,-0.014213,-1.393128,0.556087,-0.200000,0.000000,0.000000,0.000000,-1.392172,0.542732,-0.076872,1.0000,1.0000,1.0000,1.660,4.810,0.340,5.000,3.000,8.000,1.500,0.060,0.110,380146051,1351981027,380145292,3135,1000,1506,1504,1505,1000,1000,2008,1505,1505,1074,2008,1625,1256,1000,1000
-0.0038,-0.0074,-0.6851,0.0009,-0.0215,3.1031,0.0063,-0.0042,-3.1481,0.0000,-0.1116,0.0152,-9.8785,0.0016,0.0040,-0.0002,-0.1330,0.0085,-9.8212,0.0043,0.0011,-0.0061,-0.0497,-0.1977,-9.5166,0.0020,-0.0052,0.0008,0.0483,0.0792,-9.4817,-0.0205,-0.0189,-0.0027,0.0000,0.0084,0.0273,0.0051,103.5122,134.6548,0.0000,0.0000,-1.392148,0.542522,-0.080077,-0.000423,-0.001327,-0.014633,-1.393128,0.556087,-0.200000,0.000000,0.000000,0.000000,-1.392172,0.542732,-0.076872,1.0000,1.0000,1.0000,1.660,4.810,0.340,5.000,3.000,8.000,1.500,0.060,0.110,380156551,1351981027,380154292,3135,1000,1506,1504,1505,1000,1000,2008,1505,1505,1074,2008,1625,1256,1000,1000
-0.0032,-0.0076,-0.6850,0.0009,-0.0215,3.1032,0.0063,-0.0042,-3.1481,0.0912,-0.0929,0.0369,-9.8516,0.0004,0.0045,0.0048,-0.0879,0.0853,-9.8371,0.0012,-0.0034,0.0001,-0.1742,-0.1355,-9.7417,0.0060,0.0009,0.0096,0.0753,0.4258,-9.7402,-0.0059,0.0035,0.0123,0.0912,0.0086,0.0273,0.0047,127.5226,149.8820,0.0000,34.5099,-1.392153,0.542508,-0.080254,-0.000357,-0.001119,-0.014839,-1.393128,0.556087,-0.200000,0.000000,0.000000,0.000000,-1.392172,0.542732,-0.076872,1.0000,1.0000,1.0000,1.660,4.810,0.340,5.000,3.000,8.000,1.500,0.060,0.110,380167051,1351981027,380166292,3135,1002,1506,1504,1505,1000,1000,2008,1505,1505,1074,2008,1625,1256,1000,1000
-0.0034,-0.0083,-0.6850,0.0009,-0.0215,3.1032,0.0063,-0.0042,-3.1481,0.0912,-0.1476,0.0238,-9.8403,0.0011,0.0028,0.0017,-0.1570,-0.0279,-9.8254,0.0036,-0.0004,-0.0036,0.6757,0.2117,-10.1966,0.0028,0.0087,-0.0024,-0.2785,-0.1542,-9.5194,-0.0024,0.0040,-0.0245,0.0912,0.0085,0.0278,0.0047,128.4878,150.8827,0.0000,28.5335,-1.392155,0.542497,-0.080388,0.000007,-0.001180,-0.014955,-1.393128,0.556087,-0.200000,0.000000,0.000000,0.000000,-1.392172,0.542732,-0.076872,1.0000,1.0000,1.0000,1.660,4.810,0.340,5.000,3.000,8.000,1.500,0.060,0.110,380177551,1351981027,380175292,3135,1002,1506,1504,1505,1000,1000,2008,1505,1505,1074,2008,1625,1256,1000,1000
-0.0036,-0.0085,-0.6850,0.0010,-0.0215,3.1032,0.0063,-0.0042,-3.1481,0.3192,-0.0977,0.0724,-9.8867,0.0013,0.0037,-0.0010,-0.1186,0.1034,-9.8821,0.0020,0.0016,-0.0089,0.2807,-0.1498,-9.3443,-0.0049,0.0071,0.0040,0.4667,-0.1937,-8.9986,-0.0075,0.0264,0.0181,0.3192,0.0083,0.0277,0.0054,167.1936,190.2448,0.0000,110.9371,-1.392153,0.542482,-0.080570,0.000229,-0.001355,-0.015402,-1.393128,0.556087,-0.200000,0.000000,0.000000,0.000000,-1.392172,0.542732,-0.076872,1.0000,1.0000,1.0000,1.660,4.810,0.340,5.000,3.000,8.000,1.500,0.060,0.110,380188051,1351981027,380187292,3135,1007,1506,1504,1505,1000,1000,2008,1505,1505,1074,2008,1625,1256,1000,1000
-0.0040,-0.0085,-0.6849,0.0010,-0.0215,3.1033,0.0063,-0.0042,-3.1481,0.4104,-0.1057,0.0698,-9.8739,0.0020,0.0033,0.0089,-0.1369,0.0398,-9.8521,0.0048,0.0008,0.0005,-0.0162,-0.1522,-9.9763,-0.0025,0.0089,0.0075,0.3356,0.2696,-8.8262,-0.0016,0.0170,0.0075,0.4104,0.0086,0.0276,0.0045,185.1380,199.2638,0.0000,122.9311,-1.392151,0.542469,-0.080708,0.000165,-0.001605,-0.015247,-1.393128,0.556087,-0.200000,0.000000,0.000000,0.000000,-1.392172,0.542732,-0.076872,1.0000,1.0000,1.0000,1.660,4.810,0.340,5.000,3.000,8.000,1.500,0.060,0.110,380198551,1351981027,380196292,3135,1009,1506,1504,1505,1000,1000,2008,1505,1505,1074,2008,1625,1256,1000,1000
-0.0036,-0.0082,-0.6849,0.0010,-0.0215,3.1034,0.0063,-0.0042,-3.1481,0.4104,-0.0619,0.0138,-9.9112,0.0024,0.0031,0.0020,-0.1225,-0.0521,-9.8952,0.0044,0.0020,-0.0015,0.4770,-0.1953,-8.7194,-0.0012,0.0049,-0.0061,0.0160,-0.2314,-8.6682,-0.0024,0.0056,-0.0064,0.4104,0.0084,0.0272,0.0044,184.4395,198.8257,0.0000,123.1029,-1.392149,0.542450,-0.080895,0.000068,-0.001492,-0.015934,-1.393128,0.556087,-0.200000,0.000000,0.000000,0.000000,-1.392172,0.542732,-0.076872,1.0000,1.0000,1.0000,1.660,4.810,0.340,5.000,3.000,8.000,1.500,0.060,0.110,380209051,1351981027,380208292,3135,1009,1506,1504,1505,1000,1000,2008,1505,1505,1074,2008,1625,1256,1000,1000
-0.0033,-0.0078,-0.6849,0.0010,-0.0215,3.1034,0.0063,-0.0042,-3.1481,0.4104,-0.0678,0.0440,-9.8666,0.0011,0.0029,-0.0053,-0.0928,0.0235,-9.8056,0.0022,0.0007,-0.0107,-0.1335,-0.4132,-9.3658,-0.0015,-0.0047,-0.0075,0.3949,-0.2566,-9.9396,0.0096,-0.0093,-0.0069,0.4104,0.0082,0.0276,0.0056,180.3963,203.4268,0.0000,129.7310,-1.392149,0.542438,-0.081039,-0.000125,-0.001228,-0.016062,-1.393128,0.556087,-0.200000,0.000000,0.000000,0.000000,-1.392172,0.542732,-0.076872,1.0000,1.0000,1.0000,1.660,4.810,0.340,5.000,3.000,8.000,1.500,0.060,0.110,380219551,1351981027,380217292,3135,1010,1506,1504,1505,1000,1000,2008,1505,1505,1074,2008,1625,1256,1000,1000
-0.0036,-0.0076,-0.6849,0.0010,-0.0214,3.1033,0.0063,-0.0042,-3.1481,0.4560,-0.0385,0.0927,-9.8628,0.0021,0.0016,0.0049,-0.0294,0.1052,-9.8153,0.0022,0.0003,-0.0044,-0.2149,-0.1762,-9.8015,-0.0108,0.0127,0.0245,-0.8118,0.2426,-10.5752,0.0128,-0.0178,0.0061,0.4560,0.0084,0.0276,0.0055,187.4945,209.2390,0.0000,137.7016,-1.392021,0.542461,-0.079276,0.000108,-0.001301,-0.011967,-1.393128,0.556087,-0.200000,0.000000,0.000000,0.000000,-1.391934,0.542491,-0.076843,1.0000,1.0000,1.0000,1.660,4.810,0.340,5.000,3.000,8.000,1.500,0.060,0.110,380229597,1352081192,380229338,3136,1010,1506,1504,1505,1000,1000,2008,1505,1505,1074,2008,1625,1256,1000,1000
-0.0041,-0.0074,-0.6847,0.0009,-0.0214,3.1036,0.0063,-0.0042,-3.1481,0.4560,-0.0868,0.0303,-9.8300,0.0002,0.0046,0.0298,-0.0840,0.0578,-9.7765,-0.0005,0.0020,0.0263,0.2184,0.1039,-10.2756,-0.0009,0.0047,0.0197,-0.4778,-0.7648,-9.9934,-0.0045,-0.0093,-0.0013,0.4560,0.0087,0.0278,0.0024,199.4067,198.5156,0.0000,116.6255,-1.392021,0.542543,-0.078633,-0.000002,-0.001263,-0.010483,-1.393128,0.556087,-0.200000,0.000000,0.000000,0.000000,-1.392020,0.542691,-0.077045,1.0000,1.0000,1.0000,1.660,4.810,0.340,5.000,3.000,8.000,1.500,0.060,0.110,380239642,1352181829,380238338,3137,1010,1506,1504,1505,1000,1000,2008,1505,1505,1074,2008,1625,1256,1000,1000
-0.0035,-0.0079,-0.6846,0.0009,-0.0214,3.1037,0.0063,-0.0042,-3.1481,0.4560,-0.1034,-0.0351,-9.8758,0.0014,0.0043,-0.0033,-0.0591,-0.0514,-9.8217,0.0012,-0.0079,-0.0052,0.0580,-0.0182,-9.5765,-0.0052,0.0060,-0.0168,-0.7023,-0.3751,-9.3272,0.0064,0.0029,-0.0051,0.4560,0.0085,0.0273,0.0036,194.0153,202.3456,0.0000,126.2600,-1.392020,0.542532,-0.078729,0.000302,-0.001021,-0.010752,-1.393128,0.556087,-0.200000,0.000000,0.000000,0.000000,-1.392020,0.542691,-0.077045,1.0000,1.0000,1.0000,1.660,4.810,0.340,5.000,3.000,8.000,1.500,0.060,0.110,380250142,1352181829,380247383,3137,1010,1506,1504,1505,1000,1000,2008,1505,1505,1074,2008,1625,1256,1000,1000
-0.0032,-0.0075,-0.6847,0.0009,-0.0214,3.1036,0.0063,-0.0042,-3.1481,0.4560,-0.0357,0.0749,-9.8700,0.0005,0.0025,-0.0161,-0.0196,0.1789,-9.8503,0.0026,-0.0017,-0.0201,0.0772,0.0704,-9.8830,0.0009,0.0025,-0.0067,-0.3378,0.1977,-9.6648,0.0037,-0.0101,0.0000,0.4560,0.0086,0.0275,0.0067,183.4014,212.6268,0.0000,144.7667,-1.392016,0.542523,-0.078861,0.000153,-0.000726,-0.011134,-1.393128,0.556087,-0.200000,0.000000,0.000000,0.000000,-1.392020,0.542691,-0.077045,1.0000,1.0000,1.0000,1.660,4.810,0.340,5.000,3.000,8.000,1.500,0.060,0.110,380260188,1352181829,380259429,3137,1010,1506,1504,1505,1000,1000,2008,1505,1505,1074,2008,1625,1256,1000,1000
-0.0038,-0.0070,-0.6848,0.0009,-0.0214,3.1036,0.0063,-0.0042,-3.1481,0.4560,-0.0288,0.0831,-9.8751,0.0003,0.0041,0.0076,-0.0572,0.0755,-9.8134,0.0040,-0.0001,0.0020,-0.1694,-0.0493,-9.7776,-0.0020,0.0028,0.0141,-0.4186,-0.2009,-9.7331,-0.0083,0.0136,0.0032,0.4560,0.0088,0.0272,0.0043,191.9083,204.0949,0.0000,131.1649,-1.392017,0.542515,-0.078964,-0.000297,-0.001237,-0.011597,-1.393128,0.556087,-0.200000,0.000000,0.000000,0.000000,-1.392020,0.542691,-0.077045,1.0000,1.0000,1.0000,1.660,4.810,0.340,5.000,3.000,8.000,1.500,0.060,0.110,380270688,1352181829,380268429,3137,1010,1506,1504,1505,1000,1000,2008,1505,1505,1074,2008,1625,1256,1000,1000
-0.0042,-0.0070,-0.6846,0.0009,-0.0214,3.1037,0.0063,-0.0042,-3.1481,0.4560,-0.0993,0.0289,-9.9232,0.0012,0.0033,0.0081,-0.1063,0.0442,-9.8653,0.0017,0.0030,0.0022,-0.2245,-0.1690,-10.0745,-0.0009,0.0063,-0.0059,-0.3000,0.1780,-9.9198,-0.0011,0.0029,0.0064,0.4560,0.0085,0.0274,0.0042,192.1981,204.5146,0.0000,129.7160,-1.392022,0.542497,-0.079107,-0.000448,-0.001515,-0.012369,-1.393128,0.556087,-0.200000,0.000000,0.000000,0.000000,-1.392020,0.542691,-0.077045,1.0000,1.0000,1.0000,1.660,4.810,0.340,5.000,3.000,8.000,1.500,0.060,0.110,380280719,1352181829,380280460,3137,1010,1506,1504,1505,1000,1000,2008,1505,1505,1074,2008,1625,1256,1000,1000
-0.0037,-0.0076,-0.6847,0.0009,-0.0214,3.1037,0.0063,-0.0042,-3.1481,0.4560,-0.1228,-0.0049,-9.8463,0.0013,0.0036,-0.0133,-0.1251,-0.0169,-9.8440,0.0024,0.0030,-0.0207,0.1131,0.1422,-9.8662,0.0015,0.0012,-0.0104,-0.6502,-0.2153,-9.7438,0.0056,0.0035,-0.0043,0.4560,0.0083,0.0273,0.0063,184.0540,211.3953,0.0000,142.8848,-1.392025,0.542485,-0.079221,-0.000108,-0.001279,-0.012950,-1.393128,0.556087,-0.200000,0.000000,0.000000,0.000000,-1.392020,0.542691,-0.077045,1.0000,1.0000,1.0000,1.660,4.810,0.340,5.000,3.000,8.000,1.500,0.060,0.110,380291219,1352181829,380289460,3137,1010,1506,1504,1505,1000,1000,2008,1505,1505,1074,2008,1625,1256,1000,1000
-0.0040,-0.0082,-0.6848,0.0010,-0.0214,3.1036,0.0063,-0.0042,-3.1481,0.4560,-0.0896,0.1043,-9.8057,0.0020,0.0032,0.0062,-0.0830,0.0856,-9.8008,0.0009,-0.0021,0.0002,-0.2245,0.0441,-9.5980,0.0004,0.0036,0.0213,0.0447,-0.1093,-9.7384,-0.0035,-0.0016,0.0013,0.4560,0.0082,0.0275,0.0048,190.0853,206.7466,0.0000,132.5112,-1.392024,0.542468,-0.079376,0.000249,-0.001653,-0.012724,-1.393128,0.556087,-0.200000,0.000000,0.000000,0.000000,-1.392020,0.542691,-0.077045,1.0000,1.0000,1.0000,1.660,4.810,0.340,5.000,3.000,8.000,1.500,0.060,0.110,380301719,1352181829,380301460,3137,1010,1506,1504,1505,1000,1000,2008,1505,1505,1074,2008,1625,1256,1000,1000
-0.0048,-0.0081,-0.6845,0.0010,-0.0214,3.1038,0.0063,-0.0042,-3.1481,0.4560,-0.0698,0.0469,-9.8346,0.0005,0.0036,0.0271,-0.0650,0.0402,-9.8021,0.0029,-0.0037,0.0185,-0.1263,-0.1714,-9.8207,-0.0001,0.0049,0.0195,0.2405,-0.0447,-10.0222,-0.0024,0.0067,0.0099,0.4560,0.0087,0.0273,0.0023,198.9543,197.5168,0.0000,117.2660,-1.392021,0.542451,-0.079490,0.000242,-0.002074,-0.012693,-1.393128,0.556087,-0.200000,0.000000,0.000000,0.000000,-1.392020,0.542691,-0.077045,1.0000,1.0000,1.0000,1.660,4.810,0.340,5.000,3.000,8.000,1.500,0.060,0.110,380312219,1352181829,380310460,3137,1010,1506,1504,1505,1000,1000,2008,1505,1505,1074,2008,1625,1256,1000,1000
-0.0041,-0.0076,-0.6844,0.0010,-0.0214,3.1040,0.0063,-0.0042,-3.1481,0.4560,-0.0624,-0.0025,-9.8600,0.0017,0.0029,0.0022,-0.0389,0.0195,-9.8345,-0.0005,-0.0033,0.0010,0.0269,0.0800,-9.8734,-0.0009,0.0023,-0.0072,-0.0630,0.1834,-10.0653,-0.0115,-0.0069,-0.0072,0.4560,0.0081,0.0274,0.0042,191.7227,204.7943,0.0000,129.2853,-1.392020,0.542427,-0.079644,0.000050,-0.001877,-0.013036,-1.393128,0.556087,-0.200000,0.000000,0.000000,0.000000,-1.392020,0.542691,-0.077045,1.0000,1.0000,1.0000,1.660,4.810,0.340,5.000,3.000,8.000,1.500,0.060,0.110,380322719,1352181829,380322460,3137,1010,1506,1504,1505,1000,1000,2008,1505,1505,1074,2008,1625,1256,1000,1000
-0.0036,-0.0071,-0.6845,0.0010,-0.0214,3.1040,0.0063,-0.0042,-3.1481,0.4560,-0.0519,0.0461,-9.8476,0.0009,0.0041,-0.0119,-0.1075,0.0724,-9.8174,0.0031,0.0020,-0.0186,-0.0880,-0.2408,-9.7010,0.0012,0.0001,-0.0053,-0.0343,0.2498,-9.4709,-0.0021,0.0088,-0.0029,0.4560,0.0085,0.0275,0.0061,185.5221,210.7196,0.0000,141.1803,-1.392020,0.542411,-0.079762,-0.000081,-0.001795,-0.013087,-1.393128,0.556087,-0.200000,0.000000,0.000000,0.000000,-1.392020,0.542691,-0.077045,1.0000,1.0000,1.0000,1.660,4.810,0.340,5.000,3.000,8.000,1.500,0.060,0.110,380333219,1352181829,380331460,3137,1010,1506,1504,1505,1000,1000,2008,1505,1505,1074,2008,1625,1256,1000,1000
-0.0038,-0.0076,-0.6845,0.0010,-0.0214,3.1039,0.0063,-0.0042,-3.1481,0.4560,-0.1142,0.0310,-9.8227,0.0015,0.0041,0.0043,-0.1453,0.0365,-9.8692,0.0051,-0.0005,0.0008,-0.1455,0.0130,-9.9428,-0.0012,0.0020,0.0085,-0.0253,0.5695,-9.8713,0.0149,0.0123,0.0104,0.4560,0.0085,0.0272,0.0050,188.8696,206.8911,0.0000,135.4196,-1.392020,0.542388,-0.079920,0.000140,-0.001942,-0.013193,-1.393128,0.556087,-0.200000,0.000000,0.000000,0.000000,-1.392020,0.542691,-0.077045,1.0000,1.0000,1.0000,1.660,4.810,0.340,5.000,3.000,8.000,1.500,0.060,0.110,380343719,1352181829,380343460,3137,1012,1506,1504,1505,1000,1000,2008,1505,1505,1074,2008,1625,1256,1000,1000
-0.0034,-0.0083,-0.6844,0.0010,-0.0214,3.1040,0.0063,-0.0042,-3.1481,0.5472,-0.1255,-0.0018,-9.8246,0.0004,0.0022,0.0070,-0.1170,0.0014,-9.8749,-0.0008,0.0011,-0.0019,0.0317,-0.0900,-9.7225,0.0015,0.0052,0.0059,-0.3862,0.6359,-9.9108,0.0080,-0.0173,0.0051,0.5472,0.0085,0.0279,0.0041,205.6176,216.5616,0.0000,143.7476,-1.392017,0.542371,-0.080039,0.000497,-0.001759,-0.013347,-1.393128,0.556087,-0.200000,0.000000,0.000000,0.000000,-1.392020,0.542691,-0.077045,1.0000,1.0000,1.0000,1.660,4.810,0.340,5.000,3.000,8.000,1.500,0.060,0.110,380354219,1352181829,380352461,3137,1012,1506,1504,1505,1000,1000,2008,1505,1505,1074,2008,1625,1256,1000,1000
-0.0028,-0.0088,-0.6844,0.0010,-0.0214,3.1040,0.0063,-0.0042,-3.1481,0.5472,-0.0917,0.0211,-9.8933,0.0017,0.0047,-0.0038,-0.0643,0.0101,-9.7781,0.0019,0.0000,-0.0097,0.0724,-0.0517,-9.6938,0.0017,0.0057,-0.0085,-0.2605,0.5192,-9.7546,-0.0005,0.0186,-0.0040,0.5472,0.0085,0.0272,0.0048,202.3396,217.9727,0.0000,148.8405,-1.392009,0.542353,-0.080200,0.000801,-0.001382,-0.013652,-1.393128,0.556087,-0.200000,0.000000,0.000000,0.000000,-1.392020,0.542691,-0.077045,1.0000,1.0000,1.0000,1.660,4.810,0.340,5.000,3.000,8.000,1.500,0.060,0.110,380364719,1352181829,380364460,3137,1012,1506,1504,1505,1000,1000,2008,1505,1505,1074,2008,1625,1256,1000,1000
-0.0033,-0.0088,-0.6845,0.0010,-0.0214,3.1040,0.0063,-0.0042,-3.1481,0.5472,-0.0968,0.0820,-9.8421,0.0019,0.0035,-0.0049,-0.0992,0.0901,-9.8428,0.0030,-0.0002,-0.0100,0.0341,0.3362,-9.9715,0.0017,0.0033,0.0024,0.0878,-0.1219,-9.8049,-0.0019,-0.0008,-0.0072,0.5472,0.0086,0.0277,0.0058,199.9147,221.5117,0.0000,153.3956,-1.392002,0.542340,-0.080325,0.000843,-0.001604,-0.013991,-1.393128,0.556087,-0.200000,0.000000,0.000000,0.000000,-1.392020,0.542691,-0.077045,1.0000,1.0000,1.0000,1.660,4.810,0.340,5.000,3.000,8.000,1.500,0.060,0.110,380375219,1352181829,380373460,3137,1012,1506,1504,1505,1000,1000,2008,1505,1505,1074,2008,1625,1256,1000,1000
-0.0041,-0.0086,-0.6844,0.0010,-0.0214,3.1041,0.0063,-0.0042,-3.1481,0.5472,-0.0927,0.0768,-9.8616,0.0019,0.0060,0.0129,-0.1058,0.1346,-9.8274,0.0048,0.0001,0.0088,-0.1862,0.2548,-9.7848,-0.0012,0.0028,0.0195,-0.2228,-0.1003,-9.8372,-0.0080,-0.0109,0.0043,0.5472,0.0082,0.0268,0.0037,205.4841,214.1448,37.6149,142.4943,-1.391992,0.542316,-0.080495,0.000839,-0.002295,-0.014379,-1.393128,0.556087,-0.200000,0.000000,0.000000,0.000000,-1.392020,0.542691,-0.077045,1.0000,1.0000,1.0000,1.660,4.810,0.340,5.000,3.000,8.000,1.500,0.060,0.110,380385719,1352181829,380385460,3137,1012,1506,1504,1505,1000,1000,2008,1505,1505,1074,2008,1625,1256,1000,1000
-0.0039,-0.0090,-0.6843,0.0010,-0.0213,3.1042,0.0063,-0.0042,-3.1481,0.5472,-0.1144,0.0088,-9.8346,0.0014,0.0045,0.0129,-0.1312,-0.0162,-9.8209,0.0010,-0.0036,0.0108,0.2424,-0.4276,-10.1272,-0.0001,0.0060,0.0029,0.3859,-0.7073,-9.7582,0.0051,-0.0035,-0.0043,0.5472,0.0084,0.0273,0.0036,206.6131,214.2672,34.9237,141.3581,-1.391984,0.542295,-0.080624,0.001008,-0.002258,-0.014442,-1.393128,0.556087,-0.200000,0.000000,0.000000,0.000000,-1.392020,0.542691,-0.077045,1.0000,1.0000,1.0000,1.660,4.810,0.340,5.000,3.000,8.000,1.500,0.060,0.110,380396219,1352181829,380394460,3137,1012,1506,1504,1505,1000,1000,2008,1505,1505,1074,2008,1625,1256,1000,1000
-0.0031,-0.0090,-0.6842,0.0010,-0.0213,3.1043,0.0063,-0.0042,-3.1481,1.2767,-0.0015,-0.0705,-9.8769,0.0020,0.0054,-0.0086,-0.0396,-0.0177,-9.7929,0.0017,0.0038,-0.0161,-0.5621,0.2165,-9.7010,-0.0020,-0.0041,-0.0168,-0.6628,0.1241,-10.3400,0.0059,0.0067,-0.0218,1.2767,0.0082,0.0272,0.0056,282.1848,297.5069,177.1536,238.0771,-1.391970,0.542272,-0.080801,0.000981,-0.001453,-0.015114,-1.393128,0.556087,-0.200000,0.000000,0.000000,0.000000,-1.392020,0.542691,-0.077045,1.0000,1.0000,1.0000,1.660,4.810,0.340,5.000,3.000,8.000,1.500,0.060,0.110,380406719,1352181829,380406460,3137,1032,1506,1504,1505,1000,1000,2008,1505,1505,1074,2008,1625,1256,1000,1000
-0.0029,-0.0083,-0.6844,0.0011,-0.0213,3.1042,0.0063,-0.0042,-3.1481,1.4591,-0.0120,0.0681,-9.8166,0.0016,0.0056,-0.0031,-0.0409,0.0950,-9.7730,0.0013,-0.0050,-0.0090,0.2160,0.1758,-10.4863,0.0009,-0.0007,0.0115,-0.5066,0.2337,-10.7925,-0.0048,-0.0072,-0.0120,1.4591,0.0084,0.0272,0.0057,299.2424,313.8747,198.5954,255.5380,-1.391963,0.542260,-0.080941,0.000555,-0.001273,-0.015853,-1.393128,0.556087,-0.200000,0.000000,0.000000,0.000000,-1.392020,0.542691,-0.077045,1.0000,1.0000,1.0000,1.660,4.810,0.340,5.000,3.000,8.000,1.500,0.060,0.110,380417219,1352181829,380415460,3137,1041,1506,1504,1505,1000,1000,2008,1505,1505,1074,2008,1625,1256,1000,1000
-0.0035,-0.0080,-0.6842,0.0011,-0.0213,3.1043,0.0063,-0.0042,-3.1481,2.0062,-0.1177,0.0924,-9.8086,0.0019,0.0042,0.0224,-0.1566,0.0661,-9.8280,0.0018,-0.0011,0.0172,-0.8326,-0.2193,-10.2660,0.0055,0.0092,0.0123,0.5457,0.0002,-10.1640,0.0322,-0.0136,0.0293,2.0062,0.0083,0.0272,0.0029,350.9609,353.0475,262.9482,292.6541,-1.391959,0.542241,-0.081131,0.000274,-0.002045,-0.015816,-1.393128,0.556087,-0.200000,0.000000,0.000000,0.000000,-1.392020,0.542691,-0.077045,1.0000,1.0000,1.0000,1.660,4.810,0.340,5.000,3.000,8.000,1.500,0.060,0.110,380427719,1352181829,380427460,3137,1044,1506,1504,1505,1000,1000,2008,1505,1505,1074,2008,1625,1256,1000,1000
-0.0033,-0.0086,-0.6842,0.0011,-0.0213,3.1044,0.0063,-0.0042,-3.1481,2.0518,-0.1765,-0.0422,-9.8652,0.0015,0.0044,-0.0165,-0.1414,0.0046,-9.8317,0.0023,0.0030,-0.0173,0.2783,-0.0301,-9.9093,0.0052,0.0052,-0.0352,-0.0307,-0.5726,-9.2159,0.0133,0.0035,-0.0434,2.0518,0.0079,0.0268,0.0054,349.0583,361.3098,259.5315,303.3337,-1.391954,0.542223,-0.081275,0.001100,-0.001706,-0.016183,-1.393128,0.556087,-0.200000,0.000000,0.000000,0.000000,-1.392020,0.542691,-0.077045,1.0000,1.0000,1.0000,1.660,4.810,0.340,5.000,3.000,8.000,1.500,0.060,0.110,380438219,1352181829,380436460,3137,1045,1506,1504,1505,1000,1000,2008,1505,1505,1074,2008,1625,1256,1000,1000
-0.0030,-0.0085,-0.6845,0.0011,-0.0213,3.1041,0.0063,-0.0042,-3.1481,2.0518,-0.0486,0.1142,-9.8309,0.0028,0.0040,-0.0212,-0.0624,0.1305,-9.8679,0.0046,0.0015,-0.0335,0.5393,-0.3198,-9.8566,-0.0084,0.0132,0.0112,0.2638,0.1762,-10.0671,-0.0016,0.0093,0.0013,2.0518,0.0083,0.0281,0.0083,344.5925,367.4577,248.3798,310.3108,-1.391938,0.542205,-0.081473,0.001182,-0.001579,-0.016570,-1.393128,0.556087,-0.200000,0.000000,0.000000,0.000000,-1.392020,0.542691,-0.077045,1.0000,1.0000,1.0000,1.660,4.810,0.340,5.000,3.000,8.000,1.500,0.060,0.110,380448719,1352181829,380448460,3137,1045,1506,1504,1505,1000,1000,2008,1505,1505,1074,2008,1625,1256,1000,1000
-0.0037,-0.0082,-0.6844,0.0010,-0.0213,3.1042,0.0063,-0.0042,-3.1481,2.5534,-0.1247,0.2520,-9.9001,0.0010,0.0020,0.0353,-0.1938,0.2858,-9.8494,0.0012,-0.0044,0.0227,0.1394,-1.0118,-9.5310,0.0100,0.0385,0.0440,-0.2713,-1.1437,-9.4547,0.0157,0.0357,0.0687,2.5534,0.0085,0.0271,0.0026,391.8728,392.3247,307.8205,331.9173,-1.392033,0.542443,-0.079336,0.000199,-0.002252,-0.011602,-1.393128,0.556087,-0.200000,0.000000,0.000000,0.000000,-1.392080,0.542562,-0.076949,1.0000,1.0000,1.0000,1.660,4.810,0.340,5.000,3.000,8.000,1.500,0.060,0.110,380458766,1352314133,380457460,3138,1056,1506,1504,1505,1000,1000,2008,1505,1505,1074,2008,1625,1256,1000,1000
-0.0035,-0.0087,-0.6840,0.0010,-0.0213,3.1046,0.0063,-0.0042,-3.1481,2.7358,-0.1802,-0.1366,-9.9277,0.0022,0.0068,0.0138,-0.1547,-0.2615,-9.8299,0.0036,0.0007,0.0128,0.4004,-1.2991,-8.7194,-0.0092,0.0292,-0.0184,1.1940,-0.6947,-9.2536,-0.0133,0.0104,-0.0107,2.7358,0.0091,0.0264,0.0012,406.4621,401.7372,324.9018,341.8194,-1.392026,0.542417,-0.079472,0.001067,-0.001792,-0.012139,-1.393128,0.556087,-0.200000,0.000000,0.000000,0.000000,-1.392080,0.542562,-0.076949,1.0000,1.0000,1.0000,1.660,4.810,0.340,5.000,3.000,8.000,1.500,0.060,0.110,380469266,1352314133,380469007,3138,1069,1506,1504,1505,1000,1000,2008,1505,1505,1074,2008,1625,1256,1000,1000
-0.0029,-0.0082,-0.6842,0.0010,-0.0213,3.1044,0.0063,-0.0042,-3.1481,3.1461,0.0087,0.0687,-9.8128,0.0046,0.0079,-0.0223,-0.0003,0.1292,-9.7255,0.0033,-0.0066,-0.0282,-0.3179,0.4296,-8.8103,-0.0204,-0.0063,-0.0088,-1.3487,0.4312,-10.9990,-0.0176,0.0037,-0.0128,3.1461,0.0078,0.0290,0.0073,424.5017,440.4744,336.4609,379.3831,-1.392018,0.542407,-0.079582,0.000721,-0.000812,-0.012327,-1.393128,0.556087,-0.200000,0.000000,0.000000,0.000000,-1.392080,0.542562,-0.076949,1.0000,1.0000,1.0000,1.660,4.810,0.340,5.000,3.000,8.000,1.500,0.060,0.110,380479766,1352314133,380478007,3138,1072,1506,1504,1505,1000,1000,2008,1505,1505,1074,2008,1625,1256,1000,1000
-0.0036,-0.0083,-0.6842,0.0010,-0.0212,3.1044,0.0063,-0.0042,-3.1481,3.3285,-0.1826,0.0753,-9.8760,0.0019,0.0050,0.0049,-0.2073,0.0406,-9.8340,0.0041,0.0044,0.0000,-0.2245,-0.1929,-10.1200,-0.0150,-0.0047,0.0069,-0.5838,0.5210,-10.1784,-0.0107,0.0136,-0.0048,3.3285,0.0085,0.0278,0.0044,440.1049,446.2974,355.9667,385.1898,-1.392011,0.542390,-0.079730,0.000942,-0.001939,-0.012585,-1.393128,0.556087,-0.200000,0.000000,0.000000,0.000000,-1.392080,0.542562,-0.076949,1.0000,1.0000,1.0000,1.660,4.810,0.340,5.000,3.000,8.000,1.500,0.060,0.110,380490266,1352314133,380490007,3138,1073,1506,1504,1505,1000,1000,2008,1505,1505,1074,2008,1625,1256,1000,1000
-0.0033,-0.0080,-0.6842,0.0010,-0.0213,3.1045,0.0063,-0.0042,-3.1481,3.3285,-0.0388,0.0423,-9.8163,0.0026,-0.0021,0.0076,-0.0921,0.0552,-9.8115,0.0038,-0.0021,0.0025,0.8673,-0.3797,-9.8973,0.0127,0.0129,0.0131,-0.6269,-0.2260,-9.6109,0.0210,0.0032,-0.0067,3.3285,0.0084,0.0305,0.0042,442.0039,447.5299,354.6213,382.8191,-1.392003,0.542374,-0.079846,0.000496,-0.001643,-0.012996,-1.393128,0.556087,-0.200000,0.000000,0.000000,0.000000,-1.392080,0.542562,-0.076949,1.0000,1.0000,1.0000,1.660,4.810,0.340,5.000,3.000,8.000,1.500,0.060,0.110,380500766,1352314133,380499007,3138,1073,1506,1504,1505,1000,1000,2008,1505,1505,1074,2008,1625,1256,1000,1000
-0.0036,-0.0080,-0.6840,0.0010,-0.0213,3.1046,0.0063,-0.0042,-3.1481,3.3741,-0.2695,0.1171,-9.9006,0.0019,0.0062,0.0132,-0.3577,0.1210,-9.9121,0.0036,0.0044,0.0073,1.4490,-0.0206,-9.6028,0.0076,0.0255,0.0229,1.6537,-0.9892,-9.3901,0.0261,0.0256,0.0170,3.3741,0.0085,0.0275,0.0035,444.2506,447.3974,361.3144,386.0520,-1.391997,0.542349,-0.080001,0.001092,-0.002701,-0.013140,-1.393128,0.556087,-0.200000,0.000000,0.000000,0.000000,-1.392080,0.542562,-0.076949,1.0000,1.0000,1.0000,1.660,4.810,0.340,5.000,3.000,8.000,1.500,0.060,0.110,380511266,1352314133,380511007,3138,1074,1506,1504,1505,1000,1000,2008,1505,1505,1074,2008,1625,1256,1000,1000
-0.0033,-0.0080,-0.6838,0.0010,-0.0213,3.1048,0.0063,-0.0042,-3.1481,3.3741,-0.0555,0.1219,-9.8338,-0.0010,0.0016,0.0172,-0.0716,0.1917,-9.7973,0.0021,0.0005,0.0119,0.5273,-0.7675,-9.8925,-0.0039,0.0489,0.0131,-0.0307,1.5032,-9.1674,0.0045,0.0016,0.0181,3.3741,0.0095,0.0285,0.0028,446.3670,446.4732,361.7314,384.2862,-1.391987,0.542327,-0.080121,0.000890,-0.002180,-0.013394,-1.393128,0.556087,-0.200000,0.000000,0.000000,0.000000,-1.392080,0.542562,-0.076949,1.0000,1.0000,1.0000,1.660,4.810,0.340,5.000,3.000,8.000,1.500,0.060,0.110,380521766,1352314133,380520007,3138,1074,1506,1504,1505,1000,1000,2008,1505,1505,1074,2008,1625,1256,1000,1000
-0.0036,-0.0079,-0.6838,0.0011,-0.0212,3.1048,0.0063,-0.0042,-3.1481,3.4197,-0.1914,-0.1639,-9.8559,0.0045,0.0069,-0.0166,-0.2306,-0.1199,-9.7975,0.0044,-0.0012,-0.0193,-0.9835,0.4104,-9.9835,-0.0111,0.0212,-0.0258,-0.6574,2.5070,-10.6399,0.0083,0.0250,-0.0421,3.4197,0.0086,0.0272,0.0055,443.7256,453.0294,359.7241,393.3548,-1.391979,0.542297,-0.080282,0.001061,-0.002205,-0.013576,-1.393128,0.556087,-0.200000,0.000000,0.000000,0.000000,-1.392080,0.542562,-0.076949,1.0000,1.0000,1.0000,1.660,4.810,0.340,5.000,3.000,8.000,1.500,0.060,0.110,380532266,1352314133,380532007,3138,1075,1506,1504,1505,1000,1000,2008,1505,1505,1074,2008,1625,1256,1000,1000
-0.0032,-0.0078,-0.6841,0.0011,-0.0212,3.1046,0.0063,-0.0042,-3.1481,3.4197,0.0924,0.3276,-9.7836,0.0021,-0.0004,-0.0187,-0.0051,0.4408,-9.6973,0.0013,-0.0032,-0.0267,-0.4687,-0.0110,-10.1152,0.0191,-0.0161,0.0200,0.3787,-0.2063,-10.2125,0.0152,-0.0338,0.0333,3.4197,0.0084,0.0299,0.0078,441.7309,458.1079,352.3694,396.3637,-1.391968,0.542283,-0.080406,0.000868,-0.001610,-0.013842,-1.393128,0.556087,-0.200000,0.000000,0.000000,0.000000,-1.392080,0.542562,-0.076949,1.0000,1.0000,1.0000,1.660,4.810,0.340,5.000,3.000,8.000,1.500,0.060,0.110,380542766,1352314133,380541007,3138,1075,1506,1504,1505,1000,1000,2008,1505,1505,1074,2008,1625,1256,1000,1000
-0.0037,-0.0078,-0.6839,0.0011,-0.0213,3.1048,0.0063,-0.0042,-3.1481,3.4197,-0.2077,-0.0974,-9.8656,-0.0009,0.0018,0.0353,-0.2045,-0.0634,-9.8260,0.0041,-0.0046,0.0304,0.3094,0.4511,-9.9859,-0.0092,0.0172,0.0152,-1.4242,-0.7989,-8.9376,-0.0170,0.0136,0.0117,3.4197,0.0086,0.0300,0.0018,451.1261,448.9567,366.3962,383.3201,-1.391964,0.542247,-0.080571,0.000523,-0.003291,-0.013850,-1.393128,0.556087,-0.200000,0.000000,0.000000,0.000000,-1.392080,0.542562,-0.076949,1.0000,1.0000,1.0000,1.660,4.810,0.340,5.000,3.000,8.000,1.500,0.060,0.110,380553266,1352314133,380553018,3138,1075,1506,1504,1505,1000,1000,2008,1505,1505,1074,2008,1625,1256,1000,1000
-0.0035,-0.0077,-0.6837,0.0011,-0.0212,3.1050,0.0063,-0.0042,-3.1481,3.4197,-0.0446,0.1329,-9.7375,0.0038,0.0059,0.0062,-0.0915,0.1216,-9.7103,0.0037,-0.0025,0.0018,0.3932,0.1159,-10.2995,0.0103,0.0007,0.0037,0.6032,0.8819,-9.8875,0.0200,-0.0003,0.0005,3.4197,0.0085,0.0279,0.0035,447.1716,450.5026,363.8537,388.5265,-1.391957,0.542222,-0.080696,0.000764,-0.002719,-0.013750,-1.393128,0.556087,-0.200000,0.000000,0.000000,0.000000,-1.392080,0.542562,-0.076949,1.0000,1.0000,1.0000,1.660,4.810,0.340,5.000,3.000,8.000,1.500,0.060,0.110,380563766,1352314133,380562007,3138,1075,1506,1504,1505,1000,1000,2008,1505,1505,1074,2008,1625,1256,1000,1000
-0.0031,-0.0076,-0.6838,0.0011,-0.0213,3.1049,0.0063,-0.0042,-3.1481,3.4197,-0.0981,-0.2052,-9.8783,-0.0002,-0.0000,-0.0156,-0.0827,-0.3295,-9.8816,-0.0009,-0.0044,-0.0214,0.0197,-0.0589,-10.3115,0.0071,0.0057,-0.0176,0.5493,0.5730,-10.1622,0.0176,-0.0093,-0.0192,3.4197,0.0086,0.0290,0.0055,444.8635,454.1086,358.3699,392.0590,-1.391948,0.542192,-0.080860,0.001013,-0.001288,-0.013851,-1.393128,0.556087,-0.200000,0.000000,0.000000,0.000000,-1.392080,0.542562,-0.076949,1.0000,1.0000,1.0000,1.660,4.810,0.340,5.000,3.000,8.000,1.500,0.060,0.110,380574266,1352314133,380574007,3138,1075,1506,1504,1505,1000,1000,2008,1505,1505,1074,2008,1625,1256,1000,1000
-0.0034,-0.0074,-0.6838,0.0011,-0.0213,3.1049,0.0063,-0.0042,-3.1481,3.4197,-0.0330,0.2816,-9.7865,0.0041,0.0026,0.0122,-0.0854,0.2871,-9.7364,0.0030,0.0000,0.0081,0.3094,-1.0357,-9.7824,-0.0015,-0.0057,0.0051,1.0934,0.7436,-9.6810,0.0160,0.0045,-0.0069,3.4197,0.0081,0.0294,0.0057,444.5239,454.8410,357.9150,392.0107,-1.391941,0.542176,-0.080987,0.000128,-0.002931,-0.014197,-1.393128,0.556087,-0.200000,0.000000,0.000000,0.000000,-1.392080,0.542562,-0.076949,1.0000,1.0000,1.0000,1.660,4.810,0.340,5.000,3.000,8.000,1.500,0.060,0.110,380584766,1352314133,380583007,3138,1075,1506,1504,1505,1000,1000,2008,1505,1505,1074,2008,1625,1256,1000,1000
-0.0032,-0.0078,-0.6838,0.0010,-0.0212,3.1050,0.0063,-0.0042,-3.1481,3.4197,-0.1721,-0.0699,-9.9287,-0.0004,0.0063,-0.0073,-0.2091,-0.1691,-9.8861,-0.0014,0.0014,-0.0098,0.6350,-0.7604,-8.6332,0.0172,-0.0073,-0.0016,0.2261,0.4617,-8.0343,0.0170,0.0011,-0.0128,3.4197,0.0087,0.0292,0.0043,446.7934,452.4067,360.8725,389.5284,-1.391846,0.542364,-0.079095,0.001313,-0.001642,-0.009377,-1.393128,0.556087,-0.200000,0.000000,0.000000,0.000000,-1.391799,0.542490,-0.076875,1.0000,1.0000,1.0000,1.660,4.810,0.340,5.000,3.000,8.000,1.500,0.060,0.110,380594811,1352414343,380592052,3139,1075,1506,1504,1505,1000,1000,2008,1505,1505,1074,2008,1625,1256,1000,1000
-0.0035,-0.0076,-0.6838,0.0011,-0.0212,3.1050,0.0063,-0.0042,-3.1481,3.4197,-0.0631,0.0182,-9.8922,0.0025,0.0020,0.0093,0.0275,-0.0544,-9.8275,0.0018,-0.0067,0.0048,-0.0617,-0.5377,-9.5693,-0.0060,0.0079,-0.0029,-0.6323,0.6574,-10.4478,-0.0019,0.0005,-0.0069,3.4197,0.0084,0.0282,0.0046,445.5827,452.4519,361.0540,390.6926,-1.391830,0.542343,-0.079211,0.001053,-0.002207,-0.009845,-1.393128,0.556087,-0.200000,0.000000,0.000000,0.000000,-1.391799,0.542490,-0.076875,1.0000,1.0000,1.0000,1.660,4.810,0.340,5.000,3.000,8.000,1.500,0.060,0.110,380604847,1352414343,380604089,3139,1075,1506,1504,1505,1000,1000,2008,1505,1505,1074,2008,1625,1256,1000,1000
-0.0029,-0.0075,-0.6838,0.0011,-0.0212,3.1050,0.0063,-0.0042,-3.1481,3.4197,-0.0037,0.1578,-9.8486,0.0012,0.0027,-0.0077,0.0538,0.1259,-9.8731,0.0038,0.0018,-0.0136,0.8960,0.0680,-9.5956,-0.0068,0.0191,0.0101,1.0324,-0.1129,-9.5463,0.0037,0.0040,0.0000,3.4197,0.0090,0.0296,0.0056,445.1737,454.4424,357.4511,392.1588,-1.391820,0.542329,-0.079302,0.001015,-0.001112,-0.010369,-1.393128,0.556087,-0.200000,0.000000,0.000000,0.000000,-1.391799,0.542490,-0.076875,1.0000,1.0000,1.0000,1.660,4.810,0.340,5.000,3.000,8.000,1.500,0.060,0.110,380615347,1352414343,380613088,3139,1075,1506,1504,1505,1000,1000,2008,1505,1505,1074,2008,1625,1256,1000,1000
-0.0033,-0.0073,-0.6837,0.0011,-0.0212,3.1051,0.0063,-0.0042,-3.1481,3.4197,-0.1480,-0.1401,-9.9084,0.0006,0.0034,0.0148,-0.1408,-0.1725,-10.0009,0.0003,-0.0070,0.0110,0.0053,0.7001,-8.7649,-0.0060,-0.0001,0.0045,-0.5820,-0.7827,-10.0096,-0.0040,-0.0112,0.0194,3.4197,0.0092,0.0296,0.0033,448.7745,450.9146,362.6080,387.3633,-1.391816,0.542306,-0.079427,0.000320,-0.001993,-0.010574,-1.393128,0.556087,-0.200000,0.000000,0.000000,0.000000,-1.391799,0.542490,-0.076875,1.0000,1.0000,1.0000,1.660,4.810,0.340,5.000,3.000,8.000,1.500,0.060,0.110,380625847,1352414343,380625088,3139,1075,1506,1504,1505,1000,1000,2008,1505,1505,1074,2008,1625,1256,1000,1000
-0.0031,-0.0071,-0.6836,0.0011,-0.0212,3.1052,0.0063,-0.0042,-3.1481,3.4197,0.0500,0.1947,-9.7534,0.0017,0.0015,0.0098,0.0908,0.1816,-9.7698,0.0021,-0.0033,0.0029,-0.0904,-0.4108,-10.9460,0.0095,0.0095,0.0091,0.4182,0.0218,-11.0260,0.0226,0.0085,-0.0024,3.4197,0.0089,0.0303,0.0038,448.3734,452.0515,361.3529,387.6754,-1.391813,0.542293,-0.079524,-0.000049,-0.001571,-0.011022,-1.393128,0.556087,-0.200000,0.000000,0.000000,0.000000,-1.391799,0.542490,-0.076875,1.0000,1.0000,1.0000,1.660,4.810,0.340,5.000,3.000,8.000,1.500,0.060,0.110,380636347,1352414343,380634088,3139,1075,1506,1504,1505,1000,1000,2008,1505,1505,1074,2008,1625,1256,1000,1000
-0.0031,-0.0075,-0.6836,0.0011,-0.0212,3.1052,0.0063,-0.0042,-3.1481,3.4197,-0.2653,-0.1486,-9.8665,-0.0005,0.0050,-0.0136,-0.2910,-0.1809,-9.7477,0.0004,0.0058,-0.0185,-0.9930,-0.5616,-8.9205,0.0028,-0.0105,-0.0093,0.8492,0.9591,-9.3793,-0.0099,0.0027,-0.0080,3.4197,0.0087,0.0288,0.0060,444.0035,454.6158,357.4060,393.3239,-1.391811,0.542271,-0.079656,0.001067,-0.001179,-0.011093,-1.393128,0.556087,-0.200000,0.000000,0.000000,0.000000,-1.391799,0.542490,-0.076875,1.0000,1.0000,1.0000,1.660,4.810,0.340,5.000,3.000,8.000,1.500,0.060,0.110,380646847,1352414343,380646088,3139,1075,1506,1504,1505,1000,1000,2008,1505,1505,1074,2008,1625,1256,1000,1000
-0.0033,-0.0074,-0.6836,0.0011,-0.0212,3.1052,0.0063,-0.0042,-3.1481,3.4653,0.0802,0.2394,-9.9133,0.0033,-0.0027,0.0165,-0.0405,0.1827,-9.8762,0.0040,-0.0010,0.0110,0.5608,0.3146,-10.0625,-0.0071,-0.0071,0.0117,1.0234,-2.2211,-9.8336,-0.0115,-0.0181,0.0088,3.4653,0.0088,0.0310,0.0038,451.4913,455.2921,363.7223,389.8438,-1.391801,0.542260,-0.079757,0.000589,-0.001915,-0.011407,-1.393128,0.556087,-0.200000,0.000000,0.000000,0.000000,-1.391799,0.542490,-0.076875,1.0000,1.0000,1.0000,1.660,4.810,0.340,5.000,3.000,8.000,1.500,0.060,0.110,380657347,1352414343,380655088,3139,1076,1506,1504,1505,1000,1000,2008,1505,1505,1074,2008,1625,1256,1000,1000
-0.0031,-0.0076,-0.6835,0.0011,-0.0213,3.1053,0.0063,-0.0042,-3.1481,3.4653,-0.2176,-0.1167,-9.8480,0.0011,0.0073,0.0030,-0.2552,-0.1896,-9.7945,-0.0002,0.0041,-0.0047,0.5081,0.9850,-9.8614,-0.0118,-0.0031,0.0197,-0.6161,1.0830,-9.5786,-0.0258,-0.0107,0.0360,3.4653,0.0097,0.0302,0.0043,450.5977,455.2159,362.6219,391.9859,-1.391797,0.542233,-0.079901,0.001044,-0.001741,-0.012456,-1.393128,0.556087,-0.200000,0.000000,0.000000,0.000000,-1.391799,0.542490,-0.076875,1.0000,1.0000,1.0000,1.660,4.810,0.340,5.000,3.000,8.000,1.500,0.060,0.110,380667847,1352414343,380667089,3139,1090,1506,1504,1505,1000,1000,2008,1505,1505,1074,2008,1625,1256,1000,1000
-0.0035,-0.0075,-0.6834,0.0011,-0.0212,3.1054,0.0063,-0.0042,-3.1481,4.1036,-0.0459,0.0146,-9.8192,0.0010,0.0008,0.0076,-0.0851,-0.1338,-9.8024,0.0004,-0.0059,0.0064,-0.3179,-1.1913,-10.2876,0.0007,0.0103,-0.0261,-0.1995,1.3973,-9.7887,0.0019,0.0210,-0.0218,4.1036,0.0088,0.0296,0.0030,488.9931,490.2279,404.3711,424.9180,-1.391787,0.542216,-0.080010,0.000772,-0.002303,-0.011825,-1.393128,0.556087,-0.200000,0.000000,0.000000,0.000000,-1.391799,0.542490,-0.076875,1.0000,1.0000,1.0000,1.660,4.810,0.340,5.000,3.000,8.000,1.500,0.060,0.110,380678347,1352414343,380676089,3139,1094,1506,1504,1505,1000,1000,2008,1505,1505,1074,2008,1625,1256,1000,1000
-0.0030,-0.0074,-0.6835,0.0010,-0.0213,3.1053,0.0063,-0.0042,-3.1481,4.2860,-0.0455,0.1482,-9.8870,0.0007,0.0051,-0.0184,-0.0738,0.1606,-9.8505,0.0045,0.0015,-0.0266,-0.0737,-0.3414,-10.2014,0.0081,0.0127,0.0115,0.2405,0.6646,-9.2303,0.0099,0.0242,-0.0019,4.2860,0.0088,0.0306,0.0074,493.4481,506.8485,404.8388,442.5250,-1.391893,0.542494,-0.078853,0.000274,-0.000866,-0.009910,-1.393128,0.556087,-0.200000,0.000000,0.000000,0.000000,-1.391980,0.542723,-0.077134,1.0000,1.0000,1.0000,1.660,4.810,0.340,5.000,3.000,8.000,1.500,0.060,0.110,380688392,1352547387,380688088,3140,1102,1506,1504,1505,1000,1000,2008,1505,1505,1074,2008,1625,1256,1000,1000
-0.0030,-0.0068,-0.6835,0.0010,-0.0213,3.1054,0.0063,-0.0042,-3.1481,4.7420,-0.0438,-0.0370,-9.7778,-0.0015,0.0037,0.0161,0.0745,0.0361,-9.8014,-0.0011,-0.0051,0.0123,0.4626,0.7600,-10.0027,-0.0004,-0.0055,-0.0088,-0.1528,-1.4956,-9.5804,0.0013,-0.0003,-0.0216,4.7420,0.0102,0.0288,0.0029,523.6193,523.5112,439.0752,458.8922,-1.391893,0.542486,-0.078942,-0.000315,-0.000689,-0.009616,-1.393128,0.556087,-0.200000,0.000000,0.000000,0.000000,-1.391980,0.542723,-0.077134,1.0000,1.0000,1.0000,1.660,4.810,0.340,5.000,3.000,8.000,1.500,0.060,0.110,380698892,1352547387,380697133,3140,1104,1506,1504,1505,1000,1000,2008,1505,1505,1074,2008,1625,1256,1000,1000
-0.0035,-0.0069,-0.6834,0.0010,-0.0213,3.1055,0.0063,-0.0042,-3.1481,4.7876,-0.1948,0.0171,-9.8724,0.0048,0.0047,0.0080,-0.0826,-0.0457,-9.8211,0.0075,-0.0001,0.0006,-0.0018,0.2883,-9.7848,0.0004,-0.0148,0.0083,-1.6109,-1.0395,-10.3346,-0.0149,0.0088,0.0085,4.7876,0.0084,0.0319,0.0047,524.4979,530.5272,436.7781,461.9828,-1.391897,0.542472,-0.079058,0.000061,-0.001740,-0.009910,-1.393128,0.556087,-0.200000,0.000000,0.000000,0.000000,-1.391980,0.542723,-0.077134,1.0000,1.0000,1.0000,1.660,4.810,0.340,5.000,3.000,8.000,1.500,0.060,0.110,380709392,1352547387,380709133,3140,1105,1506,1504,1505,1000,1000,2008,1505,1505,1074,2008,1625,1256,1000,1000
-0.0031,-0.0070,-0.6834,0.0010,-0.0213,3.1055,0.0063,-0.0042,-3.1481,4.7876,0.0262,0.2022,-9.8778,0.0007,-0.0014,-0.0073,0.0834,0.4008,-9.7888,0.0018,-0.0035,-0.0097,0.6566,1.1981,-9.4568,-0.0089,-0.0055,-0.0003,0.1453,-1.1580,-9.6612,0.0258,-0.0288,-0.0120,4.7876,0.0108,0.0297,0.0043,524.8556,527.9664,437.9203,463.4266,-1.391892,0.542467,-0.079147,0.000527,0.000016,-0.009915,-1.393128,0.556087,-0.200000,0.000000,0.000000,0.000000,-1.391980,0.542723,-0.077134,1.0000,1.0000,1.0000,1.660,4.810,0.340,5.000,3.000,8.000,1.500,0.060,0.110,380719892,1352547387,380718133,3140,1105,1506,1504,1505,1000,1000,2008,1505,1505,1074,2008,1625,1256,1000,1000
-0.0034,-0.0072,-0.6834,0.0010,-0.0214,3.1055,0.0063,-0.0042,-3.1481,4.7876,-0.3722,-0.3942,-9.7807,0.0014,0.0050,0.0039,-0.2934,-0.2187,-9.8571,-0.0005,0.0036,-0.0033,-0.7608,-0.7675,-9.9955,-0.0153,-0.0097,-0.0008,-1.5822,-1.2801,-9.7025,0.0059,0.0208,-0.0173,4.7876,0.0093,0.0300,0.0044,524.3076,528.7642,438.2928,462.7847,-1.391887,0.542446,-0.079268,0.001444,-0.001417,-0.010105,-1.393128,0.556087,-0.200000,0.000000,0.000000,0.000000,-1.391980,0.542723,-0.077134,1.0000,1.0000,1.0000,1.660,4.810,0.340,5.000,3.000,8.000,1.500,0.060,0.110,380730392,1352547387,380730133,3140,1105,1506,1504,1505,1000,1000,2008,1505,1505,1074,2008,1625,1256,1000,1000
-0.0034,-0.0070,-0.6833,0.0010,-0.0213,3.1056,0.0063,-0.0042,-3.1481,4.7876,0.1163,0.6395,-9.8064,0.0072,0.0010,0.0094,0.1387,0.5273,-9.7470,0.0079,-0.0007,0.0042,-1.8573,-0.8705,-9.6866,0.0039,-0.0166,0.0125,2.0398,0.5425,-10.8051,0.0253,-0.0040,0.0208,4.7876,0.0081,0.0314,0.0039,525.2216,529.2548,438.9472,460.5621,-1.391873,0.542439,-0.079359,0.000735,-0.002168,-0.010112,-1.393128,0.556087,-0.200000,0.000000,0.000000,0.000000,-1.391980,0.542723,-0.077134,1.0000,1.0000,1.0000,1.660,4.810,0.340,5.000,3.000,8.000,1.500,0.060,0.110,380740892,1352547387,380739133,3140,1105,1506,1504,1505,1000,1000,2008,1505,1505,1074,2008,1625,1256,1000,1000
-0.0031,-0.0071,-0.6833,0.0010,-0.0214,3.1057,0.0063,-0.0042,-3.1481,4.7876,-0.1092,-0.2407,-10.0394,-0.0054,0.0047,0.0031,-0.1695,-0.0882,-10.0070,0.0024,-0.0016,-0.0024,0.4052,-1.4954,-10.1822,0.0135,0.0244,0.0123,0.3841,-1.8997,-7.9679,0.0120,0.0306,0.0072,4.7876,0.0117,0.0307,0.0044,525.5765,528.2268,436.7128,463.4525,-1.391863,0.542417,-0.079484,0.001396,0.000363,-0.011320,-1.393128,0.556087,-0.200000,0.000000,0.000000,0.000000,-1.391980,0.542723,-0.077134,1.0000,1.0000,1.0000,1.660,4.810,0.340,5.000,3.000,8.000,1.500,0.060,0.110,380751392,1352547387,380751133,3140,1105,1506,1504,1505,1000,1000,2008,1505,1505,1074,2008,1625,1256,1000,1000
-0.0035,-0.0067,-0.6832,0.0010,-0.0213,3.1057,0.0063,-0.0042,-3.1481,4.8332,-0.0497,-0.0735,-9.8212,0.0047,0.0029,-0.0071,-0.0900,-0.5163,-9.8399,0.0095,0.0004,-0.0086,-1.7855,-1.2488,-8.3914,0.0148,-0.0174,-0.0125,1.7004,-2.1187,-8.7759,0.0040,-0.0224,-0.0234,4.8332,0.0071,0.0308,0.0052,525.2620,533.3292,439.6292,465.0767,-1.391858,0.542404,-0.079588,-0.000116,-0.003133,-0.011444,-1.393128,0.556087,-0.200000,0.000000,0.000000,0.000000,-1.391980,0.542723,-0.077134,1.0000,1.0000,1.0000,1.660,4.810,0.340,5.000,3.000,8.000,1.500,0.060,0.110,380761892,1352547387,380760133,3140,1106,1506,1504,1505,1000,1000,2008,1505,1505,1074,2008,1625,1256,1000,1000
-0.0032,-0.0064,-0.6832,0.0010,-0.0214,3.1057,0.0063,-0.0042,-3.1481,4.8332,0.2225,0.5983,-9.9671,0.0015,0.0047,0.0167,0.1078,0.6717,-9.8046,0.0015,0.0041,0.0072,-0.5860,1.1694,-8.7577,0.0164,-0.0209,0.0091,-1.1782,2.0797,-10.0760,0.0360,-0.0389,0.0029,4.8332,0.0112,0.0312,0.0037,528.9630,530.0545,440.4185,463.8776,-1.391864,0.542392,-0.079724,-0.001904,-0.001543,-0.011650,-1.393128,0.556087,-0.200000,0.000000,0.000000,0.000000,-1.391980,0.542723,-0.077134,1.0000,1.0000,1.0000,1.660,4.810,0.340,5.000,3.000,8.000,1.500,0.060,0.110,380772392,1352547387,380772133,3140,1106,1506,1504,1505,1000,1000,2008,1505,1505,1074,2008,1625,1256,1000,1000
-0.0031,-0.0066,-0.6832,0.0010,-0.0213,3.1058,0.0063,-0.0042,-3.1481,4.8332,-0.2386,-0.4233,-9.8486,-0.0036,0.0085,-0.0016,-0.2319,-0.3279,-9.6692,-0.0037,0.0072,-0.0121,0.0437,1.6051,-9.0881,0.0031,-0.0542,0.0200,2.0649,-0.1542,-11.2468,-0.0144,-0.0266,0.0306,4.8332,0.0098,0.0318,0.0051,526.8741,532.7133,437.9687,465.5256,-1.391881,0.542371,-0.079831,-0.000984,-0.000966,-0.012076,-1.393128,0.556087,-0.200000,0.000000,0.000000,0.000000,-1.391980,0.542723,-0.077134,1.0000,1.0000,1.0000,1.660,4.810,0.340,5.000,3.000,8.000,1.500,0.060,0.110,380782892,1352547387,380781133,3140,1106,1506,1504,1505,1000,1000,2008,1505,1505,1074,2008,1625,1256,1000,1000
-0.0033,-0.0062,-0.6831,0.0011,-0.0214,3.1059,0.0063,-0.0042,-3.1481,4.8332,-0.1803,-0.0076,-9.9839,0.0067,0.0025,-0.0021,-0.2590,-0.2735,-9.8418,0.0037,-0.0001,-0.0026,0.3717,-0.5186,-9.3658,0.0049,-0.0169,-0.0264,0.3249,-1.0808,-9.1782,0.0021,-0.0218,-0.0360,4.8332,0.0079,0.0321,0.0034,528.4222,531.4443,441.8321,461.5536,-1.391904,0.542362,-0.079981,-0.002585,-0.001433,-0.013341,-1.393128,0.556087,-0.200000,0.000000,0.000000,0.000000,-1.391980,0.542723,-0.077134,1.0000,1.0000,1.0000,1.660,4.810,0.340,5.000,3.000,8.000,1.500,0.060,0.110,380793392,1352547387,380793133,3140,1106,1506,1504,1505,1000,1000,2008,1505,1505,1074,2008,1625,1256,1000,1000
-0.0031,-0.0065,-0.6832,0.0011,-0.0213,3.1058,0.0063,-0.0042,-3.1481,4.8332,0.0050,0.4361,-9.8258,0.0009,0.0058,0.0076,0.0471,0.4848,-9.6695,-0.0009,0.0015,-0.0005,1.6430,0.6833,-9.3706,0.0055,-0.0177,0.0059,0.1992,0.5389,-11.0547,0.0138,-0.0218,0.0005,4.8332,0.0099,0.0311,0.0057,525.7668,533.0723,437.2766,467.0148,-1.391918,0.542358,-0.080103,-0.001459,-0.000496,-0.013884,-1.393128,0.556087,-0.200000,0.000000,0.000000,0.000000,-1.391980,0.542723,-0.077134,1.0000,1.0000,1.0000,1.660,4.810,0.340,5.000,3.000,8.000,1.500,0.060,0.110,380803892,1352547387,380802133,3140,1106,1506,1504,1505,1000,1000,2008,1505,1505,1074,2008,1625,1256,1000,1000
-0.0028,-0.0066,-0.6831,0.0011,-0.0213,3.1059,0.0063,-0.0042,-3.1481,4.8332,-0.3848,-0.1807,-9.8856,0.0011,0.0040,0.0018,-0.2956,-0.0893,-9.7033,-0.0004,-0.0002,-0.0053,1.2001,0.2069,-9.7992,-0.0356,0.0177,0.0264,-0.2749,1.0417,-13.7950,-0.0205,-0.0045,0.0067,4.8332,0.0095,0.0329,0.0048,527.6752,532.9849,438.0768,464.2038,-1.391933,0.542355,-0.080278,0.000238,0.001136,-0.015582,-1.393128,0.556087,-0.200000,0.000000,0.000000,0.000000,-1.391980,0.542723,-0.077134,1.0000,1.0000,1.0000,1.660,4.810,0.340,5.000,3.000,8.000,1.500,0.060,0.110,380814392,1352547387,380814133,3140,1106,1506,1504,1505,1000,1000,2008,1505,1505,1074,2008,1625,1256,1000,1000
-0.0033,-0.0067,-0.6830,0.0011,-0.0213,3.1060,0.0063,-0.0042,-3.1481,4.8332,-0.1529,-0.0716,-9.6634,0.0035,-0.0019,-0.0031,-0.1094,-0.2213,-9.7017,0.0045,-0.0091,-0.0066,0.5560,-0.8944,-11.7624,-0.0111,0.0476,-0.0077,-0.6053,-0.7163,-11.0224,-0.0277,0.0333,-0.0170,4.8332,0.0085,0.0306,0.0029,528.5865,529.8721,443.3033,461.7624,-1.391932,0.542354,-0.080423,-0.000180,-0.001120,-0.015869,-1.393128,0.556087,-0.200000,0.000000,0.000000,0.000000,-1.391980,0.542723,-0.077134,1.0000,1.0000,1.0000,1.660,4.810,0.340,5.000,3.000,8.000,1.500,0.060,0.110,380824892,1352547387,380823134,3140,1106,1506,1504,1505,1000,1000,2008,1505,1505,1074,2008,1625,1256,1000,1000
-0.0034,-0.0071,-0.6830,0.0011,-0.0213,3.1060,0.0063,-0.0042,-3.1481,4.8332,0.0083,0.3282,-9.8809,0.0018,0.0048,0.0174,0.0649,0.3150,-9.9634,-0.0005,-0.0002,0.0101,-0.1407,0.6355,-10.3378,0.0201,0.0204,-0.0109,-1.9306,-0.0070,-9.8085,0.0138,0.0123,-0.0064,4.8332,0.0092,0.0309,0.0029,528.9713,529.7196,442.8628,461.9193,-1.391924,0.542345,-0.080610,0.000836,-0.001695,-0.015648,-1.393128,0.556087,-0.200000,0.000000,0.000000,0.000000,-1.391980,0.542723,-0.077134,1.0000,1.0000,1.0000,1.660,4.810,0.340,5.000,3.000,8.000,1.500,0.060,0.110,380835392,1352547387,380835133,3140,1106,1506,1504,1505,1000,1000,2008,1505,1505,1074,2008,1625,1256,1000,1000
-0.0033,-0.0074,-0.6831,0.0011,-0.0213,3.1060,0.0063,-0.0042,-3.1481,4.8332,-0.1467,-0.0027,-9.7509,0.0012,0.0040,-0.0066,-0.2146,0.1396,-9.8254,-0.0003,-0.0067,-0.0161,0.4100,-1.2679,-10.5007,0.0060,0.0324,0.0432,-0.0433,3.7658,-9.8534,0.0146,0.0021,0.0224,4.8332,0.0097,0.0316,0.0056,526.0024,533.3808,437.0492,466.6099,-1.391916,0.542330,-0.080753,0.001433,-0.001162,-0.015949,-1.393128,0.556087,-0.200000,0.000000,0.000000,0.000000,-1.391980,0.542723,-0.077134,1.0000,1.0000,1.0000,1.660,4.810,0.340,5.000,3.000,8.000,1.500,0.060,0.110,380845892,1352547387,380844133,3140,1106,1506,1504,1505,1000,1000,2008,1505,1505,1074,2008,1625,1256,1000,1000
-0.0036,-0.0071,-0.6829,0.0011,-0.0213,3.1062,0.0063,-0.0042,-3.1481,4.8332,-0.2008,-0.0346,-9.9265,0.0006,0.0017,0.0047,-0.1675,0.0100,-10.0448,0.0019,-0.0077,0.0058,-0.5477,-1.3900,-10.2397,0.0033,0.0412,-0.0067,0.6660,1.1261,-8.4042,-0.0005,0.0397,-0.0423,4.8332,0.0100,0.0323,0.0035,529.1943,530.8748,440.5465,462.5522,-1.391903,0.542308,-0.080938,0.001029,-0.002017,-0.015330,-1.393128,0.556087,-0.200000,0.000000,0.000000,0.000000,-1.391980,0.542723,-0.077134,1.0000,1.0000,1.0000,1.660,4.810,0.340,5.000,3.000,8.000,1.500,0.060,0.110,380856392,1352547387,380856144,3140,1106,1506,1504,1505,1000,1000,2008,1505,1505,1074,2008,1625,1256,1000,1000
-0.0039,-0.0074,-0.6829,0.0011,-0.0213,3.1062,0.0063,-0.0042,-3.1481,4.8332,0.0584,0.0157,-9.8433,0.0016,0.0040,0.0103,0.1571,0.0484,-9.7827,0.0053,0.0025,0.0048,0.2328,-0.3174,-8.6739,-0.0103,-0.0190,-0.0075,-1.7905,-1.5279,-9.5625,-0.0032,0.0027,-0.0048,4.8332,0.0094,0.0317,0.0038,528.2677,531.2059,440.5974,463.1824,-1.391888,0.542287,-0.081078,0.001732,-0.002831,-0.015603,-1.393128,0.556087,-0.200000,0.000000,0.000000,0.000000,-1.391980,0.542723,-0.077134,1.0000,1.0000,1.0000,1.660,4.810,0.340,5.000,3.000,8.000,1.500,0.060,0.110,380866892,1352547387,380865133,3140,1106,1506,1504,1505,1000,1000,2008,1505,1505,1074,2008,1625,1256,1000,1000
-0.0037,-0.0076,-0.6829,0.0011,-0.0213,3.1062,0.0063,-0.0042,-3.1481,4.8332,-0.2025,0.3333,-9.9118,0.0055,0.0022,-0.0033,0.0836,0.3942,-9.9650,0.0069,0.0031,-0.0128,0.5728,1.8996,-10.5030,0.0052,0.0273,0.0240,-0.6771,1.8534,-9.3811,0.0136,0.0133,0.0240,4.8332,0.0089,0.0325,0.0056,526.2178,534.0920,436.9312,465.6631,-1.391868,0.542259,-0.081265,0.002181,-0.003050,-0.015988,-1.393128,0.556087,-0.200000,0.000000,0.000000,0.000000,-1.391980,0.542723,-0.077134,1.0000,1.0000,1.0000,1.660,4.810,0.340,5.000,3.000,8.000,1.500,0.060,0.110,380877392,1352547387,380877134,3140,1106,1506,1504,1505,1000,1000,2008,1505,1505,1074,2008,1625,1256,1000,1000
-0.0036,-0.0074,-0.6829,0.0010,-0.0213,3.1062,0.0063,-0.0042,-3.1481,4.8332,0.0391,-0.1917,-9.9172,-0.0056,0.0029,-0.0039,0.1744,-0.2272,-9.8609,-0.0036,0.0017,-0.0083,-1.6443,2.7160,-9.6268,0.0436,-0.0126,-0.0035,-1.8641,0.5946,-8.5928,0.0559,-0.0277,-0.0269,4.8332,0.0111,0.0315,0.0044,528.1037,531.1882,438.9537,464.9469,-1.391840,0.542536,-0.078174,0.001805,-0.001212,-0.008768,-1.393128,0.556087,-0.200000,0.000000,0.000000,0.000000,-1.391939,0.542464,-0.076728,1.0000,1.0000,1.0000,1.660,4.810,0.340,5.000,3.000,8.000,1.500,0.060,0.110,380887489,1352781022,380886185,3142,1106,1506,1504,1505,1000,1000,2008,1505,1505,1074,2008,1625,1256,1000,1000
-0.0038,-0.0073,-0.6828,0.0010,-0.0213,3.1063,0.0063,-0.0042,-3.1481,4.8332,-0.0505,-0.0264,-9.7782,0.0041,0.0018,0.0207,-0.1044,-0.0952,-9.6760,0.0067,0.0025,0.0155,-0.2173,-1.9623,-10.5390,-0.0238,0.0140,-0.0226,-0.7562,2.7082,-12.1303,-0.0115,0.0000,-0.0240,4.8332,0.0090,0.0314,0.0028,529.2659,529.9407,442.8675,461.3234,-1.391824,0.542522,-0.078257,0.001722,-0.002302,-0.009690,-1.393128,0.556087,-0.200000,0.000000,0.000000,0.000000,-1.391939,0.542464,-0.076728,1.0000,1.0000,1.0000,1.660,4.810,0.340,5.000,3.000,8.000,1.500,0.060,0.110,380897989,1352781022,380895230,3142,1106,1506,1504,1505,1000,1000,2008,1505,1505,1074,2008,1625,1256,1000,1000
-0.0040,-0.0072,-0.6828,0.0010,-0.0213,3.1063,0.0063,-0.0042,-3.1481,4.8332,-0.0695,0.3518,-9.7667,0.0044,-0.0002,-0.0073,-0.0850,0.2608,-9.7014,0.0063,0.0021,-0.0147,1.0612,-0.3462,-11.9348,-0.0177,0.0153,0.0171,-0.6107,-0.8869,-10.9559,-0.0085,-0.0136,0.0256,4.8332,0.0105,0.0328,0.0061,526.3189,534.2491,435.0894,467.0910,-1.391802,0.542495,-0.078373,0.001661,-0.003176,-0.009742,-1.393128,0.556087,-0.200000,0.000000,0.000000,0.000000,-1.391939,0.542464,-0.076728,1.0000,1.0000,1.0000,1.660,4.810,0.340,5.000,3.000,8.000,1.500,0.060,0.110,380908019,1352781022,380907260,3142,1106,1506,1504,1505,1000,1000,2008,1505,1505,1074,2008,1625,1256,1000,1000
-0.0037,-0.0074,-0.6827,0.0010,-0.0213,3.1064,0.0063,-0.0042,-3.1481,4.8332,-0.1743,-0.0374,-9.8880,-0.0012,0.0032,-0.0049,-0.2697,0.1308,-9.8412,0.0003,-0.0047,-0.0049,-0.3155,0.7432,-10.4049,-0.0047,0.0252,-0.0200,0.9785,4.8199,-11.7155,-0.0096,0.0173,-0.0226,4.8332,0.0112,0.0308,0.0036,528.8326,529.7717,440.7836,464.0023,-1.391786,0.542467,-0.078463,0.002192,-0.002127,-0.010250,-1.393128,0.556087,-0.200000,0.000000,0.000000,0.000000,-1.391939,0.542464,-0.076728,1.0000,1.0000,1.0000,1.660,4.810,0.340,5.000,3.000,8.000,1.500,0.060,0.110,380918519,1352781022,380916260,3142,1106,1506,1504,1505,1000,1000,2008,1505,1505,1074,2008,1625,1256,1000,1000
-0.0040,-0.0075,-0.6828,0.0010,-0.0213,3.1064,0.0063,-0.0042,-3.1481,4.8332,-0.0704,-0.2732,-9.5055,0.0009,0.0004,0.0113,-0.1526,-0.4672,-9.5320,0.0038,0.0012,0.0055,-0.3921,-1.3733,-13.1055,-0.0089,0.0342,0.0075,0.4398,-1.2352,-11.1373,-0.0104,0.0138,0.0123,4.8332,0.0076,0.0333,0.0048,527.1968,533.8503,438.6715,463.1900,-1.391756,0.542427,-0.078589,0.002562,-0.003651,-0.009945,-1.393128,0.556087,-0.200000,0.000000,0.000000,0.000000,-1.391939,0.542464,-0.076728,1.0000,1.0000,1.0000,1.660,4.810,0.340,5.000,3.000,8.000,1.500,0.060,0.110,380929019,1352781022,380928260,3142,1106,1506,1504,1505,1000,1000,2008,1505,1505,1074,2008,1625,1256,1000,1000
-0.0041,-0.0073,-0.6827,0.0010,-0.0214,3.1065,0.0063,-0.0042,-3.1481,4.8332,-0.0139,0.6096,-9.7791,0.0059,-0.0005,0.0065,-0.1043,0.5656,-9.9379,0.0069,0.0012,0.0013,-0.7321,-1.2631,-12.3801,-0.0071,0.0388,0.0203,-0.9555,-1.7165,-10.0294,-0.0035,0.0463,0.0298,4.8332,0.0118,0.0331,0.0041,529.4686,531.3807,438.1429,463.9383,-1.391736,0.542400,-0.078674,0.001844,-0.004070,-0.009097,-1.393128,0.556087,-0.200000,0.000000,0.000000,0.000000,-1.391939,0.542464,-0.076728,1.0000,1.0000,1.0000,1.660,4.810,0.340,5.000,3.000,8.000,1.500,0.060,0.110,380939519,1352781022,380937260,3142,1106,1506,1504,1505,1000,1000,2008,1505,1505,1074,2008,1625,1256,1000,1000
-0.0037,-0.0073,-0.6826,0.0010,-0.0213,3.1065,0.0063,-0.0042,-3.1481,4.8332,0.0301,-0.1223,-9.8309,-0.0048,0.0041,-0.0047,0.1099,-0.0828,-9.9429,-0.0022,0.0078,-0.0087,-0.4184,2.2444,-11.1375,0.0271,0.0159,-0.0125,-1.3793,-1.1401,-9.2123,0.0059,0.0186,-0.0123,4.8332,0.0099,0.0308,0.0038,528.1439,530.4724,441.0521,463.7311,-1.391713,0.542346,-0.078786,0.001971,-0.002997,-0.009182,-1.393128,0.556087,-0.200000,0.000000,0.000000,0.000000,-1.391939,0.542464,-0.076728,1.0000,1.0000,1.0000,1.660,4.810,0.340,5.000,3.000,8.000,1.500,0.060,0.110,380950019,1352781022,380949260,3142,1106,1506,1504,1505,1000,1000,2008,1505,1505,1074,2008,1625,1256,1000,1000
-0.0038,-0.0070,-0.6826,0.0011,-0.0213,3.1065,0.0063,-0.0042,-3.1481,4.8332,-0.2545,-0.2710,-9.8043,0.0007,0.0042,0.0046,0.0879,-0.3582,-9.9481,0.0001,-0.0039,-0.0015,1.6885,-1.2488,-9.8279,0.0255,0.0215,-0.0083,0.9713,2.9488,-8.5479,0.0130,-0.0032,0.0029,4.8332,0.0100,0.0321,0.0041,528.3359,531.6105,439.4651,463.7159,-1.391700,0.542313,-0.078866,0.001246,-0.003764,-0.008488,-1.393128,0.556087,-0.200000,0.000000,0.000000,0.000000,-1.391939,0.542464,-0.076728,1.0000,1.0000,1.0000,1.660,4.810,0.340,5.000,3.000,8.000,1.500,0.060,0.110,380960519,1352781022,380958260,3142,1106,1506,1504,1505,1000,1000,2008,1505,1505,1074,2008,1625,1256,1000,1000
-0.0039,-0.0069,-0.6826,0.0011,-0.0213,3.1066,0.0063,-0.0042,-3.1481,4.8332,0.0337,0.4087,-9.9818,0.0072,0.0024,0.0072,0.1013,0.2537,-9.8786,0.0049,-0.0048,-0.0005,-0.7728,-1.8138,-8.0969,0.0015,-0.0057,0.0240,-1.6792,0.9861,-8.0559,0.0019,-0.0184,0.0176,4.8332,0.0084,0.0332,0.0041,528.3358,532.6061,439.7240,462.3258,-1.391683,0.542278,-0.078966,0.000943,-0.004275,-0.008432,-1.393128,0.556087,-0.200000,0.000000,0.000000,0.000000,-1.391939,0.542464,-0.076728,1.0000,1.0000,1.0000,1.660,4.810,0.340,5.000,3.000,8.000,1.500,0.060,0.110,380971019,1352781022,380970260,3142,1106,1506,1504,1505,1000,1000,2008,1505,1505,1075,2008,1625,1256,1000,1000
-0.0036,-0.0072,-0.6825,0.0011,-0.0213,3.1067,0.0063,-0.0042,-3.1481,4.8332,-0.0698,0.2311,-10.0084,-0.0013,0.0069,0.0003,0.1082,0.2214,-9.8715,-0.0032,-0.0002,-0.0050,-0.2484,0.9275,-8.1591,0.0108,-0.0236,-0.0128,-2.3472,-1.7075,-9.4727,-0.0077,-0.0202,-0.0016,4.8332,0.0112,0.0317,0.0042,528.5112,531.0203,439.1308,464.5083,-1.391667,0.542247,-0.079045,0.002485,-0.002207,-0.009377,-1.393128,0.556087,-0.200000,0.000000,0.000000,0.000000,-1.391939,0.542464,-0.076728,1.0000,1.0000,1.0000,1.660,4.810,0.340,5.000,3.000,8.000,1.500,0.060,0.110,380981519,1352781022,380979260,3142,1106,1506,1504,1505,1000,1000,2008,1505,1505,1075,2008,1625,1256,1000,1000
-0.0038,-0.0073,-0.6825,0.0011,-0.0213,3.1067,0.0063,-0.0042,-3.1481,4.8332,-0.2108,-0.4860,-9.8405,-0.0004,0.0069,0.0114,-0.2435,-0.3823,-9.6060,-0.0002,-0.0014,0.0038,-0.6004,-0.3414,-8.2740,-0.0028,-0.0332,-0.0077,0.3644,3.0098,-11.2343,0.0035,-0.0282,-0.0176,4.8332,0.0095,0.0323,0.0036,528.9332,531.1733,440.6201,462.4380,-1.391642,0.542201,-0.079159,0.002312,-0.003305,-0.009357,-1.393128,0.556087,-0.200000,0.000000,0.000000,0.000000,-1.391939,0.542464,-0.076728,1.0000,1.0000,1.0000,1.660,4.810,0.340,5.000,3.000,8.000,1.500,0.060,0.110,380992019,1352781022,380991260,3142,1106,1506,1504,1505,1000,1000,2008,1505,1505,1074,2008,1625,1256,1000,1000
-0.0040,-0.0071,-0.6825,0.0011,-0.0213,3.1068,0.0063,-0.0042,-3.1481,4.8332,0.0431,0.4916,-9.8903,0.0088,0.0024,-0.0001,0.0406,0.2302,-9.6872,0.0083,0.0002,-0.0083,-0.8829,0.5181,-8.5614,-0.0007,-0.0305,0.0008,1.5837,-1.6375,-11.0332,0.0091,-0.0314,-0.0085,4.8332,0.0083,0.0332,0.0047,527.5675,533.4172,438.6006,463.3343,-1.391620,0.542173,-0.079243,0.002016,-0.004699,-0.009656,-1.393128,0.556087,-0.200000,0.000000,0.000000,0.000000,-1.391939,0.542464,-0.076728,1.0000,1.0000,1.0000,1.660,4.810,0.340,5.000,3.000,8.000,1.500,0.060,0.110,381002519,1352781022,381000260,3142,1106,1506,1504,1505,1000,1000,2008,1505,1505,1074,2008,1625,1256,1000,1000
-0.0035,-0.0071,-0.6824,0.0011,-0.0213,3.1068,0.0063,-0.0042,-3.1481,4.8332,0.1015,0.0154,-9.8364,-0.0037,0.0033,0.0067,0.1585,-0.1132,-9.7078,-0.0049,0.0008,0.0010,0.2903,0.6187,-10.9340,0.0071,-0.0017,0.0053,0.9462,2.6220,-11.7838,-0.0093,-0.0016,-0.0144,4.8332,0.0117,0.0320,0.0037,529.5191,530.2780,439.7436,463.6278,-1.391594,0.542125,-0.079358,0.001864,-0.002321,-0.009697,-1.393128,0.556087,-0.200000,0.000000,0.000000,0.000000,-1.391939,0.542464,-0.076728,1.0000,1.0000,1.0000,1.660,4.810,0.340,5.000,3.000,8.000,1.500,0.060,0.110,381013019,1352781022,381012260,3142,1106,1506,1504,1505,1000,1000,2008,1505,1505,1074,2008,1625,1256,1000,1000
-0.0038,-0.0071,-0.6824,0.0011,-0.0213,3.1069,0.0063,-0.0042,-3.1481,4.8332,-0.2132,-0.3990,-9.7019,0.0027,0.0076,-0.0022,-0.1064,-0.5859,-9.6308,0.0045,0.0018,-0.0053,-1.7975,-0.2432,-10.1703,-0.0169,0.0068,-0.0037,2.6036,0.2624,-12.7355,-0.0016,-0.0277,-0.0168,4.8332,0.0083,0.0317,0.0045,526.9439,532.5486,439.7316,463.9705,-1.391583,0.542091,-0.079448,0.001464,-0.004020,-0.010476,-1.393128,0.556087,-0.200000,0.000000,0.000000,0.000000,-1.391939,0.542464,-0.076728,1.0000,1.0000,1.0000,1.660,4.810,0.340,5.000,3.000,8.000,1.500,0.060,0.110,381023519,1352781022,381021260,3142,1106,1506,1504,1505,1000,1000,2008,1505,1505,1074,2008,1625,1256,1000,1000
-0.0038,-0.0068,-0.6824,0.0011,-0.0213,3.1068,0.0063,-0.0042,-3.1481,4.8332,-0.0847,0.2968,-9.6786,0.0053,-0.0037,0.0022,-0.1151,0.1113,-9.5852,0.0088,-0.0047,-0.0055,0.2998,0.6331,-13.4671,-0.0020,0.0334,0.0056,-0.1636,-3.6289,-13.3424,-0.0093,0.0115,0.0040,4.8332,0.0104,0.0354,0.0049,529.0972,534.0895,435.8616,463.4001,-1.391568,0.542055,-0.079571,0.000393,-0.004195,-0.010106,-1.393128,0.556087,-0.200000,0.000000,0.000000,0.000000,-1.391939,0.542464,-0.076728,1.0000,1.0000,1.0000,1.660,4.810,0.340,5.000,3.000,8.000,1.500,0.060,0.110,381034019,1352781022,381033260,3142,1106,1506,1504,1505,1000,1000,2008,1505,1505,1074,2008,1625,1256,1000,1000
-0.0037,-0.0072,-0.6823,0.0011,-0.0213,3.1069,0.0063,-0.0042,-3.1481,4.8332,0.0581,0.2272,-9.7807,-0.0030,0.0015,0.0062,0.0860,0.2681,-9.8422,-0.0016,0.0011,-0.0010,1.6717,0.0848,-12.5812,0.0295,0.0454,0.0125,-0.1726,1.3632,-8.7185,0.0133,0.0370,0.0072,4.8332,0.0113,0.0314,0.0037,529.0519,530.1475,440.2028,463.8745,-1.391555,0.542023,-0.079668,0.002281,-0.002986,-0.011059,-1.393128,0.556087,-0.200000,0.000000,0.000000,0.000000,-1.391939,0.542464,-0.076728,1.0000,1.0000,1.0000,1.660,4.810,0.340,5.000,3.000,8.000,1.500,0.060,0.110,381044519,1352781022,381042260,3142,1106,1506,1504,1505,1000,1000,2008,1505,1505,1074,2008,1625,1256,1000,1000
-0.0039,-0.0072,-0.6823,0.0008,-0.0215,3.1070,0.0063,-0.0042,-3.1481,4.8332,-0.3568,-0.3735,-9.8408,-0.0030,0.0060,0.0112,-0.1865,-0.3357,-9.8864,-0.0008,-0.0020,0.0061,0.8864,-0.3174,-10.7999,0.0292,0.0241,0.0120,0.2189,0.7041,-8.0415,0.0341,0.0186,0.0138,4.8332,0.0084,0.0336,0.0038,528.9424,532.4247,440.0641,461.5169,-1.391842,0.542511,-0.078560,0.001261,-0.001211,-0.007998,-1.393128,0.556087,-0.200000,0.000000,0.000000,0.000000,-1.392041,0.542859,-0.076981,1.0000,1.0000,1.0000,1.660,4.810,0.340,5.000,3.000,8.000,1.500,0.060,0.110,381054567,1352881204,381054261,3143,1106,1506,1504,1505,1000,1000,2008,1505,1505,1074,2008,1625,1256,1000,1000
-0.0041,-0.0072,-0.6823,0.0009,-0.0216,3.1070,0.0063,-0.0042,-3.1481,4.8332,-0.0380,0.3925,-9.9678,0.0047,0.0020,-0.0095,-0.1505,0.1131,-9.9112,0.0058,-0.0017,-0.0139,-1.0816,-1.3805,-8.0155,0.0212,0.0015,-0.0104,0.1597,-0.1129,-7.6141,0.0256,0.0075,-0.0274,4.8332,0.0110,0.0334,0.0046,528.7449,532.4604,437.3775,464.2478,-1.391965,0.542433,-0.078123,0.000340,-0.003141,-0.006974,-1.393128,0.556087,-0.200000,0.000000,0.000000,0.000000,-1.392175,0.542337,-0.076984,1.0000,1.0000,1.0000,1.660,4.810,0.340,5.000,3.000,8.000,1.500,0.060,0.110,381064618,1352981344,381063359,3144,1106,1506,1504,1505,1000,1000,2008,1505,1505,1074,2008,1625,1256,1000,1000
-0.0037,-0.0073,-0.6823,0.0009,-0.0216,3.1070,0.0063,-0.0042,-3.1481,4.8332,0.2214,0.1069,-9.9300,-0.0062,0.0053,0.0086,0.3301,0.1248,-9.8372,-0.0000,0.0015,0.0038,-0.0378,0.7815,-7.8407,0.0260,-0.0409,-0.0064,-2.6201,-0.7648,-8.1798,0.0288,-0.0402,0.0096,4.8332,0.0110,0.0322,0.0044,528.3380,531.6512,438.4188,464.6562,-1.391957,0.542412,-0.078184,0.001227,-0.000516,-0.006577,-1.393128,0.556087,-0.200000,0.000000,0.000000,0.000000,-1.392175,0.542337,-0.076984,1.0000,1.0000,1.0000,1.660,4.810,0.340,5.000,3.000,8.000,1.500,0.060,0.110,381075118,1352981344,381072359,3144,1106,1506,1504,1505,1000,1000,2008,1505,1505,1074,2008,1625,1256,1000,1000
-0.0040,-0.0073,-0.6822,0.0009,-0.0215,3.1071,0.0063,-0.0042,-3.1481,4.8332,-0.3517,-0.3594,-9.9902,0.0039,0.0097,0.0026,-0.2638,-0.3805,-9.7733,0.0063,0.0042,-0.0016,0.9127,0.4032,-7.7138,-0.0012,-0.0188,0.0043,-1.0147,-1.8943,-8.0002,0.0096,-0.0138,-0.0053,4.8332,0.0093,0.0328,0.0043,528.2224,532.4178,439.0720,463.2910,-1.391952,0.542388,-0.078272,0.001114,-0.002433,-0.008192,-1.393128,0.556087,-0.200000,0.000000,0.000000,0.000000,-1.392175,0.542337,-0.076984,1.0000,1.0000,1.0000,1.660,4.810,0.340,5.000,3.000,8.000,1.500,0.060,0.110,381085151,1352981344,381084392,3144,1106,1506,1504,1505,1000,1000,2008,1505,1505,1074,2008,1625,1256,1000,1000
-0.0040,-0.0070,-0.6822,0.0009,-0.0215,3.1072,0.0063,-0.0042,-3.1481,4.8332,0.0163,0.4596,-9.9278,0.0046,0.0029,0.0030,-0.0117,0.4070,-9.7660,0.0083,0.0011,-0.0023,0.0628,-0.4348,-8.5230,0.0081,-0.0252,-0.0024,-3.3851,0.8065,-10.2987,0.0258,-0.0495,0.0048,4.8332,0.0093,0.0340,0.0042,528.9172,532.9019,438.5262,462.4579,-1.391945,0.542374,-0.078348,-0.000032,-0.002078,-0.008853,-1.393128,0.556087,-0.200000,0.000000,0.000000,0.000000,-1.392175,0.542337,-0.076984,1.0000,1.0000,1.0000,1.660,4.810,0.340,5.000,3.000,8.000,1.500,0.060,0.110,381095651,1352981344,381093392,3144,1106,1506,1504,1505,1000,1000,2008,1505,1505,1074,2008,1625,1256,1000,1000
-0.0037,-0.0073,-0.6822,0.0009,-0.0215,3.1072,0.0063,-0.0042,-3.1481,4.8332,0.0718,-0.0752,-9.7163,-0.0013,-0.0003,0.0009,0.1887,-0.0928,-9.6203,-0.0006,0.0008,-0.0069,0.9127,0.8677,-10.8287,-0.0182,0.0105,0.0024,-0.6161,3.1948,-11.0260,-0.0178,-0.0184,-0.0088,4.8332,0.0114,0.0347,0.0044,529.7333,532.7593,436.7188,463.3975,-1.391935,0.542345,-0.078460,0.001274,-0.001412,-0.009469,-1.393128,0.556087,-0.200000,0.000000,0.000000,0.000000,-1.392175,0.542337,-0.076984,1.0000,1.0000,1.0000,1.660,4.810,0.340,5.000,3.000,8.000,1.500,0.060,0.110,381106151,1352981344,381105392,3144,1106,1506,1504,1505,1000,1000,2008,1505,1505,1074,2008,1625,1256,1000,1000
-0.0040,-0.0073,-0.6821,0.0009,-0.0215,3.1072,0.0063,-0.0042,-3.1481,4.8332,-0.3768,-0.2611,-9.8461,0.0041,0.0064,0.0065,-0.3618,-0.3810,-9.8550,0.0036,-0.0010,0.0003,0.5249,-0.8154,-10.2157,-0.0358,0.0204,0.0136,-1.7707,2.5591,-10.2161,-0.0218,0.0168,0.0157,4.8332,0.0097,0.0329,0.0040,528.7714,531.9022,439.4536,462.8951,-1.391928,0.542324,-0.078543,0.001216,-0.002815,-0.009276,-1.393128,0.556087,-0.200000,0.000000,0.000000,0.000000,-1.392175,0.542337,-0.076984,1.0000,1.0000,1.0000,1.660,4.810,0.340,5.000,3.000,8.000,1.500,0.060,0.110,381116651,1352981344,381114392,3144,1106,1506,1504,1505,1000,1000,2008,1505,1505,1075,2008,1625,1256,1000,1000
-0.0040,-0.0071,-0.6821,0.0009,-0.0215,3.1073,0.0063,-0.0042,-3.1481,4.8332,-0.1395,0.3636,-9.7772,0.0072,0.0027,0.0017,-0.2735,0.3856,-9.8197,0.0067,-0.0009,-0.0066,1.8800,-2.5009,-10.9747,-0.0233,0.0233,0.0045,0.2620,2.4873,-10.8213,-0.0016,0.0173,0.0032,4.8332,0.0098,0.0339,0.0041,529.1475,532.5625,438.4637,462.6447,-1.391910,0.542297,-0.078657,0.001054,-0.003333,-0.009499,-1.393128,0.556087,-0.200000,0.000000,0.000000,0.000000,-1.392175,0.542337,-0.076984,1.0000,1.0000,1.0000,1.660,4.810,0.340,5.000,3.000,8.000,1.500,0.060,0.110,381127151,1352981344,381126392,3144,1106,1506,1504,1505,1000,1000,2008,1505,1505,1074,2008,1625,1256,1000,1000
-0.0037,-0.0072,-0.6820,0.0009,-0.0215,3.1073,0.0063,-0.0042,-3.1481,4.8332,0.0807,0.1027,-9.9102,-0.0009,0.0001,0.0066,0.0085,0.3528,-10.1196,-0.0009,-0.0033,0.0059,0.3788,-0.1211,-11.0729,-0.0326,0.0393,-0.0069,0.3913,-0.6840,-8.5928,-0.0200,0.0312,-0.0101,4.8332,0.0121,0.0344,0.0039,530.5875,531.5735,437.7127,462.8440,-1.391896,0.542274,-0.078745,0.001720,-0.001158,-0.009756,-1.393128,0.556087,-0.200000,0.000000,0.000000,0.000000,-1.392175,0.542337,-0.076984,1.0000,1.0000,1.0000,1.660,4.810,0.340,5.000,3.000,8.000,1.500,0.060,0.110,381137651,1352981344,381135392,3144,1106,1506,1504,1505,1000,1000,2008,1505,1505,1074,2008,1625,1256,1000,1000
-0.0040,-0.0073,-0.6821,0.0010,-0.0215,3.1073,0.0063,-0.0042,-3.1481,4.8332,-0.2020,-0.2968,-9.7864,0.0011,0.0042,-0.0021,-0.0315,-0.2019,-9.9459,0.0040,-0.0015,-0.0070,1.7076,0.1566,-10.0146,-0.0137,0.0382,0.0155,-2.6686,-1.2550,-8.2624,-0.0170,0.0253,0.0005,4.8332,0.0089,0.0328,0.0051,526.9314,533.6160,437.7075,464.6716,-1.391881,0.542242,-0.078869,0.001723,-0.002870,-0.010475,-1.393128,0.556087,-0.200000,0.000000,0.000000,0.000000,-1.392175,0.542337,-0.076984,1.0000,1.0000,1.0000,1.660,4.810,0.340,5.000,3.000,8.000,1.500,0.060,0.110,381148151,1352981344,381147392,3144,1106,1506,1504,1505,1000,1000,2008,1505,1505,1074,2008,1625,1256,1000,1000
-0.0040,-0.0069,-0.6820,0.0009,-0.0215,3.1074,0.0063,-0.0042,-3.1481,4.8332,-0.1550,0.4369,-9.9726,0.0045,-0.0005,0.0069,-0.0340,0.0939,-10.1761,0.0025,-0.0032,0.0052,-0.4280,0.9826,-11.4368,-0.0047,0.0622,-0.0093,-1.8821,2.1192,-7.3591,0.0051,0.0455,-0.0341,4.8332,0.0117,0.0335,0.0031,531.0193,530.2812,439.9377,461.7202,-1.391873,0.542224,-0.078963,-0.000129,-0.002979,-0.010473,-1.393128,0.556087,-0.200000,0.000000,0.000000,0.000000,-1.392175,0.542337,-0.076984,1.0000,1.0000,1.0000,1.660,4.810,0.340,5.000,3.000,8.000,1.500,0.060,0.110,381158651,1352981344,381156392,3144,1106,1506,1504,1505,1000,1000,2008,1505,1505,1074,2008,1625,1256,1000,1000
-0.0037,-0.0071,-0.6820,0.0010,-0.0215,3.1075,0.0063,-0.0042,-3.1481,4.8332,0.1251,0.0037,-9.8222,-0.0038,0.0021,0.0010,0.2084,0.2377,-10.0218,-0.0017,-0.0083,-0.0007,-0.0713,-0.8370,-7.7497,0.0193,0.0039,-0.0083,-1.4601,-4.4693,-6.1003,0.0115,0.0368,0.0141,4.8332,0.0106,0.0333,0.0048,528.2955,532.8096,437.2551,464.4741,-1.391865,0.542186,-0.079097,0.000600,-0.002165,-0.011084,-1.393128,0.556087,-0.200000,0.000000,0.000000,0.000000,-1.392175,0.542337,-0.076984,1.0000,1.0000,1.0000,1.660,4.810,0.340,5.000,3.000,8.000,1.500,0.060,0.110,381169151,1352981344,381168392,3144,1106,1506,1504,1505,1000,1000,2008,1505,1505,1075,2008,1625,1256,1000,1000
-0.0040,-0.0072,-0.6820,0.0010,-0.0215,3.1075,0.0063,-0.0042,-3.1481,4.8332,-0.2480,-0.1767,-10.1040,0.0029,0.0076,-0.0021,-0.2691,-0.0376,-10.0045,0.0038,0.0024,-0.0084,-1.5150,0.6019,-6.0020,-0.0065,-0.0345,0.0141,2.1224,1.1064,-6.9964,0.0019,-0.0125,-0.0123,4.8332,0.0094,0.0341,0.0046,528.4402,533.4257,437.6559,463.2231,-1.391861,0.542160,-0.079195,0.001292,-0.003248,-0.010928,-1.393128,0.556087,-0.200000,0.000000,0.000000,0.000000,-1.392175,0.542337,-0.076984,1.0000,1.0000,1.0000,1.660,4.810,0.340,5.000,3.000,8.000,1.500,0.060,0.110,381179651,1352981344,381177392,3144,1106,1506,1504,1505,1000,1000,2008,1505,1505,1075,2008,1625,1256,1000,1000
-0.0041,-0.0071,-0.6819,0.0010,-0.0215,3.1076,0.0063,-0.0042,-3.1481,4.8332,-0.0893,0.1338,-9.9522,0.0038,0.0051,0.0078,-0.3352,0.1690,-9.7822,0.0011,0.0031,0.0032,-0.6148,0.8725,-8.4249,0.0140,-0.0420,-0.0027,-0.1115,-1.8619,-9.8623,0.0256,-0.0479,-0.0115,4.8332,0.0115,0.0335,0.0034,530.5131,530.8147,439.3489,462.2495,-1.391844,0.542127,-0.079327,0.001199,-0.003371,-0.011202,-1.393128,0.556087,-0.200000,0.000000,0.000000,0.000000,-1.392175,0.542337,-0.076984,1.0000,1.0000,1.0000,1.660,4.810,0.340,5.000,3.000,8.000,1.500,0.060,0.110,381190151,1352981344,381189392,3144,1106,1506,1504,1505,1000,1000,2008,1505,1505,1074,2008,1625,1256,1000,1000
-0.0036,-0.0073,-0.6818,0.0010,-0.0215,3.1076,0.0063,-0.0042,-3.1481,4.8332,0.0252,0.1423,-9.7973,-0.0012,0.0079,0.0081,-0.0272,0.3125,-9.5270,-0.0024,0.0007,0.0060,-2.1830,2.2037,-7.6180,0.0175,-0.0502,-0.0192,0.4416,-5.5216,-11.3707,0.0282,-0.0522,-0.0136,4.8332,0.0114,0.0331,0.0036,529.9716,530.9413,439.2391,462.8291,-1.391826,0.542103,-0.079430,0.002160,-0.002042,-0.011760,-1.393128,0.556087,-0.200000,0.000000,0.000000,0.000000,-1.392175,0.542337,-0.076984,1.0000,1.0000,1.0000,1.660,4.810,0.340,5.000,3.000,8.000,1.500,0.060,0.110,381200651,1352981344,381198392,3144,1106,1506,1504,1505,1000,1000,2008,1505,1505,1074,2008,1625,1256,1000,1000
-0.0037,-0.0073,-0.6819,0.0010,-0.0215,3.1076,0.0063,-0.0042,-3.1481,4.8332,-0.0278,-0.3176,-9.7594,0.0022,0.0017,-0.0061,0.0219,-0.4284,-9.5348,0.0049,-0.0074,-0.0140,-0.6578,0.1063,-11.2931,-0.0254,-0.0316,0.0192,1.5603,1.9953,-13.8776,-0.0056,-0.0242,0.0130,4.8332,0.0104,0.0346,0.0052,528.3592,534.0228,435.8495,464.3294,-1.391802,0.542068,-0.079567,0.002025,-0.002458,-0.011527,-1.393128,0.556087,-0.200000,0.000000,0.000000,0.000000,-1.392175,0.542337,-0.076984,1.0000,1.0000,1.0000,1.660,4.810,0.340,5.000,3.000,8.000,1.500,0.060,0.110,381211151,1352981344,381210392,3144,1106,1506,1504,1505,1000,1000,2008,1505,1505,1074,2008,1625,1256,1000,1000
-0.0039,-0.0070,-0.6818,0.0010,-0.0215,3.1077,0.0063,-0.0042,-3.1481,4.8332,-0.1679,0.2883,-9.7119,0.0066,0.0058,0.0027,-0.2715,0.0302,-9.6897,0.0041,0.0078,-0.0023,-0.0641,0.6450,-11.3003,-0.0244,-0.0065,-0.0109,0.9426,-1.0431,-13.3945,-0.0088,-0.0157,-0.0109,4.8332,0.0091,0.0323,0.0037,528.6518,531.4709,440.5689,462.4667,-1.391788,0.542048,-0.079672,0.001144,-0.003091,-0.012258,-1.393128,0.556087,-0.200000,0.000000,0.000000,0.000000,-1.392175,0.542337,-0.076984,1.0000,1.0000,1.0000,1.660,4.810,0.340,5.000,3.000,8.000,1.500,0.060,0.110,381221651,1352981344,381219392,3144,1106,1506,1504,1505,1000,1000,2008,1505,1505,1074,2008,1625,1256,1000,1000
-0.0036,-0.0068,-0.6818,0.0010,-0.0215,3.1077,0.0063,-0.0042,-3.1481,4.8332,-0.0161,-0.0755,-9.7088,-0.0006,-0.0024,0.0110,-0.1679,0.0849,-9.7437,-0.0019,-0.0055,0.0022,0.4650,0.4248,-12.0689,-0.0140,0.0438,0.0157,2.0865,3.2828,-11.2055,-0.0149,0.0487,0.0208,4.8332,0.0115,0.0350,0.0037,530.8351,531.9102,437.9340,461.9631,-1.391773,0.542014,-0.079817,0.000763,-0.001775,-0.011766,-1.393128,0.556087,-0.200000,0.000000,0.000000,0.000000,-1.392175,0.542337,-0.076984,1.0000,1.0000,1.0000,1.660,4.810,0.340,5.000,3.000,8.000,1.500,0.060,0.110,381232151,1352981344,381231392,3144,1106,1506,1504,1505,1000,1000,2008,1505,1505,1074,2008,1625,1256,1000,1000
-0.0039,-0.0071,-0.6818,0.0010,-0.0215,3.1078,0.0063,-0.0042,-3.1481,4.8332,-0.2677,-0.0082,-9.7295,0.0029,-0.0019,-0.0073,-0.3205,-0.1254,-9.6652,0.0012,-0.0043,-0.0100,2.7419,-2.0724,-11.9946,-0.0073,0.0617,0.0272,0.6050,2.6327,-11.2020,0.0101,0.0370,0.0312,4.8332,0.0103,0.0353,0.0051,528.8497,534.2522,435.6173,463.7246,-1.391766,0.541991,-0.079928,0.001189,-0.002987,-0.012964,-1.393128,0.556087,-0.200000,0.000000,0.000000,0.000000,-1.392175,0.542337,-0.076984,1.0000,1.0000,1.0000,1.660,4.810,0.340,5.000,3.000,8.000,1.500,0.060,0.110,381242651,1352981344,381240392,3144,1106,1506,1504,1505,1000,1000,2008,1505,1505,1074,2008,1625,1256,1000,1000
-0.0040,-0.0071,-0.6817,0.0011,-0.0215,3.1078,0.0063,-0.0042,-3.1481,4.8332,-0.1746,0.1024,-9.8514,0.0041,-0.0010,0.0048,-0.1823,-0.1097,-9.9394,0.0043,-0.0104,0.0056,0.7906,-1.8449,-10.9556,-0.0329,0.0582,-0.0019,-0.4024,3.2648,-10.8787,-0.0341,0.0373,-0.0093,4.8332,0.0108,0.0338,0.0032,530.6443,530.9089,439.9780,461.3915,-1.391751,0.541957,-0.080081,0.001304,-0.003063,-0.012579,-1.393128,0.556087,-0.200000,0.000000,0.000000,0.000000,-1.392175,0.542337,-0.076984,1.0000,1.0000,1.0000,1.660,4.810,0.340,5.000,3.000,8.000,1.500,0.060,0.110,381253151,1352981344,381252392,3144,1106,1506,1504,1505,1000,1000,2008,1505,1505,1074,2008,1625,1256,1000,1000
-0.0040,-0.0077,-0.6817,0.0011,-0.0215,3.1079,0.0063,-0.0042,-3.1481,4.8332,-0.0943,0.1696,-9.6862,0.0005,0.0047,0.0108,-0.1305,0.0814,-9.7868,0.0052,0.0001,0.0068,0.5871,-2.1753,-13.2851,-0.0023,0.0601,0.0029,-0.3773,1.6702,-11.4013,-0.0146,0.0514,-0.0064,4.8332,0.0107,0.0335,0.0040,529.5228,531.8109,438.6278,462.9241,-1.391736,0.541930,-0.080199,0.002100,-0.003187,-0.013088,-1.393128,0.556087,-0.200000,0.000000,0.000000,0.000000,-1.392175,0.542337,-0.076984,1.0000,1.0000,1.0000,1.660,4.810,0.340,5.000,3.000,8.000,1.500,0.060,0.110,381263651,1352981344,381261392,3144,1106,1506,1504,1505,1000,1000,2008,1505,1505,1074,2008,1625,1256,1000,1000
-0.0036,-0.0074,-0.6817,0.0011,-0.0215,3.1079,0.0063,-0.0042,-3.1481,4.8332,-0.0495,-0.0348,-9.8810,0.0003,-0.0032,-0.0030,-0.1944,-0.2023,-9.8708,0.0022,-0.0088,-0.0129,-0.8111,1.1167,-9.4616,0.0132,0.0654,0.0304,-2.4872,2.3239,-7.5189,-0.0141,0.0892,0.0373,4.8332,0.0107,0.0350,0.0051,528.7740,533.9836,435.6554,464.0845,-1.391714,0.541894,-0.080355,0.001597,-0.002492,-0.012862,-1.393128,0.556087,-0.200000,0.000000,0.000000,0.000000,-1.392175,0.542337,-0.076984,1.0000,1.0000,1.0000,1.660,4.810,0.340,5.000,3.000,8.000,1.500,0.060,0.110,381274151,1352981344,381273392,3144,1106,1506,1504,1505,1000,1000,2008,1505,1505,1074,2008,1625,1256,1000,1000
-0.0039,-0.0076,-0.6816,0.0008,-0.0216,3.1080,0.0063,-0.0042,-3.1481,4.8332,-0.0313,-0.0495,-10.0073,0.0011,0.0040,-0.0009,0.1474,0.1067,-10.0856,0.0041,0.0002,-0.0029,0.8936,-0.5952,-8.2166,0.0185,0.0350,-0.0189,-2.2035,1.1459,-6.8007,0.0053,0.0250,-0.0309,4.8332,0.0102,0.0325,0.0029,530.1500,530.1426,441.5114,461.3761,-1.391857,0.542369,-0.078820,0.001340,-0.001274,-0.009395,-1.393128,0.556087,-0.200000,0.000000,0.000000,0.000000,-1.391927,0.542589,-0.077108,1.0000,1.0000,1.0000,1.660,4.810,0.340,5.000,3.000,8.000,1.500,0.060,0.110,381284196,1353114485,381282393,3145,1106,1506,1504,1505,1000,1000,2008,1505,1505,1074,2008,1625,1256,1000,1000
-0.0035,-0.0075,-0.6816,0.0008,-0.0216,3.1080,0.0063,-0.0042,-3.1481,4.8332,-0.0803,0.1243,-9.9701,-0.0006,0.0068,0.0197,-0.1546,0.3755,-9.9472,0.0016,0.0036,0.0127,-0.1646,0.4319,-8.7409,0.0316,0.0089,0.0011,-3.1840,-1.8224,-6.6965,0.0272,0.0149,0.0048,4.8332,0.0111,0.0360,0.0044,530.3157,533.4852,436.1425,462.4380,-1.391845,0.542360,-0.078938,0.000991,-0.000665,-0.010093,-1.393128,0.556087,-0.200000,0.000000,0.000000,0.000000,-1.391927,0.542589,-0.077108,1.0000,1.0000,1.0000,1.660,4.810,0.340,5.000,3.000,8.000,1.500,0.060,0.110,381294696,1353114485,381294437,3145,1106,1506,1504,1505,1000,1000,2008,1505,1505,1074,2008,1625,1256,1000,1000
-0.0038,-0.0075,-0.6815,0.0008,-0.0216,3.1081,0.0063,-0.0042,-3.1481,4.8332,-0.0338,0.1731,-10.0824,0.0022,0.0026,-0.0071,-0.0999,0.3648,-9.8523,0.0023,0.0017,-0.0156,-1.2085,-1.5720,-5.1329,0.0076,-0.0334,0.0171,-0.6125,-1.6195,-6.1470,0.0173,-0.0237,0.0186,4.8332,0.0113,0.0346,0.0043,529.7860,532.5715,437.0483,463.2425,-1.391836,0.542355,-0.079031,0.000947,-0.000793,-0.010679,-1.393128,0.556087,-0.200000,0.000000,0.000000,0.000000,-1.391927,0.542589,-0.077108,1.0000,1.0000,1.0000,1.660,4.810,0.340,5.000,3.000,8.000,1.500,0.060,0.110,381305196,1353114485,381303437,3145,1106,1506,1504,1505,1000,1000,2008,1505,1505,1074,2008,1625,1256,1000,1000
-0.0036,-0.0074,-0.6815,0.0008,-0.0216,3.1082,0.0063,-0.0042,-3.1481,4.8332,-0.0223,0.0145,-9.9414,-0.0003,0.0041,0.0034,-0.0201,0.1245,-9.8067,-0.0031,-0.0007,-0.0016,-0.8518,-2.1370,-7.9269,-0.0126,-0.0425,-0.0099,1.0701,3.2576,-9.7474,0.0261,-0.0296,-0.0253,4.8332,0.0116,0.0356,0.0040,530.7959,532.5656,436.8881,462.2433,-1.391822,0.542345,-0.079156,0.001074,-0.000418,-0.010530,-1.393128,0.556087,-0.200000,0.000000,0.000000,0.000000,-1.391927,0.542589,-0.077108,1.0000,1.0000,1.0000,1.660,4.810,0.340,5.000,3.000,8.000,1.500,0.060,0.110,381315696,1353114485,381315437,3145,1106,1506,1504,1505,1000,1000,2008,1505,1505,1074,2008,1625,1256,1000,1000
-0.0040,-0.0077,-0.6814,0.0009,-0.0216,3.1082,0.0063,-0.0042,-3.1481,4.8332,-0.1859,-0.1180,-9.8839,0.0049,0.0120,0.0153,-0.0976,-0.3287,-9.7950,0.0089,0.0030,0.0057,0.3549,0.6522,-8.6811,-0.0334,-0.0276,0.0085,-0.1151,-3.3829,-9.7097,-0.0133,-0.0136,-0.0077,4.8332,0.0095,0.0330,0.0029,530.1970,530.6273,441.5160,460.7602,-1.391809,0.542331,-0.079254,0.002079,-0.002483,-0.011107,-1.393128,0.556087,-0.200000,0.000000,0.000000,0.000000,-1.391927,0.542589,-0.077108,1.0000,1.0000,1.0000,1.660,4.810,0.340,5.000,3.000,8.000,1.500,0.060,0.110,381326196,1353114485,381324437,3145,1106,1506,1504,1505,1000,1000,2008,1505,1505,1074,2008,1625,1256,1000,1000
-0.0038,-0.0075,-0.6814,0.0009,-0.0216,3.1083,0.0063,-0.0042,-3.1481,4.8332,-0.0586,0.3926,-9.9401,0.0043,0.0034,0.0035,-0.0598,0.5533,-9.9560,0.0060,0.0018,-0.0053,0.0556,-0.1259,-8.2860,0.0047,-0.0214,0.0120,-1.9629,-2.7993,-10.0168,-0.0173,-0.0141,0.0146,4.8332,0.0107,0.0363,0.0042,530.5447,533.5339,436.4239,461.8534,-1.391786,0.542316,-0.079384,0.001442,-0.001707,-0.011069,-1.393128,0.556087,-0.200000,0.000000,0.000000,0.000000,-1.391927,0.542589,-0.077108,1.0000,1.0000,1.0000,1.660,4.810,0.340,5.000,3.000,8.000,1.500,0.060,0.110,381336696,1353114485,381336437,3145,1106,1506,1504,1505,1000,1000,2008,1505,1505,1074,2008,1625,1256,1000,1000
-0.0035,-0.0077,-0.6813,0.0009,-0.0216,3.1084,0.0063,-0.0042,-3.1481,4.8332,0.0387,-0.1356,-9.8087,-0.0036,-0.0005,-0.0092,0.0601,0.3593,-9.8048,0.0022,0.0004,-0.0098,-0.2245,-0.4659,-9.2317,0.0111,-0.0268,-0.0192,-1.2608,-6.5613,-9.2859,0.0154,-0.0434,-0.0498,4.8332,0.0119,0.0360,0.0045,530.4696,533.3505,435.5314,462.9926,-1.391768,0.542303,-0.079484,0.002154,-0.000106,-0.011301,-1.393128,0.556087,-0.200000,0.000000,0.000000,0.000000,-1.391927,0.542589,-0.077108,1.0000,1.0000,1.0000,1.660,4.810,0.340,5.000,3.000,8.000,1.500,0.060,0.110,381347196,1353114485,381345437,3145,1106,1506,1504,1505,1000,1000,2008,1505,1505,1074,2008,1625,1256,1000,1000
-0.0037,-0.0077,-0.6813,0.0009,-0.0216,3.1084,0.0063,-0.0042,-3.1481,4.8332,-0.2136,-0.2078,-9.9508,0.0006,0.0098,0.0174,-0.3030,-0.4821,-9.7150,0.0038,-0.0016,0.0086,-0.8638,0.0704,-8.5997,0.0063,-0.0321,-0.0282,0.3518,-4.8464,-9.5068,0.0027,-0.0535,-0.0160,4.8332,0.0099,0.0347,0.0029,531.1963,531.2970,440.3791,459.9247,-1.391747,0.542294,-0.079619,0.002163,-0.000705,-0.011574,-1.393128,0.556087,-0.200000,0.000000,0.000000,0.000000,-1.391927,0.542589,-0.077108,1.0000,1.0000,1.0000,1.660,4.810,0.340,5.000,3.000,8.000,1.500,0.060,0.110,381357696,1353114485,381357437,3145,1106,1506,1504,1505,1000,1000,2008,1505,1505,1074,2008,1625,1256,1000,1000
-0.0036,-0.0074,-0.6813,0.0009,-0.0216,3.1084,0.0063,-0.0042,-3.1481,4.8332,-0.0733,0.4716,-9.8665,0.0056,0.0012,-0.0019,-0.1037,0.4066,-9.8140,0.0026,-0.0057,-0.0098,0.6087,-2.3214,-9.4568,0.0169,0.0111,0.0317,2.1637,-0.1991,-9.7708,0.0077,-0.0101,0.0306,4.8332,0.0108,0.0373,0.0053,529.7562,535.3194,433.8152,463.1484,-1.391730,0.542295,-0.079725,0.001493,-0.000848,-0.011971,-1.393128,0.556087,-0.200000,0.000000,0.000000,0.000000,-1.391927,0.542589,-0.077108,1.0000,1.0000,1.0000,1.660,4.810,0.340,5.000,3.000,8.000,1.500,0.060,0.110,381368196,1353114485,381366437,3145,1106,1506,1504,1505,1000,1000,2008,1505,1505,1074,2008,1625,1256,1000,1000
-0.0033,-0.0074,-0.6812,0.0009,-0.0216,3.1085,0.0063,-0.0042,-3.1481,4.8332,0.0769,0.0073,-9.9056,-0.0050,0.0044,-0.0049,0.0939,0.1002,-9.8606,-0.0029,-0.0021,-0.0097,-1.5126,1.5692,-8.5015,0.0252,-0.0252,-0.0016,1.5513,1.1944,-9.7618,0.0091,-0.0208,-0.0091,4.8332,0.0127,0.0365,0.0035,532.3812,531.8729,436.9410,461.1664,-1.391710,0.542293,-0.079872,0.001462,0.001195,-0.012573,-1.393128,0.556087,-0.200000,0.000000,0.000000,0.000000,-1.391927,0.542589,-0.077108,1.0000,1.0000,1.0000,1.660,4.810,0.340,5.000,3.000,8.000,1.500,0.060,0.110,381378696,1353114485,381378438,3145,1106,1506,1504,1505,1000,1000,2008,1505,1505,1074,2008,1625,1256,1000,1000
-0.0036,-0.0075,-0.6812,0.0016,-0.0215,3.1084,0.0063,-0.0042,-3.1481,4.8332,-0.1245,-0.4053,-9.8493,0.0022,0.0058,0.0082,-0.1271,-0.3546,-9.7290,0.0063,0.0062,0.0034,-0.4041,-3.6789,-7.6755,-0.0092,-0.0500,-0.0005,-2.5375,4.2597,-8.9627,-0.0035,-0.0290,-0.0099,4.8332,0.0076,0.0374,0.0041,530.1351,535.0629,437.4407,459.5874,-1.391505,0.540965,-0.078271,0.002156,-0.006031,-0.008753,-1.393128,0.556087,-0.200000,0.000000,0.000000,0.000000,-1.391384,0.540103,-0.076081,1.0000,1.0000,1.0000,1.660,4.810,0.340,5.000,3.000,8.000,1.500,0.060,0.110,381388740,1353247702,381387481,3146,1106,1506,1504,1505,1000,1000,2008,1505,1505,1074,2008,1625,1256,1000,1000
-0.0036,-0.0074,-0.6812,0.0016,-0.0215,3.1085,0.0063,-0.0042,-3.1481,4.8332,-0.2045,0.7413,-10.0090,0.0085,0.0067,0.0089,-0.2415,0.4055,-9.8309,0.0048,-0.0034,0.0024,0.5536,-0.7268,-9.2413,0.0055,-0.0180,0.0240,-2.3885,3.9795,-10.0222,0.0296,0.0072,0.0202,4.8332,0.0114,0.0376,0.0041,531.5808,533.7962,435.5432,461.1897,-1.391485,0.540926,-0.078348,0.001853,-0.005329,-0.008906,-1.393128,0.556087,-0.200000,0.000000,0.000000,0.000000,-1.391384,0.540103,-0.076081,1.0000,1.0000,1.0000,1.660,4.810,0.340,5.000,3.000,8.000,1.500,0.060,0.110,381399240,1353247702,381396481,3146,1106,1506,1504,1505,1000,1000,2008,1505,1505,1074,2008,1625,1256,1000,1000
-0.0033,-0.0075,-0.6811,0.0016,-0.0215,3.1086,0.0063,-0.0042,-3.1481,4.8332,0.0802,-0.1844,-9.8118,-0.0080,0.0062,-0.0012,-0.0102,-0.1602,-9.6820,-0.0072,0.0053,-0.0068,-0.4567,-0.2025,-7.9077,0.0036,-0.0489,-0.0003,2.6126,-0.3464,-8.9537,0.0107,-0.0399,0.0011,4.8332,0.0095,0.0355,0.0034,530.7155,532.5500,439.0637,460.2880,-1.391452,0.540851,-0.078454,0.003222,-0.004581,-0.009049,-1.393128,0.556087,-0.200000,0.000000,0.000000,0.000000,-1.391384,0.540103,-0.076081,1.0000,1.0000,1.0000,1.660,4.810,0.340,5.000,3.000,8.000,1.500,0.060,0.110,381409268,1353247702,381408009,3146,1106,1506,1504,1505,1000,1000,2008,1505,1505,1074,2008,1625,1256,1000,1000
-0.0037,-0.0075,-0.6811,0.0016,-0.0215,3.1086,0.0063,-0.0042,-3.1481,4.8332,-0.2836,-0.4690,-9.9085,0.0041,0.0091,0.0001,-0.2786,-0.4443,-9.7721,0.0056,0.0036,-0.0019,-3.3250,0.6115,-7.6611,-0.0140,-0.0508,-0.0128,5.0961,-4.1102,-11.3743,-0.0056,-0.0450,-0.0272,4.8332,0.0081,0.0372,0.0040,530.3146,534.6888,437.5120,459.7477,-1.391428,0.540794,-0.078534,0.002778,-0.007992,-0.009146,-1.393128,0.556087,-0.200000,0.000000,0.000000,0.000000,-1.391384,0.540103,-0.076081,1.0000,1.0000,1.0000,1.660,4.810,0.340,5.000,3.000,8.000,1.500,0.060,0.110,381419768,1353247702,381417009,3146,1106,1506,1504,1505,1000,1000,2008,1505,1505,1074,2008,1625,1256,1000,1000
-0.0036,-0.0073,-0.6811,0.0016,-0.0214,3.1086,0.0063,-0.0042,-3.1481,4.8332,0.0621,0.6599,-9.7161,0.0066,0.0006,0.0052,0.1425,0.5103,-9.6514,0.0048,0.0053,-0.0044,-0.0856,-4.4738,-9.4113,0.0017,-0.0076,0.0312,-0.2677,7.2549,-15.2082,0.0234,-0.0538,-0.0109,4.8332,0.0121,0.0363,0.0053,529.7009,534.3871,433.8148,464.2870,-1.391390,0.540721,-0.078646,0.002338,-0.007392,-0.009448,-1.393128,0.556087,-0.200000,0.000000,0.000000,0.000000,-1.391384,0.540103,-0.076081,1.0000,1.0000,1.0000,1.660,4.810,0.340,5.000,3.000,8.000,1.500,0.060,0.110,381429802,1353247702,381429043,3146,1106,1506,1504,1505,1000,1000,2008,1505,1505,1074,2008,1625,1256,1000,1000
-0.0033,-0.0073,-0.6810,0.0016,-0.0214,3.1087,0.0063,-0.0042,-3.1481,4.8332,-0.1466,-0.0497,-9.6355,-0.0054,0.0029,0.0054,-0.1392,0.0845,-9.9439,-0.0033,-0.0032,0.0006,2.1314,0.5301,-14.0513,-0.0126,0.0521,0.0131,0.0124,1.9037,-12.4069,-0.0136,0.0088,0.0136,4.8332,0.0123,0.0367,0.0037,531.9954,532.5152,436.4336,461.3508,-1.391366,0.540660,-0.078732,0.003012,-0.004836,-0.009566,-1.393128,0.556087,-0.200000,0.000000,0.000000,0.000000,-1.391384,0.540103,-0.076081,1.0000,1.0000,1.0000,1.660,4.810,0.340,5.000,3.000,8.000,1.500,0.060,0.110,381440302,1353247702,381438043,3146,1106,1506,1504,1505,1000,1000,2008,1505,1505,1074,2008,1625,1256,1000,1000
-0.0036,-0.0073,-0.6810,0.0017,-0.0214,3.1088,0.0063,-0.0042,-3.1481,4.8332,-0.2041,-0.6286,-9.7597,0.0037,0.0001,-0.0029,-0.2135,-0.5904,-9.8213,0.0060,0.0012,-0.0088,0.4698,0.0369,-11.6331,-0.0260,0.0574,-0.0043,-0.7508,1.0076,-11.4408,-0.0075,-0.0091,0.0075,4.8332,0.0087,0.0376,0.0045,530.1266,535.2770,436.0288,460.6881,-1.391336,0.540576,-0.078851,0.002611,-0.007144,-0.010089,-1.393128,0.556087,-0.200000,0.000000,0.000000,0.000000,-1.391384,0.540103,-0.076081,1.0000,1.0000,1.0000,1.660,4.810,0.340,5.000,3.000,8.000,1.500,0.060,0.110,381450802,1353247702,381450043,3146,1106,1506,1504,1505,1000,1000,2008,1505,1505,1074,2008,1625,1256,1000,1000
-0.0037,-0.0071,-0.6810,0.0016,-0.0214,3.1088,0.0063,-0.0042,-3.1481,4.8332,-0.0764,0.8239,-9.7074,0.0071,-0.0026,0.0010,-0.0467,0.8892,-10.0598,0.0032,-0.0037,-0.0046,1.1115,-2.6973,-12.4735,-0.0071,0.0633,-0.0019,-0.9627,1.8480,-10.5555,0.0138,0.0373,-0.0080,4.8332,0.0087,0.0383,0.0041,530.9241,535.1259,436.3426,459.6471,-1.391315,0.540522,-0.078944,0.001679,-0.007754,-0.010374,-1.393128,0.556087,-0.200000,0.000000,0.000000,0.000000,-1.391384,0.540103,-0.076081,1.0000,1.0000,1.0000,1.660,4.810,0.340,5.000,3.000,8.000,1.500,0.060,0.110,381461302,1353247702,381459043,3146,1106,1506,1504,1505,1000,1000,2008,1505,1505,1074,2008,1625,1256,1000,1000
-0.0034,-0.0072,-0.6810,0.0017,-0.0214,3.1088,0.0063,-0.0042,-3.1481,4.8332,0.1183,-0.0139,-9.8749,-0.0059,0.0036,0.0118,0.1853,0.1049,-9.9254,-0.0041,-0.0052,0.0018,0.4315,1.9954,-11.2165,0.0217,0.0297,0.0389,-0.9375,0.6197,-6.6426,0.0221,0.0296,0.0296,4.8332,0.0123,0.0368,0.0038,532.0112,532.5649,436.3230,461.3799,-1.391290,0.540426,-0.079068,0.002242,-0.006384,-0.010286,-1.393128,0.556087,-0.200000,0.000000,0.000000,0.000000,-1.391384,0.540103,-0.076081,1.0000,1.0000,1.0000,1.660,4.810,0.340,5.000,3.000,8.000,1.500,0.060,0.110,381471802,1353247702,381471043,3146,1106,1506,1504,1505,1000,1000,2008,1505,1505,1074,2008,1625,1256,1000,1000
-0.0036,-0.0073,-0.6809,0.0017,-0.0214,3.1089,0.0063,-0.0042,-3.1481,4.8332,-0.3515,-0.4884,-9.8012,0.0032,0.0044,-0.0026,-0.4184,-0.4765,-9.7713,0.0031,-0.0060,-0.0069,-0.1383,0.7935,-10.4791,-0.0214,0.0031,-0.0101,1.6196,-0.5744,-10.1084,-0.0099,-0.0011,-0.0181,4.8332,0.0083,0.0373,0.0038,530.6934,534.3401,437.8472,459.3967,-1.391274,0.540350,-0.079163,0.002115,-0.008863,-0.010868,-1.393128,0.556087,-0.200000,0.000000,0.000000,0.000000,-1.391384,0.540103,-0.076081,1.0000,1.0000,1.0000,1.660,4.810,0.340,5.000,3.000,8.000,1.500,0.060,0.110,381482302,1353247702,381480043,3146,1106,1506,1504,1505,1000,1000,2008,1505,1505,1074,2008,1625,1256,1000,1000
-0.0036,-0.0070,-0.6809,0.0017,-0.0214,3.1089,0.0063,-0.0042,-3.1481,4.8332,0.0257,0.2397,-9.9223,0.0064,-0.0004,-0.0013,-0.2546,0.1612,-9.9069,0.0052,-0.0064,-0.0067,-0.9308,0.7839,-11.6140,-0.0076,0.0326,-0.0077,2.0703,-0.1506,-9.3883,-0.0059,0.0455,-0.0152,4.8332,0.0098,0.0369,0.0042,530.5228,534.1929,436.5316,461.0142,-1.391245,0.540261,-0.079294,0.001649,-0.008287,-0.010918,-1.393128,0.556087,-0.200000,0.000000,0.000000,0.000000,-1.391384,0.540103,-0.076081,1.0000,1.0000,1.0000,1.660,4.810,0.340,5.000,3.000,8.000,1.500,0.060,0.110,381492802,1353247702,381492043,3146,1106,1506,1504,1505,1000,1000,2008,1505,1505,1074,2008,1625,1256,1000,1000
-0.0034,-0.0073,-0.6809,0.0017,-0.0214,3.1089,0.0063,-0.0042,-3.1481,4.8332,0.0899,0.3604,-9.9004,-0.0012,0.0082,0.0121,0.2044,0.5631,-9.9294,-0.0027,0.0002,0.0019,0.3310,-0.2911,-8.0370,-0.0063,-0.0374,0.0067,0.8528,-1.0054,-8.4581,0.0261,-0.0216,0.0043,4.8332,0.0116,0.0364,0.0042,530.9343,533.2525,436.0273,462.1051,-1.391223,0.540194,-0.079395,0.002999,-0.006644,-0.011351,-1.393128,0.556087,-0.200000,0.000000,0.000000,0.000000,-1.391384,0.540103,-0.076081,1.0000,1.0000,1.0000,1.660,4.810,0.340,5.000,3.000,8.000,1.500,0.060,0.110,381503302,1353247702,381501043,3146,1106,1506,1504,1505,1000,1000,2008,1505,1505,1074,2008,1625,1256,1000,1000
-0.0035,-0.0072,-0.6808,0.0017,-0.0215,3.1090,0.0063,-0.0042,-3.1481,4.8332,-0.3787,-0.4522,-9.8613,0.0014,0.0014,0.0021,-0.3798,-0.3095,-9.8390,0.0052,-0.0000,0.0002,1.0229,1.5357,-10.2038,-0.0428,0.0172,0.0157,0.4111,-1.5208,-9.9701,-0.0426,0.0059,0.0128,4.8332,0.0095,0.0384,0.0036,531.9926,534.2064,437.0050,458.8511,-1.391197,0.540094,-0.079529,0.002686,-0.007532,-0.011294,-1.393128,0.556087,-0.200000,0.000000,0.000000,0.000000,-1.391384,0.540103,-0.076081,1.0000,1.0000,1.0000,1.660,4.810,0.340,5.000,3.000,8.000,1.500,0.060,0.110,381513802,1353247702,381513045,3146,1106,1506,1504,1505,1000,1000,2008,1505,1505,1074,2008,1625,1256,1000,1000
-0.0038,-0.0072,-0.6807,0.0012,-0.0215,3.1091,0.0063,-0.0042,-3.1481,4.8332,-0.0592,0.3126,-9.8299,0.0054,0.0035,-0.0025,-0.0278,0.2203,-9.8933,0.0088,-0.0029,-0.0022,0.0508,0.0968,-11.6044,-0.0097,0.0140,-0.0349,0.2566,-2.9663,-10.3436,-0.0136,-0.0008,-0.0344,4.8332,0.0117,0.0360,0.0030,532.2932,531.4409,438.5157,460.2704,-1.391212,0.541047,-0.078128,0.002138,-0.005384,-0.008477,-1.393128,0.556087,-0.200000,0.000000,0.000000,0.000000,-1.391252,0.541701,-0.076311,1.0000,1.0000,1.0000,1.660,4.810,0.340,5.000,3.000,8.000,1.500,0.060,0.110,381523846,1353347970,381522087,3147,1106,1506,1504,1505,1000,1000,2008,1505,1505,1074,2008,1625,1256,1000,1000
-0.0034,-0.0073,-0.6808,0.0012,-0.0215,3.1091,0.0063,-0.0042,-3.1481,4.8332,0.0760,0.1886,-9.7995,-0.0021,0.0020,0.0104,0.0899,0.2347,-9.8348,0.0024,-0.0040,0.0018,0.4626,-0.5545,-9.3730,0.0119,0.0103,0.0101,0.6930,-2.6431,-9.2410,-0.0013,0.0107,-0.0016,4.8332,0.0121,0.0373,0.0055,529.9190,535.1089,432.8223,464.1332,-1.391181,0.540992,-0.078232,0.002452,-0.004123,-0.008548,-1.393128,0.556087,-0.200000,0.000000,0.000000,0.000000,-1.391252,0.541701,-0.076311,1.0000,1.0000,1.0000,1.660,4.810,0.340,5.000,3.000,8.000,1.500,0.060,0.110,381534346,1353347970,381534087,3147,1106,1506,1504,1505,1000,1000,2008,1505,1505,1074,2008,1625,1256,1000,1000
-0.0036,-0.0074,-0.6808,0.0012,-0.0215,3.1091,0.0063,-0.0042,-3.1481,4.8332,-0.3349,-0.1863,-9.8994,0.0033,0.0031,-0.0098,-0.2718,-0.0020,-9.9066,0.0030,0.0006,-0.0162,0.6781,0.4535,-11.0226,-0.0153,0.0329,0.0149,0.1201,-1.7129,-9.9827,-0.0043,0.0133,0.0218,4.8332,0.0103,0.0377,0.0040,531.4193,534.0072,436.3641,460.3549,-1.391161,0.540948,-0.078309,0.002731,-0.004789,-0.008711,-1.393128,0.556087,-0.200000,0.000000,0.000000,0.000000,-1.391252,0.541701,-0.076311,1.0000,1.0000,1.0000,1.660,4.810,0.340,5.000,3.000,8.000,1.500,0.060,0.110,381544846,1353347970,381543087,3147,1106,1506,1504,1505,1000,1000,2008,1505,1505,1074,2008,1625,1256,1000,1000
-0.0035,-0.0070,-0.6807,0.0012,-0.0215,3.1092,0.0063,-0.0042,-3.1481,4.8332,-0.0163,0.0601,-9.8885,0.0009,0.0027,0.0105,-0.0108,-0.0858,-9.9483,0.0023,-0.0001,0.0109,-2.2213,-0.7268,-8.2717,0.0023,0.0185,-0.0168,-0.3270,2.0635,-6.5906,-0.0027,0.0205,-0.0261,4.8332,0.0112,0.0378,0.0032,532.8876,532.7191,437.4005,459.1647,-1.391129,0.540897,-0.078417,0.002112,-0.004300,-0.009159,-1.393128,0.556087,-0.200000,0.000000,0.000000,0.000000,-1.391252,0.541701,-0.076311,1.0000,1.0000,1.0000,1.660,4.810,0.340,5.000,3.000,8.000,1.500,0.060,0.110,381555346,1353347970,381555087,3147,1106,1506,1504,1505,1000,1000,2008,1505,1505,1074,2008,1625,1256,1000,1000
-0.0034,-0.0073,-0.6807,0.0012,-0.0215,3.1092,0.0063,-0.0042,-3.1481,4.8332,0.1694,0.0442,-9.9945,0.0007,0.0048,0.0092,0.1000,-0.0643,-9.9503,0.0034,0.0013,0.0004,-1.6850,1.6482,-7.0913,0.0228,-0.0276,-0.0021,-2.3436,-0.6534,-5.9118,0.0064,-0.0013,-0.0043,4.8332,0.0110,0.0375,0.0034,532.3224,532.9632,437.1895,459.7379,-1.391101,0.540860,-0.078499,0.003125,-0.004186,-0.009085,-1.393128,0.556087,-0.200000,0.000000,0.000000,0.000000,-1.391252,0.541701,-0.076311,1.0000,1.0000,1.0000,1.660,4.810,0.340,5.000,3.000,8.000,1.500,0.060,0.110,381565846,1353347970,381564087,3147,1106,1506,1504,1505,1000,1000,2008,1505,1505,1074,2008,1625,1256,1000,1000
-0.0033,-0.0071,-0.6807,0.0012,-0.0215,3.1092,0.0063,-0.0042,-3.1481,4.8332,-0.1239,0.1889,-10.0445,-0.0012,0.0048,-0.0045,-0.1255,0.3286,-9.8833,-0.0000,-0.0029,-0.0096,-0.9787,-2.5009,-7.3666,0.0318,-0.0505,0.0117,0.6373,0.1852,-9.3398,0.0224,-0.0178,0.0096,4.8332,0.0119,0.0382,0.0049,531.0925,534.8195,433.6243,462.3736,-1.391071,0.540814,-0.078606,0.002593,-0.003868,-0.009445,-1.393128,0.556087,-0.200000,0.000000,0.000000,0.000000,-1.391252,0.541701,-0.076311,1.0000,1.0000,1.0000,1.660,4.810,0.340,5.000,3.000,8.000,1.500,0.060,0.110,381576346,1353347970,381576087,3147,1106,1506,1504,1505,1000,1000,2008,1505,1505,1074,2008,1625,1256,1000,1000
-0.0037,-0.0068,-0.6806,0.0012,-0.0215,3.1093,0.0063,-0.0042,-3.1481,4.8332,0.0329,-0.0720,-9.8746,-0.0005,0.0060,0.0013,-0.0184,-0.0173,-9.6883,0.0024,0.0063,0.0012,-3.3082,0.9060,-5.5135,0.0137,-0.0867,-0.0245,-0.0289,-1.5226,-12.9366,0.0218,-0.0748,-0.0202,4.8332,0.0116,0.0372,0.0034,532.4473,532.4993,437.2012,460.1194,-1.391049,0.540772,-0.078692,0.001920,-0.004775,-0.009957,-1.393128,0.556087,-0.200000,0.000000,0.000000,0.000000,-1.391252,0.541701,-0.076311,1.0000,1.0000,1.0000,1.660,4.810,0.340,5.000,3.000,8.000,1.500,0.060,0.110,381586846,1353347970,381585087,3147,1106,1506,1504,1505,1000,1000,2008,1505,1505,1074,2008,1625,1256,1000,1000
-0.0039,-0.0069,-0.6806,0.0012,-0.0215,3.1094,0.0063,-0.0042,-3.1481,4.8332,-0.1293,0.0444,-9.6480,0.0016,0.0037,0.0150,-0.1293,0.0821,-9.6114,0.0005,-0.0032,0.0065,2.1817,1.9379,-13.0361,-0.0068,-0.0097,-0.0024,-1.6343,-4.9847,-12.3027,0.0109,-0.0272,0.0120,4.8332,0.0111,0.0368,0.0031,532.3932,532.1551,438.1461,459.6812,-1.391023,0.540715,-0.078807,0.002292,-0.005049,-0.009199,-1.393128,0.556087,-0.200000,0.000000,0.000000,0.000000,-1.391252,0.541701,-0.076311,1.0000,1.0000,1.0000,1.660,4.810,0.340,5.000,3.000,8.000,1.500,0.060,0.110,381597346,1353347970,381597087,3147,1106,1506,1504,1505,1000,1000,2008,1505,1505,1074,2008,1625,1256,1000,1000
-0.0042,-0.0074,-0.6806,0.0012,-0.0215,3.1094,0.0063,-0.0042,-3.1481,4.8332,-0.1487,0.1503,-9.6854,0.0036,0.0021,-0.0094,-0.1919,0.1469,-9.6139,0.0057,-0.0012,-0.0165,0.8122,2.2635,-11.7744,-0.0031,0.0265,0.0288,1.2766,-2.8999,-11.5826,0.0077,0.0037,0.0226,4.8332,0.0108,0.0370,0.0053,529.5656,535.1962,433.9487,463.3836,-1.390999,0.540668,-0.078893,0.002932,-0.005852,-0.009941,-1.393128,0.556087,-0.200000,0.000000,0.000000,0.000000,-1.391252,0.541701,-0.076311,1.0000,1.0000,1.0000,1.660,4.810,0.340,5.000,3.000,8.000,1.500,0.060,0.110,381607846,1353347970,381606087,3147,1106,1506,1504,1505,1000,1000,2008,1505,1505,1074,2008,1625,1256,1000,1000
-0.0038,-0.0073,-0.6805,0.0009,-0.0218,3.1095,0.0063,-0.0042,-3.1481,4.8332,-0.1220,-0.0053,-9.7791,-0.0013,0.0019,0.0087,-0.1007,0.1617,-9.7628,0.0001,0.0009,0.0065,0.2998,1.0353,-10.9795,0.0060,0.0129,-0.0149,1.0431,-4.0132,-11.0745,0.0234,-0.0522,-0.0216,4.8332,0.0128,0.0379,0.0025,534.4031,531.2755,437.9040,458.5959,-1.391588,0.541156,-0.077917,0.000387,-0.002949,-0.007360,-1.393128,0.556087,-0.200000,0.000000,0.000000,0.000000,-1.392073,0.541592,-0.076429,1.0000,1.0000,1.0000,1.660,4.810,0.340,5.000,3.000,8.000,1.500,0.060,0.110,381617896,1353479951,381615137,3148,1106,1506,1504,1505,1000,1000,2008,1505,1505,1074,2008,1625,1256,1000,1000
-0.0041,-0.0074,-0.6805,0.0010,-0.0218,3.1095,0.0063,-0.0042,-3.1481,4.8332,-0.0670,-0.1826,-9.6390,0.0026,0.0011,0.0056,0.0764,-0.0220,-9.6193,0.0010,-0.0033,-0.0026,1.0396,-2.3166,-11.4488,-0.0182,0.0372,0.0192,-3.1409,1.7852,-12.0406,-0.0221,-0.0043,0.0029,4.8332,0.0096,0.0381,0.0042,531.0377,534.8409,435.8652,460.3000,-1.391581,0.541114,-0.078007,0.000665,-0.003717,-0.007165,-1.393128,0.556087,-0.200000,0.000000,0.000000,0.000000,-1.392073,0.541592,-0.076429,1.0000,1.0000,1.0000,1.660,4.810,0.340,5.000,3.000,8.000,1.500,0.060,0.110,381627925,1353479951,381627166,3148,1106,1506,1504,1505,1000,1000,2008,1505,1505,1074,2008,1625,1256,1000,1000
-0.0039,-0.0072,-0.6804,0.0010,-0.0218,3.1096,0.0063,-0.0042,-3.1481,4.8332,-0.0455,0.3426,-9.9921,0.0022,-0.0008,-0.0031,0.3172,0.1988,-10.1368,0.0015,-0.0009,-0.0085,1.3892,0.0130,-10.1655,0.0212,0.0510,0.0147,-3.8125,1.6343,-8.3252,0.0088,0.0373,-0.0045,4.8332,0.0127,0.0373,0.0041,531.9691,533.0608,435.2733,461.8470,-1.391578,0.541089,-0.078073,0.000160,-0.002966,-0.007774,-1.393128,0.556087,-0.200000,0.000000,0.000000,0.000000,-1.392073,0.541592,-0.076429,1.0000,1.0000,1.0000,1.660,4.810,0.340,5.000,3.000,8.000,1.500,0.060,0.110,381638425,1353479951,381636166,3148,1106,1506,1504,1505,1000,1000,2008,1505,1505,1074,2008,1625,1256,1000,1000
-0.0037,-0.0073,-0.6804,0.0010,-0.0218,3.1096,0.0063,-0.0042,-3.1481,4.8332,-0.0239,-0.0880,-9.8064,-0.0031,0.0038,0.0016,-0.0321,0.1777,-9.9342,-0.0029,0.0027,-0.0021,1.0061,1.6506,-11.3338,-0.0009,0.0396,0.0035,2.3720,-1.3214,-9.0453,-0.0173,0.0543,0.0130,4.8332,0.0121,0.0374,0.0034,532.6431,532.5366,436.7054,460.3203,-1.391578,0.541046,-0.078175,0.000151,-0.002931,-0.008460,-1.393128,0.556087,-0.200000,0.000000,0.000000,0.000000,-1.392073,0.541592,-0.076429,1.0000,1.0000,1.0000,1.660,4.810,0.340,5.000,3.000,8.000,1.500,0.060,0.110,381648925,1353479951,381648166,3148,1106,1506,1504,1505,1000,1000,2008,1505,1505,1074,2008,1625,1256,1000,1000
-0.0042,-0.0072,-0.6804,0.0010,-0.0218,3.1096,0.0063,-0.0042,-3.1481,4.8332,-0.2128,-0.0986,-10.0703,0.0024,0.0077,0.0112,-0.2324,0.0778,-10.0453,0.0038,-0.0002,0.0032,-0.4807,1.4758,-7.3188,0.0084,0.0017,0.0011,-1.3613,-2.3468,-5.8687,-0.0032,0.0165,0.0189,4.8332,0.0108,0.0394,0.0038,532.7225,534.4025,435.4986,459.2082,-1.391581,0.541010,-0.078252,-0.000459,-0.005023,-0.008617,-1.393128,0.556087,-0.200000,0.000000,0.000000,0.000000,-1.392073,0.541592,-0.076429,1.0000,1.0000,1.0000,1.660,4.810,0.340,5.000,3.000,8.000,1.500,0.060,0.110,381659425,1353479951,381657166,3148,1106,1506,1504,1505,1000,1000,2008,1505,1505,1074,2008,1625,1256,1000,1000
-0.0042,-0.0071,-0.6803,0.0010,-0.0218,3.1097,0.0063,-0.0042,-3.1481,4.8332,0.1686,0.3112,-9.9709,0.0032,0.0027,-0.0030,0.1397,0.1909,-9.7743,-0.0003,-0.0045,-0.0111,-1.0697,1.0353,-6.6795,0.0156,-0.0593,-0.0029,-2.7656,-6.2453,-7.8709,0.0410,-0.0322,0.0027,4.8332,0.0125,0.0371,0.0040,531.9010,532.9465,435.5914,461.7574,-1.391580,0.540957,-0.078363,-0.000466,-0.005003,-0.009823,-1.393128,0.556087,-0.200000,0.000000,0.000000,0.000000,-1.392073,0.541592,-0.076429,1.0000,1.0000,1.0000,1.660,4.810,0.340,5.000,3.000,8.000,1.500,0.060,0.110,381669925,1353479951,381669166,3148,1106,1506,1504,1505,1000,1000,2008,1505,1505,1074,2008,1625,1256,1000,1000
-0.0037,-0.0074,-0.6803,0.0010,-0.0218,3.1097,0.0063,-0.0042,-3.1481,4.8332,-0.1667,-0.0359,-9.8178,0.0003,0.0055,0.0023,-0.2430,-0.0580,-9.8064,-0.0017,0.0015,-0.0008,1.3054,0.3074,-11.6020,-0.0316,-0.0132,-0.0179,3.0777,3.1732,-12.9725,-0.0125,-0.0434,-0.0216,4.8332,0.0120,0.0385,0.0039,532.5455,533.6839,435.2183,460.5131,-1.391581,0.540917,-0.078450,0.000546,-0.003342,-0.010220,-1.393128,0.556087,-0.200000,0.000000,0.000000,0.000000,-1.392073,0.541592,-0.076429,1.0000,1.0000,1.0000,1.660,4.810,0.340,5.000,3.000,8.000,1.500,0.060,0.110,381680425,1353479951,381678166,3148,1106,1506,1504,1505,1000,1000,2008,1505,1505,1074,2008,1625,1256,1000,1000
-0.0041,-0.0074,-0.6803,0.0010,-0.0218,3.1097,0.0063,-0.0042,-3.1481,4.8332,-0.1898,-0.3081,-9.7034,0.0036,0.0045,0.0078,-0.3152,-0.3324,-9.7967,0.0050,-0.0022,-0.0000,0.0700,0.2452,-11.6331,-0.0305,0.0172,0.0232,0.3033,0.2121,-11.4300,-0.0064,0.0157,0.0112,4.8332,0.0105,0.0389,0.0036,532.6379,534.0318,436.2992,458.9775,-1.391577,0.540866,-0.078568,0.000266,-0.004300,-0.009373,-1.393128,0.556087,-0.200000,0.000000,0.000000,0.000000,-1.392073,0.541592,-0.076429,1.0000,1.0000,1.0000,1.660,4.810,0.340,5.000,3.000,8.000,1.500,0.060,0.110,381690925,1353479951,381690166,3148,1106,1506,1504,1505,1000,1000,2008,1505,1505,1074,2008,1625,1256,1000,1000
-0.0040,-0.0072,-0.6802,0.0010,-0.0218,3.1099,0.0063,-0.0042,-3.1481,4.8332,-0.0352,0.5291,-9.8129,0.0040,-0.0028,0.0035,-0.0706,0.4167,-9.8422,0.0061,-0.0080,-0.0020,0.4076,-0.9327,-10.5821,-0.0076,0.0297,0.0013,0.0447,-0.4236,-10.5124,0.0011,0.0240,-0.0101,4.8332,0.0108,0.0415,0.0036,534.0062,535.2048,434.5355,457.6927,-1.391575,0.540836,-0.078657,-0.000340,-0.003958,-0.010187,-1.393128,0.556087,-0.200000,0.000000,0.000000,0.000000,-1.392073,0.541592,-0.076429,1.0000,1.0000,1.0000,1.660,4.810,0.340,5.000,3.000,8.000,1.500,0.060,0.110,381701425,1353479951,381699184,3148,1106,1506,1504,1505,1000,1000,2008,1505,1505,1074,2008,1625,1256,1000,1000
-0.0037,-0.0074,-0.6802,0.0010,-0.0218,3.1099,0.0063,-0.0042,-3.1481,4.8332,0.0417,-0.2134,-9.7985,-0.0061,0.0038,0.0032,0.1088,-0.0774,-9.8489,-0.0009,-0.0030,-0.0038,0.5584,0.9323,-11.4488,0.0177,0.0300,-0.0019,-0.0217,-0.4218,-8.1672,0.0226,0.0027,-0.0293,4.8332,0.0131,0.0381,0.0037,533.0469,532.8074,435.4260,460.7514,-1.391574,0.540784,-0.078778,0.000510,-0.002794,-0.009824,-1.393128,0.556087,-0.200000,0.000000,0.000000,0.000000,-1.392073,0.541592,-0.076429,1.0000,1.0000,1.0000,1.660,4.810,0.340,5.000,3.000,8.000,1.500,0.060,0.110,381711925,1353479951,381711166,3148,1106,1506,1504,1505,1000,1000,2008,1505,1505,1074,2008,1625,1256,1000,1000
-0.0041,-0.0074,-0.6802,0.0011,-0.0218,3.1099,0.0063,-0.0042,-3.1481,4.8332,-0.3908,-0.1141,-9.9812,0.0030,0.0069,-0.0003,-0.2174,-0.1333,-10.1248,0.0045,0.0008,-0.0043,0.1107,-0.0972,-8.3028,0.0287,0.0404,0.0171,-1.6379,-1.7237,-6.7773,0.0083,0.0466,0.0005,4.8332,0.0094,0.0396,0.0042,531.6603,535.6375,435.0831,459.3941,-1.391575,0.540747,-0.078867,0.000346,-0.005419,-0.009998,-1.393128,0.556087,-0.200000,0.000000,0.000000,0.000000,-1.392073,0.541592,-0.076429,1.0000,1.0000,1.0000,1.660,4.810,0.340,5.000,3.000,8.000,1.500,0.060,0.110,381722425,1353479951,381720166,3148,1106,1506,1504,1505,1000,1000,2008,1505,1505,1074,2008,1625,1256,1000,1000
-0.0040,-0.0072,-0.6801,0.0010,-0.0218,3.1100,0.0063,-0.0042,-3.1481,4.8332,0.0581,0.4444,-9.9898,0.0014,0.0010,0.0084,0.0541,0.3404,-9.9293,-0.0010,-0.0031,-0.0010,-1.0768,-0.2432,-7.5007,0.0132,-0.0233,0.0096,-0.8926,-2.0810,-8.3234,0.0384,-0.0256,0.0080,4.8332,0.0128,0.0418,0.0036,534.8607,534.6924,433.3988,458.3710,-1.391567,0.540694,-0.078994,-0.000286,-0.005080,-0.011011,-1.393128,0.556087,-0.200000,0.000000,0.000000,0.000000,-1.392073,0.541592,-0.076429,1.0000,1.0000,1.0000,1.660,4.810,0.340,5.000,3.000,8.000,1.500,0.060,0.110,381732925,1353479951,381732166,3148,1106,1506,1504,1505,1000,1000,2008,1505,1505,1074,2008,1625,1256,1000,1000
-0.0038,-0.0075,-0.6800,0.0011,-0.0218,3.1101,0.0063,-0.0042,-3.1481,4.8332,0.0464,-0.0429,-9.7710,-0.0038,0.0056,0.0039,0.1757,-0.1177,-9.6297,-0.0036,-0.0003,-0.0001,-0.1503,0.1327,-10.1559,0.0111,-0.0430,-0.0051,0.1022,-0.0519,-10.8195,0.0016,-0.0501,0.0136,4.8332,0.0113,0.0388,0.0029,533.7739,532.7872,437.2959,458.1549,-1.391561,0.540647,-0.079095,0.001498,-0.004450,-0.011552,-1.393128,0.556087,-0.200000,0.000000,0.000000,0.000000,-1.392073,0.541592,-0.076429,1.0000,1.0000,1.0000,1.660,4.810,0.340,5.000,3.000,8.000,1.500,0.060,0.110,381743425,1353479951,381741166,3148,1106,1506,1504,1505,1000,1000,2008,1505,1505,1074,2008,1625,1256,1000,1000
-0.0041,-0.0074,-0.6801,0.0011,-0.0218,3.1101,0.0063,-0.0042,-3.1481,4.8332,-0.3711,-0.3419,-9.8121,0.0027,0.0081,-0.0020,-0.3735,-0.3186,-9.7178,0.0045,0.0002,-0.0101,0.5177,-1.2871,-10.4983,-0.0118,-0.0118,0.0075,1.8261,2.6202,-11.6383,0.0069,0.0016,0.0067,4.8332,0.0100,0.0404,0.0048,531.5402,536.5751,433.1777,460.2388,-1.391551,0.540583,-0.079232,0.001411,-0.005326,-0.011536,-1.393128,0.556087,-0.200000,0.000000,0.000000,0.000000,-1.392073,0.541592,-0.076429,1.0000,1.0000,1.0000,1.660,4.810,0.340,5.000,3.000,8.000,1.500,0.060,0.110,381753925,1353479951,381753166,3148,1106,1506,1504,1505,1000,1000,2008,1505,1505,1074,2008,1625,1256,1000,1000
-0.0041,-0.0071,-0.6800,0.0010,-0.0218,3.1101,0.0063,-0.0042,-3.1481,4.8332,0.0132,0.5014,-9.6728,0.0073,0.0018,0.0032,-0.0080,0.4680,-9.8085,0.0045,0.0006,-0.0039,-0.9475,0.1422,-11.7073,-0.0174,0.0215,0.0067,-0.0828,-0.7701,-11.8789,-0.0021,-0.0162,-0.0168,4.8332,0.0131,0.0402,0.0037,534.0142,533.9028,434.0172,459.6915,-1.391542,0.540543,-0.079337,0.000082,-0.005523,-0.011552,-1.393128,0.556087,-0.200000,0.000000,0.000000,0.000000,-1.392073,0.541592,-0.076429,1.0000,1.0000,1.0000,1.660,4.810,0.340,5.000,3.000,8.000,1.500,0.060,0.110,381764425,1353479951,381762166,3148,1106,1506,1504,1505,1000,1000,2008,1505,1505,1074,2008,1625,1256,1000,1000
-0.0037,-0.0072,-0.6799,0.0011,-0.0218,3.1102,0.0063,-0.0042,-3.1481,4.8332,0.0363,-0.0557,-9.7516,-0.0045,-0.0014,0.0148,0.1507,-0.0686,-9.9310,-0.0020,-0.0079,0.0084,1.3174,2.7759,-13.4671,-0.0129,0.0729,0.0218,1.8261,-3.2895,-10.5411,-0.0394,0.0386,0.0186,4.8332,0.0120,0.0392,0.0030,534.0289,532.9113,436.4716,458.4992,-1.391537,0.540476,-0.079477,0.000357,-0.003878,-0.011697,-1.393128,0.556087,-0.200000,0.000000,0.000000,0.000000,-1.392073,0.541592,-0.076429,1.0000,1.0000,1.0000,1.660,4.810,0.340,5.000,3.000,8.000,1.500,0.060,0.110,381774925,1353479951,381774166,3148,1106,1506,1504,1505,1000,1000,2008,1505,1505,1074,2008,1625,1256,1000,1000
-0.0041,-0.0073,-0.6799,0.0011,-0.0218,3.1103,0.0063,-0.0042,-3.1481,4.8332,-0.3754,-0.5505,-9.8437,0.0058,0.0018,-0.0101,-0.2362,-0.3412,-10.0847,0.0115,0.0025,-0.0142,1.2958,0.2883,-11.6164,0.0015,0.0454,-0.0003,-0.7903,-3.0597,-5.0193,-0.0035,0.0344,0.0149,4.8332,0.0102,0.0406,0.0051,531.4109,536.8692,432.4908,460.6907,-1.391538,0.540426,-0.079588,0.000791,-0.006621,-0.012252,-1.393128,0.556087,-0.200000,0.000000,0.000000,0.000000,-1.392073,0.541592,-0.076429,1.0000,1.0000,1.0000,1.660,4.810,0.340,5.000,3.000,8.000,1.500,0.060,0.110,381785425,1353479951,381783166,3148,1106,1506,1504,1505,1000,1000,2008,1505,1505,1074,2008,1625,1256,1000,1000
-0.0039,-0.0071,-0.6799,0.0011,-0.0218,3.1103,0.0063,-0.0042,-3.1481,4.8332,-0.0918,0.5400,-9.9715,0.0010,0.0031,0.0067,-0.1899,0.4749,-10.0162,0.0037,-0.0041,-0.0012,-1.0864,-2.6039,-8.4776,0.0076,0.0079,-0.0083,1.8009,-1.6465,-8.3988,-0.0021,0.0415,-0.0152,4.8332,0.0122,0.0411,0.0034,534.5334,534.2724,434.5141,458.1865,-1.391527,0.540381,-0.079735,0.000451,-0.003818,-0.012253,-1.393128,0.556087,-0.200000,0.000000,0.000000,0.000000,-1.392073,0.541592,-0.076429,1.0000,1.0000,1.0000,1.660,4.810,0.340,5.000,3.000,8.000,1.500,0.060,0.110,381795925,1353479951,381795166,3148,1106,1506,1504,1505,1000,1000,2008,1505,1505,1074,2008,1625,1256,1000,1000
-0.0039,-0.0072,-0.6799,0.0011,-0.0218,3.1103,0.0063,-0.0042,-3.1481,4.8332,0.0997,0.0250,-10.0146,-0.0036,0.0050,0.0127,0.1293,-0.0171,-9.9658,-0.0013,0.0024,0.0045,0.6901,-0.1522,-7.4528,0.0223,-0.0212,0.0195,-0.4778,-0.0124,-5.5796,0.0083,0.0013,0.0248,4.8332,0.0132,0.0410,0.0030,535.3555,533.3955,434.8322,457.9466,-1.391520,0.540340,-0.079848,0.000826,-0.004478,-0.012486,-1.393128,0.556087,-0.200000,0.000000,0.000000,0.000000,-1.392073,0.541592,-0.076429,1.0000,1.0000,1.0000,1.660,4.810,0.340,5.000,3.000,8.000,1.500,0.060,0.110,381806425,1353479951,381804166,3148,1106,1506,1504,1505,1000,1000,2008,1505,1505,1074,2008,1625,1256,1000,1000
-0.0041,-0.0071,-0.6797,0.0011,-0.0218,3.1105,0.0063,-0.0042,-3.1481,4.8332,-0.1409,-0.2048,-10.0649,0.0020,0.0055,0.0016,-0.2914,-0.3638,-9.8144,0.0035,0.0016,-0.0039,-0.8278,-1.6462,-5.8679,0.0047,-0.0670,0.0000,-1.4691,2.0761,-8.1008,0.0067,-0.0447,-0.0008,4.8332,0.0118,0.0409,0.0037,533.8965,534.7250,434.2433,458.6576,-1.391519,0.540277,-0.079997,0.000274,-0.005332,-0.012684,-1.393128,0.556087,-0.200000,0.000000,0.000000,0.000000,-1.392073,0.541592,-0.076429,1.0000,1.0000,1.0000,1.660,4.810,0.340,5.000,3.000,8.000,1.500,0.060,0.110,381816925,1353479951,381816167,3148,1106,1506,1504,1505,1000,1000,2008,1505,1505,1074,2008,1625,1256,1000,1000
-0.0043,-0.0069,-0.6797,0.0005,-0.0217,3.1105,0.0063,-0.0042,-3.1481,4.8332,-0.0763,0.2372,-9.9958,0.0045,0.0113,-0.0036,-0.1046,0.0733,-9.6563,0.0077,0.0052,-0.0088,-1.1032,1.4351,-7.6899,-0.0049,-0.0593,-0.0336,0.6571,-3.8606,-11.2540,-0.0019,-0.0706,-0.0325,4.8332,0.0126,0.0380,0.0040,532.4378,533.3066,435.1551,461.1339,-1.391259,0.541472,-0.077202,0.000467,-0.002162,-0.007612,-1.393128,0.556087,-0.200000,0.000000,0.000000,0.000000,-1.391729,0.542672,-0.076643,1.0000,1.0000,1.0000,1.660,4.810,0.340,5.000,3.000,8.000,1.500,0.060,0.110,381827023,1353714021,381825213,3150,1106,1506,1504,1505,1000,1000,2008,1505,1505,1074,2008,1625,1256,1000,1000
-0.0038,-0.0068,-0.6798,0.0005,-0.0217,3.1105,0.0063,-0.0042,-3.1481,4.8332,0.0036,0.1197,-9.7922,-0.0017,0.0072,0.0157,0.0490,0.1035,-9.6862,0.0017,-0.0024,0.0062,-0.0880,-0.1307,-10.2181,-0.0004,-0.0388,0.0139,1.3987,-1.1167,-10.3131,-0.0035,-0.0205,0.0168,4.8332,0.0141,0.0401,0.0035,534.6237,533.2250,433.9768,459.8077,-1.391252,0.541454,-0.077295,0.000315,-0.000994,-0.007784,-1.393128,0.556087,-0.200000,0.000000,0.000000,0.000000,-1.391729,0.542672,-0.076643,1.0000,1.0000,1.0000,1.660,4.810,0.340,5.000,3.000,8.000,1.500,0.060,0.110,381837523,1353714021,381837264,3150,1106,1506,1504,1505,1000,1000,2008,1505,1505,1074,2008,1625,1256,1000,1000
-0.0041,-0.0069,-0.6797,0.0005,-0.0216,3.1106,0.0063,-0.0042,-3.1481,4.8332,-0.1446,-0.1713,-9.5894,0.0024,-0.0021,-0.0036,-0.0871,0.0085,-9.5124,0.0049,0.0008,-0.0105,0.5823,0.0178,-11.2524,0.0031,0.0132,0.0224,2.8550,2.5088,-13.8309,0.0035,-0.0376,0.0024,4.8332,0.0121,0.0399,0.0040,533.1881,534.4188,434.2232,459.8560,-1.391249,0.541438,-0.077369,0.000341,-0.001791,-0.008474,-1.393128,0.556087,-0.200000,0.000000,0.000000,0.000000,-1.391729,0.542672,-0.076643,1.0000,1.0000,1.0000,1.660,4.810,0.340,5.000,3.000,8.000,1.500,0.060,0.110,381848023,1353714021,381846264,3150,1106,1506,1504,1505,1000,1000,2008,1505,1505,1074,2008,1625,1256,1000,1000
-0.0039,-0.0070,-0.6796,0.0005,-0.0216,3.1107,0.0063,-0.0042,-3.1481,4.8332,-0.1959,0.1480,-9.8591,0.0008,0.0008,0.0000,-0.1076,0.2173,-9.9312,-0.0002,-0.0043,-0.0019,0.5249,-0.4539,-11.6547,0.0273,0.0481,-0.0261,-0.3036,-0.9677,-10.3616,0.0229,0.0333,-0.0250,4.8332,0.0132,0.0389,0.0027,534.7502,531.9299,436.6960,458.5846,-1.391243,0.541423,-0.077467,0.000726,-0.001425,-0.008428,-1.393128,0.556087,-0.200000,0.000000,0.000000,0.000000,-1.391729,0.542672,-0.076643,1.0000,1.0000,1.0000,1.660,4.810,0.340,5.000,3.000,8.000,1.500,0.060,0.110,381858523,1353714021,381858264,3150,1106,1506,1504,1505,1000,1000,2008,1505,1505,1074,2008,1625,1256,1000,1000
-0.0042,-0.0076,-0.6797,0.0005,-0.0217,3.1106,0.0063,-0.0042,-3.1481,4.8332,-0.1127,0.1090,-9.7650,0.0002,0.0044,0.0094,-0.2470,0.2359,-9.7070,0.0041,-0.0039,-0.0027,-0.6004,-0.8346,-10.6682,0.0065,0.0420,0.0149,1.6232,-2.9807,-9.8210,0.0075,0.0357,0.0133,4.8332,0.0124,0.0413,0.0051,532.5593,536.4784,430.9597,461.2544,-1.391235,0.541408,-0.077546,0.001252,-0.001795,-0.008724,-1.393128,0.556087,-0.200000,0.000000,0.000000,0.000000,-1.391729,0.542672,-0.076643,1.0000,1.0000,1.0000,1.660,4.810,0.340,5.000,3.000,8.000,1.500,0.060,0.110,381869023,1353714021,381867264,3150,1106,1506,1504,1505,1000,1000,2008,1505,1505,1074,2008,1625,1256,1000,1000
-0.0042,-0.0073,-0.6796,0.0005,-0.0217,3.1107,0.0063,-0.0042,-3.1481,4.8332,-0.0200,0.1641,-10.0001,0.0015,-0.0008,0.0032,-0.1789,0.1408,-9.9498,0.0002,-0.0055,-0.0031,-1.0433,2.0289,-8.2453,0.0167,0.0193,0.0261,-0.6700,1.3021,-7.7811,0.0141,0.0442,0.0093,4.8332,0.0142,0.0411,0.0033,535.4727,533.3587,433.8862,458.7490,-1.391223,0.541390,-0.077653,0.000618,-0.001806,-0.009428,-1.393128,0.556087,-0.200000,0.000000,0.000000,0.000000,-1.391729,0.542672,-0.076643,1.0000,1.0000,1.0000,1.660,4.810,0.340,5.000,3.000,8.000,1.500,0.060,0.110,381879523,1353714021,381879264,3150,1106,1506,1504,1505,1000,1000,2008,1505,1505,1074,2008,1625,1256,1000,1000
-0.0041,-0.0076,-0.6795,0.0005,-0.0217,3.1108,0.0063,-0.0042,-3.1481,4.8332,0.0724,-0.1794,-9.8199,-0.0027,0.0034,-0.0005,-0.0173,-0.3046,-9.7718,-0.0019,-0.0001,-0.0036,-0.1790,0.4679,-9.8039,0.0156,-0.0246,-0.0250,-1.4439,-0.9569,-8.7203,-0.0008,-0.0096,-0.0234,4.8332,0.0121,0.0391,0.0024,534.8569,531.9506,437.7743,457.4065,-1.391206,0.541369,-0.077735,0.002409,-0.001495,-0.008815,-1.393128,0.556087,-0.200000,0.000000,0.000000,0.000000,-1.391729,0.542672,-0.076643,1.0000,1.0000,1.0000,1.660,4.810,0.340,5.000,3.000,8.000,1.500,0.060,0.110,381890023,1353714021,381888264,3150,1106,1506,1504,1505,1000,1000,2008,1505,1505,1074,2008,1625,1256,1000,1000
-0.0042,-0.0076,-0.6795,0.0005,-0.0217,3.1108,0.0063,-0.0042,-3.1481,4.8332,-0.1700,0.0052,-10.0078,0.0051,0.0115,0.0079,-0.1750,-0.3613,-9.7274,0.0060,0.0130,0.0018,-0.7800,-0.9758,-7.9580,-0.0153,-0.0350,-0.0152,1.6375,-1.3412,-11.3043,-0.0027,-0.0309,-0.0040,4.8332,0.0117,0.0381,0.0032,533.1804,532.6509,436.9755,459.3087,-1.391182,0.541351,-0.077843,0.002363,-0.001948,-0.009705,-1.393128,0.556087,-0.200000,0.000000,0.000000,0.000000,-1.391729,0.542672,-0.076643,1.0000,1.0000,1.0000,1.660,4.810,0.340,5.000,3.000,8.000,1.500,0.060,0.110,381900523,1353714021,381900264,3150,1106,1506,1504,1505,1000,1000,2008,1505,1505,1074,2008,1625,1256,1000,1000
-0.0040,-0.0074,-0.6796,0.0005,-0.0217,3.1108,0.0063,-0.0042,-3.1481,4.8332,0.0897,0.3307,-9.7085,0.0054,0.0016,-0.0023,-0.0031,0.3465,-9.5564,0.0032,-0.0037,-0.0067,-2.0656,0.7743,-9.8446,-0.0126,-0.0417,0.0258,0.0555,-1.5603,-12.4590,0.0019,-0.0493,-0.0019,4.8332,0.0120,0.0411,0.0044,533.1265,535.6824,432.5618,460.0231,-1.391162,0.541340,-0.077930,0.001588,-0.001524,-0.009484,-1.393128,0.556087,-0.200000,0.000000,0.000000,0.000000,-1.391729,0.542672,-0.076643,1.0000,1.0000,1.0000,1.660,4.810,0.340,5.000,3.000,8.000,1.500,0.060,0.110,381911023,1353714021,381909264,3150,1106,1506,1504,1505,1000,1000,2008,1505,1505,1074,2008,1625,1256,1000,1000
-0.0036,-0.0073,-0.6794,0.0005,-0.0217,3.1110,0.0063,-0.0042,-3.1481,4.8332,-0.0130,-0.1677,-9.8430,-0.0061,0.0013,0.0055,0.0222,-0.2212,-9.7323,0.0009,0.0008,0.0016,-0.1527,0.6929,-11.0178,0.0015,0.0049,-0.0056,0.1758,5.4807,-13.7070,-0.0088,-0.0149,-0.0189,4.8332,0.0147,0.0400,0.0028,535.7368,532.0378,435.1320,458.7945,-1.391144,0.541328,-0.078050,0.001274,0.000553,-0.010791,-1.393128,0.556087,-0.200000,0.000000,0.000000,0.000000,-1.391729,0.542672,-0.076643,1.0000,1.0000,1.0000,1.660,4.810,0.340,5.000,3.000,8.000,1.500,0.060,0.110,381921523,1353714021,381921264,3150,1106,1506,1504,1505,1000,1000,2008,1505,1505,1074,2008,1625,1256,1000,1000
-0.0039,-0.0074,-0.6794,0.0006,-0.0216,3.1110,0.0063,-0.0042,-3.1481,4.8332,-0.2619,-0.4090,-9.7569,0.0015,0.0084,0.0048,-0.0659,-0.4609,-9.8491,0.0052,0.0082,-0.0038,1.7124,-0.2073,-12.1311,0.0193,0.0321,0.0027,-0.2605,0.4743,-10.3921,0.0245,0.0136,-0.0064,4.8332,0.0112,0.0382,0.0035,532.5686,533.4169,436.4515,459.6277,-1.391133,0.541319,-0.078156,0.001913,-0.001557,-0.012067,-1.393128,0.556087,-0.200000,0.000000,0.000000,0.000000,-1.391729,0.542672,-0.076643,1.0000,1.0000,1.0000,1.660,4.810,0.340,5.000,3.000,8.000,1.500,0.060,0.110,381932023,1353714021,381930264,3150,1106,1506,1504,1505,1000,1000,2008,1505,1505,1074,2008,1625,1256,1000,1000
-0.0039,-0.0074,-0.6794,0.0005,-0.0216,3.1110,0.0063,-0.0042,-3.1481,4.8332,-0.2242,0.7046,-9.7103,0.0053,0.0035,-0.0003,-0.2633,0.8259,-9.8639,0.0038,-0.0058,-0.0063,-0.8111,0.4966,-10.3307,0.0353,0.0073,0.0096,0.3967,-3.7654,-8.6736,0.0423,0.0312,-0.0107,4.8332,0.0133,0.0423,0.0045,534.1818,535.8220,431.2021,459.9128,-1.391102,0.541320,-0.078285,0.003135,-0.001657,-0.009461,-1.393128,0.556087,-0.200000,0.000000,0.000000,0.000000,-1.391729,0.542672,-0.076643,1.0000,1.0000,1.0000,1.660,4.810,0.340,5.000,3.000,8.000,1.500,0.060,0.110,381942523,1353714021,381942264,3150,1106,1506,1504,1505,1000,1000,2008,1505,1505,1074,2008,1625,1256,1000,1000
-0.0036,-0.0075,-0.6794,0.0006,-0.0216,3.1110,0.0063,-0.0042,-3.1481,4.8332,0.1549,-0.1509,-10.0347,-0.0056,0.0044,0.0060,0.1713,0.0517,-9.8935,-0.0060,0.0038,0.0026,0.3501,1.5644,-7.2350,0.0084,-0.0257,0.0093,-3.7011,-0.4505,-6.9461,-0.0035,-0.0075,-0.0040,4.8332,0.0148,0.0415,0.0033,535.8349,533.4269,433.1751,458.9188,-1.391067,0.541313,-0.078369,0.004028,0.001272,-0.009296,-1.393128,0.556087,-0.200000,0.000000,0.000000,0.000000,-1.391729,0.542672,-0.076643,1.0000,1.0000,1.0000,1.660,4.810,0.340,5.000,3.000,8.000,1.500,0.060,0.110,381953023,1353714021,381951264,3150,1106,1506,1504,1505,1000,1000,2008,1505,1505,1074,2008,1625,1256,1000,1000
-0.0039,-0.0077,-0.6793,0.0006,-0.0216,3.1111,0.0063,-0.0042,-3.1481,4.8332,-0.3075,-0.4087,-9.9020,0.0033,0.0083,0.0045,-0.1845,-0.4222,-9.7470,0.0061,-0.0021,-0.0008,-0.2652,1.6889,-9.3874,-0.0145,-0.0302,-0.0139,2.1385,0.0038,-10.0365,-0.0085,0.0117,-0.0170,4.8332,0.0105,0.0409,0.0029,534.5120,534.1044,436.4310,456.5828,-1.391015,0.541301,-0.078495,0.005673,-0.001285,-0.011510,-1.393128,0.556087,-0.200000,0.000000,0.000000,0.000000,-1.391729,0.542672,-0.076643,1.0000,1.0000,1.0000,1.660,4.810,0.340,5.000,3.000,8.000,1.500,0.060,0.110,381963523,1353714021,381963264,3150,1106,1506,1504,1505,1000,1000,2008,1505,1505,1074,2008,1625,1256,1000,1000
-0.0040,-0.0075,-0.6793,0.0006,-0.0216,3.1112,0.0063,-0.0042,-3.1481,4.8332,-0.0880,0.4478,-9.8825,0.0097,0.0040,0.0028,-0.1960,0.3633,-9.8433,0.0093,-0.0025,-0.0045,-0.0641,-0.5616,-9.1240,-0.0340,-0.0164,0.0032,-0.3593,-0.9228,-10.6596,-0.0234,-0.0096,0.0019,4.8332,0.0145,0.0434,0.0039,535.8228,535.2567,431.0144,458.8367,-1.390970,0.541294,-0.078593,0.004172,-0.002310,-0.010587,-1.393128,0.556087,-0.200000,0.000000,0.000000,0.000000,-1.391729,0.542672,-0.076643,1.0000,1.0000,1.0000,1.660,4.810,0.340,5.000,3.000,8.000,1.500,0.060,0.110,381974023,1353714021,381972264,3150,1106,1506,1504,1505,1000,1000,2008,1505,1505,1074,2008,1625,1256,1000,1000
-0.0036,-0.0076,-0.6793,-0.0000,-0.0216,3.1112,0.0063,-0.0042,-3.1481,4.8332,0.0860,0.2032,-9.9826,-0.0020,0.0056,0.0003,-0.0217,0.1759,-9.8205,0.0010,0.0018,-0.0049,-0.4855,1.5812,-8.2764,-0.0118,-0.0140,0.0091,0.4308,0.4258,-8.0666,0.0029,-0.0083,0.0045,4.8332,0.0151,0.0407,0.0041,534.4785,533.9817,431.9850,460.9725,-1.390917,0.542296,-0.077564,0.005270,0.003853,-0.009110,-1.393128,0.556087,-0.200000,0.000000,0.000000,0.000000,-1.390910,0.543014,-0.076055,1.0000,1.0000,1.0000,1.660,4.810,0.340,5.000,3.000,8.000,1.500,0.060,0.110,381984070,1353814040,381981265,3151,1106,1506,1504,1505,1000,1000,2008,1505,1505,1074,2008,1625,1256,1000,1000
-0.0037,-0.0075,-0.6792,-0.0002,-0.0220,3.1112,0.0063,-0.0042,-3.1481,4.8332,-0.2022,-0.6038,-9.9712,0.0021,0.0018,0.0062,-0.1640,-0.5367,-9.7371,0.0050,-0.0047,-0.0033,0.6111,-2.0820,-6.1025,-0.0436,-0.0369,0.0139,-1.6666,4.1555,-9.1620,-0.0517,-0.0309,0.0181,4.8332,0.0124,0.0432,0.0034,535.5899,535.2801,433.0627,457.1496,-1.391511,0.542776,-0.077744,0.002168,0.005531,-0.010349,-1.393128,0.556087,-0.200000,0.000000,0.000000,0.000000,-1.392555,0.543464,-0.077827,1.0000,1.0000,1.0000,1.660,4.810,0.340,5.000,3.000,8.000,1.500,0.060,0.110,381994118,1353914658,381993359,3152,1106,1506,1504,1505,1000,1000,2008,1505,1505,1074,2008,1625,1256,1000,1000
-0.0041,-0.0076,-0.6791,-0.0003,-0.0220,3.1114,0.0063,-0.0042,-3.1481,4.8332,-0.2404,0.6289,-9.9661,0.0107,0.0073,0.0038,-0.1816,0.4042,-9.7331,0.0108,0.0074,0.0008,-0.5645,-0.9615,-9.1814,-0.0225,-0.0071,-0.0139,0.9372,-3.6128,-11.8897,-0.0184,-0.0285,-0.0240,4.8332,0.0151,0.0418,0.0025,537.1295,532.4142,434.4053,457.4162,-1.391488,0.542821,-0.077844,0.002639,0.002176,-0.012422,-1.393128,0.556087,-0.200000,0.000000,0.000000,0.000000,-1.392555,0.543464,-0.077827,1.0000,1.0000,1.0000,1.660,4.810,0.340,5.000,3.000,8.000,1.500,0.060,0.110,382004618,1353914658,382002359,3152,1106,1506,1504,1505,1000,1000,2008,1505,1505,1074,2008,1625,1256,1000,1000
-0.0036,-0.0076,-0.6791,-0.0002,-0.0220,3.1114,0.0063,-0.0042,-3.1481,4.8332,0.0246,0.1515,-9.8016,-0.0044,0.0015,0.0099,0.0751,0.5896,-9.9260,-0.0043,-0.0064,0.0020,-0.4304,0.7647,-9.8183,0.0287,0.0308,0.0155,0.9372,-0.8061,-10.2520,0.0160,0.0101,0.0037,4.8332,0.0159,0.0434,0.0047,535.4526,535.6244,428.9316,460.7876,-1.391450,0.542853,-0.077994,0.002921,0.004040,-0.012238,-1.393128,0.556087,-0.200000,0.000000,0.000000,0.000000,-1.392555,0.543464,-0.077827,1.0000,1.0000,1.0000,1.660,4.810,0.340,5.000,3.000,8.000,1.500,0.060,0.110,382015118,1353914658,382014359,3152,1106,1506,1504,1505,1000,1000,2008,1505,1505,1074,2008,1625,1256,1000,1000
-0.0038,-0.0077,-0.6791,-0.0002,-0.0220,3.1114,0.0063,-0.0042,-3.1481,4.8332,-0.1976,-0.2602,-9.8623,-0.0030,0.0020,-0.0089,-0.3253,-0.2982,-9.9368,-0.0007,-0.0041,-0.0136,1.1115,2.2013,-10.8981,0.0428,0.0271,0.0195,0.3536,-0.1812,-7.4992,0.0453,0.0184,0.0117,4.8332,0.0161,0.0429,0.0048,535.1340,535.5180,428.9093,461.3018,-1.391427,0.542877,-0.078108,0.002798,0.002456,-0.012844,-1.393128,0.556087,-0.200000,0.000000,0.000000,0.000000,-1.392555,0.543464,-0.077827,1.0000,1.0000,1.0000,1.660,4.810,0.340,5.000,3.000,8.000,1.500,0.060,0.110,382025618,1353914658,382023359,3152,1106,1506,1504,1505,1000,1000,2008,1505,1505,1074,2008,1625,1256,1000,1000
-0.0040,-0.0074,-0.6790,-0.0002,-0.0220,3.1115,0.0063,-0.0042,-3.1481,4.8332,-0.0814,0.0582,-9.9098,0.0003,0.0025,0.0095,-0.1281,0.1673,-9.8452,0.0019,0.0079,0.0054,-0.2173,0.8868,-8.4321,0.0265,0.0001,-0.0128,0.5170,-5.0404,-9.8049,0.0463,0.0083,-0.0368,4.8332,0.0153,0.0430,0.0027,537.5078,533.2302,433.2327,457.1331,-1.391395,0.542912,-0.078259,0.002294,0.002520,-0.012313,-1.393128,0.556087,-0.200000,0.000000,0.000000,0.000000,-1.392555,0.543464,-0.077827,1.0000,1.0000,1.0000,1.660,4.810,0.340,5.000,3.000,8.000,1.500,0.060,0.110,382036118,1353914658,382035359,3152,1106,1506,1504,1505,1000,1000,2008,1505,1505,1074,2008,1625,1256,1000,1000
-0.0036,-0.0075,-0.6790,-0.0002,-0.0220,3.1115,0.0063,-0.0042,-3.1481,4.8332,0.0349,0.0914,-9.9341,0.0052,0.0066,0.0127,-0.1290,0.4072,-9.7499,0.0030,0.0027,0.0058,-0.2915,0.3003,-8.3866,-0.0276,-0.0158,-0.0077,0.8079,0.6772,-11.1050,-0.0027,-0.0186,-0.0029,4.8332,0.0144,0.0414,0.0027,536.4108,532.6784,434.7044,457.6677,-1.391371,0.542948,-0.078376,0.002715,0.004568,-0.013863,-1.393128,0.556087,-0.200000,0.000000,0.000000,0.000000,-1.392555,0.543464,-0.077827,1.0000,1.0000,1.0000,1.660,4.810,0.340,5.000,3.000,8.000,1.500,0.060,0.110,382046618,1353914658,382044359,3152,1106,1506,1504,1505,1000,1000,2008,1505,1505,1074,2008,1625,1256,1000,1000
-0.0035,-0.0072,-0.6790,-0.0002,-0.0220,3.1115,0.0063,-0.0042,-3.1481,4.8332,-0.1606,0.1172,-9.6989,0.0009,0.0039,-0.0075,-0.1186,0.1592,-9.6834,0.0024,-0.0033,-0.0174,-0.5621,1.2388,-10.3953,0.0007,-0.0124,0.0240,-0.4473,2.7387,-11.1642,0.0029,-0.0301,0.0138,4.8332,0.0157,0.0434,0.0052,534.6690,536.3839,428.0530,461.6302,-1.391346,0.543005,-0.078541,0.002036,0.005213,-0.013460,-1.393128,0.556087,-0.200000,0.000000,0.000000,0.000000,-1.392555,0.543464,-0.077827,1.0000,1.0000,1.0000,1.660,4.810,0.340,5.000,3.000,8.000,1.500,0.060,0.110,382057118,1353914658,382056359,3152,1106,1506,1504,1505,1000,1000,2008,1505,1505,1074,2008,1625,1256,1000,1000
-0.0034,-0.0075,-0.6790,-0.0002,-0.0220,3.1116,0.0063,-0.0042,-3.1481,4.8332,-0.0665,-0.2005,-9.8391,0.0016,0.0000,-0.0053,-0.0465,-0.2506,-9.6320,0.0045,-0.0023,-0.0058,0.8290,-0.2791,-10.0889,-0.0329,0.0295,-0.0077,0.0699,-0.5421,-11.3582,-0.0192,0.0024,-0.0186,4.8332,0.0153,0.0409,0.0034,535.6448,533.0325,433.2174,459.5585,-1.391325,0.543053,-0.078663,0.002036,0.005780,-0.013960,-1.393128,0.556087,-0.200000,0.000000,0.000000,0.000000,-1.392555,0.543464,-0.077827,1.0000,1.0000,1.0000,1.660,4.810,0.340,5.000,3.000,8.000,1.500,0.060,0.110,382067618,1353914658,382065359,3152,1106,1506,1504,1505,1000,1000,2008,1505,1505,1074,2008,1625,1256,1000,1000
-0.0036,-0.0077,-0.6789,-0.0002,-0.0220,3.1117,0.0063,-0.0042,-3.1481,4.8332,-0.2362,-0.0064,-9.8723,0.0046,0.0074,0.0249,-0.0874,-0.3771,-9.9857,0.0057,0.0076,0.0178,-0.1359,-0.5473,-10.8167,-0.0073,0.0297,-0.0043,-0.2929,3.9885,-8.9142,-0.0075,0.0269,0.0101,4.8332,0.0138,0.0414,0.0017,537.5012,531.6335,436.8409,455.5642,-1.391300,0.543125,-0.078835,0.002606,0.005624,-0.014830,-1.393128,0.556087,-0.200000,0.000000,0.000000,0.000000,-1.392555,0.543464,-0.077827,1.0000,1.0000,1.0000,1.660,4.810,0.340,5.000,3.000,8.000,1.500,0.060,0.110,382078118,1353914658,382077359,3152,1106,1506,1504,1505,1000,1000,2008,1505,1505,1074,2008,1625,1256,1000,1000
-0.0038,-0.0077,-0.6789,-0.0002,-0.0220,3.1117,0.0063,-0.0042,-3.1481,4.8332,-0.0907,0.4329,-9.7834,0.0049,0.0019,-0.0046,-0.3166,0.7183,-9.6977,0.0050,-0.0023,-0.0102,-1.0816,0.5134,-9.5693,0.0068,0.0145,0.0226,-2.4208,-1.4705,-7.5854,0.0096,-0.0093,0.0115,4.8332,0.0139,0.0431,0.0051,533.9618,536.8682,429.1315,460.8838,-1.391276,0.543178,-0.078962,0.002506,0.005350,-0.013289,-1.393128,0.556087,-0.200000,0.000000,0.000000,0.000000,-1.392555,0.543464,-0.077827,1.0000,1.0000,1.0000,1.660,4.810,0.340,5.000,3.000,8.000,1.500,0.060,0.110,382088618,1353914658,382086359,3152,1106,1506,1504,1505,1000,1000,2008,1505,1505,1074,2008,1625,1256,1000,1000
-0.0033,-0.0077,-0.6788,-0.0001,-0.0220,3.1118,0.0063,-0.0042,-3.1481,4.7876,0.1653,-0.0535,-9.9639,-0.0058,0.0013,-0.0071,-0.0405,0.2842,-9.9068,-0.0030,0.0005,-0.0100,-0.3370,-0.9064,-10.2397,0.0324,0.0025,-0.0061,-1.3003,6.3229,-9.8498,0.0061,-0.0072,-0.0274,4.7876,0.0158,0.0425,0.0030,534.7563,530.8153,430.3057,455.9256,-1.391244,0.543245,-0.079125,0.002139,0.007368,-0.014028,-1.393128,0.556087,-0.200000,0.000000,0.000000,0.000000,-1.392555,0.543464,-0.077827,1.0000,1.0000,1.0000,1.660,4.810,0.340,5.000,3.000,8.000,1.500,0.060,0.110,382099118,1353914658,382098359,3152,1105,1506,1504,1505,1000,1000,2008,1505,1505,1074,2008,1625,1256,1000,1000
-0.0036,-0.0076,-0.6788,-0.0001,-0.0220,3.1118,0.0063,-0.0042,-3.1481,4.7876,-0.0219,-0.5273,-9.7756,-0.0003,0.0061,0.0103,-0.1361,-0.5776,-9.7266,0.0025,0.0069,0.0036,-1.4408,1.4591,-10.0410,0.0420,-0.0145,0.0000,-1.6594,0.6790,-10.5681,0.0501,-0.0173,0.0029,4.7876,0.0118,0.0426,0.0035,532.7046,532.9295,431.2351,454.9819,-1.391227,0.543296,-0.079256,0.002033,0.005187,-0.014745,-1.393128,0.556087,-0.200000,0.000000,0.000000,0.000000,-1.392555,0.543464,-0.077827,1.0000,1.0000,1.0000,1.660,4.810,0.340,5.000,3.000,8.000,1.500,0.060,0.110,382109618,1353914658,382107359,3152,1093,1506,1504,1505,1000,1000,2008,1505,1505,1074,2008,1625,1256,1000,1000
-0.0036,-0.0074,-0.6787,-0.0001,-0.0220,3.1119,0.0063,-0.0042,-3.1481,4.2404,-0.1982,0.5850,-9.9600,0.0087,0.0044,0.0134,-0.2065,0.3323,-9.9549,0.0043,0.0002,0.0079,-0.1886,-1.5193,-8.8989,0.0289,0.0031,0.0117,-1.8749,-1.1688,-9.7797,0.0597,-0.0146,0.0043,4.2404,0.0164,0.0451,0.0032,507.4015,503.1893,397.8255,426.6594,-1.391211,0.543377,-0.079431,0.000719,0.005254,-0.014907,-1.393128,0.556087,-0.200000,0.000000,0.000000,0.000000,-1.392555,0.543464,-0.077827,1.0000,1.0000,1.0000,1.660,4.810,0.340,5.000,3.000,8.000,1.500,0.060,0.110,382120118,1353914658,382119359,3152,1090,1506,1504,1505,1000,1000,2008,1505,1505,1074,2008,1625,1256,1000,1000
-0.0033,-0.0074,-0.6787,-0.0001,-0.0220,3.1120,0.0063,-0.0042,-3.1481,3.4197,0.0823,0.1583,-9.7697,-0.0054,-0.0017,-0.0062,0.1491,0.1885,-9.7483,-0.0056,-0.0061,-0.0130,0.2376,0.8749,-9.7872,0.0145,0.0047,0.0021,0.4003,0.1600,-10.3957,0.0101,-0.0213,0.0125,3.4197,0.0170,0.0450,0.0044,459.5371,458.0727,344.1248,383.1848,-1.391197,0.543433,-0.079567,0.001594,0.008049,-0.014995,-1.393128,0.556087,-0.200000,0.000000,0.000000,0.000000,-1.392555,0.543464,-0.077827,1.0000,1.0000,1.0000,1.660,4.810,0.340,5.000,3.000,8.000,1.500,0.060,0.110,382130618,1353914658,382128359,3152,1075,1506,1504,1505,1000,1000,2008,1505,1505,1074,2008,1625,1256,1000,1000
-0.0035,-0.0076,-0.6787,-0.0001,-0.0220,3.1120,0.0063,-0.0042,-3.1481,3.1917,-0.2740,-0.5040,-9.8381,0.0007,0.0080,-0.0009,-0.1846,-0.4656,-9.7288,0.0039,-0.0018,-0.0066,-0.2724,0.5181,-10.3953,-0.0321,-0.0169,-0.0147,-1.1404,-0.4308,-11.1642,-0.0178,-0.0197,-0.0168,3.1917,0.0147,0.0412,0.0038,443.4191,442.1239,334.6491,369.3546,-1.391178,0.543511,-0.079746,0.002744,0.007179,-0.015321,-1.393128,0.556087,-0.200000,0.000000,0.000000,0.000000,-1.392555,0.543464,-0.077827,1.0000,1.0000,1.0000,1.660,4.810,0.340,5.000,3.000,8.000,1.500,0.060,0.110,382141118,1353914658,382140359,3152,1070,1506,1504,1505,1000,1000,2008,1505,1505,1074,2008,1625,1256,1000,1000
-0.0037,-0.0075,-0.6787,-0.0001,-0.0220,3.1120,0.0063,-0.0042,-3.1481,2.2342,-0.1533,0.2844,-9.7398,0.0100,0.0013,0.0050,-0.1491,0.1190,-9.7504,0.0081,-0.0037,-0.0013,-0.1766,-0.4898,-10.5845,-0.0398,0.0017,0.0048,0.2548,-0.1327,-12.8756,-0.0197,-0.0282,-0.0003,2.2342,0.0119,0.0430,0.0035,380.3049,380.4730,262.5485,300.0527,-1.391153,0.543577,-0.079885,0.002384,0.005742,-0.015655,-1.393128,0.556087,-0.200000,0.000000,0.000000,0.000000,-1.392555,0.543464,-0.077827,1.0000,1.0000,1.0000,1.660,4.810,0.340,5.000,3.000,8.000,1.500,0.060,0.110,382151618,1353914658,382149359,3152,1049,1506,1504,1505,1000,1000,2008,1505,1505,1074,2008,1625,1256,1000,1000
-0.0032,-0.0076,-0.6786,-0.0001,-0.0220,3.1121,0.0063,-0.0042,-3.1481,1.9150,0.0433,0.2346,-9.8138,-0.0039,0.0019,0.0100,0.1291,0.3283,-9.9116,-0.0006,-0.0024,0.0060,-0.5573,2.2156,-10.6850,0.0097,0.0228,0.0117,0.3464,2.5717,-9.3631,-0.0141,0.0069,-0.0125,1.9150,0.0167,0.0432,0.0028,360.6484,353.0390,231.1199,276.0143,-1.391117,0.543664,-0.080072,0.003095,0.008617,-0.015778,-1.393128,0.556087,-0.200000,0.000000,0.000000,0.000000,-1.392555,0.543464,-0.077827,1.0000,1.0000,1.0000,1.660,4.810,0.340,5.000,3.000,8.000,1.500,0.060,0.110,382162118,1353914658,382161359,3152,1040,1506,1504,1505,1000,1000,2008,1505,1505,1074,2008,1625,1256,1000,1000
-0.0035,-0.0076,-0.6786,-0.0000,-0.0220,3.1121,0.0063,-0.0042,-3.1481,1.8238,-0.1494,-0.4651,-9.8058,0.0007,0.0039,-0.0068,-0.2042,-0.5180,-9.7613,-0.0017,0.0004,-0.0108,-0.4879,-0.5497,-8.7361,0.0103,-0.0073,-0.0120,-0.5981,-1.4597,-9.8210,0.0003,-0.0154,-0.0202,1.8238,0.0134,0.0439,0.0041,349.8052,350.9529,219.0047,269.2755,-1.391094,0.543721,-0.080216,0.002503,0.005839,-0.016022,-1.393128,0.556087,-0.200000,0.000000,0.000000,0.000000,-1.392555,0.543464,-0.077827,1.0000,1.0000,1.0000,1.660,4.810,0.340,5.000,3.000,8.000,1.500,0.060,0.110,382172618,1353914658,382170359,3152,1040,1506,1504,1505,1000,1000,2008,1505,1505,1074,2008,1625,1256,1000,1000
-0.0035,-0.0073,-0.6785,-0.0001,-0.0220,3.1122,0.0063,-0.0042,-3.1481,1.8238,0.0874,0.5820,-9.9285,0.0051,-0.0001,0.0133,0.0974,0.4857,-9.7588,0.0028,-0.0039,0.0071,0.0173,0.8797,-10.1679,0.0049,0.0095,-0.0011,-0.3719,-2.1798,-9.8731,0.0099,-0.0117,-0.0184,1.8238,0.0156,0.0441,0.0026,354.3074,346.7069,222.7209,265.8192,-1.391069,0.543808,-0.080408,0.000984,0.005572,-0.016325,-1.393128,0.556087,-0.200000,0.000000,0.000000,0.000000,-1.392555,0.543464,-0.077827,1.0000,1.0000,1.0000,1.660,4.810,0.340,5.000,3.000,8.000,1.500,0.060,0.110,382183118,1353914658,382182359,3152,1040,1506,1504,1505,1000,1000,2008,1505,1505,1074,2008,1625,1256,1000,1000
-0.0034,-0.0076,-0.6785,-0.0000,-0.0220,3.1122,0.0063,-0.0042,-3.1481,1.8238,-0.1585,-0.1783,-9.8966,-0.0027,0.0063,-0.0027,-0.0767,-0.1992,-9.7371,-0.0022,-0.0003,-0.0107,0.0413,0.1303,-9.4568,-0.0015,0.0036,0.0218,-0.3467,0.9053,-9.2177,-0.0085,-0.0048,0.0000,1.8238,0.0152,0.0433,0.0044,349.8192,350.0683,216.8057,272.1726,-1.391057,0.543855,-0.080559,0.002157,0.006350,-0.017020,-1.393128,0.556087,-0.200000,0.000000,0.000000,0.000000,-1.392555,0.543464,-0.077827,1.0000,1.0000,1.0000,1.660,4.810,0.340,5.000,3.000,8.000,1.500,0.060,0.110,382193618,1353914658,382191359,3152,1040,1506,1504,1505,1000,1000,2008,1505,1505,1074,2008,1625,1256,1000,1000
-0.0037,-0.0074,-0.6784,-0.0000,-0.0220,3.1123,0.0063,-0.0042,-3.1481,1.8238,-0.1804,0.0783,-9.9961,0.0017,-0.0026,0.0149,-0.1756,0.0100,-9.9878,0.0031,-0.0038,0.0089,1.0468,-0.3462,-8.6859,0.0047,0.0249,-0.0179,-1.5283,-0.0950,-7.7434,-0.0040,0.0173,-0.0256,1.8238,0.0148,0.0436,0.0015,355.4558,344.6754,227.9794,262.4489,-1.391035,0.543930,-0.080763,0.001558,0.005436,-0.017053,-1.393128,0.556087,-0.200000,0.000000,0.000000,0.000000,-1.392555,0.543464,-0.077827,1.0000,1.0000,1.0000,1.660,4.810,0.340,5.000,3.000,8.000,1.500,0.060,0.110,382204118,1353914658,382203360,3152,1040,1506,1504,1505,1000,1000,2008,1505,1505,1074,2008,1625,1256,1000,1000
-0.0032,-0.0080,-0.6784,0.0004,-0.0221,3.1123,0.0063,-0.0042,-3.1481,1.8238,-0.1620,-0.0552,-9.6770,0.0040,0.0070,-0.0077,-0.2521,0.1060,-9.7330,0.0031,-0.0018,-0.0112,-0.2532,2.1318,-11.0034,-0.0118,0.0055,0.0176,-1.5750,-2.5533,-10.7620,-0.0210,0.0285,0.0101,1.8238,0.0148,0.0437,0.0049,348.9587,351.5163,214.9354,272.8935,-1.391201,0.543252,-0.078585,0.002616,0.004267,-0.012413,-1.393128,0.556087,-0.200000,0.000000,0.000000,0.000000,-1.391299,0.542904,-0.076061,1.0000,1.0000,1.0000,1.660,4.810,0.340,5.000,3.000,8.000,1.500,0.060,0.110,382214167,1354047972,382212408,3153,1040,1506,1504,1505,1000,1000,2008,1505,1505,1074,2008,1625,1256,1000,1000
-0.0037,-0.0078,-0.6784,0.0004,-0.0221,3.1124,0.0063,-0.0042,-3.1481,1.5503,-0.0381,0.0525,-10.0004,0.0006,0.0013,0.0064,-0.0052,-0.1386,-9.8397,-0.0014,-0.0047,0.0034,0.4746,-0.4204,-8.3052,0.0041,-0.0121,-0.0163,-0.6376,1.1171,-10.3274,0.0128,-0.0128,-0.0290,1.5503,0.0139,0.0445,0.0025,331.9232,325.6627,194.2223,239.0646,-1.391171,0.543298,-0.078730,0.002058,0.003424,-0.012200,-1.393128,0.556087,-0.200000,0.000000,0.000000,0.000000,-1.391299,0.542904,-0.076061,1.0000,1.0000,1.0000,1.660,4.810,0.340,5.000,3.000,8.000,1.500,0.060,0.110,382224667,1354047972,382224408,3153,1032,1506,1504,1505,1000,1000,2008,1505,1505,1074,2008,1625,1256,1000,1000
-0.0034,-0.0078,-0.6784,0.0004,-0.0221,3.1123,0.0063,-0.0042,-3.1481,1.4591,-0.0959,0.0501,-9.8197,0.0008,0.0071,0.0046,-0.1664,0.0785,-9.8103,0.0040,-0.0015,-0.0044,-0.1599,0.2811,-10.7066,0.0145,0.0177,0.0258,0.8797,-2.1349,-10.3687,0.0107,0.0077,0.0192,1.4591,0.0144,0.0441,0.0045,320.1664,321.5916,173.8355,238.0267,-1.391153,0.543329,-0.078845,0.002051,0.003764,-0.013196,-1.393128,0.556087,-0.200000,0.000000,0.000000,0.000000,-1.391299,0.542904,-0.076061,1.0000,1.0000,1.0000,1.660,4.810,0.340,5.000,3.000,8.000,1.500,0.060,0.110,382235167,1354047972,382233408,3153,1009,1506,1504,1505,1000,1000,2008,1505,1505,1074,2008,1625,1256,1000,1000
-0.0038,-0.0074,-0.6782,0.0004,-0.0221,3.1125,0.0063,-0.0042,-3.1481,0.0912,0.0162,0.0901,-9.7634,0.0017,0.0034,0.0132,-0.0334,0.0532,-9.7543,0.0054,0.0023,0.0076,-0.0330,0.4367,-11.1447,-0.0073,0.0100,-0.0128,-1.7007,0.3809,-9.7959,-0.0008,0.0056,-0.0146,0.0912,0.0092,0.0285,0.0023,143.2270,139.7841,0.0000,0.0000,-1.391131,0.543371,-0.079001,0.001397,0.003013,-0.012728,-1.393128,0.556087,-0.200000,0.000000,0.000000,0.000000,-1.391299,0.542904,-0.076061,1.0000,1.0000,1.0000,1.660,4.810,0.340,5.000,3.000,8.000,1.500,0.060,0.110,382245667,1354047972,382245408,3153,1002,1506,1504,1505,1000,1000,2008,1505,1505,1074,2008,1625,1256,1000,1000
-0.0034,-0.0075,-0.6783,0.0004,-0.0221,3.1125,0.0063,-0.0042,-3.1481,0.0000,-0.0725,-0.0315,-9.9052,0.0003,0.0027,-0.0123,-0.1475,0.0373,-9.8262,-0.0015,-0.0047,-0.0167,-0.1479,0.2069,-9.4113,0.0012,0.0031,0.0021,0.3895,0.0505,-8.8442,-0.0019,0.0149,-0.0048,0.0000,0.0096,0.0292,0.0050,111.3034,135.6873,0.0000,0.0000,-1.391118,0.543399,-0.079117,0.001391,0.003537,-0.012966,-1.393128,0.556087,-0.200000,0.000000,0.000000,0.000000,-1.391299,0.542904,-0.076061,1.0000,1.0000,1.0000,1.660,4.810,0.340,5.000,3.000,8.000,1.500,0.060,0.110,382256167,1354047972,382254408,3153,1000,1506,1504,1505,1000,1000,2008,1505,1505,1074,2008,1625,1256,1000,1000
-0.0041,-0.0075,-0.6782,0.0004,-0.0221,3.1126,0.0063,-0.0042,-3.1481,0.0000,-0.1010,0.1920,-9.9328,0.0021,0.0024,0.0209,-0.1342,0.1434,-9.9914,0.0025,0.0036,0.0145,-0.6219,-0.8633,-9.7345,0.0020,0.0012,0.0104,-0.2157,-1.0449,-8.5120,0.0045,-0.0059,0.0069,0.0000,0.0090,0.0295,0.0016,129.9830,119.4211,0.0000,0.0000,-1.391102,0.543434,-0.079278,0.001341,0.001965,-0.013809,-1.393128,0.556087,-0.200000,0.000000,0.000000,0.000000,-1.391299,0.542904,-0.076061,1.0000,1.0000,1.0000,1.660,4.810,0.340,5.000,3.000,8.000,1.500,0.060,0.110,382266667,1354047972,382266408,3153,1000,1506,1504,1505,1000,1000,2008,1505,1505,1074,2008,1625,1256,1000,1000
-0.0035,-0.0077,-0.6781,0.0005,-0.0221,3.1127,0.0063,-0.0042,-3.1481,0.0000,-0.0235,-0.1223,-9.8602,0.0003,0.0070,-0.0060,-0.0214,0.0042,-9.8092,0.0046,-0.0015,-0.0104,-0.9811,-0.2169,-9.4759,0.0073,-0.0145,-0.0160,-0.7454,0.3199,-9.7205,-0.0027,-0.0029,-0.0386,0.0000,0.0092,0.0281,0.0036,116.2487,126.8812,0.0000,0.0000,-1.391087,0.543457,-0.079405,0.001832,0.003388,-0.014386,-1.393128,0.556087,-0.200000,0.000000,0.000000,0.000000,-1.391299,0.542904,-0.076061,1.0000,1.0000,1.0000,1.660,4.810,0.340,5.000,3.000,8.000,1.500,0.060,0.110,382277167,1354047972,382275408,3153,1000,1506,1504,1505,1000,1000,2008,1505,1505,1074,2008,1625,1256,1000,1000
-0.0035,-0.0074,-0.6783,0.0005,-0.0221,3.1125,0.0063,-0.0042,-3.1481,0.0000,-0.0435,0.0801,-9.8335,0.0030,0.0033,-0.0088,-0.0979,0.0910,-9.7641,0.0034,0.0018,-0.0126,-0.6914,0.5756,-9.5669,-0.0097,-0.0113,0.0053,-0.2121,0.0469,-10.5124,0.0005,-0.0240,-0.0245,0.0000,0.0084,0.0289,0.0050,107.9440,137.4107,0.0000,0.0000,-1.391068,0.543501,-0.079576,0.001439,0.003395,-0.014181,-1.393128,0.556087,-0.200000,0.000000,0.000000,0.000000,-1.391299,0.542904,-0.076061,1.0000,1.0000,1.0000,1.660,4.810,0.340,5.000,3.000,8.000,1.500,0.060,0.110,382287667,1354047972,382287408,3153,1000,1506,1504,1505,1000,1000,2008,1505,1505,1074,2008,1625,1256,1000,1000
-0.0043,-0.0075,-0.6782,0.0005,-0.0221,3.1126,0.0063,-0.0042,-3.1481,0.0000,-0.1069,0.1470,-9.9185,0.0012,0.0049,0.0221,-0.1508,0.0860,-9.6953,0.0036,0.0022,0.0178,-0.2221,0.1973,-9.9452,0.0020,0.0025,0.0274,0.3320,0.1546,-10.8733,0.0104,-0.0032,0.0234,0.0000,0.0096,0.0289,0.0019,128.0048,118.8872,0.0000,0.0000,-1.391055,0.543527,-0.079707,0.001494,0.002398,-0.014993,-1.393128,0.556087,-0.200000,0.000000,0.000000,0.000000,-1.391299,0.542904,-0.076061,1.0000,1.0000,1.0000,1.660,4.810,0.340,5.000,3.000,8.000,1.500,0.060,0.110,382298167,1354047972,382296408,3153,1000,1506,1504,1505,1000,1000,2008,1505,1505,1074,2008,1625,1256,1000,1000
-0.0041,-0.0076,-0.6780,0.0006,-0.0224,3.1128,0.0063,-0.0042,-3.1481,0.0000,-0.0920,-0.0534,-9.7984,0.0038,0.0021,0.0021,-0.0803,-0.0886,-9.7184,0.0015,-0.0036,0.0008,-0.1215,-0.7029,-10.0386,-0.0020,-0.0023,-0.0205,-0.5622,-0.8474,-10.4136,0.0144,-0.0181,-0.0194,0.0000,0.0088,0.0286,0.0023,124.3639,121.4355,0.0000,0.0000,-1.391592,0.543456,-0.078632,-0.000300,0.002485,-0.012236,-1.393128,0.556087,-0.200000,0.000000,0.000000,0.000000,-1.391974,0.543388,-0.077046,1.0000,1.0000,1.0000,1.660,4.810,0.340,5.000,3.000,8.000,1.500,0.060,0.110,382308713,1354180769,382308409,3154,1000,1506,1504,1505,1000,1000,2008,1505,1505,1074,2008,1625,1256,1000,1000
-0.0035,-0.0075,-0.6781,0.0006,-0.0224,3.1127,0.0063,-0.0042,-3.1481,0.0000,-0.0596,0.0747,-9.8780,0.0019,0.0043,-0.0157,-0.0775,0.0720,-9.9050,0.0016,0.0028,-0.0218,-0.3274,-0.2193,-9.7776,0.0041,0.0020,0.0032,0.7020,1.0094,-9.6900,-0.0165,-0.0258,-0.0162,0.0000,0.0087,0.0295,0.0053,108.1429,139.5610,0.0000,0.0000,-1.391595,0.543481,-0.078743,-0.000382,0.002920,-0.012430,-1.393128,0.556087,-0.200000,0.000000,0.000000,0.000000,-1.391974,0.543388,-0.077046,1.0000,1.0000,1.0000,1.660,4.810,0.340,5.000,3.000,8.000,1.500,0.060,0.110,382319213,1354180769,382317454,3154,1000,1506,1504,1505,1000,1000,2008,1505,1505,1074,2008,1625,1256,1000,1000
-0.0040,-0.0069,-0.6781,0.0006,-0.0224,3.1127,0.0063,-0.0042,-3.1481,0.0000,0.0139,0.0772,-9.8503,0.0017,0.0019,0.0181,-0.0924,0.1064,-9.7876,0.0008,-0.0032,0.0117,-0.3394,0.3458,-9.9189,0.0004,0.0052,0.0192,-0.0002,-0.3410,-9.6738,0.0032,0.0008,0.0109,0.0000,0.0090,0.0291,0.0030,121.7080,126.0070,0.0000,0.0000,-1.391605,0.543511,-0.078897,-0.001405,0.002148,-0.013141,-1.393128,0.556087,-0.200000,0.000000,0.000000,0.000000,-1.391974,0.543388,-0.077046,1.0000,1.0000,1.0000,1.660,4.810,0.340,5.000,3.000,8.000,1.500,0.060,0.110,382329713,1354180769,382329454,3154,1000,1506,1504,1505,1000,1000,2008,1505,1505,1074,2008,1625,1256,1000,1000
-0.0046,-0.0071,-0.6779,0.0006,-0.0224,3.1129,0.0063,-0.0042,-3.1481,0.0000,-0.1528,0.0645,-9.9292,0.0002,0.0030,0.0094,-0.1166,0.0901,-9.8812,0.0021,-0.0013,0.0058,-0.0569,-0.3007,-9.3179,0.0052,0.0057,-0.0016,-0.2210,-0.7468,-9.4888,-0.0021,0.0005,-0.0016,0.0000,0.0088,0.0290,0.0016,129.1429,118.2369,0.0000,0.0000,-1.391618,0.543528,-0.079017,-0.001279,0.001622,-0.013448,-1.393128,0.556087,-0.200000,0.000000,0.000000,0.000000,-1.391974,0.543388,-0.077046,1.0000,1.0000,1.0000,1.660,4.810,0.340,5.000,3.000,8.000,1.500,0.060,0.110,382340213,1354180769,382338454,3154,1000,1506,1504,1505,1000,1000,2008,1505,1505,1074,2008,1625,1256,1000,1000
-0.0042,-0.0078,-0.6780,0.0006,-0.0224,3.1129,0.0063,-0.0042,-3.1481,0.0000,-0.1146,-0.0138,-9.8596,0.0020,0.0036,-0.0117,-0.1376,-0.0365,-9.8647,-0.0006,-0.0019,-0.0152,-0.5717,-0.1139,-9.9811,0.0044,-0.0044,-0.0091,-0.5748,-0.5834,-10.0222,-0.0048,0.0000,-0.0061,0.0000,0.0087,0.0290,0.0047,110.6959,135.4481,0.0000,0.0000,-1.391628,0.543551,-0.079182,-0.000520,0.002179,-0.014036,-1.393128,0.556087,-0.200000,0.000000,0.000000,0.000000,-1.391974,0.543388,-0.077046,1.0000,1.0000,1.0000,1.660,4.810,0.340,5.000,3.000,8.000,1.500,0.060,0.110,382350713,1354180769,382350454,3154,1000,1506,1504,1505,1000,1000,2008,1505,1505,1074,2008,1625,1256,1000,1000
-0.0038,-0.0079,-0.6780,0.0006,-0.0224,3.1128,0.0063,-0.0042,-3.1481,0.0000,-0.0267,0.0522,-9.7813,0.0012,0.0039,0.0036,-0.0586,0.0318,-9.8522,0.0007,-0.0046,-0.0057,-0.0808,-0.1115,-10.1463,0.0087,-0.0081,0.0136,-0.6933,-0.0034,-9.3578,0.0088,-0.0085,0.0144,0.0000,0.0090,0.0289,0.0033,119.3726,127.5011,0.0000,0.0000,-1.391632,0.543571,-0.079310,-0.000352,0.002326,-0.014126,-1.393128,0.556087,-0.200000,0.000000,0.000000,0.000000,-1.391974,0.543388,-0.077046,1.0000,1.0000,1.0000,1.660,4.810,0.340,5.000,3.000,8.000,1.500,0.060,0.110,382361213,1354180769,382359454,3154,1000,1506,1504,1505,1000,1000,2008,1505,1505,1074,2008,1625,1256,1000,1000
-0.0038,-0.0070,-0.6779,0.0006,-0.0224,3.1130,0.0063,-0.0042,-3.1481,0.0000,-0.0126,0.0118,-9.8807,0.0012,0.0052,0.0189,-0.0383,-0.0032,-9.8417,0.0004,-0.0006,0.0135,0.1131,0.1518,-10.0170,0.0001,-0.0001,0.0088,-0.1510,-0.3230,-9.7941,0.0067,-0.0154,0.0096,0.0000,0.0088,0.0285,0.0016,127.6083,117.4793,0.0000,0.0000,-1.391640,0.543598,-0.079480,-0.001111,0.002310,-0.014372,-1.393128,0.556087,-0.200000,0.000000,0.000000,0.000000,-1.391974,0.543388,-0.077046,1.0000,1.0000,1.0000,1.660,4.810,0.340,5.000,3.000,8.000,1.500,0.060,0.110,382371713,1354180769,382371465,3154,1000,1506,1504,1505,1000,1000,2008,1505,1505,1074,2008,1625,1256,1000,1000
-0.0039,-0.0062,-0.6778,0.0006,-0.0224,3.1131,0.0063,-0.0042,-3.1481,0.0000,-0.0173,0.0555,-9.8369,0.0010,0.0044,-0.0019,-0.0137,0.0347,-9.8149,0.0038,0.0015,-0.0024,-0.0138,0.3003,-9.8494,0.0089,-0.0134,-0.0157,-0.3036,-0.0626,-9.7510,0.0083,-0.0040,-0.0170,0.0000,0.0089,0.0290,0.0033,119.4421,127.8727,0.0000,0.0000,-1.391653,0.543619,-0.079610,-0.001765,0.002279,-0.014586,-1.393128,0.556087,-0.200000,0.000000,0.000000,0.000000,-1.391974,0.543388,-0.077046,1.0000,1.0000,1.0000,1.660,4.810,0.340,5.000,3.000,8.000,1.500,0.060,0.110,382382213,1354180769,382380454,3154,1000,1506,1504,1505,1000,1000,2008,1505,1505,1074,2008,1625,1256,1000,1000
-0.0041,-0.0063,-0.6779,0.0007,-0.0224,3.1130,0.0063,-0.0042,-3.1481,0.0000,-0.0719,0.0876,-9.8303,0.0023,0.0027,-0.0084,-0.0241,0.1302,-9.7615,0.0011,-0.0014,-0.0155,0.1658,-0.2360,-9.6627,-0.0004,-0.0031,-0.0029,-0.7975,0.0200,-10.1820,0.0136,-0.0077,-0.0274,0.0000,0.0091,0.0294,0.0046,113.3307,135.0514,0.0000,0.0000,-1.391678,0.543645,-0.079786,-0.002152,0.001968,-0.014679,-1.393128,0.556087,-0.200000,0.000000,0.000000,0.000000,-1.391974,0.543388,-0.077046,1.0000,1.0000,1.0000,1.660,4.810,0.340,5.000,3.000,8.000,1.500,0.060,0.110,382392713,1354180769,382392454,3154,1000,1506,1504,1505,1000,1000,2008,1505,1505,1074,2008,1625,1256,1000,1000
-0.0045,-0.0066,-0.6779,0.0007,-0.0224,3.1130,0.0063,-0.0042,-3.1481,0.0000,-0.0802,0.0118,-9.8727,0.0018,0.0030,0.0065,-0.0818,0.0963,-9.8118,0.0031,0.0005,0.0046,-0.6411,0.4631,-9.8135,-0.0041,0.0012,0.0104,-0.3324,-0.3266,-10.0527,-0.0051,0.0003,0.0027,0.0000,0.0084,0.0293,0.0032,120.2105,128.4814,0.0000,0.0000,-1.391698,0.543662,-0.079920,-0.002273,0.001735,-0.015105,-1.393128,0.556087,-0.200000,0.000000,0.000000,0.000000,-1.391974,0.543388,-0.077046,1.0000,1.0000,1.0000,1.660,4.810,0.340,5.000,3.000,8.000,1.500,0.060,0.110,382403213,1354180769,382401454,3154,1000,1506,1504,1505,1000,1000,2008,1505,1505,1074,2008,1625,1256,1000,1000
-0.0041,-0.0072,-0.6778,0.0007,-0.0224,3.1132,0.0063,-0.0042,-3.1481,0.0000,-0.1060,0.0158,-9.9000,0.0014,0.0029,0.0103,-0.0720,0.0127,-9.7875,0.0031,-0.0016,0.0041,-0.0832,-0.2600,-9.6890,-0.0007,0.0057,0.0077,0.1758,-0.2368,-9.4422,0.0136,0.0202,-0.0226,0.0000,0.0093,0.0291,0.0023,125.9297,121.9683,0.0000,0.0000,-1.391724,0.543684,-0.080104,-0.002032,0.001961,-0.015753,-1.393128,0.556087,-0.200000,0.000000,0.000000,0.000000,-1.391974,0.543388,-0.077046,1.0000,1.0000,1.0000,1.660,4.810,0.340,5.000,3.000,8.000,1.500,0.060,0.110,382413713,1354180769,382413454,3154,1000,1506,1504,1505,1000,1000,2008,1505,1505,1074,2008,1625,1256,1000,1000
-0.0034,-0.0074,-0.6777,0.0007,-0.0224,3.1132,0.0063,-0.0042,-3.1481,0.0000,-0.0695,0.0013,-9.8831,0.0020,0.0021,0.0010,-0.0853,-0.0629,-9.7933,0.0021,-0.0029,-0.0076,0.0772,0.5804,-9.5238,-0.0049,-0.0044,-0.0003,0.1219,0.8137,-9.6540,0.0083,-0.0035,-0.0080,0.0000,0.0091,0.0294,0.0031,121.6745,127.3222,0.0000,0.0000,-1.391741,0.543704,-0.080247,-0.001971,0.002411,-0.016064,-1.393128,0.556087,-0.200000,0.000000,0.000000,0.000000,-1.391974,0.543388,-0.077046,1.0000,1.0000,1.0000,1.660,4.810,0.340,5.000,3.000,8.000,1.500,0.060,0.110,382424213,1354180769,382422454,3154,1000,1506,1504,1505,1000,1000,2008,1505,1505,1074,2008,1625,1256,1000,1000
-0.0038,-0.0072,-0.6777,0.0007,-0.0224,3.1132,0.0063,-0.0042,-3.1481,0.0000,-0.0445,0.0720,-9.8555,0.0005,0.0027,-0.0007,-0.0729,0.0594,-9.8632,0.0028,-0.0019,-0.0072,0.1945,0.0417,-10.1511,-0.0044,0.0113,0.0117,-0.3719,0.4096,-9.9234,-0.0032,0.0080,0.0178,0.0000,0.0090,0.0296,0.0037,118.5079,131.0830,0.0000,0.0000,-1.391767,0.543732,-0.080443,-0.002344,0.002172,-0.016518,-1.393128,0.556087,-0.200000,0.000000,0.000000,0.000000,-1.391974,0.543388,-0.077046,1.0000,1.0000,1.0000,1.660,4.810,0.340,5.000,3.000,8.000,1.500,0.060,0.110,382434713,1354180769,382434455,3154,1000,1506,1504,1505,1000,1000,2008,1505,1505,1074,2008,1625,1256,1000,1000
-0.0044,-0.0066,-0.6777,0.0014,-0.0219,3.1133,0.0063,-0.0042,-3.1481,0.0000,-0.0322,0.0608,-9.8288,0.0011,0.0035,0.0061,-0.0321,0.0381,-9.8323,0.0041,0.0016,0.0029,-0.2197,0.2380,-9.7632,-0.0052,0.0012,0.0037,0.1830,-0.3769,-9.6828,0.0053,-0.0027,-0.0160,0.0000,0.0082,0.0284,0.0031,118.3395,126.5242,0.0000,0.0000,-1.390896,0.542440,-0.077989,0.000384,-0.002926,-0.010647,-1.393128,0.556087,-0.200000,0.000000,0.000000,0.000000,-1.390331,0.541623,-0.074813,1.0000,1.0000,1.0000,1.660,4.810,0.340,5.000,3.000,8.000,1.500,0.060,0.110,382444763,1354280787,382443004,3155,1000,1506,1504,1505,1000,1000,2008,1505,1505,1074,2008,1625,1256,1000,1000
-0.0044,-0.0067,-0.6776,0.0014,-0.0219,3.1134,0.0063,-0.0042,-3.1481,0.0000,-0.0927,0.0164,-9.8516,0.0009,0.0046,0.0039,-0.0968,0.0319,-9.8168,0.0050,-0.0030,-0.0001,-0.2293,-0.1355,-10.0027,-0.0039,0.0031,-0.0021,-0.0917,0.6610,-9.9629,-0.0013,-0.0013,-0.0080,0.0000,0.0078,0.0278,0.0031,116.2386,125.9949,0.0000,0.0000,-1.390893,0.542403,-0.078118,0.000174,-0.003078,-0.010922,-1.393128,0.556087,-0.200000,0.000000,0.000000,0.000000,-1.390331,0.541623,-0.074813,1.0000,1.0000,1.0000,1.660,4.810,0.340,5.000,3.000,8.000,1.500,0.060,0.110,382455263,1354280787,382455004,3155,1000,1506,1504,1505,1000,1000,2008,1505,1505,1074,2008,1625,1256,1000,1000
-0.0039,-0.0073,-0.6776,0.0014,-0.0219,3.1134,0.0063,-0.0042,-3.1481,0.0000,-0.1007,0.0066,-9.8817,0.0015,0.0012,-0.0017,-0.1263,-0.0351,-9.7973,0.0022,0.0009,-0.0062,-0.1575,-0.1259,-9.6052,0.0057,-0.0057,-0.0053,-0.4724,0.8640,-10.0024,-0.0008,-0.0045,0.0003,0.0000,0.0076,0.0289,0.0036,115.2257,131.3602,0.0000,0.0000,-1.390890,0.542376,-0.078219,0.000419,-0.002983,-0.011526,-1.393128,0.556087,-0.200000,0.000000,0.000000,0.000000,-1.390331,0.541623,-0.074813,1.0000,1.0000,1.0000,1.660,4.810,0.340,5.000,3.000,8.000,1.500,0.060,0.110,382465763,1354280787,382464004,3155,1000,1506,1504,1505,1000,1000,2008,1505,1505,1074,2008,1625,1256,1000,1000
-0.0032,-0.0078,-0.6776,0.0014,-0.0219,3.1134,0.0063,-0.0042,-3.1481,0.0000,-0.0905,0.0157,-9.8312,0.0015,0.0023,0.0020,-0.0763,0.0331,-9.8450,0.0030,-0.0018,-0.0027,-0.0306,0.1901,-10.7137,0.0028,0.0039,0.0056,-0.1384,0.0990,-10.4908,0.0099,0.0019,-0.0099,0.0000,0.0075,0.0284,0.0033,115.8844,128.8437,0.0000,0.0000,-1.390884,0.542341,-0.078359,0.000555,-0.002801,-0.011831,-1.393128,0.556087,-0.200000,0.000000,0.000000,0.000000,-1.390331,0.541623,-0.074813,1.0000,1.0000,1.0000,1.660,4.810,0.340,5.000,3.000,8.000,1.500,0.060,0.110,382476263,1354280787,382476004,3155,1000,1506,1504,1505,1000,1000,2008,1505,1505,1074,2008,1625,1256,1000,1000
-0.0032,-0.0077,-0.6776,0.0015,-0.0219,3.1134,0.0063,-0.0042,-3.1481,0.0000,-0.0541,0.0262,-9.8184,0.0015,0.0022,0.0067,-0.0731,-0.0009,-9.8588,0.0030,0.0059,0.0042,0.0317,0.6738,-10.7425,0.0084,0.0087,0.0080,-0.4994,-0.6911,-10.1586,0.0088,-0.0200,-0.0136,0.0000,0.0070,0.0285,0.0028,118.0157,127.1962,0.0000,0.0000,-1.390880,0.542316,-0.078468,0.000434,-0.002850,-0.012152,-1.393128,0.556087,-0.200000,0.000000,0.000000,0.000000,-1.390331,0.541623,-0.074813,1.0000,1.0000,1.0000,1.660,4.810,0.340,5.000,3.000,8.000,1.500,0.060,0.110,382486763,1354280787,382485004,3155,1000,1506,1504,1505,1000,1000,2008,1505,1505,1074,2008,1625,1256,1000,1000
-0.0033,-0.0073,-0.6775,0.0015,-0.0219,3.1135,0.0063,-0.0042,-3.1481,0.0000,-0.0361,0.0568,-9.8376,0.0009,0.0038,0.0028,-0.1472,0.0174,-9.8219,0.0013,-0.0021,-0.0004,-0.3705,0.3003,-9.9811,0.0095,0.0087,0.0021,-0.0038,-0.6283,-9.7025,0.0157,-0.0080,-0.0040,0.0000,0.0076,0.0279,0.0031,116.1385,126.1740,0.0000,0.0000,-1.390876,0.542281,-0.078616,0.000128,-0.003007,-0.012511,-1.393128,0.556087,-0.200000,0.000000,0.000000,0.000000,-1.390331,0.541623,-0.074813,1.0000,1.0000,1.0000,1.660,4.810,0.340,5.000,3.000,8.000,1.500,0.060,0.110,382497263,1354280787,382497004,3155,1000,1506,1504,1505,1000,1000,2008,1505,1505,1074,2008,1625,1256,1000,1000
-0.0038,-0.0072,-0.6775,0.0015,-0.0219,3.1135,0.0063,-0.0042,-3.1481,0.0000,-0.0658,0.0488,-9.8543,0.0013,0.0009,0.0004,-0.0792,0.0721,-9.8623,0.0024,0.0028,-0.0054,-0.2963,0.2620,-10.7808,0.0015,0.0164,0.0016,-0.3503,0.3612,-9.3290,0.0037,-0.0221,0.0013,0.0000,0.0075,0.0284,0.0033,116.0934,128.4534,0.0000,0.0000,-1.390876,0.542252,-0.078730,-0.000038,-0.003325,-0.012688,-1.393128,0.556087,-0.200000,0.000000,0.000000,0.000000,-1.390331,0.541623,-0.074813,1.0000,1.0000,1.0000,1.660,4.810,0.340,5.000,3.000,8.000,1.500,0.060,0.110,382507763,1354280787,382506004,3155,1000,1506,1504,1505,1000,1000,2008,1505,1505,1074,2008,1625,1256,1000,1000
-0.0042,-0.0071,-0.6775,0.0015,-0.0219,3.1136,0.0063,-0.0042,-3.1481,0.0000,-0.0676,0.0540,-9.8507,0.0002,0.0028,0.0036,-0.0888,0.0484,-9.8197,0.0039,-0.0021,-0.0026,-0.0856,0.0225,-10.0290,0.0036,0.0204,0.0035,0.2081,0.0289,-9.7815,-0.0027,0.0117,-0.0120,0.0000,0.0077,0.0278,0.0032,115.1717,126.8433,0.0000,0.0000,-1.390877,0.542210,-0.078887,-0.000147,-0.003721,-0.013403,-1.393128,0.556087,-0.200000,0.000000,0.000000,0.000000,-1.390331,0.541623,-0.074813,1.0000,1.0000,1.0000,1.660,4.810,0.340,5.000,3.000,8.000,1.500,0.060,0.110,382518263,1354280787,382518004,3155,1000,1506,1504,1505,1000,1000,2008,1505,1505,1074,2008,1625,1256,1000,1000
-0.0039,-0.0076,-0.6774,0.0015,-0.0219,3.1136,0.0063,-0.0042,-3.1481,0.0000,-0.0942,0.0153,-9.8684,0.0023,0.0034,0.0059,-0.1286,-0.0216,-9.8209,0.0032,-0.0048,-0.0019,-0.3753,-0.1905,-9.4879,-0.0007,0.0033,0.0048,-0.3557,-0.3410,-9.2105,-0.0091,0.0096,0.0168,0.0000,0.0074,0.0281,0.0030,116.6687,126.6526,0.0000,0.0000,-1.390877,0.542176,-0.079009,-0.000043,-0.003700,-0.013653,-1.393128,0.556087,-0.200000,0.000000,0.000000,0.000000,-1.390331,0.541623,-0.074813,1.0000,1.0000,1.0000,1.660,4.810,0.340,5.000,3.000,8.000,1.500,0.060,0.110,382528763,1354280787,382527004,3155,1000,1506,1504,1505,1000,1000,2008,1505,1505,1074,2008,1625,1256,1000,1000
-0.0031,-0.0077,-0.6774,0.0012,-0.0227,3.1137,0.0063,-0.0042,-3.1481,0.0000,-0.0933,0.0262,-9.8705,0.0019,0.0041,0.0037,-0.0901,0.0442,-9.8053,0.0034,-0.0032,-0.0011,-0.0761,-0.0541,-9.6028,-0.0017,-0.0007,0.0024,0.1525,-0.0519,-9.7815,0.0104,-0.0008,-0.0123,0.0000,0.0073,0.0281,0.0030,116.6294,126.7328,0.0000,0.0000,-1.392128,0.542646,-0.078742,-0.004642,-0.001471,-0.012877,-1.393128,0.556087,-0.200000,0.000000,0.000000,0.000000,-1.393095,0.543041,-0.078152,1.0000,1.0000,1.0000,1.660,4.810,0.340,5.000,3.000,8.000,1.500,0.060,0.110,382539310,1354413944,382539004,3156,1000,1506,1504,1505,1000,1000,2008,1505,1505,1074,2008,1625,1256,1000,1000
-0.0028,-0.0083,-0.6774,0.0012,-0.0226,3.1137,0.0063,-0.0042,-3.1481,0.0000,-0.0954,0.0225,-9.8233,0.0029,0.0046,0.0026,-0.0597,0.0271,-9.8120,0.0030,-0.0031,-0.0054,0.3908,0.4535,-9.7130,-0.0092,-0.0084,0.0037,0.1668,-0.4739,-10.2125,-0.0053,-0.0309,-0.0194,0.0000,0.0077,0.0292,0.0031,118.8062,129.1183,0.0000,0.0000,-1.392170,0.542633,-0.078860,-0.004536,-0.001396,-0.013266,-1.393128,0.556087,-0.200000,0.000000,0.000000,0.000000,-1.393095,0.543041,-0.078152,1.0000,1.0000,1.0000,1.660,4.810,0.340,5.000,3.000,8.000,1.500,0.060,0.110,382549810,1354413944,382548051,3156,1000,1506,1504,1505,1000,1000,2008,1505,1505,1075,2008,1625,1256,1000,1000
-0.0033,-0.0078,-0.6773,0.0013,-0.0226,3.1138,0.0063,-0.0042,-3.1481,0.0000,-0.0497,0.0297,-9.8460,0.0008,0.0029,0.0043,-0.1111,0.0438,-9.8908,0.0042,0.0001,-0.0025,-0.0090,0.2165,-10.1032,-0.0118,0.0052,0.0029,0.0986,0.4240,-9.7097,-0.0101,0.0093,0.0085,0.0000,0.0081,0.0296,0.0030,121.4368,128.6249,0.0000,0.0000,-1.392226,0.542614,-0.079019,-0.004991,-0.001648,-0.013346,-1.393128,0.556087,-0.200000,0.000000,0.000000,0.000000,-1.393095,0.543041,-0.078152,1.0000,1.0000,1.0000,1.660,4.810,0.340,5.000,3.000,8.000,1.500,0.060,0.110,382560310,1354413944,382560051,3156,1000,1506,1504,1505,1000,1000,2008,1505,1505,1075,2008,1625,1256,1000,1000
-0.0038,-0.0072,-0.6773,0.0013,-0.0226,3.1138,0.0063,-0.0042,-3.1481,0.0000,-0.0833,0.0553,-9.8684,0.0010,0.0033,0.0030,-0.1366,0.0555,-9.9340,0.0023,-0.0055,-0.0023,-0.1766,0.1518,-10.4911,-0.0023,0.0097,0.0027,0.3769,-0.1650,-9.1602,-0.0016,0.0099,0.0000,0.0000,0.0079,0.0296,0.0031,120.4569,129.4670,0.0000,0.0000,-1.392274,0.542598,-0.079141,-0.005452,-0.001952,-0.013688,-1.393128,0.556087,-0.200000,0.000000,0.000000,0.000000,-1.393095,0.543041,-0.078152,1.0000,1.0000,1.0000,1.660,4.810,0.340,5.000,3.000,8.000,1.500,0.060,0.110,382570810,1354413944,382569051,3156,1000,1506,1504,1505,1000,1000,2008,1505,1505,1075,2008,1625,1256,1000,1000
-0.0036,-0.0072,-0.6772,0.0013,-0.0226,3.1139,0.0063,-0.0042,-3.1481,0.0000,-0.0769,0.0188,-9.8598,0.0007,0.0026,0.0040,-0.0909,0.0510,-9.8763,0.0037,-0.0006,-0.0023,-0.0425,-0.0756,-9.6770,0.0103,0.0087,0.0027,0.0070,-0.0680,-9.1081,0.0035,-0.0029,-0.0176,0.0000,0.0076,0.0299,0.0030,120.8611,130.3786,0.0000,0.0000,-1.392340,0.542574,-0.079309,-0.005654,-0.001949,-0.014202,-1.393128,0.556087,-0.200000,0.000000,0.000000,0.000000,-1.393095,0.543041,-0.078152,1.0000,1.0000,1.0000,1.660,4.810,0.340,5.000,3.000,8.000,1.500,0.060,0.110,382581310,1354413944,382581051,3156,1000,1506,1504,1505,1000,1000,2008,1505,1505,1075,2008,1625,1256,1000,1000
-0.0032,-0.0075,-0.6772,0.0013,-0.0226,3.1139,0.0063,-0.0042,-3.1481,0.0000,-0.1172,0.0173,-9.9148,-0.0004,0.0051,0.0013,-0.1478,0.0218,-9.8837,0.0015,0.0032,-0.0039,0.4459,0.3649,-9.3538,0.0129,-0.0023,0.0043,0.3285,-0.3679,-9.5768,0.0184,0.0037,0.0144,0.0000,0.0080,0.0291,0.0032,118.8547,128.9781,0.0000,0.0000,-1.392391,0.542558,-0.079439,-0.005710,-0.001735,-0.014710,-1.393128,0.556087,-0.200000,0.000000,0.000000,0.000000,-1.393095,0.543041,-0.078152,1.0000,1.0000,1.0000,1.660,4.810,0.340,5.000,3.000,8.000,1.500,0.060,0.110,382591810,1354413944,382590051,3156,1000,1506,1504,1505,1000,1000,2008,1505,1505,1074,2008,1625,1256,1000,1000
-0.0031,-0.0076,-0.6772,0.0013,-0.0226,3.1140,0.0063,-0.0042,-3.1481,0.0000,-0.1336,0.0673,-9.9111,0.0004,0.0042,0.0070,-0.1052,0.0965,-9.8409,0.0010,0.0040,0.0028,0.7882,-0.3629,-9.5478,0.0169,-0.0031,0.0024,0.4883,-0.4774,-9.5625,0.0192,-0.0027,-0.0043,0.0000,0.0079,0.0292,0.0027,121.7778,126.4091,0.0000,0.0000,-1.392461,0.542537,-0.079618,-0.005776,-0.001807,-0.015316,-1.393128,0.556087,-0.200000,0.000000,0.000000,0.000000,-1.393095,0.543041,-0.078152,1.0000,1.0000,1.0000,1.660,4.810,0.340,5.000,3.000,8.000,1.500,0.060,0.110,382602310,1354413944,382602051,3156,1000,1506,1504,1505,1000,1000,2008,1505,1505,1074,2008,1625,1256,1000,1000
-0.0030,-0.0078,-0.6771,0.0013,-0.0226,3.1140,0.0063,-0.0042,-3.1481,0.0000,-0.1293,0.0467,-9.8842,0.0009,0.0021,-0.0022,-0.1364,0.0582,-9.8103,0.0028,-0.0041,-0.0074,0.7906,-0.1858,-9.5454,0.0121,0.0009,-0.0021,0.0196,-0.4469,-9.5230,0.0016,0.0152,-0.0032,0.0000,0.0075,0.0301,0.0034,118.7163,132.8625,0.0000,0.0000,-1.392513,0.542521,-0.079758,-0.005789,-0.001707,-0.015792,-1.393128,0.556087,-0.200000,0.000000,0.000000,0.000000,-1.393095,0.543041,-0.078152,1.0000,1.0000,1.0000,1.660,4.810,0.340,5.000,3.000,8.000,1.500,0.060,0.110,382612810,1354413944,382611051,3156,1000,1506,1504,1505,1000,1000,2008,1505,1505,1074,2008,1625,1256,1000,1000
-0.0035,-0.0075,-0.6771,0.0013,-0.0226,3.1140,0.0063,-0.0042,-3.1481,0.0000,-0.0521,0.1061,-9.8813,0.0014,0.0027,0.0066,-0.0085,0.0958,-9.8070,0.0022,0.0013,0.0007,0.2041,-0.2025,-9.6890,0.0004,0.0007,0.0075,0.4146,-0.1165,-9.7438,-0.0029,-0.0003,0.0019,0.0000,0.0077,0.0294,0.0032,118.9699,129.8749,0.0000,0.0000,-1.392585,0.542499,-0.079951,-0.006221,-0.002223,-0.016412,-1.393128,0.556087,-0.200000,0.000000,0.000000,0.000000,-1.393095,0.543041,-0.078152,1.0000,1.0000,1.0000,1.660,4.810,0.340,5.000,3.000,8.000,1.500,0.060,0.110,382623310,1354413944,382623051,3156,1000,1506,1504,1505,1000,1000,2008,1505,1505,1075,2008,1625,1256,1000,1000
-0.0034,-0.0072,-0.6771,0.0013,-0.0227,3.1141,0.0063,-0.0042,-3.1481,0.0000,-0.0674,-0.0092,-9.8119,0.0019,0.0033,0.0033,-0.0738,-0.0083,-9.8393,0.0016,-0.0023,0.0008,-0.1120,-0.3007,-9.7249,-0.0023,0.0031,-0.0011,-0.4293,0.1493,-10.0545,0.0088,0.0120,-0.0165,0.0000,0.0078,0.0299,0.0027,123.4518,127.8649,0.0000,0.0000,-1.392643,0.542478,-0.080099,-0.006545,-0.002287,-0.016488,-1.393128,0.556087,-0.200000,0.000000,0.000000,0.000000,-1.393095,0.543041,-0.078152,1.0000,1.0000,1.0000,1.660,4.810,0.340,5.000,3.000,8.000,1.500,0.060,0.110,382633810,1354413944,382632051,3156,1000,1506,1504,1505,1000,1000,2008,1505,1505,1075,2008,1625,1256,1000,1000
-0.0031,-0.0071,-0.6771,0.0013,-0.0226,3.1141,0.0063,-0.0042,-3.1481,0.0000,-0.0326,0.0268,-9.8592,0.0017,0.0042,-0.0008,-0.0598,0.0391,-9.7768,0.0022,-0.0009,-0.0038,-0.0066,0.2931,-10.1343,-0.0047,-0.0015,0.0019,-0.0594,0.3270,-10.3723,-0.0104,-0.0091,0.0011,0.0000,0.0076,0.0294,0.0035,117.1313,131.7025,0.0000,0.0000,-1.392723,0.542453,-0.080297,-0.006891,-0.002042,-0.016703,-1.393128,0.556087,-0.200000,0.000000,0.000000,0.000000,-1.393095,0.543041,-0.078152,1.0000,1.0000,1.0000,1.660,4.810,0.340,5.000,3.000,8.000,1.500,0.060,0.110,382644310,1354413944,382644051,3156,1000,1506,1504,1505,1000,1000,2008,1505,1505,1075,2008,1625,1256,1000,1000
-0.0034,-0.0070,-0.6770,0.0013,-0.0226,3.1142,0.0063,-0.0042,-3.1481,0.0000,-0.0999,0.0384,-9.8639,0.0012,0.0038,0.0085,-0.0835,-0.0161,-9.8227,0.0034,0.0009,0.0015,-0.1814,-0.3510,-9.5933,0.0007,-0.0001,0.0032,-0.4653,0.5012,-9.9737,0.0088,-0.0072,-0.0088,0.0000,0.0079,0.0294,0.0029,120.8654,128.0192,0.0000,0.0000,-1.392786,0.542433,-0.080450,-0.007069,-0.002316,-0.017254,-1.393128,0.556087,-0.200000,0.000000,0.000000,0.000000,-1.393095,0.543041,-0.078152,1.0000,1.0000,1.0000,1.660,4.810,0.340,5.000,3.000,8.000,1.500,0.060,0.110,382654810,1354413944,382653051,3156,1000,1506,1504,1505,1000,1000,2008,1505,1505,1075,2008,1625,1256,1000,1000
-0.0033,-0.0077,-0.6770,0.0013,-0.0226,3.1142,0.0063,-0.0042,-3.1481,0.0000,-0.0949,0.0060,-9.8509,0.0014,0.0047,0.0010,-0.0355,-0.0195,-9.7662,0.0036,0.0028,-0.0036,-0.5166,0.3553,-10.2636,0.0039,-0.0100,-0.0005,-0.3611,0.3127,-10.3238,0.0040,-0.0021,-0.0130,0.0000,0.0077,0.0290,0.0032,117.9654,129.2857,0.0000,0.0000,-1.392868,0.542405,-0.080659,-0.006673,-0.002257,-0.017628,-1.393128,0.556087,-0.200000,0.000000,0.000000,0.000000,-1.393095,0.543041,-0.078152,1.0000,1.0000,1.0000,1.660,4.810,0.340,5.000,3.000,8.000,1.500,0.060,0.110,382665310,1354413944,382665052,3156,1000,1506,1504,1505,1000,1000,2008,1505,1505,1074,2008,1625,1256,1000,1000
-0.0035,-0.0080,-0.6770,0.0011,-0.0223,3.1142,0.0063,-0.0042,-3.1481,0.0000,-0.0767,0.0639,-9.8629,0.0016,0.0031,0.0013,-0.0642,0.0348,-9.8049,0.0036,-0.0052,-0.0067,-0.1096,-0.0182,-9.9667,0.0116,-0.0089,0.0016,-0.4850,-0.2135,-10.2035,0.0045,-0.0256,-0.0096,0.0000,0.0080,0.0290,0.0032,118.6308,128.6020,0.0000,0.0000,-1.392332,0.542753,-0.078568,-0.004456,-0.001099,-0.012885,-1.393128,0.556087,-0.200000,0.000000,0.000000,0.000000,-1.391899,0.543093,-0.077041,1.0000,1.0000,1.0000,1.660,4.810,0.340,5.000,3.000,8.000,1.500,0.060,0.110,382675412,1354614611,382674107,3158,1000,1506,1504,1505,1000,1000,2008,1505,1505,1074,2008,1625,1256,1000,1000
-0.0041,-0.0083,-0.6769,0.0012,-0.0223,3.1143,0.0063,-0.0042,-3.1481,0.0000,-0.0855,0.0520,-9.8867,0.0004,0.0053,0.0081,-0.0950,0.0425,-9.8144,0.0025,0.0029,0.0035,0.1562,0.0465,-9.5262,0.0095,0.0009,0.0037,-0.2965,0.1654,-9.8085,0.0216,0.0008,0.0021,0.0000,0.0083,0.0283,0.0025,121.4328,122.9656,0.0000,0.0000,-1.392372,0.542742,-0.078687,-0.004357,-0.001426,-0.013372,-1.393128,0.556087,-0.200000,0.000000,0.000000,0.000000,-1.391899,0.543093,-0.077041,1.0000,1.0000,1.0000,1.660,4.810,0.340,5.000,3.000,8.000,1.500,0.060,0.110,382685912,1354614611,382683154,3158,1000,1506,1504,1505,1000,1000,2008,1505,1505,1074,2008,1625,1256,1000,1000
-0.0043,-0.0084,-0.6769,0.0012,-0.0223,3.1144,0.0063,-0.0042,-3.1481,0.0000,-0.0909,0.0534,-9.8823,0.0010,0.0054,-0.0014,-0.1402,0.0471,-9.8394,0.0014,0.0011,-0.0047,0.5225,-0.0780,-9.6363,0.0079,-0.0033,-0.0053,-0.2695,-0.0249,-9.6038,0.0138,0.0080,-0.0274,0.0000,0.0082,0.0281,0.0034,115.8453,127.5466,0.0000,0.0000,-1.392425,0.542724,-0.078851,-0.004382,-0.001635,-0.013900,-1.393128,0.556087,-0.200000,0.000000,0.000000,0.000000,-1.391899,0.543093,-0.077041,1.0000,1.0000,1.0000,1.660,4.810,0.340,5.000,3.000,8.000,1.500,0.060,0.110,382695940,1354614611,382695181,3158,1000,1506,1504,1505,1000,1000,2008,1505,1505,1074,2008,1625,1256,1000,1000
-0.0041,-0.0079,-0.6769,0.0012,-0.0223,3.1144,0.0063,-0.0042,-3.1481,0.0000,-0.0398,0.0252,-9.8680,0.0000,0.0031,0.0016,-0.0905,0.0308,-9.8146,0.0027,-0.0050,-0.0024,-0.3873,0.1183,-9.9620,0.0049,0.0023,0.0037,-0.7813,-0.2602,-10.3005,0.0205,0.0037,-0.0064,0.0000,0.0086,0.0291,0.0032,119.7805,128.1012,0.0000,0.0000,-1.392465,0.542709,-0.078977,-0.004610,-0.001666,-0.014336,-1.393128,0.556087,-0.200000,0.000000,0.000000,0.000000,-1.391899,0.543093,-0.077041,1.0000,1.0000,1.0000,1.660,4.810,0.340,5.000,3.000,8.000,1.500,0.060,0.110,382706440,1354614611,382704181,3158,1000,1506,1504,1505,1000,1000,2008,1505,1505,1074,2008,1625,1256,1000,1000
-0.0043,-0.0075,-0.6768,0.0012,-0.0223,3.1144,0.0063,-0.0042,-3.1481,0.0000,-0.0321,0.0568,-9.8931,0.0021,0.0033,0.0057,-0.0661,0.0222,-9.8138,0.0016,0.0039,0.0022,0.1538,-0.2648,-9.4544,0.0031,-0.0025,0.0032,-0.2605,-0.0662,-10.0635,0.0194,-0.0274,-0.0322,0.0000,0.0080,0.0289,0.0028,120.9532,126.0476,0.0000,0.0000,-1.392523,0.542688,-0.079152,-0.005071,-0.001880,-0.014858,-1.393128,0.556087,-0.200000,0.000000,0.000000,0.000000,-1.391899,0.543093,-0.077041,1.0000,1.0000,1.0000,1.660,4.810,0.340,5.000,3.000,8.000,1.500,0.060,0.110,382716940,1354614611,382716181,3158,1000,1506,1504,1505,1000,1000,2008,1505,1505,1074,2008,1625,1256,1000,1000
-0.0039,-0.0077,-0.6768,0.0012,-0.0223,3.1145,0.0063,-0.0042,-3.1481,0.0000,-0.0891,0.0332,-9.9062,0.0013,0.0025,0.0036,-0.0958,0.0338,-9.8213,0.0026,-0.0031,-0.0014,-0.2413,-0.2911,-9.7896,0.0044,0.0025,-0.0029,-0.3234,0.3127,-9.8552,-0.0043,0.0099,-0.0013,0.0000,0.0080,0.0293,0.0029,121.3093,127.4613,0.0000,0.0000,-1.392570,0.542672,-0.079288,-0.005112,-0.001794,-0.015334,-1.393128,0.556087,-0.200000,0.000000,0.000000,0.000000,-1.391899,0.543093,-0.077041,1.0000,1.0000,1.0000,1.660,4.810,0.340,5.000,3.000,8.000,1.500,0.060,0.110,382727440,1354614611,382725181,3158,1000,1506,1504,1505,1000,1000,2008,1505,1505,1074,2008,1625,1256,1000,1000
-0.0035,-0.0081,-0.6768,0.0012,-0.0223,3.1145,0.0063,-0.0042,-3.1481,0.0000,-0.0884,0.0281,-9.8670,0.0020,0.0051,-0.0006,-0.0745,-0.0247,-9.8131,0.0048,0.0028,-0.0060,0.0508,-0.1953,-9.8710,0.0009,0.0039,-0.0013,-0.3503,0.2768,-9.6361,-0.0019,-0.0088,0.0005,0.0000,0.0078,0.0284,0.0035,115.4077,129.2105,0.0000,0.0000,-1.392630,0.542651,-0.079476,-0.005025,-0.001731,-0.015907,-1.393128,0.556087,-0.200000,0.000000,0.000000,0.000000,-1.391899,0.543093,-0.077041,1.0000,1.0000,1.0000,1.660,4.810,0.340,5.000,3.000,8.000,1.500,0.060,0.110,382737940,1354614611,382737181,3158,1000,1506,1504,1505,1000,1000,2008,1505,1505,1074,2008,1625,1256,1000,1000
-0.0036,-0.0081,-0.6768,0.0012,-0.0223,3.1145,0.0063,-0.0042,-3.1481,0.0000,-0.0683,0.0590,-9.8630,0.0012,0.0044,0.0029,-0.0623,0.0834,-9.8223,0.0009,-0.0015,-0.0042,-0.0976,0.0656,-9.8255,0.0047,0.0004,0.0043,-0.0307,0.0738,-9.6558,-0.0024,0.0043,-0.0130,0.0000,0.0078,0.0286,0.0032,117.1685,128.2969,0.0000,0.0000,-1.392676,0.542635,-0.079621,-0.005092,-0.001793,-0.016305,-1.393128,0.556087,-0.200000,0.000000,0.000000,0.000000,-1.391899,0.543093,-0.077041,1.0000,1.0000,1.0000,1.660,4.810,0.340,5.000,3.000,8.000,1.500,0.060,0.110,382748440,1354614611,382746181,3158,1000,1506,1504,1505,1000,1000,2008,1505,1505,1074,2008,1625,1256,1000,1000
-0.0043,-0.0080,-0.6767,0.0012,-0.0223,3.1146,0.0063,-0.0042,-3.1481,0.0000,-0.0908,0.0782,-9.8986,0.0003,0.0030,0.0092,-0.0657,0.0655,-9.8669,0.0014,0.0012,0.0026,-0.1120,0.0297,-9.7225,0.0007,0.0049,0.0088,0.2081,-0.2278,-9.4260,0.0032,-0.0077,0.0218,0.0000,0.0080,0.0285,0.0025,121.3978,123.8670,0.0000,0.0000,-1.392738,0.542611,-0.079820,-0.005251,-0.002228,-0.016889,-1.393128,0.556087,-0.200000,0.000000,0.000000,0.000000,-1.391899,0.543093,-0.077041,1.0000,1.0000,1.0000,1.660,4.810,0.340,5.000,3.000,8.000,1.500,0.060,0.110,382758940,1354614611,382758181,3158,1000,1506,1504,1505,1000,1000,2008,1505,1505,1074,2008,1625,1256,1000,1000
-0.0045,-0.0081,-0.6766,0.0012,-0.0223,3.1147,0.0063,-0.0042,-3.1481,0.0000,-0.0881,0.0034,-9.8680,0.0020,0.0020,0.0057,-0.1373,0.0386,-9.8063,0.0017,0.0004,0.0027,-0.2293,-0.2001,-9.8399,-0.0023,0.0039,-0.0040,-0.4060,-0.1901,-9.9126,0.0141,-0.0104,-0.0024,0.0000,0.0082,0.0292,0.0023,124.3610,123.7575,0.0000,0.0000,-1.392786,0.542590,-0.079973,-0.005306,-0.002443,-0.017304,-1.393128,0.556087,-0.200000,0.000000,0.000000,0.000000,-1.391899,0.543093,-0.077041,1.0000,1.0000,1.0000,1.660,4.810,0.340,5.000,3.000,8.000,1.500,0.060,0.110,382769440,1354614611,382767181,3158,1000,1506,1504,1505,1000,1000,2008,1505,1505,1074,2008,1625,1256,1000,1000
-0.0040,-0.0084,-0.6766,0.0012,-0.0223,3.1147,0.0063,-0.0042,-3.1481,0.0000,-0.0865,0.0622,-9.8760,0.0017,0.0026,-0.0063,-0.0523,0.0719,-9.8491,0.0039,-0.0011,-0.0127,-0.3346,-0.1786,-9.9907,0.0073,0.0105,-0.0008,0.1902,-0.0608,-10.0976,0.0040,-0.0091,-0.0085,0.0000,0.0078,0.0292,0.0037,116.0594,131.7532,0.0000,0.0000,-1.392849,0.542562,-0.080184,-0.005234,-0.002285,-0.017808,-1.393128,0.556087,-0.200000,0.000000,0.000000,0.000000,-1.391899,0.543093,-0.077041,1.0000,1.0000,1.0000,1.660,4.810,0.340,5.000,3.000,8.000,1.500,0.060,0.110,382779940,1354614611,382779181,3158,1000,1506,1504,1505,1000,1000,2008,1505,1505,1074,2008,1625,1256,1000,1000
-0.0039,-0.0078,-0.6766,0.0013,-0.0223,3.1147,0.0063,-0.0042,-3.1481,0.0000,-0.0537,0.0468,-9.8895,0.0014,0.0039,0.0063,-0.0921,0.0649,-9.8237,0.0025,-0.0024,-0.0031,-0.0401,-0.1474,-9.8734,0.0009,0.0023,0.0072,0.1956,0.7688,-9.6523,-0.0051,-0.0024,0.0056,0.0000,0.0079,0.0287,0.0026,120.9200,125.0483,0.0000,0.0000,-1.392897,0.542542,-0.080347,-0.005533,-0.002306,-0.018461,-1.393128,0.556087,-0.200000,0.000000,0.000000,0.000000,-1.391899,0.543093,-0.077041,1.0000,1.0000,1.0000,1.660,4.810,0.340,5.000,3.000,8.000,1.500,0.060,0.110,382790440,1354614611,382788181,3158,1000,1506,1504,1505,1000,1000,2008,1505,1505,1074,2008,1625,1256,1000,1000
-0.0038,-0.0078,-0.6766,0.0013,-0.0223,3.1148,0.0063,-0.0042,-3.1481,0.0000,-0.0875,0.0424,-9.8518,0.0010,0.0022,0.0082,-0.0399,0.0917,-9.8203,0.0007,-0.0033,0.0067,-0.0593,-0.3557,-10.2253,0.0028,0.0087,0.0053,-0.3467,0.2606,-9.7887,-0.0008,-0.0027,-0.0003,0.0000,0.0080,0.0293,0.0024,123.7112,124.8690,0.0000,0.0000,-1.392966,0.542513,-0.080573,-0.005726,-0.002419,-0.019012,-1.393128,0.556087,-0.200000,0.000000,0.000000,0.000000,-1.391899,0.543093,-0.077041,1.0000,1.0000,1.0000,1.660,4.810,0.340,5.000,3.000,8.000,1.500,0.060,0.110,382800940,1354614611,382800181,3158,1000,1506,1504,1505,1000,1000,2008,1505,1505,1074,2008,1625,1256,1000,1000
-0.0033,-0.0082,-0.6765,0.0013,-0.0223,3.1149,0.0063,-0.0042,-3.1481,0.0000,-0.0829,-0.0104,-9.8516,0.0020,0.0035,-0.0013,-0.0463,0.0476,-9.8291,0.0044,0.0019,-0.0094,-0.1479,-0.0493,-9.8351,-0.0025,0.0017,-0.0013,-0.2121,-0.1327,-9.9737,-0.0048,0.0032,-0.0011,0.0000,0.0077,0.0287,0.0033,116.9670,128.9740,0.0000,0.0000,-1.393017,0.542492,-0.080746,-0.005665,-0.002283,-0.019421,-1.393128,0.556087,-0.200000,0.000000,0.000000,0.000000,-1.391899,0.543093,-0.077041,1.0000,1.0000,1.0000,1.660,4.810,0.340,5.000,3.000,8.000,1.500,0.060,0.110,382811440,1354614611,382809181,3158,1000,1506,1504,1505,1000,1000,2008,1505,1505,1074,2008,1625,1256,1000,1000
-0.0032,-0.0083,-0.6765,0.0013,-0.0223,3.1148,0.0063,-0.0042,-3.1481,0.0000,-0.0769,0.0467,-9.8404,0.0013,0.0030,0.0000,-0.1027,0.0854,-9.8195,0.0028,-0.0013,-0.0061,-0.0258,-0.1211,-10.0817,0.0033,0.0039,0.0019,-0.3539,0.0954,-10.0258,0.0008,0.0011,0.0011,0.0000,0.0077,0.0290,0.0033,117.5562,129.7633,0.0000,0.0000,-1.393085,0.542465,-0.080982,-0.005695,-0.002216,-0.019838,-1.393128,0.556087,-0.200000,0.000000,0.000000,0.000000,-1.391899,0.543093,-0.077041,1.0000,1.0000,1.0000,1.660,4.810,0.340,5.000,3.000,8.000,1.500,0.060,0.110,382821940,1354614611,382821181,3158,1000,1506,1504,1505,1000,1000,2008,1505,1505,1074,2008,1625,1256,1000,1000
-0.0039,-0.0083,-0.6765,0.0013,-0.0223,3.1149,0.0063,-0.0042,-3.1481,0.0000,-0.0746,0.0272,-9.8651,0.0015,0.0030,0.0063,-0.0772,0.0361,-9.7900,0.0010,-0.0031,0.0015,-0.2556,0.1758,-9.8590,-0.0052,0.0025,0.0107,0.0160,0.2067,-9.9252,-0.0146,-0.0125,0.0168,0.0000,0.0079,0.0290,0.0027,121.4679,126.0440,0.0000,0.0000,-1.393136,0.542443,-0.081161,-0.005724,-0.002649,-0.020056,-1.393128,0.556087,-0.200000,0.000000,0.000000,0.000000,-1.391899,0.543093,-0.077041,1.0000,1.0000,1.0000,1.660,4.810,0.340,5.000,3.000,8.000,1.500,0.060,0.110,382832440,1354614611,382830181,3158,1000,1506,1504,1505,1000,1000,2008,1505,1505,1074,2008,1625,1256,1000,1000
-0.0040,-0.0082,-0.6764,0.0013,-0.0223,3.1150,0.0063,-0.0042,-3.1481,0.0000,-0.0498,0.0442,-9.8442,0.0005,0.0036,0.0083,-0.0864,0.0461,-9.7928,-0.0005,-0.0028,0.0045,0.1274,0.1279,-9.9165,0.0047,-0.0020,0.0003,-0.2659,-0.0034,-10.0401,0.0072,-0.0157,-0.0120,0.0000,0.0078,0.0288,0.0022,123.1232,123.3198,0.0000,0.0000,-1.393206,0.542410,-0.081404,-0.005902,-0.002868,-0.020410,-1.393128,0.556087,-0.200000,0.000000,0.000000,0.000000,-1.391899,0.543093,-0.077041,1.0000,1.0000,1.0000,1.660,4.810,0.340,5.000,3.000,8.000,1.500,0.060,0.110,382842940,1354614611,382842181,3158,1000,1506,1504,1505,1000,1000,2008,1505,1505,1074,2008,1625,1256,1000,1000
-0.0033,-0.0083,-0.6764,0.0013,-0.0223,3.1150,0.0063,-0.0042,-3.1481,0.0000,-0.1078,-0.0489,-9.8468,0.0015,0.0043,-0.0011,-0.1272,-0.0361,-9.8168,0.0010,-0.0007,-0.0093,-0.2245,-0.0948,-9.5549,-0.0004,0.0012,-0.0024,-0.1564,0.1349,-9.6163,0.0000,-0.0091,-0.0101,0.0000,0.0081,0.0287,0.0031,118.4926,127.3881,0.0000,0.0000,-1.393258,0.542387,-0.081589,-0.005710,-0.002309,-0.020706,-1.393128,0.556087,-0.200000,0.000000,0.000000,0.000000,-1.391899,0.543093,-0.077041,1.0000,1.0000,1.0000,1.660,4.810,0.340,5.000,3.000,8.000,1.500,0.060,0.110,382853440,1354614611,382851181,3158,1000,1506,1504,1505,1000,1000,2008,1505,1505,1074,2008,1625,1256,1000,1000
-0.0030,-0.0078,-0.6764,0.0013,-0.0223,3.1150,0.0063,-0.0042,-3.1481,0.0000,-0.0514,0.0504,-9.8794,0.0015,0.0051,-0.0000,-0.0702,0.0784,-9.8159,0.0014,-0.0040,-0.0076,-0.2652,0.0944,-9.9572,0.0039,0.0009,0.0027,-0.0935,-0.0590,-9.8641,-0.0027,-0.0101,-0.0067,0.0000,0.0075,0.0288,0.0035,115.8324,130.4869,0.0000,0.0000,-1.393327,0.542362,-0.081839,-0.005885,-0.002059,-0.021124,-1.393128,0.556087,-0.200000,0.000000,0.000000,0.000000,-1.391899,0.543093,-0.077041,1.0000,1.0000,1.0000,1.660,4.810,0.340,5.000,3.000,8.000,1.500,0.060,0.110,382863940,1354614611,382863181,3158,1000,1506,1504,1505,1000,1000,2008,1505,1505,1074,2008,1625,1256,1000,1000
-0.0036,-0.0075,-0.6764,0.0013,-0.0222,3.1151,0.0063,-0.0042,-3.1481,0.0000,-0.0773,0.0380,-9.8633,0.0021,0.0033,0.0069,-0.1107,0.0224,-9.8385,0.0025,0.0016,0.0015,0.1322,0.2093,-9.7130,0.0023,0.0023,0.0083,-0.1600,0.3414,-9.6163,0.0120,0.0061,0.0083,0.0000,0.0077,0.0282,0.0028,118.7270,125.1326,0.0000,0.0000,-1.393381,0.542342,-0.082032,-0.006088,-0.002326,-0.021603,-1.393128,0.556087,-0.200000,0.000000,0.000000,0.000000,-1.391899,0.543093,-0.077041,1.0000,1.0000,1.0000,1.660,4.810,0.340,5.000,3.000,8.000,1.500,0.060,0.110,382874440,1354614611,382872181,3158,1000,1506,1504,1505,1000,1000,2008,1505,1505,1074,2008,1625,1256,1000,1000
-0.0038,-0.0077,-0.6763,0.0014,-0.0222,3.1152,0.0063,-0.0042,-3.1481,0.0000,-0.1070,0.0295,-9.8894,0.0030,0.0035,0.0058,-0.0947,0.0396,-9.8694,0.0023,-0.0062,0.0021,0.0556,0.0345,-9.6842,0.0020,0.0020,0.0016,-0.1887,-0.2835,-9.6379,-0.0024,0.0085,-0.0128,0.0000,0.0074,0.0289,0.0025,121.5584,125.3317,0.0000,0.0000,-1.393455,0.542313,-0.082293,-0.006147,-0.002474,-0.022010,-1.393128,0.556087,-0.200000,0.000000,0.000000,0.000000,-1.391899,0.543093,-0.077041,1.0000,1.0000,1.0000,1.660,4.810,0.340,5.000,3.000,8.000,1.500,0.060,0.110,382884940,1354614611,382884182,3158,1000,1506,1504,1505,1000,1000,2008,1505,1505,1074,2008,1625,1256,1000,1000
-0.0033,-0.0081,-0.6763,0.0011,-0.0217,3.1152,0.0063,-0.0042,-3.1481,0.0000,-0.0940,0.0192,-9.8852,0.0020,0.0031,0.0023,-0.0991,0.0821,-9.8293,-0.0013,-0.0002,-0.0057,-0.3442,0.0154,-9.7872,-0.0004,0.0052,0.0045,0.4506,0.4707,-9.7887,0.0112,-0.0093,-0.0080,0.0000,0.0079,0.0279,0.0029,117.4848,124.9137,0.0000,0.0000,-1.392481,0.542836,-0.079899,-0.002292,-0.000351,-0.016304,-1.393128,0.556087,-0.200000,0.000000,0.000000,0.000000,-1.392000,0.543088,-0.077087,1.0000,1.0000,1.0000,1.660,4.810,0.340,5.000,3.000,8.000,1.500,0.060,0.110,382894992,1354747784,382893233,3159,1000,1506,1504,1505,1000,1000,2008,1505,1505,1074,2008,1625,1256,1000,1000
-0.0034,-0.0075,-0.6762,0.0011,-0.0217,3.1153,0.0063,-0.0042,-3.1481,0.0000,-0.0371,0.0378,-9.8442,0.0012,0.0029,0.0028,-0.0690,0.0694,-9.8361,0.0033,-0.0014,-0.0014,-0.1599,0.0944,-9.9620,0.0020,0.0079,0.0035,0.3572,0.2534,-9.8641,0.0003,0.0144,-0.0083,0.0000,0.0083,0.0280,0.0029,118.7213,124.5135,0.0000,0.0000,-1.392511,0.542831,-0.080098,-0.002681,-0.000451,-0.016743,-1.393128,0.556087,-0.200000,0.000000,0.000000,0.000000,-1.392000,0.543088,-0.077087,1.0000,1.0000,1.0000,1.660,4.810,0.340,5.000,3.000,8.000,1.500,0.060,0.110,382905492,1354747784,382905233,3159,1000,1506,1504,1505,1000,1000,2008,1505,1505,1074,2008,1625,1256,1000,1000
-0.0032,-0.0069,-0.6762,0.0011,-0.0217,3.1153,0.0063,-0.0042,-3.1481,0.0000,-0.0725,0.0149,-9.8606,0.0024,0.0045,0.0023,-0.0844,0.0304,-9.8788,0.0024,-0.0014,-0.0060,0.0125,0.2141,-9.8949,-0.0055,0.0052,0.0040,-0.1205,-0.1919,-9.7097,-0.0117,0.0104,0.0170,0.0000,0.0077,0.0274,0.0029,116.1510,124.4350,0.0000,0.0000,-1.392536,0.542827,-0.080250,-0.002906,-0.000403,-0.017004,-1.393128,0.556087,-0.200000,0.000000,0.000000,0.000000,-1.392000,0.543088,-0.077087,1.0000,1.0000,1.0000,1.660,4.810,0.340,5.000,3.000,8.000,1.500,0.060,0.110,382915992,1354747784,382914233,3159,1000,1506,1504,1505,1000,1000,2008,1505,1505,1074,2008,1625,1256,1000,1000
-0.0028,-0.0069,-0.6762,0.0011,-0.0217,3.1154,0.0063,-0.0042,-3.1481,0.0000,-0.0670,0.0481,-9.8667,0.0009,0.0026,0.0061,-0.0497,0.0698,-9.8189,0.0021,-0.0020,-0.0010,-0.1144,0.1255,-10.0841,0.0047,0.0025,0.0061,-0.1295,0.0541,-10.1946,-0.0045,-0.0181,0.0000,0.0000,0.0084,0.0281,0.0026,120.6650,122.7001,0.0000,0.0000,-1.392572,0.542823,-0.080457,-0.003069,-0.000337,-0.017435,-1.393128,0.556087,-0.200000,0.000000,0.000000,0.000000,-1.392000,0.543088,-0.077087,1.0000,1.0000,1.0000,1.660,4.810,0.340,5.000,3.000,8.000,1.500,0.060,0.110,382926492,1354747784,382926233,3159,1000,1506,1504,1505,1000,1000,2008,1505,1505,1074,2008,1625,1256,1000,1000
-0.0034,-0.0067,-0.6761,0.0011,-0.0217,3.1154,0.0063,-0.0042,-3.1481,0.0000,-0.0635,0.0343,-9.8842,0.0012,0.0040,0.0057,-0.1037,0.0293,-9.8491,0.0031,-0.0038,0.0001,-0.1407,-0.0972,-9.6483,0.0004,0.0009,0.0035,0.0340,-0.1776,-9.7690,0.0069,-0.0093,-0.0115,0.0000,0.0082,0.0279,0.0025,120.4771,122.3508,0.0000,0.0000,-1.392600,0.542820,-0.080617,-0.003249,-0.000496,-0.018161,-1.393128,0.556087,-0.200000,0.000000,0.000000,0.000000,-1.392000,0.543088,-0.077087,1.0000,1.0000,1.0000,1.660,4.810,0.340,5.000,3.000,8.000,1.500,0.060,0.110,382936992,1354747784,382935233,3159,1000,1506,1504,1505,1000,1000,2008,1505,1505,1074,2008,1625,1256,1000,1000
-0.0035,-0.0067,-0.6761,0.0011,-0.0217,3.1155,0.0063,-0.0042,-3.1481,0.0000,-0.0673,0.0333,-9.8602,0.0016,0.0043,0.0001,-0.0730,0.0302,-9.8058,0.0024,0.0013,-0.0059,-0.0258,0.0896,-9.8159,0.0025,-0.0009,-0.0013,-0.1295,0.0846,-10.0437,0.0080,0.0088,0.0011,0.0000,0.0079,0.0275,0.0030,116.0603,124.8338,0.0000,0.0000,-1.392641,0.542813,-0.080836,-0.003487,-0.000629,-0.018436,-1.393128,0.556087,-0.200000,0.000000,0.000000,0.000000,-1.392000,0.543088,-0.077087,1.0000,1.0000,1.0000,1.660,4.810,0.340,5.000,3.000,8.000,1.500,0.060,0.110,382947492,1354747784,382947233,3159,1000,1506,1504,1505,1000,1000,2008,1505,1505,1074,2008,1625,1256,1000,1000
-0.0040,-0.0066,-0.6761,0.0011,-0.0217,3.1155,0.0063,-0.0042,-3.1481,0.0000,-0.0798,0.0783,-9.8869,0.0020,0.0037,0.0017,-0.0965,0.0674,-9.7874,0.0017,0.0028,-0.0034,-0.2006,-0.2193,-9.8375,0.0012,0.0028,0.0051,0.1219,0.2067,-9.8534,0.0120,-0.0101,-0.0059,0.0000,0.0080,0.0277,0.0031,116.2072,125.3789,0.0000,0.0000,-1.392673,0.542806,-0.081005,-0.003654,-0.000846,-0.019019,-1.393128,0.556087,-0.200000,0.000000,0.000000,0.000000,-1.392000,0.543088,-0.077087,1.0000,1.0000,1.0000,1.660,4.810,0.340,5.000,3.000,8.000,1.500,0.060,0.110,382957992,1354747784,382956233,3159,1000,1506,1504,1505,1000,1000,2008,1505,1505,1074,2008,1625,1256,1000,1000
-0.0042,-0.0073,-0.6760,0.0011,-0.0216,3.1156,0.0063,-0.0042,-3.1481,0.0000,-0.1316,0.0279,-9.9045,0.0015,0.0051,0.0065,-0.1162,0.0251,-9.8260,0.0027,-0.0011,-0.0007,0.1298,0.4726,-9.6675,0.0009,-0.0028,0.0072,0.0142,0.0128,-9.7797,0.0091,0.0019,0.0154,0.0000,0.0079,0.0274,0.0025,118.9294,121.7450,0.0000,0.0000,-1.392716,0.542795,-0.081238,-0.003428,-0.001050,-0.019807,-1.393128,0.556087,-0.200000,0.000000,0.000000,0.000000,-1.392000,0.543088,-0.077087,1.0000,1.0000,1.0000,1.660,4.810,0.340,5.000,3.000,8.000,1.500,0.060,0.110,382968492,1354747784,382968233,3159,1000,1506,1504,1505,1000,1000,2008,1505,1505,1074,2008,1625,1256,1000,1000
-0.0042,-0.0080,-0.6759,0.0012,-0.0216,3.1156,0.0063,-0.0042,-3.1481,0.0000,-0.0852,0.0441,-9.8803,0.0014,0.0032,0.0041,-0.0731,0.0636,-9.8148,0.0013,-0.0012,-0.0009,-0.2508,-0.0158,-9.8877,0.0065,0.0009,0.0019,0.2494,-0.1668,-10.0940,0.0107,-0.0157,-0.0003,0.0000,0.0077,0.0276,0.0026,118.7357,122.8403,0.0000,0.0000,-1.392746,0.542784,-0.081418,-0.003190,-0.001168,-0.020293,-1.393128,0.556087,-0.200000,0.000000,0.000000,0.000000,-1.392000,0.543088,-0.077087,1.0000,1.0000,1.0000,1.660,4.810,0.340,5.000,3.000,8.000,1.500,0.060,0.110,382978992,1354747784,382977244,3159,1000,1506,1504,1505,1000,1000,2008,1505,1505,1074,2008,1625,1256,1000,1000
-0.0037,-0.0079,-0.6759,0.0012,-0.0216,3.1157,0.0063,-0.0042,-3.1481,0.0000,-0.0781,0.0337,-9.8883,0.0013,0.0041,0.0005,-0.0479,0.0772,-9.8761,-0.0013,-0.0018,-0.0047,-0.1096,-0.0277,-9.6938,0.0012,0.0015,0.0013,-0.0002,0.0218,-9.5301,-0.0013,-0.0048,-0.0104,0.0000,0.0079,0.0278,0.0030,117.2200,125.0137,0.0000,0.0000,-1.392784,0.542771,-0.081665,-0.003188,-0.001103,-0.020828,-1.393128,0.556087,-0.200000,0.000000,0.000000,0.000000,-1.392000,0.543088,-0.077087,1.0000,1.0000,1.0000,1.660,4.810,0.340,5.000,3.000,8.000,1.500,0.060,0.110,382989492,1354747784,382989233,3159,1000,1506,1504,1505,1000,1000,2008,1505,1505,1074,2008,1625,1256,1000,1000
-0.0034,-0.0079,-0.6759,0.0012,-0.0210,3.1157,0.0063,-0.0042,-3.1481,0.0000,-0.0767,0.0395,-9.8537,0.0015,0.0035,0.0029,-0.0683,0.0465,-9.8208,0.0026,0.0002,-0.0019,-0.2413,-0.0110,-9.9763,0.0012,0.0079,0.0080,0.1076,-0.0159,-9.9126,0.0061,0.0008,-0.0005,0.0000,0.0081,0.0278,0.0030,117.2921,124.9240,0.0000,0.0000,-1.391588,0.542764,-0.079166,0.001209,-0.001078,-0.014674,-1.393128,0.556087,-0.200000,0.000000,0.000000,0.000000,-1.390778,0.542767,-0.075856,1.0000,1.0000,1.0000,1.660,4.810,0.340,5.000,3.000,8.000,1.500,0.060,0.110,382999542,1354881332,382998237,3160,1000,1506,1504,1505,1000,1000,2008,1505,1505,1074,2008,1625,1256,1000,1000
-0.0036,-0.0079,-0.6759,0.0012,-0.0210,3.1158,0.0063,-0.0042,-3.1481,0.0000,-0.0457,0.0482,-9.8653,0.0017,0.0022,0.0065,-0.0612,0.0123,-9.8077,0.0034,-0.0041,-0.0008,-0.5046,-0.1427,-10.2852,0.0073,0.0121,0.0032,0.2548,0.1115,-10.1425,0.0146,0.0067,0.0104,0.0000,0.0081,0.0270,0.0025,118.6102,120.2152,0.0000,0.0000,-1.391577,0.542754,-0.079301,0.001256,-0.001167,-0.015368,-1.393128,0.556087,-0.200000,0.000000,0.000000,0.000000,-1.390778,0.542767,-0.075856,1.0000,1.0000,1.0000,1.660,4.810,0.340,5.000,3.000,8.000,1.500,0.060,0.110,383010042,1354881332,383007283,3160,1000,1506,1504,1505,1000,1000,2008,1505,1505,1074,2008,1625,1256,1000,1000
-0.0032,-0.0077,-0.6758,0.0012,-0.0210,3.1158,0.0063,-0.0042,-3.1481,0.0000,-0.0964,0.0024,-9.8507,0.0032,0.0037,0.0013,-0.0644,0.0361,-9.8349,0.0029,-0.0054,-0.0027,0.0101,0.1638,-10.0386,0.0009,0.0073,0.0021,-0.3126,-0.5152,-9.6900,-0.0040,0.0008,-0.0080,0.0000,0.0076,0.0266,0.0028,114.8433,122.0844,0.0000,0.0000,-1.391562,0.542739,-0.079490,0.001236,-0.001133,-0.015866,-1.393128,0.556087,-0.200000,0.000000,0.000000,0.000000,-1.390778,0.542767,-0.075856,1.0000,1.0000,1.0000,1.660,4.810,0.340,5.000,3.000,8.000,1.500,0.060,0.110,383020075,1354881332,383019316,3160,1000,1506,1504,1505,1000,1000,2008,1505,1505,1074,2008,1625,1256,1000,1000
-0.0033,-0.0079,-0.6758,0.0012,-0.0209,3.1158,0.0063,-0.0042,-3.1481,0.0000,-0.0790,0.0404,-9.8761,0.0010,0.0035,0.0018,-0.0731,0.0211,-9.7889,0.0007,-0.0052,-0.0043,0.0724,0.1877,-9.8518,0.0004,0.0012,0.0040,0.0824,-0.2404,-10.3921,-0.0096,-0.0146,-0.0133,0.0000,0.0081,0.0266,0.0029,115.1792,121.8741,0.0000,0.0000,-1.391550,0.542729,-0.079634,0.001381,-0.001123,-0.016289,-1.393128,0.556087,-0.200000,0.000000,0.000000,0.000000,-1.390778,0.542767,-0.075856,1.0000,1.0000,1.0000,1.660,4.810,0.340,5.000,3.000,8.000,1.500,0.060,0.110,383030575,1354881332,383028316,3160,1000,1506,1504,1505,1000,1000,2008,1505,1505,1074,2008,1625,1256,1000,1000
-0.0033,-0.0078,-0.6758,0.0012,-0.0209,3.1159,0.0063,-0.0042,-3.1481,0.0000,-0.0731,0.0467,-9.8905,0.0007,0.0051,0.0047,-0.0672,0.0941,-9.8323,0.0043,0.0022,0.0010,-0.0234,0.2189,-9.7992,0.0041,-0.0028,0.0037,-0.4168,-0.0213,-10.2107,0.0064,-0.0104,-0.0088,0.0000,0.0083,0.0261,0.0026,115.9052,118.6597,0.0000,0.0000,-1.391534,0.542715,-0.079834,0.001358,-0.001217,-0.017100,-1.393128,0.556087,-0.200000,0.000000,0.000000,0.000000,-1.390778,0.542767,-0.075856,1.0000,1.0000,1.0000,1.660,4.810,0.340,5.000,3.000,8.000,1.500,0.060,0.110,383041075,1354881332,383040316,3160,1000,1506,1504,1505,1000,1000,2008,1505,1505,1074,2008,1625,1256,1000,1000
-0.0037,-0.0081,-0.6757,0.0012,-0.0209,3.1159,0.0063,-0.0042,-3.1481,0.0000,-0.0770,0.0440,-9.8944,0.0010,0.0042,0.0018,-0.0895,0.0499,-9.8177,0.0007,-0.0031,-0.0010,0.2304,0.1135,-9.7824,0.0031,0.0071,-0.0019,-0.4617,-0.1847,-9.6989,0.0005,0.0069,-0.0162,0.0000,0.0081,0.0266,0.0028,115.6205,121.4302,0.0000,0.0000,-1.391521,0.542704,-0.079990,0.001486,-0.001281,-0.017633,-1.393128,0.556087,-0.200000,0.000000,0.000000,0.000000,-1.390778,0.542767,-0.075856,1.0000,1.0000,1.0000,1.660,4.810,0.340,5.000,3.000,8.000,1.500,0.060,0.110,383051575,1354881332,383049316,3160,1000,1506,1504,1505,1000,1000,2008,1505,1505,1074,2008,1625,1256,1000,1000
-0.0039,-0.0074,-0.6757,0.0012,-0.0209,3.1160,0.0063,-0.0042,-3.1481,0.0000,-0.0756,0.0403,-9.8384,0.0004,0.0044,0.0019,-0.0947,0.0528,-9.8247,0.0012,0.0039,-0.0011,0.2950,0.0034,-9.7178,0.0055,0.0015,0.0013,0.1758,-0.0537,-9.7708,0.0067,0.0162,-0.0322,0.0000,0.0081,0.0263,0.0029,114.2971,121.4211,0.0000,0.0000,-1.391505,0.542688,-0.080205,0.001268,-0.001431,-0.018015,-1.393128,0.556087,-0.200000,0.000000,0.000000,0.000000,-1.390778,0.542767,-0.075856,1.0000,1.0000,1.0000,1.660,4.810,0.340,5.000,3.000,8.000,1.500,0.060,0.110,383062075,1354881332,383061316,3160,1000,1506,1504,1505,1000,1000,2008,1505,1505,1074,2008,1625,1256,1000,1000
-0.0038,-0.0074,-0.6757,0.0012,-0.0209,3.1160,0.0063,-0.0042,-3.1481,0.0000,-0.0616,0.0402,-9.8727,0.0011,0.0033,0.0062,-0.0913,0.0384,-9.8292,0.0046,-0.0000,0.0024,-0.2604,0.0848,-9.7896,-0.0023,0.0087,0.0061,-0.2462,0.2965,-9.8121,-0.0056,0.0037,-0.0027,0.0000,0.0078,0.0265,0.0025,117.0258,119.5988,0.0000,0.0000,-1.391494,0.542675,-0.080367,0.001256,-0.001471,-0.018136,-1.393128,0.556087,-0.200000,0.000000,0.000000,0.000000,-1.390778,0.542767,-0.075856,1.0000,1.0000,1.0000,1.660,4.810,0.340,5.000,3.000,8.000,1.500,0.060,0.110,383072575,1354881332,383070316,3160,1000,1506,1504,1505,1000,1000,2008,1505,1505,1074,2008,1625,1256,1000,1000
-0.0043,-0.0077,-0.6756,0.0012,-0.0209,3.1161,0.0063,-0.0042,-3.1481,0.0000,-0.0760,0.0471,-9.8546,0.0026,0.0037,0.0030,-0.0757,0.0308,-9.7917,0.0009,0.0015,-0.0007,-0.2532,0.1255,-10.1343,0.0001,0.0060,0.0000,-0.4688,-0.1955,-9.9414,0.0035,-0.0205,-0.0072,0.0000,0.0081,0.0265,0.0026,116.7086,119.9393,0.0000,0.0000,-1.391478,0.542656,-0.080588,0.001361,-0.001689,-0.018657,-1.393128,0.556087,-0.200000,0.000000,0.000000,0.000000,-1.390778,0.542767,-0.075856,1.0000,1.0000,1.0000,1.660,4.810,0.340,5.000,3.000,8.000,1.500,0.060,0.110,383083075,1354881332,383082316,3160,1000,1506,1504,1505,1000,1000,2008,1505,1505,1074,2008,1625,1256,1000,1000
-0.0040,-0.0081,-0.6756,0.0013,-0.0209,3.1161,0.0063,-0.0042,-3.1481,0.0000,-0.0851,0.0209,-9.8731,0.0029,0.0034,0.0015,-0.0819,0.0088,-9.8082,0.0027,-0.0041,-0.0043,-0.2077,0.1710,-9.6028,-0.0033,0.0044,0.0008,0.0070,0.0092,-9.5858,-0.0069,-0.0029,0.0181,0.0000,0.0077,0.0268,0.0030,114.3582,123.1612,0.0000,0.0000,-1.391465,0.542640,-0.080758,0.001535,-0.001735,-0.019137,-1.393128,0.556087,-0.200000,0.000000,0.000000,0.000000,-1.390778,0.542767,-0.075856,1.0000,1.0000,1.0000,1.660,4.810,0.340,5.000,3.000,8.000,1.500,0.060,0.110,383093575,1354881332,383091316,3160,1000,1506,1504,1505,1000,1000,2008,1505,1505,1074,2008,1625,1256,1000,1000
-0.0038,-0.0082,-0.6756,0.0013,-0.0209,3.1162,0.0063,-0.0042,-3.1481,0.0000,-0.0945,0.0117,-9.8613,0.0009,0.0042,0.0046,-0.1223,0.0705,-9.7766,-0.0001,-0.0007,0.0004,0.2448,-0.1594,-9.6483,0.0060,0.0007,0.0080,0.0250,0.6592,-9.8210,0.0181,-0.0075,-0.0056,0.0000,0.0079,0.0265,0.0026,116.2485,120.3128,0.0000,0.0000,-1.391446,0.542619,-0.080990,0.001658,-0.001838,-0.019510,-1.393128,0.556087,-0.200000,0.000000,0.000000,0.000000,-1.390778,0.542767,-0.075856,1.0000,1.0000,1.0000,1.660,4.810,0.340,5.000,3.000,8.000,1.500,0.060,0.110,383104075,1354881332,383103316,3160,1000,1506,1504,1505,1000,1000,2008,1505,1505,1074,2008,1625,1256,1000,1000
-0.0030,-0.0084,-0.6756,0.0013,-0.0209,3.1162,0.0063,-0.0042,-3.1481,0.0000,-0.0954,0.0079,-9.8959,0.0018,0.0046,0.0014,-0.0646,0.0205,-9.8646,0.0011,-0.0034,-0.0029,-0.1982,0.2667,-9.8925,-0.0001,0.0084,0.0016,0.1255,-0.1901,-9.8803,0.0051,0.0056,-0.0048,0.0000,0.0077,0.0263,0.0026,115.3061,120.2120,0.0000,0.0000,-1.391431,0.542603,-0.081167,0.001806,-0.001585,-0.019815,-1.393128,0.556087,-0.200000,0.000000,0.000000,0.000000,-1.390778,0.542767,-0.075856,1.0000,1.0000,1.0000,1.660,4.810,0.340,5.000,3.000,8.000,1.500,0.060,0.110,383114575,1354881332,383112316,3160,1000,1506,1504,1505,1000,1000,2008,1505,1505,1074,2008,1625,1256,1000,1000
-0.0036,-0.0086,-0.6755,0.0013,-0.0209,3.1162,0.0063,-0.0042,-3.1481,0.0000,-0.0639,0.0743,-9.7978,0.0012,0.0032,0.0006,-0.0912,0.0610,-9.7936,0.0023,0.0005,-0.0054,0.0963,0.0776,-10.2804,0.0028,0.0079,0.0037,-0.1743,-0.1470,-9.9557,0.0056,-0.0181,-0.0170,0.0000,0.0076,0.0263,0.0030,112.8536,122.7100,0.0000,0.0000,-1.391408,0.542583,-0.081409,0.001967,-0.001824,-0.020379,-1.393128,0.556087,-0.200000,0.000000,0.000000,0.000000,-1.390778,0.542767,-0.075856,1.0000,1.0000,1.0000,1.660,4.810,0.340,5.000,3.000,8.000,1.500,0.060,0.110,383125075,1354881332,383124316,3160,1000,1506,1504,1505,1000,1000,2008,1505,1505,1074,2008,1625,1256,1000,1000
-0.0037,-0.0083,-0.6755,0.0013,-0.0209,3.1163,0.0063,-0.0042,-3.1481,0.0000,-0.0742,0.0184,-9.8185,0.0018,0.0030,0.0053,-0.1025,0.0175,-9.8296,0.0019,-0.0007,-0.0025,-0.3179,-0.0684,-9.6076,0.0009,-0.0007,0.0064,-0.3378,-0.5547,-9.7564,0.0003,-0.0037,-0.0003,0.0000,0.0076,0.0267,0.0025,117.0098,120.3549,0.0000,0.0000,-1.391390,0.542566,-0.081592,0.002017,-0.001953,-0.020208,-1.393128,0.556087,-0.200000,0.000000,0.000000,0.000000,-1.390778,0.542767,-0.075856,1.0000,1.0000,1.0000,1.660,4.810,0.340,5.000,3.000,8.000,1.500,0.060,0.110,383135575,1354881332,383133316,3160,1000,1506,1504,1505,1000,1000,2008,1505,1505,1074,2008,1625,1256,1000,1000
-0.0033,-0.0081,-0.6755,0.0013,-0.0209,3.1163,0.0063,-0.0042,-3.1481,0.0000,-0.1019,0.0222,-9.8743,0.0014,0.0030,0.0032,-0.0808,0.0084,-9.8485,0.0010,0.0017,-0.0027,0.5393,0.0968,-9.9237,0.0017,-0.0007,0.0032,0.1866,0.3001,-9.6109,0.0138,0.0032,0.0019,0.0000,0.0078,0.0266,0.0027,116.0694,121.0197,0.0000,0.0000,-1.391366,0.542543,-0.081834,0.002062,-0.001915,-0.020296,-1.393128,0.556087,-0.200000,0.000000,0.000000,0.000000,-1.390778,0.542767,-0.075856,1.0000,1.0000,1.0000,1.660,4.810,0.340,5.000,3.000,8.000,1.500,0.060,0.110,383146075,1354881332,383145316,3160,1000,1506,1504,1505,1000,1000,2008,1505,1505,1074,2008,1625,1256,1000,1000
-0.0032,-0.0077,-0.6755,0.0013,-0.0209,3.1164,0.0063,-0.0042,-3.1481,0.0000,-0.0681,0.0309,-9.8729,0.0012,0.0045,-0.0004,-0.1239,0.0209,-9.8506,0.0022,-0.0039,-0.0078,-0.3370,-0.0900,-9.7608,-0.0015,0.0036,0.0005,-0.2246,0.2426,-9.6576,-0.0045,0.0109,-0.0027,0.0000,0.0079,0.0262,0.0030,113.1643,121.8132,0.0000,0.0000,-1.391348,0.542526,-0.082019,0.002033,-0.001951,-0.020806,-1.393128,0.556087,-0.200000,0.000000,0.000000,0.000000,-1.390778,0.542767,-0.075856,1.0000,1.0000,1.0000,1.660,4.810,0.340,5.000,3.000,8.000,1.500,0.060,0.110,383156575,1354881332,383154316,3160,1000,1506,1504,1505,1000,1000,2008,1505,1505,1074,2008,1625,1256,1000,1000
-0.0036,-0.0077,-0.6754,0.0014,-0.0209,3.1164,0.0063,-0.0042,-3.1481,0.0000,-0.0761,0.0626,-9.8558,0.0025,0.0030,0.0044,-0.0588,0.0220,-9.8152,0.0019,-0.0047,-0.0000,0.1059,0.1303,-10.0290,0.0049,0.0009,0.0091,0.0322,0.0792,-10.0204,0.0123,0.0024,-0.0077,0.0000,0.0074,0.0266,0.0026,115.6110,121.5056,0.0000,0.0000,-1.391323,0.542502,-0.082272,0.002032,-0.002114,-0.021310,-1.393128,0.556087,-0.200000,0.000000,0.000000,0.000000,-1.390778,0.542767,-0.075856,1.0000,1.0000,1.0000,1.660,4.810,0.340,5.000,3.000,8.000,1.500,0.060,0.110,383167075,1354881332,383166316,3160,1000,1506,1504,1505,1000,1000,2008,1505,1505,1074,2008,1625,1256,1000,1000
-0.0042,-0.0080,-0.6754,0.0014,-0.0209,3.1165,0.0063,-0.0042,-3.1481,0.0000,-0.0815,0.0444,-9.8916,0.0019,0.0037,0.0065,-0.0509,0.0442,-9.8037,-0.0001,-0.0035,0.0030,0.0389,-0.1834,-9.7321,0.0020,-0.0025,0.0035,-0.1133,0.0146,-9.6523,0.0186,-0.0053,-0.0120,0.0000,0.0075,0.0265,0.0023,117.4329,118.9907,0.0000,0.0000,-1.391304,0.542482,-0.082466,0.002099,-0.002334,-0.021774,-1.393128,0.556087,-0.200000,0.000000,0.000000,0.000000,-1.390778,0.542767,-0.075856,1.0000,1.0000,1.0000,1.660,4.810,0.340,5.000,3.000,8.000,1.500,0.060,0.110,383177575,1354881332,383175316,3160,1000,1506,1504,1505,1000,1000,2008,1505,1505,1074,2008,1625,1256,1000,1000
-0.0038,-0.0080,-0.6753,0.0014,-0.0209,3.1165,0.0063,-0.0042,-3.1481,0.0000,-0.0968,0.0098,-9.8935,0.0016,0.0022,-0.0008,-0.1102,0.0077,-9.8140,0.0034,-0.0007,-0.0017,-0.0880,0.3218,-9.8830,0.0068,0.0009,-0.0016,0.0681,-0.3948,-10.0563,0.0077,-0.0043,-0.0146,0.0000,0.0074,0.0269,0.0029,114.7335,123.5134,0.0000,0.0000,-1.391279,0.542454,-0.082731,0.002205,-0.002321,-0.022396,-1.393128,0.556087,-0.200000,0.000000,0.000000,0.000000,-1.390778,0.542767,-0.075856,1.0000,1.0000,1.0000,1.660,4.810,0.340,5.000,3.000,8.000,1.500,0.060,0.110,383188075,1354881332,383187316,3160,1000,1506,1504,1505,1000,1000,2008,1505,1505,1074,2008,1625,1256,1000,1000
-0.0036,-0.0081,-0.6753,0.0014,-0.0209,3.1165,0.0063,-0.0042,-3.1481,0.0000,-0.0713,0.0380,-9.8240,0.0005,0.0023,0.0026,-0.0451,0.0492,-9.8193,0.0019,-0.0011,-0.0045,-0.1287,-0.0086,-10.4863,0.0004,0.0113,0.0037,-0.0235,-0.0662,-9.9988,0.0099,0.0093,-0.0088,0.0000,0.0077,0.0267,0.0029,114.6723,122.5977,0.0000,0.0000,-1.391258,0.542433,-0.082935,0.002301,-0.002376,-0.022936,-1.393128,0.556087,-0.200000,0.000000,0.000000,0.000000,-1.390778,0.542767,-0.075856,1.0000,1.0000,1.0000,1.660,4.810,0.340,5.000,3.000,8.000,1.500,0.060,0.110,383198575,1354881332,383196316,3160,1000,1506,1504,1505,1000,1000,2008,1505,1505,1074,2008,1625,1256,1000,1000
-0.0042,-0.0081,-0.6753,0.0014,-0.0209,3.1166,0.0063,-0.0042,-3.1481,0.0000,-0.0547,0.0674,-9.8363,0.0014,0.0044,0.0062,-0.0724,0.0674,-9.7786,-0.0016,0.0005,0.0030,-0.4400,0.0058,-9.8207,0.0071,0.0001,0.0035,-0.7149,-0.4308,-9.8983,0.0136,-0.0067,-0.0083,0.0000,0.0074,0.0263,0.0025,115.6104,119.9310,0.0000,0.0000,-1.391231,0.542403,-0.083213,0.002299,-0.002696,-0.023279,-1.393128,0.556087,-0.200000,0.000000,0.000000,0.000000,-1.390778,0.542767,-0.075856,1.0000,1.0000,1.0000,1.660,4.810,0.340,5.000,3.000,8.000,1.500,0.060,0.110,383209075,1354881332,383208316,3160,1000,1506,1504,1505,1000,1000,2008,1505,1505,1074,2008,1625,1256,1000,1000
-0.0041,-0.0086,-0.6752,0.0014,-0.0209,3.1166,0.0063,-0.0042,-3.1481,0.0000,-0.1119,0.0342,-9.8668,0.0018,0.0042,0.0018,-0.0888,0.0269,-9.8276,0.0017,-0.0017,-0.0032,0.0030,-0.2241,-9.9404,0.0039,0.0055,0.0000,-0.4940,-0.3446,-9.6361,0.0194,0.0069,-0.0181,0.0000,0.0076,0.0264,0.0026,115.3677,120.4596,0.0000,0.0000,-1.391209,0.542378,-0.083423,0.002510,-0.002781,-0.023574,-1.393128,0.556087,-0.200000,0.000000,0.000000,0.000000,-1.390778,0.542767,-0.075856,1.0000,1.0000,1.0000,1.660,4.810,0.340,5.000,3.000,8.000,1.500,0.060,0.110,383219575,1354881332,383217316,3160,1000,1506,1504,1505,1000,1000,2008,1505,1505,1074,2008,1625,1256,1000,1000
-0.0035,-0.0086,-0.6752,0.0012,-0.0207,3.1167,0.0063,-0.0042,-3.1481,0.0000,-0.0786,0.0398,-9.8326,0.0017,0.0036,0.0015,-0.1001,0.0532,-9.8158,0.0015,0.0007,-0.0020,0.0006,0.0608,-10.0290,0.0001,0.0017,0.0029,-0.1366,0.3055,-9.5176,0.0130,0.0021,-0.0194,0.0000,0.0075,0.0263,0.0030,113.1652,122.4930,0.0000,0.0000,-1.390743,0.542915,-0.079252,0.004146,-0.000873,-0.014307,-1.393128,0.556087,-0.200000,0.000000,0.000000,0.000000,-1.390605,0.543096,-0.075864,1.0000,1.0000,1.0000,1.660,4.810,0.340,5.000,3.000,8.000,1.500,0.060,0.110,383229625,1355084600,383229320,3161,1000,1506,1504,1505,1000,1000,2008,1505,1505,1074,2008,1625,1256,1000,1000
-0.0041,-0.0087,-0.6752,0.0012,-0.0207,3.1167,0.0063,-0.0042,-3.1481,0.0000,-0.1025,0.0507,-9.8539,0.0013,0.0045,0.0047,-0.1074,-0.0198,-9.8216,0.0016,0.0003,0.0021,-0.3442,-0.1642,-9.9284,-0.0004,-0.0004,0.0032,0.4434,0.3181,-10.1838,0.0027,0.0067,0.0037,0.0000,0.0080,0.0262,0.0026,116.0181,119.3528,0.0000,0.0000,-1.390705,0.542906,-0.079381,0.004320,-0.001075,-0.014298,-1.393128,0.556087,-0.200000,0.000000,0.000000,0.000000,-1.390605,0.543096,-0.075864,1.0000,1.0000,1.0000,1.660,4.810,0.340,5.000,3.000,8.000,1.500,0.060,0.110,383240125,1355084600,383238366,3161,1000,1506,1504,1505,1000,1000,2008,1505,1505,1074,2008,1625,1256,1000,1000
-0.0038,-0.0092,-0.6752,0.0012,-0.0207,3.1168,0.0063,-0.0042,-3.1481,0.0000,-0.1017,0.0288,-9.8888,0.0003,0.0033,0.0032,-0.0720,0.0259,-9.8378,0.0025,0.0005,-0.0014,-0.0234,0.1949,-10.0745,-0.0009,0.0036,-0.0003,-0.3288,-0.6804,-9.6343,-0.0048,-0.0152,-0.0069,0.0000,0.0084,0.0263,0.0026,116.5698,118.8818,0.0000,0.0000,-1.390652,0.542893,-0.079556,0.004651,-0.001097,-0.014930,-1.393128,0.556087,-0.200000,0.000000,0.000000,0.000000,-1.390605,0.543096,-0.075864,1.0000,1.0000,1.0000,1.660,4.810,0.340,5.000,3.000,8.000,1.500,0.060,0.110,383250625,1355084600,383250366,3161,1000,1506,1504,1505,1000,1000,2008,1505,1505,1074,2008,1625,1256,1000,1000
-0.0034,-0.0089,-0.6752,0.0012,-0.0207,3.1168,0.0063,-0.0042,-3.1481,0.0000,-0.0719,0.0216,-9.8639,0.0021,0.0034,-0.0000,-0.0794,0.0278,-9.8163,0.0030,0.0022,-0.0069,0.1059,0.1039,-9.7178,-0.0017,-0.0007,0.0027,-0.2085,-0.1129,-9.6271,0.0072,-0.0226,0.0096,0.0000,0.0077,0.0262,0.0030,113.0956,121.7346,0.0000,0.0000,-1.390609,0.542883,-0.079692,0.004717,-0.001071,-0.015301,-1.393128,0.556087,-0.200000,0.000000,0.000000,0.000000,-1.390605,0.543096,-0.075864,1.0000,1.0000,1.0000,1.660,4.810,0.340,5.000,3.000,8.000,1.500,0.060,0.110,383261125,1355084600,383259366,3161,1000,1506,1504,1505,1000,1000,2008,1505,1505,1074,2008,1625,1256,1000,1000
-0.0031,-0.0083,-0.6751,0.0012,-0.0207,3.1168,0.0063,-0.0042,-3.1481,0.0000,-0.0608,0.0400,-9.8463,0.0019,0.0052,0.0053,-0.0986,0.0454,-9.8354,-0.0012,-0.0055,0.0018,0.1083,-0.0780,-9.5502,0.0025,-0.0036,0.0024,0.0645,0.1421,-9.6540,0.0104,-0.0061,-0.0029,0.0000,0.0078,0.0256,0.0024,115.1224,117.4432,0.0000,0.0000,-1.390552,0.542870,-0.079877,0.004718,-0.001041,-0.015537,-1.393128,0.556087,-0.200000,0.000000,0.000000,0.000000,-1.390605,0.543096,-0.075864,1.0000,1.0000,1.0000,1.660,4.810,0.340,5.000,3.000,8.000,1.500,0.060,0.110,383271625,1355084600,383271366,3161,1000,1506,1504,1505,1000,1000,2008,1505,1505,1074,2008,1625,1256,1000,1000
-0.0032,-0.0083,-0.6751,0.0012,-0.0207,3.1169,0.0063,-0.0042,-3.1481,0.0000,-0.1207,0.0197,-9.8806,-0.0002,0.0050,0.0031,-0.1020,0.0260,-9.8422,0.0040,-0.0007,-0.0039,0.1514,0.0800,-9.4759,-0.0001,-0.0020,0.0003,0.1273,-0.0393,-9.4511,-0.0011,0.0008,-0.0053,0.0000,0.0084,0.0259,0.0026,115.9624,117.9973,0.0000,0.0000,-1.390510,0.542861,-0.080018,0.004777,-0.001039,-0.015681,-1.393128,0.556087,-0.200000,0.000000,0.000000,0.000000,-1.390605,0.543096,-0.075864,1.0000,1.0000,1.0000,1.660,4.810,0.340,5.000,3.000,8.000,1.500,0.060,0.110,383282125,1355084600,383280377,3161,1000,1506,1504,1505,1000,1000,2008,1505,1505,1074,2008,1625,1256,1000,1000
-0.0031,-0.0088,-0.6751,0.0012,-0.0207,3.1169,0.0063,-0.0042,-3.1481,0.0000,-0.1126,0.0430,-9.8211,0.0016,0.0033,-0.0003,-0.0932,0.0307,-9.7732,-0.0002,-0.0013,-0.0049,0.2926,0.1494,-9.9955,-0.0004,0.0028,0.0003,-0.1330,-0.0465,-10.0724,0.0136,-0.0093,0.0213,0.0000,0.0081,0.0262,0.0029,114.3472,120.8505,0.0000,0.0000,-1.390451,0.542849,-0.080207,0.005145,-0.001075,-0.015886,-1.393128,0.556087,-0.200000,0.000000,0.000000,0.000000,-1.390605,0.543096,-0.075864,1.0000,1.0000,1.0000,1.660,4.810,0.340,5.000,3.000,8.000,1.500,0.060,0.110,383292625,1355084600,383292366,3161,1000,1506,1504,1505,1000,1000,2008,1505,1505,1074,2008,1625,1256,1000,1000
-0.0035,-0.0086,-0.6751,0.0012,-0.0207,3.1169,0.0063,-0.0042,-3.1481,0.0000,-0.0840,0.0347,-9.8709,0.0010,0.0046,0.0032,-0.0720,0.0406,-9.8075,0.0019,-0.0025,-0.0039,0.0269,-0.0637,-9.7728,0.0020,0.0049,0.0045,-0.2534,-0.0016,-9.8372,0.0072,-0.0170,0.0075,0.0000,0.0080,0.0256,0.0027,114.0785,118.4122,0.0000,0.0000,-1.390404,0.542838,-0.080352,0.005231,-0.001213,-0.016288,-1.393128,0.556087,-0.200000,0.000000,0.000000,0.000000,-1.390605,0.543096,-0.075864,1.0000,1.0000,1.0000,1.660,4.810,0.340,5.000,3.000,8.000,1.500,0.060,0.110,383303125,1355084600,383301366,3161,1000,1506,1504,1505,1000,1000,2008,1505,1505,1074,2008,1625,1256,1000,1000
-0.0031,-0.0086,-0.6750,0.0012,-0.0206,3.1170,0.0063,-0.0042,-3.1481,0.0000,-0.0882,0.0341,-9.8327,0.0016,0.0048,0.0058,-0.0902,0.0274,-9.8526,0.0046,-0.0003,-0.0009,-0.0832,0.0537,-9.8830,0.0025,0.0031,0.0024,-0.1815,-0.1722,-9.7636,0.0061,-0.0067,-0.0043,0.0000,0.0079,0.0257,0.0024,116.0680,117.0448,0.0000,0.0000,-1.390341,0.542824,-0.080549,0.005362,-0.001194,-0.016517,-1.393128,0.556087,-0.200000,0.000000,0.000000,0.000000,-1.390605,0.543096,-0.075864,1.0000,1.0000,1.0000,1.660,4.810,0.340,5.000,3.000,8.000,1.500,0.060,0.110,383313625,1355084600,383313366,3161,1000,1506,1504,1505,1000,1000,2008,1505,1505,1074,2008,1625,1256,1000,1000
-0.0031,-0.0088,-0.6750,0.0012,-0.0206,3.1171,0.0063,-0.0042,-3.1481,0.0000,-0.0865,0.0410,-9.8801,0.0017,0.0036,0.0031,-0.0747,0.0724,-9.8015,0.0016,0.0023,-0.0010,-0.2006,-0.0469,-10.0003,0.0047,0.0015,-0.0027,0.0717,0.0038,-9.9485,0.0101,-0.0029,-0.0141,0.0000,0.0080,0.0260,0.0026,115.2904,118.9952,0.0000,0.0000,-1.390292,0.542813,-0.080700,0.005546,-0.001214,-0.017025,-1.393128,0.556087,-0.200000,0.000000,0.000000,0.000000,-1.390605,0.543096,-0.075864,1.0000,1.0000,1.0000,1.660,4.810,0.340,5.000,3.000,8.000,1.500,0.060,0.110,383324125,1355084600,383322366,3161,1000,1506,1504,1505,1000,1000,2008,1505,1505,1074,2008,1625,1256,1000,1000
-0.0035,-0.0088,-0.6749,0.0012,-0.0206,3.1171,0.0063,-0.0042,-3.1481,0.0000,-0.0862,0.0436,-9.8662,0.0016,0.0033,0.0029,-0.0587,-0.0048,-9.8202,0.0032,-0.0027,-0.0043,-0.0952,0.0800,-9.6747,0.0012,0.0049,0.0019,-0.1402,0.0074,-9.5571,0.0096,-0.0008,-0.0027,0.0000,0.0082,0.0262,0.0026,115.9891,119.3917,0.0000,0.0000,-1.390224,0.542798,-0.080908,0.005696,-0.001379,-0.017601,-1.393128,0.556087,-0.200000,0.000000,0.000000,0.000000,-1.390605,0.543096,-0.075864,1.0000,1.0000,1.0000,1.660,4.810,0.340,5.000,3.000,8.000,1.500,0.060,0.110,383334625,1355084600,383334366,3161,1000,1506,1504,1505,1000,1000,2008,1505,1505,1074,2008,1625,1256,1000,1000
-0.0042,-0.0090,-0.6749,0.0013,-0.0206,3.1171,0.0063,-0.0042,-3.1481,0.0000,-0.0933,0.0568,-9.8490,0.0010,0.0041,0.0034,-0.0839,0.0526,-9.8282,0.0014,0.0006,-0.0011,-0.3418,0.0608,-10.1224,0.0017,0.0039,0.0067,-0.1654,0.1529,-10.2017,0.0016,0.0144,-0.0099,0.0000,0.0078,0.0259,0.0026,115.0372,118.8918,0.0000,0.0000,-1.390172,0.542784,-0.081067,0.005901,-0.001639,-0.017899,-1.393128,0.556087,-0.200000,0.000000,0.000000,0.000000,-1.390605,0.543096,-0.075864,1.0000,1.0000,1.0000,1.660,4.810,0.340,5.000,3.000,8.000,1.500,0.060,0.110,383345125,1355084600,383343366,3161,1000,1506,1504,1505,1000,1000,2008,1505,1505,1074,2008,1625,1256,1000,1000
-0.0039,-0.0087,-0.6749,0.0013,-0.0206,3.1172,0.0063,-0.0042,-3.1481,0.0000,-0.0634,0.0164,-9.8517,-0.0004,0.0036,0.0042,-0.0904,0.0549,-9.8379,0.0013,0.0018,-0.0015,-0.3897,0.0393,-10.0003,0.0041,0.0087,0.0037,0.0465,0.0828,-9.8372,-0.0037,0.0069,0.0096,0.0000,0.0085,0.0261,0.0024,117.2700,117.2693,0.0000,0.0000,-1.390100,0.542764,-0.081285,0.005996,-0.001671,-0.018370,-1.393128,0.556087,-0.200000,0.000000,0.000000,0.000000,-1.390605,0.543096,-0.075864,1.0000,1.0000,1.0000,1.660,4.810,0.340,5.000,3.000,8.000,1.500,0.060,0.110,383355625,1355084600,383355366,3161,1000,1506,1504,1505,1000,1000,2008,1505,1505,1074,2008,1625,1256,1000,1000
-0.0037,-0.0084,-0.6748,0.0012,-0.0208,3.1172,0.0063,-0.0042,-3.1481,0.0000,-0.0768,0.0363,-9.8368,0.0008,0.0022,0.0024,-0.0449,0.0728,-9.7927,0.0003,0.0044,-0.0031,-0.2006,-0.0948,-9.7656,0.0076,-0.0015,0.0005,-0.4976,0.0128,-10.0006,0.0125,-0.0157,-0.0208,0.0000,0.0082,0.0269,0.0026,117.5909,120.6090,0.0000,0.0000,-1.390477,0.542899,-0.078638,0.004603,-0.001231,-0.012557,-1.393128,0.556087,-0.200000,0.000000,0.000000,0.000000,-1.390703,0.542978,-0.075892,1.0000,1.0000,1.0000,1.660,4.810,0.340,5.000,3.000,8.000,1.500,0.060,0.110,383365671,1355214046,383364366,3162,1000,1506,1504,1505,1000,1000,2008,1505,1505,1074,2008,1625,1256,1000,1000
-0.0034,-0.0081,-0.6748,0.0012,-0.0209,3.1173,0.0063,-0.0042,-3.1481,0.0000,-0.0539,0.0233,-9.8479,0.0017,0.0027,0.0019,-0.0714,0.0397,-9.8476,0.0032,-0.0045,-0.0054,-0.0186,0.2428,-10.0721,0.0023,0.0073,0.0051,-0.0397,0.3737,-10.1227,0.0088,0.0051,0.0035,0.0000,0.0078,0.0268,0.0027,116.4903,121.1426,0.0000,0.0000,-1.390435,0.542888,-0.078752,0.004696,-0.001212,-0.012771,-1.393128,0.556087,-0.200000,0.000000,0.000000,0.000000,-1.390703,0.542978,-0.075892,1.0000,1.0000,1.0000,1.660,4.810,0.340,5.000,3.000,8.000,1.500,0.060,0.110,383376171,1355214046,383373412,3162,1000,1506,1504,1505,1000,1000,2008,1505,1505,1074,2008,1625,1256,1000,1000
-0.0035,-0.0078,-0.6748,0.0012,-0.0208,3.1173,0.0063,-0.0042,-3.1481,0.0000,-0.0880,0.0431,-9.8304,0.0008,0.0042,0.0045,-0.0965,0.0506,-9.8614,-0.0002,-0.0004,0.0032,0.1155,-0.1594,-9.7273,0.0044,0.0023,0.0021,0.3213,-0.2332,-9.6882,0.0221,-0.0178,0.0005,0.0000,0.0082,0.0263,0.0024,117.4961,117.9548,0.0000,0.0000,-1.390379,0.542873,-0.078906,0.004582,-0.001298,-0.012853,-1.393128,0.556087,-0.200000,0.000000,0.000000,0.000000,-1.390703,0.542978,-0.075892,1.0000,1.0000,1.0000,1.660,4.810,0.340,5.000,3.000,8.000,1.500,0.060,0.110,383386200,1355214046,383385441,3162,1000,1506,1504,1505,1000,1000,2008,1505,1505,1074,2008,1625,1256,1000,1000
-0.0038,-0.0077,-0.6747,0.0012,-0.0208,3.1174,0.0063,-0.0042,-3.1481,0.0000,-0.0645,0.0260,-9.8881,0.0022,0.0027,0.0021,-0.0656,-0.0032,-9.8324,0.0049,0.0018,-0.0055,-0.1455,0.0178,-9.9356,-0.0020,0.0055,-0.0011,-0.1169,-0.0447,-9.9144,-0.0029,0.0144,0.0133,0.0000,0.0077,0.0267,0.0026,116.6119,120.7963,0.0000,0.0000,-1.390338,0.542861,-0.079023,0.004594,-0.001411,-0.013159,-1.393128,0.556087,-0.200000,0.000000,0.000000,0.000000,-1.390703,0.542978,-0.075892,1.0000,1.0000,1.0000,1.660,4.810,0.340,5.000,3.000,8.000,1.500,0.060,0.110,383396700,1355214046,383394441,3162,1000,1506,1504,1505,1000,1000,2008,1505,1505,1074,2008,1625,1256,1000,1000
-0.0037,-0.0070,-0.6747,0.0012,-0.0209,3.1174,0.0063,-0.0042,-3.1481,0.0000,-0.0254,0.0333,-9.7939,0.0003,0.0029,0.0005,-0.0766,0.0955,-9.7980,0.0028,0.0018,-0.0039,-0.1407,0.1830,-10.1511,0.0044,0.0025,0.0059,-0.1510,-0.0016,-9.9001,0.0021,-0.0322,-0.0138,0.0000,0.0081,0.0267,0.0028,115.7495,121.4331,0.0000,0.0000,-1.390284,0.542843,-0.079183,0.004245,-0.001491,-0.013258,-1.393128,0.556087,-0.200000,0.000000,0.000000,0.000000,-1.390703,0.542978,-0.075892,1.0000,1.0000,1.0000,1.660,4.810,0.340,5.000,3.000,8.000,1.500,0.060,0.110,383406728,1355214046,383406469,3162,1000,1506,1504,1505,1000,1000,2008,1505,1505,1074,2008,1625,1256,1000,1000
-0.0043,-0.0071,-0.6747,0.0012,-0.0209,3.1174,0.0063,-0.0042,-3.1481,0.0000,-0.0844,0.0630,-9.8905,0.0013,0.0025,0.0065,-0.0570,0.0409,-9.8369,0.0031,-0.0024,0.0007,0.0628,-0.1307,-9.7489,0.0023,0.0028,0.0056,-0.3719,-0.2853,-9.7366,0.0123,0.0093,-0.0045,0.0000,0.0082,0.0268,0.0022,119.9012,118.1722,0.0000,0.0000,-1.390246,0.542829,-0.079303,0.004271,-0.001794,-0.013542,-1.393128,0.556087,-0.200000,0.000000,0.000000,0.000000,-1.390703,0.542978,-0.075892,1.0000,1.0000,1.0000,1.660,4.810,0.340,5.000,3.000,8.000,1.500,0.060,0.110,383417228,1355214046,383415469,3162,1000,1506,1504,1505,1000,1000,2008,1505,1505,1074,2008,1625,1256,1000,1000
-0.0038,-0.0075,-0.6746,0.0012,-0.0209,3.1175,0.0063,-0.0042,-3.1481,0.0000,-0.0995,-0.0024,-9.8759,0.0011,0.0037,0.0018,-0.1022,0.0302,-9.8691,0.0006,-0.0024,-0.0035,0.1705,0.1063,-9.6220,0.0031,-0.0017,-0.0024,-0.3701,-0.3535,-9.7869,0.0296,-0.0051,-0.0005,0.0000,0.0079,0.0266,0.0025,117.2248,119.6472,0.0000,0.0000,-1.390194,0.542807,-0.079471,0.004424,-0.001674,-0.014284,-1.393128,0.556087,-0.200000,0.000000,0.000000,0.000000,-1.390703,0.542978,-0.075892,1.0000,1.0000,1.0000,1.660,4.810,0.340,5.000,3.000,8.000,1.500,0.060,0.110,383427728,1355214046,383427469,3162,1000,1506,1504,1505,1000,1000,2008,1505,1505,1074,2008,1625,1256,1000,1000
-0.0034,-0.0075,-0.6746,0.0013,-0.0209,3.1175,0.0063,-0.0042,-3.1481,0.0000,-0.0828,0.0503,-9.8394,0.0026,0.0032,-0.0004,-0.1179,0.0584,-9.8402,-0.0005,-0.0005,-0.0074,-0.1335,-0.1403,-10.0601,0.0004,0.0113,0.0027,0.1201,-0.2799,-9.9216,0.0112,0.0053,0.0013,0.0000,0.0079,0.0265,0.0029,114.7550,121.8170,0.0000,0.0000,-1.390154,0.542793,-0.079600,0.004431,-0.001501,-0.014497,-1.393128,0.556087,-0.200000,0.000000,0.000000,0.000000,-1.390703,0.542978,-0.075892,1.0000,1.0000,1.0000,1.660,4.810,0.340,5.000,3.000,8.000,1.500,0.060,0.110,383438228,1355214046,383436469,3162,1000,1506,1504,1505,1000,1000,2008,1505,1505,1074,2008,1625,1256,1000,1000
-0.0035,-0.0070,-0.6746,0.0013,-0.0209,3.1176,0.0063,-0.0042,-3.1481,0.0000,-0.0574,0.0279,-9.8631,0.0011,0.0033,0.0081,-0.0778,0.0441,-9.8326,0.0037,-0.0009,0.0041,-0.4639,-0.0972,-10.0482,-0.0012,0.0039,0.0061,0.1381,0.1205,-9.7977,-0.0123,0.0016,-0.0104,0.0000,0.0077,0.0264,0.0021,118.4913,117.7812,0.0000,0.0000,-1.390102,0.542774,-0.079777,0.004324,-0.001590,-0.014975,-1.393128,0.556087,-0.200000,0.000000,0.000000,0.000000,-1.390703,0.542978,-0.075892,1.0000,1.0000,1.0000,1.660,4.810,0.340,5.000,3.000,8.000,1.500,0.060,0.110,383448728,1355214046,383448469,3162,1000,1506,1504,1505,1000,1000,2008,1505,1505,1074,2008,1625,1256,1000,1000
-0.0032,-0.0072,-0.6745,0.0013,-0.0209,3.1176,0.0063,-0.0042,-3.1481,0.0000,-0.1160,0.0258,-9.8772,0.0010,0.0038,0.0027,-0.0370,0.0264,-9.8685,0.0005,-0.0004,-0.0021,0.1753,-0.0014,-9.8542,0.0012,0.0028,0.0032,-0.2498,0.0325,-9.5822,0.0048,-0.0053,0.0157,0.0000,0.0081,0.0264,0.0022,118.7439,117.3493,0.0000,0.0000,-1.390063,0.542760,-0.079915,0.004398,-0.001569,-0.015582,-1.393128,0.556087,-0.200000,0.000000,0.000000,0.000000,-1.390703,0.542978,-0.075892,1.0000,1.0000,1.0000,1.660,4.810,0.340,5.000,3.000,8.000,1.500,0.060,0.110,383459228,1355214046,383457470,3162,1000,1506,1504,1505,1000,1000,2008,1505,1505,1074,2008,1625,1256,1000,1000
-0.0036,-0.0077,-0.6745,0.0011,-0.0213,3.1177,0.0063,-0.0042,-3.1481,0.0000,-0.0943,0.0602,-9.8431,0.0026,0.0021,-0.0009,-0.0906,0.0821,-9.8392,0.0030,-0.0014,-0.0085,0.0867,0.0225,-9.4879,0.0025,0.0017,0.0048,-0.1456,0.3432,-9.3937,0.0226,0.0274,-0.0290,0.0000,0.0078,0.0276,0.0028,117.4868,123.8658,0.0000,0.0000,-1.390773,0.543120,-0.078573,0.001931,-0.000498,-0.012731,-1.393128,0.556087,-0.200000,0.000000,0.000000,0.000000,-1.391359,0.543407,-0.076533,1.0000,1.0000,1.0000,1.660,4.810,0.340,5.000,3.000,8.000,1.500,0.060,0.110,383469282,1355346830,383469023,3163,1000,1506,1504,1505,1000,1000,2008,1505,1505,1074,2008,1625,1256,1000,1000
-0.0040,-0.0081,-0.6745,0.0011,-0.0213,3.1177,0.0063,-0.0042,-3.1481,0.0000,-0.0706,0.0592,-9.9013,0.0012,0.0033,0.0059,-0.0679,0.0420,-9.8113,0.0033,0.0015,-0.0005,-0.0808,-0.0900,-9.6292,-0.0023,0.0028,0.0048,-0.1295,-0.1201,-10.0042,0.0037,-0.0091,0.0125,0.0000,0.0079,0.0269,0.0026,117.5448,120.8007,0.0000,0.0000,-1.390755,0.543115,-0.078688,0.002044,-0.000636,-0.013046,-1.393128,0.556087,-0.200000,0.000000,0.000000,0.000000,-1.391359,0.543407,-0.076533,1.0000,1.0000,1.0000,1.660,4.810,0.340,5.000,3.000,8.000,1.500,0.060,0.110,383479782,1355346830,383478023,3163,1000,1506,1504,1505,1000,1000,2008,1505,1505,1074,2008,1625,1256,1000,1000
-0.0044,-0.0079,-0.6744,0.0011,-0.0213,3.1178,0.0063,-0.0042,-3.1481,0.0000,-0.1062,0.0477,-9.8624,0.0020,0.0023,0.0040,-0.0756,0.0648,-9.8439,0.0022,-0.0013,-0.0018,0.1059,0.0656,-10.0266,0.0025,0.0097,-0.0013,-0.1330,-0.0537,-9.6684,0.0123,0.0123,-0.0194,0.0000,0.0079,0.0276,0.0024,120.1867,121.2126,0.0000,0.0000,-1.390731,0.543106,-0.078849,0.002053,-0.000840,-0.013606,-1.393128,0.556087,-0.200000,0.000000,0.000000,0.000000,-1.391359,0.543407,-0.076533,1.0000,1.0000,1.0000,1.660,4.810,0.340,5.000,3.000,8.000,1.500,0.060,0.110,383490282,1355346830,383490023,3163,1000,1506,1504,1505,1000,1000,2008,1505,1505,1074,2008,1625,1256,1000,1000
-0.0042,-0.0082,-0.6744,0.0011,-0.0213,3.1178,0.0063,-0.0042,-3.1481,0.0000,-0.0709,0.0402,-9.9073,0.0021,0.0034,-0.0030,-0.0381,0.0513,-9.8415,0.0025,0.0002,-0.0108,-0.1766,-0.2169,-9.7010,-0.0004,0.0009,-0.0011,-0.4042,-0.1991,-9.6109,-0.0088,-0.0013,0.0365,0.0000,0.0079,0.0272,0.0031,115.1514,124.4222,0.0000,0.0000,-1.390711,0.543099,-0.078974,0.002168,-0.000867,-0.014225,-1.393128,0.556087,-0.200000,0.000000,0.000000,0.000000,-1.391359,0.543407,-0.076533,1.0000,1.0000,1.0000,1.660,4.810,0.340,5.000,3.000,8.000,1.500,0.060,0.110,383500782,1355346830,383499023,3163,1000,1506,1504,1505,1000,1000,2008,1505,1505,1074,2008,1625,1256,1000,1000
-0.0042,-0.0078,-0.6744,0.0011,-0.0213,3.1178,0.0063,-0.0042,-3.1481,0.0000,-0.0798,0.0528,-9.8312,0.0000,0.0034,0.0080,-0.1081,0.0785,-9.7965,0.0002,0.0015,0.0044,-0.1072,0.1638,-9.9955,0.0015,0.0009,0.0104,-0.1546,0.2732,-10.0563,0.0224,-0.0061,-0.0120,0.0000,0.0085,0.0272,0.0020,122.1567,117.4035,0.0000,0.0000,-1.390685,0.543088,-0.079148,0.002107,-0.001011,-0.014681,-1.393128,0.556087,-0.200000,0.000000,0.000000,0.000000,-1.391359,0.543407,-0.076533,1.0000,1.0000,1.0000,1.660,4.810,0.340,5.000,3.000,8.000,1.500,0.060,0.110,383511282,1355346830,383511023,3163,1000,1506,1504,1505,1000,1000,2008,1505,1505,1074,2008,1625,1256,1000,1000
-0.0046,-0.0083,-0.6743,0.0011,-0.0213,3.1179,0.0063,-0.0042,-3.1481,0.0000,-0.0872,0.0411,-9.8253,0.0008,0.0028,0.0030,-0.0880,-0.0043,-9.8166,0.0013,-0.0050,0.0007,-0.1239,0.0130,-10.0386,0.0001,0.0020,-0.0013,-0.1923,0.1959,-10.0653,0.0032,0.0157,-0.0013,0.0000,0.0082,0.0273,0.0022,120.6746,119.2376,0.0000,0.0000,-1.390666,0.543077,-0.079281,0.002214,-0.001277,-0.014890,-1.393128,0.556087,-0.200000,0.000000,0.000000,0.000000,-1.391359,0.543407,-0.076533,1.0000,1.0000,1.0000,1.660,4.810,0.340,5.000,3.000,8.000,1.500,0.060,0.110,383521782,1355346830,383520023,3163,1000,1506,1504,1505,1000,1000,2008,1505,1505,1074,2008,1625,1256,1000,1000
-0.0041,-0.0083,-0.6744,0.0012,-0.0213,3.1179,0.0063,-0.0042,-3.1481,0.0000,-0.0758,0.0461,-9.8617,0.0014,0.0040,-0.0035,-0.0886,0.0825,-9.8247,0.0035,0.0022,-0.0081,-0.1886,-0.0565,-9.7441,0.0049,0.0057,0.0003,-0.2157,-0.1381,-9.7259,0.0096,-0.0064,0.0000,0.0000,0.0081,0.0270,0.0033,113.9004,124.7120,0.0000,0.0000,-1.390639,0.543062,-0.079462,0.002307,-0.001265,-0.015278,-1.393128,0.556087,-0.200000,0.000000,0.000000,0.000000,-1.391359,0.543407,-0.076533,1.0000,1.0000,1.0000,1.660,4.810,0.340,5.000,3.000,8.000,1.500,0.060,0.110,383532282,1355346830,383532023,3163,1000,1506,1504,1505,1000,1000,2008,1505,1505,1074,2008,1625,1256,1000,1000
-0.0046,-0.0078,-0.6743,0.0012,-0.0213,3.1179,0.0063,-0.0042,-3.1481,0.0000,-0.0686,0.0488,-9.8591,0.0013,0.0027,0.0085,-0.0727,0.0876,-9.8320,0.0007,-0.0041,0.0058,-0.2604,0.1375,-9.7201,-0.0007,0.0033,0.0088,0.2476,0.1457,-9.9324,0.0056,0.0048,0.0125,0.0000,0.0080,0.0275,0.0021,121.6857,119.4642,0.0000,0.0000,-1.390618,0.543050,-0.079601,0.002249,-0.001498,-0.015540,-1.393128,0.556087,-0.200000,0.000000,0.000000,0.000000,-1.391359,0.543407,-0.076533,1.0000,1.0000,1.0000,1.660,4.810,0.340,5.000,3.000,8.000,1.500,0.060,0.110,383542782,1355346830,383541023,3163,1000,1506,1504,1505,1000,1000,2008,1505,1505,1074,2008,1625,1256,1000,1000
-0.0041,-0.0074,-0.6743,0.0012,-0.0213,3.1180,0.0063,-0.0042,-3.1481,0.0000,-0.0629,0.0234,-9.8504,0.0014,0.0030,0.0020,-0.0628,0.0326,-9.8117,0.0033,0.0018,-0.0041,-0.4519,0.0585,-9.8422,-0.0004,-0.0015,-0.0048,-0.6017,-0.2853,-9.8659,0.0037,0.0168,-0.0170,0.0000,0.0079,0.0270,0.0021,120.3597,118.5415,0.0000,0.0000,-1.390592,0.543032,-0.079789,0.002140,-0.001453,-0.015782,-1.393128,0.556087,-0.200000,0.000000,0.000000,0.000000,-1.391359,0.543407,-0.076533,1.0000,1.0000,1.0000,1.660,4.810,0.340,5.000,3.000,8.000,1.500,0.060,0.110,383553282,1355346830,383553023,3163,1000,1506,1504,1505,1000,1000,2008,1505,1505,1074,2008,1625,1256,1000,1000
-0.0036,-0.0075,-0.6743,0.0012,-0.0213,3.1180,0.0063,-0.0042,-3.1481,0.0000,-0.0865,0.0338,-9.9016,0.0011,0.0050,-0.0023,-0.1327,0.0654,-9.8265,0.0042,-0.0019,-0.0069,-0.2125,0.2500,-9.5334,0.0031,-0.0009,0.0029,0.2405,-0.1704,-9.5948,-0.0091,-0.0043,0.0035,0.0000,0.0083,0.0271,0.0031,115.3160,123.5865,0.0000,0.0000,-1.390572,0.543019,-0.079932,0.002204,-0.001374,-0.016139,-1.393128,0.556087,-0.200000,0.000000,0.000000,0.000000,-1.391359,0.543407,-0.076533,1.0000,1.0000,1.0000,1.660,4.810,0.340,5.000,3.000,8.000,1.500,0.060,0.110,383563782,1355346830,383562023,3163,1000,1506,1504,1505,1000,1000,2008,1505,1505,1074,2008,1625,1256,1000,1000
-0.0042,-0.0078,-0.6742,0.0012,-0.0213,3.1181,0.0063,-0.0042,-3.1481,0.0000,-0.0832,0.0503,-9.8752,0.0008,0.0022,0.0084,-0.0675,0.0530,-9.7718,0.0030,0.0006,0.0028,-0.3346,-0.0996,-9.9883,-0.0023,-0.0001,0.0069,-0.0792,0.2390,-10.2071,-0.0064,-0.0133,0.0138,0.0000,0.0081,0.0276,0.0022,121.6418,119.7229,0.0000,0.0000,-1.390545,0.543001,-0.080131,0.002265,-0.001714,-0.016941,-1.393128,0.556087,-0.200000,0.000000,0.000000,0.000000,-1.391359,0.543407,-0.076533,1.0000,1.0000,1.0000,1.660,4.810,0.340,5.000,3.000,8.000,1.500,0.060,0.110,383574282,1355346830,383574023,3163,1000,1506,1504,1505,1000,1000,2008,1505,1505,1074,2008,1625,1256,1000,1000
-0.0038,-0.0082,-0.6742,0.0012,-0.0213,3.1181,0.0063,-0.0042,-3.1481,0.0000,-0.0855,0.0043,-9.8292,-0.0000,0.0034,0.0005,-0.0957,0.0581,-9.8350,0.0009,-0.0021,-0.0033,0.1634,0.3410,-10.1200,0.0079,0.0057,-0.0029,-0.3288,-0.2045,-10.0850,-0.0003,0.0189,-0.0013,0.0000,0.0084,0.0273,0.0022,121.1599,118.7435,0.0000,0.0000,-1.390524,0.542986,-0.080285,0.002470,-0.001595,-0.017247,-1.393128,0.556087,-0.200000,0.000000,0.000000,0.000000,-1.391359,0.543407,-0.076533,1.0000,1.0000,1.0000,1.660,4.810,0.340,5.000,3.000,8.000,1.500,0.060,0.110,383584782,1355346830,383583034,3163,1000,1506,1504,1505,1000,1000,2008,1505,1505,1074,2008,1625,1256,1000,1000
-0.0037,-0.0079,-0.6742,0.0012,-0.0214,3.1181,0.0063,-0.0042,-3.1481,0.0000,-0.0497,0.0674,-9.8580,0.0024,0.0043,0.0001,-0.1016,0.0288,-9.8205,0.0006,-0.0015,-0.0067,0.0939,-0.0948,-9.9548,0.0031,0.0031,0.0083,0.2189,0.0631,-10.1227,-0.0024,-0.0245,0.0043,0.0000,0.0077,0.0271,0.0027,116.6752,122.3375,0.0000,0.0000,-1.390636,0.543024,-0.078439,0.001812,-0.001432,-0.012725,-1.393128,0.556087,-0.200000,0.000000,0.000000,0.000000,-1.390727,0.543062,-0.075927,1.0000,1.0000,1.0000,1.660,4.810,0.340,5.000,3.000,8.000,1.500,0.060,0.110,383595332,1355447315,383595023,3164,1000,1506,1504,1505,1000,1000,2008,1505,1505,1074,2008,1625,1256,1000,1000
-0.0039,-0.0072,-0.6741,0.0012,-0.0214,3.1182,0.0063,-0.0042,-3.1481,0.0000,-0.0442,0.0532,-9.8586,0.0024,0.0038,0.0086,-0.0885,0.0679,-9.7848,-0.0015,-0.0083,0.0027,-0.1790,-0.2001,-10.0362,0.0063,0.0023,0.0027,-0.5317,0.0271,-10.0689,0.0282,-0.0035,-0.0075,0.0000,0.0077,0.0271,0.0018,121.9144,117.4577,0.0000,0.0000,-1.390621,0.543010,-0.078556,0.001565,-0.001652,-0.013296,-1.393128,0.556087,-0.200000,0.000000,0.000000,0.000000,-1.390727,0.543062,-0.075927,1.0000,1.0000,1.0000,1.660,4.810,0.340,5.000,3.000,8.000,1.500,0.060,0.110,383605832,1355447315,383604073,3164,1000,1506,1504,1505,1000,1000,2008,1505,1505,1074,2008,1625,1256,1000,1000
-0.0037,-0.0075,-0.6741,0.0012,-0.0214,3.1183,0.0063,-0.0042,-3.1481,0.0000,-0.1310,0.0128,-9.8723,0.0020,0.0050,-0.0015,-0.1188,0.0255,-9.8540,0.0040,0.0037,-0.0056,0.1753,0.2021,-9.6268,-0.0015,0.0071,-0.0016,0.1201,0.0487,-9.4529,-0.0032,0.0000,-0.0069,0.0000,0.0077,0.0272,0.0027,116.7163,122.8147,0.0000,0.0000,-1.390602,0.542990,-0.078719,0.001709,-0.001641,-0.013708,-1.393128,0.556087,-0.200000,0.000000,0.000000,0.000000,-1.390727,0.543062,-0.075927,1.0000,1.0000,1.0000,1.660,4.810,0.340,5.000,3.000,8.000,1.500,0.060,0.110,383616332,1355447315,383616073,3164,1000,1506,1504,1505,1000,1000,2008,1505,1505,1074,2008,1625,1256,1000,1000
-0.0041,-0.0076,-0.6741,0.0012,-0.0214,3.1183,0.0063,-0.0042,-3.1481,0.0000,-0.0339,0.0642,-9.8627,0.0018,0.0035,0.0024,-0.0528,0.0709,-9.7953,0.0014,-0.0006,-0.0042,-0.2939,-0.1211,-9.9739,-0.0004,-0.0009,0.0061,-0.1115,0.2139,-10.0742,-0.0040,-0.0021,-0.0120,0.0000,0.0078,0.0270,0.0026,117.2510,121.6547,0.0000,0.0000,-1.390587,0.542975,-0.078843,0.001671,-0.001800,-0.014092,-1.393128,0.556087,-0.200000,0.000000,0.000000,0.000000,-1.390727,0.543062,-0.075927,1.0000,1.0000,1.0000,1.660,4.810,0.340,5.000,3.000,8.000,1.500,0.060,0.110,383626832,1355447315,383625073,3164,1000,1506,1504,1505,1000,1000,2008,1505,1505,1074,2008,1625,1256,1000,1000
-0.0040,-0.0075,-0.6740,0.0012,-0.0214,3.1183,0.0063,-0.0042,-3.1481,0.0000,-0.0980,0.0181,-9.8520,0.0019,0.0020,0.0077,-0.0716,0.0422,-9.8348,0.0043,0.0009,0.0020,-0.0952,0.0608,-9.7178,-0.0001,0.0097,0.0035,-0.3449,-0.2476,-9.6397,0.0123,0.0013,0.0037,0.0000,0.0081,0.0278,0.0019,123.4748,118.7314,0.0000,0.0000,-1.390568,0.542952,-0.079015,0.001594,-0.001889,-0.014508,-1.393128,0.556087,-0.200000,0.000000,0.000000,0.000000,-1.390727,0.543062,-0.075927,1.0000,1.0000,1.0000,1.660,4.810,0.340,5.000,3.000,8.000,1.500,0.060,0.110,383637332,1355447315,383637073,3164,1000,1506,1504,1505,1000,1000,2008,1505,1505,1074,2008,1625,1256,1000,1000
-0.0036,-0.0081,-0.6740,0.0012,-0.0214,3.1184,0.0063,-0.0042,-3.1481,0.0000,-0.1055,0.0104,-9.8416,0.0011,0.0044,0.0003,-0.0640,0.0155,-9.7883,0.0023,-0.0049,-0.0053,-0.0186,0.2787,-9.8399,-0.0023,0.0012,0.0029,-0.0325,0.2642,-9.6882,0.0125,-0.0109,-0.0064,0.0000,0.0079,0.0271,0.0025,118.4010,120.8127,0.0000,0.0000,-1.390552,0.542935,-0.079146,0.001871,-0.001779,-0.014583,-1.393128,0.556087,-0.200000,0.000000,0.000000,0.000000,-1.390727,0.543062,-0.075927,1.0000,1.0000,1.0000,1.660,4.810,0.340,5.000,3.000,8.000,1.500,0.060,0.110,383647832,1355447315,383646073,3164,1000,1506,1504,1505,1000,1000,2008,1505,1505,1074,2008,1625,1256,1000,1000
-0.0039,-0.0081,-0.6740,0.0013,-0.0214,3.1184,0.0063,-0.0042,-3.1481,0.0000,-0.0521,0.0879,-9.8866,0.0012,0.0025,0.0025,-0.1205,0.0747,-9.8128,0.0003,-0.0032,-0.0036,-0.2437,-0.1522,-9.9620,0.0047,0.0049,0.0080,0.1237,-0.2907,-9.8785,0.0152,0.0019,-0.0141,0.0000,0.0080,0.0276,0.0026,118.8752,122.6809,0.0000,0.0000,-1.390530,0.542912,-0.079323,0.001808,-0.002146,-0.015034,-1.393128,0.556087,-0.200000,0.000000,0.000000,0.000000,-1.390727,0.543062,-0.075927,1.0000,1.0000,1.0000,1.660,4.810,0.340,5.000,3.000,8.000,1.500,0.060,0.110,383658332,1355447315,383658073,3164,1000,1506,1504,1505,1000,1000,2008,1505,1505,1074,2008,1625,1256,1000,1000
-0.0043,-0.0081,-0.6739,0.0013,-0.0214,3.1185,0.0063,-0.0042,-3.1481,0.0000,-0.1188,-0.0056,-9.9023,0.0016,0.0045,0.0077,-0.1307,0.0179,-9.8428,-0.0001,-0.0058,0.0038,0.1274,0.3051,-9.5693,0.0001,0.0036,0.0040,-0.0056,-0.0572,-9.3524,0.0120,-0.0128,-0.0029,0.0000,0.0078,0.0272,0.0018,122.1502,117.3359,0.0000,0.0000,-1.390513,0.542892,-0.079461,0.001863,-0.002307,-0.015570,-1.393128,0.556087,-0.200000,0.000000,0.000000,0.000000,-1.390727,0.543062,-0.075927,1.0000,1.0000,1.0000,1.660,4.810,0.340,5.000,3.000,8.000,1.500,0.060,0.110,383668832,1355447315,383667073,3164,1000,1506,1504,1505,1000,1000,2008,1505,1505,1074,2008,1625,1256,1000,1000
-0.0035,-0.0081,-0.6739,0.0013,-0.0214,3.1185,0.0063,-0.0042,-3.1481,0.0000,-0.0765,0.0347,-9.8961,0.0016,0.0033,-0.0019,-0.1166,0.0330,-9.8219,0.0022,-0.0038,-0.0058,-0.0186,-0.2408,-9.9404,0.0063,0.0020,-0.0064,-0.0038,0.0074,-9.9180,-0.0096,-0.0091,0.0069,0.0000,0.0073,0.0274,0.0025,118.1781,122.3354,0.0000,0.0000,-1.390490,0.542865,-0.079652,0.001987,-0.002107,-0.016391,-1.393128,0.556087,-0.200000,0.000000,0.000000,0.000000,-1.390727,0.543062,-0.075927,1.0000,1.0000,1.0000,1.660,4.810,0.340,5.000,3.000,8.000,1.500,0.060,0.110,383679332,1355447315,383679073,3164,1000,1506,1504,1505,1000,1000,2008,1505,1505,1074,2008,1625,1256,1000,1000
-0.0036,-0.0081,-0.6739,0.0013,-0.0213,3.1185,0.0063,-0.0042,-3.1481,0.0000,-0.0879,0.0333,-9.8754,0.0019,0.0038,0.0032,-0.0825,0.0383,-9.8489,0.0026,-0.0049,-0.0031,0.0772,0.1375,-9.4520,-0.0004,0.0012,0.0083,-0.0379,0.1959,-9.5589,0.0072,-0.0248,-0.0075,0.0000,0.0078,0.0271,0.0029,115.9618,123.0387,0.0000,0.0000,-1.390472,0.542846,-0.079802,0.001953,-0.002225,-0.016805,-1.393128,0.556087,-0.200000,0.000000,0.000000,0.000000,-1.390727,0.543062,-0.075927,1.0000,1.0000,1.0000,1.660,4.810,0.340,5.000,3.000,8.000,1.500,0.060,0.110,383689832,1355447315,383688074,3164,1000,1506,1504,1505,1000,1000,2008,1505,1505,1074,2008,1625,1256,1000,1000
-0.0040,-0.0083,-0.6738,0.0017,-0.0214,3.1186,0.0063,-0.0042,-3.1481,0.0000,-0.1072,0.0551,-9.8764,0.0007,0.0048,0.0078,-0.0891,0.0712,-9.8462,-0.0008,-0.0012,0.0058,0.0413,0.1782,-9.5956,0.0015,-0.0007,0.0075,-0.1241,0.0954,-9.7654,-0.0008,-0.0133,-0.0029,0.0000,0.0071,0.0270,0.0018,121.0896,117.8137,0.0000,0.0000,-1.390531,0.542146,-0.077960,0.001718,-0.005074,-0.012373,-1.393128,0.556087,-0.200000,0.000000,0.000000,0.000000,-1.390595,0.541648,-0.075179,1.0000,1.0000,1.0000,1.660,4.810,0.340,5.000,3.000,8.000,1.500,0.060,0.110,383699877,1355547349,383697119,3165,1000,1506,1504,1505,1000,1000,2008,1505,1505,1074,2008,1625,1256,1000,1000
-0.0037,-0.0085,-0.6738,0.0015,-0.0214,3.1187,0.0063,-0.0042,-3.1481,0.0000,-0.0974,0.0254,-9.8830,0.0002,0.0035,0.0010,-0.0898,0.0473,-9.7930,0.0038,-0.0024,-0.0051,0.1873,0.0441,-9.8255,0.0025,0.0001,-0.0035,-0.1492,-0.4667,-10.0060,0.0005,-0.0051,-0.0194,0.0000,0.0076,0.0272,0.0022,119.7148,120.0160,0.0000,0.0000,-1.390477,0.542423,-0.077409,0.002018,-0.003770,-0.011324,-1.393128,0.556087,-0.200000,0.000000,0.000000,0.000000,-1.390436,0.542992,-0.075757,1.0000,1.0000,1.0000,1.660,4.810,0.340,5.000,3.000,8.000,1.500,0.060,0.110,383709931,1355647447,383709172,3166,1000,1506,1504,1505,1000,1000,2008,1505,1505,1074,2008,1625,1256,1000,1000
-0.0036,-0.0087,-0.6738,0.0015,-0.0214,3.1187,0.0063,-0.0042,-3.1481,0.0000,-0.0926,0.0514,-9.8729,0.0020,0.0036,0.0003,-0.0975,0.0292,-9.8384,0.0020,0.0008,-0.0059,0.1466,0.1973,-9.8207,0.0015,0.0060,0.0053,0.3644,0.0038,-9.7564,-0.0059,-0.0027,0.0101,0.0000,0.0072,0.0273,0.0026,116.8962,122.9433,0.0000,0.0000,-1.390458,0.542390,-0.077513,0.002129,-0.003777,-0.011741,-1.393128,0.556087,-0.200000,0.000000,0.000000,0.000000,-1.390436,0.542992,-0.075757,1.0000,1.0000,1.0000,1.660,4.810,0.340,5.000,3.000,8.000,1.500,0.060,0.110,383720431,1355647447,383718172,3166,1000,1506,1504,1505,1000,1000,2008,1505,1505,1074,2008,1625,1256,1000,1000
-0.0044,-0.0084,-0.6738,0.0015,-0.0213,3.1187,0.0063,-0.0042,-3.1481,0.0000,-0.0447,0.0757,-9.8710,0.0010,0.0046,0.0079,-0.0611,0.0827,-9.7913,0.0053,0.0018,0.0015,-0.1886,-0.1738,-10.2014,0.0015,0.0028,0.0067,-0.1690,0.1852,-10.3077,0.0067,-0.0109,0.0099,0.0000,0.0076,0.0268,0.0018,120.8701,116.9345,0.0000,0.0000,-1.390433,0.542341,-0.077657,0.002009,-0.004365,-0.012282,-1.393128,0.556087,-0.200000,0.000000,0.000000,0.000000,-1.390436,0.542992,-0.075757,1.0000,1.0000,1.0000,1.660,4.810,0.340,5.000,3.000,8.000,1.500,0.060,0.110,383730931,1355647447,383730173,3166,1000,1506,1504,1505,1000,1000,2008,1505,1505,1074,2008,1625,1256,1000,1000
-0.0040,-0.0079,-0.6737,0.0015,-0.0213,3.1188,0.0063,-0.0042,-3.1481,0.0000,-0.0786,0.0221,-9.8912,0.0011,0.0024,0.0028,-0.0847,0.0348,-9.8305,0.0026,-0.0020,-0.0028,-0.0976,0.0848,-10.0003,-0.0001,0.0065,-0.0019,-0.1528,-0.0806,-9.7744,0.0051,0.0168,-0.0234,0.0000,0.0076,0.0277,0.0022,120.6550,121.1418,0.0000,0.0000,-1.390415,0.542301,-0.077770,0.001879,-0.004370,-0.012817,-1.393128,0.556087,-0.200000,0.000000,0.000000,0.000000,-1.390436,0.542992,-0.075757,1.0000,1.0000,1.0000,1.660,4.810,0.340,5.000,3.000,8.000,1.500,0.060,0.110,383741431,1355647447,383739172,3166,1000,1506,1504,1505,1000,1000,2008,1505,1505,1074,2008,1625,1256,1000,1000
-0.0037,-0.0082,-0.6737,0.0015,-0.0213,3.1188,0.0063,-0.0042,-3.1481,0.0000,-0.0620,0.0522,-9.8300,0.0005,0.0031,-0.0019,-0.0697,0.0578,-9.8146,0.0027,0.0002,-0.0094,-0.4759,0.1207,-10.0793,-0.0012,0.0087,0.0048,0.2441,-0.0106,-9.8641,-0.0077,-0.0048,0.0107,0.0000,0.0076,0.0273,0.0028,116.1754,123.7069,0.0000,0.0000,-1.390392,0.542250,-0.077928,0.002029,-0.004372,-0.013369,-1.393128,0.556087,-0.200000,0.000000,0.000000,0.000000,-1.390436,0.542992,-0.075757,1.0000,1.0000,1.0000,1.660,4.810,0.340,5.000,3.000,8.000,1.500,0.060,0.110,383751931,1355647447,383751172,3166,1000,1506,1504,1505,1000,1000,2008,1505,1505,1074,2008,1625,1256,1000,1000
-0.0043,-0.0081,-0.6737,0.0015,-0.0213,3.1188,0.0063,-0.0042,-3.1481,0.0000,-0.0797,0.0963,-9.8627,0.0014,0.0029,0.0079,-0.0519,0.0395,-9.8564,0.0010,-0.0035,0.0026,-0.0689,-0.2456,-10.0505,0.0025,0.0111,0.0093,0.1237,-0.1075,-9.7762,0.0136,0.0136,0.0067,0.0000,0.0077,0.0274,0.0019,121.8303,118.6178,0.0000,0.0000,-1.390374,0.542208,-0.078049,0.001974,-0.004730,-0.013636,-1.393128,0.556087,-0.200000,0.000000,0.000000,0.000000,-1.390436,0.542992,-0.075757,1.0000,1.0000,1.0000,1.660,4.810,0.340,5.000,3.000,8.000,1.500,0.060,0.110,383762431,1355647447,383760172,3166,1000,1506,1504,1505,1000,1000,2008,1505,1505,1074,2008,1625,1256,1000,1000
-0.0042,-0.0086,-0.6736,0.0016,-0.0213,3.1189,0.0063,-0.0042,-3.1481,0.0000,-0.1159,-0.0216,-9.8557,0.0016,0.0052,0.0024,-0.1273,0.0107,-9.8288,0.0035,0.0012,-0.0017,-0.0689,0.0704,-9.5502,-0.0007,0.0007,-0.0027,0.1525,-0.0788,-9.4493,0.0021,0.0024,0.0032,0.0000,0.0072,0.0272,0.0020,120.2726,119.4235,0.0000,0.0000,-1.390349,0.542150,-0.078216,0.002221,-0.004787,-0.014113,-1.393128,0.556087,-0.200000,0.000000,0.000000,0.000000,-1.390436,0.542992,-0.075757,1.0000,1.0000,1.0000,1.660,4.810,0.340,5.000,3.000,8.000,1.500,0.060,0.110,383772931,1355647447,383772172,3166,1000,1506,1504,1505,1000,1000,2008,1505,1505,1074,2008,1625,1256,1000,1000
-0.0038,-0.0087,-0.6736,0.0016,-0.0213,3.1189,0.0063,-0.0042,-3.1481,0.0000,-0.0857,0.0775,-9.8925,0.0022,0.0037,-0.0035,-0.0805,0.0871,-9.8758,0.0007,0.0019,-0.0075,0.0628,-0.2097,-9.6459,0.0055,0.0060,0.0024,-0.2983,-0.2278,-9.5930,-0.0024,0.0125,-0.0165,0.0000,0.0068,0.0270,0.0030,113.3760,125.0487,0.0000,0.0000,-1.390328,0.542107,-0.078344,0.002339,-0.004731,-0.014363,-1.393128,0.556087,-0.200000,0.000000,0.000000,0.000000,-1.390436,0.542992,-0.075757,1.0000,1.0000,1.0000,1.660,4.810,0.340,5.000,3.000,8.000,1.500,0.060,0.110,383783431,1355647447,383781172,3166,1000,1506,1504,1505,1000,1000,2008,1505,1505,1074,2008,1625,1256,1000,1000
-0.0044,-0.0083,-0.6736,0.0016,-0.0213,3.1190,0.0063,-0.0042,-3.1481,0.0000,-0.0908,0.0555,-9.8891,0.0011,0.0040,0.0091,-0.0594,0.0854,-9.8319,0.0014,-0.0062,0.0001,0.1777,-0.0325,-9.2988,-0.0007,0.0012,0.0072,-0.1241,0.0200,-9.1818,0.0093,0.0125,0.0165,0.0000,0.0074,0.0273,0.0021,120.2020,119.7166,0.0000,0.0000,-1.390301,0.542048,-0.078520,0.002267,-0.005205,-0.015039,-1.393128,0.556087,-0.200000,0.000000,0.000000,0.000000,-1.390436,0.542992,-0.075757,1.0000,1.0000,1.0000,1.660,4.810,0.340,5.000,3.000,8.000,1.500,0.060,0.110,383793931,1355647447,383793172,3166,1000,1506,1504,1505,1000,1000,2008,1505,1505,1074,2008,1625,1256,1000,1000
-0.0044,-0.0082,-0.6735,0.0016,-0.0213,3.1191,0.0063,-0.0042,-3.1481,0.0000,-0.0966,0.0014,-9.8787,0.0018,0.0039,0.0039,-0.0624,0.0017,-9.7936,0.0018,0.0009,-0.0009,0.0269,0.2069,-9.3921,-0.0031,-0.0020,-0.0045,-0.0145,0.0020,-9.6630,0.0069,0.0016,0.0000,0.0000,0.0075,0.0276,0.0017,123.4436,117.9793,0.0000,0.0000,-1.390280,0.542000,-0.078656,0.002311,-0.005397,-0.015209,-1.393128,0.556087,-0.200000,0.000000,0.000000,0.000000,-1.390436,0.542992,-0.075757,1.0000,1.0000,1.0000,1.660,4.810,0.340,5.000,3.000,8.000,1.500,0.060,0.110,383804431,1355647447,383802172,3166,1000,1506,1504,1505,1000,1000,2008,1505,1505,1074,2008,1625,1256,1000,1000
-0.0039,-0.0082,-0.6735,0.0016,-0.0213,3.1191,0.0063,-0.0042,-3.1481,0.0000,-0.0695,0.0543,-9.8626,0.0020,0.0045,-0.0042,-0.0835,0.0051,-9.8282,0.0039,-0.0058,-0.0104,0.0987,-0.0589,-9.9907,0.0049,0.0020,-0.0027,-0.1151,-0.0303,-9.9952,0.0091,-0.0043,-0.0045,0.0000,0.0072,0.0266,0.0030,113.1884,123.6341,0.0000,0.0000,-1.390251,0.541936,-0.078842,0.002435,-0.005271,-0.015690,-1.393128,0.556087,-0.200000,0.000000,0.000000,0.000000,-1.390436,0.542992,-0.075757,1.0000,1.0000,1.0000,1.660,4.810,0.340,5.000,3.000,8.000,1.500,0.060,0.110,383814931,1355647447,383814172,3166,1000,1506,1504,1505,1000,1000,2008,1505,1505,1074,2008,1625,1256,1000,1000
-0.0045,-0.0084,-0.6735,0.0016,-0.0213,3.1191,0.0063,-0.0042,-3.1481,0.0000,-0.1023,0.0800,-9.8681,0.0008,0.0038,0.0074,-0.0719,0.0833,-9.8076,0.0013,-0.0031,0.0033,-0.0761,0.1183,-9.5406,0.0009,-0.0020,0.0115,0.1722,0.0164,-9.9575,0.0125,-0.0224,-0.0019,0.0000,0.0075,0.0271,0.0018,121.4753,117.7520,0.0000,0.0000,-1.390229,0.541887,-0.078984,0.002593,-0.005762,-0.016058,-1.393128,0.556087,-0.200000,0.000000,0.000000,0.000000,-1.390436,0.542992,-0.075757,1.0000,1.0000,1.0000,1.660,4.810,0.340,5.000,3.000,8.000,1.500,0.060,0.110,383825431,1355647447,383823172,3166,1000,1506,1504,1505,1000,1000,2008,1505,1505,1074,2008,1625,1256,1000,1000
-0.0045,-0.0084,-0.6734,0.0016,-0.0213,3.1192,0.0063,-0.0042,-3.1481,0.0000,-0.0495,0.0131,-9.8251,0.0002,0.0047,0.0076,-0.1026,-0.0045,-9.8519,0.0027,-0.0048,0.0026,-0.0808,0.1566,-10.2445,0.0071,0.0103,-0.0011,-0.3629,-0.0429,-9.9737,0.0091,0.0019,-0.0266,0.0000,0.0077,0.0268,0.0017,121.6870,116.0016,0.0000,0.0000,-1.390197,0.541815,-0.079179,0.002556,-0.006004,-0.016313,-1.393128,0.556087,-0.200000,0.000000,0.000000,0.000000,-1.390436,0.542992,-0.075757,1.0000,1.0000,1.0000,1.660,4.810,0.340,5.000,3.000,8.000,1.500,0.060,0.110,383835931,1355647447,383835172,3166,1000,1506,1504,1505,1000,1000,2008,1505,1505,1074,2008,1625,1256,1000,1000
-0.0038,-0.0083,-0.6734,0.0016,-0.0213,3.1192,0.0063,-0.0042,-3.1481,0.0000,-0.0979,-0.0040,-9.8576,0.0035,0.0036,-0.0057,-0.0829,0.0340,-9.8394,0.0028,-0.0025,-0.0099,-0.0737,0.2715,-10.0146,0.0004,0.0041,-0.0048,0.1040,0.0164,-9.8875,0.0059,0.0107,-0.0096,0.0000,0.0067,0.0273,0.0031,113.0565,126.4446,0.0000,0.0000,-1.390174,0.541762,-0.079326,0.002614,-0.005783,-0.016472,-1.393128,0.556087,-0.200000,0.000000,0.000000,0.000000,-1.390436,0.542992,-0.075757,1.0000,1.0000,1.0000,1.660,4.810,0.340,5.000,3.000,8.000,1.500,0.060,0.110,383846431,1355647447,383844172,3166,1000,1506,1504,1505,1000,1000,2008,1505,1505,1074,2008,1625,1256,1000,1000
-0.0038,-0.0078,-0.6734,0.0012,-0.0215,3.1192,0.0063,-0.0042,-3.1481,0.0000,-0.0341,0.0543,-9.8184,0.0009,0.0021,0.0054,-0.0475,0.1014,-9.8069,0.0055,-0.0006,-0.0022,-0.2460,0.2213,-10.2397,0.0033,0.0063,0.0144,0.1992,0.2301,-10.1622,0.0037,0.0186,0.0138,0.0000,0.0079,0.0279,0.0022,121.7822,120.7438,0.0000,0.0000,-1.390403,0.542360,-0.078130,0.001398,-0.003259,-0.013169,-1.393128,0.556087,-0.200000,0.000000,0.000000,0.000000,-1.390605,0.542876,-0.075996,1.0000,1.0000,1.0000,1.660,4.810,0.340,5.000,3.000,8.000,1.500,0.060,0.110,383856481,1355781170,383856222,3167,1000,1506,1504,1505,1000,1000,2008,1505,1505,1074,2008,1625,1256,1000,1000
-0.0043,-0.0080,-0.6733,0.0012,-0.0215,3.1193,0.0063,-0.0042,-3.1481,0.0000,-0.0792,0.0347,-9.8398,0.0009,0.0038,0.0086,-0.0909,0.0129,-9.8601,0.0039,0.0010,0.0022,-0.4256,-0.3079,-9.7848,0.0015,0.0071,0.0024,0.1776,0.0936,-9.7762,0.0005,-0.0003,0.0125,0.0000,0.0085,0.0275,0.0015,125.6722,114.9091,0.0000,0.0000,-1.390390,0.542329,-0.078249,0.001390,-0.003519,-0.013256,-1.393128,0.556087,-0.200000,0.000000,0.000000,0.000000,-1.390605,0.542876,-0.075996,1.0000,1.0000,1.0000,1.660,4.810,0.340,5.000,3.000,8.000,1.500,0.060,0.110,383866981,1355781170,383865222,3167,1000,1506,1504,1505,1000,1000,2008,1505,1505,1074,2008,1625,1256,1000,1000
-0.0037,-0.0079,-0.6733,0.0013,-0.0215,3.1194,0.0063,-0.0042,-3.1481,0.0000,-0.1062,0.0132,-9.9053,0.0020,0.0031,-0.0040,-0.0584,0.0588,-9.7917,0.0022,-0.0045,-0.0075,-0.0114,0.0225,-9.7345,0.0031,-0.0033,-0.0013,0.1166,-0.1363,-10.0096,0.0008,-0.0013,-0.0024,0.0000,0.0076,0.0276,0.0028,117.3531,124.1242,0.0000,0.0000,-1.390374,0.542288,-0.078412,0.001374,-0.003301,-0.014006,-1.393128,0.556087,-0.200000,0.000000,0.000000,0.000000,-1.390605,0.542876,-0.075996,1.0000,1.0000,1.0000,1.660,4.810,0.340,5.000,3.000,8.000,1.500,0.060,0.110,383877481,1355781170,383877222,3167,1000,1506,1504,1505,1000,1000,2008,1505,1505,1074,2008,1625,1256,1000,1000
-0.0042,-0.0081,-0.6733,0.0013,-0.0215,3.1194,0.0063,-0.0042,-3.1481,0.0000,-0.0674,0.0719,-9.8863,0.0006,0.0027,0.0030,-0.0741,0.0816,-9.8659,-0.0002,-0.0003,-0.0039,-0.0330,-0.0660,-9.7632,0.0001,0.0063,0.0117,-0.2067,0.4402,-9.2428,-0.0053,0.0037,0.0123,0.0000,0.0077,0.0278,0.0024,120.2107,122.2411,0.0000,0.0000,-1.390362,0.542257,-0.078541,0.001374,-0.003644,-0.014504,-1.393128,0.556087,-0.200000,0.000000,0.000000,0.000000,-1.390605,0.542876,-0.075996,1.0000,1.0000,1.0000,1.660,4.810,0.340,5.000,3.000,8.000,1.500,0.060,0.110,383887981,1355781170,383886233,3167,1000,1506,1504,1505,1000,1000,2008,1505,1505,1074,2008,1625,1256,1000,1000
-0.0047,-0.0082,-0.6732,0.0013,-0.0215,3.1195,0.0063,-0.0042,-3.1481,0.0000,-0.0809,0.0478,-9.8460,0.0009,0.0044,0.0089,-0.0682,0.0000,-9.8094,0.0037,0.0025,0.0038,-0.0713,-0.0445,-10.0098,0.0041,-0.0009,0.0019,-0.1348,0.1564,-9.9737,0.0213,-0.0165,0.0088,0.0000,0.0079,0.0273,0.0015,124.1939,115.6978,0.0000,0.0000,-1.390345,0.542210,-0.078717,0.001410,-0.004130,-0.014832,-1.393128,0.556087,-0.200000,0.000000,0.000000,0.000000,-1.390605,0.542876,-0.075996,1.0000,1.0000,1.0000,1.660,4.810,0.340,5.000,3.000,8.000,1.500,0.060,0.110,383898481,1355781170,383898222,3167,1000,1506,1504,1505,1000,1000,2008,1505,1505,1074,2008,1625,1256,1000,1000
-0.0046,-0.0088,-0.6732,0.0013,-0.0215,3.1195,0.0063,-0.0042,-3.1481,0.0000,-0.1048,0.0417,-9.9058,0.0022,0.0048,-0.0037,-0.0782,0.0330,-9.8464,-0.0000,-0.0002,-0.0076,0.1442,0.0297,-9.6483,-0.0012,0.0007,-0.0059,-0.3701,-0.0267,-9.6864,0.0016,0.0075,-0.0133,0.0000,0.0078,0.0273,0.0025,118.5652,121.2903,0.0000,0.0000,-1.390332,0.542172,-0.078852,0.001553,-0.004253,-0.015247,-1.393128,0.556087,-0.200000,0.000000,0.000000,0.000000,-1.390605,0.542876,-0.075996,1.0000,1.0000,1.0000,1.660,4.810,0.340,5.000,3.000,8.000,1.500,0.060,0.110,383908981,1355781170,383907222,3167,1000,1506,1504,1505,1000,1000,2008,1505,1505,1074,2008,1625,1256,1000,1000
-0.0045,-0.0088,-0.6732,0.0013,-0.0215,3.1195,0.0063,-0.0042,-3.1481,0.0000,-0.0798,0.0540,-9.8913,0.0000,0.0023,0.0011,-0.0981,0.0787,-9.8352,0.0020,-0.0016,-0.0069,-0.1886,0.2428,-9.9500,-0.0001,0.0049,0.0085,0.1758,0.2372,-9.9037,0.0019,0.0056,0.0037,0.0000,0.0079,0.0279,0.0029,117.7562,124.6948,0.0000,0.0000,-1.390312,0.542120,-0.079041,0.001650,-0.004440,-0.016115,-1.393128,0.556087,-0.200000,0.000000,0.000000,0.000000,-1.390605,0.542876,-0.075996,1.0000,1.0000,1.0000,1.660,4.810,0.340,5.000,3.000,8.000,1.500,0.060,0.110,383919481,1355781170,383919222,3167,1000,1506,1504,1505,1000,1000,2008,1505,1505,1074,2008,1625,1256,1000,1000
-0.0050,-0.0086,-0.6732,0.0013,-0.0215,3.1196,0.0063,-0.0042,-3.1481,0.0000,-0.0883,0.0336,-9.8441,0.0023,0.0033,0.0090,-0.0651,0.0304,-9.7818,-0.0018,-0.0009,0.0071,-0.1192,-0.0421,-10.0793,0.0001,0.0055,0.0083,0.2494,0.5228,-9.8785,0.0120,-0.0048,-0.0184,0.0000,0.0079,0.0275,0.0016,124.2264,116.7907,0.0000,0.0000,-1.390298,0.542079,-0.079188,0.001610,-0.004802,-0.016536,-1.393128,0.556087,-0.200000,0.000000,0.000000,0.000000,-1.390605,0.542876,-0.075996,1.0000,1.0000,1.0000,1.660,4.810,0.340,5.000,3.000,8.000,1.500,0.060,0.110,383929981,1355781170,383928222,3167,1000,1506,1504,1505,1000,1000,2008,1505,1505,1074,2008,1625,1256,1000,1000
-0.0046,-0.0088,-0.6731,0.0013,-0.0215,3.1196,0.0063,-0.0042,-3.1481,0.0000,-0.0804,0.0100,-9.8916,0.0017,0.0031,-0.0002,-0.0852,0.0182,-9.8150,0.0013,-0.0005,-0.0072,0.2615,0.2237,-9.9069,0.0023,0.0025,-0.0056,-0.6376,-0.3212,-9.7887,0.0000,0.0077,-0.0117,0.0000,0.0077,0.0276,0.0025,119.1026,122.3787,0.0000,0.0000,-1.390278,0.542020,-0.079389,0.001757,-0.004846,-0.017062,-1.393128,0.556087,-0.200000,0.000000,0.000000,0.000000,-1.390605,0.542876,-0.075996,1.0000,1.0000,1.0000,1.660,4.810,0.340,5.000,3.000,8.000,1.500,0.060,0.110,383940481,1355781170,383940222,3167,1000,1506,1504,1505,1000,1000,2008,1505,1505,1074,2008,1625,1256,1000,1000
-0.0042,-0.0088,-0.6731,0.0013,-0.0215,3.1196,0.0063,-0.0042,-3.1481,0.0000,-0.1042,0.0601,-9.8614,0.0024,0.0044,-0.0009,-0.0503,0.0553,-9.8524,0.0030,-0.0015,-0.0080,0.0820,-0.0996,-9.8710,-0.0017,0.0033,0.0064,-0.1169,0.0595,-9.6810,0.0000,0.0096,0.0043,0.0000,0.0075,0.0271,0.0026,116.9314,122.3721,0.0000,0.0000,-1.390262,0.541978,-0.079544,0.001805,-0.004800,-0.017493,-1.393128,0.556087,-0.200000,0.000000,0.000000,0.000000,-1.390605,0.542876,-0.075996,1.0000,1.0000,1.0000,1.660,4.810,0.340,5.000,3.000,8.000,1.500,0.060,0.110,383950981,1355781170,383949222,3167,1000,1506,1504,1505,1000,1000,2008,1505,1505,1074,2008,1625,1256,1000,1000
-0.0049,-0.0090,-0.6731,0.0013,-0.0214,3.1197,0.0063,-0.0042,-3.1481,0.0000,-0.0902,0.0602,-9.8319,0.0012,0.0037,0.0113,-0.0655,0.0461,-9.8186,0.0001,0.0017,0.0076,0.0508,-0.0086,-9.8351,0.0052,0.0036,0.0053,0.0609,0.2929,-9.8749,0.0035,-0.0133,0.0024,0.0000,0.0078,0.0274,0.0014,124.9873,115.1485,0.0000,0.0000,-1.390239,0.541918,-0.079756,0.001920,-0.005213,-0.017700,-1.393128,0.556087,-0.200000,0.000000,0.000000,0.000000,-1.390605,0.542876,-0.075996,1.0000,1.0000,1.0000,1.660,4.810,0.340,5.000,3.000,8.000,1.500,0.060,0.110,383961481,1355781170,383961222,3167,1000,1506,1504,1505,1000,1000,2008,1505,1505,1074,2008,1625,1256,1000,1000
-0.0047,-0.0090,-0.6730,0.0014,-0.0214,3.1198,0.0063,-0.0042,-3.1481,0.0000,-0.1135,0.0284,-9.8685,0.0001,0.0035,0.0005,-0.1290,-0.0369,-9.8079,0.0062,0.0005,-0.0034,0.0484,0.2715,-9.6268,-0.0009,-0.0001,-0.0008,-0.1582,-0.1255,-9.8085,-0.0101,0.0210,0.0048,0.0000,0.0079,0.0275,0.0022,120.6427,120.1476,0.0000,0.0000,-1.390221,0.541870,-0.079916,0.002045,-0.005331,-0.017888,-1.393128,0.556087,-0.200000,0.000000,0.000000,0.000000,-1.390605,0.542876,-0.075996,1.0000,1.0000,1.0000,1.660,4.810,0.340,5.000,3.000,8.000,1.500,0.060,0.110,383971981,1355781170,383970222,3167,1000,1506,1504,1505,1000,1000,2008,1505,1505,1074,2008,1625,1256,1000,1000
-0.0043,-0.0090,-0.6730,0.0014,-0.0214,3.1198,0.0063,-0.0042,-3.1481,0.0000,-0.0687,0.0551,-9.8861,0.0010,0.0027,-0.0014,-0.1013,0.0689,-9.8450,0.0014,-0.0020,-0.0090,-0.1910,-0.1690,-10.0003,0.0031,0.0047,0.0045,0.1237,0.1205,-9.7169,0.0075,0.0037,-0.0146,0.0000,0.0080,0.0276,0.0028,118.0728,123.4186,0.0000,0.0000,-1.390195,0.541806,-0.080133,0.002189,-0.005430,-0.018362,-1.393128,0.556087,-0.200000,0.000000,0.000000,0.000000,-1.390605,0.542876,-0.075996,1.0000,1.0000,1.0000,1.660,4.810,0.340,5.000,3.000,8.000,1.500,0.060,0.110,383982481,1355781170,383982222,3167,1000,1506,1504,1505,1000,1000,2008,1505,1505,1074,2008,1625,1256,1000,1000
-0.0046,-0.0084,-0.6730,0.0014,-0.0215,3.1198,0.0063,-0.0042,-3.1481,0.0000,-0.0849,0.0463,-9.8905,-0.0003,0.0031,0.0089,-0.1119,0.0439,-9.8068,0.0051,0.0003,0.0044,-0.0330,0.3098,-9.6938,0.0001,0.0033,0.0115,-0.0056,0.1098,-9.8390,-0.0029,-0.0045,0.0128,0.0000,0.0079,0.0280,0.0017,124.9057,117.9550,0.0000,0.0000,-1.390177,0.541756,-0.080300,0.002006,-0.005650,-0.018891,-1.393128,0.556087,-0.200000,0.000000,0.000000,0.000000,-1.390605,0.542876,-0.075996,1.0000,1.0000,1.0000,1.660,4.810,0.340,5.000,3.000,8.000,1.500,0.060,0.110,383992981,1355781170,383991222,3167,1000,1506,1504,1505,1000,1000,2008,1505,1505,1074,2008,1625,1256,1000,1000
-0.0047,-0.0088,-0.6729,0.0014,-0.0214,3.1199,0.0063,-0.0042,-3.1481,0.0000,-0.1020,0.0302,-9.8444,0.0006,0.0039,0.0023,-0.1222,0.0125,-9.8495,-0.0003,-0.0001,0.0008,0.0628,-0.0206,-9.9284,0.0017,0.0041,-0.0059,-0.1007,-0.2117,-9.6540,-0.0005,-0.0008,-0.0234,0.0000,0.0082,0.0272,0.0018,122.8933,116.5986,0.0000,0.0000,-1.390152,0.541686,-0.080528,0.002180,-0.005907,-0.019039,-1.393128,0.556087,-0.200000,0.000000,0.000000,0.000000,-1.390605,0.542876,-0.075996,1.0000,1.0000,1.0000,1.660,4.810,0.340,5.000,3.000,8.000,1.500,0.060,0.110,384003481,1355781170,384003222,3167,1000,1506,1504,1505,1000,1000,2008,1505,1505,1074,2008,1625,1256,1000,1000
-0.0045,-0.0086,-0.6729,0.0014,-0.0214,3.1199,0.0063,-0.0042,-3.1481,0.0000,-0.0766,0.0683,-9.8834,0.0019,0.0042,-0.0030,-0.0641,0.0772,-9.8103,0.0034,0.0010,-0.0058,-0.1551,0.1518,-9.6483,0.0033,-0.0001,0.0027,-0.4329,-0.2620,-9.7205,0.0173,-0.0048,-0.0200,0.0000,0.0076,0.0272,0.0029,115.9041,123.6177,0.0000,0.0000,-1.390132,0.541633,-0.080701,0.002159,-0.005982,-0.019379,-1.393128,0.556087,-0.200000,0.000000,0.000000,0.000000,-1.390605,0.542876,-0.075996,1.0000,1.0000,1.0000,1.660,4.810,0.340,5.000,3.000,8.000,1.500,0.060,0.110,384013981,1355781170,384012222,3167,1000,1506,1504,1505,1000,1000,2008,1505,1505,1074,2008,1625,1256,1000,1000
-0.0050,-0.0084,-0.6729,0.0014,-0.0214,3.1199,0.0063,-0.0042,-3.1481,0.0000,-0.0826,0.0498,-9.8630,0.0016,0.0060,0.0069,-0.0858,0.0798,-9.8035,-0.0001,-0.0023,0.0005,0.0341,0.3434,-9.6770,0.0001,0.0036,0.0117,-0.0738,0.0343,-9.8157,0.0104,-0.0051,0.0077,0.0000,0.0076,0.0273,0.0020,121.1175,118.8849,0.0000,0.0000,-1.390107,0.541559,-0.080936,0.002122,-0.006368,-0.019795,-1.393128,0.556087,-0.200000,0.000000,0.000000,0.000000,-1.390605,0.542876,-0.075996,1.0000,1.0000,1.0000,1.660,4.810,0.340,5.000,3.000,8.000,1.500,0.060,0.110,384024481,1355781170,384024222,3167,1000,1506,1504,1505,1000,1000,2008,1505,1505,1074,2008,1625,1256,1000,1000
-0.0048,-0.0083,-0.6728,0.0014,-0.0214,3.1200,0.0063,-0.0042,-3.1481,0.0000,-0.0976,0.0071,-9.8601,0.0008,0.0033,0.0045,-0.0493,0.0532,-9.8237,0.0018,-0.0007,0.0020,0.0221,0.0920,-10.1750,0.0025,0.0025,-0.0008,-0.5766,-0.1812,-10.0671,-0.0072,-0.0101,-0.0099,0.0000,0.0074,0.0271,0.0016,122.6028,116.4807,0.0000,0.0000,-1.390088,0.541501,-0.081116,0.002193,-0.006407,-0.020210,-1.393128,0.556087,-0.200000,0.000000,0.000000,0.000000,-1.390605,0.542876,-0.075996,1.0000,1.0000,1.0000,1.660,4.810,0.340,5.000,3.000,8.000,1.500,0.060,0.110,384034981,1355781170,384033222,3167,1000,1506,1504,1505,1000,1000,2008,1505,1505,1074,2008,1625,1256,1000,1000
-0.0041,-0.0084,-0.6728,0.0014,-0.0214,3.1200,0.0063,-0.0042,-3.1481,0.0000,-0.0792,0.0177,-9.8618,0.0022,0.0038,-0.0042,-0.0791,0.0409,-9.8070,0.0038,-0.0002,-0.0102,-0.0186,0.1518,-9.4544,0.0004,0.0004,-0.0043,-0.0666,0.3216,-9.8857,-0.0162,-0.0067,0.0059,0.0000,0.0073,0.0273,0.0028,115.8982,124.0744,0.0000,0.0000,-1.390061,0.541425,-0.081362,0.002299,-0.006254,-0.020737,-1.393128,0.556087,-0.200000,0.000000,0.000000,0.000000,-1.390605,0.542876,-0.075996,1.0000,1.0000,1.0000,1.660,4.810,0.340,5.000,3.000,8.000,1.500,0.060,0.110,384045481,1355781170,384045222,3167,1000,1506,1504,1505,1000,1000,2008,1505,1505,1074,2008,1625,1256,1000,1000
-0.0046,-0.0080,-0.6728,0.0014,-0.0214,3.1200,0.0063,-0.0042,-3.1481,0.0000,-0.0824,0.0775,-9.8521,0.0009,0.0037,0.0077,-0.0939,0.0642,-9.7929,0.0023,-0.0017,0.0005,-0.1862,0.1183,-9.9931,0.0004,0.0063,0.0120,-0.1438,-0.1740,-9.9126,0.0059,0.0192,0.0080,0.0000,0.0077,0.0272,0.0017,122.7680,116.8219,0.0000,0.0000,-1.390041,0.541367,-0.081549,0.002146,-0.006701,-0.020869,-1.393128,0.556087,-0.200000,0.000000,0.000000,0.000000,-1.390605,0.542876,-0.075996,1.0000,1.0000,1.0000,1.660,4.810,0.340,5.000,3.000,8.000,1.500,0.060,0.110,384055981,1355781170,384054223,3167,1000,1506,1504,1505,1000,1000,2008,1505,1505,1074,2008,1625,1256,1000,1000
-0.0044,-0.0084,-0.6727,0.0006,-0.0219,3.1202,0.0063,-0.0042,-3.1481,0.0000,-0.0889,0.0068,-9.8627,0.0006,0.0020,0.0075,-0.0706,0.0446,-9.8419,0.0043,0.0009,0.0026,-0.3394,0.0489,-9.7273,0.0009,0.0036,0.0019,0.1830,0.0720,-9.9090,0.0064,-0.0160,-0.0056,0.0000,0.0093,0.0287,0.0016,128.9786,116.9645,0.0000,0.0000,-1.390927,0.543007,-0.079136,-0.000796,-0.001022,-0.015270,-1.393128,0.556087,-0.200000,0.000000,0.000000,0.000000,-1.391249,0.543628,-0.076736,1.0000,1.0000,1.0000,1.660,4.810,0.340,5.000,3.000,8.000,1.500,0.060,0.110,384066027,1355913868,384063268,3168,1000,1506,1504,1505,1000,1000,2008,1505,1505,1074,2008,1625,1256,1000,1000
-0.0036,-0.0084,-0.6727,0.0006,-0.0219,3.1202,0.0063,-0.0042,-3.1481,0.0000,-0.0549,0.0025,-9.8964,0.0014,0.0036,-0.0026,-0.0889,0.0303,-9.8245,0.0019,-0.0015,-0.0071,-0.2269,0.0417,-9.6579,0.0007,0.0060,-0.0059,-0.0540,-0.3769,-9.7420,0.0067,0.0120,-0.0024,0.0000,0.0090,0.0283,0.0026,121.9946,122.2730,0.0000,0.0000,-1.390936,0.542997,-0.079322,-0.000839,-0.000614,-0.015859,-1.393128,0.556087,-0.200000,0.000000,0.000000,0.000000,-1.391249,0.543628,-0.076736,1.0000,1.0000,1.0000,1.660,4.810,0.340,5.000,3.000,8.000,1.500,0.060,0.110,384076029,1355913868,384075270,3168,1000,1506,1504,1505,1000,1000,2008,1505,1505,1074,2008,1625,1256,1000,1000
-0.0038,-0.0078,-0.6728,0.0006,-0.0219,3.1202,0.0063,-0.0042,-3.1481,0.0000,-0.0747,0.0617,-9.8017,0.0012,0.0030,0.0009,-0.0747,0.0529,-9.8107,0.0002,-0.0029,-0.0036,0.1227,0.1590,-9.9117,-0.0012,0.0049,0.0085,-0.2228,0.2786,-10.2359,-0.0040,-0.0152,0.0138,0.0000,0.0090,0.0281,0.0024,122.7658,120.8663,0.0000,0.0000,-1.390945,0.542991,-0.079466,-0.000999,-0.000696,-0.016102,-1.393128,0.556087,-0.200000,0.000000,0.000000,0.000000,-1.391249,0.543628,-0.076736,1.0000,1.0000,1.0000,1.660,4.810,0.340,5.000,3.000,8.000,1.500,0.060,0.110,384086529,1355913868,384084270,3168,1000,1506,1504,1505,1000,1000,2008,1505,1505,1074,2008,1625,1256,1000,1000
-0.0040,-0.0082,-0.6727,0.0006,-0.0219,3.1203,0.0063,-0.0042,-3.1481,0.0000,-0.0974,0.0143,-9.8713,0.0002,0.0024,0.0092,-0.0615,0.0388,-9.8485,0.0030,-0.0030,0.0066,-0.0114,0.1949,-9.7776,0.0065,0.0025,0.0077,-0.2390,-0.2673,-9.5804,-0.0160,0.0186,0.0000,0.0000,0.0094,0.0284,0.0014,129.5784,114.9444,0.0000,0.0000,-1.390957,0.542981,-0.079659,-0.000964,-0.000890,-0.016219,-1.393128,0.556087,-0.200000,0.000000,0.000000,0.000000,-1.391249,0.543628,-0.076736,1.0000,1.0000,1.0000,1.660,4.810,0.340,5.000,3.000,8.000,1.500,0.060,0.110,384097029,1355913868,384096270,3168,1000,1506,1504,1505,1000,1000,2008,1505,1505,1074,2008,1625,1256,1000,1000
-0.0034,-0.0083,-0.6726,0.0006,-0.0219,3.1203,0.0063,-0.0042,-3.1481,0.0000,-0.0598,0.0195,-9.8435,0.0013,0.0041,0.0007,-0.0979,0.0269,-9.8168,0.0038,0.0002,-0.0051,-0.1814,0.0656,-10.0194,0.0031,0.0060,-0.0021,-0.1941,-0.2350,-10.0347,0.0080,-0.0045,-0.0213,0.0000,0.0090,0.0281,0.0021,124.6044,118.6825,0.0000,0.0000,-1.390965,0.542974,-0.079807,-0.000874,-0.000671,-0.016575,-1.393128,0.556087,-0.200000,0.000000,0.000000,0.000000,-1.391249,0.543628,-0.076736,1.0000,1.0000,1.0000,1.660,4.810,0.340,5.000,3.000,8.000,1.500,0.060,0.110,384107529,1355913868,384105270,3168,1000,1506,1504,1505,1000,1000,2008,1505,1505,1074,2008,1625,1256,1000,1000
-0.0031,-0.0079,-0.6726,0.0006,-0.0219,3.1203,0.0063,-0.0042,-3.1481,0.0000,-0.0878,0.0485,-9.8836,0.0014,0.0036,-0.0024,-0.0956,0.0512,-9.8306,0.0008,-0.0010,-0.0059,0.2376,0.1183,-9.7656,0.0020,0.0001,0.0019,-0.1025,0.1618,-9.8336,0.0045,-0.0024,-0.0027,0.0000,0.0089,0.0284,0.0026,122.1345,122.8893,0.0000,0.0000,-1.390977,0.542966,-0.080009,-0.001068,-0.000592,-0.017078,-1.393128,0.556087,-0.200000,0.000000,0.000000,0.000000,-1.391249,0.543628,-0.076736,1.0000,1.0000,1.0000,1.660,4.810,0.340,5.000,3.000,8.000,1.500,0.060,0.110,384118029,1355913868,384117270,3168,1000,1506,1504,1505,1000,1000,2008,1505,1505,1074,2008,1625,1256,1000,1000
-0.0035,-0.0077,-0.6726,0.0006,-0.0219,3.1204,0.0063,-0.0042,-3.1481,0.0000,-0.0583,0.0355,-9.8953,0.0010,0.0052,0.0064,-0.0873,0.0692,-9.8349,0.0044,-0.0002,0.0015,-0.4232,-0.3246,-9.6866,0.0031,-0.0015,0.0069,0.2620,0.1098,-9.5517,-0.0048,0.0048,0.0064,0.0000,0.0091,0.0277,0.0019,124.6077,116.9193,0.0000,0.0000,-1.390987,0.542961,-0.080163,-0.001190,-0.000639,-0.017328,-1.393128,0.556087,-0.200000,0.000000,0.000000,0.000000,-1.391249,0.543628,-0.076736,1.0000,1.0000,1.0000,1.660,4.810,0.340,5.000,3.000,8.000,1.500,0.060,0.110,384128529,1355913868,384126270,3168,1000,1506,1504,1505,1000,1000,2008,1505,1505,1074,2008,1625,1256,1000,1000
-0.0032,-0.0078,-0.6726,0.0006,-0.0219,3.1205,0.0063,-0.0042,-3.1481,0.0000,-0.1141,0.0263,-9.8113,0.0011,0.0037,0.0057,-0.1136,0.0441,-9.7934,0.0032,-0.0004,-0.0018,0.3860,-0.0110,-10.1415,0.0007,0.0017,0.0037,0.0429,0.5066,-10.1102,-0.0032,0.0101,0.0016,0.0000,0.0087,0.0283,0.0016,127.1452,117.0259,0.0000,0.0000,-1.391002,0.542954,-0.080375,-0.001214,-0.000488,-0.017718,-1.393128,0.556087,-0.200000,0.000000,0.000000,0.000000,-1.391249,0.543628,-0.076736,1.0000,1.0000,1.0000,1.660,4.810,0.340,5.000,3.000,8.000,1.500,0.060,0.110,384139029,1355913868,384138270,3168,1000,1506,1504,1505,1000,1000,2008,1505,1505,1074,2008,1625,1256,1000,1000
-0.0036,-0.0084,-0.6725,0.0006,-0.0219,3.1205,0.0063,-0.0042,-3.1481,0.0000,-0.0987,0.0474,-9.8991,0.0012,0.0041,-0.0008,-0.0747,0.0338,-9.8125,0.0033,-0.0011,-0.0083,0.0389,0.1087,-9.7944,-0.0009,0.0025,0.0013,-0.4060,-0.1147,-9.6756,0.0003,0.0083,-0.0221,0.0000,0.0091,0.0283,0.0022,124.3165,119.9411,0.0000,0.0000,-1.391013,0.542949,-0.080535,-0.001107,-0.000624,-0.017989,-1.393128,0.556087,-0.200000,0.000000,0.000000,0.000000,-1.391249,0.543628,-0.076736,1.0000,1.0000,1.0000,1.660,4.810,0.340,5.000,3.000,8.000,1.500,0.060,0.110,384149529,1355913868,384147270,3168,1000,1506,1504,1505,1000,1000,2008,1505,1505,1074,2008,1625,1256,1000,1000
-0.0036,-0.0084,-0.6725,0.0006,-0.0221,3.1205,0.0063,-0.0042,-3.1481,0.0000,-0.0750,0.0605,-9.8785,0.0012,0.0041,0.0023,-0.0761,0.0476,-9.8188,0.0030,0.0033,-0.0035,-0.2987,-0.2552,-9.8734,0.0057,0.0073,0.0019,0.3680,0.0505,-9.9521,0.0029,-0.0130,0.0005,0.0000,0.0089,0.0284,0.0024,123.5521,121.3102,0.0000,0.0000,-1.391439,0.542966,-0.078911,-0.002570,-0.000613,-0.014640,-1.393128,0.556087,-0.200000,0.000000,0.000000,0.000000,-1.391710,0.542986,-0.076670,1.0000,1.0000,1.0000,1.660,4.810,0.340,5.000,3.000,8.000,1.500,0.060,0.110,384159575,1356047200,384159316,3169,1000,1506,1504,1505,1000,1000,2008,1505,1505,1074,2008,1625,1256,1000,1000
-0.0043,-0.0082,-0.6725,0.0006,-0.0221,3.1205,0.0063,-0.0042,-3.1481,0.0000,-0.0663,0.0478,-9.8274,0.0014,0.0021,0.0063,-0.1040,-0.0025,-9.8254,0.0044,-0.0003,0.0036,-0.2676,0.0130,-9.9739,0.0020,0.0049,0.0045,0.2907,0.6305,-10.1281,0.0096,-0.0008,-0.0099,0.0000,0.0090,0.0282,0.0018,126.1247,117.8730,0.0000,0.0000,-1.391462,0.542960,-0.079044,-0.002632,-0.000808,-0.014852,-1.393128,0.556087,-0.200000,0.000000,0.000000,0.000000,-1.391710,0.542986,-0.076670,1.0000,1.0000,1.0000,1.660,4.810,0.340,5.000,3.000,8.000,1.500,0.060,0.110,384170075,1356047200,384168316,3169,1000,1506,1504,1505,1000,1000,2008,1505,1505,1074,2008,1625,1256,1000,1000
-0.0041,-0.0075,-0.6724,0.0007,-0.0221,3.1206,0.0063,-0.0042,-3.1481,0.0000,-0.0548,0.0502,-9.8708,0.0011,0.0041,0.0027,-0.0801,0.0512,-9.8185,0.0030,0.0015,-0.0007,0.0844,-0.1331,-9.7824,0.0004,0.0001,0.0032,-0.0756,0.0182,-9.7959,-0.0080,0.0037,-0.0061,0.0000,0.0090,0.0283,0.0020,125.1868,119.2395,0.0000,0.0000,-1.391496,0.542950,-0.079223,-0.002939,-0.000826,-0.015142,-1.393128,0.556087,-0.200000,0.000000,0.000000,0.000000,-1.391710,0.542986,-0.076670,1.0000,1.0000,1.0000,1.660,4.810,0.340,5.000,3.000,8.000,1.500,0.060,0.110,384180575,1356047200,384180316,3169,1000,1506,1504,1505,1000,1000,2008,1505,1505,1074,2008,1625,1256,1000,1000
-0.0041,-0.0069,-0.6724,0.0007,-0.0221,3.1206,0.0063,-0.0042,-3.1481,0.0000,-0.0849,0.0349,-9.8466,0.0013,0.0042,0.0006,-0.0367,0.0191,-9.8400,0.0047,-0.0008,-0.0036,0.1969,0.1087,-9.8590,-0.0020,0.0044,-0.0005,0.0340,0.2426,-9.6828,0.0016,0.0008,-0.0160,0.0000,0.0089,0.0283,0.0022,123.8954,120.5166,0.0000,0.0000,-1.391523,0.542943,-0.079361,-0.003184,-0.000883,-0.015307,-1.393128,0.556087,-0.200000,0.000000,0.000000,0.000000,-1.391710,0.542986,-0.076670,1.0000,1.0000,1.0000,1.660,4.810,0.340,5.000,3.000,8.000,1.500,0.060,0.110,384191075,1356047200,384189327,3169,1000,1506,1504,1505,1000,1000,2008,1505,1505,1074,2008,1625,1256,1000,1000
-0.0043,-0.0074,-0.6724,0.0007,-0.0221,3.1207,0.0063,-0.0042,-3.1481,0.0000,-0.0761,0.0721,-9.8299,0.0005,0.0040,0.0017,-0.1025,0.0407,-9.8258,0.0008,0.0021,-0.0023,0.1586,0.0465,-10.0482,0.0071,0.0033,0.0045,-0.1636,-0.5152,-9.6828,0.0008,-0.0045,-0.0194,0.0000,0.0092,0.0282,0.0022,124.4474,119.4884,0.0000,0.0000,-1.391561,0.542932,-0.079546,-0.003215,-0.001030,-0.015561,-1.393128,0.556087,-0.200000,0.000000,0.000000,0.000000,-1.391710,0.542986,-0.076670,1.0000,1.0000,1.0000,1.660,4.810,0.340,5.000,3.000,8.000,1.500,0.060,0.110,384201575,1356047200,384201316,3169,1000,1506,1504,1505,1000,1000,2008,1505,1505,1074,2008,1625,1256,1000,1000
-0.0042,-0.0068,-0.6724,0.0007,-0.0221,3.1207,0.0063,-0.0042,-3.1481,0.0000,-0.0344,0.0283,-9.8735,0.0014,0.0042,0.0060,-0.0479,0.0815,-9.7841,0.0030,-0.0009,-0.0010,-0.2580,0.2093,-9.7728,-0.0044,-0.0025,0.0019,-0.2210,0.2552,-9.9054,0.0032,-0.0061,-0.0149,0.0000,0.0087,0.0282,0.0017,126.6358,117.3662,0.0000,0.0000,-1.391592,0.542922,-0.079687,-0.003549,-0.001013,-0.015877,-1.393128,0.556087,-0.200000,0.000000,0.000000,0.000000,-1.391710,0.542986,-0.076670,1.0000,1.0000,1.0000,1.660,4.810,0.340,5.000,3.000,8.000,1.500,0.060,0.110,384212075,1356047200,384210316,3169,1000,1506,1504,1505,1000,1000,2008,1505,1505,1074,2008,1625,1256,1000,1000
-0.0041,-0.0070,-0.6723,0.0007,-0.0221,3.1208,0.0063,-0.0042,-3.1481,0.0000,-0.0884,0.0483,-9.8751,0.0011,0.0041,0.0029,-0.0978,0.0841,-9.8267,0.0017,-0.0040,-0.0035,0.1729,0.1279,-9.6004,0.0004,0.0007,0.0016,0.0932,-0.0698,-9.5337,-0.0005,-0.0202,0.0123,0.0000,0.0089,0.0285,0.0020,125.9888,119.3685,0.0000,0.0000,-1.391635,0.542910,-0.079879,-0.003668,-0.001082,-0.016229,-1.393128,0.556087,-0.200000,0.000000,0.000000,0.000000,-1.391710,0.542986,-0.076670,1.0000,1.0000,1.0000,1.660,4.810,0.340,5.000,3.000,8.000,1.500,0.060,0.110,384222575,1356047200,384222316,3169,1000,1506,1504,1505,1000,1000,2008,1505,1505,1074,2008,1625,1256,1000,1000
-0.0042,-0.0069,-0.6723,0.0007,-0.0221,3.1208,0.0063,-0.0042,-3.1481,0.0000,-0.0765,0.0400,-9.8411,0.0027,0.0024,0.0023,-0.1223,0.0060,-9.8551,-0.0023,-0.0031,-0.0046,-0.1263,0.0585,-9.9644,-0.0007,0.0057,0.0013,0.0286,-0.1363,-9.8570,0.0085,-0.0008,0.0064,0.0000,0.0088,0.0285,0.0021,124.9916,120.3166,0.0000,0.0000,-1.391669,0.542900,-0.080026,-0.003862,-0.001138,-0.016344,-1.393128,0.556087,-0.200000,0.000000,0.000000,0.000000,-1.391710,0.542986,-0.076670,1.0000,1.0000,1.0000,1.660,4.810,0.340,5.000,3.000,8.000,1.500,0.060,0.110,384233075,1356047200,384231316,3169,1000,1506,1504,1505,1000,1000,2008,1505,1505,1074,2008,1625,1256,1000,1000
-0.0040,-0.0075,-0.6723,0.0007,-0.0221,3.1209,0.0063,-0.0042,-3.1481,0.0000,-0.0812,0.0432,-9.8236,0.0009,0.0020,0.0043,-0.1009,0.0129,-9.8328,0.0050,-0.0048,-0.0024,-0.3490,0.3601,-10.1703,0.0028,0.0060,0.0037,-0.1600,-0.3930,-10.1209,-0.0029,0.0194,0.0117,0.0000,0.0084,0.0286,0.0019,125.5387,120.1096,0.0000,0.0000,-1.391715,0.542886,-0.080224,-0.003708,-0.001159,-0.016563,-1.393128,0.556087,-0.200000,0.000000,0.000000,0.000000,-1.391710,0.542986,-0.076670,1.0000,1.0000,1.0000,1.660,4.810,0.340,5.000,3.000,8.000,1.500,0.060,0.110,384243575,1356047200,384243316,3169,1000,1506,1504,1505,1000,1000,2008,1505,1505,1074,2008,1625,1256,1000,1000
-0.0039,-0.0082,-0.6722,0.0007,-0.0221,3.1209,0.0063,-0.0042,-3.1481,0.0000,-0.0935,0.0298,-9.8566,0.0006,0.0037,0.0034,-0.0713,0.0350,-9.8580,0.0023,0.0005,-0.0002,-0.1311,0.2596,-9.7393,0.0009,0.0015,0.0048,-0.5550,-0.3248,-9.6361,-0.0136,0.0064,0.0040,0.0000,0.0092,0.0291,0.0019,128.0653,119.8139,0.0000,0.0000,-1.391747,0.542876,-0.080374,-0.003485,-0.001158,-0.016809,-1.393128,0.556087,-0.200000,0.000000,0.000000,0.000000,-1.391710,0.542986,-0.076670,1.0000,1.0000,1.0000,1.660,4.810,0.340,5.000,3.000,8.000,1.500,0.060,0.110,384254075,1356047200,384252316,3169,1000,1506,1504,1505,1000,1000,2008,1505,1505,1074,2008,1625,1256,1000,1000
-0.0032,-0.0079,-0.6722,0.0007,-0.0221,3.1209,0.0063,-0.0042,-3.1481,0.0000,-0.0602,-0.0084,-9.8757,0.0027,0.0036,0.0021,-0.1206,0.0137,-9.8595,0.0027,-0.0046,-0.0033,0.0437,0.4272,-9.8135,-0.0009,0.0031,0.0021,-0.2300,-0.1255,-9.6074,-0.0192,0.0040,0.0160,0.0000,0.0086,0.0287,0.0019,126.1855,119.9288,0.0000,0.0000,-1.391790,0.542863,-0.080577,-0.003654,-0.000923,-0.017087,-1.393128,0.556087,-0.200000,0.000000,0.000000,0.000000,-1.391710,0.542986,-0.076670,1.0000,1.0000,1.0000,1.660,4.810,0.340,5.000,3.000,8.000,1.500,0.060,0.110,384264575,1356047200,384264316,3169,1000,1506,1504,1505,1000,1000,2008,1505,1505,1074,2008,1625,1256,1000,1000
-0.0030,-0.0073,-0.6722,0.0007,-0.0221,3.1210,0.0063,-0.0042,-3.1481,0.0000,-0.0933,0.0427,-9.8598,0.0014,0.0032,0.0014,-0.0520,0.1102,-9.8536,0.0039,-0.0023,-0.0052,0.1346,-0.0230,-9.6316,0.0065,0.0047,0.0051,0.0214,0.1924,-9.5894,-0.0093,0.0362,-0.0024,0.0000,0.0086,0.0283,0.0021,124.4363,119.8846,0.0000,0.0000,-1.391824,0.542855,-0.080732,-0.003908,-0.000863,-0.017316,-1.393128,0.556087,-0.200000,0.000000,0.000000,0.000000,-1.391710,0.542986,-0.076670,1.0000,1.0000,1.0000,1.660,4.810,0.340,5.000,3.000,8.000,1.500,0.060,0.110,384275075,1356047200,384273316,3169,1000,1506,1504,1505,1000,1000,2008,1505,1505,1074,2008,1625,1256,1000,1000
-0.0033,-0.0075,-0.6722,0.0007,-0.0215,3.1210,0.0063,-0.0042,-3.1481,0.0000,-0.0610,0.0531,-9.8124,0.0011,0.0035,0.0018,-0.0895,0.0749,-9.7791,0.0027,-0.0040,-0.0022,-0.0090,-0.0517,-9.9907,0.0023,0.0057,0.0019,-0.6574,-0.2189,-9.8659,0.0117,-0.0021,0.0024,0.0000,0.0088,0.0276,0.0021,123.2697,117.9052,0.0000,0.0000,-1.390878,0.542858,-0.078670,-0.000354,-0.000917,-0.012180,-1.393128,0.556087,-0.200000,0.000000,0.000000,0.000000,-1.390224,0.542868,-0.075939,1.0000,1.0000,1.0000,1.660,4.810,0.340,5.000,3.000,8.000,1.500,0.060,0.110,384285630,1356147498,384285320,3170,1000,1506,1504,1505,1000,1000,2008,1505,1505,1074,2008,1625,1256,1000,1000
-0.0033,-0.0072,-0.6721,0.0008,-0.0215,3.1211,0.0063,-0.0042,-3.1481,0.0000,-0.0868,0.0110,-9.8231,0.0005,0.0044,0.0038,-0.1200,0.0092,-9.7860,0.0046,0.0029,-0.0023,-0.1503,0.1135,-9.8542,0.0023,0.0028,0.0037,-0.3054,0.3073,-10.0742,-0.0160,-0.0016,0.0021,0.0000,0.0089,0.0272,0.0019,123.7982,115.5830,0.0000,0.0000,-1.390881,0.542849,-0.078781,-0.000432,-0.000880,-0.012314,-1.393128,0.556087,-0.200000,0.000000,0.000000,0.000000,-1.390224,0.542868,-0.075939,1.0000,1.0000,1.0000,1.660,4.810,0.340,5.000,3.000,8.000,1.500,0.060,0.110,384296130,1356147498,384294371,3170,1000,1506,1504,1505,1000,1000,2008,1505,1505,1074,2008,1625,1256,1000,1000
-0.0029,-0.0075,-0.6721,0.0008,-0.0215,3.1211,0.0063,-0.0042,-3.1481,0.0000,-0.0951,0.0378,-9.8983,0.0009,0.0047,0.0037,-0.1259,0.0386,-9.8284,0.0026,0.0002,-0.0027,0.3860,-0.0014,-9.6004,0.0007,-0.0017,-0.0008,0.2351,-0.3553,-9.3883,0.0133,-0.0021,-0.0104,0.0000,0.0089,0.0272,0.0018,123.9165,115.5943,0.0000,0.0000,-1.390887,0.542840,-0.078929,-0.000397,-0.000751,-0.012526,-1.393128,0.556087,-0.200000,0.000000,0.000000,0.000000,-1.390224,0.542868,-0.075939,1.0000,1.0000,1.0000,1.660,4.810,0.340,5.000,3.000,8.000,1.500,0.060,0.110,384306630,1356147498,384306371,3170,1000,1506,1504,1505,1000,1000,2008,1505,1505,1074,2008,1625,1256,1000,1000
-0.0029,-0.0075,-0.6721,0.0008,-0.0215,3.1212,0.0063,-0.0042,-3.1481,0.0000,-0.0955,0.0271,-9.8665,0.0010,0.0030,0.0030,-0.0956,0.0129,-9.8306,0.0006,0.0022,-0.0023,0.0245,0.3889,-9.8063,-0.0007,0.0031,0.0016,-0.1887,-0.1506,-9.7259,0.0091,0.0035,-0.0059,0.0000,0.0088,0.0277,0.0020,124.2012,117.6960,0.0000,0.0000,-1.390891,0.542833,-0.079043,-0.000494,-0.000706,-0.012933,-1.393128,0.556087,-0.200000,0.000000,0.000000,0.000000,-1.390224,0.542868,-0.075939,1.0000,1.0000,1.0000,1.660,4.810,0.340,5.000,3.000,8.000,1.500,0.060,0.110,384317130,1356147498,384315371,3170,1000,1506,1504,1505,1000,1000,2008,1505,1505,1074,2008,1625,1256,1000,1000
-0.0035,-0.0080,-0.6720,0.0008,-0.0215,3.1212,0.0063,-0.0042,-3.1481,0.0000,-0.0917,0.0443,-9.8051,0.0010,0.0034,0.0029,-0.0650,0.0795,-9.8359,0.0031,-0.0025,-0.0003,0.0030,-0.0014,-10.0577,0.0055,0.0081,0.0043,-0.4653,-0.1578,-9.9665,0.0061,0.0184,0.0107,0.0000,0.0087,0.0277,0.0019,124.4408,117.2509,0.0000,0.0000,-1.390896,0.542823,-0.079200,-0.000329,-0.000911,-0.013135,-1.393128,0.556087,-0.200000,0.000000,0.000000,0.000000,-1.390224,0.542868,-0.075939,1.0000,1.0000,1.0000,1.660,4.810,0.340,5.000,3.000,8.000,1.500,0.060,0.110,384327630,1356147498,384327371,3170,1000,1506,1504,1505,1000,1000,2008,1505,1505,1074,2008,1625,1256,1000,1000
-0.0035,-0.0088,-0.6720,0.0008,-0.0215,3.1213,0.0063,-0.0042,-3.1481,0.0000,-0.0987,0.0374,-9.8362,0.0011,0.0045,0.0032,-0.0861,0.0478,-9.7960,0.0022,-0.0000,0.0018,-0.2580,-0.1618,-9.8231,-0.0020,-0.0009,0.0045,-0.1330,-0.1452,-9.9845,0.0048,-0.0043,-0.0125,0.0000,0.0086,0.0273,0.0019,123.4220,116.3760,0.0000,0.0000,-1.390897,0.542815,-0.079318,0.000007,-0.000930,-0.013136,-1.393128,0.556087,-0.200000,0.000000,0.000000,0.000000,-1.390224,0.542868,-0.075939,1.0000,1.0000,1.0000,1.660,4.810,0.340,5.000,3.000,8.000,1.500,0.060,0.110,384338130,1356147498,384336371,3170,1000,1506,1504,1505,1000,1000,2008,1505,1505,1074,2008,1625,1256,1000,1000
-0.0029,-0.0092,-0.6720,0.0008,-0.0215,3.1213,0.0063,-0.0042,-3.1481,0.0000,-0.0923,-0.0037,-9.8761,0.0021,0.0042,0.0020,-0.0640,0.0101,-9.8031,0.0021,0.0007,-0.0030,0.0891,0.1925,-9.4855,-0.0017,-0.0031,0.0011,-0.0271,-0.0016,-9.7331,0.0053,-0.0096,0.0032,0.0000,0.0090,0.0275,0.0020,123.8014,116.9644,0.0000,0.0000,-1.390896,0.542805,-0.079477,0.000252,-0.000652,-0.013401,-1.393128,0.556087,-0.200000,0.000000,0.000000,0.000000,-1.390224,0.542868,-0.075939,1.0000,1.0000,1.0000,1.660,4.810,0.340,5.000,3.000,8.000,1.500,0.060,0.110,384348630,1356147498,384348371,3170,1000,1506,1504,1505,1000,1000,2008,1505,1505,1074,2008,1625,1256,1000,1000
-0.0027,-0.0089,-0.6719,0.0008,-0.0215,3.1213,0.0063,-0.0042,-3.1481,0.0000,-0.0982,0.0387,-9.8777,0.0021,0.0033,0.0026,-0.0713,0.0058,-9.8491,0.0005,0.0026,-0.0037,-0.0210,0.2189,-9.7489,0.0020,0.0060,0.0048,0.2189,0.1421,-9.7690,0.0125,-0.0013,0.0077,0.0000,0.0082,0.0275,0.0020,122.8140,118.2030,0.0000,0.0000,-1.390893,0.542800,-0.079598,0.000266,-0.000575,-0.013611,-1.393128,0.556087,-0.200000,0.000000,0.000000,0.000000,-1.390224,0.542868,-0.075939,1.0000,1.0000,1.0000,1.660,4.810,0.340,5.000,3.000,8.000,1.500,0.060,0.110,384359130,1356147498,384357371,3170,1000,1506,1504,1505,1000,1000,2008,1505,1505,1074,2008,1625,1256,1000,1000
-0.0034,-0.0090,-0.6719,0.0008,-0.0215,3.1214,0.0063,-0.0042,-3.1481,0.0000,-0.0596,0.0715,-9.8184,0.0018,0.0046,0.0026,-0.0722,0.0228,-9.8354,0.0022,0.0038,-0.0015,-0.3107,0.0010,-10.1439,0.0023,0.0108,-0.0008,-0.1600,0.0164,-9.9611,0.0120,0.0029,-0.0099,0.0000,0.0086,0.0271,0.0020,122.5802,116.6010,0.0000,0.0000,-1.390889,0.542791,-0.079763,0.000337,-0.000881,-0.013794,-1.393128,0.556087,-0.200000,0.000000,0.000000,0.000000,-1.390224,0.542868,-0.075939,1.0000,1.0000,1.0000,1.660,4.810,0.340,5.000,3.000,8.000,1.500,0.060,0.110,384369630,1356147498,384369371,3170,1000,1506,1504,1505,1000,1000,2008,1505,1505,1074,2008,1625,1256,1000,1000
-0.0039,-0.0084,-0.6719,0.0008,-0.0215,3.1214,0.0063,-0.0042,-3.1481,0.0000,-0.0561,0.0613,-9.8514,0.0008,0.0021,0.0031,-0.0074,0.0907,-9.7626,0.0013,-0.0005,-0.0017,-0.3059,0.0824,-9.9548,0.0001,0.0012,0.0032,-0.2462,0.0164,-10.0365,0.0061,0.0133,-0.0067,0.0000,0.0088,0.0275,0.0019,123.7840,116.9880,0.0000,0.0000,-1.390886,0.542783,-0.079888,0.000260,-0.001030,-0.014056,-1.393128,0.556087,-0.200000,0.000000,0.000000,0.000000,-1.390224,0.542868,-0.075939,1.0000,1.0000,1.0000,1.660,4.810,0.340,5.000,3.000,8.000,1.500,0.060,0.110,384380130,1356147498,384378371,3170,1000,1506,1504,1505,1000,1000,2008,1505,1505,1074,2008,1625,1256,1000,1000
-0.0045,-0.0085,-0.6718,0.0007,-0.0218,3.1215,0.0063,-0.0042,-3.1481,0.0000,-0.1081,0.0566,-9.8496,0.0013,0.0039,0.0028,-0.0794,0.0041,-9.8272,-0.0002,0.0014,-0.0019,-0.1622,-0.2121,-9.5023,0.0028,-0.0031,0.0005,-0.2121,0.2498,-9.7223,-0.0064,-0.0136,0.0003,0.0000,0.0086,0.0276,0.0017,124.9355,116.5019,0.0000,0.0000,-1.391386,0.543015,-0.078693,-0.001601,-0.000432,-0.011144,-1.393128,0.556087,-0.200000,0.000000,0.000000,0.000000,-1.391774,0.543204,-0.076894,1.0000,1.0000,1.0000,1.660,4.810,0.340,5.000,3.000,8.000,1.500,0.060,0.110,384390174,1356280909,384387371,3171,1000,1506,1504,1505,1000,1000,2008,1505,1505,1074,2008,1625,1256,1000,1000
-0.0047,-0.0092,-0.6718,0.0007,-0.0218,3.1215,0.0063,-0.0042,-3.1481,0.0000,-0.1217,0.0472,-9.8710,0.0023,0.0033,0.0034,-0.1045,0.0472,-9.8011,0.0017,0.0012,-0.0019,0.3429,0.0968,-9.8542,0.0015,0.0057,0.0040,0.0771,-0.0842,-9.7025,0.0141,-0.0024,0.0056,0.0000,0.0084,0.0281,0.0019,124.7237,118.6792,0.0000,0.0000,-1.391404,0.543009,-0.078828,-0.001348,-0.000632,-0.011338,-1.393128,0.556087,-0.200000,0.000000,0.000000,0.000000,-1.391774,0.543204,-0.076894,1.0000,1.0000,1.0000,1.660,4.810,0.340,5.000,3.000,8.000,1.500,0.060,0.110,384400209,1356280909,384399450,3171,1000,1506,1504,1505,1000,1000,2008,1505,1505,1074,2008,1625,1256,1000,1000
-0.0040,-0.0089,-0.6718,0.0007,-0.0218,3.1216,0.0063,-0.0042,-3.1481,0.0000,-0.0844,0.0364,-9.8805,0.0015,0.0042,0.0038,-0.0790,0.0203,-9.8527,0.0013,-0.0078,-0.0014,-0.0952,-0.0996,-10.1583,0.0033,0.0097,-0.0005,-0.3198,0.6000,-9.7905,0.0075,0.0045,-0.0112,0.0000,0.0087,0.0277,0.0018,124.9830,116.7772,0.0000,0.0000,-1.391416,0.543004,-0.078932,-0.001354,-0.000538,-0.011753,-1.393128,0.556087,-0.200000,0.000000,0.000000,0.000000,-1.391774,0.543204,-0.076894,1.0000,1.0000,1.0000,1.660,4.810,0.340,5.000,3.000,8.000,1.500,0.060,0.110,384410709,1356280909,384408450,3171,1000,1506,1504,1505,1000,1000,2008,1505,1505,1074,2008,1625,1256,1000,1000
-0.0039,-0.0092,-0.6717,0.0007,-0.0217,3.1216,0.0063,-0.0042,-3.1481,0.0000,-0.0776,0.0372,-9.8235,0.0003,0.0036,0.0028,-0.0344,0.0767,-9.8196,0.0000,0.0000,-0.0029,-0.0042,0.1470,-9.6818,0.0015,0.0004,0.0021,-0.2947,0.2283,-9.7474,0.0051,0.0064,-0.0051,0.0000,0.0091,0.0279,0.0019,125.5617,117.0637,0.0000,0.0000,-1.391431,0.542997,-0.079076,-0.001234,-0.000592,-0.012087,-1.393128,0.556087,-0.200000,0.000000,0.000000,0.000000,-1.391774,0.543204,-0.076894,1.0000,1.0000,1.0000,1.660,4.810,0.340,5.000,3.000,8.000,1.500,0.060,0.110,384420712,1356280909,384420453,3171,1000,1506,1504,1505,1000,1000,2008,1505,1505,1074,2008,1625,1256,1000,1000
-0.0039,-0.0090,-0.6717,0.0007,-0.0217,3.1216,0.0063,-0.0042,-3.1481,0.0000,-0.1046,0.0352,-9.8822,0.0013,0.0036,0.0016,-0.0352,-0.0090,-9.8923,0.0016,0.0020,-0.0041,0.0820,-0.1139,-9.4209,0.0001,-0.0044,0.0029,0.0842,-0.1722,-9.3003,0.0016,0.0080,0.0104,0.0000,0.0088,0.0279,0.0020,124.2876,118.3405,0.0000,0.0000,-1.391443,0.542991,-0.079186,-0.001222,-0.000639,-0.012335,-1.393128,0.556087,-0.200000,0.000000,0.000000,0.000000,-1.391774,0.543204,-0.076894,1.0000,1.0000,1.0000,1.660,4.810,0.340,5.000,3.000,8.000,1.500,0.060,0.110,384431212,1356280909,384429453,3171,1000,1506,1504,1505,1000,1000,2008,1505,1505,1074,2008,1625,1256,1000,1000
-0.0039,-0.0084,-0.6717,0.0007,-0.0217,3.1217,0.0063,-0.0042,-3.1481,0.0000,-0.0860,0.0647,-9.8422,0.0022,0.0042,0.0028,-0.0460,0.0927,-9.8569,0.0022,-0.0044,-0.0051,0.3932,0.0010,-9.9811,0.0007,0.0047,0.0019,0.1309,0.2552,-9.7510,-0.0008,-0.0053,0.0032,0.0000,0.0086,0.0279,0.0019,124.5502,118.1668,0.0000,0.0000,-1.391458,0.542983,-0.079335,-0.001364,-0.000753,-0.012519,-1.393128,0.556087,-0.200000,0.000000,0.000000,0.000000,-1.391774,0.543204,-0.076894,1.0000,1.0000,1.0000,1.660,4.810,0.340,5.000,3.000,8.000,1.500,0.060,0.110,384441712,1356280909,384441453,3171,1000,1506,1504,1505,1000,1000,2008,1505,1505,1074,2008,1625,1256,1000,1000
-0.0040,-0.0079,-0.6717,0.0007,-0.0217,3.1217,0.0063,-0.0042,-3.1481,0.0000,-0.0669,0.0457,-9.8217,0.0006,0.0029,0.0030,-0.0942,0.0394,-9.7947,0.0007,-0.0039,-0.0022,-0.5166,-0.2217,-9.8590,0.0025,0.0068,-0.0008,-0.3665,-0.6193,-9.8552,0.0189,0.0019,-0.0125,0.0000,0.0091,0.0281,0.0018,126.2533,117.3012,0.0000,0.0000,-1.391471,0.542976,-0.079449,-0.001552,-0.000815,-0.012675,-1.393128,0.556087,-0.200000,0.000000,0.000000,0.000000,-1.391774,0.543204,-0.076894,1.0000,1.0000,1.0000,1.660,4.810,0.340,5.000,3.000,8.000,1.500,0.060,0.110,384452212,1356280909,384450453,3171,1000,1506,1504,1505,1000,1000,2008,1505,1505,1074,2008,1625,1256,1000,1000
-0.0040,-0.0086,-0.6716,0.0008,-0.0217,3.1218,0.0063,-0.0042,-3.1481,0.0000,-0.1088,0.0214,-9.8632,0.0008,0.0027,0.0027,-0.0664,0.0871,-9.8127,0.0025,-0.0035,-0.0029,-0.2293,0.3793,-10.1631,0.0031,0.0081,0.0037,0.0357,0.0667,-9.9288,-0.0051,-0.0091,0.0045,0.0000,0.0085,0.0280,0.0019,124.6115,118.3932,0.0000,0.0000,-1.391489,0.542966,-0.079603,-0.001301,-0.000866,-0.013062,-1.393128,0.556087,-0.200000,0.000000,0.000000,0.000000,-1.391774,0.543204,-0.076894,1.0000,1.0000,1.0000,1.660,4.810,0.340,5.000,3.000,8.000,1.500,0.060,0.110,384462712,1356280909,384462453,3171,1000,1506,1504,1505,1000,1000,2008,1505,1505,1074,2008,1625,1256,1000,1000
-0.0035,-0.0091,-0.6716,0.0008,-0.0217,3.1218,0.0063,-0.0042,-3.1481,0.0000,-0.0928,0.0324,-9.8745,0.0012,0.0024,0.0044,-0.0725,0.0568,-9.8106,0.0036,-0.0028,-0.0015,0.0628,-0.0804,-9.6555,0.0015,-0.0012,0.0051,0.1166,0.5802,-9.7851,-0.0051,-0.0274,-0.0146,0.0000,0.0087,0.0280,0.0017,126.3134,116.6394,0.0000,0.0000,-1.391500,0.542958,-0.079723,-0.001154,-0.000769,-0.013535,-1.393128,0.556087,-0.200000,0.000000,0.000000,0.000000,-1.391774,0.543204,-0.076894,1.0000,1.0000,1.0000,1.660,4.810,0.340,5.000,3.000,8.000,1.500,0.060,0.110,384473212,1356280909,384471453,3171,1000,1506,1504,1505,1000,1000,2008,1505,1505,1074,2008,1625,1256,1000,1000
-0.0035,-0.0083,-0.6716,0.0008,-0.0217,3.1219,0.0063,-0.0042,-3.1481,0.0000,-0.0763,0.0260,-9.8494,0.0009,0.0040,0.0040,-0.0836,-0.0180,-9.8559,0.0022,-0.0040,-0.0020,0.0460,0.0632,-9.7345,-0.0020,0.0020,0.0045,0.0447,0.2229,-9.5966,-0.0157,0.0008,0.0011,0.0000,0.0091,0.0280,0.0017,126.4985,116.3402,0.0000,0.0000,-1.391514,0.542949,-0.079888,-0.001312,-0.000779,-0.013911,-1.393128,0.556087,-0.200000,0.000000,0.000000,0.000000,-1.391774,0.543204,-0.076894,1.0000,1.0000,1.0000,1.660,4.810,0.340,5.000,3.000,8.000,1.500,0.060,0.110,384483712,1356280909,384483453,3171,1000,1506,1504,1505,1000,1000,2008,1505,1505,1074,2008,1625,1256,1000,1000
-0.0037,-0.0082,-0.6715,0.0008,-0.0217,3.1219,0.0063,-0.0042,-3.1481,0.0000,-0.1045,0.0289,-9.8848,0.0005,0.0042,0.0039,-0.1207,0.0347,-9.8292,-0.0020,-0.0015,0.0001,0.1418,0.3673,-10.1703,-0.0009,0.0095,0.0053,0.2369,-0.2404,-10.0617,0.0011,-0.0080,-0.0160,0.0000,0.0089,0.0276,0.0016,126.0001,115.2670,0.0000,0.0000,-1.391526,0.542942,-0.080014,-0.001311,-0.000819,-0.014310,-1.393128,0.556087,-0.200000,0.000000,0.000000,0.000000,-1.391774,0.543204,-0.076894,1.0000,1.0000,1.0000,1.660,4.810,0.340,5.000,3.000,8.000,1.500,0.060,0.110,384494212,1356280909,384492463,3171,1000,1506,1504,1505,1000,1000,2008,1505,1505,1074,2008,1625,1256,1000,1000
-0.0042,-0.0087,-0.6715,0.0008,-0.0217,3.1220,0.0063,-0.0042,-3.1481,0.0000,-0.0779,0.0636,-9.8195,0.0015,0.0040,0.0015,-0.0834,0.0334,-9.8112,0.0031,-0.0029,-0.0011,-0.1383,0.3074,-10.2684,0.0020,0.0076,0.0008,-0.7903,-0.1075,-10.0563,-0.0032,0.0112,-0.0205,0.0000,0.0087,0.0276,0.0019,124.3826,117.1087,0.0000,0.0000,-1.391540,0.542931,-0.080190,-0.001080,-0.001055,-0.014804,-1.393128,0.556087,-0.200000,0.000000,0.000000,0.000000,-1.391774,0.543204,-0.076894,1.0000,1.0000,1.0000,1.660,4.810,0.340,5.000,3.000,8.000,1.500,0.060,0.110,384504712,1356280909,384504453,3171,1000,1506,1504,1505,1000,1000,2008,1505,1505,1074,2008,1625,1256,1000,1000
-0.0044,-0.0085,-0.6715,0.0008,-0.0217,3.1220,0.0063,-0.0042,-3.1481,0.0000,-0.0565,0.0258,-9.8477,0.0018,0.0037,0.0035,-0.0957,0.0403,-9.8224,0.0035,0.0010,-0.0040,-0.4041,0.2284,-9.8901,0.0007,0.0009,0.0037,-0.3557,0.1546,-9.9719,0.0048,-0.0123,-0.0040,0.0000,0.0086,0.0278,0.0019,124.5781,117.4982,0.0000,0.0000,-1.391550,0.542921,-0.080325,-0.001110,-0.001201,-0.015175,-1.393128,0.556087,-0.200000,0.000000,0.000000,0.000000,-1.391774,0.543204,-0.076894,1.0000,1.0000,1.0000,1.660,4.810,0.340,5.000,3.000,8.000,1.500,0.060,0.110,384515212,1356280909,384513453,3171,1000,1506,1504,1505,1000,1000,2008,1505,1505,1074,2008,1625,1256,1000,1000
-0.0047,-0.0084,-0.6714,0.0008,-0.0217,3.1220,0.0063,-0.0042,-3.1481,0.0000,-0.0769,0.0374,-9.8616,0.0019,0.0037,0.0020,-0.0781,0.0101,-9.8516,0.0010,0.0006,-0.0047,-0.1455,0.1470,-9.6100,-0.0017,-0.0057,0.0053,-0.2426,0.2624,-9.5876,-0.0035,0.0075,0.0202,0.0000,0.0084,0.0279,0.0019,124.2779,118.1673,0.0000,0.0000,-1.391564,0.542905,-0.080509,-0.001151,-0.001391,-0.015508,-1.393128,0.556087,-0.200000,0.000000,0.000000,0.000000,-1.391774,0.543204,-0.076894,1.0000,1.0000,1.0000,1.660,4.810,0.340,5.000,3.000,8.000,1.500,0.060,0.110,384525712,1356280909,384525454,3171,1000,1506,1504,1505,1000,1000,2008,1505,1505,1074,2008,1625,1256,1000,1000
-0.0046,-0.0082,-0.6714,0.0005,-0.0218,3.1221,0.0063,-0.0042,-3.1481,0.0000,-0.0884,0.0460,-9.8433,0.0015,0.0038,0.0018,-0.1295,0.0349,-9.8514,0.0021,0.0034,-0.0003,0.0939,-0.1498,-9.9021,0.0020,0.0057,0.0048,0.2728,-0.1165,-9.7241,0.0043,-0.0029,0.0035,0.0000,0.0090,0.0280,0.0019,125.4459,117.6727,0.0000,0.0000,-1.391719,0.543402,-0.079007,-0.001699,0.000369,-0.011787,-1.393128,0.556087,-0.200000,0.000000,0.000000,0.000000,-1.391798,0.543699,-0.077048,1.0000,1.0000,1.0000,1.660,4.810,0.340,5.000,3.000,8.000,1.500,0.060,0.110,384535757,1356381809,384534498,3172,1000,1506,1504,1505,1000,1000,2008,1505,1505,1074,2008,1625,1256,1000,1000
-0.0048,-0.0081,-0.6714,0.0005,-0.0218,3.1221,0.0063,-0.0042,-3.1481,0.0000,-0.0751,0.0718,-9.8234,0.0009,0.0032,0.0036,-0.1036,0.0471,-9.7967,0.0003,-0.0067,-0.0016,-0.3370,-0.0804,-10.1056,0.0028,0.0017,-0.0003,-0.2587,-0.1812,-10.0401,0.0075,0.0085,0.0035,0.0000,0.0094,0.0280,0.0017,127.0676,116.0348,0.0000,0.0000,-1.391734,0.543405,-0.079115,-0.001775,0.000243,-0.012090,-1.393128,0.556087,-0.200000,0.000000,0.000000,0.000000,-1.391798,0.543699,-0.077048,1.0000,1.0000,1.0000,1.660,4.810,0.340,5.000,3.000,8.000,1.500,0.060,0.110,384546257,1356381809,384543498,3172,1000,1506,1504,1505,1000,1000,2008,1505,1505,1074,2008,1625,1256,1000,1000
-0.0048,-0.0081,-0.6713,0.0006,-0.0218,3.1222,0.0063,-0.0042,-3.1481,0.0000,-0.0749,0.0531,-9.8727,0.0021,0.0032,0.0023,-0.0750,0.0617,-9.8079,0.0010,-0.0007,-0.0003,-0.1862,0.2404,-10.0912,-0.0012,0.0023,0.0059,-0.2408,-0.5259,-10.0042,-0.0027,0.0043,0.0149,0.0000,0.0087,0.0281,0.0019,125.5252,117.9797,0.0000,0.0000,-1.391756,0.543407,-0.079261,-0.001846,0.000073,-0.012384,-1.393128,0.556087,-0.200000,0.000000,0.000000,0.000000,-1.391798,0.543699,-0.077048,1.0000,1.0000,1.0000,1.660,4.810,0.340,5.000,3.000,8.000,1.500,0.060,0.110,384556258,1356381809,384555499,3172,1000,1506,1504,1505,1000,1000,2008,1505,1505,1074,2008,1625,1256,1000,1000
-0.0045,-0.0084,-0.6713,0.0006,-0.0218,3.1222,0.0063,-0.0042,-3.1481,0.0000,-0.1022,0.0391,-9.9056,0.0004,0.0050,0.0045,-0.1091,-0.0048,-9.8770,0.0037,-0.0024,-0.0021,-0.2245,0.1686,-9.6363,-0.0028,0.0020,0.0016,0.1471,-0.3122,-9.5840,-0.0083,-0.0154,0.0093,0.0000,0.0093,0.0278,0.0016,127.0055,114.9147,0.0000,0.0000,-1.391773,0.543407,-0.079375,-0.001775,0.000045,-0.012951,-1.393128,0.556087,-0.200000,0.000000,0.000000,0.000000,-1.391798,0.543699,-0.077048,1.0000,1.0000,1.0000,1.660,4.810,0.340,5.000,3.000,8.000,1.500,0.060,0.110,384566758,1356381809,384564499,3172,1000,1506,1504,1505,1000,1000,2008,1505,1505,1074,2008,1625,1256,1000,1000
-0.0048,-0.0088,-0.6713,0.0006,-0.0218,3.1223,0.0063,-0.0042,-3.1481,0.0000,-0.1101,0.0555,-9.8776,0.0010,0.0036,0.0024,-0.1220,0.0736,-9.8412,0.0021,-0.0024,-0.0057,-0.1622,0.3146,-10.0362,0.0012,0.0073,0.0056,0.5924,0.3755,-9.8821,-0.0043,0.0064,0.0186,0.0000,0.0092,0.0280,0.0017,126.5404,116.3868,0.0000,0.0000,-1.391792,0.543407,-0.079528,-0.001573,-0.000149,-0.013479,-1.393128,0.556087,-0.200000,0.000000,0.000000,0.000000,-1.391798,0.543699,-0.077048,1.0000,1.0000,1.0000,1.660,4.810,0.340,5.000,3.000,8.000,1.500,0.060,0.110,384576786,1356381809,384576027,3172,1000,1506,1504,1505,1000,1000,2008,1505,1505,1074,2008,1625,1256,1000,1000
-0.0047,-0.0085,-0.6712,0.0006,-0.0218,3.1223,0.0063,-0.0042,-3.1481,0.0000,-0.0800,0.0537,-9.8315,0.0003,0.0031,0.0026,-0.1001,0.0533,-9.8207,0.0027,-0.0033,-0.0013,-0.0497,-0.3701,-10.0051,0.0041,0.0039,0.0021,-0.1833,-0.7199,-10.0455,-0.0107,-0.0149,-0.0130,0.0000,0.0092,0.0282,0.0018,126.5588,117.1935,0.0000,0.0000,-1.391807,0.543405,-0.079651,-0.001718,-0.000180,-0.013762,-1.393128,0.556087,-0.200000,0.000000,0.000000,0.000000,-1.391798,0.543699,-0.077048,1.0000,1.0000,1.0000,1.660,4.810,0.340,5.000,3.000,8.000,1.500,0.060,0.110,384587286,1356381809,384585027,3172,1000,1506,1504,1505,1000,1000,2008,1505,1505,1074,2008,1625,1256,1000,1000
-0.0045,-0.0085,-0.6712,0.0006,-0.0218,3.1223,0.0063,-0.0042,-3.1481,0.0000,-0.0592,0.0365,-9.8454,0.0010,0.0042,0.0026,-0.0718,0.0441,-9.8242,0.0033,0.0024,-0.0025,-0.0354,0.0513,-9.6962,0.0001,-0.0009,-0.0003,-0.4994,-0.0411,-9.7241,-0.0037,-0.0085,0.0032,0.0000,0.0092,0.0279,0.0018,126.1788,116.3960,0.0000,0.0000,-1.391827,0.543402,-0.079818,-0.001732,-0.000223,-0.014118,-1.393128,0.556087,-0.200000,0.000000,0.000000,0.000000,-1.391798,0.543699,-0.077048,1.0000,1.0000,1.0000,1.660,4.810,0.340,5.000,3.000,8.000,1.500,0.060,0.110,384597786,1356381809,384597027,3172,1000,1506,1504,1505,1000,1000,2008,1505,1505,1074,2008,1625,1256,1000,1000
-0.0040,-0.0082,-0.6712,0.0006,-0.0218,3.1224,0.0063,-0.0042,-3.1481,0.0000,-0.0863,0.0190,-9.8975,0.0016,0.0034,0.0020,-0.0792,0.0156,-9.8451,0.0011,-0.0044,-0.0040,0.0628,0.3218,-9.8063,-0.0033,-0.0036,0.0008,-0.2157,0.2893,-9.6038,0.0112,-0.0181,0.0003,0.0000,0.0090,0.0283,0.0018,126.4556,117.7550,0.0000,0.0000,-1.391843,0.543401,-0.079946,-0.001786,-0.000173,-0.014496,-1.393128,0.556087,-0.200000,0.000000,0.000000,0.000000,-1.391798,0.543699,-0.077048,1.0000,1.0000,1.0000,1.660,4.810,0.340,5.000,3.000,8.000,1.500,0.060,0.110,384608286,1356381809,384606027,3172,1000,1506,1504,1505,1000,1000,2008,1505,1505,1074,2008,1625,1256,1000,1000
-0.0043,-0.0076,-0.6712,0.0005,-0.0220,3.1224,0.0063,-0.0042,-3.1481,0.0000,-0.0668,0.0575,-9.8777,0.0006,0.0043,0.0031,-0.1314,0.0158,-9.8301,0.0015,0.0022,-0.0016,0.1274,0.3865,-9.9237,0.0020,0.0041,0.0043,-0.0002,0.6539,-9.6756,0.0067,0.0093,0.0045,0.0000,0.0092,0.0280,0.0017,126.6853,116.0859,0.0000,0.0000,-1.392157,0.543608,-0.079164,-0.003112,0.000447,-0.012834,-1.393128,0.556087,-0.200000,0.000000,0.000000,0.000000,-1.392398,0.543782,-0.077782,1.0000,1.0000,1.0000,1.660,4.810,0.340,5.000,3.000,8.000,1.500,0.060,0.110,384618333,1356513881,384618027,3173,1000,1506,1504,1505,1000,1000,2008,1505,1505,1074,2008,1625,1256,1000,1000
-0.0049,-0.0072,-0.6711,0.0005,-0.0220,3.1224,0.0063,-0.0042,-3.1481,0.0000,-0.0562,0.0631,-9.8306,0.0011,0.0029,0.0031,-0.0496,0.0223,-9.8396,0.0032,0.0001,-0.0004,-0.3155,0.0824,-10.2134,-0.0012,0.0116,0.0000,-0.0576,-0.3051,-9.9414,0.0000,0.0064,-0.0048,0.0000,0.0096,0.0280,0.0018,126.8574,115.9634,0.0000,0.0000,-1.392186,0.543611,-0.079281,-0.003375,0.000204,-0.013121,-1.393128,0.556087,-0.200000,0.000000,0.000000,0.000000,-1.392398,0.543782,-0.077782,1.0000,1.0000,1.0000,1.660,4.810,0.340,5.000,3.000,8.000,1.500,0.060,0.110,384628833,1356513881,384627074,3173,1000,1506,1504,1505,1000,1000,2008,1505,1505,1074,2008,1625,1256,1000,1000
-0.0046,-0.0075,-0.6711,0.0005,-0.0219,3.1225,0.0063,-0.0042,-3.1481,0.0000,-0.0632,0.0363,-9.8871,0.0014,0.0035,0.0037,-0.0896,0.0361,-9.8168,0.0038,-0.0020,-0.0017,-0.2484,-0.0493,-9.8303,0.0007,0.0044,0.0024,-0.4976,-0.1614,-9.8911,0.0173,-0.0083,-0.0013,0.0000,0.0094,0.0279,0.0016,127.2220,115.2248,0.0000,0.0000,-1.392227,0.543613,-0.079442,-0.003452,0.000150,-0.013661,-1.393128,0.556087,-0.200000,0.000000,0.000000,0.000000,-1.392398,0.543782,-0.077782,1.0000,1.0000,1.0000,1.660,4.810,0.340,5.000,3.000,8.000,1.500,0.060,0.110,384639333,1356513881,384639074,3173,1000,1506,1504,1505,1000,1000,2008,1505,1505,1074,2008,1625,1256,1000,1000
-0.0041,-0.0081,-0.6711,0.0005,-0.0219,3.1225,0.0063,-0.0042,-3.1481,0.0000,-0.0929,0.0407,-9.8508,0.0016,0.0030,0.0035,-0.0648,0.0362,-9.8057,0.0026,-0.0036,-0.0016,0.0389,0.3314,-9.5071,0.0009,-0.0033,0.0043,-0.2336,0.2660,-9.7151,-0.0005,0.0146,-0.0178,0.0000,0.0093,0.0286,0.0016,128.5556,117.0867,0.0000,0.0000,-1.392257,0.543615,-0.079566,-0.003329,0.000254,-0.013974,-1.393128,0.556087,-0.200000,0.000000,0.000000,0.000000,-1.392398,0.543782,-0.077782,1.0000,1.0000,1.0000,1.660,4.810,0.340,5.000,3.000,8.000,1.500,0.060,0.110,384649833,1356513881,384648074,3173,1000,1506,1504,1505,1000,1000,2008,1505,1505,1074,2008,1625,1256,1000,1000
-0.0040,-0.0082,-0.6710,0.0005,-0.0219,3.1226,0.0063,-0.0042,-3.1481,0.0000,-0.1023,0.0127,-9.9127,0.0009,0.0050,0.0029,-0.1412,0.0779,-9.8422,0.0018,0.0009,-0.0066,-0.1048,0.0178,-9.6004,-0.0009,0.0033,0.0064,0.2189,0.5964,-9.7295,0.0059,-0.0083,0.0040,0.0000,0.0093,0.0278,0.0017,126.4958,115.4703,0.0000,0.0000,-1.392297,0.543616,-0.079736,-0.003271,0.000197,-0.014525,-1.393128,0.556087,-0.200000,0.000000,0.000000,0.000000,-1.392398,0.543782,-0.077782,1.0000,1.0000,1.0000,1.660,4.810,0.340,5.000,3.000,8.000,1.500,0.060,0.110,384660333,1356513881,384660074,3173,1000,1506,1504,1505,1000,1000,2008,1505,1505,1074,2008,1625,1256,1000,1000
-0.0036,-0.0086,-0.6710,0.0005,-0.0219,3.1226,0.0063,-0.0042,-3.1481,0.0000,-0.1120,0.0416,-9.8345,0.0019,0.0038,0.0024,-0.1041,0.0155,-9.8261,0.0031,-0.0002,-0.0010,-0.1886,-0.0110,-10.1918,-0.0001,0.0135,0.0032,0.3554,-0.2189,-9.8336,0.0213,0.0088,0.0099,0.0000,0.0090,0.0282,0.0017,126.7517,117.1292,0.0000,0.0000,-1.392326,0.543619,-0.079868,-0.003156,0.000294,-0.014781,-1.393128,0.556087,-0.200000,0.000000,0.000000,0.000000,-1.392398,0.543782,-0.077782,1.0000,1.0000,1.0000,1.660,4.810,0.340,5.000,3.000,8.000,1.500,0.060,0.110,384670833,1356513881,384669074,3173,1000,1506,1504,1505,1000,1000,2008,1505,1505,1074,2008,1625,1256,1000,1000
-0.0038,-0.0083,-0.6710,0.0005,-0.0219,3.1227,0.0063,-0.0042,-3.1481,0.0000,-0.0481,0.0219,-9.8714,0.0004,0.0023,0.0030,-0.0966,-0.0121,-9.8109,0.0004,-0.0029,-0.0040,-0.2748,0.0585,-10.3211,-0.0009,0.0063,0.0008,-0.1582,0.1349,-10.1479,0.0059,-0.0005,0.0056,0.0000,0.0094,0.0285,0.0017,128.3617,116.7953,0.0000,0.0000,-1.392364,0.543622,-0.080048,-0.003265,0.000312,-0.015290,-1.393128,0.556087,-0.200000,0.000000,0.000000,0.000000,-1.392398,0.543782,-0.077782,1.0000,1.0000,1.0000,1.660,4.810,0.340,5.000,3.000,8.000,1.500,0.060,0.110,384681333,1356513881,384681074,3173,1000,1506,1504,1505,1000,1000,2008,1505,1505,1074,2008,1625,1256,1000,1000
-0.0032,-0.0080,-0.6710,0.0005,-0.0219,3.1227,0.0063,-0.0042,-3.1481,0.0000,-0.0566,0.0202,-9.8722,0.0010,0.0031,0.0015,-0.0372,0.0656,-9.8271,0.0029,-0.0019,-0.0022,-0.1982,0.1494,-9.7992,0.0025,0.0055,0.0029,-0.0846,0.0379,-9.7851,0.0056,0.0197,-0.0021,0.0000,0.0091,0.0284,0.0018,126.7043,118.0357,0.0000,0.0000,-1.392394,0.543626,-0.080190,-0.003384,0.000521,-0.016054,-1.393128,0.556087,-0.200000,0.000000,0.000000,0.000000,-1.392398,0.543782,-0.077782,1.0000,1.0000,1.0000,1.660,4.810,0.340,5.000,3.000,8.000,1.500,0.060,0.110,384691833,1356513881,384690074,3173,1000,1506,1504,1505,1000,1000,2008,1505,1505,1074,2008,1625,1256,1000,1000
-0.0028,-0.0078,-0.6709,0.0005,-0.0219,3.1228,0.0063,-0.0042,-3.1481,0.0000,-0.0915,0.0332,-9.8782,0.0016,0.0048,0.0032,-0.1166,0.0149,-9.8261,0.0019,0.0013,0.0014,-0.1407,0.1686,-9.6148,-0.0044,0.0023,0.0053,0.2225,0.5497,-9.8695,0.0048,-0.0083,-0.0128,0.0000,0.0091,0.0282,0.0017,127.0501,116.6235,0.0000,0.0000,-1.392436,0.543634,-0.080385,-0.003479,0.000738,-0.016548,-1.393128,0.556087,-0.200000,0.000000,0.000000,0.000000,-1.392398,0.543782,-0.077782,1.0000,1.0000,1.0000,1.660,4.810,0.340,5.000,3.000,8.000,1.500,0.060,0.110,384702333,1356513881,384702090,3173,1000,1506,1504,1505,1000,1000,2008,1505,1505,1074,2008,1625,1256,1000,1000
-0.0035,-0.0078,-0.6709,0.0005,-0.0219,3.1228,0.0063,-0.0042,-3.1481,0.0000,-0.0788,0.0383,-9.8444,0.0012,0.0024,0.0039,-0.0810,0.0849,-9.8505,0.0021,0.0035,0.0016,-0.0354,0.0920,-9.8973,0.0025,0.0017,0.0051,0.1166,0.1026,-9.6415,0.0072,0.0013,-0.0101,0.0000,0.0094,0.0284,0.0015,128.8570,115.4704,0.0000,0.0000,-1.392467,0.543640,-0.080534,-0.003558,0.000594,-0.016587,-1.393128,0.556087,-0.200000,0.000000,0.000000,0.000000,-1.392398,0.543782,-0.077782,1.0000,1.0000,1.0000,1.660,4.810,0.340,5.000,3.000,8.000,1.500,0.060,0.110,384712833,1356513881,384711074,3173,1000,1506,1504,1505,1000,1000,2008,1505,1505,1074,2008,1625,1256,1000,1000
-0.0035,-0.0079,-0.6709,0.0005,-0.0219,3.1229,0.0063,-0.0042,-3.1481,0.0000,-0.0786,0.0499,-9.8164,0.0012,0.0011,0.0043,-0.0807,0.0122,-9.7993,0.0023,0.0014,-0.0011,-0.3059,-0.0876,-10.0314,-0.0020,0.0095,-0.0003,-0.2031,-0.3392,-10.0473,0.0059,-0.0165,-0.0107,0.0000,0.0089,0.0285,0.0015,128.4362,116.6197,0.0000,0.0000,-1.392510,0.543648,-0.080734,-0.003601,0.000646,-0.016648,-1.393128,0.556087,-0.200000,0.000000,0.000000,0.000000,-1.392398,0.543782,-0.077782,1.0000,1.0000,1.0000,1.660,4.810,0.340,5.000,3.000,8.000,1.500,0.060,0.110,384723333,1356513881,384723074,3173,1000,1506,1504,1505,1000,1000,2008,1505,1505,1074,2008,1625,1256,1000,1000
-0.0041,-0.0078,-0.6708,0.0005,-0.0219,3.1229,0.0063,-0.0042,-3.1481,0.0000,-0.0592,0.0547,-9.8536,-0.0002,0.0037,0.0032,-0.0889,0.0453,-9.8191,0.0018,0.0014,-0.0008,-0.2125,0.2763,-10.0553,0.0028,0.0036,0.0027,-0.4922,-0.2386,-9.9845,-0.0003,0.0184,0.0059,0.0000,0.0095,0.0281,0.0017,127.5761,115.7640,0.0000,0.0000,-1.392543,0.543653,-0.080885,-0.003726,0.000441,-0.016981,-1.393128,0.556087,-0.200000,0.000000,0.000000,0.000000,-1.392398,0.543782,-0.077782,1.0000,1.0000,1.0000,1.660,4.810,0.340,5.000,3.000,8.000,1.500,0.060,0.110,384733833,1356513881,384732074,3173,1000,1506,1504,1505,1000,1000,2008,1505,1505,1074,2008,1625,1256,1000,1000
-0.0037,-0.0080,-0.6708,0.0005,-0.0219,3.1230,0.0063,-0.0042,-3.1481,0.0000,-0.1053,0.0148,-9.8843,0.0021,0.0041,0.0042,-0.0679,-0.0110,-9.8149,0.0028,0.0038,-0.0031,0.0484,0.3386,-9.6914,-0.0004,-0.0039,0.0021,-0.2354,0.7059,-9.8552,-0.0136,-0.0072,-0.0069,0.0000,0.0091,0.0286,0.0016,128.4737,116.8113,0.0000,0.0000,-1.392588,0.543658,-0.081091,-0.003683,0.000596,-0.017423,-1.393128,0.556087,-0.200000,0.000000,0.000000,0.000000,-1.392398,0.543782,-0.077782,1.0000,1.0000,1.0000,1.660,4.810,0.340,5.000,3.000,8.000,1.500,0.060,0.110,384744333,1356513881,384744074,3173,1000,1506,1504,1505,1000,1000,2008,1505,1505,1074,2008,1625,1256,1000,1000
-0.0033,-0.0086,-0.6708,0.0006,-0.0219,3.1230,0.0063,-0.0042,-3.1481,0.0000,-0.1038,-0.0020,-9.9080,0.0011,0.0036,0.0023,-0.1192,0.0472,-9.8714,0.0057,-0.0028,-0.0038,0.0006,0.0800,-9.5597,-0.0015,-0.0007,0.0021,0.4290,0.2372,-9.5427,-0.0160,0.0128,0.0061,0.0000,0.0087,0.0282,0.0017,126.7484,117.2859,0.0000,0.0000,-1.392620,0.543664,-0.081250,-0.003463,0.000720,-0.017790,-1.393128,0.556087,-0.200000,0.000000,0.000000,0.000000,-1.392398,0.543782,-0.077782,1.0000,1.0000,1.0000,1.660,4.810,0.340,5.000,3.000,8.000,1.500,0.060,0.110,384754833,1356513881,384753074,3173,1000,1506,1504,1505,1000,1000,2008,1505,1505,1074,2008,1625,1256,1000,1000
-0.0032,-0.0082,-0.6707,0.0006,-0.0219,3.1230,0.0063,-0.0042,-3.1481,0.0000,-0.0804,0.0454,-9.8609,0.0010,0.0030,0.0030,-0.0991,0.0401,-9.8294,0.0030,0.0026,-0.0014,0.0221,-0.0708,-10.0745,0.0036,0.0052,0.0043,0.0196,-0.0501,-9.9485,-0.0008,-0.0029,-0.0088,0.0000,0.0091,0.0285,0.0016,128.0723,116.7799,0.0000,0.0000,-1.392663,0.543674,-0.081467,-0.003627,0.000808,-0.018416,-1.393128,0.556087,-0.200000,0.000000,0.000000,0.000000,-1.392398,0.543782,-0.077782,1.0000,1.0000,1.0000,1.660,4.810,0.340,5.000,3.000,8.000,1.500,0.060,0.110,384765333,1356513881,384765074,3173,1000,1506,1504,1505,1000,1000,2008,1505,1505,1074,2008,1625,1256,1000,1000
-0.0033,-0.0077,-0.6707,0.0006,-0.0219,3.1231,0.0063,-0.0042,-3.1481,0.0000,-0.0417,0.0499,-9.8806,0.0007,0.0028,0.0026,-0.0715,0.0610,-9.8269,0.0014,0.0002,-0.0018,-0.2867,-0.1187,-10.0529,0.0049,0.0025,0.0013,0.0950,-0.3643,-9.9270,0.0032,0.0003,-0.0024,0.0000,0.0093,0.0285,0.0017,128.0956,116.8552,0.0000,0.0000,-1.392696,0.543681,-0.081635,-0.003795,0.000827,-0.018944,-1.393128,0.556087,-0.200000,0.000000,0.000000,0.000000,-1.392398,0.543782,-0.077782,1.0000,1.0000,1.0000,1.660,4.810,0.340,5.000,3.000,8.000,1.500,0.060,0.110,384775833,1356513881,384774074,3173,1000,1506,1504,1505,1000,1000,2008,1505,1505,1074,2008,1625,1256,1000,1000
-0.0035,-0.0070,-0.6707,0.0006,-0.0219,3.1231,0.0063,-0.0042,-3.1481,0.0000,-0.0451,0.0386,-9.8127,0.0000,0.0040,0.0042,-0.0187,0.0862,-9.8298,0.0033,0.0044,-0.0001,0.1490,0.3649,-9.7776,0.0001,0.0041,0.0035,-0.2570,-0.0195,-9.7977,0.0173,0.0091,-0.0256,0.0000,0.0094,0.0279,0.0015,127.8665,114.5390,0.0000,0.0000,-1.392745,0.543691,-0.081867,-0.004277,0.000781,-0.019420,-1.393128,0.556087,-0.200000,0.000000,0.000000,0.000000,-1.392398,0.543782,-0.077782,1.0000,1.0000,1.0000,1.660,4.810,0.340,5.000,3.000,8.000,1.500,0.060,0.110,384786333,1356513881,384786074,3173,1000,1506,1504,1505,1000,1000,2008,1505,1505,1074,2008,1625,1256,1000,1000
-0.0039,-0.0068,-0.6706,0.0006,-0.0219,3.1232,0.0063,-0.0042,-3.1481,0.0000,-0.0811,0.0650,-9.8873,0.0014,0.0032,0.0038,-0.0692,0.0245,-9.8398,0.0050,0.0035,-0.0024,-0.0617,-0.1594,-9.7082,-0.0015,0.0007,0.0043,0.2081,0.9071,-9.8139,-0.0037,-0.0115,-0.0125,0.0000,0.0091,0.0286,0.0015,128.9402,116.3560,0.0000,0.0000,-1.392784,0.543697,-0.082042,-0.004470,0.000655,-0.019442,-1.393128,0.556087,-0.200000,0.000000,0.000000,0.000000,-1.392398,0.543782,-0.077782,1.0000,1.0000,1.0000,1.660,4.810,0.340,5.000,3.000,8.000,1.500,0.060,0.110,384796833,1356513881,384795085,3173,1000,1506,1504,1505,1000,1000,2008,1505,1505,1074,2008,1625,1256,1000,1000
-0.0045,-0.0071,-0.6706,0.0006,-0.0219,3.1232,0.0063,-0.0042,-3.1481,0.0000,-0.1124,0.0526,-9.8847,0.0015,0.0027,0.0033,-0.0758,0.0894,-9.8782,0.0002,-0.0005,0.0004,-0.1287,0.0130,-9.9620,0.0023,0.0055,0.0016,-0.0002,-0.1596,-9.4799,0.0083,-0.0043,-0.0176,0.0000,0.0091,0.0287,0.0015,128.8210,116.9448,0.0000,0.0000,-1.392838,0.543701,-0.082279,-0.004461,0.000051,-0.020178,-1.393128,0.556087,-0.200000,0.000000,0.000000,0.000000,-1.392398,0.543782,-0.077782,1.0000,1.0000,1.0000,1.660,4.810,0.340,5.000,3.000,8.000,1.500,0.060,0.110,384807333,1356513881,384807075,3173,1000,1506,1504,1505,1000,1000,2008,1505,1505,1074,2008,1625,1256,1000,1000
-0.0042,-0.0070,-0.6705,0.0007,-0.0218,3.1233,0.0063,-0.0042,-3.1481,0.0000,-0.0471,0.0616,-9.8219,0.0001,0.0023,0.0025,-0.1008,0.0282,-9.8139,0.0011,-0.0011,-0.0037,-0.2796,-0.2001,-9.9620,0.0023,0.0025,0.0013,-0.0253,0.3665,-10.0635,0.0152,0.0075,0.0064,0.0000,0.0091,0.0284,0.0016,128.0383,116.3510,0.0000,0.0000,-1.392518,0.543504,-0.080095,-0.003401,-0.000652,-0.014987,-1.393128,0.556087,-0.200000,0.000000,0.000000,0.000000,-1.392358,0.543425,-0.077816,1.0000,1.0000,1.0000,1.660,4.810,0.340,5.000,3.000,8.000,1.500,0.060,0.110,384817380,1356613955,384816123,3174,1000,1506,1504,1505,1000,1000,2008,1505,1505,1074,2008,1625,1256,1000,1000
-0.0043,-0.0071,-0.6705,0.0007,-0.0217,3.1233,0.0063,-0.0042,-3.1481,0.0000,-0.0759,0.0366,-9.8803,0.0008,0.0044,0.0028,-0.0761,0.0454,-9.8113,0.0010,0.0006,-0.0035,0.3094,0.2165,-9.7130,0.0012,-0.0028,0.0056,-0.2605,0.5246,-10.0760,0.0096,-0.0170,-0.0096,0.0000,0.0091,0.0277,0.0016,126.4107,114.9806,0.0000,0.0000,-1.392476,0.543513,-0.079396,-0.003222,-0.000685,-0.013278,-1.393128,0.556087,-0.200000,0.000000,0.000000,0.000000,-1.392360,0.543536,-0.077755,1.0000,1.0000,1.0000,1.660,4.810,0.340,5.000,3.000,8.000,1.500,0.060,0.110,384827425,1356714406,384825166,3175,1000,1506,1504,1505,1000,1000,2008,1505,1505,1074,2008,1625,1256,1000,1000
-0.0042,-0.0075,-0.6705,0.0007,-0.0217,3.1234,0.0063,-0.0042,-3.1481,0.0000,-0.1098,0.0214,-9.8871,0.0017,0.0032,0.0036,-0.1376,0.0173,-9.8274,0.0002,-0.0006,-0.0018,-0.1599,0.0896,-9.5502,-0.0055,-0.0036,0.0032,0.4901,0.2444,-9.6846,-0.0019,-0.0146,-0.0125,0.0000,0.0088,0.0283,0.0015,127.8714,116.4731,0.0000,0.0000,-1.392515,0.543504,-0.079559,-0.003148,-0.000732,-0.013911,-1.393128,0.556087,-0.200000,0.000000,0.000000,0.000000,-1.392360,0.543536,-0.077755,1.0000,1.0000,1.0000,1.660,4.810,0.340,5.000,3.000,8.000,1.500,0.060,0.110,384837925,1356714406,384837166,3175,1000,1506,1504,1505,1000,1000,2008,1505,1505,1074,2008,1625,1256,1000,1000
-0.0043,-0.0068,-0.6705,0.0007,-0.0217,3.1234,0.0063,-0.0042,-3.1481,0.0000,-0.0643,0.0498,-9.8820,0.0007,0.0040,0.0029,-0.0722,0.0391,-9.8328,0.0025,0.0018,-0.0059,-0.0306,0.1542,-9.9691,-0.0004,0.0060,0.0032,-0.0091,0.0146,-9.7600,0.0053,0.0024,-0.0005,0.0000,0.0091,0.0277,0.0016,126.6869,114.9943,0.0000,0.0000,-1.392545,0.543497,-0.079688,-0.003566,-0.000821,-0.014611,-1.393128,0.556087,-0.200000,0.000000,0.000000,0.000000,-1.392360,0.543536,-0.077755,1.0000,1.0000,1.0000,1.660,4.810,0.340,5.000,3.000,8.000,1.500,0.060,0.110,384848425,1356714406,384846166,3175,1000,1506,1504,1505,1000,1000,2008,1505,1505,1074,2008,1625,1256,1000,1000
-0.0046,-0.0069,-0.6704,0.0007,-0.0217,3.1234,0.0063,-0.0042,-3.1481,0.0000,-0.0571,0.0507,-9.8074,0.0009,0.0031,0.0022,-0.0518,0.0552,-9.8215,0.0020,-0.0012,-0.0022,-0.2724,-0.1738,-10.0625,0.0020,0.0071,0.0021,-0.3216,0.3917,-10.0760,0.0051,-0.0032,0.0043,0.0000,0.0088,0.0278,0.0017,126.0401,116.1427,0.0000,0.0000,-1.392589,0.543486,-0.079865,-0.003717,-0.001035,-0.014835,-1.393128,0.556087,-0.200000,0.000000,0.000000,0.000000,-1.392360,0.543536,-0.077755,1.0000,1.0000,1.0000,1.660,4.810,0.340,5.000,3.000,8.000,1.500,0.060,0.110,384858925,1356714406,384858166,3175,1000,1506,1504,1505,1000,1000,2008,1505,1505,1074,2008,1625,1256,1000,1000
-0.0051,-0.0067,-0.6704,0.0007,-0.0217,3.1235,0.0063,-0.0042,-3.1481,0.0000,-0.0421,0.0767,-9.8900,0.0024,0.0022,0.0015,-0.0470,0.0471,-9.8004,-0.0001,-0.0054,-0.0039,-0.0282,0.1255,-9.8758,0.0009,0.0060,0.0021,-0.2210,0.2714,-9.8210,0.0152,-0.0032,-0.0035,0.0000,0.0086,0.0281,0.0017,126.1489,117.1592,0.0000,0.0000,-1.392623,0.543476,-0.080000,-0.003882,-0.001237,-0.015145,-1.393128,0.556087,-0.200000,0.000000,0.000000,0.000000,-1.392360,0.543536,-0.077755,1.0000,1.0000,1.0000,1.660,4.810,0.340,5.000,3.000,8.000,1.500,0.060,0.110,384869425,1356714406,384867166,3175,1000,1506,1504,1505,1000,1000,2008,1505,1505,1074,2008,1625,1256,1000,1000
-0.0055,-0.0070,-0.6704,0.0007,-0.0217,3.1235,0.0063,-0.0042,-3.1481,0.0000,-0.0997,0.0231,-9.9008,0.0020,0.0039,0.0025,-0.0746,0.0481,-9.8743,0.0026,0.0008,-0.0057,0.0580,0.3793,-9.4616,0.0012,-0.0007,-0.0003,-0.0020,-0.3930,-9.6092,-0.0021,-0.0083,0.0138,0.0000,0.0086,0.0280,0.0016,126.5825,116.3706,0.0000,0.0000,-1.392671,0.543458,-0.080186,-0.004006,-0.001549,-0.015937,-1.393128,0.556087,-0.200000,0.000000,0.000000,0.000000,-1.392360,0.543536,-0.077755,1.0000,1.0000,1.0000,1.660,4.810,0.340,5.000,3.000,8.000,1.500,0.060,0.110,384879925,1356714406,384879166,3175,1000,1506,1504,1505,1000,1000,2008,1505,1505,1074,2008,1625,1256,1000,1000
-0.0047,-0.0073,-0.6704,0.0008,-0.0217,3.1235,0.0063,-0.0042,-3.1481,0.0000,-0.0998,0.0222,-9.8749,0.0015,0.0053,0.0030,-0.1195,0.0554,-9.8543,0.0009,0.0006,-0.0016,-0.0018,0.0992,-9.7680,0.0028,0.0020,0.0069,0.1130,0.0164,-9.5894,0.0037,-0.0173,0.0181,0.0000,0.0087,0.0273,0.0016,125.2916,114.4521,0.0000,0.0000,-1.392707,0.543446,-0.080331,-0.003869,-0.001257,-0.016266,-1.393128,0.556087,-0.200000,0.000000,0.000000,0.000000,-1.392360,0.543536,-0.077755,1.0000,1.0000,1.0000,1.660,4.810,0.340,5.000,3.000,8.000,1.500,0.060,0.110,384890425,1356714406,384888166,3175,1000,1506,1504,1505,1000,1000,2008,1505,1505,1074,2008,1625,1256,1000,1000
-0.0052,-0.0074,-0.6703,0.0008,-0.0217,3.1236,0.0063,-0.0042,-3.1481,0.0000,-0.1025,0.0785,-9.8276,0.0021,0.0025,0.0035,-0.1200,0.0483,-9.8189,0.0017,-0.0010,-0.0032,0.0772,-0.2600,-10.0314,-0.0001,0.0063,-0.0011,0.0232,-0.7432,-9.9773,-0.0064,0.0091,-0.0133,0.0000,0.0085,0.0282,0.0015,127.2596,116.4640,0.0000,0.0000,-1.392753,0.543429,-0.080528,-0.003907,-0.001589,-0.016507,-1.393128,0.556087,-0.200000,0.000000,0.000000,0.000000,-1.392360,0.543536,-0.077755,1.0000,1.0000,1.0000,1.660,4.810,0.340,5.000,3.000,8.000,1.500,0.060,0.110,384900925,1356714406,384900166,3175,1000,1506,1504,1505,1000,1000,2008,1505,1505,1074,2008,1625,1256,1000,1000
-0.0048,-0.0078,-0.6703,0.0008,-0.0217,3.1236,0.0063,-0.0042,-3.1481,0.0000,-0.0434,0.0405,-9.8149,0.0008,0.0024,0.0024,-0.0767,0.0557,-9.8190,0.0018,0.0006,-0.0042,-0.2101,0.0824,-10.1343,0.0044,0.0108,0.0027,-0.4347,0.1888,-9.9773,0.0072,0.0056,-0.0093,0.0000,0.0089,0.0282,0.0016,127.1751,116.4679,0.0000,0.0000,-1.392788,0.543415,-0.080678,-0.003814,-0.001616,-0.016692,-1.393128,0.556087,-0.200000,0.000000,0.000000,0.000000,-1.392360,0.543536,-0.077755,1.0000,1.0000,1.0000,1.660,4.810,0.340,5.000,3.000,8.000,1.500,0.060,0.110,384911425,1356714406,384909166,3175,1000,1506,1504,1505,1000,1000,2008,1505,1505,1074,2008,1625,1256,1000,1000
-0.0046,-0.0080,-0.6703,0.0008,-0.0217,3.1237,0.0063,-0.0042,-3.1481,0.0000,-0.0724,0.0435,-9.8815,0.0003,0.0028,0.0022,-0.0897,0.0073,-9.8345,0.0014,-0.0012,-0.0021,-0.1287,-0.0014,-9.8518,-0.0023,0.0065,0.0021,-0.2103,0.3001,-9.9719,0.0051,-0.0162,-0.0128,0.0000,0.0089,0.0281,0.0016,127.1081,116.0864,0.0000,0.0000,-1.392834,0.543395,-0.080879,-0.003844,-0.001692,-0.016974,-1.393128,0.556087,-0.200000,0.000000,0.000000,0.000000,-1.392360,0.543536,-0.077755,1.0000,1.0000,1.0000,1.660,4.810,0.340,5.000,3.000,8.000,1.500,0.060,0.110,384921925,1356714406,384921166,3175,1000,1506,1504,1505,1000,1000,2008,1505,1505,1074,2008,1625,1256,1000,1000
-0.0043,-0.0075,-0.6703,0.0008,-0.0217,3.1237,0.0063,-0.0042,-3.1481,0.0000,-0.0733,0.0263,-9.8783,0.0019,0.0040,0.0033,-0.0946,0.0361,-9.8231,0.0007,-0.0027,-0.0029,-0.1886,0.0728,-9.7776,0.0033,0.0020,0.0051,0.3715,0.2947,-9.4601,0.0040,-0.0125,-0.0069,0.0000,0.0086,0.0277,0.0015,126.2427,115.5272,0.0000,0.0000,-1.392870,0.543379,-0.081033,-0.004007,-0.001771,-0.017176,-1.393128,0.556087,-0.200000,0.000000,0.000000,0.000000,-1.392360,0.543536,-0.077755,1.0000,1.0000,1.0000,1.660,4.810,0.340,5.000,3.000,8.000,1.500,0.060,0.110,384932425,1356714406,384930166,3175,1000,1506,1504,1505,1000,1000,2008,1505,1505,1074,2008,1625,1256,1000,1000
-0.0040,-0.0068,-0.6702,0.0008,-0.0217,3.1238,0.0063,-0.0042,-3.1481,0.0000,-0.0508,0.0423,-9.8572,0.0016,0.0030,0.0026,-0.0522,0.0025,-9.8150,0.0013,-0.0056,-0.0019,0.3597,-0.1139,-9.9452,0.0015,0.0028,0.0064,0.0968,0.1511,-9.8372,0.0048,-0.0011,-0.0101,0.0000,0.0085,0.0283,0.0015,127.1623,117.0031,0.0000,0.0000,-1.392920,0.543359,-0.081243,-0.004482,-0.001692,-0.017769,-1.393128,0.556087,-0.200000,0.000000,0.000000,0.000000,-1.392360,0.543536,-0.077755,1.0000,1.0000,1.0000,1.660,4.810,0.340,5.000,3.000,8.000,1.500,0.060,0.110,384942925,1356714406,384942166,3175,1000,1506,1504,1505,1000,1000,2008,1505,1505,1074,2008,1625,1256,1000,1000
-0.0042,-0.0063,-0.6702,0.0008,-0.0217,3.1238,0.0063,-0.0042,-3.1481,0.0000,-0.0567,0.0481,-9.8897,0.0017,0.0049,0.0028,-0.1090,0.0465,-9.8263,0.0020,0.0011,-0.0032,-0.0904,-0.1331,-9.8422,0.0052,0.0039,-0.0003,-0.5263,0.4204,-9.8893,0.0019,-0.0168,-0.0061,0.0000,0.0085,0.0276,0.0015,125.9729,115.2230,0.0000,0.0000,-1.392962,0.543343,-0.081404,-0.004763,-0.001772,-0.018174,-1.393128,0.556087,-0.200000,0.000000,0.000000,0.000000,-1.392360,0.543536,-0.077755,1.0000,1.0000,1.0000,1.660,4.810,0.340,5.000,3.000,8.000,1.500,0.060,0.110,384953425,1356714406,384951166,3175,1000,1506,1504,1505,1000,1000,2008,1505,1505,1074,2008,1625,1256,1000,1000
-0.0045,-0.0068,-0.6702,0.0008,-0.0217,3.1238,0.0063,-0.0042,-3.1481,0.0000,-0.0697,0.0454,-9.8483,0.0014,0.0038,0.0024,-0.0572,0.0582,-9.8010,0.0007,-0.0047,-0.0016,-0.1263,0.0800,-10.0817,0.0028,0.0017,0.0056,-0.1833,0.0254,-10.0886,0.0019,0.0029,0.0011,0.0000,0.0083,0.0275,0.0016,125.0699,115.7591,0.0000,0.0000,-1.393020,0.543321,-0.081627,-0.004907,-0.001964,-0.018792,-1.393128,0.556087,-0.200000,0.000000,0.000000,0.000000,-1.392360,0.543536,-0.077755,1.0000,1.0000,1.0000,1.660,4.810,0.340,5.000,3.000,8.000,1.500,0.060,0.110,384963925,1356714406,384963166,3175,1000,1506,1504,1505,1000,1000,2008,1505,1505,1074,2008,1625,1256,1000,1000
-0.0046,-0.0070,-0.6701,0.0009,-0.0217,3.1239,0.0063,-0.0042,-3.1481,0.0000,-0.0653,0.0218,-9.8960,0.0015,0.0027,0.0047,-0.0425,0.1122,-9.8395,0.0054,0.0056,0.0012,0.0413,-0.0349,-9.6603,0.0012,-0.0009,0.0032,-0.5191,-0.4828,-10.0168,-0.0029,-0.0112,-0.0016,0.0000,0.0084,0.0280,0.0014,127.3032,115.4262,0.0000,0.0000,-1.393065,0.543303,-0.081798,-0.004937,-0.002095,-0.019349,-1.393128,0.556087,-0.200000,0.000000,0.000000,0.000000,-1.392360,0.543536,-0.077755,1.0000,1.0000,1.0000,1.660,4.810,0.340,5.000,3.000,8.000,1.500,0.060,0.110,384974425,1356714406,384972166,3175,1000,1506,1504,1505,1000,1000,2008,1505,1505,1074,2008,1625,1256,1000,1000
-0.0040,-0.0072,-0.6701,0.0008,-0.0212,3.1240,0.0063,-0.0042,-3.1481,0.0000,-0.1248,0.0110,-9.8394,0.0019,0.0032,0.0044,-0.1118,0.0369,-9.8400,0.0033,0.0026,-0.0042,0.0987,-0.2384,-10.0434,-0.0017,0.0057,0.0021,0.3141,-0.3877,-9.7708,-0.0037,0.0019,-0.0197,0.0000,0.0082,0.0282,0.0013,127.8835,115.9173,0.0000,0.0000,-1.392348,0.543413,-0.079995,-0.001915,-0.001291,-0.014755,-1.393128,0.556087,-0.200000,0.000000,0.000000,0.000000,-1.391821,0.543508,-0.077300,1.0000,1.0000,1.0000,1.660,4.810,0.340,5.000,3.000,8.000,1.500,0.060,0.110,384984470,1356814958,384984211,3176,1000,1506,1504,1505,1000,1000,2008,1505,1505,1074,2008,1625,1256,1000,1000
-0.0036,-0.0077,-0.6701,0.0008,-0.0212,3.1240,0.0063,-0.0042,-3.1481,0.0000,-0.0752,0.0331,-9.8383,0.0003,0.0029,0.0013,-0.0966,0.0535,-9.8241,0.0038,-0.0017,-0.0021,-0.2915,0.0010,-10.0434,-0.0009,0.0081,0.0003,-0.5640,-0.1506,-9.7097,0.0013,-0.0016,-0.0245,0.0000,0.0088,0.0270,0.0015,125.1908,113.4273,0.0000,0.0000,-1.392364,0.543403,-0.080129,-0.001741,-0.001165,-0.014973,-1.393128,0.556087,-0.200000,0.000000,0.000000,0.000000,-1.391821,0.543508,-0.077300,1.0000,1.0000,1.0000,1.660,4.810,0.340,5.000,3.000,8.000,1.500,0.060,0.110,384994970,1356814958,384993211,3176,1000,1506,1504,1505,1000,1000,2008,1505,1505,1074,2008,1625,1256,1000,1000
-0.0031,-0.0077,-0.6700,0.0008,-0.0212,3.1240,0.0063,-0.0042,-3.1481,0.0000,-0.0491,0.0025,-9.8546,0.0009,0.0021,0.0012,-0.0268,0.0719,-9.8084,0.0032,0.0002,-0.0021,-0.1024,0.0704,-10.0362,0.0028,0.0092,0.0013,-0.1941,0.1959,-10.0886,-0.0032,0.0072,-0.0021,0.0000,0.0088,0.0276,0.0017,125.6235,115.4625,0.0000,0.0000,-1.392385,0.543390,-0.080312,-0.001757,-0.000949,-0.015448,-1.393128,0.556087,-0.200000,0.000000,0.000000,0.000000,-1.391821,0.543508,-0.077300,1.0000,1.0000,1.0000,1.660,4.810,0.340,5.000,3.000,8.000,1.500,0.060,0.110,385005470,1356814958,385005211,3176,1000,1506,1504,1505,1000,1000,2008,1505,1505,1074,2008,1625,1256,1000,1000
-0.0029,-0.0078,-0.6700,0.0008,-0.0212,3.1241,0.0063,-0.0042,-3.1481,0.0000,-0.0771,0.0478,-9.8727,0.0013,0.0032,0.0029,-0.0518,0.0664,-9.8046,0.0028,0.0009,-0.0039,-0.2939,0.0561,-9.5118,0.0023,-0.0028,0.0037,-0.6251,-0.1165,-9.6774,0.0170,-0.0083,-0.0064,0.0000,0.0086,0.0271,0.0015,125.2537,113.8186,0.0000,0.0000,-1.392400,0.543382,-0.080452,-0.001683,-0.000872,-0.015779,-1.393128,0.556087,-0.200000,0.000000,0.000000,0.000000,-1.391821,0.543508,-0.077300,1.0000,1.0000,1.0000,1.660,4.810,0.340,5.000,3.000,8.000,1.500,0.060,0.110,385015970,1356814958,385014211,3176,1000,1506,1504,1505,1000,1000,2008,1505,1505,1074,2008,1625,1256,1000,1000
-0.0033,-0.0075,-0.6700,0.0008,-0.0212,3.1241,0.0063,-0.0042,-3.1481,0.0000,-0.0941,0.0226,-9.9042,0.0020,0.0034,0.0026,-0.0802,0.0220,-9.8480,0.0003,-0.0032,-0.0016,0.3717,-0.0948,-9.7225,0.0015,-0.0023,0.0021,0.2961,0.1511,-9.6487,0.0013,-0.0176,0.0104,0.0000,0.0085,0.0271,0.0015,125.0850,114.0192,0.0000,0.0000,-1.392421,0.543370,-0.080643,-0.001788,-0.000946,-0.016252,-1.393128,0.556087,-0.200000,0.000000,0.000000,0.000000,-1.391821,0.543508,-0.077300,1.0000,1.0000,1.0000,1.660,4.810,0.340,5.000,3.000,8.000,1.500,0.060,0.110,385026470,1356814958,385026211,3176,1000,1506,1504,1505,1000,1000,2008,1505,1505,1074,2008,1625,1256,1000,1000
-0.0029,-0.0074,-0.6700,0.0008,-0.0212,3.1241,0.0063,-0.0042,-3.1481,0.0000,-0.0963,0.0272,-9.8700,0.0011,0.0040,0.0015,-0.0641,0.0787,-9.8180,0.0049,-0.0027,-0.0017,-0.2293,-0.1642,-9.8901,0.0012,0.0060,-0.0003,0.4434,-0.5511,-9.8929,0.0069,0.0162,-0.0104,0.0000,0.0088,0.0271,0.0016,124.7445,114.3067,0.0000,0.0000,-1.392438,0.543362,-0.080791,-0.001886,-0.000857,-0.016649,-1.393128,0.556087,-0.200000,0.000000,0.000000,0.000000,-1.391821,0.543508,-0.077300,1.0000,1.0000,1.0000,1.660,4.810,0.340,5.000,3.000,8.000,1.500,0.060,0.110,385036970,1356814958,385035211,3176,1000,1506,1504,1505,1000,1000,2008,1505,1505,1074,2008,1625,1256,1000,1000
-0.0034,-0.0078,-0.6700,0.0008,-0.0212,3.1242,0.0063,-0.0042,-3.1481,0.0000,-0.0764,0.0695,-9.8398,0.0008,0.0053,0.0035,-0.0732,0.0361,-9.8092,0.0030,-0.0017,-0.0018,-0.0713,0.2787,-10.2134,0.0044,0.0103,0.0064,-0.4653,0.2678,-9.8354,0.0067,0.0200,-0.0200,0.0000,0.0087,0.0264,0.0015,123.9465,111.6192,0.0000,0.0000,-1.392459,0.543352,-0.080994,-0.001780,-0.000974,-0.016978,-1.393128,0.556087,-0.200000,0.000000,0.000000,0.000000,-1.391821,0.543508,-0.077300,1.0000,1.0000,1.0000,1.660,4.810,0.340,5.000,3.000,8.000,1.500,0.060,0.110,385047470,1356814958,385047211,3176,1000,1506,1504,1505,1000,1000,2008,1505,1505,1074,2008,1625,1256,1000,1000
-0.0037,-0.0080,-0.6699,0.0008,-0.0212,3.1242,0.0063,-0.0042,-3.1481,0.0000,-0.0825,0.0369,-9.8707,0.0013,0.0030,0.0047,-0.0726,0.0716,-9.7918,0.0027,-0.0013,-0.0054,-0.4591,-0.0900,-9.8327,0.0009,0.0004,0.0043,0.3105,0.7347,-10.2377,0.0003,0.0130,0.0248,0.0000,0.0087,0.0271,0.0013,126.2879,112.3414,0.0000,0.0000,-1.392475,0.543342,-0.081147,-0.001676,-0.001111,-0.017257,-1.393128,0.556087,-0.200000,0.000000,0.000000,0.000000,-1.391821,0.543508,-0.077300,1.0000,1.0000,1.0000,1.660,4.810,0.340,5.000,3.000,8.000,1.500,0.060,0.110,385057970,1356814958,385056211,3176,1000,1506,1504,1505,1000,1000,2008,1505,1505,1074,2008,1625,1256,1000,1000
-0.0040,-0.0086,-0.6699,0.0009,-0.0212,3.1243,0.0063,-0.0042,-3.1481,0.0000,-0.1076,0.0472,-9.9121,0.0016,0.0035,0.0023,-0.1048,0.0308,-9.8402,0.0028,-0.0063,-0.0039,0.0963,0.0321,-9.6747,-0.0001,0.0017,0.0008,0.0250,-0.3338,-9.3524,0.0083,0.0045,0.0138,0.0000,0.0086,0.0272,0.0015,125.3757,113.7638,0.0000,0.0000,-1.392494,0.543328,-0.081358,-0.001460,-0.001264,-0.017937,-1.393128,0.556087,-0.200000,0.000000,0.000000,0.000000,-1.391821,0.543508,-0.077300,1.0000,1.0000,1.0000,1.660,4.810,0.340,5.000,3.000,8.000,1.500,0.060,0.110,385068470,1356814958,385068211,3176,1000,1506,1504,1505,1000,1000,2008,1505,1505,1074,2008,1625,1256,1000,1000
-0.0037,-0.0084,-0.6698,0.0009,-0.0212,3.1243,0.0063,-0.0042,-3.1481,0.0000,-0.0977,0.0055,-9.8660,0.0011,0.0045,0.0027,-0.1161,0.0702,-9.8254,0.0031,-0.0005,-0.0038,0.4650,0.4104,-9.7130,-0.0009,0.0052,0.0037,0.0286,-0.3715,-9.4781,0.0075,0.0053,-0.0157,0.0000,0.0087,0.0270,0.0015,125.0913,113.1684,0.0000,0.0000,-1.392507,0.543317,-0.081521,-0.001480,-0.001231,-0.018292,-1.393128,0.556087,-0.200000,0.000000,0.000000,0.000000,-1.391821,0.543508,-0.077300,1.0000,1.0000,1.0000,1.660,4.810,0.340,5.000,3.000,8.000,1.500,0.060,0.110,385078970,1356814958,385077212,3176,1000,1506,1504,1505,1000,1000,2008,1505,1505,1074,2008,1625,1256,1000,1000
-0.0038,-0.0082,-0.6698,0.0010,-0.0208,3.1244,0.0063,-0.0042,-3.1481,0.0000,-0.0824,0.0479,-9.8273,0.0024,0.0031,0.0023,-0.0934,0.0182,-9.8385,0.0005,0.0001,-0.0000,-0.2030,0.0704,-9.9596,0.0020,0.0132,0.0024,-0.1905,-0.5708,-9.7851,-0.0005,0.0021,-0.0067,0.0000,0.0079,0.0263,0.0014,122.5412,112.7598,0.0000,0.0000,-1.391888,0.543059,-0.079711,0.000926,-0.002135,-0.013686,-1.393128,0.556087,-0.200000,0.000000,0.000000,0.000000,-1.391409,0.542883,-0.076868,1.0000,1.0000,1.0000,1.660,4.810,0.340,5.000,3.000,8.000,1.500,0.060,0.110,385089019,1356947233,385086260,3177,1000,1506,1504,1505,1000,1000,2008,1505,1505,1074,2008,1625,1256,1000,1000
-0.0035,-0.0082,-0.6698,0.0010,-0.0208,3.1244,0.0063,-0.0042,-3.1481,0.0000,-0.0699,0.0418,-9.8935,0.0021,0.0045,0.0031,-0.0462,0.0420,-9.7906,0.0008,0.0002,-0.0022,-0.6435,-0.2001,-9.6866,0.0015,0.0007,0.0008,0.4542,0.0720,-10.2933,0.0008,-0.0216,0.0141,0.0000,0.0079,0.0263,0.0014,122.5956,112.6720,0.0000,0.0000,-1.391877,0.543032,-0.079878,0.000985,-0.002181,-0.014221,-1.393128,0.556087,-0.200000,0.000000,0.000000,0.000000,-1.391409,0.542883,-0.076868,1.0000,1.0000,1.0000,1.660,4.810,0.340,5.000,3.000,8.000,1.500,0.060,0.110,385099020,1356947233,385098272,3177,1000,1506,1504,1505,1000,1000,2008,1505,1505,1074,2008,1625,1256,1000,1000
-0.0033,-0.0083,-0.6698,0.0010,-0.0208,3.1244,0.0063,-0.0042,-3.1481,0.0000,-0.0823,0.0162,-9.8722,0.0015,0.0046,0.0016,-0.0551,0.0180,-9.8427,0.0020,-0.0028,-0.0010,0.1586,0.2787,-9.8590,-0.0009,-0.0028,0.0011,-0.3773,0.0325,-9.5966,0.0112,-0.0003,0.0035,0.0000,0.0084,0.0265,0.0015,123.3004,113.0817,0.0000,0.0000,-1.391867,0.543013,-0.080007,0.001098,-0.002143,-0.014527,-1.393128,0.556087,-0.200000,0.000000,0.000000,0.000000,-1.391409,0.542883,-0.076868,1.0000,1.0000,1.0000,1.660,4.810,0.340,5.000,3.000,8.000,1.500,0.060,0.110,385109520,1356947233,385107261,3177,1000,1506,1504,1505,1000,1000,2008,1505,1505,1074,2008,1625,1256,1000,1000
-0.0036,-0.0078,-0.6698,0.0011,-0.0208,3.1245,0.0063,-0.0042,-3.1481,0.0000,-0.0493,0.0400,-9.8926,0.0012,0.0032,0.0019,-0.1329,0.0224,-9.8291,-0.0006,-0.0041,-0.0036,0.0197,-0.2360,-9.8399,-0.0020,0.0025,0.0008,0.1399,-0.1075,-9.7636,0.0242,0.0264,0.0077,0.0000,0.0085,0.0266,0.0016,123.3600,113.5983,0.0000,0.0000,-1.391855,0.542987,-0.080185,0.000925,-0.002228,-0.015254,-1.393128,0.556087,-0.200000,0.000000,0.000000,0.000000,-1.391409,0.542883,-0.076868,1.0000,1.0000,1.0000,1.660,4.810,0.340,5.000,3.000,8.000,1.500,0.060,0.110,385120020,1356947233,385119261,3177,1000,1506,1504,1505,1000,1000,2008,1505,1505,1074,2008,1625,1256,1000,1000
-0.0037,-0.0070,-0.6697,0.0011,-0.0208,3.1245,0.0063,-0.0042,-3.1481,0.0000,-0.0489,0.0321,-9.8016,0.0013,0.0040,0.0029,-0.0758,0.0418,-9.8525,-0.0001,-0.0005,-0.0023,-0.2365,-0.1882,-10.1343,0.0025,0.0084,0.0045,-0.1977,0.4348,-9.8731,-0.0053,0.0104,0.0125,0.0000,0.0082,0.0262,0.0014,123.2068,111.9018,0.0000,0.0000,-1.391847,0.542966,-0.080324,0.000692,-0.002338,-0.015371,-1.393128,0.556087,-0.200000,0.000000,0.000000,0.000000,-1.391409,0.542883,-0.076868,1.0000,1.0000,1.0000,1.660,4.810,0.340,5.000,3.000,8.000,1.500,0.060,0.110,385130520,1356947233,385128261,3177,1000,1506,1504,1505,1000,1000,2008,1505,1505,1074,2008,1625,1256,1000,1000
-0.0037,-0.0069,-0.6697,0.0011,-0.0208,3.1246,0.0063,-0.0042,-3.1481,0.0000,-0.0546,0.0522,-9.8301,0.0020,0.0036,0.0038,-0.0743,0.1023,-9.7834,0.0026,0.0005,-0.0005,-0.1575,0.3769,-10.0003,0.0031,0.0039,0.0029,0.2548,0.2319,-10.0671,-0.0003,-0.0040,0.0104,0.0000,0.0080,0.0262,0.0013,123.2947,111.8033,0.0000,0.0000,-1.391840,0.542938,-0.080508,0.000603,-0.002438,-0.015427,-1.393128,0.556087,-0.200000,0.000000,0.000000,0.000000,-1.391409,0.542883,-0.076868,1.0000,1.0000,1.0000,1.660,4.810,0.340,5.000,3.000,8.000,1.500,0.060,0.110,385141020,1356947233,385140261,3177,1000,1506,1504,1505,1000,1000,2008,1505,1505,1074,2008,1625,1256,1000,1000
-0.0033,-0.0074,-0.6697,0.0011,-0.0208,3.1246,0.0063,-0.0042,-3.1481,0.0000,-0.0804,0.0165,-9.8651,0.0020,0.0040,0.0029,-0.0669,0.0635,-9.8070,0.0005,-0.0003,-0.0035,-0.1455,0.1806,-9.3682,0.0004,-0.0025,0.0005,-0.1079,-0.3248,-9.7169,0.0045,0.0029,-0.0005,0.0000,0.0078,0.0261,0.0014,122.4788,112.1187,0.0000,0.0000,-1.391834,0.542917,-0.080648,0.000769,-0.002336,-0.015645,-1.393128,0.556087,-0.200000,0.000000,0.000000,0.000000,-1.391409,0.542883,-0.076868,1.0000,1.0000,1.0000,1.660,4.810,0.340,5.000,3.000,8.000,1.500,0.060,0.110,385151520,1356947233,385149261,3177,1000,1506,1504,1505,1000,1000,2008,1505,1505,1074,2008,1625,1256,1000,1000
-0.0035,-0.0077,-0.6696,0.0011,-0.0208,3.1246,0.0063,-0.0042,-3.1481,0.0000,-0.1006,0.0365,-9.8751,0.0001,0.0041,0.0029,-0.0793,0.0345,-9.8687,-0.0002,0.0002,-0.0011,0.4674,0.2021,-9.8782,-0.0007,-0.0012,0.0048,-0.2246,-0.4182,-9.7438,-0.0019,0.0064,-0.0213,0.0000,0.0085,0.0263,0.0014,123.5942,111.5424,0.0000,0.0000,-1.391823,0.542888,-0.080837,0.000953,-0.002415,-0.015851,-1.393128,0.556087,-0.200000,0.000000,0.000000,0.000000,-1.391409,0.542883,-0.076868,1.0000,1.0000,1.0000,1.660,4.810,0.340,5.000,3.000,8.000,1.500,0.060,0.110,385162020,1356947233,385161261,3177,1000,1506,1504,1505,1000,1000,2008,1505,1505,1074,2008,1625,1256,1000,1000
-0.0040,-0.0076,-0.6696,0.0011,-0.0208,3.1247,0.0063,-0.0042,-3.1481,0.0000,-0.0820,0.0465,-9.8697,0.0008,0.0033,0.0034,-0.0661,0.0639,-9.8365,0.0041,0.0001,0.0001,-0.2317,-0.1403,-9.8039,0.0020,0.0044,0.0040,-0.0379,0.1475,-9.5696,-0.0016,0.0008,-0.0075,0.0000,0.0085,0.0269,0.0014,125.2438,112.8236,0.0000,0.0000,-1.391815,0.542866,-0.080981,0.000950,-0.002563,-0.016208,-1.393128,0.556087,-0.200000,0.000000,0.000000,0.000000,-1.391409,0.542883,-0.076868,1.0000,1.0000,1.0000,1.660,4.810,0.340,5.000,3.000,8.000,1.500,0.060,0.110,385172520,1356947233,385170261,3177,1000,1506,1504,1505,1000,1000,2008,1505,1505,1074,2008,1625,1256,1000,1000
-0.0036,-0.0074,-0.6696,0.0011,-0.0208,3.1247,0.0063,-0.0042,-3.1481,0.0000,-0.0595,0.0271,-9.8112,0.0017,0.0031,0.0027,-0.1063,0.0145,-9.8209,0.0042,0.0001,-0.0031,-0.3370,0.1207,-10.1439,0.0004,0.0092,0.0019,-0.2031,-0.1794,-9.8983,0.0024,0.0019,0.0056,0.0000,0.0079,0.0262,0.0014,122.6370,112.2078,0.0000,0.0000,-1.391804,0.542835,-0.081177,0.000914,-0.002497,-0.016398,-1.393128,0.556087,-0.200000,0.000000,0.000000,0.000000,-1.391409,0.542883,-0.076868,1.0000,1.0000,1.0000,1.660,4.810,0.340,5.000,3.000,8.000,1.500,0.060,0.110,385183020,1356947233,385182261,3177,1000,1506,1504,1505,1000,1000,2008,1505,1505,1074,2008,1625,1256,1000,1000
-0.0035,-0.0074,-0.6695,0.0011,-0.0208,3.1248,0.0063,-0.0042,-3.1481,0.0000,-0.0673,0.0358,-9.8299,0.0011,0.0027,0.0027,-0.0562,0.0060,-9.8150,0.0033,0.0048,-0.0046,-0.3993,0.2332,-9.7082,0.0004,0.0004,0.0035,0.1830,-0.1668,-10.0545,-0.0019,-0.0109,0.0186,0.0000,0.0082,0.0263,0.0014,123.1769,112.0312,0.0000,0.0000,-1.391795,0.542813,-0.081325,0.000940,-0.002508,-0.016450,-1.393128,0.556087,-0.200000,0.000000,0.000000,0.000000,-1.391409,0.542883,-0.076868,1.0000,1.0000,1.0000,1.660,4.810,0.340,5.000,3.000,8.000,1.500,0.060,0.110,385193520,1356947233,385191261,3177,1000,1506,1504,1505,1000,1000,2008,1505,1505,1074,2008,1625,1256,1000,1000
-0.0034,-0.0076,-0.6695,0.0011,-0.0208,3.1248,0.0063,-0.0042,-3.1481,0.0000,-0.0881,0.0193,-9.8247,0.0015,0.0035,0.0031,-0.0848,0.0529,-9.8561,0.0026,-0.0015,-0.0010,0.1993,-0.1044,-9.4520,0.0020,0.0036,0.0037,0.2135,-0.2781,-9.5643,0.0035,-0.0061,-0.0011,0.0000,0.0080,0.0265,0.0014,123.5760,112.7474,0.0000,0.0000,-1.391783,0.542783,-0.081523,0.001032,-0.002498,-0.016479,-1.393128,0.556087,-0.200000,0.000000,0.000000,0.000000,-1.391409,0.542883,-0.076868,1.0000,1.0000,1.0000,1.660,4.810,0.340,5.000,3.000,8.000,1.500,0.060,0.110,385204020,1356947233,385203262,3177,1000,1506,1504,1505,1000,1000,2008,1505,1505,1074,2008,1625,1256,1000,1000
-0.0039,-0.0074,-0.6695,0.0018,-0.0205,3.1249,0.0063,-0.0042,-3.1481,0.0000,-0.0861,0.0484,-9.8424,0.0008,0.0043,0.0030,-0.1133,0.0860,-9.8567,0.0018,-0.0050,0.0013,0.1658,0.0345,-9.6627,0.0009,0.0015,0.0029,-0.1636,0.0577,-9.7492,0.0027,0.0011,0.0003,0.0000,0.0071,0.0254,0.0014,119.4302,112.1553,0.0000,0.0000,-1.391226,0.541697,-0.078938,0.003036,-0.006605,-0.009496,-1.393128,0.556087,-0.200000,0.000000,0.000000,0.000000,-1.390877,0.541025,-0.075446,1.0000,1.0000,1.0000,1.660,4.810,0.340,5.000,3.000,8.000,1.500,0.060,0.110,385214066,1357047517,385212307,3178,1000,1506,1504,1505,1000,1000,2008,1505,1505,1074,2008,1625,1256,1000,1000
-0.0037,-0.0073,-0.6694,0.0018,-0.0205,3.1249,0.0063,-0.0042,-3.1481,0.0000,-0.0606,0.0379,-9.8396,0.0015,0.0037,0.0043,-0.0540,-0.0164,-9.7805,0.0025,0.0040,-0.0034,0.0269,-0.0637,-10.1008,0.0015,0.0081,0.0043,-0.3485,-0.2691,-10.2089,0.0109,0.0011,0.0115,0.0000,0.0074,0.0259,0.0013,121.7545,111.8740,0.0000,0.0000,-1.391189,0.541617,-0.079055,0.003054,-0.006734,-0.009897,-1.393128,0.556087,-0.200000,0.000000,0.000000,0.000000,-1.390877,0.541025,-0.075446,1.0000,1.0000,1.0000,1.660,4.810,0.340,5.000,3.000,8.000,1.500,0.060,0.110,385224566,1357047517,385224307,3178,1000,1506,1504,1505,1000,1000,2008,1505,1505,1074,2008,1625,1256,1000,1000
-0.0037,-0.0077,-0.6694,0.0018,-0.0204,3.1250,0.0063,-0.0042,-3.1481,0.0000,-0.0733,0.0433,-9.8256,0.0007,0.0042,0.0030,-0.0688,0.0157,-9.8117,-0.0004,0.0006,0.0003,-0.6028,0.0225,-10.0505,0.0004,0.0017,-0.0003,-0.5981,0.1942,-9.9863,-0.0101,-0.0056,-0.0096,0.0000,0.0073,0.0256,0.0012,121.3313,110.8216,0.0000,0.0000,-1.391161,0.541556,-0.079145,0.003226,-0.006849,-0.010151,-1.393128,0.556087,-0.200000,0.000000,0.000000,0.000000,-1.390877,0.541025,-0.075446,1.0000,1.0000,1.0000,1.660,4.810,0.340,5.000,3.000,8.000,1.500,0.060,0.110,385235066,1357047517,385233307,3178,1000,1506,1504,1505,1000,1000,2008,1505,1505,1074,2008,1625,1256,1000,1000
-0.0039,-0.0078,-0.6694,0.0018,-0.0204,3.1250,0.0063,-0.0042,-3.1481,0.0000,-0.0680,0.0223,-9.8350,0.0009,0.0037,0.0030,-0.0792,0.0454,-9.7845,0.0009,-0.0026,-0.0027,0.0604,0.0225,-9.8494,-0.0023,0.0012,0.0027,0.0663,0.1475,-9.6523,-0.0136,0.0192,-0.0059,0.0000,0.0072,0.0257,0.0013,120.9455,111.9797,0.0000,0.0000,-1.391121,0.541472,-0.079268,0.003383,-0.007081,-0.010235,-1.393128,0.556087,-0.200000,0.000000,0.000000,0.000000,-1.390877,0.541025,-0.075446,1.0000,1.0000,1.0000,1.660,4.810,0.340,5.000,3.000,8.000,1.500,0.060,0.110,385245566,1357047517,385245307,3178,1000,1506,1504,1505,1000,1000,2008,1505,1505,1074,2008,1625,1256,1000,1000
-0.0038,-0.0075,-0.6694,0.0018,-0.0204,3.1251,0.0063,-0.0042,-3.1481,0.0000,-0.0759,0.0518,-9.8897,0.0017,0.0039,0.0018,-0.0924,-0.0021,-9.8075,-0.0002,0.0010,-0.0027,-0.0234,-0.0565,-9.6052,0.0007,0.0033,0.0035,-0.2947,0.3252,-9.6469,0.0160,0.0056,0.0021,0.0000,0.0069,0.0257,0.0014,119.5834,113.2289,0.0000,0.0000,-1.391091,0.541408,-0.079361,0.003392,-0.007195,-0.010499,-1.393128,0.556087,-0.200000,0.000000,0.000000,0.000000,-1.390877,0.541025,-0.075446,1.0000,1.0000,1.0000,1.660,4.810,0.340,5.000,3.000,8.000,1.500,0.060,0.110,385256066,1357047517,385254307,3178,1000,1506,1504,1505,1000,1000,2008,1505,1505,1074,2008,1625,1256,1000,1000
-0.0045,-0.0075,-0.6693,0.0018,-0.0204,3.1251,0.0063,-0.0042,-3.1481,0.0000,-0.0789,0.0671,-9.8634,0.0009,0.0037,0.0036,-0.0463,0.0842,-9.8195,0.0025,-0.0025,-0.0034,-0.1407,0.1135,-10.0242,0.0028,0.0089,0.0032,0.0824,0.0990,-9.7869,0.0104,0.0189,0.0186,0.0000,0.0072,0.0257,0.0013,121.0661,111.5236,0.0000,0.0000,-1.391049,0.541320,-0.079490,0.003454,-0.007623,-0.011014,-1.393128,0.556087,-0.200000,0.000000,0.000000,0.000000,-1.390877,0.541025,-0.075446,1.0000,1.0000,1.0000,1.660,4.810,0.340,5.000,3.000,8.000,1.500,0.060,0.110,385266566,1357047517,385266307,3178,1000,1506,1504,1505,1000,1000,2008,1505,1505,1074,2008,1625,1256,1000,1000
-0.0043,-0.0080,-0.6693,0.0018,-0.0204,3.1251,0.0063,-0.0042,-3.1481,0.0000,-0.0934,0.0055,-9.8653,0.0012,0.0040,0.0021,-0.0599,0.0377,-9.8191,0.0039,0.0012,-0.0030,0.0365,-0.0373,-9.7369,-0.0001,-0.0025,0.0061,0.1758,0.4043,-9.9521,-0.0016,-0.0083,0.0080,0.0000,0.0069,0.0255,0.0013,119.7975,112.2184,0.0000,0.0000,-1.391017,0.541250,-0.079591,0.003707,-0.007698,-0.011463,-1.393128,0.556087,-0.200000,0.000000,0.000000,0.000000,-1.390877,0.541025,-0.075446,1.0000,1.0000,1.0000,1.660,4.810,0.340,5.000,3.000,8.000,1.500,0.060,0.110,385277066,1357047517,385275307,3178,1000,1506,1504,1505,1000,1000,2008,1505,1505,1074,2008,1625,1256,1000,1000
-0.0048,-0.0080,-0.6693,0.0018,-0.0204,3.1252,0.0063,-0.0042,-3.1481,0.0000,-0.0919,0.0868,-9.8575,0.0016,0.0031,0.0029,-0.1168,0.0041,-9.8288,0.0047,-0.0017,-0.0028,0.0389,-0.0660,-10.0098,0.0036,0.0076,0.0008,0.1794,-0.3679,-9.6594,0.0032,-0.0075,0.0013,0.0000,0.0066,0.0258,0.0013,120.0824,113.3174,0.0000,0.0000,-1.390972,0.541156,-0.079731,0.003843,-0.008131,-0.011829,-1.393128,0.556087,-0.200000,0.000000,0.000000,0.000000,-1.390877,0.541025,-0.075446,1.0000,1.0000,1.0000,1.660,4.810,0.340,5.000,3.000,8.000,1.500,0.060,0.110,385287566,1357047517,385287307,3178,1000,1506,1504,1505,1000,1000,2008,1505,1505,1074,2008,1625,1256,1000,1000
-0.0048,-0.0083,-0.6692,0.0018,-0.0204,3.1252,0.0063,-0.0042,-3.1481,0.0000,-0.0898,0.0626,-9.8450,0.0015,0.0026,0.0035,-0.0809,0.0096,-9.8225,0.0053,0.0019,-0.0019,0.1610,-0.1307,-10.0505,-0.0020,0.0076,0.0048,-0.0217,0.4617,-9.9144,-0.0005,-0.0107,0.0083,0.0000,0.0071,0.0260,0.0013,121.4904,112.5178,0.0000,0.0000,-1.390937,0.541082,-0.079838,0.004010,-0.008348,-0.012052,-1.393128,0.556087,-0.200000,0.000000,0.000000,0.000000,-1.390877,0.541025,-0.075446,1.0000,1.0000,1.0000,1.660,4.810,0.340,5.000,3.000,8.000,1.500,0.060,0.110,385298066,1357047517,385296307,3178,1000,1506,1504,1505,1000,1000,2008,1505,1505,1074,2008,1625,1256,1000,1000
-0.0052,-0.0079,-0.6692,0.0018,-0.0204,3.1253,0.0063,-0.0042,-3.1481,0.0000,-0.0791,0.0672,-9.8453,0.0008,0.0041,0.0025,-0.0487,0.0760,-9.8431,0.0022,-0.0039,-0.0049,-0.0976,0.0513,-9.8566,0.0023,0.0052,0.0045,-0.2677,0.2929,-9.7815,-0.0101,-0.0213,0.0146,0.0000,0.0073,0.0256,0.0013,120.9218,111.1724,0.0000,0.0000,-1.390888,0.540979,-0.079985,0.004051,-0.008791,-0.012417,-1.393128,0.556087,-0.200000,0.000000,0.000000,0.000000,-1.390877,0.541025,-0.075446,1.0000,1.0000,1.0000,1.660,4.810,0.340,5.000,3.000,8.000,1.500,0.060,0.110,385308566,1357047517,385308308,3178,1000,1506,1504,1505,1000,1000,2008,1505,1505,1074,2008,1625,1256,1000,1000
-0.0053,-0.0083,-0.6692,0.0017,-0.0205,3.1253,0.0063,-0.0042,-3.1481,0.0000,-0.0808,0.0403,-9.8258,0.0021,0.0028,0.0036,-0.0649,0.0371,-9.8319,0.0032,-0.0053,-0.0007,-0.2580,0.2835,-9.8063,-0.0007,0.0044,0.0037,-0.0073,-0.3230,-9.9719,0.0091,0.0085,0.0101,0.0000,0.0070,0.0260,0.0012,121.6967,112.5491,0.0000,0.0000,-1.391073,0.541133,-0.078551,0.003359,-0.008192,-0.008906,-1.393128,0.556087,-0.200000,0.000000,0.000000,0.000000,-1.391260,0.541358,-0.076390,1.0000,1.0000,1.0000,1.660,4.810,0.340,5.000,3.000,8.000,1.500,0.060,0.110,385318616,1357180480,385317357,3179,1000,1506,1504,1505,1000,1000,2008,1505,1505,1074,2008,1625,1256,1000,1000
-0.0049,-0.0085,-0.6691,0.0017,-0.0205,3.1253,0.0063,-0.0042,-3.1481,0.0000,-0.1170,0.0102,-9.9044,0.0015,0.0044,0.0024,-0.0755,0.0833,-9.8660,0.0049,0.0025,-0.0014,0.1658,-0.0469,-9.4113,0.0055,0.0023,0.0005,-0.0127,-0.1363,-9.2554,0.0088,0.0093,-0.0173,0.0000,0.0075,0.0258,0.0013,121.8920,111.4096,0.0000,0.0000,-1.391043,0.541058,-0.078632,0.003546,-0.008299,-0.009064,-1.393128,0.556087,-0.200000,0.000000,0.000000,0.000000,-1.391260,0.541358,-0.076390,1.0000,1.0000,1.0000,1.660,4.810,0.340,5.000,3.000,8.000,1.500,0.060,0.110,385329116,1357180480,385326357,3179,1000,1506,1504,1505,1000,1000,2008,1505,1505,1074,2008,1625,1256,1000,1000
-0.0045,-0.0084,-0.6691,0.0017,-0.0205,3.1254,0.0063,-0.0042,-3.1481,0.0000,-0.0872,0.0560,-9.8665,0.0010,0.0047,0.0024,-0.0902,0.0088,-9.8447,0.0045,0.0018,-0.0070,-0.0521,0.0824,-9.6459,0.0004,-0.0033,0.0045,0.2279,0.0505,-9.9450,-0.0005,-0.0083,0.0011,0.0000,0.0073,0.0253,0.0015,118.9958,112.2069,0.0000,0.0000,-1.390998,0.540959,-0.078744,0.003761,-0.008305,-0.009499,-1.393128,0.556087,-0.200000,0.000000,0.000000,0.000000,-1.391260,0.541358,-0.076390,1.0000,1.0000,1.0000,1.660,4.810,0.340,5.000,3.000,8.000,1.500,0.060,0.110,385339145,1357180480,385338386,3179,1000,1506,1504,1505,1000,1000,2008,1505,1505,1074,2008,1625,1256,1000,1000
-0.0045,-0.0084,-0.6691,0.0017,-0.0205,3.1254,0.0063,-0.0042,-3.1481,0.0000,-0.0961,0.0136,-9.8901,0.0004,0.0041,0.0046,-0.1104,0.0498,-9.8514,-0.0004,-0.0016,0.0001,0.0867,0.2739,-9.6411,0.0001,0.0004,0.0027,0.1417,-0.3913,-9.5445,-0.0088,-0.0005,0.0107,0.0000,0.0074,0.0255,0.0011,122.0289,109.7852,0.0000,0.0000,-1.390964,0.540883,-0.078831,0.003839,-0.008497,-0.009840,-1.393128,0.556087,-0.200000,0.000000,0.000000,0.000000,-1.391260,0.541358,-0.076390,1.0000,1.0000,1.0000,1.660,4.810,0.340,5.000,3.000,8.000,1.500,0.060,0.110,385349645,1357180480,385347386,3179,1000,1506,1504,1505,1000,1000,2008,1505,1505,1074,2008,1625,1256,1000,1000
-0.0042,-0.0088,-0.6691,0.0017,-0.0205,3.1255,0.0063,-0.0042,-3.1481,0.0000,-0.0916,0.0430,-9.8165,0.0015,0.0025,0.0009,-0.0633,0.0291,-9.8213,0.0018,-0.0024,-0.0021,0.1227,0.2428,-9.9691,-0.0012,0.0025,-0.0024,-0.1330,0.3019,-10.0114,0.0157,-0.0168,-0.0061,0.0000,0.0073,0.0261,0.0013,122.0901,112.6858,0.0000,0.0000,-1.390916,0.540781,-0.078951,0.004132,-0.008569,-0.010114,-1.393128,0.556087,-0.200000,0.000000,0.000000,0.000000,-1.391260,0.541358,-0.076390,1.0000,1.0000,1.0000,1.660,4.810,0.340,5.000,3.000,8.000,1.500,0.060,0.110,385360145,1357180480,385359386,3179,1000,1506,1504,1505,1000,1000,2008,1505,1505,1074,2008,1625,1256,1000,1000
-0.0044,-0.0086,-0.6691,0.0017,-0.0205,3.1255,0.0063,-0.0042,-3.1481,0.0000,-0.0657,0.0397,-9.8589,0.0007,0.0030,0.0007,-0.0933,0.0697,-9.8640,0.0021,0.0016,-0.0045,-0.1192,0.0082,-9.6363,-0.0004,0.0009,0.0069,0.1525,0.1169,-9.7815,0.0027,0.0144,0.0019,0.0000,0.0073,0.0261,0.0015,121.0531,113.6642,0.0000,0.0000,-1.390878,0.540703,-0.079043,0.004316,-0.008776,-0.010245,-1.393128,0.556087,-0.200000,0.000000,0.000000,0.000000,-1.391260,0.541358,-0.076390,1.0000,1.0000,1.0000,1.660,4.810,0.340,5.000,3.000,8.000,1.500,0.060,0.110,385370645,1357180480,385368386,3179,1000,1506,1504,1505,1000,1000,2008,1505,1505,1074,2008,1625,1256,1000,1000
-0.0042,-0.0078,-0.6690,0.0017,-0.0205,3.1255,0.0063,-0.0042,-3.1481,0.0000,-0.0493,0.0407,-9.8298,0.0004,0.0041,0.0050,-0.1026,0.0040,-9.8041,0.0019,0.0029,-0.0010,0.2352,0.1422,-10.0170,0.0009,0.0076,0.0035,-0.1708,-0.1955,-9.8282,-0.0088,-0.0080,0.0072,0.0000,0.0074,0.0257,0.0010,122.8678,109.8343,0.0000,0.0000,-1.390828,0.540597,-0.079166,0.004015,-0.008944,-0.010231,-1.393128,0.556087,-0.200000,0.000000,0.000000,0.000000,-1.391260,0.541358,-0.076390,1.0000,1.0000,1.0000,1.660,4.810,0.340,5.000,3.000,8.000,1.500,0.060,0.110,385381145,1357180480,385380386,3179,1000,1506,1504,1505,1000,1000,2008,1505,1505,1074,2008,1625,1256,1000,1000
-0.0040,-0.0077,-0.6690,0.0017,-0.0205,3.1256,0.0063,-0.0042,-3.1481,0.0000,-0.0736,0.0069,-9.8601,0.0009,0.0045,0.0030,-0.0742,0.0641,-9.8099,0.0025,-0.0039,-0.0008,-0.1599,0.1470,-9.6938,0.0009,0.0023,0.0003,-0.3378,0.1834,-9.7869,0.0107,-0.0048,-0.0178,0.0000,0.0072,0.0256,0.0012,121.3890,110.9433,0.0000,0.0000,-1.390792,0.540516,-0.079259,0.004065,-0.009057,-0.010488,-1.393128,0.556087,-0.200000,0.000000,0.000000,0.000000,-1.391260,0.541358,-0.076390,1.0000,1.0000,1.0000,1.660,4.810,0.340,5.000,3.000,8.000,1.500,0.060,0.110,385391645,1357180480,385389386,3179,1000,1506,1504,1505,1000,1000,2008,1505,1505,1074,2008,1625,1256,1000,1000
-0.0039,-0.0078,-0.6690,0.0018,-0.0205,3.1256,0.0063,-0.0042,-3.1481,0.0000,-0.0816,0.0504,-9.8336,0.0010,0.0044,0.0007,-0.1176,0.0606,-9.8508,0.0053,0.0023,-0.0035,0.0820,0.1973,-9.9356,0.0007,0.0023,0.0056,0.1686,-0.0321,-9.9611,0.0048,-0.0109,-0.0197,0.0000,0.0071,0.0256,0.0014,119.6863,112.4951,0.0000,0.0000,-1.390742,0.540407,-0.079388,0.004153,-0.009154,-0.010841,-1.393128,0.556087,-0.200000,0.000000,0.000000,0.000000,-1.391260,0.541358,-0.076390,1.0000,1.0000,1.0000,1.660,4.810,0.340,5.000,3.000,8.000,1.500,0.060,0.110,385402145,1357180480,385401397,3179,1000,1506,1504,1505,1000,1000,2008,1505,1505,1074,2008,1625,1256,1000,1000
-0.0047,-0.0077,-0.6689,0.0018,-0.0205,3.1257,0.0063,-0.0042,-3.1481,0.0000,-0.0769,0.0731,-9.8607,0.0006,0.0034,0.0061,-0.0752,0.0934,-9.7873,-0.0006,-0.0026,0.0037,-0.0306,-0.0613,-9.8231,0.0036,0.0044,0.0043,-0.1420,-0.0285,-9.9378,0.0056,-0.0077,0.0016,0.0000,0.0073,0.0259,0.0010,123.4135,110.2285,0.0000,0.0000,-1.390705,0.540323,-0.079486,0.004180,-0.009503,-0.010978,-1.393128,0.556087,-0.200000,0.000000,0.000000,0.000000,-1.391260,0.541358,-0.076390,1.0000,1.0000,1.0000,1.660,4.810,0.340,5.000,3.000,8.000,1.500,0.060,0.110,385412645,1357180480,385410386,3179,1000,1506,1504,1505,1000,1000,2008,1505,1505,1074,2008,1625,1256,1000,1000
-0.0049,-0.0084,-0.6689,0.0018,-0.0205,3.1257,0.0063,-0.0042,-3.1481,0.0000,-0.0936,0.0455,-9.8683,0.0015,0.0043,0.0030,-0.0321,0.0250,-9.8041,0.0032,-0.0032,-0.0029,0.0006,0.0489,-10.1176,-0.0004,0.0039,0.0008,-0.2731,-0.0986,-9.9593,0.0069,0.0096,-0.0072,0.0000,0.0071,0.0257,0.0010,122.2879,110.5572,0.0000,0.0000,-1.390653,0.540207,-0.079620,0.004473,-0.009895,-0.011484,-1.393128,0.556087,-0.200000,0.000000,0.000000,0.000000,-1.391260,0.541358,-0.076390,1.0000,1.0000,1.0000,1.660,4.810,0.340,5.000,3.000,8.000,1.500,0.060,0.110,385423145,1357180480,385422386,3179,1000,1506,1504,1505,1000,1000,2008,1505,1505,1074,2008,1625,1256,1000,1000
-0.0044,-0.0085,-0.6689,0.0018,-0.0205,3.1257,0.0063,-0.0042,-3.1481,0.0000,-0.0647,0.0530,-9.8623,0.0019,0.0034,-0.0011,-0.0606,0.0361,-9.8245,0.0028,-0.0017,-0.0048,-0.5453,0.0154,-9.9811,0.0017,0.0036,-0.0005,-0.5012,-0.1955,-9.8175,0.0138,-0.0035,0.0101,0.0000,0.0070,0.0258,0.0017,118.5302,114.7735,0.0000,0.0000,-1.390612,0.540117,-0.079726,0.004641,-0.009982,-0.011958,-1.393128,0.556087,-0.200000,0.000000,0.000000,0.000000,-1.391260,0.541358,-0.076390,1.0000,1.0000,1.0000,1.660,4.810,0.340,5.000,3.000,8.000,1.500,0.060,0.110,385433645,1357180480,385431386,3179,1000,1506,1504,1505,1000,1000,2008,1505,1505,1074,2008,1625,1256,1000,1000
-0.0049,-0.0087,-0.6688,0.0018,-0.0205,3.1258,0.0063,-0.0042,-3.1481,0.0000,-0.0991,0.0473,-9.8664,0.0016,0.0045,0.0056,-0.0925,0.0417,-9.7955,0.0014,0.0005,0.0000,-0.1599,0.1638,-9.9069,0.0023,0.0052,0.0072,-0.2067,0.2426,-9.9970,-0.0019,0.0003,0.0120,0.0000,0.0069,0.0258,0.0012,121.4983,111.8368,0.0000,0.0000,-1.390556,0.539995,-0.079871,0.004854,-0.010431,-0.012295,-1.393128,0.556087,-0.200000,0.000000,0.000000,0.000000,-1.391260,0.541358,-0.076390,1.0000,1.0000,1.0000,1.660,4.810,0.340,5.000,3.000,8.000,1.500,0.060,0.110,385444145,1357180480,385443387,3179,1000,1506,1504,1505,1000,1000,2008,1505,1505,1074,2008,1625,1256,1000,1000
-0.0046,-0.0089,-0.6688,0.0020,-0.0206,3.1258,0.0063,-0.0042,-3.1481,0.0000,-0.0833,0.0439,-9.8640,0.0016,0.0038,0.0040,-0.0605,0.0416,-9.8809,0.0053,0.0059,-0.0009,-0.1718,-0.0780,-9.8183,0.0039,0.0031,-0.0003,-0.3575,-0.1273,-9.6936,0.0083,0.0093,-0.0027,0.0000,0.0063,0.0257,0.0009,121.5546,111.3744,0.0000,0.0000,-1.390762,0.539533,-0.077807,0.004140,-0.011929,-0.007480,-1.393128,0.556087,-0.200000,0.000000,0.000000,0.000000,-1.390942,0.539379,-0.075125,1.0000,1.0000,1.0000,1.660,4.810,0.340,5.000,3.000,8.000,1.500,0.060,0.110,385454191,1357313881,385452432,3180,1000,1506,1504,1505,1000,1000,2008,1505,1505,1074,2008,1625,1256,1000,1000
-0.0040,-0.0088,-0.6688,0.0020,-0.0206,3.1259,0.0063,-0.0042,-3.1481,0.0000,-0.0570,0.0259,-9.8236,-0.0007,0.0032,0.0001,-0.1152,0.0059,-9.7956,0.0030,-0.0070,-0.0038,-0.2820,0.1638,-10.2086,0.0033,0.0084,0.0000,-0.2911,-0.1381,-10.1533,0.0165,0.0160,-0.0229,0.0000,0.0071,0.0257,0.0014,119.9534,113.0291,0.0000,0.0000,-1.390711,0.539389,-0.077900,0.004242,-0.011993,-0.007886,-1.393128,0.556087,-0.200000,0.000000,0.000000,0.000000,-1.390942,0.539379,-0.075125,1.0000,1.0000,1.0000,1.660,4.810,0.340,5.000,3.000,8.000,1.500,0.060,0.110,385464691,1357313881,385464432,3180,1000,1506,1504,1505,1000,1000,2008,1505,1505,1074,2008,1625,1256,1000,1000
-0.0038,-0.0088,-0.6688,0.0020,-0.0206,3.1259,0.0063,-0.0042,-3.1481,0.0000,-0.1080,0.0385,-9.8790,0.0014,0.0045,0.0042,-0.1074,0.0001,-9.8326,0.0020,-0.0009,-0.0036,-0.0282,0.1087,-9.7345,0.0004,-0.0001,0.0053,0.3985,0.1852,-9.8210,0.0144,0.0021,0.0123,0.0000,0.0069,0.0258,0.0013,120.5760,112.7927,0.0000,0.0000,-1.390673,0.539281,-0.077973,0.004352,-0.012065,-0.008334,-1.393128,0.556087,-0.200000,0.000000,0.000000,0.000000,-1.390942,0.539379,-0.075125,1.0000,1.0000,1.0000,1.660,4.810,0.340,5.000,3.000,8.000,1.500,0.060,0.110,385475191,1357313881,385473432,3180,1000,1506,1504,1505,1000,1000,2008,1505,1505,1074,2008,1625,1256,1000,1000
-0.0042,-0.0090,-0.6687,0.0020,-0.0206,3.1260,0.0063,-0.0042,-3.1481,0.0000,-0.0809,0.0563,-9.7895,0.0016,0.0030,0.0045,-0.0798,0.0228,-9.8495,0.0037,0.0012,-0.0023,-0.0641,0.3984,-10.1248,0.0047,0.0031,0.0035,-0.4329,-0.2925,-9.9629,-0.0027,-0.0133,0.0024,0.0000,0.0065,0.0262,0.0010,122.6569,112.5104,0.0000,0.0000,-1.390618,0.539134,-0.078073,0.004660,-0.012501,-0.008206,-1.393128,0.556087,-0.200000,0.000000,0.000000,0.000000,-1.390942,0.539379,-0.075125,1.0000,1.0000,1.0000,1.660,4.810,0.340,5.000,3.000,8.000,1.500,0.060,0.110,385485691,1357313881,385485432,3180,1000,1506,1504,1505,1000,1000,2008,1505,1505,1074,2008,1625,1256,1000,1000
-0.0042,-0.0087,-0.6687,0.0020,-0.0206,3.1260,0.0063,-0.0042,-3.1481,0.0000,-0.0720,0.0300,-9.8483,0.0017,0.0047,0.0006,-0.1210,0.0214,-9.8164,0.0051,0.0003,-0.0052,0.0963,-0.0230,-10.0386,-0.0009,0.0017,0.0045,0.2692,0.4509,-10.1353,-0.0003,0.0011,0.0069,0.0000,0.0065,0.0256,0.0014,119.1278,113.3539,0.0000,0.0000,-1.390575,0.539020,-0.078148,0.004795,-0.012707,-0.008386,-1.393128,0.556087,-0.200000,0.000000,0.000000,0.000000,-1.390942,0.539379,-0.075125,1.0000,1.0000,1.0000,1.660,4.810,0.340,5.000,3.000,8.000,1.500,0.060,0.110,385496191,1357313881,385494432,3180,1000,1506,1504,1505,1000,1000,2008,1505,1505,1074,2008,1625,1256,1000,1000
-0.0044,-0.0084,-0.6687,0.0021,-0.0206,3.1260,0.0063,-0.0042,-3.1481,0.0000,-0.0807,0.0636,-9.8780,0.0004,0.0036,0.0049,-0.0786,0.0400,-9.8126,0.0036,0.0011,-0.0002,-0.2101,0.1063,-10.0386,-0.0020,0.0055,0.0061,-0.4168,-0.0303,-9.6343,-0.0064,0.0019,0.0021,0.0000,0.0068,0.0261,0.0010,122.6692,111.7424,0.0000,0.0000,-1.390518,0.538867,-0.078251,0.004830,-0.012971,-0.008900,-1.393128,0.556087,-0.200000,0.000000,0.000000,0.000000,-1.390942,0.539379,-0.075125,1.0000,1.0000,1.0000,1.660,4.810,0.340,5.000,3.000,8.000,1.500,0.060,0.110,385506691,1357313881,385506432,3180,1000,1506,1504,1505,1000,1000,2008,1505,1505,1074,2008,1625,1256,1000,1000
-0.0044,-0.0084,-0.6686,0.0021,-0.0206,3.1261,0.0063,-0.0042,-3.1481,0.0000,-0.0791,0.0122,-9.8791,0.0014,0.0024,0.0035,-0.1166,0.0514,-9.7817,0.0035,-0.0009,-0.0026,-0.1622,0.0513,-10.1032,-0.0025,0.0017,0.0021,-0.0361,0.1277,-10.1263,0.0112,-0.0088,-0.0136,0.0000,0.0065,0.0265,0.0010,123.1858,112.9046,0.0000,0.0000,-1.390474,0.538749,-0.078333,0.004928,-0.013140,-0.009442,-1.393128,0.556087,-0.200000,0.000000,0.000000,0.000000,-1.390942,0.539379,-0.075125,1.0000,1.0000,1.0000,1.660,4.810,0.340,5.000,3.000,8.000,1.500,0.060,0.110,385517191,1357313881,385515432,3180,1000,1506,1504,1505,1000,1000,2008,1505,1505,1074,2008,1625,1256,1000,1000
-0.0039,-0.0080,-0.6686,0.0021,-0.0206,3.1261,0.0063,-0.0042,-3.1481,0.0000,-0.0818,0.0455,-9.8739,0.0011,0.0029,-0.0009,-0.0753,0.0845,-9.8421,0.0009,-0.0020,-0.0044,-0.0832,0.0058,-9.8782,0.0028,0.0023,0.0024,-0.4024,-0.2584,-9.5571,0.0208,-0.0104,-0.0170,0.0000,0.0066,0.0262,0.0015,120.0014,115.0747,0.0000,0.0000,-1.390414,0.538591,-0.078451,0.004982,-0.013229,-0.010111,-1.393128,0.556087,-0.200000,0.000000,0.000000,0.000000,-1.390942,0.539379,-0.075125,1.0000,1.0000,1.0000,1.660,4.810,0.340,5.000,3.000,8.000,1.500,0.060,0.110,385527691,1357313881,385527432,3180,1000,1506,1504,1505,1000,1000,2008,1505,1505,1074,2008,1625,1256,1000,1000
-0.0044,-0.0079,-0.6686,0.0021,-0.0206,3.1261,0.0063,-0.0042,-3.1481,0.0000,-0.0410,0.0585,-9.8593,0.0009,0.0043,0.0036,-0.0658,0.0435,-9.8007,0.0064,-0.0004,-0.0013,-0.0761,-0.0445,-9.9620,0.0012,-0.0023,0.0056,-0.1690,-0.3661,-9.9342,0.0061,-0.0051,0.0000,0.0000,0.0068,0.0260,0.0013,120.8822,113.2818,0.0000,0.0000,-1.390369,0.538471,-0.078543,0.004973,-0.013511,-0.010516,-1.393128,0.556087,-0.200000,0.000000,0.000000,0.000000,-1.390942,0.539379,-0.075125,1.0000,1.0000,1.0000,1.660,4.810,0.340,5.000,3.000,8.000,1.500,0.060,0.110,385538191,1357313881,385536433,3180,1000,1506,1504,1505,1000,1000,2008,1505,1505,1074,2008,1625,1256,1000,1000
-0.0043,-0.0073,-0.6685,0.0004,-0.0210,3.1263,0.0063,-0.0042,-3.1481,0.0000,-0.0785,0.0198,-9.8737,0.0006,0.0031,0.0059,-0.1063,0.0133,-9.8298,-0.0006,-0.0048,0.0060,-0.0785,-0.0397,-9.8039,-0.0007,0.0033,0.0019,0.1309,0.0236,-9.8480,0.0104,0.0112,-0.0061,0.0000,0.0094,0.0271,0.0008,130.3904,107.7473,0.0000,0.0000,-1.390865,0.541184,-0.077901,0.002776,-0.003211,-0.009083,-1.393128,0.556087,-0.200000,0.000000,0.000000,0.000000,-1.391297,0.543416,-0.076843,1.0000,1.0000,1.0000,1.660,4.810,0.340,5.000,3.000,8.000,1.500,0.060,0.110,385548237,1357414535,385545478,3181,1000,1506,1504,1505,1000,1000,2008,1505,1505,1074,2008,1625,1256,1000,1000
-0.0036,-0.0076,-0.6685,0.0004,-0.0209,3.1263,0.0063,-0.0042,-3.1481,0.0000,-0.1029,0.0287,-9.8103,0.0012,0.0038,-0.0008,-0.0823,0.0414,-9.8144,-0.0008,-0.0026,-0.0041,0.2136,-0.0182,-10.2038,0.0025,0.0092,-0.0035,0.1166,-0.0662,-9.9270,-0.0085,0.0115,-0.0048,0.0000,0.0093,0.0263,0.0013,125.4504,109.6568,0.0000,0.0000,-1.390833,0.541149,-0.078008,0.002906,-0.002915,-0.009439,-1.393128,0.556087,-0.200000,0.000000,0.000000,0.000000,-1.391297,0.543416,-0.076843,1.0000,1.0000,1.0000,1.660,4.810,0.340,5.000,3.000,8.000,1.500,0.060,0.110,385558265,1357414535,385557006,3181,1000,1506,1504,1505,1000,1000,2008,1505,1505,1074,2008,1625,1256,1000,1000
-0.0037,-0.0077,-0.6685,0.0004,-0.0209,3.1263,0.0063,-0.0042,-3.1481,0.0000,-0.0628,0.0576,-9.8628,0.0009,0.0044,0.0006,-0.0919,0.0685,-9.8602,0.0008,-0.0035,-0.0073,0.0053,0.1207,-9.5813,-0.0031,0.0031,0.0053,-0.4222,-0.1219,-9.5032,-0.0003,0.0125,-0.0232,0.0000,0.0095,0.0264,0.0015,125.1152,110.7216,0.0000,0.0000,-1.390806,0.541123,-0.078094,0.002991,-0.002928,-0.009607,-1.393128,0.556087,-0.200000,0.000000,0.000000,0.000000,-1.391297,0.543416,-0.076843,1.0000,1.0000,1.0000,1.660,4.810,0.340,5.000,3.000,8.000,1.500,0.060,0.110,385568765,1357414535,385566006,3181,1000,1506,1504,1505,1000,1000,2008,1505,1505,1074,2008,1625,1256,1000,1000
-0.0044,-0.0074,-0.6685,0.0004,-0.0209,3.1264,0.0063,-0.0042,-3.1481,0.0000,-0.0737,0.0665,-9.8212,0.0006,0.0017,0.0065,-0.0478,0.0839,-9.8384,0.0037,-0.0005,0.0012,-0.0425,-0.0206,-9.9548,0.0020,0.0033,0.0083,-0.0325,0.0200,-9.9593,-0.0099,-0.0107,-0.0048,0.0000,0.0094,0.0268,0.0010,128.5099,108.6098,0.0000,0.0000,-1.390771,0.541086,-0.078210,0.002843,-0.003281,-0.009672,-1.393128,0.556087,-0.200000,0.000000,0.000000,0.000000,-1.391297,0.543416,-0.076843,1.0000,1.0000,1.0000,1.660,4.810,0.340,5.000,3.000,8.000,1.500,0.060,0.110,385578767,1357414535,385578008,3181,1000,1506,1504,1505,1000,1000,2008,1505,1505,1074,2008,1625,1256,1000,1000
-0.0039,-0.0074,-0.6684,0.0004,-0.0209,3.1264,0.0063,-0.0042,-3.1481,0.0000,-0.0752,0.0068,-9.8611,0.0005,0.0035,0.0053,-0.0850,0.0397,-9.8319,0.0032,0.0004,0.0006,-0.1239,-0.0253,-9.6387,0.0036,0.0052,0.0045,-0.7310,-0.2009,-9.6307,0.0053,0.0144,0.0021,0.0000,0.0093,0.0266,0.0007,129.5529,106.3629,0.0000,0.0000,-1.390746,0.541057,-0.078298,0.002863,-0.003095,-0.009883,-1.393128,0.556087,-0.200000,0.000000,0.000000,0.000000,-1.391297,0.543416,-0.076843,1.0000,1.0000,1.0000,1.660,4.810,0.340,5.000,3.000,8.000,1.500,0.060,0.110,385589267,1357414535,385587008,3181,1000,1506,1504,1505,1000,1000,2008,1505,1505,1074,2008,1625,1256,1000,1000
-0.0033,-0.0075,-0.6684,0.0005,-0.0209,3.1265,0.0063,-0.0042,-3.1481,0.0000,-0.0935,0.0152,-9.8684,0.0010,0.0051,-0.0008,-0.0917,0.0015,-9.8358,0.0025,-0.0040,-0.0057,0.2017,0.0249,-9.7321,0.0001,0.0033,-0.0016,-0.1618,0.3360,-9.7169,-0.0051,-0.0109,-0.0200,0.0000,0.0094,0.0264,0.0012,126.3925,109.2193,0.0000,0.0000,-1.390711,0.541021,-0.078419,0.002915,-0.002882,-0.010284,-1.393128,0.556087,-0.200000,0.000000,0.000000,0.000000,-1.391297,0.543416,-0.076843,1.0000,1.0000,1.0000,1.660,4.810,0.340,5.000,3.000,8.000,1.500,0.060,0.110,385599767,1357414535,385599008,3181,1000,1506,1504,1505,1000,1000,2008,1505,1505,1074,2008,1625,1256,1000,1000
-0.0038,-0.0073,-0.6684,0.0005,-0.0209,3.1265,0.0063,-0.0042,-3.1481,0.0000,-0.0570,0.0614,-9.8092,0.0011,0.0042,0.0015,-0.1006,0.0598,-9.8320,-0.0007,-0.0067,-0.0021,-0.0497,0.1399,-9.8590,0.0071,0.0039,0.0077,-0.0091,0.2247,-9.8193,0.0067,0.0136,-0.0248,0.0000,0.0093,0.0263,0.0012,126.0678,109.1044,0.0000,0.0000,-1.390685,0.540995,-0.078511,0.002886,-0.002939,-0.010209,-1.393128,0.556087,-0.200000,0.000000,0.000000,0.000000,-1.391297,0.543416,-0.076843,1.0000,1.0000,1.0000,1.660,4.810,0.340,5.000,3.000,8.000,1.500,0.060,0.110,385610267,1357414535,385608009,3181,1000,1506,1504,1505,1000,1000,2008,1505,1505,1074,2008,1625,1256,1000,1000
-0.0038,-0.0068,-0.6683,0.0005,-0.0209,3.1265,0.0063,-0.0042,-3.1481,0.0000,-0.0628,0.0318,-9.8314,0.0012,0.0029,0.0060,-0.0567,0.0162,-9.7936,0.0004,-0.0004,0.0024,-0.0234,0.1063,-9.9356,0.0004,0.0001,0.0045,-0.1564,-0.1057,-10.2341,0.0186,-0.0061,0.0093,0.0000,0.0092,0.0267,0.0008,129.0584,107.3939,0.0000,0.0000,-1.390651,0.540959,-0.078635,0.002741,-0.003027,-0.010417,-1.393128,0.556087,-0.200000,0.000000,0.000000,0.000000,-1.391297,0.543416,-0.076843,1.0000,1.0000,1.0000,1.660,4.810,0.340,5.000,3.000,8.000,1.500,0.060,0.110,385620767,1357414535,385620008,3181,1000,1506,1504,1505,1000,1000,2008,1505,1505,1074,2008,1625,1256,1000,1000
-0.0041,-0.0068,-0.6683,0.0005,-0.0209,3.1266,0.0063,-0.0042,-3.1481,0.0000,-0.0826,0.0514,-9.8611,0.0007,0.0047,0.0023,-0.0789,0.0140,-9.8260,0.0028,-0.0023,-0.0029,0.0772,-0.0325,-9.7704,-0.0020,-0.0031,-0.0016,-0.5550,0.3216,-9.6756,-0.0104,0.0083,0.0115,0.0000,0.0094,0.0262,0.0011,126.7582,107.5489,0.0000,0.0000,-1.390627,0.540931,-0.078730,0.002679,-0.003096,-0.010652,-1.393128,0.556087,-0.200000,0.000000,0.000000,0.000000,-1.391297,0.543416,-0.076843,1.0000,1.0000,1.0000,1.660,4.810,0.340,5.000,3.000,8.000,1.500,0.060,0.110,385631267,1357414535,385629008,3181,1000,1506,1504,1505,1000,1000,2008,1505,1505,1074,2008,1625,1256,1000,1000
-0.0040,-0.0071,-0.6683,0.0005,-0.0209,3.1266,0.0063,-0.0042,-3.1481,0.0000,-0.0672,0.0225,-9.8414,0.0006,0.0027,-0.0008,-0.0462,0.0306,-9.8203,0.0066,-0.0008,-0.0075,0.3070,0.0201,-9.9955,0.0044,0.0039,0.0013,-0.4078,0.3683,-9.6720,-0.0003,-0.0088,-0.0176,0.0000,0.0094,0.0268,0.0014,126.1148,111.1252,0.0000,0.0000,-1.390594,0.540893,-0.078859,0.002769,-0.003138,-0.010815,-1.393128,0.556087,-0.200000,0.000000,0.000000,0.000000,-1.391297,0.543416,-0.076843,1.0000,1.0000,1.0000,1.660,4.810,0.340,5.000,3.000,8.000,1.500,0.060,0.110,385641767,1357414535,385641008,3181,1000,1506,1504,1505,1000,1000,2008,1505,1505,1074,2008,1625,1256,1000,1000
-0.0038,-0.0077,-0.6683,0.0005,-0.0209,3.1266,0.0063,-0.0042,-3.1481,0.0000,-0.0777,0.0369,-9.8686,0.0005,0.0034,0.0013,-0.0859,0.0840,-9.8231,0.0024,-0.0004,-0.0029,-0.1215,0.0776,-9.5549,0.0028,0.0012,0.0077,-0.1313,0.1690,-9.9090,-0.0117,-0.0027,0.0075,0.0000,0.0093,0.0265,0.0013,125.9504,110.1273,0.0000,0.0000,-1.390569,0.540865,-0.078958,0.002874,-0.003079,-0.011150,-1.393128,0.556087,-0.200000,0.000000,0.000000,0.000000,-1.391297,0.543416,-0.076843,1.0000,1.0000,1.0000,1.660,4.810,0.340,5.000,3.000,8.000,1.500,0.060,0.110,385652267,1357414535,385650008,3181,1000,1506,1504,1505,1000,1000,2008,1505,1505,1074,2008,1625,1256,1000,1000
-0.0036,-0.0072,-0.6682,0.0005,-0.0209,3.1267,0.0063,-0.0042,-3.1481,0.0000,-0.0752,0.0235,-9.8768,0.0008,0.0042,0.0044,-0.0818,0.0256,-9.8408,0.0024,-0.0006,-0.0019,0.0844,-0.0804,-9.7728,0.0007,0.0047,0.0064,0.0842,0.3989,-9.6343,-0.0064,0.0107,-0.0027,0.0000,0.0094,0.0265,0.0008,128.8781,106.4457,0.0000,0.0000,-1.390535,0.540829,-0.079094,0.002770,-0.003011,-0.011526,-1.393128,0.556087,-0.200000,0.000000,0.000000,0.000000,-1.391297,0.543416,-0.076843,1.0000,1.0000,1.0000,1.660,4.810,0.340,5.000,3.000,8.000,1.500,0.060,0.110,385662767,1357414535,385662008,3181,1000,1506,1504,1505,1000,1000,2008,1505,1505,1074,2008,1625,1256,1000,1000
-0.0041,-0.0073,-0.6682,0.0001,-0.0211,3.1267,0.0063,-0.0042,-3.1481,0.0000,-0.0715,0.0618,-9.8544,0.0004,0.0030,0.0025,-0.0863,0.0171,-9.8270,0.0024,0.0030,-0.0028,-0.2317,-0.0062,-9.7896,0.0023,0.0041,0.0016,-0.1510,0.0595,-9.8031,-0.0080,0.0067,-0.0141,0.0000,0.0095,0.0265,0.0010,127.6845,108.0504,0.0000,0.0000,-1.390773,0.541485,-0.077567,0.001816,-0.000637,-0.007935,-1.393128,0.556087,-0.200000,0.000000,0.000000,0.000000,-1.390951,0.541945,-0.075479,1.0000,1.0000,1.0000,1.660,4.810,0.340,5.000,3.000,8.000,1.500,0.060,0.110,385672814,1357547985,385671008,3182,1000,1506,1504,1505,1000,1000,2008,1505,1505,1074,2008,1625,1256,1000,1000
-0.0043,-0.0073,-0.6682,0.0001,-0.0211,3.1268,0.0063,-0.0042,-3.1481,0.0000,-0.0725,0.0616,-9.8358,0.0006,0.0034,0.0028,-0.0723,0.0347,-9.8084,0.0047,0.0000,-0.0033,-0.1742,0.1614,-10.1798,-0.0020,0.0108,0.0016,-0.2174,0.2857,-10.1353,0.0136,0.0048,0.0165,0.0000,0.0097,0.0267,0.0011,128.3323,108.3706,0.0000,0.0000,-1.390751,0.541476,-0.077664,0.001791,-0.000746,-0.008160,-1.393128,0.556087,-0.200000,0.000000,0.000000,0.000000,-1.390951,0.541945,-0.075479,1.0000,1.0000,1.0000,1.660,4.810,0.340,5.000,3.000,8.000,1.500,0.060,0.110,385683314,1357547985,385683055,3182,1000,1506,1504,1505,1000,1000,2008,1505,1505,1074,2008,1625,1256,1000,1000
-0.0044,-0.0073,-0.6681,0.0001,-0.0211,3.1268,0.0063,-0.0042,-3.1481,0.0000,-0.0900,0.0231,-9.8443,0.0009,0.0041,0.0040,-0.0417,0.0247,-9.8147,0.0009,-0.0031,-0.0026,0.0700,0.1997,-9.5166,-0.0007,-0.0033,0.0011,-0.5012,0.2426,-9.9216,-0.0194,-0.0138,0.0194,0.0000,0.0100,0.0268,0.0010,129.3819,107.6312,0.0000,0.0000,-1.390735,0.541469,-0.077740,0.001807,-0.000797,-0.008574,-1.393128,0.556087,-0.200000,0.000000,0.000000,0.000000,-1.390951,0.541945,-0.075479,1.0000,1.0000,1.0000,1.660,4.810,0.340,5.000,3.000,8.000,1.500,0.060,0.110,385693814,1357547985,385692055,3182,1000,1506,1504,1505,1000,1000,2008,1505,1505,1074,2008,1625,1256,1000,1000
-0.0041,-0.0080,-0.6681,0.0001,-0.0211,3.1269,0.0063,-0.0042,-3.1481,0.0000,-0.0965,0.0325,-9.8310,0.0009,0.0034,0.0027,-0.0559,0.0075,-9.8496,0.0052,-0.0033,0.0009,0.2328,0.1159,-10.0122,-0.0004,0.0060,0.0032,-0.1654,-0.1560,-9.8103,0.0061,0.0005,-0.0245,0.0000,0.0101,0.0269,0.0011,129.3159,107.9064,0.0000,0.0000,-1.390711,0.541460,-0.077844,0.002241,-0.000624,-0.008659,-1.393128,0.556087,-0.200000,0.000000,0.000000,0.000000,-1.390951,0.541945,-0.075479,1.0000,1.0000,1.0000,1.660,4.810,0.340,5.000,3.000,8.000,1.500,0.060,0.110,385704314,1357547985,385704103,3182,1000,1506,1504,1505,1000,1000,2008,1505,1505,1074,2008,1625,1256,1000,1000
-0.0042,-0.0078,-0.6681,0.0001,-0.0211,3.1269,0.0063,-0.0042,-3.1481,0.0000,-0.0749,0.0418,-9.8449,0.0026,0.0033,0.0023,-0.0897,0.0760,-9.8015,0.0002,-0.0008,-0.0048,-0.1958,0.0513,-9.7992,0.0004,0.0001,-0.0003,-0.4653,-0.1201,-9.7169,0.0048,0.0059,-0.0288,0.0000,0.0097,0.0268,0.0010,128.7510,108.2167,0.0000,0.0000,-1.390691,0.541455,-0.077921,0.002227,-0.000650,-0.008579,-1.393128,0.556087,-0.200000,0.000000,0.000000,0.000000,-1.390951,0.541945,-0.075479,1.0000,1.0000,1.0000,1.660,4.810,0.340,5.000,3.000,8.000,1.500,0.060,0.110,385714814,1357547985,385713055,3182,1000,1506,1504,1505,1000,1000,2008,1505,1505,1074,2008,1625,1256,1000,1000
-0.0039,-0.0072,-0.6681,0.0001,-0.0211,3.1269,0.0063,-0.0042,-3.1481,0.0000,-0.0373,0.0088,-9.8653,0.0008,0.0024,0.0022,-0.0607,0.0255,-9.8008,0.0009,-0.0021,-0.0042,0.0652,0.1063,-9.8686,0.0036,0.0057,0.0037,-0.2552,0.0756,-9.9701,0.0059,-0.0072,-0.0021,0.0000,0.0100,0.0272,0.0011,129.6358,109.0612,0.0000,0.0000,-1.390666,0.541447,-0.078026,0.001887,-0.000510,-0.008956,-1.393128,0.556087,-0.200000,0.000000,0.000000,0.000000,-1.390951,0.541945,-0.075479,1.0000,1.0000,1.0000,1.660,4.810,0.340,5.000,3.000,8.000,1.500,0.060,0.110,385725314,1357547985,385725055,3182,1000,1506,1504,1505,1000,1000,2008,1505,1505,1074,2008,1625,1256,1000,1000
-0.0042,-0.0066,-0.6680,0.0001,-0.0211,3.1270,0.0063,-0.0042,-3.1481,0.0000,-0.0685,0.0547,-9.9034,0.0021,0.0050,0.0036,-0.1065,0.0452,-9.8080,0.0020,0.0032,-0.0008,0.1418,-0.0014,-9.4400,0.0015,-0.0031,0.0035,-0.1187,0.0631,-9.3165,0.0149,-0.0234,-0.0093,0.0000,0.0095,0.0263,0.0009,127.9807,106.8849,0.0000,0.0000,-1.390650,0.541443,-0.078109,0.001658,-0.000612,-0.009462,-1.393128,0.556087,-0.200000,0.000000,0.000000,0.000000,-1.390951,0.541945,-0.075479,1.0000,1.0000,1.0000,1.660,4.810,0.340,5.000,3.000,8.000,1.500,0.060,0.110,385735814,1357547985,385734055,3182,1000,1506,1504,1505,1000,1000,2008,1505,1505,1074,2008,1625,1256,1000,1000
-0.0046,-0.0070,-0.6680,0.0002,-0.0210,3.1270,0.0063,-0.0042,-3.1481,0.0000,-0.1095,0.0466,-9.8894,0.0014,0.0045,0.0035,-0.0865,0.0055,-9.8301,0.0059,0.0009,-0.0009,0.2376,-0.1738,-9.9380,0.0015,0.0063,0.0027,-0.0900,-0.1524,-9.7546,-0.0003,0.0083,-0.0112,0.0000,0.0098,0.0265,0.0009,128.7326,106.5880,0.0000,0.0000,-1.390630,0.541434,-0.078226,0.001734,-0.000756,-0.010035,-1.393128,0.556087,-0.200000,0.000000,0.000000,0.000000,-1.390951,0.541945,-0.075479,1.0000,1.0000,1.0000,1.660,4.810,0.340,5.000,3.000,8.000,1.500,0.060,0.110,385746314,1357547985,385746055,3182,1000,1506,1504,1505,1000,1000,2008,1505,1505,1074,2008,1625,1256,1000,1000
-0.0042,-0.0077,-0.6680,0.0002,-0.0210,3.1271,0.0063,-0.0042,-3.1481,0.0000,-0.0850,0.0324,-9.8349,0.0010,0.0035,0.0028,-0.0794,0.0668,-9.8296,0.0024,-0.0012,-0.0022,-0.4160,0.0776,-10.0601,-0.0004,0.0036,0.0011,0.0860,-0.2063,-9.9575,0.0011,0.0024,-0.0101,0.0000,0.0098,0.0267,0.0010,128.8341,107.5804,0.0000,0.0000,-1.390614,0.541428,-0.078318,0.001887,-0.000690,-0.010366,-1.393128,0.556087,-0.200000,0.000000,0.000000,0.000000,-1.390951,0.541945,-0.075479,1.0000,1.0000,1.0000,1.660,4.810,0.340,5.000,3.000,8.000,1.500,0.060,0.110,385756814,1357547985,385755055,3182,1000,1506,1504,1505,1000,1000,2008,1505,1505,1074,2008,1625,1256,1000,1000
-0.0040,-0.0076,-0.6679,0.0002,-0.0210,3.1271,0.0063,-0.0042,-3.1481,0.0000,-0.0572,0.0330,-9.8514,0.0018,0.0030,0.0031,-0.0705,0.0145,-9.8118,0.0041,-0.0002,-0.0030,-0.2077,0.3290,-10.0649,0.0023,0.0097,0.0051,-0.2965,-0.2171,-9.8947,-0.0096,0.0032,0.0011,0.0000,0.0094,0.0267,0.0010,128.3971,108.1588,0.0000,0.0000,-1.390591,0.541420,-0.078444,0.001846,-0.000671,-0.010672,-1.393128,0.556087,-0.200000,0.000000,0.000000,0.000000,-1.390951,0.541945,-0.075479,1.0000,1.0000,1.0000,1.660,4.810,0.340,5.000,3.000,8.000,1.500,0.060,0.110,385767314,1357547985,385767056,3182,1000,1506,1504,1505,1000,1000,2008,1505,1505,1074,2008,1625,1256,1000,1000
-0.0038,-0.0076,-0.6679,-0.0003,-0.0213,3.1272,0.0063,-0.0042,-3.1481,0.0000,-0.1030,0.0245,-9.8556,0.0019,0.0055,0.0031,-0.0703,0.0738,-9.8277,0.0008,-0.0011,-0.0026,-0.1407,0.0154,-9.5933,-0.0023,-0.0001,0.0008,0.0735,0.0271,-9.5068,0.0128,-0.0008,0.0096,0.0000,0.0103,0.0266,0.0010,129.4335,106.4651,0.0000,0.0000,-1.390962,0.542217,-0.077713,0.000453,0.002399,-0.008891,-1.393128,0.556087,-0.200000,0.000000,0.000000,0.000000,-1.391259,0.542821,-0.076544,1.0000,1.0000,1.0000,1.660,4.810,0.340,5.000,3.000,8.000,1.500,0.060,0.110,385777359,1357680878,385776100,3183,1000,1506,1504,1505,1000,1000,2008,1505,1505,1074,2008,1625,1256,1000,1000
-0.0036,-0.0078,-0.6679,-0.0003,-0.0213,3.1272,0.0063,-0.0042,-3.1481,0.0000,-0.0789,0.0198,-9.8462,0.0021,0.0030,0.0033,-0.0803,0.0293,-9.8513,0.0031,0.0003,-0.0023,0.2448,0.1686,-9.9380,0.0025,0.0065,0.0011,-0.3108,-0.2350,-9.5104,-0.0091,0.0093,0.0096,0.0000,0.0102,0.0270,0.0009,130.6819,106.9793,0.0000,0.0000,-1.390957,0.542238,-0.077793,0.000490,0.002491,-0.008965,-1.393128,0.556087,-0.200000,0.000000,0.000000,0.000000,-1.391259,0.542821,-0.076544,1.0000,1.0000,1.0000,1.660,4.810,0.340,5.000,3.000,8.000,1.500,0.060,0.110,385787859,1357680878,385785100,3183,1000,1506,1504,1505,1000,1000,2008,1505,1505,1074,2008,1625,1256,1000,1000
-0.0031,-0.0079,-0.6679,-0.0003,-0.0213,3.1273,0.0063,-0.0042,-3.1481,0.0000,-0.0610,0.0296,-9.8724,0.0006,0.0032,0.0018,-0.0709,0.0130,-9.7878,0.0020,-0.0049,-0.0051,-0.4280,0.1399,-9.7752,0.0025,0.0076,-0.0005,-0.0540,-0.1345,-10.0563,0.0115,-0.0005,-0.0061,0.0000,0.0103,0.0274,0.0010,130.8073,108.5557,0.0000,0.0000,-1.390951,0.542271,-0.077903,0.000571,0.002818,-0.009310,-1.393128,0.556087,-0.200000,0.000000,0.000000,0.000000,-1.391259,0.542821,-0.076544,1.0000,1.0000,1.0000,1.660,4.810,0.340,5.000,3.000,8.000,1.500,0.060,0.110,385797889,1357680878,385797131,3183,1000,1506,1504,1505,1000,1000,2008,1505,1505,1074,2008,1625,1256,1000,1000
-0.0027,-0.0072,-0.6678,-0.0003,-0.0213,3.1273,0.0063,-0.0042,-3.1481,0.0000,-0.0567,0.0255,-9.8778,0.0004,0.0030,0.0021,-0.0426,0.0467,-9.8208,0.0034,0.0015,-0.0030,0.1298,0.1446,-9.6244,0.0025,0.0020,0.0056,-0.4186,0.2857,-9.8175,0.0123,-0.0077,-0.0061,0.0000,0.0106,0.0271,0.0011,130.5805,107.5094,0.0000,0.0000,-1.390947,0.542297,-0.077989,0.000323,0.003055,-0.009818,-1.393128,0.556087,-0.200000,0.000000,0.000000,0.000000,-1.391259,0.542821,-0.076544,1.0000,1.0000,1.0000,1.660,4.810,0.340,5.000,3.000,8.000,1.500,0.060,0.110,385808389,1357680878,385806130,3183,1000,1506,1504,1505,1000,1000,2008,1505,1505,1074,2008,1625,1256,1000,1000
-0.0030,-0.0069,-0.6678,-0.0002,-0.0213,3.1273,0.0063,-0.0042,-3.1481,0.0000,-0.1060,0.0543,-9.8767,0.0022,0.0037,0.0031,-0.1031,0.0312,-9.8127,0.0023,0.0032,-0.0010,0.1418,-0.0038,-9.5909,-0.0001,-0.0028,0.0048,0.1219,0.1313,-9.6487,0.0080,-0.0170,-0.0024,0.0000,0.0102,0.0275,0.0011,130.8501,109.2569,0.0000,0.0000,-1.390944,0.542334,-0.078109,0.000187,0.003122,-0.010204,-1.393128,0.556087,-0.200000,0.000000,0.000000,0.000000,-1.391259,0.542821,-0.076544,1.0000,1.0000,1.0000,1.660,4.810,0.340,5.000,3.000,8.000,1.500,0.060,0.110,385818889,1357680878,385818130,3183,1000,1506,1504,1505,1000,1000,2008,1505,1505,1074,2008,1625,1256,1000,1000
-0.0037,-0.0069,-0.6678,-0.0002,-0.0213,3.1274,0.0063,-0.0042,-3.1481,0.0000,-0.0660,0.0454,-9.8497,0.0013,0.0027,0.0033,-0.0990,0.0025,-9.8843,0.0028,-0.0042,-0.0018,-0.3251,-0.1929,-10.1200,0.0017,0.0036,0.0008,0.2315,0.1870,-9.8031,0.0027,0.0192,-0.0261,0.0000,0.0103,0.0272,0.0009,131.1994,107.4291,0.0000,0.0000,-1.390943,0.542361,-0.078202,0.000122,0.002963,-0.010438,-1.393128,0.556087,-0.200000,0.000000,0.000000,0.000000,-1.391259,0.542821,-0.076544,1.0000,1.0000,1.0000,1.660,4.810,0.340,5.000,3.000,8.000,1.500,0.060,0.110,385829389,1357680878,385827130,3183,1000,1506,1504,1505,1000,1000,2008,1505,1505,1074,2008,1625,1256,1000,1000
-0.0040,-0.0071,-0.6677,-0.0002,-0.0213,3.1274,0.0063,-0.0042,-3.1481,0.0000,-0.0724,0.0455,-9.8482,0.0018,0.0029,0.0033,-0.0788,0.0046,-9.7968,0.0013,-0.0010,-0.0022,-0.3298,0.0824,-10.2086,0.0023,0.0092,0.0027,-0.1366,0.2750,-10.1299,0.0051,0.0101,-0.0019,0.0000,0.0103,0.0273,0.0010,130.8828,108.0577,0.0000,0.0000,-1.390942,0.542397,-0.078329,0.000085,0.002969,-0.010605,-1.393128,0.556087,-0.200000,0.000000,0.000000,0.000000,-1.391259,0.542821,-0.076544,1.0000,1.0000,1.0000,1.660,4.810,0.340,5.000,3.000,8.000,1.500,0.060,0.110,385839889,1357680878,385839130,3183,1000,1506,1504,1505,1000,1000,2008,1505,1505,1074,2008,1625,1256,1000,1000
-0.0038,-0.0071,-0.6677,-0.0002,-0.0213,3.1275,0.0063,-0.0042,-3.1481,0.0000,-0.0746,0.0472,-9.8245,-0.0003,0.0037,0.0029,-0.0692,0.0771,-9.8124,0.0029,-0.0043,-0.0020,-0.2460,0.1710,-9.7992,0.0015,0.0028,0.0056,0.0340,-0.4667,-9.7331,0.0011,-0.0157,0.0136,0.0000,0.0109,0.0271,0.0009,131.6547,106.2215,0.0000,0.0000,-1.390942,0.542424,-0.078426,-0.000015,0.003080,-0.010976,-1.393128,0.556087,-0.200000,0.000000,0.000000,0.000000,-1.391259,0.542821,-0.076544,1.0000,1.0000,1.0000,1.660,4.810,0.340,5.000,3.000,8.000,1.500,0.060,0.110,385850389,1357680878,385848130,3183,1000,1506,1504,1505,1000,1000,2008,1505,1505,1075,2008,1625,1256,1000,1000
-0.0043,-0.0074,-0.6677,-0.0002,-0.0213,3.1275,0.0063,-0.0042,-3.1481,0.0000,-0.1051,0.0356,-9.9055,0.0029,0.0043,0.0034,-0.0844,0.0037,-9.8303,0.0022,0.0017,0.0001,0.2496,0.1542,-9.7513,-0.0009,-0.0001,-0.0016,-0.0271,0.0146,-9.5768,0.0048,0.0059,-0.0136,0.0000,0.0098,0.0269,0.0009,130.0841,107.3386,0.0000,0.0000,-1.390942,0.542461,-0.078559,0.000054,0.003012,-0.011325,-1.393128,0.556087,-0.200000,0.000000,0.000000,0.000000,-1.391259,0.542821,-0.076544,1.0000,1.0000,1.0000,1.660,4.810,0.340,5.000,3.000,8.000,1.500,0.060,0.110,385860889,1357680878,385860130,3183,1000,1506,1504,1505,1000,1000,2008,1505,1505,1074,2008,1625,1256,1000,1000
-0.0037,-0.0076,-0.6677,-0.0002,-0.0213,3.1275,0.0063,-0.0042,-3.1481,0.0000,-0.0769,0.0234,-9.8790,0.0010,0.0045,0.0016,-0.1132,0.0185,-9.8346,0.0027,0.0019,-0.0010,-0.0330,0.1207,-9.8925,0.0017,0.0047,0.0035,-0.6287,-0.2476,-9.6289,0.0107,-0.0157,0.0088,0.0000,0.0104,0.0269,0.0011,129.9695,107.3873,0.0000,0.0000,-1.390941,0.542489,-0.078663,0.000154,0.003174,-0.011699,-1.393128,0.556087,-0.200000,0.000000,0.000000,0.000000,-1.391259,0.542821,-0.076544,1.0000,1.0000,1.0000,1.660,4.810,0.340,5.000,3.000,8.000,1.500,0.060,0.110,385871389,1357680878,385869130,3183,1000,1506,1504,1505,1000,1000,2008,1505,1505,1074,2008,1625,1256,1000,1000
-0.0040,-0.0080,-0.6676,-0.0002,-0.0212,3.1276,0.0063,-0.0042,-3.1481,0.0000,-0.1074,0.0520,-9.8278,0.0012,0.0033,0.0027,-0.1036,0.0321,-9.8075,0.0015,-0.0010,-0.0001,-0.1311,0.0345,-10.3881,-0.0015,0.0055,0.0040,-0.1851,0.2193,-10.1892,0.0067,0.0248,-0.0043,0.0000,0.0103,0.0269,0.0009,130.7758,106.5217,0.0000,0.0000,-1.390938,0.542527,-0.078806,0.000306,0.003114,-0.012122,-1.393128,0.556087,-0.200000,0.000000,0.000000,0.000000,-1.391259,0.542821,-0.076544,1.0000,1.0000,1.0000,1.660,4.810,0.340,5.000,3.000,8.000,1.500,0.060,0.110,385881889,1357680878,385881130,3183,1000,1506,1504,1505,1000,1000,2008,1505,1505,1074,2008,1625,1256,1000,1000
-0.0036,-0.0083,-0.6676,-0.0002,-0.0212,3.1276,0.0063,-0.0042,-3.1481,0.0000,-0.0636,0.0067,-9.8501,0.0016,0.0048,0.0029,-0.0670,0.0042,-9.8105,0.0008,-0.0009,-0.0000,-0.2221,0.1638,-9.9859,0.0017,0.0060,0.0013,-0.1169,-0.2817,-9.8911,0.0043,-0.0008,-0.0157,0.0000,0.0102,0.0268,0.0009,130.2297,106.2398,0.0000,0.0000,-1.390934,0.542556,-0.078917,0.000516,0.003247,-0.012486,-1.393128,0.556087,-0.200000,0.000000,0.000000,0.000000,-1.391259,0.542821,-0.076544,1.0000,1.0000,1.0000,1.660,4.810,0.340,5.000,3.000,8.000,1.500,0.060,0.110,385892389,1357680878,385890130,3183,1000,1506,1504,1505,1000,1000,2008,1505,1505,1074,2008,1625,1256,1000,1000
-0.0034,-0.0082,-0.6676,-0.0002,-0.0212,3.1277,0.0063,-0.0042,-3.1481,0.0000,-0.0912,0.0304,-9.8818,0.0012,0.0038,-0.0001,-0.0778,0.0569,-9.8026,0.0017,-0.0038,-0.0063,0.1107,0.2045,-9.7489,-0.0015,-0.0007,-0.0008,-0.1330,0.1852,-9.8264,-0.0005,-0.0037,-0.0072,0.0000,0.0106,0.0268,0.0011,129.6666,107.3070,0.0000,0.0000,-1.390928,0.542596,-0.079071,0.000523,0.003497,-0.013117,-1.393128,0.556087,-0.200000,0.000000,0.000000,0.000000,-1.391259,0.542821,-0.076544,1.0000,1.0000,1.0000,1.660,4.810,0.340,5.000,3.000,8.000,1.500,0.060,0.110,385902889,1357680878,385902131,3183,1000,1506,1504,1505,1000,1000,2008,1505,1505,1074,2008,1625,1256,1000,1000
-0.0036,-0.0079,-0.6676,0.0001,-0.0215,3.1277,0.0063,-0.0042,-3.1481,0.0000,-0.0483,0.0454,-9.8747,0.0017,0.0030,0.0031,-0.0973,0.0704,-9.8534,0.0014,-0.0020,0.0018,0.1322,0.2404,-9.7249,-0.0012,0.0060,0.0072,-0.1115,-0.2727,-9.4242,0.0123,-0.0013,0.0003,0.0000,0.0098,0.0281,0.0010,131.6573,110.8435,0.0000,0.0000,-1.391454,0.542184,-0.077929,-0.001567,0.001841,-0.010261,-1.393128,0.556087,-0.200000,0.000000,0.000000,0.000000,-1.391780,0.541902,-0.076354,1.0000,1.0000,1.0000,1.660,4.810,0.340,5.000,3.000,8.000,1.500,0.060,0.110,385912934,1357781674,385911175,3184,1000,1506,1504,1505,1000,1000,2008,1505,1505,1074,2008,1625,1256,1000,1000
-0.0039,-0.0074,-0.6675,0.0001,-0.0215,3.1277,0.0063,-0.0042,-3.1481,0.0000,-0.0567,0.0245,-9.8312,0.0005,0.0021,0.0064,-0.0742,0.1069,-9.8345,0.0030,0.0048,0.0021,-0.3179,-0.0062,-9.8782,-0.0004,0.0076,0.0053,0.2494,0.2624,-10.0365,0.0101,-0.0056,-0.0029,0.0000,0.0098,0.0277,0.0005,133.3456,107.0581,0.0000,0.0000,-1.391474,0.542206,-0.078055,-0.001816,0.001774,-0.010712,-1.393128,0.556087,-0.200000,0.000000,0.000000,0.000000,-1.391780,0.541902,-0.076354,1.0000,1.0000,1.0000,1.660,4.810,0.340,5.000,3.000,8.000,1.500,0.060,0.110,385923434,1357781674,385923175,3184,1000,1506,1504,1505,1000,1000,2008,1505,1505,1074,2008,1625,1256,1000,1000
-0.0036,-0.0076,-0.6675,0.0001,-0.0216,3.1278,0.0063,-0.0042,-3.1481,0.0000,-0.0787,0.0263,-9.8001,0.0022,0.0020,0.0029,-0.1015,-0.0017,-9.7771,0.0017,-0.0004,-0.0040,-0.2484,-0.1498,-9.9811,0.0071,0.0033,0.0013,-0.4006,-0.3661,-9.9737,0.0205,0.0075,0.0109,0.0000,0.0097,0.0280,0.0008,132.4252,109.7585,0.0000,0.0000,-1.391491,0.542222,-0.078152,-0.001796,0.001871,-0.010794,-1.393128,0.556087,-0.200000,0.000000,0.000000,0.000000,-1.391780,0.541902,-0.076354,1.0000,1.0000,1.0000,1.660,4.810,0.340,5.000,3.000,8.000,1.500,0.060,0.110,385933934,1357781674,385932175,3184,1000,1506,1504,1505,1000,1000,2008,1505,1505,1074,2008,1625,1256,1000,1000
-0.0036,-0.0081,-0.6675,0.0001,-0.0216,3.1278,0.0063,-0.0042,-3.1481,0.0000,-0.0971,0.0542,-9.8529,0.0013,0.0028,0.0007,-0.0650,0.0565,-9.8299,0.0037,0.0010,-0.0047,0.0413,0.1710,-9.3083,-0.0001,-0.0060,0.0008,-0.3647,0.2462,-9.9467,0.0107,-0.0144,0.0093,0.0000,0.0094,0.0286,0.0011,131.6028,113.2955,0.0000,0.0000,-1.391512,0.542245,-0.078281,-0.001644,0.001890,-0.010821,-1.393128,0.556087,-0.200000,0.000000,0.000000,0.000000,-1.391780,0.541902,-0.076354,1.0000,1.0000,1.0000,1.660,4.810,0.340,5.000,3.000,8.000,1.500,0.060,0.110,385944434,1357781674,385944175,3184,1000,1506,1504,1505,1000,1000,2008,1505,1505,1074,2008,1625,1256,1000,1000
-0.0039,-0.0085,-0.6674,0.0002,-0.0216,3.1279,0.0063,-0.0042,-3.1481,0.0000,-0.0941,0.0540,-9.8638,0.0016,0.0040,0.0042,-0.0864,-0.0010,-9.8367,0.0037,-0.0033,-0.0036,-0.0545,-0.1451,-9.8063,-0.0023,0.0023,0.0043,0.2153,0.3665,-9.6648,-0.0003,0.0072,0.0218,0.0000,0.0097,0.0275,0.0009,130.6292,109.4244,0.0000,0.0000,-1.391526,0.542262,-0.078379,-0.001504,0.001850,-0.010963,-1.393128,0.556087,-0.200000,0.000000,0.000000,0.000000,-1.391780,0.541902,-0.076354,1.0000,1.0000,1.0000,1.660,4.810,0.340,5.000,3.000,8.000,1.500,0.060,0.110,385954934,1357781674,385953175,3184,1000,1506,1504,1505,1000,1000,2008,1505,1505,1074,2008,1625,1256,1000,1000
-0.0045,-0.0084,-0.6674,0.0002,-0.0216,3.1279,0.0063,-0.0042,-3.1481,0.0000,-0.1030,0.0483,-9.8560,0.0016,0.0031,0.0037,-0.0819,0.0203,-9.8240,-0.0005,-0.0019,0.0009,-0.3203,-0.0541,-9.8375,0.0012,0.0031,0.0003,0.3841,-0.1147,-10.0509,0.0032,-0.0125,-0.0107,0.0000,0.0096,0.0278,0.0008,131.8977,109.2139,0.0000,0.0000,-1.391544,0.542283,-0.078512,-0.001473,0.001647,-0.011276,-1.393128,0.556087,-0.200000,0.000000,0.000000,0.000000,-1.391780,0.541902,-0.076354,1.0000,1.0000,1.0000,1.660,4.810,0.340,5.000,3.000,8.000,1.500,0.060,0.110,385965434,1357781674,385965175,3184,1000,1506,1504,1505,1000,1000,2008,1505,1505,1074,2008,1625,1256,1000,1000
-0.0041,-0.0081,-0.6674,0.0002,-0.0216,3.1279,0.0063,-0.0042,-3.1481,0.0000,-0.0534,0.0316,-9.8437,0.0007,0.0035,0.0012,-0.0355,0.0563,-9.8236,-0.0013,-0.0018,-0.0038,-0.1120,-0.1953,-10.1176,0.0033,0.0089,0.0016,-0.5119,0.3737,-9.9019,0.0051,-0.0186,0.0096,0.0000,0.0098,0.0276,0.0010,130.5799,109.7894,0.0000,0.0000,-1.391557,0.542298,-0.078615,-0.001558,0.001757,-0.011643,-1.393128,0.556087,-0.200000,0.000000,0.000000,0.000000,-1.391780,0.541902,-0.076354,1.0000,1.0000,1.0000,1.660,4.810,0.340,5.000,3.000,8.000,1.500,0.060,0.110,385975934,1357781674,385974175,3184,1000,1506,1504,1505,1000,1000,2008,1505,1505,1074,2008,1625,1256,1000,1000
-0.0037,-0.0075,-0.6673,0.0002,-0.0216,3.1280,0.0063,-0.0042,-3.1481,0.0000,-0.0535,0.0398,-9.8312,0.0011,0.0037,0.0027,-0.0627,0.0468,-9.8135,0.0036,-0.0023,-0.0035,-0.0832,-0.0756,-9.4879,-0.0001,-0.0020,0.0019,-0.3449,0.6090,-10.1946,0.0088,0.0045,-0.0107,0.0000,0.0097,0.0276,0.0009,130.8601,109.4410,0.0000,0.0000,-1.391578,0.542319,-0.078757,-0.001842,0.001835,-0.011836,-1.393128,0.556087,-0.200000,0.000000,0.000000,0.000000,-1.391780,0.541902,-0.076354,1.0000,1.0000,1.0000,1.660,4.810,0.340,5.000,3.000,8.000,1.500,0.060,0.110,385986434,1357781674,385986175,3184,1000,1506,1504,1505,1000,1000,2008,1505,1505,1075,2008,1625,1256,1000,1000
-0.0036,-0.0074,-0.6673,0.0002,-0.0216,3.1280,0.0063,-0.0042,-3.1481,0.0000,-0.1042,0.0342,-9.8706,0.0017,0.0038,0.0041,-0.0848,0.0859,-9.8521,0.0004,-0.0020,-0.0009,0.1107,0.3266,-9.8015,0.0004,0.0025,0.0064,0.0429,-0.5223,-9.3973,0.0024,0.0029,-0.0101,0.0000,0.0096,0.0275,0.0007,131.5007,108.3561,0.0000,0.0000,-1.391595,0.542336,-0.078864,-0.001879,0.001905,-0.011999,-1.393128,0.556087,-0.200000,0.000000,0.000000,0.000000,-1.391780,0.541902,-0.076354,1.0000,1.0000,1.0000,1.660,4.810,0.340,5.000,3.000,8.000,1.500,0.060,0.110,385996934,1357781674,385995175,3184,1000,1506,1504,1505,1000,1000,2008,1505,1505,1075,2008,1625,1256,1000,1000
-0.0040,-0.0078,-0.6673,0.0000,-0.0214,3.1281,0.0063,-0.0042,-3.1481,0.0000,-0.0938,0.0288,-9.8879,-0.0008,0.0012,0.0035,-0.1308,0.0743,-9.8313,0.0024,-0.0005,-0.0027,-0.1287,-0.0110,-9.7992,-0.0023,0.0028,0.0024,-0.1510,-0.1147,-9.4978,0.0072,0.0141,0.0080,0.0000,0.0106,0.0283,0.0007,134.5948,108.2019,0.0000,0.0000,-1.391376,0.542664,-0.077929,-0.000931,0.002988,-0.009886,-1.393128,0.556087,-0.200000,0.000000,0.000000,0.000000,-1.391190,0.542909,-0.076465,1.0000,1.0000,1.0000,1.660,4.810,0.340,5.000,3.000,8.000,1.500,0.060,0.110,386006980,1357913619,386004175,3185,1000,1506,1504,1505,1000,1000,2008,1505,1505,1074,2008,1625,1256,1000,1000
-0.0039,-0.0080,-0.6672,0.0000,-0.0214,3.1281,0.0063,-0.0042,-3.1481,0.0000,-0.0546,0.0309,-9.8280,0.0011,0.0024,0.0024,-0.0453,0.0156,-9.8203,0.0022,-0.0052,-0.0023,-0.2245,-0.1858,-10.2852,0.0012,0.0087,0.0045,-0.0684,0.7095,-10.2718,-0.0027,0.0099,-0.0112,0.0000,0.0101,0.0275,0.0008,131.8014,107.9331,0.0000,0.0000,-1.391386,0.542700,-0.078053,-0.000861,0.003068,-0.010532,-1.393128,0.556087,-0.200000,0.000000,0.000000,0.000000,-1.391190,0.542909,-0.076465,1.0000,1.0000,1.0000,1.660,4.810,0.340,5.000,3.000,8.000,1.500,0.060,0.110,386017019,1357913619,386016260,3185,1000,1506,1504,1505,1000,1000,2008,1505,1505,1074,2008,1625,1256,1000,1000
-0.0036,-0.0080,-0.6672,0.0000,-0.0214,3.1282,0.0063,-0.0042,-3.1481,0.0000,-0.0805,0.0316,-9.8796,0.0017,0.0034,0.0024,-0.1000,0.0282,-9.7688,0.0028,-0.0011,-0.0024,-0.1024,-0.1953,-9.4855,0.0049,-0.0025,0.0016,-0.2534,-0.3392,-9.7887,0.0008,0.0005,-0.0016,0.0000,0.0097,0.0275,0.0009,130.8774,109.1447,0.0000,0.0000,-1.391394,0.542728,-0.078150,-0.000803,0.003161,-0.010873,-1.393128,0.556087,-0.200000,0.000000,0.000000,0.000000,-1.391190,0.542909,-0.076465,1.0000,1.0000,1.0000,1.660,4.810,0.340,5.000,3.000,8.000,1.500,0.060,0.110,386027519,1357913619,386025260,3185,1000,1506,1504,1505,1000,1000,2008,1505,1505,1074,2008,1625,1256,1000,1000
-0.0034,-0.0080,-0.6672,0.0000,-0.0215,3.1282,0.0063,-0.0042,-3.1481,0.0000,-0.1016,0.0309,-9.8789,0.0007,0.0021,0.0030,-0.0646,0.0503,-9.8278,0.0039,-0.0000,0.0001,0.2903,0.1327,-9.6340,-0.0004,-0.0023,0.0013,-0.2228,0.1403,-9.7474,-0.0021,-0.0101,0.0085,0.0000,0.0103,0.0279,0.0008,133.1788,108.3529,0.0000,0.0000,-1.391404,0.542767,-0.078283,-0.000740,0.003324,-0.011454,-1.393128,0.556087,-0.200000,0.000000,0.000000,0.000000,-1.391190,0.542909,-0.076465,1.0000,1.0000,1.0000,1.660,4.810,0.340,5.000,3.000,8.000,1.500,0.060,0.110,386038019,1357913619,386037260,3185,1000,1506,1504,1505,1000,1000,2008,1505,1505,1074,2008,1625,1256,1000,1000
-0.0031,-0.0077,-0.6672,0.0000,-0.0215,3.1282,0.0063,-0.0042,-3.1481,0.0000,-0.0772,0.0239,-9.8850,0.0006,0.0043,0.0039,-0.1057,0.0376,-9.8199,0.0037,-0.0024,-0.0047,-0.0569,-0.1283,-9.8279,-0.0012,-0.0009,0.0027,-0.5335,-0.0339,-9.7079,0.0011,-0.0117,-0.0003,0.0000,0.0104,0.0276,0.0007,132.9870,107.1700,0.0000,0.0000,-1.391411,0.542798,-0.078388,-0.000827,0.003426,-0.011740,-1.393128,0.556087,-0.200000,0.000000,0.000000,0.000000,-1.391190,0.542909,-0.076465,1.0000,1.0000,1.0000,1.660,4.810,0.340,5.000,3.000,8.000,1.500,0.060,0.110,386048519,1357913619,386046261,3185,1000,1506,1504,1505,1000,1000,2008,1505,1505,1074,2008,1625,1256,1000,1000
-0.0032,-0.0072,-0.6671,0.0000,-0.0214,3.1283,0.0063,-0.0042,-3.1481,0.0000,-0.0583,0.0221,-9.8425,0.0024,0.0042,0.0023,-0.0159,0.0116,-9.8103,0.0029,-0.0003,-0.0005,-0.1551,0.0393,-10.2421,0.0020,0.0111,0.0051,-0.6053,0.3414,-10.2843,-0.0064,0.0048,0.0069,0.0000,0.0097,0.0271,0.0008,130.4781,107.3896,0.0000,0.0000,-1.391421,0.542840,-0.078532,-0.001036,0.003515,-0.012279,-1.393128,0.556087,-0.200000,0.000000,0.000000,0.000000,-1.391190,0.542909,-0.076465,1.0000,1.0000,1.0000,1.660,4.810,0.340,5.000,3.000,8.000,1.500,0.060,0.110,386059019,1357913619,386058260,3185,1000,1506,1504,1505,1000,1000,2008,1505,1505,1075,2008,1625,1256,1000,1000
-0.0036,-0.0071,-0.6671,0.0001,-0.0214,3.1283,0.0063,-0.0042,-3.1481,0.0000,-0.0360,0.0490,-9.8274,0.0011,0.0038,0.0027,-0.0584,-0.0000,-9.8133,0.0033,0.0035,-0.0000,-0.3634,-0.2360,-9.7345,-0.0004,0.0071,0.0048,-0.2821,0.2642,-9.8713,-0.0003,0.0059,-0.0120,0.0000,0.0097,0.0275,0.0009,130.9359,108.8260,0.0000,0.0000,-1.391431,0.542871,-0.078644,-0.001103,0.003491,-0.012465,-1.393128,0.556087,-0.200000,0.000000,0.000000,0.000000,-1.391190,0.542909,-0.076465,1.0000,1.0000,1.0000,1.660,4.810,0.340,5.000,3.000,8.000,1.500,0.060,0.110,386069519,1357913619,386067260,3185,1000,1506,1504,1505,1000,1000,2008,1505,1505,1075,2008,1625,1256,1000,1000
-0.0039,-0.0069,-0.6671,0.0001,-0.0214,3.1284,0.0063,-0.0042,-3.1481,0.0000,-0.0910,0.0544,-9.8550,0.0007,0.0041,0.0029,-0.0209,0.0306,-9.8385,0.0027,-0.0040,-0.0034,0.0197,0.4032,-9.6914,0.0001,0.0023,0.0051,-0.1205,-0.1865,-9.7313,0.0019,-0.0123,-0.0027,0.0000,0.0104,0.0271,0.0009,131.0783,106.8843,0.0000,0.0000,-1.391446,0.542913,-0.078795,-0.001272,0.003407,-0.012714,-1.393128,0.556087,-0.200000,0.000000,0.000000,0.000000,-1.391190,0.542909,-0.076465,1.0000,1.0000,1.0000,1.660,4.810,0.340,5.000,3.000,8.000,1.500,0.060,0.110,386080019,1357913619,386079260,3185,1000,1506,1504,1505,1000,1000,2008,1505,1505,1074,2008,1625,1256,1000,1000
-0.0044,-0.0075,-0.6670,0.0001,-0.0214,3.1284,0.0063,-0.0042,-3.1481,0.0000,-0.1194,0.0608,-9.8644,0.0005,0.0033,0.0042,-0.0962,0.0325,-9.8521,0.0038,-0.0036,-0.0031,-0.0832,0.2356,-9.6316,0.0020,-0.0049,0.0016,0.0699,-0.0016,-9.5517,-0.0088,0.0011,0.0107,0.0000,0.0102,0.0275,0.0006,132.8458,106.6665,0.0000,0.0000,-1.391457,0.542943,-0.078909,-0.001026,0.003208,-0.012787,-1.393128,0.556087,-0.200000,0.000000,0.000000,0.000000,-1.391190,0.542909,-0.076465,1.0000,1.0000,1.0000,1.660,4.810,0.340,5.000,3.000,8.000,1.500,0.060,0.110,386090519,1357913619,386088260,3185,1000,1506,1504,1505,1000,1000,2008,1505,1505,1074,2008,1625,1256,1000,1000
-0.0044,-0.0077,-0.6670,0.0001,-0.0214,3.1285,0.0063,-0.0042,-3.1481,0.0000,-0.0950,0.0311,-9.8482,0.0010,0.0034,0.0023,-0.1207,0.0640,-9.8068,0.0025,-0.0044,-0.0040,0.0939,-0.3581,-9.8375,0.0033,0.0079,0.0043,-0.1187,0.7975,-9.7492,0.0133,-0.0157,-0.0152,0.0000,0.0100,0.0277,0.0008,131.9658,108.5085,0.0000,0.0000,-1.391468,0.542980,-0.079065,-0.000901,0.003123,-0.013095,-1.393128,0.556087,-0.200000,0.000000,0.000000,0.000000,-1.391190,0.542909,-0.076465,1.0000,1.0000,1.0000,1.660,4.810,0.340,5.000,3.000,8.000,1.500,0.060,0.110,386101019,1357913619,386100260,3185,1000,1506,1504,1505,1000,1000,2008,1505,1505,1074,2008,1625,1256,1000,1000
-0.0044,-0.0079,-0.6670,0.0001,-0.0214,3.1285,0.0063,-0.0042,-3.1481,0.0000,-0.0808,0.0778,-9.8707,0.0010,0.0032,0.0030,-0.0732,0.0514,-9.8193,-0.0008,-0.0020,0.0002,-0.0641,-0.1977,-10.0170,0.0057,0.0039,0.0027,0.1255,-0.0034,-10.1802,0.0178,-0.0109,0.0027,0.0000,0.0101,0.0273,0.0008,131.6395,107.0443,0.0000,0.0000,-1.391476,0.543009,-0.079183,-0.000862,0.003142,-0.013325,-1.393128,0.556087,-0.200000,0.000000,0.000000,0.000000,-1.391190,0.542909,-0.076465,1.0000,1.0000,1.0000,1.660,4.810,0.340,5.000,3.000,8.000,1.500,0.060,0.110,386111519,1357913619,386109260,3185,1000,1506,1504,1505,1000,1000,2008,1505,1505,1074,2008,1625,1256,1000,1000
-0.0043,-0.0082,-0.6669,0.0001,-0.0214,3.1286,0.0063,-0.0042,-3.1481,0.0000,-0.1018,0.0511,-9.8554,0.0015,0.0033,0.0037,-0.0687,0.0114,-9.7913,0.0023,0.0020,-0.0045,-0.2700,-0.0660,-9.9667,-0.0001,0.0028,0.0016,-0.2623,-0.0896,-10.0401,0.0024,-0.0237,0.0005,0.0000,0.0099,0.0274,0.0007,132.0116,107.1244,0.0000,0.0000,-1.391486,0.543045,-0.079348,-0.000736,0.003017,-0.014106,-1.393128,0.556087,-0.200000,0.000000,0.000000,0.000000,-1.391190,0.542909,-0.076465,1.0000,1.0000,1.0000,1.660,4.810,0.340,5.000,3.000,8.000,1.500,0.060,0.110,386122019,1357913619,386121260,3185,1000,1506,1504,1505,1000,1000,2008,1505,1505,1074,2008,1625,1256,1000,1000
-0.0038,-0.0085,-0.6669,0.0001,-0.0214,3.1286,0.0063,-0.0042,-3.1481,0.0000,-0.0616,0.0195,-9.8648,0.0009,0.0034,0.0019,-0.0796,0.0263,-9.8358,-0.0005,-0.0017,-0.0018,-0.0808,0.1614,-9.5789,-0.0025,-0.0057,-0.0003,-0.2067,0.3306,-9.8606,0.0008,-0.0027,-0.0021,0.0000,0.0100,0.0277,0.0008,132.2498,108.3242,0.0000,0.0000,-1.391491,0.543073,-0.079476,-0.000576,0.003156,-0.014257,-1.393128,0.556087,-0.200000,0.000000,0.000000,0.000000,-1.391190,0.542909,-0.076465,1.0000,1.0000,1.0000,1.660,4.810,0.340,5.000,3.000,8.000,1.500,0.060,0.110,386132519,1357913619,386130260,3185,1000,1506,1504,1505,1000,1000,2008,1505,1505,1074,2008,1625,1256,1000,1000
-0.0037,-0.0080,-0.6669,0.0001,-0.0214,3.1286,0.0063,-0.0042,-3.1481,0.0000,-0.1082,0.0349,-9.8765,0.0012,0.0031,0.0014,-0.0810,0.0277,-9.8845,-0.0006,-0.0029,-0.0041,0.1274,0.0561,-9.8758,-0.0012,0.0060,0.0051,0.0519,0.3791,-9.8067,-0.0064,-0.0056,0.0037,0.0000,0.0101,0.0279,0.0009,132.2751,109.1511,0.0000,0.0000,-1.391500,0.543112,-0.079649,-0.000708,0.003240,-0.014648,-1.393128,0.556087,-0.200000,0.000000,0.000000,0.000000,-1.391190,0.542909,-0.076465,1.0000,1.0000,1.0000,1.660,4.810,0.340,5.000,3.000,8.000,1.500,0.060,0.110,386143019,1357913619,386142260,3185,1000,1506,1504,1505,1000,1000,2008,1505,1505,1074,2008,1625,1256,1000,1000
-0.0041,-0.0083,-0.6669,0.0001,-0.0215,3.1287,0.0063,-0.0042,-3.1481,0.0000,-0.0785,0.0569,-9.8449,0.0008,0.0031,0.0040,-0.0552,0.0310,-9.8315,0.0008,0.0002,-0.0032,-0.3227,-0.1810,-9.9380,0.0036,0.0057,0.0008,-0.3485,0.1888,-9.8534,-0.0003,0.0032,0.0075,0.0000,0.0100,0.0276,0.0007,132.2747,107.7490,0.0000,0.0000,-1.391569,0.543175,-0.078436,-0.000872,0.003325,-0.011841,-1.393128,0.556087,-0.200000,0.000000,0.000000,0.000000,-1.391603,0.543186,-0.076810,1.0000,1.0000,1.0000,1.660,4.810,0.340,5.000,3.000,8.000,1.500,0.060,0.110,386153068,1358013749,386151309,3186,1000,1506,1504,1505,1000,1000,2008,1505,1505,1075,2008,1625,1256,1000,1000
-0.0040,-0.0087,-0.6668,0.0001,-0.0215,3.1287,0.0063,-0.0042,-3.1481,0.0000,-0.0707,0.0540,-9.8764,0.0009,0.0023,0.0034,-0.0595,-0.0073,-9.8199,0.0006,-0.0011,0.0005,-0.0641,-0.2576,-9.8327,0.0001,0.0052,0.0064,-0.1205,0.6413,-10.2502,0.0128,0.0005,-0.0059,0.0000,0.0101,0.0277,0.0007,132.7510,107.8681,0.0000,0.0000,-1.391578,0.543216,-0.078581,-0.000734,0.003354,-0.012426,-1.393128,0.556087,-0.200000,0.000000,0.000000,0.000000,-1.391603,0.543186,-0.076810,1.0000,1.0000,1.0000,1.660,4.810,0.340,5.000,3.000,8.000,1.500,0.060,0.110,386163568,1358013749,386163309,3186,1000,1506,1504,1505,1000,1000,2008,1505,1505,1075,2008,1625,1256,1000,1000
-0.0038,-0.0085,-0.6668,0.0001,-0.0215,3.1288,0.0063,-0.0042,-3.1481,0.0000,-0.0803,0.0126,-9.9056,0.0015,0.0052,0.0040,-0.1010,0.0532,-9.8297,0.0043,0.0002,-0.0028,-0.0593,0.1830,-9.5334,-0.0004,-0.0036,0.0019,-0.1564,0.0433,-9.3955,0.0064,-0.0107,-0.0104,0.0000,0.0101,0.0276,0.0006,132.9747,107.1315,0.0000,0.0000,-1.391584,0.543246,-0.078696,-0.000690,0.003414,-0.012941,-1.393128,0.556087,-0.200000,0.000000,0.000000,0.000000,-1.391603,0.543186,-0.076810,1.0000,1.0000,1.0000,1.660,4.810,0.340,5.000,3.000,8.000,1.500,0.060,0.110,386174068,1358013749,386172309,3186,1000,1506,1504,1505,1000,1000,2008,1505,1505,1074,2008,1625,1256,1000,1000
-0.0037,-0.0085,-0.6668,0.0001,-0.0215,3.1288,0.0063,-0.0042,-3.1481,0.0000,-0.0947,0.0368,-9.8603,0.0001,0.0032,0.0027,-0.1095,0.0444,-9.8320,0.0035,-0.0012,-0.0026,-0.0210,0.0297,-9.9572,-0.0025,0.0036,0.0064,0.4416,0.0828,-9.8444,0.0040,-0.0069,-0.0051,0.0000,0.0101,0.0270,0.0006,131.7060,105.3809,0.0000,0.0000,-1.391593,0.543288,-0.078854,-0.000658,0.003529,-0.013368,-1.393128,0.556087,-0.200000,0.000000,0.000000,0.000000,-1.391603,0.543186,-0.076810,1.0000,1.0000,1.0000,1.660,4.810,0.340,5.000,3.000,8.000,1.500,0.060,0.110,386184568,1358013749,386184309,3186,1000,1506,1504,1505,1000,1000,2008,1505,1505,1075,2008,1625,1256,1000,1000
-0.0040,-0.0083,-0.6667,0.0001,-0.0215,3.1289,0.0063,-0.0042,-3.1481,0.0000,-0.0737,0.0460,-9.8461,0.0009,0.0030,0.0027,-0.0804,0.0698,-9.8272,0.0037,-0.0004,-0.0030,-0.3083,-0.2576,-9.9308,0.0017,0.0068,0.0016,-0.8154,-0.3913,-9.8336,0.0136,0.0029,-0.0123,0.0000,0.0102,0.0276,0.0007,132.7473,107.3656,0.0000,0.0000,-1.391599,0.543320,-0.078975,-0.000676,0.003482,-0.013484,-1.393128,0.556087,-0.200000,0.000000,0.000000,0.000000,-1.391603,0.543186,-0.076810,1.0000,1.0000,1.0000,1.660,4.810,0.340,5.000,3.000,8.000,1.500,0.060,0.110,386195068,1358013749,386193309,3186,1000,1506,1504,1505,1000,1000,2008,1505,1505,1075,2008,1625,1256,1000,1000
-0.0042,-0.0084,-0.6667,0.0001,-0.0215,3.1289,0.0063,-0.0042,-3.1481,0.0000,-0.0698,0.0444,-9.8630,0.0015,0.0042,0.0035,-0.0954,0.0502,-9.8229,0.0033,-0.0022,-0.0006,0.0006,0.0106,-10.2325,0.0031,0.0076,0.0040,-0.2785,0.1582,-10.1838,-0.0125,0.0125,0.0112,0.0000,0.0098,0.0272,0.0006,131.7754,106.7175,0.0000,0.0000,-1.391606,0.543362,-0.079140,-0.000588,0.003475,-0.014071,-1.393128,0.556087,-0.200000,0.000000,0.000000,0.000000,-1.391603,0.543186,-0.076810,1.0000,1.0000,1.0000,1.660,4.810,0.340,5.000,3.000,8.000,1.500,0.060,0.110,386205568,1358013749,386205309,3186,1000,1506,1504,1505,1000,1000,2008,1505,1505,1075,2008,1625,1256,1000,1000
-0.0045,-0.0084,-0.6666,0.0001,-0.0215,3.1290,0.0063,-0.0042,-3.1481,0.0000,-0.0656,0.0640,-9.8559,0.0013,0.0036,0.0036,-0.0829,-0.0023,-9.7974,0.0042,0.0011,-0.0033,-0.4376,0.0704,-9.6268,0.0004,-0.0023,0.0005,-0.0810,-0.1237,-9.7187,0.0099,-0.0067,-0.0072,0.0000,0.0098,0.0274,0.0006,132.2515,106.8344,0.0000,0.0000,-1.391611,0.543393,-0.079269,-0.000511,0.003359,-0.014516,-1.393128,0.556087,-0.200000,0.000000,0.000000,0.000000,-1.391603,0.543186,-0.076810,1.0000,1.0000,1.0000,1.660,4.810,0.340,5.000,3.000,8.000,1.500,0.060,0.110,386216068,1358013749,386214309,3186,1000,1506,1504,1505,1000,1000,2008,1505,1505,1075,2008,1625,1256,1000,1000
-0.0043,-0.0086,-0.6666,0.0001,-0.0214,3.1290,0.0063,-0.0042,-3.1481,0.0000,-0.1107,0.0050,-9.8930,0.0017,0.0039,0.0024,-0.0702,0.0230,-9.8368,0.0027,-0.0010,-0.0057,0.2424,0.3458,-9.8518,-0.0001,-0.0007,0.0040,0.0896,-0.0483,-9.6433,-0.0117,0.0123,0.0104,0.0000,0.0096,0.0274,0.0007,131.4134,107.9634,0.0000,0.0000,-1.391617,0.543432,-0.079444,-0.000384,0.003392,-0.014840,-1.393128,0.556087,-0.200000,0.000000,0.000000,0.000000,-1.391603,0.543186,-0.076810,1.0000,1.0000,1.0000,1.660,4.810,0.340,5.000,3.000,8.000,1.500,0.060,0.110,386226568,1358013749,386226309,3186,1000,1506,1504,1505,1000,1000,2008,1505,1505,1075,2008,1625,1256,1000,1000
-0.0037,-0.0084,-0.6666,0.0003,-0.0214,3.1290,0.0063,-0.0042,-3.1481,0.0000,-0.0763,0.0351,-9.8400,0.0016,0.0049,0.0014,-0.0982,0.0231,-9.8629,0.0024,-0.0020,-0.0017,-0.2867,-0.0708,-10.0434,0.0044,0.0079,0.0053,0.3141,-0.3482,-9.6145,0.0099,0.0077,-0.0016,0.0000,0.0093,0.0271,0.0009,129.6476,108.7640,0.0000,0.0000,-1.391513,0.543112,-0.078320,0.000004,0.002236,-0.012057,-1.393128,0.556087,-0.200000,0.000000,0.000000,0.000000,-1.391424,0.542819,-0.076508,1.0000,1.0000,1.0000,1.660,4.810,0.340,5.000,3.000,8.000,1.500,0.060,0.110,386236619,1358113950,386235309,3187,1000,1506,1504,1505,1000,1000,2008,1505,1505,1075,2008,1625,1256,1000,1000
-0.0038,-0.0082,-0.6666,0.0004,-0.0214,3.1291,0.0063,-0.0042,-3.1481,0.0000,-0.0766,0.0608,-9.8154,0.0008,0.0024,0.0056,-0.0611,0.0505,-9.8067,0.0018,0.0026,-0.0002,-0.0761,0.0776,-10.2277,0.0015,0.0047,0.0016,-0.1492,0.0900,-10.1928,0.0173,-0.0093,0.0000,0.0000,0.0096,0.0274,0.0004,132.8721,106.1350,0.0000,0.0000,-1.391513,0.543132,-0.078430,-0.000063,0.002245,-0.012129,-1.393128,0.556087,-0.200000,0.000000,0.000000,0.000000,-1.391424,0.542819,-0.076508,1.0000,1.0000,1.0000,1.660,4.810,0.340,5.000,3.000,8.000,1.500,0.060,0.110,386247119,1358113950,386244360,3187,1000,1506,1504,1505,1000,1000,2008,1505,1505,1075,2008,1625,1256,1000,1000
-0.0039,-0.0082,-0.6665,0.0004,-0.0214,3.1291,0.0063,-0.0042,-3.1481,0.0000,-0.0815,0.0492,-9.8740,0.0004,0.0035,0.0035,-0.0467,0.0318,-9.8019,0.0022,0.0031,-0.0024,-0.2030,0.0944,-9.5549,0.0012,0.0001,0.0019,-0.4976,-0.3104,-9.7043,-0.0096,-0.0059,0.0008,0.0000,0.0096,0.0274,0.0006,132.3423,106.8595,0.0000,0.0000,-1.391514,0.543158,-0.078577,-0.000028,0.002168,-0.012518,-1.393128,0.556087,-0.200000,0.000000,0.000000,0.000000,-1.391424,0.542819,-0.076508,1.0000,1.0000,1.0000,1.660,4.810,0.340,5.000,3.000,8.000,1.500,0.060,0.110,386257121,1358113950,386256362,3187,1000,1506,1504,1505,1000,1000,2008,1505,1505,1075,2008,1625,1256,1000,1000
-0.0044,-0.0086,-0.6665,0.0004,-0.0214,3.1292,0.0063,-0.0042,-3.1481,0.0000,-0.1148,0.0449,-9.8599,0.0025,0.0029,0.0021,-0.1053,0.0139,-9.8256,0.0017,-0.0064,-0.0035,0.0484,0.4391,-9.6627,0.0017,-0.0001,0.0040,0.0357,0.3324,-9.8031,0.0077,0.0202,-0.0189,0.0000,0.0091,0.0279,0.0008,131.3791,110.4673,0.0000,0.0000,-1.391513,0.543177,-0.078690,0.000145,0.001960,-0.012642,-1.393128,0.556087,-0.200000,0.000000,0.000000,0.000000,-1.391424,0.542819,-0.076508,1.0000,1.0000,1.0000,1.660,4.810,0.340,5.000,3.000,8.000,1.500,0.060,0.110,386267621,1358113950,386265362,3187,1000,1506,1504,1505,1000,1000,2008,1505,1505,1075,2008,1625,1256,1000,1000
-0.0044,-0.0090,-0.6665,0.0004,-0.0214,3.1292,0.0063,-0.0042,-3.1481,0.0000,-0.1248,0.0325,-9.8869,0.0011,0.0043,0.0039,-0.0893,-0.0029,-9.8174,0.0018,-0.0047,-0.0001,-0.2125,-0.3318,-9.8542,0.0052,0.0068,0.0069,-0.5173,-0.0088,-9.9378,0.0107,-0.0037,-0.0123,0.0000,0.0093,0.0273,0.0006,131.5974,107.1293,0.0000,0.0000,-1.391510,0.543200,-0.078844,0.000479,0.001913,-0.013108,-1.393128,0.556087,-0.200000,0.000000,0.000000,0.000000,-1.391424,0.542819,-0.076508,1.0000,1.0000,1.0000,1.660,4.810,0.340,5.000,3.000,8.000,1.500,0.060,0.110,386278121,1358113950,386277362,3187,1000,1506,1504,1505,1000,1000,2008,1505,1505,1074,2008,1625,1256,1000,1000
-0.0039,-0.0093,-0.6664,0.0004,-0.0214,3.1293,0.0063,-0.0042,-3.1481,0.0000,-0.0679,0.0436,-9.8486,0.0013,0.0029,0.0036,-0.0854,0.0654,-9.7619,0.0020,-0.0004,0.0006,-0.0976,-0.2097,-9.9835,0.0036,-0.0007,0.0016,-0.4742,0.1331,-10.0060,-0.0069,-0.0141,0.0051,0.0000,0.0093,0.0272,0.0005,131.4530,106.7340,0.0000,0.0000,-1.391504,0.543217,-0.078964,0.000749,0.002068,-0.013444,-1.393128,0.556087,-0.200000,0.000000,0.000000,0.000000,-1.391424,0.542819,-0.076508,1.0000,1.0000,1.0000,1.660,4.810,0.340,5.000,3.000,8.000,1.500,0.060,0.110,386288621,1358113950,386286362,3187,1000,1506,1504,1505,1000,1000,2008,1505,1505,1074,2008,1625,1256,1000,1000
-0.0035,-0.0087,-0.6664,0.0004,-0.0214,3.1293,0.0063,-0.0042,-3.1481,0.0000,-0.0487,0.0244,-9.8370,0.0006,0.0030,0.0022,-0.0573,0.0924,-9.8120,0.0044,-0.0022,-0.0043,-0.2963,-0.1474,-10.0745,-0.0001,0.0028,0.0040,0.1022,-0.4092,-10.1981,0.0093,-0.0112,0.0024,0.0000,0.0096,0.0275,0.0006,132.1390,107.7209,0.0000,0.0000,-1.391496,0.543243,-0.079129,0.000615,0.002177,-0.013956,-1.393128,0.556087,-0.200000,0.000000,0.000000,0.000000,-1.391424,0.542819,-0.076508,1.0000,1.0000,1.0000,1.660,4.810,0.340,5.000,3.000,8.000,1.500,0.060,0.110,386299121,1358113950,386298362,3187,1000,1506,1504,1505,1000,1000,2008,1505,1505,1074,2008,1625,1256,1000,1000
-0.0035,-0.0079,-0.6664,0.0004,-0.0214,3.1294,0.0063,-0.0042,-3.1481,0.0000,-0.0487,0.0394,-9.8515,0.0011,0.0046,0.0024,-0.0778,0.0481,-9.8363,0.0008,0.0030,-0.0044,-0.1431,0.2715,-9.5980,-0.0023,-0.0012,0.0021,-0.0217,0.0685,-9.4062,0.0210,0.0083,-0.0107,0.0000,0.0093,0.0272,0.0007,130.7695,107.9986,0.0000,0.0000,-1.391491,0.543262,-0.079255,0.000375,0.002192,-0.014132,-1.393128,0.556087,-0.200000,0.000000,0.000000,0.000000,-1.391424,0.542819,-0.076508,1.0000,1.0000,1.0000,1.660,4.810,0.340,5.000,3.000,8.000,1.500,0.060,0.110,386309621,1358113950,386307362,3187,1000,1506,1504,1505,1000,1000,2008,1505,1505,1074,2008,1625,1256,1000,1000
-0.0035,-0.0072,-0.6663,0.0004,-0.0214,3.1294,0.0063,-0.0042,-3.1481,0.0000,-0.0854,0.0211,-9.8539,0.0005,0.0035,0.0045,-0.1007,0.0299,-9.8205,0.0037,-0.0004,-0.0031,0.1346,0.1159,-10.0098,-0.0036,0.0089,0.0056,-0.2803,0.7957,-9.9198,-0.0083,0.0072,-0.0040,0.0000,0.0095,0.0273,0.0006,131.8556,106.8009,0.0000,0.0000,-1.391489,0.543289,-0.079426,0.000076,0.002203,-0.014394,-1.393128,0.556087,-0.200000,0.000000,0.000000,0.000000,-1.391424,0.542819,-0.076508,1.0000,1.0000,1.0000,1.660,4.810,0.340,5.000,3.000,8.000,1.500,0.060,0.110,386320121,1358113950,386319362,3187,1000,1506,1504,1505,1000,1000,2008,1505,1505,1074,2008,1625,1256,1000,1000
-0.0038,-0.0068,-0.6663,0.0004,-0.0214,3.1295,0.0063,-0.0042,-3.1481,0.0000,-0.0664,0.0404,-9.8867,0.0013,0.0027,0.0034,-0.1112,0.0419,-9.8588,0.0012,-0.0020,-0.0017,-0.3610,0.0058,-9.9667,0.0044,0.0052,0.0024,-0.0594,-0.0339,-9.8659,0.0125,0.0037,-0.0053,0.0000,0.0093,0.0276,0.0006,132.1944,107.9838,0.0000,0.0000,-1.391489,0.543308,-0.079558,-0.000108,0.002153,-0.014963,-1.393128,0.556087,-0.200000,0.000000,0.000000,0.000000,-1.391424,0.542819,-0.076508,1.0000,1.0000,1.0000,1.660,4.810,0.340,5.000,3.000,8.000,1.500,0.060,0.110,386330621,1358113950,386328362,3187,1000,1506,1504,1505,1000,1000,2008,1505,1505,1074,2008,1625,1256,1000,1000
-0.0039,-0.0072,-0.6663,0.0004,-0.0214,3.1295,0.0063,-0.0042,-3.1481,0.0000,-0.0946,0.0606,-9.8148,-0.0003,0.0036,0.0025,-0.0848,0.0344,-9.7921,0.0042,0.0003,-0.0054,-0.0018,0.2691,-10.1798,0.0044,0.0087,0.0029,-0.0020,-0.6480,-10.0832,0.0120,-0.0021,-0.0160,0.0000,0.0098,0.0273,0.0006,131.8609,106.7216,0.0000,0.0000,-1.391490,0.543333,-0.079741,-0.000004,0.002039,-0.015329,-1.393128,0.556087,-0.200000,0.000000,0.000000,0.000000,-1.391424,0.542819,-0.076508,1.0000,1.0000,1.0000,1.660,4.810,0.340,5.000,3.000,8.000,1.500,0.060,0.110,386341121,1358113950,386340362,3187,1000,1506,1504,1505,1000,1000,2008,1505,1505,1074,2008,1625,1256,1000,1000
-0.0041,-0.0075,-0.6662,0.0004,-0.0214,3.1295,0.0063,-0.0042,-3.1481,0.0000,-0.0705,0.0423,-9.8765,0.0010,0.0048,0.0051,-0.0650,0.0557,-9.8256,-0.0012,0.0001,-0.0013,-0.0856,0.1422,-9.5238,0.0033,-0.0020,0.0040,-0.4060,-0.2081,-9.5840,0.0064,-0.0099,0.0011,0.0000,0.0093,0.0268,0.0004,131.4317,104.8989,0.0000,0.0000,-1.391490,0.543352,-0.079880,0.000058,0.002012,-0.015513,-1.393128,0.556087,-0.200000,0.000000,0.000000,0.000000,-1.391424,0.542819,-0.076508,1.0000,1.0000,1.0000,1.660,4.810,0.340,5.000,3.000,8.000,1.500,0.060,0.110,386351621,1358113950,386349362,3187,1000,1506,1504,1505,1000,1000,2008,1505,1505,1074,2008,1625,1256,1000,1000
-0.0043,-0.0076,-0.6662,0.0004,-0.0214,3.1296,0.0063,-0.0042,-3.1481,0.0000,-0.1048,0.0483,-9.8933,0.0026,0.0039,0.0033,-0.0970,0.0397,-9.8583,0.0028,-0.0013,-0.0051,0.4028,-0.0397,-9.6076,-0.0012,-0.0036,0.0021,0.1094,-0.2925,-9.5661,-0.0069,-0.0093,0.0101,0.0000,0.0089,0.0274,0.0005,131.3459,107.9130,0.0000,0.0000,-1.391489,0.543376,-0.080068,0.000122,0.001935,-0.015970,-1.393128,0.556087,-0.200000,0.000000,0.000000,0.000000,-1.391424,0.542819,-0.076508,1.0000,1.0000,1.0000,1.660,4.810,0.340,5.000,3.000,8.000,1.500,0.060,0.110,386362121,1358113950,386361363,3187,1000,1506,1504,1505,1000,1000,2008,1505,1505,1074,2008,1625,1256,1000,1000
-0.0041,-0.0078,-0.6661,0.0008,-0.0210,3.1296,0.0063,-0.0042,-3.1481,0.0000,-0.0966,0.0213,-9.8744,0.0015,0.0037,0.0024,-0.1065,0.0691,-9.8423,0.0035,-0.0022,-0.0047,-0.0330,-0.0613,-10.1391,0.0012,0.0124,0.0064,-0.1366,0.0954,-9.9485,-0.0128,0.0069,0.0091,0.0000,0.0085,0.0267,0.0007,128.7579,107.9202,0.0000,0.0000,-1.390894,0.542813,-0.078163,0.002336,-0.000227,-0.011443,-1.393128,0.556087,-0.200000,0.000000,0.000000,0.000000,-1.390509,0.542431,-0.075526,1.0000,1.0000,1.0000,1.660,4.810,0.340,5.000,3.000,8.000,1.500,0.060,0.110,386372170,1358247398,386370411,3188,1000,1506,1504,1505,1000,1000,2008,1505,1505,1075,2008,1625,1256,1000,1000
-0.0034,-0.0077,-0.6661,0.0008,-0.0210,3.1297,0.0063,-0.0042,-3.1481,0.0000,-0.0533,0.0251,-9.8246,0.0015,0.0034,0.0034,0.0003,0.0448,-9.8052,-0.0001,-0.0018,-0.0043,-0.1359,-0.1187,-9.7441,0.0052,0.0036,0.0037,-0.2587,0.1277,-9.8282,0.0277,0.0064,-0.0043,0.0000,0.0085,0.0266,0.0005,129.3908,106.4711,0.0000,0.0000,-1.390865,0.542811,-0.078305,0.002378,-0.000022,-0.011934,-1.393128,0.556087,-0.200000,0.000000,0.000000,0.000000,-1.390509,0.542431,-0.075526,1.0000,1.0000,1.0000,1.660,4.810,0.340,5.000,3.000,8.000,1.500,0.060,0.110,386382670,1358247398,386382411,3188,1000,1506,1504,1505,1000,1000,2008,1505,1505,1075,2008,1625,1256,1000,1000
-0.0033,-0.0072,-0.6661,0.0008,-0.0210,3.1297,0.0063,-0.0042,-3.1481,0.0000,-0.0506,0.0564,-9.8483,0.0004,0.0043,0.0030,-0.0530,0.0313,-9.7998,0.0007,0.0048,-0.0031,-0.2149,0.2332,-9.9332,-0.0009,-0.0007,0.0011,-0.2444,0.4222,-9.9467,-0.0005,-0.0037,-0.0149,0.0000,0.0090,0.0269,0.0007,129.8025,107.3854,0.0000,0.0000,-1.390844,0.542812,-0.078413,0.002209,0.000034,-0.012175,-1.393128,0.556087,-0.200000,0.000000,0.000000,0.000000,-1.390509,0.542431,-0.075526,1.0000,1.0000,1.0000,1.660,4.810,0.340,5.000,3.000,8.000,1.500,0.060,0.110,386393170,1358247398,386391411,3188,1000,1506,1504,1505,1000,1000,2008,1505,1505,1075,2008,1625,1256,1000,1000
-0.0038,-0.0071,-0.6660,0.0008,-0.0210,3.1298,0.0063,-0.0042,-3.1481,0.0000,-0.0732,0.0467,-9.8906,0.0019,0.0047,0.0041,-0.0593,0.0783,-9.8250,0.0058,0.0004,-0.0021,0.0939,0.2165,-9.7920,-0.0023,-0.0007,0.0016,0.2028,-0.4020,-9.4763,0.0024,0.0136,-0.0115,0.0000,0.0086,0.0262,0.0005,128.7077,105.3844,0.0000,0.0000,-1.390818,0.542811,-0.078560,0.002100,-0.000138,-0.012440,-1.393128,0.556087,-0.200000,0.000000,0.000000,0.000000,-1.390509,0.542431,-0.075526,1.0000,1.0000,1.0000,1.660,4.810,0.340,5.000,3.000,8.000,1.500,0.060,0.110,386403670,1358247398,386403411,3188,1000,1506,1504,1505,1000,1000,2008,1505,1505,1075,2008,1625,1256,1000,1000
-0.0039,-0.0064,-0.6660,0.0008,-0.0210,3.1298,0.0063,-0.0042,-3.1481,0.0000,-0.0744,0.0274,-9.8718,0.0019,0.0029,0.0030,-0.0770,0.0024,-9.8158,0.0017,-0.0032,-0.0014,0.0221,-0.0996,-9.7752,-0.0004,-0.0012,0.0016,-0.1510,-0.0357,-9.8336,0.0101,0.0003,-0.0157,0.0000,0.0084,0.0269,0.0005,129.7040,107.8164,0.0000,0.0000,-1.390800,0.542809,-0.078674,0.001873,-0.000225,-0.012977,-1.393128,0.556087,-0.200000,0.000000,0.000000,0.000000,-1.390509,0.542431,-0.075526,1.0000,1.0000,1.0000,1.660,4.810,0.340,5.000,3.000,8.000,1.500,0.060,0.110,386414170,1358247398,386412411,3188,1000,1506,1504,1505,1000,1000,2008,1505,1505,1075,2008,1625,1256,1000,1000
-0.0037,-0.0071,-0.6660,0.0008,-0.0210,3.1299,0.0063,-0.0042,-3.1481,0.0000,-0.0907,0.0466,-9.8046,0.0011,0.0035,0.0045,-0.0653,0.0770,-9.8090,0.0030,0.0036,-0.0012,-0.0138,0.0249,-10.2636,-0.0055,0.0143,0.0032,-0.5658,-0.0052,-10.1173,-0.0067,-0.0005,-0.0016,0.0000,0.0085,0.0267,0.0004,130.1036,106.1187,0.0000,0.0000,-1.390777,0.542807,-0.078831,0.002062,-0.000229,-0.013079,-1.393128,0.556087,-0.200000,0.000000,0.000000,0.000000,-1.390509,0.542431,-0.075526,1.0000,1.0000,1.0000,1.660,4.810,0.340,5.000,3.000,8.000,1.500,0.060,0.110,386424670,1358247398,386424411,3188,1000,1506,1504,1505,1000,1000,2008,1505,1505,1075,2008,1625,1256,1000,1000
-0.0040,-0.0075,-0.6659,0.0008,-0.0210,3.1299,0.0063,-0.0042,-3.1481,0.0000,-0.0604,0.0281,-9.8172,0.0004,0.0029,0.0020,-0.0515,0.0243,-9.7695,0.0032,0.0003,-0.0012,-0.4687,0.1015,-9.9835,0.0028,0.0036,0.0019,0.1148,0.5659,-10.2341,0.0173,-0.0157,-0.0112,0.0000,0.0090,0.0270,0.0005,130.8176,106.5938,0.0000,0.0000,-1.390758,0.542804,-0.078949,0.002225,-0.000374,-0.013129,-1.393128,0.556087,-0.200000,0.000000,0.000000,0.000000,-1.390509,0.542431,-0.075526,1.0000,1.0000,1.0000,1.660,4.810,0.340,5.000,3.000,8.000,1.500,0.060,0.110,386435170,1358247398,386433411,3188,1000,1506,1504,1505,1000,1000,2008,1505,1505,1075,2008,1625,1256,1000,1000
-0.0036,-0.0079,-0.6659,0.0008,-0.0210,3.1300,0.0063,-0.0042,-3.1481,0.0000,-0.0880,0.0297,-9.8528,0.0009,0.0043,0.0031,-0.0506,-0.0183,-9.7950,0.0042,-0.0005,-0.0062,-0.2149,-0.1091,-9.4424,-0.0036,-0.0049,0.0000,0.0860,0.2175,-9.9629,-0.0021,-0.0104,0.0120,0.0000,0.0087,0.0264,0.0005,129.2071,105.7764,0.0000,0.0000,-1.390730,0.542800,-0.079107,0.002397,-0.000310,-0.013278,-1.393128,0.556087,-0.200000,0.000000,0.000000,0.000000,-1.390509,0.542431,-0.075526,1.0000,1.0000,1.0000,1.660,4.810,0.340,5.000,3.000,8.000,1.500,0.060,0.110,386445670,1358247398,386445411,3188,1000,1506,1504,1505,1000,1000,2008,1505,1505,1074,2008,1625,1256,1000,1000
-0.0036,-0.0084,-0.6659,0.0008,-0.0210,3.1300,0.0063,-0.0042,-3.1481,0.0000,-0.1074,0.0524,-9.8787,0.0015,0.0052,0.0029,-0.0901,0.0013,-9.8246,0.0035,-0.0039,-0.0001,0.1945,0.2141,-9.9117,-0.0001,0.0044,0.0021,-0.2821,0.1151,-9.5355,0.0077,0.0266,-0.0136,0.0000,0.0085,0.0262,0.0005,128.4079,105.6112,0.0000,0.0000,-1.390707,0.542797,-0.079227,0.002618,-0.000361,-0.013470,-1.393128,0.556087,-0.200000,0.000000,0.000000,0.000000,-1.390509,0.542431,-0.075526,1.0000,1.0000,1.0000,1.660,4.810,0.340,5.000,3.000,8.000,1.500,0.060,0.110,386456170,1358247398,386454411,3188,1000,1506,1504,1505,1000,1000,2008,1505,1505,1075,2008,1625,1256,1000,1000
-0.0037,-0.0080,-0.6659,0.0009,-0.0210,3.1300,0.0063,-0.0042,-3.1481,0.0000,-0.0251,0.0337,-9.8631,0.0019,0.0037,0.0032,-0.1090,0.0152,-9.8317,0.0023,-0.0007,-0.0002,-0.4496,-0.2193,-9.6842,0.0007,0.0055,0.0011,-0.0953,-0.1201,-9.5930,-0.0019,0.0035,-0.0123,0.0000,0.0083,0.0268,0.0004,129.7696,106.9986,0.0000,0.0000,-1.390654,0.542687,-0.077872,0.002558,-0.000810,-0.010255,-1.393128,0.556087,-0.200000,0.000000,0.000000,0.000000,-1.390637,0.542605,-0.075735,1.0000,1.0000,1.0000,1.660,4.810,0.340,5.000,3.000,8.000,1.500,0.060,0.110,386466715,1358381171,386466411,3189,1000,1506,1504,1505,1000,1000,2008,1505,1505,1075,2008,1625,1256,1000,1000
-0.0032,-0.0075,-0.6658,0.0009,-0.0209,3.1301,0.0063,-0.0042,-3.1481,0.0000,-0.0669,0.0163,-9.8446,0.0008,0.0035,0.0039,-0.0409,0.0271,-9.7800,0.0023,0.0019,-0.0014,-0.1862,0.2548,-10.5222,0.0015,0.0076,0.0040,-0.5191,0.4940,-10.5357,0.0011,-0.0011,0.0029,0.0000,0.0086,0.0261,0.0004,128.7840,104.9164,0.0000,0.0000,-1.390632,0.542680,-0.077967,0.002383,-0.000732,-0.010864,-1.393128,0.556087,-0.200000,0.000000,0.000000,0.000000,-1.390637,0.542605,-0.075735,1.0000,1.0000,1.0000,1.660,4.810,0.340,5.000,3.000,8.000,1.500,0.060,0.110,386477215,1358381171,386475456,3189,1000,1506,1504,1505,1000,1000,2008,1505,1505,1075,2008,1625,1256,1000,1000
-0.0035,-0.0078,-0.6658,0.0009,-0.0209,3.1301,0.0063,-0.0042,-3.1481,0.0000,-0.0787,0.0553,-9.8468,0.0014,0.0033,0.0028,-0.0636,0.0099,-9.8414,0.0049,-0.0024,-0.0032,-0.1263,0.0872,-10.0338,-0.0001,0.0044,0.0045,-0.2965,0.3396,-9.9737,-0.0077,-0.0067,-0.0019,0.0000,0.0083,0.0264,0.0004,128.7710,105.9953,0.0000,0.0000,-1.390603,0.542671,-0.078101,0.002494,-0.000873,-0.011359,-1.393128,0.556087,-0.200000,0.000000,0.000000,0.000000,-1.390637,0.542605,-0.075735,1.0000,1.0000,1.0000,1.660,4.810,0.340,5.000,3.000,8.000,1.500,0.060,0.110,386487715,1358381171,386487456,3189,1000,1506,1504,1505,1000,1000,2008,1505,1505,1075,2008,1625,1256,1000,1000
-0.0041,-0.0080,-0.6658,0.0010,-0.0209,3.1302,0.0063,-0.0042,-3.1481,0.0000,-0.0906,0.0672,-9.8597,0.0007,0.0037,0.0023,-0.0899,0.0674,-9.8475,0.0028,0.0002,-0.0025,-0.0210,0.1782,-9.3586,-0.0009,-0.0020,0.0064,-0.0576,-0.4415,-9.2033,0.0088,-0.0160,-0.0136,0.0000,0.0085,0.0267,0.0006,129.1183,107.3905,0.0000,0.0000,-1.390579,0.542662,-0.078204,0.002616,-0.001054,-0.011495,-1.393128,0.556087,-0.200000,0.000000,0.000000,0.000000,-1.390637,0.542605,-0.075735,1.0000,1.0000,1.0000,1.660,4.810,0.340,5.000,3.000,8.000,1.500,0.060,0.110,386498215,1358381171,386496456,3189,1000,1506,1504,1505,1000,1000,2008,1505,1505,1074,2008,1625,1256,1000,1000
-0.0048,-0.0079,-0.6657,0.0010,-0.0209,3.1302,0.0063,-0.0042,-3.1481,0.0000,-0.0752,0.0408,-9.8495,0.0010,0.0034,0.0054,-0.1389,0.0200,-9.8401,0.0031,-0.0036,-0.0020,0.1753,0.0321,-9.7201,0.0007,0.0009,0.0037,-0.0612,-0.0986,-9.8264,0.0088,0.0075,0.0067,0.0000,0.0086,0.0266,0.0003,130.7735,104.9972,0.0000,0.0000,-1.390547,0.542646,-0.078342,0.002695,-0.001557,-0.011655,-1.393128,0.556087,-0.200000,0.000000,0.000000,0.000000,-1.390637,0.542605,-0.075735,1.0000,1.0000,1.0000,1.660,4.810,0.340,5.000,3.000,8.000,1.500,0.060,0.110,386508715,1358381171,386508456,3189,1000,1506,1504,1505,1000,1000,2008,1505,1505,1074,2008,1625,1256,1000,1000
-0.0045,-0.0079,-0.6657,0.0010,-0.0209,3.1303,0.0063,-0.0042,-3.1481,0.0000,-0.0863,0.0489,-9.8216,0.0017,0.0033,0.0030,-0.0793,0.0540,-9.8027,0.0013,-0.0011,-0.0038,-0.3777,-0.2169,-10.4504,0.0004,0.0111,0.0003,-0.3952,0.3504,-10.3185,0.0112,-0.0088,-0.0125,0.0000,0.0084,0.0266,0.0004,129.6848,106.2262,0.0000,0.0000,-1.390524,0.542632,-0.078449,0.002661,-0.001593,-0.012007,-1.393128,0.556087,-0.200000,0.000000,0.000000,0.000000,-1.390637,0.542605,-0.075735,1.0000,1.0000,1.0000,1.660,4.810,0.340,5.000,3.000,8.000,1.500,0.060,0.110,386519215,1358381171,386517456,3189,1000,1506,1504,1505,1000,1000,2008,1505,1505,1074,2008,1625,1256,1000,1000
-0.0044,-0.0080,-0.6656,0.0010,-0.0209,3.1303,0.0063,-0.0042,-3.1481,0.0000,-0.0791,0.0841,-9.8469,0.0023,0.0040,0.0019,-0.1037,0.0547,-9.8341,0.0002,0.0006,-0.0050,-0.3298,-0.1187,-10.1679,-0.0009,0.0100,0.0053,0.0052,0.4114,-9.7977,0.0093,-0.0013,0.0099,0.0000,0.0082,0.0268,0.0007,128.3610,108.6773,0.0000,0.0000,-1.390491,0.542612,-0.078594,0.002781,-0.001808,-0.012213,-1.393128,0.556087,-0.200000,0.000000,0.000000,0.000000,-1.390637,0.542605,-0.075735,1.0000,1.0000,1.0000,1.660,4.810,0.340,5.000,3.000,8.000,1.500,0.060,0.110,386529715,1358381171,386529456,3189,1000,1506,1504,1505,1000,1000,2008,1505,1505,1074,2008,1625,1256,1000,1000
-0.0044,-0.0086,-0.6656,0.0010,-0.0209,3.1304,0.0063,-0.0042,-3.1481,0.0000,-0.1106,0.0225,-9.9120,0.0012,0.0044,0.0062,-0.1065,0.0483,-9.8351,0.0038,0.0011,-0.0000,-0.0641,0.0297,-9.2054,0.0039,-0.0036,0.0016,0.1184,-0.1722,-9.3595,0.0027,-0.0059,0.0008,0.0000,0.0085,0.0263,0.0003,129.9554,104.1925,0.0000,0.0000,-1.390464,0.542595,-0.078706,0.003095,-0.001882,-0.012674,-1.393128,0.556087,-0.200000,0.000000,0.000000,0.000000,-1.390637,0.542605,-0.075735,1.0000,1.0000,1.0000,1.660,4.810,0.340,5.000,3.000,8.000,1.500,0.060,0.110,386540215,1358381171,386538456,3189,1000,1506,1504,1505,1000,1000,2008,1505,1505,1074,2008,1625,1256,1000,1000
-0.0038,-0.0092,-0.6656,0.0010,-0.0209,3.1304,0.0063,-0.0042,-3.1481,0.0000,-0.1378,0.0100,-9.8714,0.0014,0.0049,0.0004,-0.0942,0.0126,-9.8440,0.0036,-0.0004,-0.0036,0.0987,0.1279,-9.3395,0.0020,-0.0033,-0.0011,0.2889,0.1511,-9.9216,0.0024,-0.0013,-0.0120,0.0000,0.0083,0.0261,0.0007,126.7931,107.1014,0.0000,0.0000,-1.390424,0.542574,-0.078861,0.003613,-0.001678,-0.013161,-1.393128,0.556087,-0.200000,0.000000,0.000000,0.000000,-1.390637,0.542605,-0.075735,1.0000,1.0000,1.0000,1.660,4.810,0.340,5.000,3.000,8.000,1.500,0.060,0.110,386550715,1358381171,386550456,3189,1000,1506,1504,1505,1000,1000,2008,1505,1505,1074,2008,1625,1256,1000,1000
-0.0037,-0.0090,-0.6656,0.0010,-0.0209,3.1304,0.0063,-0.0042,-3.1481,0.0000,-0.0746,0.0747,-9.8350,0.0011,0.0028,0.0015,-0.0637,0.0526,-9.8310,0.0044,0.0011,-0.0047,0.0389,-0.0541,-10.1056,0.0012,0.0063,0.0048,-0.1277,-0.0142,-10.2017,-0.0003,-0.0109,-0.0117,0.0000,0.0085,0.0268,0.0006,129.0224,107.9087,0.0000,0.0000,-1.390392,0.542559,-0.078980,0.003638,-0.001741,-0.013368,-1.393128,0.556087,-0.200000,0.000000,0.000000,0.000000,-1.390637,0.542605,-0.075735,1.0000,1.0000,1.0000,1.660,4.810,0.340,5.000,3.000,8.000,1.500,0.060,0.110,386561215,1358381171,386559456,3189,1000,1506,1504,1505,1000,1000,2008,1505,1505,1074,2008,1625,1256,1000,1000
-0.0041,-0.0085,-0.6655,0.0010,-0.0209,3.1305,0.0063,-0.0042,-3.1481,0.0000,-0.0717,0.0404,-9.8432,0.0011,0.0032,0.0055,-0.0506,0.0601,-9.7829,0.0006,-0.0007,0.0013,-0.0665,-0.0086,-10.5366,-0.0012,0.0103,0.0061,-0.5461,0.3594,-10.4118,-0.0061,0.0144,0.0024,0.0000,0.0084,0.0266,0.0002,130.5691,104.8208,0.0000,0.0000,-1.390349,0.542536,-0.079143,0.003586,-0.002032,-0.013808,-1.393128,0.556087,-0.200000,0.000000,0.000000,0.000000,-1.390637,0.542605,-0.075735,1.0000,1.0000,1.0000,1.660,4.810,0.340,5.000,3.000,8.000,1.500,0.060,0.110,386571715,1358381171,386571456,3189,1000,1506,1504,1505,1000,1000,2008,1505,1505,1074,2008,1625,1256,1000,1000
-0.0043,-0.0091,-0.6655,0.0010,-0.0209,3.1306,0.0063,-0.0042,-3.1481,0.0000,-0.1061,0.0431,-9.8453,0.0004,0.0053,0.0028,-0.0736,0.0192,-9.8456,0.0019,0.0010,-0.0015,-0.1670,-0.1020,-9.6627,0.0031,-0.0001,0.0032,0.1130,0.2067,-9.5248,-0.0024,-0.0016,-0.0061,0.0000,0.0085,0.0260,0.0004,128.7631,104.2252,0.0000,0.0000,-1.390314,0.542517,-0.079268,0.004135,-0.002186,-0.013879,-1.393128,0.556087,-0.200000,0.000000,0.000000,0.000000,-1.390637,0.542605,-0.075735,1.0000,1.0000,1.0000,1.660,4.810,0.340,5.000,3.000,8.000,1.500,0.060,0.110,386582215,1358381171,386580456,3189,1000,1506,1504,1505,1000,1000,2008,1505,1505,1074,2008,1625,1256,1000,1000
-0.0046,-0.0094,-0.6655,0.0010,-0.0209,3.1306,0.0063,-0.0042,-3.1481,0.0000,-0.1076,0.0578,-9.9101,0.0006,0.0037,0.0006,-0.0916,0.0721,-9.8279,0.0038,0.0019,-0.0057,0.0365,0.1686,-9.3036,0.0028,-0.0060,0.0037,0.1776,-0.2135,-9.4206,0.0029,0.0019,-0.0075,0.0000,0.0083,0.0267,0.0006,128.5821,108.1758,0.0000,0.0000,-1.390262,0.542489,-0.079435,0.004444,-0.002425,-0.014241,-1.393128,0.556087,-0.200000,0.000000,0.000000,0.000000,-1.390637,0.542605,-0.075735,1.0000,1.0000,1.0000,1.660,4.810,0.340,5.000,3.000,8.000,1.500,0.060,0.110,386592715,1358381171,386592457,3189,1000,1506,1504,1505,1000,1000,2008,1505,1505,1074,2008,1625,1256,1000,1000
-0.0047,-0.0095,-0.6654,0.0011,-0.0210,3.1306,0.0063,-0.0042,-3.1481,0.0000,-0.1017,0.0439,-9.8485,0.0016,0.0028,0.0053,-0.1361,0.0392,-9.8398,0.0039,-0.0012,0.0005,-0.0234,0.2237,-9.7968,0.0028,0.0041,0.0077,0.2674,-0.3266,-9.8498,0.0197,-0.0266,0.0168,0.0000,0.0081,0.0268,0.0004,129.8033,107.2096,0.0000,0.0000,-1.390363,0.542322,-0.077619,0.004087,-0.003100,-0.009873,-1.393128,0.556087,-0.200000,0.000000,0.000000,0.000000,-1.390464,0.542237,-0.075169,1.0000,1.0000,1.0000,1.660,4.810,0.340,5.000,3.000,8.000,1.500,0.060,0.110,386602760,1358513645,386601001,3190,1000,1506,1504,1505,1000,1000,2008,1505,1505,1074,2008,1625,1256,1000,1000
-0.0042,-0.0093,-0.6654,0.0011,-0.0210,3.1307,0.0063,-0.0042,-3.1481,0.0000,-0.0804,0.0080,-9.8048,0.0006,0.0040,0.0040,-0.0694,0.0196,-9.7944,0.0004,-0.0006,0.0019,-0.2772,-0.0469,-10.0027,-0.0004,0.0055,0.0000,-0.6161,0.1026,-10.5160,0.0088,-0.0024,-0.0240,0.0000,0.0082,0.0260,0.0001,129.5932,103.3581,0.0000,0.0000,-1.390313,0.542285,-0.077741,0.004229,-0.003033,-0.010317,-1.393128,0.556087,-0.200000,0.000000,0.000000,0.000000,-1.390464,0.542237,-0.075169,1.0000,1.0000,1.0000,1.660,4.810,0.340,5.000,3.000,8.000,1.500,0.060,0.110,386613260,1358513645,386613012,3190,1000,1506,1504,1505,1000,1000,2008,1505,1505,1074,2008,1625,1256,1000,1000
-0.0034,-0.0092,-0.6654,0.0011,-0.0210,3.1307,0.0063,-0.0042,-3.1481,0.0000,-0.0713,0.0205,-9.8202,0.0009,0.0021,-0.0013,-0.0913,-0.0034,-9.8452,0.0035,0.0012,-0.0061,-0.1527,0.1255,-10.2588,-0.0009,0.0071,-0.0013,-0.3880,0.1133,-10.0724,0.0003,0.0096,-0.0088,0.0000,0.0085,0.0271,0.0007,129.0261,109.5617,0.0000,0.0000,-1.390274,0.542259,-0.077835,0.004398,-0.002759,-0.010458,-1.393128,0.556087,-0.200000,0.000000,0.000000,0.000000,-1.390464,0.542237,-0.075169,1.0000,1.0000,1.0000,1.660,4.810,0.340,5.000,3.000,8.000,1.500,0.060,0.110,386623760,1358513645,386622001,3190,1000,1506,1504,1505,1000,1000,2008,1505,1505,1074,2008,1625,1256,1000,1000
-0.0036,-0.0089,-0.6654,0.0011,-0.0210,3.1307,0.0063,-0.0042,-3.1481,0.0000,-0.0786,0.0340,-9.8568,0.0006,0.0028,0.0035,-0.0632,0.0536,-9.8283,0.0028,0.0030,-0.0007,0.1586,-0.0613,-9.8830,0.0015,-0.0012,0.0051,0.1902,-0.1327,-9.0830,0.0000,0.0072,0.0064,0.0000,0.0084,0.0270,0.0006,129.6413,108.3283,0.0000,0.0000,-1.390221,0.542225,-0.077959,0.004469,-0.002829,-0.010383,-1.393128,0.556087,-0.200000,0.000000,0.000000,0.000000,-1.390464,0.542237,-0.075169,1.0000,1.0000,1.0000,1.660,4.810,0.340,5.000,3.000,8.000,1.500,0.060,0.110,386634260,1358513645,386634001,3190,1000,1506,1504,1505,1000,1000,2008,1505,1505,1074,2008,1625,1256,1000,1000
-0.0040,-0.0082,-0.6653,0.0011,-0.0210,3.1308,0.0063,-0.0042,-3.1481,0.0000,-0.0663,0.0443,-9.8960,0.0004,0.0037,0.0049,-0.1421,0.0165,-9.8138,0.0021,-0.0038,0.0002,0.0484,0.2739,-9.4233,0.0001,-0.0015,0.0048,0.3751,-0.0734,-9.6828,0.0107,-0.0242,-0.0032,0.0000,0.0085,0.0270,0.0001,132.1678,105.1108,0.0000,0.0000,-1.390181,0.542199,-0.078054,0.004298,-0.003041,-0.010736,-1.393128,0.556087,-0.200000,0.000000,0.000000,0.000000,-1.390464,0.542237,-0.075169,1.0000,1.0000,1.0000,1.660,4.810,0.340,5.000,3.000,8.000,1.500,0.060,0.110,386644760,1358513645,386643002,3190,1000,1506,1504,1505,1000,1000,2008,1505,1505,1074,2008,1625,1256,1000,1000
-0.0036,-0.0075,-0.6653,0.0011,-0.0210,3.1308,0.0063,-0.0042,-3.1481,0.0000,-0.0616,0.0306,-9.8558,0.0014,0.0032,0.0013,-0.0804,0.0520,-9.8234,0.0019,-0.0006,-0.0064,-0.2724,0.2165,-10.0434,0.0004,0.0111,-0.0005,-0.0002,0.8262,-10.3705,0.0011,-0.0130,0.0083,0.0000,0.0081,0.0268,0.0005,128.7777,108.2305,0.0000,0.0000,-1.390131,0.542163,-0.078187,0.004121,-0.003027,-0.011362,-1.393128,0.556087,-0.200000,0.000000,0.000000,0.000000,-1.390464,0.542237,-0.075169,1.0000,1.0000,1.0000,1.660,4.810,0.340,5.000,3.000,8.000,1.500,0.060,0.110,386655260,1358513645,386655001,3190,1000,1506,1504,1505,1000,1000,2008,1505,1505,1074,2008,1625,1256,1000,1000
-0.0034,-0.0078,-0.6653,0.0012,-0.0210,3.1309,0.0063,-0.0042,-3.1481,0.0000,-0.0470,0.0360,-9.8455,0.0022,0.0029,0.0035,-0.0602,0.0323,-9.7803,0.0036,-0.0046,-0.0019,-0.2197,-0.1714,-10.3450,-0.0020,0.0140,0.0045,-0.3862,-0.0986,-10.2825,0.0005,0.0008,-0.0067,0.0000,0.0078,0.0269,0.0003,129.5709,107.5102,0.0000,0.0000,-1.390093,0.542135,-0.078292,0.004166,-0.003053,-0.011944,-1.393128,0.556087,-0.200000,0.000000,0.000000,0.000000,-1.390464,0.542237,-0.075169,1.0000,1.0000,1.0000,1.660,4.810,0.340,5.000,3.000,8.000,1.500,0.060,0.110,386665760,1358513645,386664001,3190,1000,1506,1504,1505,1000,1000,2008,1505,1505,1074,2008,1625,1256,1000,1000
-0.0041,-0.0079,-0.6652,0.0012,-0.0210,3.1310,0.0063,-0.0042,-3.1481,0.0000,-0.0806,0.0609,-9.8171,0.0004,0.0038,0.0052,-0.0818,0.0684,-9.8195,0.0054,0.0042,0.0020,-0.1814,-0.0708,-9.6770,0.0028,0.0025,0.0032,-0.1726,0.5784,-9.4619,0.0088,-0.0138,0.0072,0.0000,0.0083,0.0265,0.0001,130.8051,104.3688,0.0000,0.0000,-1.390043,0.542096,-0.078435,0.004209,-0.003471,-0.011786,-1.393128,0.556087,-0.200000,0.000000,0.000000,0.000000,-1.390464,0.542237,-0.075169,1.0000,1.0000,1.0000,1.660,4.810,0.340,5.000,3.000,8.000,1.500,0.060,0.110,386676260,1358513645,386676001,3190,1000,1506,1504,1505,1000,1000,2008,1505,1505,1074,2008,1625,1256,1000,1000
-0.0039,-0.0080,-0.6652,0.0012,-0.0210,3.1310,0.0063,-0.0042,-3.1481,0.0000,-0.0913,0.0271,-9.9050,0.0014,0.0038,0.0001,-0.0756,0.0578,-9.8474,0.0026,-0.0010,-0.0046,-0.0737,0.0058,-9.1838,0.0031,-0.0084,-0.0016,0.4524,0.1511,-9.2967,0.0075,0.0037,-0.0107,0.0000,0.0079,0.0268,0.0006,128.5591,108.4140,0.0000,0.0000,-1.390005,0.542064,-0.078541,0.004243,-0.003517,-0.011927,-1.393128,0.556087,-0.200000,0.000000,0.000000,0.000000,-1.390464,0.542237,-0.075169,1.0000,1.0000,1.0000,1.660,4.810,0.340,5.000,3.000,8.000,1.500,0.060,0.110,386686760,1358513645,386685001,3190,1000,1506,1504,1505,1000,1000,2008,1505,1505,1074,2008,1625,1256,1000,1000
-0.0036,-0.0077,-0.6652,0.0010,-0.0211,3.1310,0.0063,-0.0042,-3.1481,0.0000,-0.0845,0.0394,-9.8551,0.0010,0.0034,0.0017,-0.1190,0.0403,-9.7919,0.0027,-0.0057,-0.0056,-0.1000,-0.0110,-10.0122,0.0001,0.0071,0.0037,-0.2893,-0.2763,-10.0868,-0.0197,0.0059,-0.0088,0.0000,0.0082,0.0267,0.0006,128.5356,107.8768,0.0000,0.0000,-1.390085,0.542316,-0.077270,0.003702,-0.002394,-0.009268,-1.393128,0.556087,-0.200000,0.000000,0.000000,0.000000,-1.390187,0.542546,-0.075285,1.0000,1.0000,1.0000,1.660,4.810,0.340,5.000,3.000,8.000,1.500,0.060,0.110,386697307,1358614562,386697001,3191,1000,1506,1504,1505,1000,1000,2008,1505,1505,1074,2008,1625,1256,1000,1000
-0.0034,-0.0071,-0.6651,0.0010,-0.0211,3.1311,0.0063,-0.0042,-3.1481,0.0000,-0.0346,0.0240,-9.7898,0.0013,0.0025,0.0062,-0.0948,0.0865,-9.8351,0.0042,0.0007,0.0007,-0.2006,-0.1235,-10.4552,0.0004,0.0105,0.0027,-0.4419,-0.1794,-9.8516,0.0021,0.0005,-0.0197,0.0000,0.0084,0.0266,0.0001,131.6292,103.8524,0.0000,0.0000,-1.390053,0.542295,-0.077355,0.003412,-0.002363,-0.009497,-1.393128,0.556087,-0.200000,0.000000,0.000000,0.000000,-1.390187,0.542546,-0.075285,1.0000,1.0000,1.0000,1.660,4.810,0.340,5.000,3.000,8.000,1.500,0.060,0.110,386707807,1358614562,386706048,3191,1000,1506,1504,1505,1000,1000,2008,1505,1505,1074,2008,1625,1256,1000,1000
-0.0033,-0.0066,-0.6651,0.0010,-0.0211,3.1311,0.0063,-0.0042,-3.1481,0.0000,-0.0413,0.0221,-9.8614,0.0005,0.0042,0.0024,-0.0603,-0.0073,-9.8240,0.0010,-0.0043,-0.0024,-0.0042,0.0465,-9.8159,0.0052,0.0036,0.0003,0.0465,-0.3104,-9.4080,0.0016,0.0125,-0.0099,0.0000,0.0082,0.0268,0.0003,130.1596,106.5385,0.0000,0.0000,-1.390013,0.542266,-0.077467,0.003157,-0.002403,-0.009336,-1.393128,0.556087,-0.200000,0.000000,0.000000,0.000000,-1.390187,0.542546,-0.075285,1.0000,1.0000,1.0000,1.660,4.810,0.340,5.000,3.000,8.000,1.500,0.060,0.110,386718307,1358614562,386718048,3191,1000,1506,1504,1505,1000,1000,2008,1505,1505,1074,2008,1625,1256,1000,1000
-0.0031,-0.0064,-0.6651,0.0010,-0.0210,3.1311,0.0063,-0.0042,-3.1481,0.0000,-0.0772,0.0144,-9.9151,0.0023,0.0047,0.0011,-0.0548,0.0736,-9.7966,0.0032,0.0008,-0.0034,0.1227,0.2859,-9.1910,0.0009,-0.0060,0.0032,0.1722,-0.3464,-9.9001,0.0085,-0.0088,0.0011,0.0000,0.0078,0.0270,0.0005,129.1331,108.7378,0.0000,0.0000,-1.389986,0.542245,-0.077553,0.003035,-0.002288,-0.009879,-1.393128,0.556087,-0.200000,0.000000,0.000000,0.000000,-1.390187,0.542546,-0.075285,1.0000,1.0000,1.0000,1.660,4.810,0.340,5.000,3.000,8.000,1.500,0.060,0.110,386728807,1358614562,386727048,3191,1000,1506,1504,1505,1000,1000,2008,1505,1505,1074,2008,1625,1256,1000,1000
-0.0025,-0.0068,-0.6650,0.0011,-0.0210,3.1312,0.0063,-0.0042,-3.1481,0.0000,-0.0843,0.0185,-9.8779,0.0015,0.0044,0.0048,-0.0914,0.0081,-9.7995,0.0038,0.0015,-0.0025,0.0867,0.2404,-9.7752,-0.0041,0.0015,0.0048,0.0286,0.5192,-10.2215,-0.0080,-0.0024,-0.0016,0.0000,0.0081,0.0268,0.0003,129.9873,106.8573,0.0000,0.0000,-1.389949,0.542220,-0.077677,0.003063,-0.001941,-0.010651,-1.393128,0.556087,-0.200000,0.000000,0.000000,0.000000,-1.390187,0.542546,-0.075285,1.0000,1.0000,1.0000,1.660,4.810,0.340,5.000,3.000,8.000,1.500,0.060,0.110,386739307,1358614562,386739048,3191,1000,1506,1504,1505,1000,1000,2008,1505,1505,1074,2008,1625,1256,1000,1000
-0.0030,-0.0067,-0.6650,0.0011,-0.0210,3.1312,0.0063,-0.0042,-3.1481,0.0000,-0.0642,0.0386,-9.8683,0.0014,0.0027,0.0038,-0.0766,0.0497,-9.8346,0.0041,-0.0010,0.0008,-0.1000,-0.0253,-10.1798,0.0033,0.0097,0.0000,-0.0738,-0.2781,-9.9054,-0.0027,-0.0072,-0.0125,0.0000,0.0082,0.0264,0.0001,130.6786,103.9805,0.0000,0.0000,-1.389922,0.542202,-0.077775,0.002945,-0.002027,-0.011154,-1.393128,0.556087,-0.200000,0.000000,0.000000,0.000000,-1.390187,0.542546,-0.075285,1.0000,1.0000,1.0000,1.660,4.810,0.340,5.000,3.000,8.000,1.500,0.060,0.110,386749807,1358614562,386748048,3191,1000,1506,1504,1505,1000,1000,2008,1505,1505,1074,2008,1625,1256,1000,1000
-0.0037,-0.0069,-0.6650,0.0011,-0.0210,3.1313,0.0063,-0.0042,-3.1481,0.0000,-0.0643,0.0578,-9.8427,0.0012,0.0044,0.0017,-0.0959,-0.0134,-9.8245,-0.0001,-0.0035,-0.0022,-0.2987,-0.2193,-9.9979,0.0079,0.0044,0.0019,-0.3844,0.5407,-9.5643,0.0157,0.0104,-0.0232,0.0000,0.0082,0.0265,0.0004,128.9535,106.3190,0.0000,0.0000,-1.389887,0.542176,-0.077911,0.002910,-0.002314,-0.011426,-1.393128,0.556087,-0.200000,0.000000,0.000000,0.000000,-1.390187,0.542546,-0.075285,1.0000,1.0000,1.0000,1.660,4.810,0.340,5.000,3.000,8.000,1.500,0.060,0.110,386760307,1358614562,386760048,3191,1000,1506,1504,1505,1000,1000,2008,1505,1505,1074,2008,1625,1256,1000,1000
-0.0038,-0.0074,-0.6649,0.0011,-0.0210,3.1313,0.0063,-0.0042,-3.1481,0.0000,-0.0842,0.0325,-9.8716,0.0001,0.0025,0.0035,-0.0672,0.0560,-9.7850,0.0019,0.0003,-0.0019,-0.3322,0.0393,-9.5645,-0.0009,-0.0041,0.0016,0.1381,0.2121,-10.0150,-0.0043,-0.0080,-0.0115,0.0000,0.0085,0.0270,0.0003,131.4501,105.8862,0.0000,0.0000,-1.389860,0.542155,-0.078014,0.003039,-0.002366,-0.011715,-1.393128,0.556087,-0.200000,0.000000,0.000000,0.000000,-1.390187,0.542546,-0.075285,1.0000,1.0000,1.0000,1.660,4.810,0.340,5.000,3.000,8.000,1.500,0.060,0.110,386770807,1358614562,386769048,3191,1000,1506,1504,1505,1000,1000,2008,1505,1505,1074,2008,1625,1256,1000,1000
-0.0035,-0.0081,-0.6649,0.0011,-0.0210,3.1314,0.0063,-0.0042,-3.1481,0.0000,-0.1059,0.0062,-9.8526,0.0009,0.0038,0.0032,-0.0855,0.0051,-9.7960,0.0038,-0.0005,-0.0037,-0.1407,-0.1474,-9.8853,-0.0044,0.0028,0.0035,0.2782,0.2606,-10.0724,0.0016,-0.0011,-0.0032,0.0000,0.0085,0.0267,0.0003,130.6015,105.4418,0.0000,0.0000,-1.389822,0.542127,-0.078156,0.003322,-0.002245,-0.011956,-1.393128,0.556087,-0.200000,0.000000,0.000000,0.000000,-1.390187,0.542546,-0.075285,1.0000,1.0000,1.0000,1.660,4.810,0.340,5.000,3.000,8.000,1.500,0.060,0.110,386781307,1358614562,386781048,3191,1000,1506,1504,1505,1000,1000,2008,1505,1505,1074,2008,1625,1256,1000,1000
-0.0029,-0.0081,-0.6649,0.0011,-0.0210,3.1314,0.0063,-0.0042,-3.1481,0.0000,-0.0926,0.0113,-9.8609,0.0019,0.0046,0.0023,-0.0917,0.0605,-9.8599,-0.0001,-0.0047,-0.0026,0.1203,-0.1498,-10.0122,-0.0009,0.0148,0.0029,-0.3252,0.3055,-9.6002,0.0019,0.0178,0.0064,0.0000,0.0080,0.0267,0.0004,129.4836,106.7586,0.0000,0.0000,-1.389792,0.542108,-0.078265,0.003371,-0.002167,-0.012118,-1.393128,0.556087,-0.200000,0.000000,0.000000,0.000000,-1.390187,0.542546,-0.075285,1.0000,1.0000,1.0000,1.660,4.810,0.340,5.000,3.000,8.000,1.500,0.060,0.110,386791807,1358614562,386790048,3191,1000,1506,1504,1505,1000,1000,2008,1505,1505,1074,2008,1625,1256,1000,1000
-0.0026,-0.0081,-0.6649,0.0011,-0.0210,3.1315,0.0063,-0.0042,-3.1481,0.0000,-0.0479,0.0487,-9.8649,0.0012,0.0035,0.0043,-0.1029,0.0305,-9.8205,0.0021,-0.0004,-0.0025,-0.1862,-0.1427,-9.8542,0.0047,0.0073,0.0027,-0.1097,-0.1812,-9.6289,0.0053,0.0003,0.0099,0.0000,0.0082,0.0269,0.0002,130.9831,105.8498,0.0000,0.0000,-1.389751,0.542084,-0.078413,0.003402,-0.001991,-0.012624,-1.393128,0.556087,-0.200000,0.000000,0.000000,0.000000,-1.390187,0.542546,-0.075285,1.0000,1.0000,1.0000,1.660,4.810,0.340,5.000,3.000,8.000,1.500,0.060,0.110,386802307,1358614562,386802048,3191,1000,1506,1504,1505,1000,1000,2008,1505,1505,1074,2008,1625,1256,1000,1000
-0.0024,-0.0076,-0.6648,0.0011,-0.0210,3.1315,0.0063,-0.0042,-3.1481,0.0000,-0.0703,0.0199,-9.8787,-0.0004,0.0034,0.0019,-0.0619,0.0322,-9.7886,0.0030,-0.0030,-0.0036,-0.1910,0.0417,-9.7201,0.0036,-0.0009,0.0013,0.0340,-0.2871,-10.2915,-0.0093,-0.0138,0.0088,0.0000,0.0086,0.0269,0.0003,131.1300,105.6610,0.0000,0.0000,-1.389721,0.542066,-0.078528,0.003257,-0.001928,-0.013018,-1.393128,0.556087,-0.200000,0.000000,0.000000,0.000000,-1.390187,0.542546,-0.075285,1.0000,1.0000,1.0000,1.660,4.810,0.340,5.000,3.000,8.000,1.500,0.060,0.110,386812807,1358614562,386811048,3191,1000,1506,1504,1505,1000,1000,2008,1505,1505,1074,2008,1625,1256,1000,1000
-0.0024,-0.0074,-0.6648,0.0011,-0.0210,3.1315,0.0063,-0.0042,-3.1481,0.0000,-0.0760,0.0664,-9.8889,0.0000,0.0035,0.0027,-0.0790,0.0584,-9.8258,0.0019,-0.0027,-0.0028,0.3118,0.1949,-9.5885,-0.0044,-0.0017,0.0029,-0.6323,-0.2889,-10.0240,0.0019,-0.0013,-0.0003,0.0000,0.0086,0.0271,0.0004,131.0191,107.0395,0.0000,0.0000,-1.389683,0.542043,-0.078687,0.003152,-0.001948,-0.013557,-1.393128,0.556087,-0.200000,0.000000,0.000000,0.000000,-1.390187,0.542546,-0.075285,1.0000,1.0000,1.0000,1.660,4.810,0.340,5.000,3.000,8.000,1.500,0.060,0.110,386823307,1358614562,386823048,3191,1000,1506,1504,1505,1000,1000,2008,1505,1505,1074,2008,1625,1256,1000,1000
-0.0032,-0.0075,-0.6648,0.0011,-0.0210,3.1316,0.0063,-0.0042,-3.1481,0.0000,-0.0800,0.0305,-9.8190,0.0013,0.0038,0.0038,-0.0931,0.0690,-9.8310,0.0023,-0.0028,0.0009,-0.1599,0.0178,-10.1942,-0.0052,0.0039,0.0011,-0.2605,-0.2063,-10.1209,0.0096,-0.0256,-0.0005,0.0000,0.0088,0.0265,0.0003,130.7172,104.2781,0.0000,0.0000,-1.389654,0.542025,-0.078810,0.003199,-0.002204,-0.013709,-1.393128,0.556087,-0.200000,0.000000,0.000000,0.000000,-1.390187,0.542546,-0.075285,1.0000,1.0000,1.0000,1.660,4.810,0.340,5.000,3.000,8.000,1.500,0.060,0.110,386833807,1358614562,386832050,3191,1000,1506,1504,1505,1000,1000,2008,1505,1505,1074,2008,1625,1256,1000,1000
-0.0032,-0.0080,-0.6647,0.0011,-0.0210,3.1316,0.0063,-0.0042,-3.1481,0.0000,-0.0884,0.0143,-9.8322,0.0016,0.0017,0.0024,-0.0851,0.0424,-9.8484,0.0022,-0.0032,-0.0011,-0.4136,0.1422,-10.3378,-0.0071,0.0132,0.0019,-0.3844,0.3629,-10.0222,-0.0053,0.0035,0.0035,0.0000,0.0080,0.0270,0.0003,130.5750,107.1590,0.0000,0.0000,-1.389615,0.541998,-0.078976,0.003354,-0.002177,-0.013988,-1.393128,0.556087,-0.200000,0.000000,0.000000,0.000000,-1.390187,0.542546,-0.075285,1.0000,1.0000,1.0000,1.660,4.810,0.340,5.000,3.000,8.000,1.500,0.060,0.110,386844307,1358614562,386844049,3191,1000,1506,1504,1505,1000,1000,2008,1505,1505,1074,2008,1625,1256,1000,1000
-0.0035,-0.0084,-0.6647,0.0009,-0.0212,3.1317,0.0063,-0.0042,-3.1481,0.0000,-0.0669,0.0290,-9.8088,0.0002,0.0016,0.0033,-0.0977,0.0158,-9.8009,0.0032,-0.0028,-0.0005,-0.3227,0.1566,-10.3355,-0.0023,0.0119,0.0040,-0.5389,-0.0644,-10.1120,0.0061,0.0128,0.0019,0.0000,0.0087,0.0275,0.0003,132.3343,107.2760,0.0000,0.0000,-1.389938,0.542309,-0.077258,0.002269,-0.001151,-0.010008,-1.393128,0.556087,-0.200000,0.000000,0.000000,0.000000,-1.390150,0.542501,-0.075100,1.0000,1.0000,1.0000,1.660,4.810,0.340,5.000,3.000,8.000,1.500,0.060,0.110,386854353,1358746629,386853094,3192,1000,1506,1504,1505,1000,1000,2008,1505,1505,1074,2008,1625,1256,1000,1000
-0.0033,-0.0086,-0.6647,0.0009,-0.0212,3.1317,0.0063,-0.0042,-3.1481,0.0000,-0.0835,0.0232,-9.8657,0.0005,0.0032,0.0033,-0.0715,0.0464,-9.8359,0.0024,-0.0025,-0.0021,-0.2030,0.1566,-9.3874,0.0012,0.0033,0.0029,-0.3862,0.2983,-9.5248,0.0112,-0.0154,-0.0205,0.0000,0.0087,0.0273,0.0001,133.1238,105.1145,0.0000,0.0000,-1.389917,0.542299,-0.077349,0.002427,-0.001166,-0.010085,-1.393128,0.556087,-0.200000,0.000000,0.000000,0.000000,-1.390150,0.542501,-0.075100,1.0000,1.0000,1.0000,1.660,4.810,0.340,5.000,3.000,8.000,1.500,0.060,0.110,386864853,1358746629,386862094,3192,1000,1506,1504,1505,1000,1000,2008,1505,1505,1074,2008,1625,1256,1000,1000
-0.0033,-0.0080,-0.6647,0.0009,-0.0212,3.1317,0.0063,-0.0042,-3.1481,0.0000,-0.0756,0.0224,-9.8576,0.0011,0.0043,0.0003,-0.1006,0.0461,-9.8717,0.0017,-0.0000,-0.0070,-0.0066,0.3242,-9.4209,0.0012,0.0031,0.0003,-0.3000,0.4222,-9.1908,0.0165,0.0059,-0.0194,0.0000,0.0087,0.0263,0.0003,129.9335,104.3903,0.0000,0.0000,-1.389888,0.542285,-0.077472,0.002305,-0.001156,-0.010315,-1.393128,0.556087,-0.200000,0.000000,0.000000,0.000000,-1.390150,0.542501,-0.075100,1.0000,1.0000,1.0000,1.660,4.810,0.340,5.000,3.000,8.000,1.500,0.060,0.110,386874887,1358746629,386874128,3192,1000,1506,1504,1505,1000,1000,2008,1505,1505,1074,2008,1625,1256,1000,1000
-0.0031,-0.0078,-0.6646,0.0009,-0.0212,3.1318,0.0063,-0.0042,-3.1481,0.0000,-0.0741,0.0291,-9.8757,0.0004,0.0034,0.0027,-0.0702,0.0534,-9.8202,0.0019,0.0031,-0.0031,-0.0832,0.0273,-9.6316,0.0047,0.0007,0.0027,0.4398,-0.2314,-9.7600,0.0051,-0.0035,0.0035,0.0000,0.0087,0.0271,0.0003,131.9296,105.8557,0.0000,0.0000,-1.389868,0.542274,-0.077565,0.002252,-0.001123,-0.010418,-1.393128,0.556087,-0.200000,0.000000,0.000000,0.000000,-1.390150,0.542501,-0.075100,1.0000,1.0000,1.0000,1.660,4.810,0.340,5.000,3.000,8.000,1.500,0.060,0.110,386885387,1358746629,386883128,3192,1000,1506,1504,1505,1000,1000,2008,1505,1505,1074,2008,1625,1256,1000,1000
