euler_madgwick0,euler_madgwick1,euler_madgwick2,euler_ekf0,euler_ekf1,euler_ekf2,euler_setpoint0,euler_setpoint1,euler_setpoint2,thrust_setpoint,Acc1,Acc2,Acc3,Gyro1,Gyro2,Gyro3,AccBMI1,AccBMI2,AccBMI3,GyroBMI1,GyroBMI2,GyroBMI3,Acc1Raw,Acc2Raw,Acc3Raw,Gyro1Raw,Gyro2Raw,Gyro3Raw,AccBMI1Raw,AccBMI2Raw,AccBMI3Raw,GyroBMI1Raw,GyroBMI2Raw,GyroBMI3Raw,u0,u1,u2,u3,w0,w1,w2,w3,positionNED_0,positionNED_1,positionNED_2,velocityNED_0,velocityNED_1,velocityNED_2,positionSetpointNED_0,positionSetpointNED_1,positionSetpointNED_2,velocitySetpointNED_0,velocitySetpointNED_1,velocitySetpointNED_2,mocapPositionNED_0,mocapPositionNED_1,mocapPositionNED_2,pScale_att,iScale_att,dScale_att,Kp_array,Ki_array,Kd_array,Kp_pos,Ki_pos,Kd_pos,Kp2_array,Ki2_array,Kd2_array,timeSinceBoot,mocapTime,quadTime,numMocapUpdates,throttle,roll,pitch,yaw,throttle_cut,boundary_sw,xSel,ySel,zSel,Kp_scale,Ki_scale,Kd_scale,scale_all,reset,position_toggle
-0.0051,0.0054,-0.5582,-0.0031,0.0074,2.9897,0.0063,-0.0136,3.1416,0.0000,0.0380,0.0429,-9.7900,-0.0010,0.0028,-0.0054,0.0333,0.0596,-9.8322,0.0014,-0.0007,-0.0007,0.1322,0.0608,-9.8135,-0.0017,0.0036,-0.0048,0.0663,0.1115,-9.8264,0.0189,-0.0096,-0.0008,0.0000,0.0157,-0.0362,0.0172,0.0000,0.0000,0.0000,0.0000,-0.897057,0.570364,-0.088708,0.002814,-0.008253,0.003328,0.000000,0.000000,0.000000,0.000000,0.000000,0.000000,-0.897662,0.569475,-0.090064,1.0000,1.0000,1.0000,1.660,4.810,0.340,5.000,3.000,8.000,1.500,0.060,0.110,20186697,992044449,20184438,137,1000,1506,1513,1505,1000,1000,2008,1505,1505,1105,2008,1625,1255,1000,1000
-0.0030,0.0044,-0.5585,-0.0031,0.0074,2.9895,0.0063,-0.0084,3.1416,0.0000,0.0713,0.0295,-9.8070,-0.0014,0.0043,-0.0041,0.0541,0.0141,-9.8504,0.0036,-0.0028,-0.0025,-0.0138,0.0776,-9.8422,-0.0015,0.0052,-0.0008,-0.0469,0.0828,-9.7797,-0.0048,-0.0149,-0.0128,0.0000,0.0160,-0.0274,0.0172,0.0000,53.9187,0.0000,223.1686,-0.896903,0.569975,-0.088539,0.003730,-0.008612,0.003975,0.000000,0.000000,0.000000,0.000000,0.000000,0.000000,-0.897662,0.569475,-0.090064,1.0000,1.0000,1.0000,1.660,4.810,0.340,5.000,3.000,8.000,1.500,0.060,0.110,20231576,992044449,20230317,137,1000,1506,1508,1505,1000,1000,2008,1505,1505,1105,2008,1625,1255,1000,1000
-0.0031,0.0044,-0.5585,-0.0031,0.0074,2.9894,0.0063,-0.0084,3.1416,0.0000,0.0390,0.0361,-9.8162,-0.0005,0.0037,-0.0144,0.0567,0.0073,-9.8059,0.0026,0.0018,-0.0131,0.0269,-0.0182,-9.4855,0.0020,-0.0020,-0.0197,-0.1295,-0.0608,-10.3149,0.0048,-0.0261,-0.0309,0.0000,0.0155,-0.0273,0.0174,0.0000,58.4402,0.0000,223.4974,-0.896869,0.569897,-0.088503,0.004003,-0.008616,0.003941,0.000000,0.000000,0.000000,0.000000,0.000000,0.000000,-0.897662,0.569475,-0.090064,1.0000,1.0000,1.0000,1.660,4.810,0.340,5.000,3.000,8.000,1.500,0.060,0.110,20242010,992044449,20239251,137,1000,1506,1506,1505,1000,1000,2008,1505,1505,1105,2008,1625,1255,1000,1000
-0.0038,0.0046,-0.5587,-0.0031,0.0074,2.9892,0.0063,-0.0063,3.1416,0.0000,0.1135,0.0757,-9.8077,-0.0003,0.0025,-0.0093,0.0646,0.0605,-9.7934,0.0048,0.0020,-0.0091,-0.1239,-0.0613,-9.6866,-0.0092,0.0105,0.0101,-0.0109,0.5820,-10.1568,-0.0037,-0.0115,0.0120,0.0000,0.0159,-0.0240,0.0186,0.0000,81.8251,0.0000,224.4275,-0.896819,0.569793,-0.088457,0.004074,-0.008878,0.003778,0.000000,0.000000,0.000000,0.000000,0.000000,0.000000,-0.897662,0.569475,-0.090064,1.0000,1.0000,1.0000,1.660,4.810,0.340,5.000,3.000,8.000,1.500,0.060,0.110,20252042,992044449,20251283,137,1000,1506,1506,1505,1000,1000,2008,1505,1505,1105,2008,1625,1255,1000,1000
-0.0044,0.0052,-0.5586,-0.0031,0.0074,2.9893,0.0063,-0.0063,3.1416,0.0000,0.1021,0.1123,-9.8219,-0.0010,0.0039,0.0272,0.0601,0.1390,-9.8184,0.0030,-0.0011,0.0267,0.0700,0.2572,-10.0697,-0.0065,0.0087,0.0320,0.0340,0.2714,-10.0222,0.0045,0.0019,0.0445,0.0000,0.0159,-0.0241,0.0140,0.0000,17.3431,0.0000,206.5835,-0.896785,0.569709,-0.088424,0.003500,-0.009633,0.003604,0.000000,0.000000,0.000000,0.000000,0.000000,0.000000,-0.897662,0.569475,-0.090064,1.0000,1.0000,1.0000,1.660,4.810,0.340,5.000,3.000,8.000,1.500,0.060,0.110,20262542,992044449,20260283,137,1000,1506,1506,1505,1000,1000,2008,1505,1505,1105,2008,1625,1255,1000,1000
-0.0042,0.0054,-0.5583,-0.0031,0.0074,2.9896,0.0063,-0.0063,3.1416,0.0000,0.0311,-0.0771,-9.7626,-0.0009,0.0045,0.0134,0.0184,-0.1085,-9.7923,0.0023,-0.0033,0.0165,-0.1215,0.0992,-9.7345,-0.0044,0.0033,-0.0128,0.0860,0.0918,-9.5553,-0.0035,0.0016,0.0016,0.0000,0.0159,-0.0242,0.0152,0.0000,42.0662,0.0000,211.3413,-0.896744,0.569592,-0.088381,0.003585,-0.009494,0.003731,0.000000,0.000000,0.000000,0.000000,0.000000,0.000000,-0.897662,0.569475,-0.090064,1.0000,1.0000,1.0000,1.660,4.810,0.340,5.000,3.000,8.000,1.500,0.060,0.110,20273042,992044449,20272283,137,1000,1506,1506,1505,1000,1000,2008,1505,1505,1105,2008,1625,1255,1000,1000
-0.0034,0.0052,-0.5585,-0.0031,0.0074,2.9895,0.0063,-0.0063,3.1416,0.0000,0.0201,-0.0441,-9.8456,-0.0001,0.0044,-0.0465,0.0103,-0.0817,-9.8744,0.0039,0.0039,-0.0411,0.1298,0.1207,-9.4975,0.0001,0.0004,-0.0578,0.2117,-0.0590,-9.5104,0.0064,0.0115,-0.0554,0.0000,0.0156,-0.0243,0.0209,0.0000,98.8830,0.0000,232.8728,-0.896708,0.569511,-0.088346,0.004164,-0.008585,0.003974,0.000000,0.000000,0.000000,0.000000,0.000000,0.000000,-0.897662,0.569475,-0.090064,1.0000,1.0000,1.0000,1.660,4.810,0.340,5.000,3.000,8.000,1.500,0.060,0.110,20283542,992044449,20281294,137,1000,1506,1506,1505,1000,1000,2008,1505,1505,1105,2008,1625,1255,1000,1000
-0.0032,0.0054,-0.5590,-0.0031,0.0074,2.9889,0.0063,-0.0063,3.1416,0.0000,0.0925,0.1822,-9.8048,-0.0006,0.0046,-0.0403,0.0751,0.1816,-9.8225,0.0021,-0.0013,-0.0423,0.3645,-0.0134,-9.3850,0.0041,-0.0004,-0.0045,0.1381,0.0074,-9.5714,0.0112,-0.0027,-0.0149,0.0000,0.0158,-0.0242,0.0217,0.0000,104.4519,0.0000,235.8262,-0.896656,0.569410,-0.088300,0.004248,-0.008684,0.003781,0.000000,0.000000,0.000000,0.000000,0.000000,0.000000,-0.897662,0.569475,-0.090064,1.0000,1.0000,1.0000,1.660,4.810,0.340,5.000,3.000,8.000,1.500,0.060,0.110,20294042,992044449,20293283,137,1000,1506,1506,1505,1000,1000,2008,1505,1505,1105,2008,1625,1255,1000,1000
-0.0040,0.0058,-0.5591,-0.0031,0.0075,2.9889,0.0063,-0.0052,3.1416,0.0000,0.1128,0.1522,-9.8404,-0.0006,0.0030,0.0324,0.0622,0.1755,-9.8496,0.0011,-0.0027,0.0318,0.0676,0.2117,-9.5430,-0.0055,0.0049,0.0464,-0.2031,0.1295,-9.8965,-0.0146,0.0051,0.0671,0.0000,0.0158,-0.0224,0.0146,0.0000,44.8656,0.0000,206.6190,-0.896622,0.569326,-0.088265,0.003533,-0.009975,0.003862,0.000000,0.000000,0.000000,0.000000,0.000000,0.000000,-0.897662,0.569475,-0.090064,1.0000,1.0000,1.0000,1.660,4.810,0.340,5.000,3.000,8.000,1.500,0.060,0.110,20304542,992044449,20302283,137,1000,1506,1505,1505,1000,1000,2008,1505,1505,1105,2008,1625,1255,1000,1000
-0.0042,0.0057,-0.5586,-0.0031,0.0075,2.9893,0.0063,-0.0052,3.1416,0.0000,-0.0046,-0.0341,-9.8167,-0.0017,0.0050,0.0345,-0.0230,-0.0482,-9.8065,0.0027,-0.0043,0.0377,0.2089,-0.1163,-9.7944,0.0023,0.0041,0.0080,-0.1564,-0.1686,-9.8983,0.0021,0.0029,0.0035,0.0000,0.0159,-0.0222,0.0125,0.0000,0.0000,0.0000,197.5513,-0.896580,0.569201,-0.088219,0.003680,-0.010406,0.003699,0.000000,0.000000,0.000000,0.000000,0.000000,0.000000,-0.897662,0.569475,-0.090064,1.0000,1.0000,1.0000,1.660,4.810,0.340,5.000,3.000,8.000,1.500,0.060,0.110,20315042,992044449,20314283,137,1000,1506,1505,1505,1000,1000,2008,1505,1505,1105,2008,1625,1255,1000,1000
-0.0035,0.0054,-0.5586,-0.0031,0.0075,2.9894,0.0063,-0.0052,3.1416,0.0000,0.0285,-0.0344,-9.7632,0.0001,0.0037,-0.0283,0.0433,-0.0850,-9.8568,0.0024,0.0016,-0.0244,0.0006,-0.0038,-9.8351,0.0036,0.0001,-0.0424,-0.1438,0.0361,-9.8408,0.0027,-0.0067,-0.0490,0.0000,0.0156,-0.0227,0.0179,0.0000,80.3396,0.0000,219.8413,-0.896544,0.569111,-0.088185,0.004421,-0.009644,0.004054,0.000000,0.000000,0.000000,0.000000,0.000000,0.000000,-0.897662,0.569475,-0.090064,1.0000,1.0000,1.0000,1.660,4.810,0.340,5.000,3.000,8.000,1.500,0.060,0.110,20325542,992044449,20323283,137,1000,1506,1505,1505,1000,1000,2008,1505,1505,1105,2008,1625,1255,1000,1000
-0.0031,0.0057,-0.5590,-0.0031,0.0075,2.9889,0.0063,-0.0052,3.1416,0.0000,0.0857,0.0971,-9.8249,-0.0013,0.0031,-0.0357,0.0333,0.1548,-9.8567,0.0005,-0.0045,-0.0338,0.2496,-0.0086,-9.9476,0.0036,0.0049,-0.0123,0.0286,0.2283,-9.8139,0.0067,-0.0032,-0.0232,0.0000,0.0158,-0.0222,0.0211,0.0000,105.0591,0.0000,231.3009,-0.896489,0.568998,-0.088136,0.004487,-0.009472,0.004015,0.000000,0.000000,0.000000,0.000000,0.000000,0.000000,-0.897662,0.569475,-0.090064,1.0000,1.0000,1.0000,1.660,4.810,0.340,5.000,3.000,8.000,1.500,0.060,0.110,20336042,992044449,20335283,137,1000,1506,1505,1505,1000,1000,2008,1505,1505,1105,2008,1625,1255,1000,1000
-0.0038,0.0062,-0.5591,-0.0031,0.0075,2.9888,0.0063,-0.0052,3.1416,0.0000,0.1247,0.1029,-9.8075,-0.0004,0.0046,0.0175,0.0944,0.0899,-9.8255,0.0016,0.0001,0.0176,0.0389,-0.1091,-9.3634,0.0023,-0.0007,0.0264,0.0465,-0.1883,-9.3937,0.0035,-0.0056,0.0336,0.0000,0.0153,-0.0222,0.0170,0.0000,74.7051,0.0000,215.5750,-0.896451,0.568909,-0.088100,0.003848,-0.010221,0.003985,0.000000,0.000000,0.000000,0.000000,0.000000,0.000000,-0.897662,0.569475,-0.090064,1.0000,1.0000,1.0000,1.660,4.810,0.340,5.000,3.000,8.000,1.500,0.060,0.110,20346542,992044449,20344283,137,1000,1506,1505,1505,1000,1000,2008,1505,1505,1105,2008,1625,1256,1000,1000
-0.0036,0.0065,-0.5589,-0.0031,0.0075,2.9891,0.0063,-0.0052,3.1416,0.0000,-0.0060,-0.0957,-9.8183,-0.0009,0.0026,0.0054,0.0060,-0.1164,-9.8096,0.0040,0.0005,0.0125,0.0030,-0.0732,-9.5214,-0.0052,0.0087,-0.0216,0.0286,-0.0142,-9.7223,-0.0104,0.0003,-0.0360,0.0000,0.0158,-0.0224,0.0145,0.0000,42.7641,0.0000,206.1411,-0.896407,0.568786,-0.088051,0.003902,-0.009901,0.004083,0.000000,0.000000,0.000000,0.000000,0.000000,0.000000,-0.897662,0.569475,-0.090064,1.0000,1.0000,1.0000,1.660,4.810,0.340,5.000,3.000,8.000,1.500,0.060,0.110,20357042,992044449,20356283,137,1000,1506,1505,1505,1000,1000,2008,1505,1505,1105,2008,1625,1256,1000,1000
-0.0029,0.0061,-0.5591,-0.0031,0.0075,2.9889,0.0063,-0.0052,3.1416,0.0000,0.0371,0.0057,-9.7641,-0.0006,0.0034,-0.0386,0.0142,0.0024,-9.8212,0.0039,-0.0047,-0.0340,-0.0042,0.3434,-9.9284,-0.0057,0.0087,-0.0338,-0.1187,0.3989,-9.9001,-0.0032,0.0011,-0.0266,0.0000,0.0158,-0.0223,0.0207,0.0000,102.1569,0.0000,229.9316,-0.896368,0.568701,-0.088013,0.004632,-0.009038,0.004375,0.000000,0.000000,0.000000,0.000000,0.000000,0.000000,-0.897662,0.569475,-0.090064,1.0000,1.0000,1.0000,1.660,4.810,0.340,5.000,3.000,8.000,1.500,0.060,0.110,20367542,992044449,20365284,137,1000,1506,1505,1505,1000,1000,2008,1505,1505,1105,2008,1625,1255,1000,1000
-0.0036,0.0061,-0.5594,-0.0031,0.0075,2.9885,0.0063,-0.0052,3.1416,0.0000,0.0845,0.2232,-9.8099,-0.0011,0.0048,-0.0045,0.0696,0.2076,-9.8497,0.0005,0.0009,-0.0079,-0.0449,0.2691,-9.5430,-0.0009,0.0025,0.0226,-0.1277,0.4240,-9.6199,0.0157,0.0013,0.0301,0.0000,0.0159,-0.0228,0.0176,0.0000,76.6201,0.0000,219.0437,-0.896312,0.568588,-0.087960,0.004471,-0.010274,0.004468,0.000000,0.000000,0.000000,0.000000,0.000000,0.000000,-0.897662,0.569475,-0.090064,1.0000,1.0000,1.0000,1.660,4.810,0.340,5.000,3.000,8.000,1.500,0.060,0.110,20378042,992044449,20377283,137,1000,1506,1505,1505,1000,1000,2008,1505,1505,1105,2008,1625,1255,1000,1000
-0.0044,0.0060,-0.5592,-0.0031,0.0075,2.9888,0.0063,-0.0052,3.1416,0.0000,0.0332,0.0842,-9.8405,-0.0019,0.0029,0.0393,0.0480,0.0529,-9.8262,0.0030,0.0016,0.0423,0.0197,0.0369,-9.3802,-0.0020,0.0047,0.0309,-0.2965,0.1888,-9.7025,0.0125,-0.0083,0.0341,0.0000,0.0163,-0.0223,0.0130,0.0000,0.0000,0.0000,200.1652,-0.896272,0.568489,-0.087919,0.004470,-0.011613,0.004553,0.000000,0.000000,0.000000,0.000000,0.000000,0.000000,-0.897662,0.569475,-0.090064,1.0000,1.0000,1.0000,1.660,4.810,0.340,5.000,3.000,8.000,1.500,0.060,0.110,20388542,992044449,20386283,137,1000,1506,1505,1505,1000,1000,2008,1505,1505,1105,2008,1625,1255,1000,1000
-0.0040,0.0055,-0.5589,-0.0031,0.0075,2.9890,0.0063,-0.0052,3.1416,0.0000,0.0256,-0.0818,-9.8131,-0.0013,0.0047,-0.0027,0.0126,-0.1187,-9.8027,0.0035,-0.0022,0.0050,-0.2915,-0.1163,-9.6028,-0.0049,0.0033,-0.0290,-0.0397,0.1385,-9.9593,-0.0045,-0.0061,-0.0123,0.0000,0.0162,-0.0229,0.0161,0.0000,60.4521,0.0000,213.6092,-0.896215,0.568350,-0.087865,0.005147,-0.011191,0.004514,0.000000,0.000000,0.000000,0.000000,0.000000,0.000000,-0.897662,0.569475,-0.090064,1.0000,1.0000,1.0000,1.660,4.810,0.340,5.000,3.000,8.000,1.500,0.060,0.110,20399042,992044449,20398283,137,1000,1506,1505,1505,1000,1000,2008,1505,1505,1105,2008,1625,1255,1000,1000
-0.0033,0.0055,-0.5592,-0.0031,0.0075,2.9887,0.0063,-0.0052,3.1416,0.0000,0.0882,0.0085,-9.8008,0.0008,0.0035,-0.0453,0.0668,-0.0016,-9.8205,0.0010,0.0021,-0.0427,0.1155,0.2859,-9.8662,0.0023,0.0047,-0.0282,0.3249,0.4617,-9.8803,0.0165,0.0016,-0.0330,0.0000,0.0154,-0.0227,0.0212,0.0000,105.4573,0.0000,232.2577,-0.896166,0.568254,-0.087825,0.005682,-0.010268,0.004277,0.000000,0.000000,0.000000,0.000000,0.000000,0.000000,-0.897662,0.569475,-0.090064,1.0000,1.0000,1.0000,1.660,4.810,0.340,5.000,3.000,8.000,1.500,0.060,0.110,20409542,992044449,20407283,137,1000,1506,1505,1505,1000,1000,2008,1505,1505,1105,2008,1625,1255,1000,1000
-0.0037,0.0062,-0.5595,-0.0031,0.0076,2.9884,0.0063,-0.0052,3.1416,0.0000,0.1654,0.0890,-9.8085,0.0001,0.0043,-0.0018,0.0902,0.1162,-9.8267,0.0017,0.0009,-0.0010,-0.0401,0.2332,-10.0673,-0.0060,0.0025,0.0117,-0.0253,0.1008,-9.8803,-0.0043,0.0059,-0.0011,0.0000,0.0155,-0.0228,0.0182,0.0000,82.8226,0.0000,221.0510,-0.896102,0.568128,-0.087773,0.004708,-0.010781,0.004330,0.000000,0.000000,0.000000,0.000000,0.000000,0.000000,-0.897662,0.569475,-0.090064,1.0000,1.0000,1.0000,1.660,4.810,0.340,5.000,3.000,8.000,1.500,0.060,0.110,20420042,992044449,20419283,137,1000,1506,1505,1505,1000,1000,2008,1505,1505,1105,2008,1625,1255,1000,1000
-0.0041,0.0066,-0.5594,-0.0031,0.0076,2.9885,0.0063,-0.0052,3.1416,0.0000,0.0349,-0.0044,-9.7979,-0.0010,0.0033,0.0114,0.0199,-0.0099,-9.8138,-0.0007,0.0017,0.0189,0.0125,0.1638,-10.0338,-0.0049,0.0089,-0.0005,0.1992,-0.0034,-9.9324,-0.0056,0.0104,0.0005,0.0000,0.0160,-0.0226,0.0154,0.0000,54.8768,0.0000,210.4197,-0.896062,0.568029,-0.087735,0.004413,-0.011080,0.004159,0.000000,0.000000,0.000000,0.000000,0.000000,0.000000,-0.897662,0.569475,-0.090064,1.0000,1.0000,1.0000,1.660,4.810,0.340,5.000,3.000,8.000,1.500,0.060,0.110,20430542,992044449,20428283,137,1000,1506,1505,1505,1000,1000,2008,1505,1505,1105,2008,1625,1255,1000,1000
-0.0036,0.0060,-0.5594,-0.0031,0.0076,2.9885,0.0063,-0.0052,3.1416,0.0000,0.0490,0.0473,-9.8034,0.0005,0.0038,-0.0154,0.0273,0.0055,-9.8221,0.0017,0.0026,-0.0093,0.2831,0.0704,-9.6172,-0.0017,-0.0023,-0.0203,-0.1313,0.2265,-9.5104,0.0035,-0.0067,-0.0080,0.0000,0.0157,-0.0227,0.0175,0.0000,77.0514,0.0000,218.4825,-0.896006,0.567898,-0.087685,0.004867,-0.010842,0.004315,0.000000,0.000000,0.000000,0.000000,0.000000,0.000000,-0.897662,0.569475,-0.090064,1.0000,1.0000,1.0000,1.660,4.810,0.340,5.000,3.000,8.000,1.500,0.060,0.110,20441042,992044449,20440283,137,1000,1506,1505,1505,1000,1000,2008,1505,1505,1105,2008,1625,1255,1000,1000
-0.0044,0.0059,-0.5596,-0.0031,0.0076,2.9884,0.0063,-0.0052,3.1416,0.0000,0.0247,0.1421,-9.8685,-0.0023,0.0063,-0.0082,0.0009,0.1722,-9.8299,0.0022,0.0015,-0.0079,0.1298,-0.1044,-9.5956,0.0065,-0.0023,0.0059,-0.0469,-0.2404,-9.7546,0.0120,-0.0093,0.0200,0.0000,0.0159,-0.0226,0.0185,0.0000,85.6297,0.0000,222.4596,-0.895961,0.567799,-0.087645,0.005019,-0.011332,0.004298,0.000000,0.000000,0.000000,0.000000,0.000000,0.000000,-0.897662,0.569475,-0.090064,1.0000,1.0000,1.0000,1.660,4.810,0.340,5.000,3.000,8.000,1.500,0.060,0.110,20451542,992044449,20449284,137,1000,1506,1505,1505,1000,1000,2008,1505,1505,1105,2008,1625,1255,1000,1000
-0.0052,0.0059,-0.5595,-0.0044,0.0063,2.9885,0.0063,-0.0052,3.1416,0.0000,0.0447,0.0925,-9.8074,-0.0011,0.0048,0.0150,0.0475,0.1187,-9.8314,0.0019,-0.0019,0.0164,0.3573,-0.2193,-9.8470,0.0007,0.0031,0.0157,0.3249,-0.1327,-9.7815,-0.0016,0.0093,0.0229,0.0000,0.0182,-0.0209,0.0161,0.0000,62.0183,0.0000,212.9290,-0.898198,0.570793,-0.088944,-0.002247,-0.002145,0.001227,0.000000,0.000000,0.000000,0.000000,0.000000,0.000000,-0.898733,0.571555,-0.089811,1.0000,1.0000,1.0000,1.660,4.810,0.340,5.000,3.000,8.000,1.500,0.060,0.110,20461589,992177198,20461331,138,1000,1506,1505,1505,1000,1000,2008,1505,1505,1105,2008,1625,1255,1000,1000
-0.0048,0.0062,-0.5594,-0.0050,0.0065,2.9886,0.0063,-0.0052,3.1416,0.0000,0.0529,-0.0148,-9.7844,-0.0022,0.0028,0.0038,0.0328,-0.0776,-9.8189,0.0047,0.0026,0.0073,0.2136,0.0920,-9.9021,-0.0015,0.0087,-0.0120,0.1668,-0.1722,-9.8175,-0.0024,-0.0314,0.0064,0.0000,0.0181,-0.0206,0.0156,0.0000,58.4191,0.0000,210.4862,-0.897716,0.571894,-0.089485,-0.000642,0.001876,0.000299,0.000000,0.000000,0.000000,0.000000,0.000000,0.000000,-0.897107,0.574850,-0.090079,1.0000,1.0000,1.0000,1.660,4.810,0.340,5.000,3.000,8.000,1.500,0.060,0.110,20471681,992378436,20470377,140,1000,1506,1505,1505,1000,1000,2008,1505,1505,1105,2008,1625,1256,1000,1000
-0.0040,0.0061,-0.5595,-0.0050,0.0065,2.9885,0.0063,-0.0052,3.1416,0.0000,0.0689,-0.0283,-9.7843,0.0004,0.0027,-0.0259,0.0336,-0.0223,-9.7934,0.0030,-0.0035,-0.0213,0.0077,-0.1044,-9.8853,-0.0041,0.0068,-0.0258,0.0627,0.0846,-10.0240,0.0080,-0.0138,-0.0285,0.0000,0.0191,-0.0205,0.0183,0.0000,82.5734,0.0000,222.0604,-0.897721,0.571914,-0.089482,-0.000399,0.002662,0.000277,0.000000,0.000000,0.000000,0.000000,0.000000,0.000000,-0.897107,0.574850,-0.090079,1.0000,1.0000,1.0000,1.660,4.810,0.340,5.000,3.000,8.000,1.500,0.060,0.110,20482181,992378436,20479422,140,1000,1506,1505,1505,1000,1000,2008,1505,1505,1105,2008,1625,1256,1000,1000
-0.0038,0.0067,-0.5598,-0.0050,0.0065,2.9882,0.0063,-0.0052,3.1416,0.0000,0.1035,0.0336,-9.7984,-0.0007,0.0032,-0.0194,0.0915,0.0485,-9.8208,0.0022,-0.0001,-0.0170,-0.0976,0.1925,-9.8542,-0.0028,0.0071,-0.0115,-0.0720,0.3163,-9.9234,0.0067,-0.0120,-0.0008,0.0000,0.0187,-0.0208,0.0194,0.0000,91.2958,0.0000,226.0377,-0.897726,0.571950,-0.089477,-0.000595,0.003122,0.000626,0.000000,0.000000,0.000000,0.000000,0.000000,0.000000,-0.897107,0.574850,-0.090079,1.0000,1.0000,1.0000,1.660,4.810,0.340,5.000,3.000,8.000,1.500,0.060,0.110,20492216,992378436,20491458,140,1000,1506,1505,1505,1000,1000,2008,1505,1505,1105,2008,1625,1256,1000,1000
-0.0045,0.0071,-0.5599,-0.0050,0.0065,2.9881,0.0063,-0.0052,3.1416,0.0000,0.0761,0.0826,-9.8242,-0.0007,0.0041,0.0006,0.0328,0.0573,-9.8497,-0.0002,-0.0040,0.0033,-0.0234,0.0561,-9.9045,0.0023,0.0071,0.0077,0.0178,0.2498,-9.8516,0.0037,-0.0080,0.0146,0.0000,0.0190,-0.0209,0.0168,0.0000,68.0649,0.0000,216.5815,-0.897732,0.571977,-0.089471,-0.000852,0.002947,0.000494,0.000000,0.000000,0.000000,0.000000,0.000000,0.000000,-0.897107,0.574850,-0.090079,1.0000,1.0000,1.0000,1.660,4.810,0.340,5.000,3.000,8.000,1.500,0.060,0.110,20502716,992378436,20500457,140,1000,1506,1505,1505,1000,1000,2008,1505,1505,1105,2008,1625,1256,1000,1000
-0.0052,0.0067,-0.5598,-0.0050,0.0065,2.9882,0.0063,-0.0052,3.1416,0.0000,0.0389,0.0588,-9.7755,0.0002,0.0018,0.0064,0.0194,0.0780,-9.8468,0.0015,0.0020,0.0101,-0.2604,0.2021,-9.7848,-0.0039,0.0023,0.0027,-0.1151,-0.0195,-9.9791,0.0043,-0.0170,-0.0005,0.0000,0.0186,-0.0201,0.0162,0.0000,65.8841,0.0000,212.7905,-0.897743,0.572010,-0.089465,-0.000763,0.002575,0.000662,0.000000,0.000000,0.000000,0.000000,0.000000,0.000000,-0.897107,0.574850,-0.090079,1.0000,1.0000,1.0000,1.660,4.810,0.340,5.000,3.000,8.000,1.500,0.060,0.110,20513216,992378436,20512457,140,1000,1506,1505,1505,1000,1000,2008,1505,1505,1105,2008,1625,1256,1000,1000
-0.0051,0.0060,-0.5598,-0.0050,0.0065,2.9882,0.0063,-0.0052,3.1416,0.0000,0.0148,0.0296,-9.7792,-0.0017,0.0036,-0.0030,0.0304,0.0742,-9.8563,0.0062,-0.0004,0.0005,0.1586,0.0441,-9.8686,0.0017,0.0071,-0.0040,0.2476,0.1852,-9.8085,-0.0016,-0.0091,-0.0099,0.0000,0.0191,-0.0205,0.0171,0.0000,71.8745,0.0000,217.4389,-0.897747,0.572033,-0.089459,-0.000301,0.002612,0.000822,0.000000,0.000000,0.000000,0.000000,0.000000,0.000000,-0.897107,0.574850,-0.090079,1.0000,1.0000,1.0000,1.660,4.810,0.340,5.000,3.000,8.000,1.500,0.060,0.110,20523716,992378436,20521457,140,1000,1506,1505,1505,1000,1000,2008,1505,1505,1105,2008,1625,1255,1000,1000
-0.0050,0.0057,-0.5599,-0.0050,0.0065,2.9881,0.0063,-0.0052,3.1416,0.0000,0.0415,0.0874,-9.8235,-0.0008,0.0048,-0.0067,0.0420,0.0425,-9.8238,0.0031,-0.0012,-0.0014,0.3717,0.2045,-9.9715,-0.0007,0.0020,-0.0013,0.3446,0.2786,-9.8659,0.0029,0.0056,-0.0176,0.0000,0.0190,-0.0212,0.0175,0.0000,73.2356,0.0000,219.6552,-0.897749,0.572066,-0.089448,-0.000050,0.002712,0.000917,0.000000,0.000000,0.000000,0.000000,0.000000,0.000000,-0.897107,0.574850,-0.090079,1.0000,1.0000,1.0000,1.660,4.810,0.340,5.000,3.000,8.000,1.500,0.060,0.110,20534216,992378436,20533457,140,1000,1506,1505,1505,1000,1000,2008,1505,1505,1105,2008,1625,1255,1000,1000
-0.0054,0.0062,-0.5599,-0.0050,0.0065,2.9881,0.0063,-0.0052,3.1416,0.0000,0.0853,0.0412,-9.8306,-0.0002,0.0032,0.0088,0.0639,0.0150,-9.8249,0.0015,-0.0015,0.0077,-0.0497,0.1279,-9.6507,-0.0065,0.0063,0.0013,-0.1133,-0.3104,-9.7815,0.0162,-0.0051,0.0016,0.0000,0.0187,-0.0206,0.0161,0.0000,62.8307,0.0000,213.3123,-0.897751,0.572089,-0.089442,-0.000375,0.002489,0.000416,0.000000,0.000000,0.000000,0.000000,0.000000,0.000000,-0.897107,0.574850,-0.090079,1.0000,1.0000,1.0000,1.660,4.810,0.340,5.000,3.000,8.000,1.500,0.060,0.110,20544716,992378436,20542457,140,1000,1506,1505,1505,1000,1000,2008,1505,1505,1105,2008,1625,1255,1000,1000
-0.0047,0.0063,-0.5599,-0.0050,0.0065,2.9881,0.0063,-0.0052,3.1416,0.0000,0.0541,-0.0529,-9.7735,-0.0000,0.0051,-0.0123,0.0198,-0.0301,-9.7954,0.0046,-0.0011,-0.0093,0.1945,0.1614,-9.6699,-0.0036,0.0055,-0.0187,0.2189,0.4509,-9.9467,0.0093,-0.0024,-0.0258,0.0000,0.0185,-0.0217,0.0176,0.0000,73.8565,0.0000,219.9814,-0.897755,0.572121,-0.089438,-0.000280,0.003098,0.000391,0.000000,0.000000,0.000000,0.000000,0.000000,0.000000,-0.897107,0.574850,-0.090079,1.0000,1.0000,1.0000,1.660,4.810,0.340,5.000,3.000,8.000,1.500,0.060,0.110,20554746,992378436,20554487,140,1000,1506,1505,1505,1000,1000,2008,1505,1505,1105,2008,1625,1255,1000,1000
-0.0041,0.0061,-0.5600,-0.0050,0.0065,2.9879,0.0063,-0.0052,3.1416,0.0000,0.0587,0.0935,-9.7695,-0.0015,0.0021,-0.0164,0.0650,0.1343,-9.8048,0.0035,-0.0035,-0.0152,0.3405,-0.2480,-9.8231,0.0100,-0.0047,-0.0077,0.4039,0.0092,-10.0940,0.0019,-0.0061,-0.0099,0.0000,0.0189,-0.0200,0.0188,0.0000,88.5245,0.0000,223.1311,-0.897757,0.572152,-0.089432,-0.000111,0.003545,0.000720,0.000000,0.000000,0.000000,0.000000,0.000000,0.000000,-0.897107,0.574850,-0.090079,1.0000,1.0000,1.0000,1.660,4.810,0.340,5.000,3.000,8.000,1.500,0.060,0.110,20565246,992378436,20563487,140,1000,1506,1505,1505,1000,1000,2008,1505,1505,1105,2008,1625,1255,1000,1000
-0.0048,0.0064,-0.5601,-0.0050,0.0065,2.9879,0.0063,-0.0052,3.1416,0.0000,0.0656,0.0434,-9.7963,-0.0007,0.0018,0.0014,0.0478,0.0752,-9.8596,0.0030,-0.0047,-0.0004,-0.2508,0.3505,-10.0290,-0.0068,0.0055,0.0056,-0.1402,0.9142,-9.8749,0.0125,0.0069,0.0168,0.0000,0.0190,-0.0207,0.0172,0.0000,72.6859,0.0000,218.0038,-0.897761,0.572191,-0.089422,-0.000406,0.003151,0.000893,0.000000,0.000000,0.000000,0.000000,0.000000,0.000000,-0.897107,0.574850,-0.090079,1.0000,1.0000,1.0000,1.660,4.810,0.340,5.000,3.000,8.000,1.500,0.060,0.110,20575746,992378436,20575487,140,1000,1506,1505,1505,1000,1000,2008,1505,1505,1105,2008,1625,1255,1000,1000
-0.0047,0.0061,-0.5601,-0.0050,0.0065,2.9879,0.0063,-0.0052,3.1416,0.0000,0.0355,0.0495,-9.8095,-0.0002,0.0053,0.0057,-0.0248,0.0362,-9.7904,0.0025,0.0008,0.0045,-0.1814,-0.0421,-9.5430,-0.0015,0.0031,-0.0037,0.6696,0.4761,-10.0240,-0.0048,0.0003,0.0168,0.0000,0.0190,-0.0208,0.0162,0.0000,60.9781,0.0000,213.9598,-0.897764,0.572220,-0.089414,-0.000259,0.003206,0.000935,0.000000,0.000000,0.000000,0.000000,0.000000,0.000000,-0.897107,0.574850,-0.090079,1.0000,1.0000,1.0000,1.660,4.810,0.340,5.000,3.000,8.000,1.500,0.060,0.110,20586246,992378436,20584498,140,1000,1506,1505,1505,1000,1000,2008,1505,1505,1105,2008,1625,1255,1000,1000
-0.0046,0.0056,-0.5601,-0.0050,0.0065,2.9879,0.0063,-0.0052,3.1416,0.0000,0.0379,0.0297,-9.8270,0.0002,0.0038,-0.0144,0.0325,-0.0019,-9.8318,0.0032,-0.0033,-0.0101,0.1227,0.4176,-9.9380,-0.0044,0.0071,-0.0144,0.2010,0.9053,-10.0401,0.0043,0.0178,-0.0029,0.0000,0.0190,-0.0212,0.0176,0.0000,74.5096,0.0000,219.9324,-0.897765,0.572259,-0.089404,0.000142,0.003323,0.000771,0.000000,0.000000,0.000000,0.000000,0.000000,0.000000,-0.897107,0.574850,-0.090079,1.0000,1.0000,1.0000,1.660,4.810,0.340,5.000,3.000,8.000,1.500,0.060,0.110,20596746,992378436,20596488,140,1000,1506,1505,1505,1000,1000,2008,1505,1505,1105,2008,1625,1256,1000,1000
-0.0042,0.0058,-0.5603,-0.0045,0.0071,2.9877,0.0063,-0.0052,3.1416,0.0000,0.0616,0.0495,-9.7680,-0.0007,0.0043,-0.0114,0.0326,0.0776,-9.8180,0.0040,0.0008,-0.0122,0.0437,0.1853,-10.0074,-0.0073,0.0116,-0.0013,0.3644,0.3163,-9.7780,-0.0048,0.0043,0.0048,0.0000,0.0184,-0.0219,0.0185,0.0000,81.6260,0.0000,223.8463,-0.897128,0.571516,-0.089005,0.002770,0.000270,0.001726,0.000000,0.000000,0.000000,0.000000,0.000000,0.000000,-0.896467,0.570692,-0.088295,1.0000,1.0000,1.0000,1.660,4.810,0.340,5.000,3.000,8.000,1.500,0.060,0.110,20606793,992511293,20605034,141,1000,1506,1505,1505,1000,1000,2008,1505,1505,1105,2008,1625,1256,1000,1000
-0.0046,0.0063,-0.5603,-0.0045,0.0071,2.9877,0.0063,-0.0052,3.1416,0.0000,0.0883,0.0079,-9.8056,-0.0012,0.0032,0.0040,0.0612,0.0412,-9.8131,-0.0013,0.0010,0.0042,-0.0689,0.0034,-9.8662,0.0007,0.0001,0.0011,0.3644,0.0379,-10.0689,0.0107,-0.0029,0.0000,0.0000,0.0183,-0.0216,0.0165,0.0000,64.3331,0.0000,215.6625,-0.897096,0.571518,-0.088982,0.002581,0.000221,0.001973,0.000000,0.000000,0.000000,0.000000,0.000000,0.000000,-0.896467,0.570692,-0.088295,1.0000,1.0000,1.0000,1.660,4.810,0.340,5.000,3.000,8.000,1.500,0.060,0.110,20617293,992511293,20617034,141,1000,1506,1505,1505,1000,1000,2008,1505,1505,1105,2008,1625,1256,1000,1000
-0.0041,0.0062,-0.5603,-0.0045,0.0071,2.9877,0.0063,-0.0052,3.1416,0.0000,0.0608,0.0514,-9.7947,0.0006,0.0042,-0.0039,0.0350,0.0135,-9.7992,0.0020,0.0046,0.0011,0.0077,-0.1498,-9.7608,-0.0033,0.0036,-0.0080,-0.0630,0.1187,-9.7097,0.0077,-0.0048,-0.0130,0.0000,0.0178,-0.0220,0.0172,0.0000,71.5548,0.0000,218.4669,-0.897072,0.571522,-0.088964,0.002686,0.000540,0.001895,0.000000,0.000000,0.000000,0.000000,0.000000,0.000000,-0.896467,0.570692,-0.088295,1.0000,1.0000,1.0000,1.660,4.810,0.340,5.000,3.000,8.000,1.500,0.060,0.110,20627793,992511293,20626034,141,1000,1506,1505,1505,1000,1000,2008,1505,1505,1105,2008,1625,1256,1000,1000
-0.0041,0.0064,-0.5604,-0.0045,0.0071,2.9876,0.0063,-0.0052,3.1416,0.0000,0.0566,0.0361,-9.8200,-0.0015,0.0046,-0.0136,0.0015,0.0933,-9.7999,0.0011,-0.0028,-0.0107,0.1897,0.1901,-9.7632,0.0039,0.0023,-0.0109,0.3823,0.4258,-9.9144,0.0061,0.0088,-0.0040,0.0000,0.0182,-0.0219,0.0183,0.0000,79.7245,0.0000,222.6362,-0.897040,0.571528,-0.088940,0.002662,0.000639,0.002046,0.000000,0.000000,0.000000,0.000000,0.000000,0.000000,-0.896467,0.570692,-0.088295,1.0000,1.0000,1.0000,1.660,4.810,0.340,5.000,3.000,8.000,1.500,0.060,0.110,20638293,992511293,20638034,141,1000,1506,1505,1505,1000,1000,2008,1505,1505,1105,2008,1625,1256,1000,1000
-0.0044,0.0066,-0.5605,-0.0045,0.0071,2.9875,0.0063,-0.0052,3.1416,0.0000,0.0750,0.0553,-9.8386,-0.0001,0.0026,-0.0065,0.0531,0.0746,-9.8371,0.0046,-0.0006,-0.0077,-0.0785,-0.0756,-9.6938,-0.0020,0.0076,-0.0040,0.0357,-0.2081,-9.6558,-0.0085,0.0104,0.0213,0.0000,0.0179,-0.0215,0.0178,0.0000,77.9537,0.0000,220.1979,-0.897016,0.571535,-0.088923,0.002587,0.000658,0.001686,0.000000,0.000000,0.000000,0.000000,0.000000,0.000000,-0.896467,0.570692,-0.088295,1.0000,1.0000,1.0000,1.660,4.810,0.340,5.000,3.000,8.000,1.500,0.060,0.110,20648793,992511293,20647034,141,1000,1506,1505,1505,1000,1000,2008,1505,1505,1105,2008,1625,1256,1000,1000
-0.0048,0.0074,-0.5605,-0.0045,0.0071,2.9875,0.0063,-0.0052,3.1416,0.0000,0.0977,0.0516,-9.8203,-0.0013,0.0035,0.0021,0.0535,-0.0183,-9.8095,0.0024,0.0034,0.0051,0.2783,0.2213,-9.7297,-0.0049,0.0004,0.0021,-0.2174,0.0038,-9.6612,-0.0011,-0.0035,0.0021,0.0000,0.0183,-0.0223,0.0168,0.0000,63.7731,0.0000,217.4021,-0.896987,0.571542,-0.088904,0.002271,0.000591,0.001497,0.000000,0.000000,0.000000,0.000000,0.000000,0.000000,-0.896467,0.570692,-0.088295,1.0000,1.0000,1.0000,1.660,4.810,0.340,5.000,3.000,8.000,1.500,0.060,0.110,20659293,992511293,20659034,141,1000,1506,1505,1505,1000,1000,2008,1505,1505,1105,2008,1625,1256,1000,1000
-0.0046,0.0070,-0.5605,-0.0045,0.0071,2.9875,0.0063,-0.0052,3.1416,0.0000,0.0267,0.0207,-9.7946,-0.0019,0.0041,-0.0050,0.0464,0.0164,-9.8255,0.0054,-0.0026,-0.0021,0.1394,-0.0852,-9.8327,0.0031,-0.0033,-0.0115,0.1291,-0.0644,-10.0096,-0.0027,-0.0085,-0.0035,0.0000,0.0186,-0.0212,0.0172,0.0000,71.7913,0.0000,218.3228,-0.896966,0.571547,-0.088891,0.002447,0.000686,0.001506,0.000000,0.000000,0.000000,0.000000,0.000000,0.000000,-0.896467,0.570692,-0.088295,1.0000,1.0000,1.0000,1.660,4.810,0.340,5.000,3.000,8.000,1.500,0.060,0.110,20669793,992511293,20668034,141,1000,1506,1505,1505,1000,1000,2008,1505,1505,1105,2008,1625,1256,1000,1000
-0.0040,0.0066,-0.5606,-0.0045,0.0071,2.9874,0.0063,-0.0052,3.1416,0.0000,0.0614,0.0298,-9.7692,-0.0014,0.0029,-0.0113,0.0935,0.0553,-9.8011,0.0048,0.0010,-0.0082,0.4938,-0.0062,-9.7178,0.0049,0.0044,-0.0088,-0.2857,0.1816,-9.7941,-0.0125,-0.0035,-0.0069,0.0000,0.0183,-0.0219,0.0181,0.0000,78.0523,0.0000,221.9524,-0.896935,0.571558,-0.088872,0.002736,0.000996,0.001672,0.000000,0.000000,0.000000,0.000000,0.000000,0.000000,-0.896467,0.570692,-0.088295,1.0000,1.0000,1.0000,1.660,4.810,0.340,5.000,3.000,8.000,1.500,0.060,0.110,20680293,992511293,20680034,141,1000,1506,1505,1505,1000,1000,2008,1505,1505,1105,2008,1625,1256,1000,1000
-0.0040,0.0070,-0.5607,-0.0045,0.0071,2.9873,0.0063,-0.0052,3.1416,0.0000,0.0406,0.0612,-9.8143,-0.0010,0.0035,-0.0063,0.0048,0.0590,-9.8562,0.0050,0.0015,-0.0059,0.1897,-0.1403,-9.6627,0.0017,0.0041,-0.0021,-0.0127,-0.4415,-9.7295,0.0008,0.0109,0.0067,0.0000,0.0180,-0.0219,0.0178,0.0000,76.6797,0.0000,220.9196,-0.896911,0.571567,-0.088855,0.002640,0.001099,0.001926,0.000000,0.000000,0.000000,0.000000,0.000000,0.000000,-0.896467,0.570692,-0.088295,1.0000,1.0000,1.0000,1.660,4.810,0.340,5.000,3.000,8.000,1.500,0.060,0.110,20690793,992511293,20689034,141,1000,1506,1505,1505,1000,1000,2008,1505,1505,1105,2008,1625,1256,1000,1000
-0.0045,0.0066,-0.5607,-0.0047,0.0070,2.9872,0.0063,-0.0052,3.1416,0.0000,0.0883,0.0411,-9.7809,0.0000,0.0040,0.0001,0.0162,0.0276,-9.8046,0.0005,0.0013,0.0021,-0.1000,0.0800,-9.7489,-0.0065,0.0047,-0.0043,0.0735,0.1870,-9.8606,0.0085,0.0093,-0.0005,0.0000,0.0180,-0.0217,0.0171,0.0000,70.7076,0.0000,218.0289,-0.896999,0.571901,-0.088934,0.002247,0.002360,0.001618,0.000000,0.000000,0.000000,0.000000,0.000000,0.000000,-0.897105,0.572183,-0.089101,1.0000,1.0000,1.0000,1.660,4.810,0.340,5.000,3.000,8.000,1.500,0.060,0.110,20701341,992611352,20701038,142,1000,1506,1505,1505,1000,1000,2008,1505,1505,1105,2008,1625,1256,1000,1000
-0.0041,0.0068,-0.5607,-0.0047,0.0070,2.9872,0.0063,-0.0052,3.1416,0.0000,0.0574,0.0298,-9.8145,0.0005,0.0031,-0.0056,0.0413,0.0242,-9.8003,0.0018,-0.0006,-0.0048,-0.1599,0.0848,-9.9141,-0.0076,0.0041,-0.0067,-0.0109,-0.1847,-10.0258,0.0253,-0.0008,-0.0008,0.0000,0.0185,-0.0214,0.0172,0.0000,71.2465,0.0000,218.1373,-0.896979,0.571923,-0.088918,0.002193,0.002496,0.001801,0.000000,0.000000,0.000000,0.000000,0.000000,0.000000,-0.897105,0.572183,-0.089101,1.0000,1.0000,1.0000,1.660,4.810,0.340,5.000,3.000,8.000,1.500,0.060,0.110,20711841,992611352,20710082,142,1000,1506,1505,1505,1000,1000,2008,1505,1505,1105,2008,1625,1256,1000,1000
-0.0041,0.0061,-0.5608,-0.0047,0.0070,2.9871,0.0063,-0.0052,3.1416,0.0000,0.0578,0.0418,-9.7695,-0.0002,0.0031,-0.0083,0.0530,0.0114,-9.8453,0.0033,-0.0012,-0.0075,-0.0042,-0.0110,-9.6579,-0.0015,0.0023,-0.0069,-0.0307,0.1672,-9.6253,-0.0115,0.0011,0.0133,0.0000,0.0183,-0.0214,0.0178,0.0000,77.3251,0.0000,220.5121,-0.896950,0.571954,-0.088897,0.002477,0.002619,0.001806,0.000000,0.000000,0.000000,0.000000,0.000000,0.000000,-0.897105,0.572183,-0.089101,1.0000,1.0000,1.0000,1.660,4.810,0.340,5.000,3.000,8.000,1.500,0.060,0.110,20722341,992611352,20722082,142,1000,1506,1505,1505,1000,1000,2008,1505,1505,1105,2008,1625,1255,1000,1000
-0.0045,0.0064,-0.5609,-0.0047,0.0070,2.9871,0.0063,-0.0052,3.1416,0.0000,0.0828,0.0635,-9.7930,-0.0019,0.0042,-0.0030,0.0533,0.0861,-9.8119,-0.0006,-0.0010,-0.0036,-0.1000,-0.1546,-9.9955,0.0017,0.0009,-0.0035,-0.0612,0.1798,-10.0132,0.0120,-0.0003,-0.0088,0.0000,0.0190,-0.0219,0.0173,0.0000,69.0836,0.0000,219.7610,-0.896928,0.571977,-0.088879,0.002441,0.002593,0.002140,0.000000,0.000000,0.000000,0.000000,0.000000,0.000000,-0.897105,0.572183,-0.089101,1.0000,1.0000,1.0000,1.660,4.810,0.340,5.000,3.000,8.000,1.500,0.060,0.110,20732841,992611352,20731082,142,1000,1506,1505,1505,1000,1000,2008,1505,1505,1105,2008,1625,1255,1000,1000
-0.0040,0.0067,-0.5609,-0.0047,0.0070,2.9871,0.0063,-0.0052,3.1416,0.0000,0.0640,0.0345,-9.7950,-0.0009,0.0036,-0.0022,0.0260,0.0099,-9.8472,0.0040,-0.0017,-0.0009,0.3046,-0.1498,-9.7824,0.0017,-0.0025,-0.0053,-0.0056,-0.2494,-9.6217,0.0032,-0.0067,0.0075,0.0000,0.0185,-0.0215,0.0172,0.0000,70.7811,0.0000,218.4044,-0.896900,0.572010,-0.088853,0.002371,0.002823,0.002224,0.000000,0.000000,0.000000,0.000000,0.000000,0.000000,-0.897105,0.572183,-0.089101,1.0000,1.0000,1.0000,1.660,4.810,0.340,5.000,3.000,8.000,1.500,0.060,0.110,20743341,992611352,20743082,142,1000,1506,1505,1505,1000,1000,2008,1505,1505,1105,2008,1625,1255,1000,1000
-0.0042,0.0065,-0.5610,-0.0047,0.0070,2.9870,0.0063,-0.0052,3.1416,0.0000,0.0711,0.0537,-9.7815,-0.0007,0.0028,-0.0057,0.0625,-0.0008,-9.8279,0.0013,0.0009,-0.0048,0.2496,-0.0373,-9.5837,0.0036,0.0036,-0.0099,-0.2139,-0.0267,-9.7349,0.0232,-0.0056,0.0000,0.0000,0.0185,-0.0210,0.0175,0.0000,75.5115,0.0000,219.0426,-0.896878,0.572036,-0.088832,0.002450,0.002857,0.002459,0.000000,0.000000,0.000000,0.000000,0.000000,0.000000,-0.897105,0.572183,-0.089101,1.0000,1.0000,1.0000,1.660,4.810,0.340,5.000,3.000,8.000,1.500,0.060,0.110,20753841,992611352,20752082,142,1000,1506,1505,1505,1000,1000,2008,1505,1505,1105,2008,1625,1255,1000,1000
-0.0044,0.0067,-0.5610,-0.0047,0.0070,2.9869,0.0063,-0.0052,3.1416,0.0000,0.0662,0.0544,-9.8060,0.0003,0.0040,-0.0050,0.0762,0.0104,-9.8284,0.0003,0.0003,-0.0032,0.0413,-0.2145,-9.8949,-0.0012,0.0001,-0.0053,-0.0756,0.0936,-10.1568,0.0133,-0.0048,0.0013,0.0000,0.0182,-0.0220,0.0176,0.0000,73.6807,0.0000,220.3246,-0.896849,0.572071,-0.088801,0.002398,0.002928,0.002643,0.000000,0.000000,0.000000,0.000000,0.000000,0.000000,-0.897105,0.572183,-0.089101,1.0000,1.0000,1.0000,1.660,4.810,0.340,5.000,3.000,8.000,1.500,0.060,0.110,20764341,992611352,20764082,142,1000,1506,1505,1505,1000,1000,2008,1505,1505,1105,2008,1625,1255,1000,1000
-0.0047,0.0062,-0.5611,-0.0047,0.0070,2.9869,0.0063,-0.0052,3.1416,0.0000,0.0404,0.0639,-9.7959,-0.0006,0.0034,-0.0034,0.0482,0.0791,-9.8383,0.0040,0.0031,-0.0001,0.1729,0.0824,-10.1918,-0.0001,0.0036,-0.0045,-0.3000,0.0828,-9.9988,-0.0053,0.0080,-0.0146,0.0000,0.0186,-0.0218,0.0174,0.0000,71.3398,0.0000,219.6928,-0.896827,0.572097,-0.088778,0.002612,0.002817,0.002499,0.000000,0.000000,0.000000,0.000000,0.000000,0.000000,-0.897105,0.572183,-0.089101,1.0000,1.0000,1.0000,1.660,4.810,0.340,5.000,3.000,8.000,1.500,0.060,0.110,20774841,992611352,20773082,142,1000,1506,1505,1505,1000,1000,2008,1505,1505,1105,2008,1625,1255,1000,1000
-0.0054,0.0060,-0.5611,-0.0047,0.0071,2.9868,0.0063,-0.0052,3.1416,0.0000,0.0608,0.0560,-9.7457,-0.0009,0.0045,-0.0039,0.0255,0.0165,-9.8498,0.0033,-0.0009,-0.0029,-0.0234,-0.0062,-10.1846,-0.0049,0.0089,-0.0016,-0.0325,0.2211,-9.6379,-0.0035,0.0104,0.0016,0.0000,0.0187,-0.0221,0.0174,0.0000,69.6618,0.0000,219.9826,-0.896794,0.572129,-0.088747,0.002759,0.002605,0.002842,0.000000,0.000000,0.000000,0.000000,0.000000,0.000000,-0.897105,0.572183,-0.089101,1.0000,1.0000,1.0000,1.660,4.810,0.340,5.000,3.000,8.000,1.500,0.060,0.110,20785341,992611352,20785082,142,1000,1506,1505,1505,1000,1000,2008,1505,1505,1105,2008,1625,1255,1000,1000
-0.0054,0.0066,-0.5612,-0.0047,0.0071,2.9868,0.0063,-0.0052,3.1416,0.0000,0.0711,0.0458,-9.7975,-0.0004,0.0031,-0.0063,0.0522,0.0689,-9.8334,0.0026,-0.0007,-0.0026,0.0269,0.3649,-10.1726,-0.0015,0.0071,-0.0043,0.1632,0.4420,-9.5194,0.0154,-0.0045,-0.0234,0.0000,0.0185,-0.0219,0.0176,0.0000,72.8971,0.0000,220.2405,-0.896770,0.572153,-0.088720,0.002680,0.002576,0.003161,0.000000,0.000000,0.000000,0.000000,0.000000,0.000000,-0.897105,0.572183,-0.089101,1.0000,1.0000,1.0000,1.660,4.810,0.340,5.000,3.000,8.000,1.500,0.060,0.110,20795841,992611352,20794083,142,1000,1506,1505,1505,1000,1000,2008,1505,1505,1105,2008,1625,1255,1000,1000
-0.0055,0.0073,-0.5612,-0.0047,0.0071,2.9867,0.0063,-0.0052,3.1416,0.0000,0.0855,0.0433,-9.7676,-0.0010,0.0055,-0.0064,0.0306,0.0253,-9.7850,0.0047,0.0029,-0.0013,-0.0066,-0.0062,-10.1008,0.0028,0.0031,-0.0040,0.4380,0.1582,-9.9988,0.0165,-0.0051,0.0013,0.0000,0.0185,-0.0222,0.0177,0.0000,72.7446,0.0000,221.1498,-0.896739,0.572183,-0.088682,0.002462,0.002562,0.003325,0.000000,0.000000,0.000000,0.000000,0.000000,0.000000,-0.897105,0.572183,-0.089101,1.0000,1.0000,1.0000,1.660,4.810,0.340,5.000,3.000,8.000,1.500,0.060,0.110,20806341,992611352,20806082,142,1000,1506,1505,1505,1000,1000,2008,1505,1505,1105,2008,1625,1255,1000,1000
-0.0053,0.0079,-0.5613,-0.0047,0.0071,2.9867,0.0063,-0.0052,3.1416,0.0000,0.0639,0.0325,-9.7833,-0.0004,0.0048,-0.0036,0.0702,0.0175,-9.8581,0.0040,-0.0007,0.0001,0.1418,0.0393,-10.1535,0.0004,0.0044,-0.0024,0.0375,-0.1039,-9.8300,0.0019,0.0059,0.0051,0.0000,0.0185,-0.0220,0.0175,0.0000,71.3597,0.0000,219.9972,-0.896718,0.572207,-0.088652,0.002182,0.002680,0.003355,0.000000,0.000000,0.000000,0.000000,0.000000,0.000000,-0.897105,0.572183,-0.089101,1.0000,1.0000,1.0000,1.660,4.810,0.340,5.000,3.000,8.000,1.500,0.060,0.110,20816841,992611352,20815082,142,1000,1506,1505,1505,1000,1000,2008,1505,1505,1105,2008,1625,1255,1000,1000
-0.0050,0.0072,-0.5613,-0.0047,0.0071,2.9866,0.0063,-0.0052,3.1416,0.0000,0.0495,0.0629,-9.8042,-0.0002,0.0041,-0.0037,0.0633,0.0599,-9.7941,0.0046,-0.0014,-0.0038,0.2879,-0.2312,-9.7561,0.0087,0.0009,-0.0064,-0.3827,-0.3877,-9.8228,-0.0029,0.0133,0.0083,0.0000,0.0183,-0.0219,0.0174,0.0000,71.9206,0.0000,219.4920,-0.896690,0.572240,-0.088613,0.002418,0.002762,0.003107,0.000000,0.000000,0.000000,0.000000,0.000000,0.000000,-0.897105,0.572183,-0.089101,1.0000,1.0000,1.0000,1.660,4.810,0.340,5.000,3.000,8.000,1.500,0.060,0.110,20827341,992611352,20827082,142,1000,1506,1505,1505,1000,1000,2008,1505,1505,1105,2008,1625,1255,1000,1000
-0.0050,0.0071,-0.5614,-0.0047,0.0074,2.9866,0.0063,-0.0052,3.1416,0.0000,0.0506,0.0819,-9.7722,-0.0004,0.0037,-0.0061,-0.0046,0.0633,-9.8156,0.0029,-0.0010,-0.0054,0.5512,-0.1570,-9.9572,0.0073,-0.0015,-0.0045,0.0663,-0.3051,-9.8444,0.0288,-0.0144,-0.0109,0.0000,0.0184,-0.0222,0.0177,0.0000,73.0584,0.0000,220.8385,-0.896264,0.572212,-0.089418,0.004065,0.002539,0.001307,0.000000,0.000000,0.000000,0.000000,0.000000,0.000000,-0.896012,0.572178,-0.090501,1.0000,1.0000,1.0000,1.660,4.810,0.340,5.000,3.000,8.000,1.500,0.060,0.110,20837386,992743770,20836082,143,1000,1506,1505,1505,1000,1000,2008,1505,1505,1105,2008,1625,1255,1000,1000
-0.0052,0.0064,-0.5614,-0.0047,0.0074,2.9865,0.0063,-0.0052,3.1416,0.0000,0.0148,0.0880,-9.7849,-0.0012,0.0034,-0.0040,0.0444,0.0740,-9.8179,0.0021,-0.0003,-0.0023,0.3621,-0.0804,-9.9308,0.0023,0.0023,-0.0032,-0.0846,-0.1973,-10.2359,-0.0072,-0.0154,-0.0027,0.0000,0.0187,-0.0221,0.0175,0.0000,70.9292,0.0000,220.3197,-0.896226,0.572234,-0.089406,0.004584,0.002438,0.001310,0.000000,0.000000,0.000000,0.000000,0.000000,0.000000,-0.896012,0.572178,-0.090501,1.0000,1.0000,1.0000,1.660,4.810,0.340,5.000,3.000,8.000,1.500,0.060,0.110,20847886,992743770,20845127,143,1000,1506,1505,1505,1000,1000,2008,1505,1505,1105,2008,1625,1256,1000,1000
-0.0054,0.0061,-0.5615,-0.0047,0.0074,2.9865,0.0063,-0.0052,3.1416,0.0000,0.0256,0.0533,-9.8189,-0.0006,0.0041,-0.0038,0.0266,0.0496,-9.7876,0.0029,-0.0025,0.0013,0.3573,-0.0589,-9.7154,0.0052,0.0020,-0.0048,0.2566,-0.1363,-10.1048,0.0083,-0.0130,-0.0149,0.0000,0.0185,-0.0223,0.0174,0.0000,69.9121,0.0000,220.2718,-0.896168,0.572261,-0.089391,0.004891,0.002230,0.001203,0.000000,0.000000,0.000000,0.000000,0.000000,0.000000,-0.896012,0.572178,-0.090501,1.0000,1.0000,1.0000,1.660,4.810,0.340,5.000,3.000,8.000,1.500,0.060,0.110,20857913,992743770,20857154,143,1000,1506,1505,1505,1000,1000,2008,1505,1505,1105,2008,1625,1256,1000,1000
-0.0052,0.0060,-0.5615,-0.0047,0.0074,2.9864,0.0063,-0.0052,3.1416,0.0000,0.0614,0.0782,-9.7697,-0.0003,0.0033,-0.0063,0.0531,0.0582,-9.7870,0.0050,-0.0021,-0.0052,0.4028,-0.1570,-10.1870,0.0068,0.0025,-0.0099,0.0106,-0.5026,-10.1928,-0.0067,0.0053,0.0021,0.0000,0.0184,-0.0221,0.0177,0.0000,73.5495,0.0000,220.9655,-0.896124,0.572282,-0.089380,0.004997,0.002296,0.001275,0.000000,0.000000,0.000000,0.000000,0.000000,0.000000,-0.896012,0.572178,-0.090501,1.0000,1.0000,1.0000,1.660,4.810,0.340,5.000,3.000,8.000,1.500,0.060,0.110,20868413,992743770,20866154,143,1000,1506,1505,1505,1000,1000,2008,1505,1505,1105,2008,1625,1256,1000,1000
-0.0052,0.0060,-0.5616,-0.0047,0.0074,2.9864,0.0063,-0.0052,3.1416,0.4560,0.0738,0.0699,-9.7793,-0.0003,0.0046,-0.0047,0.0950,0.1000,-9.8182,0.0011,-0.0011,-0.0028,0.2807,0.2859,-9.7680,0.0057,-0.0031,0.0125,0.1453,-0.5726,-10.1137,0.0162,-0.0061,0.0056,0.4560,0.0182,-0.0224,0.0177,0.0000,173.9511,0.0000,264.1123,-0.896063,0.572309,-0.089363,0.005140,0.002251,0.001519,0.000000,0.000000,0.000000,0.000000,0.000000,0.000000,-0.896012,0.572178,-0.090501,1.0000,1.0000,1.0000,1.660,4.810,0.340,5.000,3.000,8.000,1.500,0.060,0.110,20878913,992743770,20878154,143,1010,1506,1505,1505,1000,1000,2008,1505,1505,1105,2008,1625,1256,1000,1000
-0.0058,0.0064,-0.5615,-0.0047,0.0074,2.9865,0.0063,-0.0052,3.1416,0.5927,0.0651,0.0981,-9.7527,-0.0026,0.0034,0.0229,0.1227,0.0725,-9.7534,0.0025,0.0053,0.0269,0.0508,-0.2959,-10.3378,0.0084,-0.0009,0.0083,-0.6269,-0.4954,-10.8320,0.0011,-0.0154,0.0064,0.5927,0.0190,-0.0220,0.0150,86.7976,184.1839,76.6730,267.6098,-0.896018,0.572327,-0.089349,0.004894,0.001797,0.001460,0.000000,0.000000,0.000000,0.000000,0.000000,0.000000,-0.896012,0.572178,-0.090501,1.0000,1.0000,1.0000,1.660,4.810,0.340,5.000,3.000,8.000,1.500,0.060,0.110,20889413,992743770,20887165,143,1014,1506,1505,1505,1000,1000,2008,1505,1505,1105,2008,1625,1256,1000,1000
-0.0053,0.0062,-0.5614,-0.0047,0.0074,2.9865,0.0063,-0.0052,3.1416,0.6383,-0.0036,-0.0413,-9.7911,-0.0002,0.0027,-0.0182,-0.0109,-0.0537,-9.7712,0.0031,-0.0025,-0.0115,0.0556,-0.8035,-10.1822,0.0001,0.0169,-0.0402,-0.8567,-0.1883,-10.0096,0.0016,0.0213,-0.0333,0.6383,0.0187,-0.0225,0.0178,77.0161,200.0905,60.8813,280.0485,-0.895958,0.572350,-0.089329,0.005451,0.002339,0.001761,0.000000,0.000000,0.000000,0.000000,0.000000,0.000000,-0.896012,0.572178,-0.090501,1.0000,1.0000,1.0000,1.660,4.810,0.340,5.000,3.000,8.000,1.500,0.060,0.110,20899913,992743770,20899154,143,1014,1506,1505,1505,1000,1000,2008,1505,1505,1105,2008,1625,1256,1000,1000
-0.0050,0.0060,-0.5617,-0.0047,0.0074,2.9862,0.0063,-0.0052,3.1416,0.6383,0.0593,0.0840,-9.7930,0.0017,0.0056,-0.0244,-0.0371,0.1337,-9.8880,0.0030,-0.0050,-0.0220,0.1370,0.0130,-9.7513,-0.0118,0.0129,-0.0069,0.8474,-0.4487,-9.5948,-0.0027,0.0043,-0.0216,0.6383,0.0181,-0.0232,0.0202,44.9002,207.9527,16.2467,287.3622,-0.895905,0.572375,-0.089314,0.005970,0.002779,0.001707,0.000000,0.000000,0.000000,0.000000,0.000000,0.000000,-0.896012,0.572178,-0.090501,1.0000,1.0000,1.0000,1.660,4.810,0.340,5.000,3.000,8.000,1.500,0.060,0.110,20910413,992743770,20908154,143,1014,1506,1505,1505,1000,1000,2008,1505,1505,1105,2008,1625,1256,1000,1000
-0.0058,0.0063,-0.5618,-0.0047,0.0074,2.9862,0.0063,-0.0052,3.1416,0.6383,0.0847,0.1219,-9.8261,-0.0012,0.0042,0.0128,0.0181,0.0396,-9.8813,0.0029,-0.0007,0.0133,0.4148,-0.2911,-9.5214,-0.0076,-0.0057,0.0211,0.1579,0.2803,-9.3362,-0.0021,-0.0088,0.0189,0.6383,0.0188,-0.0232,0.0170,81.2380,196.5825,72.6473,278.5309,-0.895835,0.572403,-0.089294,0.005671,0.001788,0.001663,0.000000,0.000000,0.000000,0.000000,0.000000,0.000000,-0.896012,0.572178,-0.090501,1.0000,1.0000,1.0000,1.660,4.810,0.340,5.000,3.000,8.000,1.500,0.060,0.110,20920913,992743770,20920154,143,1014,1506,1505,1505,1000,1000,2008,1505,1505,1105,2008,1625,1256,1000,1000
-0.0054,0.0062,-0.5616,-0.0047,0.0075,2.9863,0.0063,-0.0052,3.1416,0.6383,0.0203,-0.0206,-9.7678,-0.0006,0.0047,0.0068,0.0270,-0.0337,-9.7932,0.0023,-0.0004,0.0099,0.0580,-0.0301,-9.2341,-0.0036,-0.0044,-0.0144,-0.2318,-0.0016,-9.8641,-0.0154,-0.0194,-0.0056,0.6383,0.0189,-0.0233,0.0153,94.3655,190.2703,90.2015,273.6008,-0.895783,0.572420,-0.089278,0.005971,0.002076,0.001877,0.000000,0.000000,0.000000,0.000000,0.000000,0.000000,-0.896012,0.572178,-0.090501,1.0000,1.0000,1.0000,1.660,4.810,0.340,5.000,3.000,8.000,1.500,0.060,0.110,20931413,992743770,20929154,143,1014,1506,1505,1505,1000,1000,2008,1505,1505,1105,2008,1625,1256,1000,1000
-0.0047,0.0060,-0.5618,-0.0047,0.0075,2.9862,0.0063,-0.0052,3.1416,0.6383,0.0739,0.0426,-9.8333,0.0001,0.0046,-0.0285,0.0865,0.0692,-9.8277,0.0048,-0.0030,-0.0258,0.2974,0.2260,-9.2078,0.0001,-0.0124,-0.0226,-0.5191,0.0792,-10.2412,0.0213,-0.0240,-0.0128,0.6383,0.0187,-0.0226,0.0189,65.4701,203.9914,42.2434,283.5807,-0.895708,0.572449,-0.089252,0.006403,0.002597,0.002257,0.000000,0.000000,0.000000,0.000000,0.000000,0.000000,-0.896012,0.572178,-0.090501,1.0000,1.0000,1.0000,1.660,4.810,0.340,5.000,3.000,8.000,1.500,0.060,0.110,20941913,992743770,20941154,143,1014,1506,1505,1505,1000,1000,2008,1505,1505,1105,2008,1625,1256,1000,1000
-0.0054,0.0063,-0.5620,-0.0047,0.0075,2.9860,0.0063,-0.0052,3.1416,0.6383,0.0998,0.1029,-9.7550,0.0011,0.0062,-0.0055,0.0879,0.1070,-9.7995,0.0022,0.0052,-0.0029,-0.0689,0.3266,-9.9620,-0.0124,0.0100,0.0064,-0.4635,0.0774,-9.9827,0.0035,0.0016,-0.0043,0.6383,0.0182,-0.0237,0.0177,72.4222,198.6642,68.4044,280.5526,-0.895651,0.572471,-0.089232,0.006286,0.002166,0.002227,0.000000,0.000000,0.000000,0.000000,0.000000,0.000000,-0.896012,0.572178,-0.090501,1.0000,1.0000,1.0000,1.660,4.810,0.340,5.000,3.000,8.000,1.500,0.060,0.110,20952413,992743770,20950154,143,1014,1506,1505,1505,1000,1000,2008,1505,1505,1105,2008,1625,1256,1000,1000
-0.0058,0.0068,-0.5619,-0.0047,0.0075,2.9861,0.0063,-0.0052,3.1416,0.6383,0.0885,0.0101,-9.7724,-0.0009,0.0025,0.0121,0.0246,0.0056,-9.8778,0.0006,0.0003,0.0134,-0.4017,0.2141,-10.3426,-0.0033,0.0044,0.0027,0.4416,0.5102,-9.7151,-0.0037,-0.0099,0.0056,0.6383,0.0189,-0.0226,0.0159,92.7446,193.0805,82.9813,274.4701,-0.895578,0.572493,-0.089201,0.005943,0.001791,0.002859,0.000000,0.000000,0.000000,0.000000,0.000000,0.000000,-0.896012,0.572178,-0.090501,1.0000,1.0000,1.0000,1.660,4.810,0.340,5.000,3.000,8.000,1.500,0.060,0.110,20962913,992743770,20962154,143,1014,1506,1505,1505,1000,1000,2008,1505,1505,1105,2008,1625,1256,1000,1000
-0.0050,0.0066,-0.5619,-0.0047,0.0075,2.9861,0.0063,-0.0052,3.1416,0.6383,0.0470,-0.0546,-9.8091,-0.0006,0.0039,-0.0156,0.0071,-0.0580,-9.7910,0.0035,-0.0035,-0.0125,-0.3370,0.0106,-9.5693,0.0036,0.0076,-0.0205,-0.1366,0.3791,-9.4691,0.0035,0.0059,-0.0130,0.6383,0.0189,-0.0229,0.0184,69.9233,201.6272,52.3290,282.5248,-0.895523,0.572512,-0.089176,0.006290,0.002364,0.002648,0.000000,0.000000,0.000000,0.000000,0.000000,0.000000,-0.896012,0.572178,-0.090501,1.0000,1.0000,1.0000,1.660,4.810,0.340,5.000,3.000,8.000,1.500,0.060,0.110,20973413,992743770,20971154,143,1014,1506,1505,1505,1000,1000,2008,1505,1505,1105,2008,1625,1256,1000,1000
-0.0048,0.0067,-0.5621,-0.0047,0.0075,2.9858,0.0063,-0.0052,3.1416,0.6383,0.0668,0.0702,-9.8026,-0.0017,0.0035,-0.0173,0.0632,0.0721,-9.8065,0.0019,-0.0056,-0.0161,0.2472,0.3649,-9.6459,0.0009,0.0012,-0.0093,-0.1941,-0.3500,-9.6451,-0.0053,0.0021,0.0040,0.6383,0.0191,-0.0232,0.0191,61.7779,203.4316,40.0632,285.1235,-0.895446,0.572544,-0.089144,0.006494,0.002778,0.002810,0.000000,0.000000,0.000000,0.000000,0.000000,0.000000,-0.896012,0.572178,-0.090501,1.0000,1.0000,1.0000,1.660,4.810,0.340,5.000,3.000,8.000,1.500,0.060,0.110,20983913,992743770,20983154,143,1014,1506,1505,1505,1000,1000,2008,1505,1505,1105,2008,1625,1256,1000,1000
-0.0056,0.0068,-0.5622,-0.0047,0.0075,2.9858,0.0063,-0.0052,3.1416,0.6383,0.0846,0.0999,-9.8271,-0.0017,0.0045,0.0046,0.0799,0.0907,-9.8275,0.0014,-0.0013,0.0061,0.2376,-0.2241,-9.5334,-0.0023,-0.0015,0.0080,-0.4275,0.2947,-9.5786,0.0075,-0.0059,0.0200,0.6383,0.0195,-0.0231,0.0170,83.6548,195.8787,70.6372,278.8282,-0.895388,0.572567,-0.089118,0.006396,0.002325,0.002924,0.000000,0.000000,0.000000,0.000000,0.000000,0.000000,-0.896012,0.572178,-0.090501,1.0000,1.0000,1.0000,1.660,4.810,0.340,5.000,3.000,8.000,1.500,0.060,0.110,20994413,992743770,20992154,143,1014,1506,1505,1505,1000,1000,2008,1505,1505,1105,2008,1625,1256,1000,1000
-0.0053,0.0070,-0.5621,-0.0047,0.0075,2.9858,0.0063,-0.0052,3.1416,0.6383,0.0558,0.0031,-9.7980,-0.0009,0.0033,0.0016,0.0398,-0.0326,-9.8101,0.0018,-0.0033,0.0061,0.1610,-0.1810,-9.6555,-0.0049,0.0103,-0.0091,0.3356,0.2929,-9.8462,-0.0040,-0.0016,-0.0008,0.6383,0.0192,-0.0233,0.0166,85.4721,194.3681,77.2353,277.5818,-0.895312,0.572594,-0.089083,0.006371,0.002372,0.002940,0.000000,0.000000,0.000000,0.000000,0.000000,0.000000,-0.896012,0.572178,-0.090501,1.0000,1.0000,1.0000,1.660,4.810,0.340,5.000,3.000,8.000,1.500,0.060,0.110,21004913,992743770,21004154,143,1014,1506,1505,1505,1000,1000,2008,1505,1505,1105,2008,1625,1256,1000,1000
-0.0045,0.0069,-0.5622,-0.0047,0.0075,2.9857,0.0063,-0.0052,3.1416,0.6383,0.0590,0.0330,-9.7894,-0.0001,0.0037,-0.0157,0.0041,0.0101,-9.8416,0.0009,-0.0018,-0.0127,0.2591,-0.0996,-9.7513,-0.0012,0.0103,-0.0131,0.2997,0.2355,-9.9467,0.0160,0.0088,-0.0112,0.6383,0.0192,-0.0229,0.0185,69.8986,201.5946,49.9634,282.9821,-0.895254,0.572617,-0.089056,0.006555,0.002829,0.003081,0.000000,0.000000,0.000000,0.000000,0.000000,0.000000,-0.896012,0.572178,-0.090501,1.0000,1.0000,1.0000,1.660,4.810,0.340,5.000,3.000,8.000,1.500,0.060,0.110,21015413,992743770,21013154,143,1025,1506,1505,1505,1000,1000,2008,1505,1505,1105,2008,1625,1256,1000,1000
-0.0049,0.0070,-0.5623,-0.0047,0.0075,2.9856,0.0063,-0.0052,3.1416,1.1399,0.0794,0.0543,-9.8355,0.0001,0.0056,-0.0036,0.0006,0.0820,-9.8666,0.0030,-0.0023,-0.0009,0.8864,0.1494,-9.5286,-0.0111,-0.0084,-0.0005,0.4595,0.5084,-9.6720,-0.0069,0.0000,-0.0005,1.1399,0.0190,-0.0236,0.0182,179.4295,259.5951,162.1519,320.7408,-0.895176,0.572651,-0.089019,0.006390,0.002675,0.003107,0.000000,0.000000,0.000000,0.000000,0.000000,0.000000,-0.896012,0.572178,-0.090501,1.0000,1.0000,1.0000,1.660,4.810,0.340,5.000,3.000,8.000,1.500,0.060,0.110,21025913,992743770,21025154,143,1028,1506,1505,1505,1000,1000,2008,1505,1505,1105,2008,1625,1256,1000,1000
-0.0050,0.0074,-0.5623,-0.0047,0.0075,2.9856,0.0063,-0.0052,3.1416,1.2767,0.0913,0.0402,-9.8047,-0.0009,0.0022,-0.0032,0.0067,0.0029,-9.8528,0.0001,0.0001,-0.0011,-0.1120,0.0297,-9.8111,-0.0009,0.0020,-0.0024,0.5691,-0.2745,-10.1443,0.0013,-0.0029,0.0184,1.2767,0.0195,-0.0234,0.0170,204.0554,270.4079,185.0083,327.4380,-0.895120,0.572674,-0.088990,0.006167,0.002560,0.003256,0.000000,0.000000,0.000000,0.000000,0.000000,0.000000,-0.896012,0.572178,-0.090501,1.0000,1.0000,1.0000,1.660,4.810,0.340,5.000,3.000,8.000,1.500,0.060,0.110,21036413,992743770,21034155,143,1037,1506,1505,1505,1000,1000,2008,1505,1505,1105,2008,1625,1256,1000,1000
-0.0049,0.0075,-0.5624,-0.0047,0.0075,2.9856,0.0063,-0.0052,3.1416,1.8238,0.0603,0.0474,-9.7793,-0.0015,0.0046,0.0052,0.0334,-0.0080,-9.9069,0.0044,-0.0006,0.0076,-0.7393,0.2237,-9.2054,-0.0025,-0.0084,0.0109,1.4741,0.8675,-9.8157,0.0016,0.0080,0.0202,1.8238,0.0193,-0.0233,0.0174,266.3243,321.9075,242.2303,364.3835,-0.895047,0.572706,-0.088950,0.006092,0.002592,0.003451,0.000000,0.000000,0.000000,0.000000,0.000000,0.000000,-0.896012,0.572178,-0.090501,1.0000,1.0000,1.0000,1.660,4.810,0.340,5.000,3.000,8.000,1.500,0.060,0.110,21046913,992743770,21046154,143,1040,1506,1505,1505,1000,1000,2008,1505,1505,1105,2008,1625,1256,1000,1000
-0.0049,0.0070,-0.5623,-0.0047,0.0076,2.9857,0.0063,-0.0052,3.1416,1.9150,0.0248,0.0143,-9.8595,0.0009,0.0003,-0.0036,-0.0003,0.0489,-9.9005,0.0020,-0.0018,-0.0021,-0.6124,0.4176,-9.3706,-0.0057,0.0015,-0.0179,-0.3593,1.3685,-9.3021,-0.0181,-0.0160,-0.0170,1.9150,0.0189,-0.0224,0.0175,275.8142,330.7224,249.8347,369.3724,-0.894992,0.572728,-0.088918,0.006360,0.002513,0.003662,0.000000,0.000000,0.000000,0.000000,0.000000,0.000000,-0.896012,0.572178,-0.090501,1.0000,1.0000,1.0000,1.660,4.810,0.340,5.000,3.000,8.000,1.500,0.060,0.110,21057413,992743770,21055154,143,1042,1506,1505,1505,1000,1000,2008,1505,1505,1105,2008,1625,1256,1000,1000
-0.0045,0.0064,-0.5625,-0.0031,0.0075,2.9855,0.0063,-0.0052,3.1416,1.9150,0.0344,-0.0204,-9.7451,-0.0006,0.0079,-0.0252,0.0305,-0.0667,-9.7969,0.0034,-0.0019,-0.0241,0.3453,0.4870,-9.7489,-0.0015,0.0225,-0.0226,1.1437,0.4653,-10.0491,-0.0138,0.0128,-0.0293,1.9150,0.0168,-0.0250,0.0197,266.2357,334.3889,246.8799,375.0427,-0.895532,0.569540,-0.087360,0.005053,-0.007631,0.007111,0.000000,0.000000,0.000000,0.000000,0.000000,0.000000,-0.895717,0.568580,-0.086240,1.0000,1.0000,1.0000,1.660,4.810,0.340,5.000,3.000,8.000,1.500,0.060,0.110,21067466,992877301,21067156,144,1042,1506,1505,1505,1000,1000,2008,1505,1505,1105,2008,1625,1256,1000,1000
-0.0044,0.0067,-0.5628,-0.0042,0.0069,2.9852,0.0063,-0.0052,3.1416,1.9150,0.1168,0.0533,-9.8249,-0.0024,0.0024,-0.0276,-0.0304,0.0301,-9.8913,0.0017,0.0028,-0.0262,-0.6986,0.5588,-9.3826,0.0132,0.0004,-0.0189,-0.7113,-0.9389,-9.4493,0.0144,0.0043,-0.0125,1.9150,0.0192,-0.0222,0.0200,270.0500,335.7451,240.9468,374.9627,-0.896409,0.571809,-0.088559,0.001819,0.000068,0.004686,0.000000,0.000000,0.000000,0.000000,0.000000,0.000000,-0.897554,0.574696,-0.090702,1.0000,1.0000,1.0000,1.660,4.810,0.340,5.000,3.000,8.000,1.500,0.060,0.110,21077510,992978696,21076251,145,1042,1506,1505,1505,1000,1000,2008,1505,1505,1105,2008,1625,1256,1000,1000
-0.0049,0.0067,-0.5628,-0.0041,0.0069,2.9851,0.0063,-0.0052,3.1416,1.9150,0.0320,0.0923,-9.8600,-0.0014,0.0042,0.0169,0.0071,0.1744,-9.7834,0.0004,0.0044,0.0164,-0.7321,-0.0948,-9.1072,0.0100,0.0167,0.0184,1.1204,-1.1293,-8.9824,0.0192,0.0160,0.0357,1.9150,0.0189,-0.0227,0.0157,280.1107,326.6213,256.1299,365.4561,-0.896393,0.571807,-0.088517,0.001750,-0.000275,0.004608,0.000000,0.000000,0.000000,0.000000,0.000000,0.000000,-0.897554,0.574696,-0.090702,1.0000,1.0000,1.0000,1.660,4.810,0.340,5.000,3.000,8.000,1.500,0.060,0.110,21088010,992978696,21085251,145,1042,1506,1505,1505,1000,1000,2008,1505,1505,1105,2008,1625,1256,1000,1000
-0.0049,0.0069,-0.5627,-0.0042,0.0069,2.9853,0.0063,-0.0052,3.1416,1.9150,0.1204,0.0248,-9.8043,-0.0029,0.0015,0.0073,0.0195,0.0044,-9.8057,0.0026,-0.0026,0.0151,-0.6531,-0.2241,-9.1910,0.0167,0.0193,-0.0176,0.6858,-0.5026,-9.2195,0.0165,0.0184,-0.0141,1.9150,0.0196,-0.0222,0.0163,279.7391,327.8562,253.1233,366.7275,-0.896372,0.571802,-0.088462,0.001548,-0.000349,0.004738,0.000000,0.000000,0.000000,0.000000,0.000000,0.000000,-0.897554,0.574696,-0.090702,1.0000,1.0000,1.0000,1.660,4.810,0.340,5.000,3.000,8.000,1.500,0.060,0.110,21098038,992978696,21097279,145,1042,1506,1505,1505,1000,1000,2008,1505,1505,1105,2008,1625,1256,1000,1000
-0.0047,0.0073,-0.5627,-0.0042,0.0069,2.9852,0.0063,-0.0052,3.1416,1.9150,0.0891,0.1778,-9.8493,-0.0005,-0.0011,-0.0015,-0.1913,0.0916,-9.9189,0.0011,-0.0040,-0.0002,0.3477,-1.0836,-8.9277,0.0020,0.0396,0.0003,1.4418,-1.7686,-8.9627,0.0088,0.0077,0.0096,1.9150,0.0192,-0.0206,0.0175,277.9590,331.8408,247.7619,368.1558,-0.896361,0.571801,-0.088417,0.000946,0.000050,0.005018,0.000000,0.000000,0.000000,0.000000,0.000000,0.000000,-0.897554,0.574696,-0.090702,1.0000,1.0000,1.0000,1.660,4.810,0.340,5.000,3.000,8.000,1.500,0.060,0.110,21108538,992978696,21106279,145,1042,1506,1505,1505,1000,1000,2008,1505,1505,1105,2008,1625,1256,1000,1000
-0.0050,0.0070,-0.5627,-0.0042,0.0070,2.9852,0.0063,-0.0052,3.1416,1.9150,-0.0939,0.0387,-9.8234,0.0013,0.0080,-0.0090,-0.1299,-0.0627,-9.8213,0.0034,0.0011,-0.0089,0.2855,-1.3350,-8.8463,-0.0169,0.0049,-0.0253,0.6858,0.8514,-9.4224,0.0080,0.0109,0.0112,1.9150,0.0193,-0.0228,0.0178,275.1437,330.6816,249.0274,370.4526,-0.896348,0.571797,-0.088357,0.001449,-0.000566,0.004971,0.000000,0.000000,0.000000,0.000000,0.000000,0.000000,-0.897554,0.574696,-0.090702,1.0000,1.0000,1.0000,1.660,4.810,0.340,5.000,3.000,8.000,1.500,0.060,0.110,21119038,992978696,21118279,145,1042,1506,1505,1505,1000,1000,2008,1505,1505,1105,2008,1625,1256,1000,1000
-0.0045,0.0065,-0.5629,-0.0042,0.0070,2.9850,0.0063,-0.0052,3.1416,1.9606,0.0075,0.0129,-9.7565,0.0006,0.0046,-0.0260,-0.0329,-0.0256,-9.7548,0.0072,0.0035,-0.0233,0.8170,0.1303,-9.5142,-0.0145,-0.0057,-0.0128,0.4434,-1.8045,-10.5124,0.0072,-0.0096,-0.0290,1.9606,0.0194,-0.0241,0.0199,273.0882,337.8427,247.1438,379.0242,-0.896332,0.571795,-0.088310,0.002118,0.000153,0.005442,0.000000,0.000000,0.000000,0.000000,0.000000,0.000000,-0.897554,0.574696,-0.090702,1.0000,1.0000,1.0000,1.660,4.810,0.340,5.000,3.000,8.000,1.500,0.060,0.110,21129538,992978696,21127279,145,1043,1506,1505,1505,1000,1000,2008,1505,1505,1105,2008,1625,1256,1000,1000
-0.0047,0.0068,-0.5630,-0.0042,0.0070,2.9849,0.0063,-0.0052,3.1416,1.9606,0.1260,0.1565,-9.8475,-0.0026,0.0044,0.0106,0.0426,0.1553,-9.8369,-0.0006,-0.0013,0.0087,-0.2796,-1.6462,-9.7800,0.0015,-0.0052,0.0224,1.2856,1.0381,-10.1299,-0.0011,0.0024,0.0083,1.9606,0.0189,-0.0230,0.0172,280.5819,333.3550,255.5045,371.9138,-0.896307,0.571796,-0.088242,0.001698,-0.000367,0.005558,0.000000,0.000000,0.000000,0.000000,0.000000,0.000000,-0.897554,0.574696,-0.090702,1.0000,1.0000,1.0000,1.660,4.810,0.340,5.000,3.000,8.000,1.500,0.060,0.110,21140038,992978696,21139279,145,1043,1506,1505,1505,1000,1000,2008,1505,1505,1105,2008,1625,1256,1000,1000
-0.0047,0.0070,-0.5629,-0.0042,0.0070,2.9850,0.0063,-0.0052,3.1416,1.9606,0.0320,-0.0446,-9.6927,-0.0006,0.0076,0.0078,-0.1286,-0.2676,-9.6878,0.0034,0.0023,0.0118,-0.4089,0.1710,-10.2469,-0.0025,-0.0201,-0.0147,-0.6448,0.2678,-9.6666,-0.0117,-0.0035,0.0037,1.9606,0.0192,-0.0252,0.0155,282.8586,327.9394,263.0645,369.7270,-0.896294,0.571792,-0.088194,0.001515,-0.000308,0.005404,0.000000,0.000000,0.000000,0.000000,0.000000,0.000000,-0.897554,0.574696,-0.090702,1.0000,1.0000,1.0000,1.660,4.810,0.340,5.000,3.000,8.000,1.500,0.060,0.110,21150538,992978696,21148279,145,1043,1506,1505,1505,1000,1000,2008,1505,1505,1105,2008,1625,1256,1000,1000
-0.0040,0.0067,-0.5631,-0.0042,0.0070,2.9848,0.0063,-0.0052,3.1416,1.9606,0.0770,0.0021,-9.7397,0.0014,-0.0008,-0.0334,0.1189,0.0233,-9.7707,0.0019,-0.0018,-0.0276,0.5895,0.5277,-9.9667,-0.0079,0.0137,-0.0277,-1.2823,-0.7414,-10.2251,-0.0011,0.0008,-0.0381,1.9606,0.0193,-0.0231,0.0199,274.1230,338.5791,246.2532,378.1989,-0.896269,0.571794,-0.088122,0.002308,0.000644,0.006445,0.000000,0.000000,0.000000,0.000000,0.000000,0.000000,-0.897554,0.574696,-0.090702,1.0000,1.0000,1.0000,1.660,4.810,0.340,5.000,3.000,8.000,1.500,0.060,0.110,21161038,992978696,21160279,145,1043,1506,1505,1505,1000,1000,2008,1505,1505,1105,2008,1625,1256,1000,1000
-0.0046,0.0072,-0.5633,-0.0041,0.0070,2.9847,0.0063,-0.0052,3.1416,1.9606,0.1430,0.2284,-9.8682,-0.0008,0.0039,0.0012,0.1250,0.2206,-9.9122,0.0041,-0.0009,0.0016,-0.0904,-0.2480,-9.5095,-0.0031,0.0063,0.0136,-0.1474,-1.1562,-9.6882,-0.0061,0.0091,0.0192,1.9606,0.0190,-0.0218,0.0190,277.4354,337.8953,248.2066,375.1054,-0.896252,0.571798,-0.088066,0.001434,-0.000073,0.006033,0.000000,0.000000,0.000000,0.000000,0.000000,0.000000,-0.897554,0.574696,-0.090702,1.0000,1.0000,1.0000,1.660,4.810,0.340,5.000,3.000,8.000,1.500,0.060,0.110,21171538,992978696,21169279,145,1043,1506,1505,1505,1000,1000,2008,1505,1505,1105,2008,1625,1256,1000,1000
-0.0051,0.0070,-0.5632,-0.0041,0.0071,2.9848,0.0063,-0.0052,3.1416,2.0062,-0.0742,0.0401,-9.7862,-0.0007,0.0091,0.0114,-0.0174,0.0428,-9.8193,0.0002,-0.0019,0.0134,-0.5453,0.2883,-9.0881,-0.0012,0.0065,-0.0064,0.2674,-0.3320,-9.4835,-0.0091,0.0032,0.0056,2.0062,0.0191,-0.0246,0.0158,286.8896,332.9086,265.4374,372.8452,-0.896236,0.571789,-0.087992,0.001781,-0.001195,0.006363,0.000000,0.000000,0.000000,0.000000,0.000000,0.000000,-0.897554,0.574696,-0.090702,1.0000,1.0000,1.0000,1.660,4.810,0.340,5.000,3.000,8.000,1.500,0.060,0.110,21182038,992978696,21181279,145,1044,1506,1505,1505,1000,1000,2008,1505,1505,1105,2008,1625,1256,1000,1000
-0.0047,0.0064,-0.5632,-0.0041,0.0071,2.9848,0.0063,-0.0052,3.1416,2.0062,0.0568,-0.0423,-9.8074,-0.0013,0.0035,-0.0117,-0.0282,-0.0832,-9.8703,0.0043,0.0013,-0.0120,-0.4304,-0.4467,-9.7489,0.0065,0.0137,-0.0168,-1.1458,-0.0824,-9.6361,-0.0029,-0.0133,0.0133,2.0062,0.0194,-0.0236,0.0184,281.7844,338.8219,255.8409,378.0834,-0.896213,0.571779,-0.087933,0.003116,-0.000841,0.006730,0.000000,0.000000,0.000000,0.000000,0.000000,0.000000,-0.897554,0.574696,-0.090702,1.0000,1.0000,1.0000,1.660,4.810,0.340,5.000,3.000,8.000,1.500,0.060,0.110,21192538,992978696,21190290,145,1044,1506,1505,1505,1000,1000,2008,1505,1505,1105,2008,1625,1256,1000,1000
-0.0042,0.0069,-0.5633,-0.0041,0.0071,2.9846,0.0063,-0.0052,3.1416,2.3254,0.1941,0.0585,-9.7398,0.0007,0.0014,-0.0035,0.1133,0.0125,-9.7915,0.0015,-0.0044,-0.0040,-1.0122,-0.3581,-9.0641,0.0012,-0.0023,0.0016,-0.3414,1.3003,-10.4729,0.0123,-0.0248,0.0123,2.3254,0.0187,-0.0231,0.0177,312.8066,362.9482,285.1775,394.6510,-0.896177,0.571774,-0.087853,0.002442,-0.000201,0.006726,0.000000,0.000000,0.000000,0.000000,0.000000,0.000000,-0.897554,0.574696,-0.090702,1.0000,1.0000,1.0000,1.660,4.810,0.340,5.000,3.000,8.000,1.500,0.060,0.110,21203038,992978696,21202279,145,1051,1506,1505,1505,1000,1000,2008,1505,1505,1105,2008,1625,1256,1000,1000
-0.0044,0.0074,-0.5632,-0.0041,0.0071,2.9847,0.0063,-0.0052,3.1416,2.4166,0.0704,0.0325,-9.6874,-0.0013,0.0038,0.0025,0.0376,0.0636,-9.7610,0.0039,0.0031,0.0052,0.2352,0.3338,-10.3738,0.0041,0.0121,-0.0061,-0.2336,0.4348,-10.2592,0.0096,-0.0123,-0.0346,2.4166,0.0193,-0.0241,0.0169,321.8851,367.1773,295.1795,399.2431,-0.896157,0.571772,-0.087788,0.002110,-0.000306,0.007660,0.000000,0.000000,0.000000,0.000000,0.000000,0.000000,-0.897554,0.574696,-0.090702,1.0000,1.0000,1.0000,1.660,4.810,0.340,5.000,3.000,8.000,1.500,0.060,0.110,21213538,992978696,21211279,145,1053,1506,1505,1505,1000,1000,2008,1505,1505,1105,2008,1625,1256,1000,1000
-0.0042,0.0077,-0.5633,-0.0041,0.0071,2.9846,0.0063,-0.0052,3.1416,2.4166,0.0660,0.0075,-9.7892,-0.0023,-0.0006,-0.0157,0.0490,0.0264,-9.8444,0.0027,-0.0016,-0.0131,-0.0138,-0.1067,-9.7154,0.0060,0.0127,-0.0064,0.6930,0.8011,-10.5483,0.0075,-0.0064,-0.0186,2.4166,0.0198,-0.0221,0.0187,319.9399,371.8350,287.6527,401.9805,-0.896133,0.571769,-0.087693,0.001845,0.000009,0.007861,0.000000,0.000000,0.000000,0.000000,0.000000,0.000000,-0.897554,0.574696,-0.090702,1.0000,1.0000,1.0000,1.660,4.810,0.340,5.000,3.000,8.000,1.500,0.060,0.110,21224038,992978696,21223279,145,1053,1506,1505,1505,1000,1000,2008,1505,1505,1105,2008,1625,1255,1000,1000
-0.0044,0.0077,-0.5634,-0.0041,0.0071,2.9845,0.0063,-0.0052,3.1416,2.4166,-0.0314,0.1400,-9.7313,-0.0024,0.0039,0.0022,-0.0807,0.1822,-9.8454,0.0030,-0.0010,0.0033,0.1945,-0.2815,-9.9667,0.0143,0.0233,0.0064,0.0106,-1.7955,-9.7995,0.0213,0.0232,0.0146,2.4166,0.0200,-0.0241,0.0175,320.9459,368.0961,292.7582,400.9324,-0.896117,0.571770,-0.087622,0.001773,-0.000224,0.008090,0.000000,0.000000,0.000000,0.000000,0.000000,0.000000,-0.897554,0.574696,-0.090702,1.0000,1.0000,1.0000,1.660,4.810,0.340,5.000,3.000,8.000,1.500,0.060,0.110,21234538,992978696,21232279,145,1053,1506,1505,1505,1000,1000,2008,1505,1505,1105,2008,1625,1255,1000,1000
-0.0046,0.0074,-0.5634,-0.0042,0.0071,2.9845,0.0063,-0.0052,3.1416,2.4166,0.0811,-0.0841,-9.7643,-0.0017,0.0040,-0.0055,0.0496,-0.1017,-9.9013,0.0047,0.0044,-0.0037,0.9199,0.6163,-10.4288,-0.0055,0.0108,-0.0189,-0.2929,-0.2907,-9.1746,0.0021,0.0045,-0.0157,2.4166,0.0204,-0.0237,0.0171,322.5076,367.2066,293.5730,399.8979,-0.896092,0.571763,-0.087520,0.002129,-0.000276,0.008894,0.000000,0.000000,0.000000,0.000000,0.000000,0.000000,-0.897554,0.574696,-0.090702,1.0000,1.0000,1.0000,1.660,4.810,0.340,5.000,3.000,8.000,1.500,0.060,0.110,21245038,992978696,21244279,145,1053,1506,1505,1505,1000,1000,2008,1505,1505,1105,2008,1625,1255,1000,1000
-0.0041,0.0074,-0.5636,-0.0042,0.0071,2.9844,0.0063,-0.0052,3.1416,2.4166,0.0156,0.1604,-9.7855,0.0010,0.0036,-0.0155,-0.1294,0.0650,-9.8508,0.0058,-0.0042,-0.0124,0.5464,0.1375,-9.5789,-0.0142,-0.0134,-0.0003,-1.6432,-1.1006,-9.1872,-0.0064,0.0035,0.0178,2.4166,0.0195,-0.0231,0.0194,317.5069,372.4771,286.8153,403.9089,-0.896074,0.571764,-0.087439,0.002068,0.000365,0.008968,0.000000,0.000000,0.000000,0.000000,0.000000,0.000000,-0.897554,0.574696,-0.090702,1.0000,1.0000,1.0000,1.660,4.810,0.340,5.000,3.000,8.000,1.500,0.060,0.110,21255538,992978696,21253279,145,1053,1506,1505,1505,1000,1000,2008,1505,1505,1105,2008,1625,1255,1000,1000
-0.0048,0.0072,-0.5635,-0.0042,0.0071,2.9844,0.0063,-0.0052,3.1416,2.4166,0.1081,0.0554,-9.7962,-0.0011,0.0055,0.0144,0.0711,-0.0345,-9.8914,0.0033,-0.0025,0.0166,0.3836,-0.4946,-9.1862,-0.0060,-0.0372,0.0048,-0.5604,0.3863,-9.8623,0.0013,-0.0088,-0.0234,2.4166,0.0201,-0.0230,0.0165,324.1580,366.8490,294.7873,397.9939,-0.896047,0.571761,-0.087329,0.002222,-0.000668,0.009480,0.000000,0.000000,0.000000,0.000000,0.000000,0.000000,-0.897554,0.574696,-0.090702,1.0000,1.0000,1.0000,1.660,4.810,0.340,5.000,3.000,8.000,1.500,0.060,0.110,21266038,992978696,21265279,145,1053,1506,1505,1505,1000,1000,2008,1505,1505,1105,2008,1625,1256,1000,1000
-0.0041,0.0075,-0.5635,-0.0042,0.0071,2.9844,0.0063,-0.0052,3.1416,2.4622,0.1052,-0.0983,-9.7669,-0.0007,0.0025,-0.0130,0.0823,-0.0524,-9.8160,0.0070,0.0008,-0.0102,-0.4831,1.0664,-10.1032,-0.0004,0.0127,-0.0176,0.1327,0.5461,-10.7458,-0.0085,-0.0072,-0.0107,2.4622,0.0201,-0.0240,0.0172,325.7049,370.7524,297.2826,402.7250,-0.896029,0.571760,-0.087242,0.001958,0.000526,0.009634,0.000000,0.000000,0.000000,0.000000,0.000000,0.000000,-0.897554,0.574696,-0.090702,1.0000,1.0000,1.0000,1.660,4.810,0.340,5.000,3.000,8.000,1.500,0.060,0.110,21276538,992978696,21274279,145,1054,1506,1505,1505,1000,1000,2008,1505,1505,1105,2008,1625,1256,1000,1000
-0.0043,0.0074,-0.5637,-0.0042,0.0071,2.9842,0.0063,-0.0052,3.1416,2.4622,-0.0002,0.2343,-9.7560,-0.0020,0.0059,-0.0138,-0.0253,0.1688,-9.7933,-0.0028,-0.0026,-0.0126,-0.1000,-0.9687,-9.6507,0.0065,-0.0017,0.0032,0.8690,0.4150,-10.4765,0.0186,-0.0027,-0.0099,2.4622,0.0191,-0.0243,0.0195,319.9572,375.3400,291.6014,407.2116,-0.896005,0.571766,-0.087125,0.002014,-0.000047,0.009971,0.000000,0.000000,0.000000,0.000000,0.000000,0.000000,-0.897554,0.574696,-0.090702,1.0000,1.0000,1.0000,1.660,4.810,0.340,5.000,3.000,8.000,1.500,0.060,0.110,21287038,992978696,21286279,145,1054,1506,1505,1505,1000,1000,2008,1505,1505,1105,2008,1625,1256,1000,1000
-0.0046,0.0074,-0.5637,-0.0042,0.0071,2.9842,0.0063,-0.0052,3.1416,2.4622,0.1136,-0.0981,-9.7981,-0.0020,-0.0003,0.0110,0.0911,-0.0189,-9.8698,0.0015,-0.0050,0.0129,-0.7680,1.2364,-10.0290,-0.0025,0.0148,0.0069,-1.3595,0.8388,-10.1048,0.0208,0.0125,-0.0005,2.4622,0.0202,-0.0229,0.0162,328.7197,369.7155,298.8733,400.0423,-0.895987,0.571764,-0.087033,0.002141,-0.000379,0.010312,0.000000,0.000000,0.000000,0.000000,0.000000,0.000000,-0.897554,0.574696,-0.090702,1.0000,1.0000,1.0000,1.660,4.810,0.340,5.000,3.000,8.000,1.500,0.060,0.110,21297538,992978696,21295279,145,1054,1506,1505,1505,1000,1000,2008,1505,1505,1105,2008,1625,1256,1000,1000
-0.0042,0.0071,-0.5637,-0.0057,0.0069,2.9841,0.0063,-0.0052,3.1416,2.4622,-0.0020,0.0787,-9.8317,0.0011,0.0045,-0.0102,-0.0227,0.0806,-9.9259,0.0036,-0.0032,-0.0048,0.3573,-0.1522,-8.9325,-0.0047,0.0135,-0.0155,0.9731,-0.1919,-8.8190,-0.0136,0.0312,-0.0075,2.4622,0.0217,-0.0242,0.0183,324.0649,371.9312,292.9840,406.0971,-0.895958,0.574596,-0.087454,0.002607,0.010000,0.008875,0.000000,0.000000,0.000000,0.000000,0.000000,0.000000,-0.895965,0.575716,-0.087969,1.0000,1.0000,1.0000,1.660,4.810,0.340,5.000,3.000,8.000,1.500,0.060,0.110,21307583,993110706,21307325,146,1054,1506,1505,1505,1000,1000,2008,1505,1505,1105,2008,1625,1256,1000,1000
-0.0044,0.0068,-0.5638,-0.0056,0.0071,2.9840,0.0063,-0.0052,3.1416,2.4622,0.0408,0.0648,-9.7141,-0.0019,0.0049,-0.0066,0.0321,-0.0022,-9.7573,0.0005,-0.0035,-0.0070,-0.2173,-0.0014,-9.7273,0.0039,-0.0132,0.0021,0.2710,-0.0608,-9.6433,0.0136,-0.0229,0.0096,2.4622,0.0227,-0.0247,0.0180,324.9927,370.3757,293.7960,406.1907,-0.895569,0.574528,-0.088631,0.004022,0.009450,0.007023,0.000000,0.000000,0.000000,0.000000,0.000000,0.000000,-0.895102,0.574290,-0.090939,1.0000,1.0000,1.0000,1.660,4.810,0.340,5.000,3.000,8.000,1.500,0.060,0.110,21317628,993211303,21316369,147,1054,1506,1505,1505,1000,1000,2008,1505,1505,1105,2008,1625,1256,1000,1000
-0.0043,0.0068,-0.5638,-0.0056,0.0071,2.9840,0.0063,-0.0052,3.1416,2.4622,0.1100,0.0316,-9.8897,0.0020,-0.0013,-0.0046,0.0609,-0.0374,-9.9203,0.0062,-0.0045,0.0012,-0.2389,-0.3581,-9.6747,-0.0036,0.0212,-0.0104,0.2261,0.9843,-10.4747,0.0115,0.0205,-0.0200,2.4622,0.0214,-0.0228,0.0177,326.3717,371.9137,293.8017,403.6677,-0.895532,0.574614,-0.088569,0.004176,0.009560,0.006562,0.000000,0.000000,0.000000,0.000000,0.000000,0.000000,-0.895102,0.574290,-0.090939,1.0000,1.0000,1.0000,1.660,4.810,0.340,5.000,3.000,8.000,1.500,0.060,0.110,21328128,993211303,21325369,147,1054,1506,1505,1505,1000,1000,2008,1505,1505,1105,2008,1625,1256,1000,1000
-0.0044,0.0072,-0.5639,-0.0056,0.0070,2.9839,0.0063,-0.0052,3.1416,2.4622,0.0462,0.0575,-9.6344,-0.0030,0.0050,-0.0064,0.1197,0.1205,-9.6624,0.0016,0.0015,-0.0047,0.7547,-0.0493,-9.1216,0.0089,-0.0124,-0.0013,-1.7833,-0.9695,-9.0597,0.0189,-0.0101,0.0053,2.4622,0.0230,-0.0247,0.0181,324.9211,370.5182,293.2218,406.5328,-0.895484,0.574731,-0.088489,0.003723,0.009828,0.007169,0.000000,0.000000,0.000000,0.000000,0.000000,0.000000,-0.895102,0.574290,-0.090939,1.0000,1.0000,1.0000,1.660,4.810,0.340,5.000,3.000,8.000,1.500,0.060,0.110,21338158,993211303,21337399,147,1054,1506,1505,1505,1000,1000,2008,1505,1505,1105,2008,1625,1256,1000,1000
-0.0044,0.0068,-0.5638,-0.0056,0.0070,2.9840,0.0063,-0.0052,3.1416,2.4622,0.0488,-0.0308,-9.9188,-0.0001,0.0019,0.0065,-0.0234,0.0054,-9.9447,0.0038,0.0019,0.0068,-0.4112,-0.5329,-10.2732,-0.0031,0.0225,-0.0088,0.7971,-0.9982,-10.4585,0.0138,0.0035,-0.0136,2.4622,0.0229,-0.0241,0.0165,328.7721,367.8690,297.4411,402.7599,-0.895449,0.574819,-0.088419,0.004140,0.009695,0.007941,0.000000,0.000000,0.000000,0.000000,0.000000,0.000000,-0.895102,0.574290,-0.090939,1.0000,1.0000,1.0000,1.660,4.810,0.340,5.000,3.000,8.000,1.500,0.060,0.110,21348658,993211303,21346399,147,1054,1506,1505,1505,1000,1000,2008,1505,1505,1105,2008,1625,1256,1000,1000
-0.0042,0.0068,-0.5639,-0.0056,0.0071,2.9838,0.0063,-0.0052,3.1416,2.4622,0.0176,0.1088,-9.8284,0.0014,0.0055,-0.0230,0.0120,0.1847,-9.8233,0.0062,0.0016,-0.0223,0.9247,-0.6263,-8.9037,0.0004,0.0052,-0.0101,0.2458,-1.1042,-8.2444,0.0085,0.0304,-0.0240,2.4622,0.0216,-0.0248,0.0196,320.7888,373.8958,289.9357,409.0710,-0.895400,0.574939,-0.088332,0.004080,0.010175,0.006929,0.000000,0.000000,0.000000,0.000000,0.000000,0.000000,-0.895102,0.574290,-0.090939,1.0000,1.0000,1.0000,1.660,4.810,0.340,5.000,3.000,8.000,1.500,0.060,0.110,21358686,993211303,21358427,147,1054,1506,1505,1505,1000,1000,2008,1505,1505,1105,2008,1625,1256,1000,1000
-0.0048,0.0069,-0.5640,-0.0056,0.0071,2.9838,0.0063,-0.0052,3.1416,2.4622,0.1212,0.1084,-9.7138,-0.0032,0.0028,0.0125,0.1163,0.1033,-9.8430,0.0024,0.0004,0.0097,-0.6004,0.7647,-10.2301,-0.0031,0.0047,0.0069,0.3051,-1.0682,-10.8841,0.0035,-0.0083,0.0141,2.4622,0.0232,-0.0252,0.0166,327.8046,367.1418,297.9104,403.8636,-0.895363,0.575030,-0.088263,0.004000,0.009752,0.008130,0.000000,0.000000,0.000000,0.000000,0.000000,0.000000,-0.895102,0.574290,-0.090939,1.0000,1.0000,1.0000,1.660,4.810,0.340,5.000,3.000,8.000,1.500,0.060,0.110,21369186,993211303,21367427,147,1054,1506,1505,1505,1000,1000,2008,1505,1505,1105,2008,1625,1256,1000,1000
-0.0050,0.0070,-0.5640,-0.0056,0.0071,2.9838,0.0063,-0.0052,3.1416,2.4622,-0.0051,-0.0047,-9.8892,-0.0002,0.0028,-0.0155,0.0021,0.0173,-9.8811,-0.0007,-0.0016,-0.0089,0.2663,-0.4252,-9.6866,0.0028,0.0223,-0.0176,1.9464,1.4727,-9.6936,0.0013,0.0346,-0.0463,2.4622,0.0221,-0.0236,0.0181,325.2440,371.6810,292.8841,405.4551,-0.895316,0.575147,-0.088172,0.004064,0.009867,0.006898,0.000000,0.000000,0.000000,0.000000,0.000000,0.000000,-0.895102,0.574290,-0.090939,1.0000,1.0000,1.0000,1.660,4.810,0.340,5.000,3.000,8.000,1.500,0.060,0.110,21379686,993211303,21379427,147,1054,1506,1505,1505,1000,1000,2008,1505,1505,1105,2008,1625,1256,1000,1000
-0.0048,0.0067,-0.5641,-0.0056,0.0071,2.9837,0.0063,-0.0052,3.1416,2.4622,0.1035,0.1116,-9.6085,-0.0010,0.0066,0.0034,0.1258,0.1998,-9.6788,0.0045,0.0015,0.0033,-0.4184,-1.2416,-9.9835,-0.0039,-0.0209,0.0205,0.3931,1.8839,-11.0098,-0.0029,-0.0173,0.0210,2.4622,0.0230,-0.0267,0.0182,323.1986,369.1437,294.8670,407.9637,-0.895278,0.575237,-0.088106,0.004326,0.010004,0.008030,0.000000,0.000000,0.000000,0.000000,0.000000,0.000000,-0.895102,0.574290,-0.090939,1.0000,1.0000,1.0000,1.660,4.810,0.340,5.000,3.000,8.000,1.500,0.060,0.110,21390186,993211303,21388427,147,1054,1506,1505,1505,1000,1000,2008,1505,1505,1105,2008,1625,1256,1000,1000
-0.0051,0.0071,-0.5641,-0.0056,0.0071,2.9837,0.0063,-0.0052,3.1416,2.4622,0.0447,0.0459,-10.0178,-0.0001,0.0001,-0.0099,-0.0942,0.0144,-10.0381,0.0045,-0.0046,-0.0080,0.8792,-0.6790,-9.0330,-0.0076,0.0111,-0.0264,-1.0291,-1.2442,-9.0794,0.0019,0.0048,-0.0242,2.4622,0.0230,-0.0232,0.0169,328.6733,369.2118,295.3937,403.1184,-0.895230,0.575356,-0.088009,0.003979,0.010009,0.007361,0.000000,0.000000,0.000000,0.000000,0.000000,0.000000,-0.895102,0.574290,-0.090939,1.0000,1.0000,1.0000,1.660,4.810,0.340,5.000,3.000,8.000,1.500,0.060,0.110,21400686,993211303,21400427,147,1054,1506,1505,1505,1000,1000,2008,1505,1505,1105,2008,1625,1256,1000,1000
-0.0048,0.0068,-0.5643,-0.0056,0.0071,2.9835,0.0063,-0.0052,3.1416,2.4622,0.1229,0.0382,-9.5474,-0.0008,0.0078,-0.0093,0.0848,0.0353,-9.5933,0.0036,0.0070,-0.0103,0.0460,0.3458,-9.6579,0.0111,-0.0121,0.0080,0.3895,0.8316,-10.7369,0.0141,-0.0205,0.0210,2.4622,0.0214,-0.0259,0.0198,319.2849,373.6423,290.3770,410.1648,-0.895192,0.575449,-0.087941,0.004364,0.010243,0.007978,0.000000,0.000000,0.000000,0.000000,0.000000,0.000000,-0.895102,0.574290,-0.090939,1.0000,1.0000,1.0000,1.660,4.810,0.340,5.000,3.000,8.000,1.500,0.060,0.110,21411186,993211303,21409427,147,1055,1506,1505,1505,1000,1000,2008,1505,1505,1105,2008,1625,1256,1000,1000
-0.0052,0.0074,-0.5642,-0.0056,0.0071,2.9837,0.0063,-0.0052,3.1416,2.5078,0.0449,0.1097,-9.9559,-0.0009,-0.0022,0.0109,-0.0432,0.0458,-10.0717,-0.0008,-0.0082,0.0145,0.1370,-1.0525,-9.6363,-0.0084,0.0175,-0.0165,0.2764,-0.9785,-9.5122,-0.0035,0.0144,0.0043,2.5078,0.0238,-0.0252,0.0156,334.0587,368.3308,303.7868,404.6063,-0.895145,0.575571,-0.087835,0.003523,0.010037,0.008685,0.000000,0.000000,0.000000,0.000000,0.000000,0.000000,-0.895102,0.574290,-0.090939,1.0000,1.0000,1.0000,1.660,4.810,0.340,5.000,3.000,8.000,1.500,0.060,0.110,21421686,993211303,21421427,147,1055,1506,1505,1505,1000,1000,2008,1505,1505,1105,2008,1625,1256,1000,1000
-0.0051,0.0067,-0.5643,-0.0056,0.0071,2.9835,0.0063,-0.0052,3.1416,2.5078,-0.0299,0.0351,-9.6973,0.0004,0.0099,-0.0209,-0.0136,0.0306,-9.6375,0.0037,0.0088,-0.0183,0.5057,-0.7436,-9.7417,0.0076,-0.0089,0.0061,0.2925,0.4114,-10.5537,0.0280,-0.0200,-0.0128,2.5078,0.0216,-0.0232,0.0191,326.9073,377.4538,293.4188,409.6597,-0.895111,0.575661,-0.087762,0.004498,0.009975,0.007814,0.000000,0.000000,0.000000,0.000000,0.000000,0.000000,-0.895102,0.574290,-0.090939,1.0000,1.0000,1.0000,1.660,4.810,0.340,5.000,3.000,8.000,1.500,0.060,0.110,21432186,993211303,21430427,147,1055,1506,1505,1505,1000,1000,2008,1505,1505,1105,2008,1625,1256,1000,1000
-0.0049,0.0072,-0.5643,-0.0056,0.0071,2.9835,0.0063,-0.0052,3.1416,2.5078,0.2112,0.0267,-9.8536,-0.0018,-0.0029,0.0113,0.1886,0.0191,-9.8652,0.0016,-0.0077,0.0128,-0.0904,-0.2360,-9.4807,-0.0081,-0.0028,-0.0077,-0.0415,-1.2694,-9.5014,-0.0120,0.0104,0.0282,2.5078,0.0234,-0.0228,0.0163,334.2984,371.5080,300.0873,404.2640,-0.895059,0.575785,-0.087658,0.003749,0.010627,0.009107,0.000000,0.000000,0.000000,0.000000,0.000000,0.000000,-0.895102,0.574290,-0.090939,1.0000,1.0000,1.0000,1.660,4.810,0.340,5.000,3.000,8.000,1.500,0.060,0.110,21442686,993211303,21442427,147,1055,1506,1505,1505,1000,1000,2008,1505,1505,1105,2008,1625,1256,1000,1000
-0.0052,0.0069,-0.5644,-0.0056,0.0071,2.9834,0.0063,-0.0052,3.1416,2.5078,-0.1255,0.0548,-9.8058,0.0025,0.0115,-0.0220,-0.0885,-0.1100,-9.8019,0.0075,0.0030,-0.0244,0.7499,0.9204,-9.7992,-0.0033,0.0015,-0.0101,-0.2839,-1.4202,-9.8318,0.0040,0.0019,-0.0019,2.5078,0.0219,-0.0275,0.0195,322.7282,375.0207,295.9998,413.3347,-0.895024,0.575878,-0.087581,0.004398,0.010189,0.007971,0.000000,0.000000,0.000000,0.000000,0.000000,0.000000,-0.895102,0.574290,-0.090939,1.0000,1.0000,1.0000,1.660,4.810,0.340,5.000,3.000,8.000,1.500,0.060,0.110,21453186,993211303,21451427,147,1055,1506,1505,1505,1000,1000,2008,1505,1505,1105,2008,1625,1256,1000,1000
-0.0048,0.0070,-0.5645,-0.0056,0.0071,2.9834,0.0063,-0.0052,3.1416,2.5078,0.2255,0.0728,-9.6595,-0.0027,0.0009,0.0106,0.2264,0.0682,-9.7136,0.0030,-0.0040,0.0118,-0.0066,-0.9232,-10.0721,-0.0049,0.0023,0.0139,0.6643,-1.0413,-9.6648,-0.0045,-0.0125,0.0200,2.5078,0.0237,-0.0249,0.0167,331.9543,370.6034,300.5912,406.6446,-0.894968,0.576006,-0.087477,0.004192,0.010958,0.009701,0.000000,0.000000,0.000000,0.000000,0.000000,0.000000,-0.895102,0.574290,-0.090939,1.0000,1.0000,1.0000,1.660,4.810,0.340,5.000,3.000,8.000,1.500,0.060,0.110,21463686,993211303,21463427,147,1055,1506,1505,1505,1000,1000,2008,1505,1505,1105,2008,1625,1256,1000,1000
-0.0052,0.0071,-0.5644,-0.0056,0.0071,2.9834,0.0063,-0.0052,3.1416,2.5078,-0.0049,0.0262,-9.9742,0.0011,0.0052,-0.0139,-0.0715,0.0114,-9.9405,0.0048,0.0015,-0.0084,-0.8446,0.2572,-9.5765,0.0087,0.0068,-0.0218,-0.1313,0.6449,-10.2843,0.0085,0.0288,-0.0184,2.5078,0.0227,-0.0253,0.0181,328.1197,373.5194,297.5443,409.3208,-0.894933,0.576102,-0.087392,0.004062,0.010307,0.008608,0.000000,0.000000,0.000000,0.000000,0.000000,0.000000,-0.895102,0.574290,-0.090939,1.0000,1.0000,1.0000,1.660,4.810,0.340,5.000,3.000,8.000,1.500,0.060,0.110,21474186,993211303,21472427,147,1055,1506,1505,1505,1000,1000,2008,1505,1505,1105,2008,1625,1256,1000,1000
-0.0050,0.0071,-0.5646,-0.0056,0.0071,2.9832,0.0063,-0.0052,3.1416,2.5078,0.1406,-0.0377,-9.5962,-0.0016,0.0014,-0.0035,0.1217,0.0370,-9.6419,-0.0001,-0.0030,-0.0047,0.7452,0.0728,-9.7752,-0.0076,0.0023,0.0187,-0.2587,0.8388,-10.0132,-0.0011,0.0003,0.0075,2.5078,0.0233,-0.0257,0.0186,327.0168,373.8755,295.9550,411.0270,-0.894881,0.576228,-0.087289,0.004164,0.011093,0.009351,0.000000,0.000000,0.000000,0.000000,0.000000,0.000000,-0.895102,0.574290,-0.090939,1.0000,1.0000,1.0000,1.660,4.810,0.340,5.000,3.000,8.000,1.500,0.060,0.110,21484686,993211303,21484427,147,1055,1506,1505,1505,1000,1000,2008,1505,1505,1105,2008,1625,1256,1000,1000
-0.0053,0.0075,-0.5645,-0.0056,0.0071,2.9833,0.0063,-0.0052,3.1416,2.5078,-0.0055,0.2891,-9.9637,-0.0000,0.0016,-0.0006,-0.0484,0.1283,-9.9574,0.0031,-0.0046,0.0027,0.0197,-0.4707,-10.3594,0.0031,-0.0025,-0.0250,-0.0846,-1.0287,-10.3705,0.0067,-0.0226,-0.0285,2.5078,0.0234,-0.0237,0.0166,332.8383,371.5141,299.8355,405.6476,-0.894848,0.576328,-0.087201,0.003488,0.010497,0.009487,0.000000,0.000000,0.000000,0.000000,0.000000,0.000000,-0.895102,0.574290,-0.090939,1.0000,1.0000,1.0000,1.660,4.810,0.340,5.000,3.000,8.000,1.500,0.060,0.110,21495186,993211303,21493438,147,1055,1506,1505,1505,1000,1000,2008,1505,1505,1105,2008,1625,1256,1000,1000
-0.0053,0.0070,-0.5647,-0.0056,0.0071,2.9831,0.0063,-0.0052,3.1416,2.5078,0.0843,-0.2347,-9.5816,-0.0034,0.0050,-0.0132,0.0510,-0.0891,-9.6637,0.0013,0.0033,-0.0143,0.0844,0.6642,-10.6419,-0.0025,0.0140,0.0101,0.2135,1.5697,-9.8444,-0.0107,0.0083,0.0280,2.5078,0.0235,-0.0273,0.0194,324.3390,374.0227,295.1728,413.5694,-0.894798,0.576450,-0.087094,0.004733,0.010824,0.009391,0.000000,0.000000,0.000000,0.000000,0.000000,0.000000,-0.895102,0.574290,-0.090939,1.0000,1.0000,1.0000,1.660,4.810,0.340,5.000,3.000,8.000,1.500,0.060,0.110,21505686,993211303,21505427,147,1055,1506,1505,1505,1000,1000,2008,1505,1505,1105,2008,1625,1256,1000,1000
-0.0053,0.0075,-0.5646,-0.0038,0.0069,2.9833,0.0063,-0.0052,3.1416,2.5078,0.1105,0.2721,-9.9487,-0.0011,-0.0043,0.0096,0.0618,0.3099,-9.9787,0.0030,-0.0014,0.0147,0.1059,0.2476,-9.1192,-0.0017,-0.0105,-0.0067,0.5834,1.6792,-10.1928,0.0024,0.0077,0.0128,2.5078,0.0245,-0.0216,0.0163,335.8256,371.8488,298.1362,404.1285,-0.895574,0.573401,-0.089587,0.000332,-0.000780,0.004169,0.000000,0.000000,0.000000,0.000000,0.000000,0.000000,-0.895974,0.571851,-0.092323,1.0000,1.0000,1.0000,1.660,4.810,0.340,5.000,3.000,8.000,1.500,0.060,0.110,21515731,993344283,21514427,148,1055,1506,1505,1505,1000,1000,2008,1505,1505,1105,2008,1625,1256,1000,1000
-0.0055,0.0071,-0.5647,-0.0037,0.0069,2.9832,0.0063,-0.0052,3.1416,2.5078,-0.0104,-0.0630,-9.7750,0.0004,0.0115,-0.0233,0.0382,-0.1207,-9.7797,0.0044,0.0042,-0.0219,-0.2987,-0.7891,-9.6100,-0.0116,0.0089,-0.0091,-0.2785,0.2372,-9.1459,-0.0091,-0.0170,-0.0019,2.5078,0.0198,-0.0271,0.0193,322.4426,375.8852,297.7900,411.4822,-0.895570,0.573387,-0.089556,0.001235,-0.001941,0.002728,0.000000,0.000000,0.000000,0.000000,0.000000,0.000000,-0.895974,0.571851,-0.092323,1.0000,1.0000,1.0000,1.660,4.810,0.340,5.000,3.000,8.000,1.500,0.060,0.110,21526231,993344283,21523472,148,1055,1506,1505,1505,1000,1000,2008,1505,1505,1105,2008,1625,1256,1000,1000
-0.0051,0.0075,-0.5648,-0.0038,0.0069,2.9831,0.0063,-0.0052,3.1416,2.5078,0.2298,0.0619,-9.6785,-0.0037,-0.0037,0.0105,0.1069,-0.0315,-9.7069,-0.0041,-0.0102,0.0161,0.1442,-0.1211,-9.6675,0.0089,0.0063,0.0032,-0.5066,1.5032,-10.4478,0.0085,-0.0072,-0.0056,2.5078,0.0203,-0.0255,0.0176,327.4414,373.8033,300.6591,407.3239,-0.895555,0.573372,-0.089513,0.000429,-0.000856,0.004696,0.000000,0.000000,0.000000,0.000000,0.000000,0.000000,-0.895974,0.571851,-0.092323,1.0000,1.0000,1.0000,1.660,4.810,0.340,5.000,3.000,8.000,1.500,0.060,0.110,21536234,993344283,21535475,148,1055,1506,1505,1505,1000,1000,2008,1505,1505,1105,2008,1625,1256,1000,1000
-0.0057,0.0074,-0.5648,-0.0037,0.0069,2.9831,0.0063,-0.0052,3.1416,2.5078,-0.1669,0.0273,-10.0281,0.0014,0.0103,-0.0170,-0.1289,0.0673,-10.0413,0.0067,0.0023,-0.0122,0.9247,1.6889,-9.6292,0.0049,0.0044,-0.0211,1.4615,0.4366,-9.4368,0.0253,0.0072,-0.0200,2.5078,0.0202,-0.0240,0.0174,329.0985,374.4520,300.0486,405.8400,-0.895554,0.573355,-0.089476,0.000401,-0.002740,0.003057,0.000000,0.000000,0.000000,0.000000,0.000000,0.000000,-0.895974,0.571851,-0.092323,1.0000,1.0000,1.0000,1.660,4.810,0.340,5.000,3.000,8.000,1.500,0.060,0.110,21546734,993344283,21544475,148,1055,1506,1505,1505,1000,1000,2008,1505,1505,1105,2008,1625,1256,1000,1000
-0.0052,0.0073,-0.5649,-0.0037,0.0069,2.9830,0.0063,-0.0052,3.1416,2.5078,0.2765,0.0787,-9.5091,-0.0001,0.0011,0.0026,0.2345,0.1835,-9.5676,0.0032,0.0003,0.0031,-0.3418,-0.2839,-9.9428,-0.0121,-0.0103,0.0200,1.1024,0.2067,-10.5178,-0.0093,-0.0186,0.0027,2.5078,0.0213,-0.0271,0.0190,323.8272,374.6661,297.4076,411.7832,-0.895541,0.573327,-0.089440,0.000911,-0.001728,0.004358,0.000000,0.000000,0.000000,0.000000,0.000000,0.000000,-0.895974,0.571851,-0.092323,1.0000,1.0000,1.0000,1.660,4.810,0.340,5.000,3.000,8.000,1.500,0.060,0.110,21556767,993344283,21556008,148,1055,1506,1505,1505,1000,1000,2008,1505,1505,1105,2008,1625,1256,1000,1000
-0.0058,0.0077,-0.5649,-0.0037,0.0069,2.9830,0.0063,-0.0052,3.1416,2.5078,-0.0352,0.1525,-10.0592,-0.0003,0.0028,-0.0086,-0.1055,0.0122,-9.9872,0.0059,0.0026,-0.0019,-0.0761,0.6857,-9.5885,0.0057,0.0095,-0.0346,-0.5155,-0.8240,-9.7546,0.0059,0.0202,-0.0184,2.5078,0.0204,-0.0252,0.0183,326.3287,375.1697,298.4227,408.6033,-0.895539,0.573308,-0.089398,-0.000123,-0.002945,0.004334,0.000000,0.000000,0.000000,0.000000,0.000000,0.000000,-0.895974,0.571851,-0.092323,1.0000,1.0000,1.0000,1.660,4.810,0.340,5.000,3.000,8.000,1.500,0.060,0.110,21567267,993344283,21565008,148,1055,1506,1505,1505,1000,1000,2008,1505,1505,1105,2008,1625,1256,1000,1000
-0.0052,0.0073,-0.5651,-0.0037,0.0069,2.9828,0.0063,-0.0052,3.1416,2.5078,0.1053,-0.1833,-9.5943,-0.0012,0.0065,-0.0083,0.0754,-0.0768,-9.6271,-0.0023,-0.0001,-0.0069,0.9056,0.6378,-10.5198,-0.0009,-0.0041,0.0224,1.2604,1.1567,-10.1730,0.0178,-0.0061,0.0123,2.5078,0.0208,-0.0269,0.0185,324.6920,374.1833,299.0552,410.3454,-0.895531,0.573276,-0.089357,0.001237,-0.001605,0.003554,0.000000,0.000000,0.000000,0.000000,0.000000,0.000000,-0.895974,0.571851,-0.092323,1.0000,1.0000,1.0000,1.660,4.810,0.340,5.000,3.000,8.000,1.500,0.060,0.110,21577767,993344283,21577008,148,1055,1506,1505,1505,1000,1000,2008,1505,1505,1105,2008,1625,1256,1000,1000
-0.0054,0.0079,-0.5650,-0.0037,0.0069,2.9829,0.0063,-0.0052,3.1416,2.5078,0.1647,0.2500,-9.9924,-0.0012,-0.0024,0.0060,0.1442,0.1816,-9.9449,0.0008,-0.0056,0.0097,-0.8614,-0.9232,-9.2940,0.0065,-0.0065,-0.0266,-0.5173,1.5643,-9.9108,0.0037,0.0056,-0.0136,2.5078,0.0209,-0.0232,0.0165,331.9833,373.0845,301.2118,403.8835,-0.895526,0.573263,-0.089321,-0.000339,-0.001734,0.003987,0.000000,0.000000,0.000000,0.000000,0.000000,0.000000,-0.895974,0.571851,-0.092323,1.0000,1.0000,1.0000,1.660,4.810,0.340,5.000,3.000,8.000,1.500,0.060,0.110,21588267,993344283,21586008,148,1055,1506,1505,1505,1000,1000,2008,1505,1505,1105,2008,1625,1256,1000,1000
-0.0055,0.0075,-0.5651,-0.0037,0.0069,2.9828,0.0063,-0.0052,3.1416,2.5078,-0.0586,-0.1706,-9.6501,-0.0014,0.0066,-0.0166,-0.0064,-0.2232,-9.7268,0.0027,0.0047,-0.0153,0.2639,-0.3486,-10.6204,-0.0063,0.0225,0.0075,-0.0540,0.1169,-9.9557,-0.0016,0.0069,0.0346,2.5078,0.0207,-0.0268,0.0194,322.9751,375.7775,296.6730,411.9695,-0.895529,0.573234,-0.089286,0.000554,-0.002179,0.002568,0.000000,0.000000,0.000000,0.000000,0.000000,0.000000,-0.895974,0.571851,-0.092323,1.0000,1.0000,1.0000,1.660,4.810,0.340,5.000,3.000,8.000,1.500,0.060,0.110,21598767,993344283,21598008,148,1055,1506,1505,1505,1000,1000,2008,1505,1505,1105,2008,1625,1256,1000,1000
-0.0053,0.0079,-0.5651,-0.0038,0.0069,2.9828,0.0063,-0.0052,3.1416,2.5078,0.2279,0.2288,-9.8965,-0.0011,0.0010,0.0046,0.1973,0.2270,-9.9290,0.0024,-0.0080,0.0069,-0.0904,-0.4371,-9.3036,0.0015,-0.0079,-0.0179,-0.7975,-1.9517,-9.4727,0.0130,0.0037,-0.0061,2.5078,0.0212,-0.0246,0.0169,330.2739,372.5535,301.3650,405.6570,-0.895526,0.573218,-0.089257,-0.000340,-0.001676,0.003865,0.000000,0.000000,0.000000,0.000000,0.000000,0.000000,-0.895974,0.571851,-0.092323,1.0000,1.0000,1.0000,1.660,4.810,0.340,5.000,3.000,8.000,1.500,0.060,0.110,21609267,993344283,21607008,148,1055,1506,1505,1505,1000,1000,2008,1505,1505,1105,2008,1625,1256,1000,1000
-0.0057,0.0077,-0.5652,-0.0037,0.0069,2.9827,0.0063,-0.0052,3.1416,2.5078,-0.1671,-0.0351,-9.7738,0.0002,0.0071,-0.0136,-0.2158,-0.0005,-9.7469,0.0059,0.0029,-0.0094,-0.3634,-0.3773,-9.6914,-0.0049,0.0121,0.0019,0.5260,-0.0824,-10.0581,-0.0013,0.0258,-0.0192,2.5078,0.0204,-0.0272,0.0191,323.1018,375.1237,298.0636,411.4619,-0.895533,0.573186,-0.089220,0.000233,-0.003173,0.002378,0.000000,0.000000,0.000000,0.000000,0.000000,0.000000,-0.895974,0.571851,-0.092323,1.0000,1.0000,1.0000,1.660,4.810,0.340,5.000,3.000,8.000,1.500,0.060,0.110,21619767,993344283,21619008,148,1055,1506,1505,1505,1000,1000,2008,1505,1505,1105,2008,1625,1256,1000,1000
-0.0054,0.0077,-0.5652,-0.0035,0.0070,2.9827,0.0063,-0.0052,3.1416,2.5078,0.2585,0.1664,-9.6832,-0.0031,0.0014,0.0055,0.2206,0.1111,-9.7759,0.0024,-0.0006,0.0083,0.0101,-0.1163,-10.3235,0.0025,-0.0047,0.0019,0.7199,1.4781,-10.0096,0.0008,-0.0136,0.0162,2.5078,0.0215,-0.0250,0.0169,330.1183,372.1859,301.4353,406.0687,-0.895468,0.572745,-0.090972,0.000514,-0.004351,-0.000330,0.000000,0.000000,0.000000,0.000000,0.000000,0.000000,-0.895430,0.572479,-0.093097,1.0000,1.0000,1.0000,1.660,4.810,0.340,5.000,3.000,8.000,1.500,0.060,0.110,21629811,993477539,21628008,149,1055,1506,1505,1505,1000,1000,2008,1505,1505,1105,2008,1625,1256,1000,1000
-0.0060,0.0077,-0.5653,-0.0035,0.0070,2.9826,0.0063,-0.0052,3.1416,2.5078,-0.1112,0.0411,-9.9527,0.0003,0.0058,-0.0132,-0.1688,0.0471,-9.9441,0.0059,-0.0013,-0.0111,0.2759,0.1925,-9.3634,0.0023,0.0100,-0.0083,-1.6199,0.0254,-9.7223,0.0029,0.0043,-0.0146,2.5078,0.0205,-0.0254,0.0187,325.3927,375.7001,297.4534,409.5680,-0.895471,0.572683,-0.090980,0.000030,-0.005673,-0.001413,0.000000,0.000000,0.000000,0.000000,0.000000,0.000000,-0.895430,0.572479,-0.093097,1.0000,1.0000,1.0000,1.660,4.810,0.340,5.000,3.000,8.000,1.500,0.060,0.110,21640311,993477539,21640052,149,1055,1506,1505,1505,1000,1000,2008,1505,1505,1105,2008,1625,1256,1000,1000
-0.0055,0.0075,-0.5653,-0.0035,0.0070,2.9826,0.0063,-0.0052,3.1416,2.5078,0.2085,0.0101,-9.6218,-0.0028,0.0034,0.0025,0.2576,0.0909,-9.6799,0.0019,-0.0017,0.0040,0.1394,-0.1235,-10.1128,-0.0039,-0.0052,-0.0101,0.6373,1.6271,-9.7366,-0.0144,-0.0003,-0.0021,2.5078,0.0213,-0.0275,0.0176,326.3908,371.8300,301.7343,409.1740,-0.895463,0.572636,-0.090991,0.001168,-0.004804,-0.000792,0.000000,0.000000,0.000000,0.000000,0.000000,0.000000,-0.895430,0.572479,-0.093097,1.0000,1.0000,1.0000,1.660,4.810,0.340,5.000,3.000,8.000,1.500,0.060,0.110,21650811,993477539,21649052,149,1055,1506,1505,1505,1000,1000,2008,1505,1505,1105,2008,1625,1256,1000,1000
-0.0058,0.0079,-0.5654,-0.0035,0.0070,2.9825,0.0063,-0.0052,3.1416,2.5078,-0.0532,0.0521,-9.8887,-0.0005,0.0021,-0.0144,-0.1894,-0.0566,-9.9412,-0.0015,-0.0062,-0.0108,0.8194,0.5852,-9.9811,0.0113,0.0060,-0.0016,-1.2590,0.5282,-10.8195,0.0205,0.0149,-0.0115,2.5078,0.0199,-0.0251,0.0185,325.8580,375.8160,298.1296,408.5988,-0.895460,0.572577,-0.090998,0.000073,-0.005292,-0.000769,0.000000,0.000000,0.000000,0.000000,0.000000,0.000000,-0.895430,0.572479,-0.093097,1.0000,1.0000,1.0000,1.660,4.810,0.340,5.000,3.000,8.000,1.500,0.060,0.110,21661311,993477539,21661052,149,1055,1506,1505,1505,1000,1000,2008,1505,1505,1105,2008,1625,1256,1000,1000
-0.0055,0.0073,-0.5654,-0.0035,0.0070,2.9825,0.0063,-0.0052,3.1416,2.5078,0.0516,-0.0117,-9.7467,-0.0007,0.0075,0.0060,0.1064,0.0347,-9.7352,0.0018,0.0019,0.0055,1.2312,-0.1522,-8.9851,-0.0041,-0.0007,-0.0016,0.5403,-0.6840,-9.0668,0.0029,0.0136,0.0088,2.5078,0.0214,-0.0275,0.0177,326.4641,371.7946,301.6173,409.2339,-0.895450,0.572528,-0.091004,0.001850,-0.005034,-0.000357,0.000000,0.000000,0.000000,0.000000,0.000000,0.000000,-0.895430,0.572479,-0.093097,1.0000,1.0000,1.0000,1.660,4.810,0.340,5.000,3.000,8.000,1.500,0.060,0.110,21671811,993477539,21670052,149,1055,1506,1505,1505,1000,1000,2008,1505,1505,1105,2008,1625,1256,1000,1000
-0.0057,0.0079,-0.5655,-0.0035,0.0070,2.9824,0.0063,-0.0052,3.1416,2.5078,0.0760,0.2057,-9.7542,-0.0000,0.0040,-0.0140,0.0577,0.1231,-9.9028,0.0044,-0.0052,-0.0106,0.0365,-0.2863,-10.5438,0.0015,0.0065,-0.0096,-0.6771,-0.1165,-10.6830,-0.0045,-0.0059,-0.0162,2.5078,0.0205,-0.0265,0.0189,324.0800,375.3093,297.7886,410.7218,-0.895436,0.572467,-0.091003,0.000681,-0.005674,0.000223,0.000000,0.000000,0.000000,0.000000,0.000000,0.000000,-0.895430,0.572479,-0.093097,1.0000,1.0000,1.0000,1.660,4.810,0.340,5.000,3.000,8.000,1.500,0.060,0.110,21682311,993477539,21682052,149,1055,1506,1505,1505,1000,1000,2008,1505,1505,1105,2008,1625,1256,1000,1000
-0.0057,0.0073,-0.5655,-0.0035,0.0070,2.9824,0.0063,-0.0052,3.1416,2.5078,0.0045,-0.1451,-9.7247,-0.0051,0.0041,0.0047,0.0324,-0.1268,-9.7740,0.0013,0.0022,0.0048,0.7499,0.0561,-9.8039,0.0084,0.0079,0.0029,-0.7526,2.0240,-9.5696,0.0162,-0.0226,0.0130,2.5078,0.0223,-0.0267,0.0171,328.9555,370.8188,301.8904,407.9207,-0.895424,0.572413,-0.091002,0.001834,-0.005931,0.000669,0.000000,0.000000,0.000000,0.000000,0.000000,0.000000,-0.895430,0.572479,-0.093097,1.0000,1.0000,1.0000,1.660,4.810,0.340,5.000,3.000,8.000,1.500,0.060,0.110,21692811,993477539,21691052,149,1055,1506,1505,1505,1000,1000,2008,1505,1505,1105,2008,1625,1256,1000,1000
-0.0054,0.0078,-0.5656,-0.0036,0.0070,2.9823,0.0063,-0.0052,3.1416,2.5078,0.1164,0.1766,-9.8609,0.0025,0.0013,-0.0154,0.0770,0.2562,-9.9478,0.0076,-0.0072,-0.0125,0.2783,-0.6861,-10.0697,-0.0153,0.0132,-0.0112,-1.3900,-0.7486,-9.6397,-0.0053,0.0040,-0.0280,2.5078,0.0203,-0.0251,0.0189,325.1059,376.3746,296.6409,409.7656,-0.895406,0.572347,-0.090990,0.001071,-0.005520,0.000969,0.000000,0.000000,0.000000,0.000000,0.000000,0.000000,-0.895430,0.572479,-0.093097,1.0000,1.0000,1.0000,1.660,4.810,0.340,5.000,3.000,8.000,1.500,0.060,0.110,21703311,993477539,21703052,149,1055,1506,1505,1505,1000,1000,2008,1505,1505,1105,2008,1625,1256,1000,1000
-0.0057,0.0073,-0.5657,-0.0035,0.0071,2.9823,0.0063,-0.0052,3.1416,2.5078,0.0106,0.0262,-9.6853,-0.0034,0.0081,0.0074,-0.0567,-0.0797,-9.7481,-0.0004,0.0030,0.0068,0.8601,-0.3701,-10.1008,-0.0044,0.0001,0.0069,0.1848,-0.7163,-10.5824,-0.0216,0.0043,0.0115,2.5078,0.0207,-0.0282,0.0172,326.4490,370.8216,304.0451,408.3312,-0.895394,0.572294,-0.090983,0.001753,-0.006108,0.000893,0.000000,0.000000,0.000000,0.000000,0.000000,0.000000,-0.895430,0.572479,-0.093097,1.0000,1.0000,1.0000,1.660,4.810,0.340,5.000,3.000,8.000,1.500,0.060,0.110,21713811,993477539,21712052,149,1055,1506,1505,1505,1000,1000,2008,1505,1505,1105,2008,1625,1256,1000,1000
-0.0053,0.0078,-0.5656,-0.0036,0.0070,2.9823,0.0063,-0.0052,3.1416,2.5078,0.1446,0.0333,-9.8658,0.0001,-0.0021,-0.0143,0.0876,-0.0093,-9.8872,0.0019,-0.0020,-0.0121,-0.1263,-0.0876,-10.0266,0.0140,0.0004,-0.0208,-0.8388,1.1046,-9.4152,0.0240,-0.0072,0.0032,2.5078,0.0218,-0.0258,0.0182,326.8979,373.8712,298.2664,409.4516,-0.895376,0.572226,-0.090968,0.000978,-0.005509,0.001124,0.000000,0.000000,0.000000,0.000000,0.000000,0.000000,-0.895430,0.572479,-0.093097,1.0000,1.0000,1.0000,1.660,4.810,0.340,5.000,3.000,8.000,1.500,0.060,0.110,21724311,993477539,21724052,149,1055,1506,1505,1505,1000,1000,2008,1505,1505,1105,2008,1625,1256,1000,1000
-0.0057,0.0074,-0.5658,-0.0035,0.0070,2.9822,0.0063,-0.0052,3.1416,2.5078,-0.0401,0.1083,-9.7462,-0.0008,0.0045,0.0024,-0.1025,0.1400,-9.7853,0.0036,0.0028,0.0039,0.8290,-0.6861,-9.6028,-0.0134,0.0071,0.0093,1.0485,-1.3538,-9.8677,-0.0035,-0.0013,0.0051,2.5078,0.0206,-0.0267,0.0183,325.2824,374.0375,299.5833,409.6249,-0.895364,0.572172,-0.090960,0.001660,-0.006388,0.001117,0.000000,0.000000,0.000000,0.000000,0.000000,0.000000,-0.895430,0.572479,-0.093097,1.0000,1.0000,1.0000,1.660,4.810,0.340,5.000,3.000,8.000,1.500,0.060,0.110,21734811,993477539,21733052,149,1055,1506,1505,1505,1000,1000,2008,1505,1505,1105,2008,1625,1256,1000,1000
-0.0055,0.0077,-0.5657,-0.0036,0.0070,2.9822,0.0063,-0.0052,3.1416,2.5078,0.1329,0.0480,-9.7947,-0.0023,0.0012,-0.0068,0.1116,-0.0142,-9.8435,0.0005,-0.0008,-0.0011,0.0484,0.9611,-10.6515,0.0041,0.0060,-0.0187,0.3787,3.0763,-11.0960,0.0016,0.0035,-0.0280,2.5078,0.0217,-0.0261,0.0172,328.6667,371.8792,301.2715,407.6457,-0.895345,0.572096,-0.090941,0.001301,-0.006255,0.001675,0.000000,0.000000,0.000000,0.000000,0.000000,0.000000,-0.895430,0.572479,-0.093097,1.0000,1.0000,1.0000,1.660,4.810,0.340,5.000,3.000,8.000,1.500,0.060,0.110,21745311,993477539,21745052,149,1055,1506,1505,1505,1000,1000,2008,1505,1505,1105,2008,1625,1256,1000,1000
-0.0059,0.0073,-0.5659,-0.0036,0.0070,2.9821,0.0063,-0.0052,3.1416,2.5078,-0.0007,0.0647,-9.7787,-0.0001,0.0071,-0.0063,-0.0670,0.0637,-9.7688,0.0039,0.0016,-0.0043,0.2519,-0.9591,-9.1743,-0.0049,0.0039,0.0109,-0.1510,1.5517,-9.2464,0.0045,0.0077,0.0096,2.5078,0.0206,-0.0282,0.0191,322.2086,374.4901,298.6178,412.3368,-0.895332,0.572036,-0.090929,0.001696,-0.006871,0.001350,0.000000,0.000000,0.000000,0.000000,0.000000,0.000000,-0.895430,0.572479,-0.093097,1.0000,1.0000,1.0000,1.660,4.810,0.340,5.000,3.000,8.000,1.500,0.060,0.110,21755811,993477539,21754054,149,1055,1506,1505,1505,1000,1000,2008,1505,1505,1105,2008,1625,1256,1000,1000
-0.0056,0.0078,-0.5658,-0.0058,0.0058,2.9816,0.0063,-0.0052,3.1416,2.5078,0.1337,0.0544,-9.8143,-0.0016,-0.0011,-0.0015,0.1505,0.0750,-9.8380,-0.0001,-0.0028,0.0038,0.4291,0.4319,-10.3139,0.0009,0.0009,-0.0187,-1.2015,-1.0826,-10.2879,-0.0016,0.0008,-0.0208,2.5078,0.0255,-0.0244,0.0169,333.0788,370.3866,298.3952,407.5390,-0.896943,0.576244,-0.092332,-0.004593,0.008694,-0.001330,0.000000,0.000000,0.000000,0.000000,0.000000,0.000000,-0.897911,0.578804,-0.093973,1.0000,1.0000,1.0000,1.660,4.810,0.340,5.000,3.000,8.000,1.500,0.060,0.110,21765861,993610601,21763102,150,1055,1506,1505,1505,1000,1000,2008,1505,1505,1105,2008,1625,1256,1000,1000
-0.0057,0.0072,-0.5660,-0.0058,0.0057,2.9815,0.0063,-0.0052,3.1416,2.5078,-0.0597,0.0131,-9.8556,0.0014,0.0050,-0.0130,-0.0316,0.1031,-9.8154,0.0018,0.0001,-0.0121,-0.4711,-0.2600,-8.8846,-0.0065,-0.0001,0.0011,0.5403,0.6090,-10.3634,-0.0008,-0.0064,0.0138,2.5078,0.0237,-0.0247,0.0194,326.5562,375.7140,292.6922,412.0518,-0.896997,0.576348,-0.092353,-0.003957,0.008659,-0.002409,0.000000,0.000000,0.000000,0.000000,0.000000,0.000000,-0.897911,0.578804,-0.093973,1.0000,1.0000,1.0000,1.660,4.810,0.340,5.000,3.000,8.000,1.500,0.060,0.110,21775889,993610601,21775130,150,1055,1506,1505,1505,1000,1000,2008,1505,1505,1105,2008,1625,1256,1000,1000
-0.0053,0.0075,-0.5660,-0.0058,0.0057,2.9815,0.0063,-0.0052,3.1416,2.5078,0.1583,0.0327,-9.6558,-0.0024,-0.0001,0.0074,0.0758,0.0507,-9.7840,0.0009,-0.0019,0.0081,-0.1862,-0.2767,-9.7058,0.0039,0.0025,-0.0147,0.7361,-1.0323,-9.9090,0.0101,0.0162,-0.0072,2.5078,0.0258,-0.0245,0.0170,332.7900,370.4219,297.8765,408.1218,-0.897032,0.576429,-0.092369,-0.004090,0.009255,-0.000919,0.000000,0.000000,0.000000,0.000000,0.000000,0.000000,-0.897911,0.578804,-0.093973,1.0000,1.0000,1.0000,1.660,4.810,0.340,5.000,3.000,8.000,1.500,0.060,0.110,21786389,993610601,21784130,150,1055,1506,1505,1505,1000,1000,2008,1505,1505,1105,2008,1625,1256,1000,1000
-0.0055,0.0072,-0.5660,-0.0058,0.0057,2.9814,0.0063,-0.0052,3.1416,2.5078,-0.0691,0.1008,-9.8977,0.0033,0.0086,-0.0178,-0.0677,0.1317,-9.8831,0.0067,0.0052,-0.0129,-0.3203,0.3625,-9.8255,-0.0148,0.0073,-0.0064,-1.1369,-2.8693,-9.2518,-0.0091,0.0101,0.0003,2.5078,0.0250,-0.0252,0.0187,328.3535,373.3998,294.2501,411.6174,-0.897083,0.576539,-0.092380,-0.003736,0.008995,-0.001440,0.000000,0.000000,0.000000,0.000000,0.000000,0.000000,-0.897911,0.578804,-0.093973,1.0000,1.0000,1.0000,1.660,4.810,0.340,5.000,3.000,8.000,1.500,0.060,0.110,21796889,993610601,21796141,150,1055,1506,1505,1505,1000,1000,2008,1505,1505,1105,2008,1625,1256,1000,1000
-0.0052,0.0074,-0.5661,-0.0058,0.0058,2.9813,0.0063,-0.0052,3.1416,2.5078,0.1956,-0.0320,-9.6479,-0.0049,-0.0005,0.0070,0.1905,0.0562,-9.6610,-0.0023,-0.0039,0.0083,0.2160,0.3649,-9.8207,0.0177,0.0012,-0.0013,0.8797,0.2283,-10.3310,0.0160,-0.0112,0.0138,2.5078,0.0266,-0.0236,0.0169,334.1917,370.5106,296.7604,407.7089,-0.897114,0.576623,-0.092391,-0.003839,0.009530,-0.000563,0.000000,0.000000,0.000000,0.000000,0.000000,0.000000,-0.897911,0.578804,-0.093973,1.0000,1.0000,1.0000,1.660,4.810,0.340,5.000,3.000,8.000,1.500,0.060,0.110,21807389,993610601,21805130,150,1055,1506,1505,1505,1000,1000,2008,1505,1505,1105,2008,1625,1256,1000,1000
-0.0054,0.0074,-0.5661,-0.0058,0.0057,2.9813,0.0063,-0.0052,3.1416,2.5078,-0.0515,0.0737,-9.9935,0.0053,0.0050,-0.0110,-0.0678,0.0808,-10.0364,0.0073,0.0019,-0.0045,-1.1654,1.0856,-9.6387,-0.0116,0.0025,-0.0109,-1.5409,0.0002,-10.1622,0.0027,-0.0051,-0.0208,2.5078,0.0234,-0.0255,0.0186,327.3032,373.9480,295.8380,410.8172,-0.897166,0.576737,-0.092395,-0.004150,0.009278,-0.001146,0.000000,0.000000,0.000000,0.000000,0.000000,0.000000,-0.897911,0.578804,-0.093973,1.0000,1.0000,1.0000,1.660,4.810,0.340,5.000,3.000,8.000,1.500,0.060,0.110,21817889,993610601,21817130,150,1055,1506,1505,1505,1000,1000,2008,1505,1505,1105,2008,1625,1256,1000,1000
-0.0052,0.0072,-0.5662,-0.0058,0.0058,2.9812,0.0063,-0.0052,3.1416,2.5078,0.1724,0.0617,-9.5842,-0.0034,0.0022,-0.0007,0.1814,-0.0663,-9.5877,-0.0001,-0.0024,0.0027,-0.2556,-0.7388,-9.0665,-0.0073,-0.0081,0.0037,-0.0020,0.3252,-9.7959,-0.0117,-0.0170,-0.0003,2.5078,0.0253,-0.0254,0.0179,329.8481,371.7883,296.3737,410.3557,-0.897199,0.576822,-0.092407,-0.003412,0.009825,-0.000833,0.000000,0.000000,0.000000,0.000000,0.000000,0.000000,-0.897911,0.578804,-0.093973,1.0000,1.0000,1.0000,1.660,4.810,0.340,5.000,3.000,8.000,1.500,0.060,0.110,21828389,993610601,21826130,150,1055,1506,1505,1505,1000,1000,2008,1505,1505,1105,2008,1625,1256,1000,1000
-0.0053,0.0075,-0.5662,-0.0058,0.0058,2.9812,0.0063,-0.0052,3.1416,2.5078,-0.0494,-0.0437,-9.9746,-0.0007,0.0036,-0.0078,-0.0404,-0.1056,-10.0813,0.0009,-0.0111,-0.0063,-0.7129,1.0090,-10.2708,0.0167,0.0207,-0.0147,-1.0453,3.1284,-9.4835,0.0333,0.0288,-0.0322,2.5078,0.0264,-0.0242,0.0180,331.3521,372.1451,294.3190,410.2993,-0.897248,0.576941,-0.092406,-0.004295,0.009848,-0.000102,0.000000,0.000000,0.000000,0.000000,0.000000,0.000000,-0.897911,0.578804,-0.093973,1.0000,1.0000,1.0000,1.660,4.810,0.340,5.000,3.000,8.000,1.500,0.060,0.110,21838889,993610601,21838130,150,1055,1506,1505,1505,1000,1000,2008,1505,1505,1105,2008,1625,1256,1000,1000
-0.0050,0.0072,-0.5663,-0.0058,0.0058,2.9811,0.0063,-0.0052,3.1416,2.5078,0.1174,0.0511,-9.6343,0.0001,0.0096,-0.0073,0.1237,0.1309,-9.6650,0.0034,0.0039,-0.0040,0.2567,-0.5473,-9.3993,-0.0193,-0.0204,0.0088,0.2369,-0.0896,-9.8354,-0.0072,-0.0117,0.0178,2.5078,0.0254,-0.0282,0.0189,325.8268,371.3965,296.1544,414.0647,-0.897281,0.577030,-0.092413,-0.003187,0.010619,-0.000641,0.000000,0.000000,0.000000,0.000000,0.000000,0.000000,-0.897911,0.578804,-0.093973,1.0000,1.0000,1.0000,1.660,4.810,0.340,5.000,3.000,8.000,1.500,0.060,0.110,21849389,993610601,21847130,150,1055,1506,1505,1505,1000,1000,2008,1505,1505,1105,2008,1625,1256,1000,1000
-0.0053,0.0077,-0.5663,-0.0057,0.0066,2.9813,0.0063,-0.0052,3.1416,2.5078,0.0662,0.2097,-9.9022,-0.0008,-0.0037,0.0040,0.0967,0.0778,-9.9495,0.0044,-0.0077,0.0070,-0.4424,-0.1331,-9.9213,-0.0023,0.0025,-0.0128,0.0555,0.0361,-9.9719,-0.0075,-0.0064,-0.0115,2.5078,0.0251,-0.0244,0.0171,332.3755,370.9324,298.1672,407.7836,-0.896059,0.576690,-0.091640,0.000039,0.008333,0.002620,0.000000,0.000000,0.000000,0.000000,0.000000,0.000000,-0.895090,0.576306,-0.090618,1.0000,1.0000,1.0000,1.660,4.810,0.340,5.000,3.000,8.000,1.500,0.060,0.110,21859438,993710670,21859179,151,1055,1506,1505,1505,1000,1000,2008,1505,1505,1105,2008,1625,1256,1000,1000
-0.0052,0.0070,-0.5664,-0.0056,0.0066,2.9812,0.0063,-0.0052,3.1416,2.5078,-0.0931,-0.1265,-9.6780,-0.0014,0.0107,-0.0137,-0.0256,-0.0600,-9.7184,0.0033,0.0020,-0.0108,0.3980,1.3202,-10.1200,0.0055,0.0001,-0.0059,-0.0020,-2.0236,-9.1943,0.0144,-0.0043,-0.0061,2.5078,0.0248,-0.0285,0.0190,324.9680,371.7393,296.4445,414.2243,-0.896050,0.576764,-0.091622,0.002140,0.008552,0.001529,0.000000,0.000000,0.000000,0.000000,0.000000,0.000000,-0.895090,0.576306,-0.090618,1.0000,1.0000,1.0000,1.660,4.810,0.340,5.000,3.000,8.000,1.500,0.060,0.110,21869938,993710670,21868179,151,1055,1506,1505,1505,1000,1000,2008,1505,1505,1105,2008,1625,1256,1000,1000
-0.0051,0.0075,-0.5664,-0.0057,0.0066,2.9812,0.0063,-0.0052,3.1416,2.5078,0.2443,0.1880,-9.7205,-0.0022,-0.0055,0.0028,0.1636,0.2383,-9.8704,0.0044,-0.0103,0.0037,-0.3610,0.4391,-9.8135,-0.0001,0.0113,-0.0021,1.2874,-0.8510,-9.8300,0.0053,0.0043,-0.0027,2.5078,0.0260,-0.0256,0.0176,330.9171,370.5636,297.0901,410.0846,-0.896029,0.576871,-0.091588,0.000674,0.008729,0.004041,0.000000,0.000000,0.000000,0.000000,0.000000,0.000000,-0.895090,0.576306,-0.090618,1.0000,1.0000,1.0000,1.660,4.810,0.340,5.000,3.000,8.000,1.500,0.060,0.110,21880438,993710670,21880179,151,1055,1506,1505,1505,1000,1000,2008,1505,1505,1105,2008,1625,1256,1000,1000
-0.0054,0.0071,-0.5665,-0.0057,0.0066,2.9811,0.0063,-0.0052,3.1416,2.5078,-0.1611,-0.0827,-9.9111,-0.0002,0.0112,-0.0116,-0.1797,-0.1516,-9.8790,0.0037,0.0021,-0.0074,0.0460,0.4918,-9.6196,0.0017,0.0145,-0.0123,0.3733,-2.5946,-9.3308,0.0208,0.0162,0.0061,2.5078,0.0255,-0.0270,0.0185,327.5313,371.6227,295.9627,412.6516,-0.896021,0.576946,-0.091558,0.001704,0.008289,0.002507,0.000000,0.000000,0.000000,0.000000,0.000000,0.000000,-0.895090,0.576306,-0.090618,1.0000,1.0000,1.0000,1.660,4.810,0.340,5.000,3.000,8.000,1.500,0.060,0.110,21890938,993710670,21889179,151,1055,1506,1505,1505,1000,1000,2008,1505,1505,1105,2008,1625,1256,1000,1000
-0.0050,0.0075,-0.5665,-0.0057,0.0066,2.9811,0.0063,-0.0052,3.1416,2.5078,0.3767,0.1656,-9.6057,-0.0008,0.0015,0.0025,0.3216,0.1742,-9.6757,0.0035,-0.0023,0.0024,-0.5812,0.2667,-10.0865,-0.0095,-0.0164,0.0008,0.4972,0.0828,-10.9003,-0.0080,-0.0314,0.0186,2.5078,0.0261,-0.0273,0.0181,328.5737,370.2007,297.1836,412.2234,-0.896000,0.577054,-0.091520,0.000663,0.009280,0.004321,0.000000,0.000000,0.000000,0.000000,0.000000,0.000000,-0.895090,0.576306,-0.090618,1.0000,1.0000,1.0000,1.660,4.810,0.340,5.000,3.000,8.000,1.500,0.060,0.110,21901438,993710670,21901179,151,1055,1506,1505,1505,1000,1000,2008,1505,1505,1105,2008,1625,1256,1000,1000
-0.0055,0.0076,-0.5666,-0.0057,0.0066,2.9810,0.0063,-0.0052,3.1416,2.5078,-0.1614,-0.0899,-10.0411,-0.0020,0.0048,-0.0116,-0.1053,-0.2347,-9.9493,0.0012,-0.0014,-0.0049,-1.6395,-0.1091,-8.9827,0.0009,0.0217,-0.0085,-0.5245,-0.3230,-9.7277,-0.0013,0.0024,-0.0091,2.5078,0.0253,-0.0258,0.0179,329.5568,371.4547,296.7497,410.6200,-0.895997,0.577135,-0.091485,0.000415,0.008816,0.002987,0.000000,0.000000,0.000000,0.000000,0.000000,0.000000,-0.895090,0.576306,-0.090618,1.0000,1.0000,1.0000,1.660,4.810,0.340,5.000,3.000,8.000,1.500,0.060,0.110,21911938,993710670,21910179,151,1055,1506,1505,1505,1000,1000,2008,1505,1505,1105,2008,1625,1256,1000,1000
-0.0048,0.0074,-0.5667,-0.0057,0.0066,2.9809,0.0063,-0.0052,3.1416,2.5078,0.2043,0.0263,-9.4598,-0.0004,0.0029,-0.0033,0.2746,0.0140,-9.5453,-0.0003,0.0021,0.0017,0.9391,0.1901,-10.2038,0.0161,-0.0103,-0.0024,-0.0379,0.4132,-9.9503,0.0130,-0.0280,-0.0077,2.5078,0.0255,-0.0268,0.0180,328.7548,370.8065,297.2876,411.4587,-0.895979,0.577251,-0.091448,0.001433,0.010222,0.004301,0.000000,0.000000,0.000000,0.000000,0.000000,0.000000,-0.895090,0.576306,-0.090618,1.0000,1.0000,1.0000,1.660,4.810,0.340,5.000,3.000,8.000,1.500,0.060,0.110,21922438,993710670,21922179,151,1055,1506,1505,1505,1000,1000,2008,1505,1505,1105,2008,1625,1256,1000,1000
-0.0054,0.0076,-0.5667,-0.0057,0.0066,2.9809,0.0063,-0.0052,3.1416,2.5078,-0.0123,0.1226,-10.0815,0.0020,0.0030,-0.0058,-0.1130,0.1240,-10.1387,0.0061,-0.0018,-0.0051,-1.4838,0.3482,-9.3227,-0.0153,0.0047,-0.0051,0.3356,-1.2388,-9.5912,-0.0306,0.0037,0.0029,2.5078,0.0247,-0.0266,0.0182,327.9672,371.7701,297.0402,411.3964,-0.895974,0.577340,-0.091406,0.000366,0.009524,0.004314,0.000000,0.000000,0.000000,0.000000,0.000000,0.000000,-0.895090,0.576306,-0.090618,1.0000,1.0000,1.0000,1.660,4.810,0.340,5.000,3.000,8.000,1.500,0.060,0.110,21932938,993710670,21931179,151,1055,1506,1505,1505,1000,1000,2008,1505,1505,1105,2008,1625,1256,1000,1000
-0.0051,0.0070,-0.5667,-0.0057,0.0067,2.9809,0.0063,-0.0052,3.1416,2.5078,0.0400,-0.0165,-9.6048,-0.0024,0.0080,-0.0012,0.0196,-0.0207,-9.5473,0.0031,0.0020,0.0004,0.9056,0.1231,-9.7417,0.0015,0.0113,-0.0016,1.3628,-0.3697,-9.4691,-0.0091,0.0080,0.0075,2.5078,0.0257,-0.0290,0.0179,327.3085,368.9382,299.3017,412.8289,-0.895953,0.577456,-0.091363,0.002522,0.010074,0.003990,0.000000,0.000000,0.000000,0.000000,0.000000,0.000000,-0.895090,0.576306,-0.090618,1.0000,1.0000,1.0000,1.660,4.810,0.340,5.000,3.000,8.000,1.500,0.060,0.110,21943438,993710670,21943179,151,1055,1506,1505,1505,1000,1000,2008,1505,1505,1105,2008,1625,1256,1000,1000
-0.0053,0.0077,-0.5668,-0.0057,0.0066,2.9808,0.0063,-0.0052,3.1416,2.5078,0.1376,0.0814,-9.8803,-0.0013,0.0002,-0.0067,0.0569,0.1033,-9.9620,-0.0023,-0.0105,-0.0043,0.1274,0.5900,-10.2588,0.0108,-0.0036,-0.0088,-1.2302,0.0613,-9.5930,0.0096,-0.0152,0.0099,2.5078,0.0265,-0.0250,0.0182,330.4779,371.8811,294.4814,411.1265,-0.895939,0.577547,-0.091320,0.000699,0.009921,0.005079,0.000000,0.000000,0.000000,0.000000,0.000000,0.000000,-0.895090,0.576306,-0.090618,1.0000,1.0000,1.0000,1.660,4.810,0.340,5.000,3.000,8.000,1.500,0.060,0.110,21953938,993710670,21952179,151,1055,1506,1505,1505,1000,1000,2008,1505,1505,1105,2008,1625,1256,1000,1000
-0.0052,0.0072,-0.5668,-0.0056,0.0067,2.9808,0.0063,-0.0052,3.1416,2.5078,-0.0438,0.0081,-9.7486,0.0021,0.0085,-0.0037,-0.0511,0.0417,-9.7735,0.0066,0.0094,-0.0036,-0.0114,-1.1746,-9.5621,-0.0188,0.0271,0.0019,0.6912,-0.0680,-9.7366,-0.0365,0.0075,-0.0040,2.5078,0.0251,-0.0302,0.0182,325.3670,369.0150,299.8909,413.8661,-0.895921,0.577666,-0.091268,0.002586,0.010191,0.004231,0.000000,0.000000,0.000000,0.000000,0.000000,0.000000,-0.895090,0.576306,-0.090618,1.0000,1.0000,1.0000,1.660,4.810,0.340,5.000,3.000,8.000,1.500,0.060,0.110,21964438,993710670,21964179,151,1055,1506,1505,1505,1000,1000,2008,1505,1505,1105,2008,1625,1256,1000,1000
-0.0053,0.0077,-0.5669,-0.0056,0.0067,2.9807,0.0063,-0.0052,3.1416,2.5078,0.2792,0.1148,-9.7543,0.0004,-0.0018,-0.0077,0.2145,0.0541,-9.7125,0.0009,-0.0064,-0.0074,0.2543,0.1111,-9.3395,-0.0009,-0.0116,-0.0131,-2.4980,0.8478,-10.0904,0.0205,-0.0101,-0.0021,2.5078,0.0255,-0.0254,0.0184,329.1687,372.3838,295.0266,411.3307,-0.895905,0.577759,-0.091222,0.000770,0.010213,0.005578,0.000000,0.000000,0.000000,0.000000,0.000000,0.000000,-0.895090,0.576306,-0.090618,1.0000,1.0000,1.0000,1.660,4.810,0.340,5.000,3.000,8.000,1.500,0.060,0.110,21974938,993710670,21973179,151,1055,1506,1505,1505,1000,1000,2008,1505,1505,1105,2008,1625,1256,1000,1000
-0.0053,0.0073,-0.5669,-0.0056,0.0067,2.9807,0.0063,-0.0052,3.1416,2.5078,-0.1204,0.0125,-9.7806,-0.0018,0.0111,0.0012,-0.1778,-0.0515,-9.8931,0.0018,0.0094,0.0046,-0.2389,-0.6670,-9.1767,0.0004,0.0097,-0.0029,0.6481,0.7760,-9.3129,0.0027,-0.0107,0.0027,2.5078,0.0256,-0.0290,0.0178,327.5261,368.8110,299.6522,412.5155,-0.895893,0.577881,-0.091159,0.001883,0.010134,0.005012,0.000000,0.000000,0.000000,0.000000,0.000000,0.000000,-0.895090,0.576306,-0.090618,1.0000,1.0000,1.0000,1.660,4.810,0.340,5.000,3.000,8.000,1.500,0.060,0.110,21985438,993710670,21985180,151,1055,1506,1505,1505,1000,1000,2008,1505,1505,1105,2008,1625,1256,1000,1000
-0.0051,0.0077,-0.5670,-0.0042,0.0069,2.9806,0.0063,-0.0052,3.1416,2.5078,0.2927,-0.0065,-9.7285,-0.0015,0.0013,-0.0122,0.3359,-0.1753,-9.8026,0.0049,-0.0029,-0.0131,0.0101,1.3705,-9.7992,0.0076,-0.0145,-0.0080,0.1148,-0.6840,-10.1371,-0.0053,-0.0138,0.0138,2.5078,0.0238,-0.0284,0.0184,325.6417,371.3124,298.5988,412.5273,-0.895988,0.575487,-0.090986,0.000532,0.001567,0.006717,0.000000,0.000000,0.000000,0.000000,0.000000,0.000000,-0.896059,0.573933,-0.090862,1.0000,1.0000,1.0000,1.660,4.810,0.340,5.000,3.000,8.000,1.500,0.060,0.110,21995482,993843595,21994223,152,1055,1506,1505,1505,1000,1000,2008,1505,1505,1105,2008,1625,1256,1000,1000
-0.0053,0.0076,-0.5671,-0.0042,0.0069,2.9805,0.0063,-0.0052,3.1416,2.5078,-0.1726,0.1486,-9.8769,-0.0001,0.0108,0.0023,-0.2600,0.0960,-9.8960,0.0050,0.0035,0.0012,-0.1886,0.2596,-10.0793,-0.0081,0.0217,0.0088,0.2907,-0.1919,-9.8103,-0.0173,0.0344,0.0178,2.5078,0.0237,-0.0281,0.0184,325.8878,371.4174,298.6639,412.1912,-0.895986,0.575500,-0.090927,0.000444,0.001294,0.006145,0.000000,0.000000,0.000000,0.000000,0.000000,0.000000,-0.896059,0.573933,-0.090862,1.0000,1.0000,1.0000,1.660,4.810,0.340,5.000,3.000,8.000,1.500,0.060,0.110,22005982,993843595,22003223,152,1055,1506,1505,1505,1000,1000,2008,1505,1505,1105,2008,1625,1256,1000,1000
-0.0053,0.0075,-0.5670,-0.0042,0.0070,2.9805,0.0063,-0.0052,3.1416,2.5078,0.3011,-0.0218,-9.6584,-0.0011,0.0037,-0.0090,0.2590,-0.0298,-9.7429,0.0026,-0.0026,-0.0029,-0.0354,0.0704,-10.0338,-0.0041,-0.0105,-0.0195,-0.0343,-0.2422,-10.1838,-0.0027,-0.0157,-0.0210,2.5078,0.0234,-0.0300,0.0175,325.9244,368.6880,302.8966,411.5234,-0.895973,0.575511,-0.090852,0.000856,0.000930,0.006812,0.000000,0.000000,0.000000,0.000000,0.000000,0.000000,-0.896059,0.573933,-0.090862,1.0000,1.0000,1.0000,1.660,4.810,0.340,5.000,3.000,8.000,1.500,0.060,0.110,22016482,993843595,22015223,152,1055,1506,1505,1505,1000,1000,2008,1505,1505,1105,2008,1625,1256,1000,1000
-0.0052,0.0078,-0.5672,-0.0042,0.0069,2.9804,0.0063,-0.0052,3.1416,2.5078,-0.1384,0.0633,-9.8522,-0.0007,0.0046,-0.0009,-0.1823,0.1559,-9.9523,0.0032,-0.0026,0.0026,-0.0497,1.1215,-9.4233,0.0049,0.0081,0.0088,1.0701,-0.5690,-9.9108,0.0157,-0.0053,0.0234,2.5078,0.0235,-0.0269,0.0191,325.1758,373.8535,295.5129,412.8217,-0.895970,0.575522,-0.090789,0.000178,0.001310,0.006919,0.000000,0.000000,0.000000,0.000000,0.000000,0.000000,-0.896059,0.573933,-0.090862,1.0000,1.0000,1.0000,1.660,4.810,0.340,5.000,3.000,8.000,1.500,0.060,0.110,22026982,993843595,22024223,152,1055,1506,1505,1505,1000,1000,2008,1505,1505,1105,2008,1625,1256,1000,1000
-0.0051,0.0075,-0.5671,-0.0042,0.0069,2.9804,0.0063,-0.0052,3.1416,2.5078,0.1681,0.0342,-9.6470,-0.0000,0.0031,-0.0046,0.1504,0.0121,-9.7361,0.0035,-0.0011,-0.0022,0.4914,-0.4994,-10.6682,-0.0055,-0.0097,-0.0189,0.1974,0.6108,-10.5465,0.0149,0.0003,-0.0264,2.5078,0.0244,-0.0287,0.0169,328.9228,367.8927,302.8963,409.8464,-0.895958,0.575533,-0.090706,0.001116,0.001022,0.007469,0.000000,0.000000,0.000000,0.000000,0.000000,0.000000,-0.896059,0.573933,-0.090862,1.0000,1.0000,1.0000,1.660,4.810,0.340,5.000,3.000,8.000,1.500,0.060,0.110,22037015,993843595,22036256,152,1055,1506,1505,1505,1000,1000,2008,1505,1505,1105,2008,1625,1256,1000,1000
-0.0049,0.0079,-0.5673,-0.0042,0.0069,2.9803,0.0063,-0.0052,3.1416,3.2373,-0.0006,0.0199,-9.8621,-0.0009,0.0027,-0.0084,-0.0364,0.0703,-9.8736,0.0028,-0.0048,-0.0108,0.6590,0.7815,-9.3251,-0.0012,0.0228,0.0109,0.4308,0.0738,-9.4242,0.0104,0.0088,0.0189,3.2373,0.0239,-0.0279,0.0186,381.9460,422.0920,349.3000,451.2228,-0.895952,0.575547,-0.090636,0.000397,0.001681,0.007810,0.000000,0.000000,0.000000,0.000000,0.000000,0.000000,-0.896059,0.573933,-0.090862,1.0000,1.0000,1.0000,1.660,4.810,0.340,5.000,3.000,8.000,1.500,0.060,0.110,22047515,993843595,22045256,152,1071,1506,1505,1505,1000,1000,2008,1505,1505,1105,2008,1625,1256,1000,1000
-0.0051,0.0075,-0.5672,-0.0042,0.0070,2.9804,0.0063,-0.0052,3.1416,3.4197,0.1492,0.0384,-9.6946,-0.0013,0.0082,0.0069,0.1627,-0.0549,-9.7372,-0.0019,0.0031,0.0127,0.0700,0.9826,-10.0482,0.0033,-0.0265,-0.0203,1.4526,-2.2498,-10.4998,0.0226,-0.0146,-0.0088,3.4197,0.0242,-0.0302,0.0169,396.3933,429.4232,366.5149,458.6854,-0.895943,0.575565,-0.090541,0.000807,0.001309,0.008190,0.000000,0.000000,0.000000,0.000000,0.000000,0.000000,-0.896059,0.573933,-0.090862,1.0000,1.0000,1.0000,1.660,4.810,0.340,5.000,3.000,8.000,1.500,0.060,0.110,22058015,993843595,22057256,152,1075,1506,1505,1505,1000,1000,2008,1505,1505,1105,2008,1625,1256,1000,1000
-0.0047,0.0080,-0.5673,-0.0042,0.0069,2.9802,0.0063,-0.0052,3.1416,3.5109,-0.0159,0.0619,-9.8236,-0.0005,0.0012,-0.0191,-0.0333,0.0377,-9.9137,0.0059,-0.0036,-0.0191,0.6446,-0.1091,-9.7632,-0.0063,0.0129,0.0067,-0.9465,-4.2431,-9.3649,-0.0138,-0.0072,0.0045,3.5109,0.0234,-0.0275,0.0199,398.8733,441.8862,363.8024,466.7356,-0.895939,0.575578,-0.090467,0.000180,0.001813,0.008384,0.000000,0.000000,0.000000,0.000000,0.000000,0.000000,-0.896059,0.573933,-0.090862,1.0000,1.0000,1.0000,1.660,4.810,0.340,5.000,3.000,8.000,1.500,0.060,0.110,22068515,993843595,22066256,152,1077,1506,1505,1505,1000,1000,2008,1505,1505,1105,2008,1625,1256,1000,1000
-0.0050,0.0074,-0.5673,-0.0042,0.0070,2.9802,0.0063,-0.0052,3.1416,3.9212,0.0781,0.0496,-9.7517,-0.0016,0.0047,0.0051,0.0726,0.0458,-9.8479,0.0015,0.0040,0.0089,0.9846,0.1183,-9.6340,-0.0001,0.0095,-0.0120,0.4326,-1.0036,-8.1438,-0.0024,0.0053,-0.0077,3.9212,0.0246,-0.0288,0.0171,430.2375,461.1878,394.9102,482.8623,-0.895931,0.575598,-0.090365,0.000803,0.001390,0.008726,0.000000,0.000000,0.000000,0.000000,0.000000,0.000000,-0.896059,0.573933,-0.090862,1.0000,1.0000,1.0000,1.660,4.810,0.340,5.000,3.000,8.000,1.500,0.060,0.110,22079015,993843595,22078256,152,1086,1506,1505,1505,1000,1000,2008,1505,1505,1105,2008,1625,1256,1000,1000
-0.0054,0.0077,-0.5675,-0.0035,0.0071,2.9801,0.0063,-0.0052,3.1416,4.0124,0.1063,0.0846,-9.6994,0.0004,0.0089,-0.0162,0.1002,0.0404,-9.8126,0.0036,0.0028,-0.0141,-1.0912,-0.6574,-10.5294,0.0055,-0.0036,0.0059,-0.0558,-1.0144,-11.1481,0.0112,-0.0154,-0.0168,4.0124,0.0226,-0.0299,0.0196,430.4499,470.4530,396.5925,491.2330,-0.895900,0.574441,-0.090515,0.000466,-0.003361,0.008651,0.000000,0.000000,0.000000,0.000000,0.000000,0.000000,-0.895879,0.573525,-0.090835,1.0000,1.0000,1.0000,1.660,4.810,0.340,5.000,3.000,8.000,1.500,0.060,0.110,22089068,993944943,22087260,153,1088,1506,1505,1505,1000,1000,2008,1505,1505,1105,2008,1625,1256,1000,1000
-0.0052,0.0075,-0.5674,-0.0035,0.0071,2.9802,0.0063,-0.0052,3.1416,4.4684,0.0596,0.0257,-9.7821,-0.0028,-0.0001,0.0100,-0.0337,0.0861,-9.8260,0.0009,0.0020,0.0113,0.1586,0.4583,-9.4831,0.0001,0.0244,-0.0096,2.2768,-0.0070,-9.8282,0.0069,0.0330,0.0083,4.4684,0.0229,-0.0296,0.0164,463.5402,491.8178,428.0781,506.6602,-0.895891,0.574400,-0.090409,0.000797,-0.003343,0.009066,0.000000,0.000000,0.000000,0.000000,0.000000,0.000000,-0.895879,0.573525,-0.090835,1.0000,1.0000,1.0000,1.660,4.810,0.340,5.000,3.000,8.000,1.500,0.060,0.110,22099568,993944943,22099320,153,1098,1506,1505,1505,1000,1000,2008,1505,1505,1105,2008,1625,1256,1000,1000
-0.0052,0.0074,-0.5675,-0.0035,0.0071,2.9800,0.0063,-0.0052,3.1416,4.6052,0.0824,-0.0115,-9.7656,0.0027,-0.0004,-0.0220,-0.0262,0.0153,-9.7947,0.0070,0.0027,-0.0212,-0.4759,-0.5784,-10.0769,-0.0092,-0.0180,-0.0008,-0.8208,1.2842,-10.1371,-0.0176,-0.0320,0.0008,4.6052,0.0231,-0.0270,0.0203,467.2643,506.0033,426.0160,517.9721,-0.895887,0.574371,-0.090324,0.000584,-0.003371,0.009367,0.000000,0.000000,0.000000,0.000000,0.000000,0.000000,-0.895879,0.573525,-0.090835,1.0000,1.0000,1.0000,1.660,4.810,0.340,5.000,3.000,8.000,1.500,0.060,0.110,22110068,993944943,22108309,153,1101,1506,1505,1505,1000,1000,2008,1505,1505,1105,2008,1625,1256,1000,1000
-0.0048,0.0075,-0.5676,-0.0035,0.0071,2.9800,0.0063,-0.0052,3.1416,4.6964,0.0930,0.0616,-9.7387,-0.0018,0.0028,0.0034,0.0289,0.0199,-9.8855,0.0012,-0.0026,0.0100,0.1729,0.3074,-8.4704,0.0140,0.0068,-0.0184,1.2676,0.4132,-8.9555,0.0154,0.0040,-0.0360,4.6964,0.0223,-0.0292,0.0170,475.8623,505.5388,439.0085,517.4140,-0.895877,0.574335,-0.090211,0.000799,-0.002920,0.009822,0.000000,0.000000,0.000000,0.000000,0.000000,0.000000,-0.895879,0.573525,-0.090835,1.0000,1.0000,1.0000,1.660,4.810,0.340,5.000,3.000,8.000,1.500,0.060,0.110,22120568,993944943,22120309,153,1103,1506,1505,1505,1000,1000,2008,1505,1505,1105,2008,1625,1256,1000,1000
-0.0051,0.0074,-0.5677,-0.0035,0.0071,2.9799,0.0063,-0.0052,3.1416,4.6964,0.0744,-0.0109,-9.9429,0.0012,0.0017,-0.0050,0.0017,0.0162,-10.0001,0.0059,-0.0024,-0.0029,0.0772,0.2787,-8.9540,-0.0068,-0.0156,0.0187,-0.7454,0.6539,-8.7185,-0.0024,-0.0229,0.0096,4.6964,0.0222,-0.0276,0.0193,473.4214,509.5687,433.5655,520.2817,-0.895872,0.574305,-0.090119,0.000721,-0.003545,0.010291,0.000000,0.000000,0.000000,0.000000,0.000000,0.000000,-0.895879,0.573525,-0.090835,1.0000,1.0000,1.0000,1.660,4.810,0.340,5.000,3.000,8.000,1.500,0.060,0.110,22131068,993944943,22129309,153,1103,1506,1505,1505,1000,1000,2008,1505,1505,1105,2008,1625,1256,1000,1000
-0.0050,0.0073,-0.5676,-0.0035,0.0071,2.9799,0.0063,-0.0052,3.1416,4.6964,-0.1017,0.2099,-9.6556,0.0002,0.0045,-0.0068,-0.1408,0.2339,-9.7481,0.0014,-0.0012,-0.0004,1.9255,-0.9998,-10.3738,-0.0033,0.0311,-0.0173,1.9679,1.0920,-11.1517,-0.0123,0.0162,-0.0349,4.6964,0.0238,-0.0308,0.0169,475.8364,503.9771,439.4906,518.5508,-0.895862,0.574264,-0.089992,0.001127,-0.003936,0.011174,0.000000,0.000000,0.000000,0.000000,0.000000,0.000000,-0.895879,0.573525,-0.090835,1.0000,1.0000,1.0000,1.660,4.810,0.340,5.000,3.000,8.000,1.500,0.060,0.110,22141568,993944943,22141309,153,1103,1506,1505,1505,1000,1000,2008,1505,1505,1105,2008,1625,1256,1000,1000
-0.0049,0.0071,-0.5677,-0.0034,0.0071,2.9798,0.0063,-0.0052,3.1416,4.6964,0.0957,-0.0483,-9.7645,-0.0026,-0.0009,0.0003,-0.0004,-0.1574,-9.9595,0.0051,-0.0050,-0.0015,-0.1910,1.4423,-10.8885,0.0028,0.0223,0.0029,0.0196,-1.6608,-9.6289,-0.0112,-0.0051,0.0013,4.6964,0.0224,-0.0277,0.0194,473.2927,509.5749,433.3699,520.5556,-0.895850,0.574226,-0.089892,0.001299,-0.003964,0.011332,0.000000,0.000000,0.000000,0.000000,0.000000,0.000000,-0.895879,0.573525,-0.090835,1.0000,1.0000,1.0000,1.660,4.810,0.340,5.000,3.000,8.000,1.500,0.060,0.110,22152068,993944943,22150309,153,1104,1506,1505,1505,1000,1000,2008,1505,1505,1105,2008,1625,1256,1000,1000
-0.0054,0.0070,-0.5678,-0.0035,0.0071,2.9798,0.0063,-0.0052,3.1416,4.7420,-0.0078,0.1662,-9.7104,-0.0004,0.0088,-0.0115,0.0169,0.1903,-9.8436,0.0008,0.0024,-0.0076,1.1043,-1.1458,-11.1447,0.0017,0.0033,-0.0045,-0.0469,-1.3430,-9.9090,0.0019,0.0093,-0.0120,4.7420,0.0230,-0.0310,0.0190,474.9571,509.4407,438.3511,523.7791,-0.895835,0.574174,-0.089754,0.001505,-0.005093,0.011822,0.000000,0.000000,0.000000,0.000000,0.000000,0.000000,-0.895879,0.573525,-0.090835,1.0000,1.0000,1.0000,1.660,4.810,0.340,5.000,3.000,8.000,1.500,0.060,0.110,22162568,993944943,22162309,153,1104,1506,1505,1505,1000,1000,2008,1505,1505,1105,2008,1625,1255,1000,1000
-0.0050,0.0074,-0.5678,-0.0035,0.0071,2.9798,0.0063,-0.0052,3.1416,4.7420,0.1015,0.0838,-9.7963,-0.0003,0.0021,0.0056,0.0996,0.1100,-9.8110,0.0016,-0.0031,0.0122,0.2903,1.9762,-10.3091,-0.0289,0.0244,-0.0141,-1.0722,0.8945,-9.5984,-0.0181,0.0218,0.0045,4.7420,0.0230,-0.0289,0.0172,478.7087,508.0991,440.5579,519.8002,-0.895822,0.574136,-0.089649,0.001076,-0.003751,0.011614,0.000000,0.000000,0.000000,0.000000,0.000000,0.000000,-0.895879,0.573525,-0.090835,1.0000,1.0000,1.0000,1.660,4.810,0.340,5.000,3.000,8.000,1.500,0.060,0.110,22173068,993944943,22171309,153,1104,1506,1505,1505,1000,1000,2008,1505,1505,1105,2008,1625,1255,1000,1000
-0.0049,0.0071,-0.5679,-0.0035,0.0071,2.9797,0.0063,-0.0052,3.1416,4.7420,0.0745,-0.2690,-9.6995,-0.0006,0.0011,-0.0083,0.1828,-0.2352,-9.8146,0.0031,-0.0008,-0.0113,1.1330,1.5716,-10.6491,-0.0417,0.0004,0.0200,0.7792,0.8209,-10.4603,-0.0317,-0.0117,-0.0003,4.7420,0.0233,-0.0290,0.0190,476.1296,510.4643,436.9225,522.9111,-0.895806,0.574084,-0.089510,0.001767,-0.003547,0.011760,0.000000,0.000000,0.000000,0.000000,0.000000,0.000000,-0.895879,0.573525,-0.090835,1.0000,1.0000,1.0000,1.660,4.810,0.340,5.000,3.000,8.000,1.500,0.060,0.110,22183568,993944943,22183309,153,1104,1506,1505,1505,1000,1000,2008,1505,1505,1105,2008,1625,1256,1000,1000
-0.0053,0.0073,-0.5679,-0.0035,0.0071,2.9797,0.0063,-0.0052,3.1416,5.4259,-0.1494,0.1305,-9.6090,0.0017,0.0033,-0.0114,-0.0842,0.1989,-9.6768,0.0032,-0.0049,-0.0037,1.7148,-1.1075,-12.4160,-0.0095,0.0044,-0.0272,-0.2408,0.0828,-13.7339,0.0019,0.0069,-0.0301,5.4259,0.0235,-0.0293,0.0182,514.8600,544.5108,473.0058,550.9578,-0.895793,0.574048,-0.089402,0.001559,-0.005165,0.012078,0.000000,0.000000,0.000000,0.000000,0.000000,0.000000,-0.895879,0.573525,-0.090835,1.0000,1.0000,1.0000,1.660,4.810,0.340,5.000,3.000,8.000,1.500,0.060,0.110,22194068,993944943,22192309,153,1123,1506,1505,1505,1000,1000,2008,1505,1505,1105,2008,1625,1256,1000,1000
-0.0050,0.0072,-0.5680,-0.0035,0.0071,2.9795,0.0063,-0.0052,3.1416,5.6083,0.1393,0.2466,-9.6271,-0.0022,0.0021,0.0002,0.1323,0.3582,-9.6389,0.0026,-0.0015,0.0041,0.8649,0.2572,-11.3578,0.0140,0.0180,0.0059,0.2907,3.0009,-11.6365,0.0115,0.0112,0.0093,5.6083,0.0245,-0.0309,0.0184,523.7516,552.7258,481.7753,559.9403,-0.895767,0.573994,-0.089256,0.001930,-0.004265,0.012601,0.000000,0.000000,0.000000,0.000000,0.000000,0.000000,-0.895879,0.573525,-0.090835,1.0000,1.0000,1.0000,1.660,4.810,0.340,5.000,3.000,8.000,1.500,0.060,0.110,22204568,993944943,22204309,153,1134,1506,1505,1505,1000,1000,2008,1505,1505,1105,2008,1625,1256,1000,1000
-0.0051,0.0069,-0.5681,-0.0035,0.0071,2.9795,0.0063,-0.0052,3.1416,6.2466,-0.0965,-0.2156,-9.7440,-0.0031,0.0088,-0.0134,-0.1360,-0.0537,-9.7428,0.0005,0.0021,-0.0156,1.6980,-0.8849,-9.7656,-0.0007,0.0313,0.0131,0.6589,1.9109,-9.3991,0.0093,0.0264,0.0040,6.2466,0.0232,-0.0301,0.0193,554.7435,585.3282,509.7527,585.9744,-0.895747,0.573948,-0.089143,0.003172,-0.004868,0.012789,0.000000,0.000000,0.000000,0.000000,0.000000,0.000000,-0.895879,0.573525,-0.090835,1.0000,1.0000,1.0000,1.660,4.810,0.340,5.000,3.000,8.000,1.500,0.060,0.110,22215068,993944943,22213310,153,1137,1506,1505,1505,1000,1000,2008,1505,1505,1105,2008,1625,1256,1000,1000
-0.0055,0.0073,-0.5681,-0.0026,0.0076,2.9795,0.0063,-0.0052,3.1416,6.2922,-0.1105,0.2462,-9.8076,0.0059,0.0019,-0.0001,-0.0080,0.1360,-9.7719,0.0051,-0.0023,0.0100,0.3094,-2.9439,-8.8415,-0.0270,0.0047,-0.0282,-1.6091,0.4958,-10.0868,-0.0045,-0.0048,-0.0293,6.2922,0.0216,-0.0298,0.0170,559.4001,585.4897,515.9492,583.7666,-0.895223,0.572356,-0.089382,0.003671,-0.011768,0.012405,0.000000,0.000000,0.000000,0.000000,0.000000,0.000000,-0.894915,0.571402,-0.089860,1.0000,1.0000,1.0000,1.660,4.810,0.340,5.000,3.000,8.000,1.500,0.060,0.110,22225115,994076626,22222356,154,1138,1506,1505,1505,1000,1000,2008,1505,1505,1105,2008,1625,1256,1000,1000
-0.0052,0.0069,-0.5681,-0.0026,0.0076,2.9794,0.0063,-0.0052,3.1416,6.2922,0.1502,0.3019,-9.8130,-0.0012,0.0023,0.0052,0.1667,0.3343,-9.7482,0.0022,-0.0030,0.0083,-0.6435,-2.3334,-8.7050,-0.0222,-0.0081,-0.0027,1.4059,4.8199,-10.2754,-0.0154,-0.0272,0.0101,6.2922,0.0237,-0.0303,0.0184,558.2778,586.0568,513.2251,586.6660,-0.895160,0.572220,-0.089232,0.005916,-0.010978,0.012513,0.000000,0.000000,0.000000,0.000000,0.000000,0.000000,-0.894915,0.571402,-0.089860,1.0000,1.0000,1.0000,1.660,4.810,0.340,5.000,3.000,8.000,1.500,0.060,0.110,22235143,994076626,22234384,154,1138,1506,1505,1505,1000,1000,2008,1505,1505,1105,2008,1625,1255,1000,1000
-0.0052,0.0066,-0.5682,-0.0026,0.0076,2.9794,0.0063,-0.0052,3.1416,6.2922,-0.0977,-0.4724,-9.7624,-0.0027,0.0064,-0.0128,0.1666,-0.7395,-9.7475,0.0028,0.0019,-0.0122,-0.0449,3.8820,-8.7218,-0.0039,-0.0166,0.0139,0.5170,4.1537,-9.9360,-0.0261,-0.0027,-0.0115,6.2922,0.0206,-0.0306,0.0189,556.3533,587.6782,513.6251,586.5222,-0.895105,0.572112,-0.089121,0.007388,-0.011579,0.012161,0.000000,0.000000,0.000000,0.000000,0.000000,0.000000,-0.894915,0.571402,-0.089860,1.0000,1.0000,1.0000,1.660,4.810,0.340,5.000,3.000,8.000,1.500,0.060,0.110,22245643,994076626,22243384,154,1138,1506,1505,1505,1000,1000,2008,1505,1505,1105,2008,1625,1255,1000,1000
-0.0055,0.0069,-0.5682,-0.0026,0.0076,2.9793,0.0063,-0.0052,3.1416,6.2922,-0.0834,-0.0904,-9.7472,0.0045,0.0021,-0.0058,-0.3124,-0.1620,-9.6400,0.0087,-0.0058,0.0018,-0.4017,-0.6071,-8.8367,-0.0150,-0.0121,-0.0144,-1.9449,-1.3196,-11.8879,-0.0021,-0.0168,-0.0152,6.2922,0.0220,-0.0284,0.0177,559.4640,586.6994,514.0826,584.1373,-0.895022,0.571973,-0.088965,0.006321,-0.012409,0.013416,0.000000,0.000000,0.000000,0.000000,0.000000,0.000000,-0.894915,0.571402,-0.089860,1.0000,1.0000,1.0000,1.660,4.810,0.340,5.000,3.000,8.000,1.500,0.060,0.110,22256143,994076626,22255384,154,1138,1506,1505,1505,1000,1000,2008,1505,1505,1105,2008,1625,1255,1000,1000
-0.0053,0.0070,-0.5682,-0.0026,0.0076,2.9793,0.0063,-0.0052,3.1416,6.5658,0.2422,0.4932,-9.6282,-0.0008,-0.0024,0.0047,0.1802,0.7270,-9.6545,0.0016,-0.0043,0.0027,-0.0258,1.0999,-13.1223,0.0175,0.0316,0.0075,-1.6253,-0.8635,-10.8787,0.0282,-0.0242,0.0245,6.5658,0.0247,-0.0306,0.0183,571.8231,598.1035,525.2394,597.5184,-0.894958,0.571873,-0.088844,0.006463,-0.011209,0.013528,0.000000,0.000000,0.000000,0.000000,0.000000,0.000000,-0.894915,0.571402,-0.089860,1.0000,1.0000,1.0000,1.660,4.810,0.340,5.000,3.000,8.000,1.500,0.060,0.110,22266643,994076626,22264384,154,1146,1506,1505,1505,1000,1000,2008,1505,1505,1105,2008,1625,1255,1000,1000
-0.0051,0.0068,-0.5682,-0.0026,0.0076,2.9793,0.0063,-0.0052,3.1416,6.6570,0.1363,0.1586,-9.7722,-0.0051,0.0055,0.0013,0.4213,0.2467,-9.8917,-0.0002,0.0063,0.0008,2.2894,1.8565,-9.8111,0.0364,0.0231,0.0072,0.4721,1.5445,-8.2731,0.0426,0.0455,0.0093,6.6570,0.0212,-0.0318,0.0179,574.7970,602.4908,531.6292,599.9150,-0.894874,0.571734,-0.088679,0.007871,-0.010901,0.014032,0.000000,0.000000,0.000000,0.000000,0.000000,0.000000,-0.894915,0.571402,-0.089860,1.0000,1.0000,1.0000,1.660,4.810,0.340,5.000,3.000,8.000,1.500,0.060,0.110,22277143,994076626,22276384,154,1150,1506,1505,1505,1000,1000,2008,1505,1505,1105,2008,1625,1255,1000,1000
-0.0052,0.0067,-0.5683,-0.0026,0.0076,2.9793,0.0063,-0.0052,3.1416,6.9306,-0.1898,-0.3351,-9.8564,-0.0006,0.0106,-0.0119,-0.2779,-0.3961,-9.8486,0.0009,-0.0019,-0.0083,1.7483,0.4774,-9.2916,-0.0353,-0.0132,-0.0192,3.0077,1.0202,-9.0740,-0.0256,0.0061,-0.0157,6.9306,0.0222,-0.0332,0.0190,586.0827,615.1136,541.8292,612.6813,-0.894809,0.571625,-0.088548,0.007863,-0.011817,0.014574,0.000000,0.000000,0.000000,0.000000,0.000000,0.000000,-0.894915,0.571402,-0.089860,1.0000,1.0000,1.0000,1.660,4.810,0.340,5.000,3.000,8.000,1.500,0.060,0.110,22287643,994076626,22285384,154,1152,1506,1505,1505,1000,1000,2008,1505,1505,1105,2008,1625,1255,1000,1000
-0.0055,0.0069,-0.5684,-0.0026,0.0075,2.9791,0.0063,-0.0052,3.1416,6.9306,-0.1811,-0.0079,-9.8428,0.0045,-0.0060,-0.0100,0.0097,-0.2581,-10.0470,0.0098,-0.0158,-0.0077,-0.7895,-2.1921,-9.4735,-0.0377,0.0175,0.0053,1.3933,1.9144,-8.9968,-0.0589,0.0301,0.0069,6.9306,0.0198,-0.0269,0.0189,588.2153,618.4241,539.7924,609.0923,-0.894721,0.571478,-0.088373,0.006837,-0.013551,0.014660,0.000000,0.000000,0.000000,0.000000,0.000000,0.000000,-0.894915,0.571402,-0.089860,1.0000,1.0000,1.0000,1.660,4.810,0.340,5.000,3.000,8.000,1.500,0.060,0.110,22298143,994076626,22297384,154,1152,1506,1505,1505,1000,1000,2008,1505,1505,1105,2008,1625,1255,1000,1000
-0.0057,0.0068,-0.5685,-0.0026,0.0076,2.9791,0.0063,-0.0052,3.1416,6.9306,0.4538,0.4986,-9.8270,0.0026,-0.0039,-0.0013,0.3780,0.2913,-9.7023,0.0101,0.0060,0.0013,-1.7783,-1.2224,-7.1751,0.0353,-0.0374,0.0109,-2.0114,-1.5980,-9.2087,0.0085,-0.0610,0.0123,6.9306,0.0214,-0.0301,0.0181,588.2492,615.6454,542.0361,609.8815,-0.894658,0.571354,-0.088240,0.006202,-0.015607,0.015062,0.000000,0.000000,0.000000,0.000000,0.000000,0.000000,-0.894915,0.571402,-0.089860,1.0000,1.0000,1.0000,1.660,4.810,0.340,5.000,3.000,8.000,1.500,0.060,0.110,22308643,994076626,22306384,154,1152,1506,1505,1505,1000,1000,2008,1505,1505,1105,2008,1625,1255,1000,1000
-0.0055,0.0068,-0.5684,-0.0026,0.0075,2.9791,0.0063,-0.0052,3.1416,6.9306,0.0873,0.3049,-9.5753,-0.0080,-0.0010,-0.0012,-0.1123,0.2160,-9.7251,-0.0090,-0.0027,0.0042,1.7723,0.1231,-15.0353,0.0116,0.0553,-0.0013,3.0364,0.1331,-12.9366,-0.0008,-0.0080,-0.0099,6.9306,0.0259,-0.0332,0.0176,588.9770,612.2686,542.7357,611.9528,-0.894583,0.571174,-0.088055,0.006778,-0.014195,0.015941,0.000000,0.000000,0.000000,0.000000,0.000000,0.000000,-0.894915,0.571402,-0.089860,1.0000,1.0000,1.0000,1.660,4.810,0.340,5.000,3.000,8.000,1.500,0.060,0.110,22319143,994076626,22318387,154,1152,1506,1505,1505,1000,1000,2008,1505,1505,1105,2008,1625,1255,1000,1000
-0.0053,0.0067,-0.5684,-0.0035,0.0069,2.9792,0.0063,-0.0052,3.1416,6.9306,-0.2947,-0.2894,-9.8409,-0.0091,0.0014,-0.0009,-0.2042,-0.0386,-9.9268,0.0009,-0.0015,0.0028,4.2910,2.9387,-13.5006,-0.0039,0.0915,0.0008,-1.4349,2.5968,-6.0123,-0.0096,0.1044,-0.0128,6.9306,0.0254,-0.0283,0.0177,590.9302,614.6103,540.4476,609.7433,-0.895153,0.572719,-0.088970,0.005183,-0.006801,0.015536,0.000000,0.000000,0.000000,0.000000,0.000000,0.000000,-0.895625,0.573965,-0.090427,1.0000,1.0000,1.0000,1.660,4.810,0.340,5.000,3.000,8.000,1.500,0.060,0.110,22329187,994177730,22327428,155,1152,1506,1505,1505,1000,1000,2008,1505,1505,1105,2008,1625,1256,1000,1000
-0.0056,0.0062,-0.5685,-0.0035,0.0069,2.9792,0.0063,-0.0052,3.1416,6.9306,-0.0639,-0.1537,-10.3140,0.0006,0.0041,-0.0002,0.0892,-0.1401,-9.7189,0.0073,-0.0011,-0.0004,-2.0417,-1.1817,-1.7953,-0.0278,-0.0742,-0.0069,-0.9573,-1.9392,-10.0509,-0.0477,-0.0229,0.0176,6.9306,0.0223,-0.0258,0.0184,590.1296,617.5643,539.1364,608.6940,-0.895082,0.572626,-0.088799,0.006826,-0.007794,0.012412,0.000000,0.000000,0.000000,0.000000,0.000000,0.000000,-0.895625,0.573965,-0.090427,1.0000,1.0000,1.0000,1.660,4.810,0.340,5.000,3.000,8.000,1.500,0.060,0.110,22339687,994177730,22339428,155,1152,1506,1505,1505,1000,1000,2008,1505,1505,1105,2008,1625,1256,1000,1000
-0.0058,0.0064,-0.5685,-0.0035,0.0069,2.9791,0.0063,-0.0052,3.1416,6.9306,0.0753,0.0593,-9.5221,0.0025,-0.0029,0.0041,0.1415,-0.0590,-9.7373,0.0072,-0.0037,0.0057,0.1897,1.3130,-15.3657,0.0638,0.0716,0.0242,0.0609,1.0256,-11.3061,0.0320,0.0032,0.0075,6.9306,0.0224,-0.0290,0.0183,588.9479,615.9375,540.9363,609.8887,-0.895018,0.572555,-0.088682,0.006464,-0.008829,0.013233,0.000000,0.000000,0.000000,0.000000,0.000000,0.000000,-0.895625,0.573965,-0.090427,1.0000,1.0000,1.0000,1.660,4.810,0.340,5.000,3.000,8.000,1.500,0.060,0.110,22350187,994177730,22348428,155,1152,1506,1505,1505,1000,1000,2008,1505,1505,1105,2008,1625,1256,1000,1000
-0.0056,0.0068,-0.5685,-0.0035,0.0069,2.9792,0.0063,-0.0052,3.1416,6.9306,0.1605,0.2390,-9.7142,0.0044,0.0016,-0.0045,0.4440,0.0615,-9.9345,0.0004,-0.0032,-0.0050,1.1474,-2.0891,-10.7616,-0.0393,0.0276,0.0064,-1.5822,1.3021,-8.1474,0.0309,0.0525,0.0208,6.9306,0.0256,-0.0329,0.0177,588.9276,612.6482,542.5051,611.8248,-0.894943,0.572457,-0.088507,0.005676,-0.008222,0.015559,0.000000,0.000000,0.000000,0.000000,0.000000,0.000000,-0.895625,0.573965,-0.090427,1.0000,1.0000,1.0000,1.660,4.810,0.340,5.000,3.000,8.000,1.500,0.060,0.110,22360687,994177730,22360428,155,1152,1506,1505,1505,1000,1000,2008,1505,1505,1105,2008,1625,1255,1000,1000
-0.0056,0.0070,-0.5685,-0.0035,0.0069,2.9791,0.0063,-0.0052,3.1416,6.9306,0.2098,0.0210,-9.8744,-0.0044,0.0027,-0.0160,0.1176,0.0168,-9.9565,0.0001,0.0032,-0.0125,-2.2715,-0.4108,-6.8303,-0.0057,-0.0787,-0.0053,-2.9864,2.7153,-8.1690,-0.0514,-0.0479,0.0000,6.9306,0.0256,-0.0307,0.0187,588.8035,614.6552,539.9783,612.1666,-0.894893,0.572385,-0.088364,0.005589,-0.007985,0.016079,0.000000,0.000000,0.000000,0.000000,0.000000,0.000000,-0.895625,0.573965,-0.090427,1.0000,1.0000,1.0000,1.660,4.810,0.340,5.000,3.000,8.000,1.500,0.060,0.110,22371187,994177730,22369428,155,1152,1506,1505,1505,1000,1000,2008,1505,1505,1105,2008,1625,1255,1000,1000
-0.0062,0.0070,-0.5686,-0.0035,0.0069,2.9790,0.0063,-0.0052,3.1416,6.9306,0.0213,0.0524,-9.6730,-0.0021,0.0027,-0.0045,0.1563,-0.1067,-9.5922,0.0019,0.0077,-0.0049,0.5512,1.7942,-10.6659,0.0473,0.0374,-0.0016,-1.0812,2.7099,-15.5566,0.0639,-0.0194,0.0008,6.9306,0.0234,-0.0282,0.0181,589.8016,615.8215,540.3860,609.6686,-0.894831,0.572280,-0.088179,0.005001,-0.009785,0.015035,0.000000,0.000000,0.000000,0.000000,0.000000,0.000000,-0.895625,0.573965,-0.090427,1.0000,1.0000,1.0000,1.660,4.810,0.340,5.000,3.000,8.000,1.500,0.060,0.110,22381687,994177730,22381428,155,1152,1506,1505,1505,1000,1000,2008,1505,1505,1105,2008,1625,1256,1000,1000
-0.0062,0.0067,-0.5686,-0.0035,0.0068,2.9791,0.0063,-0.0052,3.1416,6.9306,-0.0224,0.3567,-9.8304,0.0032,0.0077,0.0072,0.0708,0.5525,-10.1377,0.0057,-0.0031,0.0127,0.0484,-2.1825,-7.7401,-0.0401,0.0233,-0.0226,0.4542,-2.8191,-3.9778,0.0104,0.0695,-0.0362,6.9306,0.0237,-0.0282,0.0174,590.6885,614.9583,541.3760,608.8023,-0.894785,0.572195,-0.088046,0.005404,-0.009943,0.015362,0.000000,0.000000,0.000000,0.000000,0.000000,0.000000,-0.895625,0.573965,-0.090427,1.0000,1.0000,1.0000,1.660,4.810,0.340,5.000,3.000,8.000,1.500,0.060,0.110,22392187,994177730,22390428,155,1152,1506,1505,1505,1000,1000,2008,1505,1505,1105,2008,1625,1256,1000,1000
-0.0062,0.0064,-0.5686,-0.0035,0.0069,2.9790,0.0063,-0.0052,3.1416,6.9306,0.0677,0.2114,-9.8122,-0.0033,0.0086,0.0011,-0.3003,0.2559,-9.4661,0.0083,0.0078,0.0005,-0.8183,-1.6223,-4.0746,-0.0182,-0.0673,-0.0192,-1.5642,2.0150,-12.5451,-0.0229,-0.0495,-0.0261,6.9306,0.0252,-0.0320,0.0178,589.1322,613.2259,542.1218,611.3887,-0.894716,0.572071,-0.087848,0.005839,-0.010391,0.017746,0.000000,0.000000,0.000000,0.000000,0.000000,0.000000,-0.895625,0.573965,-0.090427,1.0000,1.0000,1.0000,1.660,4.810,0.340,5.000,3.000,8.000,1.500,0.060,0.110,22402687,994177730,22402438,155,1152,1506,1505,1505,1000,1000,2008,1505,1505,1105,2008,1625,1256,1000,1000
-0.0062,0.0063,-0.5687,-0.0035,0.0069,2.9789,0.0063,-0.0052,3.1416,6.9306,0.0874,-0.3659,-9.6273,-0.0064,-0.0022,-0.0067,-0.0175,-0.1144,-9.7672,-0.0026,-0.0089,-0.0109,-0.5717,3.3026,-13.6849,0.0454,0.1057,0.0234,1.5495,3.4049,-7.6123,0.0317,0.0522,0.0205,6.9306,0.0259,-0.0285,0.0188,589.6635,615.6502,538.5767,611.5734,-0.894662,0.571971,-0.087687,0.006305,-0.010046,0.018138,0.000000,0.000000,0.000000,0.000000,0.000000,0.000000,-0.895625,0.573965,-0.090427,1.0000,1.0000,1.0000,1.660,4.810,0.340,5.000,3.000,8.000,1.500,0.060,0.110,22413187,994177730,22411428,155,1152,1506,1505,1505,1000,1000,2008,1505,1505,1105,2008,1625,1256,1000,1000
-0.0062,0.0068,-0.5688,-0.0035,0.0069,2.9789,0.0063,-0.0052,3.1416,6.9306,0.1326,-0.2709,-9.8491,0.0067,0.0062,-0.0074,0.3018,-0.2916,-9.9593,0.0105,-0.0033,-0.0065,0.1897,-2.2903,-5.3124,-0.0606,-0.0334,0.0115,-0.7238,2.1658,-8.1385,-0.0397,0.0109,0.0328,6.9306,0.0224,-0.0304,0.0189,587.5580,616.0392,540.6813,611.3508,-0.894593,0.571848,-0.087445,0.005356,-0.009656,0.021664,0.000000,0.000000,0.000000,0.000000,0.000000,0.000000,-0.895625,0.573965,-0.090427,1.0000,1.0000,1.0000,1.660,4.810,0.340,5.000,3.000,8.000,1.500,0.060,0.110,22423687,994177730,22423428,155,1152,1506,1505,1505,1000,1000,2008,1505,1505,1105,2008,1625,1256,1000,1000
-0.0064,0.0070,-0.5687,-0.0035,0.0069,2.9789,0.0063,-0.0052,3.1416,6.9306,0.0030,-0.0091,-9.7257,0.0046,-0.0014,0.0001,-0.2181,-0.3315,-9.5791,0.0095,0.0054,0.0022,-0.0330,0.6618,-11.8917,0.0207,0.0087,0.0059,3.6308,-0.0788,-13.4628,-0.0138,-0.0407,0.0013,6.9306,0.0216,-0.0307,0.0174,588.9084,614.5377,543.3652,609.1793,-0.894549,0.571760,-0.087241,0.004480,-0.011386,0.022661,0.000000,0.000000,0.000000,0.000000,0.000000,0.000000,-0.895625,0.573965,-0.090427,1.0000,1.0000,1.0000,1.660,4.810,0.340,5.000,3.000,8.000,1.500,0.060,0.110,22434187,994177730,22432428,155,1152,1506,1505,1505,1000,1000,2008,1505,1505,1105,2008,1625,1256,1000,1000
-0.0064,0.0070,-0.5687,-0.0035,0.0069,2.9789,0.0063,-0.0052,3.1416,6.9306,0.0445,0.5686,-9.8221,-0.0001,0.0043,-0.0007,-0.2124,0.4758,-9.8110,-0.0005,-0.0031,0.0025,-3.7416,-0.9830,-9.8015,0.0486,-0.0126,-0.0336,2.3019,-3.4386,-8.8998,0.0639,-0.0061,-0.0240,6.9306,0.0267,-0.0297,0.0173,591.1597,613.2640,541.0949,610.3021,-0.894496,0.571636,-0.086965,0.004021,-0.011871,0.023186,0.000000,0.000000,0.000000,0.000000,0.000000,0.000000,-0.895625,0.573965,-0.090427,1.0000,1.0000,1.0000,1.660,4.810,0.340,5.000,3.000,8.000,1.500,0.060,0.110,22444687,994177730,22444428,155,1152,1506,1505,1505,1000,1000,2008,1505,1505,1105,2008,1625,1256,1000,1000
-0.0062,0.0070,-0.5688,-0.0035,0.0069,2.9789,0.0063,-0.0052,3.1416,6.9306,0.0738,0.4440,-9.7499,-0.0078,0.0089,-0.0032,0.0929,0.3247,-9.7810,-0.0010,-0.0008,-0.0011,-0.1335,0.4415,-9.0450,0.0063,-0.0204,-0.0040,0.8259,1.8103,-10.0006,-0.0386,-0.0080,-0.0072,6.9306,0.0275,-0.0302,0.0185,589.9125,614.0239,539.3251,612.3082,-0.894451,0.571540,-0.086757,0.005050,-0.010343,0.023433,0.000000,0.000000,0.000000,0.000000,0.000000,0.000000,-0.895625,0.573965,-0.090427,1.0000,1.0000,1.0000,1.660,4.810,0.340,5.000,3.000,8.000,1.500,0.060,0.110,22455187,994177730,22453429,155,1152,1506,1505,1505,1000,1000,2008,1505,1505,1105,2008,1625,1256,1000,1000
-0.0060,0.0068,-0.5689,-0.0035,0.0069,2.9788,0.0063,-0.0052,3.1416,6.9306,0.1006,0.0043,-9.6267,-0.0107,0.0019,-0.0029,0.3694,0.2683,-9.6804,-0.0078,-0.0002,-0.0046,1.4706,1.6937,-10.3977,0.0436,0.0068,0.0013,2.0685,-0.4236,-9.7456,0.0234,-0.0059,-0.0024,6.9306,0.0227,-0.0321,0.0187,587.1220,614.9915,541.6627,611.9557,-0.894384,0.571410,-0.086473,0.006168,-0.009918,0.024141,0.000000,0.000000,0.000000,0.000000,0.000000,0.000000,-0.895625,0.573965,-0.090427,1.0000,1.0000,1.0000,1.660,4.810,0.340,5.000,3.000,8.000,1.500,0.060,0.110,22465687,994177730,22465428,155,1152,1506,1505,1505,1000,1000,2008,1505,1505,1105,2008,1625,1256,1000,1000
-0.0062,0.0067,-0.5689,-0.0035,0.0069,2.9787,0.0063,-0.0052,3.1416,6.9306,0.0418,-0.3630,-9.8504,-0.0034,-0.0013,-0.0088,-0.0424,0.1164,-10.0074,0.0064,-0.0022,-0.0030,-0.1407,-0.2504,-8.4823,-0.0209,-0.0009,-0.0195,-0.8316,0.4527,-8.2336,-0.0008,0.0016,0.0024,6.9306,0.0221,-0.0287,0.0185,588.6822,616.4661,540.4649,610.0291,-0.894330,0.571313,-0.086253,0.006702,-0.009832,0.024621,0.000000,0.000000,0.000000,0.000000,0.000000,0.000000,-0.895625,0.573965,-0.090427,1.0000,1.0000,1.0000,1.660,4.810,0.340,5.000,3.000,8.000,1.500,0.060,0.110,22476187,994177730,22474428,155,1152,1506,1505,1505,1000,1000,2008,1505,1505,1105,2008,1625,1256,1000,1000
-0.0062,0.0068,-0.5689,-0.0035,0.0068,2.9787,0.0063,-0.0052,3.1416,6.9306,-0.2661,-0.4185,-9.9556,0.0057,-0.0004,0.0014,-0.2458,-0.6683,-9.8629,0.0027,-0.0104,0.0048,3.6828,0.0680,-8.5015,-0.0630,-0.0004,0.0093,-0.3198,4.9654,-11.0583,-0.0645,0.0091,-0.0280,6.9306,0.0247,-0.0278,0.0182,590.3619,615.6378,539.6105,609.9988,-0.894257,0.571192,-0.085960,0.006735,-0.009567,0.023899,0.000000,0.000000,0.000000,0.000000,0.000000,0.000000,-0.895625,0.573965,-0.090427,1.0000,1.0000,1.0000,1.660,4.810,0.340,5.000,3.000,8.000,1.500,0.060,0.110,22486687,994177730,22486428,155,1152,1506,1505,1505,1000,1000,2008,1505,1505,1105,2008,1625,1255,1000,1000
-0.0065,0.0068,-0.5689,-0.0035,0.0068,2.9787,0.0063,-0.0052,3.1416,7.0218,0.0975,0.1012,-9.6218,0.0050,-0.0009,0.0089,0.0818,-0.1812,-9.6788,0.0061,0.0019,0.0091,-2.0417,-1.5457,-10.7951,0.0268,-0.0004,-0.0032,-1.5229,0.5946,-10.8374,0.0333,-0.0344,-0.0221,7.0218,0.0271,-0.0319,0.0178,593.9257,616.7642,545.1500,615.4517,-0.894198,0.571101,-0.085742,0.006002,-0.011573,0.024630,0.000000,0.000000,0.000000,0.000000,0.000000,0.000000,-0.895625,0.573965,-0.090427,1.0000,1.0000,1.0000,1.660,4.810,0.340,5.000,3.000,8.000,1.500,0.060,0.110,22497187,994177730,22495428,155,1154,1506,1505,1505,1000,1000,2008,1505,1505,1105,2008,1625,1255,1000,1000
-0.0065,0.0067,-0.5689,-0.0044,0.0060,2.9788,0.0063,-0.0052,3.1416,7.0218,0.1901,0.5465,-9.8103,0.0051,0.0005,-0.0039,0.4010,0.5747,-9.9216,0.0053,-0.0051,0.0001,2.0739,-0.8322,-10.3043,-0.0100,0.0185,0.0107,0.6589,-6.4644,-8.3216,0.0189,0.0248,0.0125,7.0218,0.0242,-0.0285,0.0183,593.9562,619.6499,543.8013,613.7144,-0.895302,0.572719,-0.088246,0.001587,-0.006611,0.018812,0.000000,0.000000,0.000000,0.000000,0.000000,0.000000,-0.895819,0.573487,-0.090927,1.0000,1.0000,1.0000,1.660,4.810,0.340,5.000,3.000,8.000,1.500,0.060,0.110,22507739,994310872,22507428,156,1154,1506,1505,1505,1000,1000,2008,1505,1505,1105,2008,1625,1256,1000,1000
-0.0064,0.0067,-0.5690,-0.0044,0.0061,2.9788,0.0063,-0.0052,3.1416,7.0218,0.1711,0.4079,-9.7490,-0.0031,0.0089,-0.0156,0.0934,0.5169,-9.6862,-0.0019,0.0078,-0.0116,-1.0337,0.5636,-10.2157,0.0289,-0.0121,-0.0043,-0.4653,1.1962,-12.1806,0.0352,-0.0509,-0.0109,7.0218,0.0276,-0.0320,0.0194,592.1758,618.3281,542.4996,617.9058,-0.895286,0.572668,-0.088075,0.001947,-0.005655,0.018611,0.000000,0.000000,0.000000,0.000000,0.000000,0.000000,-0.895819,0.573487,-0.090927,1.0000,1.0000,1.0000,1.660,4.810,0.340,5.000,3.000,8.000,1.500,0.060,0.110,22518239,994310872,22516480,156,1154,1506,1505,1505,1000,1000,2008,1505,1505,1105,2008,1625,1256,1000,1000
-0.0062,0.0069,-0.5690,-0.0043,0.0061,2.9787,0.0063,-0.0052,3.1416,7.5689,-0.1282,-0.0453,-9.6057,-0.0080,0.0089,-0.0110,0.0205,0.1878,-9.8190,-0.0025,0.0007,-0.0043,3.3907,1.1502,-14.0537,-0.0012,0.0574,-0.0088,0.5529,1.7331,-4.4447,0.0077,0.0716,-0.0242,7.5689,0.0285,-0.0308,0.0186,618.6236,641.3668,565.4919,636.4658,-0.895270,0.572592,-0.087844,0.001740,-0.005580,0.019854,0.000000,0.000000,0.000000,0.000000,0.000000,0.000000,-0.895819,0.573487,-0.090927,1.0000,1.0000,1.0000,1.660,4.810,0.340,5.000,3.000,8.000,1.500,0.060,0.110,22528739,994310872,22528480,156,1166,1506,1505,1505,1000,1000,2008,1505,1505,1105,2008,1625,1256,1000,1000
-0.0062,0.0070,-0.5691,-0.0043,0.0061,2.9786,0.0063,-0.0052,3.1416,7.7513,-0.0051,-0.1809,-9.8389,-0.0014,0.0099,0.0044,-0.1176,-0.3729,-9.6803,0.0035,-0.0018,0.0053,-1.4288,0.3529,-8.9899,-0.0406,-0.0593,-0.0344,2.1601,-0.2153,-13.3101,-0.0248,-0.0509,-0.0360,7.7513,0.0247,-0.0294,0.0174,627.3431,649.4988,575.2999,639.6395,-0.895257,0.572538,-0.087659,0.001023,-0.005622,0.020564,0.000000,0.000000,0.000000,0.000000,0.000000,0.000000,-0.895819,0.573487,-0.090927,1.0000,1.0000,1.0000,1.660,4.810,0.340,5.000,3.000,8.000,1.500,0.060,0.110,22539239,994310872,22537480,156,1170,1506,1505,1505,1000,1000,2008,1505,1505,1105,2008,1625,1255,1000,1000
-0.0062,0.0069,-0.5691,-0.0047,0.0060,2.9786,0.0063,-0.0052,3.1416,7.7969,0.1327,-0.1582,-9.6540,0.0032,0.0012,0.0000,0.0883,-0.1216,-9.9322,0.0062,-0.0094,-0.0036,1.8489,1.7464,-14.9419,0.0268,0.0771,-0.0027,0.0178,-1.8135,-7.6608,0.0120,0.0647,-0.0104,7.7969,0.0225,-0.0309,0.0181,627.1772,652.2975,577.4038,642.2059,-0.895478,0.573291,-0.088600,0.000901,-0.002138,0.017470,0.000000,0.000000,0.000000,0.000000,0.000000,0.000000,-0.895738,0.574161,-0.090507,1.0000,1.0000,1.0000,1.660,4.810,0.340,5.000,3.000,8.000,1.500,0.060,0.110,22549787,994443153,22549483,157,1171,1506,1505,1505,1000,1000,2008,1505,1505,1105,2008,1625,1255,1000,1000
-0.0059,0.0069,-0.5692,-0.0048,0.0060,2.9785,0.0063,-0.0052,3.1416,7.7969,0.1962,0.0700,-9.8756,0.0037,-0.0048,-0.0050,0.2920,0.1367,-9.8579,0.0070,-0.0068,-0.0054,1.0947,-0.9591,-6.9189,-0.0388,-0.0433,-0.0021,3.1747,-1.3969,-7.8422,-0.0091,0.0154,0.0200,7.7969,0.0287,-0.0293,0.0195,628.3730,652.4362,572.5912,645.1981,-0.895469,0.573274,-0.088451,0.001004,-0.001799,0.017834,0.000000,0.000000,0.000000,0.000000,0.000000,0.000000,-0.895738,0.574161,-0.090507,1.0000,1.0000,1.0000,1.660,4.810,0.340,5.000,3.000,8.000,1.500,0.060,0.110,22560287,994443153,22558028,157,1171,1506,1505,1505,1000,1000,2008,1505,1505,1105,2008,1625,1256,1000,1000
-0.0062,0.0069,-0.5693,-0.0048,0.0059,2.9785,0.0063,-0.0052,3.1416,7.7969,0.1650,0.0118,-9.7569,-0.0006,0.0040,-0.0043,0.0887,-0.0724,-9.7588,0.0058,0.0004,-0.0040,-0.4208,-0.5640,-8.9540,0.0199,-0.0470,0.0085,-1.7689,3.0547,-11.2899,-0.0189,-0.0647,0.0112,7.7969,0.0303,-0.0277,0.0187,630.4341,651.7875,572.4648,643.9540,-0.895461,0.573249,-0.088233,0.000562,-0.002245,0.018525,0.000000,0.000000,0.000000,0.000000,0.000000,0.000000,-0.895738,0.574161,-0.090507,1.0000,1.0000,1.0000,1.660,4.810,0.340,5.000,3.000,8.000,1.500,0.060,0.110,22570787,994443153,22570028,157,1171,1506,1505,1505,1000,1000,2008,1505,1505,1105,2008,1625,1256,1000,1000
-0.0064,0.0071,-0.5693,-0.0048,0.0059,2.9785,0.0063,-0.0052,3.1416,7.7969,-0.0789,-0.0609,-9.7372,-0.0008,0.0027,-0.0040,-0.2028,-0.1046,-9.7898,0.0063,0.0065,-0.0013,-0.5597,-1.6893,-10.1391,-0.0156,-0.0033,0.0133,1.9033,-1.0736,-11.9490,0.0013,-0.0053,0.0173,7.7969,0.0262,-0.0282,0.0179,629.7240,652.0404,575.2040,641.9488,-0.895461,0.573224,-0.088065,0.000099,-0.003527,0.018876,0.000000,0.000000,0.000000,0.000000,0.000000,0.000000,-0.895738,0.574161,-0.090507,1.0000,1.0000,1.0000,1.660,4.810,0.340,5.000,3.000,8.000,1.500,0.060,0.110,22581287,994443153,22579028,157,1171,1506,1505,1505,1000,1000,2008,1505,1505,1105,2008,1625,1256,1000,1000
-0.0066,0.0071,-0.5693,-0.0048,0.0058,2.9785,0.0063,-0.0052,3.1416,7.7969,-0.2502,-0.0082,-9.7706,-0.0037,0.0048,-0.0050,-0.2609,-0.0664,-9.8180,-0.0003,-0.0027,-0.0014,2.1386,4.2842,-11.8749,0.0292,0.0063,0.0059,2.8353,-2.7329,-6.3876,0.0256,0.0322,0.0176,7.7969,0.0281,-0.0280,0.0174,631.0228,650.9602,575.2611,641.7184,-0.895462,0.573185,-0.087834,0.000314,-0.003848,0.019693,0.000000,0.000000,0.000000,0.000000,0.000000,0.000000,-0.895738,0.574161,-0.090507,1.0000,1.0000,1.0000,1.660,4.810,0.340,5.000,3.000,8.000,1.500,0.060,0.110,22591787,994443153,22591028,157,1171,1506,1505,1505,1000,1000,2008,1505,1505,1105,2008,1625,1256,1000,1000
-0.0065,0.0070,-0.5693,-0.0048,0.0058,2.9784,0.0063,-0.0052,3.1416,8.1161,-0.1108,0.4403,-9.7954,0.0003,0.0087,-0.0126,-0.2852,0.3161,-10.0107,0.0037,0.0051,-0.0123,-1.1463,-2.3932,-8.9013,-0.0161,-0.0324,-0.0304,-1.6810,0.8891,-10.5663,-0.0197,-0.0224,-0.0405,8.1161,0.0271,-0.0314,0.0192,640.9943,665.0550,587.0637,656.4313,-0.895458,0.573157,-0.087656,0.000569,-0.003544,0.019909,0.000000,0.000000,0.000000,0.000000,0.000000,0.000000,-0.895738,0.574161,-0.090507,1.0000,1.0000,1.0000,1.660,4.810,0.340,5.000,3.000,8.000,1.500,0.060,0.110,22602287,994443153,22600028,157,1178,1506,1505,1505,1000,1000,2008,1505,1505,1105,2008,1625,1256,1000,1000
-0.0064,0.0070,-0.5694,-0.0048,0.0058,2.9784,0.0063,-0.0052,3.1416,8.2073,-0.0031,0.5495,-9.5853,-0.0048,0.0017,-0.0016,-0.2419,0.6184,-9.6766,-0.0018,-0.0095,-0.0004,-1.1846,1.6195,-9.7680,0.0452,0.0548,-0.0163,2.3127,-0.1021,-16.4185,0.0378,0.0112,-0.0186,8.2073,0.0290,-0.0293,0.0180,647.5703,667.8671,590.6840,657.8119,-0.895442,0.573121,-0.087413,0.001100,-0.003202,0.020912,0.000000,0.000000,0.000000,0.000000,0.000000,0.000000,-0.895738,0.574161,-0.090507,1.0000,1.0000,1.0000,1.660,4.810,0.340,5.000,3.000,8.000,1.500,0.060,0.110,22612787,994443153,22612028,157,1180,1506,1505,1505,1000,1000,2008,1505,1505,1105,2008,1625,1256,1000,1000
-0.0063,0.0071,-0.5694,-0.0047,0.0058,2.9784,0.0063,-0.0052,3.1416,8.2073,0.2722,0.3376,-9.8923,-0.0087,-0.0029,0.0080,0.1265,0.6633,-9.9635,-0.0081,-0.0100,0.0107,-1.6874,1.2795,-5.4441,-0.0137,0.0031,-0.0035,0.7612,-1.5674,-7.8314,-0.0205,0.0240,0.0170,8.2073,0.0293,-0.0265,0.0171,649.7516,667.9233,590.6564,655.6249,-0.895432,0.573091,-0.087228,0.000394,-0.002188,0.020801,0.000000,0.000000,0.000000,0.000000,0.000000,0.000000,-0.895738,0.574161,-0.090507,1.0000,1.0000,1.0000,1.660,4.810,0.340,5.000,3.000,8.000,1.500,0.060,0.110,22623287,994443153,22621028,157,1180,1506,1505,1505,1000,1000,2008,1505,1505,1105,2008,1625,1256,1000,1000
-0.0062,0.0070,-0.5694,-0.0047,0.0058,2.9784,0.0063,-0.0052,3.1416,8.2073,0.2408,-0.1380,-9.5662,-0.0032,-0.0003,0.0033,-0.1569,0.2743,-9.9190,-0.0026,-0.0020,0.0050,1.8561,1.6243,-14.1638,-0.0065,0.0652,-0.0141,-0.4222,-0.5475,-8.4024,-0.0096,0.0618,-0.0021,8.2073,0.0261,-0.0293,0.0176,647.1340,668.2791,592.2391,656.4231,-0.895426,0.573050,-0.086980,0.000514,-0.002108,0.021119,0.000000,0.000000,0.000000,0.000000,0.000000,0.000000,-0.895738,0.574161,-0.090507,1.0000,1.0000,1.0000,1.660,4.810,0.340,5.000,3.000,8.000,1.500,0.060,0.110,22633787,994443153,22633028,157,1180,1506,1505,1505,1000,1000,2008,1505,1505,1105,2008,1625,1256,1000,1000
-0.0063,0.0069,-0.5694,-0.0047,0.0058,2.9783,0.0063,-0.0052,3.1416,8.2528,0.3553,-0.4297,-9.7706,0.0051,0.0021,-0.0069,0.3343,-0.3335,-9.7394,0.0068,0.0079,-0.0074,0.5536,0.9371,-9.1838,-0.0356,-0.0305,-0.0176,-0.6394,-1.1742,-8.9376,-0.0389,-0.0333,0.0075,8.2528,0.0240,-0.0292,0.0189,647.0556,672.1432,592.8084,659.0059,-0.895421,0.573018,-0.086788,0.000968,-0.002872,0.021368,0.000000,0.000000,0.000000,0.000000,0.000000,0.000000,-0.895738,0.574161,-0.090507,1.0000,1.0000,1.0000,1.660,4.810,0.340,5.000,3.000,8.000,1.500,0.060,0.110,22644287,994443153,22642028,157,1181,1506,1505,1505,1000,1000,2008,1505,1505,1105,2008,1625,1256,1000,1000
-0.0064,0.0069,-0.5695,-0.0047,0.0058,2.9782,0.0063,-0.0052,3.1416,8.2528,0.1824,-0.4292,-9.9571,0.0096,0.0091,-0.0061,0.1757,-0.4334,-10.0039,0.0121,0.0028,-0.0052,0.6350,1.6889,-10.0218,-0.0297,-0.0180,0.0003,1.6232,-1.9823,-5.8256,-0.0200,0.0093,-0.0099,8.2528,0.0258,-0.0323,0.0187,646.5145,670.2118,593.8510,660.5634,-0.895416,0.572981,-0.086524,0.000857,-0.002940,0.021688,0.000000,0.000000,0.000000,0.000000,0.000000,0.000000,-0.895738,0.574161,-0.090507,1.0000,1.0000,1.0000,1.660,4.810,0.340,5.000,3.000,8.000,1.500,0.060,0.110,22654787,994443153,22654028,157,1181,1506,1505,1505,1000,1000,2008,1505,1505,1105,2008,1625,1256,1000,1000
-0.0065,0.0070,-0.5695,-0.0047,0.0058,2.9782,0.0063,-0.0052,3.1416,8.2528,-0.1749,-0.5313,-9.7215,0.0075,0.0077,0.0022,0.0656,-0.5998,-10.0763,0.0097,0.0072,0.0054,2.0356,4.7319,-14.5708,0.0204,0.0628,-0.0104,6.7858,2.3688,-12.9671,0.0104,0.0117,0.0045,8.2528,0.0281,-0.0309,0.0177,648.8757,669.0547,593.8679,659.4050,-0.895416,0.572953,-0.086324,-0.000001,-0.004319,0.021849,0.000000,0.000000,0.000000,0.000000,0.000000,0.000000,-0.895738,0.574161,-0.090507,1.0000,1.0000,1.0000,1.660,4.810,0.340,5.000,3.000,8.000,1.500,0.060,0.110,22665287,994443153,22663028,157,1181,1506,1505,1505,1000,1000,2008,1505,1505,1105,2008,1625,1256,1000,1000
-0.0065,0.0071,-0.5695,-0.0048,0.0058,2.9782,0.0063,-0.0052,3.1416,8.2528,-0.2566,0.0846,-9.8928,-0.0003,0.0038,0.0000,-0.3301,-0.1810,-10.0067,-0.0038,-0.0040,0.0007,1.8058,-6.5424,-9.4065,-0.0214,0.0015,-0.0354,3.3973,0.1008,-9.7456,-0.0320,-0.0003,-0.0290,8.2528,0.0309,-0.0269,0.0180,651.0510,670.0502,590.8022,659.0037,-0.895416,0.572921,-0.086058,0.000166,-0.003562,0.022321,0.000000,0.000000,0.000000,0.000000,0.000000,0.000000,-0.895738,0.574161,-0.090507,1.0000,1.0000,1.0000,1.660,4.810,0.340,5.000,3.000,8.000,1.500,0.060,0.110,22675787,994443153,22675029,157,1181,1506,1505,1505,1000,1000,2008,1505,1505,1105,2008,1625,1256,1000,1000
-0.0065,0.0072,-0.5696,-0.0054,0.0054,2.9781,0.0063,-0.0052,3.1416,8.2528,-0.0725,0.1229,-9.6022,-0.0066,-0.0012,-0.0068,-0.4067,-0.3007,-9.8069,-0.0039,-0.0005,-0.0074,-4.5724,4.6457,-9.0881,0.0271,0.0015,-0.0195,4.4586,-3.7133,-18.6596,0.0080,-0.0623,0.0016,8.2528,0.0300,-0.0270,0.0196,649.0383,671.9377,588.8813,660.7839,-0.895785,0.573958,-0.087736,-0.002353,0.000979,0.018061,0.000000,0.000000,0.000000,0.000000,0.000000,0.000000,-0.896050,0.574736,-0.090342,1.0000,1.0000,1.0000,1.660,4.810,0.340,5.000,3.000,8.000,1.500,0.060,0.110,22685832,994543436,22684073,158,1181,1506,1505,1505,1000,1000,2008,1505,1505,1105,2008,1625,1256,1000,1000
-0.0064,0.0072,-0.5697,-0.0054,0.0054,2.9780,0.0063,-0.0052,3.1416,8.2528,0.2161,0.5196,-9.8647,-0.0042,0.0025,-0.0048,0.2144,0.5628,-9.8880,0.0002,-0.0046,-0.0077,-7.9410,2.9387,-4.0746,0.0153,-0.0281,0.0195,2.1906,-4.2395,-3.2415,0.0232,-0.0032,0.0261,8.2528,0.0291,-0.0299,0.0198,647.4150,671.1976,590.2271,661.9270,-0.895804,0.573980,-0.087509,-0.002515,0.001235,0.019370,0.000000,0.000000,0.000000,0.000000,0.000000,0.000000,-0.896050,0.574736,-0.090342,1.0000,1.0000,1.0000,1.660,4.810,0.340,5.000,3.000,8.000,1.500,0.060,0.110,22696332,994543436,22696073,158,1181,1506,1505,1505,1000,1000,2008,1505,1505,1105,2008,1625,1256,1000,1000
-0.0064,0.0071,-0.5697,-0.0054,0.0054,2.9780,0.0063,-0.0052,3.1416,8.2528,0.0180,0.7364,-9.7462,-0.0070,0.0013,-0.0054,0.0967,0.5769,-10.2202,-0.0031,-0.0118,-0.0074,3.9175,-4.0093,-14.4295,0.0284,0.0356,0.0282,0.4793,3.6437,-4.9654,0.0274,0.0490,0.0168,8.2528,0.0288,-0.0285,0.0179,649.9333,669.8981,592.4211,658.8081,-0.895820,0.573998,-0.087330,-0.001605,0.001823,0.020382,0.000000,0.000000,0.000000,0.000000,0.000000,0.000000,-0.896050,0.574736,-0.090342,1.0000,1.0000,1.0000,1.660,4.810,0.340,5.000,3.000,8.000,1.500,0.060,0.110,22706832,994543436,22705084,158,1190,1506,1505,1505,1000,1000,2008,1505,1505,1105,2008,1625,1256,1000,1000
-0.0064,0.0069,-0.5697,-0.0054,0.0055,2.9780,0.0063,-0.0052,3.1416,8.8000,-0.0434,0.5356,-9.4110,-0.0023,0.0112,-0.0117,-0.3831,-0.2353,-9.4515,0.0038,0.0150,-0.0074,3.7906,-4.5719,-16.9913,0.0007,0.0247,0.0045,7.9944,8.1276,-17.5408,0.0117,0.0341,-0.0128,8.8000,0.0296,-0.0323,0.0192,669.9233,691.4748,612.7504,680.8607,-0.895837,0.574011,-0.087094,-0.000596,0.000329,0.020789,0.000000,0.000000,0.000000,0.000000,0.000000,0.000000,-0.896050,0.574736,-0.090342,1.0000,1.0000,1.0000,1.660,4.810,0.340,5.000,3.000,8.000,1.500,0.060,0.110,22717332,994543436,22717073,158,1193,1506,1505,1505,1000,1000,2008,1505,1505,1105,2008,1625,1256,1000,1000
-0.0063,0.0068,-0.5698,-0.0054,0.0055,2.9780,0.0063,-0.0052,3.1416,8.8456,-0.0627,0.2697,-9.9189,-0.0037,0.0108,-0.0127,0.2520,0.2489,-10.0431,-0.0048,0.0014,-0.0081,5.0499,-2.6326,-4.8408,-0.0097,-0.0619,0.0019,-7.6912,3.9346,-5.5706,0.0208,-0.0210,0.0277,8.8456,0.0298,-0.0317,0.0191,672.1521,693.3674,614.2014,682.1504,-0.895847,0.574011,-0.086908,-0.000633,0.001190,0.020932,0.000000,0.000000,0.000000,0.000000,0.000000,0.000000,-0.896050,0.574736,-0.090342,1.0000,1.0000,1.0000,1.660,4.810,0.340,5.000,3.000,8.000,1.500,0.060,0.110,22727832,994543436,22726073,158,1194,1506,1505,1505,1000,1000,2008,1505,1505,1105,2008,1625,1256,1000,1000
-0.0063,0.0069,-0.5698,-0.0053,0.0055,2.9779,0.0063,-0.0052,3.1416,8.8456,-0.0598,-0.1777,-9.7248,0.0019,0.0035,-0.0118,-0.0404,0.0145,-9.8844,0.0111,0.0032,-0.0061,0.5297,-0.7221,-8.9301,-0.0057,0.0446,-0.0189,4.7082,2.5842,-9.1225,0.0194,0.0410,-0.0376,8.8456,0.0269,-0.0294,0.0188,672.5383,694.7654,614.6274,679.9600,-0.895862,0.574011,-0.086655,-0.001081,0.000782,0.020913,0.000000,0.000000,0.000000,0.000000,0.000000,0.000000,-0.896050,0.574736,-0.090342,1.0000,1.0000,1.0000,1.660,4.810,0.340,5.000,3.000,8.000,1.500,0.060,0.110,22738332,994543436,22738073,158,1194,1506,1505,1505,1000,1000,2008,1505,1505,1105,2008,1625,1256,1000,1000
-0.0063,0.0069,-0.5699,-0.0053,0.0055,2.9778,0.0063,-0.0052,3.1416,8.8912,0.0110,-0.2511,-9.6726,0.0042,0.0113,-0.0038,0.2139,0.0147,-9.4677,0.0021,0.0061,-0.0006,-3.2915,-2.4100,-7.1440,-0.0238,-0.0063,-0.0408,4.3742,9.2464,-12.7409,0.0029,-0.0064,-0.0162,8.8912,0.0260,-0.0307,0.0180,674.3736,695.5372,618.2250,680.8196,-0.895872,0.574010,-0.086466,-0.001397,0.000289,0.020872,0.000000,0.000000,0.000000,0.000000,0.000000,0.000000,-0.896050,0.574736,-0.090342,1.0000,1.0000,1.0000,1.660,4.810,0.340,5.000,3.000,8.000,1.500,0.060,0.110,22748832,994543436,22747073,158,1195,1506,1505,1505,1000,1000,2008,1505,1505,1105,2008,1625,1256,1000,1000
-0.0064,0.0071,-0.5699,-0.0053,0.0054,2.9778,0.0063,-0.0052,3.1416,8.8912,0.2470,-0.2478,-9.6756,-0.0025,-0.0183,-0.0072,0.1737,-0.2867,-9.8288,-0.0054,-0.0333,-0.0031,-1.2037,-5.8241,-8.0634,-0.0364,0.0380,-0.0203,2.7958,1.9270,-5.0929,-0.0128,0.0487,-0.0226,8.8912,0.0298,-0.0250,0.0177,678.0510,696.3225,614.9657,679.3147,-0.895887,0.574016,-0.086197,-0.002058,0.001738,0.023333,0.000000,0.000000,0.000000,0.000000,0.000000,0.000000,-0.896050,0.574736,-0.090342,1.0000,1.0000,1.0000,1.660,4.810,0.340,5.000,3.000,8.000,1.500,0.060,0.110,22759332,994543436,22759073,158,1195,1506,1505,1505,1000,1000,2008,1505,1505,1105,2008,1625,1255,1000,1000
-0.0063,0.0069,-0.5700,-0.0054,0.0053,2.9777,0.0063,-0.0052,3.1416,8.8912,-0.0375,-0.1418,-9.7547,0.0026,-0.0028,-0.0078,0.3876,0.0601,-10.0888,-0.0105,0.0036,-0.0001,2.3948,0.6905,-18.2722,0.0076,0.0899,-0.0293,13.3025,13.5130,-9.4691,-0.0333,0.0650,-0.0501,8.8912,0.0307,-0.0275,0.0183,676.6396,695.7407,614.9091,681.3663,-0.895904,0.574031,-0.085981,-0.002288,0.002142,0.023697,0.000000,0.000000,0.000000,0.000000,0.000000,0.000000,-0.896050,0.574736,-0.090342,1.0000,1.0000,1.0000,1.660,4.810,0.340,5.000,3.000,8.000,1.500,0.060,0.110,22769832,994543436,22768073,158,1195,1506,1505,1505,1000,1000,2008,1505,1505,1105,2008,1625,1256,1000,1000
-0.0061,0.0068,-0.5700,-0.0054,0.0054,2.9777,0.0063,-0.0052,3.1416,8.8912,0.1209,0.1193,-9.5805,0.0059,0.0087,0.0029,-0.2748,-0.3887,-9.5095,0.0082,0.0089,0.0076,-1.0936,-6.5232,-15.1454,-0.0241,0.0377,-0.0493,8.6139,13.4699,-15.8205,-0.0176,0.0003,-0.0514,8.8912,0.0301,-0.0315,0.0177,675.5410,693.8239,617.5842,681.9911,-0.895927,0.574060,-0.085713,-0.001440,0.002565,0.022680,0.000000,0.000000,0.000000,0.000000,0.000000,0.000000,-0.896050,0.574736,-0.090342,1.0000,1.0000,1.0000,1.660,4.810,0.340,5.000,3.000,8.000,1.500,0.060,0.110,22780332,994543436,22780074,158,1196,1506,1505,1505,1000,1000,2008,1505,1505,1105,2008,1625,1256,1000,1000
-0.0059,0.0068,-0.5701,-0.0055,0.0054,2.9776,0.0063,-0.0052,3.1416,8.9368,0.5192,0.0232,-9.7768,-0.0005,-0.0025,0.0088,0.4978,-0.1311,-9.4695,0.0341,0.0114,0.0134,-9.4015,3.4630,-1.9055,-0.0161,-0.0665,-0.0354,-2.5213,-3.9091,-11.9597,0.0069,-0.0525,-0.0226,8.9368,0.0309,-0.0295,0.0182,677.9716,696.5114,617.6201,683.5139,-0.895975,0.574232,-0.087414,-0.002198,0.004025,0.018567,0.000000,0.000000,0.000000,0.000000,0.000000,0.000000,-0.895986,0.574321,-0.090202,1.0000,1.0000,1.0000,1.660,4.810,0.340,5.000,3.000,8.000,1.500,0.060,0.110,22790376,994644763,22789117,159,1196,1506,1505,1505,1000,1000,2008,1505,1505,1105,2008,1625,1256,1000,1000
-0.0060,0.0067,-0.5701,-0.0055,0.0053,2.9776,0.0063,-0.0052,3.1416,8.9824,0.2663,-0.1003,-9.9610,-0.0018,0.0000,0.0011,0.4221,0.1438,-10.5140,0.0010,-0.0010,0.0035,2.7443,5.1629,-10.2110,0.0271,-0.0145,-0.0261,-4.3368,0.9843,1.0089,0.0304,0.0330,-0.0146,8.9824,0.0308,-0.0295,0.0193,678.6804,699.4505,617.7770,686.3550,-0.895991,0.574259,-0.087230,-0.001683,0.002757,0.021381,0.000000,0.000000,0.000000,0.000000,0.000000,0.000000,-0.895986,0.574321,-0.090202,1.0000,1.0000,1.0000,1.660,4.810,0.340,5.000,3.000,8.000,1.500,0.060,0.110,22800876,994644763,22798117,159,1197,1506,1505,1505,1000,1000,2008,1505,1505,1105,2008,1625,1256,1000,1000
-0.0061,0.0066,-0.5703,-0.0055,0.0053,2.9774,0.0063,-0.0052,3.1416,8.9824,0.0395,-0.2006,-9.6817,-0.0011,0.0042,-0.0059,0.2338,-0.6664,-9.9432,0.0035,0.0033,-0.0043,7.3364,-1.2823,-17.3385,-0.0065,0.0412,-0.0035,-4.9545,8.7094,-9.9090,0.0290,0.0240,-0.0037,8.9824,0.0314,-0.0306,0.0202,677.4221,699.7972,616.8029,688.1183,-0.896016,0.574287,-0.086982,-0.001082,0.002225,0.020980,0.000000,0.000000,0.000000,0.000000,0.000000,0.000000,-0.895986,0.574321,-0.090202,1.0000,1.0000,1.0000,1.660,4.810,0.340,5.000,3.000,8.000,1.500,0.060,0.110,22810877,994644763,22810118,159,1197,1506,1505,1505,1000,1000,2008,1505,1505,1105,2008,1625,1256,1000,1000
-0.0062,0.0067,-0.5703,-0.0055,0.0053,2.9774,0.0063,-0.0052,3.1416,8.9824,0.0693,-0.3095,-9.6424,0.0048,0.0009,0.0082,0.0235,-0.1150,-9.5525,0.0094,-0.0038,0.0065,2.5959,3.1206,-14.6211,-0.0449,0.0108,0.0256,6.7840,1.5212,-16.9464,-0.0107,-0.0205,0.0277,8.9824,0.0299,-0.0305,0.0189,678.3412,698.9769,619.0403,686.0342,-0.896035,0.574300,-0.086795,-0.001797,0.000959,0.020530,0.000000,0.000000,0.000000,0.000000,0.000000,0.000000,-0.895986,0.574321,-0.090202,1.0000,1.0000,1.0000,1.660,4.810,0.340,5.000,3.000,8.000,1.500,0.060,0.110,22821377,994644763,22819118,159,1197,1506,1505,1505,1000,1000,2008,1505,1505,1105,2008,1625,1256,1000,1000
-0.0062,0.0066,-0.5702,-0.0055,0.0054,2.9775,0.0063,-0.0052,3.1416,8.9824,-0.0280,-0.2644,-9.8099,0.0060,0.0161,0.0074,0.2867,-0.0719,-9.7874,0.0036,0.0022,0.0067,3.8792,-0.0062,-4.9174,0.0055,-0.0798,0.0008,-9.6611,-3.8624,-6.4343,-0.0056,-0.0844,0.0181,8.9824,0.0307,-0.0318,0.0172,679.8791,696.5162,621.6901,684.6172,-0.896051,0.574315,-0.086535,-0.000134,0.001099,0.022032,0.000000,0.000000,0.000000,0.000000,0.000000,0.000000,-0.895986,0.574321,-0.090202,1.0000,1.0000,1.0000,1.660,4.810,0.340,5.000,3.000,8.000,1.500,0.060,0.110,22831877,994644763,22831118,159,1197,1506,1505,1505,1000,1000,2008,1505,1505,1105,2008,1625,1256,1000,1000
-0.0062,0.0066,-0.5702,-0.0054,0.0054,2.9775,0.0063,-0.0052,3.1416,9.5295,-0.1461,-0.3140,-9.8539,0.0025,0.0102,-0.0166,-0.0579,-0.4941,-10.0206,0.0121,0.0136,-0.0200,2.8161,-2.1586,-8.9684,0.0079,0.0236,-0.0163,5.4462,-14.3314,-10.3310,-0.0088,-0.0306,0.0056,9.5295,0.0288,-0.0324,0.0197,698.2152,720.4091,638.9838,705.3912,-0.896062,0.574330,-0.086329,-0.000350,0.000926,0.023422,0.000000,0.000000,0.000000,0.000000,0.000000,0.000000,-0.895986,0.574321,-0.090202,1.0000,1.0000,1.0000,1.660,4.810,0.340,5.000,3.000,8.000,1.500,0.060,0.110,22842377,994644763,22840118,159,1209,1506,1505,1505,1000,1000,2008,1505,1505,1105,2008,1625,1256,1000,1000
-0.0062,0.0067,-0.5704,-0.0054,0.0054,2.9773,0.0063,-0.0052,3.1416,10.0311,-0.2667,-0.1521,-9.7383,-0.0021,0.0121,-0.0112,-0.5507,-0.4244,-9.8481,-0.0029,-0.0159,-0.0146,-4.9578,-2.5919,-10.8430,0.0406,0.0428,-0.0128,4.5843,1.2177,-17.1404,0.0091,-0.0514,-0.0141,10.0311,0.0303,-0.0339,0.0193,717.8086,737.8648,657.3502,721.9548,-0.896067,0.574354,-0.086047,0.000004,0.001510,0.023617,0.000000,0.000000,0.000000,0.000000,0.000000,0.000000,-0.895986,0.574321,-0.090202,1.0000,1.0000,1.0000,1.660,4.810,0.340,5.000,3.000,8.000,1.500,0.060,0.110,22852877,994644763,22852118,159,1220,1506,1505,1505,1000,1000,2008,1505,1505,1105,2008,1625,1256,1000,1000
-0.0061,0.0068,-0.5704,-0.0054,0.0055,2.9773,0.0063,-0.0052,3.1416,10.1679,-0.2291,0.0240,-9.8780,-0.0030,0.0142,0.0055,-0.1538,-0.2363,-9.6601,0.0041,-0.0002,0.0045,-3.7727,-6.6764,-7.2350,0.0185,-0.0433,-0.0104,-2.3831,0.9071,-11.2989,0.0218,-0.0075,0.0016,10.1679,0.0305,-0.0335,0.0177,724.7433,741.5047,663.9055,724.3062,-0.896075,0.574372,-0.085839,-0.000412,0.001305,0.023394,0.000000,0.000000,0.000000,0.000000,0.000000,0.000000,-0.895986,0.574321,-0.090202,1.0000,1.0000,1.0000,1.660,4.810,0.340,5.000,3.000,8.000,1.500,0.060,0.110,22863377,994644763,22861118,159,1223,1506,1505,1505,1000,1000,2008,1505,1505,1105,2008,1625,1256,1000,1000
-0.0060,0.0069,-0.5704,-0.0054,0.0055,2.9773,0.0063,-0.0052,3.1416,10.5326,-0.1391,-0.1969,-9.9198,-0.0044,0.0047,0.0009,0.1182,-0.0229,-10.3064,-0.0032,-0.0049,0.0021,0.1610,-0.5952,-6.4066,0.0390,-0.0041,0.0083,-4.5541,-5.3295,-6.7629,0.0101,-0.0021,-0.0029,10.5326,0.0293,-0.0301,0.0180,738.9908,756.5548,675.0239,734.5290,-0.896084,0.574397,-0.085553,-0.001215,0.002200,0.023860,0.000000,0.000000,0.000000,0.000000,0.000000,0.000000,-0.895986,0.574321,-0.090202,1.0000,1.0000,1.0000,1.660,4.810,0.340,5.000,3.000,8.000,1.500,0.060,0.110,22873877,994644763,22873118,159,1231,1506,1505,1505,1000,1000,2008,1505,1505,1105,2008,1625,1256,1000,1000
-0.0060,0.0070,-0.5704,-0.0054,0.0055,2.9773,0.0063,-0.0052,3.1416,10.6238,-0.1104,-0.2129,-9.9889,-0.0039,-0.0060,-0.0108,0.1599,-0.1832,-10.3235,-0.0059,-0.0175,-0.0112,-1.8286,-1.6223,-2.3436,0.0028,-0.0142,0.0072,-2.7674,-2.4671,-1.4943,-0.0447,0.0708,-0.0091,10.6238,0.0307,-0.0260,0.0192,743.0147,762.0214,674.5909,737.6669,-0.896095,0.574428,-0.085332,-0.001894,0.003060,0.025283,0.000000,0.000000,0.000000,0.000000,0.000000,0.000000,-0.895986,0.574321,-0.090202,1.0000,1.0000,1.0000,1.660,4.810,0.340,5.000,3.000,8.000,1.500,0.060,0.110,22884377,994644763,22882118,159,1233,1506,1505,1505,1000,1000,2008,1505,1505,1105,2008,1625,1256,1000,1000
-0.0060,0.0071,-0.5705,-0.0055,0.0054,2.9772,0.0063,-0.0052,3.1416,10.7150,-0.0804,-0.1002,-9.8440,-0.0028,-0.0052,0.0019,0.1797,0.8427,-9.9766,-0.0095,-0.0122,0.0026,5.2654,1.2579,-11.5421,0.0017,0.0049,0.0242,-0.9627,-3.2482,-2.0528,-0.0149,0.0064,-0.0141,10.7150,0.0323,-0.0285,0.0190,746.0894,763.7880,678.4431,741.5975,-0.896120,0.574474,-0.085036,-0.002302,0.003625,0.024922,0.000000,0.000000,0.000000,0.000000,0.000000,0.000000,-0.895986,0.574321,-0.090202,1.0000,1.0000,1.0000,1.660,4.810,0.340,5.000,3.000,8.000,1.500,0.060,0.110,22894877,994644763,22894118,159,1235,1506,1505,1505,1000,1000,2008,1505,1505,1105,2008,1625,1256,1000,1000
-0.0061,0.0070,-0.5705,-0.0055,0.0053,2.9772,0.0063,-0.0052,3.1416,10.7150,-0.1858,-0.1420,-9.9576,0.0016,0.0040,0.0164,-0.2394,-0.1675,-9.9136,-0.0089,0.0087,0.0155,5.3779,6.1493,-5.4058,-0.0100,-0.0204,0.0280,4.7621,8.5658,-3.3780,0.0067,0.0091,-0.0221,10.7150,0.0318,-0.0314,0.0178,746.0176,761.8558,681.1693,741.1579,-0.896139,0.574510,-0.084804,-0.002598,0.002924,0.026214,0.000000,0.000000,0.000000,0.000000,0.000000,0.000000,-0.895986,0.574321,-0.090202,1.0000,1.0000,1.0000,1.660,4.810,0.340,5.000,3.000,8.000,1.500,0.060,0.110,22905377,994644763,22903119,159,1235,1506,1505,1505,1000,1000,2008,1505,1505,1105,2008,1625,1256,1000,1000
-0.0061,0.0069,-0.5705,-0.0053,0.0050,2.9772,0.0063,-0.0052,3.1416,10.7150,-0.1765,0.1480,-9.8452,0.0009,0.0130,0.0005,-0.4958,-0.0870,-9.7149,0.0025,0.0110,0.0016,4.0468,0.4439,-7.8790,0.0223,0.0060,-0.0035,-0.9932,-0.2907,-5.5670,0.0354,-0.0130,-0.0210,10.7150,0.0301,-0.0355,0.0189,743.1555,761.8654,681.9398,743.3118,-0.896906,0.574281,-0.087570,-0.004442,0.002209,0.017170,0.000000,0.000000,0.000000,0.000000,0.000000,0.000000,-0.897380,0.574102,-0.091406,1.0000,1.0000,1.0000,1.660,4.810,0.340,5.000,3.000,8.000,1.500,0.060,0.110,22915422,994777616,22915118,160,1235,1506,1505,1505,1000,1000,2008,1505,1505,1105,2008,1625,1256,1000,1000
-0.0061,0.0069,-0.5706,-0.0053,0.0051,2.9771,0.0063,-0.0052,3.1416,10.7150,0.0077,0.3687,-9.7168,-0.0010,0.0018,-0.0090,-0.3624,-0.3520,-9.8420,0.0008,-0.0058,-0.0104,-3.7655,-6.3604,-10.0074,0.0111,0.0388,-0.0384,5.7874,-5.6725,-10.2484,0.0754,-0.0218,-0.0048,10.7150,0.0315,-0.0309,0.0201,743.9909,764.2150,678.1537,743.5278,-0.896947,0.574307,-0.087412,-0.004743,0.001616,0.018020,0.000000,0.000000,0.000000,0.000000,0.000000,0.000000,-0.897380,0.574102,-0.091406,1.0000,1.0000,1.0000,1.660,4.810,0.340,5.000,3.000,8.000,1.500,0.060,0.110,22925922,994777616,22924163,160,1235,1506,1505,1505,1000,1000,2008,1505,1505,1105,2008,1625,1256,1000,1000
-0.0062,0.0070,-0.5707,-0.0052,0.0050,2.9770,0.0063,-0.0052,3.1416,10.7150,0.0450,0.3235,-9.8402,0.0050,-0.0050,0.0033,-0.0690,-0.0702,-9.8405,-0.0041,-0.0077,0.0041,-0.9763,1.2532,-7.6899,-0.0441,0.0025,-0.0258,-4.6511,-5.4911,-6.4684,0.0245,0.0218,-0.0059,10.7150,0.0291,-0.0292,0.0198,744.2726,765.0855,678.6558,741.8908,-0.897006,0.574335,-0.087190,-0.005252,0.001262,0.018716,0.000000,0.000000,0.000000,0.000000,0.000000,0.000000,-0.897380,0.574102,-0.091406,1.0000,1.0000,1.0000,1.660,4.810,0.340,5.000,3.000,8.000,1.500,0.060,0.110,22936422,994777616,22936163,160,1235,1506,1505,1505,1000,1000,2008,1505,1505,1105,2008,1625,1256,1000,1000
-0.0060,0.0070,-0.5707,-0.0052,0.0050,2.9770,0.0063,-0.0052,3.1416,10.7150,-0.0106,0.1712,-9.7179,-0.0003,0.0044,0.0106,-0.3662,0.0947,-9.5188,0.0006,-0.0081,0.0074,0.4459,-2.3190,-10.1798,-0.0182,0.0318,-0.0370,-0.9160,1.3380,-15.3357,0.0035,0.0011,-0.0210,10.7150,0.0311,-0.0300,0.0190,745.2555,763.5667,679.4262,741.7637,-0.897057,0.574350,-0.087021,-0.005900,0.001458,0.018536,0.000000,0.000000,0.000000,0.000000,0.000000,0.000000,-0.897380,0.574102,-0.091406,1.0000,1.0000,1.0000,1.660,4.810,0.340,5.000,3.000,8.000,1.500,0.060,0.110,22946922,994777616,22945163,160,1235,1506,1505,1505,1000,1000,2008,1505,1505,1105,2008,1625,1256,1000,1000
-0.0056,0.0072,-0.5707,-0.0053,0.0050,2.9770,0.0063,-0.0052,3.1416,10.7150,0.0358,0.1036,-9.6743,-0.0087,-0.0034,0.0094,-0.2482,0.0841,-9.6409,-0.0027,-0.0036,0.0123,3.1346,3.2787,-13.5197,-0.0044,0.0225,-0.0552,5.6132,-3.6882,-9.5750,0.0123,0.0477,-0.0418,10.7150,0.0329,-0.0277,0.0172,748.2352,762.2502,680.2197,739.3870,-0.897125,0.574381,-0.086793,-0.005546,0.003295,0.019782,0.000000,0.000000,0.000000,0.000000,0.000000,0.000000,-0.897380,0.574102,-0.091406,1.0000,1.0000,1.0000,1.660,4.810,0.340,5.000,3.000,8.000,1.500,0.060,0.110,22957422,994777616,22957163,160,1235,1506,1505,1505,1000,1000,2008,1505,1505,1105,2008,1625,1255,1000,1000
-0.0055,0.0072,-0.5707,-0.0054,0.0049,2.9770,0.0063,-0.0052,3.1416,10.7150,-0.0869,0.3658,-9.8694,-0.0025,-0.0031,0.0030,-0.2736,0.7585,-9.7630,0.0048,-0.0109,0.0093,5.9621,1.4686,-14.5205,-0.0140,0.0108,-0.0642,2.1834,-2.3558,-13.0264,0.0216,0.0538,-0.0626,10.7150,0.0315,-0.0272,0.0174,747.7793,763.0580,680.0804,739.1429,-0.897177,0.574418,-0.086612,-0.006398,0.004016,0.019697,0.000000,0.000000,0.000000,0.000000,0.000000,0.000000,-0.897380,0.574102,-0.091406,1.0000,1.0000,1.0000,1.660,4.810,0.340,5.000,3.000,8.000,1.500,0.060,0.110,22967922,994777616,22966163,160,1235,1506,1505,1505,1000,1000,2008,1505,1505,1105,2008,1625,1256,1000,1000
-0.0055,0.0071,-0.5707,-0.0053,0.0048,2.9769,0.0063,-0.0052,3.1416,10.7150,-0.1355,0.4318,-9.5130,0.0063,-0.0080,0.0032,-0.2228,0.4035,-10.0959,0.0107,0.0018,0.0059,8.5143,-2.7308,-19.4478,-0.0289,-0.0209,-0.0445,0.2153,-3.4422,-1.3740,0.0309,0.0434,-0.0482,10.7150,0.0292,-0.0244,0.0172,748.3837,764.3780,679.9937,737.2447,-0.897249,0.574464,-0.086377,-0.005435,0.003423,0.020541,0.000000,0.000000,0.000000,0.000000,0.000000,0.000000,-0.897380,0.574102,-0.091406,1.0000,1.0000,1.0000,1.660,4.810,0.340,5.000,3.000,8.000,1.500,0.060,0.110,22978422,994777616,22978163,160,1235,1506,1505,1505,1000,1000,2008,1505,1505,1105,2008,1625,1256,1000,1000
-0.0056,0.0071,-0.5707,-0.0053,0.0047,2.9769,0.0063,-0.0052,3.1416,10.7150,-0.0575,0.4336,-9.6551,0.0061,-0.0099,-0.0019,0.0130,0.6359,-9.8681,0.0165,-0.0070,0.0049,2.4977,3.9538,-8.3914,-0.0452,-0.0481,-0.0450,-6.8490,-3.1962,-6.3230,-0.0384,-0.0123,-0.0874,10.7150,0.0293,-0.0237,0.0172,748.6879,764.6152,679.7118,736.9498,-0.897293,0.574490,-0.086185,-0.005746,0.002426,0.022024,0.000000,0.000000,0.000000,0.000000,0.000000,0.000000,-0.897380,0.574102,-0.091406,1.0000,1.0000,1.0000,1.660,4.810,0.340,5.000,3.000,8.000,1.500,0.060,0.110,22988922,994777616,22987163,160,1235,1506,1505,1505,1000,1000,2008,1505,1505,1105,2008,1625,1256,1000,1000
-0.0055,0.0066,-0.5707,-0.0053,0.0046,2.9769,0.0063,-0.0052,3.1416,10.7150,-0.2140,0.2486,-9.4383,0.0018,0.0009,-0.0021,-0.5550,0.3442,-9.4758,0.0114,-0.0133,-0.0036,-3.1071,3.8724,-11.3051,0.0180,0.0153,-0.0293,-0.5604,-6.1375,-7.9643,0.0043,0.0168,-0.0338,10.7150,0.0295,-0.0261,0.0172,747.8342,763.7751,680.5020,737.9579,-0.897335,0.574527,-0.085905,-0.001987,0.003289,0.025056,0.000000,0.000000,0.000000,0.000000,0.000000,0.000000,-0.897380,0.574102,-0.091406,1.0000,1.0000,1.0000,1.660,4.810,0.340,5.000,3.000,8.000,1.500,0.060,0.110,22999422,994777616,22999163,160,1235,1506,1505,1505,1000,1000,2008,1505,1505,1105,2008,1625,1256,1000,1000
-0.0057,0.0065,-0.5707,-0.0053,0.0046,2.9769,0.0063,-0.0052,3.1416,10.7150,-0.1729,0.2815,-9.6951,0.0008,0.0097,-0.0029,-0.4532,-0.3574,-9.4399,0.0195,0.0189,0.0056,-0.4735,-6.0611,-8.0466,-0.0755,0.0348,-0.0141,5.5360,-0.6462,-13.0569,-0.0394,0.0676,-0.0104,10.7150,0.0305,-0.0320,0.0172,746.0117,761.4444,682.5225,740.3413,-0.897346,0.574563,-0.085673,-0.001643,0.003591,0.026527,0.000000,0.000000,0.000000,0.000000,0.000000,0.000000,-0.897380,0.574102,-0.091406,1.0000,1.0000,1.0000,1.660,4.810,0.340,5.000,3.000,8.000,1.500,0.060,0.110,23009922,994777616,23008174,160,1235,1506,1505,1505,1000,1000,2008,1505,1505,1105,2008,1625,1256,1000,1000
-0.0063,0.0066,-0.5707,-0.0051,0.0048,2.9770,0.0063,-0.0052,3.1416,10.7150,0.1248,0.6273,-9.9110,0.0086,-0.0071,-0.0041,0.0021,-0.0513,-10.2213,0.0128,-0.0069,0.0019,2.9694,-8.8336,-11.9324,-0.0833,0.0028,0.0139,2.6539,11.4389,-15.7559,-0.0216,0.0232,0.0011,10.7150,0.0296,-0.0276,0.0178,746.8334,763.7183,680.4016,739.1219,-0.897203,0.574073,-0.087684,-0.003802,-0.001597,0.019164,0.000000,0.000000,0.000000,0.000000,0.000000,0.000000,-0.897071,0.573682,-0.090811,1.0000,1.0000,1.0000,1.660,4.810,0.340,5.000,3.000,8.000,1.500,0.060,0.110,23019967,994910560,23017208,161,1235,1506,1505,1505,1000,1000,2008,1505,1505,1105,2008,1625,1256,1000,1000
-0.0070,0.0065,-0.5707,-0.0050,0.0048,2.9770,0.0063,-0.0052,3.1416,10.7150,-0.0746,0.4615,-9.8122,0.0061,0.0070,-0.0040,-0.2396,-0.5202,-10.3085,0.0137,-0.0015,0.0004,3.3285,1.7296,-16.6202,-0.0819,0.0220,0.0045,2.4241,1.0274,-14.3750,-0.0557,-0.0320,-0.0112,10.7150,0.0302,-0.0304,0.0178,745.9690,762.5862,681.2995,740.3354,-0.897246,0.574001,-0.087458,-0.004313,-0.012021,0.018180,0.000000,0.000000,0.000000,0.000000,0.000000,0.000000,-0.897071,0.573682,-0.090811,1.0000,1.0000,1.0000,1.660,4.810,0.340,5.000,3.000,8.000,1.500,0.060,0.110,23029970,994910560,23029211,161,1235,1506,1505,1505,1000,1000,2008,1505,1505,1105,2008,1625,1256,1000,1000
-0.0071,0.0064,-0.5708,-0.0050,0.0049,2.9769,0.0063,-0.0052,3.1416,10.7150,0.0301,-0.1628,-9.4231,-0.0028,0.0112,-0.0033,0.2254,0.1905,-10.2078,-0.0213,-0.0078,-0.0066,-3.7033,0.4104,-17.3600,0.0652,0.0412,0.0293,-3.1445,-4.5842,-6.1847,0.0003,0.0322,0.0059,10.7150,0.0307,-0.0346,0.0183,744.1700,761.4933,682.1016,742.5292,-0.897276,0.573900,-0.087289,-0.003861,-0.012790,0.019501,0.000000,0.000000,0.000000,0.000000,0.000000,0.000000,-0.897071,0.573682,-0.090811,1.0000,1.0000,1.0000,1.660,4.810,0.340,5.000,3.000,8.000,1.500,0.060,0.110,23040470,994910560,23038211,161,1235,1506,1505,1505,1000,1000,2008,1505,1505,1105,2008,1625,1256,1000,1000
-0.0072,0.0066,-0.5708,-0.0050,0.0048,2.9769,0.0063,-0.0052,3.1416,10.7150,-0.0108,0.0659,-9.8889,0.0068,-0.0032,-0.0003,0.1203,0.7489,-10.9527,0.0228,0.0015,0.0037,4.3700,-7.0499,-6.1791,0.0156,0.0297,0.0232,-0.7795,-10.6574,-0.2517,0.0645,0.0711,0.0112,10.7150,0.0296,-0.0276,0.0183,746.3021,764.2292,679.6904,739.7844,-0.897321,0.573761,-0.087045,-0.004326,-0.012355,0.021574,0.000000,0.000000,0.000000,0.000000,0.000000,0.000000,-0.897071,0.573682,-0.090811,1.0000,1.0000,1.0000,1.660,4.810,0.340,5.000,3.000,8.000,1.500,0.060,0.110,23050970,994910560,23050211,161,1242,1506,1505,1505,1000,1000,2008,1505,1505,1105,2008,1625,1256,1000,1000
-0.0071,0.0061,-0.5708,-0.0050,0.0048,2.9769,0.0063,-0.0052,3.1416,11.0342,-0.1690,-0.1383,-9.9734,-0.0043,0.0029,-0.0024,0.3586,-0.6890,-9.9075,0.0038,0.0052,0.0036,3.5176,-13.9740,-6.9429,-0.1062,-0.0731,0.0277,-9.5947,-0.4308,-9.3811,-0.0676,0.0325,0.0048,11.0342,0.0295,-0.0278,0.0180,758.1294,775.2015,690.8456,749.2389,-0.897348,0.573665,-0.086836,-0.002617,-0.011560,0.024214,0.000000,0.000000,0.000000,0.000000,0.000000,0.000000,-0.897071,0.573682,-0.090811,1.0000,1.0000,1.0000,1.660,4.810,0.340,5.000,3.000,8.000,1.500,0.060,0.110,23061470,994910560,23059211,161,1244,1506,1505,1505,1000,1000,2008,1505,1505,1105,2008,1625,1256,1000,1000
-0.0072,0.0061,-0.5708,-0.0051,0.0048,2.9769,0.0063,-0.0052,3.1416,11.1710,0.0109,-0.2715,-10.0075,-0.0012,0.0102,-0.0097,0.2935,-0.6574,-10.2226,-0.0040,0.0020,-0.0148,-4.5891,1.8972,-2.6644,-0.0188,-0.0694,-0.0045,-0.3036,8.8531,-3.8503,-0.0559,-0.0394,0.0109,11.1710,0.0312,-0.0333,0.0192,760.4959,778.7206,695.5480,757.1177,-0.897380,0.573549,-0.086544,-0.002659,-0.009943,0.024106,0.000000,0.000000,0.000000,0.000000,0.000000,0.000000,-0.897071,0.573682,-0.090811,1.0000,1.0000,1.0000,1.660,4.810,0.340,5.000,3.000,8.000,1.500,0.060,0.110,23071970,994910560,23071211,161,1245,1506,1505,1505,1000,1000,2008,1505,1505,1105,2008,1625,1256,1000,1000
-0.0073,0.0061,-0.5710,-0.0050,0.0048,2.9767,0.0063,-0.0052,3.1416,11.1710,-0.0387,-0.4284,-10.2561,-0.0056,0.0048,-0.0114,-0.0602,0.1540,-10.3220,0.0016,0.0037,-0.0124,-0.1790,2.6921,-6.4353,0.0127,-0.0060,-0.0144,-1.1853,11.7783,-9.2734,-0.0882,-0.0820,0.0059,11.1710,0.0322,-0.0309,0.0193,761.4883,779.4006,694.2390,756.6218,-0.897407,0.573448,-0.086340,-0.002993,-0.012855,0.020717,0.000000,0.000000,0.000000,0.000000,0.000000,0.000000,-0.897071,0.573682,-0.090811,1.0000,1.0000,1.0000,1.660,4.810,0.340,5.000,3.000,8.000,1.500,0.060,0.110,23082470,994910560,23080211,161,1245,1506,1505,1505,1000,1000,2008,1505,1505,1105,2008,1625,1256,1000,1000
-0.0070,0.0060,-0.5711,-0.0052,0.0048,2.9766,0.0063,-0.0052,3.1416,11.1710,-0.0903,-0.3087,-9.8343,-0.0257,-0.0044,-0.0114,0.0657,-0.0034,-9.7638,-0.0250,-0.0062,-0.0065,5.6485,6.0200,-8.9923,0.0913,0.0875,-0.0216,1.9428,-11.3272,-8.4761,0.0266,0.0021,-0.0301,11.1710,0.0390,-0.0281,0.0192,764.3251,778.4875,691.3870,757.3127,-0.897439,0.573314,-0.086095,-0.002376,-0.009241,0.020122,0.000000,0.000000,0.000000,0.000000,0.000000,0.000000,-0.897071,0.573682,-0.090811,1.0000,1.0000,1.0000,1.660,4.810,0.340,5.000,3.000,8.000,1.500,0.060,0.110,23092970,994910560,23092211,161,1245,1506,1505,1505,1000,1000,2008,1505,1505,1105,2008,1625,1256,1000,1000
-0.0064,0.0056,-0.5712,-0.0053,0.0048,2.9765,0.0063,-0.0052,3.1416,11.1710,-0.3722,-0.1104,-9.6287,0.0014,0.0131,-0.0031,0.0980,0.6466,-9.5044,-0.0018,-0.0043,0.0043,6.1537,2.4191,-8.6428,0.0438,-0.0326,-0.0120,-0.0971,0.9250,-9.0058,0.0692,0.0466,-0.0216,11.1710,0.0324,-0.0324,0.0181,762.0466,777.8207,696.1451,755.9338,-0.897444,0.573269,-0.085906,0.001094,-0.001473,0.021196,0.000000,0.000000,0.000000,0.000000,0.000000,0.000000,-0.897071,0.573682,-0.090811,1.0000,1.0000,1.0000,1.660,4.810,0.340,5.000,3.000,8.000,1.500,0.060,0.110,23103470,994910560,23101211,161,1245,1506,1505,1505,1000,1000,2008,1505,1505,1105,2008,1625,1256,1000,1000
-0.0063,0.0055,-0.5712,-0.0051,0.0049,2.9765,0.0063,-0.0052,3.1416,11.1710,-0.0943,0.2759,-9.5782,0.0112,0.0198,0.0018,-0.1399,0.3259,-9.1604,0.0116,0.0160,0.0037,-7.8261,-1.1482,-7.8766,0.0428,-0.0393,-0.0317,-2.9775,-7.4628,-15.9642,0.0562,-0.0551,0.0019,11.1710,0.0267,-0.0349,0.0173,760.4702,777.6807,699.6811,754.3993,-0.897429,0.573247,-0.085637,0.001791,-0.001928,0.022964,0.000000,0.000000,0.000000,0.000000,0.000000,0.000000,-0.897071,0.573682,-0.090811,1.0000,1.0000,1.0000,1.660,4.810,0.340,5.000,3.000,8.000,1.500,0.060,0.110,23113970,994910560,23113211,161,1245,1506,1505,1505,1000,1000,2008,1505,1505,1105,2008,1625,1255,1000,1000
-0.0062,0.0057,-0.5711,-0.0051,0.0051,2.9766,0.0063,-0.0052,3.1416,11.1710,0.0281,0.4244,-9.5595,-0.0055,0.0183,-0.0022,-0.3143,0.4404,-8.9958,0.0140,0.0196,0.0033,-7.8117,-6.7028,-5.1568,-0.0329,0.0217,-0.0179,7.6675,-2.6592,-17.5408,0.0245,-0.0200,-0.0258,11.1710,0.0352,-0.0378,0.0169,762.0056,774.2139,698.7996,757.2275,-0.897407,0.573236,-0.085429,0.003370,-0.000052,0.023049,0.000000,0.000000,0.000000,0.000000,0.000000,0.000000,-0.897071,0.573682,-0.090811,1.0000,1.0000,1.0000,1.660,4.810,0.340,5.000,3.000,8.000,1.500,0.060,0.110,23124470,994910560,23122211,161,1245,1506,1505,1505,1000,1000,2008,1505,1505,1105,2008,1625,1255,1000,1000
-0.0064,0.0059,-0.5711,-0.0055,0.0052,2.9767,0.0063,-0.0052,3.1416,11.1710,-0.1801,0.3322,-9.4927,0.0053,-0.0049,-0.0095,-0.6388,0.4559,-8.9836,0.0086,-0.0064,-0.0082,-7.7351,-0.9184,-9.8997,0.0239,0.1030,0.0184,21.8806,11.5485,-19.2306,-0.0479,0.0186,-0.0378,11.1710,0.0327,-0.0310,0.0181,762.6296,778.1847,695.5278,755.5395,-0.896982,0.573774,-0.087611,0.004277,0.000955,0.019516,0.000000,0.000000,0.000000,0.000000,0.000000,0.000000,-0.896718,0.574156,-0.090937,1.0000,1.0000,1.0000,1.660,4.810,0.340,5.000,3.000,8.000,1.500,0.060,0.110,23134514,995044364,23134255,162,1245,1506,1505,1505,1000,1000,2008,1505,1505,1105,2008,1625,1255,1000,1000
-0.0065,0.0057,-0.5711,-0.0055,0.0052,2.9767,0.0063,-0.0052,3.1416,11.1710,-0.5215,0.2194,-9.4087,0.0011,-0.0022,-0.0068,-0.5503,-0.0340,-10.0560,0.0097,-0.0084,-0.0077,14.6124,-0.1211,-18.7463,-0.0169,0.0606,-0.0189,-0.5784,-2.8729,-0.6755,0.0248,0.0700,-0.0176,11.1710,0.0314,-0.0325,0.0178,762.0802,777.7075,696.8792,755.3399,-0.896952,0.573784,-0.087444,0.002863,0.001193,0.017965,0.000000,0.000000,0.000000,0.000000,0.000000,0.000000,-0.896718,0.574156,-0.090937,1.0000,1.0000,1.0000,1.660,4.810,0.340,5.000,3.000,8.000,1.500,0.060,0.110,23145014,995044364,23143255,162,1245,1506,1505,1505,1000,1000,2008,1505,1505,1105,2008,1625,1255,1000,1000
-0.0066,0.0057,-0.5711,-0.0055,0.0051,2.9767,0.0063,-0.0052,3.1416,11.1710,-0.2694,-0.0662,-9.4329,0.0042,-0.0025,0.0026,-0.3775,-0.0871,-9.9977,-0.0241,0.0162,-0.0074,10.3746,-5.2232,-16.3425,-0.0380,-0.1003,0.0416,0.0842,8.7525,-1.6649,-0.0317,0.0234,-0.0013,11.1710,0.0333,-0.0322,0.0173,763.1487,776.9125,696.8348,755.1201,-0.896926,0.573799,-0.087241,0.002716,0.001359,0.017407,0.000000,0.000000,0.000000,0.000000,0.000000,0.000000,-0.896718,0.574156,-0.090937,1.0000,1.0000,1.0000,1.660,4.810,0.340,5.000,3.000,8.000,1.500,0.060,0.110,23155514,995044364,23155255,162,1245,1506,1505,1505,1000,1000,2008,1505,1505,1105,2008,1625,1255,1000,1000
-0.0063,0.0059,-0.5711,-0.0055,0.0051,2.9768,0.0063,-0.0052,3.1416,11.1710,0.1380,-0.4872,-9.6869,0.0071,-0.0051,-0.0113,-0.0589,-0.5725,-9.8081,0.0451,-0.0019,-0.0085,-7.4047,5.5292,-1.3572,0.0121,-0.0340,0.0421,-2.2125,8.1330,-10.0491,-0.0117,-0.0615,0.0349,11.1710,0.0305,-0.0330,0.0181,761.3802,778.0714,696.9518,755.6039,-0.896900,0.573810,-0.087077,0.003668,0.000900,0.020401,0.000000,0.000000,0.000000,0.000000,0.000000,0.000000,-0.896718,0.574156,-0.090937,1.0000,1.0000,1.0000,1.660,4.810,0.340,5.000,3.000,8.000,1.500,0.060,0.110,23166014,995044364,23164255,162,1245,1506,1505,1505,1000,1000,2008,1505,1505,1105,2008,1625,1255,1000,1000
-0.0062,0.0059,-0.5711,-0.0054,0.0050,2.9767,0.0063,-0.0052,3.1416,11.1710,-0.1046,-0.4757,-9.7536,0.0050,-0.0065,-0.0039,-0.1604,-0.9111,-10.1545,0.0018,-0.0158,-0.0049,0.0101,3.8030,-9.2150,-0.0079,0.0985,0.0056,8.2404,0.7275,-16.9572,0.0021,0.0541,0.0138,11.1710,0.0273,-0.0279,0.0189,761.5850,781.3250,694.9144,753.9149,-0.896863,0.573816,-0.086821,0.003418,0.000810,0.022067,0.000000,0.000000,0.000000,0.000000,0.000000,0.000000,-0.896718,0.574156,-0.090937,1.0000,1.0000,1.0000,1.660,4.810,0.340,5.000,3.000,8.000,1.500,0.060,0.110,23176514,995044364,23176255,162,1260,1506,1505,1505,1000,1000,2008,1505,1505,1105,2008,1625,1255,1000,1000
-0.0061,0.0058,-0.5711,-0.0053,0.0051,2.9767,0.0063,-0.0052,3.1416,11.8549,-0.0225,-0.6069,-9.9641,-0.0034,0.0161,0.0101,-0.1714,-0.6441,-10.2232,0.0020,0.0084,-0.0057,3.8552,2.3856,-15.4423,0.0041,0.0361,-0.0368,-5.1305,-5.3043,-9.2464,0.0250,0.0341,-0.0080,11.8549,0.0279,-0.0369,0.0179,783.7626,800.8865,721.4241,776.4468,-0.896830,0.573812,-0.086629,0.004404,0.000373,0.020771,0.000000,0.000000,0.000000,0.000000,0.000000,0.000000,-0.896718,0.574156,-0.090937,1.0000,1.0000,1.0000,1.660,4.810,0.340,5.000,3.000,8.000,1.500,0.060,0.110,23187014,995044364,23185255,162,1264,1506,1505,1505,1000,1000,2008,1505,1505,1105,2008,1625,1255,1000,1000
-0.0060,0.0059,-0.5711,-0.0053,0.0053,2.9767,0.0063,-0.0052,3.1416,12.1285,0.3601,-0.5100,-9.9554,-0.0058,0.0107,-0.0013,0.4587,0.1486,-10.4072,-0.0077,0.0008,-0.0048,-1.0481,4.7319,-14.2596,0.0252,0.0516,-0.0250,-5.1036,-9.8798,-3.3547,0.0783,0.0266,-0.0083,12.1285,0.0333,-0.0343,0.0183,795.1043,810.0284,727.1838,785.3618,-0.896775,0.573807,-0.086405,0.004513,0.000790,0.017474,0.000000,0.000000,0.000000,0.000000,0.000000,0.000000,-0.896718,0.574156,-0.090937,1.0000,1.0000,1.0000,1.660,4.810,0.340,5.000,3.000,8.000,1.500,0.060,0.110,23197514,995044364,23197255,162,1266,1506,1505,1505,1000,1000,2008,1505,1505,1105,2008,1625,1255,1000,1000
-0.0060,0.0061,-0.5712,-0.0054,0.0052,2.9766,0.0063,-0.0052,3.1416,12.1285,0.5115,-0.1153,-9.8743,-0.0251,-0.0277,0.0006,0.3139,-0.1293,-9.3658,-0.0295,-0.0371,-0.0053,-5.8269,-5.1896,-8.2429,-0.0350,0.0516,-0.0109,5.5235,14.4611,-16.1635,-0.0461,-0.0541,-0.0306,12.1285,0.0404,-0.0204,0.0181,801.5549,812.6801,720.3303,782.3754,-0.896736,0.573809,-0.086244,0.004065,0.002693,0.018334,0.000000,0.000000,0.000000,0.000000,0.000000,0.000000,-0.896718,0.574156,-0.090937,1.0000,1.0000,1.0000,1.660,4.810,0.340,5.000,3.000,8.000,1.500,0.060,0.110,23208014,995044364,23206255,162,1266,1506,1505,1505,1000,1000,2008,1505,1505,1105,2008,1625,1256,1000,1000
-0.0062,0.0059,-0.5712,-0.0055,0.0049,2.9766,0.0063,-0.0052,3.1416,12.1741,0.1765,0.0765,-9.7849,-0.0105,-0.0267,0.0017,-0.5092,-0.4222,-9.6134,-0.0036,-0.0328,0.0008,5.4162,2.4838,-16.4215,-0.0252,0.0300,0.0200,0.1166,7.4273,-8.7041,-0.0309,0.0290,0.0123,12.1741,0.0356,-0.0196,0.0180,802.3276,815.5173,723.0024,782.0140,-0.896680,0.573840,-0.086019,0.004759,0.003800,0.019155,0.000000,0.000000,0.000000,0.000000,0.000000,0.000000,-0.896718,0.574156,-0.090937,1.0000,1.0000,1.0000,1.660,4.810,0.340,5.000,3.000,8.000,1.500,0.060,0.110,23218514,995044364,23218255,162,1267,1506,1505,1505,1000,1000,2008,1505,1505,1105,2008,1625,1256,1000,1000
-0.0062,0.0059,-0.5712,-0.0056,0.0048,2.9766,0.0063,-0.0052,3.1416,12.1741,0.0916,0.4165,-9.9176,-0.0093,0.0037,-0.0112,0.5534,0.4530,-10.6617,-0.0053,0.0008,-0.0110,-2.2835,-1.0956,-3.1552,0.0737,0.0569,-0.0117,-8.6717,-10.4006,-0.4672,0.0549,-0.0075,-0.0051,12.1741,0.0373,-0.0275,0.0192,799.0574,813.6138,723.9359,786.4687,-0.896624,0.573876,-0.085838,0.006429,0.005278,0.020570,0.000000,0.000000,0.000000,0.000000,0.000000,0.000000,-0.896718,0.574156,-0.090937,1.0000,1.0000,1.0000,1.660,4.810,0.340,5.000,3.000,8.000,1.500,0.060,0.110,23229014,995044364,23227255,162,1267,1506,1505,1505,1000,1000,2008,1505,1505,1105,2008,1625,1256,1000,1000
-0.0063,0.0059,-0.5714,-0.0056,0.0049,2.9764,0.0063,-0.0052,3.1416,12.1741,0.0356,0.6257,-9.6222,0.0072,0.0180,-0.0109,-0.0897,0.3431,-9.7418,-0.0027,-0.0052,-0.0083,0.7835,-9.0659,-5.4417,-0.0369,-0.0065,-0.0107,-2.5124,-4.8356,-11.4049,0.0820,0.0826,-0.0099,12.1741,0.0333,-0.0319,0.0199,796.0496,813.6800,725.8908,787.6478,-0.896544,0.573927,-0.085578,0.005919,0.002581,0.022751,0.000000,0.000000,0.000000,0.000000,0.000000,0.000000,-0.896718,0.574156,-0.090937,1.0000,1.0000,1.0000,1.660,4.810,0.340,5.000,3.000,8.000,1.500,0.060,0.110,23239514,995044364,23239255,162,1267,1506,1505,1505,1000,1000,2008,1505,1505,1105,2008,1625,1256,1000,1000
-0.0065,0.0060,-0.5715,-0.0056,0.0050,2.9763,0.0063,-0.0052,3.1416,12.1741,-0.0398,-0.0877,-9.6377,-0.0117,0.0070,0.0045,-0.0111,0.4448,-10.1071,-0.0325,-0.0192,-0.0084,2.6509,8.4214,-12.2269,0.0052,-0.0126,-0.0008,0.1579,7.0143,-5.4521,-0.0439,-0.0413,-0.0107,12.1741,0.0393,-0.0327,0.0188,798.2579,811.0509,725.7884,788.2185,-0.896490,0.573953,-0.085366,0.005496,0.001528,0.024000,0.000000,0.000000,0.000000,0.000000,0.000000,0.000000,-0.896718,0.574156,-0.090937,1.0000,1.0000,1.0000,1.660,4.810,0.340,5.000,3.000,8.000,1.500,0.060,0.110,23250014,995044364,23248255,162,1267,1506,1505,1505,1000,1000,2008,1505,1505,1105,2008,1625,1256,1000,1000
-0.0066,0.0060,-0.5716,-0.0057,0.0049,2.9762,0.0063,-0.0052,3.1416,12.1741,0.0421,-0.0839,-9.8976,0.0085,-0.0039,-0.0055,0.3640,-0.4065,-9.7318,-0.0039,-0.0452,-0.0125,0.7308,-2.2280,-6.7082,-0.0071,-0.0284,-0.0346,1.3287,6.1182,-10.0150,0.0144,-0.0482,-0.0450,12.1741,0.0347,-0.0289,0.0192,797.9886,813.7867,725.1346,786.2706,-0.896429,0.573970,-0.085079,0.004505,0.000169,0.023456,0.000000,0.000000,0.000000,0.000000,0.000000,0.000000,-0.896718,0.574156,-0.090937,1.0000,1.0000,1.0000,1.660,4.810,0.340,5.000,3.000,8.000,1.500,0.060,0.110,23260514,995044364,23260255,162,1267,1506,1505,1505,1000,1000,2008,1505,1505,1105,2008,1625,1256,1000,1000
-0.0066,0.0059,-0.5717,-0.0056,0.0049,2.9761,0.0063,-0.0052,3.1416,12.2653,0.0689,-0.3876,-9.9083,0.0148,-0.0011,0.0046,-0.1286,-0.7015,-9.6956,0.0132,-0.0041,0.0061,-4.9674,-0.0325,-10.4480,-0.0494,-0.0063,-0.0258,2.9161,8.6394,-14.0087,-0.0541,-0.0450,-0.0051,12.2653,0.0296,-0.0317,0.0190,799.1208,816.9346,730.7527,788.2899,-0.896386,0.573963,-0.084869,0.005241,-0.001969,0.022804,0.000000,0.000000,0.000000,0.000000,0.000000,0.000000,-0.896718,0.574156,-0.090937,1.0000,1.0000,1.0000,1.660,4.810,0.340,5.000,3.000,8.000,1.500,0.060,0.110,23271014,995044364,23269255,162,1269,1506,1505,1505,1000,1000,2008,1505,1505,1105,2008,1625,1256,1000,1000
-0.0065,0.0058,-0.5715,-0.0055,0.0049,2.9763,0.0063,-0.0052,3.1416,12.2653,0.0516,-0.4788,-9.7766,0.0100,0.0046,0.0121,-0.0919,-0.1453,-10.1906,0.0162,-0.0055,0.0131,-0.6698,9.6113,-15.0856,0.0542,0.0902,-0.0096,-0.4455,-4.4262,-0.1206,0.0501,0.0378,0.0107,12.2653,0.0285,-0.0360,0.0166,799.4921,813.7682,735.3596,786.9030,-0.896316,0.573933,-0.084596,0.006156,-0.002311,0.022644,0.000000,0.000000,0.000000,0.000000,0.000000,0.000000,-0.896718,0.574156,-0.090937,1.0000,1.0000,1.0000,1.660,4.810,0.340,5.000,3.000,8.000,1.500,0.060,0.110,23281514,995044364,23281255,162,1269,1506,1505,1505,1000,1000,2008,1505,1505,1105,2008,1625,1256,1000,1000
-0.0064,0.0055,-0.5715,-0.0055,0.0049,2.9763,0.0063,-0.0052,3.1416,12.2653,-0.0361,-0.1316,-9.7986,0.0014,0.0080,-0.0037,-0.5261,-0.0994,-9.8334,0.0079,-0.0050,0.0022,0.6207,-6.7315,-3.5144,-0.1168,-0.0611,0.0312,3.3542,1.4350,-4.7320,-0.0213,0.0144,-0.0205,12.2653,0.0290,-0.0341,0.0170,799.8465,814.6595,734.0143,786.8767,-0.896253,0.573902,-0.084387,0.007314,-0.002505,0.023623,0.000000,0.000000,0.000000,0.000000,0.000000,0.000000,-0.896718,0.574156,-0.090937,1.0000,1.0000,1.0000,1.660,4.810,0.340,5.000,3.000,8.000,1.500,0.060,0.110,23292014,995044364,23290255,162,1269,1506,1505,1505,1000,1000,2008,1505,1505,1105,2008,1625,1256,1000,1000
-0.0061,0.0052,-0.5715,-0.0055,0.0049,2.9762,0.0063,-0.0052,3.1416,12.2653,0.1267,-0.3774,-9.4517,-0.0110,-0.0084,-0.0132,0.2773,0.5887,-10.2121,-0.0079,-0.0146,-0.0169,-9.9210,13.4420,-11.9922,0.1299,0.0774,0.0376,3.6631,12.5271,-22.8113,0.0197,0.0274,0.0224,12.2653,0.0361,-0.0276,0.0195,801.6138,817.1469,726.8669,789.1307,-0.896159,0.573890,-0.084086,0.007982,0.001484,0.026460,0.000000,0.000000,0.000000,0.000000,0.000000,0.000000,-0.896718,0.574156,-0.090937,1.0000,1.0000,1.0000,1.660,4.810,0.340,5.000,3.000,8.000,1.500,0.060,0.110,23302514,995044364,23302255,162,1269,1506,1505,1505,1000,1000,2008,1505,1505,1105,2008,1625,1256,1000,1000
-0.0060,0.0050,-0.5717,-0.0056,0.0049,2.9761,0.0063,-0.0052,3.1416,12.2653,-0.1581,0.2830,-9.7217,-0.0187,0.0082,-0.0203,0.9087,-1.1766,-9.5063,-0.0964,-0.0487,-0.0328,11.2964,-25.7056,-2.6740,0.0601,0.0558,-0.0480,1.0934,-27.9375,0.5815,0.1630,0.0490,-0.0434,12.2653,0.0397,-0.0318,0.0203,800.4328,815.5981,726.4684,792.2924,-0.896087,0.573922,-0.083844,0.007547,0.006100,0.027437,0.000000,0.000000,0.000000,0.000000,0.000000,0.000000,-0.896718,0.574156,-0.090937,1.0000,1.0000,1.0000,1.660,4.810,0.340,5.000,3.000,8.000,1.500,0.060,0.110,23313014,995044364,23311266,162,1269,1506,1505,1505,1000,1000,2008,1505,1505,1105,2008,1625,1256,1000,1000
-0.0061,0.0052,-0.5719,-0.0058,0.0048,2.9758,0.0063,-0.0052,3.1416,12.2653,0.4229,-0.1158,-9.6669,-0.0210,-0.0090,-0.0179,-1.2621,0.1503,-9.9870,0.0049,-0.0308,-0.0063,-8.0703,-12.2214,-8.2046,-0.1134,-0.0579,0.0544,7.7573,32.2728,-16.1420,-0.0589,0.0242,0.0077,12.2653,0.0426,-0.0278,0.0204,802.3661,816.2847,724.0952,791.8021,-0.896008,0.574028,-0.083519,0.005319,0.010569,0.027126,0.000000,0.000000,0.000000,0.000000,0.000000,0.000000,-0.896718,0.574156,-0.090937,1.0000,1.0000,1.0000,1.660,4.810,0.340,5.000,3.000,8.000,1.500,0.060,0.110,23323514,995044364,23323255,162,1269,1506,1505,1505,1000,1000,2008,1505,1505,1105,2008,1625,1256,1000,1000
-0.0062,0.0052,-0.5720,-0.0057,0.0046,2.9758,0.0063,-0.0052,3.1416,12.2653,0.2000,-0.2713,-9.6250,0.0171,-0.0271,0.0191,0.7645,0.6629,-9.6754,0.0029,-0.0440,0.0120,0.9558,4.8253,-7.0578,0.2197,0.0396,-0.0048,-5.6639,-13.4820,-6.8743,0.1558,0.0748,0.0522,12.2653,0.0264,-0.0216,0.0171,803.2359,819.4148,730.1163,782.0985,-0.895971,0.574116,-0.083269,0.002889,0.008412,0.028849,0.000000,0.000000,0.000000,0.000000,0.000000,0.000000,-0.896718,0.574156,-0.090937,1.0000,1.0000,1.0000,1.660,4.810,0.340,5.000,3.000,8.000,1.500,0.060,0.110,23334014,995044364,23332255,162,1269,1506,1505,1505,1000,1000,2008,1505,1505,1105,2008,1625,1256,1000,1000
-0.0061,0.0050,-0.5718,-0.0057,0.0046,2.9760,0.0063,-0.0052,3.1416,12.2653,0.3052,-0.1551,-9.9917,-0.0159,0.0227,0.0240,0.2498,-0.5117,-9.1711,-0.0154,0.0042,0.0297,-13.4022,-10.3851,-8.0011,-0.1259,0.0574,-0.0679,8.1003,7.3609,-17.2140,-0.0578,-0.0024,-0.0631,12.2653,0.0377,-0.0349,0.0162,802.4609,811.5613,732.9012,788.4525,-0.895935,0.574208,-0.082916,0.002783,0.007746,0.029231,0.000000,0.000000,0.000000,0.000000,0.000000,0.000000,-0.896718,0.574156,-0.090937,1.0000,1.0000,1.0000,1.660,4.810,0.340,5.000,3.000,8.000,1.500,0.060,0.110,23344514,995044364,23344255,162,1269,1506,1505,1505,1000,1000,2008,1505,1505,1105,2008,1625,1256,1000,1000
-0.0062,0.0052,-0.5718,-0.0058,0.0049,2.9760,0.0063,-0.0052,3.1416,12.2653,-0.1123,0.0763,-9.9029,0.0042,0.0311,-0.0096,-1.2255,-0.2969,-9.5205,0.0021,0.0231,-0.0041,11.5358,3.9634,-6.0881,0.0105,0.0590,-0.0442,5.2541,2.3257,-1.2788,-0.0218,0.1159,-0.0290,12.2653,0.0374,-0.0426,0.0177,798.6104,810.3999,734.0504,792.4771,-0.895909,0.574273,-0.082652,0.001039,0.006647,0.029129,0.000000,0.000000,0.000000,0.000000,0.000000,0.000000,-0.896718,0.574156,-0.090937,1.0000,1.0000,1.0000,1.660,4.810,0.340,5.000,3.000,8.000,1.500,0.060,0.110,23355014,995044364,23353255,162,1269,1506,1505,1505,1000,1000,2008,1505,1505,1105,2008,1625,1256,1000,1000
-0.0065,0.0056,-0.5720,-0.0055,0.0050,2.9758,0.0063,-0.0052,3.1416,12.2653,0.3976,0.1883,-9.8195,0.0389,-0.0015,-0.0184,-0.5813,-0.0145,-10.0211,0.0680,0.0027,-0.0199,-7.2299,0.5804,3.0577,-0.0396,-0.0598,-0.0288,-21.9815,-5.8484,-4.9026,-0.0101,-0.1398,-0.0176,12.2653,0.0195,-0.0317,0.0196,796.1182,819.8948,732.7773,786.3728,-0.895924,0.574339,-0.082295,-0.004557,0.004691,0.030316,0.000000,0.000000,0.000000,0.000000,0.000000,0.000000,-0.896718,0.574156,-0.090937,1.0000,1.0000,1.0000,1.660,4.810,0.340,5.000,3.000,8.000,1.500,0.060,0.110,23365514,995044364,23365255,162,1269,1506,1505,1505,1000,1000,2008,1505,1505,1105,2008,1625,1256,1000,1000
-0.0059,0.0056,-0.5721,-0.0055,0.0049,2.9757,0.0063,-0.0052,3.1416,12.2653,-0.3535,-0.3680,-9.3372,-0.0265,-0.0201,-0.0161,0.2825,-0.1246,-9.4128,-0.0026,-0.0356,-0.0136,11.8399,2.3473,-20.1613,-0.0390,0.0835,0.0133,8.3176,-2.0990,-13.2509,-0.0487,0.0639,0.0197,12.2653,0.0333,-0.0204,0.0191,803.7004,819.7618,725.5208,785.5267,-0.895978,0.574391,-0.082012,-0.007253,0.006391,0.031648,0.000000,0.000000,0.000000,0.000000,0.000000,0.000000,-0.896718,0.574156,-0.090937,1.0000,1.0000,1.0000,1.660,4.810,0.340,5.000,3.000,8.000,1.500,0.060,0.110,23376014,995044364,23374255,162,1269,1506,1505,1505,1000,1000,2008,1505,1505,1105,2008,1625,1256,1000,1000
-0.0063,0.0053,-0.5722,-0.0058,0.0047,2.9755,0.0063,-0.0052,3.1416,12.2653,-0.2517,0.1068,-10.2293,-0.0079,0.0067,-0.0125,-0.7890,-1.2097,-9.3869,0.0020,-0.0049,-0.0083,2.3588,-9.0994,-6.2749,-0.0441,-0.0854,-0.0061,-8.6411,-2.1546,-3.0063,0.0117,-0.0509,0.0048,12.2653,0.0429,-0.0240,0.0190,804.8963,816.2618,724.2109,789.1475,-0.896066,0.574473,-0.081640,-0.007151,0.005435,0.028512,0.000000,0.000000,0.000000,0.000000,0.000000,0.000000,-0.896718,0.574156,-0.090937,1.0000,1.0000,1.0000,1.660,4.810,0.340,5.000,3.000,8.000,1.500,0.060,0.110,23386514,995044364,23386255,162,1269,1506,1505,1505,1000,1000,2008,1505,1505,1105,2008,1625,1256,1000,1000
-0.0062,0.0052,-0.5724,-0.0056,0.0049,2.9754,0.0063,-0.0052,3.1416,12.2653,-0.0325,-0.6450,-9.7096,0.0197,0.0296,-0.0054,-0.3982,-0.9183,-9.7358,0.0248,0.0332,-0.0123,2.0165,9.6496,-12.4783,-0.0220,-0.0174,0.0136,2.8748,14.4988,-12.7463,-0.0847,0.0035,0.0107,12.2653,0.0243,-0.0352,0.0198,795.9759,817.7617,732.5263,788.9675,-0.896134,0.574501,-0.081406,-0.006987,0.001282,0.024043,0.000000,0.000000,0.000000,0.000000,0.000000,0.000000,-0.896718,0.574156,-0.090937,1.0000,1.0000,1.0000,1.660,4.810,0.340,5.000,3.000,8.000,1.500,0.060,0.110,23397014,995044364,23395255,162,1269,1506,1505,1505,1000,1000,2008,1505,1505,1105,2008,1625,1256,1000,1000
-0.0059,0.0053,-0.5724,-0.0057,0.0051,2.9754,0.0063,-0.0052,3.1416,12.2653,0.4173,-0.5208,-9.3189,-0.0311,0.0099,-0.0060,0.8498,0.5680,-9.4798,-0.0453,-0.0019,-0.0068,0.0006,5.2539,-11.2692,0.0281,-0.0097,-0.0386,-7.0645,-7.2257,-12.2129,0.0399,-0.0112,0.0067,12.2653,0.0437,-0.0346,0.0189,801.7401,812.5066,728.0332,792.7104,-0.896220,0.574522,-0.081116,-0.007532,0.003293,0.025317,0.000000,0.000000,0.000000,0.000000,0.000000,0.000000,-0.896718,0.574156,-0.090937,1.0000,1.0000,1.0000,1.660,4.810,0.340,5.000,3.000,8.000,1.500,0.060,0.110,23407514,995044364,23407255,162,1269,1506,1505,1505,1000,1000,2008,1505,1505,1105,2008,1625,1256,1000,1000
-0.0063,0.0055,-0.5725,-0.0059,0.0050,2.9753,0.0063,-0.0052,3.1416,12.3109,0.5584,0.2028,-9.4412,-0.0102,-0.0269,-0.0029,0.9767,0.9625,-9.7051,-0.0111,-0.0158,-0.0005,-0.4472,-3.8728,-9.0665,-0.0481,0.0215,-0.0229,0.7163,9.4241,-8.3432,-0.0168,-0.0357,-0.0426,12.3109,0.0383,-0.0227,0.0185,806.1616,818.8719,727.0672,788.3224,-0.896291,0.574538,-0.080883,-0.008450,0.002542,0.027507,0.000000,0.000000,0.000000,0.000000,0.000000,0.000000,-0.896718,0.574156,-0.090937,1.0000,1.0000,1.0000,1.660,4.810,0.340,5.000,3.000,8.000,1.500,0.060,0.110,23418014,995044364,23416255,162,1270,1506,1505,1505,1000,1000,2008,1505,1505,1105,2008,1625,1255,1000,1000
-0.0064,0.0054,-0.5725,-0.0058,0.0047,2.9753,0.0063,-0.0052,3.1416,12.3109,0.2745,0.0277,-9.7543,0.0096,-0.0243,0.0001,-0.0208,-0.2513,-9.9690,0.0135,-0.0367,-0.0029,1.9135,6.1134,-9.4759,-0.0009,0.0108,0.0216,-4.1141,8.1546,-8.8891,-0.0391,0.0639,0.0027,12.3109,0.0296,-0.0199,0.0182,805.2176,821.5938,728.8124,784.8360,-0.896398,0.574559,-0.080544,-0.009547,0.002626,0.028908,0.000000,0.000000,0.000000,0.000000,0.000000,0.000000,-0.896718,0.574156,-0.090937,1.0000,1.0000,1.0000,1.660,4.810,0.340,5.000,3.000,8.000,1.500,0.060,0.110,23428514,995044364,23428255,162,1270,1506,1505,1505,1000,1000,2008,1505,1505,1105,2008,1625,1255,1000,1000
-0.0063,0.0055,-0.5725,-0.0058,0.0047,2.9753,0.0063,-0.0052,3.1416,12.3109,0.1464,0.3656,-9.9311,-0.0221,0.0034,0.0055,-0.0614,-0.3743,-9.9010,-0.0080,-0.0029,0.0057,-5.9155,-11.9796,-5.0610,-0.0302,0.0132,-0.0171,-4.1303,-10.4113,-9.4224,0.0013,0.0493,-0.0096,12.3109,0.0396,-0.0275,0.0177,805.5911,816.3236,729.4136,789.3804,-0.896474,0.574592,-0.080281,-0.008757,0.005151,0.030289,0.000000,0.000000,0.000000,0.000000,0.000000,0.000000,-0.896718,0.574156,-0.090937,1.0000,1.0000,1.0000,1.660,4.810,0.340,5.000,3.000,8.000,1.500,0.060,0.110,23439014,995044364,23437255,162,1270,1506,1505,1505,1000,1000,2008,1505,1505,1105,2008,1625,1255,1000,1000
-0.0066,0.0054,-0.5725,-0.0061,0.0047,2.9752,0.0063,-0.0052,3.1416,12.3109,-0.3100,0.4609,-9.8967,-0.0019,0.0037,-0.0097,-0.0180,1.0149,-10.3323,-0.0091,-0.0101,-0.0087,1.3629,4.2244,-14.8557,0.0167,0.0494,0.0024,4.9057,-4.9901,-12.3153,0.0088,0.0325,0.0091,12.3109,0.0391,-0.0285,0.0193,803.8170,817.4291,728.0781,791.2756,-0.896563,0.574659,-0.079914,-0.006887,0.004497,0.030722,0.000000,0.000000,0.000000,0.000000,0.000000,0.000000,-0.896718,0.574156,-0.090937,1.0000,1.0000,1.0000,1.660,4.810,0.340,5.000,3.000,8.000,1.500,0.060,0.110,23449514,995044364,23449255,162,1270,1506,1505,1505,1000,1000,2008,1505,1505,1105,2008,1625,1255,1000,1000
-0.0067,0.0051,-0.5727,-0.0058,0.0045,2.9751,0.0063,-0.0052,3.1416,12.3109,-0.2942,-0.0122,-9.9607,0.0357,-0.0053,-0.0043,0.0938,0.0122,-10.2532,0.0418,-0.0110,-0.0070,1.1186,0.0082,-0.7778,-0.0036,-0.0638,-0.0083,-2.1083,-2.9555,-0.7114,0.0658,0.0160,-0.0104,12.3109,0.0209,-0.0244,0.0196,800.3727,823.4587,731.1191,785.6913,-0.896625,0.574694,-0.079625,-0.006980,0.002234,0.032966,0.000000,0.000000,0.000000,0.000000,0.000000,0.000000,-0.896718,0.574156,-0.090937,1.0000,1.0000,1.0000,1.660,4.810,0.340,5.000,3.000,8.000,1.500,0.060,0.110,23460014,995044364,23458256,162,1270,1506,1505,1505,1000,1000,2008,1505,1505,1105,2008,1625,1255,1000,1000
-0.0065,0.0049,-0.5727,-0.0044,0.0047,2.9749,0.0063,-0.0052,3.1416,12.3109,-0.1235,-0.4719,-10.0532,-0.0081,0.0107,0.0136,-0.5862,-1.1083,-9.1111,-0.0039,0.0073,0.0128,-4.3856,3.3170,-5.5782,-0.1072,-0.0414,-0.0019,-3.0960,10.8894,-11.6060,-0.0959,-0.0218,-0.0080,12.3109,0.0307,-0.0281,0.0181,802.8856,818.6301,731.5590,787.7612,-0.896489,0.571533,-0.086490,-0.005414,-0.006464,0.020427,0.000000,0.000000,0.000000,0.000000,0.000000,0.000000,-0.896422,0.571044,-0.090185,1.0000,1.0000,1.0000,1.660,4.810,0.340,5.000,3.000,8.000,1.500,0.060,0.110,23470061,995176718,23467303,163,1270,1506,1505,1505,1000,1000,2008,1505,1505,1105,2008,1625,1255,1000,1000
-0.0066,0.0048,-0.5726,-0.0053,0.0049,2.9751,0.0063,-0.0052,3.1416,12.3109,-0.1904,-0.6289,-10.0565,-0.0187,0.0296,0.0149,0.4449,-0.5519,-10.3506,-0.0073,0.0322,0.0185,5.7490,9.0774,-16.2587,0.0433,0.0111,-0.0264,1.4310,5.5005,-13.0246,-0.0320,0.0083,-0.0107,12.3109,0.0414,-0.0407,0.0167,802.5582,810.7765,734.7755,793.2047,-0.896324,0.572969,-0.087936,-0.002542,0.000290,0.014389,0.000000,0.000000,0.000000,0.000000,0.000000,0.000000,-0.896056,0.574576,-0.090483,1.0000,1.0000,1.0000,1.660,4.810,0.340,5.000,3.000,8.000,1.500,0.060,0.110,23480214,995331616,23479455,164,1270,1506,1505,1505,1000,1000,2008,1505,1505,1105,2008,1625,1255,1000,1000
-0.0066,0.0049,-0.5726,-0.0052,0.0051,2.9751,0.0063,-0.0052,3.1416,12.5389,0.3702,-0.2264,-9.7124,0.0260,0.0120,-0.0064,0.2247,-1.0076,-9.4318,0.0280,0.0053,-0.0073,-9.0304,5.0504,-9.3155,0.1083,0.0063,-0.0735,0.7576,-15.1197,-4.5740,0.1561,-0.0040,-0.0399,12.5389,0.0265,-0.0411,0.0183,805.1258,823.2232,744.1816,797.8389,-0.896342,0.572964,-0.087814,-0.001343,-0.001458,0.011804,0.000000,0.000000,0.000000,0.000000,0.000000,0.000000,-0.896056,0.574576,-0.090483,1.0000,1.0000,1.0000,1.660,4.810,0.340,5.000,3.000,8.000,1.500,0.060,0.110,23490714,995331616,23488455,164,1277,1506,1505,1505,1000,1000,2008,1505,1505,1105,2008,1625,1255,1000,1000
-0.0063,0.0050,-0.5727,-0.0048,0.0048,2.9749,0.0063,-0.0052,3.1416,12.6301,0.2931,-0.0575,-9.2616,0.0215,-0.0499,-0.0270,0.7722,-0.0642,-9.3356,0.0168,-0.0461,-0.0227,4.2239,-19.4926,-4.7713,-0.1837,-0.0217,-0.0498,7.9549,-5.7030,-13.8129,-0.0663,-0.0165,-0.0991,12.6301,0.0203,-0.0239,0.0198,811.0112,834.4383,740.8134,794.8248,-0.896366,0.572922,-0.087668,-0.002885,-0.004766,0.013438,0.000000,0.000000,0.000000,0.000000,0.000000,0.000000,-0.896056,0.574576,-0.090483,1.0000,1.0000,1.0000,1.660,4.810,0.340,5.000,3.000,8.000,1.500,0.060,0.110,23500742,995331616,23500483,164,1277,1506,1505,1505,1000,1000,2008,1505,1505,1105,2008,1625,1255,1000,1000
-0.0063,0.0047,-0.5730,-0.0049,0.0044,2.9747,0.0063,-0.0052,3.1416,12.6301,0.3165,-0.6907,-9.2212,-0.0418,-0.0648,-0.0231,-0.3519,1.9368,-9.3948,-0.0309,-0.0807,-0.0151,-10.8476,24.5033,-10.3618,0.0329,-0.0619,0.0557,-14.2923,7.1184,-6.5349,-0.1603,-0.1646,0.0482,12.6301,0.0367,-0.0159,0.0199,817.5850,833.1299,733.4237,796.3143,-0.896393,0.572861,-0.087539,-0.003423,-0.007651,0.015581,0.000000,0.000000,0.000000,0.000000,0.000000,0.000000,-0.896056,0.574576,-0.090483,1.0000,1.0000,1.0000,1.660,4.810,0.340,5.000,3.000,8.000,1.500,0.060,0.110,23511242,995331616,23509483,164,1277,1506,1505,1505,1000,1000,2008,1505,1505,1105,2008,1625,1255,1000,1000
-0.0068,0.0041,-0.5731,-0.0054,0.0038,2.9745,0.0063,-0.0052,3.1416,13.4052,-0.0890,0.5868,-9.7991,-0.0260,-0.0407,-0.0117,-0.4075,-0.7629,-9.4235,-0.0276,-0.0411,-0.0125,-1.9172,-9.4633,-8.0801,0.0065,0.0910,-0.0091,7.1091,-6.9133,-16.6484,0.0820,0.0975,0.0072,13.4052,0.0497,-0.0157,0.0190,846.8546,854.4924,754.7632,820.4520,-0.896429,0.572736,-0.087346,-0.003019,-0.013235,0.016133,0.000000,0.000000,0.000000,0.000000,0.000000,0.000000,-0.896056,0.574576,-0.090483,1.0000,1.0000,1.0000,1.660,4.810,0.340,5.000,3.000,8.000,1.500,0.060,0.110,23521742,995331616,23521484,164,1294,1506,1505,1505,1000,1000,2008,1505,1505,1105,2008,1625,1255,1000,1000
-0.0072,0.0039,-0.5732,-0.0053,0.0036,2.9745,0.0063,-0.0052,3.1416,13.6332,0.0393,-0.1559,-10.1843,0.0214,-0.0052,0.0017,0.0491,0.1206,-11.1544,0.0167,-0.0057,-0.0047,0.8816,12.2018,-9.1264,0.0390,-0.0182,0.0360,-0.0073,5.8866,-1.6721,-0.0160,0.0013,0.0306,13.6332,0.0265,-0.0212,0.0193,846.8691,865.5976,769.2406,823.2266,-0.896458,0.572591,-0.087217,-0.003889,-0.017787,0.013292,0.000000,0.000000,0.000000,0.000000,0.000000,0.000000,-0.896056,0.574576,-0.090483,1.0000,1.0000,1.0000,1.660,4.810,0.340,5.000,3.000,8.000,1.500,0.060,0.110,23532242,995331616,23530483,164,1299,1506,1505,1505,1000,1000,2008,1505,1505,1105,2008,1625,1255,1000,1000
-0.0065,0.0043,-0.5732,-0.0051,0.0036,2.9745,0.0063,-0.0052,3.1416,13.7244,0.2490,-0.1002,-10.0044,-0.0002,0.0125,0.0022,0.6945,0.4391,-9.7104,0.0097,0.0030,0.0007,-0.7800,-1.2919,-1.5439,0.0622,-0.0254,-0.0341,-7.9803,-8.6372,-19.4407,0.1310,-0.0099,-0.0229,13.7244,0.0330,-0.0337,0.0182,848.3415,862.2850,775.7368,830.1767,-0.896514,0.572381,-0.087077,-0.005574,-0.016907,0.011191,0.000000,0.000000,0.000000,0.000000,0.000000,0.000000,-0.896056,0.574576,-0.090483,1.0000,1.0000,1.0000,1.660,4.810,0.340,5.000,3.000,8.000,1.500,0.060,0.110,23542742,995331616,23542483,164,1301,1506,1505,1505,1000,1000,2008,1505,1505,1105,2008,1625,1255,1000,1000
-0.0063,0.0045,-0.5733,-0.0053,0.0036,2.9744,0.0063,-0.0052,3.1416,13.7244,0.1309,-0.3494,-9.8111,-0.0370,0.0091,-0.0036,0.3499,0.0305,-9.1175,-0.0341,0.0000,-0.0050,3.4219,2.0696,-11.1878,-0.0380,-0.0020,-0.0933,4.3491,0.4114,-8.4258,-0.0256,0.0168,-0.0855,13.7244,0.0463,-0.0326,0.0184,851.5732,859.7910,771.6720,833.2374,-0.896566,0.572231,-0.086972,-0.006008,-0.015516,0.011701,0.000000,0.000000,0.000000,0.000000,0.000000,0.000000,-0.896056,0.574576,-0.090483,1.0000,1.0000,1.0000,1.660,4.810,0.340,5.000,3.000,8.000,1.500,0.060,0.110,23553242,995331616,23551483,164,1302,1506,1505,1505,1000,1000,2008,1505,1505,1105,2008,1625,1255,1000,1000
-0.0063,0.0047,-0.5735,-0.0057,0.0036,2.9741,0.0063,-0.0052,3.1416,13.7699,0.1033,-0.0282,-10.0751,-0.0335,-0.0001,-0.0373,-0.5587,-0.4692,-9.9203,-0.0298,-0.0027,-0.0308,11.9524,-3.7028,2.4089,-0.0873,-0.1648,-0.0626,-14.9297,-2.5012,-8.5281,0.0170,-0.0554,-0.0442,13.7699,0.0463,-0.0281,0.0211,852.2617,864.7125,768.5917,835.7746,-0.896643,0.572051,-0.086838,-0.007200,-0.014724,0.009739,0.000000,0.000000,0.000000,0.000000,0.000000,0.000000,-0.896056,0.574576,-0.090483,1.0000,1.0000,1.0000,1.660,4.810,0.340,5.000,3.000,8.000,1.500,0.060,0.110,23563742,995331616,23563483,164,1302,1506,1505,1505,1000,1000,2008,1505,1505,1105,2008,1625,1255,1000,1000
-0.0067,0.0045,-0.5740,-0.0060,0.0034,2.9737,0.0063,-0.0052,3.1416,13.7699,-0.2950,-0.2172,-9.6003,-0.0352,-0.0275,-0.0536,2.6219,-0.2692,-8.8165,-0.0295,-0.0205,-0.0533,17.4399,0.6977,-15.7679,0.0718,0.1147,-0.0218,23.9726,-6.0406,-0.8963,-0.0013,0.0764,-0.0376,13.7699,0.0444,-0.0190,0.0233,852.8660,869.6751,763.5250,834.6523,-0.896712,0.571912,-0.086760,-0.008308,-0.015410,0.007003,0.000000,0.000000,0.000000,0.000000,0.000000,0.000000,-0.896056,0.574576,-0.090483,1.0000,1.0000,1.0000,1.660,4.810,0.340,5.000,3.000,8.000,1.500,0.060,0.110,23574242,995331616,23572483,164,1302,1506,1505,1505,1000,1000,2008,1505,1505,1105,2008,1625,1255,1000,1000
-0.0069,0.0041,-0.5745,-0.0063,0.0028,2.9731,0.0063,-0.0052,3.1416,13.7699,0.2395,-0.3162,-9.7168,-0.0293,-0.0442,-0.0384,-1.8474,-0.1998,-8.6382,0.0031,-0.0432,-0.0469,-3.3106,-3.9063,6.1223,-0.1379,-0.2386,0.0970,-22.6423,22.7501,-24.6806,-0.2511,-0.4839,0.0197,13.7699,0.0424,-0.0115,0.0237,854.3853,872.7291,760.9647,832.2454,-0.896829,0.571731,-0.086684,-0.011354,-0.013594,0.006083,0.000000,0.000000,0.000000,0.000000,0.000000,0.000000,-0.896056,0.574576,-0.090483,1.0000,1.0000,1.0000,1.660,4.810,0.340,5.000,3.000,8.000,1.500,0.060,0.110,23584742,995331616,23584483,164,1302,1506,1505,1505,1000,1000,2008,1505,1505,1105,2008,1625,1255,1000,1000
-0.0072,0.0035,-0.5748,-0.0067,0.0021,2.9728,0.0063,-0.0052,3.1416,13.7699,-0.0333,-0.0545,-9.9767,-0.0785,-0.0818,-0.0400,0.4913,1.4813,-12.4623,-0.1472,-0.1295,-0.0406,20.5859,-20.1941,-2.8536,0.0015,-0.1051,-0.0895,4.4011,-24.1773,11.0865,0.1105,0.0421,-0.0714,13.7699,0.0552,0.0008,0.0233,861.4487,873.2388,753.7675,830.9781,-0.896955,0.571621,-0.086640,-0.015234,-0.009378,0.004478,0.000000,0.000000,0.000000,0.000000,0.000000,0.000000,-0.896056,0.574576,-0.090483,1.0000,1.0000,1.0000,1.660,4.810,0.340,5.000,3.000,8.000,1.500,0.060,0.110,23595242,995331616,23593483,164,1302,1506,1505,1505,1000,1000,2008,1505,1505,1105,2008,1625,1255,1000,1000
-0.0078,0.0029,-0.5753,-0.0081,0.0013,2.9721,0.0063,-0.0052,3.1416,13.7699,0.6325,-0.0788,-10.2880,-0.0906,-0.0748,-0.0589,1.1821,-2.7337,-8.6937,-0.0944,-0.0940,-0.0576,-18.2816,17.4116,-10.0458,0.0540,-0.0452,-0.0991,8.9335,6.6318,-18.2358,-0.0668,-0.0783,-0.0530,13.7699,0.0697,-0.0010,0.0237,863.9522,869.6626,750.1859,835.3589,-0.896660,0.572127,-0.088282,-0.017975,-0.000742,-0.003410,0.000000,0.000000,0.000000,0.000000,0.000000,0.000000,-0.896252,0.572592,-0.090532,1.0000,1.0000,1.0000,1.660,4.810,0.340,5.000,3.000,8.000,1.500,0.060,0.110,23605789,995444743,23605483,165,1302,1506,1505,1505,1000,1000,2008,1505,1505,1105,2008,1625,1255,1000,1000
-0.0087,0.0023,-0.5759,-0.0087,0.0007,2.9716,0.0063,-0.0052,3.1416,13.8611,0.1060,1.0130,-10.5554,-0.0532,-0.0513,-0.0500,1.1956,3.7213,-11.9822,-0.0325,-0.0825,-0.0521,-3.4064,-24.3169,-0.9406,-0.2764,-0.1843,-0.0570,-8.9554,14.0732,-12.3692,-0.2069,-0.1827,-0.1236,13.8611,0.0674,-0.0038,0.0228,866.0846,871.5298,755.4687,837.3948,-0.896822,0.572127,-0.088328,-0.020320,0.001581,-0.006956,0.000000,0.000000,0.000000,0.000000,0.000000,0.000000,-0.896252,0.572592,-0.090532,1.0000,1.0000,1.0000,1.660,4.810,0.340,5.000,3.000,8.000,1.500,0.060,0.110,23616288,995444743,23614040,165,1304,1506,1505,1505,1000,1000,2008,1505,1505,1105,2008,1625,1256,1000,1000
-0.0092,0.0020,-0.5765,-0.0094,-0.0000,2.9710,0.0063,-0.0052,3.1416,13.8611,-0.1138,-0.1573,-10.1660,-0.0570,-0.0697,-0.0633,-0.3233,-1.9774,-9.7490,-0.0895,-0.1139,-0.0712,6.1369,26.1696,-16.6131,0.1488,-0.0723,0.0440,2.9789,4.2830,-2.7890,-0.0067,-0.1446,0.0019,13.8611,0.0594,-0.0078,0.0230,862.8806,872.3306,758.7423,836.9088,-0.897071,0.572173,-0.088431,-0.021170,0.006696,-0.009655,0.000000,0.000000,0.000000,0.000000,0.000000,0.000000,-0.896252,0.572592,-0.090532,1.0000,1.0000,1.0000,1.660,4.810,0.340,5.000,3.000,8.000,1.500,0.060,0.110,23626788,995444743,23626029,165,1304,1506,1505,1505,1000,1000,2008,1505,1505,1105,2008,1625,1256,1000,1000
-0.0099,0.0012,-0.5771,-0.0101,-0.0009,2.9704,0.0063,-0.0052,3.1416,13.8611,0.1314,0.0021,-9.9567,-0.0857,-0.1135,-0.0605,0.4575,1.9243,-10.9972,-0.1592,-0.2215,-0.0662,-0.6890,3.7527,-14.6642,-0.3732,-0.1832,0.0104,0.7900,19.9650,-13.0318,-0.5073,-0.4317,-0.0479,13.8611,0.0710,0.0163,0.0249,871.4182,878.4102,745.1313,833.9276,-0.897266,0.572265,-0.088514,-0.021134,0.012902,-0.009083,0.000000,0.000000,0.000000,0.000000,0.000000,0.000000,-0.896252,0.572592,-0.090532,1.0000,1.0000,1.0000,1.660,4.810,0.340,5.000,3.000,8.000,1.500,0.060,0.110,23637288,995444743,23635029,165,1304,1506,1505,1505,1000,1000,2008,1505,1505,1105,2008,1625,1255,1000,1000
-0.0109,-0.0001,-0.5776,-0.0114,-0.0027,2.9699,0.0063,-0.0052,3.1416,13.8611,0.7172,0.0636,-10.0947,-0.1176,-0.1628,-0.0330,-0.6222,-3.5761,-9.3986,-0.1246,-0.2013,-0.0393,-5.0153,2.5508,3.0960,-0.0785,-0.2088,-0.0477,-4.7983,-9.5979,-11.0026,-0.0221,-0.2280,-0.0389,13.8611,0.0835,0.0340,0.0227,881.2715,879.1651,738.0314,829.0770,-0.897528,0.572458,-0.088621,-0.022884,0.018175,-0.009893,0.000000,0.000000,0.000000,0.000000,0.000000,0.000000,-0.896252,0.572592,-0.090532,1.0000,1.0000,1.0000,1.660,4.810,0.340,5.000,3.000,8.000,1.500,0.060,0.110,23647788,995444743,23647029,165,1304,1506,1505,1505,1000,1000,2008,1505,1505,1105,2008,1625,1255,1000,1000
-0.0120,-0.0015,-0.5781,-0.0126,-0.0042,2.9695,0.0063,-0.0052,3.1416,13.8611,0.3981,-0.0008,-9.8392,-0.1434,-0.1828,-0.0482,1.6727,1.3132,-11.0636,-0.1730,-0.2186,-0.0475,8.3156,11.4309,-8.2932,-0.1259,-0.1184,-0.0853,6.1645,6.9838,3.2338,-0.1718,-0.1385,-0.0714,13.8611,0.0936,0.0434,0.0235,885.6949,880.3745,730.9868,829.3210,-0.897745,0.572630,-0.088720,-0.025314,0.020364,-0.012865,0.000000,0.000000,0.000000,0.000000,0.000000,0.000000,-0.896252,0.572592,-0.090532,1.0000,1.0000,1.0000,1.660,4.810,0.340,5.000,3.000,8.000,1.500,0.060,0.110,23658288,995444743,23656029,165,1304,1506,1505,1505,1000,1000,2008,1505,1505,1105,2008,1625,1255,1000,1000
-0.0135,-0.0030,-0.5787,-0.0143,-0.0062,2.9688,0.0063,-0.0052,3.1416,13.8611,0.0850,0.3408,-10.2732,-0.1450,-0.1609,-0.0572,-1.7867,-1.7786,-8.2893,-0.1282,-0.1799,-0.0639,-10.6919,-4.7994,-13.3569,-0.2306,0.0188,-0.0493,10.7669,10.4764,-28.1733,-0.2517,-0.0977,-0.0882,13.8611,0.0992,0.0428,0.0245,886.0529,879.6897,728.5381,831.8163,-0.898067,0.572880,-0.088909,-0.029151,0.020510,-0.019170,0.000000,0.000000,0.000000,0.000000,0.000000,0.000000,-0.896252,0.572592,-0.090532,1.0000,1.0000,1.0000,1.660,4.810,0.340,5.000,3.000,8.000,1.500,0.060,0.110,23668788,995444743,23668029,165,1304,1506,1505,1505,1000,1000,2008,1505,1505,1105,2008,1625,1255,1000,1000
-0.0151,-0.0044,-0.5792,-0.0156,-0.0074,2.9684,0.0063,-0.0052,3.1416,13.8611,-0.1485,0.5065,-10.5966,-0.1366,-0.1185,-0.0599,1.3177,2.8467,-12.4362,-0.1479,-0.1316,-0.0653,-14.7908,-26.4597,5.2292,-0.2796,-0.1600,-0.0533,-15.3033,-10.8621,-17.3972,-0.0634,-0.0879,-0.0360,13.8611,0.0971,0.0327,0.0249,882.2155,877.4554,732.2509,834.9889,-0.898330,0.573072,-0.089101,-0.030338,0.021097,-0.022676,0.000000,0.000000,0.000000,0.000000,0.000000,0.000000,-0.896252,0.572592,-0.090532,1.0000,1.0000,1.0000,1.660,4.810,0.340,5.000,3.000,8.000,1.500,0.060,0.110,23679288,995444743,23677029,165,1304,1506,1505,1505,1000,1000,2008,1505,1505,1105,2008,1625,1255,1000,1000
-0.0165,-0.0058,-0.5798,-0.0174,-0.0090,2.9677,0.0063,-0.0052,3.1416,13.8611,-0.2620,-0.4468,-10.1970,-0.1582,-0.1268,-0.0366,-1.6678,-3.2952,-8.8264,-0.1355,-0.0319,-0.0725,14.3921,21.7667,-21.0543,-0.0172,-0.1536,-0.0562,-8.3897,-17.7863,11.9736,-0.0250,-0.1057,-0.0059,13.8611,0.1029,0.0394,0.0251,885.3566,878.3325,728.0131,834.4474,-0.898691,0.573353,-0.089378,-0.029290,0.026080,-0.024400,0.000000,0.000000,0.000000,0.000000,0.000000,0.000000,-0.896252,0.572592,-0.090532,1.0000,1.0000,1.0000,1.660,4.810,0.340,5.000,3.000,8.000,1.500,0.060,0.110,23689788,995444743,23689029,165,1304,1506,1505,1505,1000,1000,2008,1505,1505,1105,2008,1625,1255,1000,1000
-0.0179,-0.0067,-0.5804,-0.0188,-0.0102,2.9672,0.0063,-0.0052,3.1416,13.8611,0.0730,-0.4364,-9.6477,-0.1602,-0.1239,-0.0698,1.1830,-0.1372,-8.6221,-0.1509,-0.1908,-0.0507,19.7360,19.2432,-30.3558,-0.1059,-0.0865,-0.0759,21.9435,21.5255,-29.6332,-0.2093,-0.1039,-0.0778,13.8611,0.1056,0.0375,0.0260,884.7164,877.8461,726.9653,836.5491,-0.898961,0.573600,-0.089606,-0.030068,0.028300,-0.027633,0.000000,0.000000,0.000000,0.000000,0.000000,0.000000,-0.896252,0.572592,-0.090532,1.0000,1.0000,1.0000,1.660,4.810,0.340,5.000,3.000,8.000,1.500,0.060,0.110,23700288,995444743,23698029,165,1304,1506,1505,1505,1000,1000,2008,1505,1505,1105,2008,1625,1255,1000,1000
-0.0195,-0.0078,-0.5811,-0.0190,-0.0100,2.9691,0.0063,-0.0052,3.1416,13.8611,0.3727,0.3076,-10.1754,-0.1828,-0.0944,-0.0675,-1.2379,1.2259,-11.8883,-0.1603,-0.0911,-0.0575,-19.6391,-18.7935,4.8342,-0.2788,-0.2311,-0.1045,-18.5517,-21.5250,3.3290,-0.1814,-0.2357,-0.0599,13.8611,0.1154,0.0300,0.0258,884.7896,873.2592,727.2008,841.0557,-0.897476,0.570617,-0.090212,-0.026372,0.014883,-0.035685,0.000000,0.000000,0.000000,0.000000,0.000000,0.000000,-0.895895,0.567910,-0.090420,1.0000,1.0000,1.0000,1.660,4.810,0.340,5.000,3.000,8.000,1.500,0.060,0.110,23710337,995577881,23710078,166,1304,1506,1505,1505,1000,1000,2008,1505,1505,1105,2008,1625,1255,1000,1000
-0.0214,-0.0085,-0.5818,-0.0204,-0.0107,2.9684,0.0063,-0.0052,3.1416,13.8611,-0.2737,0.2387,-10.2137,-0.1605,-0.0520,-0.0579,-0.5243,-3.0969,-7.0474,-0.1710,-0.0704,-0.0562,5.0116,20.2200,-27.3367,0.0420,0.1115,-0.1127,12.7835,-9.0340,-1.7439,0.0431,0.1089,-0.0791,13.8611,0.1166,0.0201,0.0260,881.9974,870.0856,730.2665,844.6136,-0.897724,0.570738,-0.090566,-0.029289,0.012873,-0.040854,0.000000,0.000000,0.000000,0.000000,0.000000,0.000000,-0.895895,0.567910,-0.090420,1.0000,1.0000,1.0000,1.660,4.810,0.340,5.000,3.000,8.000,1.500,0.060,0.110,23720837,995577881,23719078,166,1304,1506,1505,1505,1000,1000,2008,1505,1505,1105,2008,1625,1255,1000,1000
-0.0232,-0.0087,-0.5823,-0.0221,-0.0109,2.9678,0.0063,-0.0052,3.1416,13.8611,-0.3483,0.1149,-10.3679,-0.1303,0.0257,-0.0454,-0.0535,3.5807,-12.9238,-0.1418,0.0283,-0.0414,1.1186,25.2694,-24.9999,-0.1800,0.0204,-0.0160,5.5288,32.5242,-29.2669,-0.2573,-0.0522,-0.0764,13.8611,0.1101,0.0021,0.0235,877.0859,864.1082,741.3751,846.1857,-0.898087,0.570887,-0.091087,-0.030145,0.013050,-0.045593,0.000000,0.000000,0.000000,0.000000,0.000000,0.000000,-0.895895,0.567910,-0.090420,1.0000,1.0000,1.0000,1.660,4.810,0.340,5.000,3.000,8.000,1.500,0.060,0.110,23731337,995577881,23731078,166,1304,1506,1505,1505,1000,1000,2008,1505,1505,1105,2008,1625,1255,1000,1000
-0.0247,-0.0084,-0.5828,-0.0231,-0.0106,2.9674,0.0063,-0.0052,3.1416,13.8611,0.0320,0.9859,-10.0474,-0.0994,0.0639,-0.0544,0.1215,-2.5647,-7.8470,-0.0998,0.0766,-0.0462,3.5775,-18.8366,1.9444,-0.1696,-0.0417,-0.0453,-8.9446,-0.9569,-9.2769,-0.0130,0.0485,-0.0634,13.8611,0.1029,-0.0152,0.0223,871.1390,859.5101,750.7659,848.7281,-0.898363,0.571013,-0.091505,-0.030366,0.014741,-0.047567,0.000000,0.000000,0.000000,0.000000,0.000000,0.000000,-0.895895,0.567910,-0.090420,1.0000,1.0000,1.0000,1.660,4.810,0.340,5.000,3.000,8.000,1.500,0.060,0.110,23741837,995577881,23740078,166,1304,1506,1505,1505,1000,1000,2008,1505,1505,1105,2008,1625,1256,1000,1000
-0.0258,-0.0076,-0.5832,-0.0239,-0.0100,2.9670,0.0063,-0.0052,3.1416,13.9067,0.1579,0.9618,-9.7610,-0.0410,0.0578,-0.0327,0.3702,4.3789,-11.4054,-0.0351,0.0728,-0.0459,1.5927,-15.3123,-6.3635,0.1339,0.0097,-0.0011,-3.5126,-24.1450,-2.2539,0.1182,0.0370,-0.0088,13.9067,0.0802,-0.0266,0.0225,863.7684,862.8336,761.8613,848.3925,-0.898743,0.571177,-0.092080,-0.032907,0.011364,-0.048162,0.000000,0.000000,0.000000,0.000000,0.000000,0.000000,-0.895895,0.567910,-0.090420,1.0000,1.0000,1.0000,1.660,4.810,0.340,5.000,3.000,8.000,1.500,0.060,0.110,23752337,995577881,23752078,166,1305,1506,1505,1505,1000,1000,2008,1505,1505,1105,2008,1625,1256,1000,1000
-0.0261,-0.0066,-0.5836,-0.0241,-0.0095,2.9667,0.0063,-0.0052,3.1416,13.9067,0.1930,0.1354,-9.9382,0.0165,0.0443,-0.0347,-0.5827,-4.2274,-8.3503,0.0024,0.0167,-0.0463,-5.1135,4.6266,-15.0664,-0.0164,0.1275,-0.0147,5.7695,19.2521,-19.6203,-0.1766,-0.0096,-0.0650,13.9067,0.0610,-0.0240,0.0229,859.8685,868.3422,765.5002,843.4438,-0.899047,0.571269,-0.092531,-0.035197,0.007809,-0.050597,0.000000,0.000000,0.000000,0.000000,0.000000,0.000000,-0.895895,0.567910,-0.090420,1.0000,1.0000,1.0000,1.660,4.810,0.340,5.000,3.000,8.000,1.500,0.060,0.110,23762837,995577881,23761078,166,1305,1506,1505,1505,1000,1000,2008,1505,1505,1105,2008,1625,1256,1000,1000
-0.0260,-0.0055,-0.5840,-0.0238,-0.0090,2.9662,0.0063,-0.0052,3.1416,13.9067,0.6260,0.5699,-10.7511,0.0323,0.0410,-0.0423,1.2215,2.8064,-11.9035,-0.0034,-0.0160,-0.0643,5.0332,0.2907,-9.1719,-0.1382,0.0596,-0.0767,-8.3053,3.6581,-7.6105,0.0767,0.0751,-0.0786,13.9067,0.0563,-0.0216,0.0233,859.1608,870.4626,765.4300,842.0421,-0.899506,0.571337,-0.093167,-0.042998,0.003050,-0.055579,0.000000,0.000000,0.000000,0.000000,0.000000,0.000000,-0.895895,0.567910,-0.090420,1.0000,1.0000,1.0000,1.660,4.810,0.340,5.000,3.000,8.000,1.500,0.060,0.110,23773337,995577881,23773078,166,1305,1506,1505,1505,1000,1000,2008,1505,1505,1105,2008,1625,1256,1000,1000
-0.0257,-0.0045,-0.5845,-0.0238,-0.0087,2.9658,0.0063,-0.0052,3.1416,13.9067,0.1026,-0.6899,-10.2841,-0.0330,0.0335,-0.0584,0.2813,-3.1129,-8.6466,-0.0501,0.0116,-0.0618,6.0411,26.8951,-20.4127,0.1600,0.0859,-0.0509,15.0910,11.2091,-11.0637,-0.1939,-0.0397,-0.0913,13.9067,0.0719,-0.0206,0.0245,862.0850,868.1999,759.6205,846.6376,-0.899911,0.571359,-0.093676,-0.046194,0.002889,-0.059031,0.000000,0.000000,0.000000,0.000000,0.000000,0.000000,-0.895895,0.567910,-0.090420,1.0000,1.0000,1.0000,1.660,4.810,0.340,5.000,3.000,8.000,1.500,0.060,0.110,23783837,995577881,23782078,166,1305,1506,1505,1505,1000,1000,2008,1505,1505,1105,2008,1625,1256,1000,1000
-0.0256,-0.0042,-0.5854,-0.0246,-0.0084,2.9647,0.0063,-0.0052,3.1416,13.9067,0.4446,-0.6703,-9.4062,-0.0992,0.0238,-0.0947,-0.4874,1.1002,-10.3613,-0.1247,-0.0277,-0.0736,-2.3170,-24.8628,4.2764,-0.3465,-0.0300,-0.0829,-11.2036,7.4973,-19.4892,-0.2525,-0.0642,-0.1473,13.9067,0.0984,-0.0192,0.0293,864.8051,866.3361,746.8826,857.0417,-0.900451,0.571560,-0.094312,-0.044963,0.028142,-0.049094,0.000000,0.000000,0.000000,0.000000,0.000000,0.000000,-0.895895,0.567910,-0.090420,1.0000,1.0000,1.0000,1.660,4.810,0.340,5.000,3.000,8.000,1.500,0.060,0.110,23794337,995577881,23794078,166,1305,1506,1505,1505,1000,1000,2008,1505,1505,1105,2008,1625,1256,1000,1000
-0.0265,-0.0037,-0.5863,-0.0258,-0.0085,2.9640,0.0063,-0.0052,3.1416,13.9067,0.2119,0.2196,-9.3665,-0.1565,-0.0309,-0.0768,1.9180,-2.9169,-8.5764,-0.1569,-0.0264,-0.0824,11.7321,-17.8023,-9.0929,-0.2892,-0.0843,-0.0938,-2.2807,-25.5151,0.4774,0.0993,0.0410,-0.0695,13.9067,0.1178,-0.0061,0.0273,874.7456,864.3275,739.2772,855.5745,-0.900874,0.571830,-0.094761,-0.049787,0.031634,-0.051229,0.000000,0.000000,0.000000,0.000000,0.000000,0.000000,-0.895895,0.567910,-0.090420,1.0000,1.0000,1.0000,1.660,4.810,0.340,5.000,3.000,8.000,1.500,0.060,0.110,23804837,995577881,23803078,166,1305,1506,1505,1505,1000,1000,2008,1505,1505,1105,2008,1625,1256,1000,1000
-0.0287,-0.0050,-0.5871,-0.0281,-0.0094,2.9630,0.0063,-0.0052,3.1416,13.9067,-0.0140,-0.0788,-9.5288,-0.2015,-0.1033,-0.0855,-0.6146,3.1138,-11.5096,-0.1250,-0.0755,-0.0861,-16.4285,9.5299,-7.7641,-0.0571,0.0241,-0.1031,18.8746,-2.5282,-20.4265,-0.2623,-0.0762,-0.0384,13.9067,0.1388,0.0235,0.0288,887.1638,869.7692,721.1182,852.7665,-0.901438,0.572208,-0.095373,-0.045600,0.032061,-0.050271,0.000000,0.000000,0.000000,0.000000,0.000000,0.000000,-0.895895,0.567910,-0.090420,1.0000,1.0000,1.0000,1.660,4.810,0.340,5.000,3.000,8.000,1.500,0.060,0.110,23815337,995577881,23815078,166,1305,1506,1505,1505,1000,1000,2008,1505,1505,1105,2008,1625,1256,1000,1000
-0.0306,-0.0062,-0.5881,-0.0300,-0.0109,2.9622,0.0063,-0.0052,3.1416,13.9067,0.0871,0.0781,-10.2991,-0.2236,-0.1673,-0.0842,1.5811,-1.7601,-9.7179,-0.1871,-0.1525,-0.0892,-4.7663,-18.7312,4.4894,-0.3862,-0.2898,-0.1138,-11.6705,9.4080,-10.0383,-0.1960,-0.2658,-0.1457,13.9067,0.1507,0.0523,0.0295,897.8006,876.2863,706.3616,847.2957,-0.901866,0.572522,-0.095825,-0.049170,0.038232,-0.048880,0.000000,0.000000,0.000000,0.000000,0.000000,0.000000,-0.895895,0.567910,-0.090420,1.0000,1.0000,1.0000,1.660,4.810,0.340,5.000,3.000,8.000,1.500,0.060,0.110,23825837,995577881,23824078,166,1305,1506,1505,1505,1000,1000,2008,1505,1505,1105,2008,1625,1256,1000,1000
-0.0336,-0.0080,-0.5889,-0.0327,-0.0131,2.9612,0.0063,-0.0052,3.1416,13.9067,-0.0991,0.5921,-10.3797,-0.2233,-0.1778,-0.0870,-1.2903,0.8191,-10.0128,-0.2467,-0.1755,-0.0783,0.5345,24.7235,-18.7247,-0.0220,-0.2048,-0.1596,4.3239,-18.5190,1.2513,-0.0951,-0.1832,-0.1374,13.9067,0.1534,0.0634,0.0283,902.5356,878.0885,702.8759,843.2887,-0.902481,0.572894,-0.096477,-0.052245,0.025581,-0.058861,0.000000,0.000000,0.000000,0.000000,0.000000,0.000000,-0.895895,0.567910,-0.090420,1.0000,1.0000,1.0000,1.660,4.810,0.340,5.000,3.000,8.000,1.500,0.060,0.110,23836337,995577881,23836078,166,1305,1506,1505,1505,1000,1000,2008,1505,1505,1105,2008,1625,1256,1000,1000
-0.0357,-0.0099,-0.5897,-0.0344,-0.0151,2.9605,0.0063,-0.0052,3.1416,13.9067,0.5799,0.2044,-9.6354,-0.1794,-0.1989,-0.0922,1.1584,1.1152,-10.2745,-0.2061,-0.2061,-0.0867,-14.4221,18.7931,-9.6483,-0.1326,-0.3284,-0.0552,-12.1284,24.6338,-17.5067,-0.3582,-0.3156,-0.0522,13.9067,0.1492,0.0736,0.0276,905.1371,881.5583,701.0669,838.3718,-0.902959,0.573122,-0.097001,-0.052953,0.026314,-0.058305,0.000000,0.000000,0.000000,0.000000,0.000000,0.000000,-0.895895,0.567910,-0.090420,1.0000,1.0000,1.0000,1.660,4.810,0.340,5.000,3.000,8.000,1.500,0.060,0.110,23846837,995577881,23845078,166,1305,1506,1505,1505,1000,1000,2008,1505,1505,1105,2008,1625,1256,1000,1000
-0.0369,-0.0114,-0.5906,-0.0359,-0.0161,2.9583,0.0063,-0.0052,3.1416,13.9067,0.6728,0.5702,-9.6683,-0.1288,-0.2078,-0.1021,-1.2104,5.2355,-10.1776,-0.1669,-0.2568,-0.0861,3.9103,-17.8478,-14.8389,-0.0241,-0.0683,-0.0666,2.7832,-19.2552,-2.4155,0.1547,-0.0466,-0.0051,13.9067,0.1387,0.0692,0.0280,901.2573,882.8682,705.2561,837.6593,-0.901992,0.573226,-0.097008,-0.056696,0.032996,-0.061967,0.000000,0.000000,0.000000,0.000000,0.000000,0.000000,-0.900984,0.573029,-0.096174,1.0000,1.0000,1.0000,1.660,4.810,0.340,5.000,3.000,8.000,1.500,0.060,0.110,23856884,995711165,23854125,167,1305,1506,1505,1505,1000,1000,2008,1505,1505,1105,2008,1625,1256,1000,1000
-0.0380,-0.0131,-0.5913,-0.0370,-0.0181,2.9574,0.0063,-0.0052,3.1416,13.9067,-0.2542,0.9876,-9.7177,-0.0618,-0.1406,-0.0703,0.1976,-2.3183,-9.9389,-0.1619,-0.2107,-0.0505,-6.9570,9.4318,-9.8590,-0.0990,-0.1104,0.0080,1.7004,17.9304,-23.9138,-0.1755,-0.1065,0.0013,13.9067,0.1254,0.0553,0.0284,893.9261,882.0450,713.6089,839.3064,-0.902685,0.573591,-0.097742,-0.057845,0.026128,-0.059340,0.000000,0.000000,0.000000,0.000000,0.000000,0.000000,-0.900984,0.573029,-0.096174,1.0000,1.0000,1.0000,1.660,4.810,0.340,5.000,3.000,8.000,1.500,0.060,0.110,23866892,995711165,23866133,167,1305,1506,1505,1505,1000,1000,2008,1505,1505,1105,2008,1625,1256,1000,1000
-0.0386,-0.0140,-0.5918,-0.0372,-0.0191,2.9570,0.0063,-0.0052,3.1416,13.9067,-0.5176,0.8448,-11.0800,0.0278,-0.0576,-0.0510,-0.9598,3.8376,-11.8886,0.0271,-0.0541,-0.0538,5.3564,-21.8293,-7.3403,-0.1555,-0.0406,-0.0072,-2.0814,23.2924,-11.1193,-0.0391,-0.0024,-0.0479,13.9067,0.0809,0.0281,0.0254,878.2042,881.5415,739.1417,834.3212,-0.903222,0.573820,-0.098333,-0.062031,0.023751,-0.069962,0.000000,0.000000,0.000000,0.000000,0.000000,0.000000,-0.900984,0.573029,-0.096174,1.0000,1.0000,1.0000,1.660,4.810,0.340,5.000,3.000,8.000,1.500,0.060,0.110,23877392,995711165,23875133,167,1305,1506,1505,1505,1000,1000,2008,1505,1505,1105,2008,1625,1256,1000,1000
-0.0378,-0.0143,-0.5924,-0.0365,-0.0193,2.9564,0.0063,-0.0052,3.1416,13.9067,-0.1655,0.0056,-10.4027,0.0879,0.0217,-0.0548,-0.0836,-0.3873,-9.9492,0.0985,0.0016,-0.0469,-0.5741,-6.1258,-7.4217,0.1406,0.0755,-0.0461,4.0204,-19.4671,-4.2867,0.2115,0.0631,-0.0479,13.9067,0.0605,0.0022,0.0262,865.1413,878.9416,752.8542,838.4408,-0.903961,0.574129,-0.099210,-0.061037,0.027701,-0.075474,0.000000,0.000000,0.000000,0.000000,0.000000,0.000000,-0.900984,0.573029,-0.096174,1.0000,1.0000,1.0000,1.660,4.810,0.340,5.000,3.000,8.000,1.500,0.060,0.110,23887892,995711165,23887133,167,1305,1506,1505,1505,1000,1000,2008,1505,1505,1105,2008,1625,1256,1000,1000
-0.0367,-0.0136,-0.5930,-0.0355,-0.0189,2.9558,0.0063,-0.0052,3.1416,13.9067,0.2548,-0.2025,-9.8301,0.1175,0.0631,-0.0456,0.6484,1.7431,-10.1995,0.1304,0.0772,-0.0472,8.3300,13.0781,-14.4535,0.2746,0.0566,-0.0640,-4.3422,6.3948,-9.0255,0.1236,0.1020,-0.0447,13.9067,0.0459,-0.0117,0.0252,858.2707,877.3641,762.5033,838.4346,-0.904524,0.574390,-0.099892,-0.063318,0.029744,-0.077711,0.000000,0.000000,0.000000,0.000000,0.000000,0.000000,-0.900984,0.573029,-0.096174,1.0000,1.0000,1.0000,1.660,4.810,0.340,5.000,3.000,8.000,1.500,0.060,0.110,23898392,995711165,23896133,167,1305,1506,1505,1505,1000,1000,2008,1505,1505,1105,2008,1625,1256,1000,1000
-0.0352,-0.0123,-0.5936,-0.0341,-0.0179,2.9552,0.0063,-0.0052,3.1416,13.9067,0.4858,0.2021,-9.6836,0.1067,0.0881,-0.0498,-0.6365,-1.5473,-9.8182,0.1226,0.1006,-0.0362,-4.6729,-5.4482,-14.2356,0.0001,0.2144,-0.1218,7.9764,24.5548,-17.0452,0.1342,0.3582,-0.1105,13.9067,0.0494,-0.0229,0.0247,856.0270,872.7685,766.0502,842.2828,-0.905314,0.574751,-0.100836,-0.069036,0.030890,-0.079574,0.000000,0.000000,0.000000,0.000000,0.000000,0.000000,-0.900984,0.573029,-0.096174,1.0000,1.0000,1.0000,1.660,4.810,0.340,5.000,3.000,8.000,1.500,0.060,0.110,23908892,995711165,23908133,167,1305,1506,1505,1505,1000,1000,2008,1505,1505,1105,2008,1625,1256,1000,1000
-0.0336,-0.0109,-0.5943,-0.0331,-0.0170,2.9546,0.0063,-0.0052,3.1416,13.9067,0.0537,0.2643,-9.9957,0.0974,0.1042,-0.0557,0.5924,0.0051,-9.3213,0.1056,0.0827,-0.0522,4.3652,-1.2368,-6.6795,0.0023,0.0412,-0.0879,-7.1148,-7.5723,-11.7766,0.1973,0.1105,-0.0844,13.9067,0.0503,-0.0258,0.0259,854.3950,872.6202,765.5311,844.5623,-0.905946,0.575034,-0.101561,-0.072657,0.032906,-0.080424,0.000000,0.000000,0.000000,0.000000,0.000000,0.000000,-0.900984,0.573029,-0.096174,1.0000,1.0000,1.0000,1.660,4.810,0.340,5.000,3.000,8.000,1.500,0.060,0.110,23919392,995711165,23917144,167,1305,1506,1505,1505,1000,1000,2008,1505,1505,1105,2008,1625,1256,1000,1000
-0.0324,-0.0096,-0.5949,-0.0321,-0.0161,2.9539,0.0063,-0.0052,3.1416,13.9067,-0.2336,0.0195,-9.7728,0.0705,0.0709,-0.0616,-0.2164,3.4169,-10.9103,0.0944,0.0657,-0.0530,16.7121,6.0080,-10.9460,0.2189,0.0452,-0.0733,-3.6526,-26.4112,0.9030,0.1523,0.1103,-0.0354,13.9067,0.0545,-0.0156,0.0258,858.6275,874.6573,761.0724,842.1890,-0.906841,0.575450,-0.102523,-0.076709,0.037001,-0.079620,0.000000,0.000000,0.000000,0.000000,0.000000,0.000000,-0.900984,0.573029,-0.096174,1.0000,1.0000,1.0000,1.660,4.810,0.340,5.000,3.000,8.000,1.500,0.060,0.110,23929892,995711165,23929133,167,1305,1506,1505,1505,1000,1000,2008,1505,1505,1105,2008,1625,1256,1000,1000
-0.0314,-0.0089,-0.5955,-0.0293,-0.0156,2.9629,0.0063,-0.0052,3.1416,13.9067,0.2842,-0.1127,-9.6624,0.0374,0.0097,-0.0810,0.2856,-4.0442,-7.9826,0.0169,-0.0209,-0.0675,-15.1188,-13.8543,-6.7896,-0.2053,-0.0787,-0.0536,3.1495,29.0280,-24.2748,-0.1792,-0.0810,-0.0650,13.9067,0.0658,-0.0011,0.0278,864.0624,878.0376,750.8159,842.3192,-0.907775,0.571883,-0.105113,-0.080023,0.028544,-0.082944,0.000000,0.000000,0.000000,0.000000,0.000000,0.000000,-0.907937,0.568807,-0.107785,1.0000,1.0000,1.0000,1.660,4.810,0.340,5.000,3.000,8.000,1.500,0.060,0.110,23939938,995844154,23938133,168,1305,1506,1505,1505,1000,1000,2008,1505,1505,1105,2008,1625,1256,1000,1000
-0.0307,-0.0089,-0.5963,-0.0292,-0.0161,2.9620,0.0063,-0.0052,3.1416,13.9067,0.1821,-0.5096,-9.5350,-0.0205,-0.0606,-0.0736,1.3232,4.4978,-11.7537,-0.0199,-0.0269,-0.0708,15.6969,19.4156,-12.6746,0.0321,-0.2184,-0.0975,-14.6532,-17.6966,-10.7387,0.1404,-0.1539,-0.0602,13.9067,0.0790,0.0171,0.0274,872.8614,880.2748,741.2509,839.3787,-0.908748,0.572289,-0.106103,-0.081202,0.038108,-0.081597,0.000000,0.000000,0.000000,0.000000,0.000000,0.000000,-0.907937,0.568807,-0.107785,1.0000,1.0000,1.0000,1.660,4.810,0.340,5.000,3.000,8.000,1.500,0.060,0.110,23950438,995844154,23950179,168,1305,1506,1505,1505,1000,1000,2008,1505,1505,1105,2008,1625,1256,1000,1000
-0.0306,-0.0094,-0.5971,-0.0296,-0.0171,2.9613,0.0063,-0.0052,3.1416,13.9067,0.5989,-0.2688,-9.4257,-0.0752,-0.1370,-0.0668,-0.6963,-2.6145,-9.1815,-0.0510,-0.1259,-0.0754,-1.3641,19.0924,-23.3886,0.0899,-0.0643,-0.0711,1.2479,-9.3195,2.7274,-0.0517,-0.1241,-0.0719,13.9067,0.0973,0.0416,0.0282,883.7025,884.1095,726.5748,836.8331,-0.909493,0.572642,-0.106845,-0.084536,0.041027,-0.081263,0.000000,0.000000,0.000000,0.000000,0.000000,0.000000,-0.907937,0.568807,-0.107785,1.0000,1.0000,1.0000,1.660,4.810,0.340,5.000,3.000,8.000,1.500,0.060,0.110,23960938,995844154,23959179,168,1305,1506,1505,1505,1000,1000,2008,1505,1505,1105,2008,1625,1255,1000,1000
-0.0311,-0.0105,-0.5977,-0.0306,-0.0191,2.9606,0.0063,-0.0052,3.1416,13.9067,0.2227,0.5174,-10.2526,-0.0871,-0.1831,-0.0716,0.4844,1.9013,-11.0015,-0.0789,-0.1635,-0.0731,1.5281,-20.6035,-0.2367,-0.2216,-0.2261,-0.0727,0.4344,4.3351,-12.0890,-0.1816,-0.1625,-0.1185,13.9067,0.1112,0.0596,0.0257,894.1582,884.3488,719.1796,831.8468,-0.910535,0.573142,-0.107825,-0.089379,0.042366,-0.081668,0.000000,0.000000,0.000000,0.000000,0.000000,0.000000,-0.907937,0.568807,-0.107785,1.0000,1.0000,1.0000,1.660,4.810,0.340,5.000,3.000,8.000,1.500,0.060,0.110,23971438,995844154,23971179,168,1305,1506,1505,1505,1000,1000,2008,1505,1505,1105,2008,1625,1255,1000,1000
-0.0318,-0.0120,-0.5984,-0.0314,-0.0208,2.9600,0.0063,-0.0052,3.1416,13.9067,0.0566,0.4670,-10.2139,-0.1033,-0.1925,-0.0735,-0.0345,-2.3210,-9.4247,-0.1000,-0.1888,-0.0795,-3.4878,-14.4073,-1.5727,-0.0955,-0.2005,-0.0621,-0.8154,-20.4781,-3.6169,0.0261,-0.2578,-0.0660,13.9067,0.1190,0.0770,0.0269,900.0166,888.7842,709.0932,829.4576,-0.911350,0.573537,-0.108550,-0.091346,0.044723,-0.080487,0.000000,0.000000,0.000000,0.000000,0.000000,0.000000,-0.907937,0.568807,-0.107785,1.0000,1.0000,1.0000,1.660,4.810,0.340,5.000,3.000,8.000,1.500,0.060,0.110,23981938,995844154,23980179,168,1305,1506,1505,1505,1000,1000,2008,1505,1505,1105,2008,1625,1256,1000,1000
-0.0328,-0.0136,-0.5991,-0.0327,-0.0231,2.9593,0.0063,-0.0052,3.1416,13.9067,0.0414,0.1982,-9.6666,-0.1044,-0.1849,-0.0729,1.0793,1.2610,-9.8637,-0.1032,-0.1987,-0.0768,6.9150,-6.8177,-10.3762,-0.1760,-0.2466,-0.0043,-2.1891,13.2400,-7.3645,-0.2043,-0.2394,-0.0471,13.9067,0.1206,0.0788,0.0273,900.5814,889.2889,707.5021,829.6622,-0.912459,0.574101,-0.109502,-0.093541,0.048377,-0.078934,0.000000,0.000000,0.000000,0.000000,0.000000,0.000000,-0.907937,0.568807,-0.107785,1.0000,1.0000,1.0000,1.660,4.810,0.340,5.000,3.000,8.000,1.500,0.060,0.110,23992438,995844154,23992179,168,1305,1506,1505,1505,1000,1000,2008,1505,1505,1105,2008,1625,1256,1000,1000
-0.0335,-0.0151,-0.5997,-0.0337,-0.0245,2.9587,0.0063,-0.0052,3.1416,13.9067,0.0793,-0.0149,-9.4071,-0.1054,-0.1371,-0.0639,-0.3492,0.1611,-10.9691,-0.1036,-0.1380,-0.0655,0.5776,6.7694,-19.8356,-0.0276,0.0366,-0.0711,8.3320,-4.9757,-9.2392,-0.0783,-0.0581,-0.0474,13.9067,0.1224,0.0655,0.0269,897.4520,884.5497,712.5137,833.8203,-0.913302,0.574548,-0.110213,-0.093952,0.050096,-0.079286,0.000000,0.000000,0.000000,0.000000,0.000000,0.000000,-0.907937,0.568807,-0.107785,1.0000,1.0000,1.0000,1.660,4.810,0.340,5.000,3.000,8.000,1.500,0.060,0.110,24002938,995844154,24001179,168,1305,1506,1505,1505,1000,1000,2008,1505,1505,1105,2008,1625,1255,1000,1000
-0.0340,-0.0158,-0.6004,-0.0348,-0.0257,2.9579,0.0063,-0.0052,3.1416,13.9067,-0.0351,0.1433,-9.9818,-0.0860,-0.0773,-0.0640,0.0120,-1.7393,-7.9707,-0.0967,-0.1069,-0.0642,-2.5780,-10.4641,-0.2223,-0.1645,0.0007,-0.1037,2.7185,8.0989,-22.0193,-0.1430,-0.0035,-0.0786,13.9067,0.1183,0.0498,0.0269,891.8988,880.8105,719.3469,837.8601,-0.914438,0.575159,-0.111176,-0.096082,0.051668,-0.080789,0.000000,0.000000,0.000000,0.000000,0.000000,0.000000,-0.907937,0.568807,-0.107785,1.0000,1.0000,1.0000,1.660,4.810,0.340,5.000,3.000,8.000,1.500,0.060,0.110,24013438,995844154,24013179,168,1305,1506,1505,1505,1000,1000,2008,1505,1505,1105,2008,1625,1255,1000,1000
-0.0345,-0.0159,-0.6012,-0.0356,-0.0259,2.9572,0.0063,-0.0052,3.1416,13.9067,-0.2741,-0.1644,-10.3438,-0.0864,0.0327,-0.0698,0.6056,1.5527,-12.0785,-0.0955,-0.0036,-0.0665,-5.8437,-8.1632,6.3258,-0.1968,0.0167,-0.1159,-5.6495,12.9725,-13.4233,-0.1254,0.0298,-0.1108,13.9067,0.1195,0.0169,0.0278,881.6425,871.3358,729.9886,849.3394,-0.915305,0.575634,-0.111899,-0.096135,0.054316,-0.080095,0.000000,0.000000,0.000000,0.000000,0.000000,0.000000,-0.907937,0.568807,-0.107785,1.0000,1.0000,1.0000,1.660,4.810,0.340,5.000,3.000,8.000,1.500,0.060,0.110,24023938,995844154,24022179,168,1305,1506,1505,1505,1000,1000,2008,1505,1505,1105,2008,1625,1255,1000,1000
-0.0351,-0.0152,-0.6020,-0.0364,-0.0250,2.9564,0.0063,-0.0052,3.1416,13.9067,-0.2256,-0.0718,-9.6990,-0.0685,0.1215,-0.0604,-0.5610,-1.3697,-8.1816,-0.0634,0.1280,-0.0565,9.0937,15.2952,-19.5148,0.0207,0.1531,-0.1338,9.5854,-16.6928,-0.4241,0.1755,0.2727,-0.0967,13.9067,0.1125,-0.0150,0.0257,872.0958,861.5634,745.6566,855.5314,-0.916451,0.576304,-0.112847,-0.094882,0.057107,-0.079006,0.000000,0.000000,0.000000,0.000000,0.000000,0.000000,-0.907937,0.568807,-0.107785,1.0000,1.0000,1.0000,1.660,4.810,0.340,5.000,3.000,8.000,1.500,0.060,0.110,24034438,995844154,24034179,168,1305,1506,1505,1505,1000,1000,2008,1505,1505,1105,2008,1625,1256,1000,1000
-0.0355,-0.0133,-0.6027,-0.0369,-0.0236,2.9557,0.0063,-0.0052,3.1416,13.9067,0.3212,-0.0600,-9.1230,-0.0521,0.1884,-0.0681,1.4695,-1.8017,-8.8351,-0.0129,0.1834,-0.0664,-9.0376,15.4484,-20.5946,-0.0028,0.2194,-0.0498,-6.1631,14.3785,-23.6373,-0.1630,0.0953,-0.0844,13.9067,0.1107,-0.0416,0.0263,863.1096,854.2876,754.7901,863.8905,-0.917302,0.576811,-0.113561,-0.094618,0.057394,-0.079784,0.000000,0.000000,0.000000,0.000000,0.000000,0.000000,-0.907937,0.568807,-0.107785,1.0000,1.0000,1.0000,1.660,4.810,0.340,5.000,3.000,8.000,1.500,0.060,0.110,24044938,995844154,24043179,168,1305,1506,1505,1505,1000,1000,2008,1505,1505,1105,2008,1625,1256,1000,1000
-0.0356,-0.0108,-0.6036,-0.0373,-0.0210,2.9547,0.0063,-0.0052,3.1416,13.9067,-0.1297,0.4666,-9.2927,-0.0449,0.2308,-0.0819,-0.6181,0.4613,-9.8062,-0.0344,0.2377,-0.0790,3.7379,-5.2208,-8.9971,-0.0508,0.3023,-0.0674,-1.9126,-3.5499,-9.8193,-0.0093,0.3284,-0.0746,13.9067,0.1067,-0.0605,0.0278,855.2547,850.4932,760.8391,870.1178,-0.918447,0.577502,-0.114513,-0.096503,0.058366,-0.077741,0.000000,0.000000,0.000000,0.000000,0.000000,0.000000,-0.907937,0.568807,-0.107785,1.0000,1.0000,1.0000,1.660,4.810,0.340,5.000,3.000,8.000,1.500,0.060,0.110,24055438,995844154,24055179,168,1305,1506,1505,1505,1000,1000,2008,1505,1505,1105,2008,1625,1256,1000,1000
-0.0358,-0.0081,-0.6046,-0.0378,-0.0190,2.9539,0.0063,-0.0052,3.1416,13.9067,-0.0437,0.0249,-9.6978,-0.0576,0.2331,-0.0905,-0.6190,-0.1227,-10.4439,-0.0553,0.2316,-0.0907,0.0963,10.5905,-16.1582,-0.0297,0.2032,-0.0845,2.3863,13.0515,-9.8785,-0.1262,0.2501,-0.0605,13.9067,0.1147,-0.0648,0.0294,854.4733,848.6423,758.4272,874.7856,-0.919324,0.578049,-0.115209,-0.098831,0.061728,-0.075688,0.000000,0.000000,0.000000,0.000000,0.000000,0.000000,-0.907937,0.568807,-0.107785,1.0000,1.0000,1.0000,1.660,4.810,0.340,5.000,3.000,8.000,1.500,0.060,0.110,24065938,995844154,24064180,168,1305,1506,1505,1505,1000,1000,2008,1505,1505,1105,2008,1625,1256,1000,1000
-0.0360,-0.0055,-0.6056,-0.0387,-0.0180,2.9532,0.0063,-0.0052,3.1416,13.9067,0.1009,-0.0742,-9.9563,-0.0559,0.2007,-0.0910,0.4899,-3.1208,-9.0115,-0.0470,0.1923,-0.0974,7.2813,-14.7186,0.3930,0.0172,0.0915,-0.1098,3.2267,-20.6146,1.8134,0.1143,0.1792,-0.1404,13.9067,0.1158,-0.0618,0.0306,854.7131,850.2784,755.7982,875.2379,-0.921642,0.579706,-0.118336,-0.108072,0.067070,-0.080764,0.000000,0.000000,0.000000,0.000000,0.000000,0.000000,-0.921928,0.580020,-0.120930,1.0000,1.0000,1.0000,1.660,4.810,0.340,5.000,3.000,8.000,1.500,0.060,0.110,24075988,995944738,24073229,169,1305,1506,1505,1505,1000,1000,2008,1505,1505,1105,2008,1625,1256,1000,1000
-0.0364,-0.0035,-0.6065,-0.0394,-0.0162,2.9520,0.0063,-0.0052,3.1416,13.9067,0.7102,-0.2637,-9.5313,-0.0653,0.1355,-0.0943,0.5760,2.3826,-10.4600,-0.0910,0.0892,-0.1061,-6.2220,6.9992,-12.1814,-0.2264,-0.0484,-0.0890,-3.6957,25.0900,-16.6519,-0.2400,-0.0029,-0.1220,13.9067,0.1184,-0.0449,0.0297,861.1902,854.2245,750.1191,869.9156,-0.922986,0.580526,-0.119297,-0.115054,0.068785,-0.078487,0.000000,0.000000,0.000000,0.000000,0.000000,0.000000,-0.921928,0.580020,-0.120930,1.0000,1.0000,1.0000,1.660,4.810,0.340,5.000,3.000,8.000,1.500,0.060,0.110,24086016,995944738,24085257,169,1305,1506,1505,1505,1000,1000,2008,1505,1505,1105,2008,1625,1256,1000,1000
-0.0367,-0.0021,-0.6076,-0.0399,-0.0155,2.9511,0.0063,-0.0052,3.1416,13.9067,0.8926,0.2371,-9.1254,-0.0566,0.0300,-0.0996,1.2994,-0.1957,-8.5396,-0.0517,0.0434,-0.1045,1.4682,12.7214,-10.3857,0.0215,0.0247,-0.1609,0.0501,-24.8112,-5.1917,0.2179,0.0053,-0.1151,13.9067,0.1209,-0.0256,0.0313,866.3566,860.8820,740.7942,866.2057,-0.924052,0.581140,-0.119983,-0.120794,0.069198,-0.074720,0.000000,0.000000,0.000000,0.000000,0.000000,0.000000,-0.921928,0.580020,-0.120930,1.0000,1.0000,1.0000,1.660,4.810,0.340,5.000,3.000,8.000,1.500,0.060,0.110,24096516,995944738,24094257,169,1305,1506,1505,1505,1000,1000,2008,1505,1505,1105,2008,1625,1256,1000,1000
-0.0372,-0.0016,-0.6087,-0.0405,-0.0156,2.9499,0.0063,-0.0052,3.1416,13.9067,0.7471,0.1006,-9.0041,-0.0525,-0.0456,-0.0983,0.3151,4.0076,-10.2249,-0.0536,-0.0251,-0.0899,-2.5493,27.1776,-19.0264,0.0529,0.0055,-0.0498,-7.2010,9.1171,-9.4583,-0.0557,-0.0557,-0.0874,13.9067,0.1193,-0.0002,0.0307,874.2100,868.4507,732.8931,857.4370,-0.925550,0.581972,-0.120836,-0.128989,0.070665,-0.067415,0.000000,0.000000,0.000000,0.000000,0.000000,0.000000,-0.921928,0.580020,-0.120930,1.0000,1.0000,1.0000,1.660,4.810,0.340,5.000,3.000,8.000,1.500,0.060,0.110,24107016,995944738,24106257,169,1305,1506,1505,1505,1000,1000,2008,1505,1505,1105,2008,1625,1256,1000,1000
-0.0375,-0.0018,-0.6096,-0.0408,-0.0162,2.9491,0.0063,-0.0052,3.1416,13.9067,0.0488,0.9019,-9.6727,-0.0134,-0.0944,-0.0787,0.0217,-2.0058,-9.3268,-0.0602,-0.1600,-0.0885,2.9191,-24.9538,-4.5511,-0.2093,-0.0585,-0.1005,-2.8033,10.2448,-8.9968,0.0125,0.0288,-0.1031,13.9067,0.1057,0.0373,0.0290,883.7042,881.5884,724.8887,840.9431,-0.926723,0.582629,-0.121427,-0.133226,0.075043,-0.063379,0.000000,0.000000,0.000000,0.000000,0.000000,0.000000,-0.921928,0.580020,-0.120930,1.0000,1.0000,1.0000,1.660,4.810,0.340,5.000,3.000,8.000,1.500,0.060,0.110,24117516,995944738,24115257,169,1305,1506,1505,1505,1000,1000,2008,1505,1505,1105,2008,1625,1256,1000,1000
-0.0373,-0.0026,-0.6105,-0.0408,-0.0174,2.9481,0.0063,-0.0052,3.1416,13.9067,-0.1820,-0.2167,-9.7173,0.0219,-0.0978,-0.0919,-0.1662,0.2738,-9.8579,-0.0001,-0.1267,-0.0964,0.0724,6.1948,-8.8918,0.2040,-0.0969,-0.1140,2.3468,-21.4676,-4.7787,0.1582,-0.1276,-0.0764,13.9067,0.0940,0.0413,0.0305,881.0845,886.5537,724.9163,838.4445,-0.928341,0.583571,-0.122161,-0.136189,0.081545,-0.059253,0.000000,0.000000,0.000000,0.000000,0.000000,0.000000,-0.921928,0.580020,-0.120930,1.0000,1.0000,1.0000,1.660,4.810,0.340,5.000,3.000,8.000,1.500,0.060,0.110,24128016,995944738,24127258,169,1305,1506,1505,1505,1000,1000,2008,1505,1505,1105,2008,1625,1256,1000,1000
-0.0365,-0.0037,-0.6114,-0.0403,-0.0185,2.9473,0.0063,-0.0052,3.1416,13.9067,0.1283,-0.2021,-9.6486,0.0757,-0.1099,-0.0915,-0.0035,1.3824,-9.9056,0.0668,-0.1320,-0.0883,5.9861,-16.3562,-3.7873,-0.0169,-0.2216,-0.0775,1.2012,24.8529,-8.6197,-0.0959,-0.2280,-0.1065,13.9067,0.0751,0.0471,0.0303,878.8004,892.2578,728.2567,831.8704,-0.929584,0.584326,-0.122676,-0.139231,0.085377,-0.056796,0.000000,0.000000,0.000000,0.000000,0.000000,0.000000,-0.921928,0.580020,-0.120930,1.0000,1.0000,1.0000,1.660,4.810,0.340,5.000,3.000,8.000,1.500,0.060,0.110,24138516,995944738,24136257,169,1305,1506,1505,1505,1000,1000,2008,1505,1505,1105,2008,1625,1256,1000,1000
-0.0352,-0.0047,-0.6123,-0.0389,-0.0200,2.9463,0.0063,-0.0052,3.1416,13.9067,0.4276,0.2884,-9.2184,0.1315,-0.1082,-0.0778,1.1154,0.7433,-8.4827,0.1363,-0.1262,-0.0729,0.0101,-16.0282,-10.9125,0.1877,-0.0537,-0.1375,5.2846,-20.3632,-10.7764,0.2839,-0.0871,-0.1065,13.9067,0.0559,0.0462,0.0296,874.7308,895.7258,734.5903,826.8485,-0.931286,0.585386,-0.123339,-0.144068,0.091322,-0.053496,0.000000,0.000000,0.000000,0.000000,0.000000,0.000000,-0.921928,0.580020,-0.120930,1.0000,1.0000,1.0000,1.660,4.810,0.340,5.000,3.000,8.000,1.500,0.060,0.110,24149016,995944738,24148257,169,1305,1506,1505,1505,1000,1000,2008,1505,1505,1105,2008,1625,1256,1000,1000
-0.0334,-0.0055,-0.6131,-0.0374,-0.0209,2.9456,0.0063,-0.0052,3.1416,13.9067,0.1064,0.4270,-9.3214,0.1855,-0.0711,-0.0726,-0.0404,1.3487,-10.2687,0.1748,-0.0568,-0.0673,0.2448,5.9985,-12.7153,0.2376,-0.0071,-0.0450,-0.8567,9.8802,-18.9146,0.1159,-0.0700,-0.0804,13.9067,0.0357,0.0391,0.0286,868.7543,897.3398,743.6681,823.2772,-0.932596,0.586204,-0.123816,-0.146900,0.092448,-0.051079,0.000000,0.000000,0.000000,0.000000,0.000000,0.000000,-0.921928,0.580020,-0.120930,1.0000,1.0000,1.0000,1.660,4.810,0.340,5.000,3.000,8.000,1.500,0.060,0.110,24159516,995944738,24157257,169,1305,1506,1505,1505,1000,1000,2008,1505,1505,1105,2008,1625,1256,1000,1000
-0.0315,-0.0058,-0.6138,-0.0358,-0.0248,2.9529,0.0063,-0.0052,3.1416,13.9523,-0.1281,0.7630,-9.8962,0.1884,-0.0109,-0.0667,-0.8361,-1.0865,-9.2227,0.2000,0.0062,-0.0669,-3.1550,0.8797,-10.6299,0.2008,0.0588,-0.0789,-7.3752,-14.4804,-2.0115,0.2461,-0.0165,-0.0892,13.9523,0.0289,0.0216,0.0282,863.6543,894.7557,753.4774,828.0793,-0.939888,0.589494,-0.128774,-0.169603,0.101211,-0.060341,0.000000,0.000000,0.000000,0.000000,0.000000,0.000000,-0.944094,0.591265,-0.134828,1.0000,1.0000,1.0000,1.660,4.810,0.340,5.000,3.000,8.000,1.500,0.060,0.110,24169560,996077484,24169257,170,1306,1506,1505,1505,1000,1000,2008,1505,1505,1105,2008,1625,1256,1000,1000
-0.0294,-0.0058,-0.6144,-0.0343,-0.0245,2.9524,0.0063,-0.0052,3.1416,13.9523,-0.4782,0.1601,-9.8240,0.1471,0.0754,-0.0680,-0.2684,-0.6433,-9.9845,0.1474,0.0547,-0.0744,8.4712,-3.5616,-14.5804,0.1691,0.0297,-0.0274,5.3331,-6.4841,-8.9358,0.1388,0.0743,-0.0298,13.9523,0.0410,0.0028,0.0269,861.6854,885.5155,758.2877,835.6378,-0.941430,0.590431,-0.129321,-0.171433,0.104525,-0.060057,0.000000,0.000000,0.000000,0.000000,0.000000,0.000000,-0.944094,0.591265,-0.134828,1.0000,1.0000,1.0000,1.660,4.810,0.340,5.000,3.000,8.000,1.500,0.060,0.110,24180060,996077484,24178301,170,1306,1506,1505,1505,1000,1000,2008,1505,1505,1105,2008,1625,1256,1000,1000
-0.0277,-0.0050,-0.6151,-0.0329,-0.0235,2.9516,0.0063,-0.0052,3.1416,13.9523,0.1537,-0.4606,-9.6265,0.0998,0.1114,-0.0726,-0.6269,0.5862,-9.1544,0.1011,0.1030,-0.0782,-9.7726,-1.2057,-4.4266,0.0281,0.1203,0.0165,8.0105,13.3585,-12.4607,-0.0107,-0.0186,-0.0389,13.9523,0.0539,-0.0184,0.0277,857.5022,876.9158,761.3783,846.1335,-0.943504,0.591735,-0.130030,-0.174234,0.112114,-0.057971,0.000000,0.000000,0.000000,0.000000,0.000000,0.000000,-0.944094,0.591265,-0.134828,1.0000,1.0000,1.0000,1.660,4.810,0.340,5.000,3.000,8.000,1.500,0.060,0.110,24190560,996077484,24190301,170,1306,1506,1505,1505,1000,1000,2008,1505,1505,1105,2008,1625,1256,1000,1000
-0.0266,-0.0036,-0.6160,-0.0323,-0.0225,2.9509,0.0063,-0.0052,3.1416,13.9523,0.4390,-0.3964,-9.4265,0.0336,0.1158,-0.0800,2.0337,0.0413,-9.8551,0.0580,0.1255,-0.0806,-4.6107,-11.5654,-7.5678,-0.1094,0.0073,-0.0783,-11.0995,-4.2718,-11.2540,0.0461,0.0730,-0.0602,13.9523,0.0694,-0.0277,0.0294,856.8984,871.8738,758.7502,854.2772,-0.945087,0.592768,-0.130540,-0.176496,0.118367,-0.055165,0.000000,0.000000,0.000000,0.000000,0.000000,0.000000,-0.944094,0.591265,-0.134828,1.0000,1.0000,1.0000,1.660,4.810,0.340,5.000,3.000,8.000,1.500,0.060,0.110,24201060,996077484,24199301,170,1306,1506,1505,1505,1000,1000,2008,1505,1505,1105,2008,1625,1256,1000,1000
-0.0262,-0.0021,-0.6168,-0.0324,-0.0212,2.9499,0.0063,-0.0052,3.1416,13.9523,0.4624,-0.0714,-9.6337,-0.0412,0.0949,-0.0719,-1.2476,0.0396,-9.7801,-0.0362,0.0972,-0.0750,-0.0617,14.0023,-12.1263,0.0486,0.2325,-0.0893,1.1347,-13.3491,-6.5618,0.0000,0.1859,-0.0647,13.9523,0.0918,-0.0267,0.0290,862.6653,866.7980,752.9419,858.7656,-0.947231,0.594233,-0.131173,-0.180864,0.125775,-0.050669,0.000000,0.000000,0.000000,0.000000,0.000000,0.000000,-0.944094,0.591265,-0.134828,1.0000,1.0000,1.0000,1.660,4.810,0.340,5.000,3.000,8.000,1.500,0.060,0.110,24211560,996077484,24211301,170,1306,1506,1505,1505,1000,1000,2008,1505,1505,1105,2008,1625,1256,1000,1000
-0.0265,-0.0006,-0.6177,-0.0330,-0.0202,2.9491,0.0063,-0.0052,3.1416,13.9523,0.2877,0.3811,-9.8180,-0.0848,0.1103,-0.0811,0.4639,-1.7862,-9.2683,-0.0828,0.1074,-0.0773,-5.4510,7.4637,-11.7289,-0.0966,0.1851,-0.1007,5.8754,3.1104,-8.3091,-0.1337,0.1108,-0.0924,13.9523,0.1120,-0.0304,0.0298,865.5037,861.6891,747.9609,865.3785,-0.948862,0.595382,-0.131622,-0.182609,0.128718,-0.049492,0.000000,0.000000,0.000000,0.000000,0.000000,0.000000,-0.944094,0.591265,-0.134828,1.0000,1.0000,1.0000,1.660,4.810,0.340,5.000,3.000,8.000,1.500,0.060,0.110,24222060,996077484,24220312,170,1306,1506,1505,1505,1000,1000,2008,1505,1505,1105,2008,1625,1256,1000,1000
-0.0273,0.0009,-0.6186,-0.0342,-0.0188,2.9480,0.0063,-0.0052,3.1416,13.9523,-0.0676,0.1299,-9.4744,-0.1161,0.1315,-0.0899,-0.4466,-0.1602,-9.6995,-0.1204,0.1382,-0.0906,2.5935,-8.0699,-5.1640,-0.1816,0.1411,-0.0967,0.8618,-9.5817,-12.4087,-0.0852,0.1651,-0.0943,13.9523,0.1319,-0.0342,0.0303,868.5286,856.2680,743.5361,871.5202,-0.951060,0.596943,-0.132200,-0.184760,0.131311,-0.046691,0.000000,0.000000,0.000000,0.000000,0.000000,0.000000,-0.944094,0.591265,-0.134828,1.0000,1.0000,1.0000,1.660,4.810,0.340,5.000,3.000,8.000,1.500,0.060,0.110,24232560,996077484,24232301,170,1306,1506,1505,1505,1000,1000,2008,1505,1505,1105,2008,1625,1256,1000,1000
-0.0284,0.0024,-0.6197,-0.0354,-0.0176,2.9471,0.0063,-0.0052,3.1416,13.9523,-0.0642,-0.6605,-9.2443,-0.1415,0.1321,-0.1072,0.1085,-0.1371,-8.9602,-0.1344,0.1261,-0.1060,0.2448,12.4628,-8.6787,-0.1312,0.1736,-0.0640,2.5336,9.0470,-8.0702,-0.2144,0.1356,-0.0631,13.9523,0.1409,-0.0363,0.0321,868.4976,855.0465,739.7670,875.9465,-0.952732,0.598141,-0.132603,-0.186926,0.133394,-0.043298,0.000000,0.000000,0.000000,0.000000,0.000000,0.000000,-0.944094,0.591265,-0.134828,1.0000,1.0000,1.0000,1.660,4.810,0.340,5.000,3.000,8.000,1.500,0.060,0.110,24243060,996077484,24241301,170,1306,1506,1505,1505,1000,1000,2008,1505,1505,1105,2008,1625,1256,1000,1000
-0.0298,0.0039,-0.6208,-0.0372,-0.0162,2.9458,0.0063,-0.0052,3.1416,13.9523,0.2234,-0.2611,-9.0729,-0.1544,0.1168,-0.1034,0.3031,-1.6436,-9.6931,-0.1426,0.1088,-0.1003,2.3134,-11.3212,-12.8278,-0.2607,0.0572,-0.1050,4.1874,10.5249,-8.5748,-0.2293,0.1001,-0.1137,13.9523,0.1483,-0.0329,0.0322,871.1494,854.4163,736.5006,876.6804,-0.954995,0.599759,-0.133092,-0.190153,0.136870,-0.037748,0.000000,0.000000,0.000000,0.000000,0.000000,0.000000,-0.944094,0.591265,-0.134828,1.0000,1.0000,1.0000,1.660,4.810,0.340,5.000,3.000,8.000,1.500,0.060,0.110,24253560,996077484,24253301,170,1306,1506,1505,1505,1000,1000,2008,1505,1505,1105,2008,1625,1256,1000,1000
-0.0310,0.0053,-0.6219,-0.0384,-0.0156,2.9449,0.0063,-0.0052,3.1416,13.9523,0.6064,0.3900,-9.0602,-0.1454,0.0637,-0.0916,-0.1110,1.5858,-8.8198,-0.1409,0.0651,-0.0932,-0.1934,3.3026,-13.4527,0.0526,0.0652,-0.1162,4.9488,-8.7377,-15.1112,-0.0184,0.0248,-0.0921,13.9523,0.1478,-0.0193,0.0311,876.0159,857.8454,732.9999,871.4005,-0.956729,0.600993,-0.133414,-0.194584,0.138820,-0.032647,0.000000,0.000000,0.000000,0.000000,0.000000,0.000000,-0.944094,0.591265,-0.134828,1.0000,1.0000,1.0000,1.660,4.810,0.340,5.000,3.000,8.000,1.500,0.060,0.110,24264060,996077484,24262301,170,1306,1506,1505,1505,1000,1000,2008,1505,1505,1105,2008,1625,1256,1000,1000
-0.0324,0.0062,-0.6229,-0.0397,-0.0153,2.9438,0.0063,-0.0052,3.1416,13.9523,0.5147,1.0250,-9.4849,-0.0876,0.0046,-0.0836,0.6524,-0.4143,-9.5104,-0.0919,-0.0015,-0.0786,-2.2045,-12.9445,-7.8120,-0.1264,-0.1075,-0.0949,-1.4852,9.8282,-5.0875,-0.1505,-0.1185,-0.1209,13.9523,0.1399,-0.0012,0.0298,880.6788,864.1920,730.0875,862.8322,-0.959108,0.602652,-0.133776,-0.202053,0.137797,-0.027511,0.000000,0.000000,0.000000,0.000000,0.000000,0.000000,-0.944094,0.591265,-0.134828,1.0000,1.0000,1.0000,1.660,4.810,0.340,5.000,3.000,8.000,1.500,0.060,0.110,24274560,996077484,24274301,170,1306,1506,1505,1505,1000,1000,2008,1505,1505,1105,2008,1625,1256,1000,1000
-0.0330,0.0063,-0.6237,-0.0401,-0.0156,2.9431,0.0063,-0.0052,3.1416,13.9523,0.0089,0.5173,-9.5720,-0.0213,-0.0416,-0.0842,-0.4338,1.2262,-9.1285,-0.0239,-0.0399,-0.0808,5.0667,-8.1106,-13.1917,0.0614,-0.0193,-0.0616,1.3807,-14.0566,-8.5317,0.1103,-0.0019,-0.0791,13.9523,0.1189,0.0147,0.0288,881.5003,873.0032,731.2194,852.0980,-0.960944,0.603907,-0.134012,-0.206364,0.139750,-0.024939,0.000000,0.000000,0.000000,0.000000,0.000000,0.000000,-0.944094,0.591265,-0.134828,1.0000,1.0000,1.0000,1.660,4.810,0.340,5.000,3.000,8.000,1.500,0.060,0.110,24285060,996077484,24283301,170,1306,1506,1505,1505,1000,1000,2008,1505,1505,1105,2008,1625,1256,1000,1000
-0.0330,0.0060,-0.6245,-0.0401,-0.0161,2.9422,0.0063,-0.0052,3.1416,13.9523,0.1567,-0.3494,-9.4778,0.0094,-0.0373,-0.0867,0.3950,-0.0152,-9.7491,0.0124,-0.0422,-0.0849,-2.6355,2.4239,-4.9198,-0.0425,-0.0926,-0.0144,-5.9835,6.5797,-6.5331,-0.0879,-0.0863,-0.0130,13.9523,0.1066,0.0156,0.0297,878.2954,876.8046,733.1262,849.8629,-0.963444,0.605614,-0.134288,-0.210002,0.144883,-0.020941,0.000000,0.000000,0.000000,0.000000,0.000000,0.000000,-0.944094,0.591265,-0.134828,1.0000,1.0000,1.0000,1.660,4.810,0.340,5.000,3.000,8.000,1.500,0.060,0.110,24295560,996077484,24295302,170,1306,1506,1505,1505,1000,1000,2008,1505,1505,1105,2008,1625,1256,1000,1000
-0.0327,0.0059,-0.6252,-0.0386,-0.0176,2.9569,0.0063,-0.0052,3.1416,13.9523,0.1508,0.0897,-9.5095,0.0456,-0.0398,-0.0743,-0.0658,0.7835,-8.9375,0.0352,-0.0431,-0.0733,-1.0266,3.9634,-13.2731,0.1107,0.0782,-0.0402,1.3861,-15.5453,-8.4455,0.1880,0.0610,-0.0322,13.9523,0.0910,0.0183,0.0283,876.6614,880.0474,737.9671,843.9883,-0.968251,0.604513,-0.137098,-0.223924,0.139757,-0.023786,0.000000,0.000000,0.000000,0.000000,0.000000,0.000000,-0.969319,0.602702,-0.140256,1.0000,1.0000,1.0000,1.660,4.810,0.340,5.000,3.000,8.000,1.500,0.060,0.110,24305609,996211353,24304350,171,1306,1506,1505,1505,1000,1000,2008,1505,1505,1105,2008,1625,1256,1000,1000
-0.0319,0.0057,-0.6259,-0.0379,-0.0179,2.9563,0.0063,-0.0052,3.1416,13.9523,0.2964,-0.1399,-9.5353,0.1151,-0.0001,-0.0597,0.5390,0.2815,-10.2904,0.0945,-0.0404,-0.0817,-6.1286,29.3635,-12.5884,0.2165,0.0055,-0.0632,-5.3352,30.2167,-14.7700,0.1372,-0.0138,-0.0482,13.9523,0.0663,0.0107,0.0280,869.0419,883.0334,747.6757,840.1960,-0.970279,0.605786,-0.137298,-0.226111,0.143225,-0.020502,0.000000,0.000000,0.000000,0.000000,0.000000,0.000000,-0.969319,0.602702,-0.140256,1.0000,1.0000,1.0000,1.660,4.810,0.340,5.000,3.000,8.000,1.500,0.060,0.110,24316109,996211353,24313350,171,1306,1506,1505,1505,1000,1000,2008,1505,1505,1105,2008,1625,1256,1000,1000
-0.0304,0.0059,-0.6267,-0.0359,-0.0178,2.9554,0.0063,-0.0052,3.1416,13.9523,0.1877,0.7109,-9.6938,0.1953,0.0163,-0.0641,0.3203,0.2031,-9.4470,0.1503,0.0396,-0.0594,2.0237,-23.5268,-5.4752,0.2733,0.1398,-0.1452,4.0977,-20.4925,-6.0231,0.4330,0.1718,-0.1742,13.9523,0.0378,0.0032,0.0286,859.6883,887.6956,757.0524,836.5013,-0.973013,0.607524,-0.137520,-0.229783,0.146194,-0.016471,0.000000,0.000000,0.000000,0.000000,0.000000,0.000000,-0.969319,0.602702,-0.140256,1.0000,1.0000,1.0000,1.660,4.810,0.340,5.000,3.000,8.000,1.500,0.060,0.110,24326112,996211353,24325353,171,1306,1506,1505,1505,1000,1000,2008,1505,1505,1105,2008,1625,1256,1000,1000
-0.0281,0.0063,-0.6275,-0.0340,-0.0175,2.9547,0.0063,-0.0052,3.1416,13.9523,-0.0478,-0.1689,-9.4813,0.2196,0.0620,-0.0705,0.1472,-1.7642,-9.6650,0.2113,0.0577,-0.0743,-3.1215,7.1884,-10.8622,0.2501,0.0601,-0.0935,-2.5034,19.4263,-14.9945,0.1859,0.0490,-0.0898,13.9523,0.0223,-0.0034,0.0279,854.6986,888.5935,764.2721,834.0925,-0.975088,0.608846,-0.137655,-0.231860,0.147813,-0.014265,0.000000,0.000000,0.000000,0.000000,0.000000,0.000000,-0.969319,0.602702,-0.140256,1.0000,1.0000,1.0000,1.660,4.810,0.340,5.000,3.000,8.000,1.500,0.060,0.110,24336612,996211353,24334353,171,1306,1506,1505,1505,1000,1000,2008,1505,1505,1105,2008,1625,1256,1000,1000
-0.0254,0.0069,-0.6283,-0.0313,-0.0165,2.9538,0.0063,-0.0052,3.1416,13.9523,-0.3780,0.0183,-9.2973,0.2273,0.1060,-0.0895,0.0522,0.2218,-9.3179,0.2374,0.0905,-0.0820,8.1289,-3.8106,-7.6827,0.1238,0.1089,-0.0330,9.2262,5.0156,-10.3975,0.1462,0.1361,-0.0959,13.9523,0.0144,-0.0208,0.0274,847.8338,884.8083,772.7828,837.2747,-0.977871,0.610633,-0.137808,-0.232358,0.149704,-0.011446,0.000000,0.000000,0.000000,0.000000,0.000000,0.000000,-0.969319,0.602702,-0.140256,1.0000,1.0000,1.0000,1.660,4.810,0.340,5.000,3.000,8.000,1.500,0.060,0.110,24347112,996211353,24346353,171,1306,1506,1505,1505,1000,1000,2008,1505,1505,1105,2008,1625,1256,1000,1000
-0.0227,0.0079,-0.6292,-0.0293,-0.0157,2.9531,0.0063,-0.0052,3.1416,13.9523,0.0391,-0.1941,-8.9050,0.1873,0.1104,-0.0882,-0.8735,0.3026,-9.2312,0.1715,0.0744,-0.0898,-4.8118,7.5858,-13.4551,0.2376,0.0582,-0.0554,-0.3557,-11.4385,-15.4380,0.2469,0.0237,-0.0655,13.9523,0.0233,-0.0315,0.0296,844.8128,881.2972,771.8141,844.8903,-0.979970,0.611984,-0.137900,-0.233860,0.150883,-0.008471,0.000000,0.000000,0.000000,0.000000,0.000000,0.000000,-0.969319,0.602702,-0.140256,1.0000,1.0000,1.0000,1.660,4.810,0.340,5.000,3.000,8.000,1.500,0.060,0.110,24357612,996211353,24355353,171,1306,1506,1505,1505,1000,1000,2008,1505,1505,1105,2008,1625,1256,1000,1000
-0.0204,0.0091,-0.6301,-0.0274,-0.0145,2.9520,0.0063,-0.0052,3.1416,13.9523,0.1239,-0.1552,-9.2951,0.1233,0.1030,-0.0833,0.4979,-1.0060,-9.4959,0.1328,0.1012,-0.0926,6.5655,0.5397,-5.9469,0.0654,0.0430,-0.0682,-1.5211,3.7138,-7.4794,0.0751,0.0703,-0.0743,13.9523,0.0411,-0.0314,0.0295,849.1125,877.2469,767.2729,848.9217,-0.982792,0.613814,-0.137966,-0.235997,0.154566,-0.002254,0.000000,0.000000,0.000000,0.000000,0.000000,0.000000,-0.969319,0.602702,-0.140256,1.0000,1.0000,1.0000,1.660,4.810,0.340,5.000,3.000,8.000,1.500,0.060,0.110,24368112,996211353,24367353,171,1306,1506,1505,1505,1000,1000,2008,1505,1505,1105,2008,1625,1256,1000,1000
-0.0188,0.0104,-0.6310,-0.0265,-0.0137,2.9512,0.0063,-0.0052,3.1416,13.9523,0.6249,0.0810,-9.3678,0.0670,0.0881,-0.0878,-0.8115,1.3607,-9.6300,0.0843,0.0987,-0.0875,-9.2770,8.4908,-11.1495,0.1669,0.1129,-0.1639,5.2379,-4.3526,-8.7544,0.1127,0.0397,-0.1467,13.9523,0.0592,-0.0298,0.0295,853.7494,873.6971,761.9421,852.7250,-0.984926,0.615215,-0.137971,-0.237531,0.156918,0.001851,0.000000,0.000000,0.000000,0.000000,0.000000,0.000000,-0.969319,0.602702,-0.140256,1.0000,1.0000,1.0000,1.660,4.810,0.340,5.000,3.000,8.000,1.500,0.060,0.110,24378612,996211353,24376353,171,1306,1506,1505,1505,1000,1000,2008,1505,1505,1105,2008,1625,1256,1000,1000
-0.0179,0.0116,-0.6321,-0.0258,-0.0129,2.9499,0.0063,-0.0052,3.1416,13.9523,0.5161,0.0376,-9.5299,0.0329,0.0533,-0.1093,0.7730,-0.2051,-9.8394,0.0338,0.0375,-0.1052,-1.8717,4.4470,-11.2381,-0.0505,-0.0193,-0.1071,-8.9285,5.8399,-10.1407,-0.0368,-0.0072,-0.1174,13.9523,0.0706,-0.0206,0.0310,858.0314,875.0720,754.0993,853.9882,-0.987798,0.617108,-0.137917,-0.241574,0.159185,0.007152,0.000000,0.000000,0.000000,0.000000,0.000000,0.000000,-0.969319,0.602702,-0.140256,1.0000,1.0000,1.0000,1.660,4.810,0.340,5.000,3.000,8.000,1.500,0.060,0.110,24389112,996211353,24388353,171,1306,1506,1505,1505,1000,1000,2008,1505,1505,1105,2008,1625,1256,1000,1000
-0.0174,0.0123,-0.6332,-0.0259,-0.0126,2.9490,0.0063,-0.0052,3.1416,13.9523,0.0526,0.1330,-9.7672,-0.0384,0.0227,-0.1140,0.3186,-0.1723,-9.9326,-0.0419,0.0166,-0.1133,-3.6721,-15.4895,-4.3811,-0.1541,0.0745,-0.0895,-0.4545,-17.6912,-7.7111,-0.0096,0.0165,-0.0876,13.9523,0.0918,-0.0085,0.0318,865.9803,874.5211,743.3511,855.9500,-0.989978,0.618564,-0.137833,-0.243725,0.163716,0.011262,0.000000,0.000000,0.000000,0.000000,0.000000,0.000000,-0.969319,0.602702,-0.140256,1.0000,1.0000,1.0000,1.660,4.810,0.340,5.000,3.000,8.000,1.500,0.060,0.110,24399612,996211353,24397353,171,1306,1506,1505,1505,1000,1000,2008,1505,1505,1105,2008,1625,1256,1000,1000
-0.0179,0.0125,-0.6344,-0.0270,-0.0124,2.9477,0.0063,-0.0052,3.1416,13.9523,-0.0172,-0.4998,-9.5662,-0.1327,0.0231,-0.1171,-0.1092,-0.3518,-9.1983,-0.1224,0.0220,-0.1173,1.4778,10.1907,-6.3204,-0.2090,0.0241,-0.0674,4.3473,12.3799,-5.3659,-0.2277,0.0099,-0.0621,13.9523,0.1210,-0.0057,0.0333,872.2866,869.9248,732.7999,863.2968,-0.992907,0.620574,-0.137667,-0.244530,0.170458,0.015870,0.000000,0.000000,0.000000,0.000000,0.000000,0.000000,-0.969319,0.602702,-0.140256,1.0000,1.0000,1.0000,1.660,4.810,0.340,5.000,3.000,8.000,1.500,0.060,0.110,24410112,996211353,24409353,171,1306,1506,1505,1505,1000,1000,2008,1505,1505,1105,2008,1625,1256,1000,1000
-0.0191,0.0127,-0.6356,-0.0285,-0.0121,2.9466,0.0063,-0.0052,3.1416,13.9523,0.2433,-0.5024,-9.3044,-0.2134,0.0491,-0.1057,0.0770,-0.7623,-9.8134,-0.2211,0.0308,-0.1069,0.9511,0.3936,-10.1391,-0.2565,0.0417,-0.1529,-0.7185,-6.5595,-12.5864,-0.2274,0.0637,-0.1273,13.9523,0.1489,-0.0156,0.0339,875.1989,860.9594,728.1487,873.2156,-0.995116,0.622130,-0.137504,-0.245501,0.174921,0.019227,0.000000,0.000000,0.000000,0.000000,0.000000,0.000000,-0.969319,0.602702,-0.140256,1.0000,1.0000,1.0000,1.660,4.810,0.340,5.000,3.000,8.000,1.500,0.060,0.110,24420612,996211353,24418353,171,1306,1506,1505,1505,1000,1000,2008,1505,1505,1105,2008,1625,1256,1000,1000
-0.0211,0.0133,-0.6368,-0.0313,-0.0114,2.9452,0.0063,-0.0052,3.1416,13.9523,0.4907,0.1730,-9.2778,-0.2505,0.0592,-0.1093,0.3472,0.8448,-8.8663,-0.2518,0.0636,-0.1100,-3.8876,-3.4299,-5.9253,-0.1765,0.1200,-0.1591,-4.4571,-12.5159,-9.2249,-0.1609,0.0847,-0.1382,13.9523,0.1713,-0.0253,0.0334,877.7532,852.3859,726.1719,880.6771,-0.998074,0.624263,-0.137244,-0.247992,0.180207,0.023740,0.000000,0.000000,0.000000,0.000000,0.000000,0.000000,-0.969319,0.602702,-0.140256,1.0000,1.0000,1.0000,1.660,4.810,0.340,5.000,3.000,8.000,1.500,0.060,0.110,24431112,996211353,24430354,171,1306,1506,1505,1505,1000,1000,2008,1505,1505,1105,2008,1625,1256,1000,1000
-0.0237,0.0140,-0.6380,-0.0336,-0.0109,2.9442,0.0063,-0.0052,3.1416,13.9523,-0.0475,0.1287,-8.9929,-0.2422,0.0563,-0.1182,-0.7574,-2.0630,-9.1916,-0.2492,0.0211,-0.1191,-2.4535,0.8533,-14.1686,-0.3058,0.1307,-0.1260,4.3293,17.7383,-14.8706,-0.3302,0.1119,-0.1513,13.9523,0.1784,-0.0222,0.0331,880.4632,851.5046,723.3582,881.1399,-1.000307,0.625895,-0.137016,-0.249429,0.183269,0.027629,0.000000,0.000000,0.000000,0.000000,0.000000,0.000000,-0.969319,0.602702,-0.140256,1.0000,1.0000,1.0000,1.660,4.810,0.340,5.000,3.000,8.000,1.500,0.060,0.110,24441612,996211353,24439353,171,1306,1506,1505,1505,1000,1000,2008,1505,1505,1105,2008,1625,1256,1000,1000
-0.0262,0.0147,-0.6393,-0.0363,-0.0102,2.9427,0.0063,-0.0052,3.1416,13.9523,-0.0018,1.7602,-9.5185,-0.2086,0.0796,-0.1263,0.0146,3.1508,-10.0782,-0.2201,0.0515,-0.1248,7.6476,12.6687,-10.5509,-0.1453,0.0311,-0.0903,-6.2097,-16.6820,-10.7620,-0.0399,0.1079,-0.1212,13.9523,0.1728,-0.0222,0.0336,878.8325,853.1778,724.3450,880.3384,-1.003304,0.628101,-0.136650,-0.251770,0.181794,0.033131,0.000000,0.000000,0.000000,0.000000,0.000000,0.000000,-0.969319,0.602702,-0.140256,1.0000,1.0000,1.0000,1.660,4.810,0.340,5.000,3.000,8.000,1.500,0.060,0.110,24452112,996211353,24451353,171,1306,1506,1505,1505,1000,1000,2008,1505,1505,1105,2008,1625,1256,1000,1000
-0.0288,0.0154,-0.6406,-0.0379,-0.0097,2.9416,0.0063,-0.0052,3.1416,13.9523,0.0072,0.2745,-9.3094,-0.1573,0.0708,-0.1184,0.4795,-1.3290,-8.1884,-0.1537,0.0552,-0.1184,-2.5732,12.4149,-16.8620,-0.0715,0.0268,-0.0757,11.4727,0.4617,-0.3504,-0.2035,-0.0024,-0.0706,13.9523,0.1565,-0.0276,0.0338,873.3223,855.4745,730.4823,878.5200,-1.005590,0.629724,-0.136338,-0.254939,0.179660,0.036512,0.000000,0.000000,0.000000,0.000000,0.000000,0.000000,-0.969319,0.602702,-0.140256,1.0000,1.0000,1.0000,1.660,4.810,0.340,5.000,3.000,8.000,1.500,0.060,0.110,24462612,996211353,24460353,171,1306,1506,1505,1505,1000,1000,2008,1505,1505,1105,2008,1625,1256,1000,1000
-0.0295,0.0163,-0.6417,-0.0393,-0.0092,2.9403,0.0168,-0.0052,3.1416,13.9523,0.4866,0.1567,-9.2123,-0.0862,0.0399,-0.1097,0.5969,1.9748,-10.1162,-0.0925,0.0489,-0.1068,2.8305,-10.9214,-2.0395,-0.1392,-0.0587,-0.1122,-1.5104,-6.0316,-18.0742,-0.0698,0.0064,-0.0964,13.9523,0.1539,-0.0196,0.0333,875.5860,858.0998,728.9800,874.9470,-1.008694,0.631930,-0.135833,-0.261839,0.187605,0.047311,0.000000,0.000000,0.000000,0.000000,0.000000,0.000000,-0.969319,0.602702,-0.140256,1.0000,1.0000,1.0000,1.660,4.810,0.340,5.000,3.000,8.000,1.500,0.060,0.110,24473112,996211353,24472353,171,1306,1516,1505,1505,1000,1000,2008,1505,1505,1105,2008,1625,1256,1000,1000
-0.0301,0.0167,-0.6429,-0.0398,-0.0090,2.9393,0.0199,-0.0052,3.1416,13.9523,0.4940,0.2194,-9.6202,-0.0248,0.0315,-0.0940,0.5018,-0.6539,-9.2596,-0.0428,0.0085,-0.0990,-2.8078,11.5841,-9.4927,0.1563,0.0710,-0.1780,-3.2540,-21.1695,-6.7360,0.1031,-0.0344,-0.0948,13.9523,0.1406,-0.0184,0.0318,874.0803,860.3822,733.7545,870.2073,-1.011064,0.633616,-0.135403,-0.263952,0.186302,0.048361,0.000000,0.000000,0.000000,0.000000,0.000000,0.000000,-0.969319,0.602702,-0.140256,1.0000,1.0000,1.0000,1.660,4.810,0.340,5.000,3.000,8.000,1.500,0.060,0.110,24483612,996211353,24481353,171,1306,1519,1505,1505,1000,1000,2008,1505,1505,1105,2008,1625,1256,1000,1000
-0.0292,0.0173,-0.6439,-0.0394,-0.0087,2.9381,0.0272,-0.0052,3.1416,13.9523,0.3578,0.0077,-9.7193,0.0817,0.0102,-0.0995,0.6734,0.6350,-10.2323,0.0200,0.0033,-0.0804,-1.2756,-17.9220,-4.2781,0.0345,0.1070,-0.1045,0.6319,23.0554,-13.3406,-0.0977,0.0823,-0.1084,13.9523,0.1219,-0.0110,0.0314,872.4199,866.5808,736.6954,863.2099,-1.014242,0.635921,-0.134795,-0.266375,0.197267,0.052990,0.000000,0.000000,0.000000,0.000000,0.000000,0.000000,-0.969319,0.602702,-0.140256,1.0000,1.0000,1.0000,1.660,4.810,0.340,5.000,3.000,8.000,1.500,0.060,0.110,24494112,996211353,24493353,171,1306,1526,1505,1505,1000,1000,2008,1505,1505,1105,2008,1625,1256,1000,1000
-0.0281,0.0173,-0.6450,-0.0382,-0.0085,2.9372,0.0293,-0.0052,3.1416,13.9523,-0.0598,0.5056,-9.8324,0.1741,0.0279,-0.0941,-0.4262,-0.2993,-10.1118,0.1780,0.0407,-0.0986,-1.2564,-14.0985,-5.1879,0.1502,0.0609,-0.0970,-3.4821,-14.2308,-2.2988,0.2487,-0.0005,-0.1119,13.9523,0.0886,-0.0110,0.0318,864.5178,874.4651,745.1163,855.9507,-1.016646,0.637682,-0.134313,-0.268698,0.194670,0.053528,0.000000,0.000000,0.000000,0.000000,0.000000,0.000000,-0.969319,0.602702,-0.140256,1.0000,1.0000,1.0000,1.660,4.810,0.340,5.000,3.000,8.000,1.500,0.060,0.110,24504612,996211353,24502353,171,1306,1528,1505,1505,1000,1000,2008,1505,1505,1105,2008,1625,1256,1000,1000
-0.0266,0.0175,-0.6459,-0.0356,-0.0082,2.9361,0.0304,-0.0052,3.1416,13.9523,-0.0970,0.4851,-9.3339,0.2586,0.0389,-0.0960,-0.3502,1.8958,-9.0995,0.2325,0.0112,-0.0923,-2.1758,10.0375,-8.4871,0.4177,0.0955,-0.0834,5.0655,-10.0630,-12.0370,0.3417,0.0597,-0.0439,13.9523,0.0578,-0.0133,0.0320,856.5865,880.8792,753.8716,849.6583,-1.019894,0.639970,-0.133663,-0.272823,0.187534,0.054653,0.000000,0.000000,0.000000,0.000000,0.000000,0.000000,-0.969319,0.602702,-0.140256,1.0000,1.0000,1.0000,1.660,4.810,0.340,5.000,3.000,8.000,1.500,0.060,0.110,24515112,996211353,24514354,171,1306,1529,1505,1505,1000,1000,2008,1505,1505,1105,2008,1625,1256,1000,1000
-0.0237,0.0178,-0.6469,-0.0266,0.0002,2.9297,0.0304,-0.0052,3.1416,13.9523,-0.1516,0.4797,-9.3381,0.3355,0.0708,-0.0963,0.4376,-0.0192,-9.7377,0.3253,0.0645,-0.0917,3.8073,-3.4874,-13.4934,0.3162,-0.0132,-0.1005,-2.8949,-0.8563,-5.7951,0.4437,0.1380,-0.0975,13.9523,0.0166,-0.0393,0.0332,837.7862,883.3447,772.1617,849.4192,-1.009106,0.626302,-0.138378,-0.230429,0.138680,0.043939,0.000000,0.000000,0.000000,0.000000,0.000000,0.000000,-1.004069,0.620776,-0.142211,1.0000,1.0000,1.0000,1.660,4.810,0.340,5.000,3.000,8.000,1.500,0.060,0.110,24525156,996344542,24523408,172,1306,1529,1505,1505,1000,1000,2008,1505,1505,1105,2008,1625,1256,1000,1000
-0.0198,0.0183,-0.6479,-0.0223,0.0010,2.9286,0.0304,-0.0052,3.1416,13.9523,0.1866,-0.1906,-9.0135,0.3632,0.0711,-0.0903,0.4039,2.2099,-9.2613,0.3610,0.0768,-0.0981,-0.2963,14.2058,-17.8509,0.5219,0.0668,-0.0978,-5.6926,-15.5902,-10.4531,0.4320,0.0743,-0.0607,13.9523,-0.0017,-0.0442,0.0332,831.9171,885.9744,778.5235,846.6373,-1.011874,0.627987,-0.137830,-0.231262,0.142883,0.048484,0.000000,0.000000,0.000000,0.000000,0.000000,0.000000,-1.004069,0.620776,-0.142211,1.0000,1.0000,1.0000,1.660,4.810,0.340,5.000,3.000,8.000,1.500,0.060,0.110,24535656,996344542,24535397,172,1306,1529,1505,1505,1000,1000,2008,1505,1505,1105,2008,1625,1256,1000,1000
-0.0152,0.0190,-0.6489,-0.0191,0.0015,2.9277,0.0304,-0.0052,3.1416,13.9523,0.4374,-0.4998,-9.2209,0.3480,0.0515,-0.0942,0.0987,-1.5558,-9.6633,0.3654,0.0725,-0.0846,-6.5715,-22.2004,-6.6843,0.2061,0.0795,-0.1156,1.5262,25.1905,-11.0763,0.2240,0.0908,-0.1270,13.9523,-0.0059,-0.0448,0.0335,830.5053,886.9089,779.5444,846.1054,-1.013936,0.629370,-0.137353,-0.227924,0.162053,0.058488,0.000000,0.000000,0.000000,0.000000,0.000000,0.000000,-1.004069,0.620776,-0.142211,1.0000,1.0000,1.0000,1.660,4.810,0.340,5.000,3.000,8.000,1.500,0.060,0.110,24546156,996344542,24544397,172,1306,1529,1505,1505,1000,1000,2008,1505,1505,1105,2008,1625,1256,1000,1000
-0.0114,0.0197,-0.6499,-0.0153,0.0018,2.9266,0.0304,-0.0052,3.1416,13.9523,0.2844,-0.0167,-9.7939,0.2877,0.0106,-0.0855,0.5235,-0.4063,-10.2290,0.3206,0.0517,-0.0709,-0.8446,-4.6150,-8.5302,0.3111,-0.0182,-0.0991,-2.6794,-9.6266,-8.1798,0.3523,-0.0210,-0.0778,13.9523,0.0051,-0.0308,0.0333,837.6651,888.5217,772.1276,844.1538,-1.016688,0.631353,-0.136617,-0.230827,0.167370,0.063713,0.000000,0.000000,0.000000,0.000000,0.000000,0.000000,-1.004069,0.620776,-0.142211,1.0000,1.0000,1.0000,1.660,4.810,0.340,5.000,3.000,8.000,1.500,0.060,0.110,24556656,996344542,24556397,172,1306,1529,1505,1505,1000,1000,2008,1505,1505,1105,2008,1625,1256,1000,1000
-0.0084,0.0199,-0.6507,-0.0131,0.0018,2.9260,0.0304,-0.0052,3.1416,13.9523,0.1785,0.1759,-9.7652,0.2087,-0.0029,-0.0746,0.3372,0.0310,-9.7814,0.2121,-0.0044,-0.0730,-5.1350,-11.4744,-2.5040,0.0998,0.0036,-0.0341,3.0813,5.1970,-10.2808,0.1140,-0.0197,-0.0692,13.9523,0.0260,-0.0217,0.0298,848.3099,883.8254,767.4739,842.6962,-1.018769,0.632876,-0.136017,-0.231428,0.171060,0.068550,0.000000,0.000000,0.000000,0.000000,0.000000,0.000000,-1.004069,0.620776,-0.142211,1.0000,1.0000,1.0000,1.660,4.810,0.340,5.000,3.000,8.000,1.500,0.060,0.110,24567156,996344542,24565397,172,1306,1529,1505,1505,1000,1000,2008,1505,1505,1105,2008,1625,1256,1000,1000
-0.0061,0.0196,-0.6514,-0.0112,0.0016,2.9251,0.0304,-0.0052,3.1416,13.9523,0.2247,-0.1958,-9.3844,0.1258,-0.0201,-0.0762,-0.4105,-1.8600,-8.6618,0.1345,-0.0172,-0.0755,-1.7137,-5.3117,-7.8431,0.0524,-0.0550,-0.0562,-4.8109,-1.2873,-6.6462,0.1380,-0.0647,-0.0503,13.9523,0.0589,-0.0155,0.0314,856.5659,879.5462,754.9513,850.1012,-1.021552,0.634957,-0.135158,-0.232505,0.175321,0.073691,0.000000,0.000000,0.000000,0.000000,0.000000,0.000000,-1.004069,0.620776,-0.142211,1.0000,1.0000,1.0000,1.660,4.810,0.340,5.000,3.000,8.000,1.500,0.060,0.110,24577656,996344542,24577397,172,1306,1529,1505,1505,1000,1000,2008,1505,1505,1105,2008,1625,1256,1000,1000
-0.0048,0.0192,-0.6521,-0.0105,0.0013,2.9245,0.0377,-0.0031,3.1416,13.9523,0.1973,-0.6127,-9.3580,0.0435,-0.0340,-0.0676,1.3268,0.0029,-9.8982,0.0500,-0.0485,-0.0756,3.0173,2.3305,-10.3738,0.0398,-0.0001,-0.0493,2.9646,5.2257,-12.3889,-0.0352,0.0157,-0.0615,13.9523,0.0959,-0.0069,0.0309,868.1599,873.3484,742.7416,855.4684,-1.023653,0.636550,-0.134480,-0.234568,0.178102,0.076250,0.000000,0.000000,0.000000,0.000000,0.000000,0.000000,-1.004069,0.620776,-0.142211,1.0000,1.0000,1.0000,1.660,4.810,0.340,5.000,3.000,8.000,1.500,0.060,0.110,24588156,996344542,24586397,172,1306,1538,1503,1505,1000,1000,2008,1505,1505,1105,2008,1625,1256,1000,1000
-0.0044,0.0188,-0.6530,-0.0104,0.0009,2.9236,0.0471,-0.0031,3.1416,13.9523,0.4762,-0.0861,-9.4174,-0.0170,-0.0334,-0.0781,-0.8717,0.3096,-9.4463,-0.0125,-0.0362,-0.0761,-13.0646,-9.8033,-10.4240,-0.0721,0.0585,-0.1274,1.7219,-0.1147,-13.2167,0.0389,-0.0477,-0.1177,13.9523,0.1323,-0.0059,0.0321,875.7748,866.3284,731.1792,864.7546,-1.026487,0.638701,-0.133553,-0.238187,0.180199,0.078964,0.000000,0.000000,0.000000,0.000000,0.000000,0.000000,-1.004069,0.620776,-0.142211,1.0000,1.0000,1.0000,1.660,4.810,0.340,5.000,3.000,8.000,1.500,0.060,0.110,24598656,996344542,24598397,172,1306,1545,1503,1505,1000,1000,2008,1505,1505,1105,2008,1625,1256,1000,1000
-0.0046,0.0184,-0.6539,-0.0107,0.0006,2.9228,0.0492,-0.0031,3.1416,13.9523,-0.0410,0.1310,-9.8647,-0.0621,-0.0307,-0.0861,0.4132,0.2447,-10.5452,-0.0824,-0.0632,-0.0812,7.5423,-3.2408,-5.2765,-0.1032,-0.0433,-0.1135,-14.2348,4.4302,-12.8450,-0.0921,0.0051,-0.1340,13.9523,0.1517,-0.0020,0.0324,881.0721,863.2810,724.2149,868.2747,-1.028639,0.640321,-0.132830,-0.240415,0.181131,0.082060,0.000000,0.000000,0.000000,0.000000,0.000000,0.000000,-1.004069,0.620776,-0.142211,1.0000,1.0000,1.0000,1.660,4.810,0.340,5.000,3.000,8.000,1.500,0.060,0.110,24609156,996344542,24607397,172,1306,1547,1503,1505,1000,1000,2008,1505,1505,1105,2008,1625,1256,1000,1000
-0.0052,0.0178,-0.6548,-0.0116,0.0003,2.9217,0.0492,-0.0031,3.1416,13.9523,-0.2113,0.0119,-9.5045,-0.0914,-0.0115,-0.0905,0.0967,-1.2832,-9.1233,-0.1142,-0.0478,-0.0930,8.7226,3.8581,-10.2181,0.0241,-0.0342,-0.1037,-0.1366,-4.0940,-2.0510,-0.0826,-0.0357,-0.1164,13.9523,0.1643,-0.0090,0.0322,881.9908,858.0803,723.5581,873.0316,-1.031526,0.642512,-0.131829,-0.240494,0.183943,0.084931,0.000000,0.000000,0.000000,0.000000,0.000000,0.000000,-1.004069,0.620776,-0.142211,1.0000,1.0000,1.0000,1.660,4.810,0.340,5.000,3.000,8.000,1.500,0.060,0.110,24619656,996344542,24619397,172,1306,1547,1503,1505,1000,1000,2008,1505,1505,1105,2008,1625,1256,1000,1000
-0.0063,0.0175,-0.6557,-0.0124,0.0001,2.9209,0.0492,-0.0031,3.1416,13.9523,0.0729,0.1358,-9.2703,-0.0847,-0.0101,-0.0941,0.3687,0.3693,-9.1093,-0.0803,-0.0223,-0.0940,-0.7728,-1.5193,-8.9708,-0.1120,-0.1126,-0.0594,-7.3375,1.1477,-18.2268,-0.0674,-0.0937,-0.0346,13.9523,0.1661,-0.0114,0.0327,881.2354,857.3370,723.3130,874.7263,-1.033695,0.644177,-0.131053,-0.240969,0.184880,0.086847,0.000000,0.000000,0.000000,0.000000,0.000000,0.000000,-1.004069,0.620776,-0.142211,1.0000,1.0000,1.0000,1.660,4.810,0.340,5.000,3.000,8.000,1.500,0.060,0.110,24630156,996344542,24628398,172,1306,1547,1503,1505,1000,1000,2008,1505,1505,1105,2008,1625,1256,1000,1000
-0.0071,0.0171,-0.6566,-0.0125,-0.0023,2.9318,0.0555,-0.0031,3.1416,13.9523,0.0929,0.0868,-9.3235,-0.0664,-0.0008,-0.0819,0.5348,0.8940,-9.5057,-0.0601,-0.0030,-0.0855,-6.0137,-4.8329,-13.9387,-0.0745,0.0430,-0.0437,9.0251,0.2786,-9.9467,-0.0786,-0.0325,-0.0439,13.9523,0.1723,-0.0141,0.0319,882.4368,854.4329,723.4963,876.2037,-1.040720,0.645056,-0.132836,-0.257168,0.182279,0.082124,0.000000,0.000000,0.000000,0.000000,0.000000,0.000000,-1.042090,0.643533,-0.136132,1.0000,1.0000,1.0000,1.660,4.810,0.340,5.000,3.000,8.000,1.500,0.060,0.110,24640203,996476926,24637444,173,1306,1553,1503,1505,1000,1000,2008,1505,1505,1105,2008,1625,1256,1000,1000
-0.0079,0.0169,-0.6573,-0.0130,-0.0021,2.9309,0.0576,-0.0031,3.1416,13.9523,0.0560,0.2740,-9.6546,-0.0190,0.0324,-0.0719,0.5325,0.1840,-10.2628,-0.0214,0.0280,-0.0763,7.2741,5.7183,-9.4113,0.0596,-0.0249,-0.0570,-6.3319,-7.4233,-10.8608,0.0431,0.0605,-0.0360,13.9523,0.1616,-0.0252,0.0313,877.1807,852.9937,731.1493,876.5310,-1.043815,0.647249,-0.131841,-0.257224,0.181951,0.083626,0.000000,0.000000,0.000000,0.000000,0.000000,0.000000,-1.042090,0.643533,-0.136132,1.0000,1.0000,1.0000,1.660,4.810,0.340,5.000,3.000,8.000,1.500,0.060,0.110,24650233,996476926,24649474,173,1306,1555,1503,1505,1000,1000,2008,1505,1505,1105,2008,1625,1256,1000,1000
-0.0085,0.0173,-0.6581,-0.0128,-0.0019,2.9302,0.0586,0.0031,3.1416,13.9523,0.3747,0.3252,-9.7840,0.0510,0.0261,-0.0686,0.9832,0.9547,-9.4013,0.0455,0.0253,-0.0726,-1.7017,5.2754,-18.0089,0.1011,0.0572,-0.0901,4.7226,6.1847,-15.6140,0.0357,-0.0043,-0.0783,13.9523,0.1460,-0.0164,0.0316,876.0906,859.5718,731.8712,870.5724,-1.046138,0.648882,-0.131088,-0.258671,0.181098,0.085350,0.000000,0.000000,0.000000,0.000000,0.000000,0.000000,-1.042090,0.643533,-0.136132,1.0000,1.0000,1.0000,1.660,4.810,0.340,5.000,3.000,8.000,1.500,0.060,0.110,24660733,996476926,24658474,173,1306,1556,1495,1505,1000,1000,2008,1505,1505,1105,2008,1625,1256,1000,1000
-0.0082,0.0177,-0.6589,-0.0116,-0.0017,2.9294,0.0586,0.0052,3.1416,13.9523,0.3610,0.3123,-10.3325,0.1363,0.0080,-0.0612,-0.1095,-1.0272,-10.7135,0.0909,-0.0138,-0.0705,-5.3002,-8.0292,5.8470,0.2248,0.0140,-0.1226,-7.9067,-17.6624,8.1361,0.3196,0.0328,-0.0866,13.9523,0.1156,-0.0033,0.0305,874.0325,869.6082,736.7068,858.5114,-1.049264,0.651047,-0.130049,-0.262478,0.179411,0.086626,0.000000,0.000000,0.000000,0.000000,0.000000,0.000000,-1.042090,0.643533,-0.136132,1.0000,1.0000,1.0000,1.660,4.810,0.340,5.000,3.000,8.000,1.500,0.060,0.110,24670734,996476926,24670475,173,1306,1561,1495,1505,1000,1000,2008,1505,1505,1105,2008,1625,1256,1000,1000
-0.0069,0.0176,-0.6597,-0.0101,-0.0018,2.9287,0.0639,0.0052,3.1416,13.9523,0.1119,0.0081,-9.6211,0.1993,0.0004,-0.0866,1.1643,1.8225,-8.3468,0.1976,-0.0238,-0.0636,-4.6107,-5.7020,-15.0903,0.2392,0.0255,-0.0674,18.1330,33.1779,-18.2142,0.1124,0.1561,-0.0927,13.9523,0.1007,-0.0009,0.0309,871.0169,874.1099,739.2777,854.7866,-1.051638,0.652648,-0.129261,-0.265231,0.176140,0.086404,0.000000,0.000000,0.000000,0.000000,0.000000,0.000000,-1.042090,0.643533,-0.136132,1.0000,1.0000,1.0000,1.660,4.810,0.340,5.000,3.000,8.000,1.500,0.060,0.110,24681234,996476926,24679475,173,1306,1563,1495,1505,1000,1000,2008,1505,1505,1105,2008,1625,1256,1000,1000
-0.0047,0.0174,-0.6606,-0.0071,-0.0017,2.9276,0.0723,0.0115,3.1416,13.9523,0.4275,0.5131,-9.4450,0.2797,0.0221,-0.0929,-1.1570,-0.4214,-9.9922,0.2791,-0.0082,-0.0575,-21.5904,-15.5781,1.8558,0.2402,0.0830,-0.0410,-16.9032,-19.3935,-21.7374,0.4131,0.0429,-0.0732,13.9523,0.0870,0.0049,0.0308,869.8026,878.8174,741.0613,849.6362,-1.054850,0.654728,-0.128222,-0.270330,0.170902,0.086300,0.000000,0.000000,0.000000,0.000000,0.000000,0.000000,-1.042090,0.643533,-0.136132,1.0000,1.0000,1.0000,1.660,4.810,0.340,5.000,3.000,8.000,1.500,0.060,0.110,24691734,996476926,24691475,173,1306,1569,1489,1505,1000,1000,2008,1505,1505,1105,2008,1625,1256,1000,1000
-0.0020,0.0177,-0.6612,-0.0043,-0.0014,2.9271,0.0744,0.0136,3.1416,13.9523,-0.2071,0.3561,-8.8963,0.3361,0.0424,-0.0505,1.8805,1.6334,-9.6404,0.3684,0.0368,-0.0601,10.9708,1.3130,-26.8028,0.3860,0.0308,0.0123,6.5722,4.4195,5.7281,0.2778,0.2192,-0.0037,13.9523,0.0617,0.0034,0.0282,865.5604,882.1002,751.1738,841.6487,-1.057302,0.656246,-0.127448,-0.275149,0.167466,0.086576,0.000000,0.000000,0.000000,0.000000,0.000000,0.000000,-1.042090,0.643533,-0.136132,1.0000,1.0000,1.0000,1.660,4.810,0.340,5.000,3.000,8.000,1.500,0.060,0.110,24702234,996476926,24700475,173,1306,1571,1487,1505,1000,1000,2008,1505,1505,1105,2008,1625,1256,1000,1000
0.0016,0.0184,-0.6618,0.0003,-0.0008,2.9265,0.0817,0.0147,3.1416,13.9523,0.1911,0.6607,-9.5198,0.4055,0.0554,-0.0478,-1.7351,1.1024,-8.3788,0.4176,0.0658,-0.0371,-12.5211,-8.1249,-18.3752,0.4521,0.0755,-0.0472,10.2336,-9.4201,-26.2644,0.5191,0.0269,-0.0354,13.9523,0.0344,-0.0040,0.0284,856.8489,886.1639,760.6913,837.7365,-1.060645,0.658237,-0.126394,-0.281930,0.163837,0.089967,0.000000,0.000000,0.000000,0.000000,0.000000,0.000000,-1.042090,0.643533,-0.136132,1.0000,1.0000,1.0000,1.660,4.810,0.340,5.000,3.000,8.000,1.500,0.060,0.110,24712734,996476926,24712475,173,1306,1578,1486,1505,1000,1000,2008,1505,1505,1105,2008,1625,1256,1000,1000
0.0057,0.0188,-0.6623,0.0042,-0.0006,2.9261,0.0838,0.0147,3.1416,13.9523,-0.1499,0.1691,-10.2067,0.4568,0.0326,-0.0489,1.3984,0.6520,-11.9309,0.4657,0.0418,-0.0429,13.8343,-7.3157,-3.1912,0.3913,-0.0825,-0.0610,-10.8553,-3.1980,-9.5158,0.4911,0.0181,-0.0751,13.9523,0.0155,0.0042,0.0285,855.0068,892.8142,762.7124,830.6901,-1.063204,0.659712,-0.125574,-0.285729,0.162995,0.093084,0.000000,0.000000,0.000000,0.000000,0.000000,0.000000,-1.042090,0.643533,-0.136132,1.0000,1.0000,1.0000,1.660,4.810,0.340,5.000,3.000,8.000,1.500,0.060,0.110,24723234,996476926,24721475,173,1306,1581,1481,1505,1000,1000,2008,1505,1505,1105,2008,1625,1256,1000,1000
0.0104,0.0190,-0.6629,0.0097,-0.0004,2.9254,0.0848,0.0220,3.1416,13.9523,0.2430,-0.7182,-9.7032,0.4504,0.0193,-0.0662,-0.8774,-1.5349,-9.4369,0.4455,0.0342,-0.0600,3.5057,17.6606,-18.3345,0.5608,0.0145,-0.0791,6.2130,-14.3260,4.2861,0.4032,-0.0645,-0.0735,13.9523,0.0098,0.0177,0.0298,856.7943,899.0579,758.0795,826.3439,-1.066649,0.661689,-0.124430,-0.287556,0.166818,0.097323,0.000000,0.000000,0.000000,0.000000,0.000000,0.000000,-1.042090,0.643533,-0.136132,1.0000,1.0000,1.0000,1.660,4.810,0.340,5.000,3.000,8.000,1.500,0.060,0.110,24733734,996476926,24733475,173,1306,1581,1479,1505,1000,1000,2008,1505,1505,1105,2008,1625,1256,1000,1000
0.0149,0.0191,-0.6635,0.0135,-0.0004,2.9249,0.0848,0.0220,3.1416,13.9523,0.4060,-0.0183,-9.8141,0.3990,-0.0057,-0.0647,0.6198,1.7864,-10.4971,0.3747,0.0117,-0.0473,2.1817,-12.4034,-1.3452,0.2775,-0.0476,-0.0360,-2.5411,5.4017,-17.3361,0.3007,-0.0804,-0.0397,13.9523,0.0192,0.0262,0.0297,861.6223,899.4225,752.7354,825.8123,-1.069239,0.663198,-0.123542,-0.287950,0.169392,0.098963,0.000000,0.000000,0.000000,0.000000,0.000000,0.000000,-1.042090,0.643533,-0.136132,1.0000,1.0000,1.0000,1.660,4.810,0.340,5.000,3.000,8.000,1.500,0.060,0.110,24744234,996476926,24742475,173,1306,1581,1479,1505,1000,1000,2008,1505,1505,1105,2008,1625,1256,1000,1000
0.0185,0.0191,-0.6642,0.0177,-0.0003,2.9242,0.0848,0.0220,3.1416,13.9523,0.2640,0.2994,-9.8631,0.3239,0.0079,-0.0589,0.3281,0.3058,-9.5073,0.3405,0.0099,-0.0555,-1.3737,-0.6766,-7.7401,0.3497,0.0851,-0.0405,1.3125,-7.1647,-5.8417,0.3033,0.0112,-0.0362,13.9523,0.0368,0.0215,0.0300,863.9913,894.3616,749.4202,831.8268,-1.072702,0.665227,-0.122354,-0.289415,0.168736,0.098837,0.000000,0.000000,0.000000,0.000000,0.000000,0.000000,-1.042090,0.643533,-0.136132,1.0000,1.0000,1.0000,1.660,4.810,0.340,5.000,3.000,8.000,1.500,0.060,0.110,24754734,996476926,24754475,173,1306,1581,1479,1505,1000,1000,2008,1505,1505,1105,2008,1625,1256,1000,1000
0.0212,0.0191,-0.6647,0.0203,-0.0039,2.9330,0.0848,0.0220,3.1416,13.9523,0.0031,0.6853,-9.8652,0.2759,0.0220,-0.0477,-0.0259,0.0892,-10.2747,0.2800,0.0148,-0.0523,6.7019,-12.2765,-8.9732,0.2093,0.0401,-0.0434,4.1731,-5.6401,-8.5353,0.3076,0.1236,-0.0341,13.9523,0.0520,0.0186,0.0294,867.0889,889.6368,747.1191,835.7310,-1.082078,0.667996,-0.124315,-0.314814,0.172667,0.093021,0.000000,0.000000,0.000000,0.000000,0.000000,0.000000,-1.086339,0.668827,-0.127659,1.0000,1.0000,1.0000,1.660,4.810,0.340,5.000,3.000,8.000,1.500,0.060,0.110,24764778,996611493,24763475,174,1306,1581,1479,1505,1000,1000,2008,1505,1505,1105,2008,1625,1256,1000,1000
0.0236,0.0192,-0.6652,0.0230,-0.0037,2.9324,0.0848,0.0220,3.1416,13.9523,0.3148,-0.0966,-9.8068,0.2233,-0.0012,-0.0515,0.1810,-0.2109,-9.9759,0.2193,-0.0048,-0.0552,-9.3751,7.8444,-12.0808,0.2328,0.0777,-0.0687,1.9374,-4.0814,-7.6877,0.1957,-0.0075,-0.0133,13.9523,0.0641,0.0282,0.0285,873.4532,889.0987,741.5273,834.6559,-1.085729,0.669998,-0.123232,-0.318626,0.173168,0.094743,0.000000,0.000000,0.000000,0.000000,0.000000,0.000000,-1.086339,0.668827,-0.127659,1.0000,1.0000,1.0000,1.660,4.810,0.340,5.000,3.000,8.000,1.500,0.060,0.110,24775278,996611493,24775019,174,1306,1581,1479,1505,1000,1000,2008,1505,1505,1105,2008,1625,1256,1000,1000
0.0252,0.0190,-0.6658,0.0246,-0.0038,2.9319,0.0859,0.0230,3.1416,13.9523,-0.1194,-0.6725,-9.8376,0.1555,-0.0010,-0.0486,-0.0096,-2.3394,-9.8290,0.1406,-0.0135,-0.0502,3.8792,1.6626,-11.0130,-0.0241,0.0156,-0.0589,0.9552,16.9410,-10.9577,0.0205,0.0642,-0.0589,13.9523,0.0846,0.0370,0.0284,880.7726,887.1447,732.8947,836.6656,-1.088608,0.671567,-0.122376,-0.321260,0.174001,0.095064,0.000000,0.000000,0.000000,0.000000,0.000000,0.000000,-1.086339,0.668827,-0.127659,1.0000,1.0000,1.0000,1.660,4.810,0.340,5.000,3.000,8.000,1.500,0.060,0.110,24785778,996611493,24784019,174,1306,1582,1478,1505,1000,1000,2008,1505,1505,1105,2008,1625,1256,1000,1000
0.0263,0.0187,-0.6664,0.0260,-0.0036,2.9313,0.0859,0.0230,3.1416,13.9523,-0.0545,-0.3367,-9.8226,0.0961,0.0452,-0.0525,-1.0748,-2.3984,-8.8434,0.1175,0.0331,-0.0477,-6.0616,-6.4921,-4.5175,0.0175,0.0942,-0.0456,1.3233,7.0628,-16.5137,0.0141,0.0128,-0.0778,13.9523,0.1005,0.0294,0.0291,881.5126,881.8785,730.4937,843.5255,-1.092469,0.673654,-0.121234,-0.322030,0.172866,0.094715,0.000000,0.000000,0.000000,0.000000,0.000000,0.000000,-1.086339,0.668827,-0.127659,1.0000,1.0000,1.0000,1.660,4.810,0.340,5.000,3.000,8.000,1.500,0.060,0.110,24796278,996611493,24796019,174,1306,1588,1472,1505,1000,1000,2008,1505,1505,1105,2008,1625,1256,1000,1000
0.0270,0.0191,-0.6668,0.0269,-0.0028,2.9309,0.0922,0.0293,3.1416,13.9523,0.0608,0.3325,-9.9160,0.0928,0.1243,-0.0363,0.8100,1.6289,-9.4323,0.0924,0.1243,-0.0365,-6.8157,-4.6174,-4.2925,0.1166,0.1025,-0.0733,-1.8677,-0.6480,-14.4468,0.1579,0.1009,-0.0447,13.9523,0.1120,0.0155,0.0277,880.9975,873.9860,734.0358,849.1840,-1.095371,0.675182,-0.120385,-0.322015,0.168870,0.092733,0.000000,0.000000,0.000000,0.000000,0.000000,0.000000,-1.086339,0.668827,-0.127659,1.0000,1.0000,1.0000,1.660,4.810,0.340,5.000,3.000,8.000,1.500,0.060,0.110,24806778,996611493,24805019,174,1306,1590,1470,1505,1000,1000,2008,1505,1505,1105,2008,1625,1256,1000,1000
0.0274,0.0203,-0.6672,0.0281,-0.0011,2.9305,0.0942,0.0314,3.1416,13.9523,0.0585,0.6378,-9.3936,0.1027,0.1539,-0.0352,-0.7929,-0.6100,-9.8294,0.1171,0.1842,-0.0297,3.6876,13.0566,-20.9394,0.2567,0.1478,-0.0445,-7.4254,-17.5475,-2.0600,0.1792,0.2083,-0.0189,13.9523,0.1154,-0.0079,0.0267,875.5303,865.3126,742.6372,856.2131,-1.099238,0.677167,-0.119276,-0.322950,0.162460,0.092475,0.000000,0.000000,0.000000,0.000000,0.000000,0.000000,-1.086339,0.668827,-0.127659,1.0000,1.0000,1.0000,1.660,4.810,0.340,5.000,3.000,8.000,1.500,0.060,0.110,24817278,996611493,24817019,174,1306,1590,1470,1505,1000,1000,2008,1505,1505,1105,2008,1625,1256,1000,1000
0.0279,0.0216,-0.6675,0.0290,0.0003,2.9302,0.0942,0.0314,3.1416,13.9523,-0.3346,0.5437,-9.7382,0.1049,0.1687,-0.0379,0.4300,1.6540,-10.0791,0.1152,0.1494,-0.0383,5.7203,-4.7730,-19.3185,-0.0310,0.2442,0.0048,9.7290,5.0372,-19.3509,0.0125,0.2000,-0.0935,13.9523,0.1144,-0.0137,0.0270,873.3544,864.0033,744.6119,858.0406,-1.102145,0.678624,-0.118457,-0.323377,0.160001,0.090711,0.000000,0.000000,0.000000,0.000000,0.000000,0.000000,-1.086339,0.668827,-0.127659,1.0000,1.0000,1.0000,1.660,4.810,0.340,5.000,3.000,8.000,1.500,0.060,0.110,24827778,996611493,24826030,174,1306,1590,1470,1505,1000,1000,2008,1505,1505,1105,2008,1625,1256,1000,1000
0.0285,0.0232,-0.6679,0.0304,0.0025,2.9298,0.0942,0.0314,3.1416,13.9523,-0.1574,-0.0212,-10.2767,0.1414,0.1988,-0.0505,-0.1334,-1.2015,-11.6648,0.1532,0.2019,-0.0545,2.4067,9.7526,-4.0603,0.1995,0.1022,-0.0056,-12.5343,6.2206,-8.7957,0.1771,0.1188,-0.0216,13.9523,0.1004,-0.0276,0.0283,864.8867,863.9968,751.7384,860.4070,-1.106027,0.680521,-0.117401,-0.324595,0.155633,0.086133,0.000000,0.000000,0.000000,0.000000,0.000000,0.000000,-1.086339,0.668827,-0.127659,1.0000,1.0000,1.0000,1.660,4.810,0.340,5.000,3.000,8.000,1.500,0.060,0.110,24838278,996611493,24838019,174,1306,1590,1470,1505,1000,1000,2008,1505,1505,1105,2008,1625,1256,1000,1000
0.0296,0.0248,-0.6684,0.0319,0.0041,2.9294,0.0942,0.0314,3.1416,13.9523,-0.0054,-0.2800,-10.1040,0.1678,0.1698,-0.0561,0.4841,0.6533,-9.6172,0.1704,0.1663,-0.0588,12.9915,4.8181,-10.4504,0.1800,0.0724,-0.0405,5.3062,4.5039,-2.4263,0.1768,0.1380,-0.0599,13.9523,0.0883,-0.0239,0.0293,862.4413,868.7117,752.4951,857.4476,-1.108971,0.681906,-0.116635,-0.327775,0.152637,0.084249,0.000000,0.000000,0.000000,0.000000,0.000000,0.000000,-1.086339,0.668827,-0.127659,1.0000,1.0000,1.0000,1.660,4.810,0.340,5.000,3.000,8.000,1.500,0.060,0.110,24848778,996611493,24847019,174,1306,1590,1469,1505,1000,1000,2008,1505,1505,1105,2008,1625,1256,1000,1000
0.0310,0.0265,-0.6690,0.0339,0.0059,2.9287,0.0942,0.0325,3.1416,13.9523,0.8443,0.0062,-10.0727,0.1659,0.1441,-0.0673,-1.1866,-0.7710,-10.4971,0.1848,0.1417,-0.0721,-17.6208,-5.0436,-5.9900,0.1062,0.1752,-0.1100,8.2045,2.4442,-21.1807,0.0866,0.0391,-0.0956,13.9523,0.0871,-0.0196,0.0305,862.6018,871.1727,750.0461,856.9348,-1.112947,0.683721,-0.115644,-0.334489,0.150032,0.080961,0.000000,0.000000,0.000000,0.000000,0.000000,0.000000,-1.086339,0.668827,-0.127659,1.0000,1.0000,1.0000,1.660,4.810,0.340,5.000,3.000,8.000,1.500,0.060,0.110,24859278,996611493,24859020,174,1306,1590,1469,1505,1000,1000,2008,1505,1505,1105,2008,1625,1256,1000,1000
0.0321,0.0280,-0.6697,0.0340,0.0004,2.9290,0.0942,0.0325,3.1416,13.9523,0.6095,0.2175,-9.8688,0.1542,0.1581,-0.0624,0.1371,-0.6444,-8.7160,0.1589,0.1674,-0.0667,7.4753,10.8778,-14.7839,0.2258,0.1832,-0.1154,-8.1419,-11.8838,-4.6135,0.2432,0.1513,-0.0589,13.9523,0.0914,-0.0139,0.0299,865.7604,871.4880,747.5469,855.6116,-1.126810,0.689880,-0.114159,-0.376778,0.165790,0.081842,0.000000,0.000000,0.000000,0.000000,0.000000,0.000000,-1.132797,0.692543,-0.113840,1.0000,1.0000,1.0000,1.660,4.810,0.340,5.000,3.000,8.000,1.500,0.060,0.110,24869327,996744070,24868068,175,1306,1590,1469,1505,1000,1000,2008,1505,1505,1105,2008,1625,1256,1000,1000
0.0331,0.0297,-0.6704,0.0352,0.0018,2.9285,0.0942,0.0325,3.1416,13.9523,0.2050,0.1134,-9.8861,0.1376,0.1394,-0.0713,0.4140,0.9468,-11.0026,0.1687,0.1526,-0.0656,7.0251,14.0909,-13.7496,0.1131,0.2258,-0.0472,6.7876,14.8885,-7.0108,-0.0253,0.2064,-0.0879,13.9523,0.0954,-0.0084,0.0295,868.6765,871.9059,744.9849,854.4641,-1.130203,0.691364,-0.113426,-0.378137,0.164894,0.081608,0.000000,0.000000,0.000000,0.000000,0.000000,0.000000,-1.132797,0.692543,-0.113840,1.0000,1.0000,1.0000,1.660,4.810,0.340,5.000,3.000,8.000,1.500,0.060,0.110,24879827,996744070,24877068,175,1306,1590,1469,1505,1000,1000,2008,1505,1505,1105,2008,1625,1256,1000,1000
0.0339,0.0312,-0.6711,0.0366,0.0037,2.9277,0.0942,0.0335,3.1416,13.9523,-0.0803,0.2515,-10.2633,0.1185,0.1745,-0.0925,-1.0057,-0.4547,-9.3269,0.1575,0.2065,-0.0670,-6.9785,-12.1256,-4.3930,0.1195,0.2354,-0.0826,-6.2600,-26.9319,-11.2971,0.1167,0.2011,-0.0708,13.9523,0.0990,-0.0140,0.0311,866.5539,870.6210,744.2360,858.5724,-1.134752,0.693342,-0.112456,-0.378423,0.163441,0.079128,0.000000,0.000000,0.000000,0.000000,0.000000,0.000000,-1.132797,0.692543,-0.113840,1.0000,1.0000,1.0000,1.660,4.810,0.340,5.000,3.000,8.000,1.500,0.060,0.110,24889855,996744070,24889096,175,1306,1590,1468,1505,1000,1000,2008,1505,1505,1105,2008,1625,1256,1000,1000
0.0346,0.0330,-0.6719,0.0376,0.0055,2.9270,0.0942,0.0335,3.1416,13.9523,-0.4248,-0.1708,-10.0877,0.1161,0.2142,-0.0617,1.1494,0.8714,-10.5238,0.1779,0.2665,-0.0591,6.2925,-6.7531,-16.5700,0.0609,0.1859,-0.0104,5.9041,12.4158,5.0349,0.0032,0.3087,-0.0514,13.9523,0.0982,-0.0230,0.0312,863.5454,868.1456,747.5233,861.2501,-1.138161,0.694812,-0.111752,-0.379561,0.161844,0.075923,0.000000,0.000000,0.000000,0.000000,0.000000,0.000000,-1.132797,0.692543,-0.113840,1.0000,1.0000,1.0000,1.660,4.810,0.340,5.000,3.000,8.000,1.500,0.060,0.110,24900355,996744070,24898096,175,1306,1590,1468,1505,1000,1000,2008,1505,1505,1105,2008,1625,1256,1000,1000
0.0353,0.0350,-0.6724,0.0391,0.0080,2.9265,0.0953,0.0335,3.1416,13.9523,0.3049,0.0855,-9.6453,0.1407,0.2272,-0.0538,-1.3676,0.4414,-8.2659,0.1144,0.1891,-0.0630,-3.8828,-10.4401,-20.4103,0.1622,0.2559,-0.1082,2.9466,-3.1046,-23.0231,0.2469,0.1928,-0.0623,13.9523,0.0903,-0.0346,0.0297,859.3301,865.2946,755.2720,861.5749,-1.142725,0.696737,-0.110864,-0.381605,0.158142,0.071444,0.000000,0.000000,0.000000,0.000000,0.000000,0.000000,-1.132797,0.692543,-0.113840,1.0000,1.0000,1.0000,1.660,4.810,0.340,5.000,3.000,8.000,1.500,0.060,0.110,24910855,996744070,24910096,175,1306,1591,1468,1505,1000,1000,2008,1505,1505,1105,2008,1625,1256,1000,1000
0.0363,0.0372,-0.6731,0.0406,0.0099,2.9259,0.0953,0.0335,3.1416,13.9523,0.6888,-0.0328,-9.4814,0.1691,0.1853,-0.0730,1.5741,0.3996,-10.8578,0.1795,0.2040,-0.0691,6.6924,-5.4123,-7.5725,0.1129,0.0566,-0.1359,-12.2398,12.2272,-9.1602,0.1912,0.1294,-0.0874,13.9523,0.0773,-0.0361,0.0315,854.4564,869.2103,757.2721,860.7245,-1.146182,0.698138,-0.110233,-0.385989,0.154321,0.069143,0.000000,0.000000,0.000000,0.000000,0.000000,0.000000,-1.132797,0.692543,-0.113840,1.0000,1.0000,1.0000,1.660,4.810,0.340,5.000,3.000,8.000,1.500,0.060,0.110,24921355,996744070,24919096,175,1306,1591,1468,1505,1000,1000,2008,1505,1505,1105,2008,1625,1256,1000,1000
0.0376,0.0391,-0.6739,0.0427,0.0117,2.9250,0.0953,0.0335,3.1416,13.9523,0.5034,0.1207,-9.6026,0.1678,0.1242,-0.0778,0.1779,-1.1404,-9.2892,0.1950,0.1467,-0.0765,0.7763,-0.6167,-14.5373,0.3098,0.1632,-0.1266,-1.5014,-6.2255,-14.4199,0.2594,0.1292,-0.0945,13.9523,0.0706,-0.0223,0.0318,856.8610,875.1520,753.8392,855.3098,-1.150854,0.699972,-0.109402,-0.392181,0.152255,0.070145,0.000000,0.000000,0.000000,0.000000,0.000000,0.000000,-1.132797,0.692543,-0.113840,1.0000,1.0000,1.0000,1.660,4.810,0.340,5.000,3.000,8.000,1.500,0.060,0.110,24931855,996744070,24931096,175,1306,1591,1468,1505,1000,1000,2008,1505,1505,1105,2008,1625,1256,1000,1000
0.0388,0.0403,-0.6747,0.0442,0.0125,2.9244,0.0953,0.0335,3.1416,13.9523,0.2261,0.5315,-9.9744,0.1756,0.0585,-0.0820,0.3666,1.2497,-10.3406,0.1610,0.0473,-0.0776,0.8529,-8.8839,-10.4576,0.0979,-0.0044,-0.0520,3.8947,2.0671,-6.6103,0.0940,0.0208,-0.0977,13.9523,0.0692,0.0071,0.0321,865.3299,884.5237,743.5268,846.1206,-1.154395,0.701331,-0.108771,-0.395504,0.150281,0.071540,0.000000,0.000000,0.000000,0.000000,0.000000,0.000000,-1.132797,0.692543,-0.113840,1.0000,1.0000,1.0000,1.660,4.810,0.340,5.000,3.000,8.000,1.500,0.060,0.110,24942355,996744070,24940096,175,1306,1591,1468,1505,1000,1000,2008,1505,1505,1105,2008,1625,1256,1000,1000
0.0400,0.0407,-0.6755,0.0463,0.0128,2.9235,0.0953,0.0335,3.1416,13.9523,0.3837,0.1472,-10.1496,0.1772,0.0002,-0.0738,0.1084,-0.2202,-10.7919,0.1782,-0.0065,-0.0771,-4.1079,-2.2352,-12.6028,0.1685,-0.0222,-0.0570,-1.5535,-4.1479,-15.7218,0.2059,-0.0469,-0.0325,13.9523,0.0656,0.0249,0.0315,870.4320,890.1526,738.8606,839.0422,-1.159167,0.703111,-0.107921,-0.400304,0.145762,0.069961,0.000000,0.000000,0.000000,0.000000,0.000000,0.000000,-1.132797,0.692543,-0.113840,1.0000,1.0000,1.0000,1.660,4.810,0.340,5.000,3.000,8.000,1.500,0.060,0.110,24952855,996744070,24952096,175,1306,1591,1468,1505,1000,1000,2008,1505,1505,1105,2008,1625,1256,1000,1000
0.0412,0.0404,-0.6761,0.0479,0.0125,2.9230,0.0953,0.0335,3.1416,13.9523,0.2348,-0.1805,-10.0313,0.1804,-0.0309,-0.0525,1.4013,0.1275,-9.1191,0.1821,-0.0195,-0.0538,13.3147,2.3114,-4.9629,0.1651,-0.1563,-0.0224,-6.0014,0.1421,-8.5138,0.1728,-0.0634,-0.0144,13.9523,0.0619,0.0354,0.0297,874.1791,892.6941,738.0956,833.0985,-1.162793,0.704413,-0.107293,-0.404245,0.141780,0.068451,0.000000,0.000000,0.000000,0.000000,0.000000,0.000000,-1.132797,0.692543,-0.113840,1.0000,1.0000,1.0000,1.660,4.810,0.340,5.000,3.000,8.000,1.500,0.060,0.110,24963355,996744070,24961096,175,1306,1591,1468,1505,1000,1000,2008,1505,1505,1105,2008,1625,1256,1000,1000
0.0424,0.0400,-0.6767,0.0500,0.0122,2.9224,0.0953,0.0335,3.1416,13.9523,0.4227,-0.1813,-9.9527,0.1801,-0.0298,-0.0523,-0.2531,0.8513,-11.0911,0.1841,-0.0320,-0.0510,0.0820,5.8213,-15.9523,0.3330,0.0287,-0.0522,-3.7909,-19.1547,-6.3823,0.2903,-0.0921,-0.0487,13.9523,0.0567,0.0352,0.0298,872.8021,893.8810,739.4659,832.0538,-1.167673,0.706085,-0.106484,-0.407949,0.136843,0.065899,0.000000,0.000000,0.000000,0.000000,0.000000,0.000000,-1.132797,0.692543,-0.113840,1.0000,1.0000,1.0000,1.660,4.810,0.340,5.000,3.000,8.000,1.500,0.060,0.110,24973855,996744070,24973096,175,1306,1591,1468,1505,1000,1000,2008,1505,1505,1105,2008,1625,1256,1000,1000
0.0436,0.0396,-0.6772,0.0515,0.0121,2.9219,0.0953,0.0335,3.1416,13.9523,0.2422,0.2456,-10.2629,0.1670,0.0041,-0.0404,-1.4354,-5.1711,-8.5574,0.1528,-0.0215,-0.0520,-10.7542,-19.6027,-7.5127,-0.0494,0.1531,-0.0613,10.4617,34.7437,-18.3920,-0.1715,-0.0434,-0.0716,13.9523,0.0624,0.0310,0.0284,873.9291,890.2871,741.0469,833.3165,-1.171337,0.707298,-0.105902,-0.406539,0.134147,0.063794,0.000000,0.000000,0.000000,0.000000,0.000000,0.000000,-1.132797,0.692543,-0.113840,1.0000,1.0000,1.0000,1.660,4.810,0.340,5.000,3.000,8.000,1.500,0.060,0.110,24984355,996744070,24982096,175,1306,1591,1468,1505,1000,1000,2008,1505,1505,1105,2008,1625,1256,1000,1000
0.0446,0.0395,-0.6777,0.0506,0.0097,2.9170,0.0953,0.0335,3.1416,13.9523,0.0307,-0.0323,-10.7234,0.1268,0.0710,-0.0497,0.8163,3.4839,-11.6341,0.1115,0.0433,-0.0396,3.0867,18.4723,-10.2948,0.2727,0.1390,-0.1116,-3.9382,-22.1015,-3.4840,0.3143,0.1382,-0.0607,13.9523,0.0681,0.0087,0.0289,868.0964,882.7860,746.8239,842.1885,-1.179723,0.714455,-0.103858,-0.418851,0.151412,0.061159,0.000000,0.000000,0.000000,0.000000,0.000000,0.000000,-1.181925,0.718012,-0.102308,1.0000,1.0000,1.0000,1.660,4.810,0.340,5.000,3.000,8.000,1.500,0.060,0.110,24994400,996876997,24994096,176,1306,1592,1468,1505,1000,1000,2008,1505,1505,1105,2008,1625,1256,1000,1000
0.0453,0.0401,-0.6783,0.0515,0.0106,2.9165,0.0963,0.0335,3.1416,13.9523,-0.2321,-0.3350,-10.2534,0.0870,0.1342,-0.0656,-1.1372,-4.1228,-9.9010,0.1475,0.1680,-0.0585,6.5774,18.3502,-15.8972,-0.0169,0.1153,-0.0376,2.8029,13.1700,-5.3713,-0.0711,0.1113,-0.0887,13.9523,0.0892,-0.0043,0.0306,867.6128,875.4354,743.9257,852.8574,-1.183512,0.715810,-0.103325,-0.419698,0.147196,0.055575,0.000000,0.000000,0.000000,0.000000,0.000000,0.000000,-1.181925,0.718012,-0.102308,1.0000,1.0000,1.0000,1.660,4.810,0.340,5.000,3.000,8.000,1.500,0.060,0.110,25004900,996876997,25003141,176,1306,1592,1468,1505,1000,1000,2008,1505,1505,1105,2008,1625,1256,1000,1000
0.0456,0.0410,-0.6789,0.0523,0.0124,2.9158,0.1026,0.0335,3.1416,13.9523,-0.0632,-0.4672,-9.7472,0.0458,0.1740,-0.0710,0.1931,0.7096,-9.6659,0.0731,0.1806,-0.0718,-5.0704,-4.2631,-0.9957,-0.0182,0.1912,-0.0482,5.7246,5.1934,-23.3176,-0.0133,0.1646,-0.0676,13.9523,0.1081,-0.0223,0.0306,866.4969,865.6567,745.3295,862.6910,-1.188552,0.717540,-0.102696,-0.419902,0.141573,0.049822,0.000000,0.000000,0.000000,0.000000,0.000000,0.000000,-1.181925,0.718012,-0.102308,1.0000,1.0000,1.0000,1.660,4.810,0.340,5.000,3.000,8.000,1.500,0.060,0.110,25015400,996876997,25015141,176,1306,1598,1468,1505,1000,1000,2008,1505,1505,1105,2008,1625,1256,1000,1000
0.0454,0.0424,-0.6796,0.0525,0.0141,2.9153,0.1047,0.0335,3.1416,13.9523,0.0399,-0.2771,-9.4938,-0.0032,0.2025,-0.0663,-0.8315,-1.1525,-9.2381,0.0119,0.1816,-0.0681,-0.3083,-10.1361,-10.3594,0.0337,0.1115,-0.0514,1.5639,-11.5839,-7.3735,0.0908,0.1494,-0.0471,13.9523,0.1251,-0.0376,0.0319,864.6801,858.0675,744.7875,872.5080,-1.192338,0.718796,-0.102263,-0.420836,0.138495,0.047717,0.000000,0.000000,0.000000,0.000000,0.000000,0.000000,-1.181925,0.718012,-0.102308,1.0000,1.0000,1.0000,1.660,4.810,0.340,5.000,3.000,8.000,1.500,0.060,0.110,25025900,996876997,25024141,176,1306,1600,1468,1505,1000,1000,2008,1505,1505,1105,2008,1625,1256,1000,1000
0.0448,0.0440,-0.6802,0.0525,0.0163,2.9147,0.1110,0.0419,3.1416,13.9523,0.5078,-0.0702,-10.0447,-0.0074,0.1691,-0.0580,0.9530,1.2641,-10.9355,0.0018,0.1916,-0.0586,-7.4981,3.2691,-9.5549,0.0633,0.1832,-0.0666,6.2040,9.9521,-16.2677,0.0037,0.1321,-0.0647,13.9523,0.1402,-0.0246,0.0317,872.2247,858.4510,736.2903,871.8328,-1.197404,0.720437,-0.101710,-0.424043,0.134974,0.045005,0.000000,0.000000,0.000000,0.000000,0.000000,0.000000,-1.181925,0.718012,-0.102308,1.0000,1.0000,1.0000,1.660,4.810,0.340,5.000,3.000,8.000,1.500,0.060,0.110,25036400,996876997,25036141,176,1306,1606,1460,1505,1000,1000,2008,1505,1505,1105,2008,1625,1256,1000,1000
0.0438,0.0452,-0.6807,0.0524,0.0171,2.9143,0.1131,0.0450,3.1416,13.9523,0.6617,0.1776,-10.5485,-0.0505,0.0110,-0.0243,1.4339,-1.1117,-9.6647,-0.0147,0.0271,-0.0293,2.0668,-0.2887,-4.2614,-0.1374,-0.3111,-0.0501,-5.1215,4.3494,-4.6817,-0.1052,-0.1926,-0.0535,13.9523,0.1494,0.0057,0.0310,883.9503,865.0882,723.6172,864.0385,-1.201239,0.721637,-0.101309,-0.428333,0.131919,0.044364,0.000000,0.000000,0.000000,0.000000,0.000000,0.000000,-1.181925,0.718012,-0.102308,1.0000,1.0000,1.0000,1.660,4.810,0.340,5.000,3.000,8.000,1.500,0.060,0.110,25046900,996876997,25045141,176,1306,1608,1457,1505,1000,1000,2008,1505,1505,1105,2008,1625,1256,1000,1000
0.0420,0.0438,-0.6807,0.0507,0.0146,2.9144,0.1131,0.0450,3.1416,13.9523,0.9027,-0.2028,-10.0943,-0.2084,-0.3431,0.0379,0.7733,0.5489,-10.3783,-0.2102,-0.3413,0.0371,-2.5780,8.8978,-11.1447,-0.1581,-0.4414,0.0573,-1.8138,-11.6899,-9.6666,-0.1563,-0.4394,0.0447,13.9523,0.2214,0.1605,0.0212,951.3710,887.7266,655.6675,822.7180,-1.206432,0.723205,-0.100794,-0.437294,0.130069,0.041576,0.000000,0.000000,0.000000,0.000000,0.000000,0.000000,-1.181925,0.718012,-0.102308,1.0000,1.0000,1.0000,1.660,4.810,0.340,5.000,3.000,8.000,1.500,0.060,0.110,25057400,996876997,25057141,176,1306,1608,1457,1505,1000,1000,2008,1505,1505,1105,2008,1625,1255,1000,1000
0.0385,0.0392,-0.6802,0.0483,0.0106,2.9147,0.1079,0.0450,3.1416,13.9523,0.3055,0.1823,-9.7726,-0.2708,-0.5087,0.0580,-0.1219,-0.6380,-9.6748,-0.2763,-0.5184,0.0593,0.8936,5.9985,-8.3387,-0.3457,-0.5445,0.1226,2.1744,6.4019,-6.9174,-0.3585,-0.5678,0.1020,13.9523,0.2381,0.2204,0.0191,972.6934,900.0973,628.6453,805.2501,-1.210383,0.724359,-0.100413,-0.440492,0.126142,0.041845,0.000000,0.000000,0.000000,0.000000,0.000000,0.000000,-1.181925,0.718012,-0.102308,1.0000,1.0000,1.0000,1.660,4.810,0.340,5.000,3.000,8.000,1.500,0.060,0.110,25067900,996876997,25066141,176,1306,1603,1457,1505,1000,1000,2008,1505,1505,1105,2008,1625,1255,1000,1000
0.0352,0.0332,-0.6798,0.0454,0.0042,2.9153,0.1068,0.0450,3.1416,13.9523,-0.2259,1.0280,-9.9284,-0.1952,-0.5251,0.0674,-0.3793,1.7545,-9.4452,-0.1984,-0.5439,0.0617,-1.8262,1.3729,-14.5253,-0.0731,-0.3612,0.0799,4.1497,-17.8402,-8.7795,-0.0391,-0.4061,0.0836,13.9523,0.2199,0.2395,0.0187,974.4753,909.3528,626.8964,793.9812,-1.215678,0.725814,-0.099906,-0.441807,0.114622,0.041977,0.000000,0.000000,0.000000,0.000000,0.000000,0.000000,-1.181925,0.718012,-0.102308,1.0000,1.0000,1.0000,1.660,4.810,0.340,5.000,3.000,8.000,1.500,0.060,0.110,25078400,996876997,25078141,176,1306,1602,1457,1505,1000,1000,2008,1505,1505,1105,2008,1625,1255,1000,1000
0.0333,0.0280,-0.6793,0.0444,0.0001,2.9157,0.0869,0.0524,3.1416,13.9523,-0.6383,0.8793,-10.7603,-0.0329,-0.3867,0.0694,0.0503,-2.0755,-10.4582,-0.0029,-0.3527,0.0699,-5.8245,4.1286,-16.4526,0.0918,-0.3329,0.0754,-2.5285,-16.3552,-11.1750,0.1244,-0.3294,0.0778,13.9523,0.1373,0.2233,0.0188,953.0450,922.5791,658.9285,778.6505,-1.219643,0.726792,-0.099547,-0.440076,0.100521,0.037531,0.000000,0.000000,0.000000,0.000000,0.000000,0.000000,-1.181925,0.718012,-0.102308,1.0000,1.0000,1.0000,1.660,4.810,0.340,5.000,3.000,8.000,1.500,0.060,0.110,25088900,996876997,25087142,176,1306,1583,1450,1505,1000,1000,2008,1505,1505,1105,2008,1625,1255,1000,1000
0.0332,0.0247,-0.6787,0.0435,-0.0059,2.9034,0.0806,0.0555,3.1416,13.9523,-0.9011,0.1185,-11.1311,0.1261,-0.1656,0.0633,-0.5537,-0.3813,-12.1419,0.1294,-0.1691,0.0640,-7.5555,10.5858,-6.7058,0.1059,-0.0918,0.0706,-8.1276,10.4567,-15.7954,0.0810,-0.0399,0.0639,13.9523,0.0750,0.1672,0.0197,923.4110,920.5809,697.8580,782.7946,-1.227957,0.731620,-0.096080,-0.456220,0.103158,0.036214,0.000000,0.000000,0.000000,0.000000,0.000000,0.000000,-1.229625,0.734328,-0.091918,1.0000,1.0000,1.0000,1.660,4.810,0.340,5.000,3.000,8.000,1.500,0.060,0.110,25098944,997010940,25096185,177,1306,1577,1447,1505,1000,1000,2008,1505,1505,1105,2008,1625,1256,1000,1000
0.0346,0.0236,-0.6781,0.0457,-0.0066,2.9041,0.0628,0.0555,3.1416,13.9523,-0.8168,0.2504,-10.4453,0.2416,0.0682,0.0570,-1.0374,2.1994,-11.8977,0.2747,0.1080,0.0527,-1.7616,-12.7218,-2.9757,0.1896,0.1435,0.0322,-4.0118,8.0791,-6.8779,0.1981,0.1598,0.0674,13.9523,-0.0011,0.0878,0.0207,882.7459,914.9642,746.5140,791.3577,-1.233416,0.732795,-0.095713,-0.450782,0.090699,0.025665,0.000000,0.000000,0.000000,0.000000,0.000000,0.000000,-1.229625,0.734328,-0.091918,1.0000,1.0000,1.0000,1.660,4.810,0.340,5.000,3.000,8.000,1.500,0.060,0.110,25108974,997010940,25108215,177,1306,1560,1447,1505,1000,1000,2008,1505,1505,1105,2008,1625,1256,1000,1000
0.0372,0.0251,-0.6776,0.0483,-0.0048,2.9046,0.0576,0.0555,3.1416,13.9523,-0.9020,0.3157,-10.3217,0.3235,0.3224,0.0573,-1.9513,2.2091,-10.3901,0.3258,0.3173,0.0595,-1.1942,-6.9542,-16.5915,0.3220,0.5072,0.0504,5.6079,5.9799,-7.5890,0.3867,0.5284,0.0671,13.9523,-0.0438,0.0013,0.0217,845.7738,899.8301,786.3000,810.3301,-1.237448,0.733554,-0.095519,-0.445208,0.078674,0.017994,0.000000,0.000000,0.000000,0.000000,0.000000,0.000000,-1.229625,0.734328,-0.091918,1.0000,1.0000,1.0000,1.660,4.810,0.340,5.000,3.000,8.000,1.500,0.060,0.110,25119474,997010940,25117215,177,1306,1548,1447,1505,1000,1000,2008,1505,1505,1105,2008,1625,1256,1000,1000
0.0403,0.0285,-0.6767,0.0523,-0.0001,2.9056,0.0503,0.0555,3.1416,13.9523,-0.2079,-0.5533,-10.8715,0.2834,0.3815,0.1032,0.3707,-1.5598,-10.4856,0.3099,0.3870,0.0937,8.7825,2.1893,-15.4997,0.2538,0.2093,0.0653,6.7589,-1.8063,-14.0625,0.2903,0.2959,0.0980,13.9523,-0.0675,-0.0489,0.0187,826.7905,887.9921,811.8997,817.7019,-1.242755,0.734437,-0.095363,-0.440380,0.070621,0.008408,0.000000,0.000000,0.000000,0.000000,0.000000,0.000000,-1.229625,0.734328,-0.091918,1.0000,1.0000,1.0000,1.660,4.810,0.340,5.000,3.000,8.000,1.500,0.060,0.110,25129974,997010940,25129226,177,1306,1545,1447,1505,1000,1000,2008,1505,1505,1105,2008,1625,1256,1000,1000
0.0418,0.0309,-0.6751,0.0535,0.0016,2.9071,0.0398,0.0565,3.1416,13.9523,0.6247,-1.4119,-10.4094,-0.0483,0.0471,0.2134,-0.3482,-0.1107,-11.2773,-0.0357,0.0406,0.2100,-9.1740,4.5021,-3.5072,-0.1544,-0.1150,0.2446,-4.3476,4.4680,-16.8154,-0.2962,-0.2386,0.2285,13.9523,0.0028,0.0425,0.0085,879.5613,891.5685,774.7414,794.4706,-1.246729,0.735074,-0.095315,-0.443464,0.072667,0.002039,0.000000,0.000000,0.000000,0.000000,0.000000,0.000000,-1.229625,0.734328,-0.091918,1.0000,1.0000,1.0000,1.660,4.810,0.340,5.000,3.000,8.000,1.500,0.060,0.110,25140474,997010940,25138215,177,1306,1538,1446,1505,1000,1000,2008,1505,1505,1105,2008,1625,1256,1000,1000
0.0403,0.0295,-0.6722,0.0512,0.0005,2.9102,0.0377,0.0565,3.1416,13.9523,-0.0468,-0.4958,-9.5574,-0.2952,-0.1523,0.2980,-0.3654,-0.9005,-8.3143,-0.3054,-0.1569,0.3052,-1.2301,0.7647,-5.2861,-0.4249,-0.1552,0.2832,-1.6073,8.7328,-8.4240,-0.3987,-0.1513,0.2567,13.9523,0.1044,0.1265,-0.0042,935.8120,884.0094,732.8633,778.2189,-1.252055,0.735962,-0.095303,-0.443467,0.074209,0.000022,0.000000,0.000000,0.000000,0.000000,0.000000,0.000000,-1.229625,0.734328,-0.091918,1.0000,1.0000,1.0000,1.660,4.810,0.340,5.000,3.000,8.000,1.500,0.060,0.110,25150974,997010940,25150215,177,1306,1536,1446,1505,1000,1000,2008,1505,1505,1105,2008,1625,1256,1000,1000
0.0367,0.0271,-0.6692,0.0483,-0.0011,2.9128,0.0304,0.0565,3.1416,13.9523,-0.6072,0.1999,-9.8125,-0.3531,-0.1352,0.2758,0.4963,1.0058,-10.5691,-0.3451,-0.1581,0.2806,8.2653,14.9001,-17.2451,-0.1635,-0.0945,0.2617,0.1848,-13.5269,-3.6025,-0.2069,-0.0274,0.2834,13.9523,0.1287,0.1442,-0.0049,946.3983,883.2980,720.6157,777.6617,-1.256045,0.736597,-0.095316,-0.443588,0.068263,-0.002558,0.000000,0.000000,0.000000,0.000000,0.000000,0.000000,-1.229625,0.734328,-0.091918,1.0000,1.0000,1.0000,1.660,4.810,0.340,5.000,3.000,8.000,1.500,0.060,0.110,25161474,997010940,25159215,177,1306,1529,1446,1505,1000,1000,2008,1505,1505,1105,2008,1625,1256,1000,1000
0.0328,0.0254,-0.6666,0.0442,-0.0024,2.9158,0.0283,0.0565,3.1416,13.9523,-0.6504,-0.0188,-10.3775,-0.3403,-0.0308,0.2259,-2.0692,-2.4262,-10.4924,-0.3359,-0.0399,0.2310,3.2830,15.5705,-16.7256,-0.2559,-0.0438,0.2308,6.1053,14.5401,-6.4361,-0.3260,-0.0138,0.2035,13.9523,0.1347,0.1242,0.0003,938.2679,880.0366,720.1871,791.4857,-1.261361,0.737359,-0.095370,-0.442466,0.059737,-0.005906,0.000000,0.000000,0.000000,0.000000,0.000000,0.000000,-1.229625,0.734328,-0.091918,1.0000,1.0000,1.0000,1.660,4.810,0.340,5.000,3.000,8.000,1.500,0.060,0.110,25171974,997010940,25171215,177,1306,1527,1446,1505,1000,1000,2008,1505,1505,1105,2008,1625,1256,1000,1000
0.0291,0.0248,-0.6645,0.0414,-0.0025,2.9176,0.0272,0.0565,3.1416,13.9523,-0.3990,-0.1628,-10.8308,-0.2857,0.0510,0.1896,0.3458,1.1250,-10.7472,-0.3053,0.0452,0.1905,0.9654,-8.5439,0.3594,-0.2831,0.0803,0.1593,1.4256,8.5819,-20.1787,-0.2639,0.0911,0.1569,13.9523,0.1212,0.0773,0.0057,918.0673,873.1505,734.6739,809.2867,-1.265344,0.737878,-0.095433,-0.441837,0.054624,-0.008390,0.000000,0.000000,0.000000,0.000000,0.000000,0.000000,-1.229625,0.734328,-0.091918,1.0000,1.0000,1.0000,1.660,4.810,0.340,5.000,3.000,8.000,1.500,0.060,0.110,25182474,997010940,25180215,177,1306,1526,1446,1505,1000,1000,2008,1505,1505,1105,2008,1625,1256,1000,1000
0.0263,0.0252,-0.6626,0.0384,-0.0013,2.9199,0.0209,0.0565,3.1416,13.9523,-0.0653,-0.4695,-10.2244,-0.2221,0.1771,0.1733,0.5280,-1.1963,-11.5405,-0.2410,0.1676,0.1806,-9.0088,11.3758,-7.3212,-0.0734,0.1312,0.1559,-10.4548,-9.4219,-8.0595,-0.2426,0.1017,0.1957,13.9523,0.0944,0.0339,0.0069,898.6558,867.1313,755.7102,818.1281,-1.270633,0.738495,-0.095561,-0.438457,0.049652,-0.013027,0.000000,0.000000,0.000000,0.000000,0.000000,0.000000,-1.229625,0.734328,-0.091918,1.0000,1.0000,1.0000,1.660,4.810,0.340,5.000,3.000,8.000,1.500,0.060,0.110,25192974,997010940,25192215,177,1306,1520,1446,1505,1000,1000,2008,1505,1505,1105,2008,1625,1256,1000,1000
0.0240,0.0272,-0.6608,0.0366,0.0009,2.9214,0.0188,0.0565,3.1416,13.9523,-0.4189,-0.0014,-10.5677,-0.2045,0.3185,0.1608,-1.2498,1.2243,-10.4265,-0.2024,0.3044,0.1681,4.9135,13.9089,-15.4112,-0.0369,0.4800,0.1641,2.0021,13.1197,-13.7195,-0.1595,0.4259,0.1704,13.9523,0.0876,-0.0161,0.0080,881.5164,854.1865,773.5824,833.5435,-1.274565,0.738915,-0.095707,-0.435435,0.046218,-0.018974,0.000000,0.000000,0.000000,0.000000,0.000000,0.000000,-1.229625,0.734328,-0.091918,1.0000,1.0000,1.0000,1.660,4.810,0.340,5.000,3.000,8.000,1.500,0.060,0.110,25203474,997010940,25201215,177,1306,1518,1446,1505,1000,1000,2008,1505,1505,1105,2008,1625,1256,1000,1000
0.0221,0.0308,-0.6590,0.0344,0.0057,2.9235,0.0115,0.0565,3.1416,13.9523,-0.9075,-0.5000,-11.0211,-0.1772,0.4946,0.1459,-0.2828,2.3610,-10.9081,-0.1329,0.5023,0.1641,-1.4527,-21.0823,-8.9636,-0.2983,0.4886,0.1519,-0.2785,14.2097,-6.4828,-0.2543,0.5345,0.1132,13.9523,0.0718,-0.0738,0.0084,860.0764,840.2682,796.5128,848.3605,-1.279766,0.739417,-0.096005,-0.430422,0.040121,-0.030163,0.000000,0.000000,0.000000,0.000000,0.000000,0.000000,-1.229625,0.734328,-0.091918,1.0000,1.0000,1.0000,1.660,4.810,0.340,5.000,3.000,8.000,1.500,0.060,0.110,25213974,997010940,25213215,177,1306,1511,1446,1505,1000,1000,2008,1505,1505,1105,2008,1625,1256,1000,1000
0.0207,0.0357,-0.6574,0.0327,0.0120,2.9359,0.0084,0.0565,3.1416,13.9523,-0.8490,1.0895,-10.8845,-0.1600,0.6083,0.1433,-0.0574,-2.0228,-11.0940,-0.1441,0.6079,0.1531,5.5599,-13.9692,-10.6539,-0.0236,0.7260,0.1468,6.8684,-15.8326,-10.1622,-0.0506,0.5926,0.1521,13.9523,0.0617,-0.1301,0.0075,840.9926,824.0433,818.3249,862.5305,-1.281289,0.739309,-0.093907,-0.414678,0.036724,-0.031431,0.000000,0.000000,0.000000,0.000000,0.000000,0.000000,-1.279995,0.738974,-0.090873,1.0000,1.0000,1.0000,1.660,4.810,0.340,5.000,3.000,8.000,1.500,0.060,0.110,25224024,997144718,25222215,178,1306,1508,1446,1505,1000,1000,2008,1505,1505,1105,2008,1625,1256,1000,1000
0.0186,0.0418,-0.6557,0.0309,0.0196,2.9378,0.0084,0.0628,3.1416,13.9523,0.1937,-0.3223,-9.7626,-0.1494,0.6523,0.1321,-1.1253,2.0748,-10.3744,-0.1394,0.6537,0.1203,-2.7576,9.7885,-5.7266,-0.1531,0.5024,0.1785,-13.1035,15.0178,-19.3006,-0.2975,0.4099,0.1787,13.9523,0.0619,-0.1511,0.0085,833.6379,818.0465,824.0824,869.8656,-1.286268,0.739679,-0.094339,-0.412420,0.028019,-0.038258,0.000000,0.000000,0.000000,0.000000,0.000000,0.000000,-1.279995,0.738974,-0.090873,1.0000,1.0000,1.0000,1.660,4.810,0.340,5.000,3.000,8.000,1.500,0.060,0.110,25234524,997144718,25234265,178,1306,1508,1440,1505,1000,1000,2008,1505,1505,1105,2008,1625,1256,1000,1000
0.0169,0.0482,-0.6544,0.0296,0.0252,2.9391,0.0084,0.0649,3.1416,13.9523,0.4357,0.0603,-9.7404,-0.1379,0.6070,0.1035,2.3030,-1.4173,-9.6657,-0.1535,0.5690,0.1065,15.3570,-5.1633,-4.6349,-0.1869,0.5541,0.0911,6.5237,-0.3194,0.1272,-0.1651,0.6240,0.1033,13.9523,0.0599,-0.1491,0.0121,830.8000,822.2609,820.1284,872.3406,-1.289998,0.739933,-0.094689,-0.416098,0.028654,-0.038298,0.000000,0.000000,0.000000,0.000000,0.000000,0.000000,-1.279995,0.738974,-0.090873,1.0000,1.0000,1.0000,1.660,4.810,0.340,5.000,3.000,8.000,1.500,0.060,0.110,25245024,997144718,25243265,178,1306,1508,1438,1505,1000,1000,2008,1505,1505,1105,2008,1625,1256,1000,1000
0.0154,0.0541,-0.6533,0.0281,0.0317,2.9404,0.0084,0.0649,3.1416,13.9523,1.2094,0.1834,-9.9175,-0.1167,0.4956,0.0890,-1.6329,3.0373,-9.1194,-0.1110,0.4999,0.0905,-13.8595,10.8180,-10.6659,-0.0177,0.5096,0.0378,5.4840,-11.5606,-16.5424,-0.1180,0.4053,0.0921,13.9523,0.0550,-0.1297,0.0133,834.7762,830.6016,813.8837,866.4718,-1.295027,0.740269,-0.095149,-0.422877,0.027248,-0.037938,0.000000,0.000000,0.000000,0.000000,0.000000,0.000000,-1.279995,0.738974,-0.090873,1.0000,1.0000,1.0000,1.660,4.810,0.340,5.000,3.000,8.000,1.500,0.060,0.110,25255524,997144718,25255265,178,1306,1508,1438,1505,1000,1000,2008,1505,1505,1105,2008,1625,1256,1000,1000
0.0146,0.0594,-0.6524,0.0271,0.0356,2.9412,0.0084,0.0649,3.1416,13.9523,0.9422,-0.0037,-10.1320,-0.1061,0.3823,0.0677,2.0082,-0.5076,-10.6829,-0.1053,0.3943,0.0690,9.4241,-8.2566,-14.5014,-0.1792,0.3052,0.0722,-7.9821,0.3701,-0.7563,-0.1310,0.3654,0.0692,13.9523,0.0542,-0.0988,0.0144,843.4650,841.4244,802.8389,857.8762,-1.298893,0.740581,-0.095491,-0.436016,0.039898,-0.037941,0.000000,0.000000,0.000000,0.000000,0.000000,0.000000,-1.279995,0.738974,-0.090873,1.0000,1.0000,1.0000,1.660,4.810,0.340,5.000,3.000,8.000,1.500,0.060,0.110,25266024,997144718,25264265,178,1306,1508,1438,1505,1000,1000,2008,1505,1505,1105,2008,1625,1256,1000,1000
0.0134,0.0629,-0.6517,0.0257,0.0393,2.9421,0.0084,0.0649,3.1416,13.9523,0.4472,-0.2600,-10.0419,-0.1460,0.2448,0.0598,-0.2308,-0.1822,-9.1342,-0.1335,0.2480,0.0645,4.1114,0.7049,-9.3826,-0.1739,0.2003,0.0725,7.5077,-4.7405,-12.1088,-0.1694,0.2085,0.0940,13.9523,0.0617,-0.0592,0.0156,856.4506,853.0284,786.5169,848.6202,-1.304151,0.741072,-0.095936,-0.439956,0.040648,-0.036708,0.000000,0.000000,0.000000,0.000000,0.000000,0.000000,-1.279995,0.738974,-0.090873,1.0000,1.0000,1.0000,1.660,4.810,0.340,5.000,3.000,8.000,1.500,0.060,0.110,25276524,997144718,25276265,178,1306,1508,1438,1505,1000,1000,2008,1505,1505,1105,2008,1625,1256,1000,1000
0.0118,0.0646,-0.6510,0.0240,0.0405,2.9426,0.0084,0.0660,3.1416,13.9523,0.7806,-0.6760,-9.8266,-0.2024,0.0839,0.0622,1.2290,-0.5460,-9.6787,-0.1992,0.0959,0.0661,1.0301,-1.3565,-6.4904,-0.2727,0.0153,0.0504,-1.1476,5.3622,-6.1380,-0.2567,0.0072,0.0658,13.9523,0.0828,-0.0068,0.0163,876.6775,864.8262,762.5000,837.8760,-1.308128,0.741453,-0.096251,-0.442908,0.042729,-0.035439,0.000000,0.000000,0.000000,0.000000,0.000000,0.000000,-1.279995,0.738974,-0.090873,1.0000,1.0000,1.0000,1.660,4.810,0.340,5.000,3.000,8.000,1.500,0.060,0.110,25287024,997144718,25285265,178,1306,1508,1437,1505,1000,1000,2008,1505,1505,1105,2008,1625,1256,1000,1000
0.0096,0.0650,-0.6504,0.0214,0.0408,2.9434,0.0084,0.0660,3.1416,13.9523,0.9282,-0.0772,-9.4550,-0.2438,-0.0273,0.0599,0.9190,-0.9978,-8.7304,-0.2457,-0.0288,0.0576,-0.6507,-8.0627,-9.1599,-0.2844,-0.0428,0.0253,0.6086,-9.8960,-2.9812,-0.1459,-0.0370,0.0386,13.9523,0.1079,0.0500,0.0158,899.5549,875.9134,736.4109,825.3519,-1.313468,0.741965,-0.096655,-0.446902,0.042164,-0.032987,0.000000,0.000000,0.000000,0.000000,0.000000,0.000000,-1.279995,0.738974,-0.090873,1.0000,1.0000,1.0000,1.660,4.810,0.340,5.000,3.000,8.000,1.500,0.060,0.110,25297524,997144718,25297265,178,1306,1508,1437,1505,1000,1000,2008,1505,1505,1105,2008,1625,1256,1000,1000
0.0063,0.0642,-0.6499,0.0191,0.0400,2.9438,0.0084,0.0733,3.1416,13.9523,0.5860,0.1766,-9.3525,-0.2839,-0.1384,0.0433,0.7683,0.0582,-10.0979,-0.2737,-0.1282,0.0489,-11.2067,6.7263,-9.9859,-0.1741,-0.0126,0.0719,12.0635,-2.3612,-17.8551,-0.3832,-0.1862,0.0613,13.9523,0.1239,0.1000,0.0173,916.4647,888.4653,712.0577,814.6323,-1.317493,0.742305,-0.096951,-0.448684,0.035228,-0.032808,0.000000,0.000000,0.000000,0.000000,0.000000,0.000000,-1.279995,0.738974,-0.090873,1.0000,1.0000,1.0000,1.660,4.810,0.340,5.000,3.000,8.000,1.500,0.060,0.110,25308024,997144718,25306265,178,1306,1508,1428,1505,1000,1000,2008,1505,1505,1105,2008,1625,1255,1000,1000
0.0031,0.0621,-0.6495,0.0156,0.0377,2.9443,0.0084,0.0764,3.1416,13.9523,0.1668,0.2624,-10.1140,-0.2940,-0.2192,0.0497,-0.9902,-0.6023,-9.8664,-0.3014,-0.2357,0.0518,-6.1382,-7.9286,-3.6173,-0.3990,-0.3143,0.0608,-10.0849,8.8154,-2.2485,-0.3039,-0.2485,0.0613,13.9523,0.1331,0.1382,0.0170,929.5737,897.4687,695.5310,804.1204,-1.322883,0.742705,-0.097358,-0.450324,0.031309,-0.035118,0.000000,0.000000,0.000000,0.000000,0.000000,0.000000,-1.279995,0.738974,-0.090873,1.0000,1.0000,1.0000,1.660,4.810,0.340,5.000,3.000,8.000,1.500,0.060,0.110,25318524,997144718,25318265,178,1306,1508,1427,1505,1000,1000,2008,1505,1505,1105,2008,1625,1255,1000,1000
-0.0005,0.0593,-0.6489,0.0131,0.0354,2.9448,0.0084,0.0764,3.1416,13.9523,-0.2951,-0.0978,-10.2774,-0.2859,-0.2457,0.0644,-0.2271,1.1082,-10.6734,-0.2773,-0.2491,0.0622,5.5192,14.0550,-14.1973,-0.1773,-0.2290,0.0482,9.0808,-7.8884,-4.0658,-0.2005,-0.1494,0.0615,13.9523,0.1344,0.1543,0.0152,935.7134,900.5685,691.1973,797.2411,-1.326967,0.742936,-0.097705,-0.455423,0.020023,-0.040776,0.000000,0.000000,0.000000,0.000000,0.000000,0.000000,-1.279995,0.738974,-0.090873,1.0000,1.0000,1.0000,1.660,4.810,0.340,5.000,3.000,8.000,1.500,0.060,0.110,25329024,997144718,25327265,178,1306,1508,1427,1505,1000,1000,2008,1505,1505,1105,2008,1625,1255,1000,1000
-0.0034,0.0562,-0.6483,0.0098,0.0326,2.9455,0.0084,0.0775,3.1416,13.9523,0.2973,-0.2410,-9.9234,-0.2710,-0.2034,0.0598,1.3042,-0.8636,-9.6922,-0.2841,-0.2300,0.0587,-13.6584,6.7646,-5.8056,-0.2844,-0.2709,0.0549,1.5531,17.1942,-20.4589,-0.4634,-0.4109,0.0511,13.9523,0.1364,0.1434,0.0154,932.9200,897.0715,694.4925,801.5817,-1.332435,0.743154,-0.098217,-0.454778,0.017175,-0.043925,0.000000,0.000000,0.000000,0.000000,0.000000,0.000000,-1.279995,0.738974,-0.090873,1.0000,1.0000,1.0000,1.660,4.810,0.340,5.000,3.000,8.000,1.500,0.060,0.110,25339524,997144718,25339265,178,1306,1508,1426,1505,1000,1000,2008,1505,1505,1105,2008,1625,1255,1000,1000
-0.0060,0.0537,-0.6477,0.0077,0.0310,2.9460,0.0084,0.0775,3.1416,13.9523,-0.0003,0.7811,-9.9166,-0.2188,-0.1275,0.0531,-0.5892,3.0800,-11.5662,-0.2292,-0.1206,0.0591,6.6086,-13.8806,-12.1790,-0.2844,-0.1659,0.0517,-10.8140,13.9583,-11.2181,-0.1646,-0.0226,0.0043,13.9523,0.1260,0.1230,0.0155,924.8078,893.4337,705.0667,805.8025,-1.336520,0.743293,-0.098624,-0.452644,0.015514,-0.046164,0.000000,0.000000,0.000000,0.000000,0.000000,0.000000,-1.279995,0.738974,-0.090873,1.0000,1.0000,1.0000,1.660,4.810,0.340,5.000,3.000,8.000,1.500,0.060,0.110,25350024,997144718,25348265,178,1306,1508,1426,1505,1000,1000,2008,1505,1505,1105,2008,1625,1256,1000,1000
-0.0082,0.0524,-0.6472,0.0054,0.0301,2.9466,0.0084,0.0838,3.1416,13.9523,-0.1949,0.7107,-10.2477,-0.1662,-0.0346,0.0400,0.0649,-1.6366,-9.2415,-0.1801,-0.0371,0.0471,-5.0728,-1.9479,-14.9994,-0.0433,0.0902,0.0450,1.2622,-27.6233,-5.1863,0.0170,-0.1201,0.0772,13.9523,0.1149,0.1074,0.0164,917.3362,891.9407,712.9528,809.0516,-1.341931,0.743456,-0.099196,-0.449071,0.011680,-0.049090,0.000000,0.000000,0.000000,0.000000,0.000000,0.000000,-1.279995,0.738974,-0.090873,1.0000,1.0000,1.0000,1.660,4.810,0.340,5.000,3.000,8.000,1.500,0.060,0.110,25360524,997144718,25360265,178,1306,1508,1420,1505,1000,1000,2008,1505,1505,1105,2008,1625,1256,1000,1000
-0.0098,0.0518,-0.6466,0.0041,0.0303,2.9471,0.0084,0.0859,3.1416,13.9523,-0.6225,0.3826,-10.4176,-0.1351,0.0806,0.0431,-0.5909,1.6096,-11.7200,-0.1563,0.0511,0.0423,-0.8925,-4.4019,-6.6987,-0.1549,0.1387,0.0989,4.3060,3.4067,-14.1810,-0.2069,0.1217,0.0751,13.9523,0.1022,0.0847,0.0155,908.6910,887.3719,725.7603,812.4370,-1.345955,0.743556,-0.099649,-0.444932,0.009083,-0.051997,0.000000,0.000000,0.000000,0.000000,0.000000,0.000000,-1.279995,0.738974,-0.090873,1.0000,1.0000,1.0000,1.660,4.810,0.340,5.000,3.000,8.000,1.500,0.060,0.110,25371024,997144718,25369265,178,1306,1508,1418,1505,1000,1000,2008,1505,1505,1105,2008,1625,1255,1000,1000
-0.0112,0.0525,-0.6462,0.0024,0.0321,2.9476,0.0084,0.0859,3.1416,13.9523,-0.1750,0.0376,-9.9760,-0.1486,0.2047,0.0388,-1.1265,-1.6747,-9.1921,-0.1494,0.2054,0.0369,-3.2508,7.0830,-10.3378,-0.1949,0.2405,0.0991,1.3233,32.0286,-18.6937,-0.3452,0.1212,0.0637,13.9523,0.1050,0.0377,0.0171,894.3256,873.8960,740.1088,829.8535,-1.351254,0.743653,-0.100290,-0.438035,0.006778,-0.055227,0.000000,0.000000,0.000000,0.000000,0.000000,0.000000,-1.279995,0.738974,-0.090873,1.0000,1.0000,1.0000,1.660,4.810,0.340,5.000,3.000,8.000,1.500,0.060,0.110,25381524,997144718,25381265,178,1306,1508,1418,1505,1000,1000,2008,1505,1505,1105,2008,1625,1256,1000,1000
-0.0128,0.0546,-0.6458,0.0010,0.0345,2.9480,0.0084,0.0859,3.1416,13.9523,0.0013,0.5120,-9.9047,-0.1364,0.3228,0.0419,-0.2606,-3.1639,-9.1563,-0.1631,0.2991,0.0324,0.0796,-7.5671,-7.9053,-0.1781,0.3561,0.0509,-4.2057,-2.2732,-14.6012,-0.1028,0.4021,0.0434,13.9523,0.1116,-0.0095,0.0178,881.1844,858.5911,754.1986,847.0242,-1.355169,0.743717,-0.100792,-0.432313,0.006459,-0.055900,0.000000,0.000000,0.000000,0.000000,0.000000,0.000000,-1.279995,0.738974,-0.090873,1.0000,1.0000,1.0000,1.660,4.810,0.340,5.000,3.000,8.000,1.500,0.060,0.110,25392024,997144718,25390265,178,1306,1508,1418,1505,1000,1000,2008,1505,1505,1105,2008,1625,1256,1000,1000
-0.0142,0.0579,-0.6454,-0.0004,0.0391,2.9485,0.0084,0.0859,3.1416,13.9523,-0.0412,0.2027,-10.4476,-0.0940,0.4062,0.0315,0.6033,1.7305,-11.3637,-0.1147,0.3755,0.0351,-1.9842,-10.0068,-2.1856,-0.1685,0.4358,-0.0013,-10.9792,1.1189,-4.6620,-0.0399,0.3907,0.0357,13.9523,0.0931,-0.0592,0.0181,861.7017,847.7137,775.8857,858.3608,-1.360321,0.743782,-0.101481,-0.426993,0.003024,-0.059343,0.000000,0.000000,0.000000,0.000000,0.000000,0.000000,-1.279995,0.738974,-0.090873,1.0000,1.0000,1.0000,1.660,4.810,0.340,5.000,3.000,8.000,1.500,0.060,0.110,25402524,997144718,25402265,178,1306,1508,1418,1505,1000,1000,2008,1505,1505,1105,2008,1625,1255,1000,1000
-0.0149,0.0618,-0.6453,-0.0009,0.0431,2.9486,0.0084,0.0859,3.1416,13.9523,-0.0377,-0.2990,-10.2497,-0.0430,0.4784,0.0251,-1.0138,-1.0064,-9.6109,-0.0621,0.4439,0.0217,2.6845,20.4068,-13.2540,0.1102,0.5296,-0.0133,-2.2933,-15.3711,2.7508,0.0077,0.5396,0.0154,13.9523,0.0763,-0.0884,0.0187,848.3124,843.0704,789.2674,864.0519,-1.364154,0.743788,-0.102016,-0.424639,-0.001623,-0.061130,0.000000,0.000000,0.000000,0.000000,0.000000,0.000000,-1.279995,0.738974,-0.090873,1.0000,1.0000,1.0000,1.660,4.810,0.340,5.000,3.000,8.000,1.500,0.060,0.110,25413024,997144718,25411265,178,1306,1508,1418,1505,1000,1000,2008,1505,1505,1105,2008,1625,1255,1000,1000
-0.0152,0.0661,-0.6451,-0.0011,0.0487,2.9489,0.0084,0.0859,3.1416,13.9523,0.8766,0.2189,-9.5087,-0.0133,0.4514,0.0308,1.3307,1.4458,-9.6455,0.0044,0.4719,0.0186,-15.7916,1.8326,-6.8136,-0.0782,0.3689,0.0059,-0.1025,12.5792,-19.6705,-0.1159,0.3233,0.0277,13.9523,0.0676,-0.0913,0.0182,845.7639,843.7783,792.9415,862.4939,-1.369251,0.743747,-0.102744,-0.425761,-0.004490,-0.060695,0.000000,0.000000,0.000000,0.000000,0.000000,0.000000,-1.279995,0.738974,-0.090873,1.0000,1.0000,1.0000,1.660,4.810,0.340,5.000,3.000,8.000,1.500,0.060,0.110,25423524,997144718,25423265,178,1306,1508,1418,1505,1000,1000,2008,1505,1505,1105,2008,1625,1255,1000,1000
-0.0154,0.0702,-0.6450,-0.0011,0.0523,2.9491,0.0084,0.0859,3.1416,13.9523,0.3132,0.5015,-9.0227,0.0052,0.3525,0.0153,-1.2311,1.3885,-8.8003,0.0276,0.3716,0.0197,11.1097,-4.8161,-18.5787,-0.0108,0.3332,-0.0133,8.3625,-12.1280,-0.2301,0.0948,0.4504,0.0202,13.9523,0.0602,-0.0666,0.0194,850.7892,854.1023,785.3725,854.2759,-1.373098,0.743705,-0.103283,-0.428897,-0.004890,-0.059686,0.000000,0.000000,0.000000,0.000000,0.000000,0.000000,-1.279995,0.738974,-0.090873,1.0000,1.0000,1.0000,1.660,4.810,0.340,5.000,3.000,8.000,1.500,0.060,0.110,25434024,997144718,25432275,178,1306,1508,1418,1505,1000,1000,2008,1505,1505,1105,2008,1625,1255,1000,1000
-0.0153,0.0731,-0.6450,-0.0012,0.0559,2.9492,0.0084,0.0859,3.1416,13.9523,0.5205,-0.1316,-9.1170,-0.0175,0.2608,0.0033,0.7463,0.0650,-10.5532,0.0115,0.2874,0.0147,-9.1357,8.7925,-21.2841,-0.0524,0.3601,0.0093,2.4977,10.7440,-19.7675,-0.1278,0.2125,0.0181,13.9523,0.0655,-0.0405,0.0212,858.6553,862.3719,773.2034,849.1835,-1.378249,0.743661,-0.103978,-0.430686,-0.002819,-0.055435,0.000000,0.000000,0.000000,0.000000,0.000000,0.000000,-1.279995,0.738974,-0.090873,1.0000,1.0000,1.0000,1.660,4.810,0.340,5.000,3.000,8.000,1.500,0.060,0.110,25444524,997144718,25444265,178,1306,1508,1425,1505,1000,1000,2008,1505,1505,1105,2008,1625,1255,1000,1000
-0.0154,0.0750,-0.6449,-0.0015,0.0576,2.9492,0.0084,0.0764,3.1416,13.9523,0.2309,-0.4467,-9.7049,-0.0513,0.1533,0.0126,1.0028,-1.5185,-8.1207,-0.0356,0.1804,0.0213,16.1662,-3.9997,-2.4585,-0.1419,-0.0246,-0.0152,-13.0891,0.9753,-6.4918,-0.0447,0.1212,-0.0117,13.9523,0.0740,-0.0198,0.0201,867.7571,865.9130,765.0475,843.6970,-1.382133,0.743646,-0.104464,-0.432196,-0.001056,-0.051063,0.000000,0.000000,0.000000,0.000000,0.000000,0.000000,-1.279995,0.738974,-0.090873,1.0000,1.0000,1.0000,1.660,4.810,0.340,5.000,3.000,8.000,1.500,0.060,0.110,25455024,997144718,25453265,178,1306,1508,1427,1505,1000,1000,2008,1505,1505,1105,2008,1625,1256,1000,1000
-0.0159,0.0758,-0.6449,-0.0024,0.0584,2.9493,0.0084,0.0660,3.1416,13.9523,0.3456,-0.3862,-9.4786,-0.1111,0.0386,-0.0050,-0.7801,1.2545,-10.4955,-0.0969,0.0546,0.0057,10.7386,1.9116,-13.4982,-0.0238,0.0414,-0.0261,16.5294,-9.2944,-3.5073,-0.0810,0.0285,-0.0503,13.9523,0.0909,-0.0019,0.0207,876.5799,867.9350,753.7896,842.6316,-1.387320,0.743654,-0.105040,-0.431351,0.002342,-0.045073,0.000000,0.000000,0.000000,0.000000,0.000000,0.000000,-1.279995,0.738974,-0.090873,1.0000,1.0000,1.0000,1.660,4.810,0.340,5.000,3.000,8.000,1.500,0.060,0.110,25465524,997144718,25465265,178,1306,1508,1437,1505,1000,1000,2008,1505,1505,1105,2008,1625,1256,1000,1000
-0.0167,0.0752,-0.6449,-0.0036,0.0580,2.9492,0.0084,0.0628,3.1416,13.9523,0.7625,0.0748,-9.4357,-0.1467,-0.0652,-0.0117,1.0096,-0.2625,-7.9332,-0.1344,-0.0703,-0.0078,-0.6986,0.7145,-1.1321,-0.1035,-0.2482,-0.0157,-8.5729,7.1831,-18.7045,-0.1832,-0.2482,0.0253,13.9523,0.1109,0.0257,0.0210,889.1161,871.9683,738.3962,838.9548,-1.391197,0.743677,-0.105422,-0.429299,0.003311,-0.040689,0.000000,0.000000,0.000000,0.000000,0.000000,0.000000,-1.279995,0.738974,-0.090873,1.0000,1.0000,1.0000,1.660,4.810,0.340,5.000,3.000,8.000,1.500,0.060,0.110,25476024,997144718,25474265,178,1306,1508,1440,1505,1000,1000,2008,1505,1505,1105,2008,1625,1256,1000,1000
-0.0183,0.0735,-0.6450,-0.0051,0.0566,2.9492,0.0084,0.0618,3.1416,13.9523,0.2374,0.9553,-9.3753,-0.1100,-0.1435,-0.0045,-1.4400,2.1309,-10.0211,-0.1002,-0.1351,0.0021,17.3082,-15.4392,-11.3554,-0.1776,-0.1717,0.0402,-2.4082,2.7656,0.8401,-0.0376,-0.0700,0.0091,13.9523,0.1133,0.0468,0.0208,895.9968,877.6337,730.3898,832.7123,-1.396333,0.743685,-0.105886,-0.426419,-0.003040,-0.036832,0.000000,0.000000,0.000000,0.000000,0.000000,0.000000,-1.279995,0.738974,-0.090873,1.0000,1.0000,1.0000,1.660,4.810,0.340,5.000,3.000,8.000,1.500,0.060,0.110,25486524,997144718,25486265,178,1306,1508,1441,1505,1000,1000,2008,1505,1505,1105,2008,1625,1256,1000,1000
-0.0194,0.0712,-0.6448,-0.0058,0.0551,2.9493,0.0084,0.0618,3.1416,13.9523,0.4869,0.2162,-9.7637,-0.0541,-0.1824,0.0146,1.3848,-0.8689,-10.8355,-0.0438,-0.1819,0.0132,-14.1827,16.3845,-7.9891,0.1070,-0.0995,0.0333,-8.3197,10.3453,-22.2797,0.0035,-0.2426,0.0668,13.9523,0.0989,0.0674,0.0197,899.7363,886.2031,728.0995,821.5351,-1.400151,0.743636,-0.106218,-0.422839,-0.009128,-0.035199,0.000000,0.000000,0.000000,0.000000,0.000000,0.000000,-1.279995,0.738974,-0.090873,1.0000,1.0000,1.0000,1.660,4.810,0.340,5.000,3.000,8.000,1.500,0.060,0.110,25497024,997144718,25495265,178,1306,1508,1441,1505,1000,1000,2008,1505,1505,1105,2008,1625,1256,1000,1000
-0.0198,0.0686,-0.6447,-0.0060,0.0529,2.9494,0.0084,0.0618,3.1416,13.9523,-0.1499,0.2281,-10.4292,0.0058,-0.1857,0.0146,-0.6368,1.0100,-9.0780,0.0077,-0.1664,0.0157,6.7761,-7.7538,4.0537,-0.1310,-0.2868,0.0147,-2.5986,0.6287,2.8352,-0.0738,-0.1910,-0.0003,13.9523,0.0690,0.0801,0.0197,896.8708,896.6038,731.6318,810.1664,-1.405191,0.743489,-0.106644,-0.417022,-0.015466,-0.035897,0.000000,0.000000,0.000000,0.000000,0.000000,0.000000,-1.279995,0.738974,-0.090873,1.0000,1.0000,1.0000,1.660,4.810,0.340,5.000,3.000,8.000,1.500,0.060,0.110,25507524,997144718,25507265,178,1306,1508,1441,1505,1000,1000,2008,1505,1505,1105,2008,1625,1256,1000,1000
-0.0196,0.0660,-0.6445,-0.0058,0.0512,2.9496,0.0084,0.0618,3.1416,13.9523,0.3659,-0.1647,-9.8274,0.0196,-0.1750,0.0181,1.3679,-0.8495,-9.4037,0.0113,-0.1971,0.0165,-8.6329,7.5547,-16.8309,0.0460,-0.0971,-0.0272,6.3567,-4.7997,-3.9239,0.0322,-0.1827,0.0005,13.9523,0.0636,0.0790,0.0193,895.6412,897.1606,733.9482,808.8138,-1.408928,0.743336,-0.106954,-0.412688,-0.018055,-0.034631,0.000000,0.000000,0.000000,0.000000,0.000000,0.000000,-1.279995,0.738974,-0.090873,1.0000,1.0000,1.0000,1.660,4.810,0.340,5.000,3.000,8.000,1.500,0.060,0.110,25518024,997144718,25516265,178,1306,1508,1441,1505,1000,1000,2008,1505,1505,1105,2008,1625,1256,1000,1000
-0.0192,0.0638,-0.6444,-0.0122,0.0776,-3.1152,0.0084,0.0618,3.1416,13.9523,0.2730,0.1128,-9.7818,0.0211,-0.1072,0.0203,-0.4296,0.8978,-9.6903,0.0252,-0.1084,0.0224,1.0277,-0.8873,0.5797,0.0204,-0.0430,0.0123,-6.8742,5.2329,-14.2942,0.0109,-0.0647,-0.0146,13.9523,0.0742,0.0130,-0.0049,897.1345,855.9053,781.0840,807.7213,-1.333490,0.745155,-0.100819,-0.162606,0.001814,-0.021102,0.000000,0.000000,0.000000,0.000000,0.000000,0.000000,-1.321538,0.744024,-0.096942,1.0000,1.0000,1.0000,1.660,4.810,0.340,5.000,3.000,8.000,1.500,0.060,0.110,25528070,997276753,25525266,179,1306,1508,1441,1505,1000,1000,2008,1505,1505,1105,2008,1625,1256,1000,1000
-0.0190,0.0626,-0.6442,-0.0119,0.0741,-3.1341,0.0084,0.0607,3.1416,13.9523,0.0929,0.5465,-9.2855,0.0218,-0.0264,-0.0024,0.0707,1.1688,-7.5791,0.0442,-0.0125,0.0176,-0.7129,-12.2166,-19.7542,-0.0998,0.0412,-0.0274,1.9464,-2.0236,-9.5858,0.0003,0.1180,-0.0538,13.9523,0.0742,-0.0094,-0.0009,887.4398,852.2042,784.3480,819.1014,-1.342951,0.745721,-0.102425,-0.176505,0.001149,-0.022096,0.000000,0.000000,0.000000,0.000000,0.000000,0.000000,-1.350103,0.746462,-0.104338,1.0000,1.0000,1.0000,1.660,4.810,0.340,5.000,3.000,8.000,1.500,0.060,0.110,25538145,997376753,25537386,180,1306,1508,1442,1505,1000,1000,2008,1505,1505,1105,2008,1625,1256,1000,1000
-0.0187,0.0621,-0.6445,-0.0116,0.0743,-3.1343,0.0084,0.0607,3.1416,13.9523,-0.1812,0.2401,-9.6444,0.0337,0.0381,-0.0443,0.0817,-0.9071,-10.9397,0.0414,0.0250,-0.0420,-2.3673,-2.2591,-14.0201,0.0878,0.1909,-0.1031,2.7419,-21.1659,-16.6879,0.1356,0.1486,-0.0415,13.9523,0.0694,-0.0307,0.0034,876.6215,850.1780,788.1109,829.1824,-1.344494,0.745726,-0.102616,-0.168177,-0.000654,-0.020250,0.000000,0.000000,0.000000,0.000000,0.000000,0.000000,-1.350103,0.746462,-0.104338,1.0000,1.0000,1.0000,1.660,4.810,0.340,5.000,3.000,8.000,1.500,0.060,0.110,25548645,997376753,25546386,180,1306,1508,1442,1505,1000,1000,2008,1505,1505,1105,2008,1625,1256,1000,1000
-0.0184,0.0620,-0.6451,-0.0105,0.0703,3.1198,0.0084,0.0607,3.1416,13.9523,-0.4220,-0.2707,-9.8874,0.0138,0.0587,-0.0719,-1.3896,1.3951,-9.8717,0.0255,0.0560,-0.0731,6.7498,11.6344,-8.6308,-0.0979,0.0284,-0.0453,3.3722,23.7468,-4.8236,-0.0762,0.1944,-0.0453,13.9523,0.0714,-0.0293,0.0097,872.5269,855.2467,780.3530,835.6012,-1.357056,0.745168,-0.105623,-0.192765,-0.003460,-0.024850,0.000000,0.000000,0.000000,0.000000,0.000000,0.000000,-1.375387,0.744437,-0.111833,1.0000,1.0000,1.0000,1.660,4.810,0.340,5.000,3.000,8.000,1.500,0.060,0.110,25558689,997476882,25558430,181,1306,1508,1442,1505,1000,1000,2008,1505,1505,1105,2008,1625,1256,1000,1000
-0.0183,0.0621,-0.6459,-0.0107,0.0708,3.1191,0.0084,0.0607,3.1416,13.9523,0.0982,-0.4385,-9.6113,-0.0412,0.0565,-0.0903,1.0895,-2.3785,-9.5701,-0.0419,0.0415,-0.0816,-4.9914,-1.8114,-6.6005,-0.1056,0.0702,-0.1399,10.9663,-19.7778,-8.4150,0.0943,0.1041,-0.1044,13.9523,0.0891,-0.0337,0.0112,874.0497,850.9589,775.7372,842.6553,-1.358772,0.745156,-0.105835,-0.187398,0.000407,-0.023227,0.000000,0.000000,0.000000,0.000000,0.000000,0.000000,-1.375387,0.744437,-0.111833,1.0000,1.0000,1.0000,1.660,4.810,0.340,5.000,3.000,8.000,1.500,0.060,0.110,25569189,997476882,25567431,181,1306,1508,1443,1505,1000,1000,2008,1505,1505,1105,2008,1625,1256,1000,1000
-0.0188,0.0620,-0.6470,-0.0116,0.0710,3.1179,0.0084,0.0597,3.1416,13.9523,0.8078,-0.8285,-8.9052,-0.0967,0.0007,-0.0899,-1.0460,3.6367,-8.9137,-0.0632,-0.0295,-0.0779,-11.2211,29.8160,-14.7144,0.0969,-0.0428,-0.1292,-4.0226,1.5158,-12.7678,-0.0879,-0.0591,-0.0826,13.9523,0.1064,-0.0212,0.0121,880.9525,851.5879,765.9448,843.7888,-1.361004,0.745211,-0.106081,-0.184991,0.009191,-0.017488,0.000000,0.000000,0.000000,0.000000,0.000000,0.000000,-1.375387,0.744437,-0.111833,1.0000,1.0000,1.0000,1.660,4.810,0.340,5.000,3.000,8.000,1.500,0.060,0.110,25579689,997476882,25579430,181,1306,1508,1443,1505,1000,1000,2008,1505,1505,1105,2008,1625,1256,1000,1000
-0.0198,0.0614,-0.6482,-0.0127,0.0707,3.1169,0.0084,0.0576,3.1416,13.9523,0.3320,0.4456,-9.2158,-0.1262,-0.0415,-0.1019,1.2693,-2.1116,-9.0256,-0.1335,-0.0403,-0.1120,4.6908,-29.0814,-7.8120,-0.3316,-0.0913,-0.1340,-5.1772,21.3010,-11.0403,-0.2003,-0.0123,-0.1425,13.9523,0.1238,-0.0100,0.0133,887.3268,851.9307,756.2967,845.4649,-1.362654,0.745313,-0.106229,-0.182500,0.014374,-0.014625,0.000000,0.000000,0.000000,0.000000,0.000000,0.000000,-1.375387,0.744437,-0.111833,1.0000,1.0000,1.0000,1.660,4.810,0.340,5.000,3.000,8.000,1.500,0.060,0.110,25590189,997476882,25588430,181,1306,1508,1445,1505,1000,1000,2008,1505,1505,1105,2008,1625,1256,1000,1000
-0.0210,0.0603,-0.6491,-0.0146,0.0700,3.1158,0.0084,0.0576,3.1416,13.9523,-0.1378,0.1232,-9.4679,-0.1638,-0.0614,-0.1143,-1.8531,3.0174,-10.0902,-0.1571,-0.0978,-0.1185,6.1800,-7.3420,-14.8629,-0.0513,0.0492,-0.1050,15.4969,-16.9046,-5.8669,-0.0296,-0.0871,-0.1483,13.9523,0.1397,0.0024,0.0108,896.4481,850.0574,750.5220,842.8702,-1.364807,0.745505,-0.106387,-0.176425,0.017385,-0.011208,0.000000,0.000000,0.000000,0.000000,0.000000,0.000000,-1.375387,0.744437,-0.111833,1.0000,1.0000,1.0000,1.660,4.810,0.340,5.000,3.000,8.000,1.500,0.060,0.110,25600689,997476882,25600430,181,1306,1508,1445,1505,1000,1000,2008,1505,1505,1105,2008,1625,1256,1000,1000
-0.0227,0.0587,-0.6504,-0.0162,0.0691,3.1147,0.0084,0.0524,3.1416,13.9523,0.0093,-0.1524,-9.7631,-0.1734,-0.1014,-0.1402,2.0656,-1.8743,-8.9854,-0.1586,-0.0964,-0.1348,-2.2691,8.0240,-5.8008,-0.1240,-0.2200,-0.0831,1.5801,0.7670,-16.2802,-0.1907,-0.2677,-0.0929,13.9523,0.1471,0.0120,0.0158,897.0897,855.3488,739.5095,846.5603,-1.366375,0.745665,-0.106482,-0.171309,0.017376,-0.009224,0.000000,0.000000,0.000000,0.000000,0.000000,0.000000,-1.375387,0.744437,-0.111833,1.0000,1.0000,1.0000,1.660,4.810,0.340,5.000,3.000,8.000,1.500,0.060,0.110,25611189,997476882,25609430,181,1306,1508,1450,1505,1000,1000,2008,1505,1505,1105,2008,1625,1256,1000,1000
-0.0244,0.0568,-0.6517,-0.0182,0.0674,3.1133,0.0084,0.0503,3.1416,13.9523,0.1762,0.1812,-9.8054,-0.1519,-0.1421,-0.1193,-0.9464,1.1432,-10.8988,-0.1492,-0.1488,-0.1198,6.5128,-0.1642,-3.1217,-0.1781,-0.2725,-0.1045,-6.0517,8.8387,-13.4556,-0.1774,-0.2277,-0.1257,13.9523,0.1447,0.0242,0.0157,900.2103,859.5904,735.9127,842.0739,-1.368393,0.745865,-0.106589,-0.164605,0.016111,-0.008806,0.000000,0.000000,0.000000,0.000000,0.000000,0.000000,-1.375387,0.744437,-0.111833,1.0000,1.0000,1.0000,1.660,4.810,0.340,5.000,3.000,8.000,1.500,0.060,0.110,25621689,997476882,25621430,181,1306,1508,1452,1505,1000,1000,2008,1505,1505,1105,2008,1625,1255,1000,1000
-0.0259,0.0547,-0.6529,-0.0193,0.0658,3.1123,0.0084,0.0503,3.1416,13.9523,0.5862,0.4752,-9.6480,-0.0770,-0.1741,-0.1066,0.7263,0.4437,-9.0306,-0.1033,-0.1971,-0.1126,-3.5165,8.1532,-17.4510,0.0558,-0.1565,-0.1279,5.1122,9.5193,-8.2408,-0.0626,-0.2136,-0.1388,13.9523,0.1321,0.0317,0.0159,899.4739,864.9313,736.3892,836.9598,-1.369859,0.745996,-0.106667,-0.160822,0.013410,-0.008193,0.000000,0.000000,0.000000,0.000000,0.000000,0.000000,-1.375387,0.744437,-0.111833,1.0000,1.0000,1.0000,1.660,4.810,0.340,5.000,3.000,8.000,1.500,0.060,0.110,25632189,997476882,25630430,181,1306,1508,1452,1505,1000,1000,2008,1505,1505,1105,2008,1625,1256,1000,1000
-0.0268,0.0524,-0.6541,-0.0196,0.0635,3.1110,0.0084,0.0440,3.1416,13.9523,0.4298,0.9507,-9.8751,0.0207,-0.1995,-0.1178,0.0431,-0.3827,-10.5693,0.0197,-0.2015,-0.1167,-1.6826,-18.0106,-8.3171,-0.1152,-0.2200,-0.1343,-3.3258,-2.7472,-15.2082,0.0818,-0.1822,-0.1819,13.9523,0.0880,0.0369,0.0151,891.8021,875.9628,747.1680,824.0439,-1.371770,0.746114,-0.106763,-0.157594,0.006346,-0.007469,0.000000,0.000000,0.000000,0.000000,0.000000,0.000000,-1.375387,0.744437,-0.111833,1.0000,1.0000,1.0000,1.660,4.810,0.340,5.000,3.000,8.000,1.500,0.060,0.110,25642689,997476882,25642430,181,1306,1508,1458,1505,1000,1000,2008,1505,1505,1105,2008,1625,1256,1000,1000
-0.0264,0.0497,-0.6552,-0.0192,0.0617,3.1101,0.0084,0.0419,3.1416,13.9523,0.0254,0.0049,-9.8815,0.0818,-0.1909,-0.1204,-0.7097,2.3347,-9.7350,0.0704,-0.2213,-0.1210,-4.3329,21.6015,-14.6761,0.2152,-0.1102,-0.0666,2.4043,-6.6978,2.0504,0.0911,-0.2868,-0.0852,13.9523,0.0667,0.0342,0.0154,886.0659,880.1530,753.4222,820.0629,-1.373167,0.746153,-0.106819,-0.153366,0.002404,-0.005363,0.000000,0.000000,0.000000,0.000000,0.000000,0.000000,-1.375387,0.744437,-0.111833,1.0000,1.0000,1.0000,1.660,4.810,0.340,5.000,3.000,8.000,1.500,0.060,0.110,25653189,997476882,25651430,181,1306,1508,1460,1505,1000,1000,2008,1505,1505,1105,2008,1625,1256,1000,1000
-0.0254,0.0471,-0.6564,-0.0180,0.0597,3.1088,0.0084,0.0356,3.1416,13.9523,-0.0006,0.4891,-9.5020,0.1261,-0.1482,-0.1197,0.6631,-1.3651,-9.7238,0.1060,-0.1998,-0.1241,0.3046,-3.9183,-17.2499,-0.0212,-0.1619,-0.0370,-1.3164,17.3127,-19.8429,0.0567,-0.1249,-0.0724,13.9523,0.0514,0.0133,0.0161,875.8228,877.8460,763.9395,823.8007,-1.374963,0.746172,-0.106867,-0.146260,0.000447,-0.002625,0.000000,0.000000,0.000000,0.000000,0.000000,0.000000,-1.375387,0.744437,-0.111833,1.0000,1.0000,1.0000,1.660,4.810,0.340,5.000,3.000,8.000,1.500,0.060,0.110,25663689,997476882,25663430,181,1306,1508,1466,1505,1000,1000,2008,1505,1505,1105,2008,1625,1256,1000,1000
-0.0238,0.0451,-0.6575,-0.0168,0.0586,3.1078,0.0084,0.0335,3.1416,13.9523,0.1676,-0.0117,-9.4411,0.1381,-0.1152,-0.1123,-0.1031,1.9759,-9.6372,0.1883,-0.0858,-0.1039,-3.1311,15.5777,-7.2589,0.2797,-0.0113,-0.1474,6.4123,-20.3919,-6.6462,0.2562,-0.0250,-0.1127,13.9523,0.0422,-0.0014,0.0161,869.2928,875.5245,771.3502,826.2784,-1.376261,0.746177,-0.106876,-0.142262,0.000007,0.000817,0.000000,0.000000,0.000000,0.000000,0.000000,0.000000,-1.375387,0.744437,-0.111833,1.0000,1.0000,1.0000,1.660,4.810,0.340,5.000,3.000,8.000,1.500,0.060,0.110,25674189,997476882,25672430,181,1306,1508,1468,1505,1000,1000,2008,1505,1505,1105,2008,1625,1256,1000,1000
-0.0221,0.0435,-0.6588,-0.0128,0.0514,3.0895,0.0084,0.0335,3.1416,13.9523,0.0361,-0.2686,-9.2235,0.1496,-0.0736,-0.1177,0.0592,-2.1511,-8.7921,0.1472,-0.0816,-0.1220,2.4043,9.3743,-19.7830,0.0382,-0.0851,-0.1346,-6.1577,17.0882,-4.7877,0.0549,-0.0522,-0.1798,13.9523,0.0392,-0.0100,0.0164,865.7475,873.8588,774.7478,828.5821,-1.387526,0.743868,-0.111522,-0.175575,-0.009125,-0.005150,0.000000,0.000000,0.000000,0.000000,0.000000,0.000000,-1.397207,0.741740,-0.119631,1.0000,1.0000,1.0000,1.660,4.810,0.340,5.000,3.000,8.000,1.500,0.060,0.110,25684736,997577050,25684431,182,1306,1508,1468,1505,1000,1000,2008,1505,1505,1105,2008,1625,1256,1000,1000
-0.0203,0.0423,-0.6601,-0.0115,0.0508,3.0884,0.0084,0.0335,3.1416,13.9523,0.0997,-0.2924,-9.6821,0.1417,-0.0526,-0.1160,-0.6452,2.1435,-9.2781,0.1349,-0.0593,-0.1318,-6.1238,-2.1682,-0.4666,0.0721,0.0425,-0.2097,8.4954,0.7203,-20.2129,0.1910,0.0687,-0.1643,13.9523,0.0325,-0.0084,0.0170,864.2307,876.2844,775.2913,827.0941,-1.389092,0.743797,-0.111551,-0.171143,-0.006285,-0.001856,0.000000,0.000000,0.000000,0.000000,0.000000,0.000000,-1.397207,0.741740,-0.119631,1.0000,1.0000,1.0000,1.660,4.810,0.340,5.000,3.000,8.000,1.500,0.060,0.110,25695236,997577050,25693477,182,1306,1508,1468,1505,1000,1000,2008,1505,1505,1105,2008,1625,1256,1000,1000
-0.0187,0.0412,-0.6614,-0.0102,0.0503,3.0869,0.0084,0.0335,3.1416,13.9523,-0.0156,-0.4719,-9.4353,0.0986,-0.0308,-0.1327,-0.5326,-1.8293,-9.0354,0.1134,-0.0476,-0.1306,-0.2604,12.0295,-2.8632,0.1081,-0.1160,-0.1047,-1.6091,5.4592,1.6787,0.0602,-0.0594,-0.1143,13.9523,0.0386,-0.0098,0.0180,864.3959,875.3007,773.0818,830.0259,-1.391112,0.743751,-0.111551,-0.165730,-0.000969,0.001720,0.000000,0.000000,0.000000,0.000000,0.000000,0.000000,-1.397207,0.741740,-0.119631,1.0000,1.0000,1.0000,1.660,4.810,0.340,5.000,3.000,8.000,1.500,0.060,0.110,25705736,997577050,25705477,182,1306,1508,1468,1505,1000,1000,2008,1505,1505,1105,2008,1625,1255,1000,1000
-0.0175,0.0403,-0.6627,-0.0095,0.0499,3.0858,0.0084,0.0335,3.1416,13.9523,0.0033,0.2717,-9.0211,0.0600,-0.0253,-0.1335,0.8347,0.1089,-9.9275,0.0760,-0.0273,-0.1344,-0.8518,-8.4003,-13.5916,0.0353,-0.0366,-0.1005,7.3730,-1.1652,-18.6075,0.0727,0.0024,-0.1113,13.9523,0.0509,-0.0131,0.0191,865.3535,872.3358,769.9056,835.0864,-1.392590,0.743750,-0.111528,-0.162690,0.001649,0.003909,0.000000,0.000000,0.000000,0.000000,0.000000,0.000000,-1.397207,0.741740,-0.119631,1.0000,1.0000,1.0000,1.660,4.810,0.340,5.000,3.000,8.000,1.500,0.060,0.110,25716236,997577050,25714477,182,1306,1508,1469,1505,1000,1000,2008,1505,1505,1105,2008,1625,1255,1000,1000
-0.0167,0.0393,-0.6640,-0.0091,0.0494,3.0844,0.0084,0.0325,3.1416,13.9523,0.2784,0.0987,-9.1997,0.0098,-0.0423,-0.1217,-0.0133,-0.6905,-8.4686,0.0192,-0.0413,-0.1208,-3.0928,-8.5726,-4.9964,-0.0055,-0.1152,-0.1567,-3.5629,-9.3662,-11.3384,0.0280,-0.0948,-0.1161,13.9523,0.0661,-0.0095,0.0187,870.2361,869.6870,765.1534,837.1404,-1.394528,0.743777,-0.111458,-0.160327,0.002917,0.008510,0.000000,0.000000,0.000000,0.000000,0.000000,0.000000,-1.397207,0.741740,-0.119631,1.0000,1.0000,1.0000,1.660,4.810,0.340,5.000,3.000,8.000,1.500,0.060,0.110,25726736,997577050,25726477,182,1306,1508,1469,1505,1000,1000,2008,1505,1505,1105,2008,1625,1255,1000,1000
-0.0163,0.0383,-0.6653,-0.0094,0.0487,3.0833,0.0084,0.0325,3.1416,13.9523,0.0682,-0.4155,-9.4910,-0.0505,-0.0693,-0.1216,1.0116,-0.0290,-10.1435,-0.0423,-0.0731,-0.1249,5.4522,1.8373,-14.9898,-0.0444,-0.1256,-0.1519,0.7810,1.6235,-0.4797,-0.0647,-0.0937,-0.1420,13.9523,0.0893,-0.0034,0.0192,876.9127,866.6822,756.3986,841.2357,-1.395967,0.743814,-0.111370,-0.158642,0.005056,0.012313,0.000000,0.000000,0.000000,0.000000,0.000000,0.000000,-1.397207,0.741740,-0.119631,1.0000,1.0000,1.0000,1.660,4.810,0.340,5.000,3.000,8.000,1.500,0.060,0.110,25737236,997577050,25735488,182,1306,1508,1469,1505,1000,1000,2008,1505,1505,1105,2008,1625,1255,1000,1000
-0.0164,0.0370,-0.6665,-0.0102,0.0478,3.0818,0.0084,0.0325,3.1416,13.9523,0.0827,-0.0854,-9.7044,-0.0654,-0.0644,-0.1313,-0.8555,0.4910,-9.8009,-0.0724,-0.0808,-0.1299,1.4658,0.4942,-14.6833,-0.0124,-0.0518,-0.1319,3.8211,-6.3476,-8.3216,-0.0290,-0.0828,-0.1649,13.9523,0.1027,-0.0030,0.0197,879.6808,864.1295,752.1673,844.7581,-1.397850,0.743891,-0.111204,-0.155113,0.007445,0.015660,0.000000,0.000000,0.000000,0.000000,0.000000,0.000000,-1.397207,0.741740,-0.119631,1.0000,1.0000,1.0000,1.660,4.810,0.340,5.000,3.000,8.000,1.500,0.060,0.110,25747736,997577050,25747477,182,1306,1508,1469,1505,1000,1000,2008,1505,1505,1105,2008,1625,1256,1000,1000
-0.0171,0.0357,-0.6679,-0.0108,0.0472,3.0807,0.0084,0.0314,3.1416,13.9523,0.1773,0.2620,-9.7721,-0.0636,-0.0593,-0.1470,0.4446,-0.2222,-9.9199,-0.0553,-0.0563,-0.1451,0.8457,-6.6214,-6.4449,-0.1307,-0.1227,-0.0877,-2.7745,14.3300,-9.8031,-0.1872,-0.0964,-0.0956,13.9523,0.1028,-0.0065,0.0212,877.4178,864.2447,751.6677,847.4343,-1.399233,0.743952,-0.111047,-0.152045,0.007203,0.018883,0.000000,0.000000,0.000000,0.000000,0.000000,0.000000,-1.397207,0.741740,-0.119631,1.0000,1.0000,1.0000,1.660,4.810,0.340,5.000,3.000,8.000,1.500,0.060,0.110,25758236,997577050,25756477,182,1306,1508,1470,1505,1000,1000,2008,1505,1505,1105,2008,1625,1256,1000,1000
-0.0179,0.0347,-0.6694,-0.0117,0.0464,3.0790,0.0084,0.0314,3.1416,13.9523,0.3189,0.5690,-9.4034,-0.0668,-0.0634,-0.1434,0.2210,0.5822,-9.4894,-0.0799,-0.0767,-0.1469,2.2679,-10.5407,-10.5581,-0.0169,-0.0398,-0.0949,4.0240,-8.1613,-11.7945,0.0242,-0.0732,-0.1089,13.9523,0.1064,-0.0059,0.0216,878.1357,863.9081,750.0895,848.4318,-1.401042,0.744026,-0.110803,-0.149384,0.005096,0.021916,0.000000,0.000000,0.000000,0.000000,0.000000,0.000000,-1.397207,0.741740,-0.119631,1.0000,1.0000,1.0000,1.660,4.810,0.340,5.000,3.000,8.000,1.500,0.060,0.110,25768736,997577050,25768477,182,1306,1508,1470,1505,1000,1000,2008,1505,1505,1105,2008,1625,1256,1000,1000
-0.0186,0.0339,-0.6708,-0.0124,0.0458,3.0779,0.0084,0.0314,3.1416,13.9523,0.4975,0.1513,-9.3974,-0.0635,-0.0867,-0.1309,0.5035,-0.4111,-9.6925,-0.0672,-0.0912,-0.1353,-0.8733,0.5852,-8.0298,-0.0739,-0.1155,-0.1039,-1.0345,4.9330,-6.2619,-0.0932,-0.1265,-0.0951,13.9523,0.1082,0.0008,0.0209,881.1398,864.9202,748.0931,846.0453,-1.402378,0.744078,-0.110589,-0.147864,0.004748,0.025929,0.000000,0.000000,0.000000,0.000000,0.000000,0.000000,-1.397207,0.741740,-0.119631,1.0000,1.0000,1.0000,1.660,4.810,0.340,5.000,3.000,8.000,1.500,0.060,0.110,25779236,997577050,25777477,182,1306,1508,1470,1505,1000,1000,2008,1505,1505,1105,2008,1625,1255,1000,1000
-0.0191,0.0329,-0.6721,-0.0114,0.0403,3.0730,0.0230,0.0314,3.1416,13.9523,0.4120,0.0500,-9.5843,-0.0409,-0.1217,-0.1275,0.2607,-0.0566,-9.5050,-0.0459,-0.1311,-0.1294,1.0492,-3.5592,-8.6571,-0.0689,-0.1027,-0.1287,1.2874,-3.8354,-8.6000,-0.0170,-0.1137,-0.1222,13.9523,0.1243,0.0218,0.0211,890.7950,867.8624,736.0226,843.5046,-1.410720,0.742546,-0.114321,-0.173701,-0.002846,0.019499,0.000000,0.000000,0.000000,0.000000,0.000000,0.000000,-1.415890,0.741212,-0.120739,1.0000,1.0000,1.0000,1.660,4.810,0.340,5.000,3.000,8.000,1.500,0.060,0.110,25789280,997677439,25789021,183,1306,1522,1470,1505,1000,1000,2008,1505,1505,1105,2008,1625,1255,1000,1000
-0.0195,0.0313,-0.6734,-0.0118,0.0391,3.0719,0.0272,0.0314,3.1416,13.9523,0.1601,-0.1810,-9.7502,-0.0125,-0.1387,-0.1221,0.2038,-0.7902,-9.4553,-0.0128,-0.1396,-0.1226,0.6254,0.8007,-6.4928,-0.0134,-0.0918,-0.1439,0.2243,-1.0144,-3.9329,-0.0048,-0.0999,-0.1377,13.9523,0.1225,0.0343,0.0198,895.1055,871.0084,733.5587,837.8260,-1.412275,0.742516,-0.114127,-0.172109,-0.003964,0.023164,0.000000,0.000000,0.000000,0.000000,0.000000,0.000000,-1.415890,0.741212,-0.120739,1.0000,1.0000,1.0000,1.660,4.810,0.340,5.000,3.000,8.000,1.500,0.060,0.110,25799780,997677439,25798021,183,1306,1526,1470,1505,1000,1000,2008,1505,1505,1105,2008,1625,1255,1000,1000
-0.0195,0.0295,-0.6746,-0.0117,0.0374,3.0706,0.0356,0.0408,3.1416,13.9523,0.0760,0.1398,-9.5243,0.0222,-0.1299,-0.1157,0.2638,0.5322,-9.9215,0.0179,-0.1451,-0.1163,-1.2540,-7.9885,-7.4337,-0.0678,-0.1352,-0.1178,5.6671,8.6915,-10.6417,-0.0730,-0.1217,-0.1161,13.9523,0.1224,0.0532,0.0194,900.9543,876.4107,727.2471,831.4009,-1.414326,0.742460,-0.113830,-0.169712,-0.005119,0.026023,0.000000,0.000000,0.000000,0.000000,0.000000,0.000000,-1.415890,0.741212,-0.120739,1.0000,1.0000,1.0000,1.660,4.810,0.340,5.000,3.000,8.000,1.500,0.060,0.110,25810280,997677439,25810021,183,1306,1534,1461,1505,1000,1000,2008,1505,1505,1105,2008,1625,1255,1000,1000
-0.0192,0.0276,-0.6758,-0.0113,0.0363,3.0696,0.0377,0.0440,3.1416,13.9523,0.0882,0.7076,-9.1076,0.0757,-0.1140,-0.1064,-0.1523,1.5591,-8.8607,0.0461,-0.1484,-0.1127,-2.5134,-7.3037,-9.0426,0.2456,-0.0545,-0.1223,0.3895,-24.1198,-7.8853,0.2535,-0.1318,-0.1225,13.9523,0.1113,0.0545,0.0191,899.0629,879.1203,730.0640,828.1122,-1.415843,0.742404,-0.113581,-0.167460,-0.006950,0.028727,0.000000,0.000000,0.000000,0.000000,0.000000,0.000000,-1.415890,0.741212,-0.120739,1.0000,1.0000,1.0000,1.660,4.810,0.340,5.000,3.000,8.000,1.500,0.060,0.110,25820780,997677439,25819021,183,1306,1548,1450,1505,1000,1000,2008,1505,1505,1105,2008,1625,1255,1000,1000
-0.0184,0.0262,-0.6769,-0.0098,0.0352,3.0684,0.0503,0.0524,3.1416,13.9523,-0.1293,0.5796,-9.1651,0.1540,-0.0655,-0.1044,0.2510,-0.6387,-9.1601,0.1608,-0.0610,-0.1069,0.8673,-1.5193,-13.3019,0.1771,-0.0574,-0.0986,-3.4156,5.2904,-12.2345,0.1638,-0.0261,-0.1025,13.9523,0.1102,0.0598,0.0184,900.9713,880.3619,729.3177,825.3723,-1.417830,0.742299,-0.113208,-0.163881,-0.010735,0.033497,0.000000,0.000000,0.000000,0.000000,0.000000,0.000000,-1.415890,0.741212,-0.120739,1.0000,1.0000,1.0000,1.660,4.810,0.340,5.000,3.000,8.000,1.500,0.060,0.110,25831280,997677439,25831021,183,1306,1552,1447,1505,1000,1000,2008,1505,1505,1105,2008,1625,1255,1000,1000
-0.0166,0.0253,-0.6780,-0.0082,0.0348,3.0674,0.0545,0.0555,3.1416,13.9523,-0.3740,-0.1573,-9.5312,0.2119,-0.0048,-0.1150,-0.3991,0.6212,-10.0773,0.2053,-0.0174,-0.1193,0.9295,0.7456,-6.3276,0.1462,0.0089,-0.1247,2.7293,9.6773,-12.5829,0.1675,0.0402,-0.1406,13.9523,0.0943,0.0497,0.0192,893.8978,881.5334,736.3609,825.5594,-1.419292,0.742204,-0.112899,-0.160788,-0.011377,0.036518,0.000000,0.000000,0.000000,0.000000,0.000000,0.000000,-1.415890,0.741212,-0.120739,1.0000,1.0000,1.0000,1.660,4.810,0.340,5.000,3.000,8.000,1.500,0.060,0.110,25841780,997677439,25840022,183,1306,1561,1440,1505,1000,1000,2008,1505,1505,1105,2008,1625,1255,1000,1000
-0.0143,0.0250,-0.6793,-0.0054,0.0350,3.0661,0.0670,0.0649,3.1416,13.9523,-0.2781,-0.4480,-9.6938,0.2475,0.0550,-0.1156,-0.6357,0.4674,-10.4414,0.2641,0.0669,-0.1168,6.4529,4.7607,-11.8007,0.2581,0.0105,-0.1162,-3.9615,3.3384,-4.1268,0.2690,0.0589,-0.1063,13.9523,0.0879,0.0316,0.0199,886.5656,878.0890,743.7023,830.5410,-1.421190,0.742069,-0.112442,-0.155010,-0.010826,0.039752,0.000000,0.000000,0.000000,0.000000,0.000000,0.000000,-1.415890,0.741212,-0.120739,1.0000,1.0000,1.0000,1.660,4.810,0.340,5.000,3.000,8.000,1.500,0.060,0.110,25852280,997677439,25852021,183,1306,1564,1438,1505,1000,1000,2008,1505,1505,1105,2008,1625,1255,1000,1000
-0.0115,0.0254,-0.6804,-0.0030,0.0358,3.0651,0.0681,0.0649,3.1416,13.9523,0.0644,0.1860,-9.4422,0.2817,0.1283,-0.1060,0.7164,-0.3586,-9.4034,0.2940,0.1185,-0.1098,2.3565,3.5947,-16.5029,0.4425,0.1576,-0.1218,2.6126,2.6058,-17.6396,0.3848,0.1025,-0.1161,13.9523,0.0747,0.0053,0.0190,876.4052,872.4904,757.3683,834.8640,-1.422571,0.741952,-0.112077,-0.150712,-0.012659,0.041311,0.000000,0.000000,0.000000,0.000000,0.000000,0.000000,-1.415890,0.741212,-0.120739,1.0000,1.0000,1.0000,1.660,4.810,0.340,5.000,3.000,8.000,1.500,0.060,0.110,25862780,997677439,25861021,183,1306,1565,1438,1505,1000,1000,2008,1505,1505,1105,2008,1625,1255,1000,1000
-0.0085,0.0266,-0.6816,0.0007,0.0375,3.0639,0.0681,0.0649,3.1416,13.9523,0.4073,0.7246,-9.7901,0.3129,0.1615,-0.1060,-0.7624,1.4181,-9.6073,0.3251,0.1558,-0.1070,-1.3977,-5.5081,-1.1441,0.3138,0.0686,-0.1244,-12.5720,4.0944,-11.2486,0.2978,0.0197,-0.1310,13.9523,0.0633,-0.0087,0.0186,869.8842,870.5070,765.6846,836.1677,-1.424362,0.741767,-0.111571,-0.148095,-0.017305,0.042901,0.000000,0.000000,0.000000,0.000000,0.000000,0.000000,-1.415890,0.741212,-0.120739,1.0000,1.0000,1.0000,1.660,4.810,0.340,5.000,3.000,8.000,1.500,0.060,0.110,25873280,997677439,25873021,183,1306,1565,1438,1505,1000,1000,2008,1505,1505,1105,2008,1625,1255,1000,1000
-0.0053,0.0281,-0.6828,0.0036,0.0391,3.0629,0.0618,0.0660,3.1416,13.9523,-0.0828,0.5956,-9.8385,0.3379,0.1942,-0.1204,1.2108,-0.1126,-9.8298,0.3251,0.1924,-0.1197,4.0372,-8.2686,-3.0858,0.3447,0.2051,-0.1007,1.9823,-6.3243,0.0087,0.3191,0.1758,-0.1361,13.9523,0.0384,-0.0210,0.0199,859.4224,873.4597,774.9090,835.4086,-1.425681,0.741611,-0.111178,-0.145991,-0.018127,0.044757,0.000000,0.000000,0.000000,0.000000,0.000000,0.000000,-1.415890,0.741212,-0.120739,1.0000,1.0000,1.0000,1.660,4.810,0.340,5.000,3.000,8.000,1.500,0.060,0.110,25883780,997677439,25882021,183,1306,1557,1437,1505,1000,1000,2008,1505,1505,1105,2008,1625,1256,1000,1000
-0.0020,0.0298,-0.6839,0.0075,0.0417,3.0617,0.0597,0.0660,3.1416,13.9523,-0.0876,0.0808,-9.8534,0.3371,0.2307,-0.1152,-0.4332,0.1066,-10.6308,0.3369,0.2229,-0.1152,-2.2979,-3.2336,-10.3905,0.2807,0.1984,-0.0456,1.5729,-4.1766,-13.6872,0.2919,0.2581,-0.0724,13.9523,0.0288,-0.0342,0.0198,853.1690,871.6024,781.8429,837.2956,-1.427408,0.741388,-0.110621,-0.142059,-0.019878,0.047645,0.000000,0.000000,0.000000,0.000000,0.000000,0.000000,-1.415890,0.741212,-0.120739,1.0000,1.0000,1.0000,1.660,4.810,0.340,5.000,3.000,8.000,1.500,0.060,0.110,25894280,997677439,25894021,183,1306,1550,1441,1505,1000,1000,2008,1505,1505,1105,2008,1625,1256,1000,1000
0.0014,0.0318,-0.6851,0.0105,0.0439,3.0608,0.0492,0.0597,3.1416,13.9523,0.1489,-0.2305,-9.8036,0.3287,0.2467,-0.1028,0.2402,0.5225,-9.8367,0.3299,0.2526,-0.1078,0.6207,0.9587,-3.4617,0.2834,0.2296,-0.0653,0.8205,-0.8671,-7.6626,0.2807,0.2349,-0.0583,13.9523,0.0044,-0.0589,0.0205,839.2059,870.2106,795.5227,839.9647,-1.428677,0.741200,-0.110179,-0.139293,-0.022421,0.050165,0.000000,0.000000,0.000000,0.000000,0.000000,0.000000,-1.415890,0.741212,-0.120739,1.0000,1.0000,1.0000,1.660,4.810,0.340,5.000,3.000,8.000,1.500,0.060,0.110,25904780,997677439,25903021,183,1306,1547,1443,1505,1000,1000,2008,1505,1505,1105,2008,1625,1256,1000,1000
0.0048,0.0342,-0.6861,0.0141,0.0468,3.0596,0.0482,0.0524,3.1416,13.9523,0.5332,-0.2407,-9.5427,0.2813,0.2283,-0.0972,0.3015,-1.0085,-8.9226,0.2832,0.2336,-0.0995,3.7810,7.7582,-14.4990,0.3487,0.2354,-0.1455,-5.6387,-8.7521,-2.9417,0.3707,0.2264,-0.1284,13.9523,0.0088,-0.0723,0.0208,835.7709,865.3814,798.5274,845.5094,-1.430333,0.740932,-0.109552,-0.136675,-0.021930,0.053957,0.000000,0.000000,0.000000,0.000000,0.000000,0.000000,-1.415890,0.741212,-0.120739,1.0000,1.0000,1.0000,1.660,4.810,0.340,5.000,3.000,8.000,1.500,0.060,0.110,25915280,997677439,25915022,183,1306,1546,1450,1505,1000,1000,2008,1505,1505,1105,2008,1625,1256,1000,1000
0.0077,0.0363,-0.6872,0.0146,0.0462,3.0714,0.0482,0.0503,3.1416,13.9523,0.7714,-0.0621,-9.4864,0.2184,0.1902,-0.1139,0.9859,-1.3944,-9.4989,0.2399,0.1962,-0.1080,-3.3681,-10.4377,-4.8671,0.1051,0.2037,-0.1569,-5.2868,8.5550,-10.5178,0.1396,0.1686,-0.1675,13.9523,0.0294,-0.0660,0.0196,843.6295,861.5577,792.6840,847.1068,-1.434833,0.744401,-0.115429,-0.147381,-0.007123,0.040648,0.000000,0.000000,0.000000,0.000000,0.000000,0.000000,-1.435829,0.746550,-0.123788,1.0000,1.0000,1.0000,1.660,4.810,0.340,5.000,3.000,8.000,1.500,0.060,0.110,25925327,997810633,25924068,184,1306,1546,1452,1505,1000,1000,2008,1505,1505,1105,2008,1625,1256,1000,1000
0.0098,0.0383,-0.6886,0.0162,0.0478,3.0703,0.0482,0.0492,3.1416,13.9523,0.3274,-0.0730,-9.3178,0.1427,0.1491,-0.1336,-0.0916,0.4188,-9.3615,0.1610,0.1533,-0.1316,1.7507,-7.0906,-9.8207,0.1368,0.2368,-0.1785,1.4831,-7.7250,-8.1349,0.2256,0.1957,-0.1406,13.9523,0.0519,-0.0580,0.0206,850.6033,859.6321,783.2449,850.8610,-1.436148,0.744339,-0.115047,-0.146259,-0.006872,0.043814,0.000000,0.000000,0.000000,0.000000,0.000000,0.000000,-1.435829,0.746550,-0.123788,1.0000,1.0000,1.0000,1.660,4.810,0.340,5.000,3.000,8.000,1.500,0.060,0.110,25935827,997810633,25933068,184,1306,1546,1453,1505,1000,1000,2008,1505,1505,1105,2008,1625,1256,1000,1000
0.0110,0.0396,-0.6899,0.0175,0.0494,3.0688,0.0482,0.0492,3.1416,13.9523,-0.0477,-0.1687,-9.2548,0.0921,0.0966,-0.1396,-0.3467,-0.3956,-9.3511,0.0755,0.0671,-0.1359,2.8353,0.4870,-10.4336,-0.0172,0.1169,-0.0906,-1.1189,-0.1704,-6.8276,0.0288,0.1521,-0.1225,13.9523,0.0720,-0.0388,0.0214,860.4665,861.5903,770.6526,850.4612,-1.437888,0.744258,-0.114488,-0.144207,-0.007469,0.049585,0.000000,0.000000,0.000000,0.000000,0.000000,0.000000,-1.435829,0.746550,-0.123788,1.0000,1.0000,1.0000,1.660,4.810,0.340,5.000,3.000,8.000,1.500,0.060,0.110,25945830,997810633,25945071,184,1306,1546,1453,1505,1000,1000,2008,1505,1505,1105,2008,1625,1256,1000,1000
0.0117,0.0401,-0.6913,0.0179,0.0499,3.0676,0.0471,0.0492,3.1416,14.8642,-0.0152,-0.6981,-9.2856,0.0351,0.0369,-0.1326,-0.2656,-0.5350,-9.1471,0.0472,0.0352,-0.1382,1.9183,1.5572,-7.0243,-0.0244,0.0577,-0.1324,4.2647,4.9815,-8.8927,-0.0274,0.0170,-0.1108,14.8642,0.0830,-0.0107,0.0211,899.9086,895.5951,785.5499,868.2842,-1.439181,0.744194,-0.114016,-0.143102,-0.007556,0.055072,0.000000,0.000000,0.000000,0.000000,0.000000,0.000000,-1.435829,0.746550,-0.123788,1.0000,1.0000,1.0000,1.660,4.810,0.340,5.000,3.000,8.000,1.500,0.060,0.110,25956330,997810633,25954071,184,1332,1545,1453,1505,1000,1000,2008,1505,1505,1105,2008,1625,1256,1000,1000
0.0119,0.0401,-0.6928,0.0179,0.0497,3.0660,0.0471,0.0492,3.1416,15.1378,0.5837,-0.5713,-9.2640,-0.0262,-0.0434,-0.1442,0.7982,0.0035,-9.4151,-0.0178,-0.0451,-0.1431,-1.8957,4.7415,-10.1439,-0.0617,-0.1619,-0.1767,-1.8767,3.4893,-11.4300,-0.0615,-0.1340,-0.1505,15.1378,0.0978,0.0105,0.0231,915.9988,908.3655,780.4539,874.3814,-1.440897,0.744110,-0.113319,-0.142748,-0.006298,0.060513,0.000000,0.000000,0.000000,0.000000,0.000000,0.000000,-1.435829,0.746550,-0.123788,1.0000,1.0000,1.0000,1.660,4.810,0.340,5.000,3.000,8.000,1.500,0.060,0.110,25966830,997810633,25966071,184,1334,1545,1453,1505,1000,1000,2008,1505,1505,1105,2008,1625,1256,1000,1000
0.0116,0.0393,-0.6943,0.0175,0.0489,3.0647,0.0471,0.0492,3.1416,15.2290,0.6024,-0.0129,-9.3209,-0.0842,-0.1286,-0.1428,1.0510,0.0205,-9.4825,-0.0853,-0.1410,-0.1396,1.8704,-5.8097,-14.1494,-0.0830,-0.1589,-0.1777,0.2063,-1.4561,-11.0439,-0.0445,-0.1348,-0.1896,15.2290,0.1322,0.0457,0.0227,936.3425,913.5516,762.6635,873.5923,-1.442183,0.744051,-0.112771,-0.141872,-0.004188,0.060400,0.000000,0.000000,0.000000,0.000000,0.000000,0.000000,-1.435829,0.746550,-0.123788,1.0000,1.0000,1.0000,1.660,4.810,0.340,5.000,3.000,8.000,1.500,0.060,0.110,25977330,997810633,25975071,184,1334,1545,1453,1505,1000,1000,2008,1505,1505,1105,2008,1625,1256,1000,1000
0.0102,0.0375,-0.6959,0.0161,0.0470,3.0629,0.0471,0.0492,3.1416,15.5026,0.0794,0.2004,-9.6861,-0.1292,-0.1637,-0.1534,-0.6967,1.6746,-10.1027,-0.1216,-0.1602,-0.1487,-5.8868,6.0703,-7.9197,-0.0308,-0.1152,-0.1263,7.7896,-0.2853,-17.9215,-0.1414,-0.1550,-0.1641,15.5026,0.1500,0.0603,0.0238,951.3234,922.8221,760.0823,881.3010,-1.443868,0.743975,-0.112036,-0.138840,-0.007973,0.061674,0.000000,0.000000,0.000000,0.000000,0.000000,0.000000,-1.435829,0.746550,-0.123788,1.0000,1.0000,1.0000,1.660,4.810,0.340,5.000,3.000,8.000,1.500,0.060,0.110,25987830,997810633,25987071,184,1340,1545,1453,1505,1000,1000,2008,1505,1505,1105,2008,1625,1256,1000,1000
0.0086,0.0354,-0.6975,0.0148,0.0455,3.0616,0.0471,0.0492,3.1416,15.5938,-0.2781,0.0344,-10.7576,-0.1395,-0.1626,-0.1535,-1.0919,-1.1074,-10.3117,-0.1594,-0.1821,-0.1583,-4.2875,-2.3693,-5.1041,-0.2024,-0.1930,-0.1042,-6.0410,-0.8958,-9.3847,-0.1859,-0.2775,-0.1129,15.5938,0.1568,0.0648,0.0245,956.0771,925.8830,758.6553,884.5524,-1.445105,0.743910,-0.111505,-0.136691,-0.007857,0.057543,0.000000,0.000000,0.000000,0.000000,0.000000,0.000000,-1.435829,0.746550,-0.123788,1.0000,1.0000,1.0000,1.660,4.810,0.340,5.000,3.000,8.000,1.500,0.060,0.110,25998330,997810633,25996071,184,1342,1545,1453,1505,1000,1000,2008,1505,1505,1105,2008,1625,1256,1000,1000
0.0067,0.0334,-0.6991,0.0131,0.0437,3.0598,0.0461,0.0492,3.1416,15.5938,-0.0820,-0.0801,-10.9578,-0.1226,-0.1191,-0.1564,1.0151,-0.5144,-11.4200,-0.1147,-0.1144,-0.1573,7.1472,-0.3581,-10.3857,-0.1062,-0.2232,-0.1724,-3.8179,6.2906,-8.3144,-0.1193,-0.1172,-0.1433,15.5938,0.1517,0.0521,0.0248,951.2576,923.6261,763.9929,887.5090,-1.446722,0.743790,-0.110881,-0.131748,-0.012925,0.046422,0.000000,0.000000,0.000000,0.000000,0.000000,0.000000,-1.435829,0.746550,-0.123788,1.0000,1.0000,1.0000,1.660,4.810,0.340,5.000,3.000,8.000,1.500,0.060,0.110,26008830,997810633,26008071,184,1342,1544,1453,1505,1000,1000,2008,1505,1505,1105,2008,1625,1256,1000,1000
0.0052,0.0321,-0.7008,0.0102,0.0413,3.0679,0.0461,0.0492,3.1416,15.5938,0.5930,0.3400,-10.6321,-0.0839,-0.0857,-0.1552,-0.4835,1.9812,-10.8610,-0.0796,-0.0970,-0.1575,-4.9866,10.8683,-12.6698,0.0433,-0.0542,-0.1881,1.1455,-7.7860,-9.1387,-0.0317,-0.1739,-0.1696,15.5938,0.1466,0.0408,0.0238,947.7731,920.7389,770.2833,888.7989,-1.449675,0.747529,-0.112910,-0.134494,-0.003569,0.033290,0.000000,0.000000,0.000000,0.000000,0.000000,0.000000,-1.450955,0.750421,-0.116221,1.0000,1.0000,1.0000,1.660,4.810,0.340,5.000,3.000,8.000,1.500,0.060,0.110,26018882,997944626,26017071,185,1342,1543,1452,1505,1000,1000,2008,1505,1505,1105,2008,1625,1256,1000,1000
0.0040,0.0311,-0.7024,0.0096,0.0403,3.0660,0.0450,0.0503,3.1416,15.5938,0.3237,0.6817,-10.6114,-0.0108,-0.0918,-0.1570,-0.7200,0.1706,-10.6961,-0.0260,-0.0927,-0.1568,-6.8612,2.1725,-15.2268,-0.0372,0.0196,-0.1780,4.3706,-5.6922,-6.6624,-0.0261,-0.0346,-0.1598,15.5938,0.1242,0.0456,0.0230,944.9976,926.3102,775.2783,881.5930,-1.451276,0.747436,-0.112570,-0.131976,-0.011477,0.023337,0.000000,0.000000,0.000000,0.000000,0.000000,0.000000,-1.450955,0.750421,-0.116221,1.0000,1.0000,1.0000,1.660,4.810,0.340,5.000,3.000,8.000,1.500,0.060,0.110,26029382,997944626,26029123,185,1342,1543,1452,1505,1000,1000,2008,1505,1505,1105,2008,1625,1255,1000,1000
0.0041,0.0306,-0.7040,0.0096,0.0396,3.0647,0.0387,0.0503,3.1416,15.6394,-0.1031,-0.3713,-10.7738,0.0292,-0.0663,-0.1606,0.1167,-1.5977,-9.9277,0.0225,-0.0837,-0.1631,-0.4041,5.9003,-5.5183,0.0971,-0.0081,-0.1058,2.3163,-7.6675,-9.8731,0.0274,0.0365,-0.0969,15.6394,0.0962,0.0486,0.0240,940.5807,935.1704,781.6694,876.4935,-1.452485,0.747341,-0.112370,-0.135933,-0.011103,0.019348,0.000000,0.000000,0.000000,0.000000,0.000000,0.000000,-1.450955,0.750421,-0.116221,1.0000,1.0000,1.0000,1.660,4.810,0.340,5.000,3.000,8.000,1.500,0.060,0.110,26039882,997944626,26038134,185,1343,1537,1452,1505,1000,1000,2008,1505,1505,1105,2008,1625,1255,1000,1000
0.0042,0.0294,-0.7057,0.0101,0.0390,3.0629,0.0367,0.0503,3.1416,15.6394,0.1144,0.1512,-10.5855,0.0627,-0.0320,-0.1495,0.3046,0.2137,-11.3332,0.0727,-0.0510,-0.1535,-12.2027,-2.8385,-8.4823,0.1113,-0.0433,-0.1908,-10.9612,-9.6338,-16.0378,0.1886,-0.1353,-0.1329,15.6394,0.0787,0.0388,0.0248,933.5176,936.7224,788.5040,876.2654,-1.454094,0.747183,-0.112206,-0.132451,-0.015281,0.007528,0.000000,0.000000,0.000000,0.000000,0.000000,0.000000,-1.450955,0.750421,-0.116221,1.0000,1.0000,1.0000,1.660,4.810,0.340,5.000,3.000,8.000,1.500,0.060,0.110,26050382,997944626,26050123,185,1343,1535,1452,1505,1000,1000,2008,1505,1505,1105,2008,1625,1255,1000,1000
0.0049,0.0297,-0.7074,0.0109,0.0387,3.0615,0.0367,0.0503,3.1416,15.6394,0.3388,-0.0005,-10.5344,0.1008,-0.0140,-0.1495,-0.7295,0.8694,-10.5942,0.1155,0.0234,-0.1519,2.3636,-0.4635,-12.7057,0.1611,-0.0049,-0.2121,-2.4765,11.6077,-6.8743,0.0775,-0.0162,-0.1936,15.6394,0.0664,0.0297,0.0248,928.3030,936.7734,794.5876,876.2552,-1.455308,0.747037,-0.112193,-0.135992,-0.017284,-0.003498,0.000000,0.000000,0.000000,0.000000,0.000000,0.000000,-1.450955,0.750421,-0.116221,1.0000,1.0000,1.0000,1.660,4.810,0.340,5.000,3.000,8.000,1.500,0.060,0.110,26060882,997944626,26059123,185,1343,1535,1452,1505,1000,1000,2008,1505,1505,1105,2008,1625,1255,1000,1000
0.0060,0.0290,-0.7090,0.0122,0.0386,3.0596,0.0367,0.0503,3.1416,15.6394,-0.2080,-0.2040,-10.7541,0.1092,-0.0001,-0.1657,-0.1721,1.6455,-10.3398,0.1121,-0.0043,-0.1578,5.9789,8.5483,-10.5725,0.1917,-0.0910,-0.1340,-8.2066,0.4096,-6.2548,0.1233,0.0413,-0.1688,15.6394,0.0611,0.0238,0.0237,926.3445,935.3531,799.1166,875.7264,-1.456914,0.746809,-0.112294,-0.130876,-0.019548,-0.013290,0.000000,0.000000,0.000000,0.000000,0.000000,0.000000,-1.450955,0.750421,-0.116221,1.0000,1.0000,1.0000,1.660,4.810,0.340,5.000,3.000,8.000,1.500,0.060,0.110,26071382,997944626,26071123,185,1343,1535,1452,1505,1000,1000,2008,1505,1505,1105,2008,1625,1255,1000,1000
0.0075,0.0285,-0.7107,0.0130,0.0388,3.0582,0.0356,0.0513,3.1416,15.6394,-0.3253,0.0180,-10.7074,0.0897,0.0286,-0.1639,1.1257,-0.2883,-10.5510,0.0995,0.0329,-0.1681,-0.1886,-13.7992,-9.0785,0.0564,0.0385,-0.1359,-1.0273,13.2903,-8.9322,0.0088,0.0237,-0.1449,15.6394,0.0588,0.0162,0.0245,923.1057,934.3096,801.3240,878.2397,-1.458031,0.746678,-0.112439,-0.118375,-0.010931,-0.019733,0.000000,0.000000,0.000000,0.000000,0.000000,0.000000,-1.450955,0.750421,-0.116221,1.0000,1.0000,1.0000,1.660,4.810,0.340,5.000,3.000,8.000,1.500,0.060,0.110,26081882,997944626,26080123,185,1343,1534,1451,1505,1000,1000,2008,1505,1505,1105,2008,1625,1255,1000,1000
0.0081,0.0284,-0.7125,0.0140,0.0393,3.0562,0.0356,0.0565,3.1416,15.6394,0.2811,0.2468,-10.6580,0.0813,0.0609,-0.1645,0.1293,0.0489,-11.3311,0.0986,0.0680,-0.1668,1.3485,-3.0803,-10.6299,0.0622,0.0500,-0.1689,1.8853,1.1279,-8.0523,0.0330,-0.0344,-0.1707,15.6394,0.0642,0.0097,0.0258,921.3806,932.3125,800.7077,882.7243,-1.459421,0.746538,-0.112729,-0.113784,-0.013330,-0.029210,0.000000,0.000000,0.000000,0.000000,0.000000,0.000000,-1.450955,0.750421,-0.116221,1.0000,1.0000,1.0000,1.660,4.810,0.340,5.000,3.000,8.000,1.500,0.060,0.110,26092382,997944626,26092123,185,1343,1534,1446,1505,1000,1000,2008,1505,1505,1105,2008,1625,1255,1000,1000
0.0084,0.0286,-0.7142,0.0145,0.0400,3.0548,0.0356,0.0586,3.1416,15.6394,0.0815,-0.3268,-10.9774,0.0608,0.0796,-0.1659,-0.3104,-0.2851,-11.1499,0.0417,0.0541,-0.1694,-3.8900,-1.3086,-12.6004,0.0031,0.1592,-0.2108,2.7581,8.0001,-7.1867,0.0700,0.1744,-0.2013,15.6394,0.0697,0.0066,0.0261,921.4848,930.4401,800.1198,885.1209,-1.460419,0.746403,-0.113025,-0.108895,-0.016804,-0.036960,0.000000,0.000000,0.000000,0.000000,0.000000,0.000000,-1.450955,0.750421,-0.116221,1.0000,1.0000,1.0000,1.660,4.810,0.340,5.000,3.000,8.000,1.500,0.060,0.110,26102882,997944626,26101123,185,1343,1534,1444,1505,1000,1000,2008,1505,1505,1105,2008,1625,1255,1000,1000
0.0088,0.0291,-0.7160,0.0149,0.0412,3.0528,0.0356,0.0586,3.1416,15.6850,-0.0480,-0.1593,-11.1025,0.0279,0.1111,-0.1736,-0.2677,1.0439,-10.5913,0.0269,0.1105,-0.1683,5.4091,-5.8911,-10.4671,-0.0276,0.1123,-0.1881,1.7309,10.5752,-10.0186,0.0344,0.1561,-0.2064,15.6850,0.0794,-0.0039,0.0268,921.3702,927.2872,801.7288,892.2333,-1.461694,0.746192,-0.113543,-0.103788,-0.018333,-0.050018,0.000000,0.000000,0.000000,0.000000,0.000000,0.000000,-1.450955,0.750421,-0.116221,1.0000,1.0000,1.0000,1.660,4.810,0.340,5.000,3.000,8.000,1.500,0.060,0.110,26113382,997944626,26113123,185,1344,1534,1444,1505,1000,1000,2008,1505,1505,1105,2008,1625,1255,1000,1000
0.0087,0.0298,-0.7178,0.0151,0.0422,3.0513,0.0356,0.0586,3.1416,15.6850,0.2816,0.4620,-10.4880,0.0174,0.1112,-0.1745,0.4022,0.1607,-10.6776,0.0101,0.0956,-0.1780,-6.5883,-8.8528,-8.9660,-0.0204,0.1022,-0.1815,0.1632,-6.5488,-13.3568,0.0093,-0.0130,-0.1728,15.6850,0.0847,-0.0084,0.0276,920.6436,925.4268,801.0775,895.4941,-1.462617,0.746014,-0.114028,-0.101101,-0.020195,-0.058880,0.000000,0.000000,0.000000,0.000000,0.000000,0.000000,-1.450955,0.750421,-0.116221,1.0000,1.0000,1.0000,1.660,4.810,0.340,5.000,3.000,8.000,1.500,0.060,0.110,26123882,997944626,26122123,185,1344,1534,1444,1505,1000,1000,2008,1505,1505,1105,2008,1625,1255,1000,1000
0.0085,0.0305,-0.7196,0.0153,0.0432,3.0493,0.0346,0.0586,3.1416,15.6850,-0.0155,0.0868,-10.5023,0.0248,0.0885,-0.1703,-0.1549,-1.2001,-11.0248,0.0381,0.1000,-0.1728,2.8449,-3.3246,-14.5804,0.0084,0.0740,-0.1751,2.4097,1.6702,-16.2659,0.0205,0.1025,-0.1814,15.6850,0.0809,0.0001,0.0273,922.4873,928.4500,799.5524,891.8227,-1.463809,0.745761,-0.114794,-0.097534,-0.022674,-0.068519,0.000000,0.000000,0.000000,0.000000,0.000000,0.000000,-1.450955,0.750421,-0.116221,1.0000,1.0000,1.0000,1.660,4.810,0.340,5.000,3.000,8.000,1.500,0.060,0.110,26134382,997944626,26134123,185,1344,1533,1444,1505,1000,1000,2008,1505,1505,1105,2008,1625,1255,1000,1000
0.0086,0.0308,-0.7214,0.0155,0.0440,3.0478,0.0346,0.0586,3.1416,15.6850,0.1547,-0.3029,-11.2236,0.0179,0.0841,-0.1645,-0.9169,-2.0267,-10.7113,0.0355,0.1081,-0.1636,-5.6713,6.8340,-8.9875,0.0068,0.0910,-0.1905,6.7751,-12.3292,-11.8089,0.1308,0.0695,-0.1486,15.6850,0.0795,-0.0022,0.0275,921.3543,928.2874,800.3701,892.4295,-1.464673,0.745550,-0.115455,-0.093499,-0.023832,-0.077339,0.000000,0.000000,0.000000,0.000000,0.000000,0.000000,-1.450955,0.750421,-0.116221,1.0000,1.0000,1.0000,1.660,4.810,0.340,5.000,3.000,8.000,1.500,0.060,0.110,26144882,997944626,26143123,185,1344,1533,1443,1505,1000,1000,2008,1505,1505,1105,2008,1625,1256,1000,1000
0.0085,0.0312,-0.7231,0.0156,0.0447,3.0459,0.0346,0.0597,3.1416,15.6850,0.6098,0.1405,-10.6892,0.0150,0.0473,-0.1622,0.5719,3.3560,-10.3282,0.0306,0.0219,-0.1599,-3.4710,16.8801,-10.0362,0.1587,-0.0225,-0.1655,-2.7656,-6.4410,-12.4985,0.0003,-0.0703,-0.1638,15.6850,0.0837,0.0056,0.0263,925.4155,928.6931,798.0670,889.8643,-1.465776,0.745263,-0.116453,-0.090981,-0.024140,-0.088605,0.000000,0.000000,0.000000,0.000000,0.000000,0.000000,-1.450955,0.750421,-0.116221,1.0000,1.0000,1.0000,1.660,4.810,0.340,5.000,3.000,8.000,1.500,0.060,0.110,26155382,997944626,26155123,185,1344,1533,1443,1505,1000,1000,2008,1505,1505,1105,2008,1625,1255,1000,1000
0.0083,0.0314,-0.7248,0.0157,0.0450,3.0445,0.0346,0.0597,3.1416,15.6850,0.3522,0.3654,-10.4949,0.0191,0.0095,-0.1595,1.1124,-1.6872,-10.3583,0.0177,-0.0036,-0.1630,-0.7488,-10.4162,-12.1766,-0.0670,0.0510,-0.1527,-7.2872,-2.2444,-13.2096,-0.0011,-0.0274,-0.1361,15.6850,0.0849,0.0127,0.0262,927.7444,930.3659,795.4930,887.9946,-1.466582,0.745044,-0.117282,-0.088429,-0.025022,-0.096085,0.000000,0.000000,0.000000,0.000000,0.000000,0.000000,-1.450955,0.750421,-0.116221,1.0000,1.0000,1.0000,1.660,4.810,0.340,5.000,3.000,8.000,1.500,0.060,0.110,26165882,997944626,26164123,185,1344,1532,1443,1505,1000,1000,2008,1505,1505,1105,2008,1625,1255,1000,1000
0.0081,0.0311,-0.7264,0.0156,0.0452,3.0427,0.0335,0.0597,3.1416,15.6850,-0.4837,-0.7196,-10.8496,-0.0053,0.0170,-0.1467,-1.3941,-0.9976,-11.0539,0.0125,0.0236,-0.1527,15.1798,11.2298,-10.2445,0.0023,0.0255,-0.1444,-3.6850,-5.4929,-10.6920,-0.0141,0.1462,-0.1510,15.6850,0.0854,0.0178,0.0267,928.9547,932.0824,793.1431,887.0309,-1.467598,0.744743,-0.118504,-0.080623,-0.024693,-0.107498,0.000000,0.000000,0.000000,0.000000,0.000000,0.000000,-1.450955,0.750421,-0.116221,1.0000,1.0000,1.0000,1.660,4.810,0.340,5.000,3.000,8.000,1.500,0.060,0.110,26176382,997944626,26176123,185,1344,1532,1443,1505,1000,1000,2008,1505,1505,1105,2008,1625,1256,1000,1000
0.0079,0.0307,-0.7280,0.0154,0.0453,3.0414,0.0335,0.0597,3.1416,15.6850,0.0007,-0.2626,-10.7227,-0.0314,0.0194,-0.1459,0.5144,0.8203,-10.3176,0.0092,0.0538,-0.1479,-3.0521,3.0081,-10.6252,0.0167,-0.0015,-0.1665,-1.2320,-5.8718,-1.6326,0.0013,-0.0154,-0.1784,15.6850,0.0917,0.0291,0.0262,933.8168,933.6113,788.3021,884.6299,-1.468304,0.744518,-0.119496,-0.075649,-0.024649,-0.114107,0.000000,0.000000,0.000000,0.000000,0.000000,0.000000,-1.450955,0.750421,-0.116221,1.0000,1.0000,1.0000,1.660,4.810,0.340,5.000,3.000,8.000,1.500,0.060,0.110,26186882,997944626,26185123,185,1344,1532,1443,1505,1000,1000,2008,1505,1505,1105,2008,1625,1256,1000,1000
0.0073,0.0305,-0.7296,0.0150,0.0454,3.0396,0.0335,0.0597,3.1416,15.6850,0.2166,0.2092,-9.7802,-0.0289,0.0146,-0.1641,1.4030,-0.0598,-8.7677,-0.0132,0.0018,-0.1584,7.1903,17.7277,-23.5084,0.1256,0.0628,-0.1444,14.0190,13.9870,-14.4809,0.0149,0.0447,-0.1846,15.6850,0.0975,0.0213,0.0276,931.8115,931.1969,787.9691,889.5720,-1.469191,0.744210,-0.120902,-0.071842,-0.026171,-0.119925,0.000000,0.000000,0.000000,0.000000,0.000000,0.000000,-1.450955,0.750421,-0.116221,1.0000,1.0000,1.0000,1.660,4.810,0.340,5.000,3.000,8.000,1.500,0.060,0.110,26197382,997944626,26197123,185,1344,1532,1443,1505,1000,1000,2008,1505,1505,1105,2008,1625,1256,1000,1000
0.0067,0.0303,-0.7312,0.0148,0.0455,3.0383,0.0335,0.0597,3.1416,15.6850,-0.0275,0.3532,-10.3607,-0.0159,0.0041,-0.1510,-0.5202,1.9573,-12.6580,-0.0167,0.0188,-0.1498,-8.5994,-8.8935,-17.3457,-0.0542,0.0215,-0.0879,0.9013,1.6199,-15.1418,-0.0152,-0.0282,-0.1190,15.6850,0.0940,0.0238,0.0266,932.5078,931.8987,789.0757,887.1232,-1.469807,0.743975,-0.122018,-0.066177,-0.027111,-0.126216,0.000000,0.000000,0.000000,0.000000,0.000000,0.000000,-1.450955,0.750421,-0.116221,1.0000,1.0000,1.0000,1.660,4.810,0.340,5.000,3.000,8.000,1.500,0.060,0.110,26207882,997944626,26206123,185,1344,1532,1443,1505,1000,1000,2008,1505,1505,1105,2008,1625,1256,1000,1000
0.0065,0.0299,-0.7327,0.0145,0.0456,3.0366,0.0314,0.0607,3.1416,15.6850,-0.2237,-0.6805,-11.3166,-0.0137,0.0204,-0.1444,0.5237,-0.4060,-10.9917,0.0049,0.0283,-0.1514,6.5367,19.1355,-13.7113,0.0614,0.0119,-0.1556,3.1926,14.3354,-15.4901,-0.0762,0.0136,-0.1420,15.6850,0.0877,0.0218,0.0260,931.1039,932.1945,791.9948,885.6847,-1.470556,0.743643,-0.123609,-0.058662,-0.027650,-0.138983,0.000000,0.000000,0.000000,0.000000,0.000000,0.000000,-1.450955,0.750421,-0.116221,1.0000,1.0000,1.0000,1.660,4.810,0.340,5.000,3.000,8.000,1.500,0.060,0.110,26218382,997944626,26218123,185,1344,1530,1442,1505,1000,1000,2008,1505,1505,1105,2008,1625,1256,1000,1000
0.0063,0.0300,-0.7344,0.0143,0.0458,3.0352,0.0314,0.0607,3.1416,15.6850,0.7155,0.1226,-10.7058,-0.0194,0.0251,-0.1596,0.1794,-3.0063,-9.4126,-0.0090,0.0542,-0.1517,-4.1366,-13.5406,-4.4768,-0.1078,0.0113,-0.1825,-6.2097,8.3108,-10.1586,-0.0011,0.0455,-0.1790,15.6850,0.0927,0.0148,0.0277,928.8712,930.4326,791.2635,890.5220,-1.471067,0.743392,-0.124885,-0.054156,-0.027229,-0.146520,0.000000,0.000000,0.000000,0.000000,0.000000,0.000000,-1.450955,0.750421,-0.116221,1.0000,1.0000,1.0000,1.660,4.810,0.340,5.000,3.000,8.000,1.500,0.060,0.110,26228882,997944626,26227123,185,1344,1530,1442,1505,1000,1000,2008,1505,1505,1105,2008,1625,1256,1000,1000
0.0060,0.0303,-0.7361,0.0140,0.0462,3.0334,0.0314,0.0607,3.1416,15.6850,0.0662,0.2598,-10.2513,-0.0118,0.0217,-0.1656,0.0866,0.7421,-10.1359,0.0006,0.0353,-0.1600,6.4936,8.0862,-14.2596,0.0484,0.0708,-0.1338,-3.7981,-6.8756,-11.7048,-0.0301,0.0679,-0.1670,15.6850,0.0897,0.0188,0.0278,929.2902,932.2926,790.5441,888.7769,-1.471689,0.743059,-0.126684,-0.049697,-0.028566,-0.153730,0.000000,0.000000,0.000000,0.000000,0.000000,0.000000,-1.450955,0.750421,-0.116221,1.0000,1.0000,1.0000,1.660,4.810,0.340,5.000,3.000,8.000,1.500,0.060,0.110,26239382,997944626,26239123,185,1344,1530,1442,1505,1000,1000,2008,1505,1505,1105,2008,1625,1256,1000,1000
0.0056,0.0304,-0.7378,0.0138,0.0466,3.0320,0.0314,0.0607,3.1416,15.6850,-0.4787,0.1767,-10.8148,-0.0064,0.0524,-0.1597,-0.6781,-0.3199,-10.6756,0.0059,0.0367,-0.1671,-3.5429,-10.0116,-13.3833,-0.0774,0.1302,-0.1266,7.6370,5.0803,-3.7138,-0.0834,0.1105,-0.1553,15.6850,0.0891,0.0169,0.0281,928.4124,932.1183,790.9772,889.4915,-1.472110,0.742801,-0.128107,-0.044792,-0.030366,-0.161726,0.000000,0.000000,0.000000,0.000000,0.000000,0.000000,-1.450955,0.750421,-0.116221,1.0000,1.0000,1.0000,1.660,4.810,0.340,5.000,3.000,8.000,1.500,0.060,0.110,26249882,997944626,26248124,185,1344,1530,1442,1505,1000,1000,2008,1505,1505,1105,2008,1625,1256,1000,1000
0.0054,0.0308,-0.7394,0.0105,0.0521,3.0285,0.0241,0.0607,3.1416,15.6850,-0.1250,-0.4543,-10.5898,0.0063,0.0885,-0.1601,-0.4855,-1.5663,-9.5044,0.0172,0.0823,-0.1600,-0.6100,-4.5528,-5.3962,-0.0079,0.0065,-0.1567,7.1145,18.3506,-13.1539,-0.0514,0.0647,-0.1736,15.6850,0.0767,-0.0049,0.0292,918.7337,929.3115,800.2702,894.1533,-1.461681,0.747670,-0.123400,-0.003373,-0.014574,-0.155277,0.000000,0.000000,0.000000,0.000000,0.000000,0.000000,-1.458457,0.749344,-0.117913,1.0000,1.0000,1.0000,1.660,4.810,0.340,5.000,3.000,8.000,1.500,0.060,0.110,26259930,998076989,26257173,186,1344,1523,1442,1505,1000,1000,2008,1505,1505,1105,2008,1625,1256,1000,1000
0.0055,0.0314,-0.7409,0.0116,0.0535,3.0247,0.0209,0.0607,3.1416,15.6850,0.4605,0.0478,-10.0498,0.0288,0.0967,-0.1432,0.1755,0.4557,-9.5417,0.0322,0.0985,-0.1497,1.0420,12.2737,-11.7696,0.1254,0.0396,-0.1615,-1.2051,-11.2428,-17.2984,0.0804,-0.0192,-0.1507,15.6850,0.0636,-0.0173,0.0278,913.3723,927.5828,808.9748,893.6078,-1.461083,0.745336,-0.127461,0.005631,-0.022019,-0.167553,0.000000,0.000000,0.000000,0.000000,0.000000,0.000000,-1.460373,0.742958,-0.129521,1.0000,1.0000,1.0000,1.660,4.810,0.340,5.000,3.000,8.000,1.500,0.060,0.110,26270082,998177179,26269323,187,1344,1520,1442,1505,1000,1000,2008,1505,1505,1105,2008,1625,1255,1000,1000
0.0055,0.0324,-0.7424,0.0119,0.0545,3.0235,0.0136,0.0607,3.1416,15.6850,0.3240,0.8275,-10.3852,0.0381,0.1150,-0.1444,0.0364,0.1193,-10.7685,0.0386,0.1102,-0.1431,-6.5811,-8.7211,-6.6244,-0.0478,0.1451,-0.1591,-0.9609,1.1297,-13.9153,0.0365,0.1081,-0.1478,15.6850,0.0484,-0.0285,0.0264,907.8416,926.6385,817.7136,892.2687,-1.461012,0.745120,-0.128999,0.009839,-0.024322,-0.172949,0.000000,0.000000,0.000000,0.000000,0.000000,0.000000,-1.460373,0.742958,-0.129521,1.0000,1.0000,1.0000,1.660,4.810,0.340,5.000,3.000,8.000,1.500,0.060,0.110,26280582,998177179,26278323,187,1344,1511,1442,1505,1000,1000,2008,1505,1505,1105,2008,1625,1255,1000,1000
0.0057,0.0335,-0.7439,0.0120,0.0561,3.0219,0.0115,0.0607,3.1416,15.6850,-0.3122,0.0236,-10.7091,0.0116,0.1458,-0.1478,1.1980,2.4189,-11.7491,-0.0011,0.1078,-0.1564,10.7098,3.7790,-12.5836,-0.0065,0.0622,-0.1220,-2.6291,-8.0931,-5.4269,0.0312,0.1422,-0.1401,15.6850,0.0535,-0.0374,0.0272,905.7531,923.5764,818.5601,896.7783,-1.460849,0.744819,-0.131115,0.017377,-0.025698,-0.179380,0.000000,0.000000,0.000000,0.000000,0.000000,0.000000,-1.460373,0.742958,-0.129521,1.0000,1.0000,1.0000,1.660,4.810,0.340,5.000,3.000,8.000,1.500,0.060,0.110,26291082,998177179,26290323,187,1344,1510,1442,1505,1000,1000,2008,1505,1505,1105,2008,1625,1255,1000,1000
0.0057,0.0345,-0.7455,0.0119,0.0570,3.0206,0.0105,0.0607,3.1416,15.6850,0.4700,-0.6056,-10.1688,-0.0204,0.0748,-0.1433,-0.5135,-0.6990,-9.8085,-0.0044,0.0892,-0.1526,-0.0330,-2.0221,-9.2174,-0.1371,0.0556,-0.1815,9.7488,14.4288,-8.6395,-0.1198,0.0429,-0.1529,15.6850,0.0606,-0.0217,0.0282,911.1206,927.2988,810.6526,894.6801,-1.460677,0.744600,-0.132740,0.021470,-0.024766,-0.182590,0.000000,0.000000,0.000000,0.000000,0.000000,0.000000,-1.460373,0.742958,-0.129521,1.0000,1.0000,1.0000,1.660,4.810,0.340,5.000,3.000,8.000,1.500,0.060,0.110,26301582,998177179,26299323,187,1344,1510,1442,1505,1000,1000,2008,1505,1505,1105,2008,1625,1255,1000,1000
0.0053,0.0352,-0.7470,0.0112,0.0578,3.0189,0.0105,0.0607,3.1416,15.6850,0.5351,-0.1997,-9.9001,-0.0641,0.0540,-0.1451,0.4183,-0.2600,-9.7588,-0.0711,0.0290,-0.1462,0.6542,8.3568,-10.3498,-0.0132,0.0169,-0.1817,-4.8199,-1.1221,-14.8365,-0.0434,0.0314,-0.1750,15.6850,0.0710,-0.0138,0.0284,915.5246,927.4466,805.3828,894.7905,-1.460397,0.744314,-0.134948,0.025180,-0.022864,-0.186052,0.000000,0.000000,0.000000,0.000000,0.000000,0.000000,-1.460373,0.742958,-0.129521,1.0000,1.0000,1.0000,1.660,4.810,0.340,5.000,3.000,8.000,1.500,0.060,0.110,26312082,998177179,26311323,187,1344,1510,1442,1505,1000,1000,2008,1505,1505,1105,2008,1625,1255,1000,1000
0.0043,0.0355,-0.7485,0.0106,0.0580,3.0176,0.0105,0.0607,3.1416,15.6850,0.0075,0.9096,-10.1686,-0.0680,0.0092,-0.1474,0.0955,0.4959,-10.4206,-0.0682,-0.0130,-0.1479,-1.4958,-12.1807,-7.4600,-0.1520,0.0065,-0.1828,4.5107,5.3101,-9.9306,-0.1928,-0.0671,-0.1827,15.6850,0.0804,0.0046,0.0284,922.8439,930.6262,797.0083,891.4628,-1.460149,0.744098,-0.136643,0.028869,-0.023825,-0.189782,0.000000,0.000000,0.000000,0.000000,0.000000,0.000000,-1.460373,0.742958,-0.129521,1.0000,1.0000,1.0000,1.660,4.810,0.340,5.000,3.000,8.000,1.500,0.060,0.110,26322582,998177179,26320323,187,1344,1510,1442,1505,1000,1000,2008,1505,1505,1105,2008,1625,1255,1000,1000
0.0033,0.0350,-0.7501,0.0095,0.0578,3.0159,0.0105,0.0607,3.1416,15.6850,-0.2186,-0.2383,-10.2109,-0.0924,-0.0166,-0.1481,-0.3650,-2.5386,-9.8699,-0.0990,-0.0482,-0.1484,7.4920,8.3184,-11.3745,-0.0731,-0.0822,-0.1316,0.9498,-11.3397,-8.5389,-0.0871,-0.1148,-0.1222,15.6850,0.0905,0.0138,0.0286,927.4933,931.2444,791.2263,891.1424,-1.459760,0.743811,-0.138945,0.036132,-0.023846,-0.193525,0.000000,0.000000,0.000000,0.000000,0.000000,0.000000,-1.460373,0.742958,-0.129521,1.0000,1.0000,1.0000,1.660,4.810,0.340,5.000,3.000,8.000,1.500,0.060,0.110,26333082,998177179,26332323,187,1344,1510,1442,1505,1000,1000,2008,1505,1505,1105,2008,1625,1255,1000,1000
0.0022,0.0345,-0.7517,0.0084,0.0575,3.0146,0.0105,0.0607,3.1416,15.6850,0.5437,-0.4913,-9.9954,-0.1233,-0.0491,-0.1626,0.0550,-0.4277,-9.9626,-0.0990,-0.0128,-0.1484,-3.9834,11.4740,-11.7409,-0.1099,-0.0422,-0.1407,7.4161,17.7132,-9.2159,-0.2546,-0.1209,-0.1603,15.6850,0.1011,0.0214,0.0302,930.7009,932.3586,784.2311,892.8151,-1.459421,0.743599,-0.140703,0.040805,-0.023979,-0.196373,0.000000,0.000000,0.000000,0.000000,0.000000,0.000000,-1.460373,0.742958,-0.129521,1.0000,1.0000,1.0000,1.660,4.810,0.340,5.000,3.000,8.000,1.500,0.060,0.110,26343582,998177179,26341334,187,1344,1510,1442,1505,1000,1000,2008,1505,1505,1105,2008,1625,1255,1000,1000
0.0008,0.0337,-0.7533,0.0068,0.0567,3.0127,0.0105,0.0607,3.1416,15.6850,0.3758,0.5237,-10.1359,-0.1404,-0.0694,-0.1546,1.0370,0.1025,-9.7649,-0.1430,-0.0640,-0.1521,-0.0665,-3.0277,-9.7632,-0.1350,-0.0484,-0.1644,-5.7931,-2.3989,-13.7016,-0.1185,-0.1092,-0.1550,15.6850,0.1103,0.0310,0.0299,935.6235,932.8627,779.0411,891.6866,-1.458897,0.743303,-0.143079,0.046436,-0.025521,-0.199929,0.000000,0.000000,0.000000,0.000000,0.000000,0.000000,-1.460373,0.742958,-0.129521,1.0000,1.0000,1.0000,1.660,4.810,0.340,5.000,3.000,8.000,1.500,0.060,0.110,26354082,998177179,26353323,187,1344,1510,1442,1505,1000,1000,2008,1505,1505,1105,2008,1625,1255,1000,1000
-0.0010,0.0329,-0.7550,0.0054,0.0563,3.0113,0.0105,0.0545,3.1416,15.6850,-0.3166,0.3990,-10.3357,-0.1356,-0.0526,-0.1599,-0.9169,-0.5279,-10.5139,-0.1424,-0.0640,-0.1582,3.4482,-2.6422,-6.1767,-0.1848,0.0249,-0.1543,0.3787,7.4919,-12.5362,-0.1308,0.0269,-0.1515,15.6850,0.1155,0.0196,0.0300,933.4246,928.6357,781.4518,896.2820,-1.458449,0.743069,-0.144892,0.051530,-0.027314,-0.203216,0.000000,0.000000,0.000000,0.000000,0.000000,0.000000,-1.460373,0.742958,-0.129521,1.0000,1.0000,1.0000,1.660,4.810,0.340,5.000,3.000,8.000,1.500,0.060,0.110,26364582,998177179,26362323,187,1344,1510,1448,1505,1000,1000,2008,1505,1505,1105,2008,1625,1255,1000,1000
-0.0025,0.0320,-0.7566,0.0037,0.0558,3.0095,0.0105,0.0524,3.1416,15.6850,-0.2178,-0.5194,-9.8812,-0.1264,-0.0293,-0.1537,-0.2660,0.2978,-9.9037,-0.1342,-0.0484,-0.1530,5.8975,2.3880,-11.6331,-0.1773,-0.0486,-0.1452,-6.8059,5.8650,-10.2305,-0.1427,-0.0621,-0.1220,15.6850,0.1111,0.0135,0.0303,930.5325,928.0186,784.3408,897.4042,-1.457786,0.742735,-0.147345,0.059138,-0.028492,-0.205748,0.000000,0.000000,0.000000,0.000000,0.000000,0.000000,-1.460373,0.742958,-0.129521,1.0000,1.0000,1.0000,1.660,4.810,0.340,5.000,3.000,8.000,1.500,0.060,0.110,26375082,998177179,26374323,187,1344,1510,1450,1505,1000,1000,2008,1505,1505,1105,2008,1625,1256,1000,1000
-0.0038,0.0313,-0.7582,0.0026,0.0556,3.0082,0.0105,0.0450,3.1416,15.6850,0.1668,0.0809,-9.6635,-0.1121,-0.0252,-0.1416,0.2362,-0.9614,-8.7995,-0.1250,-0.0451,-0.1388,6.3667,6.4175,-12.6483,-0.0150,-0.0185,-0.1559,8.4864,-0.7612,-7.3232,-0.0842,-0.0237,-0.1438,15.6850,0.1043,-0.0055,0.0297,924.0955,923.6548,792.9765,900.9614,-1.457235,0.742460,-0.149207,0.064101,-0.031225,-0.208001,0.000000,0.000000,0.000000,0.000000,0.000000,0.000000,-1.460373,0.742958,-0.129521,1.0000,1.0000,1.0000,1.660,4.810,0.340,5.000,3.000,8.000,1.500,0.060,0.110,26385582,998177179,26383323,187,1344,1510,1457,1505,1000,1000,2008,1505,1505,1105,2008,1625,1256,1000,1000
-0.0051,0.0307,-0.7597,0.0013,0.0552,3.0065,0.0105,0.0429,3.1416,15.6850,0.2537,0.8338,-10.0022,-0.0920,-0.0274,-0.1377,0.3648,1.1348,-10.6068,-0.0894,-0.0359,-0.1339,-5.3241,2.3138,-14.2667,-0.0313,-0.0302,-0.1639,-2.1802,-9.9714,-8.4779,0.0232,-0.0695,-0.1888,15.6850,0.1047,-0.0091,0.0290,923.6591,922.0516,794.7779,901.4638,-1.456443,0.742050,-0.151719,0.067804,-0.036414,-0.210190,0.000000,0.000000,0.000000,0.000000,0.000000,0.000000,-1.460373,0.742958,-0.129521,1.0000,1.0000,1.0000,1.660,4.810,0.340,5.000,3.000,8.000,1.500,0.060,0.110,26396082,998177179,26395323,187,1344,1510,1459,1505,1000,1000,2008,1505,1505,1105,2008,1625,1256,1000,1000
-0.0061,0.0300,-0.7611,0.0005,0.0548,3.0053,0.0105,0.0356,3.1416,15.6850,0.0386,-0.2462,-9.8587,-0.0827,-0.0590,-0.1367,-0.3866,1.1440,-9.9403,-0.0800,-0.0644,-0.1419,-4.0552,7.7438,-13.3258,-0.0502,-0.0886,-0.0749,-3.3007,-1.1634,-12.8361,-0.1121,-0.1507,-0.1113,15.6850,0.1066,-0.0135,0.0274,923.9835,919.1879,797.4825,901.6672,-1.455817,0.741728,-0.153612,0.070618,-0.037325,-0.210247,0.000000,0.000000,0.000000,0.000000,0.000000,0.000000,-1.460373,0.742958,-0.129521,1.0000,1.0000,1.0000,1.660,4.810,0.340,5.000,3.000,8.000,1.500,0.060,0.110,26406582,998177179,26404323,187,1344,1510,1468,1505,1000,1000,2008,1505,1505,1105,2008,1625,1256,1000,1000
-0.0069,0.0290,-0.7625,-0.0007,0.0539,3.0038,0.0105,0.0335,3.1416,15.6850,0.3030,-0.6612,-9.7744,-0.0942,-0.0880,-0.1393,1.0356,-1.1100,-9.3482,-0.0763,-0.0765,-0.1397,1.1977,-0.8897,-6.1624,-0.1347,-0.0667,-0.0970,-2.4495,15.1704,-13.1754,-0.2195,-0.0882,-0.1302,15.6850,0.1082,-0.0090,0.0281,925.1388,920.5937,794.9129,901.3173,-1.454940,0.741279,-0.156131,0.075348,-0.037758,-0.209629,0.000000,0.000000,0.000000,0.000000,0.000000,0.000000,-1.460373,0.742958,-0.129521,1.0000,1.0000,1.0000,1.660,4.810,0.340,5.000,3.000,8.000,1.500,0.060,0.110,26417082,998177179,26416323,187,1344,1508,1468,1505,1000,1000,2008,1505,1505,1105,2008,1625,1256,1000,1000
-0.0079,0.0280,-0.7640,-0.0016,0.0530,3.0025,0.0084,0.0335,3.1416,15.6850,0.3448,0.3732,-9.7226,-0.0967,-0.1029,-0.1357,0.8084,-0.0539,-9.5851,-0.1062,-0.1157,-0.1436,-1.0098,-3.7100,-9.6555,-0.0841,-0.1112,-0.1748,-5.0623,5.1593,-14.6407,-0.0836,-0.0804,-0.1681,15.6850,0.1072,0.0054,0.0289,928.4495,925.5267,789.5331,897.5819,-1.454252,0.740927,-0.158015,0.077780,-0.038435,-0.209331,0.000000,0.000000,0.000000,0.000000,0.000000,0.000000,-1.460373,0.742958,-0.129521,1.0000,1.0000,1.0000,1.660,4.810,0.340,5.000,3.000,8.000,1.500,0.060,0.110,26427582,998177179,26425323,187,1344,1508,1468,1505,1000,1000,2008,1505,1505,1105,2008,1625,1255,1000,1000
-0.0090,0.0267,-0.7654,0.0001,0.0515,2.9966,0.0084,0.0325,3.1416,15.6850,0.0234,0.7269,-9.7873,-0.0872,-0.1125,-0.1371,-1.0046,1.5906,-10.9103,-0.0924,-0.1246,-0.1344,1.6669,-13.8112,-7.0554,-0.1451,-0.1264,-0.1482,5.2936,-0.4900,-3.0638,-0.0559,-0.0921,-0.1997,15.6850,0.1013,0.0092,0.0297,927.6948,928.4620,788.8861,895.8981,-1.454273,0.735544,-0.156344,0.077673,-0.060507,-0.199921,0.000000,0.000000,0.000000,0.000000,0.000000,0.000000,-1.455169,0.732922,-0.150851,1.0000,1.0000,1.0000,1.660,4.810,0.340,5.000,3.000,8.000,1.500,0.060,0.110,26437627,998277462,26437368,188,1344,1508,1469,1505,1000,1000,2008,1505,1505,1105,2008,1625,1255,1000,1000
-0.0100,0.0252,-0.7668,-0.0007,0.0505,2.9954,0.0084,0.0325,3.1416,15.6850,-0.3807,-0.1140,-9.8431,-0.0708,-0.1065,-0.1457,-0.5737,3.2030,-10.4889,-0.0637,-0.0996,-0.1410,1.5233,15.0150,-18.2890,-0.0484,-0.1179,-0.0759,3.8175,-17.5691,-5.3407,0.1577,-0.0144,-0.0927,15.6850,0.0975,0.0100,0.0306,926.3925,930.2045,788.5582,895.7269,-1.453555,0.734991,-0.158155,0.081825,-0.063484,-0.202327,0.000000,0.000000,0.000000,0.000000,0.000000,0.000000,-1.455169,0.732922,-0.150851,1.0000,1.0000,1.0000,1.660,4.810,0.340,5.000,3.000,8.000,1.500,0.060,0.110,26448127,998277462,26446368,188,1344,1508,1469,1505,1000,1000,2008,1505,1505,1105,2008,1625,1255,1000,1000
-0.0108,0.0237,-0.7682,-0.0015,0.0492,2.9939,0.0084,0.0325,3.1416,15.6850,0.0787,-0.2159,-9.9479,-0.0621,-0.0782,-0.1267,0.2170,-2.3214,-8.7629,-0.0480,-0.0698,-0.1305,0.3046,8.9362,-15.0353,0.0326,-0.0718,-0.0965,3.4925,-12.1101,-10.6992,0.0221,-0.0008,-0.0748,15.6850,0.0939,0.0007,0.0299,923.4594,927.8030,793.3273,897.0341,-1.452539,0.734231,-0.160602,0.087743,-0.063015,-0.204868,0.000000,0.000000,0.000000,0.000000,0.000000,0.000000,-1.455169,0.732922,-0.150851,1.0000,1.0000,1.0000,1.660,4.810,0.340,5.000,3.000,8.000,1.500,0.060,0.110,26458627,998277462,26458368,188,1344,1508,1469,1505,1000,1000,2008,1505,1505,1105,2008,1625,1255,1000,1000
-0.0116,0.0228,-0.7695,-0.0021,0.0487,2.9928,0.0084,0.0325,3.1416,15.6850,0.4814,0.4017,-10.2247,-0.0519,-0.0543,-0.1118,0.4117,-0.4855,-10.5982,-0.0544,-0.0588,-0.1127,-1.4575,8.9026,-7.9293,0.0436,-0.0659,-0.1759,-9.2679,-6.9743,-10.1802,0.0410,-0.1361,-0.1518,15.6850,0.0954,-0.0095,0.0276,922.5958,922.8978,798.7078,898.2075,-1.451731,0.733653,-0.162454,0.091873,-0.065143,-0.206514,0.000000,0.000000,0.000000,0.000000,0.000000,0.000000,-1.455169,0.732922,-0.150851,1.0000,1.0000,1.0000,1.660,4.810,0.340,5.000,3.000,8.000,1.500,0.060,0.110,26469127,998277462,26467368,188,1344,1508,1469,1505,1000,1000,2008,1505,1505,1105,2008,1625,1256,1000,1000
-0.0123,0.0221,-0.7708,-0.0026,0.0481,2.9914,0.0084,0.0325,3.1416,15.6850,0.0431,0.0174,-10.0009,-0.0279,-0.0454,-0.1277,-0.3862,1.9025,-9.6836,-0.0245,-0.0521,-0.1260,0.5943,11.9959,-7.1081,-0.0420,0.0462,-0.1002,1.3861,10.4190,-6.2961,-0.0906,-0.0450,-0.1225,15.6850,0.0899,-0.0097,0.0280,921.1074,924.2167,799.8248,897.3844,-1.450594,0.732859,-0.164949,0.097096,-0.066676,-0.209151,0.000000,0.000000,0.000000,0.000000,0.000000,0.000000,-1.455169,0.732922,-0.150851,1.0000,1.0000,1.0000,1.660,4.810,0.340,5.000,3.000,8.000,1.500,0.060,0.110,26479627,998277462,26479368,188,1344,1508,1469,1505,1000,1000,2008,1505,1505,1105,2008,1625,1255,1000,1000
-0.0126,0.0214,-0.7720,-0.0029,0.0477,2.9904,0.0084,0.0325,3.1416,15.6850,-0.2195,-0.2574,-9.6249,-0.0280,-0.0353,-0.1276,-0.3486,-0.0832,-9.4670,-0.0261,-0.0364,-0.1307,5.0164,0.3338,-10.5749,-0.0713,-0.0606,-0.0730,-2.7099,-0.9569,-6.3086,-0.0618,-0.0378,-0.0671,15.6850,0.0833,-0.0045,0.0292,920.2933,928.0405,798.4704,895.4777,-1.449706,0.732257,-0.166830,0.100245,-0.067165,-0.209343,0.000000,0.000000,0.000000,0.000000,0.000000,0.000000,-1.455169,0.732922,-0.150851,1.0000,1.0000,1.0000,1.660,4.810,0.340,5.000,3.000,8.000,1.500,0.060,0.110,26490127,998277462,26488368,188,1344,1508,1469,1505,1000,1000,2008,1505,1505,1105,2008,1625,1255,1000,1000
-0.0129,0.0208,-0.7733,-0.0033,0.0473,2.9890,0.0084,0.0325,3.1416,15.6850,0.1919,0.2264,-9.5597,-0.0255,-0.0317,-0.1163,0.4447,-1.1474,-9.5736,-0.0182,-0.0439,-0.1196,1.7794,-1.8521,-9.1216,-0.0526,-0.1110,-0.1687,0.4452,7.8654,-10.4280,-0.0376,-0.0860,-0.1438,15.6850,0.0820,-0.0079,0.0299,918.5103,927.8708,799.1834,896.8471,-1.448482,0.731442,-0.169337,0.103875,-0.068742,-0.208373,0.000000,0.000000,0.000000,0.000000,0.000000,0.000000,-1.455169,0.732922,-0.150851,1.0000,1.0000,1.0000,1.660,4.810,0.340,5.000,3.000,8.000,1.500,0.060,0.110,26500627,998277462,26500368,188,1344,1508,1469,1505,1000,1000,2008,1505,1505,1105,2008,1625,1256,1000,1000
-0.0133,0.0203,-0.7746,-0.0034,0.0469,2.9879,0.0084,0.0325,3.1416,15.6850,0.3611,0.7171,-9.8351,-0.0062,-0.0454,-0.1197,0.4832,2.2197,-10.3242,-0.0040,-0.0621,-0.1187,1.0037,-6.3173,-8.7481,-0.0185,-0.1475,-0.1599,-4.3817,-9.0035,-10.2305,0.0788,-0.0407,-0.1691,15.6850,0.0829,-0.0098,0.0290,918.8000,926.4805,800.5010,896.8125,-1.447537,0.730816,-0.171212,0.105943,-0.070242,-0.207692,0.000000,0.000000,0.000000,0.000000,0.000000,0.000000,-1.455169,0.732922,-0.150851,1.0000,1.0000,1.0000,1.660,4.810,0.340,5.000,3.000,8.000,1.500,0.060,0.110,26511127,998277462,26509368,188,1344,1508,1469,1505,1000,1000,2008,1505,1505,1105,2008,1625,1256,1000,1000
-0.0134,0.0195,-0.7759,-0.0035,0.0460,2.9864,0.0084,0.0325,3.1416,15.6850,-0.0020,0.0351,-9.9328,-0.0017,-0.0910,-0.1358,-0.2453,-0.0893,-10.5958,-0.0061,-0.0917,-0.1333,-0.1694,-2.7092,-5.7841,0.0188,-0.0825,-0.0802,-1.5642,-11.1655,-7.6339,0.0370,-0.0794,-0.1177,15.6850,0.0816,0.0012,0.0282,922.3095,929.2789,798.0590,892.4808,-1.446243,0.729971,-0.173702,0.109648,-0.070729,-0.207246,0.000000,0.000000,0.000000,0.000000,0.000000,0.000000,-1.455169,0.732922,-0.150851,1.0000,1.0000,1.0000,1.660,4.810,0.340,5.000,3.000,8.000,1.500,0.060,0.110,26521627,998277462,26521368,188,1344,1508,1469,1505,1000,1000,2008,1505,1505,1105,2008,1625,1256,1000,1000
-0.0133,0.0183,-0.7772,-0.0036,0.0451,2.9853,0.0084,0.0262,3.1416,15.6850,0.1259,-0.1630,-9.7278,-0.0065,-0.1089,-0.1301,-0.0643,-2.0411,-9.5635,0.0065,-0.1135,-0.1324,3.1202,10.2745,-12.4160,0.0321,-0.1046,-0.0773,-4.5433,-11.0183,-3.6617,0.0352,-0.1159,-0.0626,15.6850,0.0799,0.0034,0.0299,921.2048,931.5725,795.8911,893.1661,-1.445248,0.729329,-0.175561,0.111951,-0.072367,-0.206358,0.000000,0.000000,0.000000,0.000000,0.000000,0.000000,-1.455169,0.732922,-0.150851,1.0000,1.0000,1.0000,1.660,4.810,0.340,5.000,3.000,8.000,1.500,0.060,0.110,26532127,998277462,26530368,188,1344,1508,1477,1505,1000,1000,2008,1505,1505,1105,2008,1625,1256,1000,1000
-0.0132,0.0171,-0.7786,-0.0038,0.0436,2.9838,0.0084,0.0241,3.1416,15.6850,0.3826,-0.0496,-9.4269,-0.0063,-0.1304,-0.1285,0.1434,-0.6254,-8.9599,-0.0033,-0.1324,-0.1276,2.5576,6.7886,-13.5796,0.0553,-0.0985,-0.1951,0.8259,0.7634,-11.2091,0.0597,-0.0868,-0.1587,15.6850,0.0807,0.0137,0.0302,924.1556,934.5268,791.9583,890.5236,-1.443883,0.728460,-0.178022,0.115413,-0.072259,-0.203606,0.000000,0.000000,0.000000,0.000000,0.000000,0.000000,-1.455169,0.732922,-0.150851,1.0000,1.0000,1.0000,1.660,4.810,0.340,5.000,3.000,8.000,1.500,0.060,0.110,26542627,998277462,26542368,188,1344,1508,1477,1505,1000,1000,2008,1505,1505,1105,2008,1625,1256,1000,1000
-0.0131,0.0158,-0.7800,-0.0039,0.0424,2.9826,0.0084,0.0241,3.1416,15.6850,0.0072,-0.0186,-9.5036,-0.0224,-0.1380,-0.1397,0.1245,1.6158,-10.0992,-0.0247,-0.1486,-0.1404,-3.6362,2.8716,-11.9515,-0.0166,-0.1211,-0.1615,3.3399,1.7528,-8.9824,-0.0397,-0.1143,-0.1609,15.6850,0.0858,0.0195,0.0310,926.2958,935.6704,787.8727,890.7231,-1.442827,0.727805,-0.179847,0.118042,-0.072948,-0.202191,0.000000,0.000000,0.000000,0.000000,0.000000,0.000000,-1.455169,0.732922,-0.150851,1.0000,1.0000,1.0000,1.660,4.810,0.340,5.000,3.000,8.000,1.500,0.060,0.110,26553127,998277462,26551369,188,1344,1508,1477,1505,1000,1000,2008,1505,1505,1105,2008,1625,1256,1000,1000
-0.0132,0.0140,-0.7815,-0.0045,0.0407,2.9809,0.0084,0.0230,3.1416,15.6850,-0.2794,-0.0640,-9.6195,-0.0551,-0.1258,-0.1488,0.0225,1.0877,-9.4829,-0.0382,-0.1301,-0.1487,0.2352,8.6321,-12.1383,0.0279,-0.1898,-0.0895,-0.9752,-0.5008,-10.8877,-0.0924,-0.1931,-0.0743,15.6850,0.0954,0.0169,0.0326,926.4427,934.0339,784.6877,895.0887,-1.441383,0.726929,-0.182262,0.122883,-0.072466,-0.200387,0.000000,0.000000,0.000000,0.000000,0.000000,0.000000,-1.455169,0.732922,-0.150851,1.0000,1.0000,1.0000,1.660,4.810,0.340,5.000,3.000,8.000,1.500,0.060,0.110,26563627,998277462,26563368,188,1344,1508,1478,1505,1000,1000,2008,1505,1505,1105,2008,1625,1256,1000,1000
-0.0137,0.0124,-0.7830,-0.0051,0.0394,2.9797,0.0084,0.0230,3.1416,15.6850,0.2189,0.0179,-9.5459,-0.0816,-0.1385,-0.1469,0.6887,-2.7505,-8.9303,-0.0688,-0.1389,-0.1472,5.0643,-7.8376,-7.7377,-0.0795,-0.2402,-0.1292,-4.9438,17.9610,-8.8280,-0.1241,-0.2213,-0.1366,15.6850,0.1090,0.0196,0.0333,929.5886,932.4420,779.5413,897.9789,-1.440272,0.726285,-0.184056,0.125460,-0.071516,-0.198196,0.000000,0.000000,0.000000,0.000000,0.000000,0.000000,-1.455169,0.732922,-0.150851,1.0000,1.0000,1.0000,1.660,4.810,0.340,5.000,3.000,8.000,1.500,0.060,0.110,26574127,998277462,26572368,188,1344,1508,1478,1505,1000,1000,2008,1505,1505,1105,2008,1625,1256,1000,1000
-0.0144,0.0111,-0.7845,-0.0062,0.0378,2.9780,0.0084,0.0178,3.1416,15.6850,0.2409,0.1135,-9.8862,-0.0855,-0.1092,-0.1426,-0.3630,-1.3815,-10.9427,-0.0562,-0.1033,-0.1435,2.4738,-2.4028,-8.3794,-0.1440,-0.1030,-0.1569,-2.4980,7.2441,-3.7731,-0.1539,-0.1308,-0.1867,15.6850,0.1140,0.0032,0.0322,926.8503,925.8899,785.0089,902.8132,-1.438751,0.725416,-0.186426,0.128436,-0.073420,-0.197071,0.000000,0.000000,0.000000,0.000000,0.000000,0.000000,-1.455169,0.732922,-0.150851,1.0000,1.0000,1.0000,1.660,4.810,0.340,5.000,3.000,8.000,1.500,0.060,0.110,26584627,998277462,26584368,188,1344,1508,1483,1505,1000,1000,2008,1505,1505,1105,2008,1625,1256,1000,1000
-0.0151,0.0099,-0.7860,-0.0071,0.0369,2.9767,0.0084,0.0157,3.1416,15.6850,-0.1315,0.0636,-9.9716,-0.0952,-0.1053,-0.1500,-0.4296,1.1114,-9.3741,-0.0985,-0.1106,-0.1512,-1.1223,-4.2798,-8.3794,-0.1443,-0.0198,-0.1346,4.0438,5.6046,-5.3156,-0.1095,-0.0269,-0.1545,15.6850,0.1153,0.0021,0.0323,926.6647,925.4119,784.8904,903.5964,-1.437577,0.724751,-0.188192,0.131402,-0.073909,-0.195791,0.000000,0.000000,0.000000,0.000000,0.000000,0.000000,-1.455169,0.732922,-0.150851,1.0000,1.0000,1.0000,1.660,4.810,0.340,5.000,3.000,8.000,1.500,0.060,0.110,26595127,998277462,26593368,188,1344,1508,1486,1505,1000,1000,2008,1505,1505,1105,2008,1625,1256,1000,1000
-0.0161,0.0088,-0.7876,-0.0083,0.0358,2.9750,0.0084,0.0147,3.1416,15.6850,0.0577,0.2906,-9.3047,-0.1020,-0.0872,-0.1481,0.4379,-0.2848,-9.4927,-0.0984,-0.0927,-0.1491,-1.8621,-6.1042,-11.0633,-0.0774,-0.1435,-0.1276,-0.5335,-6.1663,-11.5324,-0.0498,-0.0983,-0.1214,15.6850,0.1189,-0.0018,0.0333,925.6172,924.2522,784.2730,906.3887,-1.435983,0.723858,-0.190523,0.133976,-0.075305,-0.192815,0.000000,0.000000,0.000000,0.000000,0.000000,0.000000,-1.455169,0.732922,-0.150851,1.0000,1.0000,1.0000,1.660,4.810,0.340,5.000,3.000,8.000,1.500,0.060,0.110,26605627,998277462,26605369,188,1344,1508,1486,1505,1000,1000,2008,1505,1505,1105,2008,1625,1256,1000,1000
-0.0173,0.0080,-0.7890,-0.0097,0.0302,2.9743,0.0084,0.0147,3.1416,15.6850,0.1640,0.1033,-9.1405,-0.0803,-0.0944,-0.1444,-0.0173,-1.0143,-9.4179,-0.0764,-0.0874,-0.1446,0.1107,5.2036,-11.5230,-0.0460,-0.1150,-0.1484,-2.1335,0.9861,-10.3454,-0.0751,-0.1020,-0.1470,15.6850,0.1157,0.0083,0.0335,927.6066,927.9957,781.4114,902.9952,-1.443479,0.725616,-0.188408,0.105280,-0.068836,-0.182409,0.000000,0.000000,0.000000,0.000000,0.000000,0.000000,-1.447854,0.727075,-0.183497,1.0000,1.0000,1.0000,1.660,4.810,0.340,5.000,3.000,8.000,1.500,0.060,0.110,26615672,998410998,26614413,189,1344,1508,1492,1505,1000,1000,2008,1505,1505,1105,2008,1625,1256,1000,1000
-0.0179,0.0072,-0.7905,-0.0103,0.0294,2.9730,0.0084,0.0063,3.1416,15.6850,0.0317,-0.0835,-9.7224,-0.0646,-0.0787,-0.1449,-0.4709,0.7147,-9.8205,-0.0642,-0.0921,-0.1421,0.9127,3.5037,-10.2181,-0.0390,-0.1296,-0.1639,-0.6807,6.8096,-10.8805,-0.0802,-0.1081,-0.1654,15.6850,0.1115,-0.0083,0.0334,922.0761,924.0812,788.1611,906.7997,-1.442524,0.724994,-0.190045,0.106597,-0.069513,-0.180127,0.000000,0.000000,0.000000,0.000000,0.000000,0.000000,-1.447854,0.727075,-0.183497,1.0000,1.0000,1.0000,1.660,4.810,0.340,5.000,3.000,8.000,1.500,0.060,0.110,26626172,998410998,26623413,189,1344,1508,1494,1505,1000,1000,2008,1505,1505,1105,2008,1625,1255,1000,1000
-0.0184,0.0065,-0.7920,-0.0110,0.0282,2.9713,0.0073,0.0010,3.1416,15.6850,0.0725,0.3667,-9.9250,-0.0387,-0.0875,-0.1444,0.3065,0.6408,-9.8943,-0.0388,-0.0952,-0.1443,2.8497,-5.6493,-5.3148,-0.0579,-0.1653,-0.1495,-1.5122,5.8417,-9.4673,-0.0368,-0.1164,-0.1486,15.6850,0.1043,-0.0102,0.0326,920.5754,924.5037,791.4525,905.0253,-1.441237,0.724154,-0.192196,0.107971,-0.070803,-0.178249,0.000000,0.000000,0.000000,0.000000,0.000000,0.000000,-1.447854,0.727075,-0.183497,1.0000,1.0000,1.0000,1.660,4.810,0.340,5.000,3.000,8.000,1.500,0.060,0.110,26636173,998410998,26635414,189,1344,1507,1499,1505,1000,1000,2008,1505,1505,1105,2008,1625,1255,1000,1000
-0.0188,0.0056,-0.7934,-0.0112,0.0273,2.9701,0.0073,-0.0010,3.1416,15.6850,0.3734,0.6021,-9.3097,-0.0074,-0.1117,-0.1466,0.3201,-0.2995,-8.6979,-0.0098,-0.1172,-0.1469,2.5911,-7.1026,-7.7569,0.0313,-0.1693,-0.1327,2.4241,-10.6789,-7.5100,0.0463,-0.1563,-0.1180,15.6850,0.0969,-0.0123,0.0325,918.4686,925.3956,794.1364,903.9026,-1.440264,0.723505,-0.193788,0.108590,-0.072954,-0.176092,0.000000,0.000000,0.000000,0.000000,0.000000,0.000000,-1.447854,0.727075,-0.183497,1.0000,1.0000,1.0000,1.660,4.810,0.340,5.000,3.000,8.000,1.500,0.060,0.110,26646673,998410998,26644425,189,1344,1507,1501,1505,1000,1000,2008,1505,1505,1105,2008,1625,1255,1000,1000
-0.0188,0.0046,-0.7949,-0.0112,0.0257,2.9684,0.0073,-0.0010,3.1416,15.6850,0.3396,0.1655,-9.2231,0.0138,-0.1469,-0.1450,0.6523,0.3535,-9.5158,0.0058,-0.1618,-0.1542,-4.0911,1.7105,-16.2228,-0.0289,-0.0798,-0.1255,-2.2628,1.7151,-17.7868,0.0296,-0.1198,-0.1148,15.6850,0.0913,-0.0081,0.0337,917.5773,928.6616,792.8381,902.5970,-1.438955,0.722620,-0.195880,0.108865,-0.074024,-0.171593,0.000000,0.000000,0.000000,0.000000,0.000000,0.000000,-1.447854,0.727075,-0.183497,1.0000,1.0000,1.0000,1.660,4.810,0.340,5.000,3.000,8.000,1.500,0.060,0.110,26656709,998410998,26656450,189,1344,1507,1501,1505,1000,1000,2008,1505,1505,1105,2008,1625,1255,1000,1000
-0.0183,0.0032,-0.7964,-0.0111,0.0243,2.9671,0.0073,-0.0010,3.1416,15.6850,-0.0493,-0.3015,-9.8569,0.0219,-0.1618,-0.1384,-0.7153,0.0518,-10.3174,0.0348,-0.1508,-0.1417,2.6054,-0.8729,-3.4114,-0.0121,-0.1203,-0.1639,-1.9701,8.9770,-11.4767,0.0024,-0.1241,-0.1566,15.6850,0.0860,0.0055,0.0342,919.9664,934.0063,789.1304,897.8871,-1.437968,0.721958,-0.197414,0.109596,-0.073578,-0.168745,0.000000,0.000000,0.000000,0.000000,0.000000,0.000000,-1.447854,0.727075,-0.183497,1.0000,1.0000,1.0000,1.660,4.810,0.340,5.000,3.000,8.000,1.500,0.060,0.110,26667209,998410998,26665450,189,1344,1507,1501,1505,1000,1000,2008,1505,1505,1105,2008,1625,1256,1000,1000
-0.0177,0.0018,-0.7978,-0.0108,0.0224,2.9655,0.0073,-0.0010,3.1416,15.6850,0.0518,0.1333,-9.5616,0.0316,-0.1509,-0.1472,0.2765,-0.6804,-8.6051,0.0376,-0.1677,-0.1410,3.1370,-5.0987,-3.0834,-0.0108,-0.2032,-0.1839,0.7307,-1.4992,-5.2851,0.0120,-0.2176,-0.1782,15.6850,0.0788,0.0128,0.0341,920.5898,937.5350,788.5885,894.0385,-1.436647,0.721066,-0.199424,0.110743,-0.074917,-0.166424,0.000000,0.000000,0.000000,0.000000,0.000000,0.000000,-1.447854,0.727075,-0.183497,1.0000,1.0000,1.0000,1.660,4.810,0.340,5.000,3.000,8.000,1.500,0.060,0.110,26677709,998410998,26677450,189,1344,1507,1501,1505,1000,1000,2008,1505,1505,1105,2008,1625,1256,1000,1000
-0.0172,0.0005,-0.7993,-0.0104,0.0209,2.9642,0.0073,-0.0010,3.1416,15.6850,0.2672,0.5961,-8.8600,0.0367,-0.1564,-0.1458,0.3499,0.0765,-9.0227,0.0136,-0.1977,-0.1484,-1.7137,-4.7108,-11.4081,0.0340,-0.2050,-0.1156,0.0663,-4.4029,-8.8927,0.0490,-0.1973,-0.1302,15.6850,0.0770,0.0164,0.0340,921.2751,938.8717,787.9191,892.5187,-1.435650,0.720387,-0.200904,0.111139,-0.075152,-0.162601,0.000000,0.000000,0.000000,0.000000,0.000000,0.000000,-1.447854,0.727075,-0.183497,1.0000,1.0000,1.0000,1.660,4.810,0.340,5.000,3.000,8.000,1.500,0.060,0.110,26688209,998410998,26686450,189,1344,1507,1501,1505,1000,1000,2008,1505,1505,1105,2008,1625,1256,1000,1000
-0.0169,-0.0011,-0.8008,-0.0100,0.0189,2.9626,0.0073,-0.0010,3.1416,15.6850,-0.1149,0.4081,-9.6541,0.0394,-0.1571,-0.1372,-0.3402,1.3644,-10.2794,0.0441,-0.1695,-0.1430,-0.7536,-9.1856,-12.8302,-0.0097,-0.0955,-0.1255,3.4638,-8.2924,-8.8801,0.0541,-0.1459,-0.1012,15.6850,0.0765,0.0194,0.0338,922.2336,939.6172,787.3292,891.2640,-1.434310,0.719480,-0.202823,0.112368,-0.076783,-0.157653,0.000000,0.000000,0.000000,0.000000,0.000000,0.000000,-1.447854,0.727075,-0.183497,1.0000,1.0000,1.0000,1.660,4.810,0.340,5.000,3.000,8.000,1.500,0.060,0.110,26698709,998410998,26698450,189,1344,1507,1501,1505,1000,1000,2008,1505,1505,1105,2008,1625,1255,1000,1000
-0.0164,-0.0027,-0.8021,-0.0097,0.0175,2.9615,0.0073,-0.0010,3.1416,15.6850,0.0157,-0.2042,-10.3419,0.0396,-0.1337,-0.1273,0.6500,0.1190,-9.6157,0.0529,-0.1289,-0.1302,0.2304,4.8636,-5.1688,0.0580,-0.1072,-0.1631,-0.0163,-6.0190,-9.3811,0.0605,-0.1326,-0.1465,15.6850,0.0741,0.0186,0.0330,922.0691,939.3174,789.0618,890.2172,-1.433293,0.718788,-0.204237,0.114152,-0.077759,-0.156622,0.000000,0.000000,0.000000,0.000000,0.000000,0.000000,-1.447854,0.727075,-0.183497,1.0000,1.0000,1.0000,1.660,4.810,0.340,5.000,3.000,8.000,1.500,0.060,0.110,26709209,998410998,26707451,189,1344,1507,1501,1505,1000,1000,2008,1505,1505,1105,2008,1625,1255,1000,1000
-0.0160,-0.0039,-0.8034,-0.0083,0.0151,2.9596,0.0073,-0.0010,3.1416,15.6850,0.5069,-0.0874,-9.6661,0.0380,-0.1200,-0.1339,1.2317,-0.0550,-10.0821,0.0403,-0.1147,-0.1350,-1.8119,3.3912,-3.7227,0.0169,-0.1246,-0.1511,-7.2710,-3.8085,-9.8193,0.0431,-0.1747,-0.1507,15.6850,0.0720,0.0116,0.0331,919.4966,937.8973,791.7498,891.9871,-1.434801,0.716499,-0.211681,0.106114,-0.083756,-0.169561,0.000000,0.000000,0.000000,0.000000,0.000000,0.000000,-1.437025,0.715906,-0.217846,1.0000,1.0000,1.0000,1.660,4.810,0.340,5.000,3.000,8.000,1.500,0.060,0.110,26719255,998544673,26716496,190,1344,1507,1501,1505,1000,1000,2008,1505,1505,1105,2008,1625,1256,1000,1000
-0.0157,-0.0048,-0.8048,-0.0080,0.0138,2.9581,0.0073,-0.0010,3.1416,15.6850,0.2626,0.2043,-9.0613,0.0174,-0.1080,-0.1432,0.7796,1.1087,-10.0394,0.0230,-0.1125,-0.1387,0.8840,5.8883,-15.4375,0.0425,-0.0998,-0.1015,-1.0614,6.7862,-10.6417,-0.0296,-0.0674,-0.1071,15.6850,0.0769,0.0098,0.0338,919.5147,936.8597,790.3829,894.2682,-1.433585,0.715526,-0.213619,0.104519,-0.084801,-0.166989,0.000000,0.000000,0.000000,0.000000,0.000000,0.000000,-1.437025,0.715906,-0.217846,1.0000,1.0000,1.0000,1.660,4.810,0.340,5.000,3.000,8.000,1.500,0.060,0.110,26729285,998544673,26728026,190,1344,1507,1501,1505,1000,1000,2008,1505,1505,1105,2008,1625,1255,1000,1000
-0.0156,-0.0058,-0.8062,-0.0080,0.0128,2.9569,0.0073,-0.0010,3.1416,15.6850,-0.4292,0.2404,-9.3497,-0.0150,-0.1057,-0.1442,-0.4805,-1.1152,-9.7392,-0.0195,-0.1163,-0.1473,3.2423,-3.2479,-8.8870,-0.0809,-0.0694,-0.1242,0.6535,2.3724,-6.5744,-0.0607,-0.0746,-0.1292,15.6850,0.0863,0.0146,0.0346,922.3353,936.8143,785.5317,895.6844,-1.432637,0.714759,-0.215113,0.104564,-0.084817,-0.164003,0.000000,0.000000,0.000000,0.000000,0.000000,0.000000,-1.437025,0.715906,-0.217846,1.0000,1.0000,1.0000,1.660,4.810,0.340,5.000,3.000,8.000,1.500,0.060,0.110,26739785,998544673,26737026,190,1344,1506,1501,1505,1000,1000,2008,1505,1505,1105,2008,1625,1255,1000,1000
-0.0158,-0.0068,-0.8077,-0.0084,0.0115,2.9552,0.0063,-0.0010,3.1416,15.6850,-0.3023,-0.4271,-9.5795,-0.0522,-0.0828,-0.1447,-1.1880,-0.1572,-9.1721,-0.0455,-0.1073,-0.1421,6.9557,1.0808,-11.1160,-0.0505,-0.0982,-0.1655,8.4612,0.2121,-7.9427,-0.0418,-0.1196,-0.1547,15.6850,0.0990,0.0164,0.0355,924.9338,935.2831,780.7798,898.7545,-1.431372,0.713754,-0.217053,0.106295,-0.082849,-0.159647,0.000000,0.000000,0.000000,0.000000,0.000000,0.000000,-1.437025,0.715906,-0.217846,1.0000,1.0000,1.0000,1.660,4.810,0.340,5.000,3.000,8.000,1.500,0.060,0.110,26749786,998544673,26749027,190,1344,1506,1501,1505,1000,1000,2008,1505,1505,1105,2008,1625,1256,1000,1000
-0.0162,-0.0076,-0.8092,-0.0089,0.0107,2.9540,0.0063,-0.0010,3.1416,15.6850,0.5278,-0.2988,-9.1218,-0.0662,-0.0939,-0.1383,1.4464,-0.7697,-8.7677,-0.0551,-0.0981,-0.1432,-5.8174,11.0550,-11.8199,0.0087,-0.1190,-0.1380,1.5819,1.2123,-14.4971,-0.0221,-0.1449,-0.1148,15.6850,0.1043,0.0106,0.0346,925.0464,931.8475,782.3608,900.8301,-1.430424,0.713013,-0.218473,0.106080,-0.081866,-0.156433,0.000000,0.000000,0.000000,0.000000,0.000000,0.000000,-1.437025,0.715906,-0.217846,1.0000,1.0000,1.0000,1.660,4.810,0.340,5.000,3.000,8.000,1.500,0.060,0.110,26760286,998544673,26758027,190,1344,1506,1501,1505,1000,1000,2008,1505,1505,1105,2008,1625,1256,1000,1000
-0.0169,-0.0084,-0.8106,-0.0097,0.0094,2.9524,0.0063,-0.0010,3.1416,15.6850,0.2753,0.6303,-9.3896,-0.0624,-0.1006,-0.1402,0.2675,-0.4183,-9.4740,-0.0465,-0.1050,-0.1448,-1.5581,15.8386,-13.5988,-0.0865,-0.1243,-0.1295,-4.5972,13.6387,-13.7070,-0.1225,-0.0866,-0.1329,15.6850,0.1066,0.0120,0.0346,925.9588,931.7608,781.3234,900.8828,-1.429160,0.712011,-0.220324,0.104543,-0.085298,-0.151936,0.000000,0.000000,0.000000,0.000000,0.000000,0.000000,-1.437025,0.715906,-0.217846,1.0000,1.0000,1.0000,1.660,4.810,0.340,5.000,3.000,8.000,1.500,0.060,0.110,26770786,998544673,26770027,190,1344,1506,1501,1505,1000,1000,2008,1505,1505,1105,2008,1625,1256,1000,1000
-0.0176,-0.0093,-0.8121,-0.0102,0.0085,2.9512,0.0063,-0.0010,3.1416,15.6850,-0.1494,0.4631,-9.6792,-0.0473,-0.1116,-0.1398,-0.2102,3.4743,-10.2515,-0.0533,-0.0791,-0.1435,2.7156,-23.1390,-1.9390,-0.1837,-0.0508,-0.1431,4.1515,-3.5194,-7.8494,-0.0269,-0.0570,-0.1427,15.6850,0.1103,0.0154,0.0345,927.7387,931.8901,779.3168,900.6560,-1.428214,0.711247,-0.221676,0.104517,-0.085127,-0.147844,0.000000,0.000000,0.000000,0.000000,0.000000,0.000000,-1.437025,0.715906,-0.217846,1.0000,1.0000,1.0000,1.660,4.810,0.340,5.000,3.000,8.000,1.500,0.060,0.110,26781286,998544673,26779027,190,1344,1506,1501,1505,1000,1000,2008,1505,1505,1105,2008,1625,1256,1000,1000
-0.0180,-0.0103,-0.8136,-0.0109,0.0071,2.9495,0.0063,-0.0010,3.1416,15.6850,0.0724,-0.6813,-9.2173,-0.0612,-0.1194,-0.1456,0.4700,-2.8943,-8.6395,-0.0524,-0.1474,-0.1458,1.8537,1.2771,-7.5151,-0.1936,-0.1398,-0.1167,2.6054,3.1266,-10.3256,-0.1784,-0.1377,-0.1111,15.6850,0.1131,0.0230,0.0353,929.9131,934.0560,775.1284,899.7839,-1.426958,0.710247,-0.223406,0.104542,-0.082315,-0.140891,0.000000,0.000000,0.000000,0.000000,0.000000,0.000000,-1.437025,0.715906,-0.217846,1.0000,1.0000,1.0000,1.660,4.810,0.340,5.000,3.000,8.000,1.500,0.060,0.110,26791786,998544673,26791027,190,1344,1506,1501,1505,1000,1000,2008,1505,1505,1105,2008,1625,1256,1000,1000
-0.0185,-0.0112,-0.8150,-0.0115,0.0059,2.9483,0.0063,-0.0010,3.1416,15.6850,0.3138,0.1640,-9.1325,-0.0723,-0.1245,-0.1351,-0.3965,-1.2444,-9.1484,-0.0743,-0.1324,-0.1429,-5.7336,-11.8886,-8.1831,-0.1477,-0.1102,-0.1732,-0.0486,-3.4045,-9.0202,-0.1095,-0.1531,-0.1579,15.6850,0.1145,0.0303,0.0348,932.7032,935.3757,772.8886,897.4487,-1.426022,0.709498,-0.224654,0.104290,-0.081877,-0.136851,0.000000,0.000000,0.000000,0.000000,0.000000,0.000000,-1.437025,0.715906,-0.217846,1.0000,1.0000,1.0000,1.660,4.810,0.340,5.000,3.000,8.000,1.500,0.060,0.110,26802286,998544673,26800027,190,1344,1506,1501,1505,1000,1000,2008,1505,1505,1105,2008,1625,1256,1000,1000
-0.0192,-0.0122,-0.8165,-0.0122,0.0045,2.9466,0.0063,-0.0021,3.1416,15.6850,-0.0458,0.9404,-9.4807,-0.0514,-0.1075,-0.1455,0.1720,0.9540,-9.4516,-0.0762,-0.1308,-0.1471,0.8242,-15.2980,-9.0306,-0.0244,-0.1168,-0.1927,2.1403,-12.2789,-8.5120,0.0365,-0.0937,-0.1782,15.6850,0.1102,0.0255,0.0358,929.6523,935.7220,774.4654,898.8928,-1.424769,0.708519,-0.226264,0.104425,-0.081723,-0.131883,0.000000,0.000000,0.000000,0.000000,0.000000,0.000000,-1.437025,0.715906,-0.217846,1.0000,1.0000,1.0000,1.660,4.810,0.340,5.000,3.000,8.000,1.500,0.060,0.110,26812786,998544673,26812027,190,1344,1506,1502,1505,1000,1000,2008,1505,1505,1105,2008,1625,1256,1000,1000
-0.0195,-0.0130,-0.8180,-0.0126,0.0035,2.9454,0.0063,-0.0021,3.1416,15.6850,0.1568,-0.6200,-9.3555,-0.0320,-0.0978,-0.1462,-0.5378,3.0041,-9.4296,-0.0469,-0.1143,-0.1445,-5.9347,-8.8983,-7.4073,-0.1072,-0.0769,-0.1404,4.5304,-9.7308,-10.1030,-0.0309,-0.1228,-0.1537,15.6850,0.1051,0.0230,0.0358,927.8792,936.0574,776.6998,898.4478,-1.423828,0.707783,-0.227438,0.104400,-0.083199,-0.128470,0.000000,0.000000,0.000000,0.000000,0.000000,0.000000,-1.437025,0.715906,-0.217846,1.0000,1.0000,1.0000,1.660,4.810,0.340,5.000,3.000,8.000,1.500,0.060,0.110,26823286,998544673,26821027,190,1344,1506,1502,1505,1000,1000,2008,1505,1505,1105,2008,1625,1256,1000,1000
-0.0195,-0.0135,-0.8195,-0.0130,0.0022,2.9437,0.0063,-0.0021,3.1416,15.6850,0.4438,-0.4354,-9.4178,-0.0211,-0.1093,-0.1495,1.6033,-0.6152,-9.6742,-0.0107,-0.0838,-0.1527,3.6589,20.3900,-8.6978,0.0303,-0.0923,-0.0951,-1.4547,-13.9758,-13.5256,0.0165,-0.1252,-0.0852,15.6850,0.0984,0.0269,0.0375,926.3168,939.8216,775.2284,897.4004,-1.422614,0.706853,-0.228954,0.098181,-0.073746,-0.124348,0.000000,0.000000,0.000000,0.000000,0.000000,0.000000,-1.437025,0.715906,-0.217846,1.0000,1.0000,1.0000,1.660,4.810,0.340,5.000,3.000,8.000,1.500,0.060,0.110,26833786,998544673,26833028,190,1344,1506,1502,1505,1000,1000,2008,1505,1505,1105,2008,1625,1256,1000,1000
-0.0195,-0.0140,-0.8209,-0.0136,0.0010,2.9418,0.0063,-0.0021,3.1416,15.6850,0.7104,0.0517,-9.7176,-0.0171,-0.1041,-0.1271,0.2551,-0.9001,-10.5730,-0.0008,-0.1053,-0.1335,-6.5691,0.0058,-3.3851,0.0295,-0.1110,-0.1644,-7.6427,-3.9234,-5.0642,0.0471,-0.1281,-0.1382,15.6850,0.0992,0.0289,0.0356,928.4231,938.8676,776.3493,895.2509,-1.421696,0.706972,-0.239014,0.095913,-0.069267,-0.142185,0.000000,0.000000,0.000000,0.000000,0.000000,0.000000,-1.421820,0.707640,-0.249285,1.0000,1.0000,1.0000,1.660,4.810,0.340,5.000,3.000,8.000,1.500,0.060,0.110,26843831,998676767,26842072,191,1344,1506,1502,1505,1000,1000,2008,1505,1505,1105,2008,1625,1256,1000,1000
-0.0194,-0.0143,-0.8223,-0.0138,-0.0002,2.9402,0.0063,-0.0021,3.1416,15.6850,0.0063,-0.0001,-9.5699,-0.0045,-0.0903,-0.1391,-1.4377,-1.7047,-10.0029,0.0027,-0.1165,-0.1338,9.3810,11.3232,-8.4704,0.0692,-0.1160,-0.2084,-6.9388,-1.7273,-4.5740,-0.0445,-0.1750,-0.1920,15.6850,0.0985,0.0288,0.0351,928.6411,938.5844,777.1354,894.6394,-1.420555,0.706149,-0.240690,0.094946,-0.067714,-0.137463,0.000000,0.000000,0.000000,0.000000,0.000000,0.000000,-1.421820,0.707640,-0.249285,1.0000,1.0000,1.0000,1.660,4.810,0.340,5.000,3.000,8.000,1.500,0.060,0.110,26854331,998676767,26854073,191,1344,1506,1502,1505,1000,1000,2008,1505,1505,1105,2008,1625,1256,1000,1000
-0.0191,-0.0149,-0.8238,-0.0138,-0.0010,2.9389,0.0063,-0.0021,3.1416,15.6850,-0.5608,-0.6770,-9.3271,0.0075,-0.0723,-0.1561,-0.2981,0.7132,-8.3291,-0.0117,-0.1028,-0.1570,1.0803,-2.1873,-13.5628,-0.0089,-0.0649,-0.1172,-1.2518,2.7513,-4.6099,0.0061,-0.0546,-0.1571,15.6850,0.0913,0.0260,0.0365,925.2618,940.3232,778.4569,895.1657,-1.419698,0.705545,-0.241909,0.095917,-0.065102,-0.134385,0.000000,0.000000,0.000000,0.000000,0.000000,0.000000,-1.421820,0.707640,-0.249285,1.0000,1.0000,1.0000,1.660,4.810,0.340,5.000,3.000,8.000,1.500,0.060,0.110,26864831,998676767,26863072,191,1344,1506,1502,1505,1000,1000,2008,1505,1505,1105,2008,1625,1256,1000,1000
-0.0185,-0.0156,-0.8254,-0.0136,-0.0019,2.9372,0.0063,-0.0021,3.1416,15.6850,-0.2140,0.2957,-9.0834,0.0123,-0.0572,-0.1515,0.5609,0.9164,-8.7039,0.0005,-0.0745,-0.1551,10.3028,9.6257,-13.2061,0.1262,-0.1272,-0.0986,4.0204,0.8675,-5.9369,0.0890,-0.1060,-0.0858,15.6850,0.0874,0.0244,0.0381,922.7637,941.9042,778.1837,896.3189,-1.418523,0.704789,-0.243489,0.098910,-0.061959,-0.128492,0.000000,0.000000,0.000000,0.000000,0.000000,0.000000,-1.421820,0.707640,-0.249285,1.0000,1.0000,1.0000,1.660,4.810,0.340,5.000,3.000,8.000,1.500,0.060,0.110,26875331,998676767,26875072,191,1344,1506,1502,1505,1000,1000,2008,1505,1505,1105,2008,1625,1256,1000,1000
-0.0176,-0.0167,-0.8269,-0.0133,-0.0025,2.9359,0.0063,-0.0021,3.1416,15.6850,-0.1309,-0.0372,-9.1953,0.0351,-0.0643,-0.1343,1.7004,0.8201,-9.5536,0.0268,-0.0704,-0.1393,-1.9435,-0.6047,-16.1701,0.0598,-0.0540,-0.1681,6.7876,-2.9448,-4.8577,0.0695,-0.0956,-0.1537,15.6850,0.0865,0.0210,0.0376,921.9802,940.7482,780.1630,896.6187,-1.417591,0.704273,-0.244615,0.107238,-0.054918,-0.121121,0.000000,0.000000,0.000000,0.000000,0.000000,0.000000,-1.421820,0.707640,-0.249285,1.0000,1.0000,1.0000,1.660,4.810,0.340,5.000,3.000,8.000,1.500,0.060,0.110,26885831,998676767,26884072,191,1344,1506,1502,1505,1000,1000,2008,1505,1505,1105,2008,1625,1256,1000,1000
-0.0171,-0.0169,-0.8283,-0.0129,-0.0034,2.9344,0.0063,-0.0021,3.1416,15.6850,0.2683,-0.5024,-9.6311,0.0448,-0.0681,-0.1335,-0.0382,2.1426,-10.8646,0.0355,-0.0946,-0.1317,-0.8877,18.7213,-14.5564,0.1408,-0.0212,-0.1455,1.2910,-10.5155,-5.6191,-0.0546,-0.1542,-0.1430,15.6850,0.0825,0.0197,0.0360,921.9403,940.0615,783.3361,894.6111,-1.416315,0.703632,-0.246043,0.105320,-0.051866,-0.116483,0.000000,0.000000,0.000000,0.000000,0.000000,0.000000,-1.421820,0.707640,-0.249285,1.0000,1.0000,1.0000,1.660,4.810,0.340,5.000,3.000,8.000,1.500,0.060,0.110,26896331,998676767,26896072,191,1344,1506,1502,1505,1000,1000,2008,1505,1505,1105,2008,1625,1256,1000,1000
-0.0158,-0.0175,-0.8298,-0.0125,-0.0040,2.9332,0.0063,-0.0021,3.1416,15.6850,0.1653,-0.6555,-9.2111,0.0380,-0.0677,-0.1408,0.3826,-1.9169,-8.7704,0.0483,-0.0390,-0.1392,0.9127,-2.0245,-5.9852,0.1065,-0.0009,-0.1069,-4.0818,6.0356,-10.4082,-0.0706,-0.1310,-0.1084,15.6850,0.0779,0.0246,0.0370,921.6033,943.1352,781.7689,893.0929,-1.415356,0.703249,-0.247034,0.107421,-0.034409,-0.105849,0.000000,0.000000,0.000000,0.000000,0.000000,0.000000,-1.421820,0.707640,-0.249285,1.0000,1.0000,1.0000,1.660,4.810,0.340,5.000,3.000,8.000,1.500,0.060,0.110,26906831,998676767,26905072,191,1344,1506,1502,1505,1000,1000,2008,1505,1505,1105,2008,1625,1256,1000,1000
-0.0153,-0.0176,-0.8312,-0.0120,-0.0048,2.9316,0.0063,-0.0021,3.1416,15.6850,-0.0627,0.5686,-9.0708,0.0372,-0.0600,-0.1320,0.1636,-1.9879,-9.2827,0.0378,-0.0483,-0.1366,7.5303,5.8141,-10.4480,0.0934,-0.0478,-0.1276,-7.3626,-2.3091,-9.9683,0.0360,-0.0317,-0.1238,15.6850,0.0792,0.0243,0.0363,922.3094,942.2767,782.2748,892.8271,-1.414069,0.702829,-0.248266,0.106987,-0.036091,-0.099811,0.000000,0.000000,0.000000,0.000000,0.000000,0.000000,-1.421820,0.707640,-0.249285,1.0000,1.0000,1.0000,1.660,4.810,0.340,5.000,3.000,8.000,1.500,0.060,0.110,26917331,998676767,26917072,191,1344,1506,1502,1505,1000,1000,2008,1505,1505,1105,2008,1625,1256,1000,1000
-0.0145,-0.0188,-0.8326,-0.0117,-0.0053,2.9304,0.0063,-0.0021,3.1416,15.6850,-0.7009,-0.4913,-9.3161,0.0228,-0.0504,-0.1408,-1.7403,-2.0953,-9.8554,0.0110,-0.0660,-0.1392,1.2982,-1.2751,-15.5069,-0.0055,-0.0252,-0.1244,-0.7185,-1.8548,-4.4106,-0.0352,-0.0197,-0.1324,15.6850,0.0828,0.0234,0.0373,922.0566,942.0092,780.5511,894.8766,-1.413054,0.702536,-0.249152,0.116210,-0.031003,-0.096500,0.000000,0.000000,0.000000,0.000000,0.000000,0.000000,-1.421820,0.707640,-0.249285,1.0000,1.0000,1.0000,1.660,4.810,0.340,5.000,3.000,8.000,1.500,0.060,0.110,26927831,998676767,26926072,191,1344,1506,1502,1505,1000,1000,2008,1505,1505,1105,2008,1625,1256,1000,1000
-0.0141,-0.0191,-0.8341,-0.0117,-0.0057,2.9288,0.0063,-0.0021,3.1416,15.6850,-0.2265,-0.6057,-9.6488,-0.0204,-0.0134,-0.1371,-0.6035,-0.9591,-8.5442,-0.0044,-0.0205,-0.1419,7.8871,16.8155,-11.2429,0.0899,-0.1035,-0.1479,1.1832,3.3115,-0.9628,0.0107,-0.0056,-0.1225,15.6850,0.0953,0.0100,0.0374,920.8723,935.6444,781.8859,901.5831,-1.411651,0.702184,-0.250288,0.117887,-0.027219,-0.092659,0.000000,0.000000,0.000000,0.000000,0.000000,0.000000,-1.421820,0.707640,-0.249285,1.0000,1.0000,1.0000,1.660,4.810,0.340,5.000,3.000,8.000,1.500,0.060,0.110,26938331,998676767,26938073,191,1344,1506,1502,1505,1000,1000,2008,1505,1505,1105,2008,1625,1256,1000,1000
-0.0142,-0.0189,-0.8355,-0.0113,-0.0039,2.9280,0.0063,-0.0021,3.1416,15.6850,0.3506,0.3234,-9.3148,-0.0457,0.0092,-0.1391,0.1964,0.3248,-8.3364,-0.0253,0.0286,-0.1386,2.3493,4.9833,-15.3705,0.0239,0.0326,-0.1559,-0.1241,-3.1728,-4.6530,-0.0727,-0.0698,-0.1787,15.6850,0.1065,-0.0033,0.0371,919.6815,929.3078,783.8086,907.6625,-1.407396,0.700246,-0.258200,0.128966,-0.032687,-0.106715,0.000000,0.000000,0.000000,0.000000,0.000000,0.000000,-1.405671,0.699157,-0.267033,1.0000,1.0000,1.0000,1.660,4.810,0.340,5.000,3.000,8.000,1.500,0.060,0.110,26948375,998777537,26947127,192,1344,1506,1502,1505,1000,1000,2008,1505,1505,1105,2008,1625,1256,1000,1000
-0.0144,-0.0185,-0.8370,-0.0117,-0.0038,2.9267,0.0063,-0.0042,3.1416,15.6850,0.1686,0.3653,-9.1387,-0.0423,0.0108,-0.1556,0.3613,0.6804,-9.3420,-0.0559,-0.0079,-0.1542,-4.2635,0.7025,-11.9300,0.0697,0.0673,-0.1090,4.0797,12.2326,-14.7359,-0.2517,-0.0466,-0.1630,15.6850,0.1072,-0.0075,0.0386,917.5204,929.0667,783.4208,910.4270,-1.406233,0.699961,-0.259124,0.130126,-0.029983,-0.099114,0.000000,0.000000,0.000000,0.000000,0.000000,0.000000,-1.405671,0.699157,-0.267033,1.0000,1.0000,1.0000,1.660,4.810,0.340,5.000,3.000,8.000,1.500,0.060,0.110,26958875,998777537,26956116,192,1344,1506,1504,1505,1000,1000,2008,1505,1505,1105,2008,1625,1256,1000,1000
-0.0150,-0.0180,-0.8385,-0.0123,-0.0035,2.9249,0.0063,-0.0042,3.1416,15.6850,-0.2768,0.2409,-9.7864,-0.0470,0.0353,-0.1567,0.3605,3.1410,-10.9212,-0.0936,-0.0439,-0.1533,-2.2045,-18.8246,-4.0243,-0.1811,0.0771,-0.1132,0.1686,6.2385,-13.0246,-0.0554,0.1427,-0.1374,15.6850,0.1101,-0.0113,0.0394,916.4055,928.0131,783.0553,912.9353,-1.404665,0.699604,-0.260286,0.129851,-0.030384,-0.094686,0.000000,0.000000,0.000000,0.000000,0.000000,0.000000,-1.405671,0.699157,-0.267033,1.0000,1.0000,1.0000,1.660,4.810,0.340,5.000,3.000,8.000,1.500,0.060,0.110,26968903,998777537,26968144,192,1344,1506,1504,1505,1000,1000,2008,1505,1505,1105,2008,1625,1256,1000,1000
-0.0153,-0.0175,-0.8402,-0.0128,-0.0031,2.9236,0.0063,-0.0042,3.1416,15.6850,-0.0835,-0.3269,-9.6748,-0.0476,0.0489,-0.1479,0.0766,1.2111,-10.2955,-0.0340,0.0815,-0.1497,2.2391,1.4447,-5.6069,-0.0787,0.0681,-0.1575,1.3161,10.6524,-11.2289,-0.1073,0.0320,-0.1300,15.6850,0.1075,-0.0158,0.0399,914.2171,927.5984,784.7495,914.0954,-1.403501,0.699332,-0.261124,0.129464,-0.030866,-0.091964,0.000000,0.000000,0.000000,0.000000,0.000000,0.000000,-1.405671,0.699157,-0.267033,1.0000,1.0000,1.0000,1.660,4.810,0.340,5.000,3.000,8.000,1.500,0.060,0.110,26979403,998777537,26977144,192,1344,1506,1504,1505,1000,1000,2008,1505,1505,1105,2008,1625,1256,1000,1000
-0.0161,-0.0167,-0.8417,-0.0133,-0.0026,2.9219,0.0063,-0.0042,3.1416,15.6850,0.6004,0.5109,-9.0579,-0.0412,0.0463,-0.1393,0.4635,-0.4601,-8.6296,-0.0493,0.0273,-0.1372,-5.5516,-11.6995,-6.0211,-0.1115,0.0151,-0.1809,-0.7993,8.3449,-15.4847,-0.0346,0.0136,-0.1878,15.6850,0.1069,-0.0207,0.0384,913.7542,925.2559,788.0991,914.0508,-1.401962,0.698937,-0.262218,0.126506,-0.035190,-0.090367,0.000000,0.000000,0.000000,0.000000,0.000000,0.000000,-1.405671,0.699157,-0.267033,1.0000,1.0000,1.0000,1.660,4.810,0.340,5.000,3.000,8.000,1.500,0.060,0.110,26989903,998777537,26989144,192,1344,1506,1504,1505,1000,1000,2008,1505,1505,1105,2008,1625,1256,1000,1000
-0.0165,-0.0159,-0.8432,-0.0135,-0.0023,2.9206,0.0063,-0.0042,3.1416,15.6850,0.0253,0.7603,-9.1924,-0.0241,0.0248,-0.1498,-0.6250,-0.9946,-8.9285,-0.0366,-0.0050,-0.1459,-1.6251,-9.0946,-10.0936,-0.0132,0.0071,-0.1476,-0.5981,-3.5499,-10.4549,0.0091,0.0666,-0.1550,15.6850,0.1047,-0.0157,0.0381,914.9976,926.8835,787.3919,911.7645,-1.400833,0.698608,-0.263017,0.123829,-0.036300,-0.086071,0.000000,0.000000,0.000000,0.000000,0.000000,0.000000,-1.405671,0.699157,-0.267033,1.0000,1.0000,1.0000,1.660,4.810,0.340,5.000,3.000,8.000,1.500,0.060,0.110,27000403,998777537,26998144,192,1344,1506,1504,1505,1000,1000,2008,1505,1505,1105,2008,1625,1255,1000,1000
-0.0168,-0.0156,-0.8448,-0.0136,-0.0023,2.9189,0.0063,-0.0042,3.1416,15.6850,-0.1269,0.5568,-9.6435,-0.0027,0.0058,-0.1443,-0.3793,0.4971,-9.0153,-0.0010,0.0096,-0.1410,-0.6818,-12.1663,-3.1337,-0.1118,-0.0124,-0.1242,5.5648,6.1021,-11.5234,0.0064,-0.0256,-0.1302,15.6850,0.1011,-0.0029,0.0385,917.6125,931.5888,783.5214,907.6661,-1.399358,0.698162,-0.264018,0.121651,-0.038706,-0.080660,0.000000,0.000000,0.000000,0.000000,0.000000,0.000000,-1.405671,0.699157,-0.267033,1.0000,1.0000,1.0000,1.660,4.810,0.340,5.000,3.000,8.000,1.500,0.060,0.110,27010903,998777537,27010144,192,1344,1506,1504,1505,1000,1000,2008,1505,1505,1105,2008,1625,1255,1000,1000
-0.0168,-0.0153,-0.8462,-0.0136,-0.0025,2.9177,0.0063,-0.0042,3.1416,15.6850,0.5434,-0.0940,-9.2773,0.0172,-0.0293,-0.1350,1.4724,3.3432,-8.9395,-0.0034,-0.0358,-0.1394,-6.9905,-10.0786,-3.0786,-0.0209,-0.0457,-0.1407,-4.0226,-9.1292,-15.7685,0.1148,-0.0916,-0.0975,15.6850,0.0952,0.0032,0.0383,918.2404,934.4273,783.1672,904.4133,-1.398283,0.697811,-0.264716,0.118214,-0.040832,-0.075283,0.000000,0.000000,0.000000,0.000000,0.000000,0.000000,-1.405671,0.699157,-0.267033,1.0000,1.0000,1.0000,1.660,4.810,0.340,5.000,3.000,8.000,1.500,0.060,0.110,27021403,998777537,27019144,192,1344,1506,1504,1505,1000,1000,2008,1505,1505,1105,2008,1625,1256,1000,1000
-0.0167,-0.0153,-0.8476,-0.0133,-0.0031,2.9161,0.0063,-0.0042,3.1416,15.6850,0.5130,0.0585,-9.1209,0.0342,-0.0734,-0.1263,0.6602,-0.1876,-10.3943,0.0250,-0.0918,-0.1322,0.4890,14.9767,-8.5542,0.0769,0.0175,-0.1724,-1.8731,-8.2906,-16.8225,0.0834,-0.0301,-0.1294,15.6850,0.0856,0.0095,0.0391,917.3389,938.8128,782.6308,901.2453,-1.396887,0.697318,-0.265570,0.114729,-0.040635,-0.067208,0.000000,0.000000,0.000000,0.000000,0.000000,0.000000,-1.405671,0.699157,-0.267033,1.0000,1.0000,1.0000,1.660,4.810,0.340,5.000,3.000,8.000,1.500,0.060,0.110,27031903,998777537,27031144,192,1344,1506,1504,1505,1000,1000,2008,1505,1505,1105,2008,1625,1256,1000,1000
-0.0165,-0.0156,-0.8489,-0.0129,-0.0036,2.9150,0.0063,-0.0042,3.1416,15.6850,-0.1971,0.6973,-9.5525,0.0473,-0.0477,-0.1259,-1.5430,-0.8978,-9.1579,0.0385,-0.0792,-0.1283,-1.2013,-10.3994,-1.9773,-0.0041,-0.0380,-0.1689,-6.9460,-15.3496,-0.6611,0.1334,-0.0173,-0.1398,15.6850,0.0783,0.0148,0.0375,918.4860,940.6694,784.4023,896.5889,-1.395858,0.696944,-0.266157,0.112639,-0.041437,-0.063233,0.000000,0.000000,0.000000,0.000000,0.000000,0.000000,-1.405671,0.699157,-0.267033,1.0000,1.0000,1.0000,1.660,4.810,0.340,5.000,3.000,8.000,1.500,0.060,0.110,27042403,998777537,27040144,192,1344,1506,1504,1505,1000,1000,2008,1505,1505,1105,2008,1625,1256,1000,1000
-0.0162,-0.0160,-0.8503,-0.0123,-0.0043,2.9135,0.0063,-0.0042,3.1416,15.6850,-0.3672,-0.0376,-9.2630,0.0440,-0.0397,-0.1359,0.8547,-0.9270,-8.2485,0.0374,-0.0867,-0.1374,12.1080,16.3510,-13.6059,0.0774,-0.1968,-0.1178,-0.0971,-13.7208,-2.0025,0.1734,-0.0312,-0.1204,15.6850,0.0788,0.0132,0.0386,917.2896,940.9521,783.6046,898.2132,-1.394513,0.696443,-0.266886,0.112484,-0.041146,-0.057948,0.000000,0.000000,0.000000,0.000000,0.000000,0.000000,-1.405671,0.699157,-0.267033,1.0000,1.0000,1.0000,1.660,4.810,0.340,5.000,3.000,8.000,1.500,0.060,0.110,27052903,998777537,27052144,192,1344,1506,1504,1505,1000,1000,2008,1505,1505,1105,2008,1625,1256,1000,1000
-0.0156,-0.0162,-0.8516,-0.0119,-0.0047,2.9124,0.0063,-0.0042,3.1416,15.6850,0.2363,-0.0126,-9.1628,0.0417,-0.0399,-0.1268,1.0321,-0.5256,-8.4326,0.0518,-0.0252,-0.1329,-2.5277,-4.5600,-7.3499,0.0201,-0.0036,-0.1047,1.7165,-15.3657,-3.7731,0.1071,-0.0642,-0.0820,15.6850,0.0792,0.0112,0.0385,916.8931,940.2199,784.2980,898.7794,-1.393503,0.696079,-0.267389,0.112732,-0.040637,-0.053931,0.000000,0.000000,0.000000,0.000000,0.000000,0.000000,-1.405671,0.699157,-0.267033,1.0000,1.0000,1.0000,1.660,4.810,0.340,5.000,3.000,8.000,1.500,0.060,0.110,27063403,998777537,27061144,192,1344,1506,1504,1505,1000,1000,2008,1505,1505,1105,2008,1625,1256,1000,1000
-0.0151,-0.0161,-0.8530,-0.0114,-0.0051,2.9109,0.0063,-0.0042,3.1416,15.6850,0.2136,0.1012,-9.7117,0.0422,-0.0146,-0.1293,0.8524,4.5270,-10.7865,0.0281,-0.0663,-0.1145,6.9653,25.5519,-16.7184,0.1344,-0.0212,-0.1700,-12.0656,-29.9900,0.0302,0.1143,0.0037,-0.1459,15.6850,0.0787,0.0059,0.0382,915.5231,938.5981,786.5491,899.9031,-1.392153,0.695597,-0.268003,0.112679,-0.038765,-0.048195,0.000000,0.000000,0.000000,0.000000,0.000000,0.000000,-1.405671,0.699157,-0.267033,1.0000,1.0000,1.0000,1.660,4.810,0.340,5.000,3.000,8.000,1.500,0.060,0.110,27073903,998777537,27073144,192,1344,1506,1504,1505,1000,1000,2008,1505,1505,1105,2008,1625,1256,1000,1000
-0.0145,-0.0156,-0.8544,-0.0111,-0.0052,2.9098,0.0063,-0.0042,3.1416,15.6850,0.0964,-0.0966,-9.6020,0.0427,-0.0062,-0.1148,0.5281,1.6572,-10.0147,0.0473,0.0331,-0.1258,-0.3203,8.9864,-6.8639,0.0692,0.0476,-0.1604,-1.0363,-12.4136,-6.5187,0.0834,0.0370,-0.1262,15.6850,0.0783,0.0038,0.0374,915.3959,937.5402,788.1539,899.7312,-1.391135,0.695257,-0.268412,0.112565,-0.037955,-0.043430,0.000000,0.000000,0.000000,0.000000,0.000000,0.000000,-1.405671,0.699157,-0.267033,1.0000,1.0000,1.0000,1.660,4.810,0.340,5.000,3.000,8.000,1.500,0.060,0.110,27084403,998777537,27082145,192,1344,1506,1504,1505,1000,1000,2008,1505,1505,1105,2008,1625,1256,1000,1000
-0.0140,-0.0152,-0.8555,-0.0072,-0.0043,2.9180,0.0063,-0.0042,3.1416,15.6850,-0.0786,-0.3473,-8.9738,0.0357,0.0069,-0.1195,0.5839,0.7072,-9.3305,0.0365,-0.0073,-0.1204,6.1297,22.4921,-13.1630,0.1611,0.0678,-0.0293,-3.1157,-2.1331,-7.6895,-0.0684,0.0128,-0.0807,15.6850,0.0706,-0.0008,0.0356,913.7960,936.4998,793.6008,897.6509,-1.389393,0.689002,-0.278981,0.113387,-0.058297,-0.060281,0.000000,0.000000,0.000000,0.000000,0.000000,0.000000,-1.389721,0.686160,-0.289989,1.0000,1.0000,1.0000,1.660,4.810,0.340,5.000,3.000,8.000,1.500,0.060,0.110,27094450,998910666,27094191,193,1344,1506,1504,1505,1000,1000,2008,1505,1505,1105,2008,1625,1256,1000,1000
-0.0138,-0.0145,-0.8566,-0.0068,-0.0040,2.9171,0.0063,-0.0042,3.1416,15.6850,-0.2070,0.3547,-9.0473,0.0332,0.0477,-0.1063,-0.9645,-3.2032,-10.1033,0.0621,0.0816,-0.1072,3.1322,-6.7961,-16.1989,0.0974,-0.0230,-0.0765,0.0052,12.5954,-1.4817,-0.0645,0.0959,-0.0634,15.6850,0.0717,-0.0126,0.0363,910.0535,933.4875,796.4812,902.0285,-1.388376,0.688477,-0.279507,0.112424,-0.058459,-0.056234,0.000000,0.000000,0.000000,0.000000,0.000000,0.000000,-1.389721,0.686160,-0.289989,1.0000,1.0000,1.0000,1.660,4.810,0.340,5.000,3.000,8.000,1.500,0.060,0.110,27104950,998910666,27103191,193,1344,1506,1504,1505,1000,1000,2008,1505,1505,1105,2008,1625,1256,1000,1000
-0.0136,-0.0136,-0.8577,-0.0062,-0.0035,2.9159,0.0063,-0.0042,3.1416,15.6850,0.0456,0.2188,-9.2876,0.0495,0.0456,-0.1004,-1.0396,-0.3025,-8.2493,0.0627,0.0510,-0.1005,8.6340,1.0185,-17.2978,0.1006,-0.0521,-0.1378,-1.2787,-4.9416,2.1510,0.1372,0.0474,-0.1531,15.6850,0.0686,-0.0155,0.0357,909.0087,932.8765,798.8558,901.6142,-1.387040,0.687759,-0.280154,0.110721,-0.060891,-0.050797,0.000000,0.000000,0.000000,0.000000,0.000000,0.000000,-1.389721,0.686160,-0.289989,1.0000,1.0000,1.0000,1.660,4.810,0.340,5.000,3.000,8.000,1.500,0.060,0.110,27115450,998910666,27115191,193,1344,1506,1504,1505,1000,1000,2008,1505,1505,1105,2008,1625,1255,1000,1000
-0.0129,-0.0127,-0.8589,-0.0058,-0.0033,2.9149,0.0063,-0.0042,3.1416,15.6850,0.3309,-0.3506,-9.3813,0.0388,0.0160,-0.1161,0.4292,-1.0870,-8.1739,0.0422,0.0083,-0.1091,-8.2618,6.5731,-12.4400,0.1051,0.0281,-0.0999,4.5430,-5.2271,-0.1547,-0.0040,0.0615,-0.1364,15.6850,0.0704,-0.0133,0.0357,910.0842,933.0915,797.6946,901.3348,-1.386048,0.687214,-0.280589,0.109368,-0.060787,-0.045999,0.000000,0.000000,0.000000,0.000000,0.000000,0.000000,-1.389721,0.686160,-0.289989,1.0000,1.0000,1.0000,1.660,4.810,0.340,5.000,3.000,8.000,1.500,0.060,0.110,27125950,998910666,27124191,193,1344,1506,1504,1505,1000,1000,2008,1505,1505,1105,2008,1625,1255,1000,1000
-0.0125,-0.0121,-0.8601,-0.0056,-0.0033,2.9136,0.0063,-0.0042,3.1416,15.6850,0.3784,-0.0666,-9.1271,0.0086,-0.0117,-0.1223,1.8971,1.0857,-9.4864,0.0698,0.0399,-0.1273,-7.0983,17.0836,-16.4048,0.0681,0.0444,-0.0397,1.0593,19.0869,-16.9249,0.0075,-0.0218,-0.0570,15.6850,0.0769,-0.0071,0.0353,913.5370,933.1965,794.4312,900.6152,-1.384761,0.686483,-0.281104,0.105092,-0.059816,-0.039242,0.000000,0.000000,0.000000,0.000000,0.000000,0.000000,-1.389721,0.686160,-0.289989,1.0000,1.0000,1.0000,1.660,4.810,0.340,5.000,3.000,8.000,1.500,0.060,0.110,27136450,998910666,27136191,193,1344,1506,1504,1505,1000,1000,2008,1505,1505,1105,2008,1625,1255,1000,1000
-0.0126,-0.0116,-0.8613,-0.0056,-0.0035,2.9126,0.0063,-0.0042,3.1416,15.6850,0.1458,0.0866,-9.0092,-0.0134,-0.0328,-0.1129,0.0510,4.2617,-10.0589,-0.0029,-0.0490,-0.1140,4.0803,-12.2837,-4.8408,0.0169,-0.0878,-0.0573,-0.9573,33.5693,-15.5799,-0.1942,0.0538,-0.1135,15.6850,0.0841,0.0050,0.0372,917.1741,936.4916,786.5353,900.4284,-1.383827,0.685954,-0.281427,0.102276,-0.058499,-0.033297,0.000000,0.000000,0.000000,0.000000,0.000000,0.000000,-1.389721,0.686160,-0.289989,1.0000,1.0000,1.0000,1.660,4.810,0.340,5.000,3.000,8.000,1.500,0.060,0.110,27146950,998910666,27145191,193,1344,1506,1504,1505,1000,1000,2008,1505,1505,1105,2008,1625,1255,1000,1000
-0.0127,-0.0115,-0.8624,-0.0058,-0.0042,2.9114,0.0063,-0.0042,3.1416,15.6850,0.0354,0.0229,-9.1657,-0.0278,-0.0525,-0.1014,0.4145,-5.0774,-9.4041,-0.0464,-0.0291,-0.1197,5.6557,-10.7274,-10.3163,-0.2274,-0.0244,-0.1593,1.9751,22.7968,-6.7234,-0.0844,0.0107,-0.1646,15.6850,0.0930,0.0172,0.0355,923.8749,936.7761,782.0604,897.1741,-1.382623,0.685234,-0.281785,0.098702,-0.061347,-0.026592,0.000000,0.000000,0.000000,0.000000,0.000000,0.000000,-1.389721,0.686160,-0.289989,1.0000,1.0000,1.0000,1.660,4.810,0.340,5.000,3.000,8.000,1.500,0.060,0.110,27157450,998910666,27157192,193,1344,1506,1504,1505,1000,1000,2008,1505,1505,1105,2008,1625,1255,1000,1000
-0.0129,-0.0115,-0.8636,-0.0062,-0.0046,2.9104,0.0063,-0.0042,3.1416,15.6850,-0.0787,-0.0483,-9.5362,-0.0645,-0.0453,-0.1181,-1.4415,0.1232,-9.5558,-0.0500,-0.0645,-0.1146,-2.3027,-0.1882,-11.7361,-0.0595,-0.1112,-0.1316,12.7728,0.2947,-6.6588,-0.0613,-0.0525,-0.1539,15.6850,0.1056,0.0157,0.0370,924.9925,934.8276,777.6743,901.8552,-1.381742,0.684679,-0.282011,0.097394,-0.060807,-0.023384,0.000000,0.000000,0.000000,0.000000,0.000000,0.000000,-1.389721,0.686160,-0.289989,1.0000,1.0000,1.0000,1.660,4.810,0.340,5.000,3.000,8.000,1.500,0.060,0.110,27167950,998910666,27166192,193,1344,1506,1504,1505,1000,1000,2008,1505,1505,1105,2008,1625,1255,1000,1000
-0.0134,-0.0119,-0.8648,-0.0042,-0.0008,2.9138,0.0063,-0.0042,3.1416,15.6850,0.4887,0.4825,-9.4351,-0.0767,-0.0650,-0.1272,-1.8089,-0.2892,-7.5507,-0.0746,-0.0705,-0.1193,-8.5348,-5.6828,0.8694,-0.0979,-0.1088,-0.0967,-8.4759,0.3809,-20.3457,-0.0775,-0.2245,-0.0980,15.6850,0.1074,0.0144,0.0377,924.4933,934.5904,776.9257,903.2571,-1.374618,0.678429,-0.289766,0.117543,-0.081778,-0.038779,0.000000,0.000000,0.000000,0.000000,0.000000,0.000000,-1.369651,0.673968,-0.300366,1.0000,1.0000,1.0000,1.660,4.810,0.340,5.000,3.000,8.000,1.500,0.060,0.110,27177999,999043885,27175240,194,1344,1506,1504,1505,1000,1000,2008,1505,1505,1105,2008,1625,1255,1000,1000
-0.0142,-0.0122,-0.8660,-0.0052,-0.0017,2.9124,0.0063,-0.0042,3.1416,15.6850,0.1740,0.6538,-9.2807,-0.0820,-0.0819,-0.1185,1.4567,-0.2667,-6.7204,-0.0755,-0.0727,-0.1219,12.0099,-8.7115,-9.3275,-0.1437,-0.1110,-0.0997,-7.3446,2.4029,-2.5269,-0.1012,-0.0506,-0.1145,15.6850,0.1113,0.0226,0.0371,928.0901,935.6097,773.8179,901.1786,-1.373227,0.677438,-0.290192,0.114491,-0.083566,-0.032204,0.000000,0.000000,0.000000,0.000000,0.000000,0.000000,-1.369651,0.673968,-0.300366,1.0000,1.0000,1.0000,1.660,4.810,0.340,5.000,3.000,8.000,1.500,0.060,0.110,27188030,999043885,27187271,194,1344,1506,1504,1505,1000,1000,2008,1505,1505,1105,2008,1625,1255,1000,1000
-0.0151,-0.0127,-0.8673,-0.0059,-0.0024,2.9114,0.0063,-0.0042,3.1416,15.6850,-0.0377,0.2431,-9.6772,-0.0703,-0.0882,-0.1222,0.9478,-1.0861,-10.9112,-0.0844,-0.0974,-0.1191,4.1066,-23.5580,-3.3995,-0.2026,0.0172,-0.0711,-0.7238,-19.1439,6.1788,0.0557,0.0482,-0.1073,15.6850,0.1098,0.0264,0.0379,928.2961,937.5825,772.0307,900.4489,-1.372195,0.676679,-0.290475,0.113460,-0.086575,-0.030148,0.000000,0.000000,0.000000,0.000000,0.000000,0.000000,-1.369651,0.673968,-0.300366,1.0000,1.0000,1.0000,1.660,4.810,0.340,5.000,3.000,8.000,1.500,0.060,0.110,27198530,999043885,27196271,194,1344,1506,1504,1505,1000,1000,2008,1505,1505,1105,2008,1625,1255,1000,1000
-0.0157,-0.0131,-0.8684,-0.0068,-0.0034,2.9101,0.0063,-0.0042,3.1416,15.6850,-0.1568,-0.5222,-9.6739,-0.0759,-0.0654,-0.0995,-0.8710,4.3025,-11.0012,-0.0623,-0.0555,-0.1203,2.4738,23.2224,-16.1007,0.0068,-0.1112,-0.1391,6.0658,-20.6326,2.5568,0.0394,-0.0216,-0.1036,15.6850,0.1070,0.0228,0.0360,928.1102,935.7473,776.0629,899.0822,-1.370838,0.675654,-0.290819,0.112791,-0.083506,-0.026684,0.000000,0.000000,0.000000,0.000000,0.000000,0.000000,-1.369651,0.673968,-0.300366,1.0000,1.0000,1.0000,1.660,4.810,0.340,5.000,3.000,8.000,1.500,0.060,0.110,27209030,999043885,27208271,194,1344,1506,1504,1505,1000,1000,2008,1505,1505,1105,2008,1625,1255,1000,1000
-0.0163,-0.0134,-0.8695,-0.0075,-0.0041,2.9092,0.0063,-0.0042,3.1416,15.6850,0.3810,0.3636,-9.0260,-0.0792,-0.0780,-0.1101,0.9647,-0.9990,-7.4201,-0.0627,-0.0657,-0.1139,-2.7719,-0.5569,-16.4550,-0.0356,-0.0758,-0.1591,3.3453,-14.5325,-6.3984,0.0855,-0.0700,-0.1491,15.6850,0.1130,0.0258,0.0358,930.3613,935.1895,773.7241,899.3518,-1.369834,0.674900,-0.291032,0.111566,-0.083236,-0.022976,0.000000,0.000000,0.000000,0.000000,0.000000,0.000000,-1.369651,0.673968,-0.300366,1.0000,1.0000,1.0000,1.660,4.810,0.340,5.000,3.000,8.000,1.500,0.060,0.110,27219530,999043885,27217271,194,1344,1506,1504,1505,1000,1000,2008,1505,1505,1105,2008,1625,1256,1000,1000
-0.0171,-0.0140,-0.8707,-0.0082,-0.0051,2.9079,0.0063,-0.0042,3.1416,15.6850,0.0382,0.4967,-9.0882,-0.0542,-0.0774,-0.1172,0.5748,-1.7675,-8.1457,-0.0524,-0.0919,-0.1167,-1.3258,24.8289,-15.1526,0.1390,-0.0118,-0.0871,-0.7292,-31.6888,-11.9526,-0.0144,-0.1103,-0.0940,15.6850,0.1093,0.0271,0.0371,928.9206,937.3370,772.7271,899.4625,-1.368505,0.673888,-0.291283,0.110142,-0.084377,-0.018761,0.000000,0.000000,0.000000,0.000000,0.000000,0.000000,-1.369651,0.673968,-0.300366,1.0000,1.0000,1.0000,1.660,4.810,0.340,5.000,3.000,8.000,1.500,0.060,0.110,27230030,999043885,27229271,194,1344,1506,1504,1505,1000,1000,2008,1505,1505,1105,2008,1625,1256,1000,1000
-0.0177,-0.0145,-0.8718,-0.0087,-0.0057,2.9070,0.0063,-0.0042,3.1416,15.6850,-0.3765,-0.0972,-10.1729,-0.0337,-0.0427,-0.1100,-0.2854,-1.0003,-11.0900,-0.0455,-0.0810,-0.1137,-1.4408,20.5839,-9.1096,0.0449,-0.0289,-0.0330,-1.0022,17.3989,-12.1932,-0.1891,-0.0730,-0.0977,15.6850,0.1050,0.0194,0.0371,925.8516,936.0347,776.5274,900.7092,-1.367508,0.673142,-0.291451,0.110699,-0.083269,-0.016760,0.000000,0.000000,0.000000,0.000000,0.000000,0.000000,-1.369651,0.673968,-0.300366,1.0000,1.0000,1.0000,1.660,4.810,0.340,5.000,3.000,8.000,1.500,0.060,0.110,27240530,999043885,27238271,194,1344,1506,1504,1505,1000,1000,2008,1505,1505,1105,2008,1625,1256,1000,1000
-0.0178,-0.0148,-0.8729,-0.0088,-0.0060,2.9058,0.0063,-0.0042,3.1416,15.6850,0.1245,-0.2471,-9.9235,0.0051,0.0008,-0.1073,-0.5934,3.2875,-9.4960,-0.0054,-0.0106,-0.1121,8.1289,4.8014,-4.6971,0.0830,-0.0356,-0.0642,-10.1837,18.4835,-8.8352,-0.0258,-0.0583,-0.0738,15.6850,0.0932,0.0075,0.0366,920.2914,934.8411,784.0247,901.1522,-1.366172,0.672132,-0.291652,0.111910,-0.085551,-0.016782,0.000000,0.000000,0.000000,0.000000,0.000000,0.000000,-1.369651,0.673968,-0.300366,1.0000,1.0000,1.0000,1.660,4.810,0.340,5.000,3.000,8.000,1.500,0.060,0.110,27251030,999043885,27250282,194,1344,1506,1504,1505,1000,1000,2008,1505,1505,1105,2008,1625,1256,1000,1000
-0.0177,-0.0145,-0.8740,-0.0086,-0.0058,2.9049,0.0063,-0.0042,3.1416,15.6850,0.1652,0.2678,-9.3970,0.0520,0.0247,-0.1082,1.9635,-1.6913,-8.8372,0.0416,0.0040,-0.0963,6.2782,15.0725,-8.2381,0.0633,0.1203,-0.1063,-2.4262,25.4832,-9.4727,-0.0575,0.1643,-0.1478,15.6850,0.0771,-0.0072,0.0360,913.0134,933.6813,793.5955,901.3801,-1.365166,0.671353,-0.291790,0.112046,-0.085782,-0.015028,0.000000,0.000000,0.000000,0.000000,0.000000,0.000000,-1.369651,0.673968,-0.300366,1.0000,1.0000,1.0000,1.660,4.810,0.340,5.000,3.000,8.000,1.500,0.060,0.110,27261530,999043885,27259271,194,1344,1506,1504,1505,1000,1000,2008,1505,1505,1105,2008,1625,1256,1000,1000
-0.0171,-0.0137,-0.8751,-0.0076,-0.0050,2.9037,0.0063,-0.0042,3.1416,15.6850,-0.5281,0.9110,-9.6791,0.1022,0.0955,-0.1003,-0.1558,-3.2504,-10.2017,0.1138,0.1049,-0.0937,1.3892,-20.3545,-13.6179,0.0129,0.1520,-0.0826,2.4384,10.4872,-0.5911,0.1103,0.2381,-0.1246,15.6850,0.0603,-0.0264,0.0364,903.4895,932.0890,803.7440,903.6296,-1.363828,0.670303,-0.291953,0.110761,-0.089809,-0.012244,0.000000,0.000000,0.000000,0.000000,0.000000,0.000000,-1.369651,0.673968,-0.300366,1.0000,1.0000,1.0000,1.660,4.810,0.340,5.000,3.000,8.000,1.500,0.060,0.110,27272030,999043885,27271271,194,1344,1506,1504,1505,1000,1000,2008,1505,1505,1105,2008,1625,1256,1000,1000
-0.0159,-0.0126,-0.8761,-0.0065,-0.0040,2.9028,0.0063,-0.0042,3.1416,15.6850,-0.5574,0.1731,-9.5721,0.1374,0.1498,-0.1002,-1.4609,0.3290,-10.4300,0.1438,0.1281,-0.1026,12.2517,-4.2511,-14.0584,0.1118,0.0526,-0.0634,6.9241,5.3532,-1.1837,0.0807,0.0855,-0.0863,15.6850,0.0387,-0.0518,0.0363,891.3514,929.3859,817.4066,906.2090,-1.362831,0.669487,-0.292061,0.110987,-0.092371,-0.011493,0.000000,0.000000,0.000000,0.000000,0.000000,0.000000,-1.369651,0.673968,-0.300366,1.0000,1.0000,1.0000,1.660,4.810,0.340,5.000,3.000,8.000,1.500,0.060,0.110,27282530,999043885,27280271,194,1344,1506,1504,1505,1000,1000,2008,1505,1505,1105,2008,1625,1256,1000,1000
-0.0142,-0.0109,-0.8772,-0.0047,-0.0023,2.9017,0.0063,-0.0042,3.1416,15.6850,0.4714,-0.1072,-9.1069,0.1647,0.1501,-0.0987,1.1577,1.8778,-7.3826,0.1659,0.1580,-0.1001,-12.4397,-4.6007,-14.4678,0.0971,0.2114,-0.1220,10.6215,4.1375,-10.2628,0.2043,0.1412,-0.0863,15.6850,0.0270,-0.0565,0.0364,887.2444,930.6159,821.6483,905.1406,-1.361510,0.668383,-0.292187,0.109078,-0.091797,-0.008517,0.000000,0.000000,0.000000,0.000000,0.000000,0.000000,-1.369651,0.673968,-0.300366,1.0000,1.0000,1.0000,1.660,4.810,0.340,5.000,3.000,8.000,1.500,0.060,0.110,27293030,999043885,27292271,194,1344,1506,1504,1505,1000,1000,2008,1505,1505,1105,2008,1625,1256,1000,1000
-0.0124,-0.0091,-0.8783,-0.0031,-0.0010,2.9008,0.0063,-0.0042,3.1416,15.6850,0.5212,0.2694,-9.6031,0.1752,0.1453,-0.1045,0.9877,-1.2506,-11.0805,0.1651,0.1280,-0.1086,-6.1478,5.3664,-14.7049,0.3055,0.2272,-0.1436,-3.3671,-1.7075,-18.6272,0.2056,0.1531,-0.1132,15.6850,0.0205,-0.0567,0.0369,885.3431,932.3441,822.7584,904.2150,-1.360537,0.667544,-0.292251,0.107222,-0.093564,-0.004668,0.000000,0.000000,0.000000,0.000000,0.000000,0.000000,-1.369651,0.673968,-0.300366,1.0000,1.0000,1.0000,1.660,4.810,0.340,5.000,3.000,8.000,1.500,0.060,0.110,27303530,999043885,27301272,194,1344,1506,1504,1505,1000,1000,2008,1505,1505,1105,2008,1625,1256,1000,1000
-0.0107,-0.0074,-0.8794,0.0006,0.0034,2.9043,0.0063,-0.0042,3.1416,15.6850,0.1390,0.7214,-9.7325,0.1739,0.1327,-0.1153,0.6210,2.1277,-11.4088,0.1663,0.1127,-0.1114,-3.6051,-18.9802,3.9867,0.0007,0.1105,-0.1591,-7.2243,7.3249,-2.7980,0.1489,0.1704,-0.1657,15.6850,0.0174,-0.0589,0.0372,883.7047,932.6016,823.8801,904.5309,-1.355633,0.662946,-0.298193,0.117983,-0.110826,-0.015352,0.000000,0.000000,0.000000,0.000000,0.000000,0.000000,-1.354313,0.661760,-0.305338,1.0000,1.0000,1.0000,1.660,4.810,0.340,5.000,3.000,8.000,1.500,0.060,0.110,27313577,999177118,27313318,195,1344,1506,1504,1505,1000,1000,2008,1505,1505,1105,2008,1625,1256,1000,1000
-0.0089,-0.0059,-0.8808,0.0020,0.0043,2.9032,0.0063,-0.0042,3.1416,15.6850,-0.0892,-0.3430,-8.9389,0.1368,0.0937,-0.1329,-1.0882,-1.9094,-7.9898,0.1096,0.0755,-0.1208,10.1232,11.1484,-15.4088,0.1083,0.0215,-0.0919,-0.1097,-14.0908,-7.2639,0.1830,0.0911,-0.0852,15.6850,0.0217,-0.0457,0.0392,887.0801,936.8978,816.5328,903.4488,-1.354580,0.661955,-0.298307,0.115254,-0.110938,-0.010820,0.000000,0.000000,0.000000,0.000000,0.000000,0.000000,-1.354313,0.661760,-0.305338,1.0000,1.0000,1.0000,1.660,4.810,0.340,5.000,3.000,8.000,1.500,0.060,0.110,27324077,999177118,27322318,195,1344,1506,1504,1505,1000,1000,2008,1505,1505,1105,2008,1625,1255,1000,1000
-0.0075,-0.0048,-0.8821,0.0031,0.0050,2.9018,0.0063,-0.0042,3.1416,15.6850,0.2724,-0.7329,-8.9566,0.0662,0.0430,-0.1225,0.6924,-1.2364,-9.3788,0.0758,0.0403,-0.1259,-0.1168,4.6721,-7.1488,0.0172,-0.0481,-0.1151,0.4667,1.0866,-7.6051,0.0431,0.0373,-0.0906,15.6850,0.0394,-0.0316,0.0388,895.5103,936.8309,808.0564,902.8223,-1.353212,0.660649,-0.298386,0.113116,-0.106424,-0.002596,0.000000,0.000000,0.000000,0.000000,0.000000,0.000000,-1.354313,0.661760,-0.305338,1.0000,1.0000,1.0000,1.660,4.810,0.340,5.000,3.000,8.000,1.500,0.060,0.110,27334577,999177118,27334318,195,1344,1506,1504,1505,1000,1000,2008,1505,1505,1105,2008,1625,1255,1000,1000
-0.0070,-0.0043,-0.8834,0.0034,0.0049,2.9007,0.0063,-0.0042,3.1416,15.6850,0.4614,0.2652,-9.1305,-0.0197,-0.0235,-0.1221,0.3031,-1.1787,-8.0179,-0.0047,-0.0211,-0.1233,9.0770,10.7031,-9.8111,0.0513,-0.1539,-0.1444,-9.0865,-20.9648,-2.7316,0.1073,-0.0916,-0.1435,15.6850,0.0667,-0.0110,0.0391,907.3235,937.0274,794.2862,903.0433,-1.352210,0.659689,-0.298388,0.110452,-0.104925,0.003170,0.000000,0.000000,0.000000,0.000000,0.000000,0.000000,-1.354313,0.661760,-0.305338,1.0000,1.0000,1.0000,1.660,4.810,0.340,5.000,3.000,8.000,1.500,0.060,0.110,27345077,999177118,27343318,195,1344,1506,1504,1505,1000,1000,2008,1505,1505,1105,2008,1625,1256,1000,1000
-0.0075,-0.0043,-0.8847,0.0026,0.0042,2.8993,0.0063,-0.0042,3.1416,15.6850,0.3467,0.3384,-9.1767,-0.0964,-0.0876,-0.1255,1.2224,2.5017,-9.9825,-0.0819,-0.0768,-0.1240,7.3795,-3.6981,-6.0091,-0.1163,-0.0462,-0.1468,7.4592,-8.5707,-4.0424,-0.0722,-0.0466,-0.1334,15.6850,0.0997,0.0041,0.0381,919.5803,933.5854,781.9517,904.9730,-1.350903,0.658445,-0.298301,0.107366,-0.102782,0.011531,0.000000,0.000000,0.000000,0.000000,0.000000,0.000000,-1.354313,0.661760,-0.305338,1.0000,1.0000,1.0000,1.660,4.810,0.340,5.000,3.000,8.000,1.500,0.060,0.110,27355577,999177118,27355318,195,1344,1506,1504,1505,1000,1000,2008,1505,1505,1105,2008,1625,1256,1000,1000
-0.0087,-0.0050,-0.8861,0.0012,0.0031,2.8981,0.0063,-0.0042,3.1416,15.6850,0.1656,-0.8292,-9.4040,-0.1862,-0.1452,-0.1346,0.0117,0.6997,-10.1649,-0.1873,-0.1544,-0.1330,-1.3785,13.6886,-13.3833,-0.2114,-0.1533,-0.0989,-1.7797,-20.1944,-3.4947,-0.1467,-0.1167,-0.0916,15.6850,0.1316,0.0255,0.0402,930.9846,934.4085,764.2059,907.6187,-1.349938,0.657540,-0.298174,0.106391,-0.100086,0.016759,0.000000,0.000000,0.000000,0.000000,0.000000,0.000000,-1.354313,0.661760,-0.305338,1.0000,1.0000,1.0000,1.660,4.810,0.340,5.000,3.000,8.000,1.500,0.060,0.110,27366077,999177118,27364318,195,1344,1506,1504,1505,1000,1000,2008,1505,1505,1105,2008,1625,1256,1000,1000
-0.0108,-0.0064,-0.8874,-0.0016,0.0010,2.8966,0.0063,-0.0042,3.1416,15.6850,0.1998,-0.8378,-9.4658,-0.2732,-0.1888,-0.1267,0.9019,-2.1916,-9.5165,-0.2575,-0.1950,-0.1317,2.9406,24.2399,-5.7027,-0.1989,-0.1555,-0.1231,-5.1772,-1.8835,-7.3501,-0.3153,-0.2370,-0.1209,15.6850,0.1547,0.0498,0.0403,942.5891,936.4763,749.5073,905.7654,-1.348662,0.656381,-0.297930,0.106151,-0.092973,0.023388,0.000000,0.000000,0.000000,0.000000,0.000000,0.000000,-1.354313,0.661760,-0.305338,1.0000,1.0000,1.0000,1.660,4.810,0.340,5.000,3.000,8.000,1.500,0.060,0.110,27376577,999177118,27376318,195,1344,1506,1504,1505,1000,1000,2008,1505,1505,1105,2008,1625,1256,1000,1000
-0.0138,-0.0081,-0.8888,-0.0043,-0.0008,2.8954,0.0063,-0.0042,3.1416,15.6850,0.3482,0.6630,-8.9609,-0.3140,-0.2049,-0.1354,-0.2638,0.3506,-9.3562,-0.3073,-0.2168,-0.1265,2.5480,-9.2813,-12.3298,-0.3311,-0.3100,-0.1620,-9.7365,-3.0776,-6.8330,-0.2860,-0.2535,-0.1574,15.6850,0.1790,0.0588,0.0412,949.5105,934.5348,738.8375,909.3007,-1.347714,0.655548,-0.297693,0.104902,-0.090687,0.028174,0.000000,0.000000,0.000000,0.000000,0.000000,0.000000,-1.354313,0.661760,-0.305338,1.0000,1.0000,1.0000,1.660,4.810,0.340,5.000,3.000,8.000,1.500,0.060,0.110,27387077,999177118,27385318,195,1344,1506,1504,1505,1000,1000,2008,1505,1505,1105,2008,1625,1256,1000,1000
-0.0172,-0.0101,-0.8902,-0.0081,-0.0033,2.8939,0.0063,-0.0042,3.1416,15.6850,-0.4433,0.4310,-9.1470,-0.3176,-0.1930,-0.1312,-0.9559,-1.5399,-8.3359,-0.3342,-0.2335,-0.1408,11.2581,-3.3102,-12.0329,-0.2117,-0.1307,-0.1260,7.7448,-10.5119,-8.5838,-0.3183,-0.1614,-0.1308,15.6850,0.1965,0.0632,0.0404,955.0136,931.4227,733.5445,911.0144,-1.346451,0.654459,-0.297314,0.106099,-0.091423,0.034892,0.000000,0.000000,0.000000,0.000000,0.000000,0.000000,-1.354313,0.661760,-0.305338,1.0000,1.0000,1.0000,1.660,4.810,0.340,5.000,3.000,8.000,1.500,0.060,0.110,27397577,999177118,27397319,195,1344,1506,1504,1505,1000,1000,2008,1505,1505,1105,2008,1625,1255,1000,1000
-0.0204,-0.0119,-0.8914,-0.0103,-0.0038,2.8954,0.0063,-0.0042,3.1416,15.6850,-0.4158,-0.1457,-9.7922,-0.3043,-0.1461,-0.1310,1.4598,-0.2778,-9.3960,-0.3078,-0.1598,-0.1332,-1.8933,10.6001,-13.8286,-0.2706,-0.1792,-0.0719,8.6767,-2.3665,-2.4694,-0.3076,-0.1715,-0.0714,15.6850,0.1956,0.0481,0.0402,950.7839,927.1771,739.3936,915.0320,-1.344064,0.652171,-0.299570,0.112339,-0.098572,0.030711,0.000000,0.000000,0.000000,0.000000,0.000000,0.000000,-1.343285,0.651367,-0.303212,1.0000,1.0000,1.0000,1.660,4.810,0.340,5.000,3.000,8.000,1.500,0.060,0.110,27407623,999311762,27406364,196,1344,1506,1504,1505,1000,1000,2008,1505,1505,1105,2008,1625,1255,1000,1000
-0.0232,-0.0133,-0.8927,-0.0128,-0.0051,2.8943,0.0063,-0.0042,3.1416,15.6850,0.1846,-0.0748,-9.6909,-0.2541,-0.1142,-0.1153,0.4029,1.1651,-10.0825,-0.2813,-0.1291,-0.1190,3.7810,2.9602,-10.0505,-0.1928,-0.1757,-0.1172,3.4189,20.3349,-16.9231,-0.2948,-0.1246,-0.1284,15.6850,0.1832,0.0392,0.0390,946.5887,926.4460,747.1913,913.7872,-1.343058,0.651288,-0.299283,0.112730,-0.098441,0.033649,0.000000,0.000000,0.000000,0.000000,0.000000,0.000000,-1.343285,0.651367,-0.303212,1.0000,1.0000,1.0000,1.660,4.810,0.340,5.000,3.000,8.000,1.500,0.060,0.110,27418123,999311762,27415364,196,1344,1506,1504,1505,1000,1000,2008,1505,1505,1105,2008,1625,1256,1000,1000
-0.0256,-0.0141,-0.8938,-0.0154,-0.0062,2.8930,0.0063,-0.0042,3.1416,15.6850,0.6232,0.5473,-9.6497,-0.1849,-0.0696,-0.1074,0.4772,1.9356,-11.0285,-0.1954,-0.0968,-0.1177,-12.5618,-7.5886,-2.2766,-0.1917,0.0161,-0.1831,-16.8386,-2.4994,-14.2421,-0.1838,-0.1113,-0.1681,15.6850,0.1654,0.0253,0.0379,939.7629,925.4769,757.9559,912.9484,-1.341707,0.650103,-0.298860,0.111387,-0.099371,0.036057,0.000000,0.000000,0.000000,0.000000,0.000000,0.000000,-1.343285,0.651367,-0.303212,1.0000,1.0000,1.0000,1.660,4.810,0.340,5.000,3.000,8.000,1.500,0.060,0.110,27428152,999311762,27427394,196,1344,1506,1504,1505,1000,1000,2008,1505,1505,1105,2008,1625,1256,1000,1000
-0.0275,-0.0144,-0.8951,-0.0167,-0.0064,2.8919,0.0063,-0.0042,3.1416,15.6850,-0.4780,0.2464,-9.8670,-0.1023,-0.0020,-0.1236,-2.3397,1.4165,-11.3980,-0.1226,-0.0243,-0.1250,0.1945,8.7303,-7.0865,-0.1800,0.0622,-0.1111,-1.8444,17.2840,-11.4731,-0.1835,0.0541,-0.1617,15.6850,0.1403,0.0081,0.0394,928.4907,927.0027,768.8177,913.8513,-1.340703,0.649198,-0.298533,0.110378,-0.101045,0.037157,0.000000,0.000000,0.000000,0.000000,0.000000,0.000000,-1.343285,0.651367,-0.303212,1.0000,1.0000,1.0000,1.660,4.810,0.340,5.000,3.000,8.000,1.500,0.060,0.110,27438652,999311762,27436393,196,1344,1506,1504,1505,1000,1000,2008,1505,1505,1105,2008,1625,1256,1000,1000
-0.0283,-0.0141,-0.8963,-0.0174,-0.0060,2.8906,0.0063,-0.0042,3.1416,15.6850,-0.2328,0.7874,-9.5044,-0.0226,0.0841,-0.1096,-0.7943,-1.0111,-7.7257,-0.0464,0.0766,-0.1144,-1.4479,-9.9613,-0.3157,-0.0052,0.0913,-0.0807,-4.5218,-9.6697,-5.6083,0.0386,-0.0123,-0.1225,15.6850,0.1146,-0.0193,0.0386,915.7178,924.1036,785.5671,915.4297,-1.339368,0.647970,-0.298069,0.111507,-0.103847,0.039839,0.000000,0.000000,0.000000,0.000000,0.000000,0.000000,-1.343285,0.651367,-0.303212,1.0000,1.0000,1.0000,1.660,4.810,0.340,5.000,3.000,8.000,1.500,0.060,0.110,27449152,999311762,27448393,196,1344,1506,1504,1505,1000,1000,2008,1505,1505,1105,2008,1625,1256,1000,1000
-0.0283,-0.0130,-0.8974,-0.0173,-0.0052,2.8897,0.0063,-0.0042,3.1416,15.6850,0.1416,0.5811,-8.9547,0.0485,0.1075,-0.1148,1.7311,1.7793,-8.5200,0.0515,0.1001,-0.1091,-4.0073,-0.5353,-7.9772,0.1248,-0.0201,-0.0973,-12.5827,-9.5584,-8.6592,0.1806,0.1236,-0.0959,15.6850,0.0934,-0.0375,0.0388,905.6495,923.6520,796.6712,916.3051,-1.338377,0.647024,-0.297698,0.109207,-0.106575,0.042562,0.000000,0.000000,0.000000,0.000000,0.000000,0.000000,-1.343285,0.651367,-0.303212,1.0000,1.0000,1.0000,1.660,4.810,0.340,5.000,3.000,8.000,1.500,0.060,0.110,27459652,999311762,27457393,196,1344,1506,1504,1505,1000,1000,2008,1505,1505,1105,2008,1625,1256,1000,1000
-0.0274,-0.0114,-0.8987,-0.0162,-0.0040,2.8883,0.0063,-0.0042,3.1416,15.6850,-0.0543,0.2127,-9.8031,0.1162,0.1091,-0.1091,-0.3566,0.7605,-11.2047,0.1136,0.1096,-0.1083,4.9302,-10.3515,-7.6444,0.0220,0.1232,-0.1226,-1.5337,-1.0431,-3.1320,0.1244,0.1824,-0.1007,15.6850,0.0710,-0.0421,0.0392,899.0744,927.4236,803.3133,913.1663,-1.337085,0.645734,-0.297151,0.106753,-0.108767,0.048361,0.000000,0.000000,0.000000,0.000000,0.000000,0.000000,-1.343285,0.651367,-0.303212,1.0000,1.0000,1.0000,1.660,4.810,0.340,5.000,3.000,8.000,1.500,0.060,0.110,27470152,999311762,27469393,196,1344,1506,1504,1505,1000,1000,2008,1505,1505,1105,2008,1625,1256,1000,1000
-0.0258,-0.0098,-0.8997,-0.0151,-0.0031,2.8874,0.0063,-0.0042,3.1416,15.6850,0.1580,-0.1118,-9.9160,0.1360,0.0928,-0.0787,0.3991,3.8867,-11.6510,0.1577,0.1544,-0.1121,1.8824,-6.7698,-0.5982,0.2386,0.0937,-0.1247,-4.5577,-26.1975,2.7561,0.2898,0.1302,-0.1108,15.6850,0.0567,-0.0356,0.0379,898.8519,931.3158,806.1232,906.9264,-1.336134,0.644745,-0.296703,0.104709,-0.111064,0.051241,0.000000,0.000000,0.000000,0.000000,0.000000,0.000000,-1.343285,0.651367,-0.303212,1.0000,1.0000,1.0000,1.660,4.810,0.340,5.000,3.000,8.000,1.500,0.060,0.110,27480652,999311762,27478393,196,1344,1506,1504,1505,1000,1000,2008,1505,1505,1105,2008,1625,1256,1000,1000
-0.0243,-0.0084,-0.9007,-0.0133,-0.0020,2.8864,0.0063,-0.0042,3.1416,15.6850,0.2717,0.2468,-8.9212,0.1406,0.0953,-0.1138,-1.0851,-2.7977,-7.8723,0.1584,0.0620,-0.1049,0.4555,16.5234,-16.9674,0.2634,0.0670,-0.0882,3.7026,-9.2711,-1.0185,0.1862,0.0898,-0.0937,15.6850,0.0482,-0.0356,0.0374,897.3787,932.7318,808.7468,904.5915,-1.334901,0.643401,-0.296053,0.101004,-0.111972,0.057614,0.000000,0.000000,0.000000,0.000000,0.000000,0.000000,-1.343285,0.651367,-0.303212,1.0000,1.0000,1.0000,1.660,4.810,0.340,5.000,3.000,8.000,1.500,0.060,0.110,27491152,999311762,27490393,196,1344,1506,1504,1505,1000,1000,2008,1505,1505,1105,2008,1625,1256,1000,1000
-0.0228,-0.0072,-0.9019,-0.0120,-0.0013,2.8854,0.0063,-0.0042,3.1416,15.6850,0.0677,0.3061,-8.8092,0.1429,0.0682,-0.1086,0.2376,0.4467,-8.7268,0.1608,0.0628,-0.1074,-2.9826,5.1964,-19.2658,0.2162,0.1275,-0.0637,-1.7061,5.7896,-20.6851,0.2093,0.0815,-0.0783,15.6850,0.0459,-0.0358,0.0388,895.7243,934.2088,807.8828,905.4786,-1.333992,0.642395,-0.295507,0.099773,-0.111720,0.063324,0.000000,0.000000,0.000000,0.000000,0.000000,0.000000,-1.343285,0.651367,-0.303212,1.0000,1.0000,1.0000,1.660,4.810,0.340,5.000,3.000,8.000,1.500,0.060,0.110,27501652,999311762,27499393,196,1344,1506,1504,1505,1000,1000,2008,1505,1505,1105,2008,1625,1256,1000,1000
-0.0213,-0.0063,-0.9030,-0.0104,-0.0006,2.8842,0.0063,-0.0042,3.1416,15.6850,-0.3153,-0.4426,-9.6227,0.1135,0.0497,-0.1081,0.8026,3.7688,-10.8468,0.1290,0.0639,-0.0988,11.2964,12.7022,-9.1384,0.2213,0.0420,-0.0885,11.3146,28.7658,-13.5561,-0.0391,0.0306,-0.0906,15.6850,0.0502,-0.0257,0.0387,899.7225,936.0678,803.6333,903.3737,-1.332803,0.641046,-0.294722,0.098853,-0.112531,0.067575,0.000000,0.000000,0.000000,0.000000,0.000000,0.000000,-1.343285,0.651367,-0.303212,1.0000,1.0000,1.0000,1.660,4.810,0.340,5.000,3.000,8.000,1.500,0.060,0.110,27512152,999311762,27511393,196,1344,1506,1504,1505,1000,1000,2008,1505,1505,1105,2008,1625,1256,1000,1000
-0.0200,-0.0056,-0.9041,-0.0094,-0.0003,2.8833,0.0063,-0.0042,3.1416,15.6850,0.4820,-0.0602,-9.7845,0.0902,0.0247,-0.0870,1.5553,1.4361,-9.5940,0.1017,0.0494,-0.1018,2.7347,7.4877,-4.3691,-0.0073,-0.0425,-0.0919,5.4857,23.0231,-0.7006,-0.0972,0.0133,-0.1113,15.6850,0.0613,-0.0158,0.0371,906.2561,935.3981,799.2603,901.4141,-1.331919,0.640047,-0.294097,0.099181,-0.109092,0.071323,0.000000,0.000000,0.000000,0.000000,0.000000,0.000000,-1.343285,0.651367,-0.303212,1.0000,1.0000,1.0000,1.660,4.810,0.340,5.000,3.000,8.000,1.500,0.060,0.110,27522652,999311762,27520394,196,1344,1506,1504,1505,1000,1000,2008,1505,1505,1105,2008,1625,1256,1000,1000
-0.0190,-0.0053,-0.9050,-0.0083,-0.0002,2.8827,0.0063,-0.0042,3.1416,15.6850,0.6630,0.1959,-9.1076,0.0724,-0.0320,-0.1065,-0.7007,-2.2125,-10.0782,0.0836,-0.0066,-0.1015,-2.7959,-1.1937,-18.1980,0.0273,-0.0284,-0.1007,-1.1404,2.6309,-21.7446,0.0711,-0.0149,-0.1156,15.6850,0.0656,0.0033,0.0391,911.2073,941.3414,789.7122,898.6470,-1.330484,0.638484,-0.293717,0.097924,-0.107888,0.075358,0.000000,0.000000,0.000000,0.000000,0.000000,0.000000,-1.330917,0.638965,-0.294813,1.0000,1.0000,1.0000,1.660,4.810,0.340,5.000,3.000,8.000,1.500,0.060,0.110,27532726,999443521,27532467,197,1344,1506,1504,1505,1000,1000,2008,1505,1505,1105,2008,1625,1256,1000,1000
-0.0183,-0.0054,-0.9061,-0.0078,-0.0005,2.8818,0.0063,-0.0042,3.1416,15.6850,0.2019,0.6224,-9.4137,0.0458,-0.0475,-0.1023,-1.4154,-2.4520,-9.6510,0.0569,-0.0341,-0.0997,-11.8005,-22.7846,-0.4737,-0.1422,0.0540,-0.1314,-8.8764,-14.4661,-18.9146,0.0152,-0.1505,-0.0264,15.6850,0.0740,0.0085,0.0389,914.6858,940.8761,786.0591,898.8032,-1.329597,0.637522,-0.293019,0.098083,-0.105570,0.080302,0.000000,0.000000,0.000000,0.000000,0.000000,0.000000,-1.330917,0.638965,-0.294813,1.0000,1.0000,1.0000,1.660,4.810,0.340,5.000,3.000,8.000,1.500,0.060,0.110,27543226,999443521,27541467,197,1344,1506,1504,1505,1000,1000,2008,1505,1505,1105,2008,1625,1256,1000,1000
-0.0178,-0.0057,-0.9071,-0.0075,-0.0011,2.8807,0.0063,-0.0042,3.1416,15.6850,-0.2646,-0.2079,-9.7884,0.0150,-0.0390,-0.0922,0.1273,-0.1130,-7.7574,0.0286,-0.0705,-0.0775,-1.3498,-11.3475,-1.3404,-0.0369,-0.0438,-0.1007,-4.2093,-14.5038,-8.9016,0.0514,-0.0184,-0.1111,15.6850,0.0820,0.0093,0.0383,917.1111,938.9732,784.4389,899.7368,-1.328405,0.636275,-0.292033,0.099508,-0.103115,0.083515,0.000000,0.000000,0.000000,0.000000,0.000000,0.000000,-1.330917,0.638965,-0.294813,1.0000,1.0000,1.0000,1.660,4.810,0.340,5.000,3.000,8.000,1.500,0.060,0.110,27553726,999443521,27553478,197,1344,1506,1504,1505,1000,1000,2008,1505,1505,1105,2008,1625,1256,1000,1000
-0.0176,-0.0061,-0.9080,-0.0076,-0.0015,2.8800,0.0063,-0.0042,3.1416,15.6850,0.3584,-0.1984,-9.3822,-0.0323,-0.0378,-0.0791,1.0283,2.5055,-10.5795,-0.0350,-0.0570,-0.0791,-6.4853,-17.3953,-0.0212,-0.2226,-0.1003,-0.1577,-1.7025,10.8661,-10.3292,-0.1246,-0.1073,-0.1337,15.6850,0.0979,0.0084,0.0363,921.7849,933.8333,782.9250,901.6265,-1.327520,0.635353,-0.291259,0.098974,-0.100886,0.087904,0.000000,0.000000,0.000000,0.000000,0.000000,0.000000,-1.330917,0.638965,-0.294813,1.0000,1.0000,1.0000,1.660,4.810,0.340,5.000,3.000,8.000,1.500,0.060,0.110,27564226,999443521,27562467,197,1344,1506,1504,1505,1000,1000,2008,1505,1505,1105,2008,1625,1256,1000,1000
-0.0181,-0.0064,-0.9089,-0.0082,-0.0022,2.8790,0.0063,-0.0042,3.1416,15.6850,0.2983,0.9131,-9.1184,-0.0669,-0.0592,-0.1047,2.5792,6.8634,-10.6673,-0.0580,-0.0707,-0.0916,-7.8979,-27.5587,-6.6220,-0.1307,-0.0913,-0.0746,-10.6883,-9.4219,-11.6922,-0.0575,-0.1782,-0.0929,15.6850,0.1103,0.0132,0.0376,924.8109,933.5564,776.7042,904.1913,-1.326343,0.634141,-0.290168,0.096780,-0.102537,0.093670,0.000000,0.000000,0.000000,0.000000,0.000000,0.000000,-1.330917,0.638965,-0.294813,1.0000,1.0000,1.0000,1.660,4.810,0.340,5.000,3.000,8.000,1.500,0.060,0.110,27574726,999443521,27574467,197,1344,1506,1504,1505,1000,1000,2008,1505,1505,1105,2008,1625,1256,1000,1000
-0.0190,-0.0068,-0.9099,-0.0088,-0.0027,2.8782,0.0063,-0.0042,3.1416,15.6850,-0.1832,0.9109,-9.7038,-0.0633,-0.0537,-0.0850,-1.0795,1.9148,-10.0597,-0.0622,-0.0340,-0.0858,0.2543,-10.0163,-8.2477,-0.1054,-0.0121,-0.0973,7.8345,0.4617,-9.7780,0.0016,-0.0123,-0.0975,15.6850,0.1165,0.0142,0.0380,926.1430,932.7943,774.3732,905.6126,-1.325477,0.633212,-0.289316,0.094993,-0.104476,0.096980,0.000000,0.000000,0.000000,0.000000,0.000000,0.000000,-1.330917,0.638965,-0.294813,1.0000,1.0000,1.0000,1.660,4.810,0.340,5.000,3.000,8.000,1.500,0.060,0.110,27585226,999443521,27583467,197,1344,1506,1504,1505,1000,1000,2008,1505,1505,1105,2008,1625,1256,1000,1000
-0.0196,-0.0072,-0.9107,-0.0096,-0.0033,2.8773,0.0063,-0.0042,3.1416,15.6850,0.1151,-0.1988,-9.7736,-0.0536,-0.0425,-0.0826,0.1354,-2.8271,-9.8416,-0.0521,-0.0558,-0.0814,-6.9690,-12.6859,-6.8663,-0.0185,-0.0057,-0.0874,-5.4448,-16.7125,-11.1499,0.0466,-0.0863,-0.0746,15.6850,0.1176,0.0131,0.0376,926.3470,931.9720,774.8730,905.8229,-1.324345,0.631969,-0.288137,0.093168,-0.103440,0.099470,0.000000,0.000000,0.000000,0.000000,0.000000,0.000000,-1.330917,0.638965,-0.294813,1.0000,1.0000,1.0000,1.660,4.810,0.340,5.000,3.000,8.000,1.500,0.060,0.110,27595726,999443521,27595467,197,1344,1506,1504,1505,1000,1000,2008,1505,1505,1105,2008,1625,1256,1000,1000
-0.0201,-0.0074,-0.9117,-0.0101,-0.0037,2.8765,0.0063,-0.0042,3.1416,15.6850,0.2373,-0.5466,-9.3298,-0.0595,-0.0334,-0.0883,-0.5240,1.8078,-8.6421,-0.0477,-0.0412,-0.0835,0.4339,21.0604,-4.2135,-0.0044,-0.0017,-0.0477,-2.7350,18.4638,-9.4978,-0.0594,-0.0237,-0.0567,15.6850,0.1131,0.0102,0.0388,923.7095,932.9625,775.7183,906.7729,-1.323520,0.631023,-0.287223,0.091012,-0.105481,0.102764,0.000000,0.000000,0.000000,0.000000,0.000000,0.000000,-1.330917,0.638965,-0.294813,1.0000,1.0000,1.0000,1.660,4.810,0.340,5.000,3.000,8.000,1.500,0.060,0.110,27606226,999443521,27604467,197,1344,1506,1504,1505,1000,1000,2008,1505,1505,1105,2008,1625,1256,1000,1000
-0.0208,-0.0074,-0.9125,-0.0107,-0.0040,2.8756,0.0063,-0.0042,3.1416,15.6850,0.2113,0.8435,-9.1779,-0.0510,-0.0169,-0.0732,-0.3942,1.5667,-7.7639,-0.0530,-0.0350,-0.0762,-8.0176,-3.0971,-3.3300,-0.0497,-0.0835,-0.0845,-13.6117,2.0994,-5.1683,-0.0527,-0.0700,-0.0921,15.6850,0.1098,0.0060,0.0372,922.9966,931.2919,779.7236,905.7803,-1.322443,0.629726,-0.285957,0.088093,-0.109671,0.108149,0.000000,0.000000,0.000000,0.000000,0.000000,0.000000,-1.330917,0.638965,-0.294813,1.0000,1.0000,1.0000,1.660,4.810,0.340,5.000,3.000,8.000,1.500,0.060,0.110,27616726,999443521,27616467,197,1344,1506,1504,1505,1000,1000,2008,1505,1505,1105,2008,1625,1256,1000,1000
-0.0214,-0.0075,-0.9133,-0.0110,-0.0043,2.8750,0.0063,-0.0042,3.1416,15.6850,-0.3021,0.5953,-9.4198,-0.0175,-0.0286,-0.0737,1.9010,1.2038,-10.3859,-0.0158,-0.0271,-0.0660,15.2013,6.4677,-13.5652,0.0889,-0.0617,-0.0466,-0.2031,-6.5811,-1.3507,0.0746,0.0541,-0.0953,15.6850,0.1039,0.0087,0.0363,923.1355,932.7045,781.2345,902.8787,-1.321664,0.628738,-0.284971,0.084533,-0.111157,0.111568,0.000000,0.000000,0.000000,0.000000,0.000000,0.000000,-1.330917,0.638965,-0.294813,1.0000,1.0000,1.0000,1.660,4.810,0.340,5.000,3.000,8.000,1.500,0.060,0.110,27627226,999443521,27625467,197,1344,1506,1504,1505,1000,1000,2008,1505,1505,1105,2008,1625,1256,1000,1000
-0.0215,-0.0076,-0.9140,-0.0125,-0.0065,2.8691,0.0063,-0.0042,3.1416,15.6850,-0.0714,-0.0794,-9.5160,0.0039,-0.0189,-0.0765,-1.7516,-1.6957,-10.6232,0.0134,-0.0233,-0.0728,-7.6920,-6.7507,-13.6945,-0.0886,-0.0169,-0.0405,6.0694,6.9927,-12.4536,-0.0866,-0.0615,-0.0154,15.6850,0.0966,0.0092,0.0376,920.7609,935.3401,781.5093,902.3389,-1.323113,0.630659,-0.283029,0.073871,-0.099638,0.117101,0.000000,0.000000,0.000000,0.000000,0.000000,0.000000,-1.325105,0.633233,-0.282495,1.0000,1.0000,1.0000,1.660,4.810,0.340,5.000,3.000,8.000,1.500,0.060,0.110,27637270,999544399,27637011,198,1344,1506,1504,1505,1000,1000,2008,1505,1505,1105,2008,1625,1256,1000,1000
-0.0213,-0.0077,-0.9147,-0.0124,-0.0068,2.8685,0.0063,-0.0042,3.1416,15.6850,0.2745,-0.3353,-9.5751,0.0159,-0.0210,-0.0616,-0.3390,-0.0598,-9.6580,0.0187,-0.0307,-0.0648,1.3844,11.9552,-17.9323,0.0740,-0.1024,-0.0408,0.4937,6.1829,-15.0214,0.0216,-0.0485,-0.0445,15.6850,0.0919,0.0097,0.0365,920.7256,935.6425,783.7797,900.0894,-1.322461,0.629757,-0.281962,0.072215,-0.100373,0.119658,0.000000,0.000000,0.000000,0.000000,0.000000,0.000000,-1.325105,0.633233,-0.282495,1.0000,1.0000,1.0000,1.660,4.810,0.340,5.000,3.000,8.000,1.500,0.060,0.110,27647770,999544399,27646011,198,1344,1506,1504,1505,1000,1000,2008,1505,1505,1105,2008,1625,1255,1000,1000
-0.0210,-0.0076,-0.9153,-0.0120,-0.0071,2.8679,0.0063,-0.0042,3.1416,15.6850,0.4731,0.6608,-9.6456,0.0430,-0.0164,-0.0530,0.0542,-1.4202,-8.0585,0.0515,-0.0191,-0.0554,-11.1133,-11.6396,-0.8424,0.0169,0.0412,-0.1258,2.9466,13.5920,-17.7258,0.0296,-0.0048,-0.1129,15.6850,0.0852,0.0083,0.0354,919.6437,935.8813,787.0605,898.0820,-1.321620,0.628538,-0.280510,0.067851,-0.102513,0.122131,0.000000,0.000000,0.000000,0.000000,0.000000,0.000000,-1.325105,0.633233,-0.282495,1.0000,1.0000,1.0000,1.660,4.810,0.340,5.000,3.000,8.000,1.500,0.060,0.110,27658270,999544399,27658011,198,1344,1506,1504,1505,1000,1000,2008,1505,1505,1105,2008,1625,1255,1000,1000
-0.0206,-0.0075,-0.9160,-0.0114,-0.0071,2.8674,0.0063,-0.0042,3.1416,15.6850,-0.0945,0.4632,-9.6281,0.0808,0.0013,-0.0658,0.3473,2.0634,-11.1463,0.1120,0.0251,-0.0614,-7.3544,-1.7372,-4.9724,0.0358,0.0087,-0.0640,-7.2261,5.1970,-15.1310,0.0501,0.0575,-0.0796,15.6850,0.0720,0.0072,0.0357,916.3110,938.5296,790.4741,895.7238,-1.321011,0.627613,-0.279399,0.066178,-0.103469,0.124539,0.000000,0.000000,0.000000,0.000000,0.000000,0.000000,-1.325105,0.633233,-0.282495,1.0000,1.0000,1.0000,1.660,4.810,0.340,5.000,3.000,8.000,1.500,0.060,0.110,27668770,999544399,27667011,198,1344,1506,1504,1505,1000,1000,2008,1505,1505,1105,2008,1625,1256,1000,1000
-0.0196,-0.0075,-0.9165,-0.0103,-0.0070,2.8668,0.0052,-0.0042,3.1416,15.6850,-0.5306,0.0691,-9.7404,0.1068,0.0311,-0.0504,-1.3507,2.0965,-10.0132,0.1103,0.0333,-0.0486,5.4354,-18.1399,-4.5989,-0.0566,-0.0121,0.0040,1.7542,24.4471,-10.7279,-0.0645,0.0341,0.0077,15.6850,0.0569,0.0010,0.0352,911.5843,939.6771,796.7800,893.7542,-1.320213,0.626358,-0.277895,0.066856,-0.105941,0.125804,0.000000,0.000000,0.000000,0.000000,0.000000,0.000000,-1.325105,0.633233,-0.282495,1.0000,1.0000,1.0000,1.660,4.810,0.340,5.000,3.000,8.000,1.500,0.060,0.110,27679270,999544399,27679011,198,1344,1505,1504,1505,1000,1000,2008,1505,1505,1105,2008,1625,1256,1000,1000
-0.0184,-0.0070,-0.9170,-0.0092,-0.0066,2.8664,0.0052,-0.0042,3.1416,15.6850,0.0799,0.5529,-9.7183,0.1137,0.0766,-0.0282,0.3529,-0.3831,-8.9755,0.0899,0.0792,-0.0312,2.2200,-25.7056,-5.6237,0.1123,0.0308,-0.0653,2.0918,-28.5714,-6.8258,0.2509,0.0421,-0.0338,15.6850,0.0506,-0.0198,0.0352,904.1627,935.1301,805.2034,898.5005,-1.319622,0.625401,-0.276763,0.066455,-0.105990,0.126167,0.000000,0.000000,0.000000,0.000000,0.000000,0.000000,-1.325105,0.633233,-0.282495,1.0000,1.0000,1.0000,1.660,4.810,0.340,5.000,3.000,8.000,1.500,0.060,0.110,27689770,999544399,27688011,198,1344,1505,1504,1505,1000,1000,2008,1505,1505,1105,2008,1625,1256,1000,1000
-0.0171,-0.0058,-0.9173,-0.0077,-0.0055,2.8661,0.0052,-0.0042,3.1416,15.6850,0.5372,0.3443,-9.6911,0.1244,0.0986,-0.0353,0.7971,-1.1592,-10.1510,0.1514,0.1112,-0.0374,-7.7998,5.0025,-11.2644,0.1717,0.1057,-0.1090,3.4225,-10.4724,-14.3445,0.2045,0.1182,-0.0847,15.6850,0.0497,-0.0359,0.0337,900.3895,929.6626,812.2324,901.6312,-1.318838,0.624139,-0.275240,0.063931,-0.104768,0.127920,0.000000,0.000000,0.000000,0.000000,0.000000,0.000000,-1.325105,0.633233,-0.282495,1.0000,1.0000,1.0000,1.660,4.810,0.340,5.000,3.000,8.000,1.500,0.060,0.110,27700270,999544399,27700011,198,1344,1505,1504,1505,1000,1000,2008,1505,1505,1105,2008,1625,1256,1000,1000
-0.0163,-0.0050,-0.9178,-0.0066,-0.0046,2.8657,0.0052,-0.0042,3.1416,15.6850,-0.1307,0.5198,-9.9246,0.1206,0.0962,-0.0527,-1.2531,1.4694,-8.9346,0.1175,0.0793,-0.0473,2.6318,5.0887,-4.3356,0.0915,0.1547,-0.0208,-9.0506,-7.9261,-15.0753,0.1092,0.0985,-0.0402,15.6850,0.0494,-0.0375,0.0343,899.4025,929.6982,812.2501,902.5632,-1.318248,0.623176,-0.274078,0.065500,-0.109928,0.130904,0.000000,0.000000,0.000000,0.000000,0.000000,0.000000,-1.325105,0.633233,-0.282495,1.0000,1.0000,1.0000,1.660,4.810,0.340,5.000,3.000,8.000,1.500,0.060,0.110,27710770,999544399,27709011,198,1344,1505,1504,1505,1000,1000,2008,1505,1505,1105,2008,1625,1256,1000,1000
-0.0152,-0.0037,-0.9183,-0.0054,-0.0033,2.8652,0.0052,-0.0042,3.1416,15.6850,-0.4016,-0.0520,-9.9254,0.0930,0.1293,-0.0439,1.4549,-1.1605,-9.5593,0.1121,0.1421,-0.0497,7.9709,-1.6989,-1.1681,0.0225,0.0340,0.0037,-5.1772,12.8126,-9.0004,-0.0037,0.1097,-0.0248,15.6850,0.0524,-0.0392,0.0346,899.4070,928.7791,811.7929,903.9153,-1.317452,0.621841,-0.272498,0.066764,-0.111927,0.131702,0.000000,0.000000,0.000000,0.000000,0.000000,0.000000,-1.325105,0.633233,-0.282495,1.0000,1.0000,1.0000,1.660,4.810,0.340,5.000,3.000,8.000,1.500,0.060,0.110,27721270,999544399,27721011,198,1344,1505,1504,1505,1000,1000,2008,1505,1505,1105,2008,1625,1256,1000,1000
-0.0147,-0.0028,-0.9188,-0.0047,-0.0022,2.8648,0.0052,-0.0042,3.1416,15.6850,0.0717,0.1355,-9.4610,0.0713,0.1208,-0.0400,0.8064,0.7776,-10.7247,0.0719,0.1198,-0.0490,4.2431,1.6075,-16.2180,-0.0057,0.0654,-0.0754,-6.1002,-1.2532,-5.9172,0.0471,0.0756,-0.0573,15.6850,0.0544,-0.0443,0.0351,897.8950,927.2922,812.3734,906.4201,-1.316841,0.620798,-0.271336,0.069436,-0.118465,0.126671,0.000000,0.000000,0.000000,0.000000,0.000000,0.000000,-1.325105,0.633233,-0.282495,1.0000,1.0000,1.0000,1.660,4.810,0.340,5.000,3.000,8.000,1.500,0.060,0.110,27731770,999544399,27730011,198,1344,1500,1504,1505,1000,1000,2008,1505,1505,1105,2008,1625,1256,1000,1000
-0.0139,-0.0013,-0.9193,-0.0040,-0.0009,2.8643,-0.0021,-0.0042,3.1416,15.6850,0.2796,0.0731,-9.2758,0.0452,0.1004,-0.0409,-0.9068,1.0256,-9.2278,0.0688,0.0807,-0.0630,6.3811,3.1542,-17.4343,0.1115,0.1049,-0.1023,-1.2266,-21.9309,-2.5179,0.1185,0.1230,-0.0567,15.6850,0.0551,-0.0405,0.0346,899.5820,927.8290,811.5410,904.9426,-1.316020,0.619395,-0.269800,0.067682,-0.115143,0.130103,0.000000,0.000000,0.000000,0.000000,0.000000,0.000000,-1.325105,0.633233,-0.282495,1.0000,1.0000,1.0000,1.660,4.810,0.340,5.000,3.000,8.000,1.500,0.060,0.110,27742270,999544399,27742011,198,1344,1498,1504,1505,1000,1000,2008,1505,1505,1105,2008,1625,1256,1000,1000
-0.0129,-0.0005,-0.9198,-0.0036,-0.0002,2.8639,-0.0021,-0.0042,3.1416,15.6850,-0.0263,-0.0654,-9.6315,0.0244,0.0737,-0.0570,1.0530,-1.5465,-10.0553,0.0554,0.0808,-0.0510,-8.1517,5.5484,-8.3483,0.0609,0.1003,-0.0586,0.0322,-6.0406,-9.9503,0.0288,-0.0218,-0.0357,15.6850,0.0619,-0.0336,0.0361,901.9608,929.4674,806.0184,905.8287,-1.315373,0.618408,-0.268589,0.074191,-0.105986,0.139057,0.000000,0.000000,0.000000,0.000000,0.000000,0.000000,-1.325105,0.633233,-0.282495,1.0000,1.0000,1.0000,1.660,4.810,0.340,5.000,3.000,8.000,1.500,0.060,0.110,27752770,999544399,27751011,198,1344,1498,1504,1505,1000,1000,2008,1505,1505,1105,2008,1625,1256,1000,1000
-0.0127,0.0002,-0.9204,-0.0067,-0.0028,2.8534,-0.0021,-0.0042,3.1416,15.6850,0.0975,-0.4670,-9.7236,-0.0015,0.0421,-0.0605,-1.4421,-1.8107,-9.7714,0.0170,0.0576,-0.0590,2.4642,18.0174,-7.0865,0.0726,-0.0774,-0.0109,-14.5060,2.2628,-9.6558,-0.0447,-0.0525,-0.0226,15.6850,0.0690,-0.0251,0.0369,905.3655,930.9774,800.6340,905.6565,-1.318280,0.623710,-0.267370,0.060417,-0.078818,0.140517,0.000000,0.000000,0.000000,0.000000,0.000000,0.000000,-1.320802,0.627943,-0.267970,1.0000,1.0000,1.0000,1.660,4.810,0.340,5.000,3.000,8.000,1.500,0.060,0.110,27763317,999644471,27763011,199,1344,1498,1504,1505,1000,1000,2008,1505,1505,1105,2008,1625,1256,1000,1000
-0.0122,0.0002,-0.9211,-0.0069,-0.0027,2.8530,-0.0031,-0.0042,3.1416,15.6850,0.1416,-1.0494,-9.3954,-0.0390,-0.0105,-0.0596,1.4864,2.3936,-8.3470,-0.0058,0.0573,-0.0570,0.2974,-10.5311,-12.4088,-0.1155,0.0311,-0.0746,4.7908,17.5713,-2.4227,-0.2061,-0.0546,-0.0762,15.6850,0.0835,-0.0026,0.0381,914.1690,935.1050,788.3250,903.3556,-1.317678,0.623083,-0.266097,0.070778,-0.061764,0.140760,0.000000,0.000000,0.000000,0.000000,0.000000,0.000000,-1.320802,0.627943,-0.267970,1.0000,1.0000,1.0000,1.660,4.810,0.340,5.000,3.000,8.000,1.500,0.060,0.110,27773817,999644471,27772058,199,1344,1497,1504,1505,1000,1000,2008,1505,1505,1105,2008,1625,1255,1000,1000
-0.0127,0.0003,-0.9217,-0.0076,-0.0029,2.8523,-0.0031,-0.0042,3.1416,15.6850,0.1994,0.4789,-9.3829,-0.0748,-0.0312,-0.0541,0.2537,-1.2440,-10.6554,-0.0873,-0.0521,-0.0580,1.2647,-9.1377,-14.0632,-0.0833,0.0193,-0.1066,-0.8980,-14.7318,-4.5398,-0.0407,-0.0237,-0.0860,15.6850,0.0959,0.0076,0.0374,920.2887,934.8610,782.4593,902.4938,-1.316843,0.622355,-0.264382,0.067835,-0.060533,0.145318,0.000000,0.000000,0.000000,0.000000,0.000000,0.000000,-1.320802,0.627943,-0.267970,1.0000,1.0000,1.0000,1.660,4.810,0.340,5.000,3.000,8.000,1.500,0.060,0.110,27784317,999644471,27784058,199,1344,1497,1504,1505,1000,1000,2008,1505,1505,1105,2008,1625,1255,1000,1000
-0.0138,-0.0001,-0.9224,-0.0083,-0.0033,2.8517,-0.0031,-0.0042,3.1416,15.6850,-0.2276,0.2948,-9.2683,-0.0782,-0.0461,-0.0669,-0.0925,2.0916,-9.7674,-0.0753,-0.0358,-0.0600,-2.9132,3.6857,-5.5710,0.0300,-0.0228,-0.0480,8.2745,-0.6696,-16.0270,-0.0565,-0.0333,-0.0684,15.6850,0.1040,0.0160,0.0378,924.1618,935.8051,777.1852,902.1147,-1.316235,0.621798,-0.263028,0.066556,-0.063693,0.154191,0.000000,0.000000,0.000000,0.000000,0.000000,0.000000,-1.320802,0.627943,-0.267970,1.0000,1.0000,1.0000,1.660,4.810,0.340,5.000,3.000,8.000,1.500,0.060,0.110,27794817,999644471,27793058,199,1344,1497,1504,1505,1000,1000,2008,1505,1505,1105,2008,1625,1256,1000,1000
-0.0146,-0.0007,-0.9229,-0.0091,-0.0042,2.8511,-0.0042,-0.0042,3.1416,15.6850,0.2750,-0.0277,-9.5315,-0.0576,-0.0858,-0.0616,0.9338,-1.6695,-8.8627,-0.0432,-0.0574,-0.0657,-6.4183,-4.4690,-4.7306,-0.1368,-0.1829,0.0104,-3.6239,7.9211,-13.1036,-0.0932,-0.2314,-0.0104,15.6850,0.0981,0.0253,0.0373,925.9570,939.2899,776.0497,897.6185,-1.315459,0.621024,-0.261158,0.062496,-0.065191,0.157083,0.000000,0.000000,0.000000,0.000000,0.000000,0.000000,-1.320802,0.627943,-0.267970,1.0000,1.0000,1.0000,1.660,4.810,0.340,5.000,3.000,8.000,1.500,0.060,0.110,27805317,999644471,27805058,199,1344,1496,1504,1505,1000,1000,2008,1505,1505,1105,2008,1625,1256,1000,1000
-0.0155,-0.0012,-0.9234,-0.0095,-0.0052,2.8507,-0.0042,-0.0042,3.1416,15.6850,0.4578,0.1591,-9.8478,-0.0407,-0.1250,-0.0440,-0.2152,-0.2493,-10.5135,-0.0476,-0.1292,-0.0471,8.1624,5.2347,-12.3801,0.0484,-0.1493,-0.0482,-8.9105,0.0990,-6.4038,-0.0589,-0.1033,-0.0362,15.6850,0.0900,0.0330,0.0377,926.0519,943.4941,775.0005,894.0106,-1.314945,0.620403,-0.259762,0.053454,-0.071221,0.154322,0.000000,0.000000,0.000000,0.000000,0.000000,0.000000,-1.320802,0.627943,-0.267970,1.0000,1.0000,1.0000,1.660,4.810,0.340,5.000,3.000,8.000,1.500,0.060,0.110,27815817,999644471,27814058,199,1344,1496,1504,1505,1000,1000,2008,1505,1505,1105,2008,1625,1255,1000,1000
-0.0160,-0.0023,-0.9239,-0.0097,-0.0068,2.8502,-0.0042,-0.0042,3.1416,15.6850,0.2384,0.8088,-9.9202,-0.0045,-0.1282,-0.0386,0.4906,2.2446,-9.4956,-0.0026,-0.1222,-0.0392,1.1881,-10.3539,-9.1336,-0.0742,-0.0460,-0.1015,-1.4493,9.7958,-3.7228,0.0293,-0.0913,-0.0863,15.6850,0.0845,0.0432,0.0374,928.0512,947.2245,773.3347,889.4235,-1.314338,0.619521,-0.257903,0.048243,-0.075631,0.155507,0.000000,0.000000,0.000000,0.000000,0.000000,0.000000,-1.320802,0.627943,-0.267970,1.0000,1.0000,1.0000,1.660,4.810,0.340,5.000,3.000,8.000,1.500,0.060,0.110,27826317,999644471,27826058,199,1344,1496,1504,1505,1000,1000,2008,1505,1505,1105,2008,1625,1255,1000,1000
-0.0164,-0.0034,-0.9243,-0.0096,-0.0079,2.8499,-0.0042,-0.0042,3.1416,15.6850,-0.1958,0.1392,-9.4772,0.0228,-0.1224,-0.0462,0.0581,-0.4770,-9.0752,0.0243,-0.1306,-0.0368,-0.4639,7.5331,-10.4863,0.0401,-0.0635,-0.0032,5.1499,-0.4236,-12.5110,0.0178,-0.0844,-0.0493,15.6850,0.0763,0.0447,0.0359,927.8337,948.2828,776.5605,885.7043,-1.313908,0.618831,-0.256493,0.046145,-0.078180,0.156678,0.000000,0.000000,0.000000,0.000000,0.000000,0.000000,-1.320802,0.627943,-0.267970,1.0000,1.0000,1.0000,1.660,4.810,0.340,5.000,3.000,8.000,1.500,0.060,0.110,27836817,999644471,27835058,199,1344,1496,1504,1505,1000,1000,2008,1505,1505,1105,2008,1625,1255,1000,1000
-0.0161,-0.0047,-0.9247,-0.0092,-0.0093,2.8495,-0.0042,-0.0042,3.1416,15.6850,-0.1835,0.0259,-9.2872,0.0369,-0.1067,-0.0395,-0.1849,1.1627,-10.4503,0.0434,-0.1414,-0.0387,-3.6793,6.5300,-14.0297,0.0297,-0.0926,0.0192,8.6695,14.1522,-18.6919,-0.0213,-0.1321,-0.0128,15.6850,0.0634,0.0438,0.0361,924.6768,950.8600,779.9111,883.2955,-1.313370,0.617885,-0.254596,0.043741,-0.079416,0.159452,0.000000,0.000000,0.000000,0.000000,0.000000,0.000000,-1.320802,0.627943,-0.267970,1.0000,1.0000,1.0000,1.660,4.810,0.340,5.000,3.000,8.000,1.500,0.060,0.110,27847317,999644471,27847058,199,1344,1496,1504,1505,1000,1000,2008,1505,1505,1105,2008,1625,1255,1000,1000
-0.0156,-0.0059,-0.9250,-0.0088,-0.0104,2.8493,0.0000,-0.0042,3.1416,15.6850,0.1201,0.3516,-9.6246,0.0389,-0.0989,-0.0237,-0.4713,-0.6725,-8.8796,0.0499,-0.0993,-0.0308,2.9574,-3.3341,-4.6660,0.1030,-0.1680,-0.0432,-4.6942,6.3104,-18.0382,0.0450,-0.1944,-0.0280,15.6850,0.0693,0.0427,0.0347,926.6532,948.3361,780.2458,883.6418,-1.312988,0.617167,-0.253154,0.042541,-0.079541,0.161583,0.000000,0.000000,0.000000,0.000000,0.000000,0.000000,-1.320802,0.627943,-0.267970,1.0000,1.0000,1.0000,1.660,4.810,0.340,5.000,3.000,8.000,1.500,0.060,0.110,27857817,999644471,27856069,199,1344,1500,1504,1505,1000,1000,2008,1505,1505,1105,2008,1625,1255,1000,1000
-0.0153,-0.0067,-0.9253,-0.0080,-0.0129,2.8494,0.0021,-0.0042,3.1416,15.6850,0.3035,0.5596,-9.7321,0.0483,-0.0831,-0.0189,0.4779,-2.4487,-9.0376,0.0743,-0.0377,-0.0186,-3.8972,-12.6715,-10.4336,-0.0755,-0.0729,-0.0786,1.7956,-5.1768,-3.6887,0.0937,-0.0911,-0.0879,15.6850,0.0696,0.0412,0.0338,926.9786,947.1422,781.7334,883.2663,-1.315324,0.616652,-0.248958,0.031015,-0.080592,0.169578,0.000000,0.000000,0.000000,0.000000,0.000000,0.000000,-1.317390,0.616815,-0.245245,1.0000,1.0000,1.0000,1.660,4.810,0.340,5.000,3.000,8.000,1.500,0.060,0.110,27867862,999777614,27865058,200,1344,1502,1504,1505,1000,1000,2008,1505,1505,1105,2008,1625,1255,1000,1000
-0.0147,-0.0072,-0.9255,-0.0075,-0.0137,2.8492,0.0021,-0.0042,3.1416,15.6850,-0.0500,-0.2354,-9.9650,0.0469,-0.0574,-0.0281,-0.5041,-0.1724,-10.4407,0.0554,-0.0805,-0.0272,-1.3282,16.3199,-10.1128,0.0977,-0.0457,-0.0195,-0.1779,-4.5268,-12.9905,0.0405,-0.0221,-0.0434,15.6850,0.0677,0.0352,0.0347,924.1675,946.5740,783.2316,885.4910,-1.314963,0.615673,-0.246907,0.029409,-0.080526,0.170227,0.000000,0.000000,0.000000,0.000000,0.000000,0.000000,-1.317390,0.616815,-0.245245,1.0000,1.0000,1.0000,1.660,4.810,0.340,5.000,3.000,8.000,1.500,0.060,0.110,27877890,999777614,27877131,200,1344,1502,1504,1505,1000,1000,2008,1505,1505,1105,2008,1625,1255,1000,1000
-0.0140,-0.0079,-0.9257,-0.0071,-0.0139,2.8491,0.0021,-0.0042,3.1416,15.6850,-0.1823,0.1823,-9.9026,0.0354,0.0103,-0.0246,-0.7962,1.0012,-9.8753,0.0252,-0.0058,-0.0372,-7.2970,-2.0269,-7.1536,0.0374,0.0787,0.0261,-3.2504,-10.9501,-11.7155,0.0724,0.0104,0.0160,15.6850,0.0706,0.0125,0.0349,918.1188,939.7576,789.9124,893.0767,-1.314694,0.614951,-0.245372,0.030005,-0.080173,0.170410,0.000000,0.000000,0.000000,0.000000,0.000000,0.000000,-1.317390,0.616815,-0.245245,1.0000,1.0000,1.0000,1.660,4.810,0.340,5.000,3.000,8.000,1.500,0.060,0.110,27888390,999777614,27886131,200,1344,1502,1504,1505,1000,1000,2008,1505,1505,1105,2008,1625,1255,1000,1000
-0.0139,-0.0078,-0.9260,-0.0067,-0.0135,2.8488,0.0021,-0.0042,3.1416,15.6850,-0.1383,0.0552,-9.5018,0.0221,0.0733,-0.0205,0.5579,2.5423,-9.0327,0.0197,0.0433,-0.0158,3.5607,7.9952,-8.4991,0.1264,0.0918,-0.0131,-4.9402,1.3973,-10.4783,-0.0093,0.1103,-0.0067,15.6850,0.0730,-0.0052,0.0349,913.5604,934.2714,795.1716,898.8218,-1.314335,0.613974,-0.243320,0.029691,-0.082499,0.171436,0.000000,0.000000,0.000000,0.000000,0.000000,0.000000,-1.317390,0.616815,-0.245245,1.0000,1.0000,1.0000,1.660,4.810,0.340,5.000,3.000,8.000,1.500,0.060,0.110,27898890,999777614,27898131,200,1344,1502,1504,1505,1000,1000,2008,1505,1505,1105,2008,1625,1255,1000,1000
-0.0138,-0.0069,-0.9262,-0.0065,-0.0125,2.8487,0.0021,-0.0042,3.1416,15.6850,-0.1569,0.0983,-9.7529,0.0270,0.1445,-0.0144,0.4614,-1.2446,-10.3861,0.0286,0.1133,-0.0138,-7.3616,-11.4960,-5.9780,-0.0878,0.1576,-0.0493,-5.3568,11.1534,-10.7315,0.0146,0.1119,-0.0477,15.6850,0.0734,-0.0278,0.0338,907.9263,926.9160,803.7785,904.4727,-1.314064,0.613235,-0.241777,0.029608,-0.082375,0.171800,0.000000,0.000000,0.000000,0.000000,0.000000,0.000000,-1.317390,0.616815,-0.245245,1.0000,1.0000,1.0000,1.660,4.810,0.340,5.000,3.000,8.000,1.500,0.060,0.110,27909390,999777614,27907131,200,1344,1502,1504,1505,1000,1000,2008,1505,1505,1105,2008,1625,1256,1000,1000
-0.0135,-0.0053,-0.9265,-0.0062,-0.0104,2.8485,0.0021,-0.0042,3.1416,15.6850,-0.4615,-0.1486,-10.1525,0.0164,0.2081,-0.0181,-1.3452,0.8874,-10.8003,0.0347,0.1863,-0.0109,8.7035,3.2715,-9.2605,0.0422,0.1835,0.0005,-3.7011,2.6130,-3.5899,-0.0146,0.2237,-0.0533,15.6850,0.0725,-0.0512,0.0340,900.7745,920.5762,811.3948,911.2723,-1.313703,0.612251,-0.239721,0.030969,-0.081500,0.170716,0.000000,0.000000,0.000000,0.000000,0.000000,0.000000,-1.317390,0.616815,-0.245245,1.0000,1.0000,1.0000,1.660,4.810,0.340,5.000,3.000,8.000,1.500,0.060,0.110,27919890,999777614,27919131,200,1344,1502,1504,1505,1000,1000,2008,1505,1505,1105,2008,1625,1256,1000,1000
-0.0134,-0.0029,-0.9266,-0.0061,-0.0085,2.8484,0.0021,-0.0042,3.1416,15.6850,0.2418,0.7384,-9.5626,0.0024,0.2470,-0.0237,-0.4252,2.0724,-9.5032,0.0217,0.2562,-0.0179,-1.2779,-20.0959,-9.8446,-0.0947,0.1669,-0.0232,5.2846,4.1591,-3.5378,0.0293,0.1675,-0.0322,15.6850,0.0789,-0.0736,0.0331,896.2336,912.1509,817.9371,918.3458,-1.313426,0.611511,-0.238184,0.031627,-0.082063,0.170066,0.000000,0.000000,0.000000,0.000000,0.000000,0.000000,-1.317390,0.616815,-0.245245,1.0000,1.0000,1.0000,1.660,4.810,0.340,5.000,3.000,8.000,1.500,0.060,0.110,27930390,999777614,27928131,200,1344,1502,1504,1505,1000,1000,2008,1505,1505,1105,2008,1625,1256,1000,1000
-0.0133,-0.0002,-0.9269,-0.0062,-0.0057,2.8481,0.0021,-0.0042,3.1416,15.6850,0.3641,-0.0620,-9.4172,-0.0114,0.2087,-0.0336,0.4049,-1.9817,-9.6420,-0.0142,0.2094,-0.0323,-2.2332,18.5010,-16.0815,0.1206,0.2767,0.0261,1.5693,-3.1692,-19.5251,0.0543,0.2474,0.0077,15.6850,0.0886,-0.0803,0.0351,894.8684,909.5995,815.6857,924.1917,-1.313056,0.610536,-0.236134,0.029742,-0.079916,0.171839,0.000000,0.000000,0.000000,0.000000,0.000000,0.000000,-1.317390,0.616815,-0.245245,1.0000,1.0000,1.0000,1.660,4.810,0.340,5.000,3.000,8.000,1.500,0.060,0.110,27940890,999777614,27940131,200,1344,1502,1504,1505,1000,1000,2008,1505,1505,1105,2008,1625,1256,1000,1000
-0.0134,0.0025,-0.9272,-0.0064,-0.0039,2.8479,0.0021,-0.0042,3.1416,15.6850,0.1312,-0.2504,-10.1592,-0.0266,0.1878,-0.0187,-0.1857,2.2812,-11.1729,-0.0097,0.1921,-0.0299,-3.4399,8.6872,-8.0921,-0.0683,0.2543,-0.0432,-1.7761,21.5129,-12.0657,-0.1079,0.3039,-0.0485,15.6850,0.0895,-0.0682,0.0348,898.8986,912.6133,811.9341,920.6060,-1.312789,0.609836,-0.234586,0.028628,-0.076866,0.173763,0.000000,0.000000,0.000000,0.000000,0.000000,0.000000,-1.317390,0.616815,-0.245245,1.0000,1.0000,1.0000,1.660,4.810,0.340,5.000,3.000,8.000,1.500,0.060,0.110,27951390,999777614,27949131,200,1344,1502,1504,1505,1000,1000,2008,1505,1505,1105,2008,1625,1256,1000,1000
-0.0135,0.0047,-0.9276,-0.0067,-0.0018,2.8476,0.0021,-0.0042,3.1416,15.6850,0.0873,0.0447,-9.9912,-0.0250,0.1662,-0.0350,0.8007,-0.7338,-9.1096,0.0161,0.1982,-0.0346,9.1823,1.3920,-5.9062,0.0065,0.0708,-0.0456,-5.6243,5.2509,-7.5818,-0.0439,0.1310,-0.0775,15.6850,0.0916,-0.0613,0.0363,900.2299,915.2903,807.6349,920.4290,-1.312448,0.608926,-0.232498,0.027942,-0.075657,0.173877,0.000000,0.000000,0.000000,0.000000,0.000000,0.000000,-1.317390,0.616815,-0.245245,1.0000,1.0000,1.0000,1.660,4.810,0.340,5.000,3.000,8.000,1.500,0.060,0.110,27961890,999777614,27961131,200,1344,1502,1504,1505,1000,1000,2008,1505,1505,1105,2008,1625,1255,1000,1000
-0.0139,0.0065,-0.9280,-0.0068,-0.0006,2.8472,0.0021,-0.0042,3.1416,15.6850,0.2059,0.5082,-9.0846,-0.0015,0.0999,-0.0501,0.8361,-1.0061,-9.3834,-0.0132,0.0969,-0.0444,7.4872,-1.0620,-12.8374,-0.0366,0.0851,-0.0272,11.0992,13.0192,-10.0994,-0.0077,0.1393,-0.0503,15.6850,0.0835,-0.0405,0.0374,903.6736,923.8344,801.6523,913.7241,-1.312204,0.608235,-0.230930,0.026801,-0.076546,0.173524,0.000000,0.000000,0.000000,0.000000,0.000000,0.000000,-1.317390,0.616815,-0.245245,1.0000,1.0000,1.0000,1.660,4.810,0.340,5.000,3.000,8.000,1.500,0.060,0.110,27972390,999777614,27970131,200,1344,1502,1504,1505,1000,1000,2008,1505,1505,1105,2008,1625,1255,1000,1000
-0.0141,0.0077,-0.9285,-0.0067,0.0003,2.8468,0.0021,-0.0042,3.1416,15.6850,0.3294,0.6977,-9.3624,0.0207,0.0553,-0.0394,-0.5161,1.3907,-9.7765,0.0261,0.0505,-0.0470,-7.1198,-8.2806,-14.3194,-0.0276,0.0284,-0.0152,3.5823,-1.8386,-10.6507,0.0882,-0.0096,-0.0248,15.6850,0.0772,-0.0279,0.0366,906.5823,928.2103,799.8603,907.9603,-1.311900,0.607313,-0.228838,0.023470,-0.077579,0.175902,0.000000,0.000000,0.000000,0.000000,0.000000,0.000000,-1.317390,0.616815,-0.245245,1.0000,1.0000,1.0000,1.660,4.810,0.340,5.000,3.000,8.000,1.500,0.060,0.110,27982890,999777614,27982131,200,1344,1502,1504,1505,1000,1000,2008,1505,1505,1105,2008,1625,1255,1000,1000
-0.0140,0.0085,-0.9289,-0.0065,0.0005,2.8465,0.0021,-0.0042,3.1416,15.6850,0.2276,-0.0327,-10.3571,0.0273,0.0052,-0.0281,0.5527,0.0969,-10.4505,0.0277,0.0043,-0.0300,2.5288,4.7104,-5.0634,0.0774,-0.0585,-0.0634,-6.3193,-6.5972,-9.6325,0.0698,-0.0599,-0.0746,15.6850,0.0742,-0.0123,0.0356,911.2406,932.5258,796.4929,901.8144,-1.311706,0.606613,-0.227256,0.019755,-0.078736,0.177147,0.000000,0.000000,0.000000,0.000000,0.000000,0.000000,-1.317390,0.616815,-0.245245,1.0000,1.0000,1.0000,1.660,4.810,0.340,5.000,3.000,8.000,1.500,0.060,0.110,27993390,999777614,27991131,200,1344,1502,1504,1505,1000,1000,2008,1505,1505,1105,2008,1625,1256,1000,1000
-0.0140,0.0088,-0.9292,-0.0072,-0.0024,2.8442,0.0021,-0.0042,3.1416,15.6850,0.4087,0.1626,-10.1741,0.0434,-0.0381,-0.0331,0.0128,0.7623,-10.8688,0.0390,-0.0521,-0.0308,0.5800,-4.7850,-7.0003,0.0209,-0.0582,-0.0602,-3.3169,-4.5034,4.2592,0.0868,-0.0791,-0.0831,15.6850,0.0715,0.0065,0.0355,916.1207,938.3592,790.9669,895.6619,-1.315256,0.608750,-0.226269,0.001855,-0.068304,0.174209,0.000000,0.000000,0.000000,0.000000,0.000000,0.000000,-1.317623,0.610882,-0.228206,1.0000,1.0000,1.0000,1.660,4.810,0.340,5.000,3.000,8.000,1.500,0.060,0.110,28003435,999878550,28003176,201,1344,1502,1504,1505,1000,1000,2008,1505,1505,1105,2008,1625,1256,1000,1000
-0.0136,0.0085,-0.9296,-0.0067,-0.0029,2.8440,0.0021,-0.0042,3.1416,15.6850,0.1047,-0.0370,-9.3553,0.0609,-0.0588,-0.0332,-0.5165,-1.4369,-7.9878,0.0761,-0.0447,-0.0336,-3.3465,15.0055,-13.8597,0.1835,-0.0068,0.0533,1.0701,-12.4531,-5.6945,0.0458,-0.0770,0.0024,15.6850,0.0604,0.0159,0.0362,915.8983,943.8245,789.9000,891.0768,-1.315247,0.608120,-0.224698,-0.000549,-0.071000,0.173117,0.000000,0.000000,0.000000,0.000000,0.000000,0.000000,-1.317623,0.610882,-0.228206,1.0000,1.0000,1.0000,1.660,4.810,0.340,5.000,3.000,8.000,1.500,0.060,0.110,28013935,999878550,28012176,201,1344,1502,1504,1505,1000,1000,2008,1505,1505,1105,2008,1625,1255,1000,1000
-0.0133,0.0079,-0.9297,-0.0059,-0.0036,2.8439,0.0021,-0.0042,3.1416,15.6850,-0.1136,0.4504,-9.5948,0.0654,-0.0456,-0.0089,0.7755,1.9219,-10.2169,0.0530,-0.0436,-0.0166,-1.6826,5.8045,-13.7161,0.0865,0.0097,0.0011,-0.5928,13.2616,-10.5537,-0.0234,-0.0887,0.0178,15.6850,0.0582,0.0188,0.0346,917.5101,943.8878,791.2395,888.1583,-1.315277,0.607237,-0.222620,-0.004060,-0.075528,0.173576,0.000000,0.000000,0.000000,0.000000,0.000000,0.000000,-1.317623,0.610882,-0.228206,1.0000,1.0000,1.0000,1.660,4.810,0.340,5.000,3.000,8.000,1.500,0.060,0.110,28024435,999878550,28024176,201,1344,1502,1504,1505,1000,1000,2008,1505,1505,1105,2008,1625,1255,1000,1000
-0.0130,0.0074,-0.9298,-0.0052,-0.0040,2.8438,0.0021,-0.0042,3.1416,15.6850,-0.0642,-0.0603,-10.1114,0.0581,-0.0235,0.0019,-0.1620,0.8739,-10.2306,0.0494,-0.0342,-0.0014,8.0379,6.9442,-12.0928,0.1736,-0.1523,-0.0541,-5.7572,12.7821,-6.7935,-0.0021,-0.0655,-0.0384,15.6850,0.0599,0.0117,0.0334,916.7098,940.6674,794.4549,889.5299,-1.315323,0.606553,-0.221063,-0.005494,-0.077434,0.172591,0.000000,0.000000,0.000000,0.000000,0.000000,0.000000,-1.317623,0.610882,-0.228206,1.0000,1.0000,1.0000,1.660,4.810,0.340,5.000,3.000,8.000,1.500,0.060,0.110,28034935,999878550,28033176,201,1353,1502,1504,1505,1000,1000,2008,1505,1505,1105,2008,1625,1255,1000,1000
-0.0123,0.0073,-0.9299,-0.0047,-0.0042,2.8437,0.0021,-0.0042,3.1416,16.0953,0.1629,-0.1970,-9.9516,0.0298,0.0022,-0.0205,1.4816,3.2364,-10.5140,0.0425,-0.0291,-0.0135,6.4721,13.0087,-10.7951,-0.0510,-0.0654,-0.0011,4.9686,22.5831,-7.4525,-0.0743,0.0610,-0.0349,16.0953,0.0661,0.0004,0.0330,927.2776,947.7905,808.7556,904.2945,-1.315405,0.605611,-0.219008,-0.007404,-0.078559,0.170281,0.000000,0.000000,0.000000,0.000000,0.000000,0.000000,-1.317623,0.610882,-0.228206,1.0000,1.0000,1.0000,1.660,4.810,0.340,5.000,3.000,8.000,1.500,0.060,0.110,28045435,999878550,28045176,201,1355,1502,1504,1505,1000,1000,2008,1505,1505,1105,2008,1625,1255,1000,1000
-0.0121,0.0072,-0.9301,-0.0046,-0.0043,2.8436,0.0021,-0.0042,3.1416,16.1865,0.0762,0.3749,-9.8876,-0.0010,-0.0134,-0.0171,-0.1104,-1.5532,-10.4899,0.0081,-0.0150,-0.0146,0.6015,-2.6661,-13.7209,0.0167,-0.0150,0.0288,-0.0235,-6.0944,-7.2029,0.0109,-0.0083,0.0261,16.1865,0.0771,0.0012,0.0342,931.6151,949.2518,807.0594,909.9197,-1.315470,0.604908,-0.217477,-0.007561,-0.077075,0.169421,0.000000,0.000000,0.000000,0.000000,0.000000,0.000000,-1.317623,0.610882,-0.228206,1.0000,1.0000,1.0000,1.660,4.810,0.340,5.000,3.000,8.000,1.500,0.060,0.110,28055935,999878550,28054176,201,1365,1502,1504,1505,1000,1000,2008,1505,1505,1105,2008,1625,1255,1000,1000
-0.0122,0.0070,-0.9302,-0.0047,-0.0044,2.8436,0.0021,-0.0042,3.1416,16.7793,-0.0271,0.0661,-10.0745,-0.0172,0.0033,0.0001,-1.0496,-1.5273,-9.9323,-0.0200,-0.0114,-0.0037,5.9358,12.5634,-14.2165,0.0292,0.0822,-0.0501,9.1885,4.0567,-7.5908,0.0075,0.0732,-0.0013,16.7793,0.0841,0.0006,0.0344,949.9914,964.6467,822.0504,926.5217,-1.315565,0.603988,-0.215458,-0.008321,-0.076537,0.166901,0.000000,0.000000,0.000000,0.000000,0.000000,0.000000,-1.317623,0.610882,-0.228206,1.0000,1.0000,1.0000,1.660,4.810,0.340,5.000,3.000,8.000,1.500,0.060,0.110,28066435,999878550,28066176,201,1368,1502,1504,1505,1000,1000,2008,1505,1505,1105,2008,1625,1255,1000,1000
-0.0124,0.0069,-0.9303,-0.0050,-0.0044,2.8435,0.0021,-0.0042,3.1416,16.8249,-0.0169,-0.5097,-10.2182,-0.0363,0.0109,-0.0178,-1.1030,-2.3738,-10.2357,-0.0272,0.0282,-0.0131,-3.8613,-4.9598,-15.7080,-0.1272,0.0111,-0.0317,5.4337,14.8328,-2.8465,-0.0487,0.1031,-0.0495,16.8249,0.0939,-0.0022,0.0341,952.7661,962.9658,822.1642,930.2505,-1.315635,0.603309,-0.213968,-0.007539,-0.074686,0.163104,0.000000,0.000000,0.000000,0.000000,0.000000,0.000000,-1.317623,0.610882,-0.228206,1.0000,1.0000,1.0000,1.660,4.810,0.340,5.000,3.000,8.000,1.500,0.060,0.110,28076935,999878550,28075176,201,1369,1502,1504,1505,1000,1000,2008,1505,1505,1105,2008,1625,1255,1000,1000
-0.0128,0.0070,-0.9305,-0.0055,-0.0042,2.8434,0.0021,-0.0042,3.1416,16.8249,-0.1468,0.2764,-10.2192,-0.0425,0.0342,-0.0188,-0.3894,-0.8711,-8.2634,-0.0118,0.0488,-0.0120,8.3827,15.7668,-23.0750,0.1483,-0.0465,0.0248,3.0328,-6.9995,-4.0191,-0.0256,0.0146,-0.0096,16.8249,0.0956,-0.0124,0.0347,949.8734,960.2299,824.4111,934.0406,-1.315731,0.602416,-0.212048,-0.008127,-0.074377,0.156847,0.000000,0.000000,0.000000,0.000000,0.000000,0.000000,-1.317623,0.610882,-0.228206,1.0000,1.0000,1.0000,1.660,4.810,0.340,5.000,3.000,8.000,1.500,0.060,0.110,28087435,999878550,28087176,201,1369,1502,1504,1505,1000,1000,2008,1505,1505,1105,2008,1625,1255,1000,1000
-0.0133,0.0072,-0.9306,-0.0058,-0.0052,2.8426,0.0021,-0.0042,3.1416,16.8249,0.2145,1.0528,-10.3400,-0.0302,0.0493,-0.0238,1.6838,1.9018,-10.8795,-0.0358,0.0357,-0.0245,-9.8995,-5.0627,-13.0457,-0.0132,-0.0092,0.0101,2.0182,11.5072,-21.9314,0.0154,-0.0314,0.0213,16.8249,0.0919,-0.0159,0.0353,947.7155,960.4434,825.8185,934.7693,-1.317679,0.602404,-0.207181,-0.015253,-0.073444,0.159840,0.000000,0.000000,0.000000,0.000000,0.000000,0.000000,-1.319136,0.602929,-0.202366,1.0000,1.0000,1.0000,1.660,4.810,0.340,5.000,3.000,8.000,1.500,0.060,0.110,28097481,1000010320,28096176,202,1369,1502,1504,1505,1000,1000,2008,1505,1505,1105,2008,1625,1255,1000,1000
-0.0136,0.0076,-0.9308,-0.0060,-0.0047,2.8424,0.0021,-0.0042,3.1416,16.8705,-0.0400,-0.4306,-10.8625,-0.0117,0.0519,-0.0069,0.3862,-1.8366,-11.5357,-0.0066,0.0604,-0.0108,4.7147,2.8333,-5.3459,0.0481,0.0963,0.0282,-5.1521,1.3308,-15.6122,-0.0783,0.1345,-0.0434,16.8705,0.0861,-0.0180,0.0338,948.2731,961.3239,830.6404,933.9206,-1.317818,0.601742,-0.205774,-0.016090,-0.074089,0.152337,0.000000,0.000000,0.000000,0.000000,0.000000,0.000000,-1.319136,0.602929,-0.202366,1.0000,1.0000,1.0000,1.660,4.810,0.340,5.000,3.000,8.000,1.500,0.060,0.110,28107981,1000010320,28105222,202,1370,1502,1504,1505,1000,1000,2008,1505,1505,1105,2008,1625,1255,1000,1000
-0.0136,0.0082,-0.9309,-0.0061,-0.0039,2.8423,0.0021,-0.0042,3.1416,16.8705,0.0595,-0.2211,-11.1807,-0.0069,0.0834,-0.0242,-0.1688,2.1371,-11.6879,0.0360,0.1432,-0.0041,-1.3881,-20.0576,-7.7569,-0.1504,0.1749,-0.0224,0.6355,29.3817,-2.9453,-0.0695,0.0898,-0.0272,16.8705,0.0838,-0.0294,0.0353,943.5425,959.7237,833.2908,937.9875,-1.318017,0.600863,-0.204004,-0.017410,-0.073456,0.141817,0.000000,0.000000,0.000000,0.000000,0.000000,0.000000,-1.319136,0.602929,-0.202366,1.0000,1.0000,1.0000,1.660,4.810,0.340,5.000,3.000,8.000,1.500,0.060,0.110,28118009,1000010320,28117250,202,1370,1502,1504,1505,1000,1000,2008,1505,1505,1105,2008,1625,1255,1000,1000
-0.0136,0.0092,-0.9311,-0.0061,-0.0031,2.8423,0.0042,-0.0042,3.1416,16.8705,0.2867,0.5583,-10.3338,-0.0017,0.0969,0.0071,-0.1582,2.6323,-9.7412,0.0068,0.1046,0.0077,1.5712,-1.2105,-12.6099,0.0031,0.1214,0.0059,-9.5210,6.0230,-9.8875,-0.0123,0.1129,0.0040,16.8705,0.0866,-0.0360,0.0323,944.4644,955.1575,837.7532,937.7458,-1.318183,0.600186,-0.202759,-0.018944,-0.074593,0.133147,0.000000,0.000000,0.000000,0.000000,0.000000,0.000000,-1.319136,0.602929,-0.202366,1.0000,1.0000,1.0000,1.660,4.810,0.340,5.000,3.000,8.000,1.500,0.060,0.110,28128509,1000010320,28126250,202,1370,1504,1504,1505,1000,1000,2008,1505,1505,1105,2008,1625,1255,1000,1000
-0.0137,0.0103,-0.9310,-0.0060,-0.0019,2.8424,0.0042,-0.0042,3.1416,16.8705,-0.2127,0.3573,-10.2322,0.0170,0.0989,0.0067,0.0273,3.4802,-10.3037,0.0137,0.0969,0.0077,2.7826,-24.0536,-12.4974,-0.0593,0.1115,0.0298,11.3380,20.4714,-13.3820,0.0072,0.2184,-0.0107,16.8705,0.0825,-0.0368,0.0320,943.6087,955.5778,839.2657,936.8262,-1.318433,0.599277,-0.201215,-0.022694,-0.077650,0.124354,0.000000,0.000000,0.000000,0.000000,0.000000,0.000000,-1.319136,0.602929,-0.202366,1.0000,1.0000,1.0000,1.660,4.810,0.340,5.000,3.000,8.000,1.500,0.060,0.110,28139009,1000010320,28138250,202,1370,1504,1504,1505,1000,1000,2008,1505,1505,1105,2008,1625,1256,1000,1000
-0.0132,0.0112,-0.9310,-0.0057,-0.0012,2.8424,0.0042,-0.0042,3.1416,16.8705,0.0739,-0.0922,-11.1321,0.0199,0.0616,-0.0032,1.6733,-1.9296,-10.7346,0.0115,0.0779,0.0085,6.1920,-14.3020,-4.0746,-0.1480,0.0532,0.0205,4.1497,2.7818,0.7467,-0.0197,0.0698,-0.0272,16.8705,0.0771,-0.0270,0.0336,943.9979,960.5637,835.8022,934.4286,-1.318642,0.598583,-0.200138,-0.023407,-0.076967,0.116531,0.000000,0.000000,0.000000,0.000000,0.000000,0.000000,-1.319136,0.602929,-0.202366,1.0000,1.0000,1.0000,1.660,4.810,0.340,5.000,3.000,8.000,1.500,0.060,0.110,28149509,1000010320,28147250,202,1370,1504,1504,1505,1000,1000,2008,1505,1505,1105,2008,1625,1256,1000,1000
-0.0128,0.0118,-0.9310,-0.0054,-0.0009,2.8425,0.0042,-0.0042,3.1416,16.8705,0.7545,0.4419,-10.5775,0.0323,0.0150,0.0014,1.2450,-0.7046,-11.9006,0.0586,0.0424,0.0034,5.3396,-1.3086,-14.3314,0.0358,-0.0843,-0.0450,-0.7993,-7.8255,-4.6278,0.1161,0.0112,-0.0437,16.8705,0.0748,-0.0171,0.0328,946.8793,963.1631,834.0724,930.3743,-1.318946,0.597687,-0.198804,-0.027689,-0.073280,0.105975,0.000000,0.000000,0.000000,0.000000,0.000000,0.000000,-1.319136,0.602929,-0.202366,1.0000,1.0000,1.0000,1.660,4.810,0.340,5.000,3.000,8.000,1.500,0.060,0.110,28160009,1000010320,28159261,202,1370,1504,1504,1505,1000,1000,2008,1505,1505,1105,2008,1625,1255,1000,1000
-0.0125,0.0119,-0.9311,-0.0051,-0.0010,2.8425,0.0042,-0.0042,3.1416,16.8705,0.0661,0.3596,-10.3155,0.0419,-0.0456,-0.0074,-1.8527,-0.5144,-11.3508,0.0573,-0.0438,-0.0052,10.2382,-9.5016,-13.5173,-0.0955,0.0300,0.0245,12.3544,7.0807,-10.9847,0.0711,0.1031,0.0194,16.8705,0.0750,0.0008,0.0333,951.5687,968.3648,827.8305,925.7537,-1.319196,0.597030,-0.197876,-0.029497,-0.072885,0.099869,0.000000,0.000000,0.000000,0.000000,0.000000,0.000000,-1.319136,0.602929,-0.202366,1.0000,1.0000,1.0000,1.660,4.810,0.340,5.000,3.000,8.000,1.500,0.060,0.110,28170509,1000010320,28168250,202,1370,1504,1504,1505,1000,1000,2008,1505,1505,1105,2008,1625,1256,1000,1000
-0.0119,0.0112,-0.9311,-0.0048,-0.0018,2.8425,0.0042,-0.0042,3.1416,16.8705,-0.1527,-0.2118,-11.0158,0.0277,-0.0817,0.0111,-1.4445,3.1612,-11.5425,0.0240,-0.1074,0.0041,-1.6395,-2.3453,-14.0441,-0.0457,-0.1384,-0.0021,7.4682,-7.0965,0.6264,0.0213,-0.1441,-0.0032,16.8705,0.0719,0.0249,0.0335,957.4156,975.6878,820.6225,918.4246,-1.319553,0.596178,-0.196741,-0.030403,-0.069275,0.089216,0.000000,0.000000,0.000000,0.000000,0.000000,0.000000,-1.319136,0.602929,-0.202366,1.0000,1.0000,1.0000,1.660,4.810,0.340,5.000,3.000,8.000,1.500,0.060,0.110,28181009,1000010320,28180250,202,1370,1504,1504,1505,1000,1000,2008,1505,1505,1105,2008,1625,1256,1000,1000
-0.0115,0.0102,-0.9309,-0.0044,-0.0028,2.8427,0.0042,-0.0042,3.1416,16.8705,0.6610,0.4922,-10.5129,0.0291,-0.1198,0.0179,0.8574,1.2935,-9.4466,0.0177,-0.1442,0.0048,2.4690,-7.3803,-13.2707,0.1211,-0.2346,-0.0003,-2.0634,-13.5305,-6.9928,0.1505,-0.2296,-0.0170,16.8705,0.0693,0.0395,0.0311,962.6373,978.4468,819.0621,911.3974,-1.319850,0.595546,-0.195973,-0.033417,-0.070456,0.080848,0.000000,0.000000,0.000000,0.000000,0.000000,0.000000,-1.319136,0.602929,-0.202366,1.0000,1.0000,1.0000,1.660,4.810,0.340,5.000,3.000,8.000,1.500,0.060,0.110,28191509,1000010320,28189250,202,1370,1504,1504,1505,1000,1000,2008,1505,1505,1105,2008,1625,1256,1000,1000
-0.0112,0.0089,-0.9308,-0.0039,-0.0046,2.8429,0.0042,-0.0042,3.1416,16.8705,0.1526,0.5719,-10.5729,0.0484,-0.1674,-0.0080,0.8907,-1.0677,-10.2508,0.0460,-0.1559,-0.0111,-4.6873,-2.8625,-17.0536,0.0420,-0.0012,0.0155,4.2449,-13.2324,-12.5074,0.1145,-0.1135,0.0130,16.8705,0.0693,0.0421,0.0314,963.1099,979.3823,817.8933,910.9427,-1.320288,0.594688,-0.195068,-0.039036,-0.072117,0.070377,0.000000,0.000000,0.000000,0.000000,0.000000,0.000000,-1.319136,0.602929,-0.202366,1.0000,1.0000,1.0000,1.660,4.810,0.340,5.000,3.000,8.000,1.500,0.060,0.110,28202009,1000010320,28201250,202,1370,1504,1504,1505,1000,1000,2008,1505,1505,1105,2008,1625,1256,1000,1000
-0.0107,0.0072,-0.9308,-0.0035,-0.0059,2.8428,0.0042,-0.0042,3.1416,16.8705,-0.4498,-0.5452,-11.5004,0.0355,-0.1383,-0.0044,0.5511,-3.5517,-11.0940,0.0308,-0.1675,-0.0030,7.5974,-8.4481,-4.9054,-0.0361,-0.0825,0.0179,6.2399,-15.2670,-1.5805,0.0634,-0.0565,0.0189,16.8705,0.0698,0.0491,0.0333,963.7974,982.4927,813.5340,910.7698,-1.320636,0.594044,-0.194486,-0.039246,-0.072822,0.059989,0.000000,0.000000,0.000000,0.000000,0.000000,0.000000,-1.319136,0.602929,-0.202366,1.0000,1.0000,1.0000,1.660,4.810,0.340,5.000,3.000,8.000,1.500,0.060,0.110,28212509,1000010320,28210250,202,1370,1504,1504,1505,1000,1000,2008,1505,1505,1105,2008,1625,1256,1000,1000
-0.0103,0.0059,-0.9308,-0.0033,-0.0074,2.8429,0.0042,-0.0042,3.1416,16.8705,0.5529,0.0401,-10.5733,0.0045,-0.1111,0.0043,0.6128,-2.4664,-10.3965,0.0090,-0.1054,0.0093,-7.9123,6.5036,-12.7201,0.0151,-0.1243,-0.0653,2.2750,-22.0045,-7.3950,0.1475,-0.0874,-0.0458,16.8705,0.0799,0.0413,0.0322,964.5224,977.5991,814.7123,914.2084,-1.321110,0.593191,-0.193849,-0.040390,-0.069142,0.046583,0.000000,0.000000,0.000000,0.000000,0.000000,0.000000,-1.319136,0.602929,-0.202366,1.0000,1.0000,1.0000,1.660,4.810,0.340,5.000,3.000,8.000,1.500,0.060,0.110,28223009,1000010320,28222251,202,1370,1504,1504,1505,1000,1000,2008,1505,1505,1105,2008,1625,1256,1000,1000
-0.0104,0.0049,-0.9308,-0.0046,-0.0091,2.8425,0.0042,-0.0042,3.1416,16.8705,0.0307,0.5165,-10.1784,-0.0047,-0.0831,0.0056,-1.3255,2.9783,-11.2566,-0.0122,-0.0993,0.0012,-5.9299,15.0749,-20.2427,0.1648,-0.0007,0.0232,-3.9525,-2.0810,-14.9173,0.0762,-0.0021,-0.0048,16.8705,0.0854,0.0357,0.0322,964.1122,974.9409,815.2214,917.0215,-1.322067,0.594996,-0.190270,-0.043992,-0.061655,0.045477,0.000000,0.000000,0.000000,0.000000,0.000000,0.000000,-1.322161,0.596939,-0.186578,1.0000,1.0000,1.0000,1.660,4.810,0.340,5.000,3.000,8.000,1.500,0.060,0.110,28233054,1000110708,28231295,203,1370,1504,1504,1505,1000,1000,2008,1505,1505,1105,2008,1625,1255,1000,1000
-0.0104,0.0041,-0.9307,-0.0046,-0.0098,2.8426,0.0042,-0.0042,3.1416,16.8705,-0.6100,-0.1503,-11.1512,-0.0007,-0.0285,-0.0067,-1.1026,3.1441,-11.9887,0.0007,-0.0424,-0.0001,-0.1335,11.0359,-13.1702,0.1206,-0.0358,0.0237,2.2606,-10.2803,-9.7762,0.0557,-0.0296,0.0328,16.8705,0.0832,0.0216,0.0340,958.5442,972.8230,818.4897,922.1819,-1.322587,0.594249,-0.189802,-0.042574,-0.061901,0.032899,0.000000,0.000000,0.000000,0.000000,0.000000,0.000000,-1.322161,0.596939,-0.186578,1.0000,1.0000,1.0000,1.660,4.810,0.340,5.000,3.000,8.000,1.500,0.060,0.110,28243554,1000110708,28243295,203,1370,1504,1504,1505,1000,1000,2008,1505,1505,1105,2008,1625,1256,1000,1000
-0.0103,0.0039,-0.9307,-0.0046,-0.0100,2.8426,0.0042,-0.0042,3.1416,16.8705,0.5904,-0.6157,-10.5306,-0.0140,-0.0060,0.0090,0.9141,4.0988,-11.3658,0.0006,-0.0120,-0.0030,1.5209,22.0612,-15.3274,0.0529,-0.1360,-0.0043,-6.3444,-7.0246,-12.9474,0.0242,-0.1233,0.0133,16.8705,0.0866,0.0110,0.0326,957.2908,968.2968,822.4829,924.6914,-1.322984,0.593694,-0.189544,-0.043781,-0.061894,0.023378,0.000000,0.000000,0.000000,0.000000,0.000000,0.000000,-1.322161,0.596939,-0.186578,1.0000,1.0000,1.0000,1.660,4.810,0.340,5.000,3.000,8.000,1.500,0.060,0.110,28254054,1000110708,28252295,203,1370,1504,1504,1505,1000,1000,2008,1505,1505,1105,2008,1625,1256,1000,1000
-0.0105,0.0040,-0.9307,-0.0048,-0.0100,2.8428,0.0042,-0.0042,3.1416,16.8705,0.1092,0.4720,-10.5120,-0.0154,0.0142,0.0065,-0.0353,0.5223,-9.5680,-0.0135,-0.0027,0.0036,2.7491,0.2979,-18.3896,0.0185,0.0771,-0.0125,1.0880,-4.4262,-11.9867,0.0487,0.0493,-0.0455,16.8705,0.0914,0.0060,0.0318,957.4951,965.3256,823.8254,926.3897,-1.323524,0.592957,-0.189323,-0.045836,-0.061268,0.013248,0.000000,0.000000,0.000000,0.000000,0.000000,0.000000,-1.322161,0.596939,-0.186578,1.0000,1.0000,1.0000,1.660,4.810,0.340,5.000,3.000,8.000,1.500,0.060,0.110,28264554,1000110708,28264295,203,1370,1504,1504,1505,1000,1000,2008,1505,1505,1105,2008,1625,1255,1000,1000
-0.0107,0.0042,-0.9307,-0.0049,-0.0098,2.8428,0.0042,-0.0042,3.1416,16.8705,-0.5616,0.3227,-11.1873,0.0144,0.0363,-0.0114,-0.3434,0.9352,-9.9309,0.0149,0.0076,-0.0084,-1.0912,-2.9439,-9.6866,-0.0508,0.0414,-0.0051,8.1596,-11.4151,-7.3879,0.0924,0.0983,0.0088,16.8705,0.0830,0.0045,0.0334,954.2048,967.8102,824.6186,926.4865,-1.323931,0.592406,-0.189245,-0.045723,-0.062136,0.003142,0.000000,0.000000,0.000000,0.000000,0.000000,0.000000,-1.322161,0.596939,-0.186578,1.0000,1.0000,1.0000,1.660,4.810,0.340,5.000,3.000,8.000,1.500,0.060,0.110,28275054,1000110708,28273295,203,1370,1504,1504,1505,1000,1000,2008,1505,1505,1105,2008,1625,1255,1000,1000
-0.0104,0.0045,-0.9307,-0.0047,-0.0094,2.8428,0.0042,-0.0042,3.1416,16.8705,0.3267,-0.2558,-10.2655,0.0223,0.0511,0.0062,0.6932,0.1307,-8.9693,0.0252,0.0203,0.0066,2.8951,-0.9232,-18.0161,0.0590,0.1043,0.0155,4.5699,-9.5171,-11.0206,0.0850,0.0099,0.0115,16.8705,0.0769,-0.0041,0.0330,950.7679,966.4532,829.1957,927.3508,-1.324487,0.591680,-0.189271,-0.047314,-0.059317,-0.007299,0.000000,0.000000,0.000000,0.000000,0.000000,0.000000,-1.322161,0.596939,-0.186578,1.0000,1.0000,1.0000,1.660,4.810,0.340,5.000,3.000,8.000,1.500,0.060,0.110,28285554,1000110708,28285295,203,1370,1504,1504,1505,1000,1000,2008,1505,1505,1105,2008,1625,1256,1000,1000
-0.0102,0.0052,-0.9307,-0.0044,-0.0090,2.8429,0.0042,-0.0042,3.1416,16.8705,0.3173,0.7460,-10.8671,0.0270,0.0315,0.0077,1.5923,-0.1611,-11.3369,0.0297,0.0363,0.0123,-7.7136,0.2021,-17.1781,0.0486,0.1049,-0.0184,5.2936,-6.9995,-16.9716,0.0956,0.0498,-0.0237,16.8705,0.0742,-0.0122,0.0328,948.1740,964.6091,832.6983,928.7870,-1.324919,0.591134,-0.189379,-0.049070,-0.060476,-0.015859,0.000000,0.000000,0.000000,0.000000,0.000000,0.000000,-1.322161,0.596939,-0.186578,1.0000,1.0000,1.0000,1.660,4.810,0.340,5.000,3.000,8.000,1.500,0.060,0.110,28296054,1000110708,28294295,203,1370,1504,1504,1505,1000,1000,2008,1505,1505,1105,2008,1625,1255,1000,1000
-0.0101,0.0055,-0.9306,-0.0041,-0.0085,2.8430,0.0042,-0.0042,3.1416,16.8705,-0.1919,0.2203,-11.2559,0.0292,0.0443,0.0096,-0.0090,-0.2457,-12.3784,0.0316,0.0375,0.0110,6.1153,-5.9438,-9.9189,0.0287,0.0910,0.0394,7.3407,-10.2749,-8.3019,0.0810,0.0796,0.0099,16.8705,0.0783,-0.0083,0.0310,951.3828,963.5490,832.3023,926.9594,-1.325520,0.590402,-0.189657,-0.051116,-0.061472,-0.029952,0.000000,0.000000,0.000000,0.000000,0.000000,0.000000,-1.322161,0.596939,-0.186578,1.0000,1.0000,1.0000,1.660,4.810,0.340,5.000,3.000,8.000,1.500,0.060,0.110,28306554,1000110708,28306295,203,1370,1504,1504,1505,1000,1000,2008,1505,1505,1105,2008,1625,1255,1000,1000
-0.0097,0.0061,-0.9304,-0.0040,-0.0080,2.8432,0.0042,-0.0042,3.1416,16.8705,0.1893,-0.8604,-10.2232,0.0145,0.0530,0.0287,0.6283,2.0806,-11.4052,0.0165,0.0789,0.0200,0.7763,25.0467,-19.2036,0.0790,0.1715,0.0850,6.8289,-3.8983,-14.8526,0.0160,0.0381,0.1009,16.8705,0.0800,-0.0143,0.0308,950.2277,961.4476,833.9625,928.8320,-1.325990,0.589852,-0.189958,-0.052960,-0.061325,-0.038657,0.000000,0.000000,0.000000,0.000000,0.000000,0.000000,-1.322161,0.596939,-0.186578,1.0000,1.0000,1.0000,1.660,4.810,0.340,5.000,3.000,8.000,1.500,0.060,0.110,28317054,1000110708,28315295,203,1370,1504,1504,1505,1000,1000,2008,1505,1505,1105,2008,1625,1256,1000,1000
-0.0096,0.0068,-0.9300,-0.0040,-0.0074,2.8437,0.0042,-0.0042,3.1416,16.8705,0.1623,0.2792,-10.5044,-0.0247,0.0461,0.0391,-1.5194,3.6902,-11.4555,-0.0091,0.0503,0.0431,1.9542,4.0855,-14.9754,0.0921,0.1771,-0.0003,9.2244,-7.3640,-13.2527,0.0754,0.0802,-0.0043,16.8705,0.0915,-0.0109,0.0289,954.9725,958.6082,832.0909,928.5789,-1.326644,0.589124,-0.190480,-0.055774,-0.059748,-0.048242,0.000000,0.000000,0.000000,0.000000,0.000000,0.000000,-1.322161,0.596939,-0.186578,1.0000,1.0000,1.0000,1.660,4.810,0.340,5.000,3.000,8.000,1.500,0.060,0.110,28327554,1000110708,28327296,203,1370,1504,1504,1505,1000,1000,2008,1505,1505,1105,2008,1625,1256,1000,1000
-0.0099,0.0073,-0.9297,-0.0039,-0.0077,2.8436,0.0042,-0.0042,3.1416,16.8705,0.0173,0.2605,-10.8231,-0.0335,0.0518,0.0335,0.5189,1.1864,-10.3877,-0.0008,0.0722,0.0391,-10.8428,7.7582,-11.4200,0.0748,0.0249,0.0397,-10.9666,-1.3825,-11.4228,-0.0471,-0.1193,0.0184,16.8705,0.0944,-0.0123,0.0294,954.7517,958.0338,831.2814,930.1227,-1.328395,0.588421,-0.186218,-0.061457,-0.060953,-0.045344,0.000000,0.000000,0.000000,0.000000,0.000000,0.000000,-1.329042,0.588496,-0.179829,1.0000,1.0000,1.0000,1.660,4.810,0.340,5.000,3.000,8.000,1.500,0.060,0.110,28337598,1000243981,28336339,204,1370,1504,1504,1505,1000,1000,2008,1505,1505,1105,2008,1625,1255,1000,1000
-0.0101,0.0075,-0.9293,-0.0043,-0.0074,2.8440,0.0042,-0.0042,3.1416,16.8705,0.1440,-0.6077,-10.3819,-0.0521,0.0274,0.0375,1.4734,-0.0800,-9.5919,-0.0486,0.0150,0.0259,4.7339,2.8645,-7.9963,-0.1043,-0.0510,0.0978,-6.3121,13.1484,-16.0091,-0.2048,-0.1819,0.0676,16.8705,0.1007,-0.0050,0.0292,958.2666,958.5397,827.7524,929.1335,-1.328950,0.587891,-0.186657,-0.062085,-0.057695,-0.052282,0.000000,0.000000,0.000000,0.000000,0.000000,0.000000,-1.329042,0.588496,-0.179829,1.0000,1.0000,1.0000,1.660,4.810,0.340,5.000,3.000,8.000,1.500,0.060,0.110,28348098,1000243981,28345339,204,1370,1504,1504,1505,1000,1000,2008,1505,1505,1105,2008,1625,1255,1000,1000
-0.0106,0.0079,-0.9288,-0.0051,-0.0073,2.8445,0.0042,-0.0042,3.1416,16.8705,0.5094,-0.0204,-10.5650,-0.0733,-0.0115,0.0427,1.3153,-0.8947,-10.8468,-0.0681,-0.0195,0.0361,4.9733,3.2882,-12.7728,-0.0393,-0.0057,0.0349,-4.8773,-1.1383,-9.1530,-0.0445,-0.0309,0.0538,16.8705,0.1097,0.0079,0.0287,964.0160,959.8596,821.9629,926.9608,-1.329712,0.587225,-0.187332,-0.065150,-0.054115,-0.060287,0.000000,0.000000,0.000000,0.000000,0.000000,0.000000,-1.329042,0.588496,-0.179829,1.0000,1.0000,1.0000,1.660,4.810,0.340,5.000,3.000,8.000,1.500,0.060,0.110,28358102,1000243981,28357343,204,1370,1504,1504,1505,1000,1000,2008,1505,1505,1105,2008,1625,1256,1000,1000
-0.0115,0.0078,-0.9284,-0.0058,-0.0077,2.8449,0.0042,-0.0042,3.1416,16.8705,0.1607,0.2569,-10.8510,-0.0804,-0.0596,0.0431,-0.3268,-0.7362,-11.2561,-0.0743,-0.0538,0.0445,3.7235,7.3775,-9.1431,-0.0374,0.0255,-0.0298,-1.5014,2.0940,-8.7239,-0.0860,-0.0415,-0.0269,16.8705,0.1143,0.0263,0.0280,970.4538,963.5054,815.5919,922.0755,-1.330308,0.586739,-0.187907,-0.067890,-0.053070,-0.067211,0.000000,0.000000,0.000000,0.000000,0.000000,0.000000,-1.329042,0.588496,-0.179829,1.0000,1.0000,1.0000,1.660,4.810,0.340,5.000,3.000,8.000,1.500,0.060,0.110,28368602,1000243981,28366343,204,1370,1504,1504,1505,1000,1000,2008,1505,1505,1105,2008,1625,1255,1000,1000
-0.0122,0.0072,-0.9281,-0.0068,-0.0085,2.8453,0.0042,-0.0042,3.1416,16.8705,-0.2427,-0.2274,-10.4523,-0.0862,-0.0620,0.0174,-0.9072,-0.9153,-10.7661,-0.0727,-0.0681,0.0214,2.8521,-4.1266,-8.7984,-0.1451,-0.0771,0.0781,0.5242,10.5141,-11.9364,-0.1537,-0.0431,0.0735,16.8705,0.1162,0.0313,0.0302,970.6183,966.0680,811.2009,923.0940,-1.331139,0.586102,-0.188772,-0.070334,-0.053152,-0.077172,0.000000,0.000000,0.000000,0.000000,0.000000,0.000000,-1.329042,0.588496,-0.179829,1.0000,1.0000,1.0000,1.660,4.810,0.340,5.000,3.000,8.000,1.500,0.060,0.110,28379102,1000243981,28378343,204,1370,1504,1504,1505,1000,1000,2008,1505,1505,1105,2008,1625,1255,1000,1000
-0.0131,0.0064,-0.9278,-0.0076,-0.0090,2.8456,0.0042,-0.0042,3.1416,16.8705,0.0195,0.2938,-10.5838,-0.0937,-0.0366,0.0346,-0.5294,0.7089,-10.9779,-0.0868,-0.0429,0.0359,-0.2820,3.5133,-9.8111,-0.0753,-0.1379,0.0573,-7.0448,2.0814,-13.2616,-0.0842,-0.0660,0.0756,16.8705,0.1189,0.0274,0.0305,969.9118,964.6563,811.5130,925.0364,-1.331782,0.585625,-0.189501,-0.071273,-0.052203,-0.084776,0.000000,0.000000,0.000000,0.000000,0.000000,0.000000,-1.329042,0.588496,-0.179829,1.0000,1.0000,1.0000,1.660,4.810,0.340,5.000,3.000,8.000,1.500,0.060,0.110,28389602,1000243981,28387343,204,1370,1504,1504,1505,1000,1000,2008,1505,1505,1105,2008,1625,1255,1000,1000
-0.0143,0.0061,-0.9274,-0.0086,-0.0092,2.8461,-0.0010,-0.0042,3.1416,16.8705,0.2474,0.4377,-11.1489,-0.0815,-0.0009,0.0426,-0.5442,0.9933,-10.8892,-0.0849,-0.0251,0.0439,4.3987,-1.4116,-8.0251,-0.0337,-0.1342,-0.0088,0.1579,3.3654,-10.5124,-0.0434,-0.0695,-0.0149,16.8705,0.1155,0.0076,0.0285,965.2532,958.4931,820.7775,928.1368,-1.332651,0.584987,-0.190594,-0.073436,-0.054091,-0.097440,0.000000,0.000000,0.000000,0.000000,0.000000,0.000000,-1.329042,0.588496,-0.179829,1.0000,1.0000,1.0000,1.660,4.810,0.340,5.000,3.000,8.000,1.500,0.060,0.110,28400102,1000243981,28399343,204,1370,1499,1504,1505,1000,1000,2008,1505,1505,1105,2008,1625,1255,1000,1000
-0.0151,0.0061,-0.9270,-0.0092,-0.0094,2.8465,-0.0031,-0.0042,3.1416,16.8705,-0.0313,-0.2714,-10.6283,-0.0485,-0.0212,0.0297,0.7595,0.0161,-10.0848,-0.0501,-0.0395,0.0292,3.1657,15.2377,-10.4145,-0.1400,0.0111,0.0810,1.2281,19.9021,-10.4406,-0.2128,-0.0344,0.0599,16.8705,0.1021,0.0135,0.0278,964.6317,962.3436,822.9188,922.8876,-1.333313,0.584504,-0.191501,-0.074793,-0.053625,-0.104918,0.000000,0.000000,0.000000,0.000000,0.000000,0.000000,-1.329042,0.588496,-0.179829,1.0000,1.0000,1.0000,1.660,4.810,0.340,5.000,3.000,8.000,1.500,0.060,0.110,28410602,1000243981,28408343,204,1370,1497,1504,1505,1000,1000,2008,1505,1505,1105,2008,1625,1255,1000,1000
-0.0156,0.0059,-0.9267,-0.0097,-0.0095,2.8469,-0.0031,-0.0042,3.1416,16.8705,-0.1228,0.2757,-10.4977,-0.0401,0.0051,0.0401,-0.1574,-1.2875,-10.1628,-0.0364,-0.0208,0.0357,2.1098,-4.6126,-10.1200,-0.0252,-0.0238,0.0533,-2.2376,11.4748,-11.4031,-0.0650,0.0130,0.0711,16.8705,0.0894,0.0127,0.0293,960.7084,965.8368,824.6517,921.7834,-1.334220,0.583860,-0.192814,-0.076367,-0.054452,-0.114589,0.000000,0.000000,0.000000,0.000000,0.000000,0.000000,-1.329042,0.588496,-0.179829,1.0000,1.0000,1.0000,1.660,4.810,0.340,5.000,3.000,8.000,1.500,0.060,0.110,28421102,1000243981,28420343,204,1370,1497,1504,1505,1000,1000,2008,1505,1505,1105,2008,1625,1255,1000,1000
-0.0160,0.0057,-0.9263,-0.0101,-0.0094,2.8473,-0.0031,-0.0042,3.1416,16.8705,0.0539,-0.0783,-10.7505,-0.0511,0.0232,0.0408,0.9738,-1.0049,-10.5994,-0.0398,0.0208,0.0366,0.4076,12.7956,-10.0242,-0.0132,-0.0244,-0.0069,-2.3903,12.7264,-10.3059,-0.0423,0.0280,-0.0160,16.8705,0.0948,0.0038,0.0298,959.0271,962.5983,825.7606,925.9198,-1.334913,0.583371,-0.193885,-0.077408,-0.054020,-0.122580,0.000000,0.000000,0.000000,0.000000,0.000000,0.000000,-1.329042,0.588496,-0.179829,1.0000,1.0000,1.0000,1.660,4.810,0.340,5.000,3.000,8.000,1.500,0.060,0.110,28431602,1000243981,28429343,204,1370,1496,1504,1505,1000,1000,2008,1505,1505,1105,2008,1625,1255,1000,1000
-0.0159,0.0058,-0.9259,-0.0107,-0.0091,2.8477,-0.0042,-0.0042,3.1416,16.8705,-0.0016,-0.0187,-10.5689,-0.0547,0.0336,0.0214,0.0697,-2.4716,-10.9368,-0.0329,0.0332,0.0264,2.2559,-7.7299,-6.3611,-0.1414,-0.0204,0.1135,-2.1550,21.1915,-12.8971,-0.1934,-0.0048,0.0746,16.8705,0.0999,-0.0047,0.0283,958.8188,958.1509,828.7374,928.0864,-1.335853,0.582727,-0.195419,-0.078942,-0.053631,-0.132789,0.000000,0.000000,0.000000,0.000000,0.000000,0.000000,-1.329042,0.588496,-0.179829,1.0000,1.0000,1.0000,1.660,4.810,0.340,5.000,3.000,8.000,1.500,0.060,0.110,28442102,1000243981,28441343,204,1370,1496,1504,1505,1000,1000,2008,1505,1505,1105,2008,1625,1256,1000,1000
-0.0160,0.0062,-0.9256,-0.0112,-0.0089,2.8481,-0.0042,-0.0042,3.1416,16.8705,0.1721,0.2091,-10.2858,-0.0613,0.0211,0.0422,-0.2476,2.5141,-11.3964,-0.0412,0.0301,0.0386,4.1066,-11.5654,-10.5677,-0.0945,0.0119,0.0538,-4.1501,9.8228,-14.1487,-0.0692,0.0823,0.0549,16.8705,0.1026,0.0004,0.0281,960.9237,958.8546,826.6786,927.0181,-1.336571,0.582248,-0.196649,-0.080270,-0.052075,-0.140040,0.000000,0.000000,0.000000,0.000000,0.000000,0.000000,-1.329042,0.588496,-0.179829,1.0000,1.0000,1.0000,1.660,4.810,0.340,5.000,3.000,8.000,1.500,0.060,0.110,28452602,1000243981,28450343,204,1370,1496,1504,1505,1000,1000,2008,1505,1505,1105,2008,1625,1256,1000,1000
-0.0162,0.0068,-0.9252,-0.0120,-0.0085,2.8486,-0.0042,-0.0042,3.1416,16.8705,0.1399,-0.2212,-10.8681,-0.0577,0.0451,0.0395,-0.3406,1.0912,-11.3684,-0.0795,0.0193,0.0411,-1.2229,-4.5097,-4.8695,-0.1267,0.0366,-0.0045,-5.6603,10.7296,-12.6601,-0.0961,0.0261,-0.0024,16.8705,0.1027,-0.0078,0.0281,958.6914,956.5794,829.2261,929.4014,-1.337548,0.581651,-0.198372,-0.082160,-0.048202,-0.147992,0.000000,0.000000,0.000000,0.000000,0.000000,0.000000,-1.329042,0.588496,-0.179829,1.0000,1.0000,1.0000,1.660,4.810,0.340,5.000,3.000,8.000,1.500,0.060,0.110,28463102,1000243981,28462355,204,1370,1496,1504,1505,1000,1000,2008,1505,1505,1105,2008,1625,1256,1000,1000
-0.0171,0.0070,-0.9249,-0.0125,-0.0082,2.8489,-0.0042,-0.0031,3.1416,16.8705,-0.1496,0.2184,-10.7839,-0.0684,0.0448,0.0231,-1.2516,1.3621,-11.1155,-0.0538,0.0522,0.0350,5.1361,-0.5928,-6.0690,-0.0603,0.1137,0.0679,-1.2518,10.6973,-12.9797,-0.0969,0.0431,0.0581,16.8705,0.1046,-0.0053,0.0296,958.6876,957.9847,826.4081,930.4675,-1.338290,0.581184,-0.199758,-0.083411,-0.054192,-0.160579,0.000000,0.000000,0.000000,0.000000,0.000000,0.000000,-1.329042,0.588496,-0.179829,1.0000,1.0000,1.0000,1.660,4.810,0.340,5.000,3.000,8.000,1.500,0.060,0.110,28473602,1000243981,28471343,204,1370,1496,1503,1505,1000,1000,2008,1505,1505,1105,2008,1625,1256,1000,1000
-0.0179,0.0073,-0.9246,-0.0133,-0.0077,2.8493,-0.0042,-0.0031,3.1416,16.8705,-0.1299,0.7433,-10.4940,-0.0687,0.0569,0.0292,-0.1058,1.4835,-10.2435,-0.0686,0.0615,0.0347,0.7380,-2.6757,-10.7329,0.0081,0.0673,0.0421,-3.7514,4.8882,-13.7788,-0.0423,0.0192,0.0836,16.8705,0.1096,-0.0106,0.0298,958.1277,955.6094,826.7628,933.1676,-1.339303,0.580528,-0.201744,-0.084974,-0.055352,-0.170428,0.000000,0.000000,0.000000,0.000000,0.000000,0.000000,-1.329042,0.588496,-0.179829,1.0000,1.0000,1.0000,1.660,4.810,0.340,5.000,3.000,8.000,1.500,0.060,0.110,28484102,1000243981,28483343,204,1370,1496,1503,1505,1000,1000,2008,1505,1505,1105,2008,1625,1255,1000,1000
-0.0186,0.0076,-0.9242,-0.0138,-0.0071,2.8496,-0.0052,-0.0031,3.1416,16.8705,-0.1393,-0.1203,-11.1002,-0.0376,0.0784,0.0354,1.4503,0.4613,-10.9029,-0.0509,0.0671,0.0352,8.8519,6.1828,-11.7145,0.0108,0.0268,0.0229,-8.3143,0.0128,-10.5681,0.0141,0.0690,0.0333,16.8705,0.1015,-0.0178,0.0285,955.3886,954.3508,832.3077,932.3344,-1.340066,0.580026,-0.203334,-0.084963,-0.057838,-0.181596,0.000000,0.000000,0.000000,0.000000,0.000000,0.000000,-1.329042,0.588496,-0.179829,1.0000,1.0000,1.0000,1.660,4.810,0.340,5.000,3.000,8.000,1.500,0.060,0.110,28494602,1000243981,28492343,204,1370,1495,1503,1505,1000,1000,2008,1505,1505,1105,2008,1625,1255,1000,1000
-0.0189,0.0085,-0.9239,-0.0142,-0.0060,2.8501,-0.0052,-0.0031,3.1416,16.8705,0.1251,-0.2805,-11.1095,-0.0432,0.1055,0.0392,1.2040,1.9837,-10.7473,-0.0045,0.1332,0.0326,3.2399,18.0628,-8.8726,0.0073,0.1374,0.0360,1.9248,8.9123,-10.2197,-0.0266,0.1824,0.0280,16.8705,0.0967,-0.0289,0.0283,951.4412,952.1660,837.1160,934.2981,-1.341100,0.579332,-0.205597,-0.087474,-0.057742,-0.195574,0.000000,0.000000,0.000000,0.000000,0.000000,0.000000,-1.329042,0.588496,-0.179829,1.0000,1.0000,1.0000,1.660,4.810,0.340,5.000,3.000,8.000,1.500,0.060,0.110,28505102,1000243981,28504343,204,1370,1489,1496,1505,1000,1000,2008,1505,1505,1105,2008,1625,1255,1000,1000
-0.0185,0.0094,-0.9236,-0.0153,-0.0038,2.8510,-0.0136,0.0063,3.1416,16.8705,0.0899,0.2754,-10.4335,-0.0334,0.1136,0.0266,-0.0137,-0.3014,-10.0701,-0.0267,0.1148,0.0285,-2.5421,-3.5400,-11.4775,0.0145,0.1720,0.0203,-6.5330,-11.8497,-11.2504,0.0152,0.0858,0.0226,16.8705,0.0830,-0.0158,0.0297,951.2119,959.6489,834.7724,928.9573,-1.339167,0.579499,-0.198352,-0.074801,-0.047098,-0.185014,0.000000,0.000000,0.000000,0.000000,0.000000,0.000000,-1.337955,0.579772,-0.189537,1.0000,1.0000,1.0000,1.660,4.810,0.340,5.000,3.000,8.000,1.500,0.060,0.110,28515150,1000377324,28513347,205,1370,1487,1494,1505,1000,1000,2008,1505,1505,1105,2008,1625,1256,1000,1000
-0.0187,0.0106,-0.9233,-0.0156,-0.0023,2.8513,-0.0136,0.0136,3.1416,16.8705,-0.3948,-0.3402,-10.3388,-0.0240,0.1406,0.0292,0.6978,1.6460,-10.6402,-0.0266,0.1314,0.0268,2.7012,1.4375,-11.5493,0.0204,0.0596,0.0504,1.9410,5.6603,-14.5581,0.0256,0.2671,0.0402,16.8705,0.0829,-0.0178,0.0291,951.0714,958.6536,836.1133,928.9227,-1.340050,0.578962,-0.200637,-0.071848,-0.042627,-0.194240,0.000000,0.000000,0.000000,0.000000,0.000000,0.000000,-1.337955,0.579772,-0.189537,1.0000,1.0000,1.0000,1.660,4.810,0.340,5.000,3.000,8.000,1.500,0.060,0.110,28525650,1000377324,28525391,205,1370,1487,1487,1505,1000,1000,2008,1505,1505,1105,2008,1625,1256,1000,1000
-0.0188,0.0119,-0.9230,-0.0159,-0.0010,2.8517,-0.0136,0.0157,3.1416,16.8705,0.2626,0.0021,-10.8114,-0.0440,0.1481,0.0387,0.2227,-1.5138,-10.6255,-0.0549,0.1627,0.0335,-7.2826,0.4296,-6.7465,-0.0489,0.0121,0.0184,4.7513,4.5595,-10.4244,-0.0738,0.0903,0.0325,16.8705,0.0825,-0.0168,0.0283,951.8490,958.4336,836.7090,927.8162,-1.340696,0.578585,-0.202425,-0.070598,-0.040491,-0.202170,0.000000,0.000000,0.000000,0.000000,0.000000,0.000000,-1.337955,0.579772,-0.189537,1.0000,1.0000,1.0000,1.660,4.810,0.340,5.000,3.000,8.000,1.500,0.060,0.110,28536150,1000377324,28534391,205,1370,1487,1485,1505,1000,1000,2008,1505,1505,1105,2008,1625,1256,1000,1000
-0.0194,0.0141,-0.9226,-0.0163,0.0006,2.8521,-0.0136,0.0168,3.1416,16.8705,0.7284,0.8047,-10.3978,-0.0361,0.1331,0.0339,1.4343,0.3704,-10.5060,-0.0297,0.1392,0.0353,3.8504,6.9178,-11.6738,0.0990,0.1105,0.0360,-6.2726,-21.4550,-11.3905,0.0293,0.0530,0.0290,16.8705,0.0866,-0.0232,0.0281,951.1149,955.6627,837.9644,930.2911,-1.341605,0.578095,-0.204919,-0.080157,-0.041001,-0.212966,0.000000,0.000000,0.000000,0.000000,0.000000,0.000000,-1.337955,0.579772,-0.189537,1.0000,1.0000,1.0000,1.660,4.810,0.340,5.000,3.000,8.000,1.500,0.060,0.110,28546650,1000377324,28546391,205,1370,1487,1484,1505,1000,1000,2008,1505,1505,1105,2008,1625,1256,1000,1000
-0.0197,0.0154,-0.9224,-0.0167,0.0018,2.8524,-0.0136,0.0168,3.1416,16.8705,-0.1861,-0.6012,-10.5061,-0.0271,0.0998,0.0224,-0.8266,-0.1583,-10.9637,-0.0059,0.1100,0.0324,3.7283,24.6038,-12.5669,0.0247,0.1928,0.0474,2.4923,26.1279,-14.2726,-0.0109,0.2493,0.0778,16.8705,0.0916,-0.0234,0.0288,951.5820,955.0611,836.1235,932.0859,-1.342324,0.577743,-0.206864,-0.081129,-0.039475,-0.218761,0.000000,0.000000,0.000000,0.000000,0.000000,0.000000,-1.337955,0.579772,-0.189537,1.0000,1.0000,1.0000,1.660,4.810,0.340,5.000,3.000,8.000,1.500,0.060,0.110,28557150,1000377324,28555392,205,1370,1487,1478,1505,1000,1000,2008,1505,1505,1105,2008,1625,1256,1000,1000
-0.0193,0.0162,-0.9221,-0.0154,0.0021,2.8518,-0.0136,0.0230,3.1416,16.8705,-0.1729,-1.2906,-10.7135,-0.0516,0.0845,0.0329,0.1869,1.2341,-11.5201,-0.0378,0.0828,0.0292,0.3621,3.9969,-3.1241,-0.0356,0.0977,0.0205,-7.4129,11.1534,-11.9184,-0.0972,0.0477,0.0269,16.8705,0.0853,0.0107,0.0290,959.4900,965.9149,826.5725,921.2501,-1.344639,0.575017,-0.208687,-0.082702,-0.034396,-0.223014,0.000000,0.000000,0.000000,0.000000,0.000000,0.000000,-1.345727,0.572830,-0.207079,1.0000,1.0000,1.0000,1.660,4.810,0.340,5.000,3.000,8.000,1.500,0.060,0.110,28567194,1000478143,28564435,206,1370,1487,1476,1505,1000,1000,2008,1505,1505,1105,2008,1625,1256,1000,1000
-0.0199,0.0167,-0.9218,-0.0160,0.0031,2.8522,-0.0136,0.0251,3.1416,16.8705,0.0218,0.9817,-10.3160,-0.0584,0.0941,0.0270,-2.1490,1.6150,-9.7572,-0.0958,0.0750,0.0290,13.4775,-3.5927,-10.3762,0.0268,0.0233,0.0088,-10.3112,13.6423,-11.0278,-0.0485,0.0394,0.0021,16.8705,0.0861,0.0109,0.0292,959.6241,965.9411,826.1073,921.5002,-1.345622,0.574620,-0.211444,-0.081514,-0.034516,-0.235232,0.000000,0.000000,0.000000,0.000000,0.000000,0.000000,-1.345727,0.572830,-0.207079,1.0000,1.0000,1.0000,1.660,4.810,0.340,5.000,3.000,8.000,1.500,0.060,0.110,28577228,1000478143,28576469,206,1370,1487,1476,1505,1000,1000,2008,1505,1505,1105,2008,1625,1256,1000,1000
-0.0208,0.0171,-0.9216,-0.0164,0.0040,2.8525,-0.0136,0.0251,3.1416,16.8705,-0.6298,0.8206,-10.1546,-0.0404,0.1060,0.0272,-2.0969,1.7637,-10.9085,-0.0386,0.1077,0.0154,-1.0840,-18.9802,-15.8565,-0.1733,0.1216,0.0578,-3.1570,15.4398,-9.5643,-0.1313,0.0977,0.0248,16.8705,0.0887,-0.0004,0.0291,957.1159,962.2419,829.2173,925.1783,-1.346303,0.574254,-0.213595,-0.071473,-0.045706,-0.241672,0.000000,0.000000,0.000000,0.000000,0.000000,0.000000,-1.345727,0.572830,-0.207079,1.0000,1.0000,1.0000,1.660,4.810,0.340,5.000,3.000,8.000,1.500,0.060,0.110,28587728,1000478143,28585469,206,1370,1487,1476,1505,1000,1000,2008,1505,1505,1105,2008,1625,1256,1000,1000
-0.0216,0.0179,-0.9213,-0.0168,0.0054,2.8528,-0.0063,0.0251,3.1416,16.8705,-0.3623,-0.2375,-11.0211,-0.0324,0.1314,0.0170,-0.5831,0.2482,-10.7043,-0.0518,0.1045,0.0126,2.0548,3.3337,-11.0441,-0.0401,0.1094,0.0576,-0.7310,3.4121,-3.6941,-0.0732,0.1012,0.0386,16.8705,0.0989,-0.0113,0.0301,955.5299,957.8342,829.2356,931.3544,-1.347154,0.573670,-0.216562,-0.070162,-0.050700,-0.252156,0.000000,0.000000,0.000000,0.000000,0.000000,0.000000,-1.345727,0.572830,-0.207079,1.0000,1.0000,1.0000,1.660,4.810,0.340,5.000,3.000,8.000,1.500,0.060,0.110,28597756,1000478143,28597497,206,1370,1494,1476,1505,1000,1000,2008,1505,1505,1105,2008,1625,1256,1000,1000
-0.0218,0.0194,-0.9212,-0.0171,0.0067,2.8530,-0.0042,0.0251,3.1416,16.8705,0.5955,0.4417,-10.4425,-0.0305,0.1531,0.0129,0.8746,1.9894,-9.6570,-0.0220,0.1590,0.0197,-0.0330,-6.5376,-5.6739,-0.0657,0.1544,-0.0306,-4.4643,7.9947,-13.6298,-0.0639,0.1044,-0.0261,16.8705,0.1025,-0.0208,0.0304,953.3878,954.6815,831.0820,935.1331,-1.347786,0.573211,-0.218852,-0.069029,-0.049504,-0.258128,0.000000,0.000000,0.000000,0.000000,0.000000,0.000000,-1.345727,0.572830,-0.207079,1.0000,1.0000,1.0000,1.660,4.810,0.340,5.000,3.000,8.000,1.500,0.060,0.110,28608256,1000478143,28606497,206,1370,1496,1476,1505,1000,1000,2008,1505,1505,1105,2008,1625,1256,1000,1000
-0.0228,0.0208,-0.9211,-0.0175,0.0084,2.8531,-0.0031,0.0251,3.1416,16.8705,-0.2514,0.7138,-9.9947,-0.0311,0.1370,0.0052,-0.8284,0.6956,-9.6205,-0.0324,0.1258,0.0006,1.4012,-6.3963,-15.6314,-0.1222,0.1733,0.0258,-2.3903,-5.0475,-8.5640,-0.1816,0.1228,0.0360,16.8705,0.1051,-0.0158,0.0306,955.1597,955.6711,828.6899,934.4368,-1.348616,0.572564,-0.221999,-0.069103,-0.057551,-0.266207,0.000000,0.000000,0.000000,0.000000,0.000000,0.000000,-1.345727,0.572830,-0.207079,1.0000,1.0000,1.0000,1.660,4.810,0.340,5.000,3.000,8.000,1.500,0.060,0.110,28618756,1000478143,28618497,206,1370,1497,1476,1505,1000,1000,2008,1505,1505,1105,2008,1625,1256,1000,1000
-0.0231,0.0220,-0.9211,-0.0179,0.0097,2.8532,-0.0031,0.0251,3.1416,16.8705,-0.5923,-0.5215,-10.3542,-0.0589,0.1441,0.0085,0.7089,-0.3109,-10.0805,-0.0606,0.1308,0.0052,12.5366,6.7071,-7.5749,-0.0425,0.0281,0.0418,7.4610,12.3440,-2.9919,-0.1270,0.1579,0.0597,16.8705,0.1113,-0.0170,0.0314,955.5353,954.6759,826.7010,936.8287,-1.349234,0.572054,-0.224418,-0.067734,-0.056180,-0.270106,0.000000,0.000000,0.000000,0.000000,0.000000,0.000000,-1.345727,0.572830,-0.207079,1.0000,1.0000,1.0000,1.660,4.810,0.340,5.000,3.000,8.000,1.500,0.060,0.110,28629256,1000478143,28627497,206,1370,1497,1476,1505,1000,1000,2008,1505,1505,1105,2008,1625,1256,1000,1000
-0.0236,0.0227,-0.9210,-0.0186,0.0111,2.8533,-0.0031,0.0251,3.1416,16.8705,0.5423,0.5454,-10.0190,-0.0650,0.1147,0.0137,1.0704,-1.1142,-10.0316,-0.0497,0.1094,0.0164,-2.7983,-9.2837,-9.7944,0.0009,0.0204,-0.0365,-4.0477,6.3804,-7.4202,-0.0687,0.0293,-0.0197,16.8705,0.1198,-0.0203,0.0306,956.9938,951.3859,826.5995,938.7744,-1.350012,0.571373,-0.227683,-0.062814,-0.057771,-0.273940,0.000000,0.000000,0.000000,0.000000,0.000000,0.000000,-1.345727,0.572830,-0.207079,1.0000,1.0000,1.0000,1.660,4.810,0.340,5.000,3.000,8.000,1.500,0.060,0.110,28639756,1000478143,28639497,206,1370,1497,1476,1505,1000,1000,2008,1505,1505,1105,2008,1625,1256,1000,1000
-0.0243,0.0239,-0.9210,-0.0191,0.0120,2.8534,-0.0031,0.0251,3.1416,16.8705,0.1084,0.5350,-10.0085,-0.0327,0.0888,-0.0003,-0.2414,-0.6752,-11.3250,-0.0333,0.0674,-0.0030,1.3772,-4.2559,-8.3100,-0.0686,0.0854,0.0373,-2.0042,1.6487,-7.2137,-0.0399,0.1119,0.0037,16.8705,0.1145,-0.0128,0.0305,957.9771,954.5248,825.5032,935.5444,-1.350569,0.570853,-0.230161,-0.063425,-0.058149,-0.276302,0.000000,0.000000,0.000000,0.000000,0.000000,0.000000,-1.345727,0.572830,-0.207079,1.0000,1.0000,1.0000,1.660,4.810,0.340,5.000,3.000,8.000,1.500,0.060,0.110,28650256,1000478143,28648497,206,1370,1497,1476,1505,1000,1000,2008,1505,1505,1105,2008,1625,1256,1000,1000
-0.0248,0.0243,-0.9210,-0.0193,0.0130,2.8535,-0.0031,0.0251,3.1416,16.8705,-0.5593,-0.3722,-10.5000,-0.0124,0.0825,-0.0019,0.3924,-1.0112,-11.4648,-0.0007,0.0914,0.0014,8.7873,4.6505,-9.3347,0.0247,-0.0777,0.0472,-1.4529,1.0507,-6.3805,-0.0469,0.0882,0.0200,16.8705,0.1030,0.0021,0.0320,958.6459,962.0851,821.9438,930.2338,-1.351307,0.570137,-0.233500,-0.059598,-0.060551,-0.280653,0.000000,0.000000,0.000000,0.000000,0.000000,0.000000,-1.345727,0.572830,-0.207079,1.0000,1.0000,1.0000,1.660,4.810,0.340,5.000,3.000,8.000,1.500,0.060,0.110,28660756,1000478143,28660497,206,1370,1497,1476,1505,1000,1000,2008,1505,1505,1105,2008,1625,1256,1000,1000
-0.0246,0.0248,-0.9210,-0.0192,0.0134,2.8535,-0.0021,0.0251,3.1416,16.8705,0.6149,0.3817,-9.7780,0.0278,0.0442,0.0013,-0.4125,-0.2839,-10.2398,0.0243,0.0583,0.0071,0.3022,7.4613,-8.3411,0.1352,0.0247,-0.0378,-7.6661,2.5394,-13.6208,0.0107,-0.0168,-0.0405,16.8705,0.0895,0.0046,0.0328,955.9476,966.0920,823.6317,927.3605,-1.351854,0.569585,-0.236038,-0.060161,-0.060598,-0.284073,0.000000,0.000000,0.000000,0.000000,0.000000,0.000000,-1.345727,0.572830,-0.207079,1.0000,1.0000,1.0000,1.660,4.810,0.340,5.000,3.000,8.000,1.500,0.060,0.110,28671256,1000478143,28669497,206,1370,1498,1476,1505,1000,1000,2008,1505,1505,1105,2008,1625,1256,1000,1000
-0.0240,0.0249,-0.9210,-0.0185,0.0137,2.8535,-0.0021,0.0251,3.1416,16.8705,-0.0861,0.4922,-10.0378,0.0620,0.0027,-0.0069,-0.7715,1.6235,-9.9627,0.0618,0.0060,-0.0035,1.2072,-7.9262,-14.2212,0.0572,0.0580,0.0205,-6.1110,1.6271,-5.2079,0.0535,-0.0160,-0.0059,16.8705,0.0827,0.0072,0.0310,956.5767,966.9050,826.3030,923.4802,-1.352553,0.568859,-0.239481,-0.056459,-0.060227,-0.289082,0.000000,0.000000,0.000000,0.000000,0.000000,0.000000,-1.345727,0.572830,-0.207079,1.0000,1.0000,1.0000,1.660,4.810,0.340,5.000,3.000,8.000,1.500,0.060,0.110,28681756,1000478143,28681497,206,1370,1498,1476,1505,1000,1000,2008,1505,1505,1105,2008,1625,1256,1000,1000
-0.0232,0.0246,-0.9211,-0.0180,0.0136,2.8535,-0.0010,0.0251,3.1416,16.8705,-0.3239,-0.2123,-10.4833,0.0710,-0.0006,-0.0009,-1.3167,0.2349,-9.2480,0.0585,-0.0165,-0.0027,5.5695,4.1932,-2.0036,0.0481,-0.0103,0.0536,-7.7074,5.7681,-1.0633,-0.0269,-0.0258,0.0498,16.8705,0.0798,0.0211,0.0311,959.7787,971.3444,822.4467,918.9303,-1.353059,0.568328,-0.242097,-0.055964,-0.059475,-0.291643,0.000000,0.000000,0.000000,0.000000,0.000000,0.000000,-1.345727,0.572830,-0.207079,1.0000,1.0000,1.0000,1.660,4.810,0.340,5.000,3.000,8.000,1.500,0.060,0.110,28692256,1000478143,28690497,206,1370,1499,1476,1505,1000,1000,2008,1505,1505,1105,2008,1625,1256,1000,1000
-0.0223,0.0246,-0.9210,-0.0164,0.0127,2.8532,-0.0010,0.0251,3.1416,16.8705,0.5045,0.0798,-9.7874,0.0778,-0.0121,0.0141,1.1677,1.7723,-8.3239,0.0832,-0.0175,0.0100,7.7937,-5.0101,-8.0179,0.1102,-0.0971,-0.0429,-7.2243,14.4719,-10.3221,-0.0021,-0.0208,-0.0149,16.8705,0.0702,0.0261,0.0303,959.7094,974.1115,823.9182,914.7458,-1.355373,0.567019,-0.243260,-0.062438,-0.062001,-0.287718,0.000000,0.000000,0.000000,0.000000,0.000000,0.000000,-1.356425,0.566632,-0.240257,1.0000,1.0000,1.0000,1.660,4.810,0.340,5.000,3.000,8.000,1.500,0.060,0.110,28702806,1000610148,28702497,207,1370,1499,1476,1505,1000,1000,2008,1505,1505,1105,2008,1625,1256,1000,1000
-0.0214,0.0245,-0.9209,-0.0157,0.0126,2.8532,-0.0010,0.0251,3.1416,16.8705,-0.2151,0.6100,-9.8381,0.0971,-0.0156,-0.0106,0.8845,-2.1011,-8.9462,0.0990,-0.0645,0.0116,2.7587,-5.8409,-3.8352,0.0297,-0.0244,0.0197,-2.5680,21.9546,-9.6325,-0.0389,-0.0663,-0.0141,16.8705,0.0628,0.0288,0.0321,957.6741,977.5825,823.0362,913.9697,-1.355900,0.566485,-0.245727,-0.062128,-0.061615,-0.289078,0.000000,0.000000,0.000000,0.000000,0.000000,0.000000,-1.356425,0.566632,-0.240257,1.0000,1.0000,1.0000,1.660,4.810,0.340,5.000,3.000,8.000,1.500,0.060,0.110,28713306,1000610148,28711047,207,1370,1499,1476,1505,1000,1000,2008,1505,1505,1105,2008,1625,1256,1000,1000
-0.0209,0.0239,-0.9209,-0.0143,0.0124,2.8533,-0.0010,0.0251,3.1416,16.8705,-0.5204,0.6899,-10.5159,0.1204,0.0007,0.0065,0.6396,-3.2089,-9.2762,0.1185,-0.0139,0.0050,12.1272,-10.6005,-7.9149,0.0870,-0.1067,0.0586,-8.3951,8.1043,-7.9571,0.1241,-0.0519,0.0461,16.8705,0.0532,0.0278,0.0316,955.7513,978.8941,826.2115,911.7109,-1.356636,0.565678,-0.249244,-0.060301,-0.073770,-0.297314,0.000000,0.000000,0.000000,0.000000,0.000000,0.000000,-1.356425,0.566632,-0.240257,1.0000,1.0000,1.0000,1.660,4.810,0.340,5.000,3.000,8.000,1.500,0.060,0.110,28723806,1000610148,28723047,207,1370,1499,1476,1505,1000,1000,2008,1505,1505,1105,2008,1625,1256,1000,1000
-0.0194,0.0238,-0.9207,-0.0132,0.0123,2.8535,-0.0010,0.0251,3.1416,16.8705,0.5813,0.0013,-9.8927,0.1322,-0.0131,0.0190,1.3787,-0.5547,-10.2021,0.1338,0.0063,0.0205,2.7276,3.0105,-10.2995,0.1270,-0.0340,-0.0099,-8.4688,9.0811,-13.0408,0.0804,-0.0431,-0.0024,16.8705,0.0486,0.0228,0.0305,954.1677,977.7359,829.9635,911.2046,-1.357183,0.565012,-0.251930,-0.059705,-0.073902,-0.299697,0.000000,0.000000,0.000000,0.000000,0.000000,0.000000,-1.356425,0.566632,-0.240257,1.0000,1.0000,1.0000,1.660,4.810,0.340,5.000,3.000,8.000,1.500,0.060,0.110,28734306,1000610148,28732047,207,1370,1499,1476,1505,1000,1000,2008,1505,1505,1105,2008,1625,1256,1000,1000
-0.0180,0.0237,-0.9206,-0.0116,0.0121,2.8537,-0.0010,0.0251,3.1416,16.8705,0.0189,0.5154,-10.3492,0.1288,-0.0175,0.0086,-0.7315,2.4083,-10.9450,0.1557,0.0084,0.0151,-5.0009,-21.9371,-5.2286,-0.0518,0.0926,-0.0224,3.7008,19.1012,-11.8969,0.1036,0.0583,-0.0250,16.8705,0.0462,0.0290,0.0302,955.6173,979.6796,828.8834,908.5770,-1.357904,0.564130,-0.255540,-0.060709,-0.074144,-0.302315,0.000000,0.000000,0.000000,0.000000,0.000000,0.000000,-1.356425,0.566632,-0.240257,1.0000,1.0000,1.0000,1.660,4.810,0.340,5.000,3.000,8.000,1.500,0.060,0.110,28744806,1000610148,28744047,207,1370,1499,1476,1505,1000,1000,2008,1505,1505,1105,2008,1625,1256,1000,1000
-0.0166,0.0235,-0.9205,-0.0107,0.0122,2.8539,-0.0010,0.0251,3.1416,16.8705,-0.4165,-0.2314,-9.9637,0.0832,0.0181,0.0109,-0.0916,1.8925,-9.8446,0.0669,-0.0402,0.0066,6.7235,-3.3581,-8.3650,0.0625,-0.0100,0.0592,-1.3236,9.1691,-11.0493,0.0240,-0.0067,0.0336,16.8705,0.0542,0.0222,0.0297,955.8017,975.8425,829.6797,911.7799,-1.358442,0.563461,-0.258267,-0.059191,-0.074508,-0.304574,0.000000,0.000000,0.000000,0.000000,0.000000,0.000000,-1.356425,0.566632,-0.240257,1.0000,1.0000,1.0000,1.660,4.810,0.340,5.000,3.000,8.000,1.500,0.060,0.110,28755306,1000610148,28753047,207,1370,1499,1476,1505,1000,1000,2008,1505,1505,1105,2008,1625,1256,1000,1000
-0.0156,0.0234,-0.9203,-0.0099,0.0123,2.8541,-0.0010,0.0251,3.1416,16.8705,0.2362,-0.1527,-9.2591,0.0323,0.0129,0.0125,0.7052,2.3611,-9.5342,0.0523,0.0062,0.0080,-1.9986,-5.7666,-12.9380,0.0742,-0.0348,0.0176,6.8774,20.0961,-14.5510,-0.0224,0.0618,0.0117,16.8705,0.0651,0.0191,0.0310,956.2253,973.7098,826.7246,916.2889,-1.359148,0.562578,-0.261927,-0.058785,-0.073100,-0.304626,0.000000,0.000000,0.000000,0.000000,0.000000,0.000000,-1.356425,0.566632,-0.240257,1.0000,1.0000,1.0000,1.660,4.810,0.340,5.000,3.000,8.000,1.500,0.060,0.110,28765806,1000610148,28765058,207,1370,1499,1476,1505,1000,1000,2008,1505,1505,1105,2008,1625,1256,1000,1000
-0.0152,0.0231,-0.9202,-0.0098,0.0123,2.8542,-0.0010,0.0251,3.1416,16.8705,-0.1069,0.2466,-10.2355,-0.0172,0.0138,0.0097,0.9354,2.1776,-10.6622,0.0000,0.0004,0.0067,1.7172,0.4559,-7.9149,0.0049,-0.0076,-0.0368,0.8313,-1.8871,-4.4321,-0.0415,-0.0099,-0.0453,16.8705,0.0838,0.0174,0.0305,959.9616,969.1235,823.2212,920.3894,-1.359666,0.561924,-0.264676,-0.056584,-0.071588,-0.305099,0.000000,0.000000,0.000000,0.000000,0.000000,0.000000,-1.356425,0.566632,-0.240257,1.0000,1.0000,1.0000,1.660,4.810,0.340,5.000,3.000,8.000,1.500,0.060,0.110,28776306,1000610148,28774047,207,1370,1498,1476,1505,1000,1000,2008,1505,1505,1105,2008,1625,1256,1000,1000
-0.0153,0.0227,-0.9202,-0.0103,0.0126,2.8542,-0.0021,0.0251,3.1416,16.8705,-0.0956,-0.4522,-10.0903,-0.0708,0.0388,-0.0168,1.2120,2.3918,-10.1826,-0.0546,0.0421,-0.0025,9.4193,17.2321,-9.5358,0.0028,0.0449,0.0549,-5.7824,-10.2138,-5.7394,-0.1566,-0.0799,0.0077,16.8705,0.1030,0.0163,0.0313,963.0503,965.4484,818.1483,925.5341,-1.360326,0.561076,-0.268349,-0.053126,-0.069444,-0.306851,0.000000,0.000000,0.000000,0.000000,0.000000,0.000000,-1.356425,0.566632,-0.240257,1.0000,1.0000,1.0000,1.660,4.810,0.340,5.000,3.000,8.000,1.500,0.060,0.110,28786806,1000610148,28786048,207,1370,1498,1476,1505,1000,1000,2008,1505,1505,1105,2008,1625,1256,1000,1000
-0.0159,0.0229,-0.9203,-0.0088,0.0126,2.8495,-0.0021,0.0251,3.1416,16.8705,0.1921,-0.2041,-9.6080,-0.1148,0.0527,-0.0091,1.0562,1.9520,-9.8367,-0.1085,0.0510,-0.0010,0.5249,-0.3126,-16.6585,-0.1453,0.1717,0.0005,-2.5824,1.2967,-6.2386,-0.0735,0.1326,0.0373,16.8705,0.1186,0.0038,0.0329,961.6885,959.9518,816.7709,933.8467,-1.362631,0.556782,-0.271519,-0.057875,-0.081205,-0.308422,0.000000,0.000000,0.000000,0.000000,0.000000,0.000000,-1.363778,0.554295,-0.270240,1.0000,1.0000,1.0000,1.660,4.810,0.340,5.000,3.000,8.000,1.500,0.060,0.110,28796852,1000710717,28795093,208,1370,1498,1476,1505,1000,1000,2008,1505,1505,1105,2008,1625,1256,1000,1000
-0.0168,0.0230,-0.9204,-0.0104,0.0134,2.8494,-0.0021,0.0251,3.1416,16.8705,-0.3372,-0.0064,-10.3375,-0.1468,0.0755,0.0019,0.8707,1.9007,-11.3221,-0.1329,0.0865,0.0022,1.7483,-2.4770,-7.4552,-0.1587,0.0654,-0.0741,-4.8199,-13.9327,-2.7531,-0.1020,0.1358,-0.0314,16.8705,0.1354,-0.0042,0.0320,963.6473,953.5895,816.2481,938.7900,-1.363309,0.555811,-0.275234,-0.054605,-0.080552,-0.311352,0.000000,0.000000,0.000000,0.000000,0.000000,0.000000,-1.363778,0.554295,-0.270240,1.0000,1.0000,1.0000,1.660,4.810,0.340,5.000,3.000,8.000,1.500,0.060,0.110,28807352,1000710717,28807093,208,1370,1498,1476,1505,1000,1000,2008,1505,1505,1105,2008,1625,1256,1000,1000
-0.0180,0.0234,-0.9205,-0.0118,0.0143,2.8494,-0.0021,0.0178,3.1416,16.8705,-0.1223,-0.0646,-9.9693,-0.1703,0.1457,-0.0099,0.5852,1.7254,-10.6092,-0.1729,0.1455,-0.0019,4.5639,1.7966,-8.3363,-0.2445,0.0031,-0.0128,-2.8805,1.0148,-10.1245,-0.1422,0.1039,-0.0189,16.8705,0.1455,-0.0402,0.0329,955.1922,942.1193,824.4501,951.7549,-1.363794,0.555089,-0.278049,-0.052762,-0.080022,-0.314969,0.000000,0.000000,0.000000,0.000000,0.000000,0.000000,-1.363778,0.554295,-0.270240,1.0000,1.0000,1.0000,1.660,4.810,0.340,5.000,3.000,8.000,1.500,0.060,0.110,28817852,1000710717,28816093,208,1370,1498,1485,1505,1000,1000,2008,1505,1505,1105,2008,1625,1256,1000,1000
-0.0196,0.0243,-0.9206,-0.0139,0.0160,2.8493,0.0021,0.0147,3.1416,15.6850,0.1994,0.6504,-9.7098,-0.1813,0.1451,-0.0106,0.7533,2.3098,-10.7234,-0.1613,0.1828,-0.0140,-4.6753,-21.4151,-7.4480,-0.2988,0.1374,0.0088,-2.7602,6.6767,-13.3622,-0.1542,0.1116,0.0344,15.6850,0.1600,-0.0502,0.0338,920.2080,901.7170,789.6055,929.6671,-1.364418,0.554131,-0.281835,-0.051715,-0.080875,-0.316348,0.000000,0.000000,0.000000,0.000000,0.000000,0.000000,-1.363778,0.554295,-0.270240,1.0000,1.0000,1.0000,1.660,4.810,0.340,5.000,3.000,8.000,1.500,0.060,0.110,28828352,1000710717,28828093,208,1344,1502,1486,1505,1000,1000,2008,1505,1505,1105,2008,1625,1256,1000,1000
-0.0214,0.0253,-0.9207,-0.0155,0.0172,2.8492,0.0042,0.0147,3.1416,15.3658,-0.0283,0.2996,-10.5831,-0.1636,0.1406,-0.0059,-0.0182,3.5291,-11.4355,-0.1311,0.1677,-0.0017,4.6022,-8.2925,-7.2781,-0.2437,0.1451,-0.0482,-2.2682,4.9708,-6.5798,-0.1111,0.1486,-0.0301,15.3658,0.1639,-0.0484,0.0332,912.5541,891.1851,779.3656,921.5241,-1.364880,0.553405,-0.284698,-0.051238,-0.081064,-0.318471,0.000000,0.000000,0.000000,0.000000,0.000000,0.000000,-1.363778,0.554295,-0.270240,1.0000,1.0000,1.0000,1.660,4.810,0.340,5.000,3.000,8.000,1.500,0.060,0.110,28838852,1000710717,28837093,208,1337,1504,1486,1505,1000,1000,2008,1505,1505,1105,2008,1625,1256,1000,1000
-0.0227,0.0265,-0.9208,-0.0173,0.0188,2.8492,0.0042,0.0147,3.1416,15.2290,0.3479,-0.0677,-9.7720,-0.1333,0.1299,-0.0051,0.3391,-0.6654,-9.5311,-0.1420,0.1420,-0.0024,0.1753,-13.1168,-3.6101,-0.2591,0.0817,-0.0229,-0.6017,-8.9873,-8.8442,-0.1555,0.0871,-0.0426,15.2290,0.1526,-0.0467,0.0321,907.2857,889.2054,778.7715,914.2179,-1.365488,0.552446,-0.288525,-0.050789,-0.079569,-0.319009,0.000000,0.000000,0.000000,0.000000,0.000000,0.000000,-1.363778,0.554295,-0.270240,1.0000,1.0000,1.0000,1.660,4.810,0.340,5.000,3.000,8.000,1.500,0.060,0.110,28849352,1000710717,28849093,208,1334,1504,1486,1505,1000,1000,2008,1505,1505,1105,2008,1625,1256,1000,1000
-0.0239,0.0277,-0.9209,-0.0184,0.0199,2.8492,0.0042,0.0147,3.1416,15.2290,0.0926,0.8119,-9.1885,-0.1228,0.1176,-0.0093,0.2820,-1.3370,-9.3149,-0.0838,0.1539,-0.0100,-6.9283,-18.0106,-6.7968,-0.2690,0.1752,-0.0077,2.7994,-13.1749,-13.1719,-0.1350,0.0668,0.0085,15.2290,0.1496,-0.0480,0.0321,906.2565,889.4868,779.9683,913.9446,-1.365942,0.551724,-0.291386,-0.049908,-0.078745,-0.316674,0.000000,0.000000,0.000000,0.000000,0.000000,0.000000,-1.363778,0.554295,-0.270240,1.0000,1.0000,1.0000,1.660,4.810,0.340,5.000,3.000,8.000,1.500,0.060,0.110,28859852,1000710717,28858093,208,1334,1504,1486,1505,1000,1000,2008,1505,1505,1105,2008,1625,1256,1000,1000
-0.0251,0.0286,-0.9210,-0.0198,0.0214,2.8491,0.0042,0.0136,3.1416,15.2290,-0.0647,0.6566,-9.7735,-0.1122,0.1263,-0.0122,-1.0626,-4.5390,-9.2225,-0.0769,0.1509,-0.0003,-3.9188,-27.3815,-3.9693,-0.2136,0.1169,-0.0485,2.2984,-18.2891,-8.1762,-0.0405,0.0951,-0.0109,15.2290,0.1501,-0.0537,0.0343,903.0018,889.3789,779.4272,917.7248,-1.366527,0.550783,-0.295173,-0.048199,-0.079493,-0.314296,0.000000,0.000000,0.000000,0.000000,0.000000,0.000000,-1.363778,0.554295,-0.270240,1.0000,1.0000,1.0000,1.660,4.810,0.340,5.000,3.000,8.000,1.500,0.060,0.110,28870352,1000710717,28870093,208,1334,1504,1487,1505,1000,1000,2008,1505,1505,1105,2008,1625,1256,1000,1000
-0.0261,0.0295,-0.9212,-0.0208,0.0224,2.8490,0.0042,0.0136,3.1416,15.2290,0.3757,-0.3049,-9.8112,-0.1045,0.1210,-0.0033,-0.1432,0.0747,-9.3252,-0.1341,0.1052,-0.0096,-1.7568,5.8285,-6.1145,-0.1483,0.0449,-0.0565,-1.3613,-7.3407,-7.0556,-0.0080,0.0554,-0.0429,15.2290,0.1524,-0.0512,0.0336,904.7667,889.0571,778.7823,916.8456,-1.366962,0.550069,-0.297988,-0.047424,-0.079935,-0.311404,0.000000,0.000000,0.000000,0.000000,0.000000,0.000000,-1.363778,0.554295,-0.270240,1.0000,1.0000,1.0000,1.660,4.810,0.340,5.000,3.000,8.000,1.500,0.060,0.110,28880852,1000710717,28879093,208,1334,1504,1493,1505,1000,1000,2008,1505,1505,1105,2008,1625,1256,1000,1000
-0.0269,0.0307,-0.9213,-0.0220,0.0236,2.8489,0.0042,0.0073,3.1416,15.2290,0.5763,0.1801,-9.0527,-0.0900,0.0915,-0.0160,1.2167,2.9843,-8.9432,-0.0970,0.0865,-0.0119,-7.7351,-6.1401,-5.3052,-0.0646,0.1054,-0.0123,-3.7353,-17.9551,-13.6423,0.0362,0.1196,-0.0104,15.2290,0.1491,-0.0649,0.0328,900.6619,885.1093,785.0489,919.3590,-1.367530,0.549124,-0.301686,-0.047769,-0.077873,-0.304982,0.000000,0.000000,0.000000,0.000000,0.000000,0.000000,-1.363778,0.554295,-0.270240,1.0000,1.0000,1.0000,1.660,4.810,0.340,5.000,3.000,8.000,1.500,0.060,0.110,28891352,1000710717,28891093,208,1334,1504,1495,1505,1000,1000,2008,1505,1505,1105,2008,1625,1256,1000,1000
-0.0278,0.0314,-0.9214,-0.0226,0.0244,2.8488,0.0042,0.0052,3.1416,15.2290,-0.1947,0.4607,-8.8558,-0.0719,0.0870,-0.0052,0.2748,1.8482,-10.0793,-0.0819,0.0665,-0.0101,7.9397,23.2966,-18.5619,0.1779,0.1131,0.0429,-4.9348,-19.6305,-2.0438,-0.0165,0.1308,0.0322,15.2290,0.1409,-0.0616,0.0323,900.2119,887.5083,786.6005,916.1552,-1.367960,0.548410,-0.304415,-0.048774,-0.080585,-0.301183,0.000000,0.000000,0.000000,0.000000,0.000000,0.000000,-1.363778,0.554295,-0.270240,1.0000,1.0000,1.0000,1.660,4.810,0.340,5.000,3.000,8.000,1.500,0.060,0.110,28901852,1000710717,28900093,208,1334,1504,1495,1505,1000,1000,2008,1505,1505,1105,2008,1625,1256,1000,1000
-0.0283,0.0320,-0.9215,-0.0231,0.0252,2.8487,0.0042,0.0052,3.1416,15.2290,-0.2459,0.1051,-9.1879,-0.0145,0.0606,-0.0136,-1.0516,-3.4520,-7.9652,0.0334,0.1484,-0.0134,10.0347,20.0931,-16.4024,-0.0071,0.0289,0.0805,9.3555,17.4438,-6.0680,0.0011,0.1443,0.0154,15.2290,0.1229,-0.0522,0.0336,898.0275,895.2820,786.6013,910.7184,-1.368543,0.547420,-0.307987,-0.047786,-0.083243,-0.293338,0.000000,0.000000,0.000000,0.000000,0.000000,0.000000,-1.363778,0.554295,-0.270240,1.0000,1.0000,1.0000,1.660,4.810,0.340,5.000,3.000,8.000,1.500,0.060,0.110,28912352,1000710717,28912094,208,1334,1504,1495,1505,1000,1000,2008,1505,1505,1105,2008,1625,1256,1000,1000
-0.0282,0.0322,-0.9216,-0.0230,0.0246,2.8489,0.0042,0.0042,3.1416,15.2290,0.4446,0.0528,-9.2452,0.0175,0.0157,-0.0068,1.5880,2.8910,-10.0047,0.0402,0.0226,-0.0065,-8.7239,-19.3729,1.9157,-0.0305,-0.0707,0.0067,-6.9460,-6.4123,-12.1160,0.1894,0.0024,-0.0176,15.2290,0.1121,-0.0377,0.0329,900.4439,901.4095,785.2079,903.4617,-1.370383,0.546978,-0.312441,-0.051183,-0.079729,-0.289181,0.000000,0.000000,0.000000,0.000000,0.000000,0.000000,-1.371152,0.547416,-0.313943,1.0000,1.0000,1.0000,1.660,4.810,0.340,5.000,3.000,8.000,1.500,0.060,0.110,28922396,1000843308,28921137,209,1334,1504,1496,1505,1000,1000,2008,1505,1505,1105,2008,1625,1256,1000,1000
-0.0278,0.0322,-0.9216,-0.0226,0.0244,2.8489,0.0042,0.0042,3.1416,15.2290,0.6225,0.0692,-8.6689,0.0581,-0.0530,-0.0036,-0.3005,0.0707,-9.6378,0.0463,-0.0807,-0.0044,9.4002,23.6078,-15.7009,0.2032,-0.0966,0.0040,-11.2970,-21.2359,-3.4588,0.1662,-0.1289,-0.0032,15.2290,0.0987,-0.0165,0.0325,904.0140,910.2201,781.8294,893.9428,-1.370848,0.546261,-0.315001,-0.051332,-0.079827,-0.280478,0.000000,0.000000,0.000000,0.000000,0.000000,0.000000,-1.371152,0.547416,-0.313943,1.0000,1.0000,1.0000,1.660,4.810,0.340,5.000,3.000,8.000,1.500,0.060,0.110,28932896,1000843308,28930137,209,1334,1504,1496,1505,1000,1000,2008,1505,1505,1105,2008,1625,1256,1000,1000
-0.0272,0.0314,-0.9216,-0.0217,0.0234,2.8490,0.0042,0.0042,3.1416,15.2290,0.4820,0.8263,-8.6088,0.0927,-0.1159,-0.0013,0.7675,0.1559,-7.5975,0.0741,-0.1290,-0.0049,-12.6193,-12.7266,-8.3004,0.0329,-0.0222,0.0338,7.5113,9.2033,-12.4105,0.0208,-0.0908,0.0091,15.2290,0.0849,0.0078,0.0324,908.1006,920.1442,777.2095,883.6097,-1.371487,0.545277,-0.318307,-0.055226,-0.083617,-0.268935,0.000000,0.000000,0.000000,0.000000,0.000000,0.000000,-1.371152,0.547416,-0.313943,1.0000,1.0000,1.0000,1.660,4.810,0.340,5.000,3.000,8.000,1.500,0.060,0.110,28942926,1000843308,28942167,209,1334,1504,1496,1505,1000,1000,2008,1505,1505,1105,2008,1625,1256,1000,1000
-0.0262,0.0299,-0.9216,-0.0207,0.0223,2.8491,0.0042,0.0042,3.1416,15.2290,-0.2923,0.4776,-9.0378,0.1141,-0.1384,0.0034,-0.1378,2.3238,-10.3071,0.1034,-0.1618,0.0012,-4.0672,-12.3651,-3.3492,0.0297,-0.1824,-0.0125,-0.1618,9.5516,-17.4654,0.1039,-0.1385,-0.0048,15.2290,0.0766,0.0212,0.0320,910.5305,925.4432,775.2617,877.2635,-1.371983,0.544519,-0.320687,-0.056002,-0.084480,-0.259309,0.000000,0.000000,0.000000,0.000000,0.000000,0.000000,-1.371152,0.547416,-0.313943,1.0000,1.0000,1.0000,1.660,4.810,0.340,5.000,3.000,8.000,1.500,0.060,0.110,28953426,1000843308,28951167,209,1334,1504,1497,1505,1000,1000,2008,1505,1505,1105,2008,1625,1256,1000,1000
-0.0249,0.0280,-0.9215,-0.0194,0.0204,2.8492,0.0042,0.0031,3.1416,15.2290,-0.2581,-0.2105,-8.9247,0.1081,-0.1456,0.0032,-1.0074,-1.0420,-8.9096,0.1083,-0.1534,0.0069,5.6245,-2.8816,-4.4840,0.0252,-0.2112,-0.0221,2.4474,-14.3709,1.5746,0.1294,-0.1835,-0.0197,15.2290,0.0756,0.0227,0.0318,910.8506,925.9803,775.1558,876.4578,-1.372635,0.543519,-0.323723,-0.052303,-0.082883,-0.247030,0.000000,0.000000,0.000000,0.000000,0.000000,0.000000,-1.371152,0.547416,-0.313943,1.0000,1.0000,1.0000,1.660,4.810,0.340,5.000,3.000,8.000,1.500,0.060,0.110,28963926,1000843308,28963167,209,1334,1504,1497,1505,1000,1000,2008,1505,1505,1105,2008,1625,1256,1000,1000
-0.0237,0.0263,-0.9213,-0.0184,0.0190,2.8494,0.0042,0.0031,3.1416,15.2290,0.3353,-0.1237,-8.4905,0.0852,-0.1499,0.0095,0.8446,-0.8552,-7.5930,0.0696,-0.2390,0.0164,0.5033,3.1206,-11.1950,0.2426,-0.2197,-0.0280,-2.7045,-15.2993,-1.1872,0.1854,-0.2346,0.0027,15.2290,0.0781,0.0228,0.0309,912.1347,924.7580,775.5518,876.0624,-1.373111,0.542763,-0.325910,-0.052058,-0.084823,-0.239459,0.000000,0.000000,0.000000,0.000000,0.000000,0.000000,-1.371152,0.547416,-0.313943,1.0000,1.0000,1.0000,1.660,4.810,0.340,5.000,3.000,8.000,1.500,0.060,0.110,28974426,1000843308,28972167,209,1334,1504,1497,1505,1000,1000,2008,1505,1505,1105,2008,1625,1256,1000,1000
-0.0229,0.0245,-0.9213,-0.0173,0.0172,2.8495,0.0042,0.0031,3.1416,15.2290,0.0743,0.3086,-8.7800,0.0833,-0.1460,0.0159,0.0470,3.6645,-10.6260,0.0308,-0.1726,-0.0051,-3.0808,10.0088,-14.7216,0.2384,-0.0945,-0.0083,6.5057,11.0780,-13.4861,-0.0517,-0.2964,0.0093,15.2290,0.0820,0.0256,0.0312,913.5690,924.9540,773.2244,876.4182,-1.373744,0.541720,-0.328724,-0.052773,-0.087602,-0.228702,0.000000,0.000000,0.000000,0.000000,0.000000,0.000000,-1.371152,0.547416,-0.313943,1.0000,1.0000,1.0000,1.660,4.810,0.340,5.000,3.000,8.000,1.500,0.060,0.110,28984926,1000843308,28984167,209,1334,1504,1497,1505,1000,1000,2008,1505,1505,1105,2008,1625,1256,1000,1000
-0.0221,0.0228,-0.9211,-0.0166,0.0160,2.8496,0.0042,0.0031,3.1416,15.2290,-0.2328,0.3889,-9.1620,0.0703,-0.1180,0.0117,-0.8191,-2.0623,-8.3764,0.0744,-0.0869,0.0144,-2.2141,0.6546,-8.8822,0.0295,-0.0609,0.0426,1.0575,8.7112,-13.1826,0.0221,-0.0754,0.0056,15.2290,0.0840,0.0199,0.0304,912.9208,922.3089,775.5402,877.8339,-1.374201,0.540941,-0.330740,-0.050086,-0.086393,-0.218750,0.000000,0.000000,0.000000,0.000000,0.000000,0.000000,-1.371152,0.547416,-0.313943,1.0000,1.0000,1.0000,1.660,4.810,0.340,5.000,3.000,8.000,1.500,0.060,0.110,28995426,1000843308,28993167,209,1334,1504,1497,1505,1000,1000,2008,1505,1505,1105,2008,1625,1256,1000,1000
-0.0214,0.0212,-0.9210,-0.0160,0.0147,2.8499,0.0042,0.0031,3.1416,15.2290,-0.2173,-0.5024,-8.7462,0.0424,-0.0876,0.0101,-0.2429,-3.0484,-8.3241,0.0416,-0.0987,0.0128,-0.4400,-13.5502,-2.8153,-0.0982,-0.0875,0.0525,3.1316,24.5782,-10.0976,-0.1161,-0.0993,0.0240,15.2290,0.0923,0.0161,0.0307,913.3893,919.6849,774.3287,881.1628,-1.374782,0.539907,-0.333291,-0.047205,-0.086827,-0.206854,0.000000,0.000000,0.000000,0.000000,0.000000,0.000000,-1.371152,0.547416,-0.313943,1.0000,1.0000,1.0000,1.660,4.810,0.340,5.000,3.000,8.000,1.500,0.060,0.110,29005926,1000843308,29005167,209,1334,1504,1497,1505,1000,1000,2008,1505,1505,1105,2008,1625,1256,1000,1000
-0.0209,0.0200,-0.9208,-0.0157,0.0141,2.8500,0.0042,0.0021,3.1416,15.2290,0.0373,-0.1350,-8.4200,0.0042,-0.0595,0.0153,0.3625,3.6835,-8.6056,0.0330,-0.0456,0.0196,-3.3322,-18.6522,-11.7456,-0.1376,-0.0361,-0.0288,0.8761,10.3723,-11.9957,-0.0581,-0.0357,0.0330,15.2290,0.0976,0.0042,0.0309,910.9553,915.2618,776.8309,886.0717,-1.375203,0.539121,-0.335108,-0.045338,-0.086776,-0.197486,0.000000,0.000000,0.000000,0.000000,0.000000,0.000000,-1.371152,0.547416,-0.313943,1.0000,1.0000,1.0000,1.660,4.810,0.340,5.000,3.000,8.000,1.500,0.060,0.110,29016426,1000843308,29014168,209,1334,1504,1498,1505,1000,1000,2008,1505,1505,1105,2008,1625,1256,1000,1000
-0.0207,0.0191,-0.9208,-0.0182,0.0124,2.8566,0.0042,0.0021,3.1416,15.2290,0.0754,0.2190,-8.7887,-0.0347,-0.0216,0.0112,0.5470,2.1064,-9.6657,-0.0417,-0.0231,0.0250,-6.7032,2.8908,-2.6549,0.0961,0.0300,-0.0389,-2.6919,-21.8680,-9.8767,0.0357,-0.0820,-0.0059,15.2290,0.1116,-0.0027,0.0321,911.1242,911.1280,774.2869,892.3627,-1.376373,0.542528,-0.338682,-0.044938,-0.067667,-0.188369,0.000000,0.000000,0.000000,0.000000,0.000000,0.000000,-1.376586,0.546222,-0.339256,1.0000,1.0000,1.0000,1.660,4.810,0.340,5.000,3.000,8.000,1.500,0.060,0.110,29026470,1000943605,29026211,210,1334,1504,1499,1505,1000,1000,2008,1505,1505,1105,2008,1625,1256,1000,1000
-0.0211,0.0187,-0.9207,-0.0186,0.0124,2.8567,0.0042,0.0010,3.1416,15.2290,-0.2795,0.2686,-8.8476,-0.0574,0.0247,-0.0012,-0.7785,-2.9893,-9.4038,-0.0659,-0.0191,0.0071,13.6188,16.3055,-16.0432,0.0942,-0.0779,0.0008,-10.4476,-12.8697,2.1169,-0.0407,0.0061,-0.0218,15.2290,0.1253,-0.0154,0.0306,911.5272,903.3275,776.7328,897.7398,-1.376775,0.541918,-0.340342,-0.045061,-0.068491,-0.180211,0.000000,0.000000,0.000000,0.000000,0.000000,0.000000,-1.376586,0.546222,-0.339256,1.0000,1.0000,1.0000,1.660,4.810,0.340,5.000,3.000,8.000,1.500,0.060,0.110,29036970,1000943605,29035211,210,1334,1504,1499,1505,1000,1000,2008,1505,1505,1105,2008,1625,1256,1000,1000
-0.0218,0.0186,-0.9207,-0.0193,0.0126,2.8568,0.0042,0.0010,3.1416,15.2290,-0.1126,0.1140,-8.6511,-0.0597,0.0163,0.0039,0.6454,1.7855,-8.1093,-0.0760,-0.0144,-0.0042,8.8854,3.9706,-13.4743,-0.1501,0.0353,0.0823,10.9429,12.1446,-12.2309,-0.1667,0.0884,0.0421,15.2290,0.1336,-0.0241,0.0309,910.5810,899.1642,777.2659,902.4060,-1.377313,0.541085,-0.342428,-0.044178,-0.070276,-0.167012,0.000000,0.000000,0.000000,0.000000,0.000000,0.000000,-1.376586,0.546222,-0.339256,1.0000,1.0000,1.0000,1.660,4.810,0.340,5.000,3.000,8.000,1.500,0.060,0.110,29047470,1000943605,29047211,210,1334,1504,1499,1505,1000,1000,2008,1505,1505,1105,2008,1625,1256,1000,1000
-0.0223,0.0187,-0.9205,-0.0199,0.0127,2.8570,0.0042,0.0010,3.1416,15.2290,0.2432,0.0713,-8.6489,-0.0601,0.0160,0.0108,1.5674,0.6619,-9.8455,-0.0377,0.0134,0.0056,-6.0664,-1.9168,-7.7928,-0.1038,0.0364,0.0410,-1.3074,-7.0947,-15.5099,-0.0623,0.0389,0.0458,15.2290,0.1350,-0.0251,0.0306,910.8554,898.3254,777.5823,902.6920,-1.377707,0.540455,-0.343885,-0.043042,-0.069690,-0.156839,0.000000,0.000000,0.000000,0.000000,0.000000,0.000000,-1.376586,0.546222,-0.339256,1.0000,1.0000,1.0000,1.660,4.810,0.340,5.000,3.000,8.000,1.500,0.060,0.110,29057970,1000943605,29056211,210,1334,1504,1499,1505,1000,1000,2008,1505,1505,1105,2008,1625,1256,1000,1000
-0.0228,0.0186,-0.9204,-0.0205,0.0129,2.8572,0.0042,0.0010,3.1416,15.2290,0.3669,0.3764,-9.1272,-0.0515,0.0034,0.0295,-1.2792,-1.3137,-8.7994,-0.0549,0.0039,0.0207,-11.6377,-8.6325,-1.6158,-0.0651,0.0374,-0.0605,-11.9022,-13.2037,-9.6469,0.0178,0.0274,-0.0029,15.2290,0.1338,-0.0208,0.0289,913.1019,898.5312,778.3099,899.5850,-1.378223,0.539619,-0.345701,-0.043472,-0.069858,-0.145983,0.000000,0.000000,0.000000,0.000000,0.000000,0.000000,-1.376586,0.546222,-0.339256,1.0000,1.0000,1.0000,1.660,4.810,0.340,5.000,3.000,8.000,1.500,0.060,0.110,29068470,1000943605,29068222,210,1334,1504,1499,1505,1000,1000,2008,1505,1505,1105,2008,1625,1256,1000,1000
-0.0234,0.0184,-0.9201,-0.0209,0.0130,2.8575,0.0042,0.0010,3.1416,15.2290,-0.0793,0.1660,-8.9420,-0.0347,0.0257,0.0226,1.7168,2.6228,-8.1373,-0.0219,0.0385,0.0169,12.0266,16.4276,-7.6276,0.0827,0.0039,-0.0045,-8.7597,-12.4405,0.2888,0.0895,0.0253,-0.0016,15.2290,0.1289,-0.0246,0.0283,911.4381,898.0004,781.5236,899.0160,-1.378618,0.538983,-0.346971,-0.044744,-0.071303,-0.137266,0.000000,0.000000,0.000000,0.000000,0.000000,0.000000,-1.376586,0.546222,-0.339256,1.0000,1.0000,1.0000,1.660,4.810,0.340,5.000,3.000,8.000,1.500,0.060,0.110,29078970,1000943605,29077211,210,1334,1504,1499,1505,1000,1000,2008,1505,1505,1105,2008,1625,1256,1000,1000
-0.0238,0.0182,-0.9200,-0.0211,0.0132,2.8577,0.0042,0.0010,3.1416,15.2290,-0.2665,0.0643,-8.4877,-0.0090,0.0162,0.0016,-1.2608,-1.5094,-9.9724,0.0233,0.0334,0.0163,9.3068,15.4723,-9.6699,0.0183,0.0151,0.0658,9.4992,12.5541,-2.5664,-0.0655,0.0519,0.0170,15.2290,0.1213,-0.0248,0.0297,908.6464,900.6881,782.0187,898.7226,-1.379145,0.538123,-0.348534,-0.042703,-0.071595,-0.123533,0.000000,0.000000,0.000000,0.000000,0.000000,0.000000,-1.376586,0.546222,-0.339256,1.0000,1.0000,1.0000,1.660,4.810,0.340,5.000,3.000,8.000,1.500,0.060,0.110,29089470,1000943605,29089211,210,1334,1504,1499,1505,1000,1000,2008,1505,1505,1105,2008,1625,1256,1000,1000
-0.0240,0.0179,-0.9198,-0.0211,0.0133,2.8579,0.0042,0.0010,3.1416,15.2290,-0.0738,0.5320,-8.4469,0.0122,0.0216,0.0171,-0.7027,-0.9989,-8.6840,0.0217,0.0286,0.0153,0.8505,-8.2207,-16.6226,-0.0079,-0.0484,0.0815,5.1302,8.4562,-9.1620,-0.0056,0.0133,0.0533,15.2290,0.1130,-0.0259,0.0302,906.1702,902.5899,783.9146,897.6625,-1.379526,0.537478,-0.349611,-0.041642,-0.071662,-0.115185,0.000000,0.000000,0.000000,0.000000,0.000000,0.000000,-1.376586,0.546222,-0.339256,1.0000,1.0000,1.0000,1.660,4.810,0.340,5.000,3.000,8.000,1.500,0.060,0.110,29099970,1000943605,29098211,210,1334,1504,1499,1505,1000,1000,2008,1505,1505,1105,2008,1625,1256,1000,1000
-0.0238,0.0179,-0.9196,-0.0207,0.0134,2.8582,0.0042,0.0010,3.1416,15.2290,0.1431,0.4347,-9.0426,0.0429,0.0177,0.0307,0.2565,1.3536,-8.3395,0.0463,0.0263,0.0280,2.7228,-5.2399,-12.0449,0.0340,0.0835,-0.0253,9.5961,11.6957,-13.3640,0.0906,0.0866,-0.0115,15.2290,0.1054,-0.0280,0.0293,904.5162,902.9724,787.4630,895.8383,-1.380027,0.536610,-0.350930,-0.041701,-0.073319,-0.104244,0.000000,0.000000,0.000000,0.000000,0.000000,0.000000,-1.376586,0.546222,-0.339256,1.0000,1.0000,1.0000,1.660,4.810,0.340,5.000,3.000,8.000,1.500,0.060,0.110,29110470,1000943605,29110211,210,1334,1504,1499,1505,1000,1000,2008,1505,1505,1105,2008,1625,1256,1000,1000
-0.0231,0.0178,-0.9194,-0.0201,0.0136,2.8584,0.0042,0.0010,3.1416,15.2290,0.3748,0.0214,-9.2266,0.0828,0.0158,0.0130,0.3514,-1.1495,-10.0857,0.0735,-0.0210,0.0282,-8.9011,4.4231,-1.4194,0.0755,0.0108,-0.0280,-12.7120,-10.6250,-7.4471,0.1276,-0.0629,-0.0064,15.2290,0.0975,-0.0278,0.0304,902.0265,905.6004,788.2313,895.0198,-1.380395,0.535949,-0.351823,-0.039941,-0.074109,-0.094976,0.000000,0.000000,0.000000,0.000000,0.000000,0.000000,-1.376586,0.546222,-0.339256,1.0000,1.0000,1.0000,1.660,4.810,0.340,5.000,3.000,8.000,1.500,0.060,0.110,29120970,1000943605,29119211,210,1334,1504,1499,1505,1000,1000,2008,1505,1505,1105,2008,1625,1256,1000,1000
-0.0221,0.0178,-0.9193,-0.0190,0.0137,2.8586,0.0042,0.0010,3.1416,15.2290,0.0847,-0.0266,-8.7037,0.1116,0.0010,0.0139,-1.6368,1.1817,-8.0952,0.1123,-0.0037,0.0108,-0.3729,17.7947,-4.1488,0.1288,-0.0294,0.0490,-2.7009,20.6527,-6.1470,0.1017,0.0391,0.0301,15.2290,0.0822,-0.0250,0.0290,900.5543,908.6791,792.6412,889.4701,-1.380856,0.535058,-0.352887,-0.037590,-0.074086,-0.082800,0.000000,0.000000,0.000000,0.000000,0.000000,0.000000,-1.376586,0.546222,-0.339256,1.0000,1.0000,1.0000,1.660,4.810,0.340,5.000,3.000,8.000,1.500,0.060,0.110,29131470,1000943605,29131211,210,1334,1504,1499,1505,1000,1000,2008,1505,1505,1105,2008,1625,1256,1000,1000
-0.0209,0.0178,-0.9191,-0.0178,0.0136,2.8587,0.0042,0.0010,3.1416,15.2290,-0.1588,0.7770,-8.5605,0.1489,-0.0031,0.0066,0.8511,0.3675,-7.4387,0.1357,-0.0426,0.0114,5.4258,-11.7330,-10.7281,0.1267,0.0396,0.0453,4.1102,-1.2334,-1.0454,0.1878,0.0336,0.0144,15.2290,0.0648,-0.0197,0.0295,897.9048,914.3752,794.6790,884.4791,-1.381197,0.534385,-0.353589,-0.038277,-0.074179,-0.073306,0.000000,0.000000,0.000000,0.000000,0.000000,0.000000,-1.376586,0.546222,-0.339256,1.0000,1.0000,1.0000,1.660,4.810,0.340,5.000,3.000,8.000,1.500,0.060,0.110,29141970,1000943605,29140211,210,1334,1504,1499,1505,1000,1000,2008,1505,1505,1105,2008,1625,1255,1000,1000
-0.0193,0.0176,-0.9191,-0.0185,0.0145,2.8652,0.0042,0.0010,3.1416,15.2290,-0.1481,0.3395,-8.6463,0.1749,-0.0137,0.0025,-0.2229,0.4705,-10.6915,0.1913,-0.0150,0.0023,12.0482,1.0113,-13.8430,0.2551,-0.0310,-0.0080,14.5775,-4.2880,-3.6510,0.2727,0.0080,-0.0154,15.2290,0.0536,-0.0176,0.0302,895.5261,917.8873,796.0598,882.0078,-1.378629,0.537609,-0.354360,-0.026741,-0.059758,-0.059166,0.000000,0.000000,0.000000,0.000000,0.000000,0.000000,-1.376631,0.540287,-0.354335,1.0000,1.0000,1.0000,1.660,4.810,0.340,5.000,3.000,8.000,1.500,0.060,0.110,29152520,1001044303,29152211,211,1334,1504,1499,1505,1000,1000,2008,1505,1505,1105,2008,1625,1255,1000,1000
-0.0173,0.0173,-0.9191,-0.0168,0.0141,2.8652,0.0042,0.0010,3.1416,15.2290,0.5008,-0.2034,-8.8077,0.1899,-0.0500,-0.0090,-1.7513,0.0102,-9.4433,0.1982,-0.0293,-0.0057,-11.4102,3.4893,-10.4504,0.1877,-0.0508,-0.0458,-3.2235,-2.4886,-16.9069,0.1779,-0.1185,-0.0088,15.2290,0.0464,-0.0065,0.0311,896.5048,923.3135,793.2195,877.8994,-1.378868,0.537073,-0.354855,-0.025592,-0.059765,-0.049881,0.000000,0.000000,0.000000,0.000000,0.000000,0.000000,-1.376631,0.540287,-0.354335,1.0000,1.0000,1.0000,1.660,4.810,0.340,5.000,3.000,8.000,1.500,0.060,0.110,29163020,1001044303,29161261,211,1334,1504,1499,1505,1000,1000,2008,1505,1505,1105,2008,1625,1255,1000,1000
-0.0153,0.0167,-0.9193,-0.0145,0.0132,2.8651,0.0042,0.0010,3.1416,15.2290,0.3763,-0.1513,-8.8787,0.1884,-0.0837,-0.0150,2.0399,-1.5994,-7.2548,0.1965,-0.0861,-0.0112,-2.8701,16.6287,-6.8232,0.2069,-0.1477,0.0280,-11.2198,11.0062,-17.9592,0.1031,-0.1625,0.0045,15.2290,0.0422,0.0058,0.0317,898.7306,928.1797,789.4768,873.8564,-1.379174,0.536361,-0.355384,-0.025559,-0.058226,-0.038244,0.000000,0.000000,0.000000,0.000000,0.000000,0.000000,-1.376631,0.540287,-0.354335,1.0000,1.0000,1.0000,1.660,4.810,0.340,5.000,3.000,8.000,1.500,0.060,0.110,29173520,1001044303,29173261,211,1334,1504,1499,1505,1000,1000,2008,1505,1505,1105,2008,1625,1255,1000,1000
-0.0135,0.0158,-0.9194,-0.0129,0.0123,2.8650,0.0042,0.0010,3.1416,15.2290,0.1745,0.8148,-8.8396,0.1822,-0.1259,-0.0296,-0.6352,3.2002,-10.3957,0.1882,-0.1252,-0.0138,2.4163,-23.6322,-5.6979,0.0180,-0.0971,0.1002,-6.7197,3.1822,-0.0559,0.1683,-0.1204,0.0314,15.2290,0.0427,0.0223,0.0341,901.8531,934.5373,781.2325,871.2690,-1.379403,0.535846,-0.355681,-0.025770,-0.055522,-0.027906,0.000000,0.000000,0.000000,0.000000,0.000000,0.000000,-1.376631,0.540287,-0.354335,1.0000,1.0000,1.0000,1.660,4.810,0.340,5.000,3.000,8.000,1.500,0.060,0.110,29184020,1001044303,29182261,211,1334,1504,1499,1505,1000,1000,2008,1505,1505,1105,2008,1625,1256,1000,1000
-0.0117,0.0144,-0.9195,-0.0108,0.0106,2.8650,0.0042,0.0010,3.1416,15.2290,0.0548,0.0262,-8.5429,0.1587,-0.1545,0.0050,-0.0008,-0.3474,-7.3779,0.1490,-0.1301,-0.0088,5.8376,-5.6517,-13.1582,0.2165,-0.0585,-0.0155,6.9690,-20.3830,-0.3379,0.2623,-0.1254,-0.0248,15.2290,0.0456,0.0334,0.0303,908.5899,934.2806,780.8143,864.8966,-1.379708,0.535197,-0.355923,-0.025434,-0.053413,-0.012765,0.000000,0.000000,0.000000,0.000000,0.000000,0.000000,-1.376631,0.540287,-0.354335,1.0000,1.0000,1.0000,1.660,4.810,0.340,5.000,3.000,8.000,1.500,0.060,0.110,29194520,1001044303,29194261,211,1334,1504,1499,1505,1000,1000,2008,1505,1505,1105,2008,1625,1256,1000,1000
-0.0101,0.0128,-0.9196,-0.0097,0.0092,2.8650,0.0042,0.0010,3.1416,15.2290,0.1281,-0.6820,-8.7007,0.1113,-0.1535,-0.0160,0.2648,-2.3060,-9.3971,0.1207,-0.1424,-0.0126,-7.6824,15.0725,-9.6651,0.1611,-0.1560,-0.0205,-8.3502,6.7862,-17.3900,0.1180,-0.1957,-0.0080,15.2290,0.0577,0.0404,0.0322,911.8010,935.0842,773.2887,867.4064,-1.379933,0.534717,-0.355996,-0.024407,-0.053558,-0.003586,0.000000,0.000000,0.000000,0.000000,0.000000,0.000000,-1.376631,0.540287,-0.354335,1.0000,1.0000,1.0000,1.660,4.810,0.340,5.000,3.000,8.000,1.500,0.060,0.110,29205020,1001044303,29203261,211,1333,1504,1499,1505,1000,1000,2008,1505,1505,1105,2008,1625,1255,1000,1000
-0.0089,0.0110,-0.9196,-0.0085,0.0072,2.8649,0.0042,0.0010,3.1416,15.1834,-0.1683,-0.1403,-8.8909,0.0802,-0.1559,-0.0004,-0.0133,2.7132,-8.2670,0.0908,-0.1538,-0.0088,6.7187,19.9351,-3.5072,0.0374,-0.2298,-0.0131,-1.4942,24.2531,-4.6530,-0.0514,-0.1939,0.0101,15.1834,0.0635,0.0469,0.0307,914.7051,933.2628,769.8627,864.0772,-1.380208,0.534077,-0.355976,-0.021339,-0.052415,0.007063,0.000000,0.000000,0.000000,0.000000,0.000000,0.000000,-1.376631,0.540287,-0.354335,1.0000,1.0000,1.0000,1.660,4.810,0.340,5.000,3.000,8.000,1.500,0.060,0.110,29215520,1001044303,29215261,211,1333,1504,1499,1505,1000,1000,2008,1505,1505,1105,2008,1625,1256,1000,1000
-0.0083,0.0092,-0.9197,-0.0079,0.0057,2.8649,0.0042,0.0010,3.1416,15.1834,0.0689,0.8831,-8.5376,0.0517,-0.1493,-0.0183,0.0352,-2.0234,-9.6188,0.0392,-0.1762,-0.0086,2.0045,-18.9180,-15.0736,-0.0126,-0.2277,0.0293,8.9946,-10.2731,0.4648,0.0474,-0.2048,-0.0032,15.1834,0.0756,0.0456,0.0314,916.4650,930.7971,766.4725,867.8776,-1.380399,0.533616,-0.355874,-0.020542,-0.049746,0.015822,0.000000,0.000000,0.000000,0.000000,0.000000,0.000000,-1.376631,0.540287,-0.354335,1.0000,1.0000,1.0000,1.660,4.810,0.340,5.000,3.000,8.000,1.500,0.060,0.110,29226020,1001044303,29224261,211,1333,1504,1500,1505,1000,1000,2008,1505,1505,1105,2008,1625,1256,1000,1000
-0.0080,0.0076,-0.9198,-0.0075,0.0039,2.8649,0.0042,0.0000,3.1416,15.1834,0.0400,0.1123,-8.6629,0.0236,-0.1446,-0.0025,-1.7229,1.4779,-10.8900,0.0325,-0.1492,-0.0022,1.6885,-3.2168,-21.4254,0.0492,-0.0750,-0.0112,10.3503,-6.4608,-13.9296,0.0932,-0.0607,0.0099,15.1834,0.0872,0.0401,0.0308,917.8190,926.3279,766.0009,871.6366,-1.380647,0.533036,-0.355605,-0.020578,-0.047845,0.029184,0.000000,0.000000,0.000000,0.000000,0.000000,0.000000,-1.376631,0.540287,-0.354335,1.0000,1.0000,1.0000,1.660,4.810,0.340,5.000,3.000,8.000,1.500,0.060,0.110,29236520,1001044303,29236261,211,1333,1504,1500,1505,1000,1000,2008,1505,1505,1105,2008,1625,1256,1000,1000
-0.0078,0.0060,-0.9198,-0.0074,0.0027,2.8649,0.0042,0.0000,3.1416,15.1834,-0.0570,-0.4360,-9.5655,0.0059,-0.1016,0.0038,1.3926,-0.5493,-6.7727,0.0065,-0.1015,0.0006,-5.1350,14.8187,-2.4825,0.0601,-0.0867,0.0131,-5.5256,-3.0938,-22.5832,0.0048,-0.1313,0.0141,15.1834,0.0947,0.0342,0.0308,917.7076,923.0624,766.0659,875.1541,-1.380822,0.532605,-0.355308,-0.018612,-0.049244,0.036625,0.000000,0.000000,0.000000,0.000000,0.000000,0.000000,-1.376631,0.540287,-0.354335,1.0000,1.0000,1.0000,1.660,4.810,0.340,5.000,3.000,8.000,1.500,0.060,0.110,29247020,1001044303,29245261,211,1333,1504,1500,1505,1000,1000,2008,1505,1505,1105,2008,1625,1256,1000,1000
-0.0078,0.0049,-0.9197,-0.0096,0.0033,2.8691,0.0042,0.0000,3.1416,15.1834,-0.0213,-0.1508,-9.5269,-0.0057,-0.0337,0.0025,-0.0620,-0.0238,-11.7947,-0.0064,-0.0353,-0.0076,-2.8509,12.6783,3.0050,-0.1299,-0.0401,-0.0373,-6.9424,25.8980,-13.2042,-0.1012,-0.0067,-0.0186,15.1834,0.1011,0.0056,0.0297,911.6586,912.6436,775.4233,884.1164,-1.377816,0.534995,-0.357029,-0.004519,-0.039601,0.036754,0.000000,0.000000,0.000000,0.000000,0.000000,0.000000,-1.375320,0.537283,-0.359980,1.0000,1.0000,1.0000,1.660,4.810,0.340,5.000,3.000,8.000,1.500,0.060,0.110,29257571,1001177485,29257261,212,1333,1504,1500,1505,1000,1000,2008,1505,1505,1105,2008,1625,1256,1000,1000
-0.0080,0.0046,-0.9198,-0.0095,0.0032,2.8690,0.0042,0.0000,3.1416,15.1834,-0.0626,0.6945,-8.6016,0.0104,0.0342,-0.0156,-0.8327,3.5720,-9.9995,0.0242,0.0469,-0.0032,4.7554,-13.5813,-10.6802,-0.0659,0.0516,-0.0141,-6.1541,8.8675,-5.4395,-0.0583,0.0362,-0.0445,15.1834,0.0959,-0.0161,0.0313,903.0349,908.6826,782.3835,890.8890,-1.377851,0.534634,-0.356662,-0.003506,-0.039500,0.043534,0.000000,0.000000,0.000000,0.000000,0.000000,0.000000,-1.375320,0.537283,-0.359980,1.0000,1.0000,1.0000,1.660,4.810,0.340,5.000,3.000,8.000,1.500,0.060,0.110,29268071,1001177485,29266312,212,1333,1504,1500,1505,1000,1000,2008,1505,1505,1105,2008,1625,1255,1000,1000
-0.0082,0.0049,-0.9200,-0.0094,0.0040,2.8689,0.0042,0.0000,3.1416,15.1834,-0.5283,0.6678,-8.7764,0.0171,0.0810,-0.0114,0.0405,0.3295,-7.9201,0.0257,0.0768,-0.0092,4.1737,-23.2467,-10.4911,-0.1262,0.1704,0.0224,5.3403,-23.1017,-11.3241,-0.0594,0.1076,-0.0264,15.1834,0.0950,-0.0299,0.0314,898.6983,904.9454,787.1058,894.9093,-1.377883,0.534134,-0.356073,-0.002030,-0.044579,0.054621,0.000000,0.000000,0.000000,0.000000,0.000000,0.000000,-1.375320,0.537283,-0.359980,1.0000,1.0000,1.0000,1.660,4.810,0.340,5.000,3.000,8.000,1.500,0.060,0.110,29278571,1001177485,29278313,212,1333,1504,1500,1505,1000,1000,2008,1505,1505,1105,2008,1625,1255,1000,1000
-0.0081,0.0057,-0.9201,-0.0092,0.0049,2.8688,0.0042,0.0000,3.1416,15.1834,-0.4371,-0.1472,-9.1806,0.0218,0.1379,-0.0189,-0.2295,-2.4041,-10.1985,0.0001,0.1390,-0.0146,-1.1415,11.1604,-8.6499,0.1328,0.1616,-0.0685,9.8996,-13.7621,-15.3932,0.1257,0.1830,-0.0309,15.1834,0.0894,-0.0492,0.0314,891.7708,900.5240,794.9536,899.3516,-1.377900,0.533723,-0.355556,-0.001069,-0.047223,0.061349,0.000000,0.000000,0.000000,0.000000,0.000000,0.000000,-1.375320,0.537283,-0.359980,1.0000,1.0000,1.0000,1.660,4.810,0.340,5.000,3.000,8.000,1.500,0.060,0.110,29289071,1001177485,29287312,212,1333,1504,1500,1505,1000,1000,2008,1505,1505,1105,2008,1625,1256,1000,1000
-0.0078,0.0071,-0.9203,-0.0088,0.0065,2.8686,0.0042,0.0000,3.1416,15.1834,0.6495,-0.1212,-8.8007,0.0338,0.1517,-0.0138,-0.9839,1.6993,-8.5464,0.0448,0.1485,-0.0147,-15.0973,4.9666,-8.0897,0.1848,0.0777,-0.0067,-11.0510,-2.9124,-11.4947,0.1236,-0.0157,-0.0107,15.1834,0.0869,-0.0621,0.0316,887.2679,897.3839,799.7267,902.7059,-1.377921,0.533166,-0.354761,-0.002552,-0.045367,0.071679,0.000000,0.000000,0.000000,0.000000,0.000000,0.000000,-1.375320,0.537283,-0.359980,1.0000,1.0000,1.0000,1.660,4.810,0.340,5.000,3.000,8.000,1.500,0.060,0.110,29299571,1001177485,29299312,212,1333,1504,1500,1505,1000,1000,2008,1505,1505,1105,2008,1625,1256,1000,1000
-0.0074,0.0087,-0.9205,-0.0083,0.0078,2.8685,0.0042,0.0000,3.1416,15.1834,0.3588,0.4143,-8.6964,0.0586,0.1323,-0.0206,2.3475,1.9066,-8.1179,0.0540,0.1348,-0.0141,9.6300,7.4589,-7.2350,0.0870,0.0497,-0.0197,-10.5715,18.2573,-6.5546,0.1124,0.2836,-0.0053,15.1834,0.0820,-0.0679,0.0312,884.7127,896.5315,803.1614,903.0113,-1.377951,0.532746,-0.354077,-0.004688,-0.047432,0.080693,0.000000,0.000000,0.000000,0.000000,0.000000,0.000000,-1.375320,0.537283,-0.359980,1.0000,1.0000,1.0000,1.660,4.810,0.340,5.000,3.000,8.000,1.500,0.060,0.110,29310071,1001177485,29308312,212,1333,1504,1500,1505,1000,1000,2008,1505,1505,1105,2008,1625,1256,1000,1000
-0.0070,0.0100,-0.9207,-0.0075,0.0092,2.8684,0.0042,-0.0010,3.1416,15.1834,-0.2125,0.6209,-9.0600,0.0775,0.1005,-0.0148,-1.4145,-0.8155,-10.3260,0.0521,0.1001,-0.0194,8.7897,-11.6803,-4.1249,-0.0723,0.1747,0.0203,1.3251,2.0366,3.7348,0.0013,0.2160,0.0032,15.1834,0.0741,-0.0586,0.0312,885.7167,900.9998,802.0394,898.5662,-1.378013,0.532141,-0.353038,-0.005691,-0.053144,0.092414,0.000000,0.000000,0.000000,0.000000,0.000000,0.000000,-1.375320,0.537283,-0.359980,1.0000,1.0000,1.0000,1.660,4.810,0.340,5.000,3.000,8.000,1.500,0.060,0.110,29320571,1001177485,29320312,212,1333,1504,1501,1505,1000,1000,2008,1505,1505,1105,2008,1625,1256,1000,1000
-0.0059,0.0112,-0.9209,-0.0068,0.0100,2.8683,0.0042,-0.0010,3.1416,15.1834,0.3213,-1.2035,-9.6644,0.0751,0.0767,-0.0121,-1.0503,1.2968,-7.1274,0.0481,0.0568,-0.0170,-1.3665,6.9250,-13.3905,0.1067,0.1496,-0.0621,16.2690,-7.2670,-6.0554,0.1004,0.1033,-0.0226,15.1834,0.0707,-0.0435,0.0326,888.4028,907.1884,796.5110,894.5964,-1.378070,0.531666,-0.352167,-0.007250,-0.052222,0.099148,0.000000,0.000000,0.000000,0.000000,0.000000,0.000000,-1.375320,0.537283,-0.359980,1.0000,1.0000,1.0000,1.660,4.810,0.340,5.000,3.000,8.000,1.500,0.060,0.110,29331071,1001177485,29329312,212,1333,1504,1501,1505,1000,1000,2008,1505,1505,1105,2008,1625,1256,1000,1000
-0.0045,0.0124,-0.9210,-0.0059,0.0106,2.8681,0.0042,-0.0010,3.1416,15.1834,0.7879,-0.5901,-8.4963,0.0727,0.0476,-0.0129,2.8342,-0.3356,-8.4755,0.0891,0.0350,-0.0115,3.2064,2.2707,1.1280,0.0484,-0.0252,-0.0253,1.0306,-1.9176,-21.7805,0.0791,-0.0253,-0.0322,15.1834,0.0675,-0.0357,0.0319,890.4994,909.6214,795.4075,891.0160,-1.378214,0.531138,-0.350900,-0.016167,-0.038580,0.112449,0.000000,0.000000,0.000000,0.000000,0.000000,0.000000,-1.375320,0.537283,-0.359980,1.0000,1.0000,1.0000,1.660,4.810,0.340,5.000,3.000,8.000,1.500,0.060,0.110,29341571,1001177485,29341312,212,1333,1504,1501,1505,1000,1000,2008,1505,1505,1105,2008,1625,1256,1000,1000
-0.0039,0.0128,-0.9212,-0.0052,0.0107,2.8680,0.0042,-0.0010,3.1416,15.1834,0.2410,0.5357,-8.2736,0.0715,-0.0165,-0.0202,-1.5557,1.4010,-8.5962,0.0923,0.0228,-0.0204,13.4440,-1.0213,-4.6660,0.0617,-0.1611,0.0077,-0.1654,10.2268,-0.4743,-0.0104,-0.0764,-0.0160,15.1834,0.0644,-0.0240,0.0314,893.6846,913.2983,792.8477,886.3348,-1.378378,0.530781,-0.349845,-0.019908,-0.038714,0.122193,0.000000,0.000000,0.000000,0.000000,0.000000,0.000000,-1.375320,0.537283,-0.359980,1.0000,1.0000,1.0000,1.660,4.810,0.340,5.000,3.000,8.000,1.500,0.060,0.110,29352071,1001177485,29350312,212,1333,1504,1501,1505,1000,1000,2008,1505,1505,1105,2008,1625,1256,1000,1000
-0.0035,0.0116,-0.9214,-0.0043,0.0100,2.8679,0.0042,-0.0010,3.1416,15.1834,-0.4185,1.0865,-8.6326,0.0752,-0.0744,-0.0070,1.4010,-1.8267,-8.8671,0.0819,-0.0798,-0.0241,-9.8564,4.5117,-21.0854,0.0702,0.0055,0.0232,8.6642,-27.1905,-3.3152,0.2605,-0.0365,-0.0051,15.1834,0.0654,0.0061,0.0308,903.1974,921.2973,783.1595,876.9776,-1.378554,0.530245,-0.348314,-0.010705,-0.050292,0.133970,0.000000,0.000000,0.000000,0.000000,0.000000,0.000000,-1.375320,0.537283,-0.359980,1.0000,1.0000,1.0000,1.660,4.810,0.340,5.000,3.000,8.000,1.500,0.060,0.110,29362571,1001177485,29362312,212,1333,1504,1501,1505,1000,1000,2008,1505,1505,1105,2008,1625,1256,1000,1000
-0.0029,0.0108,-0.9215,-0.0036,0.0091,2.8678,0.0042,-0.0010,3.1416,15.1834,0.1309,-0.2852,-9.2820,0.0717,-0.1035,-0.0263,0.0140,0.2261,-11.3159,-0.0486,-0.2113,-0.0289,-2.2165,30.3451,-11.8773,0.2783,-0.1235,0.0264,1.9159,-10.0791,-17.3666,0.1720,-0.2290,-0.0005,15.1834,0.0646,0.0167,0.0329,904.5671,926.0176,777.5584,875.5773,-1.378660,0.529783,-0.347065,-0.013072,-0.054773,0.143697,0.000000,0.000000,0.000000,0.000000,0.000000,0.000000,-1.375320,0.537283,-0.359980,1.0000,1.0000,1.0000,1.660,4.810,0.340,5.000,3.000,8.000,1.500,0.060,0.110,29373071,1001177485,29371321,212,1333,1504,1501,1505,1000,1000,2008,1505,1505,1105,2008,1625,1256,1000,1000
-0.0013,0.0097,-0.9216,-0.0027,0.0077,2.8677,0.0042,-0.0010,3.1416,15.1834,0.5408,-1.1882,-9.1583,0.0903,-0.1197,-0.0103,0.1937,-0.3577,-7.3726,0.1307,-0.1123,-0.0058,2.7204,-20.1199,-1.9127,-0.0422,-0.1712,-0.0805,-14.2079,26.2177,-5.9926,-0.0053,-0.2128,0.0309,15.1834,0.0589,0.0227,0.0306,906.7772,927.2897,779.4314,870.2635,-1.378805,0.529293,-0.345281,-0.011421,-0.029866,0.153353,0.000000,0.000000,0.000000,0.000000,0.000000,0.000000,-1.375320,0.537283,-0.359980,1.0000,1.0000,1.0000,1.660,4.810,0.340,5.000,3.000,8.000,1.500,0.060,0.110,29383571,1001177485,29383312,212,1333,1504,1501,1505,1000,1000,2008,1505,1505,1105,2008,1625,1256,1000,1000
-0.0005,0.0086,-0.9218,-0.0019,0.0067,2.8675,0.0042,-0.0010,3.1416,15.1834,0.0229,0.6077,-8.5789,0.0980,-0.1207,-0.0065,0.1781,-0.0745,-10.1840,0.0650,-0.1331,-0.0009,9.8671,-17.1702,-13.0625,-0.0129,-0.1184,0.0080,0.5368,5.5023,0.4343,0.0240,-0.0413,-0.0101,15.1834,0.0541,0.0271,0.0313,906.4698,930.0750,778.4113,868.5230,-1.378914,0.529011,-0.343866,-0.012854,-0.030937,0.160333,0.000000,0.000000,0.000000,0.000000,0.000000,0.000000,-1.375320,0.537283,-0.359980,1.0000,1.0000,1.0000,1.660,4.810,0.340,5.000,3.000,8.000,1.500,0.060,0.110,29394071,1001177485,29392312,212,1333,1504,1501,1505,1000,1000,2008,1505,1505,1105,2008,1625,1256,1000,1000
-0.0001,0.0070,-0.9218,-0.0006,0.0052,2.8677,0.0042,-0.0010,3.1416,15.1834,-0.3831,1.3022,-8.4688,0.1112,-0.1143,0.0132,-0.7098,4.4923,-6.8625,0.1234,-0.1214,0.0031,-13.7134,12.0031,-7.0099,0.1677,0.0311,0.0029,7.9926,-26.2388,-15.3680,0.2993,-0.1308,0.0405,15.1834,0.0468,0.0314,0.0294,907.5597,931.4523,780.8215,863.7318,-1.379053,0.528511,-0.341841,-0.010983,-0.050570,0.176929,0.000000,0.000000,0.000000,0.000000,0.000000,0.000000,-1.375320,0.537283,-0.359980,1.0000,1.0000,1.0000,1.660,4.810,0.340,5.000,3.000,8.000,1.500,0.060,0.110,29404571,1001177485,29404312,212,1333,1504,1501,1505,1000,1000,2008,1505,1505,1105,2008,1625,1256,1000,1000
0.0010,0.0057,-0.9216,0.0005,0.0042,2.8679,0.0042,-0.0010,3.1416,15.1834,-0.2387,-0.4037,-9.1217,0.1128,-0.0882,0.0248,1.1236,-2.8531,-10.3076,0.1160,-0.1363,0.0088,-0.9236,22.8153,2.5118,0.1952,-0.1994,0.0269,-4.6762,-9.5835,-20.8647,-0.0083,-0.1427,-0.0349,15.1834,0.0474,0.0255,0.0272,907.6326,928.0408,785.0377,863.5056,-1.379159,0.528054,-0.340211,-0.012401,-0.052698,0.185752,0.000000,0.000000,0.000000,0.000000,0.000000,0.000000,-1.375320,0.537283,-0.359980,1.0000,1.0000,1.0000,1.660,4.810,0.340,5.000,3.000,8.000,1.500,0.060,0.110,29415071,1001177485,29413312,212,1333,1504,1501,1505,1000,1000,2008,1505,1505,1105,2008,1625,1256,1000,1000
0.0028,0.0046,-0.9216,0.0017,0.0032,2.8680,0.0042,-0.0010,3.1416,15.1834,-0.1731,-0.8599,-9.3270,0.0941,-0.0702,0.0028,-0.8402,1.6688,-7.7213,0.1376,-0.0478,0.0074,9.7976,-13.4784,-22.6105,-0.0486,-0.1693,0.0298,-0.4204,-1.3735,7.5579,0.0874,-0.2005,-0.0037,15.1834,0.0480,0.0197,0.0301,903.8571,928.4218,783.6944,868.2635,-1.379269,0.527514,-0.337987,-0.005767,-0.039250,0.186198,0.000000,0.000000,0.000000,0.000000,0.000000,0.000000,-1.375320,0.537283,-0.359980,1.0000,1.0000,1.0000,1.660,4.810,0.340,5.000,3.000,8.000,1.500,0.060,0.110,29425571,1001177485,29425312,212,1333,1504,1501,1505,1000,1000,2008,1505,1505,1105,2008,1625,1256,1000,1000
0.0037,0.0040,-0.9214,0.0024,0.0027,2.8682,0.0042,-0.0010,3.1416,15.1834,0.1827,0.1546,-8.7226,0.0578,-0.0416,0.0164,1.7285,-0.4720,-10.6703,0.0578,-0.0914,-0.0016,4.4825,4.1525,-23.9249,0.1560,0.0025,-0.0136,11.0920,-10.9285,-16.0396,0.0192,-0.1531,0.0035,15.1834,0.0552,0.0080,0.0282,903.5356,922.0606,787.9099,871.5553,-1.379319,0.527140,-0.336279,-0.004974,-0.042163,0.193403,0.000000,0.000000,0.000000,0.000000,0.000000,0.000000,-1.375320,0.537283,-0.359980,1.0000,1.0000,1.0000,1.660,4.810,0.340,5.000,3.000,8.000,1.500,0.060,0.110,29436071,1001177485,29434312,212,1333,1504,1501,1505,1000,1000,2008,1505,1505,1105,2008,1625,1255,1000,1000
0.0040,0.0036,-0.9215,0.0030,0.0023,2.8682,0.0042,-0.0010,3.1416,15.1834,0.1714,0.2869,-9.0281,0.0343,-0.0288,-0.0132,-0.6714,3.0906,-10.5118,0.0210,0.0042,-0.0143,-1.4982,8.4741,2.1886,0.1749,0.0428,0.0346,-6.0535,0.1367,-19.0456,-0.0386,-0.0543,0.0301,15.1834,0.0648,-0.0005,0.0318,900.3408,920.3015,784.4561,879.7972,-1.379385,0.526622,-0.333900,-0.005802,-0.043110,0.202963,0.000000,0.000000,0.000000,0.000000,0.000000,0.000000,-1.375320,0.537283,-0.359980,1.0000,1.0000,1.0000,1.660,4.810,0.340,5.000,3.000,8.000,1.500,0.060,0.110,29446571,1001177485,29446312,212,1333,1504,1501,1505,1000,1000,2008,1505,1505,1105,2008,1625,1255,1000,1000
0.0041,0.0034,-0.9216,0.0030,0.0022,2.8681,0.0042,-0.0010,3.1416,15.1834,-0.1537,-0.1940,-9.0342,0.0021,0.0042,-0.0179,0.2116,-1.6863,-8.0406,0.0394,0.0332,-0.0127,2.8808,0.7815,-2.5926,-0.1707,0.0633,-0.0019,-1.7582,25.1672,-0.3738,0.0192,0.3028,0.0000,15.1834,0.0805,-0.0087,0.0312,901.9044,914.0862,783.8967,885.1575,-1.379427,0.526255,-0.332038,-0.004954,-0.040355,0.210855,0.000000,0.000000,0.000000,0.000000,0.000000,0.000000,-1.375320,0.537283,-0.359980,1.0000,1.0000,1.0000,1.660,4.810,0.340,5.000,3.000,8.000,1.500,0.060,0.110,29457071,1001177485,29455313,212,1332,1504,1501,1505,1000,1000,2008,1505,1505,1105,2008,1625,1256,1000,1000
0.0039,0.0036,-0.9219,-0.0006,0.0031,2.8717,0.0042,-0.0010,3.1416,15.1378,-0.2134,-0.8413,-9.0156,-0.0475,0.0287,-0.0264,-0.0084,-1.2016,-10.3524,-0.0351,0.0139,-0.0236,4.4083,5.1270,-14.8413,-0.0766,0.0481,-0.0461,6.5039,-1.4813,-14.6030,-0.0370,0.1366,0.0072,15.1378,0.0970,-0.0168,0.0331,900.2952,908.2485,779.0139,891.9211,-1.376246,0.531827,-0.344605,0.006158,-0.019636,0.187817,0.000000,0.000000,0.000000,0.000000,0.000000,0.000000,-1.374923,0.534348,-0.358400,1.0000,1.0000,1.0000,1.660,4.810,0.340,5.000,3.000,8.000,1.500,0.060,0.110,29467116,1001277848,29464357,213,1332,1504,1501,1505,1000,1000,2008,1505,1505,1105,2008,1625,1256,1000,1000
0.0034,0.0040,-0.9222,-0.0014,0.0035,2.8714,0.0042,-0.0010,3.1416,15.1378,0.1263,-0.3688,-8.9905,-0.0897,0.0444,-0.0222,-0.6764,-0.1505,-7.8563,-0.0893,0.0122,-0.0131,-4.7902,1.0712,0.2852,-0.0795,-0.0188,-0.0317,-3.8861,-4.1533,-4.9223,-0.0860,-0.0104,-0.0274,15.1378,0.1081,-0.0182,0.0330,902.4192,905.2830,776.8799,894.6465,-1.376163,0.531604,-0.342276,0.007525,-0.017353,0.199712,0.000000,0.000000,0.000000,0.000000,0.000000,0.000000,-1.374923,0.534348,-0.358400,1.0000,1.0000,1.0000,1.660,4.810,0.340,5.000,3.000,8.000,1.500,0.060,0.110,29477122,1001277848,29476364,213,1332,1504,1501,1505,1000,1000,2008,1505,1505,1105,2008,1625,1256,1000,1000
0.0023,0.0046,-0.9224,-0.0005,0.0062,2.8693,0.0042,-0.0010,3.1416,15.1378,0.2947,0.3750,-8.4308,-0.1198,0.0357,-0.0167,1.0008,0.6023,-8.3719,-0.1156,0.0212,-0.0154,2.2272,-5.9941,-13.5150,-0.1280,-0.0017,-0.0378,3.1944,-1.1329,-7.5728,-0.0900,-0.0072,-0.0352,15.1378,0.1157,-0.0230,0.0323,903.1902,901.7164,777.2401,897.1542,-1.372632,0.526923,-0.338570,0.018692,-0.032185,0.212619,0.000000,0.000000,0.000000,0.000000,0.000000,0.000000,-1.368560,0.521643,-0.336121,1.0000,1.0000,1.0000,1.660,4.810,0.340,5.000,3.000,8.000,1.500,0.060,0.110,29487173,1001410558,29485414,214,1332,1504,1501,1505,1000,1000,2008,1505,1505,1105,2008,1625,1256,1000,1000
0.0004,0.0046,-0.9226,-0.0020,0.0063,2.8691,0.0042,-0.0010,3.1416,15.1378,0.0132,0.5134,-8.1429,-0.1373,-0.0052,-0.0235,0.9715,0.8077,-9.6520,-0.1517,-0.0036,-0.0226,-3.6003,8.6680,-10.9005,-0.0111,0.0486,-0.0173,6.3261,-4.5968,-17.3343,-0.0682,0.1129,-0.0123,15.1378,0.1342,-0.0117,0.0323,910.5165,900.9566,768.6759,897.8902,-1.372409,0.526504,-0.335911,0.018555,-0.036732,0.230392,0.000000,0.000000,0.000000,0.000000,0.000000,0.000000,-1.368560,0.521643,-0.336121,1.0000,1.0000,1.0000,1.660,4.810,0.340,5.000,3.000,8.000,1.500,0.060,0.110,29497673,1001410558,29497414,214,1332,1504,1501,1505,1000,1000,2008,1505,1505,1105,2008,1625,1256,1000,1000
-0.0013,0.0045,-0.9228,-0.0034,0.0062,2.8690,0.0042,-0.0010,3.1416,15.1378,-0.0250,0.0635,-9.1067,-0.1426,-0.0183,-0.0201,-1.6498,-0.4713,-9.0163,-0.1450,-0.0410,-0.0144,-8.7143,1.9618,-8.3124,-0.1795,0.0068,0.0109,3.5033,10.1586,-9.2680,-0.2583,-0.1159,0.0059,15.1378,0.1380,-0.0073,0.0322,912.6960,901.3707,766.2324,897.3501,-1.372238,0.526186,-0.333804,0.019084,-0.035620,0.239515,0.000000,0.000000,0.000000,0.000000,0.000000,0.000000,-1.368560,0.521643,-0.336121,1.0000,1.0000,1.0000,1.660,4.810,0.340,5.000,3.000,8.000,1.500,0.060,0.110,29508173,1001410558,29506414,214,1332,1504,1501,1505,1000,1000,2008,1505,1505,1105,2008,1625,1256,1000,1000
-0.0030,0.0048,-0.9230,-0.0051,0.0057,2.8689,0.0042,-0.0010,3.1416,15.1378,0.4262,-0.1045,-9.5078,-0.1480,-0.0511,-0.0119,1.2523,-2.4874,-8.8891,-0.1488,-0.0372,-0.0147,6.5415,-13.6460,-1.5559,-0.2120,-0.1949,-0.0139,-6.2493,19.1695,-10.4334,-0.2115,0.0184,-0.0360,15.1378,0.1414,0.0031,0.0314,917.0308,903.0256,762.6741,894.2932,-1.372074,0.525761,-0.330880,0.009395,-0.035616,0.247680,0.000000,0.000000,0.000000,0.000000,0.000000,0.000000,-1.368560,0.521643,-0.336121,1.0000,1.0000,1.0000,1.660,4.810,0.340,5.000,3.000,8.000,1.500,0.060,0.110,29518673,1001410558,29518414,214,1332,1504,1501,1505,1000,1000,2008,1505,1505,1105,2008,1625,1256,1000,1000
-0.0046,0.0043,-0.9232,-0.0065,0.0051,2.8687,0.0042,-0.0010,3.1416,15.1378,0.6879,0.6241,-8.8768,-0.1476,-0.0783,-0.0232,-0.7603,3.1156,-8.7895,-0.1567,-0.0436,-0.0085,-4.8956,-31.5570,-1.9438,-0.3156,-0.0457,-0.0919,-1.4906,1.7852,-8.0630,0.1111,-0.0533,-0.0258,15.1378,0.1476,0.0094,0.0324,919.4200,904.2841,757.7646,894.7416,-1.371991,0.525438,-0.328606,0.009678,-0.034515,0.256080,0.000000,0.000000,0.000000,0.000000,0.000000,0.000000,-1.368560,0.521643,-0.336121,1.0000,1.0000,1.0000,1.660,4.810,0.340,5.000,3.000,8.000,1.500,0.060,0.110,29529173,1001410558,29527414,214,1332,1504,1501,1505,1000,1000,2008,1505,1505,1105,2008,1625,1256,1000,1000
-0.0064,0.0036,-0.9232,-0.0082,0.0040,2.8686,0.0042,-0.0010,3.1416,15.1378,0.1048,0.2584,-8.5470,-0.1280,-0.0989,-0.0165,0.3843,0.7309,-9.1678,-0.1788,-0.1675,-0.0275,-0.6459,28.6309,-17.3553,0.0212,-0.0052,-0.0458,-0.4509,-32.7913,-6.2619,-0.0261,0.0053,-0.0141,15.1378,0.1416,0.0229,0.0294,924.2711,907.2402,757.9443,886.5615,-1.371873,0.525037,-0.325453,0.009572,-0.032213,0.268848,0.000000,0.000000,0.000000,0.000000,0.000000,0.000000,-1.368560,0.521643,-0.336121,1.0000,1.0000,1.0000,1.660,4.810,0.340,5.000,3.000,8.000,1.500,0.060,0.110,29539673,1001410558,29539414,214,1332,1504,1501,1505,1000,1000,2008,1505,1505,1105,2008,1625,1256,1000,1000
-0.0079,0.0027,-0.9236,-0.0092,0.0032,2.8684,0.0031,-0.0010,3.1416,14.1803,-0.5518,0.2581,-9.0585,-0.0940,-0.0753,-0.0328,-0.9940,-0.9132,-8.7743,-0.0739,-0.0916,-0.0258,3.9582,9.9058,-13.6131,-0.0622,-0.0742,0.0213,1.2550,8.3180,-7.2083,-0.1254,-0.0487,0.0178,14.1803,0.1323,0.0243,0.0338,890.4968,883.8792,725.4586,863.2285,-1.371785,0.524748,-0.323007,0.008924,-0.033624,0.275441,0.000000,0.000000,0.000000,0.000000,0.000000,0.000000,-1.368560,0.521643,-0.336121,1.0000,1.0000,1.0000,1.660,4.810,0.340,5.000,3.000,8.000,1.500,0.060,0.110,29550173,1001410558,29548414,214,1311,1503,1501,1505,1000,1000,2008,1505,1505,1105,2008,1625,1256,1000,1000
-0.0089,0.0018,-0.9238,-0.0100,0.0023,2.8682,0.0031,-0.0010,3.1416,13.9067,-0.1762,-0.2464,-8.9621,-0.0538,-0.0571,-0.0164,0.7320,2.6196,-9.6931,-0.0339,-0.0500,-0.0197,2.0955,8.3591,-6.0331,0.1526,-0.0915,0.0085,7.3461,15.8007,-14.3714,-0.1159,-0.0722,-0.0045,13.9067,0.1188,0.0192,0.0323,878.7015,875.7092,724.1543,852.8761,-1.371681,0.524330,-0.319653,0.009222,-0.035200,0.284009,0.000000,0.000000,0.000000,0.000000,0.000000,0.000000,-1.368560,0.521643,-0.336121,1.0000,1.0000,1.0000,1.660,4.810,0.340,5.000,3.000,8.000,1.500,0.060,0.110,29560673,1001410558,29560414,214,1305,1503,1501,1505,1000,1000,2008,1505,1505,1105,2008,1625,1255,1000,1000
-0.0094,0.0013,-0.9240,-0.0103,0.0018,2.8681,0.0031,-0.0021,3.1416,13.8155,0.5993,0.4045,-8.5902,-0.0117,-0.0539,-0.0219,-0.1829,2.1431,-8.9070,-0.0273,-0.0309,-0.0359,-9.4996,-6.7961,-7.7401,-0.1291,-0.1019,-0.0741,-10.8517,20.3331,-14.7467,-0.0402,0.0594,-0.0064,13.8155,0.1070,0.0045,0.0332,867.9933,871.8509,728.7324,853.1663,-1.371600,0.524018,-0.317059,0.009920,-0.033618,0.293022,0.000000,0.000000,0.000000,0.000000,0.000000,0.000000,-1.368560,0.521643,-0.336121,1.0000,1.0000,1.0000,1.660,4.810,0.340,5.000,3.000,8.000,1.500,0.060,0.110,29571173,1001410558,29569414,214,1303,1503,1502,1505,1000,1000,2008,1505,1505,1105,2008,1625,1255,1000,1000
-0.0096,0.0010,-0.9242,-0.0102,0.0013,2.8679,0.0031,-0.0021,3.1416,13.8155,0.1222,0.5597,-8.9080,0.0185,-0.0378,-0.0089,0.8262,-2.2495,-8.1877,0.0306,-0.0113,-0.0247,2.5959,-0.4012,-7.2733,0.0199,0.0249,-0.0642,-1.6199,-15.3693,-3.6725,0.1614,0.0365,-0.0557,13.8155,0.1001,-0.0001,0.0322,865.8488,871.1968,733.4728,851.9504,-1.371481,0.523606,-0.313469,0.009609,-0.035646,0.305410,0.000000,0.000000,0.000000,0.000000,0.000000,0.000000,-1.368560,0.521643,-0.336121,1.0000,1.0000,1.0000,1.660,4.810,0.340,5.000,3.000,8.000,1.500,0.060,0.110,29581673,1001410558,29581414,214,1303,1503,1502,1505,1000,1000,2008,1505,1505,1105,2008,1625,1255,1000,1000
-0.0096,0.0007,-0.9244,-0.0099,0.0011,2.8677,0.0031,-0.0021,3.1416,13.4964,-0.0721,0.2792,-8.8385,0.0555,-0.0102,-0.0253,-0.4916,2.6444,-10.2179,0.0410,-0.0424,-0.0243,-2.3075,-0.3174,-7.8886,0.0857,0.0215,-0.0192,-4.8719,-16.1504,3.5660,0.1475,0.0093,-0.0080,13.4964,0.0877,-0.0045,0.0319,851.6780,862.4485,728.7011,841.5764,-1.371390,0.523274,-0.310675,0.009609,-0.038246,0.315331,0.000000,0.000000,0.000000,0.000000,0.000000,0.000000,-1.368560,0.521643,-0.336121,1.0000,1.0000,1.0000,1.660,4.810,0.340,5.000,3.000,8.000,1.500,0.060,0.110,29592173,1001410558,29590414,214,1294,1503,1502,1505,1000,1000,2008,1505,1505,1105,2008,1625,1256,1000,1000
-0.0093,0.0008,-0.9247,-0.0090,0.0011,2.8674,0.0031,-0.0021,3.1416,13.4052,-0.0744,0.0405,-8.2718,0.0824,0.0108,-0.0277,-0.7638,-1.9275,-6.7319,0.0989,0.0118,-0.0218,-0.9906,5.2012,-5.5471,0.1622,0.0505,-0.0019,5.6797,5.5167,-11.8879,0.1353,0.1310,-0.0152,13.4052,0.0699,-0.0105,0.0329,841.8815,862.5925,731.7250,837.7810,-1.371271,0.522809,-0.306796,0.010066,-0.038874,0.331413,0.000000,0.000000,0.000000,0.000000,0.000000,0.000000,-1.368560,0.521643,-0.336121,1.0000,1.0000,1.0000,1.660,4.810,0.340,5.000,3.000,8.000,1.500,0.060,0.110,29602673,1001410558,29602414,214,1294,1503,1502,1505,1000,1000,2008,1505,1505,1105,2008,1625,1256,1000,1000
-0.0086,0.0012,-0.9250,-0.0081,0.0012,2.8673,0.0031,-0.0021,3.1416,13.4052,0.1877,0.3476,-7.8645,0.1123,0.0196,-0.0237,0.9617,0.9721,-8.1167,0.1229,0.0404,-0.0194,-6.4901,-11.3619,-5.9684,-0.0579,-0.0630,-0.0216,-3.3474,18.9666,-17.5660,0.0890,-0.0607,-0.0309,13.4052,0.0587,-0.0138,0.0326,838.4711,863.8867,736.3025,835.8549,-1.371180,0.522465,-0.303747,0.010141,-0.037814,0.345429,0.000000,0.000000,0.000000,0.000000,0.000000,0.000000,-1.368560,0.521643,-0.336121,1.0000,1.0000,1.0000,1.660,4.810,0.340,5.000,3.000,8.000,1.500,0.060,0.110,29613173,1001410558,29611415,214,1294,1503,1502,1505,1000,1000,2008,1505,1505,1105,2008,1625,1256,1000,1000
-0.0075,0.0017,-0.9252,-0.0074,0.0038,2.8676,0.0021,-0.0021,3.1416,13.4052,0.0930,-0.2456,-7.7133,0.1192,0.0190,-0.0131,-0.2683,-1.3433,-7.6153,0.1142,-0.0045,-0.0220,-0.2077,16.5353,-16.1653,0.3577,0.1200,-0.0091,1.8476,-21.4801,-5.6370,0.1246,0.0458,0.0021,13.4052,0.0525,-0.0174,0.0318,836.5257,863.5842,740.1505,834.7174,-1.367125,0.521492,-0.303210,0.024285,-0.039706,0.353720,0.000000,0.000000,0.000000,0.000000,0.000000,0.000000,-1.364056,0.521218,-0.309033,1.0000,1.0000,1.0000,1.660,4.810,0.340,5.000,3.000,8.000,1.500,0.060,0.110,29623218,1001510862,29620459,215,1294,1502,1502,1505,1000,1000,2008,1505,1505,1105,2008,1625,1256,1000,1000
-0.0064,0.0022,-0.9254,-0.0059,0.0040,2.8675,0.0021,-0.0021,3.1416,13.4052,0.0155,0.3712,-8.2534,0.1277,0.0211,-0.0167,-0.0793,-2.8494,-7.6210,0.1272,-0.0056,-0.0174,-0.4280,-27.8148,-4.0339,-0.1302,0.0175,-0.0677,4.2359,16.5711,-12.1321,0.1851,0.0602,-0.0860,13.4052,0.0486,-0.0181,0.0318,835.4189,864.2563,741.4946,833.9370,-1.366841,0.521008,-0.298838,0.022457,-0.041308,0.373421,0.000000,0.000000,0.000000,0.000000,0.000000,0.000000,-1.364056,0.521218,-0.309033,1.0000,1.0000,1.0000,1.660,4.810,0.340,5.000,3.000,8.000,1.500,0.060,0.110,29633246,1001510862,29632487,215,1294,1502,1502,1505,1000,1000,2008,1505,1505,1105,2008,1625,1256,1000,1000
-0.0050,0.0025,-0.9257,-0.0047,0.0041,2.8673,0.0021,-0.0021,3.1416,13.4052,-0.0423,-0.5165,-8.3872,0.1123,0.0178,-0.0290,0.2131,0.5335,-9.0207,0.1107,0.0105,-0.0232,6.0699,31.2525,-11.2500,0.3276,-0.0526,-0.0706,-4.3278,-24.5346,-5.5024,0.1808,-0.0543,-0.0080,13.4052,0.0482,-0.0165,0.0328,835.0006,865.6417,739.8881,834.3459,-1.366650,0.520624,-0.295420,0.019967,-0.044128,0.387208,0.000000,0.000000,0.000000,0.000000,0.000000,0.000000,-1.364056,0.521218,-0.309033,1.0000,1.0000,1.0000,1.660,4.810,0.340,5.000,3.000,8.000,1.500,0.060,0.110,29643746,1001510862,29641487,215,1294,1502,1502,1505,1000,1000,2008,1505,1505,1105,2008,1625,1256,1000,1000
-0.0040,0.0029,-0.9260,-0.0035,0.0041,2.8670,0.0021,-0.0021,3.1416,13.4052,0.0622,0.1100,-8.2890,0.0996,0.0184,-0.0290,-1.0022,-2.8676,-7.9220,0.1142,0.0161,-0.0283,-7.5005,-17.4336,-5.2717,-0.0015,-0.0065,-0.0650,11.2841,18.1567,-9.3883,0.0847,0.0099,-0.1185,13.4052,0.0541,-0.0180,0.0322,836.3752,863.4000,739.4334,835.6937,-1.366437,0.520108,-0.290854,0.017383,-0.045371,0.405015,0.000000,0.000000,0.000000,0.000000,0.000000,0.000000,-1.364056,0.521218,-0.309033,1.0000,1.0000,1.0000,1.660,4.810,0.340,5.000,3.000,8.000,1.500,0.060,0.110,29653776,1001510862,29653017,215,1294,1502,1502,1505,1000,1000,2008,1505,1505,1105,2008,1625,1255,1000,1000
-0.0029,0.0032,-0.9264,-0.0026,0.0041,2.8667,0.0021,-0.0021,3.1416,13.4052,0.4111,0.1919,-8.0678,0.0798,0.0085,-0.0470,1.8462,2.4854,-8.2250,0.1280,0.0383,-0.0308,-11.2330,-5.5967,-1.1633,0.1038,-0.0889,-0.0269,-11.0743,-13.4892,-18.8355,0.0972,-0.1577,-0.0487,13.4052,0.0580,-0.0169,0.0338,836.3746,864.0390,736.2781,837.8171,-1.366297,0.519690,-0.287138,0.014748,-0.046782,0.419990,0.000000,0.000000,0.000000,0.000000,0.000000,0.000000,-1.364056,0.521218,-0.309033,1.0000,1.0000,1.0000,1.660,4.810,0.340,5.000,3.000,8.000,1.500,0.060,0.110,29664276,1001510862,29662017,215,1294,1502,1502,1505,1000,1000,2008,1505,1505,1105,2008,1625,1256,1000,1000
-0.0022,0.0035,-0.9267,-0.0017,0.0041,2.8663,0.0021,-0.0021,3.1416,13.4052,0.2245,0.3740,-7.6341,0.0665,-0.0135,-0.0499,-0.1301,0.2855,-6.9648,0.0828,0.0150,-0.0464,0.2759,-3.1091,-20.2810,0.0625,0.0444,0.0285,14.9240,10.4387,-3.4427,-0.0253,0.0362,-0.0037,13.4052,0.0621,-0.0160,0.0339,837.5580,863.4628,734.7198,838.5966,-1.366146,0.519113,-0.281960,0.010683,-0.048825,0.442590,0.000000,0.000000,0.000000,0.000000,0.000000,0.000000,-1.364056,0.521218,-0.309033,1.0000,1.0000,1.0000,1.660,4.810,0.340,5.000,3.000,8.000,1.500,0.060,0.110,29674776,1001510862,29674028,215,1277,1502,1502,1505,1000,1000,2008,1505,1505,1105,2008,1625,1256,1000,1000
-0.0017,0.0035,-0.9271,-0.0012,0.0039,2.8661,0.0021,-0.0021,3.1416,12.4021,0.3545,0.4429,-8.0047,0.0517,-0.0329,-0.0303,0.5419,0.7710,-10.3226,0.0508,-0.0443,-0.0372,-9.8420,0.3529,-13.6873,0.0081,-0.0007,0.0064,-3.8987,3.4300,-24.7794,0.0320,-0.0429,-0.0032,12.4021,0.0674,-0.0076,0.0340,808.0821,832.6859,697.9282,809.5435,-1.366053,0.518674,-0.277909,0.009643,-0.048964,0.459825,0.000000,0.000000,0.000000,0.000000,0.000000,0.000000,-1.364056,0.521218,-0.309033,1.0000,1.0000,1.0000,1.660,4.810,0.340,5.000,3.000,8.000,1.500,0.060,0.110,29685276,1001510862,29683017,215,1272,1502,1502,1505,1000,1000,2008,1505,1505,1105,2008,1625,1256,1000,1000
-0.0014,0.0035,-0.9274,-0.0007,0.0034,2.8658,0.0021,-0.0021,3.1416,12.3109,-0.0519,0.3654,-8.3135,0.0371,-0.0490,-0.0173,-0.4673,-1.4364,-6.9883,0.0556,-0.0386,-0.0202,9.2302,1.0688,-12.5453,0.0273,-0.0460,0.0139,-2.4531,-19.9915,9.1758,0.1585,-0.0067,-0.0138,12.3109,0.0714,-0.0006,0.0336,808.6025,830.6312,691.6334,805.2228,-1.365939,0.518089,-0.272257,0.009350,-0.049065,0.482771,0.000000,0.000000,0.000000,0.000000,0.000000,0.000000,-1.364056,0.521218,-0.309033,1.0000,1.0000,1.0000,1.660,4.810,0.340,5.000,3.000,8.000,1.500,0.060,0.110,29695776,1001510862,29695017,215,1270,1502,1502,1505,1000,1000,2008,1505,1505,1105,2008,1625,1256,1000,1000
-0.0013,0.0032,-0.9275,-0.0005,0.0029,2.8658,0.0021,-0.0021,3.1416,12.3109,0.1880,-0.2668,-8.0226,0.0220,-0.0763,-0.0012,0.0459,0.8033,-9.0031,0.0153,-0.0782,-0.0099,-0.8925,12.3144,-15.5213,-0.0132,-0.0713,-0.0325,6.5901,13.8003,-15.3141,-0.0415,-0.0714,-0.0202,12.3109,0.0740,0.0111,0.0316,814.7953,832.0219,688.9027,799.8675,-1.365855,0.517659,-0.267827,0.008774,-0.048383,0.501492,0.000000,0.000000,0.000000,0.000000,0.000000,0.000000,-1.364056,0.521218,-0.309033,1.0000,1.0000,1.0000,1.660,4.810,0.340,5.000,3.000,8.000,1.500,0.060,0.110,29706276,1001510862,29704017,215,1270,1502,1502,1505,1000,1000,2008,1505,1505,1105,2008,1625,1256,1000,1000
-0.0012,0.0027,-0.9276,0.0006,0.0030,2.8675,0.0021,-0.0021,3.1416,12.3109,0.1834,-0.3674,-7.9727,-0.0063,-0.0943,-0.0178,0.2120,-1.2415,-7.2821,0.0163,-0.0702,-0.0159,-0.4065,-4.7443,-3.2151,0.0183,-0.0915,-0.0922,-2.7279,-11.6324,2.0325,0.0852,-0.1033,-0.0410,12.3109,0.0828,0.0207,0.0332,818.6442,834.3293,680.6204,800.6240,-1.364347,0.515005,-0.266130,0.012776,-0.054735,0.514824,0.000000,0.000000,0.000000,0.000000,0.000000,0.000000,-1.363180,0.513393,-0.274290,1.0000,1.0000,1.0000,1.660,4.810,0.340,5.000,3.000,8.000,1.500,0.060,0.110,29716320,1001611085,29716061,216,1270,1502,1502,1505,1000,1000,2008,1505,1505,1105,2008,1625,1256,1000,1000
-0.0013,0.0019,-0.9279,0.0004,0.0022,2.8673,0.0021,-0.0021,3.1416,12.3109,0.2144,-0.5356,-7.7123,-0.0309,-0.0974,-0.0158,0.2179,-0.0271,-7.9638,-0.0158,-0.0897,-0.0177,-3.4136,-5.9630,-4.8767,-0.1406,-0.0529,-0.0226,4.7567,15.1992,-9.5499,-0.1816,-0.1140,-0.0687,12.3109,0.0888,0.0203,0.0327,820.3802,832.3727,679.6609,801.6982,-1.364238,0.514511,-0.261409,0.011718,-0.055047,0.532739,0.000000,0.000000,0.000000,0.000000,0.000000,0.000000,-1.363180,0.513393,-0.274290,1.0000,1.0000,1.0000,1.660,4.810,0.340,5.000,3.000,8.000,1.500,0.060,0.110,29726820,1001611085,29725061,216,1268,1502,1502,1505,1000,1000,2008,1505,1505,1105,2008,1625,1256,1000,1000
-0.0018,0.0011,-0.9281,-0.0003,0.0011,2.8671,0.0021,-0.0021,3.1416,12.2197,0.2828,-0.4099,-7.4839,-0.0680,-0.0917,-0.0183,0.4496,0.7643,-7.3014,-0.0567,-0.0894,-0.0180,-3.1909,-1.5361,-5.7673,-0.0332,-0.0683,-0.0602,-3.9902,-6.0998,-8.0505,-0.0216,-0.0780,-0.0469,12.2197,0.1051,0.0241,0.0320,823.1171,826.0997,671.1741,801.1174,-1.364103,0.513852,-0.254865,0.010734,-0.053916,0.557639,0.000000,0.000000,0.000000,0.000000,0.000000,0.000000,-1.363180,0.513393,-0.274290,1.0000,1.0000,1.0000,1.660,4.810,0.340,5.000,3.000,8.000,1.500,0.060,0.110,29737320,1001611085,29737061,216,1268,1502,1502,1505,1000,1000,2008,1505,1505,1105,2008,1625,1256,1000,1000
-0.0027,0.0005,-0.9283,-0.0010,0.0003,2.8670,0.0021,-0.0021,3.1416,12.2197,0.1829,-0.0955,-7.3147,-0.0931,-0.0814,-0.0223,-0.4125,-1.5490,-7.6040,-0.0920,-0.1011,-0.0229,-0.8398,-1.8114,-10.1918,-0.1307,-0.0691,-0.0069,2.2570,12.5217,-8.9447,-0.2157,-0.0474,-0.0391,12.2197,0.1135,0.0230,0.0324,824.4935,824.0184,668.6775,803.9285,-1.364011,0.513358,-0.249764,0.009436,-0.054155,0.576036,0.000000,0.000000,0.000000,0.000000,0.000000,0.000000,-1.363180,0.513393,-0.274290,1.0000,1.0000,1.0000,1.660,4.810,0.340,5.000,3.000,8.000,1.500,0.060,0.110,29747820,1001611085,29746061,216,1268,1502,1502,1505,1000,1000,2008,1505,1505,1105,2008,1625,1256,1000,1000
-0.0038,-0.0001,-0.9285,-0.0021,-0.0007,2.8668,0.0021,-0.0021,3.1416,12.2197,0.1619,0.2138,-7.5062,-0.1115,-0.0794,-0.0216,0.7174,1.7054,-7.8475,-0.0885,-0.0687,-0.0147,-3.8397,-2.7284,-4.6157,0.0212,-0.0627,-0.0357,-6.8221,-15.9439,-12.7337,-0.0021,-0.0767,-0.0136,12.2197,0.1213,0.0244,0.0324,826.7464,822.5975,665.8288,805.4330,-1.363910,0.512694,-0.242704,0.007285,-0.055084,0.600966,0.000000,0.000000,0.000000,0.000000,0.000000,0.000000,-1.363180,0.513393,-0.274290,1.0000,1.0000,1.0000,1.660,4.810,0.340,5.000,3.000,8.000,1.500,0.060,0.110,29758320,1001611085,29758061,216,1268,1502,1502,1505,1000,1000,2008,1505,1505,1105,2008,1625,1256,1000,1000
-0.0050,-0.0007,-0.9287,-0.0032,-0.0015,2.8666,0.0042,-0.0021,3.1416,11.8549,0.0193,0.5246,-7.5717,-0.1276,-0.0754,-0.0134,0.3125,0.8253,-7.2719,-0.1256,-0.0873,-0.0160,-3.2460,-6.7914,-11.9491,-0.1403,-0.0398,-0.0501,2.1439,-9.0915,-13.7573,-0.0807,-0.0788,-0.0645,11.8549,0.1348,0.0257,0.0314,819.1944,806.6760,649.7875,796.8663,-1.363845,0.512205,-0.237219,0.006576,-0.053198,0.618823,0.000000,0.000000,0.000000,0.000000,0.000000,0.000000,-1.363180,0.513393,-0.274290,1.0000,1.0000,1.0000,1.660,4.810,0.340,5.000,3.000,8.000,1.500,0.060,0.110,29768820,1001611085,29767061,216,1260,1504,1502,1505,1000,1000,2008,1505,1505,1105,2008,1625,1256,1000,1000
-0.0063,-0.0014,-0.9289,-0.0047,-0.0023,2.8665,0.0042,-0.0021,3.1416,11.7181,-0.0591,0.3794,-7.8029,-0.1277,-0.0531,-0.0194,-0.3993,-0.0685,-7.3200,-0.1349,-0.0824,-0.0147,-2.1973,-0.9639,-0.0428,-0.0958,-0.1128,-0.0248,-5.2329,-2.8963,1.1400,-0.1326,-0.1017,-0.0322,11.7181,0.1385,0.0223,0.0313,814.4396,799.9348,645.3169,794.9426,-1.363767,0.511574,-0.229657,0.005774,-0.052802,0.642021,0.000000,0.000000,0.000000,0.000000,0.000000,0.000000,-1.363180,0.513393,-0.274290,1.0000,1.0000,1.0000,1.660,4.810,0.340,5.000,3.000,8.000,1.500,0.060,0.110,29779320,1001611085,29779061,216,1257,1504,1502,1505,1000,1000,2008,1505,1505,1105,2008,1625,1256,1000,1000
-0.0078,-0.0019,-0.9290,-0.0058,-0.0028,2.8664,0.0042,-0.0021,3.1416,10.8974,-0.2430,0.1959,-7.6048,-0.1039,-0.0311,-0.0122,0.2603,0.5538,-8.0409,-0.1022,-0.0364,-0.0086,-5.0823,-10.0187,-7.9006,-0.1869,-0.0204,-0.0021,6.5560,6.2709,-14.9334,-0.1571,-0.0434,-0.0437,10.8974,0.1340,0.0159,0.0305,783.8925,769.6846,620.7719,771.1121,-1.363718,0.511101,-0.223800,0.004744,-0.053510,0.659819,0.000000,0.000000,0.000000,0.000000,0.000000,0.000000,-1.363180,0.513393,-0.274290,1.0000,1.0000,1.0000,1.660,4.810,0.340,5.000,3.000,8.000,1.500,0.060,0.110,29789820,1001611085,29788061,216,1234,1504,1502,1505,1000,1000,2008,1505,1505,1105,2008,1625,1256,1000,1000
-0.0088,-0.0021,-0.9290,-0.0069,-0.0031,2.8664,0.0042,-0.0021,3.1416,10.6694,-0.3303,-0.3128,-7.6546,-0.0894,0.0048,-0.0124,-0.0130,-0.2752,-7.3198,-0.0895,-0.0028,-0.0106,3.5775,6.3768,-3.5359,-0.0667,-0.0228,0.0274,-2.1317,-2.6000,1.5620,-0.1412,0.0029,0.0280,10.6694,0.1294,0.0049,0.0298,771.6330,758.2313,619.5603,766.1173,-1.363655,0.510466,-0.215739,0.005994,-0.052526,0.684235,0.000000,0.000000,0.000000,0.000000,0.000000,0.000000,-1.363180,0.513393,-0.274290,1.0000,1.0000,1.0000,1.660,4.810,0.340,5.000,3.000,8.000,1.500,0.060,0.110,29800320,1001611085,29800061,216,1232,1504,1502,1505,1000,1000,2008,1505,1505,1105,2008,1625,1256,1000,1000
-0.0096,-0.0019,-0.9291,-0.0076,-0.0030,2.8665,0.0042,-0.0021,3.1416,10.5782,-0.1753,-0.1254,-7.3632,-0.0621,0.0348,-0.0164,-0.4046,-0.1035,-6.9238,-0.0592,0.0280,-0.0171,-3.6434,0.3529,-1.9486,-0.0566,0.0100,0.0229,1.8746,-0.2871,-15.4345,-0.0898,-0.0192,0.0123,10.5782,0.1214,-0.0079,0.0302,761.5502,752.9478,623.6519,766.1542,-1.363605,0.509994,-0.209492,0.005679,-0.052952,0.704795,0.000000,0.000000,0.000000,0.000000,0.000000,0.000000,-1.363180,0.513393,-0.274290,1.0000,1.0000,1.0000,1.660,4.810,0.340,5.000,3.000,8.000,1.500,0.060,0.110,29810820,1001611085,29809061,216,1232,1504,1502,1505,1000,1000,2008,1505,1505,1105,2008,1625,1256,1000,1000
-0.0103,-0.0016,-0.9292,-0.0082,-0.0025,2.8664,0.0042,-0.0021,3.1416,10.5782,-0.2557,-0.1305,-7.1965,-0.0354,0.0520,-0.0169,-0.5861,0.3028,-7.8487,-0.0262,0.0559,-0.0178,5.1481,3.3217,-11.7265,-0.0028,0.0782,0.0376,3.8373,0.9053,-2.1318,-0.0402,0.0759,0.0176,10.5782,0.1126,-0.0149,0.0305,756.5108,753.0922,628.9782,766.6503,-1.363538,0.509349,-0.200856,0.006229,-0.054253,0.734955,0.000000,0.000000,0.000000,0.000000,0.000000,0.000000,-1.363180,0.513393,-0.274290,1.0000,1.0000,1.0000,1.660,4.810,0.340,5.000,3.000,8.000,1.500,0.060,0.110,29821320,1001611085,29821061,216,1232,1504,1502,1505,1000,1000,2008,1505,1505,1105,2008,1625,1256,1000,1000
-0.0107,-0.0010,-0.9292,-0.0082,-0.0020,2.8664,0.0042,-0.0021,3.1416,10.5782,-0.0790,0.1001,-7.4110,0.0124,0.0654,-0.0135,0.0650,0.2468,-7.7832,0.0166,0.0563,-0.0176,3.0771,3.2427,-5.2717,0.0606,0.0497,0.0370,1.1796,4.3207,-8.7652,0.0330,0.0551,0.0402,10.5782,0.0990,-0.0218,0.0305,750.5767,754.2107,636.1891,765.4327,-1.363492,0.508851,-0.194142,0.004763,-0.055740,0.757747,0.000000,0.000000,0.000000,0.000000,0.000000,0.000000,-1.363180,0.513393,-0.274290,1.0000,1.0000,1.0000,1.660,4.810,0.340,5.000,3.000,8.000,1.500,0.060,0.110,29831820,1001611085,29830061,216,1232,1504,1502,1505,1000,1000,2008,1505,1505,1105,2008,1625,1256,1000,1000
-0.0108,-0.0003,-0.9293,-0.0091,-0.0016,2.8635,0.0042,-0.0021,3.1416,10.5782,-0.0557,0.3027,-7.3167,0.0648,0.0645,-0.0081,0.1004,0.3994,-7.3246,0.0673,0.0604,-0.0102,1.8369,-1.2751,-8.2286,0.0990,0.0489,0.0360,1.9985,-2.6359,-9.1925,0.1025,0.0490,0.0397,10.5782,0.0786,-0.0246,0.0314,743.3140,759.4378,642.4204,762.1401,-1.363318,0.510575,-0.190053,0.003443,-0.049435,0.774816,0.000000,0.000000,0.000000,0.000000,0.000000,0.000000,-1.363232,0.512270,-0.196760,1.0000,1.0000,1.0000,1.660,4.810,0.340,5.000,3.000,8.000,1.500,0.060,0.110,29842372,1001744468,29842061,217,1232,1504,1502,1505,1000,1000,2008,1505,1505,1105,2008,1625,1256,1000,1000
-0.0102,0.0009,-0.9293,-0.0082,-0.0011,2.8635,0.0042,-0.0021,3.1416,10.5782,0.0825,0.2507,-7.4122,0.1094,0.0536,0.0023,0.0859,0.1790,-7.5597,0.1098,0.0552,0.0005,1.5616,3.6210,-7.8335,0.1635,0.0673,0.0280,0.9139,-1.3771,-7.8224,0.1430,0.0546,0.0426,10.5782,0.0626,-0.0220,0.0307,740.6432,763.8627,647.1769,756.2712,-1.363300,0.510121,-0.182939,0.001058,-0.050453,0.797502,0.000000,0.000000,0.000000,0.000000,0.000000,0.000000,-1.363232,0.512270,-0.196760,1.0000,1.0000,1.0000,1.660,4.810,0.340,5.000,3.000,8.000,1.500,0.060,0.110,29852872,1001744468,29851113,217,1232,1504,1502,1505,1000,1000,2008,1505,1505,1105,2008,1625,1256,1000,1000
-0.0092,0.0019,-0.9293,-0.0066,-0.0005,2.8637,0.0042,-0.0021,3.1416,10.5782,0.0707,0.3045,-7.4791,0.1301,0.0495,0.0092,0.0184,0.2013,-7.5633,0.1266,0.0495,0.0073,-0.1239,-0.8729,-7.6731,0.1821,0.0710,0.0245,2.5946,3.6958,-7.4202,0.1878,0.0666,0.0527,10.5782,0.0543,-0.0209,0.0302,739.2123,765.9665,649.8581,753.2382,-1.363307,0.509505,-0.173197,-0.001597,-0.051960,0.826489,0.000000,0.000000,0.000000,0.000000,0.000000,0.000000,-1.363232,0.512270,-0.196760,1.0000,1.0000,1.0000,1.660,4.810,0.340,5.000,3.000,8.000,1.500,0.060,0.110,29863372,1001744468,29863113,217,1232,1504,1502,1505,1000,1000,2008,1505,1505,1105,2008,1625,1256,1000,1000
-0.0079,0.0030,-0.9292,-0.0053,-0.0001,2.8638,0.0042,-0.0021,3.1416,9.4839,0.0781,0.3251,-7.5471,0.1498,0.0460,0.0156,0.1165,0.1815,-7.4255,0.1508,0.0418,0.0114,1.2671,-1.7420,-6.4760,0.1459,0.0377,0.0152,-0.6394,-3.5786,-4.6494,0.2013,0.0455,0.0160,9.4839,0.0464,-0.0206,0.0297,695.9827,727.7122,613.2495,716.3719,-1.363332,0.509036,-0.165660,-0.003472,-0.052043,0.848542,0.000000,0.000000,0.000000,0.000000,0.000000,0.000000,-1.363232,0.512270,-0.196760,1.0000,1.0000,1.0000,1.660,4.810,0.340,5.000,3.000,8.000,1.500,0.060,0.110,29873872,1001744468,29872113,217,1208,1504,1502,1505,1000,1000,2008,1505,1505,1105,2008,1625,1256,1000,1000
-0.0064,0.0040,-0.9290,-0.0034,0.0003,2.8640,0.0042,-0.0021,3.1416,9.1648,0.1176,0.2562,-7.4130,0.1599,0.0407,0.0198,0.0887,0.5994,-7.4895,0.1562,0.0313,0.0129,0.5321,4.2196,-8.1759,0.1483,0.0148,0.0136,1.9374,3.0116,-8.9268,0.1446,0.0224,0.0349,9.1648,0.0410,-0.0190,0.0292,682.9693,717.1897,603.0540,703.3405,-1.363385,0.508417,-0.155301,-0.005507,-0.051533,0.877819,0.000000,0.000000,0.000000,0.000000,0.000000,0.000000,-1.363232,0.512270,-0.196760,1.0000,1.0000,1.0000,1.660,4.810,0.340,5.000,3.000,8.000,1.500,0.060,0.110,29884372,1001744468,29884114,217,1201,1504,1502,1505,1000,1000,2008,1505,1505,1105,2008,1625,1256,1000,1000
-0.0050,0.0050,-0.9289,-0.0020,0.0006,2.8642,0.0042,-0.0021,3.1416,9.0280,0.1029,0.1920,-7.1751,0.1623,0.0286,0.0206,0.1135,0.4867,-7.4391,0.1655,0.0299,0.0206,2.8760,2.7854,-9.7201,0.2051,0.0382,0.0290,-3.3258,0.2085,-5.8076,0.1800,0.0186,0.0306,9.0280,0.0377,-0.0180,0.0291,677.0157,713.1641,598.6403,697.4208,-1.363444,0.507955,-0.147299,-0.007949,-0.051941,0.900562,0.000000,0.000000,0.000000,0.000000,0.000000,0.000000,-1.363232,0.512270,-0.196760,1.0000,1.0000,1.0000,1.660,4.810,0.340,5.000,3.000,8.000,1.500,0.060,0.110,29894872,1001744468,29893113,217,1198,1504,1502,1505,1000,1000,2008,1505,1505,1105,2008,1625,1256,1000,1000
-0.0034,0.0058,-0.9287,-0.0001,0.0007,2.8645,0.0042,-0.0021,3.1416,9.0280,0.1773,0.1663,-7.1249,0.1601,0.0033,0.0240,0.2249,0.0106,-7.1536,0.1633,0.0052,0.0245,0.9151,-0.6909,-4.9174,0.1616,0.0057,0.0277,0.8097,-0.2727,-5.9333,0.1622,-0.0075,0.0152,9.0280,0.0354,-0.0094,0.0287,680.1362,716.5334,596.2341,692.9783,-1.363561,0.507328,-0.136304,-0.011448,-0.052448,0.932220,0.000000,0.000000,0.000000,0.000000,0.000000,0.000000,-1.363232,0.512270,-0.196760,1.0000,1.0000,1.0000,1.660,4.810,0.340,5.000,3.000,8.000,1.500,0.060,0.110,29905372,1001744468,29905113,217,1198,1504,1502,1505,1000,1000,2008,1505,1505,1105,2008,1625,1256,1000,1000
-0.0019,0.0064,-0.9284,0.0012,0.0006,2.8647,0.0042,-0.0021,3.1416,8.0705,0.1519,0.0597,-6.9971,0.1327,-0.0299,0.0208,0.0936,-0.1117,-6.9826,0.1405,-0.0265,0.0197,1.6095,-0.8992,-8.0777,0.0990,-0.0089,0.0261,3.3884,6.6928,-7.4202,0.0783,-0.0165,0.0229,8.0705,0.0402,-0.0021,0.0287,645.0012,680.5203,553.1320,659.1495,-1.363672,0.506863,-0.127801,-0.013903,-0.051516,0.957082,0.000000,0.000000,0.000000,0.000000,0.000000,0.000000,-1.363232,0.512270,-0.196760,1.0000,1.0000,1.0000,1.660,4.810,0.340,5.000,3.000,8.000,1.500,0.060,0.110,29915872,1001744468,29914113,217,1170,1504,1502,1505,1000,1000,2008,1505,1505,1105,2008,1625,1256,1000,1000
-0.0005,0.0066,-0.9282,0.0024,-0.0000,2.8650,0.0042,-0.0021,3.1416,7.7513,0.6043,-0.5539,-6.9308,0.0587,-0.0925,0.0238,1.4942,-2.0705,-7.5673,0.0941,-0.0760,0.0237,20.4255,-39.1454,-15.7272,-1.7817,-0.9661,0.0493,22.1733,-47.0457,-19.0420,-0.8011,-0.5896,0.0597,7.7513,0.0478,0.0067,0.0284,637.6411,668.6005,532.9787,646.4036,-1.363856,0.506258,-0.116115,-0.017485,-0.048306,0.990761,0.000000,0.000000,0.000000,0.000000,0.000000,0.000000,-1.363232,0.512270,-0.196760,1.0000,1.0000,1.0000,1.660,4.810,0.340,5.000,3.000,8.000,1.500,0.060,0.110,29926372,1001744468,29926113,217,1168,1504,1502,1505,1000,1000,2008,1505,1505,1105,2008,1625,1256,1000,1000
-0.0103,-0.0036,-0.9269,-0.0079,-0.0104,2.8662,0.0042,-0.0021,3.1416,7.6601,2.8791,-3.9862,-36.5096,-0.4461,-1.1413,0.2660,0.4421,1.4393,-51.4612,-0.4991,-1.2254,0.2556,-28.8113,25.7602,-38.7654,0.4603,-0.4030,0.0725,-9.7850,12.4086,-58.7902,-0.5923,-0.7609,0.1398,7.6601,0.6592,0.5178,0.0168,964.1718,673.4333,0.0000,605.4786,-1.364187,0.506328,-0.107635,-0.062173,0.047114,0.852961,0.000000,0.000000,0.000000,0.000000,0.000000,0.000000,-1.363232,0.512270,-0.196760,1.0000,1.0000,1.0000,1.660,4.810,0.340,5.000,3.000,8.000,1.500,0.060,0.110,29936872,1001744468,29935113,217,1168,1504,1502,1505,1000,1000,2008,1505,1505,1105,2008,1625,1256,1000,1000
-0.0098,-0.0061,-0.9249,-0.0075,-0.0122,2.8699,0.0042,-0.0021,3.1416,7.6601,-19.6226,-2.9660,-19.0618,0.1672,0.6715,0.0585,-17.3537,-4.5286,-20.9713,0.0826,0.5603,0.0863,0.9630,-8.0004,0.9532,0.5261,1.0905,-0.4061,15.9979,-22.6779,7.3855,0.5148,1.0733,-0.2645,7.6601,0.0370,0.0609,0.0078,674.0628,668.1801,538.9261,588.1750,-1.362999,0.505820,-0.105524,0.029188,0.012029,0.603408,0.000000,0.000000,0.000000,0.000000,0.000000,0.000000,-1.361777,0.505141,-0.111645,1.0000,1.0000,1.0000,1.660,4.810,0.340,5.000,3.000,8.000,1.500,0.060,0.110,29946917,1001844776,29944113,218,1168,1504,1502,1505,1000,1000,2008,1505,1505,1105,2008,1625,1256,1000,1000
-0.0063,0.0032,-0.9264,-0.0040,-0.0013,2.8684,0.0042,-0.0021,3.1416,7.6601,4.4703,0.3359,-13.2756,0.3489,1.1493,-0.1775,3.9046,0.8549,-16.2373,0.3933,1.0636,-0.2100,-6.0951,0.9994,-15.1310,0.3151,1.5816,-0.1383,-7.7343,-5.0314,-17.0793,0.2645,1.4573,-0.1286,7.6601,-0.0140,-0.2923,0.0489,437.1415,580.4345,653.9688,762.5906,-1.361962,0.506126,-0.098230,0.084860,0.044719,0.610841,0.000000,0.000000,0.000000,0.000000,0.000000,0.000000,-1.361777,0.505141,-0.111645,1.0000,1.0000,1.0000,1.660,4.810,0.340,5.000,3.000,8.000,1.500,0.060,0.110,29956923,1001844776,29956164,218,1168,1504,1502,1505,1000,1000,2008,1505,1505,1105,2008,1625,1256,1000,1000
-0.0027,0.0174,-0.9279,-0.0009,0.0112,2.8672,0.0042,-0.0021,3.1416,7.6601,-0.3409,-0.5475,0.5508,0.3424,1.3155,-0.0765,-0.7531,-0.5863,0.1428,0.3558,1.3523,-0.0806,0.1298,1.1837,-11.0872,0.3415,1.0854,-0.0725,1.5172,1.9701,-10.3921,0.3484,1.1891,-0.0557,7.6601,-0.0291,-0.4712,0.0378,325.4699,482.9033,739.4246,807.0573,-1.361243,0.506498,-0.092732,0.081772,0.040551,0.637449,0.000000,0.000000,0.000000,0.000000,0.000000,0.000000,-1.361777,0.505141,-0.111645,1.0000,1.0000,1.0000,1.660,4.810,0.340,5.000,3.000,8.000,1.500,0.060,0.110,29967423,1001844776,29965164,218,1168,1504,1502,1505,1000,1000,2008,1505,1505,1105,2008,1625,1256,1000,1000
0.0013,0.0296,-0.9284,0.0036,0.0248,2.8667,0.0042,-0.0021,3.1416,7.6601,1.4920,0.4319,-6.3524,0.3667,1.0599,-0.0140,1.6103,0.8371,-6.4528,0.3696,1.0661,-0.0217,3.2926,-0.2552,-1.8121,0.3103,1.1566,-0.0245,5.2379,3.4354,-0.4995,0.3425,1.0493,-0.0101,7.6601,-0.0458,-0.4075,0.0319,375.6642,514.9620,727.9435,775.2454,-1.360255,0.506999,-0.084518,0.078803,0.042175,0.716796,0.000000,0.000000,0.000000,0.000000,0.000000,0.000000,-1.361777,0.505141,-0.111645,1.0000,1.0000,1.0000,1.660,4.810,0.340,5.000,3.000,8.000,1.500,0.060,0.110,29977923,1001844776,29977175,218,1168,1504,1502,1505,1000,1000,2008,1505,1505,1105,2008,1625,1256,1000,1000
0.0046,0.0406,-0.9286,0.0066,0.0336,2.8666,0.0042,-0.0021,3.1416,7.6601,0.7691,-0.5371,-4.6144,0.3036,0.8492,-0.0390,0.7404,-0.3058,-4.6048,0.3036,0.8680,-0.0378,2.1146,6.4773,-8.6930,0.2879,0.7220,-0.0648,-0.1025,2.0366,-6.4289,0.2698,0.7188,-0.0703,7.6601,-0.0313,-0.3602,0.0336,411.6169,535.6099,704.3733,764.7015,-1.359606,0.507354,-0.077893,0.068751,0.039184,0.758320,0.000000,0.000000,0.000000,0.000000,0.000000,0.000000,-1.361777,0.505141,-0.111645,1.0000,1.0000,1.0000,1.660,4.810,0.340,5.000,3.000,8.000,1.500,0.060,0.110,29988423,1001844776,29986164,218,1168,1504,1502,1505,1000,1000,2008,1505,1505,1105,2008,1625,1256,1000,1000
0.0075,0.0485,-0.9291,0.0097,0.0417,2.8661,0.0042,-0.0021,3.1416,6.5658,1.5023,-0.3994,-4.1561,0.2061,0.5175,-0.0481,1.3587,0.0045,-4.0651,0.2189,0.5436,-0.0476,1.4754,-1.0189,-2.9613,0.1592,0.3519,-0.0797,-2.1909,5.3335,-4.9457,0.1467,0.3702,-0.0642,6.5658,-0.0045,-0.2641,0.0351,411.1408,518.8201,618.3630,705.0037,-1.358852,0.507860,-0.068419,0.055978,0.046154,0.821628,0.000000,0.000000,0.000000,0.000000,0.000000,0.000000,-1.361777,0.505141,-0.111645,1.0000,1.0000,1.0000,1.660,4.810,0.340,5.000,3.000,8.000,1.500,0.060,0.110,29998923,1001844776,29998164,218,1144,1504,1502,1505,1000,1000,2008,1505,1505,1105,2008,1625,1256,1000,1000
0.0092,0.0527,-0.9295,0.0109,0.0446,2.8658,0.0042,-0.0021,3.1416,6.2466,1.8677,-0.7644,-4.0930,0.0787,0.1310,-0.0342,1.8758,-0.6050,-3.9297,0.1032,0.1601,-0.0400,-1.7616,-4.1314,-3.6844,-0.0196,-0.0646,-0.0533,1.0719,-0.6893,-5.8956,-0.0088,-0.0668,-0.0357,6.2466,0.0318,-0.1524,0.0342,475.5625,543.2141,544.0268,660.5733,-1.358394,0.508301,-0.060802,0.045639,0.053815,0.870149,0.000000,0.000000,0.000000,0.000000,0.000000,0.000000,-1.361777,0.505141,-0.111645,1.0000,1.0000,1.0000,1.660,4.810,0.340,5.000,3.000,8.000,1.500,0.060,0.110,30009423,1001844776,30007164,218,1137,1504,1502,1505,1000,1000,2008,1505,1505,1105,2008,1625,1256,1000,1000
0.0094,0.0525,-0.9297,0.0110,0.0434,2.8655,0.0042,-0.0021,3.1416,6.1554,1.5041,-0.7489,-3.7698,-0.0613,-0.2822,-0.0152,1.7807,0.2720,-3.8560,-0.0512,-0.2650,-0.0133,2.6892,0.1039,-4.3907,-0.1099,-0.4150,-0.0386,0.5888,-4.6866,-3.3170,-0.0929,-0.4061,-0.0450,6.1554,0.0775,-0.0144,0.0316,561.8925,584.1843,452.9677,610.8102,-1.357940,0.508994,-0.049954,0.030805,0.062602,0.938232,0.000000,0.000000,0.000000,0.000000,0.000000,0.000000,-1.361777,0.505141,-0.111645,1.0000,1.0000,1.0000,1.660,4.810,0.340,5.000,3.000,8.000,1.500,0.060,0.110,30019923,1001844776,30019164,218,1135,1504,1502,1505,1000,1000,2008,1505,1505,1105,2008,1625,1256,1000,1000
0.0084,0.0485,-0.9301,0.0098,0.0393,2.8653,0.0042,-0.0021,3.1416,6.1554,1.0105,-0.3826,-3.7848,-0.1780,-0.6126,-0.0282,0.9381,-0.3724,-3.7073,-0.1794,-0.6093,-0.0319,1.6549,1.6482,-3.2582,-0.2152,-0.6692,-0.0248,1.5890,7.3519,-3.6797,-0.1742,-0.7114,-0.0346,6.1554,0.1194,0.1022,0.0334,625.6407,623.4395,352.1222,575.4739,-1.357699,0.509580,-0.041267,0.023463,0.068587,0.991990,0.000000,0.000000,0.000000,0.000000,0.000000,0.000000,-1.361777,0.505141,-0.111645,1.0000,1.0000,1.0000,1.660,4.810,0.340,5.000,3.000,8.000,1.500,0.060,0.110,30030423,1001844776,30028164,218,1135,1504,1502,1505,1000,1000,2008,1505,1505,1105,2008,1625,1256,1000,1000
0.0065,0.0414,-0.9305,0.0072,0.0305,2.8648,0.0042,-0.0021,3.1416,6.1098,0.7391,-0.3845,-3.8584,-0.2555,-0.8250,-0.0378,0.8875,-0.1573,-3.8318,-0.2548,-0.8291,-0.0428,3.6589,0.8701,-3.6269,-0.3026,-0.8749,-0.0381,-2.8625,3.9400,-4.6691,-0.3017,-0.8941,-0.0232,6.1098,0.1535,0.1996,0.0347,672.3234,652.6064,233.9807,541.7123,-1.357456,0.510434,-0.028930,0.018052,0.074169,1.063998,0.000000,0.000000,0.000000,0.000000,0.000000,0.000000,-1.361777,0.505141,-0.111645,1.0000,1.0000,1.0000,1.660,4.810,0.340,5.000,3.000,8.000,1.500,0.060,0.110,30040923,1001844776,30040164,218,1134,1504,1502,1505,1000,1000,2008,1505,1505,1105,2008,1625,1256,1000,1000
0.0034,0.0328,-0.9309,0.0047,0.0225,2.8645,0.0042,-0.0021,3.1416,6.1098,0.2301,-0.0854,-4.1940,-0.2713,-0.9116,-0.0176,0.3027,0.0276,-4.2879,-0.2667,-0.9189,-0.0221,0.8481,-0.7723,-2.9086,-0.2088,-0.9194,0.0045,0.0196,-5.9562,-1.6200,-0.2463,-0.9401,0.0088,6.1098,0.1710,0.2536,0.0334,699.4642,667.6356,146.5949,519.2645,-1.357318,0.511090,-0.019115,0.013721,0.072293,1.116743,0.000000,0.000000,0.000000,0.000000,0.000000,0.000000,-1.361777,0.505141,-0.111645,1.0000,1.0000,1.0000,1.660,4.810,0.340,5.000,3.000,8.000,1.500,0.060,0.110,30051423,1001844776,30049164,218,1134,1504,1502,1505,1000,1000,2008,1505,1505,1105,2008,1625,1256,1000,1000
0.0001,0.0235,-0.9308,0.0017,0.0116,2.8646,0.0042,-0.0021,3.1416,6.1098,0.0063,0.2850,-4.3061,-0.2163,-0.8954,0.0337,-0.0453,0.3009,-4.3825,-0.2192,-0.9108,0.0281,1.0109,-0.0349,-4.3164,-0.2165,-0.9144,0.0544,0.1525,0.0182,-3.9957,-0.2125,-0.8821,0.0703,6.1098,0.1651,0.2766,0.0294,710.3488,674.2651,135.8638,498.4229,-1.357179,0.511933,-0.005309,0.009731,0.066988,1.184153,0.000000,0.000000,0.000000,0.000000,0.000000,0.000000,-1.361777,0.505141,-0.111645,1.0000,1.0000,1.0000,1.660,4.810,0.340,5.000,3.000,8.000,1.500,0.060,0.110,30061923,1001844776,30061164,218,1134,1504,1502,1505,1000,1000,2008,1505,1505,1105,2008,1625,1256,1000,1000
-0.0023,0.0142,-0.9301,0.0002,0.0038,2.8653,0.0042,-0.0021,3.1416,5.0611,0.0662,0.8398,-4.2779,-0.1423,-0.8052,0.0880,0.1258,0.8394,-4.3482,-0.1380,-0.8206,0.0833,-2.2117,-0.6550,-4.3116,-0.1318,-0.7726,0.0775,-1.1369,1.5373,-5.3605,-0.1206,-0.8086,0.0551,5.0611,0.1339,0.2604,0.0216,661.1713,624.8986,67.2143,428.3660,-1.357091,0.512527,0.005570,0.008691,0.063398,1.233658,0.000000,0.000000,0.000000,0.000000,0.000000,0.000000,-1.361777,0.505141,-0.111645,1.0000,1.0000,1.0000,1.660,4.810,0.340,5.000,3.000,8.000,1.500,0.060,0.110,30072423,1001844776,30070164,218,1111,1504,1502,1505,1000,1000,2008,1505,1505,1105,2008,1625,1256,1000,1000
-0.0039,0.0062,-0.9292,0.0031,-0.0061,2.8748,0.0042,-0.0021,3.1416,4.7420,-0.1647,0.3243,-4.0636,-0.0733,-0.6871,0.1188,-0.1818,0.4431,-4.2774,-0.0771,-0.7013,0.1107,2.1793,3.3217,-7.7808,-0.0252,-0.5850,0.1474,3.1082,3.9634,-7.1903,-0.0421,-0.6245,0.1625,4.7420,0.1056,0.2368,0.0175,633.8042,605.0714,143.4278,404.0046,-1.360274,0.508890,-0.034151,-0.001481,0.042468,1.167818,0.000000,0.000000,0.000000,0.000000,0.000000,0.000000,-1.362407,0.506255,-0.108032,1.0000,1.0000,1.0000,1.660,4.810,0.340,5.000,3.000,8.000,1.500,0.060,0.110,30082469,1001976969,30082210,219,1104,1504,1502,1505,1000,1000,2008,1505,1505,1105,2008,1625,1256,1000,1000
-0.0048,-0.0006,-0.9277,0.0028,-0.0114,2.8760,0.0042,-0.0021,3.1416,3.7845,-0.2248,0.5844,-4.2334,0.0009,-0.5084,0.1430,-0.2373,0.4628,-4.1258,-0.0080,-0.5220,0.1378,-1.5509,-0.6263,-1.0627,0.0398,-0.4611,0.1524,-3.7801,-2.2750,-4.1035,0.0407,-0.4666,0.1614,3.7845,0.0826,0.1875,0.0151,563.5008,541.9636,126.0917,363.7326,-1.360282,0.509255,-0.023418,0.000145,0.038502,1.217419,0.000000,0.000000,0.000000,0.000000,0.000000,0.000000,-1.362407,0.506255,-0.108032,1.0000,1.0000,1.0000,1.660,4.810,0.340,5.000,3.000,8.000,1.500,0.060,0.110,30092969,1001976969,30091210,219,1083,1504,1502,1505,1000,1000,2008,1505,1505,1105,2008,1625,1256,1000,1000
-0.0048,-0.0055,-0.9259,0.0034,-0.0162,2.8781,0.0042,-0.0021,3.1416,3.4653,-0.6691,0.3923,-4.1339,0.0851,-0.3048,0.1823,-0.5628,0.5958,-4.3462,0.0887,-0.3132,0.1767,2.0452,1.8948,-3.8041,0.1224,-0.1949,0.2054,0.2854,-1.9158,-2.0618,0.1025,-0.1987,0.1965,3.4653,0.0545,0.1294,0.0108,513.9826,500.8493,224.3493,360.6199,-1.360262,0.509680,-0.008401,0.004147,0.032388,1.285120,0.000000,0.000000,0.000000,0.000000,0.000000,0.000000,-1.362407,0.506255,-0.108032,1.0000,1.0000,1.0000,1.660,4.810,0.340,5.000,3.000,8.000,1.500,0.060,0.110,30103469,1001976969,30103210,219,1076,1504,1502,1505,1000,1000,2008,1505,1505,1105,2008,1625,1256,1000,1000
-0.0040,-0.0081,-0.9240,0.0046,-0.0179,2.8798,0.0042,-0.0021,3.1416,2.3710,-0.7085,0.2229,-4.0203,0.1778,-0.0922,0.1663,-0.7831,0.2371,-4.0633,0.1831,-0.1035,0.1679,-2.0968,-0.5880,-0.3899,0.1861,-0.0001,0.1460,-0.9734,0.6341,-2.2683,0.1963,0.0048,0.1702,2.3710,0.0224,0.0665,0.0116,396.7211,414.3715,211.7331,319.1909,-1.360218,0.509944,0.003398,0.006486,0.026807,1.336870,0.000000,0.000000,0.000000,0.000000,0.000000,0.000000,-1.362407,0.506255,-0.108032,1.0000,1.0000,1.0000,1.660,4.810,0.340,5.000,3.000,8.000,1.500,0.060,0.110,30113969,1001976969,30112210,219,1045,1504,1502,1505,1000,1000,2008,1505,1505,1105,2008,1625,1256,1000,1000
-0.0022,-0.0085,-0.9223,0.0072,-0.0175,2.8817,0.0042,-0.0021,3.1416,2.0518,-0.6278,0.1747,-3.3108,0.2484,0.1257,0.1598,-0.5048,0.1295,-3.5037,0.2513,0.1140,0.1588,0.3908,-0.0230,-4.8001,0.2570,0.2242,0.1724,0.2369,0.4240,-5.4467,0.2551,0.2035,0.1595,2.0518,-0.0054,-0.0078,0.0124,297.9167,356.4517,281.5014,341.6127,-1.360106,0.510228,0.019884,0.011818,0.020771,1.411738,0.000000,0.000000,0.000000,0.000000,0.000000,0.000000,-1.362407,0.506255,-0.108032,1.0000,1.0000,1.0000,1.660,4.810,0.340,5.000,3.000,8.000,1.500,0.060,0.110,30124469,1001976969,30124210,219,1042,1504,1502,1505,1000,1000,2008,1505,1505,1105,2008,1625,1256,1000,1000
0.0002,-0.0068,-0.9207,0.0096,-0.0155,2.8832,0.0042,-0.0021,3.1416,1.9150,-0.1074,0.4531,-3.0229,0.2854,0.2996,0.1538,0.0459,0.5461,-3.0157,0.2873,0.2923,0.1504,0.1394,-0.8322,0.7545,0.3399,0.3420,0.1676,-1.8426,-3.6002,1.6626,0.3481,0.3478,0.1593,1.9150,-0.0241,-0.0680,0.0130,202.9057,310.1983,333.1777,368.6503,-1.359987,0.510403,0.032859,0.014050,0.017762,1.472406,0.000000,0.000000,0.000000,0.000000,0.000000,0.000000,-1.362407,0.506255,-0.108032,1.0000,1.0000,1.0000,1.660,4.810,0.340,5.000,3.000,8.000,1.500,0.060,0.110,30134969,1001976969,30133210,219,1042,1504,1502,1505,1000,1000,2008,1505,1505,1105,2008,1625,1256,1000,1000
0.0030,-0.0035,-0.9191,0.0133,-0.0111,2.8851,0.0042,-0.0021,3.1416,1.8238,-0.0783,0.2807,-2.3795,0.3139,0.4237,0.1544,0.1017,0.4633,-2.3951,0.3173,0.4234,0.1533,-0.0210,-3.0373,0.1392,0.3007,0.4100,0.1625,-0.7131,-2.5730,-1.6757,0.3175,0.3934,0.1577,1.8238,-0.0394,-0.1200,0.0135,44.5276,265.4487,373.6445,392.3621,-1.359807,0.510600,0.051043,0.015993,0.015355,1.559229,0.000000,0.000000,0.000000,0.000000,0.000000,0.000000,-1.362407,0.506255,-0.108032,1.0000,1.0000,1.0000,1.660,4.810,0.340,5.000,3.000,8.000,1.500,0.060,0.110,30145469,1001976969,30145210,219,1040,1504,1502,1505,1000,1000,2008,1505,1505,1105,2008,1625,1256,1000,1000
0.0060,0.0016,-0.9173,0.0160,-0.0071,2.8868,0.0042,-0.0021,3.1416,1.8238,-0.8067,-1.1494,-3.0280,0.1660,0.5012,0.1821,-1.5290,-2.8842,-6.0721,0.1977,0.4885,0.1857,0.4555,-19.2268,-28.5889,-1.9584,0.9765,0.3531,14.1052,-16.5258,-45.6689,-1.5037,0.8861,0.2735,1.8238,-0.0463,-0.1469,0.0097,0.0000,231.8928,403.6681,398.6664,-1.359671,0.510736,0.065386,0.014335,0.014873,1.628481,0.000000,0.000000,0.000000,0.000000,0.000000,0.000000,-1.362407,0.506255,-0.108032,1.0000,1.0000,1.0000,1.660,4.810,0.340,5.000,3.000,8.000,1.500,0.060,0.110,30155969,1001976969,30154210,219,1040,1504,1502,1505,1000,1000,2008,1505,1505,1105,2008,1625,1256,1000,1000
-0.0117,0.0029,-0.9142,-0.0038,-0.0067,2.8905,0.0042,-0.0021,3.1416,1.1855,5.4834,-3.4378,-28.2086,-1.3887,-0.7061,0.4194,-1.0797,-3.7875,-38.3794,-1.6437,-0.6653,0.4172,-14.2282,-6.5088,-38.7654,-0.1701,0.4955,0.3131,-4.6618,9.9988,-52.1048,0.2719,0.3771,0.3721,1.1855,1.0584,-0.0300,-0.0012,685.5154,0.0000,0.0000,698.1913,-1.359363,0.511698,0.084418,0.018772,0.148364,1.494739,0.000000,0.000000,0.000000,0.000000,0.000000,0.000000,-1.362407,0.506255,-0.108032,1.0000,1.0000,1.0000,1.660,4.810,0.340,5.000,3.000,8.000,1.500,0.060,0.110,30166469,1001976969,30166210,219,1026,1504,1502,1505,1000,1000,2008,1505,1505,1105,2008,1625,1256,1000,1000
-0.0145,-0.0007,-0.9110,-0.0046,-0.0095,2.8932,0.0042,-0.0021,3.1416,0.9575,-9.5157,13.7631,-30.3931,0.2659,-0.0033,0.0230,-10.2715,11.1382,-35.9245,0.2783,-0.0313,0.0599,-6.1334,-3.3437,-2.1353,0.1240,0.1163,-0.2963,-10.6919,-5.3367,-2.5071,0.0399,0.2338,-0.2519,0.9575,0.1316,0.1292,-0.0055,424.4539,246.6406,0.0000,136.1042,-1.359257,0.512619,0.096935,0.014944,0.030633,1.281867,0.000000,0.000000,0.000000,0.000000,0.000000,0.000000,-1.362407,0.506255,-0.108032,1.0000,1.0000,1.0000,1.660,4.810,0.340,5.000,3.000,8.000,1.500,0.060,0.110,30176969,1001976969,30175210,219,1006,1505,1502,1505,1000,1000,2008,1505,1505,1105,2008,1625,1256,1000,1000
-0.0117,0.0006,-0.9137,-0.0017,-0.0075,2.8902,0.0052,-0.0021,3.1416,0.0456,1.4250,-9.1604,-5.0312,0.3033,0.2109,-0.3328,1.5760,-7.6766,-4.6304,0.3090,0.1976,-0.3421,-2.3482,6.6473,-6.8160,0.3854,0.2759,-0.2382,-6.4953,9.7366,-4.7356,0.3958,0.2647,-0.2365,0.0456,-0.0916,-0.0628,0.0609,0.0000,299.3135,0.0000,318.8741,-1.358557,0.512755,0.111895,0.083370,0.045427,1.259546,0.000000,0.000000,0.000000,0.000000,0.000000,0.000000,-1.362407,0.506255,-0.108032,1.0000,1.0000,1.0000,1.660,4.810,0.340,5.000,3.000,8.000,1.500,0.060,0.110,30187469,1001976969,30187210,219,1001,1505,1502,1505,1000,1000,2008,1505,1505,1105,2008,1625,1256,1000,1000
-0.0086,0.0030,-0.9161,0.0012,-0.0056,2.8882,0.0052,-0.0021,3.1416,0.0000,0.2365,5.6605,1.5208,0.2350,0.1309,-0.1195,0.1088,5.0022,1.1671,0.2441,0.1405,-0.1278,-1.6083,-4.6988,-6.4904,0.2575,0.0987,-0.1172,-1.6414,-3.8696,-7.3501,0.2751,0.0706,-0.1161,0.0000,-0.0759,-0.0426,0.0406,0.0000,252.0338,0.0000,246.7930,-1.357845,0.513170,0.123505,0.072495,0.029441,1.331462,0.000000,0.000000,0.000000,0.000000,0.000000,0.000000,-1.362407,0.506255,-0.108032,1.0000,1.0000,1.0000,1.660,4.810,0.340,5.000,3.000,8.000,1.500,0.060,0.110,30197969,1001976969,30196210,219,1000,1505,1502,1505,1000,1000,2008,1505,1505,1105,2008,1625,1256,1000,1000
-0.0062,0.0043,-0.9171,0.0041,-0.0043,2.8872,0.0052,-0.0021,3.1416,0.0000,-0.0328,-2.1456,-1.5712,0.2874,0.1462,-0.0870,0.0660,-1.5808,-1.7975,0.2777,0.1387,-0.0892,0.2400,6.5539,-1.6158,0.3223,0.2021,-0.0397,-0.9088,4.1753,2.2282,0.3513,0.2421,-0.0655,0.0000,-0.0890,-0.0396,0.0365,0.0000,254.2997,0.0000,217.2367,-1.357015,0.513419,0.140176,0.070073,0.026896,1.441271,0.000000,0.000000,0.000000,0.000000,0.000000,0.000000,-1.362407,0.506255,-0.108032,1.0000,1.0000,1.0000,1.660,4.810,0.340,5.000,3.000,8.000,1.500,0.060,0.110,30208469,1001976969,30208210,219,1000,1505,1502,1505,1000,1000,2008,1505,1505,1105,2008,1625,1256,1000,1000
-0.0034,0.0061,-0.9177,0.0069,-0.0028,2.8867,0.0052,-0.0021,3.1416,0.0000,0.1732,1.5179,-1.2946,0.3110,0.1681,-0.0431,0.0006,1.2432,-1.3716,0.3186,0.1700,-0.0529,-0.3586,-2.4962,0.1823,0.3130,0.1661,-0.0341,-0.6682,-3.0884,0.5797,0.3039,0.1425,-0.0107,0.0000,-0.1099,-0.0574,0.0331,0.0000,242.6160,134.0554,206.5425,-1.356400,0.513623,0.153506,0.065741,0.016049,1.520606,0.000000,0.000000,0.000000,0.000000,0.000000,0.000000,-1.362407,0.506255,-0.108032,1.0000,1.0000,1.0000,1.660,4.810,0.340,5.000,3.000,8.000,1.500,0.060,0.110,30218969,1001976969,30217210,219,1000,1505,1502,1505,1000,1000,2008,1505,1505,1105,2008,1625,1256,1000,1000
0.0002,0.0080,-0.9180,0.0105,-0.0011,2.8865,0.0052,-0.0021,3.1416,0.0000,0.6406,-0.5189,-0.9715,0.2568,0.1110,-0.0054,0.7496,-0.7522,-1.3663,0.3004,0.1280,-0.0103,2.3995,-3.9686,-4.4074,-0.2120,-0.0318,0.0173,2.8820,-6.1914,-8.0092,0.0029,0.0019,-0.0059,0.0000,-0.1114,-0.0487,0.0294,0.0000,242.7638,142.2409,176.4890,-1.355621,0.513818,0.172384,0.063198,0.019812,1.626300,0.000000,0.000000,0.000000,0.000000,0.000000,0.000000,-1.362407,0.506255,-0.108032,1.0000,1.0000,1.0000,1.660,4.810,0.340,5.000,3.000,8.000,1.500,0.060,0.110,30229469,1001976969,30229210,219,1000,1505,1502,1505,1000,1000,2008,1505,1505,1105,2008,1625,1256,1000,1000
-0.0048,0.0070,-0.9178,0.0049,-0.0024,2.8868,0.0052,-0.0021,3.1416,0.0000,1.6359,-8.2747,-5.2637,-1.4544,-0.3418,0.0328,1.8836,-7.9923,-4.6526,-1.3325,-0.3186,0.0387,3.5607,-3.5783,-3.9765,-1.6996,-0.6436,0.0368,5.0009,-2.5659,-7.2244,-1.7740,-0.5015,0.0293,0.0000,0.3450,0.0840,0.0240,384.6720,0.0000,0.0000,364.5230,-1.355077,0.514162,0.187189,0.060055,0.067407,1.655702,0.000000,0.000000,0.000000,0.000000,0.000000,0.000000,-1.362407,0.506255,-0.108032,1.0000,1.0000,1.0000,1.660,4.810,0.340,5.000,3.000,8.000,1.500,0.060,0.110,30239969,1001976969,30238210,219,1000,1505,1502,1505,1000,1000,2008,1505,1505,1105,2008,1625,1256,1000,1000
-0.0146,0.0020,-0.9176,-0.0050,-0.0081,2.8870,0.0052,-0.0021,3.1416,0.0000,-1.9218,13.1091,-26.2583,0.1441,-0.2952,-0.0104,-2.7491,13.1922,-28.4042,0.0143,-0.3806,-0.0131,-4.3545,7.5308,-12.2915,-0.2290,0.0518,-0.0136,-1.2033,7.1705,-29.8397,-0.1204,0.1382,-0.0226,0.0000,0.1747,0.2014,0.0276,370.8462,274.0265,0.0000,97.1297,-1.354441,0.515159,0.206973,0.041452,0.044425,1.580628,0.000000,0.000000,0.000000,0.000000,0.000000,0.000000,-1.362407,0.506255,-0.108032,1.0000,1.0000,1.0000,1.660,4.810,0.340,5.000,3.000,8.000,1.500,0.060,0.110,30250469,1001976969,30250210,219,1000,1505,1502,1505,1000,1000,2008,1505,1505,1105,2008,1625,1256,1000,1000
-0.0131,0.0018,-0.9180,-0.0033,-0.0077,2.8866,0.0052,-0.0021,3.1416,0.0000,-2.6651,-2.7699,-18.2412,0.1657,0.2273,-0.0849,-2.1267,-3.5453,-16.5863,0.1853,0.2057,-0.0885,0.9678,-4.0237,-6.0762,0.0430,0.2394,-0.0213,0.9282,-3.9557,-5.8561,0.0732,0.2855,-0.0298,0.0000,-0.0483,-0.0135,0.0341,0.0000,242.8543,0.0000,213.3138,-1.354033,0.515133,0.220562,0.055225,-0.025857,1.445120,0.000000,0.000000,0.000000,0.000000,0.000000,0.000000,-1.362407,0.506255,-0.108032,1.0000,1.0000,1.0000,1.660,4.810,0.340,5.000,3.000,8.000,1.500,0.060,0.110,30260969,1001976969,30259210,219,1000,1505,1502,1505,1000,1000,2008,1505,1505,1105,2008,1625,1256,1000,1000
-0.0117,0.0049,-0.9184,-0.0025,-0.0044,2.8863,0.0052,-0.0021,3.1416,0.0000,1.1395,1.6447,-1.9276,-0.0187,0.2384,0.0226,1.0926,2.3542,-1.6427,0.0111,0.2625,0.0134,1.0372,3.3792,-0.0021,-0.1307,0.0350,0.0312,1.7076,4.9743,-1.3542,-0.1404,0.0767,0.0261,0.0000,-0.0072,-0.0981,0.0300,0.0000,0.0000,63.5894,315.4032,-1.353266,0.515104,0.237894,0.062090,0.006666,1.475143,0.000000,0.000000,0.000000,0.000000,0.000000,0.000000,-1.362407,0.506255,-0.108032,1.0000,1.0000,1.0000,1.660,4.810,0.340,5.000,3.000,8.000,1.500,0.060,0.110,30271469,1001976969,30271210,219,1000,1505,1502,1505,1000,1000,2008,1505,1505,1105,2008,1625,1256,1000,1000
-0.0129,0.0054,-0.9182,-0.0030,-0.0047,2.8865,0.0052,-0.0021,3.1416,0.0000,1.7666,0.4753,-3.2752,0.0049,-0.2380,-0.0095,1.6845,0.2621,-3.4809,-0.0122,-0.2128,-0.0028,-0.3466,0.9132,-6.9477,0.0494,-0.3047,-0.0360,-0.7382,0.9807,-8.1385,0.0298,-0.3356,-0.0453,0.0000,0.0396,0.0126,0.0258,0.0000,162.6294,0.0000,229.0115,-1.352805,0.515058,0.251523,0.040708,-0.012278,1.546534,0.000000,0.000000,0.000000,0.000000,0.000000,0.000000,-1.362407,0.506255,-0.108032,1.0000,1.0000,1.0000,1.660,4.810,0.340,5.000,3.000,8.000,1.500,0.060,0.110,30281969,1001976969,30280221,219,1000,1505,1502,1505,1000,1000,2008,1505,1505,1105,2008,1625,1256,1000,1000
-0.0126,0.0031,-0.9183,-0.0032,-0.0073,2.8864,0.0052,-0.0021,3.1416,0.0000,-1.0510,-0.4811,-13.7555,-0.0635,-0.0922,0.0009,-1.1794,-0.3823,-14.4715,-0.0594,-0.1331,-0.0043,-1.9483,0.9754,-16.7399,0.0721,0.0276,0.0354,-0.5335,-0.4343,-18.2430,0.0322,0.0274,0.0431,0.0000,0.0355,0.0399,0.0280,0.0000,213.3918,0.0000,200.4501,-1.352367,0.514937,0.270294,0.038779,-0.008168,1.559994,0.000000,0.000000,0.000000,0.000000,0.000000,0.000000,-1.362407,0.506255,-0.108032,1.0000,1.0000,1.0000,1.660,4.810,0.340,5.000,3.000,8.000,1.500,0.060,0.110,30292469,1001976969,30292210,219,1000,1505,1502,1505,1000,1000,2008,1505,1505,1105,2008,1625,1256,1000,1000
-0.0123,0.0028,-0.9181,-0.0032,-0.0069,2.8867,0.0052,-0.0021,3.1416,0.0000,-0.4498,-0.6131,-14.6466,0.0050,0.0909,0.0277,-0.3754,-0.5866,-13.9997,0.0084,0.0825,0.0268,0.5464,0.5708,-10.4911,0.0470,0.1099,0.0133,1.0126,0.8352,-9.0471,0.0373,0.0866,0.0067,0.0000,0.0121,-0.0222,0.0251,0.0000,134.5482,0.0000,242.7252,-1.351970,0.514875,0.284066,0.048439,-0.005222,1.501404,0.000000,0.000000,0.000000,0.000000,0.000000,0.000000,-1.362407,0.506255,-0.108032,1.0000,1.0000,1.0000,1.660,4.810,0.340,5.000,3.000,8.000,1.500,0.060,0.110,30302969,1001976969,30301210,219,1000,1505,1502,1505,1000,1000,2008,1505,1505,1105,2008,1625,1256,1000,1000
-0.0113,0.0038,-0.9180,-0.0029,-0.0063,2.8869,0.0052,-0.0021,3.1416,0.0000,0.5958,-0.6430,-6.0136,0.0294,-0.0072,0.0030,0.4657,-0.6646,-5.7996,0.0334,0.0114,0.0046,-0.7536,-0.4132,-6.7178,0.0068,-0.0673,-0.0043,-1.1871,-1.6016,-8.0990,0.0168,-0.0834,0.0112,0.0000,0.0024,0.0021,0.0275,0.0000,195.0311,0.0000,214.8906,-1.351398,0.514858,0.302003,0.045205,0.003016,1.506304,0.000000,0.000000,0.000000,0.000000,0.000000,0.000000,-1.362407,0.506255,-0.108032,1.0000,1.0000,1.0000,1.660,4.810,0.340,5.000,3.000,8.000,1.500,0.060,0.110,30313469,1001976969,30313210,219,1000,1505,1502,1505,1000,1000,2008,1505,1505,1105,2008,1625,1256,1000,1000
-0.0107,0.0032,-0.9181,0.0044,-0.0134,2.9078,0.0052,-0.0021,3.1416,0.0000,-0.5316,-0.4934,-8.2124,-0.0431,-0.0451,-0.0233,-0.4965,-0.3210,-8.6944,-0.0427,-0.0550,-0.0169,-0.5549,1.8613,-11.8366,0.0244,0.0025,-0.0256,-0.3072,0.4671,-12.8432,-0.0005,-0.0133,-0.0426,0.0000,0.0161,0.0361,0.0278,0.0000,225.7348,0.0000,184.9373,-1.364926,0.510394,0.084345,0.003149,-0.008486,1.035996,0.000000,0.000000,0.000000,0.000000,0.000000,0.000000,-1.368894,0.510637,-0.077304,1.0000,1.0000,1.0000,1.660,4.810,0.340,5.000,3.000,8.000,1.500,0.060,0.110,30323520,1002110495,30322211,220,1000,1505,1502,1505,1000,1000,2008,1505,1505,1105,2008,1625,1256,1000,1000
-0.0112,0.0026,-0.9183,0.0049,-0.0141,2.9098,0.0052,-0.0021,3.1416,0.0000,-0.2007,0.6807,-12.5562,0.0056,0.0228,-0.0126,-0.2054,0.6564,-12.4567,0.0052,0.0167,-0.0150,-0.2987,0.9706,-12.2939,0.0377,0.0124,0.0011,-0.5640,1.1531,-12.2093,0.0221,0.0093,0.0162,0.0000,-0.0008,0.0124,0.0270,0.0000,210.0976,0.0000,196.7692,-1.365480,0.511159,0.029909,0.002361,-0.011595,0.887402,0.000000,0.000000,0.000000,0.000000,0.000000,0.000000,-1.366074,0.512756,-0.077778,1.0000,1.0000,1.0000,1.660,4.810,0.340,5.000,3.000,8.000,1.500,0.060,0.110,30333570,1002244837,30331311,221,1000,1505,1502,1505,1000,1000,2008,1505,1505,1105,2008,1625,1256,1000,1000
-0.0119,0.0027,-0.9183,0.0049,-0.0139,2.9099,0.0052,-0.0021,3.1416,0.0000,0.0711,0.3230,-9.3155,-0.0045,0.0076,0.0079,0.0295,0.4443,-9.1569,0.0005,0.0073,0.0036,-0.4400,1.4184,-8.8798,0.0129,-0.0140,0.0128,0.3751,-0.0016,-8.6197,0.0168,-0.0099,0.0056,0.0000,0.0011,0.0149,0.0249,0.0000,204.2171,0.0000,185.9808,-1.365467,0.510985,0.040407,-0.000439,-0.016307,0.870027,0.000000,0.000000,0.000000,0.000000,0.000000,0.000000,-1.366074,0.512756,-0.077778,1.0000,1.0000,1.0000,1.660,4.810,0.340,5.000,3.000,8.000,1.500,0.060,0.110,30344070,1002244837,30343311,221,1000,1505,1502,1505,1000,1000,2008,1505,1505,1105,2008,1625,1256,1000,1000
-0.0128,0.0026,-0.9182,0.0049,-0.0140,2.9100,0.0052,-0.0021,3.1416,0.0000,-0.1268,0.5754,-8.6682,-0.0008,-0.0028,0.0016,-0.1766,0.4659,-8.8958,0.0022,-0.0070,0.0016,-0.7249,0.5876,-10.6036,0.0284,0.0193,-0.0072,-0.0684,0.2408,-10.0994,0.0162,0.0045,-0.0221,0.0000,0.0011,0.0223,0.0249,0.0000,213.5277,0.0000,175.2048,-1.365481,0.510813,0.048291,-0.002418,-0.022139,0.882525,0.000000,0.000000,0.000000,0.000000,0.000000,0.000000,-1.366074,0.512756,-0.077778,1.0000,1.0000,1.0000,1.660,4.810,0.340,5.000,3.000,8.000,1.500,0.060,0.110,30354570,1002244837,30352311,221,1000,1505,1502,1505,1000,1000,2008,1505,1505,1105,2008,1625,1256,1000,1000
-0.0128,0.0022,-0.9183,0.0050,-0.0140,2.9100,0.0052,-0.0021,3.1416,0.0000,0.0849,-0.1598,-10.8397,0.0013,0.0098,-0.0115,0.0510,-0.1404,-10.8602,0.0042,0.0067,-0.0114,-0.0162,-0.5233,-10.9292,0.0055,0.0073,-0.0115,0.2333,-1.2765,-9.9827,0.0008,-0.0104,-0.0242,0.0000,-0.0010,0.0153,0.0265,0.0000,212.1935,0.0000,190.3819,-1.365517,0.510523,0.058895,-0.003878,-0.024341,0.880196,0.000000,0.000000,0.000000,0.000000,0.000000,0.000000,-1.366074,0.512756,-0.077778,1.0000,1.0000,1.0000,1.660,4.810,0.340,5.000,3.000,8.000,1.500,0.060,0.110,30365070,1002244837,30364311,221,1000,1505,1502,1505,1000,1000,2008,1505,1505,1105,2008,1625,1256,1000,1000
-0.0120,0.0024,-0.9184,0.0050,-0.0140,2.9100,0.0052,-0.0021,3.1416,0.0000,-0.0270,-0.2583,-9.6172,0.0009,-0.0036,-0.0056,-0.0600,-0.1966,-9.5200,0.0012,-0.0048,-0.0052,-0.2676,-0.3605,-9.2437,-0.0044,0.0001,0.0045,-0.1833,-0.0429,-9.0417,0.0024,-0.0035,-0.0045,0.0000,0.0005,0.0199,0.0263,0.0000,215.6772,0.0000,184.4693,-1.365560,0.510317,0.066782,-0.005398,-0.021437,0.874229,0.000000,0.000000,0.000000,0.000000,0.000000,0.000000,-1.366074,0.512756,-0.077778,1.0000,1.0000,1.0000,1.660,4.810,0.340,5.000,3.000,8.000,1.500,0.060,0.110,30375570,1002244837,30373311,221,1000,1505,1504,1505,1000,1000,2008,1505,1505,1105,2008,1625,1256,1000,1000
-0.0112,0.0020,-0.9184,0.0050,-0.0140,2.9100,0.0052,-0.0042,3.1416,0.0000,-0.1793,-0.2723,-9.4833,0.0004,0.0062,0.0073,-0.2360,-0.2860,-9.5465,0.0030,0.0008,0.0060,0.2567,-0.2648,-9.5190,-0.0052,0.0169,0.0083,-0.4257,-1.1903,-9.2374,0.0093,0.0317,-0.0003,0.0000,0.0001,0.0160,0.0250,0.0000,206.9711,0.0000,183.6398,-1.365621,0.510076,0.077306,-0.004488,-0.018688,0.879840,0.000000,0.000000,0.000000,0.000000,0.000000,0.000000,-1.366074,0.512756,-0.077778,1.0000,1.0000,1.0000,1.660,4.810,0.340,5.000,3.000,8.000,1.500,0.060,0.110,30386070,1002244837,30385311,221,1000,1505,1504,1505,1000,1000,2008,1505,1505,1105,2008,1625,1256,1000,1000
-0.0104,0.0019,-0.9183,0.0050,-0.0140,2.9101,0.0052,-0.0042,3.1416,0.0000,0.0040,0.0318,-10.2717,-0.0008,0.0030,-0.0012,-0.0164,-0.0344,-10.2294,0.0037,-0.0013,-0.0015,-0.2245,-0.4898,-9.5813,-0.0073,0.0020,-0.0075,0.2225,-0.0770,-9.8300,-0.0051,-0.0024,0.0085,0.0000,0.0006,0.0137,0.0250,0.0000,203.3185,0.0000,187.3618,-1.365663,0.509914,0.085219,-0.005141,-0.017615,0.877619,0.000000,0.000000,0.000000,0.000000,0.000000,0.000000,-1.366074,0.512756,-0.077778,1.0000,1.0000,1.0000,1.660,4.810,0.340,5.000,3.000,8.000,1.500,0.060,0.110,30396570,1002244837,30394311,221,1000,1505,1504,1505,1000,1000,2008,1505,1505,1105,2008,1625,1256,1000,1000
-0.0104,0.0012,-0.9184,0.0050,-0.0140,2.9101,0.0052,-0.0042,3.1416,0.0000,-0.1810,0.2582,-9.6413,-0.0008,0.0018,-0.0131,-0.1977,0.2270,-9.5660,0.0011,-0.0016,-0.0099,0.1921,0.3697,-9.3897,-0.0033,0.0116,-0.0123,-0.3719,0.0038,-9.3326,-0.0224,0.0213,0.0056,0.0000,0.0007,0.0162,0.0264,0.0000,211.0892,0.0000,190.2730,-1.365733,0.509696,0.095728,-0.006191,-0.019302,0.875279,0.000000,0.000000,0.000000,0.000000,0.000000,0.000000,-1.366074,0.512756,-0.077778,1.0000,1.0000,1.0000,1.660,4.810,0.340,5.000,3.000,8.000,1.500,0.060,0.110,30407070,1002244837,30406311,221,1000,1505,1504,1505,1000,1000,2008,1505,1505,1105,2008,1625,1256,1000,1000
-0.0111,0.0008,-0.9185,0.0050,-0.0140,2.9101,0.0052,-0.0042,3.1416,0.0000,-0.0649,0.2920,-9.7907,0.0006,0.0071,-0.0006,-0.0475,0.2615,-9.8014,0.0009,-0.0022,-0.0001,-0.1407,0.5349,-9.7968,-0.0084,-0.0065,0.0013,-0.2031,0.4581,-9.9270,0.0003,-0.0168,0.0152,0.0000,0.0002,0.0139,0.0255,0.0000,205.9289,0.0000,189.2527,-1.365791,0.509509,0.103613,-0.006885,-0.022550,0.876795,0.000000,0.000000,0.000000,0.000000,0.000000,0.000000,-1.366074,0.512756,-0.077778,1.0000,1.0000,1.0000,1.660,4.810,0.340,5.000,3.000,8.000,1.500,0.060,0.110,30417570,1002244837,30415311,221,1000,1505,1504,1505,1000,1000,2008,1505,1505,1105,2008,1625,1256,1000,1000
-0.0118,0.0007,-0.9184,0.0050,-0.0140,2.9102,0.0052,-0.0042,3.1416,0.0000,-0.0009,0.0965,-10.0460,-0.0003,0.0022,0.0060,-0.0849,0.0780,-9.9888,0.0014,-0.0071,0.0043,0.0149,-0.2552,-10.0098,-0.0001,-0.0039,0.0016,-0.4329,0.5174,-10.1173,-0.0024,-0.0216,0.0200,0.0000,0.0003,0.0156,0.0248,0.0000,205.6116,0.0000,183.7999,-1.365887,0.509220,0.114123,-0.009041,-0.025057,0.874221,0.000000,0.000000,0.000000,0.000000,0.000000,0.000000,-1.366074,0.512756,-0.077778,1.0000,1.0000,1.0000,1.660,4.810,0.340,5.000,3.000,8.000,1.500,0.060,0.110,30428070,1002244837,30427311,221,1000,1505,1504,1505,1000,1000,2008,1505,1505,1105,2008,1625,1256,1000,1000
-0.0109,0.0005,-0.9184,0.0050,-0.0140,2.9102,0.0052,-0.0042,3.1416,0.0000,-0.0646,-0.1497,-9.6703,0.0003,0.0043,-0.0057,-0.1229,-0.1647,-9.6652,0.0032,-0.0018,-0.0041,-0.1168,0.2452,-10.0529,0.0041,0.0081,-0.0077,0.6319,0.1457,-9.6343,0.0032,0.0064,-0.0013,0.0000,0.0003,0.0149,0.0259,0.0000,208.4450,0.0000,189.6438,-1.365973,0.508995,0.121985,-0.010012,-0.024830,0.873431,0.000000,0.000000,0.000000,0.000000,0.000000,0.000000,-1.366074,0.512756,-0.077778,1.0000,1.0000,1.0000,1.660,4.810,0.340,5.000,3.000,8.000,1.500,0.060,0.110,30438570,1002244837,30436311,221,1000,1505,1504,1505,1000,1000,2008,1505,1505,1105,2008,1625,1256,1000,1000
-0.0101,0.0004,-0.9185,0.0050,-0.0140,2.9102,0.0052,-0.0042,3.1416,0.0000,-0.0445,-0.1721,-9.8439,-0.0003,0.0036,-0.0090,-0.0576,-0.1644,-9.8141,0.0016,-0.0060,-0.0086,-0.1431,-0.1714,-10.2062,0.0073,0.0079,-0.0056,-0.0558,-0.2961,-9.9575,0.0162,0.0045,-0.0149,0.0000,0.0002,0.0148,0.0264,0.0000,209.9180,0.0000,191.8035,-1.366098,0.508706,0.132471,-0.010839,-0.023103,0.873880,0.000000,0.000000,0.000000,0.000000,0.000000,0.000000,-1.366074,0.512756,-0.077778,1.0000,1.0000,1.0000,1.660,4.810,0.340,5.000,3.000,8.000,1.500,0.060,0.110,30449070,1002244837,30448311,221,1000,1505,1504,1505,1000,1000,2008,1505,1505,1105,2008,1625,1256,1000,1000
-0.0094,0.0001,-0.9186,0.0051,-0.0140,2.9102,0.0052,-0.0042,3.1416,0.0000,-0.1345,0.0125,-9.9135,-0.0012,0.0027,0.0032,-0.1354,0.0081,-9.8635,0.0028,0.0009,0.0023,-0.1527,0.0082,-9.9500,0.0012,0.0156,0.0035,0.0896,-0.3679,-9.8803,0.0096,0.0029,-0.0040,0.0000,0.0006,0.0151,0.0253,0.0000,206.4961,0.0000,187.1295,-1.366198,0.508501,0.140329,-0.011317,-0.022675,0.872227,0.000000,0.000000,0.000000,0.000000,0.000000,0.000000,-1.366074,0.512756,-0.077778,1.0000,1.0000,1.0000,1.660,4.810,0.340,5.000,3.000,8.000,1.500,0.060,0.110,30459570,1002244837,30457311,221,1000,1505,1504,1505,1000,1000,2008,1505,1505,1105,2008,1625,1256,1000,1000
-0.0094,-0.0007,-0.9185,0.0051,-0.0140,2.9103,0.0052,-0.0042,3.1416,0.0000,-0.0927,0.1408,-9.7491,-0.0003,0.0031,0.0025,-0.1017,0.1018,-9.7281,0.0032,-0.0013,0.0032,0.5847,0.2380,-10.1104,0.0020,0.0143,-0.0035,-0.2947,-0.7755,-9.9827,0.0008,0.0176,-0.0091,0.0000,0.0006,0.0144,0.0249,0.0000,204.2799,0.0000,186.2451,-1.366337,0.508223,0.150791,-0.012095,-0.024013,0.871774,0.000000,0.000000,0.000000,0.000000,0.000000,0.000000,-1.366074,0.512756,-0.077778,1.0000,1.0000,1.0000,1.660,4.810,0.340,5.000,3.000,8.000,1.500,0.060,0.110,30470070,1002244837,30469311,221,1000,1505,1504,1505,1000,1000,2008,1505,1505,1105,2008,1625,1256,1000,1000
-0.0099,-0.0013,-0.9185,0.0051,-0.0140,2.9103,0.0052,-0.0042,3.1416,0.0000,-0.0480,0.1711,-9.9140,0.0010,0.0036,-0.0082,-0.0736,0.1483,-9.8806,0.0027,0.0004,-0.0053,-0.1168,-0.1091,-10.0936,0.0015,0.0065,-0.0104,-0.0594,-0.5618,-9.8821,0.0154,0.0040,-0.0248,0.0000,-0.0001,0.0149,0.0260,0.0000,208.9807,0.0000,189.4999,-1.366450,0.508000,0.158634,-0.013013,-0.025400,0.871123,0.000000,0.000000,0.000000,0.000000,0.000000,0.000000,-1.366074,0.512756,-0.077778,1.0000,1.0000,1.0000,1.660,4.810,0.340,5.000,3.000,8.000,1.500,0.060,0.110,30480570,1002244837,30478311,221,1000,1505,1504,1505,1000,1000,2008,1505,1505,1105,2008,1625,1256,1000,1000
-0.0102,-0.0019,-0.9186,0.0051,-0.0140,2.9103,0.0052,-0.0042,3.1416,0.0000,-0.0460,0.1168,-9.8482,0.0007,0.0048,-0.0050,-0.0487,0.0820,-9.7284,0.0020,0.0014,-0.0060,0.1753,-0.2935,-9.5885,-0.0121,0.0108,0.0021,-0.6502,-0.3535,-9.4098,0.0056,0.0088,-0.0202,0.0000,0.0002,0.0148,0.0262,0.0000,209.3303,0.0000,190.9494,-1.366615,0.507685,0.169076,-0.014595,-0.026974,0.869460,0.000000,0.000000,0.000000,0.000000,0.000000,0.000000,-1.366074,0.512756,-0.077778,1.0000,1.0000,1.0000,1.660,4.810,0.340,5.000,3.000,8.000,1.500,0.060,0.110,30491070,1002244837,30490311,221,1000,1505,1504,1505,1000,1000,2008,1505,1505,1105,2008,1625,1256,1000,1000
-0.0098,-0.0024,-0.9186,0.0051,-0.0140,2.9104,0.0052,-0.0042,3.1416,0.0000,-0.0478,0.0394,-9.8466,-0.0005,0.0022,0.0069,-0.0452,0.0095,-9.7912,0.0020,-0.0010,0.0074,0.0413,-0.1594,-9.5909,-0.0116,0.0079,0.0077,0.4416,-0.2440,-9.4457,0.0162,0.0083,-0.0021,0.0000,0.0007,0.0154,0.0251,0.0000,206.1365,0.0000,185.8115,-1.366752,0.507438,0.176901,-0.015716,-0.027850,0.869317,0.000000,0.000000,0.000000,0.000000,0.000000,0.000000,-1.366074,0.512756,-0.077778,1.0000,1.0000,1.0000,1.660,4.810,0.340,5.000,3.000,8.000,1.500,0.060,0.110,30501570,1002244837,30499311,221,1000,1505,1504,1505,1000,1000,2008,1505,1505,1105,2008,1625,1256,1000,1000
-0.0090,-0.0026,-0.9185,0.0051,-0.0140,2.9105,0.0052,-0.0042,3.1416,0.0000,-0.0636,-0.1078,-9.9186,-0.0005,0.0023,0.0005,-0.0394,-0.0297,-9.9278,0.0010,-0.0057,-0.0004,0.3621,0.2045,-9.3562,-0.0089,0.0135,-0.0005,-0.5981,-0.2817,-9.2985,-0.0005,0.0144,-0.0080,0.0000,0.0008,0.0150,0.0248,0.0000,204.2076,0.0000,184.8015,-1.366946,0.507105,0.187326,-0.016542,-0.027409,0.868055,0.000000,0.000000,0.000000,0.000000,0.000000,0.000000,-1.366074,0.512756,-0.077778,1.0000,1.0000,1.0000,1.660,4.810,0.340,5.000,3.000,8.000,1.500,0.060,0.110,30512070,1002244837,30511311,221,1000,1505,1504,1505,1000,1000,2008,1505,1505,1105,2008,1625,1256,1000,1000
-0.0082,-0.0028,-0.9186,0.0051,-0.0140,2.9105,0.0052,-0.0042,3.1416,0.0000,-0.0617,-0.0368,-9.7796,-0.0016,0.0033,-0.0098,-0.0480,-0.0152,-9.7290,0.0047,0.0053,-0.0118,-0.1168,-0.0541,-9.6531,0.0020,0.0047,-0.0123,-0.4814,0.4186,-9.3955,-0.0123,-0.0021,0.0043,0.0000,0.0008,0.0152,0.0264,0.0000,209.8926,0.0000,191.9069,-1.367098,0.506861,0.195136,-0.017206,-0.027046,0.867678,0.000000,0.000000,0.000000,0.000000,0.000000,0.000000,-1.366074,0.512756,-0.077778,1.0000,1.0000,1.0000,1.660,4.810,0.340,5.000,3.000,8.000,1.500,0.060,0.110,30522570,1002244837,30520311,221,1000,1505,1504,1505,1000,1000,2008,1505,1505,1105,2008,1625,1256,1000,1000
-0.0079,-0.0034,-0.9187,0.0051,-0.0140,2.9105,0.0052,-0.0042,3.1416,0.0000,-0.0774,0.0834,-9.8603,-0.0001,0.0041,-0.0019,-0.1057,0.1184,-9.8229,0.0026,-0.0048,-0.0029,-0.3849,0.2284,-9.7034,0.0065,-0.0001,0.0011,-0.3683,-0.0339,-9.3667,0.0008,0.0146,0.0013,0.0000,0.0002,0.0150,0.0257,0.0000,207.8126,0.0000,188.5133,-1.367309,0.506534,0.205547,-0.018052,-0.027692,0.867200,0.000000,0.000000,0.000000,0.000000,0.000000,0.000000,-1.366074,0.512756,-0.077778,1.0000,1.0000,1.0000,1.660,4.810,0.340,5.000,3.000,8.000,1.500,0.060,0.110,30533070,1002244837,30532311,221,1000,1505,1504,1505,1000,1000,2008,1505,1505,1105,2008,1625,1256,1000,1000
-0.0082,-0.0040,-0.9187,0.0031,-0.0149,2.9159,0.0052,-0.0042,3.1416,0.0000,-0.1142,0.1286,-9.8788,-0.0022,0.0065,0.0058,-0.0991,0.0981,-9.8005,0.0013,-0.0016,0.0051,0.1682,-0.0469,-9.5454,0.0095,-0.0103,0.0048,0.2261,-0.1273,-9.4691,0.0075,-0.0290,-0.0027,0.0000,0.0042,0.0154,0.0243,0.0000,199.7494,0.0000,185.6288,-1.366953,0.509642,0.068450,-0.017665,-0.015868,0.536424,0.000000,0.000000,0.000000,0.000000,0.000000,0.000000,-1.366296,0.511407,-0.076404,1.0000,1.0000,1.0000,1.660,4.810,0.340,5.000,3.000,8.000,1.500,0.060,0.110,30543115,1002377194,30541356,222,1000,1505,1504,1505,1000,1000,2008,1505,1505,1105,2008,1625,1256,1000,1000
-0.0086,-0.0047,-0.9186,0.0031,-0.0149,2.9160,0.0052,-0.0042,3.1416,0.0000,-0.0783,0.0986,-9.7711,-0.0021,0.0049,-0.0017,-0.1168,0.0507,-9.7217,0.0026,0.0021,0.0004,-0.0042,-0.1115,-9.6866,0.0105,-0.0060,-0.0120,-0.2623,-0.5313,-9.9252,0.0205,-0.0024,-0.0011,0.0000,0.0043,0.0161,0.0248,0.0000,202.5751,0.0000,187.3273,-1.367170,0.509443,0.074883,-0.018578,-0.017249,0.535921,0.000000,0.000000,0.000000,0.000000,0.000000,0.000000,-1.366296,0.511407,-0.076404,1.0000,1.0000,1.0000,1.660,4.810,0.340,5.000,3.000,8.000,1.500,0.060,0.110,30553615,1002377194,30553356,222,1000,1505,1504,1505,1000,1000,2008,1505,1505,1105,2008,1625,1256,1000,1000
-0.0079,-0.0049,-0.9187,0.0031,-0.0149,2.9160,0.0052,-0.0042,3.1416,0.0000,0.0074,-0.0105,-9.8579,-0.0005,0.0036,-0.0114,-0.0422,0.0020,-9.8130,0.0055,0.0036,-0.0101,-0.1096,-0.0230,-9.8758,0.0028,-0.0047,-0.0091,-0.3952,-0.0106,-10.3400,-0.0011,-0.0117,-0.0165,0.0000,0.0038,0.0165,0.0259,0.0000,207.2465,0.0000,191.1022,-1.367341,0.509287,0.079704,-0.019467,-0.017356,0.535256,0.000000,0.000000,0.000000,0.000000,0.000000,0.000000,-1.366296,0.511407,-0.076404,1.0000,1.0000,1.0000,1.660,4.810,0.340,5.000,3.000,8.000,1.500,0.060,0.110,30564115,1002377194,30562356,222,1000,1505,1504,1505,1000,1000,2008,1505,1505,1105,2008,1625,1256,1000,1000
-0.0072,-0.0045,-0.9188,0.0031,-0.0149,2.9160,0.0052,-0.0042,3.1416,0.0000,-0.0252,-0.0049,-9.7974,0.0004,0.0037,0.0012,-0.0317,0.0003,-9.7684,0.0025,0.0007,-0.0014,0.3094,-0.0565,-9.9572,-0.0039,-0.0084,0.0043,-0.3467,-0.5708,-10.0904,0.0080,-0.0141,-0.0059,0.0000,0.0038,0.0167,0.0250,0.0000,204.3396,0.0000,186.6066,-1.367586,0.509081,0.086121,-0.021137,-0.016928,0.534328,0.000000,0.000000,0.000000,0.000000,0.000000,0.000000,-1.366296,0.511407,-0.076404,1.0000,1.0000,1.0000,1.660,4.810,0.340,5.000,3.000,8.000,1.500,0.060,0.110,30574615,1002377194,30574356,222,1000,1505,1504,1505,1000,1000,2008,1505,1505,1105,2008,1625,1256,1000,1000
-0.0064,-0.0045,-0.9187,0.0031,-0.0149,2.9161,0.0052,-0.0042,3.1416,0.0000,-0.0914,0.0067,-9.8077,0.0003,0.0050,0.0051,-0.1204,0.0225,-9.8508,0.0037,0.0036,0.0065,0.0221,0.1159,-10.0458,0.0007,0.0025,0.0024,0.2620,-0.0357,-9.8965,-0.0051,0.0056,0.0125,0.0000,0.0038,0.0163,0.0243,0.0000,201.3988,0.0000,184.0776,-1.367780,0.508929,0.090932,-0.021979,-0.016733,0.533623,0.000000,0.000000,0.000000,0.000000,0.000000,0.000000,-1.366296,0.511407,-0.076404,1.0000,1.0000,1.0000,1.660,4.810,0.340,5.000,3.000,8.000,1.500,0.060,0.110,30585115,1002377194,30583367,222,1000,1505,1504,1505,1000,1000,2008,1505,1505,1105,2008,1625,1256,1000,1000
-0.0057,-0.0049,-0.9187,0.0031,-0.0149,2.9161,0.0052,-0.0042,3.1416,0.0000,-0.0871,0.0283,-9.8309,-0.0006,0.0016,-0.0035,-0.0848,0.0417,-9.8790,0.0006,-0.0002,-0.0029,0.1777,0.0465,-9.8399,0.0015,0.0063,-0.0104,0.0447,0.1977,-9.6325,0.0152,0.0138,-0.0003,0.0000,0.0034,0.0169,0.0248,0.0000,204.3280,0.0000,185.2938,-1.368049,0.508728,0.097325,-0.022820,-0.016894,0.532792,0.000000,0.000000,0.000000,0.000000,0.000000,0.000000,-1.366296,0.511407,-0.076404,1.0000,1.0000,1.0000,1.660,4.810,0.340,5.000,3.000,8.000,1.500,0.060,0.110,30595615,1002377194,30595356,222,1000,1505,1504,1505,1000,1000,2008,1505,1505,1105,2008,1625,1256,1000,1000
-0.0056,-0.0054,-0.9188,0.0032,-0.0149,2.9161,0.0052,-0.0042,3.1416,0.0000,-0.0704,0.0831,-9.8622,-0.0000,0.0043,-0.0109,-0.1109,0.0504,-9.8749,0.0016,0.0021,-0.0104,0.0963,-0.3605,-9.5358,0.0068,0.0057,-0.0067,0.3787,-0.4721,-9.5948,0.0184,-0.0045,-0.0157,0.0000,0.0035,0.0162,0.0258,0.0000,206.7443,0.0000,190.7405,-1.368258,0.508574,0.102117,-0.023630,-0.017340,0.532020,0.000000,0.000000,0.000000,0.000000,0.000000,0.000000,-1.366296,0.511407,-0.076404,1.0000,1.0000,1.0000,1.660,4.810,0.340,5.000,3.000,8.000,1.500,0.060,0.110,30606115,1002377194,30604356,222,1000,1505,1504,1505,1000,1000,2008,1505,1505,1105,2008,1625,1256,1000,1000
-0.0058,-0.0052,-0.9189,0.0032,-0.0149,2.9161,0.0052,-0.0042,3.1416,0.0000,-0.0779,0.0496,-9.8813,-0.0001,0.0053,0.0009,-0.0935,0.1164,-9.8155,0.0020,-0.0004,0.0003,0.2879,0.3098,-9.8494,-0.0007,0.0076,0.0059,0.3823,0.1115,-9.3524,-0.0048,0.0152,0.0019,0.0000,0.0033,0.0159,0.0251,0.0000,203.9789,0.0000,187.6711,-1.368549,0.508362,0.108494,-0.024952,-0.018049,0.530778,0.000000,0.000000,0.000000,0.000000,0.000000,0.000000,-1.366296,0.511407,-0.076404,1.0000,1.0000,1.0000,1.660,4.810,0.340,5.000,3.000,8.000,1.500,0.060,0.110,30616615,1002377194,30616356,222,1000,1505,1504,1505,1000,1000,2008,1505,1505,1105,2008,1625,1256,1000,1000
-0.0060,-0.0057,-0.9188,0.0032,-0.0148,2.9162,0.0052,-0.0042,3.1416,0.0000,-0.0796,0.0436,-9.8513,-0.0005,0.0032,0.0063,-0.0623,-0.0008,-9.8431,0.0025,0.0015,0.0065,0.2831,-0.2289,-9.4017,-0.0055,0.0129,0.0003,-0.1690,0.2588,-9.3865,-0.0027,0.0099,0.0005,0.0000,0.0034,0.0162,0.0243,0.0000,201.7314,0.0000,184.0445,-1.368778,0.508197,0.113268,-0.025826,-0.018600,0.530001,0.000000,0.000000,0.000000,0.000000,0.000000,0.000000,-1.366296,0.511407,-0.076404,1.0000,1.0000,1.0000,1.660,4.810,0.340,5.000,3.000,8.000,1.500,0.060,0.110,30627115,1002377194,30625357,222,1000,1505,1504,1505,1000,1000,2008,1505,1505,1105,2008,1625,1256,1000,1000
-0.0054,-0.0059,-0.9188,0.0004,-0.0155,2.9193,0.0052,-0.0042,3.1416,0.0000,-0.0729,0.0291,-9.8705,0.0008,0.0039,-0.0063,-0.0544,0.0003,-9.7777,0.0019,-0.0025,-0.0062,-0.2317,-0.0469,-9.7776,-0.0057,0.0023,-0.0155,-0.1923,-0.1273,-9.3542,-0.0053,0.0019,-0.0221,0.0000,0.0077,0.0175,0.0251,0.0000,201.8036,0.0000,190.0910,-1.368783,0.512121,0.032194,-0.025679,-0.002331,0.325941,0.000000,0.000000,0.000000,0.000000,0.000000,0.000000,-1.368507,0.514911,-0.077768,1.0000,1.0000,1.0000,1.660,4.810,0.340,5.000,3.000,8.000,1.500,0.060,0.110,30637665,1002511138,30637356,223,1000,1505,1504,1505,1000,1000,2008,1505,1505,1105,2008,1625,1256,1000,1000
-0.0047,-0.0059,-0.9189,0.0004,-0.0155,2.9192,0.0052,-0.0042,3.1416,0.0000,-0.0397,0.0403,-9.8306,0.0003,0.0041,-0.0084,-0.0426,0.0015,-9.8829,0.0078,0.0033,-0.0119,0.1562,-0.2504,-9.7944,-0.0065,-0.0023,-0.0008,0.2423,-0.0159,-9.5032,-0.0080,-0.0077,0.0117,0.0000,0.0080,0.0175,0.0254,0.0000,202.5103,0.0000,191.6203,-1.369019,0.512102,0.035141,-0.026422,-0.002084,0.325352,0.000000,0.000000,0.000000,0.000000,0.000000,0.000000,-1.368507,0.514911,-0.077768,1.0000,1.0000,1.0000,1.660,4.810,0.340,5.000,3.000,8.000,1.500,0.060,0.110,30648165,1002511138,30646406,223,1000,1505,1504,1505,1000,1000,2008,1505,1505,1105,2008,1625,1256,1000,1000
-0.0046,-0.0057,-0.9190,0.0004,-0.0155,2.9193,0.0052,-0.0042,3.1416,0.0000,-0.0847,0.0640,-9.8118,-0.0015,0.0037,0.0025,-0.1339,0.0952,-9.8691,0.0022,-0.0029,0.0030,0.0053,-0.1690,-9.6914,0.0001,-0.0055,0.0056,-0.0127,0.5102,-10.1335,-0.0064,0.0032,0.0192,0.0000,0.0085,0.0176,0.0243,0.0000,198.3202,0.0000,187.0476,-1.369344,0.512077,0.039039,-0.027665,-0.002042,0.324322,0.000000,0.000000,0.000000,0.000000,0.000000,0.000000,-1.368507,0.514911,-0.077768,1.0000,1.0000,1.0000,1.660,4.810,0.340,5.000,3.000,8.000,1.500,0.060,0.110,30658665,1002511138,30658406,223,1000,1505,1504,1505,1000,1000,2008,1505,1505,1105,2008,1625,1256,1000,1000
-0.0045,-0.0063,-0.9189,0.0004,-0.0156,2.9194,0.0052,-0.0042,3.1416,0.0000,-0.0863,0.0324,-9.8639,0.0002,0.0039,0.0008,-0.0519,0.0766,-9.8220,0.0024,-0.0008,0.0029,-0.1622,-0.0996,-9.7154,0.0041,-0.0028,-0.0056,0.2189,0.5300,-9.6630,0.0029,0.0112,-0.0208,0.0000,0.0077,0.0178,0.0242,0.0000,199.3586,0.0000,185.8162,-1.369596,0.512059,0.041955,-0.028347,-0.002111,0.323669,0.000000,0.000000,0.000000,0.000000,0.000000,0.000000,-1.368507,0.514911,-0.077768,1.0000,1.0000,1.0000,1.660,4.810,0.340,5.000,3.000,8.000,1.500,0.060,0.110,30669165,1002511138,30667406,223,1000,1505,1504,1505,1000,1000,2008,1505,1505,1105,2008,1625,1256,1000,1000
-0.0046,-0.0063,-0.9190,0.0004,-0.0156,2.9194,0.0052,-0.0042,3.1416,0.0000,-0.0267,0.0474,-9.8365,-0.0000,0.0037,-0.0085,-0.0692,0.0496,-9.8004,0.0036,0.0007,-0.0124,-0.3514,0.4487,-9.6914,0.0009,-0.0028,-0.0005,-0.3539,0.3181,-9.7815,0.0045,0.0088,-0.0003,0.0000,0.0076,0.0176,0.0253,0.0000,202.9720,0.0000,190.8796,-1.369942,0.512033,0.045831,-0.029459,-0.002231,0.322475,0.000000,0.000000,0.000000,0.000000,0.000000,0.000000,-1.368507,0.514911,-0.077768,1.0000,1.0000,1.0000,1.660,4.810,0.340,5.000,3.000,8.000,1.500,0.060,0.110,30679665,1002511138,30679406,223,1000,1505,1504,1505,1000,1000,2008,1505,1505,1105,2008,1625,1256,1000,1000
-0.0051,-0.0058,-0.9190,0.0004,-0.0156,2.9194,0.0052,-0.0042,3.1416,0.0000,-0.0094,0.0555,-9.8221,-0.0007,0.0023,0.0044,-0.0405,0.0685,-9.8059,0.0012,-0.0049,0.0052,-0.4256,0.3865,-10.1750,0.0047,-0.0007,0.0045,-0.5461,0.5659,-10.1335,0.0136,-0.0069,-0.0178,0.0000,0.0078,0.0178,0.0243,0.0000,199.4360,0.0000,186.1097,-1.370212,0.512011,0.048730,-0.030546,-0.002428,0.321685,0.000000,0.000000,0.000000,0.000000,0.000000,0.000000,-1.368507,0.514911,-0.077768,1.0000,1.0000,1.0000,1.660,4.810,0.340,5.000,3.000,8.000,1.500,0.060,0.110,30690165,1002511138,30688406,223,1000,1505,1504,1505,1000,1000,2008,1505,1505,1105,2008,1625,1256,1000,1000
-0.0046,-0.0060,-0.9190,0.0005,-0.0156,2.9195,0.0052,-0.0042,3.1416,0.0000,-0.0777,-0.0127,-9.8203,0.0000,0.0049,-0.0015,-0.0505,-0.0110,-9.8458,0.0035,0.0019,-0.0022,-0.1335,0.3410,-10.0362,0.0079,-0.0055,-0.0032,0.0753,0.3306,-10.1730,-0.0008,0.0011,0.0021,0.0000,0.0078,0.0175,0.0242,0.0000,198.6775,0.0000,186.0643,-1.370586,0.511983,0.052583,-0.031545,-0.002248,0.320571,0.000000,0.000000,0.000000,0.000000,0.000000,0.000000,-1.368507,0.514911,-0.077768,1.0000,1.0000,1.0000,1.660,4.810,0.340,5.000,3.000,8.000,1.500,0.060,0.110,30700665,1002511138,30700406,223,1000,1505,1504,1505,1000,1000,2008,1505,1505,1105,2008,1625,1256,1000,1000
-0.0040,-0.0064,-0.9190,0.0005,-0.0156,2.9195,0.0052,-0.0042,3.1416,0.0000,-0.1041,0.0157,-9.8314,-0.0003,0.0040,-0.0068,-0.0994,0.0423,-9.7940,0.0032,-0.0010,-0.0076,0.1921,0.2452,-9.7728,0.0041,0.0041,-0.0048,0.1704,0.6449,-9.6379,-0.0154,0.0075,-0.0005,0.0000,0.0079,0.0176,0.0250,0.0000,201.4261,0.0000,189.6127,-1.370872,0.511963,0.055464,-0.032125,-0.002082,0.319763,0.000000,0.000000,0.000000,0.000000,0.000000,0.000000,-1.368507,0.514911,-0.077768,1.0000,1.0000,1.0000,1.660,4.810,0.340,5.000,3.000,8.000,1.500,0.060,0.110,30711165,1002511138,30709406,223,1000,1505,1504,1505,1000,1000,2008,1505,1505,1105,2008,1625,1256,1000,1000
-0.0035,-0.0064,-0.9191,0.0005,-0.0155,2.9195,0.0052,-0.0042,3.1416,0.0000,-0.0353,0.0228,-9.8600,-0.0004,0.0045,-0.0048,-0.0159,0.0865,-9.7586,0.0013,-0.0041,-0.0037,-0.0856,0.1183,-9.7944,-0.0047,0.0004,-0.0019,-0.2857,0.1564,-10.1407,0.0053,0.0053,-0.0290,0.0000,0.0080,0.0174,0.0251,0.0000,201.4553,0.0000,190.3665,-1.371264,0.511939,0.059295,-0.033208,-0.001974,0.318593,0.000000,0.000000,0.000000,0.000000,0.000000,0.000000,-1.368507,0.514911,-0.077768,1.0000,1.0000,1.0000,1.660,4.810,0.340,5.000,3.000,8.000,1.500,0.060,0.110,30721665,1002511138,30721406,223,1000,1505,1504,1505,1000,1000,2008,1505,1505,1105,2008,1625,1256,1000,1000
-0.0037,-0.0057,-0.9191,0.0005,-0.0155,2.9195,0.0052,-0.0042,3.1416,0.0000,-0.0452,0.0312,-9.8645,-0.0003,0.0038,0.0016,-0.0865,0.0471,-9.7850,0.0030,0.0033,0.0015,-0.2580,-0.0541,-10.0170,-0.0015,0.0025,0.0019,0.4003,0.3181,-9.7672,0.0109,-0.0016,0.0067,0.0000,0.0081,0.0176,0.0244,0.0000,199.2466,0.0000,187.2812,-1.371567,0.511921,0.062157,-0.034249,-0.002015,0.317479,0.000000,0.000000,0.000000,0.000000,0.000000,0.000000,-1.368507,0.514911,-0.077768,1.0000,1.0000,1.0000,1.660,4.810,0.340,5.000,3.000,8.000,1.500,0.060,0.110,30732165,1002511138,30730406,223,1000,1505,1504,1505,1000,1000,2008,1505,1505,1105,2008,1625,1256,1000,1000
-0.0035,-0.0060,-0.9191,0.0005,-0.0155,2.9196,0.0052,-0.0042,3.1416,0.0000,-0.0794,0.0168,-9.8239,-0.0001,0.0029,-0.0025,-0.1200,0.0326,-9.8901,0.0047,-0.0035,-0.0009,-0.1072,0.0393,-9.9356,-0.0057,0.0055,-0.0037,-0.2534,0.3899,-10.0401,0.0016,0.0045,-0.0138,0.0000,0.0079,0.0178,0.0247,0.0000,200.6645,0.0000,187.9109,-1.371985,0.511897,0.065959,-0.035294,-0.001940,0.316215,0.000000,0.000000,0.000000,0.000000,0.000000,0.000000,-1.368507,0.514911,-0.077768,1.0000,1.0000,1.0000,1.660,4.810,0.340,5.000,3.000,8.000,1.500,0.060,0.110,30742665,1002511138,30742406,223,1000,1505,1504,1505,1000,1000,2008,1505,1505,1105,2008,1625,1256,1000,1000
-0.0041,-0.0061,-0.9191,0.0005,-0.0156,2.9196,0.0052,-0.0042,3.1416,0.0000,-0.0500,0.0847,-9.8559,0.0001,0.0022,-0.0022,-0.0674,0.0972,-9.7640,0.0025,-0.0008,-0.0015,-0.4065,-0.0517,-9.5166,-0.0036,0.0073,-0.0043,0.1130,0.3827,-9.6038,0.0157,-0.0056,0.0061,0.0000,0.0078,0.0182,0.0247,0.0000,201.1124,0.0000,187.3315,-1.372306,0.511879,0.068801,-0.036129,-0.002198,0.315390,0.000000,0.000000,0.000000,0.000000,0.000000,0.000000,-1.368507,0.514911,-0.077768,1.0000,1.0000,1.0000,1.660,4.810,0.340,5.000,3.000,8.000,1.500,0.060,0.110,30753165,1002511138,30751406,223,1000,1505,1504,1505,1000,1000,2008,1505,1505,1105,2008,1625,1256,1000,1000
-0.0044,-0.0062,-0.9191,0.0005,-0.0156,2.9197,0.0052,-0.0042,3.1416,0.0000,-0.0551,0.0214,-9.8102,-0.0003,0.0038,-0.0001,-0.0803,0.0649,-9.7780,0.0016,-0.0022,-0.0012,-0.1886,0.0656,-9.7824,-0.0004,-0.0009,0.0003,-0.0828,0.3540,-9.8121,0.0053,0.0085,-0.0056,0.0000,0.0080,0.0176,0.0244,0.0000,199.2730,0.0000,187.2258,-1.372746,0.511851,0.072581,-0.037262,-0.002337,0.314658,0.000000,0.000000,0.000000,0.000000,0.000000,0.000000,-1.368507,0.514911,-0.077768,1.0000,1.0000,1.0000,1.660,4.810,0.340,5.000,3.000,8.000,1.500,0.060,0.110,30763665,1002511138,30763407,223,1000,1505,1504,1505,1000,1000,2008,1505,1505,1105,2008,1625,1256,1000,1000
-0.0036,-0.0063,-0.9191,-0.0013,-0.0141,2.9230,0.0052,-0.0042,3.1416,0.0000,-0.0757,0.0157,-9.8462,-0.0003,0.0033,-0.0004,-0.0885,-0.0419,-9.8886,0.0020,0.0001,-0.0002,-0.4639,0.2380,-9.8494,0.0020,0.0055,-0.0040,0.4470,-0.0267,-9.8552,0.0040,0.0104,-0.0128,0.0000,0.0109,0.0153,0.0241,0.0000,192.1560,0.0000,191.8638,-1.370087,0.513762,0.006883,-0.026283,0.005640,0.153931,0.000000,0.000000,0.000000,0.000000,0.000000,0.000000,-1.368215,0.514722,-0.076465,1.0000,1.0000,1.0000,1.660,4.810,0.340,5.000,3.000,8.000,1.500,0.060,0.110,30773710,1002645120,30772451,224,1000,1505,1504,1505,1000,1000,2008,1505,1505,1105,2008,1625,1256,1000,1000
-0.0029,-0.0062,-0.9192,-0.0013,-0.0141,2.9230,0.0052,-0.0042,3.1416,0.0000,-0.0470,0.0176,-9.8597,0.0002,0.0038,-0.0033,-0.1064,0.0393,-9.7826,0.0023,-0.0002,-0.0032,0.2352,-0.0541,-9.9691,0.0044,0.0023,-0.0003,0.4093,0.2642,-9.7223,0.0072,0.0051,-0.0088,0.0000,0.0108,0.0152,0.0243,0.0000,192.9424,0.0000,193.1901,-1.370327,0.513815,0.008264,-0.026876,0.006019,0.152934,0.000000,0.000000,0.000000,0.000000,0.000000,0.000000,-1.368215,0.514722,-0.076465,1.0000,1.0000,1.0000,1.660,4.810,0.340,5.000,3.000,8.000,1.500,0.060,0.110,30784210,1002645120,30781451,224,1000,1505,1504,1505,1000,1000,2008,1505,1505,1105,2008,1625,1256,1000,1000
-0.0031,-0.0064,-0.9192,-0.0013,-0.0141,2.9231,0.0052,-0.0042,3.1416,0.0000,-0.0794,0.0338,-9.8512,-0.0004,0.0037,-0.0038,-0.0744,0.0684,-9.7669,0.0025,-0.0009,-0.0023,0.0053,0.3482,-9.7441,-0.0004,0.0060,-0.0075,-0.7705,-0.3428,-9.5876,0.0117,-0.0109,-0.0067,0.0000,0.0107,0.0155,0.0244,0.0000,193.8320,0.0000,192.8880,-1.370655,0.513888,0.010092,-0.027754,0.006240,0.151647,0.000000,0.000000,0.000000,0.000000,0.000000,0.000000,-1.368215,0.514722,-0.076465,1.0000,1.0000,1.0000,1.660,4.810,0.340,5.000,3.000,8.000,1.500,0.060,0.110,30794710,1002645120,30793452,224,1000,1505,1504,1505,1000,1000,2008,1505,1505,1105,2008,1625,1256,1000,1000
-0.0038,-0.0062,-0.9192,-0.0013,-0.0141,2.9231,0.0052,-0.0042,3.1416,0.0000,-0.0182,0.0750,-9.8197,-0.0009,0.0041,-0.0045,-0.0557,0.0382,-9.8269,0.0002,-0.0012,-0.0069,-0.0138,0.0297,-9.9045,-0.0009,0.0017,-0.0003,0.1579,-0.1847,-9.8282,0.0008,0.0067,-0.0003,0.0000,0.0112,0.0149,0.0245,0.0000,192.8230,0.0000,194.7286,-1.370907,0.513944,0.011452,-0.028535,0.006113,0.150796,0.000000,0.000000,0.000000,0.000000,0.000000,0.000000,-1.368215,0.514722,-0.076465,1.0000,1.0000,1.0000,1.660,4.810,0.340,5.000,3.000,8.000,1.500,0.060,0.110,30805210,1002645120,30802451,224,1000,1505,1504,1505,1000,1000,2008,1505,1505,1105,2008,1625,1256,1000,1000
-0.0043,-0.0056,-0.9193,-0.0012,-0.0141,2.9231,0.0052,-0.0042,3.1416,0.0000,-0.0542,0.0454,-9.8493,0.0003,0.0030,-0.0019,-0.0733,0.0662,-9.7958,0.0030,-0.0003,-0.0010,-0.2101,0.0154,-9.9620,-0.0012,0.0031,-0.0035,-0.0774,-0.1470,-9.9880,0.0019,-0.0056,-0.0096,0.0000,0.0109,0.0156,0.0242,0.0000,193.1383,0.0000,192.3149,-1.371259,0.514017,0.013260,-0.029755,0.006093,0.149720,0.000000,0.000000,0.000000,0.000000,0.000000,0.000000,-1.368215,0.514722,-0.076465,1.0000,1.0000,1.0000,1.660,4.810,0.340,5.000,3.000,8.000,1.500,0.060,0.110,30815240,1002645120,30814481,224,1000,1505,1504,1505,1000,1000,2008,1505,1505,1105,2008,1625,1256,1000,1000
-0.0042,-0.0059,-0.9193,-0.0012,-0.0141,2.9231,0.0052,-0.0042,3.1416,0.0000,-0.0860,0.0403,-9.8102,0.0001,0.0026,-0.0058,-0.0858,0.0046,-9.8202,0.0028,-0.0038,-0.0024,-0.3346,0.0608,-9.8351,-0.0012,0.0095,-0.0043,0.1974,0.4420,-9.9988,0.0032,0.0000,-0.0069,0.0000,0.0109,0.0150,0.0245,0.0000,193.2584,0.0000,194.3112,-1.371529,0.514073,0.014603,-0.030381,0.006205,0.148847,0.000000,0.000000,0.000000,0.000000,0.000000,0.000000,-1.368215,0.514722,-0.076465,1.0000,1.0000,1.0000,1.660,4.810,0.340,5.000,3.000,8.000,1.500,0.060,0.110,30825740,1002645120,30823481,224,1000,1505,1504,1505,1000,1000,2008,1505,1505,1105,2008,1625,1256,1000,1000
-0.0043,-0.0066,-0.9194,-0.0012,-0.0141,2.9231,0.0052,-0.0042,3.1416,0.0000,-0.0700,0.0454,-9.8246,-0.0009,0.0027,-0.0026,-0.1094,0.0939,-9.8348,0.0006,-0.0005,-0.0046,0.1107,0.2452,-10.1367,0.0028,0.0071,0.0019,-0.0558,0.1726,-9.8552,0.0075,-0.0130,0.0162,0.0000,0.0108,0.0152,0.0244,0.0000,193.3978,0.0000,193.5863,-1.371883,0.514144,0.016313,-0.030976,0.006166,0.147845,0.000000,0.000000,0.000000,0.000000,0.000000,0.000000,-1.368215,0.514722,-0.076465,1.0000,1.0000,1.0000,1.660,4.810,0.340,5.000,3.000,8.000,1.500,0.060,0.110,30835767,1002645120,30835008,224,1000,1505,1504,1505,1000,1000,2008,1505,1505,1105,2008,1625,1256,1000,1000
-0.0044,-0.0064,-0.9193,-0.0012,-0.0141,2.9232,0.0052,-0.0042,3.1416,0.0000,-0.0683,0.0185,-9.8913,-0.0011,0.0022,0.0042,-0.0631,0.0293,-9.8603,0.0047,-0.0025,0.0065,-0.1766,0.1877,-9.6244,0.0012,0.0044,0.0045,0.2333,0.4725,-9.4601,-0.0043,-0.0115,0.0037,0.0000,0.0111,0.0150,0.0239,0.0000,190.8495,0.0000,191.5828,-1.372165,0.514200,0.017639,-0.031669,0.006193,0.146797,0.000000,0.000000,0.000000,0.000000,0.000000,0.000000,-1.368215,0.514722,-0.076465,1.0000,1.0000,1.0000,1.660,4.810,0.340,5.000,3.000,8.000,1.500,0.060,0.110,30846267,1002645120,30844008,224,1000,1505,1504,1505,1000,1000,2008,1505,1505,1105,2008,1625,1256,1000,1000
-0.0037,-0.0066,-0.9193,-0.0012,-0.0141,2.9233,0.0052,-0.0042,3.1416,0.0000,-0.0664,0.0337,-9.8324,-0.0007,0.0047,0.0000,-0.0604,0.0237,-9.7803,0.0046,-0.0017,-0.0004,0.1083,0.0561,-9.8207,0.0020,0.0033,-0.0040,-0.0486,-0.0662,-9.8498,0.0045,0.0088,0.0003,0.0000,0.0111,0.0149,0.0236,0.0000,189.7309,0.0000,190.6591,-1.372549,0.514276,0.019393,-0.032375,0.006513,0.145570,0.000000,0.000000,0.000000,0.000000,0.000000,0.000000,-1.368215,0.514722,-0.076465,1.0000,1.0000,1.0000,1.660,4.810,0.340,5.000,3.000,8.000,1.500,0.060,0.110,30856767,1002645120,30856008,224,1000,1505,1504,1505,1000,1000,2008,1505,1505,1105,2008,1625,1256,1000,1000
-0.0030,-0.0065,-0.9194,-0.0012,-0.0141,2.9233,0.0052,-0.0042,3.1416,0.0000,-0.0815,0.0097,-9.7971,0.0010,0.0031,-0.0099,-0.0830,-0.0128,-9.8369,0.0024,-0.0016,-0.0093,-0.1048,0.0632,-9.7632,0.0015,0.0049,-0.0101,-0.0953,0.4653,-9.6505,0.0035,0.0013,-0.0138,0.0000,0.0104,0.0153,0.0250,0.0000,195.9973,0.0000,195.3933,-1.372843,0.514336,0.020699,-0.032949,0.006858,0.144769,0.000000,0.000000,0.000000,0.000000,0.000000,0.000000,-1.368215,0.514722,-0.076465,1.0000,1.0000,1.0000,1.660,4.810,0.340,5.000,3.000,8.000,1.500,0.060,0.110,30867267,1002645120,30865008,224,1000,1505,1504,1505,1000,1000,2008,1505,1505,1105,2008,1625,1256,1000,1000
-0.0036,-0.0065,-0.9195,-0.0012,-0.0141,2.9232,0.0052,-0.0042,3.1416,0.0000,-0.0581,0.0941,-9.7918,0.0020,0.0039,-0.0045,-0.0621,0.0901,-9.7765,0.0032,-0.0014,-0.0027,0.4219,-0.1690,-10.0122,-0.0020,0.0007,0.0027,-0.6466,-0.4487,-10.0760,0.0083,0.0008,-0.0138,0.0000,0.0101,0.0149,0.0245,0.0000,194.0590,0.0000,193.6161,-1.373243,0.514419,0.022432,-0.033819,0.006786,0.144044,0.000000,0.000000,0.000000,0.000000,0.000000,0.000000,-1.368215,0.514722,-0.076465,1.0000,1.0000,1.0000,1.660,4.810,0.340,5.000,3.000,8.000,1.500,0.060,0.110,30877767,1002645120,30877008,224,1000,1505,1504,1505,1000,1000,2008,1505,1505,1105,2008,1625,1256,1000,1000
-0.0039,-0.0070,-0.9195,-0.0012,-0.0141,2.9233,0.0052,-0.0042,3.1416,0.0000,-0.0777,0.0443,-9.8217,-0.0007,0.0031,0.0031,-0.0513,0.0459,-9.7735,0.0049,0.0009,0.0033,-0.0545,-0.3222,-9.9691,-0.0004,0.0049,0.0027,-0.1187,0.4707,-9.7744,0.0115,0.0045,0.0075,0.0000,0.0108,0.0154,0.0237,0.0000,191.0330,0.0000,190.1968,-1.373549,0.514480,0.023728,-0.034185,0.006759,0.143439,0.000000,0.000000,0.000000,0.000000,0.000000,0.000000,-1.368215,0.514722,-0.076465,1.0000,1.0000,1.0000,1.660,4.810,0.340,5.000,3.000,8.000,1.500,0.060,0.110,30888267,1002645120,30886019,224,1000,1505,1504,1505,1000,1000,2008,1505,1505,1105,2008,1625,1256,1000,1000
-0.0037,-0.0068,-0.9194,-0.0012,-0.0141,2.9234,0.0052,-0.0042,3.1416,0.0000,-0.0415,0.0368,-9.8591,-0.0003,0.0039,-0.0007,-0.0719,0.0109,-9.8594,0.0018,0.0004,-0.0005,-0.1144,0.0393,-9.6699,-0.0012,0.0012,-0.0029,-0.4365,0.0523,-9.7007,0.0016,0.0088,0.0040,0.0000,0.0108,0.0152,0.0239,0.0000,191.7076,0.0000,191.3309,-1.373964,0.514563,0.025441,-0.035081,0.007041,0.142259,0.000000,0.000000,0.000000,0.000000,0.000000,0.000000,-1.368215,0.514722,-0.076465,1.0000,1.0000,1.0000,1.660,4.810,0.340,5.000,3.000,8.000,1.500,0.060,0.110,30898767,1002645120,30898008,224,1000,1505,1504,1505,1000,1000,2008,1505,1505,1105,2008,1625,1256,1000,1000
-0.0034,-0.0071,-0.9195,-0.0012,-0.0141,2.9234,0.0052,-0.0042,3.1416,0.0000,-0.0749,0.0217,-9.8255,-0.0003,0.0043,-0.0086,-0.0950,0.0576,-9.8173,-0.0001,0.0000,-0.0049,0.1610,-0.0325,-9.6962,-0.0031,0.0033,-0.0035,-0.1313,-0.3266,-10.1299,0.0101,0.0000,-0.0152,0.0000,0.0108,0.0152,0.0248,0.0000,194.6634,0.0000,195.0809,-1.374282,0.514627,0.026717,-0.035582,0.007233,0.141352,0.000000,0.000000,0.000000,0.000000,0.000000,0.000000,-1.368215,0.514722,-0.076465,1.0000,1.0000,1.0000,1.660,4.810,0.340,5.000,3.000,8.000,1.500,0.060,0.110,30909267,1002645120,30907008,224,1000,1505,1504,1505,1000,1000,2008,1505,1505,1105,2008,1625,1256,1000,1000
-0.0032,-0.0063,-0.9196,-0.0012,-0.0140,2.9234,0.0052,-0.0042,3.1416,0.0000,-0.0203,0.0317,-9.8472,0.0003,0.0036,-0.0018,-0.0577,0.0558,-9.8432,0.0036,0.0007,-0.0007,-0.4424,0.2979,-9.7225,-0.0036,0.0036,0.0016,-0.3629,0.0738,-10.1066,0.0080,-0.0125,0.0016,0.0000,0.0109,0.0147,0.0244,0.0000,192.4008,0.0000,194.1427,-1.374715,0.514716,0.028406,-0.036641,0.007512,0.140122,0.000000,0.000000,0.000000,0.000000,0.000000,0.000000,-1.368215,0.514722,-0.076465,1.0000,1.0000,1.0000,1.660,4.810,0.340,5.000,3.000,8.000,1.500,0.060,0.110,30919767,1002645120,30919008,224,1000,1505,1504,1505,1000,1000,2008,1505,1505,1105,2008,1625,1256,1000,1000
-0.0035,-0.0056,-0.9195,-0.0012,-0.0140,2.9235,0.0052,-0.0042,3.1416,0.0000,-0.0531,0.0492,-9.8442,-0.0002,0.0042,0.0024,-0.0750,0.0137,-9.7989,0.0023,-0.0051,-0.0006,-0.1359,0.3505,-9.8518,0.0015,0.0004,0.0032,0.0483,-0.9102,-9.9126,-0.0019,-0.0112,0.0117,0.0000,0.0105,0.0154,0.0238,0.0000,191.6371,0.0000,189.9266,-1.375049,0.514784,0.029664,-0.037538,0.007649,0.139316,0.000000,0.000000,0.000000,0.000000,0.000000,0.000000,-1.368215,0.514722,-0.076465,1.0000,1.0000,1.0000,1.660,4.810,0.340,5.000,3.000,8.000,1.500,0.060,0.110,30930267,1002645120,30928008,224,1000,1505,1504,1505,1000,1000,2008,1505,1505,1105,2008,1625,1256,1000,1000
-0.0032,-0.0055,-0.9195,-0.0011,-0.0140,2.9235,0.0052,-0.0042,3.1416,0.0000,-0.0473,-0.0071,-9.8306,0.0005,0.0047,-0.0036,-0.0618,-0.0028,-9.8318,-0.0012,0.0012,-0.0018,-0.2796,-0.0134,-9.7752,-0.0025,0.0084,-0.0085,0.1255,0.1780,-9.8085,-0.0008,-0.0016,-0.0200,0.0000,0.0105,0.0150,0.0241,0.0000,192.2178,0.0000,191.9881,-1.375505,0.514877,0.031328,-0.038455,0.007953,0.138106,0.000000,0.000000,0.000000,0.000000,0.000000,0.000000,-1.368215,0.514722,-0.076465,1.0000,1.0000,1.0000,1.660,4.810,0.340,5.000,3.000,8.000,1.500,0.060,0.110,30940767,1002645120,30940008,224,1000,1505,1504,1505,1000,1000,2008,1505,1505,1105,2008,1625,1256,1000,1000
-0.0031,-0.0054,-0.9196,-0.0011,-0.0140,2.9235,0.0052,-0.0042,3.1416,0.0000,-0.0825,0.0520,-9.8508,0.0000,0.0041,-0.0067,-0.0712,0.0422,-9.8277,0.0007,-0.0037,-0.0057,-0.1239,0.6259,-9.8853,0.0060,0.0023,-0.0011,0.3949,-0.1865,-9.8390,-0.0067,-0.0016,0.0117,0.0000,0.0107,0.0145,0.0247,0.0000,193.4954,0.0000,195.6591,-1.375854,0.514950,0.032567,-0.039173,0.008178,0.137267,0.000000,0.000000,0.000000,0.000000,0.000000,0.000000,-1.368215,0.514722,-0.076465,1.0000,1.0000,1.0000,1.660,4.810,0.340,5.000,3.000,8.000,1.500,0.060,0.110,30951267,1002645120,30949008,224,1000,1505,1504,1505,1000,1000,2008,1505,1505,1105,2008,1625,1256,1000,1000
-0.0037,-0.0060,-0.9196,-0.0011,-0.0140,2.9235,0.0052,-0.0042,3.1416,0.0000,-0.0886,0.0460,-9.8835,0.0005,0.0036,0.0018,-0.1037,0.0312,-9.8175,0.0011,-0.0037,-0.0008,-0.0832,-0.1115,-9.8973,-0.0001,0.0039,0.0045,0.1166,-0.3248,-9.9342,-0.0032,0.0202,-0.0035,0.0000,0.0103,0.0153,0.0242,0.0000,193.1863,0.0000,191.7413,-1.376328,0.515046,0.034206,-0.039780,0.007926,0.135723,0.000000,0.000000,0.000000,0.000000,0.000000,0.000000,-1.368215,0.514722,-0.076465,1.0000,1.0000,1.0000,1.660,4.810,0.340,5.000,3.000,8.000,1.500,0.060,0.110,30961767,1002645120,30961008,224,1000,1505,1504,1505,1000,1000,2008,1505,1505,1105,2008,1625,1256,1000,1000
-0.0037,-0.0067,-0.9196,-0.0011,-0.0140,2.9236,0.0052,-0.0042,3.1416,0.0000,-0.0681,0.0704,-9.8263,0.0010,0.0039,0.0011,-0.0750,0.0755,-9.8519,0.0034,-0.0004,0.0032,-0.0234,0.1758,-9.8758,-0.0001,0.0039,-0.0032,-0.0181,-0.5942,-9.7636,-0.0037,-0.0112,-0.0037,0.0000,0.0102,0.0150,0.0239,0.0000,191.7116,0.0000,190.6780,-1.376688,0.515118,0.035423,-0.040190,0.008009,0.134787,0.000000,0.000000,0.000000,0.000000,0.000000,0.000000,-1.368215,0.514722,-0.076465,1.0000,1.0000,1.0000,1.660,4.810,0.340,5.000,3.000,8.000,1.500,0.060,0.110,30972267,1002645120,30970008,224,1000,1505,1504,1505,1000,1000,2008,1505,1505,1105,2008,1625,1256,1000,1000
-0.0033,-0.0063,-0.9196,-0.0011,-0.0140,2.9236,0.0052,-0.0042,3.1416,0.0000,-0.0476,-0.0273,-9.8287,0.0001,0.0060,-0.0073,-0.0820,0.0119,-9.7792,0.0049,0.0018,-0.0086,0.0269,0.1710,-9.7154,0.0028,0.0020,-0.0096,-0.3539,-0.4290,-9.6936,0.0093,-0.0115,0.0019,0.0000,0.0105,0.0143,0.0247,0.0000,193.3079,0.0000,195.4893,-1.377176,0.515215,0.037033,-0.041107,0.008368,0.133660,0.000000,0.000000,0.000000,0.000000,0.000000,0.000000,-1.368215,0.514722,-0.076465,1.0000,1.0000,1.0000,1.660,4.810,0.340,5.000,3.000,8.000,1.500,0.060,0.110,30982767,1002645120,30982008,224,1000,1505,1504,1505,1000,1000,2008,1505,1505,1105,2008,1625,1256,1000,1000
-0.0027,-0.0066,-0.9197,-0.0011,-0.0140,2.9236,0.0052,-0.0042,3.1416,0.0000,-0.0580,0.0323,-9.8169,-0.0003,0.0028,-0.0042,-0.1072,0.0708,-9.8264,0.0022,0.0010,-0.0040,-0.2532,0.1207,-9.8662,-0.0031,0.0057,0.0005,-0.2516,-0.0824,-9.7115,0.0192,-0.0067,0.0003,0.0000,0.0107,0.0154,0.0245,0.0000,193.9464,0.0000,193.2846,-1.377548,0.515292,0.038233,-0.041585,0.008701,0.132839,0.000000,0.000000,0.000000,0.000000,0.000000,0.000000,-1.368215,0.514722,-0.076465,1.0000,1.0000,1.0000,1.660,4.810,0.340,5.000,3.000,8.000,1.500,0.060,0.110,30993267,1002645120,30991008,224,1000,1505,1504,1505,1000,1000,2008,1505,1505,1105,2008,1625,1256,1000,1000
-0.0035,-0.0066,-0.9197,-0.0011,-0.0140,2.9237,0.0052,-0.0042,3.1416,0.0000,-0.0958,0.0629,-9.8409,-0.0015,0.0040,0.0032,-0.0695,0.0617,-9.8321,0.0009,-0.0013,0.0039,0.0149,0.2165,-9.8063,-0.0028,-0.0009,0.0016,-0.0361,-0.1452,-9.6199,0.0077,-0.0037,0.0088,0.0000,0.0109,0.0150,0.0237,0.0000,190.3535,0.0000,190.8790,-1.378052,0.515396,0.039821,-0.042378,0.008590,0.131788,0.000000,0.000000,0.000000,0.000000,0.000000,0.000000,-1.368215,0.514722,-0.076465,1.0000,1.0000,1.0000,1.660,4.810,0.340,5.000,3.000,8.000,1.500,0.060,0.110,31003767,1002645120,31003009,224,1000,1505,1504,1505,1000,1000,2008,1505,1505,1105,2008,1625,1256,1000,1000
-0.0039,-0.0069,-0.9197,-0.0017,-0.0096,2.9281,0.0052,-0.0042,3.1416,0.0000,-0.0592,0.0365,-9.8348,0.0007,0.0037,-0.0018,-0.0342,0.0652,-9.8078,0.0042,-0.0033,-0.0021,0.0484,0.2835,-9.7369,-0.0031,0.0017,-0.0045,-0.6915,-0.3320,-9.6684,-0.0053,-0.0056,0.0021,0.0000,0.0115,0.0075,0.0236,0.0000,178.5481,0.0000,200.7493,-1.369532,0.514633,-0.045858,-0.012795,0.006022,-0.055912,0.000000,0.000000,0.000000,0.000000,0.000000,0.000000,-1.368331,0.514474,-0.075906,1.0000,1.0000,1.0000,1.660,4.810,0.340,5.000,3.000,8.000,1.500,0.060,0.110,31013865,1002911038,31012054,226,1000,1505,1504,1505,1000,1000,2008,1505,1505,1105,2008,1625,1256,1000,1000
-0.0035,-0.0073,-0.9198,-0.0017,-0.0096,2.9281,0.0052,-0.0042,3.1416,0.0000,-0.0789,0.0393,-9.8477,-0.0010,0.0042,-0.0085,-0.0955,0.0678,-9.8054,0.0006,-0.0011,-0.0071,-0.0904,-0.0613,-9.6555,0.0009,0.0057,-0.0099,0.1668,-0.2817,-9.7528,0.0197,0.0029,-0.0061,0.0000,0.0116,0.0077,0.0243,0.0000,181.3780,0.0000,203.6731,-1.369686,0.514706,-0.046539,-0.012794,0.006142,-0.057177,0.000000,0.000000,0.000000,0.000000,0.000000,0.000000,-1.368331,0.514474,-0.075906,1.0000,1.0000,1.0000,1.660,4.810,0.340,5.000,3.000,8.000,1.500,0.060,0.110,31024365,1002911038,31024106,226,1000,1505,1504,1505,1000,1000,2008,1505,1505,1105,2008,1625,1256,1000,1000
-0.0039,-0.0067,-0.9198,-0.0017,-0.0096,2.9281,0.0052,-0.0042,3.1416,0.0000,-0.0521,0.0400,-9.8391,-0.0003,0.0031,-0.0011,-0.0489,0.0483,-9.8439,0.0055,-0.0034,-0.0008,-0.1048,0.2931,-9.7896,-0.0031,0.0073,0.0024,-0.1402,-0.4236,-9.6846,0.0104,-0.0005,0.0069,0.0000,0.0119,0.0079,0.0239,0.0000,179.9929,0.0000,202.0235,-1.369803,0.514762,-0.047057,-0.013180,0.006151,-0.057862,0.000000,0.000000,0.000000,0.000000,0.000000,0.000000,-1.368331,0.514474,-0.075906,1.0000,1.0000,1.0000,1.660,4.810,0.340,5.000,3.000,8.000,1.500,0.060,0.110,31034865,1002911038,31033106,226,1000,1505,1504,1505,1000,1000,2008,1505,1505,1105,2008,1625,1256,1000,1000
-0.0040,-0.0065,-0.9198,-0.0017,-0.0096,2.9282,0.0052,-0.0042,3.1416,0.0000,-0.0601,0.0602,-9.8562,-0.0003,0.0031,0.0038,-0.0573,0.0340,-9.8451,0.0023,-0.0033,0.0059,-0.3274,-0.1211,-9.7249,0.0031,0.0004,0.0032,-0.3414,-0.7073,-9.6109,0.0000,0.0056,0.0053,0.0000,0.0115,0.0079,0.0231,0.0000,177.2220,0.0000,198.2087,-1.369963,0.514836,-0.047760,-0.013514,0.006189,-0.059271,0.000000,0.000000,0.000000,0.000000,0.000000,0.000000,-1.368331,0.514474,-0.075906,1.0000,1.0000,1.0000,1.660,4.810,0.340,5.000,3.000,8.000,1.500,0.060,0.110,31045365,1002911038,31045106,226,1000,1505,1504,1505,1000,1000,2008,1505,1505,1105,2008,1625,1256,1000,1000
-0.0042,-0.0070,-0.9198,-0.0017,-0.0096,2.9282,0.0052,-0.0042,3.1416,0.0000,-0.0776,0.0331,-9.8056,0.0002,0.0033,-0.0039,-0.1076,0.0015,-9.7987,0.0024,0.0020,-0.0021,-0.2724,0.0441,-9.6340,0.0039,-0.0004,-0.0064,0.2405,0.5497,-10.0796,-0.0037,0.0069,-0.0248,0.0000,0.0114,0.0082,0.0236,0.0000,179.7214,0.0000,199.8347,-1.370085,0.514892,-0.048298,-0.013633,0.006215,-0.060249,0.000000,0.000000,0.000000,0.000000,0.000000,0.000000,-1.368331,0.514474,-0.075906,1.0000,1.0000,1.0000,1.660,4.810,0.340,5.000,3.000,8.000,1.500,0.060,0.110,31055865,1002911038,31054106,226,1000,1505,1504,1505,1000,1000,2008,1505,1505,1105,2008,1625,1256,1000,1000
-0.0041,-0.0070,-0.9199,-0.0017,-0.0096,2.9282,0.0052,-0.0042,3.1416,0.4104,-0.0419,0.0542,-9.8315,0.0014,0.0040,-0.0066,-0.0756,0.0808,-9.8471,0.0061,-0.0008,-0.0072,0.3166,-0.0206,-9.8925,-0.0012,-0.0020,-0.0067,-0.7059,-0.4254,-9.7744,0.0083,-0.0077,-0.0032,0.4104,0.0111,0.0078,0.0242,0.0000,235.3524,0.0000,244.5481,-1.370250,0.514967,-0.049024,-0.013928,0.006241,-0.060972,0.000000,0.000000,0.000000,0.000000,0.000000,0.000000,-1.368331,0.514474,-0.075906,1.0000,1.0000,1.0000,1.660,4.810,0.340,5.000,3.000,8.000,1.500,0.060,0.110,31066365,1002911038,31066106,226,1009,1505,1504,1505,1000,1000,2008,1505,1505,1105,2008,1625,1256,1000,1000
-0.0042,-0.0066,-0.9198,-0.0017,-0.0096,2.9283,0.0052,-0.0042,3.1416,0.5016,-0.0859,0.0312,-9.8058,-0.0004,0.0043,0.0115,-0.0624,0.1331,-9.8181,0.0027,0.0009,0.0098,0.3453,0.2332,-9.6651,0.0025,0.0039,0.0168,-0.3503,0.3073,-9.6217,-0.0085,0.0048,0.0328,0.5016,0.0115,0.0077,0.0233,62.7046,242.7907,0.0000,250.3250,-1.370377,0.515023,-0.049577,-0.014297,0.006214,-0.061788,0.000000,0.000000,0.000000,0.000000,0.000000,0.000000,-1.368331,0.514474,-0.075906,1.0000,1.0000,1.0000,1.660,4.810,0.340,5.000,3.000,8.000,1.500,0.060,0.110,31076865,1002911038,31075106,226,1012,1505,1504,1505,1000,1000,2008,1505,1505,1105,2008,1625,1256,1000,1000
-0.0043,-0.0068,-0.9197,-0.0017,-0.0096,2.9286,0.0052,-0.0042,3.1416,0.5472,-0.1000,0.0228,-9.8670,-0.0005,0.0044,0.0175,-0.1225,-0.0008,-9.8680,-0.0009,-0.0073,0.0125,0.1897,0.2404,-9.3706,-0.0036,0.0087,0.0083,-0.6484,-0.3679,-9.2716,-0.0059,0.0352,0.0186,0.5472,0.0117,0.0075,0.0217,92.8684,243.0535,0.0000,249.5402,-1.370550,0.515097,-0.050325,-0.014410,0.006255,-0.062905,0.000000,0.000000,0.000000,0.000000,0.000000,0.000000,-1.368331,0.514474,-0.075906,1.0000,1.0000,1.0000,1.660,4.810,0.340,5.000,3.000,8.000,1.500,0.060,0.110,31087365,1002911038,31087106,226,1012,1505,1504,1505,1000,1000,2008,1505,1505,1105,2008,1625,1256,1000,1000
-0.0037,-0.0071,-0.9196,-0.0017,-0.0096,2.9286,0.0052,-0.0042,3.1416,0.8663,-0.0610,-0.0189,-9.8542,-0.0004,0.0038,-0.0089,-0.1005,-0.0291,-9.8055,0.0043,-0.0010,-0.0075,-0.3873,0.5900,-9.6172,-0.0071,0.0068,-0.0226,-0.2767,0.3324,-9.8121,-0.0112,0.0043,-0.0125,0.8663,0.0115,0.0076,0.0241,150.5191,282.8614,0.0000,284.3995,-1.370679,0.515155,-0.050895,-0.014399,0.006573,-0.063830,0.000000,0.000000,0.000000,0.000000,0.000000,0.000000,-1.368331,0.514474,-0.075906,1.0000,1.0000,1.0000,1.660,4.810,0.340,5.000,3.000,8.000,1.500,0.060,0.110,31097865,1002911038,31096106,226,1019,1505,1504,1505,1000,1000,2008,1505,1505,1105,2008,1625,1256,1000,1000
-0.0036,-0.0071,-0.9198,-0.0017,-0.0096,2.9284,0.0052,-0.0042,3.1416,0.9575,-0.0338,-0.0065,-9.8341,0.0006,0.0044,-0.0274,-0.0443,0.0065,-9.7567,0.0006,-0.0011,-0.0289,-0.4759,0.2428,-9.8039,-0.0095,0.0111,-0.0197,-0.3934,0.7634,-10.5968,-0.0008,-0.0040,-0.0434,0.9575,0.0112,0.0070,0.0262,155.9212,296.0028,0.0000,297.9084,-1.370853,0.515235,-0.051668,-0.014548,0.006882,-0.065056,0.000000,0.000000,0.000000,0.000000,0.000000,0.000000,-1.368331,0.514474,-0.075906,1.0000,1.0000,1.0000,1.660,4.810,0.340,5.000,3.000,8.000,1.500,0.060,0.110,31108365,1002911038,31108106,226,1021,1505,1504,1505,1000,1000,2008,1505,1505,1105,2008,1625,1256,1000,1000
-0.0037,-0.0066,-0.9200,-0.0017,-0.0096,2.9283,0.0052,-0.0042,3.1416,1.0487,-0.0120,0.0477,-9.7641,-0.0004,0.0038,-0.0013,-0.0083,0.1220,-9.7812,0.0054,-0.0009,-0.0055,0.6757,1.0904,-10.8071,-0.0052,0.0129,0.0312,-0.3683,0.2516,-10.2610,-0.0264,0.0011,0.0168,1.0487,0.0113,0.0072,0.0241,179.7174,299.6936,0.0000,298.8809,-1.370985,0.515297,-0.052259,-0.015068,0.006828,-0.066133,0.000000,0.000000,0.000000,0.000000,0.000000,0.000000,-1.368331,0.514474,-0.075906,1.0000,1.0000,1.0000,1.660,4.810,0.340,5.000,3.000,8.000,1.500,0.060,0.110,31118865,1002911038,31117106,226,1023,1505,1504,1505,1000,1000,2008,1505,1505,1105,2008,1625,1256,1000,1000
-0.0039,-0.0065,-0.9199,-0.0017,-0.0095,2.9286,0.0052,-0.0042,3.1416,1.0487,-0.0547,0.0529,-9.8238,-0.0016,0.0056,0.0196,-0.1162,-0.0010,-9.8294,0.0038,-0.0041,0.0171,-0.3921,0.8318,-10.1511,0.0100,0.0073,0.0139,-1.0614,-0.9623,-9.5553,0.0141,-0.0184,0.0037,1.0487,0.0116,0.0070,0.0214,189.8703,293.1109,58.8828,291.5825,-1.371172,0.515377,-0.053059,-0.015709,0.006570,-0.067259,0.000000,0.000000,0.000000,0.000000,0.000000,0.000000,-1.368331,0.514474,-0.075906,1.0000,1.0000,1.0000,1.660,4.810,0.340,5.000,3.000,8.000,1.500,0.060,0.110,31129365,1002911038,31129106,226,1023,1505,1504,1505,1000,1000,2008,1505,1505,1105,2008,1625,1256,1000,1000
-0.0037,-0.0069,-0.9198,-0.0016,-0.0095,2.9287,0.0052,-0.0042,3.1416,1.0943,-0.1164,-0.0123,-9.8071,-0.0002,0.0045,-0.0133,-0.1214,-0.1351,-9.8393,0.0016,-0.0016,-0.0112,-0.4639,-0.2145,-10.1391,0.0159,0.0183,-0.0365,0.0034,0.0379,-9.9001,0.0109,-0.0040,-0.0080,1.0943,0.0113,0.0076,0.0237,188.5867,303.2152,40.2006,300.8021,-1.371312,0.515436,-0.053668,-0.015511,0.006736,-0.067944,0.000000,0.000000,0.000000,0.000000,0.000000,0.000000,-1.368331,0.514474,-0.075906,1.0000,1.0000,1.0000,1.660,4.810,0.340,5.000,3.000,8.000,1.500,0.060,0.110,31139865,1002911038,31138106,226,1024,1505,1504,1505,1000,1000,2008,1505,1505,1105,2008,1625,1256,1000,1000
-0.0035,-0.0074,-0.9201,-0.0016,-0.0095,2.9285,0.0052,-0.0042,3.1416,1.0943,-0.0743,0.0503,-9.7671,-0.0007,0.0033,-0.0252,-0.0979,0.1305,-9.7746,0.0048,0.0018,-0.0245,-0.2245,0.4703,-10.2804,0.0145,-0.0060,-0.0085,-0.4240,-0.3158,-10.5232,0.0003,-0.0170,-0.0176,1.0943,0.0113,0.0079,0.0264,179.0528,309.5400,0.0000,307.9343,-1.371496,0.515518,-0.054489,-0.015279,0.006901,-0.068918,0.000000,0.000000,0.000000,0.000000,0.000000,0.000000,-1.368331,0.514474,-0.075906,1.0000,1.0000,1.0000,1.660,4.810,0.340,5.000,3.000,8.000,1.500,0.060,0.110,31150365,1002911038,31150106,226,1024,1505,1504,1505,1000,1000,2008,1505,1505,1105,2008,1625,1256,1000,1000
-0.0043,-0.0072,-0.9201,-0.0016,-0.0095,2.9285,0.0052,-0.0042,3.1416,1.0943,-0.0154,0.1482,-9.8244,0.0003,0.0051,0.0152,-0.0802,0.2140,-9.8182,0.0013,0.0056,0.0110,-0.5669,-0.3103,-10.4528,0.0009,0.0135,0.0224,0.0914,-0.5511,-10.1981,0.0184,-0.0091,0.0218,1.0943,0.0115,0.0076,0.0232,190.7304,301.9760,48.4035,299.4860,-1.371635,0.515578,-0.055113,-0.015739,0.006267,-0.069738,0.000000,0.000000,0.000000,0.000000,0.000000,0.000000,-1.368331,0.514474,-0.075906,1.0000,1.0000,1.0000,1.660,4.810,0.340,5.000,3.000,8.000,1.500,0.060,0.110,31160865,1002911038,31159106,226,1024,1505,1504,1505,1000,1000,2008,1505,1505,1105,2008,1625,1256,1000,1000
-0.0047,-0.0068,-0.9199,-0.0016,-0.0095,2.9288,0.0052,-0.0042,3.1416,1.0943,-0.0541,0.0007,-9.7743,-0.0022,0.0049,0.0154,-0.0728,-0.0423,-9.8169,0.0033,-0.0020,0.0198,-0.1862,0.0776,-10.4528,0.0023,0.0065,-0.0013,-0.3072,-0.2817,-10.0742,0.0069,-0.0160,-0.0101,1.0943,0.0117,0.0075,0.0211,198.1155,296.9981,75.9684,293.8938,-1.371827,0.515651,-0.055959,-0.016205,0.006020,-0.070931,0.000000,0.000000,0.000000,0.000000,0.000000,0.000000,-1.368331,0.514474,-0.075906,1.0000,1.0000,1.0000,1.660,4.810,0.340,5.000,3.000,8.000,1.500,0.060,0.110,31171365,1002911038,31171106,226,1024,1505,1504,1505,1000,1000,2008,1505,1505,1105,2008,1625,1256,1000,1000
-0.0039,-0.0066,-0.9200,-0.0016,-0.0095,2.9288,0.0052,-0.0042,3.1416,1.0943,-0.0348,-0.0329,-9.8265,0.0016,0.0034,-0.0205,-0.0397,-0.0462,-9.8112,0.0032,-0.0005,-0.0178,0.1753,-0.5138,-10.2253,0.0039,0.0127,-0.0187,0.0788,0.6395,-9.8498,0.0099,0.0011,-0.0229,1.0943,0.0117,0.0078,0.0243,187.2460,304.4520,17.0918,302.5858,-1.371974,0.515708,-0.056600,-0.016437,0.006905,-0.071657,0.000000,0.000000,0.000000,0.000000,0.000000,0.000000,-1.368331,0.514474,-0.075906,1.0000,1.0000,1.0000,1.660,4.810,0.340,5.000,3.000,8.000,1.500,0.060,0.110,31181865,1002911038,31180106,226,1024,1505,1504,1505,1000,1000,2008,1505,1505,1105,2008,1625,1256,1000,1000
-0.0036,-0.0065,-0.9201,-0.0016,-0.0095,2.9287,0.0052,-0.0042,3.1416,1.7782,-0.0117,0.1014,-9.7815,-0.0003,0.0045,-0.0028,-0.0847,0.0008,-9.8563,0.0015,-0.0004,-0.0066,-0.9188,-0.4180,-9.8207,-0.0033,0.0204,0.0101,0.4667,0.6161,-9.6289,0.0016,0.0107,0.0181,1.7782,0.0119,0.0076,0.0237,270.4712,359.2018,180.7580,349.2847,-1.372173,0.515795,-0.057467,-0.016914,0.007251,-0.072716,0.000000,0.000000,0.000000,0.000000,0.000000,0.000000,-1.368331,0.514474,-0.075906,1.0000,1.0000,1.0000,1.660,4.810,0.340,5.000,3.000,8.000,1.500,0.060,0.110,31192365,1002911038,31192106,226,1039,1505,1504,1505,1000,1000,2008,1505,1505,1105,2008,1625,1256,1000,1000
-0.0040,-0.0065,-0.9201,-0.0016,-0.0095,2.9287,0.0052,-0.0042,3.1416,1.9606,-0.0451,0.0805,-9.8654,-0.0007,0.0053,-0.0025,-0.0589,0.0777,-9.8208,0.0006,-0.0032,-0.0027,-0.2772,-0.8753,-9.5765,0.0052,-0.0294,-0.0024,-0.7436,-0.6642,-9.9342,0.0125,-0.0205,-0.0019,1.9606,0.0121,0.0075,0.0236,288.5713,372.4519,202.7074,361.0680,-1.372326,0.515860,-0.058125,-0.017105,0.007114,-0.073582,0.000000,0.000000,0.000000,0.000000,0.000000,0.000000,-1.368331,0.514474,-0.075906,1.0000,1.0000,1.0000,1.660,4.810,0.340,5.000,3.000,8.000,1.500,0.060,0.110,31202865,1002911038,31201106,226,1045,1505,1504,1505,1000,1000,2008,1505,1505,1105,2008,1625,1256,1000,1000
-0.0047,-0.0061,-0.9201,-0.0016,-0.0095,2.9289,0.0052,-0.0042,3.1416,2.0518,-0.0135,0.1598,-9.8192,-0.0005,0.0046,0.0189,-0.0707,0.0294,-9.8097,0.0040,0.0006,0.0150,-0.5310,-0.0756,-9.5406,0.0151,-0.0049,0.0421,0.4721,0.5946,-9.6056,0.0037,0.0099,0.0269,2.0518,0.0120,0.0075,0.0220,300.7838,376.1479,219.2609,362.9338,-1.372535,0.515943,-0.059014,-0.017863,0.006428,-0.074561,0.000000,0.000000,0.000000,0.000000,0.000000,0.000000,-1.368331,0.514474,-0.075906,1.0000,1.0000,1.0000,1.660,4.810,0.340,5.000,3.000,8.000,1.500,0.060,0.110,31213365,1002911038,31213106,226,1045,1505,1504,1505,1000,1000,2008,1505,1505,1105,2008,1625,1256,1000,1000
-0.0048,-0.0064,-0.9198,-0.0016,-0.0094,2.9292,0.0052,-0.0042,3.1416,2.0518,-0.1911,-0.1062,-9.8438,0.0001,0.0047,0.0022,-0.1945,-0.0881,-9.8659,0.0022,0.0036,0.0072,0.6135,-0.8178,-9.8470,-0.0033,0.0167,-0.0458,0.9210,1.4889,-10.0329,-0.0045,-0.0027,-0.0314,2.0518,0.0121,0.0076,0.0216,301.7485,375.5143,220.3568,362.1246,-1.372696,0.515998,-0.059689,-0.017821,0.006274,-0.075446,0.000000,0.000000,0.000000,0.000000,0.000000,0.000000,-1.368331,0.514474,-0.075906,1.0000,1.0000,1.0000,1.660,4.810,0.340,5.000,3.000,8.000,1.500,0.060,0.110,31223865,1002911038,31222106,226,1045,1505,1504,1505,1000,1000,2008,1505,1505,1105,2008,1625,1256,1000,1000
-0.0041,-0.0067,-0.9201,-0.0010,-0.0073,2.9299,0.0052,-0.0042,3.1416,2.0518,-0.1051,-0.0125,-9.8392,-0.0006,0.0045,-0.0348,-0.1022,-0.0453,-9.8126,0.0023,0.0007,-0.0338,0.1298,-0.7891,-9.5334,-0.0025,0.0113,-0.0378,0.9444,-0.0842,-9.2967,0.0077,0.0107,-0.0471,2.0518,0.0110,0.0032,0.0267,285.1693,382.3043,206.7735,376.1928,-1.369282,0.514306,-0.068170,-0.003987,0.001335,-0.094242,0.000000,0.000000,0.000000,0.000000,0.000000,0.000000,-1.367730,0.513533,-0.075369,1.0000,1.0000,1.0000,1.660,4.810,0.340,5.000,3.000,8.000,1.500,0.060,0.110,31233914,1003044273,31231155,227,1045,1505,1504,1505,1000,1000,2008,1505,1505,1105,2008,1625,1256,1000,1000
-0.0043,-0.0064,-0.9203,-0.0010,-0.0073,2.9296,0.0052,-0.0042,3.1416,2.0974,0.0144,0.2509,-9.8228,0.0022,0.0027,0.0030,0.0154,0.2565,-9.8106,0.0040,-0.0023,-0.0066,-0.0378,-0.7221,-9.7441,0.0012,0.0137,0.0317,-0.1743,-1.7506,-9.3398,0.0099,-0.0077,0.0394,2.0974,0.0101,0.0042,0.0244,295.0433,382.6326,220.2766,372.7257,-1.369331,0.514324,-0.069306,-0.004467,0.000897,-0.094974,0.000000,0.000000,0.000000,0.000000,0.000000,0.000000,-1.367730,0.513533,-0.075369,1.0000,1.0000,1.0000,1.660,4.810,0.340,5.000,3.000,8.000,1.500,0.060,0.110,31243915,1003044273,31243156,227,1046,1505,1504,1505,1000,1000,2008,1505,1505,1105,2008,1625,1256,1000,1000
-0.0044,-0.0057,-0.9201,-0.0010,-0.0073,2.9299,0.0052,-0.0042,3.1416,2.0974,0.0078,0.0542,-9.8307,0.0006,0.0012,0.0248,-0.0527,0.0511,-9.8218,0.0040,0.0009,0.0282,-0.7249,-0.0541,-9.3921,-0.0028,0.0207,0.0429,-0.1977,0.3055,-9.5391,-0.0080,0.0077,0.0365,2.0974,0.0116,0.0047,0.0209,304.7269,375.7365,231.6048,365.0032,-1.369377,0.514329,-0.070164,-0.005465,0.000645,-0.095755,0.000000,0.000000,0.000000,0.000000,0.000000,0.000000,-1.367730,0.513533,-0.075369,1.0000,1.0000,1.0000,1.660,4.810,0.340,5.000,3.000,8.000,1.500,0.060,0.110,31254415,1003044273,31252156,227,1046,1505,1504,1505,1000,1000,2008,1505,1505,1105,2008,1625,1256,1000,1000
-0.0043,-0.0063,-0.9200,-0.0010,-0.0073,2.9301,0.0052,-0.0042,3.1416,2.0974,-0.2292,-0.0744,-9.8531,0.0020,0.0037,-0.0249,-0.2651,-0.2144,-9.8235,0.0029,-0.0016,-0.0193,0.0149,-0.0349,-9.4472,-0.0044,0.0087,-0.0240,0.1309,0.0271,-9.4852,0.0117,0.0099,-0.0373,2.0974,0.0109,0.0046,0.0238,297.4613,381.3085,221.5273,371.4172,-1.369440,0.514336,-0.071319,-0.004585,0.000736,-0.096744,0.000000,0.000000,0.000000,0.000000,0.000000,0.000000,-1.367730,0.513533,-0.075369,1.0000,1.0000,1.0000,1.660,4.810,0.340,5.000,3.000,8.000,1.500,0.060,0.110,31264915,1003044273,31264156,227,1046,1505,1504,1505,1000,1000,2008,1505,1505,1105,2008,1625,1256,1000,1000
-0.0045,-0.0064,-0.9203,-0.0010,-0.0073,2.9298,0.0052,-0.0042,3.1416,2.0974,0.0321,0.0196,-9.8059,-0.0005,0.0035,-0.0315,-0.0112,0.0408,-9.8381,0.0050,-0.0007,-0.0315,0.9965,0.3936,-10.0434,-0.0033,-0.0076,-0.0035,-0.8998,-0.1147,-9.4709,0.0053,-0.0197,-0.0272,2.0974,0.0118,0.0040,0.0264,291.3730,385.1519,211.2387,378.2097,-1.369479,0.514342,-0.072194,-0.004486,0.000383,-0.097747,0.000000,0.000000,0.000000,0.000000,0.000000,0.000000,-1.367730,0.513533,-0.075369,1.0000,1.0000,1.0000,1.660,4.810,0.340,5.000,3.000,8.000,1.500,0.060,0.110,31275415,1003044273,31273156,227,1046,1505,1504,1505,1000,1000,2008,1505,1505,1105,2008,1625,1256,1000,1000
-0.0051,-0.0059,-0.9203,-0.0010,-0.0073,2.9299,0.0052,-0.0042,3.1416,2.0974,-0.0812,0.1701,-9.7922,-0.0009,0.0044,0.0272,-0.0815,0.2286,-9.8688,0.0027,0.0042,0.0220,0.4555,-0.1546,-9.7585,0.0012,0.0068,0.0149,0.2925,1.3919,-10.1407,-0.0032,0.0178,0.0306,2.0974,0.0114,0.0047,0.0217,302.7128,377.2737,228.8415,366.8318,-1.369542,0.514343,-0.073372,-0.005802,-0.000674,-0.098462,0.000000,0.000000,0.000000,0.000000,0.000000,0.000000,-1.367730,0.513533,-0.075369,1.0000,1.0000,1.0000,1.660,4.810,0.340,5.000,3.000,8.000,1.500,0.060,0.110,31285915,1003044273,31285156,227,1046,1505,1504,1505,1000,1000,2008,1505,1505,1105,2008,1625,1256,1000,1000
-0.0049,-0.0063,-0.9200,-0.0010,-0.0072,2.9302,0.0052,-0.0042,3.1416,2.0974,-0.1365,-0.0499,-9.8796,-0.0024,0.0061,0.0153,-0.1109,-0.2267,-9.8116,0.0033,0.0026,0.0205,0.6326,0.1327,-10.0649,0.0049,0.0095,-0.0370,0.6678,-0.8905,-9.5122,-0.0005,0.0152,-0.0282,2.0974,0.0106,0.0030,0.0201,304.3297,373.5993,237.1313,363.9783,-1.369592,0.514335,-0.074263,-0.005341,-0.000730,-0.099505,0.000000,0.000000,0.000000,0.000000,0.000000,0.000000,-1.367730,0.513533,-0.075369,1.0000,1.0000,1.0000,1.660,4.810,0.340,5.000,3.000,8.000,1.500,0.060,0.110,31296415,1003044273,31294156,227,1046,1505,1504,1505,1000,1000,2008,1505,1505,1105,2008,1625,1256,1000,1000
-0.0044,-0.0064,-0.9202,-0.0010,-0.0072,2.9301,0.0052,-0.0042,3.1416,2.0974,-0.0148,0.1447,-9.8390,0.0008,0.0010,-0.0244,0.0594,0.2475,-9.8380,0.0016,-0.0009,-0.0247,0.4602,0.3410,-9.4185,-0.0049,0.0020,-0.0274,0.5781,0.7113,-9.1405,-0.0123,-0.0075,-0.0333,2.0974,0.0102,0.0054,0.0260,292.4641,386.2365,212.4790,375.5573,-1.369652,0.514335,-0.075464,-0.004982,0.000158,-0.100731,0.000000,0.000000,0.000000,0.000000,0.000000,0.000000,-1.367730,0.513533,-0.075369,1.0000,1.0000,1.0000,1.660,4.810,0.340,5.000,3.000,8.000,1.500,0.060,0.110,31306915,1003044273,31306156,227,1046,1505,1504,1505,1000,1000,2008,1505,1505,1105,2008,1625,1256,1000,1000
-0.0049,-0.0063,-0.9204,-0.0009,-0.0072,2.9300,0.0052,-0.0042,3.1416,2.0974,0.0269,0.1155,-9.8774,-0.0010,0.0056,0.0050,-0.0885,0.0337,-9.8208,0.0036,-0.0020,0.0017,-0.2460,0.1925,-9.9165,-0.0039,0.0135,0.0088,0.2351,1.0004,-9.2985,-0.0029,-0.0013,0.0157,2.0974,0.0114,0.0037,0.0228,299.3508,378.5967,225.9329,370.0168,-1.369698,0.514333,-0.076372,-0.005178,-0.000368,-0.101269,0.000000,0.000000,0.000000,0.000000,0.000000,0.000000,-1.367730,0.513533,-0.075369,1.0000,1.0000,1.0000,1.660,4.810,0.340,5.000,3.000,8.000,1.500,0.060,0.110,31317415,1003044273,31315156,227,1046,1505,1504,1505,1000,1000,2008,1505,1505,1105,2008,1625,1256,1000,1000
-0.0046,-0.0062,-0.9203,-0.0009,-0.0072,2.9301,0.0052,-0.0042,3.1416,2.0974,-0.0577,0.0110,-9.8178,0.0019,0.0046,0.0136,-0.0865,0.0959,-9.7669,0.0029,-0.0011,0.0134,-0.7704,-0.2480,-10.0601,-0.0036,-0.0036,0.0059,-0.7508,0.6628,-10.6507,0.0083,0.0027,0.0077,2.0974,0.0103,0.0038,0.0220,300.6074,377.7859,229.7008,367.4984,-1.369763,0.514326,-0.077597,-0.005282,-0.000399,-0.102629,0.000000,0.000000,0.000000,0.000000,0.000000,0.000000,-1.367730,0.513533,-0.075369,1.0000,1.0000,1.0000,1.660,4.810,0.340,5.000,3.000,8.000,1.500,0.060,0.110,31327915,1003044273,31327157,227,1046,1505,1504,1505,1000,1000,2008,1505,1505,1105,2008,1625,1256,1000,1000
-0.0046,-0.0062,-0.9203,0.0001,-0.0061,2.9307,0.0052,-0.0042,3.1416,2.0974,-0.0776,-0.0038,-9.8072,0.0026,0.0008,-0.0058,-0.1674,0.0470,-9.8521,0.0029,0.0027,-0.0076,1.4610,0.0872,-10.1008,0.0060,0.0116,0.0035,0.7056,0.8496,-9.4062,0.0101,0.0173,-0.0021,2.0974,0.0085,0.0035,0.0239,294.7806,381.9149,224.6084,371.0809,-1.368240,0.512107,-0.077185,0.000353,-0.008795,-0.100033,0.000000,0.000000,0.000000,0.000000,0.000000,0.000000,-1.367197,0.510671,-0.075266,1.0000,1.0000,1.0000,1.660,4.810,0.340,5.000,3.000,8.000,1.500,0.060,0.110,31337960,1003177413,31336201,228,1046,1505,1504,1505,1000,1000,2008,1505,1505,1105,2008,1625,1256,1000,1000
-0.0044,-0.0063,-0.9204,0.0001,-0.0061,2.9306,0.0052,-0.0042,3.1416,2.0974,-0.1539,0.0390,-9.8774,0.0013,0.0061,-0.0157,-0.1574,-0.0348,-9.8479,0.0022,-0.0005,-0.0142,-0.0425,0.3649,-9.9620,0.0191,0.0073,0.0149,-0.7454,-1.8386,-9.5966,0.0144,0.0067,0.0053,2.0974,0.0095,0.0016,0.0250,291.1537,382.0626,221.8369,375.4339,-1.368236,0.512003,-0.078393,0.000603,-0.008790,-0.101347,0.000000,0.000000,0.000000,0.000000,0.000000,0.000000,-1.367197,0.510671,-0.075266,1.0000,1.0000,1.0000,1.660,4.810,0.340,5.000,3.000,8.000,1.500,0.060,0.110,31348460,1003177413,31348201,228,1046,1505,1504,1505,1000,1000,2008,1505,1505,1105,2008,1625,1256,1000,1000
-0.0043,-0.0066,-0.9204,0.0001,-0.0061,2.9306,0.0052,-0.0042,3.1416,2.0974,-0.0336,-0.0020,-9.8044,-0.0003,0.0029,-0.0044,-0.0683,-0.0706,-9.6898,0.0030,-0.0011,-0.0015,-0.9930,-1.6965,-9.0354,-0.0025,-0.0033,0.0032,-0.9968,0.4258,-9.3560,-0.0013,-0.0011,0.0032,2.0974,0.0097,0.0021,0.0233,295.5479,379.3615,227.2252,371.4963,-1.368227,0.511922,-0.079310,0.001143,-0.008952,-0.102304,0.000000,0.000000,0.000000,0.000000,0.000000,0.000000,-1.367197,0.510671,-0.075266,1.0000,1.0000,1.0000,1.660,4.810,0.340,5.000,3.000,8.000,1.500,0.060,0.110,31358960,1003177413,31357201,228,1046,1505,1504,1505,1000,1000,2008,1505,1505,1105,2008,1625,1256,1000,1000
-0.0043,-0.0062,-0.9203,0.0001,-0.0061,2.9308,0.0052,-0.0042,3.1416,2.0974,-0.0670,0.0326,-9.8204,-0.0017,0.0031,0.0089,-0.0479,-0.0070,-9.6901,-0.0011,0.0009,0.0116,-1.3498,-0.8873,-8.5350,-0.0031,0.0121,-0.0045,0.6014,-0.1973,-10.1245,0.0011,-0.0146,-0.0115,2.0974,0.0104,0.0029,0.0218,300.3114,376.7540,231.4102,367.7272,-1.368217,0.511815,-0.080540,0.000623,-0.009143,-0.102844,0.000000,0.000000,0.000000,0.000000,0.000000,0.000000,-1.367197,0.510671,-0.075266,1.0000,1.0000,1.0000,1.660,4.810,0.340,5.000,3.000,8.000,1.500,0.060,0.110,31369460,1003177413,31369201,228,1046,1505,1504,1505,1000,1000,2008,1505,1505,1105,2008,1625,1256,1000,1000
-0.0039,-0.0067,-0.9203,0.0002,-0.0060,2.9309,0.0052,-0.0042,3.1416,2.0974,-0.0865,-0.0193,-9.8829,-0.0006,0.0051,0.0027,-0.0308,-0.1889,-9.8329,0.0030,0.0033,0.0005,0.0460,0.0178,-9.6603,0.0079,0.0052,-0.0314,-0.9681,-0.1668,-10.4172,-0.0112,-0.0138,-0.0173,2.0974,0.0087,0.0012,0.0227,295.6393,378.1019,231.4364,370.1056,-1.368208,0.511732,-0.081472,0.001290,-0.009378,-0.104353,0.000000,0.000000,0.000000,0.000000,0.000000,0.000000,-1.367197,0.510671,-0.075266,1.0000,1.0000,1.0000,1.660,4.810,0.340,5.000,3.000,8.000,1.500,0.060,0.110,31379960,1003177413,31378201,228,1046,1505,1504,1505,1000,1000,2008,1505,1505,1105,2008,1625,1255,1000,1000
-0.0036,-0.0067,-0.9205,0.0002,-0.0061,2.9307,0.0052,-0.0042,3.1416,2.0974,-0.0822,0.1661,-9.7045,0.0020,0.0027,-0.0124,-0.0027,0.2537,-9.7611,0.0035,-0.0035,-0.0137,0.8625,1.4519,-10.6994,-0.0025,0.0121,0.0152,1.1222,-0.1829,-10.9416,-0.0021,0.0040,-0.0069,2.0974,0.0087,0.0033,0.0260,289.5692,385.5664,216.5172,376.1822,-1.368190,0.511626,-0.082726,0.001563,-0.008987,-0.104473,0.000000,0.000000,0.000000,0.000000,0.000000,0.000000,-1.367197,0.510671,-0.075266,1.0000,1.0000,1.0000,1.660,4.810,0.340,5.000,3.000,8.000,1.500,0.060,0.110,31390460,1003177413,31390201,228,1046,1505,1504,1505,1000,1000,2008,1505,1505,1105,2008,1625,1255,1000,1000
-0.0041,-0.0066,-0.9205,0.0002,-0.0061,2.9308,0.0052,-0.0042,3.1416,2.0974,-0.1094,0.1588,-9.9019,0.0014,0.0024,0.0109,-0.1998,0.1892,-9.9076,0.0020,-0.0006,0.0085,-1.0409,-1.3661,-9.6938,-0.0137,0.0252,0.0338,-1.9395,-0.3266,-8.9932,-0.0016,0.0213,0.0328,2.0974,0.0096,0.0022,0.0228,296.7708,378.5147,229.1023,370.2302,-1.368177,0.511540,-0.083669,0.001453,-0.009822,-0.105066,0.000000,0.000000,0.000000,0.000000,0.000000,0.000000,-1.367197,0.510671,-0.075266,1.0000,1.0000,1.0000,1.660,4.810,0.340,5.000,3.000,8.000,1.500,0.060,0.110,31400960,1003177413,31399201,228,1040,1505,1504,1505,1000,1000,2008,1505,1505,1105,2008,1625,1256,1000,1000
-0.0036,-0.0071,-0.9204,0.0002,-0.0060,2.9310,0.0052,-0.0042,3.1416,1.8238,-0.0966,-0.0677,-9.8675,0.0002,0.0024,-0.0126,-0.1904,-0.0061,-9.8887,0.0028,0.0022,-0.0099,-1.5581,-0.7173,-9.2605,0.0017,0.0108,-0.0059,2.5372,0.5192,-9.7636,-0.0024,0.0075,-0.0162,1.8238,0.0102,0.0026,0.0222,272.8342,357.0871,201.3762,351.4283,-1.368152,0.511423,-0.084942,0.002635,-0.009241,-0.106913,0.000000,0.000000,0.000000,0.000000,0.000000,0.000000,-1.367197,0.510671,-0.075266,1.0000,1.0000,1.0000,1.660,4.810,0.340,5.000,3.000,8.000,1.500,0.060,0.110,31411460,1003177413,31411201,228,1038,1505,1504,1505,1000,1000,2008,1505,1505,1105,2008,1625,1255,1000,1000
-0.0038,-0.0070,-0.9205,0.0002,-0.0060,2.9309,0.0052,-0.0042,3.1416,1.7326,0.0221,-0.0561,-9.6968,0.0007,0.0044,-0.0086,-0.0740,-0.1410,-9.7267,0.0023,-0.0000,-0.0086,-0.0641,1.6697,-9.7824,-0.0041,-0.0089,-0.0117,-0.5874,2.4891,-10.0742,-0.0133,-0.0083,-0.0085,1.7326,0.0092,0.0015,0.0239,257.2209,353.0752,185.8508,349.7693,-1.368127,0.511337,-0.085905,0.002596,-0.009769,-0.107137,0.000000,0.000000,0.000000,0.000000,0.000000,0.000000,-1.367197,0.510671,-0.075266,1.0000,1.0000,1.0000,1.660,4.810,0.340,5.000,3.000,8.000,1.500,0.060,0.110,31421960,1003177413,31420201,228,1011,1505,1504,1505,1000,1000,2008,1505,1505,1105,2008,1625,1255,1000,1000
-0.0041,-0.0066,-0.9205,0.0002,-0.0060,2.9310,0.0052,-0.0042,3.1416,0.1368,-0.0336,0.1175,-9.7678,-0.0025,0.0076,0.0125,-0.1279,0.1257,-9.8471,0.0041,0.0031,0.0119,-0.2963,1.3346,-10.7042,0.0116,0.0145,0.0059,-1.6037,-0.5583,-11.7155,0.0021,-0.0109,0.0115,0.1368,0.0092,0.0005,0.0219,0.0000,185.0392,0.0000,215.9178,-1.368099,0.511219,-0.087193,0.002227,-0.010295,-0.107710,0.000000,0.000000,0.000000,0.000000,0.000000,0.000000,-1.367197,0.510671,-0.075266,1.0000,1.0000,1.0000,1.660,4.810,0.340,5.000,3.000,8.000,1.500,0.060,0.110,31432460,1003177413,31432201,228,1003,1505,1504,1505,1000,1000,2008,1505,1505,1105,2008,1625,1255,1000,1000
-0.0039,-0.0071,-0.9204,0.0002,-0.0060,2.9311,0.0052,-0.0042,3.1416,0.0000,-0.0645,-0.0499,-9.6916,-0.0010,0.0039,-0.0011,-0.0418,-0.1228,-9.7300,0.0008,-0.0053,-0.0019,-1.0409,0.1087,-10.6730,0.0127,0.0103,-0.0250,0.6373,-0.5978,-10.0599,0.0136,0.0029,-0.0072,0.0000,0.0087,0.0014,0.0231,0.0000,170.5126,0.0000,203.8583,-1.368075,0.511126,-0.088166,0.002971,-0.010220,-0.108300,0.000000,0.000000,0.000000,0.000000,0.000000,0.000000,-1.367197,0.510671,-0.075266,1.0000,1.0000,1.0000,1.660,4.810,0.340,5.000,3.000,8.000,1.500,0.060,0.110,31442960,1003177413,31441201,228,1000,1505,1504,1505,1000,1000,2008,1505,1505,1105,2008,1625,1255,1000,1000
-0.0032,-0.0069,-0.9207,0.0002,-0.0060,2.9309,0.0052,-0.0042,3.1416,0.0000,-0.0471,0.0549,-9.8675,0.0004,-0.0004,-0.0430,-0.1002,0.0412,-9.9282,0.0021,-0.0058,-0.0418,0.4267,0.4798,-10.1272,0.0025,0.0100,-0.0272,-0.9034,0.4617,-9.4457,0.0176,0.0099,-0.0346,0.0000,0.0085,0.0034,0.0274,0.0000,190.0672,0.0000,218.5313,-1.368037,0.511009,-0.089468,0.003235,-0.009644,-0.108879,0.000000,0.000000,0.000000,0.000000,0.000000,0.000000,-1.367197,0.510671,-0.075266,1.0000,1.0000,1.0000,1.660,4.810,0.340,5.000,3.000,8.000,1.500,0.060,0.110,31453460,1003177413,31453201,228,1000,1505,1504,1505,1000,1000,2008,1505,1505,1105,2008,1625,1256,1000,1000
-0.0040,-0.0066,-0.9209,0.0002,-0.0060,2.9308,0.0052,-0.0042,3.1416,0.0000,-0.0039,0.1823,-9.8604,-0.0011,0.0021,0.0131,0.0006,0.1718,-9.7922,0.0009,-0.0013,0.0084,-0.3705,-0.0397,-9.8614,-0.0025,0.0036,0.0362,0.1237,-0.0572,-9.9611,0.0123,-0.0019,0.0162,0.0000,0.0085,0.0024,0.0229,0.0000,171.6964,0.0000,201.8487,-1.368010,0.510918,-0.090453,0.002794,-0.010580,-0.110210,0.000000,0.000000,0.000000,0.000000,0.000000,0.000000,-1.367197,0.510671,-0.075266,1.0000,1.0000,1.0000,1.660,4.810,0.340,5.000,3.000,8.000,1.500,0.060,0.110,31463960,1003177413,31462201,228,1000,1505,1504,1505,1000,1000,2008,1505,1505,1105,2008,1625,1256,1000,1000
-0.0044,-0.0068,-0.9205,0.0002,-0.0060,2.9312,0.0052,-0.0042,3.1416,0.0000,-0.1500,-0.0033,-9.7911,-0.0015,0.0028,0.0257,-0.1411,0.0011,-9.8331,0.0000,-0.0068,0.0261,-0.4663,0.2524,-9.4951,-0.0020,-0.0065,-0.0032,-0.8908,0.1331,-9.4386,0.0021,0.0040,0.0016,0.0000,0.0087,0.0024,0.0198,0.0000,158.5132,0.0000,188.7517,-1.367978,0.510785,-0.091781,0.002999,-0.011402,-0.111017,0.000000,0.000000,0.000000,0.000000,0.000000,0.000000,-1.367197,0.510671,-0.075266,1.0000,1.0000,1.0000,1.660,4.810,0.340,5.000,3.000,8.000,1.500,0.060,0.110,31474460,1003177413,31474201,228,1000,1505,1504,1505,1000,1000,2008,1505,1505,1105,2008,1625,1256,1000,1000
-0.0039,-0.0074,-0.9206,0.0002,-0.0060,2.9312,0.0052,-0.0042,3.1416,0.0000,-0.1524,-0.0110,-9.8236,0.0007,0.0038,-0.0257,-0.1691,-0.0230,-9.8676,0.0013,-0.0009,-0.0249,0.5536,0.6522,-9.7106,-0.0041,0.0012,-0.0237,0.9785,-0.0572,-10.1173,-0.0021,-0.0069,-0.0264,0.0000,0.0085,0.0020,0.0248,0.0000,178.5316,0.0000,210.1743,-1.367945,0.510684,-0.092782,0.004105,-0.011063,-0.111497,0.000000,0.000000,0.000000,0.000000,0.000000,0.000000,-1.367197,0.510671,-0.075266,1.0000,1.0000,1.0000,1.660,4.810,0.340,5.000,3.000,8.000,1.500,0.060,0.110,31484960,1003177413,31483202,228,1000,1505,1504,1505,1000,1000,2008,1505,1505,1105,2008,1625,1255,1000,1000
-0.0043,-0.0071,-0.9208,-0.0012,-0.0066,2.9308,0.0052,-0.0042,3.1416,0.0000,-0.0061,0.1042,-9.8530,0.0007,0.0041,-0.0104,-0.0544,0.1700,-9.8653,0.0031,0.0018,-0.0136,0.2735,0.2500,-9.6747,-0.0052,0.0001,0.0120,0.1291,0.7885,-9.8498,-0.0109,-0.0064,0.0130,0.0000,0.0107,0.0027,0.0251,0.0000,178.1857,0.0000,212.3384,-1.368345,0.513282,-0.082894,0.002507,-0.001697,-0.087554,0.000000,0.000000,0.000000,0.000000,0.000000,0.000000,-1.368709,0.514128,-0.076937,1.0000,1.0000,1.0000,1.660,4.810,0.340,5.000,3.000,8.000,1.500,0.060,0.110,31495067,1003411020,31492258,230,1000,1505,1504,1505,1000,1000,2008,1505,1505,1105,2008,1625,1255,1000,1000
-0.0048,-0.0065,-0.9207,-0.0012,-0.0066,2.9309,0.0052,-0.0042,3.1416,0.0000,-0.0749,0.0829,-9.7556,-0.0005,0.0049,0.0171,-0.0699,0.0276,-9.7630,0.0003,0.0009,0.0159,0.0867,-0.6478,-9.3514,-0.0063,-0.0001,0.0125,0.8851,-0.1039,-9.6253,0.0088,0.0075,0.0192,0.0000,0.0112,0.0027,0.0218,0.0000,164.2283,0.0000,199.2305,-1.368320,0.513258,-0.083955,0.001826,-0.002304,-0.088254,0.000000,0.000000,0.000000,0.000000,0.000000,0.000000,-1.368709,0.514128,-0.076937,1.0000,1.0000,1.0000,1.660,4.810,0.340,5.000,3.000,8.000,1.500,0.060,0.110,31505567,1003411020,31504308,230,1000,1505,1504,1505,1000,1000,2008,1505,1505,1105,2008,1625,1256,1000,1000
-0.0043,-0.0066,-0.9206,-0.0012,-0.0066,2.9311,0.0052,-0.0042,3.1416,0.0000,-0.1178,0.0122,-9.8453,0.0000,0.0037,-0.0029,-0.0655,-0.0250,-9.8272,-0.0006,-0.0057,-0.0029,0.1945,-0.3534,-9.5741,-0.0092,0.0095,-0.0179,-0.6107,-0.6804,-9.7528,-0.0005,0.0099,-0.0067,0.0000,0.0112,0.0026,0.0225,0.0000,167.0222,0.0000,202.4428,-1.368304,0.513238,-0.084750,0.001888,-0.002117,-0.088515,0.000000,0.000000,0.000000,0.000000,0.000000,0.000000,-1.368709,0.514128,-0.076937,1.0000,1.0000,1.0000,1.660,4.810,0.340,5.000,3.000,8.000,1.500,0.060,0.110,31516067,1003411020,31513308,230,1000,1505,1504,1505,1000,1000,2008,1505,1505,1105,2008,1625,1256,1000,1000
-0.0040,-0.0070,-0.9208,-0.0012,-0.0066,2.9310,0.0052,-0.0042,3.1416,0.0000,-0.0599,0.0529,-9.8144,0.0015,0.0049,-0.0145,-0.0539,0.0823,-9.8148,0.0017,0.0027,-0.0185,-0.1958,0.1351,-10.0529,-0.0044,0.0089,-0.0099,-0.5407,-0.5062,-9.8911,-0.0101,-0.0080,0.0099,0.0000,0.0103,0.0026,0.0248,0.0000,177.5010,0.0000,211.0319,-1.368278,0.513213,-0.085819,0.002306,-0.002109,-0.089703,0.000000,0.000000,0.000000,0.000000,0.000000,0.000000,-1.368709,0.514128,-0.076937,1.0000,1.0000,1.0000,1.660,4.810,0.340,5.000,3.000,8.000,1.500,0.060,0.110,31526070,1003411020,31525311,230,1000,1505,1504,1505,1000,1000,2008,1505,1505,1105,2008,1625,1255,1000,1000
-0.0047,-0.0068,-0.9208,-0.0011,-0.0065,2.9310,0.0052,-0.0042,3.1416,0.0000,-0.0608,0.0541,-9.7943,-0.0001,0.0031,0.0029,-0.0220,-0.0000,-9.8236,0.0015,-0.0040,0.0038,-0.0210,-0.2480,-9.6747,-0.0047,0.0073,0.0093,-0.0989,0.0972,-9.3595,-0.0005,0.0077,0.0112,0.0000,0.0105,0.0027,0.0237,0.0000,172.9863,0.0000,206.6609,-1.368257,0.513193,-0.086629,0.002339,-0.002433,-0.090135,0.000000,0.000000,0.000000,0.000000,0.000000,0.000000,-1.368709,0.514128,-0.076937,1.0000,1.0000,1.0000,1.660,4.810,0.340,5.000,3.000,8.000,1.500,0.060,0.110,31536570,1003411020,31534311,230,1000,1505,1504,1505,1000,1000,2008,1505,1505,1105,2008,1625,1256,1000,1000
-0.0042,-0.0069,-0.9208,-0.0011,-0.0065,2.9311,0.0052,-0.0042,3.1416,0.0000,-0.1015,0.0135,-9.8578,-0.0008,0.0039,0.0040,-0.1437,0.0092,-9.8255,0.0036,-0.0019,0.0052,-0.0737,-0.2504,-9.8494,-0.0025,0.0036,0.0000,-0.2965,-0.1434,-9.6792,-0.0186,0.0067,-0.0096,0.0000,0.0110,0.0022,0.0223,0.0000,165.8180,0.0000,201.9459,-1.368228,0.513164,-0.087716,0.002565,-0.002383,-0.091172,0.000000,0.000000,0.000000,0.000000,0.000000,0.000000,-1.368709,0.514128,-0.076937,1.0000,1.0000,1.0000,1.660,4.810,0.340,5.000,3.000,8.000,1.500,0.060,0.110,31547070,1003411020,31546311,230,1000,1505,1504,1505,1000,1000,2008,1505,1505,1105,2008,1625,1256,1000,1000
-0.0037,-0.0075,-0.9208,-0.0011,-0.0065,2.9311,0.0052,-0.0042,3.1416,0.0000,-0.0945,0.0218,-9.8686,-0.0010,0.0039,-0.0090,-0.1110,0.0376,-9.8405,0.0039,0.0026,-0.0118,0.0676,0.2572,-9.6148,0.0017,0.0089,-0.0085,-0.1815,-0.1075,-9.6415,-0.0112,0.0016,-0.0216,0.0000,0.0109,0.0026,0.0240,0.0000,173.5984,0.0000,208.6452,-1.368203,0.513143,-0.088542,0.002979,-0.002223,-0.092417,0.000000,0.000000,0.000000,0.000000,0.000000,0.000000,-1.368709,0.514128,-0.076937,1.0000,1.0000,1.0000,1.660,4.810,0.340,5.000,3.000,8.000,1.500,0.060,0.110,31557570,1003411020,31555311,230,1000,1505,1504,1505,1000,1000,2008,1505,1505,1105,2008,1625,1256,1000,1000
-0.0041,-0.0071,-0.9209,-0.0011,-0.0065,2.9311,0.0052,-0.0042,3.1416,0.0000,0.0019,0.1116,-9.8020,-0.0010,0.0035,-0.0041,-0.0581,0.0371,-9.8191,0.0010,0.0017,-0.0037,-0.1000,0.0776,-9.7393,0.0065,0.0049,0.0027,0.1004,0.2175,-9.7780,0.0083,-0.0107,0.0149,0.0000,0.0110,0.0024,0.0236,0.0000,171.5834,0.0000,207.1872,-1.368167,0.513115,-0.089657,0.002732,-0.002562,-0.093356,0.000000,0.000000,0.000000,0.000000,0.000000,0.000000,-1.368709,0.514128,-0.076937,1.0000,1.0000,1.0000,1.660,4.810,0.340,5.000,3.000,8.000,1.500,0.060,0.110,31568070,1003411020,31567311,230,1000,1505,1504,1505,1000,1000,2008,1505,1505,1105,2008,1625,1256,1000,1000
-0.0043,-0.0063,-0.9209,-0.0011,-0.0065,2.9312,0.0052,-0.0042,3.1416,0.0000,-0.0261,0.0197,-9.8423,-0.0007,0.0036,0.0027,-0.0068,0.0022,-9.7753,0.0023,-0.0051,0.0032,0.0293,0.0273,-9.7369,0.0079,0.0089,0.0000,-0.1690,-0.3374,-9.5409,-0.0053,-0.0093,0.0099,0.0000,0.0109,0.0026,0.0229,0.0000,168.9263,0.0000,203.7855,-1.368145,0.513091,-0.090500,0.002326,-0.002789,-0.093911,0.000000,0.000000,0.000000,0.000000,0.000000,0.000000,-1.368709,0.514128,-0.076937,1.0000,1.0000,1.0000,1.660,4.810,0.340,5.000,3.000,8.000,1.500,0.060,0.110,31578570,1003411020,31576311,230,1000,1505,1504,1505,1000,1000,2008,1505,1505,1105,2008,1625,1256,1000,1000
-0.0035,-0.0062,-0.9209,-0.0011,-0.0065,2.9313,0.0063,-0.0042,3.1416,0.0000,-0.0513,0.0021,-9.8353,-0.0006,0.0041,0.0001,-0.0900,-0.0320,-9.7656,0.0022,-0.0019,-0.0003,-0.2460,0.1901,-9.6507,0.0041,0.0057,-0.0027,0.1076,0.2660,-10.0617,0.0290,0.0032,-0.0024,0.0000,0.0124,0.0022,0.0231,0.0000,167.4055,0.0000,206.5808,-1.368117,0.513060,-0.091634,0.002366,-0.002373,-0.095046,0.000000,0.000000,0.000000,0.000000,0.000000,0.000000,-1.368709,0.514128,-0.076937,1.0000,1.0000,1.0000,1.660,4.810,0.340,5.000,3.000,8.000,1.500,0.060,0.110,31589070,1003411020,31588311,230,1000,1506,1504,1505,1000,1000,2008,1505,1505,1105,2008,1625,1256,1000,1000
-0.0035,-0.0063,-0.9209,-0.0011,-0.0065,2.9313,0.0063,-0.0042,3.1416,0.0000,-0.0805,0.0415,-9.8001,0.0011,0.0044,-0.0030,-0.1015,0.0419,-9.8186,0.0038,-0.0015,-0.0058,-0.1622,-0.1522,-10.4169,0.0025,0.0097,-0.0005,0.2836,0.5820,-10.0994,0.0099,0.0029,0.0019,0.0000,0.0119,0.0022,0.0234,0.0000,169.5525,0.0000,207.5499,-1.368095,0.513039,-0.092492,0.002423,-0.002399,-0.095659,0.000000,0.000000,0.000000,0.000000,0.000000,0.000000,-1.368709,0.514128,-0.076937,1.0000,1.0000,1.0000,1.660,4.810,0.340,5.000,3.000,8.000,1.500,0.060,0.110,31599570,1003411020,31597311,230,1000,1506,1504,1505,1000,1000,2008,1505,1505,1105,2008,1625,1256,1000,1000
-0.0038,-0.0065,-0.9209,-0.0011,-0.0065,2.9313,0.0063,-0.0042,3.1416,0.0000,-0.0653,0.0351,-9.8100,0.0006,0.0022,-0.0037,-0.1122,0.0521,-9.8390,-0.0002,-0.0059,-0.0014,-0.2844,0.1614,-10.1631,0.0044,0.0073,-0.0027,-0.2049,0.2444,-9.6756,0.0104,0.0099,-0.0250,0.0000,0.0122,0.0027,0.0234,0.0000,169.6535,0.0000,207.0764,-1.368066,0.513008,-0.093645,0.002434,-0.002659,-0.096557,0.000000,0.000000,0.000000,0.000000,0.000000,0.000000,-1.368709,0.514128,-0.076937,1.0000,1.0000,1.0000,1.660,4.810,0.340,5.000,3.000,8.000,1.500,0.060,0.110,31610070,1003411020,31609311,230,1000,1506,1504,1505,1000,1000,2008,1505,1505,1105,2008,1625,1256,1000,1000
-0.0037,-0.0069,-0.9210,-0.0011,-0.0065,2.9313,0.0063,-0.0042,3.1416,0.0000,-0.0624,0.0358,-9.8426,0.0002,0.0032,-0.0027,-0.0106,0.0071,-9.8347,0.0032,0.0018,-0.0029,-0.2389,0.2859,-9.6842,-0.0055,0.0068,0.0011,0.2315,-0.8545,-9.5230,0.0024,-0.0011,-0.0072,0.0000,0.0120,0.0027,0.0236,0.0000,170.5556,0.0000,207.5652,-1.368043,0.512984,-0.094519,0.002564,-0.002715,-0.097551,0.000000,0.000000,0.000000,0.000000,0.000000,0.000000,-1.368709,0.514128,-0.076937,1.0000,1.0000,1.0000,1.660,4.810,0.340,5.000,3.000,8.000,1.500,0.060,0.110,31620570,1003411020,31618311,230,1000,1506,1504,1505,1000,1000,2008,1505,1505,1105,2008,1625,1256,1000,1000
-0.0035,-0.0063,-0.9209,-0.0011,-0.0065,2.9314,0.0063,-0.0042,3.1416,0.0000,-0.0423,-0.0008,-9.8322,-0.0006,0.0032,0.0017,-0.0604,0.0283,-9.8362,0.0012,0.0016,0.0036,0.0245,-0.2480,-9.6579,-0.0065,-0.0063,0.0008,0.1201,0.1098,-9.6217,-0.0085,-0.0130,0.0013,0.0000,0.0127,0.0030,0.0229,0.0000,167.7938,0.0000,205.2208,-1.368013,0.512951,-0.095695,0.002447,-0.002626,-0.098461,0.000000,0.000000,0.000000,0.000000,0.000000,0.000000,-1.368709,0.514128,-0.076937,1.0000,1.0000,1.0000,1.660,4.810,0.340,5.000,3.000,8.000,1.500,0.060,0.110,31631070,1003411020,31630311,230,1000,1506,1504,1505,1000,1000,2008,1505,1505,1105,2008,1625,1256,1000,1000
-0.0029,-0.0063,-0.9209,-0.0011,-0.0065,2.9315,0.0063,-0.0042,3.1416,0.0000,-0.0965,-0.0036,-9.8360,0.0007,0.0036,-0.0017,-0.0977,0.0375,-9.8111,0.0029,-0.0029,-0.0009,0.3621,0.6043,-9.6100,-0.0060,-0.0036,-0.0027,0.0052,0.5335,-9.7187,0.0029,-0.0072,-0.0040,0.0000,0.0122,0.0026,0.0230,0.0000,168.0304,0.0000,205.6364,-1.367991,0.512929,-0.096584,0.002478,-0.002378,-0.099195,0.000000,0.000000,0.000000,0.000000,0.000000,0.000000,-1.368709,0.514128,-0.076937,1.0000,1.0000,1.0000,1.660,4.810,0.340,5.000,3.000,8.000,1.500,0.060,0.110,31641570,1003411020,31639311,230,1000,1506,1504,1505,1000,1000,2008,1505,1505,1105,2008,1625,1256,1000,1000
-0.0024,-0.0070,-0.9210,-0.0011,-0.0065,2.9315,0.0063,-0.0042,3.1416,0.0000,-0.1197,0.0333,-9.8135,-0.0003,0.0042,-0.0051,-0.1315,0.0385,-9.8204,0.0033,0.0006,-0.0040,-0.3083,-0.1690,-9.6723,-0.0017,0.0100,-0.0035,0.9031,0.4725,-9.6199,0.0194,-0.0037,-0.0288,0.0000,0.0124,0.0029,0.0234,0.0000,169.8762,0.0000,206.9250,-1.367958,0.512903,-0.097781,0.003131,-0.002109,-0.100145,0.000000,0.000000,0.000000,0.000000,0.000000,0.000000,-1.368709,0.514128,-0.076937,1.0000,1.0000,1.0000,1.660,4.810,0.340,5.000,3.000,8.000,1.500,0.060,0.110,31652070,1003411020,31651311,230,1000,1506,1504,1505,1000,1000,2008,1505,1505,1105,2008,1625,1256,1000,1000
-0.0032,-0.0070,-0.9210,-0.0011,-0.0065,2.9315,0.0063,-0.0042,3.1416,0.0000,-0.0670,0.0724,-9.8498,-0.0009,0.0038,-0.0029,-0.0981,0.0073,-9.8257,0.0015,0.0007,-0.0054,0.0365,-0.4491,-9.4041,0.0033,0.0033,-0.0056,0.2153,0.3432,-9.4278,-0.0091,0.0146,0.0083,0.0000,0.0125,0.0025,0.0234,0.0000,169.1532,0.0000,207.5590,-1.367929,0.512882,-0.098685,0.003180,-0.002430,-0.100892,0.000000,0.000000,0.000000,0.000000,0.000000,0.000000,-1.368709,0.514128,-0.076937,1.0000,1.0000,1.0000,1.660,4.810,0.340,5.000,3.000,8.000,1.500,0.060,0.110,31662570,1003411020,31660311,230,1000,1506,1504,1505,1000,1000,2008,1505,1505,1105,2008,1625,1256,1000,1000
-0.0033,-0.0063,-0.9210,-0.0011,-0.0065,2.9315,0.0063,-0.0042,3.1416,0.0000,-0.0449,0.0311,-9.8400,-0.0011,0.0047,-0.0004,-0.0618,0.0255,-9.7800,0.0013,-0.0022,-0.0017,0.1107,-0.1020,-9.4759,-0.0007,-0.0039,-0.0035,-0.0109,0.2085,-9.7600,-0.0067,0.0037,-0.0064,0.0000,0.0125,0.0023,0.0231,0.0000,167.6541,0.0000,206.8677,-1.367891,0.512853,-0.099902,0.003093,-0.002467,-0.101911,0.000000,0.000000,0.000000,0.000000,0.000000,0.000000,-1.368709,0.514128,-0.076937,1.0000,1.0000,1.0000,1.660,4.810,0.340,5.000,3.000,8.000,1.500,0.060,0.110,31673070,1003411020,31672311,230,1000,1506,1504,1505,1000,1000,2008,1505,1505,1105,2008,1625,1256,1000,1000
-0.0030,-0.0059,-0.9211,-0.0011,-0.0065,2.9316,0.0063,-0.0042,3.1416,0.0000,-0.0640,0.0370,-9.8491,0.0002,0.0037,-0.0046,-0.0662,-0.0070,-9.8106,0.0023,0.0009,-0.0060,0.3118,-0.0277,-9.4041,-0.0025,-0.0031,-0.0069,-0.4437,-0.4990,-9.6774,-0.0133,-0.0037,-0.0059,0.0000,0.0122,0.0027,0.0236,0.0000,170.5383,0.0000,207.7964,-1.367864,0.512831,-0.100822,0.002942,-0.002306,-0.102672,0.000000,0.000000,0.000000,0.000000,0.000000,0.000000,-1.368709,0.514128,-0.076937,1.0000,1.0000,1.0000,1.660,4.810,0.340,5.000,3.000,8.000,1.500,0.060,0.110,31683570,1003411020,31681312,230,1000,1506,1504,1505,1000,1000,2008,1505,1505,1105,2008,1625,1256,1000,1000
-0.0027,-0.0064,-0.9211,-0.0015,-0.0069,2.9316,0.0063,-0.0042,3.1416,0.0000,-0.0954,0.0450,-9.8484,0.0001,0.0028,-0.0040,-0.0568,0.0196,-9.8362,0.0028,-0.0033,-0.0006,0.2855,0.0776,-9.3538,-0.0039,-0.0028,-0.0008,-0.3809,-0.0824,-9.9162,-0.0021,0.0016,-0.0083,0.0000,0.0131,0.0036,0.0236,0.0000,170.7866,0.0000,207.3646,-1.368372,0.513785,-0.090625,0.001226,0.001386,-0.076633,0.000000,0.000000,0.000000,0.000000,0.000000,0.000000,-1.368664,0.514290,-0.077013,1.0000,1.0000,1.0000,1.660,4.810,0.340,5.000,3.000,8.000,1.500,0.060,0.110,31693615,1003544360,31693356,231,1000,1506,1504,1505,1000,1000,2008,1505,1505,1105,2008,1625,1256,1000,1000
-0.0033,-0.0069,-0.9211,-0.0015,-0.0069,2.9317,0.0063,-0.0042,3.1416,0.0000,-0.1025,0.0537,-9.8437,0.0008,0.0028,0.0063,-0.0570,0.0218,-9.8544,0.0053,0.0063,0.0050,-0.0808,-0.3845,-9.7201,-0.0039,0.0060,0.0069,-0.2121,0.0792,-9.6289,0.0027,-0.0077,0.0176,0.0000,0.0128,0.0035,0.0225,0.0000,166.4561,0.0000,202.8909,-1.368360,0.513795,-0.091319,0.001569,0.000848,-0.077624,0.000000,0.000000,0.000000,0.000000,0.000000,0.000000,-1.368664,0.514290,-0.077013,1.0000,1.0000,1.0000,1.660,4.810,0.340,5.000,3.000,8.000,1.500,0.060,0.110,31704115,1003544360,31702357,231,1000,1506,1504,1505,1000,1000,2008,1505,1505,1105,2008,1625,1256,1000,1000
-0.0031,-0.0069,-0.9211,-0.0015,-0.0069,2.9318,0.0063,-0.0042,3.1416,0.0000,-0.0665,0.0379,-9.8417,0.0008,0.0029,-0.0020,-0.0832,-0.0036,-9.8139,0.0024,-0.0017,-0.0020,-0.2413,0.1255,-9.8494,-0.0009,0.0001,-0.0096,-0.4527,0.4168,-10.2646,-0.0011,-0.0112,-0.0253,0.0000,0.0129,0.0034,0.0230,0.0000,168.5947,0.0000,205.3456,-1.368340,0.513806,-0.092257,0.001639,0.000989,-0.078745,0.000000,0.000000,0.000000,0.000000,0.000000,0.000000,-1.368664,0.514290,-0.077013,1.0000,1.0000,1.0000,1.660,4.810,0.340,5.000,3.000,8.000,1.500,0.060,0.110,31714615,1003544360,31714356,231,1000,1506,1504,1505,1000,1000,2008,1505,1505,1105,2008,1625,1256,1000,1000
-0.0034,-0.0068,-0.9211,-0.0015,-0.0069,2.9318,0.0063,-0.0042,3.1416,0.0000,-0.0278,0.0316,-9.8243,0.0003,0.0039,-0.0109,-0.0559,-0.0069,-9.7745,0.0041,0.0011,-0.0150,-0.1694,-0.0660,-9.5310,-0.0009,-0.0057,-0.0040,-0.5945,0.3037,-10.3921,0.0040,-0.0053,-0.0077,0.0000,0.0128,0.0037,0.0242,0.0000,173.7917,0.0000,209.5406,-1.368325,0.513815,-0.092970,0.001694,0.000915,-0.079838,0.000000,0.000000,0.000000,0.000000,0.000000,0.000000,-1.368664,0.514290,-0.077013,1.0000,1.0000,1.0000,1.660,4.810,0.340,5.000,3.000,8.000,1.500,0.060,0.110,31725115,1003544360,31723356,231,1000,1506,1504,1505,1000,1000,2008,1505,1505,1105,2008,1625,1255,1000,1000
-0.0038,-0.0063,-0.9212,-0.0015,-0.0069,2.9318,0.0063,-0.0042,3.1416,0.0000,-0.0382,0.0336,-9.7926,-0.0004,0.0031,0.0025,-0.0218,0.0388,-9.7797,0.0019,-0.0011,0.0033,-0.0641,0.1039,-10.0841,-0.0044,0.0044,0.0035,-0.6107,0.2372,-10.2790,-0.0112,-0.0056,0.0162,0.0000,0.0128,0.0032,0.0233,0.0000,169.4212,0.0000,206.7974,-1.368306,0.513825,-0.093934,0.001506,0.000852,-0.080778,0.000000,0.000000,0.000000,0.000000,0.000000,0.000000,-1.368664,0.514290,-0.077013,1.0000,1.0000,1.0000,1.660,4.810,0.340,5.000,3.000,8.000,1.500,0.060,0.110,31735615,1003544360,31735356,231,1000,1506,1504,1505,1000,1000,2008,1505,1505,1105,2008,1625,1255,1000,1000
-0.0039,-0.0057,-0.9211,-0.0015,-0.0069,2.9319,0.0063,-0.0042,3.1416,0.0000,-0.0340,0.0014,-9.8493,-0.0005,0.0048,0.0030,-0.0458,0.0149,-9.8279,0.0046,-0.0060,0.0039,-0.1072,0.2476,-9.7441,0.0015,-0.0028,0.0013,-0.4240,0.2768,-9.9450,0.0003,-0.0242,-0.0011,0.0000,0.0132,0.0029,0.0225,0.0000,165.3143,0.0000,204.2719,-1.368294,0.513833,-0.094665,0.001275,0.000828,-0.081704,0.000000,0.000000,0.000000,0.000000,0.000000,0.000000,-1.368664,0.514290,-0.077013,1.0000,1.0000,1.0000,1.660,4.810,0.340,5.000,3.000,8.000,1.500,0.060,0.110,31746115,1003544360,31744356,231,1000,1506,1504,1505,1000,1000,2008,1505,1505,1105,2008,1625,1255,1000,1000
-0.0032,-0.0058,-0.9212,-0.0015,-0.0068,2.9319,0.0063,-0.0042,3.1416,0.0000,-0.0413,0.0138,-9.7914,-0.0010,0.0044,-0.0072,-0.0709,0.0427,-9.7782,0.0008,0.0029,-0.0050,-0.1694,0.1422,-10.0577,0.0073,-0.0041,-0.0099,-0.0343,0.4438,-10.0240,0.0101,-0.0107,-0.0234,0.0000,0.0131,0.0032,0.0233,0.0000,169.0751,0.0000,207.0895,-1.368278,0.513845,-0.095653,0.001332,0.001288,-0.082807,0.000000,0.000000,0.000000,0.000000,0.000000,0.000000,-1.368664,0.514290,-0.077013,1.0000,1.0000,1.0000,1.660,4.810,0.340,5.000,3.000,8.000,1.500,0.060,0.110,31756615,1003544360,31756356,231,1000,1506,1504,1505,1000,1000,2008,1505,1505,1105,2008,1625,1255,1000,1000
-0.0033,-0.0057,-0.9213,-0.0015,-0.0068,2.9319,0.0063,-0.0042,3.1416,0.0000,-0.0330,0.0569,-9.8118,0.0009,0.0054,-0.0076,-0.0945,0.0692,-9.8349,-0.0008,-0.0018,-0.0070,-0.0330,-0.1451,-9.7608,0.0023,0.0028,-0.0035,-0.1690,0.3360,-10.2179,0.0189,-0.0059,-0.0072,0.0000,0.0124,0.0029,0.0242,0.0000,172.8998,0.0000,210.1988,-1.368266,0.513857,-0.096401,0.001286,0.001324,-0.083549,0.000000,0.000000,0.000000,0.000000,0.000000,0.000000,-1.368664,0.514290,-0.077013,1.0000,1.0000,1.0000,1.660,4.810,0.340,5.000,3.000,8.000,1.500,0.060,0.110,31767115,1003544360,31765356,231,1000,1506,1504,1505,1000,1000,2008,1505,1505,1105,2008,1625,1255,1000,1000
-0.0041,-0.0055,-0.9213,-0.0014,-0.0068,2.9320,0.0063,-0.0042,3.1416,0.0000,-0.0788,0.0565,-9.8446,0.0004,0.0032,0.0052,-0.0901,0.0885,-9.7853,0.0032,-0.0017,0.0034,0.1538,0.1327,-9.7106,-0.0025,0.0015,0.0053,-0.2857,-0.0752,-9.8947,0.0016,-0.0165,0.0029,0.0000,0.0127,0.0033,0.0225,0.0000,166.5315,0.0000,203.2631,-1.368253,0.513871,-0.097411,0.001062,0.000946,-0.084800,0.000000,0.000000,0.000000,0.000000,0.000000,0.000000,-1.368664,0.514290,-0.077013,1.0000,1.0000,1.0000,1.660,4.810,0.340,5.000,3.000,8.000,1.500,0.060,0.110,31777615,1003544360,31777356,231,1000,1506,1504,1505,1000,1000,2008,1505,1505,1105,2008,1625,1256,1000,1000
-0.0042,-0.0063,-0.9212,-0.0014,-0.0068,2.9320,0.0063,-0.0042,3.1416,0.0000,-0.0952,0.0275,-9.8244,-0.0016,0.0025,-0.0018,-0.0951,0.0464,-9.8241,0.0002,0.0006,-0.0008,0.0987,-0.0349,-9.6220,-0.0028,0.0033,-0.0024,-0.1402,-0.1434,-9.9575,-0.0024,0.0021,0.0064,0.0000,0.0133,0.0036,0.0232,0.0000,168.8866,0.0000,206.0874,-1.368242,0.513879,-0.098177,0.001375,0.000854,-0.085379,0.000000,0.000000,0.000000,0.000000,0.000000,0.000000,-1.368664,0.514290,-0.077013,1.0000,1.0000,1.0000,1.660,4.810,0.340,5.000,3.000,8.000,1.500,0.060,0.110,31788115,1003544360,31786357,231,1000,1506,1504,1505,1000,1000,2008,1505,1505,1105,2008,1625,1256,1000,1000
-0.0038,-0.0060,-0.9213,-0.0016,-0.0070,2.9321,0.0063,-0.0031,3.1416,0.0000,-0.0622,-0.0247,-9.8284,0.0001,0.0056,-0.0066,-0.0632,-0.0321,-9.8361,0.0028,-0.0027,-0.0094,0.0652,0.5157,-9.8710,-0.0057,0.0113,-0.0040,-0.2300,0.3576,-9.8049,-0.0061,-0.0051,-0.0133,0.0000,0.0129,0.0045,0.0237,0.0000,172.8991,0.0000,206.5539,-1.368478,0.514249,-0.089366,0.000427,0.002173,-0.063259,0.000000,0.000000,0.000000,0.000000,0.000000,0.000000,-1.368647,0.514490,-0.077101,1.0000,1.0000,1.0000,1.660,4.810,0.340,5.000,3.000,8.000,1.500,0.060,0.110,31798164,1003677835,31795416,232,1000,1506,1503,1505,1000,1000,2008,1505,1505,1105,2008,1625,1256,1000,1000
-0.0035,-0.0054,-0.9213,-0.0016,-0.0070,2.9321,0.0063,-0.0031,3.1416,0.0000,-0.0225,0.0040,-9.7990,-0.0011,0.0027,-0.0026,-0.0637,0.0020,-9.8081,0.0017,-0.0020,-0.0033,-0.0832,0.3242,-10.0170,-0.0001,0.0060,0.0021,-0.2228,-0.3446,-9.9916,0.0035,0.0024,0.0115,0.0000,0.0134,0.0053,0.0233,0.0000,172.0525,0.0000,204.6831,-1.368473,0.514277,-0.090130,0.000209,0.002491,-0.064281,0.000000,0.000000,0.000000,0.000000,0.000000,0.000000,-1.368647,0.514490,-0.077101,1.0000,1.0000,1.0000,1.660,4.810,0.340,5.000,3.000,8.000,1.500,0.060,0.110,31808165,1003677835,31807406,232,1000,1506,1503,1505,1000,1000,2008,1505,1505,1105,2008,1625,1256,1000,1000
-0.0028,-0.0052,-0.9213,-0.0016,-0.0070,2.9321,0.0063,-0.0042,3.1416,0.0000,-0.0528,0.0241,-9.7888,-0.0000,0.0048,0.0022,-0.1225,0.0267,-9.8202,0.0042,-0.0037,0.0002,-0.1622,0.0489,-9.8542,0.0073,0.0063,0.0048,0.1992,-0.1345,-9.5750,-0.0043,-0.0029,0.0037,0.0000,0.0130,0.0032,0.0229,0.0000,167.5069,0.0000,205.0191,-1.368472,0.514301,-0.090712,0.000079,0.002902,-0.064795,0.000000,0.000000,0.000000,0.000000,0.000000,0.000000,-1.368647,0.514490,-0.077101,1.0000,1.0000,1.0000,1.660,4.810,0.340,5.000,3.000,8.000,1.500,0.060,0.110,31818665,1003677835,31816406,232,1000,1506,1504,1505,1000,1000,2008,1505,1505,1105,2008,1625,1256,1000,1000
-0.0024,-0.0053,-0.9213,-0.0016,-0.0070,2.9322,0.0063,-0.0042,3.1416,0.0000,-0.0885,0.0342,-9.8054,-0.0009,0.0025,0.0007,-0.1240,0.0509,-9.8382,0.0026,-0.0020,-0.0016,0.0173,0.1087,-9.7704,0.0100,0.0073,-0.0011,0.2369,-0.5187,-9.5696,-0.0072,0.0096,0.0080,0.0000,0.0134,0.0040,0.0230,0.0000,168.5736,0.0000,204.7047,-1.368472,0.514338,-0.091496,0.000127,0.003161,-0.065578,0.000000,0.000000,0.000000,0.000000,0.000000,0.000000,-1.368647,0.514490,-0.077101,1.0000,1.0000,1.0000,1.660,4.810,0.340,5.000,3.000,8.000,1.500,0.060,0.110,31828693,1003677835,31828434,232,1000,1506,1504,1505,1000,1000,2008,1505,1505,1105,2008,1625,1256,1000,1000
-0.0030,-0.0058,-0.9213,-0.0016,-0.0070,2.9323,0.0063,-0.0031,3.1416,0.0000,-0.0887,0.0846,-9.8261,0.0002,0.0035,-0.0051,-0.1205,0.0376,-9.8685,0.0029,0.0001,-0.0062,-0.2748,-0.3270,-10.0601,0.0087,0.0039,-0.0085,0.3069,-0.3302,-9.2392,-0.0091,0.0024,0.0011,0.0000,0.0132,0.0054,0.0235,0.0000,173.0993,0.0000,204.8207,-1.368469,0.514365,-0.092089,0.000331,0.002953,-0.066192,0.000000,0.000000,0.000000,0.000000,0.000000,0.000000,-1.368647,0.514490,-0.077101,1.0000,1.0000,1.0000,1.660,4.810,0.340,5.000,3.000,8.000,1.500,0.060,0.110,31839193,1003677835,31837434,232,1000,1506,1503,1505,1000,1000,2008,1505,1505,1105,2008,1625,1256,1000,1000
-0.0034,-0.0060,-0.9214,-0.0016,-0.0070,2.9323,0.0063,-0.0031,3.1416,0.0000,-0.0671,0.0993,-9.8586,-0.0002,0.0022,-0.0055,-0.0650,0.0972,-9.8355,0.0015,-0.0046,-0.0074,0.2400,-0.4276,-9.7656,0.0015,0.0012,-0.0059,0.2818,0.0882,-9.5194,0.0123,-0.0005,-0.0210,0.0000,0.0132,0.0058,0.0237,0.0000,174.6402,0.0000,205.3053,-1.368465,0.514399,-0.092891,0.000347,0.002647,-0.067507,0.000000,0.000000,0.000000,0.000000,0.000000,0.000000,-1.368647,0.514490,-0.077101,1.0000,1.0000,1.0000,1.660,4.810,0.340,5.000,3.000,8.000,1.500,0.060,0.110,31849693,1003677835,31849434,232,1000,1506,1503,1505,1000,1000,2008,1505,1505,1105,2008,1625,1256,1000,1000
-0.0041,-0.0058,-0.9214,-0.0016,-0.0070,2.9323,0.0063,-0.0042,3.1416,0.0000,-0.0501,0.0769,-9.8330,0.0005,0.0048,0.0036,-0.0543,0.0218,-9.8256,0.0012,-0.0014,0.0037,0.1394,-0.6454,-9.8135,0.0015,-0.0065,0.0029,0.2907,-0.0968,-9.8767,0.0061,-0.0168,0.0013,0.0000,0.0131,0.0031,0.0228,0.0000,166.9991,0.0000,205.0818,-1.368463,0.514422,-0.093502,0.000134,0.002330,-0.068369,0.000000,0.000000,0.000000,0.000000,0.000000,0.000000,-1.368647,0.514490,-0.077101,1.0000,1.0000,1.0000,1.660,4.810,0.340,5.000,3.000,8.000,1.500,0.060,0.110,31860193,1003677835,31858434,232,1000,1506,1504,1505,1000,1000,2008,1505,1505,1105,2008,1625,1256,1000,1000
-0.0036,-0.0058,-0.9214,-0.0016,-0.0070,2.9324,0.0063,-0.0042,3.1416,0.0000,-0.0747,0.0337,-9.8564,0.0004,0.0037,-0.0009,-0.0297,0.0269,-9.8152,0.0039,-0.0040,-0.0053,0.1107,-0.5090,-9.7848,-0.0012,-0.0036,-0.0027,0.2045,-0.0680,-9.9503,0.0085,0.0112,0.0083,0.0000,0.0129,0.0039,0.0230,0.0000,169.2302,0.0000,204.5798,-1.368462,0.514451,-0.094330,0.000081,0.002608,-0.069542,0.000000,0.000000,0.000000,0.000000,0.000000,0.000000,-1.368647,0.514490,-0.077101,1.0000,1.0000,1.0000,1.660,4.810,0.340,5.000,3.000,8.000,1.500,0.060,0.110,31870693,1003677835,31870434,232,1000,1506,1504,1505,1000,1000,2008,1505,1505,1105,2008,1625,1256,1000,1000
-0.0029,-0.0057,-0.9214,-0.0016,-0.0070,2.9324,0.0063,-0.0042,3.1416,0.0000,-0.0416,0.0125,-9.8098,0.0003,0.0042,-0.0054,-0.0484,0.0146,-9.8195,0.0019,-0.0000,-0.0043,-0.1024,-0.1067,-9.7273,-0.0001,0.0044,-0.0053,0.1740,-0.1434,-9.9072,0.0045,0.0045,-0.0221,0.0000,0.0130,0.0035,0.0234,0.0000,170.0482,0.0000,206.8263,-1.368462,0.514476,-0.094960,0.000015,0.002863,-0.070388,0.000000,0.000000,0.000000,0.000000,0.000000,0.000000,-1.368647,0.514490,-0.077101,1.0000,1.0000,1.0000,1.660,4.810,0.340,5.000,3.000,8.000,1.500,0.060,0.110,31881193,1003677835,31879434,232,1000,1506,1504,1505,1000,1000,2008,1505,1505,1105,2008,1625,1256,1000,1000
-0.0029,-0.0055,-0.9215,-0.0015,-0.0070,2.9324,0.0063,-0.0042,3.1416,0.0000,-0.0640,0.0553,-9.8252,0.0012,0.0040,-0.0019,-0.1250,0.0854,-9.8043,0.0025,-0.0033,-0.0050,-0.1287,-0.1091,-9.7082,-0.0017,-0.0041,0.0008,-0.0738,-0.0321,-9.9503,0.0013,-0.0024,0.0016,0.0000,0.0128,0.0034,0.0234,0.0000,169.9883,0.0000,206.5517,-1.368462,0.514512,-0.095809,-0.000100,0.003009,-0.071252,0.000000,0.000000,0.000000,0.000000,0.000000,0.000000,-1.368647,0.514490,-0.077101,1.0000,1.0000,1.0000,1.660,4.810,0.340,5.000,3.000,8.000,1.500,0.060,0.110,31891693,1003677835,31891434,232,1000,1506,1504,1505,1000,1000,2008,1505,1505,1105,2008,1625,1256,1000,1000
-0.0037,-0.0057,-0.9215,-0.0015,-0.0069,2.9325,0.0063,-0.0042,3.1416,0.0000,-0.0741,0.0745,-9.8620,-0.0009,0.0058,0.0039,-0.0444,0.0767,-9.8098,0.0010,0.0003,0.0033,0.3238,-0.0062,-9.8686,0.0025,-0.0023,0.0008,-0.0271,-0.6103,-9.8875,0.0205,-0.0008,-0.0178,0.0000,0.0127,0.0032,0.0229,0.0000,167.7155,0.0000,204.7429,-1.368464,0.514538,-0.096454,-0.000158,0.002683,-0.072258,0.000000,0.000000,0.000000,0.000000,0.000000,0.000000,-1.368647,0.514490,-0.077101,1.0000,1.0000,1.0000,1.660,4.810,0.340,5.000,3.000,8.000,1.500,0.060,0.110,31902193,1003677835,31900434,232,1000,1506,1504,1505,1000,1000,2008,1505,1505,1105,2008,1625,1256,1000,1000
-0.0034,-0.0060,-0.9214,-0.0015,-0.0069,2.9326,0.0063,-0.0042,3.1416,0.0000,-0.0769,0.0204,-9.8246,0.0007,0.0042,-0.0004,-0.0356,0.0310,-9.8238,0.0031,-0.0027,-0.0040,0.1945,-0.0613,-9.7489,-0.0004,0.0007,-0.0027,0.0268,-0.4128,-9.8516,0.0109,0.0029,0.0075,0.0000,0.0127,0.0031,0.0230,0.0000,168.3127,0.0000,205.5040,-1.368465,0.514570,-0.097329,-0.000070,0.002812,-0.073432,0.000000,0.000000,0.000000,0.000000,0.000000,0.000000,-1.368647,0.514490,-0.077101,1.0000,1.0000,1.0000,1.660,4.810,0.340,5.000,3.000,8.000,1.500,0.060,0.110,31912693,1003677835,31912434,232,1000,1506,1504,1505,1000,1000,2008,1505,1505,1105,2008,1625,1256,1000,1000
-0.0033,-0.0061,-0.9215,-0.0015,-0.0069,2.9326,0.0063,-0.0042,3.1416,0.0000,-0.0779,0.0452,-9.8165,-0.0000,0.0049,-0.0062,-0.0730,-0.0234,-9.8264,0.0009,0.0025,-0.0046,-0.0210,-0.2073,-9.7728,0.0028,0.0023,-0.0019,0.4326,0.1564,-9.4116,0.0173,-0.0091,0.0013,0.0000,0.0130,0.0029,0.0236,0.0000,170.0468,0.0000,208.4558,-1.368466,0.514596,-0.097994,-0.000036,0.002838,-0.074197,0.000000,0.000000,0.000000,0.000000,0.000000,0.000000,-1.368647,0.514490,-0.077101,1.0000,1.0000,1.0000,1.660,4.810,0.340,5.000,3.000,8.000,1.500,0.060,0.110,31923193,1003677835,31921434,232,1000,1506,1504,1505,1000,1000,2008,1505,1505,1105,2008,1625,1256,1000,1000
-0.0035,-0.0059,-0.9215,-0.0015,-0.0069,2.9326,0.0063,-0.0042,3.1416,0.0000,-0.0625,0.0491,-9.8333,-0.0006,0.0048,-0.0031,-0.0982,0.0492,-9.8050,0.0028,0.0027,-0.0021,0.3860,0.0345,-9.6938,0.0031,-0.0007,0.0011,0.2279,0.0792,-9.6092,0.0011,-0.0005,0.0027,0.0000,0.0132,0.0031,0.0234,0.0000,169.0970,0.0000,207.4969,-1.368467,0.514630,-0.098889,-0.000129,0.002841,-0.074984,0.000000,0.000000,0.000000,0.000000,0.000000,0.000000,-1.368647,0.514490,-0.077101,1.0000,1.0000,1.0000,1.660,4.810,0.340,5.000,3.000,8.000,1.500,0.060,0.110,31933693,1003677835,31933435,232,1000,1506,1504,1505,1000,1000,2008,1505,1505,1105,2008,1625,1256,1000,1000
-0.0040,-0.0055,-0.9215,-0.0012,-0.0067,2.9327,0.0063,-0.0042,3.1416,0.0000,-0.0758,0.0557,-9.8185,0.0002,0.0034,0.0004,-0.0936,0.0410,-9.8099,0.0020,0.0008,0.0001,0.0820,0.0656,-9.8877,0.0023,0.0097,0.0027,0.2979,0.3288,-9.4978,0.0176,0.0253,-0.0083,0.0000,0.0124,0.0031,0.0230,0.0000,168.4020,0.0000,204.9069,-1.368340,0.514152,-0.088865,0.000131,0.000938,-0.050781,0.000000,0.000000,0.000000,0.000000,0.000000,0.000000,-1.368271,0.513870,-0.076681,1.0000,1.0000,1.0000,1.660,4.810,0.340,5.000,3.000,8.000,1.500,0.060,0.110,31943738,1003811139,31942479,233,1000,1506,1504,1505,1000,1000,2008,1505,1505,1105,2008,1625,1256,1000,1000
-0.0041,-0.0057,-0.9215,-0.0012,-0.0067,2.9327,0.0063,-0.0042,3.1416,0.0000,-0.0447,0.0292,-9.8414,-0.0004,0.0042,-0.0010,-0.0421,-0.0067,-9.8004,0.0039,-0.0025,-0.0019,0.0724,-0.1905,-9.8327,0.0001,0.0044,-0.0061,-0.3126,-0.0429,-9.6379,0.0120,0.0181,0.0168,0.0000,0.0124,0.0029,0.0230,0.0000,168.3372,0.0000,205.4643,-1.368338,0.514160,-0.089325,0.000120,0.000841,-0.051611,0.000000,0.000000,0.000000,0.000000,0.000000,0.000000,-1.368271,0.513870,-0.076681,1.0000,1.0000,1.0000,1.660,4.810,0.340,5.000,3.000,8.000,1.500,0.060,0.110,31954238,1003811139,31951479,233,1000,1506,1504,1505,1000,1000,2008,1505,1505,1105,2008,1625,1256,1000,1000
-0.0035,-0.0060,-0.9216,-0.0012,-0.0067,2.9327,0.0063,-0.0042,3.1416,0.0000,-0.0901,0.0138,-9.8016,-0.0004,0.0027,-0.0063,-0.1013,0.0123,-9.8387,0.0050,0.0057,-0.0072,-0.2532,0.1566,-9.9428,0.0007,0.0092,-0.0048,0.2818,0.1223,-10.3903,0.0077,0.0000,0.0013,0.0000,0.0126,0.0032,0.0236,0.0000,170.6651,0.0000,207.4459,-1.368337,0.514170,-0.089927,0.000197,0.000950,-0.052668,0.000000,0.000000,0.000000,0.000000,0.000000,0.000000,-1.368271,0.513870,-0.076681,1.0000,1.0000,1.0000,1.660,4.810,0.340,5.000,3.000,8.000,1.500,0.060,0.110,31964265,1003811139,31963006,233,1000,1506,1504,1505,1000,1000,2008,1505,1505,1105,2008,1625,1256,1000,1000
-0.0033,-0.0065,-0.9216,-0.0012,-0.0067,2.9327,0.0063,-0.0042,3.1416,0.0000,-0.0591,0.0335,-9.8477,0.0003,0.0037,-0.0033,-0.0782,0.0627,-9.8570,0.0034,-0.0013,-0.0045,-0.4256,0.2284,-9.7058,-0.0028,0.0068,-0.0045,-0.4455,-0.5762,-9.5158,-0.0205,-0.0088,0.0208,0.0000,0.0124,0.0026,0.0235,0.0000,169.7811,0.0000,207.5847,-1.368334,0.514179,-0.090405,0.000434,0.001013,-0.053578,0.000000,0.000000,0.000000,0.000000,0.000000,0.000000,-1.368271,0.513870,-0.076681,1.0000,1.0000,1.0000,1.660,4.810,0.340,5.000,3.000,8.000,1.500,0.060,0.110,31974765,1003811139,31972006,233,1000,1506,1504,1505,1000,1000,2008,1505,1505,1105,2008,1625,1256,1000,1000
-0.0040,-0.0067,-0.9216,-0.0012,-0.0067,2.9328,0.0063,-0.0042,3.1416,0.0000,-0.0597,0.0815,-9.7908,-0.0007,0.0026,0.0024,-0.0717,0.0654,-9.8305,0.0017,0.0025,-0.0012,-0.2772,0.0154,-10.0290,0.0020,-0.0020,0.0027,-0.3629,-0.1650,-10.2125,0.0037,-0.0136,0.0013,0.0000,0.0127,0.0030,0.0228,0.0000,167.4020,0.0000,204.7756,-1.368329,0.514189,-0.091056,0.000489,0.000645,-0.054582,0.000000,0.000000,0.000000,0.000000,0.000000,0.000000,-1.368271,0.513870,-0.076681,1.0000,1.0000,1.0000,1.660,4.810,0.340,5.000,3.000,8.000,1.500,0.060,0.110,31984795,1003811139,31984036,233,1000,1506,1504,1505,1000,1000,2008,1505,1505,1105,2008,1625,1256,1000,1000
-0.0045,-0.0072,-0.9216,-0.0012,-0.0067,2.9329,0.0063,-0.0042,3.1416,0.0000,-0.0896,0.0624,-9.8303,0.0003,0.0042,-0.0001,-0.0548,0.0117,-9.8247,0.0040,-0.0027,0.0013,0.0030,-0.1738,-9.9069,0.0047,0.0020,-0.0019,0.0519,-0.1399,-9.8426,0.0005,0.0048,-0.0027,0.0000,0.0124,0.0033,0.0228,0.0000,167.9441,0.0000,203.8218,-1.368323,0.514194,-0.091551,0.000734,0.000295,-0.055369,0.000000,0.000000,0.000000,0.000000,0.000000,0.000000,-1.368271,0.513870,-0.076681,1.0000,1.0000,1.0000,1.660,4.810,0.340,5.000,3.000,8.000,1.500,0.060,0.110,31995295,1003811139,31993036,233,1000,1506,1504,1505,1000,1000,2008,1505,1505,1105,2008,1625,1256,1000,1000
-0.0045,-0.0065,-0.9217,-0.0012,-0.0067,2.9329,0.0063,-0.0042,3.1416,0.0000,-0.0538,0.0512,-9.8159,-0.0006,0.0044,-0.0073,-0.0428,0.0344,-9.7889,0.0044,-0.0010,-0.0070,0.0389,-0.0110,-9.9524,0.0028,0.0015,-0.0051,0.2243,-0.0626,-9.9485,-0.0146,0.0067,-0.0138,0.0000,0.0121,0.0031,0.0234,0.0000,170.4769,0.0000,206.5937,-1.368315,0.514196,-0.092222,0.000613,0.000176,-0.056409,0.000000,0.000000,0.000000,0.000000,0.000000,0.000000,-1.368271,0.513870,-0.076681,1.0000,1.0000,1.0000,1.660,4.810,0.340,5.000,3.000,8.000,1.500,0.060,0.110,32005795,1003811139,32005037,233,1000,1506,1504,1505,1000,1000,2008,1505,1505,1105,2008,1625,1256,1000,1000
-0.0042,-0.0060,-0.9217,-0.0012,-0.0067,2.9329,0.0063,-0.0042,3.1416,0.0000,-0.0652,0.0407,-9.8042,-0.0011,0.0043,-0.0044,-0.0842,0.0245,-9.8448,0.0053,0.0048,-0.0090,-0.0928,0.2644,-9.8542,0.0020,0.0073,0.0027,0.0393,-0.3517,-9.6343,0.0077,-0.0133,0.0059,0.0000,0.0124,0.0031,0.0236,0.0000,171.0506,0.0000,207.6575,-1.368310,0.514198,-0.092732,0.000463,0.000258,-0.057117,0.000000,0.000000,0.000000,0.000000,0.000000,0.000000,-1.368271,0.513870,-0.076681,1.0000,1.0000,1.0000,1.660,4.810,0.340,5.000,3.000,8.000,1.500,0.060,0.110,32016295,1003811139,32014036,233,1000,1506,1504,1505,1000,1000,2008,1505,1505,1105,2008,1625,1256,1000,1000
-0.0039,-0.0061,-0.9217,-0.0009,-0.0066,2.9329,0.0063,-0.0042,3.1416,0.0000,-0.0667,0.0073,-9.8084,0.0001,0.0027,0.0030,-0.0814,0.0036,-9.8190,0.0034,0.0024,0.0025,-0.4759,-0.2336,-9.7082,-0.0023,0.0081,0.0008,0.0627,0.3558,-9.9611,-0.0011,-0.0117,0.0019,0.0000,0.0126,0.0029,0.0229,0.0000,167.5666,0.0000,205.2253,-1.368322,0.513766,-0.086393,0.000471,-0.001294,-0.041218,0.000000,0.000000,0.000000,0.000000,0.000000,0.000000,-1.368338,0.513418,-0.076471,1.0000,1.0000,1.0000,1.660,4.810,0.340,5.000,3.000,8.000,1.500,0.060,0.110,32026342,1003944155,32026083,234,1000,1506,1504,1505,1000,1000,2008,1505,1505,1105,2008,1625,1256,1000,1000
-0.0035,-0.0066,-0.9217,-0.0009,-0.0066,2.9330,0.0063,-0.0042,3.1416,0.0000,-0.1121,0.0228,-9.8150,0.0005,0.0029,0.0017,-0.0989,0.0409,-9.8009,0.0028,-0.0015,-0.0003,-0.0282,0.2284,-9.8901,-0.0020,0.0076,-0.0008,-0.2570,0.4060,-9.8444,-0.0032,0.0045,0.0091,0.0000,0.0121,0.0029,0.0227,0.0000,167.4964,0.0000,203.9049,-1.368317,0.513755,-0.086767,0.000704,-0.001286,-0.041736,0.000000,0.000000,0.000000,0.000000,0.000000,0.000000,-1.368338,0.513418,-0.076471,1.0000,1.0000,1.0000,1.660,4.810,0.340,5.000,3.000,8.000,1.500,0.060,0.110,32036842,1003944155,32035083,234,1000,1506,1504,1505,1000,1000,2008,1505,1505,1105,2008,1625,1256,1000,1000
-0.0040,-0.0069,-0.9217,-0.0009,-0.0066,2.9331,0.0063,-0.0042,3.1416,0.0000,-0.0527,0.0309,-9.8274,-0.0001,0.0032,-0.0041,-0.0590,-0.0101,-9.8444,0.0034,-0.0022,-0.0015,-0.4232,0.0800,-9.7178,-0.0044,0.0036,-0.0085,0.0286,0.4653,-10.0617,-0.0035,-0.0072,-0.0117,0.0000,0.0120,0.0030,0.0233,0.0000,170.3033,0.0000,206.2255,-1.368306,0.513737,-0.087274,0.000934,-0.001622,-0.042896,0.000000,0.000000,0.000000,0.000000,0.000000,0.000000,-1.368338,0.513418,-0.076471,1.0000,1.0000,1.0000,1.660,4.810,0.340,5.000,3.000,8.000,1.500,0.060,0.110,32047342,1003944155,32047083,234,1000,1506,1504,1505,1000,1000,2008,1505,1505,1105,2008,1625,1256,1000,1000
-0.0039,-0.0066,-0.9218,-0.0009,-0.0066,2.9331,0.0063,-0.0042,3.1416,0.0000,-0.0445,0.0398,-9.8374,0.0004,0.0029,-0.0045,-0.0464,0.0623,-9.8219,0.0035,0.0029,-0.0060,-0.1694,-0.0948,-9.7968,-0.0052,-0.0012,-0.0048,-0.4473,-0.0357,-9.7762,0.0125,-0.0059,-0.0194,0.0000,0.0118,0.0031,0.0234,0.0000,170.7821,0.0000,206.3128,-1.368298,0.513722,-0.087663,0.000920,-0.001695,-0.043520,0.000000,0.000000,0.000000,0.000000,0.000000,0.000000,-1.368338,0.513418,-0.076471,1.0000,1.0000,1.0000,1.660,4.810,0.340,5.000,3.000,8.000,1.500,0.060,0.110,32057842,1003944155,32056083,234,1000,1506,1504,1505,1000,1000,2008,1505,1505,1105,2008,1625,1256,1000,1000
-0.0034,-0.0062,-0.9218,-0.0009,-0.0066,2.9331,0.0063,-0.0042,3.1416,0.0000,-0.0575,0.0267,-9.8054,-0.0003,0.0052,0.0003,-0.0758,0.0460,-9.8097,0.0037,-0.0035,-0.0003,0.1586,-0.0397,-9.6555,0.0009,0.0012,-0.0005,-0.1295,-0.4487,-9.7815,0.0088,-0.0125,-0.0162,0.0000,0.0121,0.0024,0.0230,0.0000,167.5770,0.0000,205.5564,-1.368288,0.513703,-0.088191,0.000802,-0.001528,-0.044413,0.000000,0.000000,0.000000,0.000000,0.000000,0.000000,-1.368338,0.513418,-0.076471,1.0000,1.0000,1.0000,1.660,4.810,0.340,5.000,3.000,8.000,1.500,0.060,0.110,32068342,1003944155,32068083,234,1000,1506,1504,1505,1000,1000,2008,1505,1505,1105,2008,1625,1256,1000,1000
-0.0029,-0.0061,-0.9218,-0.0009,-0.0066,2.9332,0.0063,-0.0042,3.1416,0.0000,-0.0767,0.0451,-9.8786,-0.0009,0.0034,0.0004,-0.0950,0.0354,-9.8232,0.0018,-0.0011,-0.0010,0.1298,0.0920,-9.8111,0.0044,0.0012,-0.0035,0.1094,-0.1524,-9.5463,0.0181,-0.0021,-0.0208,0.0000,0.0123,0.0029,0.0229,0.0000,167.6844,0.0000,204.6871,-1.368281,0.513690,-0.088595,0.000807,-0.001368,-0.045383,0.000000,0.000000,0.000000,0.000000,0.000000,0.000000,-1.368338,0.513418,-0.076471,1.0000,1.0000,1.0000,1.660,4.810,0.340,5.000,3.000,8.000,1.500,0.060,0.110,32078842,1003944155,32077083,234,1000,1506,1504,1505,1000,1000,2008,1505,1505,1105,2008,1625,1256,1000,1000
-0.0029,-0.0067,-0.9218,-0.0009,-0.0066,2.9332,0.0063,-0.0042,3.1416,0.0000,-0.0872,0.0283,-9.8242,-0.0001,0.0041,-0.0037,-0.1121,0.0214,-9.7747,0.0045,-0.0020,-0.0048,0.1562,0.1710,-9.6723,0.0081,0.0060,-0.0024,-0.2875,0.2606,-9.8264,0.0093,-0.0061,-0.0051,0.0000,0.0117,0.0030,0.0233,0.0000,170.2150,0.0000,205.6307,-1.368270,0.513673,-0.089148,0.001012,-0.001467,-0.046623,0.000000,0.000000,0.000000,0.000000,0.000000,0.000000,-1.368338,0.513418,-0.076471,1.0000,1.0000,1.0000,1.660,4.810,0.340,5.000,3.000,8.000,1.500,0.060,0.110,32089342,1003944155,32089083,234,1000,1506,1504,1505,1000,1000,2008,1505,1505,1105,2008,1625,1256,1000,1000
-0.0033,-0.0066,-0.9219,-0.0009,-0.0066,2.9332,0.0063,-0.0042,3.1416,0.0000,-0.0722,0.0270,-9.8122,0.0003,0.0033,-0.0025,-0.0706,0.0937,-9.8216,0.0012,-0.0040,-0.0008,0.1753,0.0632,-9.7728,0.0020,0.0159,-0.0035,-0.2749,0.2355,-9.8659,0.0043,0.0021,-0.0186,0.0000,0.0115,0.0026,0.0233,0.0000,169.9154,0.0000,206.1002,-1.368261,0.513659,-0.089570,0.000991,-0.001616,-0.047063,0.000000,0.000000,0.000000,0.000000,0.000000,0.000000,-1.368338,0.513418,-0.076471,1.0000,1.0000,1.0000,1.660,4.810,0.340,5.000,3.000,8.000,1.500,0.060,0.110,32099842,1003944155,32098094,234,1000,1506,1504,1505,1000,1000,2008,1505,1505,1105,2008,1625,1256,1000,1000
-0.0031,-0.0063,-0.9219,-0.0009,-0.0066,2.9333,0.0063,-0.0042,3.1416,0.0000,-0.0125,-0.0137,-9.7748,0.0002,0.0026,-0.0013,-0.0781,-0.0221,-9.8505,0.0032,-0.0006,-0.0022,-0.3993,0.3745,-9.8614,-0.0033,0.0052,-0.0019,0.3967,-0.0590,-9.9557,-0.0005,-0.0080,-0.0197,0.0000,0.0118,0.0028,0.0231,0.0000,169.0339,0.0000,205.2634,-1.368249,0.513640,-0.090139,0.000888,-0.001471,-0.047795,0.000000,0.000000,0.000000,0.000000,0.000000,0.000000,-1.368338,0.513418,-0.076471,1.0000,1.0000,1.0000,1.660,4.810,0.340,5.000,3.000,8.000,1.500,0.060,0.110,32110342,1003944155,32110083,234,1000,1506,1504,1505,1000,1000,2008,1505,1505,1105,2008,1625,1256,1000,1000
-0.0023,-0.0060,-0.9219,-0.0008,-0.0066,2.9333,0.0063,-0.0042,3.1416,0.0000,-0.0336,-0.0008,-9.7842,0.0005,0.0031,-0.0023,-0.0518,0.0075,-9.8445,0.0006,0.0032,0.0001,-0.1814,0.1638,-10.0482,-0.0039,0.0007,-0.0027,-0.4617,0.2911,-10.0401,-0.0035,-0.0123,-0.0083,0.0000,0.0120,0.0029,0.0231,0.0000,168.9773,0.0000,205.1445,-1.368241,0.513628,-0.090571,0.000879,-0.001169,-0.048172,0.000000,0.000000,0.000000,0.000000,0.000000,0.000000,-1.368338,0.513418,-0.076471,1.0000,1.0000,1.0000,1.660,4.810,0.340,5.000,3.000,8.000,1.500,0.060,0.110,32120842,1003944155,32119083,234,1000,1506,1504,1505,1000,1000,2008,1505,1505,1105,2008,1625,1256,1000,1000
-0.0024,-0.0059,-0.9219,-0.0008,-0.0066,2.9333,0.0063,-0.0042,3.1416,0.0000,-0.0761,0.0408,-9.7798,-0.0003,0.0043,-0.0025,-0.1175,0.0392,-9.7962,0.0017,-0.0032,-0.0039,0.1801,-0.3486,-9.8159,-0.0009,-0.0052,-0.0016,-0.2103,0.3827,-10.0347,0.0000,-0.0083,0.0008,0.0000,0.0117,0.0029,0.0232,0.0000,169.7442,0.0000,205.6337,-1.368231,0.513615,-0.091153,0.000835,-0.001082,-0.048746,0.000000,0.000000,0.000000,0.000000,0.000000,0.000000,-1.368338,0.513418,-0.076471,1.0000,1.0000,1.0000,1.660,4.810,0.340,5.000,3.000,8.000,1.500,0.060,0.110,32131342,1003944155,32131083,234,1000,1506,1504,1505,1000,1000,2008,1505,1505,1105,2008,1625,1256,1000,1000
-0.0027,-0.0061,-0.9219,-0.0008,-0.0066,2.9334,0.0063,-0.0042,3.1416,0.0000,-0.0918,0.0637,-9.7870,0.0002,0.0044,-0.0011,-0.1297,0.0633,-9.8192,0.0016,0.0002,-0.0015,0.4626,-0.1834,-9.7992,0.0020,-0.0028,0.0016,0.5080,-0.0572,-9.9072,0.0056,-0.0048,-0.0005,0.0000,0.0120,0.0025,0.0231,0.0000,168.3777,0.0000,205.6118,-1.368223,0.513605,-0.091595,0.000912,-0.001173,-0.049418,0.000000,0.000000,0.000000,0.000000,0.000000,0.000000,-1.368338,0.513418,-0.076471,1.0000,1.0000,1.0000,1.660,4.810,0.340,5.000,3.000,8.000,1.500,0.060,0.110,32141842,1003944155,32140083,234,1000,1506,1504,1505,1000,1000,2008,1505,1505,1105,2008,1625,1256,1000,1000
-0.0035,-0.0061,-0.9220,-0.0008,-0.0066,2.9334,0.0063,-0.0042,3.1416,0.0000,-0.0815,0.0743,-9.8357,-0.0003,0.0040,-0.0022,-0.0689,0.0180,-9.8213,0.0049,0.0004,-0.0015,-0.2006,-0.2241,-9.4927,0.0044,0.0044,-0.0005,0.1058,0.3270,-9.6846,-0.0088,0.0101,-0.0112,0.0000,0.0119,0.0026,0.0231,0.0000,168.9014,0.0000,205.6947,-1.368213,0.513589,-0.092191,0.000910,-0.001546,-0.050129,0.000000,0.000000,0.000000,0.000000,0.000000,0.000000,-1.368338,0.513418,-0.076471,1.0000,1.0000,1.0000,1.660,4.810,0.340,5.000,3.000,8.000,1.500,0.060,0.110,32152342,1003944155,32152084,234,1000,1506,1504,1505,1000,1000,2008,1505,1505,1105,2008,1625,1256,1000,1000
-0.0033,-0.0063,-0.9220,-0.0008,-0.0066,2.9335,0.0063,-0.0042,3.1416,0.0000,-0.0500,0.0137,-9.7904,-0.0004,0.0030,-0.0044,-0.0333,0.0048,-9.8123,0.0020,-0.0024,-0.0061,-0.2030,0.1207,-9.8734,0.0001,0.0079,-0.0037,0.0160,0.5282,-9.7869,-0.0016,-0.0077,0.0072,0.0000,0.0119,0.0030,0.0233,0.0000,170.3129,0.0000,206.1126,-1.368250,0.513548,-0.085553,0.000796,-0.001611,-0.033828,0.000000,0.000000,0.000000,0.000000,0.000000,0.000000,-1.368286,0.513541,-0.076535,1.0000,1.0000,1.0000,1.660,4.810,0.340,5.000,3.000,8.000,1.500,0.060,0.110,32162393,1004044243,32161134,235,1000,1506,1504,1505,1000,1000,2008,1505,1505,1105,2008,1625,1256,1000,1000
-0.0028,-0.0061,-0.9220,-0.0008,-0.0066,2.9335,0.0063,-0.0042,3.1416,0.0000,-0.0117,0.0118,-9.8145,0.0006,0.0034,-0.0014,-0.0494,0.0618,-9.8638,0.0026,0.0028,-0.0040,-0.4591,0.1758,-9.8135,-0.0052,0.0001,-0.0008,-0.6682,0.0685,-9.6361,0.0040,-0.0123,0.0032,0.0000,0.0115,0.0027,0.0231,0.0000,169.1584,0.0000,205.0191,-1.368243,0.513533,-0.085859,0.000787,-0.001511,-0.034222,0.000000,0.000000,0.000000,0.000000,0.000000,0.000000,-1.368286,0.513541,-0.076535,1.0000,1.0000,1.0000,1.660,4.810,0.340,5.000,3.000,8.000,1.500,0.060,0.110,32172893,1004044243,32170134,235,1000,1506,1504,1505,1000,1000,2008,1505,1505,1105,2008,1625,1255,1000,1000
-0.0028,-0.0060,-0.9220,-0.0008,-0.0066,2.9335,0.0063,-0.0042,3.1416,0.0000,-0.0819,0.0512,-9.8041,-0.0008,0.0035,0.0002,-0.0686,-0.0236,-9.8169,0.0030,-0.0010,0.0011,0.2184,-0.2696,-10.0003,0.0025,-0.0031,-0.0003,0.1525,-0.3805,-10.0240,0.0019,0.0051,0.0067,0.0000,0.0121,0.0028,0.0229,0.0000,167.9384,0.0000,204.5219,-1.368235,0.513516,-0.086277,0.000680,-0.001426,-0.035283,0.000000,0.000000,0.000000,0.000000,0.000000,0.000000,-1.368286,0.513541,-0.076535,1.0000,1.0000,1.0000,1.660,4.810,0.340,5.000,3.000,8.000,1.500,0.060,0.110,32182923,1004044243,32182164,235,1000,1506,1504,1505,1000,1000,2008,1505,1505,1105,2008,1625,1255,1000,1000
-0.0034,-0.0063,-0.9220,-0.0008,-0.0066,2.9336,0.0063,-0.0042,3.1416,0.0000,-0.0893,0.0473,-9.8229,-0.0007,0.0027,-0.0003,-0.1219,0.0081,-9.8660,0.0013,-0.0005,-0.0003,0.1251,0.0369,-9.6914,0.0028,0.0028,-0.0016,0.2135,0.1834,-9.5176,0.0013,0.0128,-0.0152,0.0000,0.0120,0.0034,0.0229,0.0000,168.8773,0.0000,203.7363,-1.368229,0.513503,-0.086598,0.000708,-0.001629,-0.035997,0.000000,0.000000,0.000000,0.000000,0.000000,0.000000,-1.368286,0.513541,-0.076535,1.0000,1.0000,1.0000,1.660,4.810,0.340,5.000,3.000,8.000,1.500,0.060,0.110,32193423,1004044243,32191164,235,1000,1506,1504,1505,1000,1000,2008,1505,1505,1105,2008,1625,1256,1000,1000
-0.0037,-0.0065,-0.9220,-0.0008,-0.0066,2.9336,0.0063,-0.0042,3.1416,0.0000,-0.0907,0.0559,-9.8582,-0.0000,0.0036,-0.0036,-0.0601,0.0228,-9.8585,0.0025,-0.0018,-0.0042,0.0389,0.0178,-9.8782,-0.0007,0.0084,-0.0061,-0.2300,-0.5116,-9.7923,-0.0045,-0.0123,0.0011,0.0000,0.0116,0.0029,0.0232,0.0000,170.1939,0.0000,205.5392,-1.368220,0.513482,-0.087036,0.000871,-0.001863,-0.037136,0.000000,0.000000,0.000000,0.000000,0.000000,0.000000,-1.368286,0.513541,-0.076535,1.0000,1.0000,1.0000,1.660,4.810,0.340,5.000,3.000,8.000,1.500,0.060,0.110,32203923,1004044243,32203164,235,1000,1506,1504,1505,1000,1000,2008,1505,1505,1105,2008,1625,1256,1000,1000
-0.0042,-0.0061,-0.9221,-0.0008,-0.0066,2.9337,0.0063,-0.0042,3.1416,0.0000,-0.0461,0.0383,-9.8289,0.0005,0.0023,-0.0028,-0.0801,0.0386,-9.8411,0.0028,-0.0018,-0.0051,-0.2460,0.2572,-9.8806,-0.0012,0.0092,-0.0043,-0.3252,-0.0896,-9.6630,0.0120,0.0133,-0.0011,0.0000,0.0114,0.0031,0.0232,0.0000,170.3227,0.0000,204.7427,-1.368213,0.513464,-0.087375,0.000722,-0.002098,-0.038007,0.000000,0.000000,0.000000,0.000000,0.000000,0.000000,-1.368286,0.513541,-0.076535,1.0000,1.0000,1.0000,1.660,4.810,0.340,5.000,3.000,8.000,1.500,0.060,0.110,32214423,1004044243,32212164,235,1000,1506,1504,1505,1000,1000,2008,1505,1505,1105,2008,1625,1256,1000,1000
-0.0037,-0.0063,-0.9221,-0.0007,-0.0066,2.9337,0.0063,-0.0042,3.1416,0.0000,-0.0467,0.0158,-9.8405,-0.0002,0.0023,-0.0012,-0.0650,0.0301,-9.7943,0.0023,0.0025,0.0005,-0.1886,-0.0565,-10.2014,-0.0052,0.0007,-0.0019,-0.1510,0.5066,-9.6217,0.0130,-0.0080,0.0085,0.0000,0.0117,0.0029,0.0230,0.0000,169.1493,0.0000,204.9345,-1.368203,0.513439,-0.087837,0.000796,-0.002093,-0.039113,0.000000,0.000000,0.000000,0.000000,0.000000,0.000000,-1.368286,0.513541,-0.076535,1.0000,1.0000,1.0000,1.660,4.810,0.340,5.000,3.000,8.000,1.500,0.060,0.110,32224923,1004044243,32224164,235,1000,1506,1504,1505,1000,1000,2008,1505,1505,1105,2008,1625,1255,1000,1000
-0.0039,-0.0066,-0.9221,-0.0007,-0.0066,2.9337,0.0063,-0.0042,3.1416,0.0000,-0.0782,0.0435,-9.8386,-0.0006,0.0026,-0.0008,-0.0954,0.0261,-9.7899,0.0036,0.0004,-0.0032,0.1059,0.0465,-9.8327,-0.0015,-0.0001,0.0005,0.1004,-0.3266,-9.7528,-0.0003,-0.0011,-0.0184,0.0000,0.0119,0.0033,0.0230,0.0000,169.3260,0.0000,204.1507,-1.368196,0.513419,-0.088195,0.000879,-0.002234,-0.040351,0.000000,0.000000,0.000000,0.000000,0.000000,0.000000,-1.368286,0.513541,-0.076535,1.0000,1.0000,1.0000,1.660,4.810,0.340,5.000,3.000,8.000,1.500,0.060,0.110,32235423,1004044243,32233164,235,1000,1506,1504,1505,1000,1000,2008,1505,1505,1105,2008,1625,1255,1000,1000
-0.0043,-0.0070,-0.9221,-0.0007,-0.0066,2.9338,0.0063,-0.0042,3.1416,0.0000,-0.0851,0.0741,-9.8104,-0.0004,0.0042,-0.0034,-0.0917,0.0429,-9.7889,0.0033,-0.0002,-0.0023,0.0772,0.1422,-9.7273,0.0039,-0.0009,-0.0029,0.0322,-0.1345,-9.5140,0.0091,-0.0232,0.0019,0.0000,0.0119,0.0028,0.0231,0.0000,169.1214,0.0000,205.3450,-1.368184,0.513391,-0.088685,0.001051,-0.002601,-0.041387,0.000000,0.000000,0.000000,0.000000,0.000000,0.000000,-1.368286,0.513541,-0.076535,1.0000,1.0000,1.0000,1.660,4.810,0.340,5.000,3.000,8.000,1.500,0.060,0.110,32245923,1004044243,32245164,235,1000,1506,1504,1505,1000,1000,2008,1505,1505,1105,2008,1625,1256,1000,1000
-0.0044,-0.0068,-0.9222,-0.0007,-0.0066,2.9338,0.0063,-0.0042,3.1416,0.0000,-0.0665,0.0304,-9.8559,-0.0007,0.0036,-0.0028,-0.0886,-0.0039,-9.7900,0.0003,-0.0016,-0.0052,0.2280,0.1375,-9.7225,0.0001,0.0049,-0.0059,-0.3072,-0.4038,-9.5481,0.0043,-0.0048,0.0226,0.0000,0.0117,0.0025,0.0232,0.0000,169.1728,0.0000,205.9169,-1.368175,0.513367,-0.089060,0.000970,-0.002749,-0.041975,0.000000,0.000000,0.000000,0.000000,0.000000,0.000000,-1.368286,0.513541,-0.076535,1.0000,1.0000,1.0000,1.660,4.810,0.340,5.000,3.000,8.000,1.500,0.060,0.110,32256423,1004044243,32254165,235,1000,1506,1504,1505,1000,1000,2008,1505,1505,1105,2008,1625,1256,1000,1000
-0.0046,-0.0060,-0.9222,-0.0008,-0.0067,2.9338,0.0063,-0.0042,3.1416,0.0000,-0.0319,0.0569,-9.8416,0.0002,0.0039,-0.0023,-0.0926,0.0258,-9.8188,0.0018,-0.0021,-0.0018,-0.4328,0.0537,-9.8327,0.0001,0.0047,-0.0005,-0.1151,0.1080,-9.8372,0.0168,0.0005,-0.0085,0.0000,0.0118,0.0031,0.0232,0.0000,169.9729,0.0000,205.2342,-1.368314,0.513411,-0.084166,0.000157,-0.002638,-0.030413,0.000000,0.000000,0.000000,0.000000,0.000000,0.000000,-1.368426,0.513492,-0.076634,1.0000,1.0000,1.0000,1.660,4.810,0.340,5.000,3.000,8.000,1.500,0.060,0.110,32266473,1004144478,32266214,236,1000,1506,1504,1505,1000,1000,2008,1505,1505,1105,2008,1625,1256,1000,1000
-0.0043,-0.0063,-0.9222,-0.0008,-0.0067,2.9339,0.0063,-0.0042,3.1416,0.0000,-0.0618,0.0205,-9.7970,-0.0009,0.0022,-0.0004,-0.0660,0.0082,-9.8444,0.0036,-0.0014,-0.0026,-0.1192,0.1159,-10.1224,-0.0023,0.0063,0.0003,-0.0702,-0.0788,-10.0617,0.0064,0.0245,0.0221,0.0000,0.0118,0.0034,0.0229,0.0000,169.4282,0.0000,203.8910,-1.368312,0.513386,-0.084443,0.000216,-0.002701,-0.031174,0.000000,0.000000,0.000000,0.000000,0.000000,0.000000,-1.368426,0.513492,-0.076634,1.0000,1.0000,1.0000,1.660,4.810,0.340,5.000,3.000,8.000,1.500,0.060,0.110,32276973,1004144478,32275214,236,1000,1506,1504,1505,1000,1000,2008,1505,1505,1105,2008,1625,1256,1000,1000
-0.0041,-0.0066,-0.9222,-0.0008,-0.0067,2.9339,0.0063,-0.0042,3.1416,0.0000,-0.0941,0.0643,-9.8222,-0.0001,0.0044,-0.0004,-0.0777,0.0782,-9.8025,0.0036,-0.0001,-0.0036,0.1777,0.0058,-9.7800,0.0004,-0.0068,-0.0048,-0.0900,-0.6067,-9.9845,-0.0061,-0.0027,-0.0064,0.0000,0.0117,0.0027,0.0229,0.0000,168.1431,0.0000,204.5417,-1.368309,0.513354,-0.084823,0.000376,-0.002832,-0.032107,0.000000,0.000000,0.000000,0.000000,0.000000,0.000000,-1.368426,0.513492,-0.076634,1.0000,1.0000,1.0000,1.660,4.810,0.340,5.000,3.000,8.000,1.500,0.060,0.110,32287473,1004144478,32287214,236,1000,1506,1504,1505,1000,1000,2008,1505,1505,1105,2008,1625,1256,1000,1000
-0.0040,-0.0070,-0.9222,-0.0007,-0.0067,2.9340,0.0063,-0.0042,3.1416,0.0000,-0.1084,0.0508,-9.8072,0.0005,0.0051,-0.0024,-0.0977,0.0572,-9.8343,0.0019,-0.0017,-0.0028,0.0748,0.1183,-9.8327,0.0028,0.0047,-0.0019,0.4577,0.4671,-9.8390,0.0008,0.0186,-0.0029,0.0000,0.0115,0.0025,0.0231,0.0000,169.0519,0.0000,205.2050,-1.368305,0.513328,-0.085115,0.000546,-0.002923,-0.032839,0.000000,0.000000,0.000000,0.000000,0.000000,0.000000,-1.368426,0.513492,-0.076634,1.0000,1.0000,1.0000,1.660,4.810,0.340,5.000,3.000,8.000,1.500,0.060,0.110,32297973,1004144478,32296214,236,1000,1506,1504,1505,1000,1000,2008,1505,1505,1105,2008,1625,1255,1000,1000
-0.0041,-0.0073,-0.9223,-0.0007,-0.0067,2.9340,0.0063,-0.0042,3.1416,0.0000,-0.0782,0.0123,-9.8574,0.0004,0.0025,-0.0030,-0.0526,0.0414,-9.8296,0.0038,-0.0021,-0.0053,-0.2101,-0.0325,-9.6052,-0.0012,0.0129,-0.0027,-0.2282,-0.1901,-9.4511,0.0056,-0.0088,0.0019,0.0000,0.0115,0.0035,0.0231,0.0000,170.7027,0.0000,204.2290,-1.368297,0.513291,-0.085515,0.000760,-0.003125,-0.033942,0.000000,0.000000,0.000000,0.000000,0.000000,0.000000,-1.368426,0.513492,-0.076634,1.0000,1.0000,1.0000,1.660,4.810,0.340,5.000,3.000,8.000,1.500,0.060,0.110,32308473,1004144478,32308214,236,1000,1506,1504,1505,1000,1000,2008,1505,1505,1105,2008,1625,1255,1000,1000
-0.0035,-0.0075,-0.9223,-0.0007,-0.0067,2.9340,0.0063,-0.0042,3.1416,0.0000,-0.0681,0.0211,-9.8144,-0.0007,0.0012,-0.0035,-0.0723,0.0032,-9.8370,0.0012,-0.0055,-0.0049,-0.2796,0.1758,-9.8853,-0.0001,0.0068,-0.0043,0.1381,0.6054,-9.4978,0.0059,-0.0067,-0.0093,0.0000,0.0119,0.0032,0.0232,0.0000,169.9173,0.0000,205.2733,-1.368289,0.513263,-0.085824,0.000940,-0.003111,-0.034633,0.000000,0.000000,0.000000,0.000000,0.000000,0.000000,-1.368426,0.513492,-0.076634,1.0000,1.0000,1.0000,1.660,4.810,0.340,5.000,3.000,8.000,1.500,0.060,0.110,32318973,1004144478,32317214,236,1000,1506,1504,1505,1000,1000,2008,1505,1505,1105,2008,1625,1255,1000,1000
-0.0037,-0.0073,-0.9223,-0.0007,-0.0067,2.9341,0.0063,-0.0042,3.1416,0.0000,-0.0313,0.0542,-9.7928,-0.0000,0.0025,-0.0022,-0.0660,0.0317,-9.8007,0.0027,-0.0014,-0.0029,-0.2484,0.0872,-9.8159,-0.0036,0.0009,-0.0008,-0.5640,-0.8258,-9.7815,0.0016,-0.0019,0.0099,0.0000,0.0116,0.0033,0.0231,0.0000,170.4413,0.0000,204.6090,-1.368277,0.513225,-0.086245,0.000899,-0.003230,-0.035404,0.000000,0.000000,0.000000,0.000000,0.000000,0.000000,-1.368426,0.513492,-0.076634,1.0000,1.0000,1.0000,1.660,4.810,0.340,5.000,3.000,8.000,1.500,0.060,0.110,32329473,1004144478,32329214,236,1000,1506,1504,1505,1000,1000,2008,1505,1505,1105,2008,1625,1256,1000,1000
-0.0043,-0.0071,-0.9223,-0.0007,-0.0067,2.9341,0.0063,-0.0042,3.1416,0.0000,-0.0846,0.0782,-9.8336,-0.0007,0.0052,-0.0000,-0.0769,0.0236,-9.8124,0.0054,-0.0017,-0.0005,-0.1407,-0.2312,-9.9476,0.0017,-0.0033,-0.0005,-0.0145,-0.1039,-9.8659,0.0040,0.0008,0.0096,0.0000,0.0116,0.0030,0.0228,0.0000,168.2838,0.0000,203.4516,-1.368269,0.513195,-0.086567,0.000919,-0.003516,-0.036184,0.000000,0.000000,0.000000,0.000000,0.000000,0.000000,-1.368426,0.513492,-0.076634,1.0000,1.0000,1.0000,1.660,4.810,0.340,5.000,3.000,8.000,1.500,0.060,0.110,32339973,1004144478,32338214,236,1000,1506,1504,1505,1000,1000,2008,1505,1505,1105,2008,1625,1256,1000,1000
-0.0047,-0.0076,-0.9223,-0.0007,-0.0067,2.9342,0.0063,-0.0042,3.1416,0.0000,-0.1015,0.0592,-9.8307,0.0003,0.0028,-0.0026,-0.1257,0.0027,-9.8174,0.0044,0.0046,-0.0069,0.2974,-0.0158,-9.5885,0.0039,0.0001,-0.0035,-0.1366,0.5353,-9.4781,0.0016,0.0200,0.0237,0.0000,0.0114,0.0030,0.0230,0.0000,169.4697,0.0000,204.0667,-1.368257,0.513150,-0.087009,0.001255,-0.003986,-0.037362,0.000000,0.000000,0.000000,0.000000,0.000000,0.000000,-1.368426,0.513492,-0.076634,1.0000,1.0000,1.0000,1.660,4.810,0.340,5.000,3.000,8.000,1.500,0.060,0.110,32350473,1004144478,32350232,236,1000,1506,1504,1505,1000,1000,2008,1505,1505,1105,2008,1625,1256,1000,1000
-0.0046,-0.0070,-0.9224,-0.0007,-0.0067,2.9342,0.0063,-0.0042,3.1416,0.0000,-0.0437,0.0101,-9.8230,0.0018,0.0025,-0.0034,-0.0997,0.0525,-9.8511,0.0021,0.0005,-0.0010,0.1298,0.0393,-9.7513,0.0009,0.0111,-0.0040,0.0591,-0.0752,-9.5194,0.0059,-0.0288,-0.0013,0.0000,0.0112,0.0035,0.0231,0.0000,171.1812,0.0000,203.9738,-1.368246,0.513114,-0.087348,0.001047,-0.004023,-0.037978,0.000000,0.000000,0.000000,0.000000,0.000000,0.000000,-1.368426,0.513492,-0.076634,1.0000,1.0000,1.0000,1.660,4.810,0.340,5.000,3.000,8.000,1.500,0.060,0.110,32360973,1004144478,32359214,236,1000,1506,1504,1505,1000,1000,2008,1505,1505,1105,2008,1625,1256,1000,1000
-0.0045,-0.0068,-0.9224,-0.0007,-0.0067,2.9342,0.0063,-0.0042,3.1416,0.0000,-0.0597,0.0509,-9.8729,-0.0005,0.0044,-0.0012,-0.0951,0.0346,-9.8531,0.0045,0.0000,-0.0022,-0.5286,-0.0876,-9.7824,-0.0020,0.0084,-0.0024,-0.0038,0.5659,-9.4062,0.0008,-0.0117,-0.0128,0.0000,0.0116,0.0023,0.0230,0.0000,168.0422,0.0000,205.2096,-1.368234,0.513065,-0.087810,0.000998,-0.004122,-0.039230,0.000000,0.000000,0.000000,0.000000,0.000000,0.000000,-1.368426,0.513492,-0.076634,1.0000,1.0000,1.0000,1.660,4.810,0.340,5.000,3.000,8.000,1.500,0.060,0.110,32371473,1004144478,32371215,236,1000,1506,1504,1505,1000,1000,2008,1505,1505,1105,2008,1625,1256,1000,1000
-0.0043,-0.0069,-0.9224,-0.0007,-0.0067,2.9343,0.0063,-0.0042,3.1416,0.0000,-0.0573,0.0258,-9.8035,-0.0000,0.0047,-0.0005,-0.0760,0.0640,-9.7992,0.0023,0.0002,-0.0015,-0.1862,-0.0445,-10.2062,-0.0028,0.0012,-0.0021,-0.2821,0.2337,-10.1479,-0.0021,-0.0080,-0.0178,0.0000,0.0116,0.0028,0.0229,0.0000,168.7402,0.0000,204.5460,-1.368224,0.513027,-0.088166,0.001114,-0.004229,-0.039904,0.000000,0.000000,0.000000,0.000000,0.000000,0.000000,-1.368426,0.513492,-0.076634,1.0000,1.0000,1.0000,1.660,4.810,0.340,5.000,3.000,8.000,1.500,0.060,0.110,32381973,1004144478,32380214,236,1000,1506,1504,1505,1000,1000,2008,1505,1505,1105,2008,1625,1256,1000,1000
-0.0037,-0.0072,-0.9224,-0.0007,-0.0067,2.9343,0.0063,-0.0042,3.1416,0.0000,-0.0782,0.0405,-9.8014,-0.0002,0.0050,-0.0009,-0.1329,0.0066,-9.8027,0.0032,0.0020,-0.0030,0.0508,0.1375,-9.7585,0.0025,-0.0007,-0.0021,-0.3378,-0.0680,-9.6720,0.0091,-0.0101,-0.0013,0.0000,0.0116,0.0024,0.0229,0.0000,167.9654,0.0000,204.7656,-1.368211,0.512977,-0.088652,0.001241,-0.004227,-0.040901,0.000000,0.000000,0.000000,0.000000,0.000000,0.000000,-1.368426,0.513492,-0.076634,1.0000,1.0000,1.0000,1.660,4.810,0.340,5.000,3.000,8.000,1.500,0.060,0.110,32392473,1004144478,32392214,236,1000,1506,1504,1505,1000,1000,2008,1505,1505,1105,2008,1625,1256,1000,1000
-0.0039,-0.0067,-0.9224,-0.0006,-0.0067,2.9344,0.0063,-0.0042,3.1416,0.0000,-0.0696,0.0245,-9.7960,0.0003,0.0031,-0.0028,-0.1185,0.0746,-9.8045,0.0005,0.0009,-0.0012,0.1873,0.0561,-9.9524,0.0007,0.0047,-0.0059,0.0286,0.0182,-9.6702,-0.0077,0.0208,0.0021,0.0000,0.0114,0.0031,0.0231,0.0000,169.9686,0.0000,204.3731,-1.368200,0.512938,-0.089023,0.001144,-0.004304,-0.041538,0.000000,0.000000,0.000000,0.000000,0.000000,0.000000,-1.368426,0.513492,-0.076634,1.0000,1.0000,1.0000,1.660,4.810,0.340,5.000,3.000,8.000,1.500,0.060,0.110,32402973,1004144478,32401223,236,1000,1506,1504,1505,1000,1000,2008,1505,1505,1105,2008,1625,1256,1000,1000
-0.0036,-0.0061,-0.9225,-0.0006,-0.0066,2.9344,0.0063,-0.0042,3.1416,0.0000,-0.0195,0.0225,-9.8514,0.0007,0.0039,-0.0035,-0.0617,-0.0090,-9.8192,0.0051,0.0022,-0.0023,-0.1766,0.2380,-9.4975,-0.0047,0.0065,-0.0013,-0.0091,0.0164,-9.6487,0.0008,0.0051,-0.0181,0.0000,0.0111,0.0028,0.0231,0.0000,170.0203,0.0000,204.7225,-1.368187,0.512887,-0.089527,0.000912,-0.004207,-0.042621,0.000000,0.000000,0.000000,0.000000,0.000000,0.000000,-1.368426,0.513492,-0.076634,1.0000,1.0000,1.0000,1.660,4.810,0.340,5.000,3.000,8.000,1.500,0.060,0.110,32413473,1004144478,32413214,236,1000,1506,1504,1505,1000,1000,2008,1505,1505,1105,2008,1625,1256,1000,1000
-0.0040,-0.0058,-0.9225,-0.0006,-0.0066,2.9344,0.0063,-0.0042,3.1416,0.0000,-0.0492,0.0524,-9.8073,-0.0002,0.0035,-0.0026,-0.0878,-0.0006,-9.8164,0.0021,-0.0007,-0.0037,-0.1742,-0.2360,-9.7178,-0.0036,0.0055,-0.0037,-0.0073,0.2660,-9.7851,-0.0064,0.0112,0.0160,0.0000,0.0116,0.0027,0.0232,0.0000,169.4690,0.0000,205.5787,-1.368180,0.512849,-0.089914,0.000770,-0.004390,-0.043299,0.000000,0.000000,0.000000,0.000000,0.000000,0.000000,-1.368426,0.513492,-0.076634,1.0000,1.0000,1.0000,1.660,4.810,0.340,5.000,3.000,8.000,1.500,0.060,0.110,32423973,1004144478,32422214,236,1000,1506,1504,1505,1000,1000,2008,1505,1505,1105,2008,1625,1256,1000,1000
-0.0035,-0.0062,-0.9225,-0.0006,-0.0066,2.9345,0.0063,-0.0042,3.1416,0.0000,-0.0840,0.0458,-9.7971,-0.0008,0.0045,-0.0007,-0.0940,0.0367,-9.8526,0.0010,0.0049,-0.0017,0.0556,0.0680,-9.8446,-0.0007,-0.0039,-0.0037,-0.1779,-0.3015,-9.8821,0.0117,0.0069,0.0027,0.0000,0.0117,0.0027,0.0228,0.0000,168.1351,0.0000,204.2188,-1.368170,0.512796,-0.090438,0.000892,-0.004433,-0.044064,0.000000,0.000000,0.000000,0.000000,0.000000,0.000000,-1.368426,0.513492,-0.076634,1.0000,1.0000,1.0000,1.660,4.810,0.340,5.000,3.000,8.000,1.500,0.060,0.110,32434473,1004144478,32434214,236,1000,1506,1504,1505,1000,1000,2008,1505,1505,1105,2008,1625,1256,1000,1000
-0.0034,-0.0068,-0.9225,-0.0006,-0.0066,2.9345,0.0063,-0.0042,3.1416,0.0000,-0.1029,0.0445,-9.8250,-0.0002,0.0025,-0.0020,-0.1169,0.0480,-9.8305,0.0018,-0.0043,-0.0013,0.3477,0.1518,-9.6842,0.0004,-0.0025,-0.0008,0.2512,-0.1416,-10.1497,-0.0091,-0.0144,-0.0040,0.0000,0.0117,0.0030,0.0229,0.0000,169.0043,0.0000,204.1993,-1.368161,0.512756,-0.090838,0.001147,-0.004476,-0.044870,0.000000,0.000000,0.000000,0.000000,0.000000,0.000000,-1.368426,0.513492,-0.076634,1.0000,1.0000,1.0000,1.660,4.810,0.340,5.000,3.000,8.000,1.500,0.060,0.110,32444973,1004144478,32443214,236,1000,1506,1504,1505,1000,1000,2008,1505,1505,1105,2008,1625,1256,1000,1000
-0.0036,-0.0069,-0.9226,-0.0006,-0.0066,2.9345,0.0063,-0.0042,3.1416,0.0000,-0.0697,0.0419,-9.8030,-0.0010,0.0032,-0.0031,-0.0970,0.0563,-9.8397,0.0007,-0.0017,-0.0028,0.0891,0.1590,-9.5980,-0.0001,0.0073,-0.0040,-0.0540,0.1546,-9.6989,0.0128,0.0061,-0.0123,0.0000,0.0116,0.0033,0.0230,0.0000,169.7940,0.0000,204.0199,-1.368146,0.512701,-0.091381,0.001326,-0.004751,-0.045592,0.000000,0.000000,0.000000,0.000000,0.000000,0.000000,-1.368426,0.513492,-0.076634,1.0000,1.0000,1.0000,1.660,4.810,0.340,5.000,3.000,8.000,1.500,0.060,0.110,32455473,1004144478,32455214,236,1000,1506,1504,1505,1000,1000,2008,1505,1505,1105,2008,1625,1256,1000,1000
-0.0037,-0.0067,-0.9226,-0.0010,-0.0068,2.9346,0.0063,-0.0042,3.1416,0.0000,-0.0239,0.0262,-9.8544,-0.0000,0.0026,-0.0028,-0.0752,-0.0333,-9.8035,0.0007,-0.0050,-0.0021,-0.5788,0.0345,-9.7800,-0.0025,0.0023,-0.0059,0.2135,0.5300,-9.6846,-0.0085,-0.0016,-0.0061,0.0000,0.0117,0.0029,0.0231,0.0000,169.4411,0.0000,205.0440,-1.368362,0.513501,-0.083657,0.000444,-0.001897,-0.027860,0.000000,0.000000,0.000000,0.000000,0.000000,0.000000,-1.368447,0.513816,-0.076575,1.0000,1.0000,1.0000,1.660,4.810,0.340,5.000,3.000,8.000,1.500,0.060,0.110,32465518,1004276537,32464215,237,1000,1506,1504,1505,1000,1000,2008,1505,1505,1105,2008,1625,1256,1000,1000
-0.0038,-0.0058,-0.9226,-0.0011,-0.0068,2.9346,0.0063,-0.0042,3.1416,0.0000,0.0041,0.0436,-9.8019,-0.0007,0.0043,-0.0017,-0.0813,0.0837,-9.7795,0.0006,-0.0051,-0.0030,0.2735,-0.0038,-10.0601,-0.0009,0.0025,-0.0019,-0.1815,-0.0572,-10.1353,0.0085,-0.0091,0.0008,0.0000,0.0123,0.0032,0.0230,0.0000,168.8913,0.0000,204.9138,-1.368328,0.513621,-0.081337,0.000052,-0.001450,-0.022869,0.000000,0.000000,0.000000,0.000000,0.000000,0.000000,-1.368287,0.513805,-0.076609,1.0000,1.0000,1.0000,1.660,4.810,0.340,5.000,3.000,8.000,1.500,0.060,0.110,32475565,1004376793,32473306,238,1000,1506,1504,1505,1000,1000,2008,1505,1505,1105,2008,1625,1256,1000,1000
-0.0036,-0.0054,-0.9226,-0.0011,-0.0068,2.9346,0.0063,-0.0042,3.1416,0.0000,-0.0927,0.0491,-9.8598,0.0003,0.0037,-0.0013,-0.1026,0.0358,-9.7910,0.0035,-0.0031,0.0014,0.0580,0.1590,-9.8542,0.0023,-0.0063,-0.0008,-0.1330,-0.2763,-9.7815,0.0136,0.0186,0.0059,0.0000,0.0124,0.0033,0.0230,0.0000,168.6172,0.0000,204.6860,-1.368331,0.513604,-0.081618,-0.000305,-0.001410,-0.024122,0.000000,0.000000,0.000000,0.000000,0.000000,0.000000,-1.368287,0.513805,-0.076609,1.0000,1.0000,1.0000,1.660,4.810,0.340,5.000,3.000,8.000,1.500,0.060,0.110,32486065,1004376793,32485306,238,1000,1506,1504,1505,1000,1000,2008,1505,1505,1105,2008,1625,1256,1000,1000
-0.0040,-0.0062,-0.9227,-0.0011,-0.0068,2.9347,0.0063,-0.0042,3.1416,0.0000,-0.0950,0.0462,-9.7660,0.0009,0.0040,-0.0024,-0.1381,0.0193,-9.8119,0.0027,-0.0019,-0.0035,0.2017,0.2931,-9.8063,0.0017,0.0111,-0.0029,0.0322,-0.0447,-9.6738,0.0024,0.0024,-0.0120,0.0000,0.0120,0.0029,0.0229,0.0000,168.3801,0.0000,204.6822,-1.368333,0.513590,-0.081838,-0.000045,-0.001685,-0.024637,0.000000,0.000000,0.000000,0.000000,0.000000,0.000000,-1.368287,0.513805,-0.076609,1.0000,1.0000,1.0000,1.660,4.810,0.340,5.000,3.000,8.000,1.500,0.060,0.110,32496565,1004376793,32494306,238,1000,1506,1504,1505,1000,1000,2008,1505,1505,1105,2008,1625,1256,1000,1000
-0.0042,-0.0061,-0.9227,-0.0010,-0.0068,2.9347,0.0063,-0.0042,3.1416,0.0000,-0.0114,0.0475,-9.8087,0.0007,0.0041,-0.0035,-0.0618,0.0034,-9.8601,0.0006,-0.0023,-0.0042,-0.4926,-0.0613,-9.6579,-0.0028,0.0041,-0.0037,-0.1205,0.0541,-9.5948,0.0077,0.0162,0.0024,0.0000,0.0119,0.0026,0.0231,0.0000,168.6628,0.0000,205.5693,-1.368333,0.513569,-0.082138,-0.000149,-0.001885,-0.025312,0.000000,0.000000,0.000000,0.000000,0.000000,0.000000,-1.368287,0.513805,-0.076609,1.0000,1.0000,1.0000,1.660,4.810,0.340,5.000,3.000,8.000,1.500,0.060,0.110,32507065,1004376793,32506306,238,1000,1506,1504,1505,1000,1000,2008,1505,1505,1105,2008,1625,1256,1000,1000
-0.0042,-0.0055,-0.9227,-0.0010,-0.0068,2.9347,0.0063,-0.0042,3.1416,0.0000,-0.0378,0.0338,-9.8092,0.0003,0.0029,-0.0019,-0.0600,0.0578,-9.8319,0.0038,0.0006,-0.0037,-0.0641,0.1327,-10.1200,-0.0041,0.0055,-0.0029,-0.4275,-0.1506,-9.9450,-0.0059,0.0021,-0.0123,0.0000,0.0121,0.0034,0.0229,0.0000,169.0824,0.0000,204.2128,-1.368335,0.513551,-0.082368,-0.000328,-0.001976,-0.026016,0.000000,0.000000,0.000000,0.000000,0.000000,0.000000,-1.368287,0.513805,-0.076609,1.0000,1.0000,1.0000,1.660,4.810,0.340,5.000,3.000,8.000,1.500,0.060,0.110,32517565,1004376793,32515306,238,1000,1506,1504,1505,1000,1000,2008,1505,1505,1105,2008,1625,1256,1000,1000
-0.0037,-0.0058,-0.9227,-0.0010,-0.0068,2.9348,0.0063,-0.0042,3.1416,0.0000,-0.0809,0.0100,-9.7731,-0.0009,0.0023,-0.0017,-0.0797,0.0367,-9.7683,0.0006,-0.0064,-0.0018,0.0820,-0.0062,-9.7585,0.0007,-0.0007,0.0000,-0.3827,-0.5152,-9.9737,0.0170,-0.0154,0.0130,0.0000,0.0124,0.0035,0.0229,0.0000,168.8247,0.0000,204.2940,-1.368339,0.513528,-0.082684,-0.000306,-0.001854,-0.026531,0.000000,0.000000,0.000000,0.000000,0.000000,0.000000,-1.368287,0.513805,-0.076609,1.0000,1.0000,1.0000,1.660,4.810,0.340,5.000,3.000,8.000,1.500,0.060,0.110,32528065,1004376793,32527306,238,1000,1506,1504,1505,1000,1000,2008,1505,1505,1105,2008,1625,1256,1000,1000
-0.0033,-0.0060,-0.9228,-0.0010,-0.0068,2.9348,0.0063,-0.0042,3.1416,0.0000,-0.0947,0.0498,-9.8405,-0.0015,0.0053,-0.0001,-0.1688,0.0119,-9.8250,0.0045,0.0036,-0.0008,0.2448,0.1494,-9.8806,0.0009,-0.0009,-0.0008,-0.0864,0.1044,-9.6433,-0.0115,0.0013,-0.0123,0.0000,0.0125,0.0028,0.0227,0.0000,166.8028,0.0000,204.5500,-1.368342,0.513512,-0.082925,-0.000295,-0.001704,-0.027154,0.000000,0.000000,0.000000,0.000000,0.000000,0.000000,-1.368287,0.513805,-0.076609,1.0000,1.0000,1.0000,1.660,4.810,0.340,5.000,3.000,8.000,1.500,0.060,0.110,32538565,1004376793,32536306,238,1000,1506,1504,1505,1000,1000,2008,1505,1505,1105,2008,1625,1256,1000,1000
-0.0037,-0.0065,-0.9228,-0.0010,-0.0068,2.9349,0.0063,-0.0042,3.1416,0.0000,-0.0750,0.0537,-9.8378,-0.0015,0.0035,-0.0027,-0.0909,0.0426,-9.8647,0.0030,-0.0054,-0.0051,-0.3442,0.2596,-9.5310,0.0025,0.0100,-0.0027,0.0160,0.1098,-9.4673,0.0075,-0.0029,-0.0085,0.0000,0.0126,0.0034,0.0230,0.0000,168.5994,0.0000,204.7702,-1.368344,0.513490,-0.083257,-0.000031,-0.001990,-0.028106,0.000000,0.000000,0.000000,0.000000,0.000000,0.000000,-1.368287,0.513805,-0.076609,1.0000,1.0000,1.0000,1.660,4.810,0.340,5.000,3.000,8.000,1.500,0.060,0.110,32549065,1004376793,32548306,238,1000,1506,1504,1505,1000,1000,2008,1505,1505,1105,2008,1625,1256,1000,1000
-0.0043,-0.0067,-0.9228,-0.0010,-0.0068,2.9349,0.0063,-0.0042,3.1416,0.0000,-0.0571,0.0397,-9.8001,-0.0003,0.0033,-0.0036,-0.0270,0.0250,-9.7881,0.0014,-0.0026,-0.0036,-0.3011,0.2237,-10.0170,-0.0017,0.0041,-0.0013,0.0645,-0.0698,-9.5535,-0.0146,0.0093,0.0061,0.0000,0.0124,0.0028,0.0231,0.0000,168.4305,0.0000,205.8910,-1.368343,0.513471,-0.083513,0.000057,-0.002248,-0.028739,0.000000,0.000000,0.000000,0.000000,0.000000,0.000000,-1.368287,0.513805,-0.076609,1.0000,1.0000,1.0000,1.660,4.810,0.340,5.000,3.000,8.000,1.500,0.060,0.110,32559565,1004376793,32557306,238,1000,1506,1504,1505,1000,1000,2008,1505,1505,1105,2008,1625,1256,1000,1000
-0.0040,-0.0065,-0.9228,-0.0010,-0.0068,2.9349,0.0063,-0.0042,3.1416,0.0000,-0.0374,0.0313,-9.8002,-0.0006,0.0040,-0.0030,-0.0664,0.0413,-9.8228,0.0005,-0.0008,-0.0002,0.2519,-0.2193,-9.8949,0.0020,-0.0004,-0.0045,-0.4186,0.2983,-10.2107,0.0117,-0.0109,-0.0024,0.0000,0.0124,0.0031,0.0231,0.0000,168.8582,0.0000,205.4196,-1.368343,0.513443,-0.083862,-0.000017,-0.002279,-0.029414,0.000000,0.000000,0.000000,0.000000,0.000000,0.000000,-1.368287,0.513805,-0.076609,1.0000,1.0000,1.0000,1.660,4.810,0.340,5.000,3.000,8.000,1.500,0.060,0.110,32570065,1004376793,32569306,238,1000,1506,1504,1505,1000,1000,2008,1505,1505,1105,2008,1625,1256,1000,1000
-0.0034,-0.0064,-0.9229,-0.0010,-0.0068,2.9349,0.0063,-0.0042,3.1416,0.0000,-0.0667,0.0321,-9.8157,0.0003,0.0040,-0.0017,-0.0998,0.0235,-9.8252,0.0024,-0.0003,-0.0017,0.2352,0.2165,-10.1367,0.0031,0.0001,-0.0003,0.2028,-0.0375,-9.9611,-0.0149,0.0072,0.0013,0.0000,0.0119,0.0034,0.0230,0.0000,169.6176,0.0000,204.1257,-1.368343,0.513423,-0.084131,-0.000058,-0.002136,-0.030409,0.000000,0.000000,0.000000,0.000000,0.000000,0.000000,-1.368287,0.513805,-0.076609,1.0000,1.0000,1.0000,1.660,4.810,0.340,5.000,3.000,8.000,1.500,0.060,0.110,32580565,1004376793,32578306,238,1000,1506,1504,1505,1000,1000,2008,1505,1505,1105,2008,1625,1256,1000,1000
-0.0029,-0.0065,-0.9229,-0.0010,-0.0068,2.9350,0.0063,-0.0042,3.1416,0.0000,-0.0884,0.0250,-9.8591,-0.0002,0.0028,-0.0012,-0.1035,0.0530,-9.8444,0.0011,-0.0014,-0.0003,-0.0114,-0.0589,-9.5502,-0.0009,0.0076,-0.0019,-0.2121,-0.0195,-9.6074,0.0152,-0.0186,-0.0274,0.0000,0.0120,0.0033,0.0228,0.0000,168.5634,0.0000,203.7582,-1.368344,0.513399,-0.084502,0.000068,-0.001917,-0.031551,0.000000,0.000000,0.000000,0.000000,0.000000,0.000000,-1.368287,0.513805,-0.076609,1.0000,1.0000,1.0000,1.660,4.810,0.340,5.000,3.000,8.000,1.500,0.060,0.110,32591065,1004376793,32590306,238,1000,1506,1504,1505,1000,1000,2008,1505,1505,1105,2008,1625,1256,1000,1000
-0.0034,-0.0069,-0.9229,-0.0010,-0.0068,2.9350,0.0063,-0.0042,3.1416,0.0000,-0.0674,0.0438,-9.8243,0.0001,0.0033,-0.0016,-0.1072,0.0541,-9.8861,0.0006,-0.0033,-0.0037,-0.1622,0.2428,-9.7034,-0.0025,0.0103,-0.0035,0.3249,-0.2332,-9.5301,0.0048,0.0149,0.0003,0.0000,0.0122,0.0030,0.0227,0.0000,167.5997,0.0000,203.9135,-1.368342,0.513381,-0.084790,0.000208,-0.002052,-0.032303,0.000000,0.000000,0.000000,0.000000,0.000000,0.000000,-1.368287,0.513805,-0.076609,1.0000,1.0000,1.0000,1.660,4.810,0.340,5.000,3.000,8.000,1.500,0.060,0.110,32601565,1004376793,32599306,238,1000,1506,1504,1505,1000,1000,2008,1505,1505,1105,2008,1625,1256,1000,1000
-0.0035,-0.0066,-0.9229,-0.0010,-0.0068,2.9351,0.0063,-0.0042,3.1416,0.0000,-0.0232,0.0282,-9.8191,-0.0001,0.0026,-0.0032,-0.0471,0.0292,-9.7951,0.0060,-0.0002,-0.0053,-0.4400,-0.2791,-9.8853,-0.0020,0.0081,-0.0043,0.0106,0.5353,-9.7007,0.0088,-0.0248,-0.0008,0.0000,0.0124,0.0031,0.0230,0.0000,168.5025,0.0000,205.0466,-1.368339,0.513356,-0.085183,0.000163,-0.002093,-0.033140,0.000000,0.000000,0.000000,0.000000,0.000000,0.000000,-1.368287,0.513805,-0.076609,1.0000,1.0000,1.0000,1.660,4.810,0.340,5.000,3.000,8.000,1.500,0.060,0.110,32612065,1004376793,32611307,238,1000,1506,1504,1505,1000,1000,2008,1505,1505,1105,2008,1625,1256,1000,1000
-0.0034,-0.0062,-0.9230,-0.0011,-0.0069,2.9351,0.0063,-0.0042,3.1416,0.0000,-0.0540,0.0315,-9.7699,-0.0002,0.0021,-0.0024,-0.0848,0.0499,-9.8100,0.0023,0.0004,-0.0076,0.0484,0.0968,-9.7872,0.0031,-0.0063,-0.0024,0.2135,-0.0393,-10.1371,0.0075,0.0112,0.0213,0.0000,0.0122,0.0032,0.0231,0.0000,169.2442,0.0000,204.9961,-1.368505,0.513530,-0.081791,-0.000514,-0.001386,-0.024813,0.000000,0.000000,0.000000,0.000000,0.000000,0.000000,-1.368629,0.513680,-0.076658,1.0000,1.0000,1.0000,1.660,4.810,0.340,5.000,3.000,8.000,1.500,0.060,0.110,32622118,1004477155,32620359,239,1000,1506,1504,1505,1000,1000,2008,1505,1505,1105,2008,1625,1256,1000,1000
-0.0027,-0.0061,-0.9230,-0.0011,-0.0069,2.9351,0.0063,-0.0042,3.1416,0.0000,-0.0675,0.0027,-9.8149,-0.0007,0.0035,-0.0021,-0.0846,0.0097,-9.7889,0.0029,0.0029,0.0002,0.0891,-0.0253,-9.6890,0.0041,0.0052,-0.0027,-0.2139,0.3252,-9.7564,-0.0067,0.0048,0.0093,0.0000,0.0125,0.0033,0.0229,0.0000,168.5048,0.0000,204.5545,-1.368512,0.513515,-0.082092,-0.000515,-0.001030,-0.025520,0.000000,0.000000,0.000000,0.000000,0.000000,0.000000,-1.368629,0.513680,-0.076658,1.0000,1.0000,1.0000,1.660,4.810,0.340,5.000,3.000,8.000,1.500,0.060,0.110,32632618,1004477155,32632359,239,1000,1506,1504,1505,1000,1000,2008,1505,1505,1105,2008,1625,1256,1000,1000
-0.0030,-0.0058,-0.9230,-0.0011,-0.0069,2.9352,0.0063,-0.0042,3.1416,0.0000,-0.0479,0.0222,-9.7960,0.0011,0.0027,-0.0013,-0.1218,0.0746,-9.8038,0.0023,-0.0018,-0.0028,-0.3945,0.3314,-9.6100,-0.0001,0.0065,0.0024,0.1435,0.4276,-9.6074,0.0149,-0.0107,-0.0088,0.0000,0.0118,0.0035,0.0228,0.0000,169.1712,0.0000,203.3388,-1.368517,0.513506,-0.082324,-0.000656,-0.001013,-0.025999,0.000000,0.000000,0.000000,0.000000,0.000000,0.000000,-1.368629,0.513680,-0.076658,1.0000,1.0000,1.0000,1.660,4.810,0.340,5.000,3.000,8.000,1.500,0.060,0.110,32643118,1004477155,32641359,239,1000,1506,1504,1505,1000,1000,2008,1505,1505,1105,2008,1625,1256,1000,1000
-0.0033,-0.0064,-0.9230,-0.0011,-0.0069,2.9352,0.0063,-0.0042,3.1416,0.0000,-0.0469,0.0511,-9.7945,-0.0010,0.0030,-0.0014,-0.0475,-0.0286,-9.8055,0.0010,-0.0006,-0.0006,-0.4663,-0.0493,-9.8494,-0.0017,0.0047,-0.0069,0.1938,0.7508,-9.4852,0.0083,-0.0077,-0.0120,0.0000,0.0124,0.0032,0.0228,0.0000,167.9726,0.0000,204.2271,-1.368524,0.513493,-0.082639,-0.000545,-0.001169,-0.026521,0.000000,0.000000,0.000000,0.000000,0.000000,0.000000,-1.368629,0.513680,-0.076658,1.0000,1.0000,1.0000,1.660,4.810,0.340,5.000,3.000,8.000,1.500,0.060,0.110,32653618,1004477155,32653359,239,1000,1506,1504,1505,1000,1000,2008,1505,1505,1105,2008,1625,1256,1000,1000
-0.0037,-0.0058,-0.9230,-0.0011,-0.0069,2.9352,0.0063,-0.0042,3.1416,0.0000,-0.0386,0.0639,-9.7996,0.0001,0.0056,-0.0034,-0.0349,0.0712,-9.7979,0.0003,-0.0033,-0.0044,0.3022,-0.0253,-9.8853,0.0001,-0.0023,-0.0011,-0.1169,-0.1506,-10.2825,0.0096,0.0043,-0.0218,0.0000,0.0124,0.0027,0.0230,0.0000,168.0258,0.0000,205.7949,-1.368530,0.513482,-0.082880,-0.000818,-0.001214,-0.027059,0.000000,0.000000,0.000000,0.000000,0.000000,0.000000,-1.368629,0.513680,-0.076658,1.0000,1.0000,1.0000,1.660,4.810,0.340,5.000,3.000,8.000,1.500,0.060,0.110,32664118,1004477155,32662359,239,1000,1506,1504,1505,1000,1000,2008,1505,1505,1105,2008,1625,1256,1000,1000
-0.0038,-0.0057,-0.9231,-0.0010,-0.0069,2.9353,0.0063,-0.0042,3.1416,0.0000,-0.0762,0.0393,-9.8230,0.0003,0.0035,-0.0029,-0.0965,0.0378,-9.8162,0.0039,-0.0005,-0.0033,0.1610,0.1638,-9.8949,-0.0001,-0.0007,-0.0021,-0.1851,0.1798,-10.0581,0.0157,-0.0003,-0.0146,0.0000,0.0120,0.0035,0.0230,0.0000,169.6153,0.0000,204.1218,-1.368541,0.513467,-0.083210,-0.000963,-0.001318,-0.028011,0.000000,0.000000,0.000000,0.000000,0.000000,0.000000,-1.368629,0.513680,-0.076658,1.0000,1.0000,1.0000,1.660,4.810,0.340,5.000,3.000,8.000,1.500,0.060,0.110,32674618,1004477155,32674359,239,1000,1506,1504,1505,1000,1000,2008,1505,1505,1105,2008,1625,1256,1000,1000
-0.0035,-0.0056,-0.9231,-0.0010,-0.0069,2.9353,0.0063,-0.0042,3.1416,0.0000,-0.0673,0.0226,-9.8154,-0.0003,0.0049,-0.0001,-0.1058,0.0204,-9.8556,0.0046,-0.0031,-0.0038,-0.1527,-0.1331,-9.5382,-0.0020,0.0060,-0.0008,0.0735,-0.1363,-9.6487,-0.0152,-0.0189,0.0178,0.0000,0.0124,0.0030,0.0227,0.0000,167.2429,0.0000,204.1185,-1.368550,0.513455,-0.083466,-0.001094,-0.001261,-0.028814,0.000000,0.000000,0.000000,0.000000,0.000000,0.000000,-1.368629,0.513680,-0.076658,1.0000,1.0000,1.0000,1.660,4.810,0.340,5.000,3.000,8.000,1.500,0.060,0.110,32685118,1004477155,32683359,239,1000,1506,1504,1505,1000,1000,2008,1505,1505,1105,2008,1625,1256,1000,1000
-0.0032,-0.0060,-0.9231,-0.0010,-0.0069,2.9354,0.0063,-0.0042,3.1416,0.0000,-0.0809,0.0167,-9.8409,-0.0003,0.0047,-0.0006,-0.1185,0.0122,-9.8435,0.0023,0.0019,-0.0008,-0.2077,0.1327,-9.5526,-0.0031,0.0057,0.0011,-0.0379,0.5695,-9.5499,0.0064,0.0181,-0.0048,0.0000,0.0123,0.0029,0.0228,0.0000,167.4705,0.0000,204.4520,-1.368563,0.513441,-0.083816,-0.000986,-0.001200,-0.029649,0.000000,0.000000,0.000000,0.000000,0.000000,0.000000,-1.368629,0.513680,-0.076658,1.0000,1.0000,1.0000,1.660,4.810,0.340,5.000,3.000,8.000,1.500,0.060,0.110,32695618,1004477155,32695359,239,1000,1506,1504,1505,1000,1000,2008,1505,1505,1105,2008,1625,1256,1000,1000
-0.0036,-0.0063,-0.9231,-0.0010,-0.0069,2.9354,0.0063,-0.0042,3.1416,0.0000,-0.0512,0.0466,-9.8542,-0.0001,0.0031,-0.0021,-0.0816,0.0347,-9.8482,0.0030,-0.0036,-0.0038,-0.1168,-0.0301,-9.9069,-0.0044,-0.0004,-0.0069,-0.0289,0.2570,-9.9234,0.0011,0.0064,-0.0045,0.0000,0.0123,0.0031,0.0229,0.0000,168.3888,0.0000,204.5479,-1.368571,0.513429,-0.084087,-0.000873,-0.001368,-0.030483,0.000000,0.000000,0.000000,0.000000,0.000000,0.000000,-1.368629,0.513680,-0.076658,1.0000,1.0000,1.0000,1.660,4.810,0.340,5.000,3.000,8.000,1.500,0.060,0.110,32706118,1004477155,32704370,239,1000,1506,1504,1505,1000,1000,2008,1505,1505,1105,2008,1625,1256,1000,1000
-0.0041,-0.0059,-0.9231,-0.0012,-0.0067,2.9354,0.0063,-0.0042,3.1416,0.0000,-0.0461,0.0454,-9.8098,-0.0004,0.0018,-0.0040,-0.0572,0.0156,-9.7915,0.0023,0.0005,-0.0054,0.1107,-0.0253,-9.8231,-0.0033,-0.0001,-0.0064,0.0286,-0.2925,-10.0204,-0.0104,-0.0093,-0.0024,0.0000,0.0119,0.0038,0.0231,0.0000,170.4014,0.0000,203.9601,-1.368219,0.513668,-0.081481,0.000307,-0.000514,-0.024293,0.000000,0.000000,0.000000,0.000000,0.000000,0.000000,-1.367926,0.513876,-0.077149,1.0000,1.0000,1.0000,1.660,4.810,0.340,5.000,3.000,8.000,1.500,0.060,0.110,32716662,1004577834,32716359,240,1000,1506,1504,1505,1000,1000,2008,1505,1505,1105,2008,1625,1256,1000,1000
-0.0044,-0.0055,-0.9232,-0.0012,-0.0067,2.9355,0.0063,-0.0042,3.1416,0.0000,-0.0590,0.0585,-9.8467,0.0001,0.0051,-0.0022,-0.0809,0.0222,-9.8227,0.0028,0.0022,-0.0005,0.1897,0.1063,-9.6986,-0.0017,-0.0017,-0.0016,-0.0307,-0.1506,-10.0042,0.0003,0.0101,0.0021,0.0000,0.0128,0.0026,0.0230,0.0000,167.3115,0.0000,205.9649,-1.368218,0.513663,-0.081703,0.000124,-0.000570,-0.025025,0.000000,0.000000,0.000000,0.000000,0.000000,0.000000,-1.367926,0.513876,-0.077149,1.0000,1.0000,1.0000,1.660,4.810,0.340,5.000,3.000,8.000,1.500,0.060,0.110,32727162,1004577834,32725403,240,1000,1506,1504,1505,1000,1000,2008,1505,1505,1105,2008,1625,1256,1000,1000
-0.0041,-0.0056,-0.9232,-0.0012,-0.0067,2.9355,0.0063,-0.0042,3.1416,0.0000,-0.0913,0.0137,-9.8486,-0.0011,0.0037,-0.0010,-0.0724,0.0342,-9.8153,0.0034,0.0045,-0.0012,0.0532,0.2117,-9.6507,0.0001,0.0127,-0.0011,-0.0971,-0.1470,-9.6163,0.0067,0.0154,0.0125,0.0000,0.0129,0.0029,0.0228,0.0000,166.6584,0.0000,204.9007,-1.368217,0.513656,-0.082011,0.000145,-0.000539,-0.026328,0.000000,0.000000,0.000000,0.000000,0.000000,0.000000,-1.367926,0.513876,-0.077149,1.0000,1.0000,1.0000,1.660,4.810,0.340,5.000,3.000,8.000,1.500,0.060,0.110,32737662,1004577834,32737403,240,1000,1506,1504,1505,1000,1000,2008,1505,1505,1105,2008,1625,1256,1000,1000
-0.0040,-0.0062,-0.9232,-0.0012,-0.0066,2.9356,0.0063,-0.0042,3.1416,0.0000,-0.0642,0.0390,-9.8456,0.0001,0.0029,-0.0011,-0.0963,0.0083,-9.8593,0.0024,-0.0064,-0.0038,-0.4759,-0.0972,-9.8877,-0.0009,0.0047,-0.0011,-0.1384,0.2031,-9.7241,-0.0016,0.0011,-0.0083,0.0000,0.0125,0.0029,0.0228,0.0000,167.2418,0.0000,204.4415,-1.368214,0.513651,-0.082251,0.000398,-0.000638,-0.026943,0.000000,0.000000,0.000000,0.000000,0.000000,0.000000,-1.367926,0.513876,-0.077149,1.0000,1.0000,1.0000,1.660,4.810,0.340,5.000,3.000,8.000,1.500,0.060,0.110,32748162,1004577834,32746403,240,1000,1506,1504,1505,1000,1000,2008,1505,1505,1105,2008,1625,1256,1000,1000
-0.0039,-0.0070,-0.9232,-0.0012,-0.0066,2.9356,0.0063,-0.0042,3.1416,0.0000,-0.0712,0.0497,-9.7943,-0.0003,0.0041,-0.0035,-0.0900,0.0463,-9.8378,0.0008,-0.0009,-0.0039,-0.0425,-0.2719,-10.1822,-0.0028,0.0001,-0.0013,0.0142,-0.0285,-10.1407,-0.0104,-0.0112,-0.0008,0.0000,0.0126,0.0026,0.0230,0.0000,167.3488,0.0000,205.7395,-1.368207,0.513643,-0.082580,0.000671,-0.000757,-0.027873,0.000000,0.000000,0.000000,0.000000,0.000000,0.000000,-1.367926,0.513876,-0.077149,1.0000,1.0000,1.0000,1.660,4.810,0.340,5.000,3.000,8.000,1.500,0.060,0.110,32758662,1004577834,32758403,240,1000,1506,1504,1505,1000,1000,2008,1505,1505,1105,2008,1625,1256,1000,1000
-0.0041,-0.0069,-0.9233,-0.0012,-0.0066,2.9356,0.0063,-0.0042,3.1416,0.0000,-0.0773,0.0513,-9.8120,-0.0002,0.0044,-0.0032,-0.0900,0.0703,-9.8263,0.0049,-0.0006,-0.0046,0.1658,0.1375,-9.7944,-0.0001,-0.0025,-0.0067,-0.1402,-0.3859,-10.0006,-0.0072,0.0024,0.0003,0.0000,0.0124,0.0024,0.0230,0.0000,167.5198,0.0000,206.0287,-1.368201,0.513636,-0.082835,0.000727,-0.000853,-0.028683,0.000000,0.000000,0.000000,0.000000,0.000000,0.000000,-1.367926,0.513876,-0.077149,1.0000,1.0000,1.0000,1.660,4.810,0.340,5.000,3.000,8.000,1.500,0.060,0.110,32769162,1004577834,32767403,240,1000,1506,1504,1505,1000,1000,2008,1505,1505,1105,2008,1625,1256,1000,1000
-0.0040,-0.0066,-0.9233,-0.0012,-0.0066,2.9357,0.0063,-0.0042,3.1416,0.0000,-0.0647,0.0220,-9.8159,-0.0006,0.0029,-0.0015,-0.0968,0.0079,-9.8109,0.0048,0.0002,-0.0036,0.1466,0.0968,-9.9117,0.0001,0.0092,0.0016,0.0663,-0.0555,-9.9378,0.0186,0.0011,-0.0160,0.0000,0.0125,0.0034,0.0229,0.0000,168.2297,0.0000,204.2620,-1.368192,0.513625,-0.083184,0.000702,-0.000874,-0.029446,0.000000,0.000000,0.000000,0.000000,0.000000,0.000000,-1.367926,0.513876,-0.077149,1.0000,1.0000,1.0000,1.660,4.810,0.340,5.000,3.000,8.000,1.500,0.060,0.110,32779662,1004577834,32779403,240,1000,1506,1504,1505,1000,1000,2008,1505,1505,1105,2008,1625,1256,1000,1000
-0.0038,-0.0065,-0.9233,-0.0012,-0.0066,2.9357,0.0063,-0.0042,3.1416,0.0000,-0.0574,0.0501,-9.8691,-0.0001,0.0025,-0.0012,-0.0829,0.0111,-9.8090,0.0036,-0.0032,-0.0017,-0.2844,0.2476,-9.5885,-0.0015,0.0076,-0.0035,-0.2785,0.0128,-9.7241,-0.0136,0.0149,-0.0051,0.0000,0.0123,0.0029,0.0228,0.0000,167.4368,0.0000,204.2862,-1.368186,0.513618,-0.083452,0.000712,-0.000862,-0.030237,0.000000,0.000000,0.000000,0.000000,0.000000,0.000000,-1.367926,0.513876,-0.077149,1.0000,1.0000,1.0000,1.660,4.810,0.340,5.000,3.000,8.000,1.500,0.060,0.110,32790162,1004577834,32788403,240,1000,1506,1504,1505,1000,1000,2008,1505,1505,1105,2008,1625,1256,1000,1000
-0.0044,-0.0069,-0.9233,-0.0012,-0.0066,2.9358,0.0063,-0.0042,3.1416,0.0000,-0.0502,0.0641,-9.8034,-0.0002,0.0027,-0.0012,-0.0528,0.0779,-9.7860,0.0003,-0.0044,-0.0002,-0.1838,-0.0134,-9.9620,-0.0009,0.0057,-0.0027,-0.3431,0.1762,-9.3883,0.0003,-0.0088,0.0045,0.0000,0.0127,0.0031,0.0227,0.0000,166.9869,0.0000,204.0584,-1.368177,0.513605,-0.083822,0.000770,-0.001189,-0.031250,0.000000,0.000000,0.000000,0.000000,0.000000,0.000000,-1.367926,0.513876,-0.077149,1.0000,1.0000,1.0000,1.660,4.810,0.340,5.000,3.000,8.000,1.500,0.060,0.110,32800662,1004577834,32800403,240,1000,1506,1504,1505,1000,1000,2008,1505,1505,1105,2008,1625,1256,1000,1000
-0.0049,-0.0069,-0.9233,-0.0012,-0.0066,2.9358,0.0063,-0.0042,3.1416,0.0000,-0.0793,0.0477,-9.8138,0.0002,0.0027,-0.0027,-0.0440,0.0231,-9.8326,0.0029,0.0000,-0.0039,-0.0617,0.0848,-9.7848,0.0017,-0.0023,-0.0003,0.1219,-0.2243,-10.0096,0.0064,0.0043,-0.0043,0.0000,0.0123,0.0031,0.0230,0.0000,168.4509,0.0000,204.8660,-1.368170,0.513594,-0.084106,0.000781,-0.001390,-0.031933,0.000000,0.000000,0.000000,0.000000,0.000000,0.000000,-1.367926,0.513876,-0.077149,1.0000,1.0000,1.0000,1.660,4.810,0.340,5.000,3.000,8.000,1.500,0.060,0.110,32811162,1004577834,32809403,240,1000,1506,1504,1505,1000,1000,2008,1505,1505,1105,2008,1625,1256,1000,1000
-0.0051,-0.0068,-0.9234,-0.0012,-0.0066,2.9358,0.0063,-0.0042,3.1416,0.0000,-0.0649,0.0558,-9.8153,-0.0004,0.0039,-0.0037,-0.1099,0.0423,-9.8093,0.0035,0.0036,-0.0043,0.1753,0.1590,-9.8973,0.0001,0.0023,-0.0019,0.2333,-0.1237,-9.8677,-0.0008,-0.0003,0.0136,0.0000,0.0124,0.0030,0.0230,0.0000,168.2317,0.0000,205.1095,-1.368160,0.513575,-0.084495,0.000764,-0.001665,-0.032936,0.000000,0.000000,0.000000,0.000000,0.000000,0.000000,-1.367926,0.513876,-0.077149,1.0000,1.0000,1.0000,1.660,4.810,0.340,5.000,3.000,8.000,1.500,0.060,0.110,32821662,1004577834,32821403,240,1000,1506,1504,1505,1000,1000,2008,1505,1505,1105,2008,1625,1256,1000,1000
-0.0045,-0.0064,-0.9234,-0.0012,-0.0066,2.9358,0.0063,-0.0042,3.1416,0.0000,-0.0612,0.0050,-9.8552,-0.0002,0.0029,-0.0025,-0.0628,0.0268,-9.8208,0.0036,-0.0009,-0.0009,-0.1599,0.3170,-9.5310,0.0015,0.0084,-0.0024,-0.3324,-0.0986,-9.5445,0.0027,0.0003,0.0032,0.0000,0.0126,0.0023,0.0229,0.0000,166.5901,0.0000,205.8917,-1.368154,0.513561,-0.084794,0.000623,-0.001476,-0.033665,0.000000,0.000000,0.000000,0.000000,0.000000,0.000000,-1.367926,0.513876,-0.077149,1.0000,1.0000,1.0000,1.660,4.810,0.340,5.000,3.000,8.000,1.500,0.060,0.110,32832162,1004577834,32830403,240,1000,1506,1504,1505,1000,1000,2008,1505,1505,1105,2008,1625,1256,1000,1000
